overlay,level,k,policy,family,promise_s,b0_base_s,eta,gam_base_s,realised_promise_s,p99_dl_s,harm_s,gap_closed,fcfs_p99_dl_s,sjf_p99_dl_s
0,0,7,SJF,reference,-1.0,-1.0,-1.0,-1.0,inf,20.5380938,551.0178420000001,1.0,46.810330779999894,20.5380938
0,0,7,SPJF-E,reference,-1.0,-1.0,-1.0,-1.0,inf,26.694640159999995,213.300711,0.7656634124956031,46.810330779999894,20.5380938
0,0,7,FIX-B15,fixed,-1.0,15.0,0.0,0.0,166.60714285714286,41.99322733999992,66.635225,0.18335337960247017,46.810330779999894,20.5380938
0,0,7,FIX-B17.99,fixed,-1.0,17.99,0.0,0.0,167.35464285714286,41.43144455999973,66.635225,0.20473651421821878,46.810330779999894,20.5380938
0,0,7,FIX-B21.576,fixed,-1.0,21.576,0.0,0.0,168.25114285714287,40.71963849999997,66.635225,0.23182998404880983,46.810330779999894,20.5380938
0,0,7,FIX-B25.877,fixed,-1.0,25.877,0.0,0.0,169.32639285714285,40.11843603999998,66.635225,0.254713549710069,46.810330779999894,20.5380938
0,0,7,FIX-B30,fixed,-1.0,30.0,0.0,0.0,170.35714285714286,39.53695891999972,71.31791199999999,0.2768463098721715,46.810330779999894,20.5380938
0,0,7,FIX-B31.035,fixed,-1.0,31.035,0.0,0.0,170.61589285714285,39.44311927999995,71.31791199999999,0.280418127531673,46.810330779999894,20.5380938
0,0,7,FIX-B37.222,fixed,-1.0,37.222,0.0,0.0,172.16264285714286,38.63228169999984,71.31791199999999,0.31128103351936537,46.810330779999894,20.5380938
0,0,7,FIX-B44.641,fixed,-1.0,44.641,0.0,0.0,174.01739285714285,37.82690167999991,71.31791199999999,0.34193620843321215,46.810330779999894,20.5380938
0,0,7,FIX-B53.54,fixed,-1.0,53.54,0.0,0.0,176.24214285714285,36.99062369999981,71.565831,0.3737674522148789,46.810330779999894,20.5380938
0,0,7,FIX-B60,fixed,-1.0,60.0,0.0,0.0,177.85714285714286,36.385074759999995,82.73418500000001,0.3968164579185347,46.810330779999894,20.5380938
0,0,7,FIX-B64.212,fixed,-1.0,64.212,0.0,0.0,178.91014285714286,35.98956151999971,90.037377,0.411870876021621,46.810330779999894,20.5380938
0,0,7,FIX-B77.012,fixed,-1.0,77.012,0.0,0.0,182.11014285714288,35.29229271999985,92.97118200000001,0.43841101421124934,46.810330779999894,20.5380938
0,0,7,FIX-B92.363,fixed,-1.0,92.363,0.0,0.0,185.94789285714285,34.54056713999986,92.97118200000001,0.4670239404943159,46.810330779999894,20.5380938
0,0,7,FIX-B110.774,fixed,-1.0,110.774,0.0,0.0,190.55064285714286,33.728117519999884,93.024713,0.49794820555094055,46.810330779999894,20.5380938
0,0,7,FIX-B120,fixed,-1.0,120.0,0.0,0.0,192.85714285714286,33.35759387999992,93.024713,0.5120514446577602,46.810330779999894,20.5380938
0,0,7,FIX-B132.855,fixed,-1.0,132.855,0.0,0.0,196.07089285714287,32.72670317999999,93.026459,0.5360650336216617,46.810330779999894,20.5380938
0,0,7,FIX-B159.338,fixed,-1.0,159.338,0.0,0.0,202.69164285714285,31.876061,93.064231,0.5684430218625393,46.810330779999894,20.5380938
0,0,7,FIX-B191.099,fixed,-1.0,191.099,0.0,0.0,210.63189285714287,31.244387759999984,93.37913,0.5924863966418125,46.810330779999894,20.5380938
0,0,7,FIX-B229.192,fixed,-1.0,229.192,0.0,0.0,220.15514285714286,30.563622039999984,93.38233600000001,0.6183983781955051,46.810330779999894,20.5380938
0,0,7,FIX-B240,fixed,-1.0,240.0,0.0,0.0,222.85714285714286,30.407670719999956,93.38233600000001,0.6243343523616467,46.810330779999894,20.5380938
0,0,7,FIX-B274.878,fixed,-1.0,274.878,0.0,0.0,231.57664285714287,29.739703079999927,104.21192900000001,0.6497592006723759,46.810330779999894,20.5380938
0,0,7,FIX-B329.671,fixed,-1.0,329.671,0.0,0.0,245.27489285714285,29.177031959999827,114.98603,0.6711761481682607,46.810330779999894,20.5380938
0,0,7,FIX-B360,fixed,-1.0,360.0,0.0,0.0,252.85714285714286,28.939879519999984,117.04116900000001,0.6802028800822724,46.810330779999894,20.5380938
0,0,7,FIX-B395.386,fixed,-1.0,395.386,0.0,0.0,261.7036428571429,28.745678239999982,117.23244600000001,0.6875947622485241,46.810330779999894,20.5380938
0,0,7,FIX-B474.201,fixed,-1.0,474.201,0.0,0.0,281.4073928571429,28.3737364999999,156.545771,0.7017519784872185,46.810330779999894,20.5380938
0,0,7,FIX-B480,fixed,-1.0,480.0,0.0,0.0,282.8571428571429,28.321674,156.545771,0.7037336331152402,46.810330779999894,20.5380938
0,0,7,FIX-B568.726,fixed,-1.0,568.726,0.0,0.0,305.03864285714286,27.75943997999997,162.625707,0.7251339432764206,46.810330779999894,20.5380938
0,0,7,FIX-B600,fixed,-1.0,600.0,0.0,0.0,312.8571428571429,27.834501139999976,163.03044799999998,0.7222768907895255,46.810330779999894,20.5380938
0,0,7,FIX-B682.093,fixed,-1.0,682.093,0.0,0.0,333.38039285714285,27.511692,193.35871100000003,0.7345639731664741,46.810330779999894,20.5380938
0,0,7,FIX-B818.058,fixed,-1.0,818.058,0.0,0.0,367.3716428571429,27.35117359999995,208.93929400000002,0.7406737840715085,46.810330779999894,20.5380938
0,0,7,FIX-B981.126,fixed,-1.0,981.126,0.0,0.0,408.1386428571428,27.327384159999955,213.300711,0.7415792813848171,46.810330779999894,20.5380938
0,0,7,FIX-B1176.7,fixed,-1.0,1176.699,0.0,0.0,457.0318928571429,27.083336019999997,213.300711,0.7508684842869431,46.810330779999894,20.5380938
0,0,7,FIX-B1411.26,fixed,-1.0,1411.256,0.0,0.0,515.6711428571429,27.131517039999995,213.300711,0.749034570409085,46.810330779999894,20.5380938
0,0,7,FIX-B1692.57,fixed,-1.0,1692.569,0.0,0.0,585.9993928571429,26.955855119999942,213.300711,0.755720789025862,46.810330779999894,20.5380938
0,0,7,FIX-B2029.96,fixed,-1.0,2029.958,0.0,0.0,670.3466428571429,26.912180699999976,213.300711,0.7573831682147074,46.810330779999894,20.5380938
0,0,7,FIX-B2434.6,fixed,-1.0,2434.6,0.0,0.0,771.5071428571429,26.865399239999977,213.300711,0.7591638106486049,46.810330779999894,20.5380938
0,0,7,FIX-B2919.9,fixed,-1.0,2919.901,0.0,0.0,892.832392857143,26.827311659999992,213.300711,0.7606135379797409,46.810330779999894,20.5380938
0,0,7,FIX-B3501.94,fixed,-1.0,3501.94,0.0,0.0,1038.3421428571428,26.697237559999948,213.300711,0.7655645476748446,46.810330779999894,20.5380938
0,0,7,FIX-B4200,fixed,-1.0,4200.0,0.0,0.0,1212.857142857143,26.694640159999995,213.300711,0.7656634124956031,46.810330779999894,20.5380938
0,0,7,FIXEQ-G300,fixed,300.0,inf,0.0,0.0,300.0,27.968765039999948,162.625707,0.7171664047619298,46.810330779999894,20.5380938
0,0,7,CAP-G300-B0-e0,capped,300.0,0.0,0.0,0.0,162.85714285714286,46.810330779999894,0.0,0.0,46.810330779999894,20.5380938
0,0,7,CAP-G300-B0-e0.25,capped,300.0,0.0,0.25,0.0,217.14285714285714,33.427347579999996,93.192052,0.5093964099892933,46.810330779999894,20.5380938
0,0,7,CAP-G300-B0-e0.5,capped,300.0,0.0,0.5,0.0,300.0,29.737650419999937,93.37913,0.6498373310577539,46.810330779999894,20.5380938
0,0,7,CAP-G300-B0-e0.75,capped,300.0,0.0,0.75,0.0,300.0,28.22225315999993,99.959845,0.7075178879571768,46.810330779999894,20.5380938
0,0,7,CAP-G300-B0-e0.9,capped,300.0,0.0,0.9,0.0,300.0,28.06369205999997,117.704694,0.7135531981639426,46.810330779999894,20.5380938
0,0,7,CAP-G300-B0-e0.95,capped,300.0,0.0,0.95,0.0,300.0,27.99627545999986,117.704694,0.716119275809003,46.810330779999894,20.5380938
0,0,7,CAP-G300-B15-e0,capped,300.0,15.0,0.0,0.0,166.60714285714286,41.99322733999992,66.635225,0.18335337960247017,46.810330779999894,20.5380938
0,0,7,CAP-G300-B15-e0.25,capped,300.0,15.0,0.25,0.0,222.14285714285714,32.54928519999988,93.024713,0.5428180931397822,46.810330779999894,20.5380938
0,0,7,CAP-G300-B15-e0.5,capped,300.0,15.0,0.5,0.0,300.0,29.605926919999977,93.37913,0.6548511218552501,46.810330779999894,20.5380938
0,0,7,CAP-G300-B15-e0.75,capped,300.0,15.0,0.75,0.0,300.0,28.162473839999993,99.979555,0.709793267858989,46.810330779999894,20.5380938
0,0,7,CAP-G300-B15-e0.9,capped,300.0,15.0,0.9,0.0,300.0,28.018450839999943,118.66691800000001,0.7152752144518767,46.810330779999894,20.5380938
0,0,7,CAP-G300-B15-e0.95,capped,300.0,15.0,0.95,0.0,300.0,27.969178,153.12595299999998,0.7171506862679027,46.810330779999894,20.5380938
0,0,7,CAP-G300-B30-e0,capped,300.0,30.0,0.0,0.0,170.35714285714286,39.53695891999972,71.31791199999999,0.2768463098721715,46.810330779999894,20.5380938
0,0,7,CAP-G300-B30-e0.25,capped,300.0,30.0,0.25,0.0,227.14285714285714,31.978826839999986,93.024713,0.5645314463054896,46.810330779999894,20.5380938
0,0,7,CAP-G300-B30-e0.5,capped,300.0,30.0,0.5,0.0,300.0,29.186555499999983,93.38233600000001,0.6708136537218454,46.810330779999894,20.5380938
0,0,7,CAP-G300-B30-e0.75,capped,300.0,30.0,0.75,0.0,300.0,28.08056689999996,113.659817,0.7129108912293318,46.810330779999894,20.5380938
0,0,7,CAP-G300-B30-e0.9,capped,300.0,30.0,0.9,0.0,300.0,27.948993459999983,154.444142,0.7179189702939406,46.810330779999894,20.5380938
0,0,7,CAP-G300-B30-e0.95,capped,300.0,30.0,0.95,0.0,300.0,27.968765039999948,162.625707,0.7171664047619298,46.810330779999894,20.5380938
0,0,7,CAP-G300-B60-e0,capped,300.0,60.0,0.0,0.0,177.85714285714286,36.385074759999995,82.73418500000001,0.3968164579185347,46.810330779999894,20.5380938
0,0,7,CAP-G300-B60-e0.25,capped,300.0,60.0,0.25,0.0,237.14285714285714,31.099438739999968,93.064231,0.5980035903284543,46.810330779999894,20.5380938
0,0,7,CAP-G300-B60-e0.5,capped,300.0,60.0,0.5,0.0,300.0,28.75582893999998,98.19573500000001,0.6872083962147629,46.810330779999894,20.5380938
0,0,7,CAP-G300-B60-e0.75,capped,300.0,60.0,0.75,0.0,300.0,27.985798239999983,117.704694,0.7165180701715788,46.810330779999894,20.5380938
0,0,7,CAP-G300-B60-e0.9,capped,300.0,60.0,0.9,0.0,300.0,27.968765039999948,162.625707,0.7171664047619298,46.810330779999894,20.5380938
0,0,7,CAP-G300-B60-e0.95,capped,300.0,60.0,0.95,0.0,300.0,27.968765039999948,162.625707,0.7171664047619298,46.810330779999894,20.5380938
0,0,7,CAP-G300-B120-e0,capped,300.0,120.0,0.0,0.0,192.85714285714286,33.35759387999992,93.024713,0.5120514446577602,46.810330779999894,20.5380938
0,0,7,CAP-G300-B120-e0.25,capped,300.0,120.0,0.25,0.0,257.14285714285717,29.83417425999998,93.38233600000001,0.6461633447095978,46.810330779999894,20.5380938
0,0,7,CAP-G300-B120-e0.5,capped,300.0,120.0,0.5,0.0,300.0,27.99221255999997,113.648374,0.7162739219475478,46.810330779999894,20.5380938
0,0,7,CAP-G300-B120-e0.75,capped,300.0,120.0,0.75,0.0,300.0,27.968765039999948,162.625707,0.7171664047619298,46.810330779999894,20.5380938
0,0,7,CAP-G300-B120-e0.9,capped,300.0,120.0,0.9,0.0,300.0,27.968765039999948,162.625707,0.7171664047619298,46.810330779999894,20.5380938
0,0,7,CAP-G300-B120-e0.95,capped,300.0,120.0,0.95,0.0,300.0,27.968765039999948,162.625707,0.7171664047619298,46.810330779999894,20.5380938
0,0,7,CAP-G300-B240-e0,capped,300.0,240.0,0.0,0.0,222.85714285714286,30.407670719999956,93.38233600000001,0.6243343523616467,46.810330779999894,20.5380938
0,0,7,CAP-G300-B240-e0.25,capped,300.0,240.0,0.25,0.0,297.14285714285717,28.17296175999998,115.47370500000001,0.7093940662223728,46.810330779999894,20.5380938
0,0,7,CAP-G300-B240-e0.5,capped,300.0,240.0,0.5,0.0,300.0,27.973105459999957,162.625707,0.7170011953812702,46.810330779999894,20.5380938
0,0,7,CAP-G300-B240-e0.75,capped,300.0,240.0,0.75,0.0,300.0,27.968765039999948,162.625707,0.7171664047619298,46.810330779999894,20.5380938
0,0,7,CAP-G300-B240-e0.9,capped,300.0,240.0,0.9,0.0,300.0,27.968765039999948,162.625707,0.7171664047619298,46.810330779999894,20.5380938
0,0,7,CAP-G300-B240-e0.95,capped,300.0,240.0,0.95,0.0,300.0,27.968765039999948,162.625707,0.7171664047619298,46.810330779999894,20.5380938
0,0,7,CAP-G300-B360-e0,capped,300.0,360.0,0.0,0.0,252.85714285714286,28.939879519999984,117.04116900000001,0.6802028800822724,46.810330779999894,20.5380938
0,0,7,CAP-G300-B360-e0.25,capped,300.0,360.0,0.25,0.0,300.0,27.954267079999948,156.759135,0.7177182405272298,46.810330779999894,20.5380938
0,0,7,CAP-G300-B360-e0.5,capped,300.0,360.0,0.5,0.0,300.0,27.968765039999948,162.625707,0.7171664047619298,46.810330779999894,20.5380938
0,0,7,CAP-G300-B360-e0.75,capped,300.0,360.0,0.75,0.0,300.0,27.968765039999948,162.625707,0.7171664047619298,46.810330779999894,20.5380938
0,0,7,CAP-G300-B360-e0.9,capped,300.0,360.0,0.9,0.0,300.0,27.968765039999948,162.625707,0.7171664047619298,46.810330779999894,20.5380938
0,0,7,CAP-G300-B360-e0.95,capped,300.0,360.0,0.95,0.0,300.0,27.968765039999948,162.625707,0.7171664047619298,46.810330779999894,20.5380938
0,0,7,CAP-G300-B480-e0,capped,300.0,480.0,0.0,0.0,282.8571428571429,28.321674,156.545771,0.7037336331152402,46.810330779999894,20.5380938
0,0,7,CAP-G300-B480-e0.25,capped,300.0,480.0,0.25,0.0,300.0,27.968765039999948,162.625707,0.7171664047619298,46.810330779999894,20.5380938
0,0,7,CAP-G300-B480-e0.5,capped,300.0,480.0,0.5,0.0,300.0,27.968765039999948,162.625707,0.7171664047619298,46.810330779999894,20.5380938
0,0,7,CAP-G300-B480-e0.75,capped,300.0,480.0,0.75,0.0,300.0,27.968765039999948,162.625707,0.7171664047619298,46.810330779999894,20.5380938
0,0,7,CAP-G300-B480-e0.9,capped,300.0,480.0,0.9,0.0,300.0,27.968765039999948,162.625707,0.7171664047619298,46.810330779999894,20.5380938
0,0,7,CAP-G300-B480-e0.95,capped,300.0,480.0,0.95,0.0,300.0,27.968765039999948,162.625707,0.7171664047619298,46.810330779999894,20.5380938
0,0,7,HYB-G300-B0-g1-e0,hybrid,300.0,0.0,0.0,1.0,300.0,33.463251279999966,45.124669,0.5080298076696164,46.810330779999894,20.5380938
0,0,7,HYB-G300-B0-g1-e0.9,hybrid,300.0,0.0,0.9,1.0,300.0,27.969457019999968,117.90810400000001,0.7171400659313024,46.810330779999894,20.5380938
0,0,7,HYB-G300-B0-g4-e0,hybrid,300.0,0.0,0.0,4.0,300.0,29.654022759999922,66.329398,0.6530204501832276,46.810330779999894,20.5380938
0,0,7,HYB-G300-B0-g4-e0.9,hybrid,300.0,0.0,0.9,4.0,300.0,27.97531363999997,153.07089499999998,0.7169171454390557,46.810330779999894,20.5380938
0,0,7,HYB-G300-B0-g16-e0,hybrid,300.0,0.0,0.0,16.0,300.0,28.067616739999895,92.34762900000001,0.7134038130924348,46.810330779999894,20.5380938
0,0,7,HYB-G300-B0-g16-e0.9,hybrid,300.0,0.0,0.9,16.0,300.0,27.969178,162.625707,0.7171506862679027,46.810330779999894,20.5380938
0,0,7,HYB-G300-B30-g1-e0,hybrid,300.0,30.0,0.0,1.0,300.0,31.70288843999991,71.31791199999999,0.5750344879844352,46.810330779999894,20.5380938
0,0,7,HYB-G300-B30-g1-e0.9,hybrid,300.0,30.0,0.9,1.0,300.0,27.968765039999948,153.12595299999998,0.7171664047619298,46.810330779999894,20.5380938
0,0,7,HYB-G300-B30-g4-e0,hybrid,300.0,30.0,0.0,4.0,300.0,29.281844879999955,71.31791199999999,0.667186654617334,46.810330779999894,20.5380938
0,0,7,HYB-G300-B30-g4-e0.9,hybrid,300.0,30.0,0.9,4.0,300.0,27.968765039999948,162.625707,0.7171664047619298,46.810330779999894,20.5380938
0,0,7,HYB-G300-B30-g16-e0,hybrid,300.0,30.0,0.0,16.0,300.0,28.076806339999997,107.237238,0.7130540294022565,46.810330779999894,20.5380938
0,0,7,HYB-G300-B30-g16-e0.9,hybrid,300.0,30.0,0.9,16.0,300.0,27.968765039999948,162.625707,0.7171664047619298,46.810330779999894,20.5380938
0,0,7,HYB-G300-B120-g1-e0,hybrid,300.0,120.0,0.0,1.0,300.0,30.083373859999988,93.024713,0.6366780618161116,46.810330779999894,20.5380938
0,0,7,HYB-G300-B120-g1-e0.9,hybrid,300.0,120.0,0.9,1.0,300.0,27.968765039999948,162.625707,0.7171664047619298,46.810330779999894,20.5380938
0,0,7,HYB-G300-B120-g4-e0,hybrid,300.0,120.0,0.0,4.0,300.0,28.722446799999847,93.024713,0.6884790204111549,46.810330779999894,20.5380938
0,0,7,HYB-G300-B120-g4-e0.9,hybrid,300.0,120.0,0.9,4.0,300.0,27.968765039999948,162.625707,0.7171664047619298,46.810330779999894,20.5380938
0,0,7,HYB-G300-B120-g16-e0,hybrid,300.0,120.0,0.0,16.0,300.0,28.07240169999996,124.65938700000001,0.7132216831883954,46.810330779999894,20.5380938
0,0,7,HYB-G300-B120-g16-e0.9,hybrid,300.0,120.0,0.9,16.0,300.0,27.968765039999948,162.625707,0.7171664047619298,46.810330779999894,20.5380938
0,0,7,FIXEQ-G600,fixed,600.0,inf,0.0,0.0,600.0,26.923273739999924,213.300711,0.7569609338991297,46.810330779999894,20.5380938
0,0,7,CAP-G600-B0-e0,capped,600.0,0.0,0.0,0.0,162.85714285714286,46.810330779999894,0.0,0.0,46.810330779999894,20.5380938
0,0,7,CAP-G600-B0-e0.25,capped,600.0,0.0,0.25,0.0,217.14285714285714,33.41320483999995,93.192052,0.5099347250178465,46.810330779999894,20.5380938
0,0,7,CAP-G600-B0-e0.5,capped,600.0,0.0,0.5,0.0,325.7142857142857,29.344229559999956,93.37913,0.6648121069133264,46.810330779999894,20.5380938
0,0,7,CAP-G600-B0-e0.75,capped,600.0,0.0,0.75,0.0,600.0,27.463621979999967,99.959845,0.7363936620519934,46.810330779999894,20.5380938
0,0,7,CAP-G600-B0-e0.9,capped,600.0,0.0,0.9,0.0,600.0,27.08108,117.704694,0.7509543551627925,46.810330779999894,20.5380938
0,0,7,CAP-G600-B0-e0.95,capped,600.0,0.0,0.95,0.0,600.0,26.976602739999976,117.704694,0.7549310724891306,46.810330779999894,20.5380938
0,0,7,CAP-G600-B15-e0,capped,600.0,15.0,0.0,0.0,166.60714285714286,41.99322733999992,66.635225,0.18335337960247017,46.810330779999894,20.5380938
0,0,7,CAP-G600-B15-e0.25,capped,600.0,15.0,0.25,0.0,222.14285714285714,32.50037819999977,93.024713,0.5446796399900691,46.810330779999894,20.5380938
0,0,7,CAP-G600-B15-e0.5,capped,600.0,15.0,0.5,0.0,333.2142857142857,29.186979019999974,93.37913,0.6707975332826033,46.810330779999894,20.5380938
0,0,7,CAP-G600-B15-e0.75,capped,600.0,15.0,0.75,0.0,600.0,27.228791879999836,99.979555,0.7453319987524007,46.810330779999894,20.5380938
0,0,7,CAP-G600-B15-e0.9,capped,600.0,15.0,0.9,0.0,600.0,27.001226999999993,118.66691800000001,0.7539937994271236,46.810330779999894,20.5380938
0,0,7,CAP-G600-B15-e0.95,capped,600.0,15.0,0.95,0.0,600.0,26.926904559999983,153.543343,0.7568227340190501,46.810330779999894,20.5380938
0,0,7,CAP-G600-B30-e0,capped,600.0,30.0,0.0,0.0,170.35714285714286,39.53695891999972,71.31791199999999,0.2768463098721715,46.810330779999894,20.5380938
0,0,7,CAP-G600-B30-e0.25,capped,600.0,30.0,0.25,0.0,227.14285714285714,31.92315733999997,93.024713,0.5666503941530746,46.810330779999894,20.5380938
0,0,7,CAP-G600-B30-e0.5,capped,600.0,30.0,0.5,0.0,340.7142857142857,28.88326523999995,93.38233600000001,0.682357789085382,46.810330779999894,20.5380938
0,0,7,CAP-G600-B30-e0.75,capped,600.0,30.0,0.75,0.0,600.0,27.137711,113.659817,0.7487988097464235,46.810330779999894,20.5380938
0,0,7,CAP-G600-B30-e0.9,capped,600.0,30.0,0.9,0.0,600.0,26.90461907999994,154.975844,0.7576709861118204,46.810330779999894,20.5380938
0,0,7,CAP-G600-B30-e0.95,capped,600.0,30.0,0.95,0.0,600.0,26.926904559999983,193.739296,0.7568227340190501,46.810330779999894,20.5380938
0,0,7,CAP-G600-B60-e0,capped,600.0,60.0,0.0,0.0,177.85714285714286,36.385074759999995,82.73418500000001,0.3968164579185347,46.810330779999894,20.5380938
0,0,7,CAP-G600-B60-e0.25,capped,600.0,60.0,0.25,0.0,237.14285714285714,31.05695235999993,93.064231,0.5996207491578446,46.810330779999894,20.5380938
0,0,7,CAP-G600-B60-e0.5,capped,600.0,60.0,0.5,0.0,355.7142857142857,28.11739427999988,98.19573500000001,0.7115091308833075,46.810330779999894,20.5380938
0,0,7,CAP-G600-B60-e0.75,capped,600.0,60.0,0.75,0.0,600.0,27.007551719999984,117.704694,0.7537530616473599,46.810330779999894,20.5380938
0,0,7,CAP-G600-B60-e0.9,capped,600.0,60.0,0.9,0.0,600.0,26.92739001999999,193.839104,0.7568042559579555,46.810330779999894,20.5380938
0,0,7,CAP-G600-B60-e0.95,capped,600.0,60.0,0.95,0.0,600.0,26.923273739999924,213.300711,0.7569609338991297,46.810330779999894,20.5380938
0,0,7,CAP-G600-B120-e0,capped,600.0,120.0,0.0,0.0,192.85714285714286,33.35759387999992,93.024713,0.5120514446577602,46.810330779999894,20.5380938
0,0,7,CAP-G600-B120-e0.25,capped,600.0,120.0,0.25,0.0,257.14285714285717,29.749896,93.38233600000001,0.6493712276190028,46.810330779999894,20.5380938
0,0,7,CAP-G600-B120-e0.5,capped,600.0,120.0,0.5,0.0,385.7142857142857,27.323315159999844,113.648374,0.741734159707634,46.810330779999894,20.5380938
0,0,7,CAP-G600-B120-e0.75,capped,600.0,120.0,0.75,0.0,600.0,27.031683839999904,163.03044799999998,0.7528345209072512,46.810330779999894,20.5380938
0,0,7,CAP-G600-B120-e0.9,capped,600.0,120.0,0.9,0.0,600.0,26.923273739999924,213.300711,0.7569609338991297,46.810330779999894,20.5380938
0,0,7,CAP-G600-B120-e0.95,capped,600.0,120.0,0.95,0.0,600.0,26.923273739999924,213.300711,0.7569609338991297,46.810330779999894,20.5380938
0,0,7,CAP-G600-B240-e0,capped,600.0,240.0,0.0,0.0,222.85714285714286,30.407670719999956,93.38233600000001,0.6243343523616467,46.810330779999894,20.5380938
0,0,7,CAP-G600-B240-e0.25,capped,600.0,240.0,0.25,0.0,297.14285714285717,27.9792200199999,115.47370500000001,0.7167684569203391,46.810330779999894,20.5380938
0,0,7,CAP-G600-B240-e0.5,capped,600.0,240.0,0.5,0.0,445.7142857142857,27.179247579999902,162.625707,0.7472178031487926,46.810330779999894,20.5380938
0,0,7,CAP-G600-B240-e0.75,capped,600.0,240.0,0.75,0.0,600.0,26.888193119999972,213.300711,0.7582962073296585,46.810330779999894,20.5380938
0,0,7,CAP-G600-B240-e0.9,capped,600.0,240.0,0.9,0.0,600.0,26.923273739999924,213.300711,0.7569609338991297,46.810330779999894,20.5380938
0,0,7,CAP-G600-B240-e0.95,capped,600.0,240.0,0.95,0.0,600.0,26.923273739999924,213.300711,0.7569609338991297,46.810330779999894,20.5380938
0,0,7,CAP-G600-B360-e0,capped,600.0,360.0,0.0,0.0,252.85714285714286,28.939879519999984,117.04116900000001,0.6802028800822724,46.810330779999894,20.5380938
0,0,7,CAP-G600-B360-e0.25,capped,600.0,360.0,0.25,0.0,337.14285714285717,27.484431459999964,156.759135,0.735601590938451,46.810330779999894,20.5380938
0,0,7,CAP-G600-B360-e0.5,capped,600.0,360.0,0.5,0.0,505.7142857142857,27.138311599999955,193.55075499999998,0.7487759491121954,46.810330779999894,20.5380938
0,0,7,CAP-G600-B360-e0.75,capped,600.0,360.0,0.75,0.0,600.0,26.923273739999924,213.300711,0.7569609338991297,46.810330779999894,20.5380938
0,0,7,CAP-G600-B360-e0.9,capped,600.0,360.0,0.9,0.0,600.0,26.923273739999924,213.300711,0.7569609338991297,46.810330779999894,20.5380938
0,0,7,CAP-G600-B360-e0.95,capped,600.0,360.0,0.95,0.0,600.0,26.923273739999924,213.300711,0.7569609338991297,46.810330779999894,20.5380938
0,0,7,CAP-G600-B480-e0,capped,600.0,480.0,0.0,0.0,282.8571428571429,28.321674,156.545771,0.7037336331152402,46.810330779999894,20.5380938
0,0,7,CAP-G600-B480-e0.25,capped,600.0,480.0,0.25,0.0,377.14285714285717,27.267189499999997,193.35871100000003,0.7438704703705811,46.810330779999894,20.5380938
0,0,7,CAP-G600-B480-e0.5,capped,600.0,480.0,0.5,0.0,565.7142857142858,26.961353219999964,213.300711,0.7555115148782435,46.810330779999894,20.5380938
0,0,7,CAP-G600-B480-e0.75,capped,600.0,480.0,0.75,0.0,600.0,26.923273739999924,213.300711,0.7569609338991297,46.810330779999894,20.5380938
0,0,7,CAP-G600-B480-e0.9,capped,600.0,480.0,0.9,0.0,600.0,26.923273739999924,213.300711,0.7569609338991297,46.810330779999894,20.5380938
0,0,7,CAP-G600-B480-e0.95,capped,600.0,480.0,0.95,0.0,600.0,26.923273739999924,213.300711,0.7569609338991297,46.810330779999894,20.5380938
0,0,7,CAP-G600-B600-e0,capped,600.0,600.0,0.0,0.0,312.8571428571429,27.834501139999976,163.03044799999998,0.7222768907895255,46.810330779999894,20.5380938
0,0,7,CAP-G600-B600-e0.25,capped,600.0,600.0,0.25,0.0,417.14285714285717,27.11929,207.124731,0.7494999681599238,46.810330779999894,20.5380938
0,0,7,CAP-G600-B600-e0.5,capped,600.0,600.0,0.5,0.0,600.0,26.906941379999918,213.300711,0.7575825924207257,46.810330779999894,20.5380938
0,0,7,CAP-G600-B600-e0.75,capped,600.0,600.0,0.75,0.0,600.0,26.923273739999924,213.300711,0.7569609338991297,46.810330779999894,20.5380938
0,0,7,CAP-G600-B600-e0.9,capped,600.0,600.0,0.9,0.0,600.0,26.923273739999924,213.300711,0.7569609338991297,46.810330779999894,20.5380938
0,0,7,CAP-G600-B600-e0.95,capped,600.0,600.0,0.95,0.0,600.0,26.923273739999924,213.300711,0.7569609338991297,46.810330779999894,20.5380938
0,0,7,HYB-G600-B0-g1-e0,hybrid,600.0,0.0,0.0,1.0,600.0,33.38651899999994,45.124669,0.5109504679871384,46.810330779999894,20.5380938
0,0,7,HYB-G600-B0-g1-e0.9,hybrid,600.0,0.0,0.9,1.0,600.0,26.87300415999996,117.90810400000001,0.7588743446238514,46.810330779999894,20.5380938
0,0,7,HYB-G600-B0-g4-e0,hybrid,600.0,0.0,0.0,4.0,600.0,29.21094547999995,66.329398,0.6698852980580877,46.810330779999894,20.5380938
0,0,7,HYB-G600-B0-g4-e0.9,hybrid,600.0,0.0,0.9,4.0,600.0,26.924873659999992,211.282638,0.7569000361536774,46.810330779999894,20.5380938
0,0,7,HYB-G600-B0-g16-e0,hybrid,600.0,0.0,0.0,16.0,600.0,26.957170419999965,92.34762900000001,0.7556707247697797,46.810330779999894,20.5380938
0,0,7,HYB-G600-B0-g16-e0.9,hybrid,600.0,0.0,0.9,16.0,600.0,26.919755479999978,213.300711,0.7570948494085941,46.810330779999894,20.5380938
0,0,7,HYB-G600-B30-g1-e0,hybrid,600.0,30.0,0.0,1.0,600.0,31.66301007999999,71.31791199999999,0.5765523777640638,46.810330779999894,20.5380938
0,0,7,HYB-G600-B30-g1-e0.9,hybrid,600.0,30.0,0.9,1.0,600.0,26.938162419999895,153.470946,0.7563942261607933,46.810330779999894,20.5380938
0,0,7,HYB-G600-B30-g4-e0,hybrid,600.0,30.0,0.0,4.0,600.0,28.710482599999853,71.31791199999999,0.688934413684636,46.810330779999894,20.5380938
0,0,7,HYB-G600-B30-g4-e0.9,hybrid,600.0,30.0,0.9,4.0,600.0,26.924572879999978,213.5148,0.7569114847410301,46.810330779999894,20.5380938
0,0,7,HYB-G600-B30-g16-e0,hybrid,600.0,30.0,0.0,16.0,600.0,26.96719253999998,107.237238,0.7552892528757934,46.810330779999894,20.5380938
0,0,7,HYB-G600-B30-g16-e0.9,hybrid,600.0,30.0,0.9,16.0,600.0,26.923273739999924,213.300711,0.7569609338991297,46.810330779999894,20.5380938
0,0,7,HYB-G600-B120-g1-e0,hybrid,600.0,120.0,0.0,1.0,600.0,30.012043619999996,93.024713,0.6393931043172237,46.810330779999894,20.5380938
0,0,7,HYB-G600-B120-g1-e0.9,hybrid,600.0,120.0,0.9,1.0,600.0,26.923273739999924,213.300711,0.7569609338991297,46.810330779999894,20.5380938
0,0,7,HYB-G600-B120-g4-e0,hybrid,600.0,120.0,0.0,4.0,600.0,28.145389359999957,93.024713,0.7104435543196753,46.810330779999894,20.5380938
0,0,7,HYB-G600-B120-g4-e0.9,hybrid,600.0,120.0,0.9,4.0,600.0,26.923273739999924,213.300711,0.7569609338991297,46.810330779999894,20.5380938
0,0,7,HYB-G600-B120-g16-e0,hybrid,600.0,120.0,0.0,16.0,600.0,27.060464999999915,124.65938700000001,0.7517390237852543,46.810330779999894,20.5380938
0,0,7,HYB-G600-B120-g16-e0.9,hybrid,600.0,120.0,0.9,16.0,600.0,26.923273739999924,213.300711,0.7569609338991297,46.810330779999894,20.5380938
0,0,7,CAP-G1200-B0-e0,capped,1200.0,0.0,0.0,0.0,162.85714285714286,46.810330779999894,0.0,0.0,46.810330779999894,20.5380938
0,0,7,CAP-G1200-B0-e0.25,capped,1200.0,0.0,0.25,0.0,217.14285714285714,33.41320483999995,93.192052,0.5099347250178465,46.810330779999894,20.5380938
0,0,7,CAP-G1200-B0-e0.5,capped,1200.0,0.0,0.5,0.0,325.7142857142857,29.344229559999956,93.37913,0.6648121069133264,46.810330779999894,20.5380938
0,0,7,CAP-G1200-B0-e0.75,capped,1200.0,0.0,0.75,0.0,651.4285714285714,27.399058799999928,99.959845,0.7388511299885528,46.810330779999894,20.5380938
0,0,7,CAP-G1200-B0-e0.9,capped,1200.0,0.0,0.9,0.0,1200.0,26.884678219999934,117.704694,0.7584299949474664,46.810330779999894,20.5380938
0,0,7,CAP-G1200-B0-e0.95,capped,1200.0,0.0,0.95,0.0,1200.0,26.698141419999953,117.704694,0.7655301440570372,46.810330779999894,20.5380938
0,0,7,CAP-G1200-B15-e0.25,capped,1200.0,15.0,0.25,0.0,222.14285714285714,32.50037819999977,93.024713,0.5446796399900691,46.810330779999894,20.5380938
0,0,7,CAP-G1200-B15-e0.5,capped,1200.0,15.0,0.5,0.0,333.2142857142857,29.17909146,93.37913,0.6710977574319964,46.810330779999894,20.5380938
0,0,7,CAP-G1200-B15-e0.75,capped,1200.0,15.0,0.75,0.0,666.4285714285714,27.140019759999923,99.979555,0.7487109314282704,46.810330779999894,20.5380938
0,0,7,CAP-G1200-B15-e0.9,capped,1200.0,15.0,0.9,0.0,1200.0,26.868956599999997,118.66691800000001,0.7590284068760701,46.810330779999894,20.5380938
0,0,7,CAP-G1200-B15-e0.95,capped,1200.0,15.0,0.95,0.0,1200.0,26.699135159999955,153.543343,0.7654923193373243,46.810330779999894,20.5380938
0,0,7,CAP-G1200-B30-e0.25,capped,1200.0,30.0,0.25,0.0,227.14285714285714,31.92315733999997,93.024713,0.5666503941530746,46.810330779999894,20.5380938
0,0,7,CAP-G1200-B30-e0.5,capped,1200.0,30.0,0.5,0.0,340.7142857142857,28.878166519999926,93.38233600000001,0.6825518616344347,46.810330779999894,20.5380938
0,0,7,CAP-G1200-B30-e0.75,capped,1200.0,30.0,0.75,0.0,681.4285714285714,27.096863179999982,113.659817,0.750353600076273,46.810330779999894,20.5380938
0,0,7,CAP-G1200-B30-e0.9,capped,1200.0,30.0,0.9,0.0,1200.0,26.73963833999995,154.975844,0.7639506470377471,46.810330779999894,20.5380938
0,0,7,CAP-G1200-B30-e0.95,capped,1200.0,30.0,0.95,0.0,1200.0,26.698672299999973,193.739296,0.7655099371747521,46.810330779999894,20.5380938
0,0,7,CAP-G1200-B60-e0.25,capped,1200.0,60.0,0.25,0.0,237.14285714285714,31.05695235999993,93.064231,0.5996207491578446,46.810330779999894,20.5380938
0,0,7,CAP-G1200-B60-e0.5,capped,1200.0,60.0,0.5,0.0,355.7142857142857,28.116532839999977,98.19573500000001,0.711541919868903,46.810330779999894,20.5380938
0,0,7,CAP-G1200-B60-e0.75,capped,1200.0,60.0,0.75,0.0,711.4285714285714,26.96035983999997,117.704694,0.7555493258952783,46.810330779999894,20.5380938
0,0,7,CAP-G1200-B60-e0.9,capped,1200.0,60.0,0.9,0.0,1200.0,26.718308459999932,193.839104,0.7647625261333968,46.810330779999894,20.5380938
0,0,7,CAP-G1200-B60-e0.95,capped,1200.0,60.0,0.95,0.0,1200.0,26.694640159999995,213.300711,0.7656634124956031,46.810330779999894,20.5380938
0,0,7,CAP-G1200-B120-e0.25,capped,1200.0,120.0,0.25,0.0,257.14285714285717,29.749896,93.38233600000001,0.6493712276190028,46.810330779999894,20.5380938
0,0,7,CAP-G1200-B120-e0.5,capped,1200.0,120.0,0.5,0.0,385.7142857142857,27.314407159999956,113.648374,0.742073224858678,46.810330779999894,20.5380938
0,0,7,CAP-G1200-B120-e0.75,capped,1200.0,120.0,0.75,0.0,771.4285714285714,27.016235019999996,163.03044799999998,0.7534225492510754,46.810330779999894,20.5380938
0,0,7,CAP-G1200-B120-e0.9,capped,1200.0,120.0,0.9,0.0,1200.0,26.726007119999977,213.300711,0.7644694920835781,46.810330779999894,20.5380938
0,0,7,CAP-G1200-B120-e0.95,capped,1200.0,120.0,0.95,0.0,1200.0,26.694640159999995,213.300711,0.7656634124956031,46.810330779999894,20.5380938
0,0,7,CAP-G1200-B240-e0.25,capped,1200.0,240.0,0.25,0.0,297.14285714285717,27.9792200199999,115.47370500000001,0.7167684569203391,46.810330779999894,20.5380938
0,0,7,CAP-G1200-B240-e0.5,capped,1200.0,240.0,0.5,0.0,445.7142857142857,27.16077003999996,162.625707,0.7479211136439746,46.810330779999894,20.5380938
0,0,7,CAP-G1200-B240-e0.75,capped,1200.0,240.0,0.75,0.0,891.4285714285714,26.793581059999948,213.300711,0.7618974256070381,46.810330779999894,20.5380938
0,0,7,CAP-G1200-B240-e0.9,capped,1200.0,240.0,0.9,0.0,1200.0,26.694640159999995,213.300711,0.7656634124956031,46.810330779999894,20.5380938
0,0,7,CAP-G1200-B240-e0.95,capped,1200.0,240.0,0.95,0.0,1200.0,26.694640159999995,213.300711,0.7656634124956031,46.810330779999894,20.5380938
0,0,7,CAP-G1200-B360-e0.25,capped,1200.0,360.0,0.25,0.0,337.14285714285717,27.484431459999964,156.759135,0.735601590938451,46.810330779999894,20.5380938
0,0,7,CAP-G1200-B360-e0.5,capped,1200.0,360.0,0.5,0.0,505.7142857142857,27.127003,193.55075499999998,0.7492063882867721,46.810330779999894,20.5380938
0,0,7,CAP-G1200-B360-e0.75,capped,1200.0,360.0,0.75,0.0,1011.4285714285714,26.73688963999999,213.300711,0.7640552707895064,46.810330779999894,20.5380938
0,0,7,CAP-G1200-B360-e0.9,capped,1200.0,360.0,0.9,0.0,1200.0,26.694640159999995,213.300711,0.7656634124956031,46.810330779999894,20.5380938
0,0,7,CAP-G1200-B360-e0.95,capped,1200.0,360.0,0.95,0.0,1200.0,26.694640159999995,213.300711,0.7656634124956031,46.810330779999894,20.5380938
0,0,7,CAP-G1200-B480-e0.25,capped,1200.0,480.0,0.25,0.0,377.14285714285717,27.267189499999997,193.35871100000003,0.7438704703705811,46.810330779999894,20.5380938
0,0,7,CAP-G1200-B480-e0.5,capped,1200.0,480.0,0.5,0.0,565.7142857142858,26.91367305999999,213.300711,0.7573263645248979,46.810330779999894,20.5380938
0,0,7,CAP-G1200-B480-e0.75,capped,1200.0,480.0,0.75,0.0,1131.4285714285716,26.742981099999938,213.300711,0.7638234115837378,46.810330779999894,20.5380938
0,0,7,CAP-G1200-B480-e0.9,capped,1200.0,480.0,0.9,0.0,1200.0,26.694640159999995,213.300711,0.7656634124956031,46.810330779999894,20.5380938
0,0,7,CAP-G1200-B480-e0.95,capped,1200.0,480.0,0.95,0.0,1200.0,26.694640159999995,213.300711,0.7656634124956031,46.810330779999894,20.5380938
0,0,7,CAP-G1200-B600-e0.25,capped,1200.0,600.0,0.25,0.0,417.14285714285717,27.11929,207.124731,0.7494999681599238,46.810330779999894,20.5380938
0,0,7,CAP-G1200-B600-e0.5,capped,1200.0,600.0,0.5,0.0,625.7142857142858,26.862041879999982,213.300711,0.7592916018223277,46.810330779999894,20.5380938
0,0,7,CAP-G1200-B600-e0.75,capped,1200.0,600.0,0.75,0.0,1200.0,26.718308459999932,213.300711,0.7647625261333968,46.810330779999894,20.5380938
0,0,7,CAP-G1200-B600-e0.9,capped,1200.0,600.0,0.9,0.0,1200.0,26.694640159999995,213.300711,0.7656634124956031,46.810330779999894,20.5380938
0,0,7,CAP-G1200-B600-e0.95,capped,1200.0,600.0,0.95,0.0,1200.0,26.694640159999995,213.300711,0.7656634124956031,46.810330779999894,20.5380938
0,0,7,HYB-G1200-B0-g1-e0,hybrid,1200.0,0.0,0.0,1.0,1200.0,33.38651899999994,45.124669,0.5109504679871384,46.810330779999894,20.5380938
0,0,7,HYB-G1200-B0-g1-e0.9,hybrid,1200.0,0.0,0.9,1.0,1200.0,26.71469129999997,117.90810400000001,0.7649002060729738,46.810330779999894,20.5380938
0,0,7,HYB-G1200-B0-g4-e0,hybrid,1200.0,0.0,0.0,4.0,1200.0,29.21094547999995,66.329398,0.6698852980580877,46.810330779999894,20.5380938
0,0,7,HYB-G1200-B0-g4-e0.9,hybrid,1200.0,0.0,0.9,4.0,1200.0,26.71190261999999,211.282638,0.7650063515832364,46.810330779999894,20.5380938
0,0,7,HYB-G1200-B0-g16-e0,hybrid,1200.0,0.0,0.0,16.0,1200.0,26.89433963999999,92.34762900000001,0.7580622523754345,46.810330779999894,20.5380938
0,0,7,HYB-G1200-B0-g16-e0.9,hybrid,1200.0,0.0,0.9,16.0,1200.0,26.692435199999906,213.300711,0.7657473398749797,46.810330779999894,20.5380938
0,0,7,HYB-G1200-B30-g1-e0,hybrid,1200.0,30.0,0.0,1.0,1200.0,31.66301007999999,71.31791199999999,0.5765523777640638,46.810330779999894,20.5380938
0,0,7,HYB-G1200-B30-g1-e0.9,hybrid,1200.0,30.0,0.9,1.0,1200.0,26.760110179999963,153.470946,0.7631714275135171,46.810330779999894,20.5380938
0,0,7,HYB-G1200-B30-g4-e0,hybrid,1200.0,30.0,0.0,4.0,1200.0,28.710482599999853,71.31791199999999,0.688934413684636,46.810330779999894,20.5380938
0,0,7,HYB-G1200-B30-g4-e0.9,hybrid,1200.0,30.0,0.9,4.0,1200.0,26.72643411999996,213.5148,0.7644532391851169,46.810330779999894,20.5380938
0,0,7,HYB-G1200-B30-g16-e0,hybrid,1200.0,30.0,0.0,16.0,1200.0,26.884408159999982,107.237238,0.7584402742396392,46.810330779999894,20.5380938
0,0,7,HYB-G1200-B30-g16-e0.9,hybrid,1200.0,30.0,0.9,16.0,1200.0,26.694640159999995,213.300711,0.7656634124956031,46.810330779999894,20.5380938
0,0,7,HYB-G1200-B120-g1-e0,hybrid,1200.0,120.0,0.0,1.0,1200.0,30.012043619999996,93.024713,0.6393931043172237,46.810330779999894,20.5380938
0,0,7,HYB-G1200-B120-g1-e0.9,hybrid,1200.0,120.0,0.9,1.0,1200.0,26.694640159999995,213.300711,0.7656634124956031,46.810330779999894,20.5380938
0,0,7,HYB-G1200-B120-g4-e0,hybrid,1200.0,120.0,0.0,4.0,1200.0,28.145389359999957,93.024713,0.7104435543196753,46.810330779999894,20.5380938
0,0,7,HYB-G1200-B120-g4-e0.9,hybrid,1200.0,120.0,0.9,4.0,1200.0,26.694640159999995,213.300711,0.7656634124956031,46.810330779999894,20.5380938
0,0,7,HYB-G1200-B120-g16-e0,hybrid,1200.0,120.0,0.0,16.0,1200.0,26.987719619999996,124.65938700000001,0.7545079307517717,46.810330779999894,20.5380938
0,0,7,HYB-G1200-B120-g16-e0.9,hybrid,1200.0,120.0,0.9,16.0,1200.0,26.694640159999995,213.300711,0.7656634124956031,46.810330779999894,20.5380938
0,1,5,SJF,reference,-1.0,-1.0,-1.0,-1.0,inf,37.57602465999998,590.27143,1.0,130.62713595999958,37.57602465999998
0,1,5,SPJF-E,reference,-1.0,-1.0,-1.0,-1.0,inf,49.72416811999997,441.241862,0.8694465515749294,130.62713595999958,37.57602465999998
0,1,5,FIX-B15,fixed,-1.0,15.0,0.0,0.0,159.75,127.87972699999983,65.85234100000001,0.02952580492179202,130.62713595999958,37.57602465999998
0,1,5,FIX-B17.99,fixed,-1.0,17.99,0.0,0.0,160.4975,127.40310939999961,65.85234100000001,0.03464791032538678,130.62713595999958,37.57602465999998
0,1,5,FIX-B21.576,fixed,-1.0,21.576,0.0,0.0,161.394,125.94738333999958,65.85234100000001,0.050292280818789344,130.62713595999958,37.57602465999998
0,1,5,FIX-B25.877,fixed,-1.0,25.877,0.0,0.0,162.46925,124.34093183999943,65.85234100000001,0.06755646474477062,130.62713595999958,37.57602465999998
0,1,5,FIX-B30,fixed,-1.0,30.0,0.0,0.0,163.5,123.01069297999999,65.85234100000001,0.08185225166676352,130.62713595999958,37.57602465999998
0,1,5,FIX-B31.035,fixed,-1.0,31.035,0.0,0.0,163.75875,122.84934563999984,65.85234100000001,0.0835862163421553,130.62713595999958,37.57602465999998
0,1,5,FIX-B37.222,fixed,-1.0,37.222,0.0,0.0,165.3055,122.06722299999882,65.85234100000001,0.09199151778427815,130.62713595999958,37.57602465999998
0,1,5,FIX-B44.641,fixed,-1.0,44.641,0.0,0.0,167.16025,120.40973235999952,65.85234100000001,0.10980420821691032,130.62713595999958,37.57602465999998
0,1,5,FIX-B53.54,fixed,-1.0,53.54,0.0,0.0,169.385,118.45999217999965,65.85234100000001,0.1307576407204068,130.62713595999958,37.57602465999998
0,1,5,FIX-B60,fixed,-1.0,60.0,0.0,0.0,171.0,116.44335833999992,65.973826,0.15242996479935345,130.62713595999958,37.57602465999998
0,1,5,FIX-B64.212,fixed,-1.0,64.212,0.0,0.0,172.053,115.42960523999973,65.973826,0.16332454827973572,130.62713595999958,37.57602465999998
0,1,5,FIX-B77.012,fixed,-1.0,77.012,0.0,0.0,175.253,114.03936953999985,76.298144,0.17826510815674476,130.62713595999958,37.57602465999998
0,1,5,FIX-B92.363,fixed,-1.0,92.363,0.0,0.0,179.09075,110.57745805999997,85.63387,0.21546951583800905,130.62713595999958,37.57602465999998
0,1,5,FIX-B110.774,fixed,-1.0,110.774,0.0,0.0,183.6935,107.52723655999971,89.013834,0.24824958108802261,130.62713595999958,37.57602465999998
0,1,5,FIX-B120,fixed,-1.0,120.0,0.0,0.0,186.0,105.34782879999976,97.153991,0.27167120098650477,130.62713595999958,37.57602465999998
0,1,5,FIX-B132.855,fixed,-1.0,132.855,0.0,0.0,189.21375,103.19821359999996,97.153991,0.2947726467400044,130.62713595999958,37.57602465999998
0,1,5,FIX-B159.338,fixed,-1.0,159.338,0.0,0.0,195.8345,99.25745413999918,97.210629,0.3371231292323161,130.62713595999958,37.57602465999998
0,1,5,FIX-B191.099,fixed,-1.0,191.099,0.0,0.0,203.77474999999998,97.55433375999972,98.158628,0.35542619252952434,130.62713595999958,37.57602465999998
0,1,5,FIX-B229.192,fixed,-1.0,229.192,0.0,0.0,213.298,93.39183441999994,99.862234,0.40015966515383034,130.62713595999958,37.57602465999998
0,1,5,FIX-B240,fixed,-1.0,240.0,0.0,0.0,216.0,91.97666035999991,99.862234,0.41536823214705476,130.62713595999958,37.57602465999998
0,1,5,FIX-B274.878,fixed,-1.0,274.878,0.0,0.0,224.71949999999998,87.39892575999998,110.828402,0.4645641475536013,130.62713595999958,37.57602465999998
0,1,5,FIX-B329.671,fixed,-1.0,329.671,0.0,0.0,238.41775,79.86348671999988,115.15754899999999,0.5455458675430125,130.62713595999958,37.57602465999998
0,1,5,FIX-B360,fixed,-1.0,360.0,0.0,0.0,246.0,76.45906281999994,128.718762,0.5821324687392515,130.62713595999958,37.57602465999998
0,1,5,FIX-B395.386,fixed,-1.0,395.386,0.0,0.0,254.8465,72.30457453999993,131.94913499999998,0.6267798482488397,130.62713595999958,37.57602465999998
0,1,5,FIX-B474.201,fixed,-1.0,474.201,0.0,0.0,274.55025,67.49053419999997,156.99185300000002,0.6785152899082021,130.62713595999958,37.57602465999998
0,1,5,FIX-B480,fixed,-1.0,480.0,0.0,0.0,276.0,67.18315247999978,156.99185300000002,0.6818186542174061,130.62713595999958,37.57602465999998
0,1,5,FIX-B568.726,fixed,-1.0,568.726,0.0,0.0,298.1815,62.70603435999999,169.84928499999998,0.729933266256433,130.62713595999958,37.57602465999998
0,1,5,FIX-B600,fixed,-1.0,600.0,0.0,0.0,306.0,61.33060313999986,178.02790000000002,0.7447147256155341,130.62713595999958,37.57602465999998
0,1,5,FIX-B682.093,fixed,-1.0,682.093,0.0,0.0,326.52324999999996,59.18343021999999,204.79319099999998,0.7677899247185014,130.62713595999958,37.57602465999998
0,1,5,FIX-B818.058,fixed,-1.0,818.058,0.0,0.0,360.5145,56.99157591999993,240.51563099999998,0.7913453048679491,130.62713595999958,37.57602465999998
0,1,5,FIX-B981.126,fixed,-1.0,981.126,0.0,0.0,401.2815,55.899699979999916,255.781039,0.8030794574723147,130.62713595999958,37.57602465999998
0,1,5,FIX-B1176.7,fixed,-1.0,1176.699,0.0,0.0,450.17475,55.193097739999835,304.855867,0.8106731576455665,130.62713595999958,37.57602465999998
0,1,5,FIX-B1411.26,fixed,-1.0,1411.256,0.0,0.0,508.814,54.06768413999995,357.18635,0.822767732167858,130.62713595999958,37.57602465999998
0,1,5,FIX-B1692.57,fixed,-1.0,1692.569,0.0,0.0,579.14225,52.939856439999865,431.90123,0.8348882504963705,130.62713595999958,37.57602465999998
0,1,5,FIX-B2029.96,fixed,-1.0,2029.958,0.0,0.0,663.4895,52.51945843999989,441.241862,0.8394061761194681,130.62713595999958,37.57602465999998
0,1,5,FIX-B2434.6,fixed,-1.0,2434.6,0.0,0.0,764.65,51.9340586999999,441.241862,0.8456973394577827,130.62713595999958,37.57602465999998
0,1,5,FIX-B2919.9,fixed,-1.0,2919.901,0.0,0.0,885.97525,51.64289124,441.241862,0.8488264526508661,130.62713595999958,37.57602465999998
0,1,5,FIX-B3501.94,fixed,-1.0,3501.94,0.0,0.0,1031.4850000000001,51.181539819999955,441.241862,0.8537844957473384,130.62713595999958,37.57602465999998
0,1,5,FIX-B4200,fixed,-1.0,4200.0,0.0,0.0,1206.0,50.74917587999986,441.241862,0.8584310167180138,130.62713595999958,37.57602465999998
0,1,5,FIXEQ-G300,fixed,300.0,inf,0.0,0.0,300.0,62.157728419999756,169.84928499999998,0.7358257906157872,130.62713595999958,37.57602465999998
0,1,5,CAP-G300-B0-e0,capped,300.0,0.0,0.0,0.0,156.0,130.62713595999958,0.0,0.0,130.62713595999958,37.57602465999998
0,1,5,CAP-G300-B0-e0.25,capped,300.0,0.0,0.25,0.0,208.0,89.51354195999997,76.365035,0.4418388284203091,130.62713595999958,37.57602465999998
0,1,5,CAP-G300-B0-e0.5,capped,300.0,0.0,0.5,0.0,300.0,68.68957217999981,95.714684,0.6656294902304947,130.62713595999958,37.57602465999998
0,1,5,CAP-G300-B0-e0.75,capped,300.0,0.0,0.75,0.0,300.0,62.59512061999999,102.042735,0.7311252320314833,130.62713595999958,37.57602465999998
0,1,5,CAP-G300-B0-e0.9,capped,300.0,0.0,0.9,0.0,300.0,61.72229449999992,109.256934,0.7405053039920003,130.62713595999958,37.57602465999998
0,1,5,CAP-G300-B0-e0.95,capped,300.0,0.0,0.95,0.0,300.0,62.188076439999826,120.86745499999999,0.7354996470633235,130.62713595999958,37.57602465999998
0,1,5,CAP-G300-B15-e0,capped,300.0,15.0,0.0,0.0,159.75,127.87972699999983,65.85234100000001,0.02952580492179202,130.62713595999958,37.57602465999998
0,1,5,CAP-G300-B15-e0.25,capped,300.0,15.0,0.25,0.0,213.0,85.4795297199999,88.83828,0.4851914782021509,130.62713595999958,37.57602465999998
0,1,5,CAP-G300-B15-e0.5,capped,300.0,15.0,0.5,0.0,300.0,68.9468803999998,93.79832,0.6628642549054655,130.62713595999958,37.57602465999998
0,1,5,CAP-G300-B15-e0.75,capped,300.0,15.0,0.75,0.0,300.0,61.55646949999978,102.025262,0.7422873891028972,130.62713595999958,37.57602465999998
0,1,5,CAP-G300-B15-e0.9,capped,300.0,15.0,0.9,0.0,300.0,62.25428029999994,182.999953,0.7347881686180348,130.62713595999958,37.57602465999998
0,1,5,CAP-G300-B15-e0.95,capped,300.0,15.0,0.95,0.0,300.0,62.192041459999814,149.180059,0.735457035858099,130.62713595999958,37.57602465999998
0,1,5,CAP-G300-B30-e0,capped,300.0,30.0,0.0,0.0,163.5,123.01069297999999,65.85234100000001,0.08185225166676352,130.62713595999958,37.57602465999998
0,1,5,CAP-G300-B30-e0.25,capped,300.0,30.0,0.25,0.0,218.0,83.50058071999963,89.899107,0.506458811524158,130.62713595999958,37.57602465999998
0,1,5,CAP-G300-B30-e0.5,capped,300.0,30.0,0.5,0.0,300.0,67.27526343999997,93.851712,0.6808287578183913,130.62713595999958,37.57602465999998
0,1,5,CAP-G300-B30-e0.75,capped,300.0,30.0,0.75,0.0,300.0,61.96226135999995,109.256934,0.7379264324809833,130.62713595999958,37.57602465999998
0,1,5,CAP-G300-B30-e0.9,capped,300.0,30.0,0.9,0.0,300.0,62.2142966599998,142.102918,0.7352178640772458,130.62713595999958,37.57602465999998
0,1,5,CAP-G300-B30-e0.95,capped,300.0,30.0,0.95,0.0,300.0,62.157728419999756,169.84928499999998,0.7358257906157872,130.62713595999958,37.57602465999998
0,1,5,CAP-G300-B60-e0,capped,300.0,60.0,0.0,0.0,171.0,116.44335833999992,65.973826,0.15242996479935345,130.62713595999958,37.57602465999998
0,1,5,CAP-G300-B60-e0.25,capped,300.0,60.0,0.25,0.0,228.0,80.93114061999995,97.131453,0.5340720239200393,130.62713595999958,37.57602465999998
0,1,5,CAP-G300-B60-e0.5,capped,300.0,60.0,0.5,0.0,300.0,65.64940057999993,94.074881,0.6983015513969463,130.62713595999958,37.57602465999998
0,1,5,CAP-G300-B60-e0.75,capped,300.0,60.0,0.75,0.0,300.0,62.273471359999995,114.230905,0.734581926481515,130.62713595999958,37.57602465999998
0,1,5,CAP-G300-B60-e0.9,capped,300.0,60.0,0.9,0.0,300.0,62.157728419999756,169.84928499999998,0.7358257906157872,130.62713595999958,37.57602465999998
0,1,5,CAP-G300-B60-e0.95,capped,300.0,60.0,0.95,0.0,300.0,62.157728419999756,169.84928499999998,0.7358257906157872,130.62713595999958,37.57602465999998
0,1,5,CAP-G300-B120-e0,capped,300.0,120.0,0.0,0.0,186.0,105.34782879999976,97.153991,0.27167120098650477,130.62713595999958,37.57602465999998
0,1,5,CAP-G300-B120-e0.25,capped,300.0,120.0,0.25,0.0,248.0,75.88048333999993,93.913897,0.5883503362307494,130.62713595999958,37.57602465999998
0,1,5,CAP-G300-B120-e0.5,capped,300.0,120.0,0.5,0.0,300.0,63.79885945999997,102.042735,0.7181889132365462,130.62713595999958,37.57602465999998
0,1,5,CAP-G300-B120-e0.75,capped,300.0,120.0,0.75,0.0,300.0,62.16553894,157.34497199999998,0.7357418526607094,130.62713595999958,37.57602465999998
0,1,5,CAP-G300-B120-e0.9,capped,300.0,120.0,0.9,0.0,300.0,62.157728419999756,169.84928499999998,0.7358257906157872,130.62713595999958,37.57602465999998
0,1,5,CAP-G300-B120-e0.95,capped,300.0,120.0,0.95,0.0,300.0,62.157728419999756,169.84928499999998,0.7358257906157872,130.62713595999958,37.57602465999998
0,1,5,CAP-G300-B240-e0,capped,300.0,240.0,0.0,0.0,216.0,91.97666035999991,99.862234,0.41536823214705476,130.62713595999958,37.57602465999998
0,1,5,CAP-G300-B240-e0.25,capped,300.0,240.0,0.25,0.0,288.0,65.98602351999985,115.168088,0.6946839380735048,130.62713595999958,37.57602465999998
0,1,5,CAP-G300-B240-e0.5,capped,300.0,240.0,0.5,0.0,300.0,62.20598305999999,157.316913,0.7353072085233643,130.62713595999958,37.57602465999998
0,1,5,CAP-G300-B240-e0.75,capped,300.0,240.0,0.75,0.0,300.0,62.157728419999756,169.84928499999998,0.7358257906157872,130.62713595999958,37.57602465999998
0,1,5,CAP-G300-B240-e0.9,capped,300.0,240.0,0.9,0.0,300.0,62.157728419999756,169.84928499999998,0.7358257906157872,130.62713595999958,37.57602465999998
0,1,5,CAP-G300-B240-e0.95,capped,300.0,240.0,0.95,0.0,300.0,62.157728419999756,169.84928499999998,0.7358257906157872,130.62713595999958,37.57602465999998
0,1,5,CAP-G300-B360-e0,capped,300.0,360.0,0.0,0.0,246.0,76.45906281999994,128.718762,0.5821324687392515,130.62713595999958,37.57602465999998
0,1,5,CAP-G300-B360-e0.25,capped,300.0,360.0,0.25,0.0,300.0,62.479740559999954,157.149328,0.7323651963735324,130.62713595999958,37.57602465999998
0,1,5,CAP-G300-B360-e0.5,capped,300.0,360.0,0.5,0.0,300.0,62.157728419999756,169.84928499999998,0.7358257906157872,130.62713595999958,37.57602465999998
0,1,5,CAP-G300-B360-e0.75,capped,300.0,360.0,0.75,0.0,300.0,62.157728419999756,169.84928499999998,0.7358257906157872,130.62713595999958,37.57602465999998
0,1,5,CAP-G300-B360-e0.9,capped,300.0,360.0,0.9,0.0,300.0,62.157728419999756,169.84928499999998,0.7358257906157872,130.62713595999958,37.57602465999998
0,1,5,CAP-G300-B360-e0.95,capped,300.0,360.0,0.95,0.0,300.0,62.157728419999756,169.84928499999998,0.7358257906157872,130.62713595999958,37.57602465999998
0,1,5,CAP-G300-B480-e0,capped,300.0,480.0,0.0,0.0,276.0,67.18315247999978,156.99185300000002,0.6818186542174061,130.62713595999958,37.57602465999998
0,1,5,CAP-G300-B480-e0.25,capped,300.0,480.0,0.25,0.0,300.0,62.157728419999756,169.84928499999998,0.7358257906157872,130.62713595999958,37.57602465999998
0,1,5,CAP-G300-B480-e0.5,capped,300.0,480.0,0.5,0.0,300.0,62.157728419999756,169.84928499999998,0.7358257906157872,130.62713595999958,37.57602465999998
0,1,5,CAP-G300-B480-e0.75,capped,300.0,480.0,0.75,0.0,300.0,62.157728419999756,169.84928499999998,0.7358257906157872,130.62713595999958,37.57602465999998
0,1,5,CAP-G300-B480-e0.9,capped,300.0,480.0,0.9,0.0,300.0,62.157728419999756,169.84928499999998,0.7358257906157872,130.62713595999958,37.57602465999998
0,1,5,CAP-G300-B480-e0.95,capped,300.0,480.0,0.95,0.0,300.0,62.157728419999756,169.84928499999998,0.7358257906157872,130.62713595999958,37.57602465999998
0,1,5,HYB-G300-B0-g1-e0,hybrid,300.0,0.0,0.0,1.0,300.0,92.33069347999998,62.813396999999995,0.4115635154160675,130.62713595999958,37.57602465999998
0,1,5,HYB-G300-B0-g1-e0.9,hybrid,300.0,0.0,0.9,1.0,300.0,62.15625569999998,120.41051399999999,0.7358416176164453,130.62713595999958,37.57602465999998
0,1,5,HYB-G300-B0-g4-e0,hybrid,300.0,0.0,0.0,4.0,300.0,74.02898771999955,65.85234100000001,0.6082479558736905,130.62713595999958,37.57602465999998
0,1,5,HYB-G300-B0-g4-e0.9,hybrid,300.0,0.0,0.9,4.0,300.0,62.16350779999999,163.362198,0.7357636808793263,130.62713595999958,37.57602465999998
0,1,5,HYB-G300-B0-g16-e0,hybrid,300.0,0.0,0.0,16.0,300.0,63.6861299399998,100.797849,0.7194003928032621,130.62713595999958,37.57602465999998
0,1,5,HYB-G300-B0-g16-e0.9,hybrid,300.0,0.0,0.9,16.0,300.0,62.16020997999989,178.01745300000002,0.7357991218316592,130.62713595999958,37.57602465999998
0,1,5,HYB-G300-B30-g1-e0,hybrid,300.0,30.0,0.0,1.0,300.0,88.3666120799995,65.85234100000001,0.4541646337113682,130.62713595999958,37.57602465999998
0,1,5,HYB-G300-B30-g1-e0.9,hybrid,300.0,30.0,0.9,1.0,300.0,62.184754019999794,147.13649099999998,0.7355353523864908,130.62713595999958,37.57602465999998
0,1,5,HYB-G300-B30-g4-e0,hybrid,300.0,30.0,0.0,4.0,300.0,71.26074889999977,96.828807,0.6379976147582029,130.62713595999958,37.57602465999998
0,1,5,HYB-G300-B30-g4-e0.9,hybrid,300.0,30.0,0.9,4.0,300.0,62.16284939999992,157.34497199999998,0.7357707565605394,130.62713595999958,37.57602465999998
0,1,5,HYB-G300-B30-g16-e0,hybrid,300.0,30.0,0.0,16.0,300.0,62.985999319999834,109.131832,0.7269245438877422,130.62713595999958,37.57602465999998
0,1,5,HYB-G300-B30-g16-e0.9,hybrid,300.0,30.0,0.9,16.0,300.0,62.157728419999756,169.84928499999998,0.7358257906157872,130.62713595999958,37.57602465999998
0,1,5,HYB-G300-B120-g1-e0,hybrid,300.0,120.0,0.0,1.0,300.0,80.72760421999998,97.147731,0.5362593852224075,130.62713595999958,37.57602465999998
0,1,5,HYB-G300-B120-g1-e0.9,hybrid,300.0,120.0,0.9,1.0,300.0,62.157728419999756,169.84928499999998,0.7358257906157872,130.62713595999958,37.57602465999998
0,1,5,HYB-G300-B120-g4-e0,hybrid,300.0,120.0,0.0,4.0,300.0,66.26967695999996,93.79832,0.6916355764146569,130.62713595999958,37.57602465999998
0,1,5,HYB-G300-B120-g4-e0.9,hybrid,300.0,120.0,0.9,4.0,300.0,62.157728419999756,169.84928499999998,0.7358257906157872,130.62713595999958,37.57602465999998
0,1,5,HYB-G300-B120-g16-e0,hybrid,300.0,120.0,0.0,16.0,300.0,62.56707983999987,109.256934,0.731426580178844,130.62713595999958,37.57602465999998
0,1,5,HYB-G300-B120-g16-e0.9,hybrid,300.0,120.0,0.9,16.0,300.0,62.157728419999756,169.84928499999998,0.7358257906157872,130.62713595999958,37.57602465999998
0,1,5,FIXEQ-G600,fixed,600.0,inf,0.0,0.0,600.0,52.616211959999994,441.241862,0.8383663871406114,130.62713595999958,37.57602465999998
0,1,5,CAP-G600-B0-e0,capped,600.0,0.0,0.0,0.0,156.0,130.62713595999958,0.0,0.0,130.62713595999958,37.57602465999998
0,1,5,CAP-G600-B0-e0.25,capped,600.0,0.0,0.25,0.0,208.0,88.79992395999999,76.365035,0.4495079254362411,130.62713595999958,37.57602465999998
0,1,5,CAP-G600-B0-e0.5,capped,600.0,0.0,0.5,0.0,312.0,63.51254685999992,95.714684,0.7212658523079878,130.62713595999958,37.57602465999998
0,1,5,CAP-G600-B0-e0.75,capped,600.0,0.0,0.75,0.0,600.0,55.1715017399999,102.042735,0.8109052451477815,130.62713595999958,37.57602465999998
0,1,5,CAP-G600-B0-e0.9,capped,600.0,0.0,0.9,0.0,600.0,52.91373231999998,109.256934,0.8351690007167053,130.62713595999958,37.57602465999998
0,1,5,CAP-G600-B0-e0.95,capped,600.0,0.0,0.95,0.0,600.0,52.76576275999982,120.86745499999999,0.8367591973079433,130.62713595999958,37.57602465999998
0,1,5,CAP-G600-B15-e0,capped,600.0,15.0,0.0,0.0,159.75,127.87972699999983,65.85234100000001,0.02952580492179202,130.62713595999958,37.57602465999998
0,1,5,CAP-G600-B15-e0.25,capped,600.0,15.0,0.25,0.0,213.0,84.15600025999964,88.83828,0.49941516066557856,130.62713595999958,37.57602465999998
0,1,5,CAP-G600-B15-e0.5,capped,600.0,15.0,0.5,0.0,319.5,63.39841073999998,93.79832,0.7224924482981419,130.62713595999958,37.57602465999998
0,1,5,CAP-G600-B15-e0.75,capped,600.0,15.0,0.75,0.0,600.0,54.247405219999955,102.025262,0.8208363089157426,130.62713595999958,37.57602465999998
0,1,5,CAP-G600-B15-e0.9,capped,600.0,15.0,0.9,0.0,600.0,52.95838771999996,233.18645,0.8346890988716213,130.62713595999958,37.57602465999998
0,1,5,CAP-G600-B15-e0.95,capped,600.0,15.0,0.95,0.0,600.0,52.68416401999996,244.51817400000002,0.837636121171182,130.62713595999958,37.57602465999998
0,1,5,CAP-G600-B30-e0,capped,600.0,30.0,0.0,0.0,163.5,123.01069297999999,65.85234100000001,0.08185225166676352,130.62713595999958,37.57602465999998
0,1,5,CAP-G600-B30-e0.25,capped,600.0,30.0,0.25,0.0,218.0,81.69142127999969,89.899107,0.525901453473561,130.62713595999958,37.57602465999998
0,1,5,CAP-G600-B30-e0.5,capped,600.0,30.0,0.5,0.0,327.0,62.18257679999987,93.851712,0.7355587504950087,130.62713595999958,37.57602465999998
0,1,5,CAP-G600-B30-e0.75,capped,600.0,30.0,0.75,0.0,600.0,54.27185917999988,109.256934,0.8205735075406888,130.62713595999958,37.57602465999998
0,1,5,CAP-G600-B30-e0.9,capped,600.0,30.0,0.9,0.0,600.0,52.796624419999965,142.102918,0.8364275337784164,130.62713595999958,37.57602465999998
0,1,5,CAP-G600-B30-e0.95,capped,600.0,30.0,0.95,0.0,600.0,52.615226619999994,232.078764,0.8383769763747027,130.62713595999958,37.57602465999998
0,1,5,CAP-G600-B60-e0,capped,600.0,60.0,0.0,0.0,171.0,116.44335833999992,65.973826,0.15242996479935345,130.62713595999958,37.57602465999998
0,1,5,CAP-G600-B60-e0.25,capped,600.0,60.0,0.25,0.0,228.0,78.99297729999999,97.131453,0.5549010424338673,130.62713595999958,37.57602465999998
0,1,5,CAP-G600-B60-e0.5,capped,600.0,60.0,0.5,0.0,342.0,59.63956943999999,94.074881,0.7628878959987219,130.62713595999958,37.57602465999998
0,1,5,CAP-G600-B60-e0.75,capped,600.0,60.0,0.75,0.0,600.0,54.285197979999815,114.230905,0.8204301583660945,130.62713595999958,37.57602465999998
0,1,5,CAP-G600-B60-e0.9,capped,600.0,60.0,0.9,0.0,600.0,52.721791759999995,232.078764,0.8372317440554835,130.62713595999958,37.57602465999998
0,1,5,CAP-G600-B60-e0.95,capped,600.0,60.0,0.95,0.0,600.0,52.616211959999994,331.946778,0.8383663871406114,130.62713595999958,37.57602465999998
0,1,5,CAP-G600-B120-e0,capped,600.0,120.0,0.0,0.0,186.0,105.34782879999976,97.153991,0.27167120098650477,130.62713595999958,37.57602465999998
0,1,5,CAP-G600-B120-e0.25,capped,600.0,120.0,0.25,0.0,248.0,73.6327898599996,93.913897,0.6125058078699186,130.62713595999958,37.57602465999998
0,1,5,CAP-G600-B120-e0.5,capped,600.0,120.0,0.5,0.0,372.0,57.31156924,102.042735,0.7879064064439593,130.62713595999958,37.57602465999998
0,1,5,CAP-G600-B120-e0.75,capped,600.0,120.0,0.75,0.0,600.0,53.70947233999999,157.34497199999998,0.8266173562614928,130.62713595999958,37.57602465999998
0,1,5,CAP-G600-B120-e0.9,capped,600.0,120.0,0.9,0.0,600.0,52.618227799999815,318.125159,0.8383447233477597,130.62713595999958,37.57602465999998
0,1,5,CAP-G600-B120-e0.95,capped,600.0,120.0,0.95,0.0,600.0,52.616211959999994,441.241862,0.8383663871406114,130.62713595999958,37.57602465999998
0,1,5,CAP-G600-B240-e0,capped,600.0,240.0,0.0,0.0,216.0,91.97666035999991,99.862234,0.41536823214705476,130.62713595999958,37.57602465999998
0,1,5,CAP-G600-B240-e0.25,capped,600.0,240.0,0.25,0.0,288.0,62.76693977999999,115.168088,0.7292787289903101,130.62713595999958,37.57602465999998
0,1,5,CAP-G600-B240-e0.5,capped,600.0,240.0,0.5,0.0,432.0,54.64590117999997,157.316913,0.8165537597399971,130.62713595999958,37.57602465999998
0,1,5,CAP-G600-B240-e0.75,capped,600.0,240.0,0.75,0.0,600.0,52.643580319999856,256.014027,0.838072265344348,130.62713595999958,37.57602465999998
0,1,5,CAP-G600-B240-e0.9,capped,600.0,240.0,0.9,0.0,600.0,52.616211959999994,441.241862,0.8383663871406114,130.62713595999958,37.57602465999998
0,1,5,CAP-G600-B240-e0.95,capped,600.0,240.0,0.95,0.0,600.0,52.616211959999994,441.241862,0.8383663871406114,130.62713595999958,37.57602465999998
0,1,5,CAP-G600-B360-e0,capped,600.0,360.0,0.0,0.0,246.0,76.45906281999994,128.718762,0.5821324687392515,130.62713595999958,37.57602465999998
0,1,5,CAP-G600-B360-e0.25,capped,600.0,360.0,0.25,0.0,328.0,58.36566741999989,157.149328,0.7765782431875159,130.62713595999958,37.57602465999998
0,1,5,CAP-G600-B360-e0.5,capped,600.0,360.0,0.5,0.0,492.0,53.45702163999999,232.078764,0.829330388878439,130.62713595999958,37.57602465999998
0,1,5,CAP-G600-B360-e0.75,capped,600.0,360.0,0.75,0.0,600.0,52.616211959999994,367.527019,0.8383663871406114,130.62713595999958,37.57602465999998
0,1,5,CAP-G600-B360-e0.9,capped,600.0,360.0,0.9,0.0,600.0,52.616211959999994,441.241862,0.8383663871406114,130.62713595999958,37.57602465999998
0,1,5,CAP-G600-B360-e0.95,capped,600.0,360.0,0.95,0.0,600.0,52.616211959999994,441.241862,0.8383663871406114,130.62713595999958,37.57602465999998
0,1,5,CAP-G600-B480-e0,capped,600.0,480.0,0.0,0.0,276.0,67.18315247999978,156.99185300000002,0.6818186542174061,130.62713595999958,37.57602465999998
0,1,5,CAP-G600-B480-e0.25,capped,600.0,480.0,0.25,0.0,368.0,55.69587471999995,192.474563,0.8052699230901066,130.62713595999958,37.57602465999998
0,1,5,CAP-G600-B480-e0.5,capped,600.0,480.0,0.5,0.0,552.0,53.304366599999966,256.014027,0.8309709393013981,130.62713595999958,37.57602465999998
0,1,5,CAP-G600-B480-e0.75,capped,600.0,480.0,0.75,0.0,600.0,52.616211959999994,441.241862,0.8383663871406114,130.62713595999958,37.57602465999998
0,1,5,CAP-G600-B480-e0.9,capped,600.0,480.0,0.9,0.0,600.0,52.616211959999994,441.241862,0.8383663871406114,130.62713595999958,37.57602465999998
0,1,5,CAP-G600-B480-e0.95,capped,600.0,480.0,0.95,0.0,600.0,52.616211959999994,441.241862,0.8383663871406114,130.62713595999958,37.57602465999998
0,1,5,CAP-G600-B600-e0,capped,600.0,600.0,0.0,0.0,306.0,61.33060313999986,178.02790000000002,0.7447147256155341,130.62713595999958,37.57602465999998
0,1,5,CAP-G600-B600-e0.25,capped,600.0,600.0,0.25,0.0,408.0,54.33899573999998,232.078764,0.8198520055719091,130.62713595999958,37.57602465999998
0,1,5,CAP-G600-B600-e0.5,capped,600.0,600.0,0.5,0.0,600.0,52.73774051999996,307.47680099999997,0.8370603462099646,130.62713595999958,37.57602465999998
0,1,5,CAP-G600-B600-e0.75,capped,600.0,600.0,0.75,0.0,600.0,52.616211959999994,441.241862,0.8383663871406114,130.62713595999958,37.57602465999998
0,1,5,CAP-G600-B600-e0.9,capped,600.0,600.0,0.9,0.0,600.0,52.616211959999994,441.241862,0.8383663871406114,130.62713595999958,37.57602465999998
0,1,5,CAP-G600-B600-e0.95,capped,600.0,600.0,0.95,0.0,600.0,52.616211959999994,441.241862,0.8383663871406114,130.62713595999958,37.57602465999998
0,1,5,HYB-G600-B0-g1-e0,hybrid,600.0,0.0,0.0,1.0,600.0,89.97555851999999,62.813396999999995,0.43687363720931466,130.62713595999958,37.57602465999998
0,1,5,HYB-G600-B0-g1-e0.9,hybrid,600.0,0.0,0.9,1.0,600.0,52.801895399999964,120.41051399999999,0.8363708877058833,130.62713595999958,37.57602465999998
0,1,5,HYB-G600-B0-g4-e0,hybrid,600.0,0.0,0.0,4.0,600.0,67.97092131999996,65.85234100000001,0.6733526742952493,130.62713595999958,37.57602465999998
0,1,5,HYB-G600-B0-g4-e0.9,hybrid,600.0,0.0,0.9,4.0,600.0,52.63184197999986,224.084548,0.8381984147243607,130.62713595999958,37.57602465999998
0,1,5,HYB-G600-B0-g16-e0,hybrid,600.0,0.0,0.0,16.0,600.0,55.00556641999999,100.797849,0.8126885158436568,130.62713595999958,37.57602465999998
0,1,5,HYB-G600-B0-g16-e0.9,hybrid,600.0,0.0,0.9,16.0,600.0,52.61678921999995,440.72153000000003,0.838360183453284,130.62713595999958,37.57602465999998
0,1,5,HYB-G600-B30-g1-e0,hybrid,600.0,30.0,0.0,1.0,600.0,85.7643476399996,65.85234100000001,0.48213060213070413,130.62713595999958,37.57602465999998
0,1,5,HYB-G600-B30-g1-e0.9,hybrid,600.0,30.0,0.9,1.0,600.0,52.68603995999995,147.13649099999998,0.8376159608531183,130.62713595999958,37.57602465999998
0,1,5,HYB-G600-B30-g4-e0,hybrid,600.0,30.0,0.0,4.0,600.0,64.96160339999987,96.828807,0.7056931576914974,130.62713595999958,37.57602465999998
0,1,5,HYB-G600-B30-g4-e0.9,hybrid,600.0,30.0,0.9,4.0,600.0,52.62188411999987,233.166727,0.8383054296741113,130.62713595999958,37.57602465999998
0,1,5,HYB-G600-B30-g16-e0,hybrid,600.0,30.0,0.0,16.0,600.0,54.317717979999976,109.131832,0.8200806730182484,130.62713595999958,37.57602465999998
0,1,5,HYB-G600-B30-g16-e0.9,hybrid,600.0,30.0,0.9,16.0,600.0,52.61635245999998,440.718427,0.8383648772177527,130.62713595999958,37.57602465999998
0,1,5,HYB-G600-B120-g1-e0,hybrid,600.0,120.0,0.0,1.0,600.0,78.38255363999997,97.147731,0.5614611323830566,130.62713595999958,37.57602465999998
0,1,5,HYB-G600-B120-g1-e0.9,hybrid,600.0,120.0,0.9,1.0,600.0,52.616211959999994,358.555042,0.8383663871406114,130.62713595999958,37.57602465999998
0,1,5,HYB-G600-B120-g4-e0,hybrid,600.0,120.0,0.0,4.0,600.0,59.97611473999991,93.79832,0.7592711170554282,130.62713595999958,37.57602465999998
0,1,5,HYB-G600-B120-g4-e0.9,hybrid,600.0,120.0,0.9,4.0,600.0,52.616211959999994,437.902279,0.8383663871406114,130.62713595999958,37.57602465999998
0,1,5,HYB-G600-B120-g16-e0,hybrid,600.0,120.0,0.0,16.0,600.0,53.8118458,109.256934,0.8255171710130871,130.62713595999958,37.57602465999998
0,1,5,HYB-G600-B120-g16-e0.9,hybrid,600.0,120.0,0.9,16.0,600.0,52.616211959999994,441.241862,0.8383663871406114,130.62713595999958,37.57602465999998
0,1,5,CAP-G1200-B0-e0,capped,1200.0,0.0,0.0,0.0,156.0,130.62713595999958,0.0,0.0,130.62713595999958,37.57602465999998
0,1,5,CAP-G1200-B0-e0.25,capped,1200.0,0.0,0.25,0.0,208.0,88.79992395999999,76.365035,0.4495079254362411,130.62713595999958,37.57602465999998
0,1,5,CAP-G1200-B0-e0.5,capped,1200.0,0.0,0.5,0.0,312.0,63.31230023999997,95.714684,0.7234178590621506,130.62713595999958,37.57602465999998
0,1,5,CAP-G1200-B0-e0.75,capped,1200.0,0.0,0.75,0.0,624.0,53.68729813999997,102.042735,0.8268556575530113,130.62713595999958,37.57602465999998
0,1,5,CAP-G1200-B0-e0.9,capped,1200.0,0.0,0.9,0.0,1200.0,51.08683759999994,109.256934,0.8548022398524538,130.62713595999958,37.57602465999998
0,1,5,CAP-G1200-B0-e0.95,capped,1200.0,0.0,0.95,0.0,1200.0,50.83744659999998,120.86745499999999,0.8574823905407774,130.62713595999958,37.57602465999998
0,1,5,CAP-G1200-B15-e0.25,capped,1200.0,15.0,0.25,0.0,213.0,84.15600025999964,88.83828,0.49941516066557856,130.62713595999958,37.57602465999998
0,1,5,CAP-G1200-B15-e0.5,capped,1200.0,15.0,0.5,0.0,319.5,63.10556135999996,93.79832,0.7256396367186632,130.62713595999958,37.57602465999998
0,1,5,CAP-G1200-B15-e0.75,capped,1200.0,15.0,0.75,0.0,639.0,52.93280369999998,102.025262,0.8349640447550456,130.62713595999958,37.57602465999998
0,1,5,CAP-G1200-B15-e0.9,capped,1200.0,15.0,0.9,0.0,1200.0,51.200440439999916,233.18645,0.8535813749061588,130.62713595999958,37.57602465999998
0,1,5,CAP-G1200-B15-e0.95,capped,1200.0,15.0,0.95,0.0,1200.0,50.680453019999966,244.51817400000002,0.8591695663069416,130.62713595999958,37.57602465999998
0,1,5,CAP-G1200-B30-e0.25,capped,1200.0,30.0,0.25,0.0,218.0,81.69142127999969,89.899107,0.525901453473561,130.62713595999958,37.57602465999998
0,1,5,CAP-G1200-B30-e0.5,capped,1200.0,30.0,0.5,0.0,327.0,61.99775707999987,93.851712,0.7375449677192625,130.62713595999958,37.57602465999998
0,1,5,CAP-G1200-B30-e0.75,capped,1200.0,30.0,0.75,0.0,654.0,52.95448221999996,109.256934,0.8347310704283867,130.62713595999958,37.57602465999998
0,1,5,CAP-G1200-B30-e0.9,capped,1200.0,30.0,0.9,0.0,1200.0,50.937223359999905,142.102918,0.8564101114609688,130.62713595999958,37.57602465999998
0,1,5,CAP-G1200-B30-e0.95,capped,1200.0,30.0,0.95,0.0,1200.0,50.817414759999984,232.078764,0.8576976683565941,130.62713595999958,37.57602465999998
0,1,5,CAP-G1200-B60-e0.25,capped,1200.0,60.0,0.25,0.0,228.0,78.99297729999999,97.131453,0.5549010424338673,130.62713595999958,37.57602465999998
0,1,5,CAP-G1200-B60-e0.5,capped,1200.0,60.0,0.5,0.0,342.0,59.33975909999989,94.074881,0.7661098923382765,130.62713595999958,37.57602465999998
0,1,5,CAP-G1200-B60-e0.75,capped,1200.0,60.0,0.75,0.0,684.0,52.86147197999993,114.230905,0.8357306311934394,130.62713595999958,37.57602465999998
0,1,5,CAP-G1200-B60-e0.9,capped,1200.0,60.0,0.9,0.0,1200.0,50.75468257999989,232.078764,0.8583718374140473,130.62713595999958,37.57602465999998
0,1,5,CAP-G1200-B60-e0.95,capped,1200.0,60.0,0.95,0.0,1200.0,50.72803819999992,331.946778,0.8586581787551417,130.62713595999958,37.57602465999998
0,1,5,CAP-G1200-B120-e0.25,capped,1200.0,120.0,0.25,0.0,248.0,73.6327898599996,93.913897,0.6125058078699186,130.62713595999958,37.57602465999998
0,1,5,CAP-G1200-B120-e0.5,capped,1200.0,120.0,0.5,0.0,372.0,56.925040699999975,102.042735,0.7920603443668911,130.62713595999958,37.57602465999998
0,1,5,CAP-G1200-B120-e0.75,capped,1200.0,120.0,0.75,0.0,744.0,52.07295427999999,157.34497199999998,0.8442046589506977,130.62713595999958,37.57602465999998
0,1,5,CAP-G1200-B120-e0.9,capped,1200.0,120.0,0.9,0.0,1200.0,50.701466059999824,318.125159,0.8589437437487121,130.62713595999958,37.57602465999998
0,1,5,CAP-G1200-B120-e0.95,capped,1200.0,120.0,0.95,0.0,1200.0,50.74917587999986,441.241862,0.8584310167180138,130.62713595999958,37.57602465999998
0,1,5,CAP-G1200-B240-e0.25,capped,1200.0,240.0,0.25,0.0,288.0,62.76693977999999,115.168088,0.7292787289903101,130.62713595999958,37.57602465999998
0,1,5,CAP-G1200-B240-e0.5,capped,1200.0,240.0,0.5,0.0,432.0,54.254768959999986,157.316913,0.8207571724078907,130.62713595999958,37.57602465999998
0,1,5,CAP-G1200-B240-e0.75,capped,1200.0,240.0,0.75,0.0,864.0,50.76710843999999,256.014027,0.858238299406532,130.62713595999958,37.57602465999998
0,1,5,CAP-G1200-B240-e0.9,capped,1200.0,240.0,0.9,0.0,1200.0,50.763583,441.241862,0.8582761865413628,130.62713595999958,37.57602465999998
0,1,5,CAP-G1200-B240-e0.95,capped,1200.0,240.0,0.95,0.0,1200.0,50.74917587999986,441.241862,0.8584310167180138,130.62713595999958,37.57602465999998
0,1,5,CAP-G1200-B360-e0.25,capped,1200.0,360.0,0.25,0.0,328.0,58.36566741999989,157.149328,0.7765782431875159,130.62713595999958,37.57602465999998
0,1,5,CAP-G1200-B360-e0.5,capped,1200.0,360.0,0.5,0.0,492.0,52.96137489999991,232.078764,0.834656996299624,130.62713595999958,37.57602465999998
0,1,5,CAP-G1200-B360-e0.75,capped,1200.0,360.0,0.75,0.0,984.0,50.79430477999999,367.527019,0.8579460262716919,130.62713595999958,37.57602465999998
0,1,5,CAP-G1200-B360-e0.9,capped,1200.0,360.0,0.9,0.0,1200.0,50.74917587999986,441.241862,0.8584310167180138,130.62713595999958,37.57602465999998
0,1,5,CAP-G1200-B360-e0.95,capped,1200.0,360.0,0.95,0.0,1200.0,50.74917587999986,441.241862,0.8584310167180138,130.62713595999958,37.57602465999998
0,1,5,CAP-G1200-B480-e0.25,capped,1200.0,480.0,0.25,0.0,368.0,55.69587471999995,192.474563,0.8052699230901066,130.62713595999958,37.57602465999998
0,1,5,CAP-G1200-B480-e0.5,capped,1200.0,480.0,0.5,0.0,552.0,52.59270933999982,256.014027,0.8386189646721617,130.62713595999958,37.57602465999998
0,1,5,CAP-G1200-B480-e0.75,capped,1200.0,480.0,0.75,0.0,1104.0,50.644464819999996,441.241862,0.8595563236438201,130.62713595999958,37.57602465999998
0,1,5,CAP-G1200-B480-e0.9,capped,1200.0,480.0,0.9,0.0,1200.0,50.74917587999986,441.241862,0.8584310167180138,130.62713595999958,37.57602465999998
0,1,5,CAP-G1200-B480-e0.95,capped,1200.0,480.0,0.95,0.0,1200.0,50.74917587999986,441.241862,0.8584310167180138,130.62713595999958,37.57602465999998
0,1,5,CAP-G1200-B600-e0.25,capped,1200.0,600.0,0.25,0.0,408.0,54.33899573999998,232.078764,0.8198520055719091,130.62713595999958,37.57602465999998
0,1,5,CAP-G1200-B600-e0.5,capped,1200.0,600.0,0.5,0.0,612.0,51.70676769999991,307.47680099999997,0.8481399862658061,130.62713595999958,37.57602465999998
0,1,5,CAP-G1200-B600-e0.75,capped,1200.0,600.0,0.75,0.0,1200.0,50.69752149999999,441.241862,0.8589861350747772,130.62713595999958,37.57602465999998
0,1,5,CAP-G1200-B600-e0.9,capped,1200.0,600.0,0.9,0.0,1200.0,50.74917587999986,441.241862,0.8584310167180138,130.62713595999958,37.57602465999998
0,1,5,CAP-G1200-B600-e0.95,capped,1200.0,600.0,0.95,0.0,1200.0,50.74917587999986,441.241862,0.8584310167180138,130.62713595999958,37.57602465999998
0,1,5,HYB-G1200-B0-g1-e0,hybrid,1200.0,0.0,0.0,1.0,1200.0,89.97555851999999,62.813396999999995,0.43687363720931466,130.62713595999958,37.57602465999998
0,1,5,HYB-G1200-B0-g1-e0.9,hybrid,1200.0,0.0,0.9,1.0,1200.0,50.95711965999989,120.41051399999999,0.8561962902639727,130.62713595999958,37.57602465999998
0,1,5,HYB-G1200-B0-g4-e0,hybrid,1200.0,0.0,0.0,4.0,1200.0,67.44881719999918,65.85234100000001,0.6789636134093184,130.62713595999958,37.57602465999998
0,1,5,HYB-G1200-B0-g4-e0.9,hybrid,1200.0,0.0,0.9,4.0,1200.0,50.77275382,224.084548,0.85817762973885,130.62713595999958,37.57602465999998
0,1,5,HYB-G1200-B0-g16-e0,hybrid,1200.0,0.0,0.0,16.0,1200.0,54.13667507999994,100.797849,0.8220263015816336,130.62713595999958,37.57602465999998
0,1,5,HYB-G1200-B0-g16-e0.9,hybrid,1200.0,0.0,0.9,16.0,1200.0,50.747706419999965,440.72153000000003,0.8584468086841641,130.62713595999958,37.57602465999998
0,1,5,HYB-G1200-B30-g1-e0,hybrid,1200.0,30.0,0.0,1.0,1200.0,85.7643476399996,65.85234100000001,0.48213060213070413,130.62713595999958,37.57602465999998
0,1,5,HYB-G1200-B30-g1-e0.9,hybrid,1200.0,30.0,0.9,1.0,1200.0,50.871508659999975,147.13649099999998,0.8571163330104145,130.62713595999958,37.57602465999998
0,1,5,HYB-G1200-B30-g4-e0,hybrid,1200.0,30.0,0.0,4.0,1200.0,64.71421824,96.828807,0.7083517520547856,130.62713595999958,37.57602465999998
0,1,5,HYB-G1200-B30-g4-e0.9,hybrid,1200.0,30.0,0.9,4.0,1200.0,50.76127707999992,233.166727,0.8583009677607149,130.62713595999958,37.57602465999998
0,1,5,HYB-G1200-B30-g16-e0,hybrid,1200.0,30.0,0.0,16.0,1200.0,53.474207139999876,109.131832,0.8291457000578566,130.62713595999958,37.57602465999998
0,1,5,HYB-G1200-B30-g16-e0.9,hybrid,1200.0,30.0,0.9,16.0,1200.0,50.75075887999991,440.718427,0.8584140045622433,130.62713595999958,37.57602465999998
0,1,5,HYB-G1200-B120-g1-e0,hybrid,1200.0,120.0,0.0,1.0,1200.0,78.38255363999997,97.147731,0.5614611323830566,130.62713595999958,37.57602465999998
0,1,5,HYB-G1200-B120-g1-e0.9,hybrid,1200.0,120.0,0.9,1.0,1200.0,50.76325539999996,358.555042,0.8582797071871183,130.62713595999958,37.57602465999998
0,1,5,HYB-G1200-B120-g4-e0,hybrid,1200.0,120.0,0.0,4.0,1200.0,59.665999759999906,93.79832,0.7626038551137645,130.62713595999958,37.57602465999998
0,1,5,HYB-G1200-B120-g4-e0.9,hybrid,1200.0,120.0,0.9,4.0,1200.0,50.75580273999996,437.902279,0.8583597992988179,130.62713595999958,37.57602465999998
0,1,5,HYB-G1200-B120-g16-e0,hybrid,1200.0,120.0,0.0,16.0,1200.0,52.95148151999993,109.256934,0.8347633182968764,130.62713595999958,37.57602465999998
0,1,5,HYB-G1200-B120-g16-e0.9,hybrid,1200.0,120.0,0.9,16.0,1200.0,50.74917587999986,441.241862,0.8584310167180138,130.62713595999958,37.57602465999998
0,2,4,SJF,reference,-1.0,-1.0,-1.0,-1.0,inf,46.225154939999946,197.658855,1.0,248.57689573999897,46.225154939999946
0,2,4,SPJF-E,reference,-1.0,-1.0,-1.0,-1.0,inf,75.48405895999976,678.504667,0.8554057212242182,248.57689573999897,46.225154939999946
0,2,4,FIX-B15,fixed,-1.0,15.0,0.0,0.0,153.75,249.55318871999935,53.237856,-0.0048247323009952825,248.57689573999897,46.225154939999946
0,2,4,FIX-B17.99,fixed,-1.0,17.99,0.0,0.0,154.4975,249.42275754,53.237856,-0.0041801557854501134,248.57689573999897,46.225154939999946
0,2,4,FIX-B21.576,fixed,-1.0,21.576,0.0,0.0,155.394,249.4153233999997,53.237856,-0.004143417084953105,248.57689573999897,46.225154939999946
0,2,4,FIX-B25.877,fixed,-1.0,25.877,0.0,0.0,156.46925,249.96963861999987,53.237856,-0.006882781806050576,248.57689573999897,46.225154939999946
0,2,4,FIX-B30,fixed,-1.0,30.0,0.0,0.0,157.5,249.61598939999996,53.237856,-0.005135086339721727,248.57689573999897,46.225154939999946
0,2,4,FIX-B31.035,fixed,-1.0,31.035,0.0,0.0,157.75875,249.64771691999988,53.237856,-0.005291880246581553,248.57689573999897,46.225154939999946
0,2,4,FIX-B37.222,fixed,-1.0,37.222,0.0,0.0,159.3055,249.70578247999947,53.237856,-0.005578833844163803,248.57689573999897,46.225154939999946
0,2,4,FIX-B44.641,fixed,-1.0,44.641,0.0,0.0,161.16025,250.04251659999986,55.015554,-0.007242936750662683,248.57689573999897,46.225154939999946
0,2,4,FIX-B53.54,fixed,-1.0,53.54,0.0,0.0,163.385,249.33898323999992,59.435355,-0.0037661524283805346,248.57689573999897,46.225154939999946
0,2,4,FIX-B60,fixed,-1.0,60.0,0.0,0.0,165.0,248.4911550999999,59.526211,0.00042372079261634933,248.57689573999897,46.225154939999946
0,2,4,FIX-B64.212,fixed,-1.0,64.212,0.0,0.0,166.053,248.37845391999952,59.526211,0.0009806776023518165,248.57689573999897,46.225154939999946
0,2,4,FIX-B77.012,fixed,-1.0,77.012,0.0,0.0,169.253,247.9445906999998,62.701541,0.0031247818155621444,248.57689573999897,46.225154939999946
0,2,4,FIX-B92.363,fixed,-1.0,92.363,0.0,0.0,173.09075,246.35473947999992,102.652603,0.010981651312777162,248.57689573999897,46.225154939999946
0,2,4,FIX-B110.774,fixed,-1.0,110.774,0.0,0.0,177.6935,246.08449089999985,102.652603,0.012317190008573117,248.57689573999897,46.225154939999946
0,2,4,FIX-B120,fixed,-1.0,120.0,0.0,0.0,180.0,245.46095869999965,102.652603,0.015398617415795113,248.57689573999897,46.225154939999946
0,2,4,FIX-B132.855,fixed,-1.0,132.855,0.0,0.0,183.21375,243.84640861999912,102.652603,0.02337754595684641,248.57689573999897,46.225154939999946
0,2,4,FIX-B159.338,fixed,-1.0,159.338,0.0,0.0,189.8345,239.4446504999999,102.716638,0.04513054942791532,248.57689573999897,46.225154939999946
0,2,4,FIX-B191.099,fixed,-1.0,191.099,0.0,0.0,197.77474999999998,235.13568327999968,102.716638,0.06642499049852185,248.57689573999897,46.225154939999946
0,2,4,FIX-B229.192,fixed,-1.0,229.192,0.0,0.0,207.298,228.78631572,102.76180000000001,0.09780286515824758,248.57689573999897,46.225154939999946
0,2,4,FIX-B240,fixed,-1.0,240.0,0.0,0.0,210.0,226.78638821999908,102.76180000000001,0.10768628643297541,248.57689573999897,46.225154939999946
0,2,4,FIX-B274.878,fixed,-1.0,274.878,0.0,0.0,218.71949999999998,221.7379777799997,105.849404,0.1326349743960265,248.57689573999897,46.225154939999946
0,2,4,FIX-B329.671,fixed,-1.0,329.671,0.0,0.0,232.41775,212.9397735599999,127.52319899999999,0.17611472992081736,248.57689573999897,46.225154939999946
0,2,4,FIX-B360,fixed,-1.0,360.0,0.0,0.0,240.0,208.28303653999834,151.186545,0.1991278110121444,248.57689573999897,46.225154939999946
0,2,4,FIX-B395.386,fixed,-1.0,395.386,0.0,0.0,248.8465,201.82583463999853,151.31178300000002,0.23103859109474323,248.57689573999897,46.225154939999946
0,2,4,FIX-B474.201,fixed,-1.0,474.201,0.0,0.0,268.55025,187.50912311999946,154.758743,0.30179020145103597,248.57689573999897,46.225154939999946
0,2,4,FIX-B480,fixed,-1.0,480.0,0.0,0.0,270.0,186.52226437999946,163.36240199999997,0.30666714857340044,248.57689573999897,46.225154939999946
0,2,4,FIX-B568.726,fixed,-1.0,568.726,0.0,0.0,292.1815,177.07580453999987,183.229591,0.35335051192205735,248.57689573999897,46.225154939999946
0,2,4,FIX-B600,fixed,-1.0,600.0,0.0,0.0,300.0,173.8462639799991,186.11748699999998,0.36931054541241803,248.57689573999897,46.225154939999946
0,2,4,FIX-B682.093,fixed,-1.0,682.093,0.0,0.0,320.52324999999996,162.82204621999938,199.319692,0.4237910145026042,248.57689573999897,46.225154939999946
0,2,4,FIX-B818.058,fixed,-1.0,818.058,0.0,0.0,354.5145,141.40037133999937,237.66532099999998,0.5296545706811143,248.57689573999897,46.225154939999946
0,2,4,FIX-B981.126,fixed,-1.0,981.126,0.0,0.0,395.2815,125.25205171999983,271.132086,0.6094577863893511,248.57689573999897,46.225154939999946
0,2,4,FIX-B1176.7,fixed,-1.0,1176.699,0.0,0.0,444.17475,115.75869225999956,315.626158,0.6563729224908158,248.57689573999897,46.225154939999946
0,2,4,FIX-B1411.26,fixed,-1.0,1411.256,0.0,0.0,502.814,107.13337253999954,370.40403799999996,0.6989983018717877,248.57689573999897,46.225154939999946
0,2,4,FIX-B1692.57,fixed,-1.0,1692.569,0.0,0.0,573.14225,98.86256329999999,435.82973999999996,0.7398717295344351,248.57689573999897,46.225154939999946
0,2,4,FIX-B2029.96,fixed,-1.0,2029.958,0.0,0.0,657.4895,92.7802153399996,542.6178890000001,0.7699300227616334,248.57689573999897,46.225154939999946
0,2,4,FIX-B2434.6,fixed,-1.0,2434.6,0.0,0.0,758.65,90.17438435999944,625.785151,0.7828077522523607,248.57689573999897,46.225154939999946
0,2,4,FIX-B2919.9,fixed,-1.0,2919.901,0.0,0.0,879.97525,87.1597957999999,678.504667,0.7977055166505386,248.57689573999897,46.225154939999946
0,2,4,FIX-B3501.94,fixed,-1.0,3501.94,0.0,0.0,1025.4850000000001,85.08911503999992,678.504667,0.8079385927378188,248.57689573999897,46.225154939999946
0,2,4,FIX-B4200,fixed,-1.0,4200.0,0.0,0.0,1200.0,83.8081700999993,678.504667,0.81426888144666,248.57689573999897,46.225154939999946
0,2,4,FIXEQ-G300,fixed,300.0,inf,0.0,0.0,300.0,173.8462639799991,186.11748699999998,0.36931054541241803,248.57689573999897,46.225154939999946
0,2,4,CAP-G300-B0-e0,capped,300.0,0.0,0.0,0.0,150.0,248.57689573999897,0.0,0.0,248.57689573999897,46.225154939999946
0,2,4,CAP-G300-B0-e0.25,capped,300.0,0.0,0.25,0.0,200.0,206.40251099999986,113.598302,0.20842116096092075,248.57689573999897,46.225154939999946
0,2,4,CAP-G300-B0-e0.5,capped,300.0,0.0,0.5,0.0,300.0,165.96337573999975,102.76180000000001,0.4082669102493811,248.57689573999897,46.225154939999946
0,2,4,CAP-G300-B0-e0.75,capped,300.0,0.0,0.75,0.0,300.0,167.13568493999995,150.53197200000002,0.40247348739388467,248.57689573999897,46.225154939999946
0,2,4,CAP-G300-B0-e0.9,capped,300.0,0.0,0.9,0.0,300.0,172.19886349999916,183.280484,0.37745181700952374,248.57689573999897,46.225154939999946
0,2,4,CAP-G300-B0-e0.95,capped,300.0,0.0,0.95,0.0,300.0,173.2889995799991,183.280484,0.37206448465601843,248.57689573999897,46.225154939999946
0,2,4,CAP-G300-B15-e0,capped,300.0,15.0,0.0,0.0,153.75,249.55318871999935,53.237856,-0.0048247323009952825,248.57689573999897,46.225154939999946
0,2,4,CAP-G300-B15-e0.25,capped,300.0,15.0,0.25,0.0,205.0,194.0116268599989,62.701541,0.2696555446682885,248.57689573999897,46.225154939999946
0,2,4,CAP-G300-B15-e0.5,capped,300.0,15.0,0.5,0.0,300.0,164.27778951999903,102.76180000000001,0.4165968915647715,248.57689573999897,46.225154939999946
0,2,4,CAP-G300-B15-e0.75,capped,300.0,15.0,0.75,0.0,300.0,166.93922773999944,156.77094200000002,0.4034443572229448,248.57689573999897,46.225154939999946
0,2,4,CAP-G300-B15-e0.9,capped,300.0,15.0,0.9,0.0,300.0,173.15070089999963,183.280484,0.37274794148941515,248.57689573999897,46.225154939999946
0,2,4,CAP-G300-B15-e0.95,capped,300.0,15.0,0.95,0.0,300.0,173.6299616199997,183.280484,0.37037948783487623,248.57689573999897,46.225154939999946
0,2,4,CAP-G300-B30-e0,capped,300.0,30.0,0.0,0.0,157.5,249.61598939999996,53.237856,-0.005135086339721727,248.57689573999897,46.225154939999946
0,2,4,CAP-G300-B30-e0.25,capped,300.0,30.0,0.25,0.0,210.0,189.7327573,74.92306699999999,0.2908012464205065,248.57689573999897,46.225154939999946
0,2,4,CAP-G300-B30-e0.5,capped,300.0,30.0,0.5,0.0,300.0,165.56351585999994,102.76180000000001,0.41024297370413054,248.57689573999897,46.225154939999946
0,2,4,CAP-G300-B30-e0.75,capped,300.0,30.0,0.75,0.0,300.0,167.4512404599992,152.54721099999998,0.4009140467943044,248.57689573999897,46.225154939999946
0,2,4,CAP-G300-B30-e0.9,capped,300.0,30.0,0.9,0.0,300.0,173.32760749999832,183.280484,0.3718736885707139,248.57689573999897,46.225154939999946
0,2,4,CAP-G300-B30-e0.95,capped,300.0,30.0,0.95,0.0,300.0,173.8462639799991,186.11748699999998,0.36931054541241803,248.57689573999897,46.225154939999946
0,2,4,CAP-G300-B60-e0,capped,300.0,60.0,0.0,0.0,165.0,248.4911550999999,59.526211,0.00042372079261634933,248.57689573999897,46.225154939999946
0,2,4,CAP-G300-B60-e0.25,capped,300.0,60.0,0.25,0.0,220.0,185.37217705999993,102.716638,0.3123507533472099,248.57689573999897,46.225154939999946
0,2,4,CAP-G300-B60-e0.5,capped,300.0,60.0,0.5,0.0,300.0,162.55731656,105.849404,0.42509927930404734,248.57689573999897,46.225154939999946
0,2,4,CAP-G300-B60-e0.75,capped,300.0,60.0,0.75,0.0,300.0,170.87973231999976,151.524922,0.38397081790758475,248.57689573999897,46.225154939999946
0,2,4,CAP-G300-B60-e0.9,capped,300.0,60.0,0.9,0.0,300.0,173.8462639799991,186.11748699999998,0.36931054541241803,248.57689573999897,46.225154939999946
0,2,4,CAP-G300-B60-e0.95,capped,300.0,60.0,0.95,0.0,300.0,173.8462639799991,186.11748699999998,0.36931054541241803,248.57689573999897,46.225154939999946
0,2,4,CAP-G300-B120-e0,capped,300.0,120.0,0.0,0.0,180.0,245.46095869999965,102.652603,0.015398617415795113,248.57689573999897,46.225154939999946
0,2,4,CAP-G300-B120-e0.25,capped,300.0,120.0,0.25,0.0,240.0,179.69941897999968,102.76180000000001,0.34038489853208925,248.57689573999897,46.225154939999946
0,2,4,CAP-G300-B120-e0.5,capped,300.0,120.0,0.5,0.0,300.0,166.83644678,145.666115,0.4039522893988337,248.57689573999897,46.225154939999946
0,2,4,CAP-G300-B120-e0.75,capped,300.0,120.0,0.75,0.0,300.0,173.4594278599994,183.280484,0.3712222468807144,248.57689573999897,46.225154939999946
0,2,4,CAP-G300-B120-e0.9,capped,300.0,120.0,0.9,0.0,300.0,173.8462639799991,186.11748699999998,0.36931054541241803,248.57689573999897,46.225154939999946
0,2,4,CAP-G300-B120-e0.95,capped,300.0,120.0,0.95,0.0,300.0,173.8462639799991,186.11748699999998,0.36931054541241803,248.57689573999897,46.225154939999946
0,2,4,CAP-G300-B240-e0,capped,300.0,240.0,0.0,0.0,210.0,226.78638821999908,102.76180000000001,0.10768628643297541,248.57689573999897,46.225154939999946
0,2,4,CAP-G300-B240-e0.25,capped,300.0,240.0,0.25,0.0,280.0,170.42339741999996,151.31178300000002,0.3862259746865464,248.57689573999897,46.225154939999946
0,2,4,CAP-G300-B240-e0.5,capped,300.0,240.0,0.5,0.0,300.0,172.35183469999924,183.280484,0.3766958501994765,248.57689573999897,46.225154939999946
0,2,4,CAP-G300-B240-e0.75,capped,300.0,240.0,0.75,0.0,300.0,173.8462639799991,186.11748699999998,0.36931054541241803,248.57689573999897,46.225154939999946
0,2,4,CAP-G300-B240-e0.9,capped,300.0,240.0,0.9,0.0,300.0,173.8462639799991,186.11748699999998,0.36931054541241803,248.57689573999897,46.225154939999946
0,2,4,CAP-G300-B240-e0.95,capped,300.0,240.0,0.95,0.0,300.0,173.8462639799991,186.11748699999998,0.36931054541241803,248.57689573999897,46.225154939999946
0,2,4,CAP-G300-B360-e0,capped,300.0,360.0,0.0,0.0,240.0,208.28303653999834,151.186545,0.1991278110121444,248.57689573999897,46.225154939999946
0,2,4,CAP-G300-B360-e0.25,capped,300.0,360.0,0.25,0.0,300.0,169.80338173999982,163.389502,0.3892900238395159,248.57689573999897,46.225154939999946
0,2,4,CAP-G300-B360-e0.5,capped,300.0,360.0,0.5,0.0,300.0,173.8462639799991,186.11748699999998,0.36931054541241803,248.57689573999897,46.225154939999946
0,2,4,CAP-G300-B360-e0.75,capped,300.0,360.0,0.75,0.0,300.0,173.8462639799991,186.11748699999998,0.36931054541241803,248.57689573999897,46.225154939999946
0,2,4,CAP-G300-B360-e0.9,capped,300.0,360.0,0.9,0.0,300.0,173.8462639799991,186.11748699999998,0.36931054541241803,248.57689573999897,46.225154939999946
0,2,4,CAP-G300-B360-e0.95,capped,300.0,360.0,0.95,0.0,300.0,173.8462639799991,186.11748699999998,0.36931054541241803,248.57689573999897,46.225154939999946
0,2,4,CAP-G300-B480-e0,capped,300.0,480.0,0.0,0.0,270.0,186.52226437999946,163.36240199999997,0.30666714857340044,248.57689573999897,46.225154939999946
0,2,4,CAP-G300-B480-e0.25,capped,300.0,480.0,0.25,0.0,300.0,173.8462639799991,186.11748699999998,0.36931054541241803,248.57689573999897,46.225154939999946
0,2,4,CAP-G300-B480-e0.5,capped,300.0,480.0,0.5,0.0,300.0,173.8462639799991,186.11748699999998,0.36931054541241803,248.57689573999897,46.225154939999946
0,2,4,CAP-G300-B480-e0.75,capped,300.0,480.0,0.75,0.0,300.0,173.8462639799991,186.11748699999998,0.36931054541241803,248.57689573999897,46.225154939999946
0,2,4,CAP-G300-B480-e0.9,capped,300.0,480.0,0.9,0.0,300.0,173.8462639799991,186.11748699999998,0.36931054541241803,248.57689573999897,46.225154939999946
0,2,4,CAP-G300-B480-e0.95,capped,300.0,480.0,0.95,0.0,300.0,173.8462639799991,186.11748699999998,0.36931054541241803,248.57689573999897,46.225154939999946
0,2,4,HYB-G300-B0-g1-e0,hybrid,300.0,0.0,0.0,1.0,300.0,213.47678255999958,57.05051,0.17346089063148581,248.57689573999897,46.225154939999946
0,2,4,HYB-G300-B0-g1-e0.9,hybrid,300.0,0.0,0.9,1.0,300.0,173.2612018599996,183.280484,0.3722018579244154,248.57689573999897,46.225154939999946
0,2,4,HYB-G300-B0-g4-e0,hybrid,300.0,0.0,0.0,4.0,300.0,186.57098731999986,53.237856,0.3064263651741187,248.57689573999897,46.225154939999946
0,2,4,HYB-G300-B0-g4-e0.9,hybrid,300.0,0.0,0.9,4.0,300.0,173.6220160599997,183.280484,0.3704187539166435,248.57689573999897,46.225154939999946
0,2,4,HYB-G300-B0-g16-e0,hybrid,300.0,0.0,0.0,16.0,300.0,176.44243527999947,98.035865,0.3564805529955681,248.57689573999897,46.225154939999946
0,2,4,HYB-G300-B0-g16-e0.9,hybrid,300.0,0.0,0.9,16.0,300.0,173.8362807599994,186.11748699999998,0.36935988138531467,248.57689573999897,46.225154939999946
0,2,4,HYB-G300-B30-g1-e0,hybrid,300.0,30.0,0.0,1.0,300.0,207.94108179999978,53.237856,0.20081771364726206,248.57689573999897,46.225154939999946
0,2,4,HYB-G300-B30-g1-e0.9,hybrid,300.0,30.0,0.9,1.0,300.0,173.63245256,183.280484,0.3703671778839441,248.57689573999897,46.225154939999946
0,2,4,HYB-G300-B30-g4-e0,hybrid,300.0,30.0,0.0,4.0,300.0,182.5157025599999,73.247379,0.3264671354880649,248.57689573999897,46.225154939999946
0,2,4,HYB-G300-B30-g4-e0.9,hybrid,300.0,30.0,0.9,4.0,300.0,173.72840253999954,183.280484,0.36989300365831,248.57689573999897,46.225154939999946
0,2,4,HYB-G300-B30-g16-e0,hybrid,300.0,30.0,0.0,16.0,300.0,176.89491107999999,98.04715499999999,0.3542444674634563,248.57689573999897,46.225154939999946
0,2,4,HYB-G300-B30-g16-e0.9,hybrid,300.0,30.0,0.9,16.0,300.0,173.8462639799991,186.11748699999998,0.36931054541241803,248.57689573999897,46.225154939999946
0,2,4,HYB-G300-B120-g1-e0,hybrid,300.0,120.0,0.0,1.0,300.0,194.5341823399999,102.652603,0.267073133081736,248.57689573999897,46.225154939999946
0,2,4,HYB-G300-B120-g1-e0.9,hybrid,300.0,120.0,0.9,1.0,300.0,173.8462639799991,186.11748699999998,0.36931054541241803,248.57689573999897,46.225154939999946
0,2,4,HYB-G300-B120-g4-e0,hybrid,300.0,120.0,0.0,4.0,300.0,177.00606735999992,102.652603,0.3536951453792455,248.57689573999897,46.225154939999946
0,2,4,HYB-G300-B120-g4-e0.9,hybrid,300.0,120.0,0.9,4.0,300.0,173.8462639799991,186.11748699999998,0.36931054541241803,248.57689573999897,46.225154939999946
0,2,4,HYB-G300-B120-g16-e0,hybrid,300.0,120.0,0.0,16.0,300.0,176.6736967,118.977424,0.35533768454735887,248.57689573999897,46.225154939999946
0,2,4,HYB-G300-B120-g16-e0.9,hybrid,300.0,120.0,0.9,16.0,300.0,173.8462639799991,186.11748699999998,0.36931054541241803,248.57689573999897,46.225154939999946
0,2,4,FIXEQ-G600,fixed,600.0,inf,0.0,0.0,600.0,96.38876113999994,490.52635899999996,0.7520969871488241,248.57689573999897,46.225154939999946
0,2,4,CAP-G600-B0-e0,capped,600.0,0.0,0.0,0.0,150.0,248.57689573999897,0.0,0.0,248.57689573999897,46.225154939999946
0,2,4,CAP-G600-B0-e0.25,capped,600.0,0.0,0.25,0.0,200.0,202.24277561999986,113.598302,0.22897811472645033,248.57689573999897,46.225154939999946
0,2,4,CAP-G600-B0-e0.5,capped,600.0,0.0,0.5,0.0,300.0,132.80341567999997,102.76180000000001,0.5721397780038251,248.57689573999897,46.225154939999946
0,2,4,CAP-G600-B0-e0.75,capped,600.0,0.0,0.75,0.0,600.0,105.37771525999958,150.53197200000002,0.7076745666425227,248.57689573999897,46.225154939999946
0,2,4,CAP-G600-B0-e0.9,capped,600.0,0.0,0.9,0.0,600.0,97.02590723999978,223.60054300000002,0.748948281348316,248.57689573999897,46.225154939999946
0,2,4,CAP-G600-B0-e0.95,capped,600.0,0.0,0.95,0.0,600.0,96.74508873999913,223.60054300000002,0.7503360554237475,248.57689573999897,46.225154939999946
0,2,4,CAP-G600-B15-e0,capped,600.0,15.0,0.0,0.0,153.75,249.55318871999935,53.237856,-0.0048247323009952825,248.57689573999897,46.225154939999946
0,2,4,CAP-G600-B15-e0.25,capped,600.0,15.0,0.25,0.0,205.0,189.87245905999987,62.701541,0.29011085572039413,248.57689573999897,46.225154939999946
0,2,4,CAP-G600-B15-e0.5,capped,600.0,15.0,0.5,0.0,307.5,131.47251149999937,102.76180000000001,0.5787169597702821,248.57689573999897,46.225154939999946
0,2,4,CAP-G600-B15-e0.75,capped,600.0,15.0,0.75,0.0,600.0,102.64212521999987,156.77094200000002,0.7211935511058367,248.57689573999897,46.225154939999946
0,2,4,CAP-G600-B15-e0.9,capped,600.0,15.0,0.9,0.0,600.0,97.67716611999997,223.60054300000002,0.7457298317445447,248.57689573999897,46.225154939999946
0,2,4,CAP-G600-B15-e0.95,capped,600.0,15.0,0.95,0.0,600.0,96.79731619999966,223.60054300000002,0.7500779530728902,248.57689573999897,46.225154939999946
0,2,4,CAP-G600-B30-e0,capped,600.0,30.0,0.0,0.0,157.5,249.61598939999996,53.237856,-0.005135086339721727,248.57689573999897,46.225154939999946
0,2,4,CAP-G600-B30-e0.25,capped,600.0,30.0,0.25,0.0,210.0,183.6190327199999,74.92306699999999,0.3210145994454395,248.57689573999897,46.225154939999946
0,2,4,CAP-G600-B30-e0.5,capped,600.0,30.0,0.5,0.0,315.0,130.03217031999986,102.76180000000001,0.5858349671286825,248.57689573999897,46.225154939999946
0,2,4,CAP-G600-B30-e0.75,capped,600.0,30.0,0.75,0.0,600.0,102.60194629999985,152.54721099999998,0.721392110899991,248.57689573999897,46.225154939999946
0,2,4,CAP-G600-B30-e0.9,capped,600.0,30.0,0.9,0.0,600.0,98.15304525999977,223.60054300000002,0.7433780894856523,248.57689573999897,46.225154939999946
0,2,4,CAP-G600-B30-e0.95,capped,600.0,30.0,0.95,0.0,600.0,96.27680687999992,428.967993,0.7526502527622425,248.57689573999897,46.225154939999946
0,2,4,CAP-G600-B60-e0,capped,600.0,60.0,0.0,0.0,165.0,248.4911550999999,59.526211,0.00042372079261634933,248.57689573999897,46.225154939999946
0,2,4,CAP-G600-B60-e0.25,capped,600.0,60.0,0.25,0.0,220.0,178.37814319999939,102.716638,0.34691449780697875,248.57689573999897,46.225154939999946
0,2,4,CAP-G600-B60-e0.5,capped,600.0,60.0,0.5,0.0,330.0,127.50091451999998,105.849404,0.5983441542994602,248.57689573999897,46.225154939999946
0,2,4,CAP-G600-B60-e0.75,capped,600.0,60.0,0.75,0.0,600.0,101.39296295999979,151.524922,0.7273667733131747,248.57689573999897,46.225154939999946
0,2,4,CAP-G600-B60-e0.9,capped,600.0,60.0,0.9,0.0,600.0,97.11388395999994,265.167085,0.748513510094793,248.57689573999897,46.225154939999946
0,2,4,CAP-G600-B60-e0.95,capped,600.0,60.0,0.95,0.0,600.0,96.44778343999992,360.85546700000003,0.7518053054476109,248.57689573999897,46.225154939999946
0,2,4,CAP-G600-B120-e0,capped,600.0,120.0,0.0,0.0,180.0,245.46095869999965,102.652603,0.015398617415795113,248.57689573999897,46.225154939999946
0,2,4,CAP-G600-B120-e0.25,capped,600.0,120.0,0.25,0.0,240.0,168.27115179999993,102.76180000000001,0.39686213532193854,248.57689573999897,46.225154939999946
0,2,4,CAP-G600-B120-e0.5,capped,600.0,120.0,0.5,0.0,360.0,120.87050291999972,145.666115,0.6311109176284382,248.57689573999897,46.225154939999946
0,2,4,CAP-G600-B120-e0.75,capped,600.0,120.0,0.75,0.0,600.0,99.2666292599998,219.727394,0.7378748800959161,248.57689573999897,46.225154939999946
0,2,4,CAP-G600-B120-e0.9,capped,600.0,120.0,0.9,0.0,600.0,96.45876519999987,360.85546700000003,0.7517510348000912,248.57689573999897,46.225154939999946
0,2,4,CAP-G600-B120-e0.95,capped,600.0,120.0,0.95,0.0,600.0,96.38876113999994,490.52635899999996,0.7520969871488241,248.57689573999897,46.225154939999946
0,2,4,CAP-G600-B240-e0,capped,600.0,240.0,0.0,0.0,210.0,226.78638821999908,102.76180000000001,0.10768628643297541,248.57689573999897,46.225154939999946
0,2,4,CAP-G600-B240-e0.25,capped,600.0,240.0,0.25,0.0,280.0,152.49675053999982,151.31178300000002,0.4748174877080159,248.57689573999897,46.225154939999946
0,2,4,CAP-G600-B240-e0.5,capped,600.0,240.0,0.5,0.0,420.0,111.10916335999964,183.304946,0.6793503818475676,248.57689573999897,46.225154939999946
0,2,4,CAP-G600-B240-e0.75,capped,600.0,240.0,0.75,0.0,600.0,96.80096689999982,296.91533699999997,0.7500599117158664,248.57689573999897,46.225154939999946
0,2,4,CAP-G600-B240-e0.9,capped,600.0,240.0,0.9,0.0,600.0,96.38876113999994,490.52635899999996,0.7520969871488241,248.57689573999897,46.225154939999946
0,2,4,CAP-G600-B240-e0.95,capped,600.0,240.0,0.95,0.0,600.0,96.38876113999994,490.52635899999996,0.7520969871488241,248.57689573999897,46.225154939999946
0,2,4,CAP-G600-B360-e0,capped,600.0,360.0,0.0,0.0,240.0,208.28303653999834,151.186545,0.1991278110121444,248.57689573999897,46.225154939999946
0,2,4,CAP-G600-B360-e0.25,capped,600.0,360.0,0.25,0.0,320.0,139.90802807999938,163.389502,0.5370295665872528,248.57689573999897,46.225154939999946
0,2,4,CAP-G600-B360-e0.5,capped,600.0,360.0,0.5,0.0,480.0,101.04241687999992,223.60054300000002,0.7290991334036488,248.57689573999897,46.225154939999946
0,2,4,CAP-G600-B360-e0.75,capped,600.0,360.0,0.75,0.0,600.0,96.21410709999975,429.86856,0.7529601081642879,248.57689573999897,46.225154939999946
0,2,4,CAP-G600-B360-e0.9,capped,600.0,360.0,0.9,0.0,600.0,96.38876113999994,490.52635899999996,0.7520969871488241,248.57689573999897,46.225154939999946
0,2,4,CAP-G600-B360-e0.95,capped,600.0,360.0,0.95,0.0,600.0,96.38876113999994,490.52635899999996,0.7520969871488241,248.57689573999897,46.225154939999946
0,2,4,CAP-G600-B480-e0,capped,600.0,480.0,0.0,0.0,270.0,186.52226437999946,163.36240199999997,0.30666714857340044,248.57689573999897,46.225154939999946
0,2,4,CAP-G600-B480-e0.25,capped,600.0,480.0,0.25,0.0,360.0,124.98183139999996,199.319692,0.6107931854273408,248.57689573999897,46.225154939999946
0,2,4,CAP-G600-B480-e0.5,capped,600.0,480.0,0.5,0.0,540.0,98.92639601999957,274.101998,0.7395562752677842,248.57689573999897,46.225154939999946
0,2,4,CAP-G600-B480-e0.75,capped,600.0,480.0,0.75,0.0,600.0,96.38876113999994,490.52635899999996,0.7520969871488241,248.57689573999897,46.225154939999946
0,2,4,CAP-G600-B480-e0.9,capped,600.0,480.0,0.9,0.0,600.0,96.38876113999994,490.52635899999996,0.7520969871488241,248.57689573999897,46.225154939999946
0,2,4,CAP-G600-B480-e0.95,capped,600.0,480.0,0.95,0.0,600.0,96.38876113999994,490.52635899999996,0.7520969871488241,248.57689573999897,46.225154939999946
0,2,4,CAP-G600-B600-e0,capped,600.0,600.0,0.0,0.0,300.0,173.8462639799991,186.11748699999998,0.36931054541241803,248.57689573999897,46.225154939999946
0,2,4,CAP-G600-B600-e0.25,capped,600.0,600.0,0.25,0.0,400.0,111.64904469999996,233.278499,0.6766823477705396,248.57689573999897,46.225154939999946
0,2,4,CAP-G600-B600-e0.5,capped,600.0,600.0,0.5,0.0,600.0,95.99083363999999,333.05879799999997,0.7540635009945993,248.57689573999897,46.225154939999946
0,2,4,CAP-G600-B600-e0.75,capped,600.0,600.0,0.75,0.0,600.0,96.38876113999994,490.52635899999996,0.7520969871488241,248.57689573999897,46.225154939999946
0,2,4,CAP-G600-B600-e0.9,capped,600.0,600.0,0.9,0.0,600.0,96.38876113999994,490.52635899999996,0.7520969871488241,248.57689573999897,46.225154939999946
0,2,4,CAP-G600-B600-e0.95,capped,600.0,600.0,0.95,0.0,600.0,96.38876113999994,490.52635899999996,0.7520969871488241,248.57689573999897,46.225154939999946
0,2,4,HYB-G600-B0-g1-e0,hybrid,600.0,0.0,0.0,1.0,600.0,199.13880263999997,57.05051,0.24431760707639658,248.57689573999897,46.225154939999946
0,2,4,HYB-G600-B0-g1-e0.9,hybrid,600.0,0.0,0.9,1.0,600.0,96.74077273999993,223.60054300000002,0.7503573846200378,248.57689573999897,46.225154939999946
0,2,4,HYB-G600-B0-g4-e0,hybrid,600.0,0.0,0.0,4.0,600.0,154.44299989999988,53.237856,0.46519933788481427,248.57689573999897,46.225154939999946
0,2,4,HYB-G600-B0-g4-e0.9,hybrid,600.0,0.0,0.9,4.0,600.0,96.48249989999994,223.60054300000002,0.751633740528709,248.57689573999897,46.225154939999946
0,2,4,HYB-G600-B0-g16-e0,hybrid,600.0,0.0,0.0,16.0,600.0,108.1439951399999,98.035865,0.6940039163725333,248.57689573999897,46.225154939999946
0,2,4,HYB-G600-B0-g16-e0.9,hybrid,600.0,0.0,0.9,16.0,600.0,96.38683251999998,371.421963,0.752106518176293,248.57689573999897,46.225154939999946
0,2,4,HYB-G600-B30-g1-e0,hybrid,600.0,30.0,0.0,1.0,600.0,193.1605682799996,53.237856,0.2738613823677055,248.57689573999897,46.225154939999946
0,2,4,HYB-G600-B30-g1-e0.9,hybrid,600.0,30.0,0.9,1.0,600.0,96.85614039999943,223.60054300000002,0.7497872503600437,248.57689573999897,46.225154939999946
0,2,4,HYB-G600-B30-g4-e0,hybrid,600.0,30.0,0.0,4.0,600.0,150.2940679199999,73.247379,0.4857029024382851,248.57689573999897,46.225154939999946
0,2,4,HYB-G600-B30-g4-e0.9,hybrid,600.0,30.0,0.9,4.0,600.0,96.35517941999991,243.594316,0.7522629443077161,248.57689573999897,46.225154939999946
0,2,4,HYB-G600-B30-g16-e0,hybrid,600.0,30.0,0.0,16.0,600.0,106.8569223999998,98.04715499999999,0.7003644879935713,248.57689573999897,46.225154939999946
0,2,4,HYB-G600-B30-g16-e0.9,hybrid,600.0,30.0,0.9,16.0,600.0,96.39203935999998,469.189559,0.7520807865469064,248.57689573999897,46.225154939999946
0,2,4,HYB-G600-B120-g1-e0,hybrid,600.0,120.0,0.0,1.0,600.0,178.2013019999997,102.652603,0.34778842752609324,248.57689573999897,46.225154939999946
0,2,4,HYB-G600-B120-g1-e0.9,hybrid,600.0,120.0,0.9,1.0,600.0,96.4193588799998,362.87172000000004,0.7519457764902011,248.57689573999897,46.225154939999946
0,2,4,HYB-G600-B120-g4-e0,hybrid,600.0,120.0,0.0,4.0,600.0,140.17951423999972,102.652603,0.5356879119075005,248.57689573999897,46.225154939999946
0,2,4,HYB-G600-B120-g4-e0.9,hybrid,600.0,120.0,0.9,4.0,600.0,96.4193588799998,467.647884,0.7519457764902011,248.57689573999897,46.225154939999946
0,2,4,HYB-G600-B120-g16-e0,hybrid,600.0,120.0,0.0,16.0,600.0,103.42947823999994,118.977424,0.7173025392623642,248.57689573999897,46.225154939999946
0,2,4,HYB-G600-B120-g16-e0.9,hybrid,600.0,120.0,0.9,16.0,600.0,96.3980709799999,464.99855499999995,0.7520509789456667,248.57689573999897,46.225154939999946
0,2,4,CAP-G1200-B0-e0,capped,1200.0,0.0,0.0,0.0,150.0,248.57689573999897,0.0,0.0,248.57689573999897,46.225154939999946
0,2,4,CAP-G1200-B0-e0.25,capped,1200.0,0.0,0.25,0.0,200.0,202.24277561999986,113.598302,0.22897811472645033,248.57689573999897,46.225154939999946
0,2,4,CAP-G1200-B0-e0.5,capped,1200.0,0.0,0.5,0.0,300.0,128.8245113399998,102.76180000000001,0.5918030847007162,248.57689573999897,46.225154939999946
0,2,4,CAP-G1200-B0-e0.75,capped,1200.0,0.0,0.75,0.0,600.0,96.16908301999966,150.53197200000002,0.7531826122051333,248.57689573999897,46.225154939999946
0,2,4,CAP-G1200-B0-e0.9,capped,1200.0,0.0,0.9,0.0,1200.0,85.4428794799994,223.60054300000002,0.8061903278669513,248.57689573999897,46.225154939999946
0,2,4,CAP-G1200-B0-e0.95,capped,1200.0,0.0,0.95,0.0,1200.0,84.32032749999986,223.60054300000002,0.8117378560254023,248.57689573999897,46.225154939999946
0,2,4,CAP-G1200-B15-e0.25,capped,1200.0,15.0,0.25,0.0,205.0,189.87245905999987,62.701541,0.29011085572039413,248.57689573999897,46.225154939999946
0,2,4,CAP-G1200-B15-e0.5,capped,1200.0,15.0,0.5,0.0,307.5,127.42026849999996,102.76180000000001,0.5987426980415659,248.57689573999897,46.225154939999946
0,2,4,CAP-G1200-B15-e0.75,capped,1200.0,15.0,0.75,0.0,615.0,93.80015125999998,156.77094200000002,0.7648896118614451,248.57689573999897,46.225154939999946
0,2,4,CAP-G1200-B15-e0.9,capped,1200.0,15.0,0.9,0.0,1200.0,85.65609337999997,223.60054300000002,0.8051366482734,248.57689573999897,46.225154939999946
0,2,4,CAP-G1200-B15-e0.95,capped,1200.0,15.0,0.95,0.0,1200.0,84.38593833999997,223.60054300000002,0.8114136144856916,248.57689573999897,46.225154939999946
0,2,4,CAP-G1200-B30-e0.25,capped,1200.0,30.0,0.25,0.0,210.0,183.6190327199999,74.92306699999999,0.3210145994454395,248.57689573999897,46.225154939999946
0,2,4,CAP-G1200-B30-e0.5,capped,1200.0,30.0,0.5,0.0,315.0,125.08512943999968,102.76180000000001,0.6102826978990827,248.57689573999897,46.225154939999946
0,2,4,CAP-G1200-B30-e0.75,capped,1200.0,30.0,0.75,0.0,630.0,93.10785777999995,152.54721099999998,0.7683108499356175,248.57689573999897,46.225154939999946
0,2,4,CAP-G1200-B30-e0.9,capped,1200.0,30.0,0.9,0.0,1200.0,84.60241763999969,223.60054300000002,0.810343797645254,248.57689573999897,46.225154939999946
0,2,4,CAP-G1200-B30-e0.95,capped,1200.0,30.0,0.95,0.0,1200.0,84.42467941999989,428.967993,0.8112221603383403,248.57689573999897,46.225154939999946
0,2,4,CAP-G1200-B60-e0.25,capped,1200.0,60.0,0.25,0.0,220.0,178.37814319999939,102.716638,0.34691449780697875,248.57689573999897,46.225154939999946
0,2,4,CAP-G1200-B60-e0.5,capped,1200.0,60.0,0.5,0.0,330.0,121.19346219999974,105.849404,0.6295148884629701,248.57689573999897,46.225154939999946
0,2,4,CAP-G1200-B60-e0.75,capped,1200.0,60.0,0.75,0.0,660.0,92.95199283999993,151.524922,0.7690811172897989,248.57689573999897,46.225154939999946
0,2,4,CAP-G1200-B60-e0.9,capped,1200.0,60.0,0.9,0.0,1200.0,84.48336959999993,265.167085,0.8109321199375609,248.57689573999897,46.225154939999946
0,2,4,CAP-G1200-B60-e0.95,capped,1200.0,60.0,0.95,0.0,1200.0,83.99544511999989,360.85546700000003,0.8133433889391076,248.57689573999897,46.225154939999946
0,2,4,CAP-G1200-B120-e0.25,capped,1200.0,120.0,0.25,0.0,240.0,168.27115179999993,102.76180000000001,0.39686213532193854,248.57689573999897,46.225154939999946
0,2,4,CAP-G1200-B120-e0.5,capped,1200.0,120.0,0.5,0.0,360.0,113.75905273999985,145.666115,0.6662549206001186,248.57689573999897,46.225154939999946
0,2,4,CAP-G1200-B120-e0.75,capped,1200.0,120.0,0.75,0.0,720.0,89.94124291999997,219.727394,0.7839599115521905,248.57689573999897,46.225154939999946
0,2,4,CAP-G1200-B120-e0.9,capped,1200.0,120.0,0.9,0.0,1200.0,84.06473383999936,360.85546700000003,0.813000971721813,248.57689573999897,46.225154939999946
0,2,4,CAP-G1200-B120-e0.95,capped,1200.0,120.0,0.95,0.0,1200.0,83.92329299999969,637.8302880000001,0.8136999567636044,248.57689573999897,46.225154939999946
0,2,4,CAP-G1200-B240-e0.25,capped,1200.0,240.0,0.25,0.0,280.0,152.42688169999917,151.31178300000002,0.4751627718144161,248.57689573999897,46.225154939999946
0,2,4,CAP-G1200-B240-e0.5,capped,1200.0,240.0,0.5,0.0,420.0,102.95311555999949,183.304946,0.7196566711226443,248.57689573999897,46.225154939999946
0,2,4,CAP-G1200-B240-e0.75,capped,1200.0,240.0,0.75,0.0,840.0,85.65749617999973,296.91533699999997,0.8051297157904166,248.57689573999897,46.225154939999946
0,2,4,CAP-G1200-B240-e0.9,capped,1200.0,240.0,0.9,0.0,1200.0,83.77970673999994,637.8302880000001,0.8144095442345699,248.57689573999897,46.225154939999946
0,2,4,CAP-G1200-B240-e0.95,capped,1200.0,240.0,0.95,0.0,1200.0,83.8081700999993,678.504667,0.81426888144666,248.57689573999897,46.225154939999946
0,2,4,CAP-G1200-B360-e0.25,capped,1200.0,360.0,0.25,0.0,320.0,139.98428307999993,163.389502,0.5366527227820101,248.57689573999897,46.225154939999946
0,2,4,CAP-G1200-B360-e0.5,capped,1200.0,360.0,0.5,0.0,480.0,94.15591391999999,223.60054300000002,0.7631314720075772,248.57689573999897,46.225154939999946
0,2,4,CAP-G1200-B360-e0.75,capped,1200.0,360.0,0.75,0.0,960.0,84.55277224,429.86856,0.8105891397401794,248.57689573999897,46.225154939999946
0,2,4,CAP-G1200-B360-e0.9,capped,1200.0,360.0,0.9,0.0,1200.0,83.8081700999993,678.504667,0.81426888144666,248.57689573999897,46.225154939999946
0,2,4,CAP-G1200-B360-e0.95,capped,1200.0,360.0,0.95,0.0,1200.0,83.8081700999993,678.504667,0.81426888144666,248.57689573999897,46.225154939999946
0,2,4,CAP-G1200-B480-e0.25,capped,1200.0,480.0,0.25,0.0,360.0,124.6374139399992,199.319692,0.6124952585532705,248.57689573999897,46.225154939999946
0,2,4,CAP-G1200-B480-e0.5,capped,1200.0,480.0,0.5,0.0,540.0,90.20519313999995,274.101998,0.7826554986573152,248.57689573999897,46.225154939999946
0,2,4,CAP-G1200-B480-e0.75,capped,1200.0,480.0,0.75,0.0,1080.0,83.22757989999981,542.730971,0.8171380942229086,248.57689573999897,46.225154939999946
0,2,4,CAP-G1200-B480-e0.9,capped,1200.0,480.0,0.9,0.0,1200.0,83.8081700999993,678.504667,0.81426888144666,248.57689573999897,46.225154939999946
0,2,4,CAP-G1200-B480-e0.95,capped,1200.0,480.0,0.95,0.0,1200.0,83.8081700999993,678.504667,0.81426888144666,248.57689573999897,46.225154939999946
0,2,4,CAP-G1200-B600-e0.25,capped,1200.0,600.0,0.25,0.0,400.0,110.57059749999988,233.278499,0.6820119149674237,248.57689573999897,46.225154939999946
0,2,4,CAP-G1200-B600-e0.5,capped,1200.0,600.0,0.5,0.0,600.0,87.22144773999983,333.05879799999997,0.7974008395582823,248.57689573999897,46.225154939999946
0,2,4,CAP-G1200-B600-e0.75,capped,1200.0,600.0,0.75,0.0,1200.0,83.11975179999989,637.8302880000001,0.8176709688083883,248.57689573999897,46.225154939999946
0,2,4,CAP-G1200-B600-e0.9,capped,1200.0,600.0,0.9,0.0,1200.0,83.8081700999993,678.504667,0.81426888144666,248.57689573999897,46.225154939999946
0,2,4,CAP-G1200-B600-e0.95,capped,1200.0,600.0,0.95,0.0,1200.0,83.8081700999993,678.504667,0.81426888144666,248.57689573999897,46.225154939999946
0,2,4,HYB-G1200-B0-g1-e0,hybrid,1200.0,0.0,0.0,1.0,1200.0,198.54524364,57.05051,0.2472509102328376,248.57689573999897,46.225154939999946
0,2,4,HYB-G1200-B0-g1-e0.9,hybrid,1200.0,0.0,0.9,1.0,1200.0,84.63417785999997,223.60054300000002,0.8101868421385965,248.57689573999897,46.225154939999946
0,2,4,HYB-G1200-B0-g4-e0,hybrid,1200.0,0.0,0.0,4.0,1200.0,149.37903041999965,53.237856,0.49022491690864567,248.57689573999897,46.225154939999946
0,2,4,HYB-G1200-B0-g4-e0.9,hybrid,1200.0,0.0,0.9,4.0,1200.0,84.10633635999989,223.60054300000002,0.812795376653364,248.57689573999897,46.225154939999946
0,2,4,HYB-G1200-B0-g16-e0,hybrid,1200.0,0.0,0.0,16.0,1200.0,99.91392577999996,98.035865,0.7346760120385372,248.57689573999897,46.225154939999946
0,2,4,HYB-G1200-B0-g16-e0.9,hybrid,1200.0,0.0,0.9,16.0,1200.0,83.9741396599999,371.421963,0.8134486781741581,248.57689573999897,46.225154939999946
0,2,4,HYB-G1200-B30-g1-e0,hybrid,1200.0,30.0,0.0,1.0,1200.0,192.13738651999944,53.237856,0.27891783385141905,248.57689573999897,46.225154939999946
0,2,4,HYB-G1200-B30-g1-e0.9,hybrid,1200.0,30.0,0.9,1.0,1200.0,84.2174430999995,223.60054300000002,0.8122462993903745,248.57689573999897,46.225154939999946
0,2,4,HYB-G1200-B30-g4-e0,hybrid,1200.0,30.0,0.0,4.0,1200.0,144.70393885999997,73.247379,0.5133287041136219,248.57689573999897,46.225154939999946
0,2,4,HYB-G1200-B30-g4-e0.9,hybrid,1200.0,30.0,0.9,4.0,1200.0,83.97524215999994,243.594316,0.8134432297406746,248.57689573999897,46.225154939999946
0,2,4,HYB-G1200-B30-g16-e0,hybrid,1200.0,30.0,0.0,16.0,1200.0,99.00014297999952,98.04715499999999,0.7391918259197906,248.57689573999897,46.225154939999946
0,2,4,HYB-G1200-B30-g16-e0.9,hybrid,1200.0,30.0,0.9,16.0,1200.0,83.94791163999986,477.786857,0.8135782941581687,248.57689573999897,46.225154939999946
0,2,4,HYB-G1200-B120-g1-e0,hybrid,1200.0,120.0,0.0,1.0,1200.0,177.42737875999984,102.652603,0.3516130708770235,248.57689573999897,46.225154939999946
0,2,4,HYB-G1200-B120-g1-e0.9,hybrid,1200.0,120.0,0.9,1.0,1200.0,83.92820657999957,362.87172000000004,0.8136756743928155,248.57689573999897,46.225154939999946
0,2,4,HYB-G1200-B120-g4-e0,hybrid,1200.0,120.0,0.0,4.0,1200.0,133.39172261999974,102.652603,0.5692324299490276,248.57689573999897,46.225154939999946
0,2,4,HYB-G1200-B120-g4-e0.9,hybrid,1200.0,120.0,0.9,4.0,1200.0,83.75589725999977,577.5945700000001,0.8145272080604706,248.57689573999897,46.225154939999946
0,2,4,HYB-G1200-B120-g16-e0,hybrid,1200.0,120.0,0.0,16.0,1200.0,95.65686294,118.977424,0.7557139473840381,248.57689573999897,46.225154939999946
0,2,4,HYB-G1200-B120-g16-e0.9,hybrid,1200.0,120.0,0.9,16.0,1200.0,83.83712101999987,672.259487,0.8141258091909624,248.57689573999897,46.225154939999946
1,0,8,SJF,reference,-1.0,-1.0,-1.0,-1.0,inf,12.574429899999942,137.286266,1.0,29.32145933999998,12.574429899999942
1,0,8,SPJF-E,reference,-1.0,-1.0,-1.0,-1.0,inf,17.141884319999967,165.887996,0.7272677858264984,29.32145933999998,12.574429899999942
1,0,8,FIX-B15,fixed,-1.0,15.0,0.0,0.0,168.75,25.55200245999994,44.916724,0.2250821193994408,29.32145933999998,12.574429899999942
1,0,8,FIX-B17.99,fixed,-1.0,17.99,0.0,0.0,169.4975,24.989675759999972,44.916724,0.25865981758255013,29.32145933999998,12.574429899999942
1,0,8,FIX-B21.576,fixed,-1.0,21.576,0.0,0.0,170.394,24.43253785999993,52.649819,0.2919276817130883,29.32145933999998,12.574429899999942
1,0,8,FIX-B25.877,fixed,-1.0,25.877,0.0,0.0,171.46925,23.823568759999965,53.383381,0.32829049472310484,29.32145933999998,12.574429899999942
1,0,8,FIX-B30,fixed,-1.0,30.0,0.0,0.0,172.5,23.25728649999993,59.809385999999996,0.36210438763043323,29.32145933999998,12.574429899999942
1,0,8,FIX-B31.035,fixed,-1.0,31.035,0.0,0.0,172.75875,23.148430499999872,59.809385999999996,0.3686044060599737,29.32145933999998,12.574429899999942
1,0,8,FIX-B37.222,fixed,-1.0,37.222,0.0,0.0,174.3055,22.758467479999975,65.79373,0.3918899099994649,29.32145933999998,12.574429899999942
1,0,8,FIX-B44.641,fixed,-1.0,44.641,0.0,0.0,176.16025,22.43151268,80.544101,0.41141306192150356,29.32145933999998,12.574429899999942
1,0,8,FIX-B53.54,fixed,-1.0,53.54,0.0,0.0,178.385,22.11368351999992,96.276594,0.43039130287693833,29.32145933999998,12.574429899999942
1,0,8,FIX-B60,fixed,-1.0,60.0,0.0,0.0,180.0,21.71332275999999,96.276594,0.4542976775229203,29.32145933999998,12.574429899999942
1,0,8,FIX-B64.212,fixed,-1.0,64.212,0.0,0.0,181.053,21.581427039999916,96.276594,0.4621734456089931,29.32145933999998,12.574429899999942
1,0,8,FIX-B77.012,fixed,-1.0,77.012,0.0,0.0,184.253,21.155877219999876,96.284759,0.48758391147845764,29.32145933999998,12.574429899999942
1,0,8,FIX-B92.363,fixed,-1.0,92.363,0.0,0.0,188.09075,20.562157039999992,96.284759,0.5230361797226272,29.32145933999998,12.574429899999942
1,0,8,FIX-B110.774,fixed,-1.0,110.774,0.0,0.0,192.6935,19.84358377999998,96.311797,0.5659436853536681,29.32145933999998,12.574429899999942
1,0,8,FIX-B120,fixed,-1.0,120.0,0.0,0.0,195.0,19.6122704199999,96.311797,0.5797558877402952,29.32145933999998,12.574429899999942
1,0,8,FIX-B132.855,fixed,-1.0,132.855,0.0,0.0,198.21375,19.471650359999945,96.385259,0.5881526043343489,29.32145933999998,12.574429899999942
1,0,8,FIX-B159.338,fixed,-1.0,159.338,0.0,0.0,204.8345,19.212258119999984,96.390488,0.6036414551140822,29.32145933999998,12.574429899999942
1,0,8,FIX-B191.099,fixed,-1.0,191.099,0.0,0.0,212.77474999999998,18.91417611999993,96.407605,0.6214405520266421,29.32145933999998,12.574429899999942
1,0,8,FIX-B229.192,fixed,-1.0,229.192,0.0,0.0,222.298,18.66137109999994,98.434778,0.6365360661836882,29.32145933999998,12.574429899999942
1,0,8,FIX-B240,fixed,-1.0,240.0,0.0,0.0,225.0,18.594093859999955,99.057,0.6405533302746735,29.32145933999998,12.574429899999942
1,0,8,FIX-B274.878,fixed,-1.0,274.878,0.0,0.0,233.71949999999998,18.286291259999995,102.624528,0.658932864454316,29.32145933999998,12.574429899999942
1,0,8,FIX-B329.671,fixed,-1.0,329.671,0.0,0.0,247.41775,17.85082047999999,102.624528,0.684935731503674,29.32145933999998,12.574429899999942
1,0,8,FIX-B360,fixed,-1.0,360.0,0.0,0.0,255.0,17.80730547999999,102.624528,0.6875341027644342,29.32145933999998,12.574429899999942
1,0,8,FIX-B395.386,fixed,-1.0,395.386,0.0,0.0,263.8465,17.741414379999945,102.808504,0.6914685975496803,29.32145933999998,12.574429899999942
1,0,8,FIX-B474.201,fixed,-1.0,474.201,0.0,0.0,283.55025,17.675263339999997,145.70946700000002,0.6954186138935906,29.32145933999998,12.574429899999942
1,0,8,FIX-B480,fixed,-1.0,480.0,0.0,0.0,285.0,17.66866887999997,145.70946700000002,0.6958123828317568,29.32145933999998,12.574429899999942
1,0,8,FIX-B568.726,fixed,-1.0,568.726,0.0,0.0,307.1815,17.55807136,145.782704,0.7024163910468383,29.32145933999998,12.574429899999942
1,0,8,FIX-B600,fixed,-1.0,600.0,0.0,0.0,315.0,17.459307839999976,150.270843,0.7083137664801272,29.32145933999998,12.574429899999942
1,0,8,FIX-B682.093,fixed,-1.0,682.093,0.0,0.0,335.52324999999996,17.38151907999998,165.887996,0.7129586953183247,29.32145933999998,12.574429899999942
1,0,8,FIX-B818.058,fixed,-1.0,818.058,0.0,0.0,369.5145,17.341894579999966,165.887996,0.7153247567229443,29.32145933999998,12.574429899999942
1,0,8,FIX-B981.126,fixed,-1.0,981.126,0.0,0.0,410.2815,17.343965139999895,165.887996,0.7152011192738464,29.32145933999998,12.574429899999942
1,0,8,FIX-B1176.7,fixed,-1.0,1176.699,0.0,0.0,459.17475,17.235176879999994,165.887996,0.7216970928069234,29.32145933999998,12.574429899999942
1,0,8,FIX-B1411.26,fixed,-1.0,1411.256,0.0,0.0,517.8140000000001,17.25626895999991,165.887996,0.7204376407903443,29.32145933999998,12.574429899999942
1,0,8,FIX-B1692.57,fixed,-1.0,1692.569,0.0,0.0,588.14225,17.190004799999986,165.887996,0.7243944117650016,29.32145933999998,12.574429899999942
1,0,8,FIX-B2029.96,fixed,-1.0,2029.958,0.0,0.0,672.4895,17.168167419999982,165.887996,0.7256983671965151,29.32145933999998,12.574429899999942
1,0,8,FIX-B2434.6,fixed,-1.0,2434.6,0.0,0.0,773.65,17.141884319999967,165.887996,0.7272677858264984,29.32145933999998,12.574429899999942
1,0,8,FIX-B2919.9,fixed,-1.0,2919.901,0.0,0.0,894.97525,17.141884319999967,165.887996,0.7272677858264984,29.32145933999998,12.574429899999942
1,0,8,FIX-B3501.94,fixed,-1.0,3501.94,0.0,0.0,1040.4850000000001,17.141884319999967,165.887996,0.7272677858264984,29.32145933999998,12.574429899999942
1,0,8,FIX-B4200,fixed,-1.0,4200.0,0.0,0.0,1215.0,17.141884319999967,165.887996,0.7272677858264984,29.32145933999998,12.574429899999942
1,0,8,FIXEQ-G300,fixed,300.0,inf,0.0,0.0,300.0,17.585205459999976,145.73598,0.7007961574348303,29.32145933999998,12.574429899999942
1,0,8,CAP-G300-B0-e0,capped,300.0,0.0,0.0,0.0,165.0,29.32145933999998,0.0,0.0,29.32145933999998,12.574429899999942
1,0,8,CAP-G300-B0-e0.25,capped,300.0,0.0,0.25,0.0,220.0,20.62429097999999,96.173269,0.5193260327844726,29.32145933999998,12.574429899999942
1,0,8,CAP-G300-B0-e0.5,capped,300.0,0.0,0.5,0.0,300.0,18.78289699999993,96.407605,0.6292795016427716,29.32145933999998,12.574429899999942
1,0,8,CAP-G300-B0-e0.75,capped,300.0,0.0,0.75,0.0,300.0,17.737954699999975,99.057,0.6916751822465286,29.32145933999998,12.574429899999942
1,0,8,CAP-G300-B0-e0.9,capped,300.0,0.0,0.9,0.0,300.0,17.64205557999982,99.057,0.6974015183913197,29.32145933999998,12.574429899999942
1,0,8,CAP-G300-B0-e0.95,capped,300.0,0.0,0.95,0.0,300.0,17.651171,99.057,0.6968572176821797,29.32145933999998,12.574429899999942
1,0,8,CAP-G300-B15-e0,capped,300.0,15.0,0.0,0.0,168.75,25.55200245999994,44.916724,0.2250821193994408,29.32145933999998,12.574429899999942
1,0,8,CAP-G300-B15-e0.25,capped,300.0,15.0,0.25,0.0,225.0,20.0715632799999,96.311797,0.5523305546897073,29.32145933999998,12.574429899999942
1,0,8,CAP-G300-B15-e0.5,capped,300.0,15.0,0.5,0.0,300.0,18.710442859999933,96.447787,0.6336058892125541,29.32145933999998,12.574429899999942
1,0,8,CAP-G300-B15-e0.75,capped,300.0,15.0,0.75,0.0,300.0,17.847045,99.057,0.6851611732761098,29.32145933999998,12.574429899999942
1,0,8,CAP-G300-B15-e0.9,capped,300.0,15.0,0.9,0.0,300.0,17.54875149999994,99.057,0.7029728992940739,29.32145933999998,12.574429899999942
1,0,8,CAP-G300-B15-e0.95,capped,300.0,15.0,0.95,0.0,300.0,17.587101299999954,102.808504,0.7006829528807468,29.32145933999998,12.574429899999942
1,0,8,CAP-G300-B30-e0,capped,300.0,30.0,0.0,0.0,172.5,23.25728649999993,59.809385999999996,0.36210438763043323,29.32145933999998,12.574429899999942
1,0,8,CAP-G300-B30-e0.25,capped,300.0,30.0,0.25,0.0,230.0,20.057024,96.385259,0.5531987253734689,29.32145933999998,12.574429899999942
1,0,8,CAP-G300-B30-e0.5,capped,300.0,30.0,0.5,0.0,300.0,18.41691635999989,97.265678,0.6511329677342504,29.32145933999998,12.574429899999942
1,0,8,CAP-G300-B30-e0.75,capped,300.0,30.0,0.75,0.0,300.0,17.64853173999995,99.057,0.6970148133924821,29.32145933999998,12.574429899999942
1,0,8,CAP-G300-B30-e0.9,capped,300.0,30.0,0.9,0.0,300.0,17.586415399999975,102.808504,0.7007239093979868,29.32145933999998,12.574429899999942
1,0,8,CAP-G300-B30-e0.95,capped,300.0,30.0,0.95,0.0,300.0,17.585205459999976,145.73598,0.7007961574348303,29.32145933999998,12.574429899999942
1,0,8,CAP-G300-B60-e0,capped,300.0,60.0,0.0,0.0,180.0,21.71332275999999,96.276594,0.4542976775229203,29.32145933999998,12.574429899999942
1,0,8,CAP-G300-B60-e0.25,capped,300.0,60.0,0.25,0.0,240.0,19.256358539999926,96.390488,0.6010081272061125,29.32145933999998,12.574429899999942
1,0,8,CAP-G300-B60-e0.5,capped,300.0,60.0,0.5,0.0,300.0,17.850207159999943,99.057,0.6849723541179856,29.32145933999998,12.574429899999942
1,0,8,CAP-G300-B60-e0.75,capped,300.0,60.0,0.75,0.0,300.0,17.547209,99.057,0.7030650051809997,29.32145933999998,12.574429899999942
1,0,8,CAP-G300-B60-e0.9,capped,300.0,60.0,0.9,0.0,300.0,17.585205459999976,145.73598,0.7007961574348303,29.32145933999998,12.574429899999942
1,0,8,CAP-G300-B60-e0.95,capped,300.0,60.0,0.95,0.0,300.0,17.585205459999976,145.73598,0.7007961574348303,29.32145933999998,12.574429899999942
1,0,8,CAP-G300-B120-e0,capped,300.0,120.0,0.0,0.0,195.0,19.6122704199999,96.311797,0.5797558877402952,29.32145933999998,12.574429899999942
1,0,8,CAP-G300-B120-e0.25,capped,300.0,120.0,0.25,0.0,260.0,18.510848619999997,96.447787,0.6455240768956311,29.32145933999998,12.574429899999942
1,0,8,CAP-G300-B120-e0.5,capped,300.0,120.0,0.5,0.0,300.0,17.497636479999954,99.057,0.7060250835744634,29.32145933999998,12.574429899999942
1,0,8,CAP-G300-B120-e0.75,capped,300.0,120.0,0.75,0.0,300.0,17.585205459999976,145.73598,0.7007961574348303,29.32145933999998,12.574429899999942
1,0,8,CAP-G300-B120-e0.9,capped,300.0,120.0,0.9,0.0,300.0,17.585205459999976,145.73598,0.7007961574348303,29.32145933999998,12.574429899999942
1,0,8,CAP-G300-B120-e0.95,capped,300.0,120.0,0.95,0.0,300.0,17.585205459999976,145.73598,0.7007961574348303,29.32145933999998,12.574429899999942
1,0,8,CAP-G300-B240-e0,capped,300.0,240.0,0.0,0.0,225.0,18.594093859999955,99.057,0.6405533302746735,29.32145933999998,12.574429899999942
1,0,8,CAP-G300-B240-e0.25,capped,300.0,240.0,0.25,0.0,300.0,17.540090079999988,102.624528,0.7034900907178416,29.32145933999998,12.574429899999942
1,0,8,CAP-G300-B240-e0.5,capped,300.0,240.0,0.5,0.0,300.0,17.585205459999976,145.73598,0.7007961574348303,29.32145933999998,12.574429899999942
1,0,8,CAP-G300-B240-e0.75,capped,300.0,240.0,0.75,0.0,300.0,17.585205459999976,145.73598,0.7007961574348303,29.32145933999998,12.574429899999942
1,0,8,CAP-G300-B240-e0.9,capped,300.0,240.0,0.9,0.0,300.0,17.585205459999976,145.73598,0.7007961574348303,29.32145933999998,12.574429899999942
1,0,8,CAP-G300-B240-e0.95,capped,300.0,240.0,0.95,0.0,300.0,17.585205459999976,145.73598,0.7007961574348303,29.32145933999998,12.574429899999942
1,0,8,CAP-G300-B360-e0,capped,300.0,360.0,0.0,0.0,255.0,17.80730547999999,102.624528,0.6875341027644342,29.32145933999998,12.574429899999942
1,0,8,CAP-G300-B360-e0.25,capped,300.0,360.0,0.25,0.0,300.0,17.569402239999953,145.727959,0.7017398006078862,29.32145933999998,12.574429899999942
1,0,8,CAP-G300-B360-e0.5,capped,300.0,360.0,0.5,0.0,300.0,17.585205459999976,145.73598,0.7007961574348303,29.32145933999998,12.574429899999942
1,0,8,CAP-G300-B360-e0.75,capped,300.0,360.0,0.75,0.0,300.0,17.585205459999976,145.73598,0.7007961574348303,29.32145933999998,12.574429899999942
1,0,8,CAP-G300-B360-e0.9,capped,300.0,360.0,0.9,0.0,300.0,17.585205459999976,145.73598,0.7007961574348303,29.32145933999998,12.574429899999942
1,0,8,CAP-G300-B360-e0.95,capped,300.0,360.0,0.95,0.0,300.0,17.585205459999976,145.73598,0.7007961574348303,29.32145933999998,12.574429899999942
1,0,8,CAP-G300-B480-e0,capped,300.0,480.0,0.0,0.0,285.0,17.66866887999997,145.70946700000002,0.6958123828317568,29.32145933999998,12.574429899999942
1,0,8,CAP-G300-B480-e0.25,capped,300.0,480.0,0.25,0.0,300.0,17.585205459999976,145.73598,0.7007961574348303,29.32145933999998,12.574429899999942
1,0,8,CAP-G300-B480-e0.5,capped,300.0,480.0,0.5,0.0,300.0,17.585205459999976,145.73598,0.7007961574348303,29.32145933999998,12.574429899999942
1,0,8,CAP-G300-B480-e0.75,capped,300.0,480.0,0.75,0.0,300.0,17.585205459999976,145.73598,0.7007961574348303,29.32145933999998,12.574429899999942
1,0,8,CAP-G300-B480-e0.9,capped,300.0,480.0,0.9,0.0,300.0,17.585205459999976,145.73598,0.7007961574348303,29.32145933999998,12.574429899999942
1,0,8,CAP-G300-B480-e0.95,capped,300.0,480.0,0.95,0.0,300.0,17.585205459999976,145.73598,0.7007961574348303,29.32145933999998,12.574429899999942
1,0,8,HYB-G300-B0-g1-e0,hybrid,300.0,0.0,0.0,1.0,300.0,20.70197279999998,45.4472,0.5146874895563557,29.32145933999998,12.574429899999942
1,0,8,HYB-G300-B0-g1-e0.9,hybrid,300.0,0.0,0.9,1.0,300.0,17.59360391999998,99.057,0.700294667900218,29.32145933999998,12.574429899999942
1,0,8,HYB-G300-B0-g4-e0,hybrid,300.0,0.0,0.0,4.0,300.0,18.27439477999999,59.980269,0.6596432280470131,29.32145933999998,12.574429899999942
1,0,8,HYB-G300-B0-g4-e0.9,hybrid,300.0,0.0,0.9,4.0,300.0,17.58555457999997,146.200877,0.7007753107526621,29.32145933999998,12.574429899999942
1,0,8,HYB-G300-B0-g16-e0,hybrid,300.0,0.0,0.0,16.0,300.0,17.53615301999998,96.311797,0.7037251807685347,29.32145933999998,12.574429899999942
1,0,8,HYB-G300-B0-g16-e0.9,hybrid,300.0,0.0,0.9,16.0,300.0,17.585205459999976,145.73598,0.7007961574348303,29.32145933999998,12.574429899999942
1,0,8,HYB-G300-B30-g1-e0,hybrid,300.0,30.0,0.0,1.0,300.0,19.383080279999984,65.527635,0.5934413082395569,29.32145933999998,12.574429899999942
1,0,8,HYB-G300-B30-g1-e0.9,hybrid,300.0,30.0,0.9,1.0,300.0,17.58555457999997,146.200877,0.7007753107526621,29.32145933999998,12.574429899999942
1,0,8,HYB-G300-B30-g4-e0,hybrid,300.0,30.0,0.0,4.0,300.0,17.846873899999977,96.276594,0.6851713900133907,29.32145933999998,12.574429899999942
1,0,8,HYB-G300-B30-g4-e0.9,hybrid,300.0,30.0,0.9,4.0,300.0,17.585205459999976,145.73598,0.7007961574348303,29.32145933999998,12.574429899999942
1,0,8,HYB-G300-B30-g16-e0,hybrid,300.0,30.0,0.0,16.0,300.0,17.543858779999983,103.324618,0.7032650537933234,29.32145933999998,12.574429899999942
1,0,8,HYB-G300-B30-g16-e0.9,hybrid,300.0,30.0,0.9,16.0,300.0,17.585205459999976,145.73598,0.7007961574348303,29.32145933999998,12.574429899999942
1,0,8,HYB-G300-B120-g1-e0,hybrid,300.0,120.0,0.0,1.0,300.0,18.261699099999976,96.385259,0.6604013135358755,29.32145933999998,12.574429899999942
1,0,8,HYB-G300-B120-g1-e0.9,hybrid,300.0,120.0,0.9,1.0,300.0,17.585205459999976,145.73598,0.7007961574348303,29.32145933999998,12.574429899999942
1,0,8,HYB-G300-B120-g4-e0,hybrid,300.0,120.0,0.0,4.0,300.0,17.766410359999973,96.385259,0.6899760355350507,29.32145933999998,12.574429899999942
1,0,8,HYB-G300-B120-g4-e0.9,hybrid,300.0,120.0,0.9,4.0,300.0,17.585205459999976,145.73598,0.7007961574348303,29.32145933999998,12.574429899999942
1,0,8,HYB-G300-B120-g16-e0,hybrid,300.0,120.0,0.0,16.0,300.0,17.57756776,102.62901600000001,0.7012522204057194,29.32145933999998,12.574429899999942
1,0,8,HYB-G300-B120-g16-e0.9,hybrid,300.0,120.0,0.9,16.0,300.0,17.585205459999976,145.73598,0.7007961574348303,29.32145933999998,12.574429899999942
1,0,8,FIXEQ-G600,fixed,600.0,inf,0.0,0.0,600.0,17.20012385999999,165.887996,0.7237901816216047,29.32145933999998,12.574429899999942
1,0,8,CAP-G600-B0-e0,capped,600.0,0.0,0.0,0.0,165.0,29.32145933999998,0.0,0.0,29.32145933999998,12.574429899999942
1,0,8,CAP-G600-B0-e0.25,capped,600.0,0.0,0.25,0.0,220.0,20.623762519999996,96.173269,0.5193575882314783,29.32145933999998,12.574429899999942
1,0,8,CAP-G600-B0-e0.5,capped,600.0,0.0,0.5,0.0,330.0,18.798768019999972,96.407605,0.6283318099905354,29.32145933999998,12.574429899999942
1,0,8,CAP-G600-B0-e0.75,capped,600.0,0.0,0.75,0.0,600.0,17.452133,99.057,0.7087421911166087,29.32145933999998,12.574429899999942
1,0,8,CAP-G600-B0-e0.9,capped,600.0,0.0,0.9,0.0,600.0,17.275274839999987,99.057,0.7193027601198249,29.32145933999998,12.574429899999942
1,0,8,CAP-G600-B0-e0.95,capped,600.0,0.0,0.95,0.0,600.0,17.290649279999947,99.057,0.7183847202934162,29.32145933999998,12.574429899999942
1,0,8,CAP-G600-B15-e0,capped,600.0,15.0,0.0,0.0,168.75,25.55200245999994,44.916724,0.2250821193994408,29.32145933999998,12.574429899999942
1,0,8,CAP-G600-B15-e0.25,capped,600.0,15.0,0.25,0.0,225.0,20.0715632799999,96.311797,0.5523305546897073,29.32145933999998,12.574429899999942
1,0,8,CAP-G600-B15-e0.5,capped,600.0,15.0,0.5,0.0,337.5,18.677836639999967,96.447787,0.6355528745042911,29.32145933999998,12.574429899999942
1,0,8,CAP-G600-B15-e0.75,capped,600.0,15.0,0.75,0.0,600.0,17.528916319999972,99.057,0.7041572991944284,29.32145933999998,12.574429899999942
1,0,8,CAP-G600-B15-e0.9,capped,600.0,15.0,0.9,0.0,600.0,17.189925,99.057,0.7243991767891675,29.32145933999998,12.574429899999942
1,0,8,CAP-G600-B15-e0.95,capped,600.0,15.0,0.95,0.0,600.0,17.21262423999999,102.808504,0.7230437579024142,29.32145933999998,12.574429899999942
1,0,8,CAP-G600-B30-e0,capped,600.0,30.0,0.0,0.0,172.5,23.25728649999993,59.809385999999996,0.36210438763043323,29.32145933999998,12.574429899999942
1,0,8,CAP-G600-B30-e0.25,capped,600.0,30.0,0.25,0.0,230.0,20.055523,96.385259,0.5532883532089831,29.32145933999998,12.574429899999942
1,0,8,CAP-G600-B30-e0.5,capped,600.0,30.0,0.5,0.0,345.0,18.308026319999936,97.265678,0.657635018763066,29.32145933999998,12.574429899999942
1,0,8,CAP-G600-B30-e0.75,capped,600.0,30.0,0.75,0.0,600.0,17.310722659999993,99.057,0.7171860969750561,29.32145933999998,12.574429899999942
1,0,8,CAP-G600-B30-e0.9,capped,600.0,30.0,0.9,0.0,600.0,17.246449279999982,102.808504,0.7210239943305414,29.32145933999998,12.574429899999942
1,0,8,CAP-G600-B30-e0.95,capped,600.0,30.0,0.95,0.0,600.0,17.206095199999968,161.815574,0.7234336204761568,29.32145933999998,12.574429899999942
1,0,8,CAP-G600-B60-e0,capped,600.0,60.0,0.0,0.0,180.0,21.71332275999999,96.276594,0.4542976775229203,29.32145933999998,12.574429899999942
1,0,8,CAP-G600-B60-e0.25,capped,600.0,60.0,0.25,0.0,240.0,19.253669279999947,96.390488,0.601168708520525,29.32145933999998,12.574429899999942
1,0,8,CAP-G600-B60-e0.5,capped,600.0,60.0,0.5,0.0,360.0,17.77997713999999,99.057,0.6891659348513073,29.32145933999998,12.574429899999942
1,0,8,CAP-G600-B60-e0.75,capped,600.0,60.0,0.75,0.0,600.0,17.24274203999987,99.057,0.7212453613504892,29.32145933999998,12.574429899999942
1,0,8,CAP-G600-B60-e0.9,capped,600.0,60.0,0.9,0.0,600.0,17.209759699999942,161.815574,0.7232148055506141,29.32145933999998,12.574429899999942
1,0,8,CAP-G600-B60-e0.95,capped,600.0,60.0,0.95,0.0,600.0,17.20012385999999,165.887996,0.7237901816216047,29.32145933999998,12.574429899999942
1,0,8,CAP-G600-B120-e0,capped,600.0,120.0,0.0,0.0,195.0,19.6122704199999,96.311797,0.5797558877402952,29.32145933999998,12.574429899999942
1,0,8,CAP-G600-B120-e0.25,capped,600.0,120.0,0.25,0.0,260.0,18.510119579999905,96.447787,0.6455676093921078,29.32145933999998,12.574429899999942
1,0,8,CAP-G600-B120-e0.5,capped,600.0,120.0,0.5,0.0,390.0,17.383143699999955,99.057,0.7128616858751994,29.32145933999998,12.574429899999942
1,0,8,CAP-G600-B120-e0.75,capped,600.0,120.0,0.75,0.0,600.0,17.237198139999975,145.76421200000001,0.7215763991634792,29.32145933999998,12.574429899999942
1,0,8,CAP-G600-B120-e0.9,capped,600.0,120.0,0.9,0.0,600.0,17.20012385999999,165.887996,0.7237901816216047,29.32145933999998,12.574429899999942
1,0,8,CAP-G600-B120-e0.95,capped,600.0,120.0,0.95,0.0,600.0,17.20012385999999,165.887996,0.7237901816216047,29.32145933999998,12.574429899999942
1,0,8,CAP-G600-B240-e0,capped,600.0,240.0,0.0,0.0,225.0,18.594093859999955,99.057,0.6405533302746735,29.32145933999998,12.574429899999942
1,0,8,CAP-G600-B240-e0.25,capped,600.0,240.0,0.25,0.0,300.0,17.526925899999934,102.624528,0.7042761513172582,29.32145933999998,12.574429899999942
1,0,8,CAP-G600-B240-e0.5,capped,600.0,240.0,0.5,0.0,450.0,17.289660219999984,145.73598,0.7184437791255216,29.32145933999998,12.574429899999942
1,0,8,CAP-G600-B240-e0.75,capped,600.0,240.0,0.75,0.0,600.0,17.21070265999998,165.887996,0.7231584994454975,29.32145933999998,12.574429899999942
1,0,8,CAP-G600-B240-e0.9,capped,600.0,240.0,0.9,0.0,600.0,17.20012385999999,165.887996,0.7237901816216047,29.32145933999998,12.574429899999942
1,0,8,CAP-G600-B240-e0.95,capped,600.0,240.0,0.95,0.0,600.0,17.20012385999999,165.887996,0.7237901816216047,29.32145933999998,12.574429899999942
1,0,8,CAP-G600-B360-e0,capped,600.0,360.0,0.0,0.0,255.0,17.80730547999999,102.624528,0.6875341027644342,29.32145933999998,12.574429899999942
1,0,8,CAP-G600-B360-e0.25,capped,600.0,360.0,0.25,0.0,340.0,17.39840491999994,145.727959,0.7119504066507458,29.32145933999998,12.574429899999942
1,0,8,CAP-G600-B360-e0.5,capped,600.0,360.0,0.5,0.0,510.0,17.258486539999968,165.887996,0.7203052244709008,29.32145933999998,12.574429899999942
1,0,8,CAP-G600-B360-e0.75,capped,600.0,360.0,0.75,0.0,600.0,17.20012385999999,165.887996,0.7237901816216047,29.32145933999998,12.574429899999942
1,0,8,CAP-G600-B360-e0.9,capped,600.0,360.0,0.9,0.0,600.0,17.20012385999999,165.887996,0.7237901816216047,29.32145933999998,12.574429899999942
1,0,8,CAP-G600-B360-e0.95,capped,600.0,360.0,0.95,0.0,600.0,17.20012385999999,165.887996,0.7237901816216047,29.32145933999998,12.574429899999942
1,0,8,CAP-G600-B480-e0,capped,600.0,480.0,0.0,0.0,285.0,17.66866887999997,145.70946700000002,0.6958123828317568,29.32145933999998,12.574429899999942
1,0,8,CAP-G600-B480-e0.25,capped,600.0,480.0,0.25,0.0,380.0,17.331343,161.812569,0.7159548135361702,29.32145933999998,12.574429899999942
1,0,8,CAP-G600-B480-e0.5,capped,600.0,480.0,0.5,0.0,570.0,17.217014479999783,165.887996,0.7227816075302826,29.32145933999998,12.574429899999942
1,0,8,CAP-G600-B480-e0.75,capped,600.0,480.0,0.75,0.0,600.0,17.20012385999999,165.887996,0.7237901816216047,29.32145933999998,12.574429899999942
1,0,8,CAP-G600-B480-e0.9,capped,600.0,480.0,0.9,0.0,600.0,17.20012385999999,165.887996,0.7237901816216047,29.32145933999998,12.574429899999942
1,0,8,CAP-G600-B480-e0.95,capped,600.0,480.0,0.95,0.0,600.0,17.20012385999999,165.887996,0.7237901816216047,29.32145933999998,12.574429899999942
1,0,8,CAP-G600-B600-e0,capped,600.0,600.0,0.0,0.0,315.0,17.459307839999976,150.270843,0.7083137664801272,29.32145933999998,12.574429899999942
1,0,8,CAP-G600-B600-e0.25,capped,600.0,600.0,0.25,0.0,420.0,17.249355659999907,165.887996,0.7208504483288258,29.32145933999998,12.574429899999942
1,0,8,CAP-G600-B600-e0.5,capped,600.0,600.0,0.5,0.0,600.0,17.168902699999997,165.887996,0.7256544620966496,29.32145933999998,12.574429899999942
1,0,8,CAP-G600-B600-e0.75,capped,600.0,600.0,0.75,0.0,600.0,17.20012385999999,165.887996,0.7237901816216047,29.32145933999998,12.574429899999942
1,0,8,CAP-G600-B600-e0.9,capped,600.0,600.0,0.9,0.0,600.0,17.20012385999999,165.887996,0.7237901816216047,29.32145933999998,12.574429899999942
1,0,8,CAP-G600-B600-e0.95,capped,600.0,600.0,0.95,0.0,600.0,17.20012385999999,165.887996,0.7237901816216047,29.32145933999998,12.574429899999942
1,0,8,HYB-G600-B0-g1-e0,hybrid,600.0,0.0,0.0,1.0,600.0,20.64026479999996,45.4472,0.5183722027301815,29.32145933999998,12.574429899999942
1,0,8,HYB-G600-B0-g1-e0.9,hybrid,600.0,0.0,0.9,1.0,600.0,17.22164385999999,99.057,0.7225051776107682,29.32145933999998,12.574429899999942
1,0,8,HYB-G600-B0-g4-e0,hybrid,600.0,0.0,0.0,4.0,600.0,18.100411,59.980269,0.6700321618351411,29.32145933999998,12.574429899999942
1,0,8,HYB-G600-B0-g4-e0.9,hybrid,600.0,0.0,0.9,4.0,600.0,17.20821119999995,165.65219,0.7233072697100364,29.32145933999998,12.574429899999942
1,0,8,HYB-G600-B0-g16-e0,hybrid,600.0,0.0,0.0,16.0,600.0,17.124131,96.311797,0.7283278735312209,29.32145933999998,12.574429899999942
1,0,8,HYB-G600-B0-g16-e0.9,hybrid,600.0,0.0,0.9,16.0,600.0,17.20012385999999,165.887996,0.7237901816216047,29.32145933999998,12.574429899999942
1,0,8,HYB-G600-B30-g1-e0,hybrid,600.0,30.0,0.0,1.0,600.0,19.385203359999796,65.527635,0.5933145347119042,29.32145933999998,12.574429899999942
1,0,8,HYB-G600-B30-g1-e0.9,hybrid,600.0,30.0,0.9,1.0,600.0,17.208648599999993,150.500839,0.7232811516452412,29.32145933999998,12.574429899999942
1,0,8,HYB-G600-B30-g4-e0,hybrid,600.0,30.0,0.0,4.0,600.0,17.77126495999999,96.276594,0.6896861572603746,29.32145933999998,12.574429899999942
1,0,8,HYB-G600-B30-g4-e0.9,hybrid,600.0,30.0,0.9,4.0,600.0,17.20012385999999,164.712535,0.7237901816216047,29.32145933999998,12.574429899999942
1,0,8,HYB-G600-B30-g16-e0,hybrid,600.0,30.0,0.0,16.0,600.0,17.251283059999988,103.324618,0.7207353592614192,29.32145933999998,12.574429899999942
1,0,8,HYB-G600-B30-g16-e0.9,hybrid,600.0,30.0,0.9,16.0,600.0,17.20012385999999,165.887996,0.7237901816216047,29.32145933999998,12.574429899999942
1,0,8,HYB-G600-B120-g1-e0,hybrid,600.0,120.0,0.0,1.0,600.0,18.260521,96.385259,0.6604716603400175,29.32145933999998,12.574429899999942
1,0,8,HYB-G600-B120-g1-e0.9,hybrid,600.0,120.0,0.9,1.0,600.0,17.20012385999999,165.887996,0.7237901816216047,29.32145933999998,12.574429899999942
1,0,8,HYB-G600-B120-g4-e0,hybrid,600.0,120.0,0.0,4.0,600.0,17.65354567999998,96.385259,0.6967154205946134,29.32145933999998,12.574429899999942
1,0,8,HYB-G600-B120-g4-e0.9,hybrid,600.0,120.0,0.9,4.0,600.0,17.20012385999999,165.887996,0.7237901816216047,29.32145933999998,12.574429899999942
1,0,8,HYB-G600-B120-g16-e0,hybrid,600.0,120.0,0.0,16.0,600.0,17.14695983999999,102.62901600000001,0.7269647159586029,29.32145933999998,12.574429899999942
1,0,8,HYB-G600-B120-g16-e0.9,hybrid,600.0,120.0,0.9,16.0,600.0,17.20012385999999,165.887996,0.7237901816216047,29.32145933999998,12.574429899999942
1,0,8,CAP-G1200-B0-e0,capped,1200.0,0.0,0.0,0.0,165.0,29.32145933999998,0.0,0.0,29.32145933999998,12.574429899999942
1,0,8,CAP-G1200-B0-e0.25,capped,1200.0,0.0,0.25,0.0,220.0,20.623762519999996,96.173269,0.5193575882314783,29.32145933999998,12.574429899999942
1,0,8,CAP-G1200-B0-e0.5,capped,1200.0,0.0,0.5,0.0,330.0,18.798768019999972,96.407605,0.6283318099905354,29.32145933999998,12.574429899999942
1,0,8,CAP-G1200-B0-e0.75,capped,1200.0,0.0,0.75,0.0,660.0,17.433318959999863,99.057,0.7098656166212657,29.32145933999998,12.574429899999942
1,0,8,CAP-G1200-B0-e0.9,capped,1200.0,0.0,0.9,0.0,1200.0,17.258068,99.057,0.7203302163658196,29.32145933999998,12.574429899999942
1,0,8,CAP-G1200-B0-e0.95,capped,1200.0,0.0,0.95,0.0,1200.0,17.236068839999994,99.057,0.7216438320180057,29.32145933999998,12.574429899999942
1,0,8,CAP-G1200-B15-e0.25,capped,1200.0,15.0,0.25,0.0,225.0,20.0715632799999,96.311797,0.5523305546897073,29.32145933999998,12.574429899999942
1,0,8,CAP-G1200-B15-e0.5,capped,1200.0,15.0,0.5,0.0,337.5,18.677836639999967,96.447787,0.6355528745042911,29.32145933999998,12.574429899999942
1,0,8,CAP-G1200-B15-e0.75,capped,1200.0,15.0,0.75,0.0,675.0,17.51422975999994,99.057,0.7050342642736773,29.32145933999998,12.574429899999942
1,0,8,CAP-G1200-B15-e0.9,capped,1200.0,15.0,0.9,0.0,1200.0,17.147384579999986,99.057,0.7269393538487722,29.32145933999998,12.574429899999942
1,0,8,CAP-G1200-B15-e0.95,capped,1200.0,15.0,0.95,0.0,1200.0,17.151843539999877,102.808504,0.7266731000623401,29.32145933999998,12.574429899999942
1,0,8,CAP-G1200-B30-e0.25,capped,1200.0,30.0,0.25,0.0,230.0,20.055523,96.385259,0.5532883532089831,29.32145933999998,12.574429899999942
1,0,8,CAP-G1200-B30-e0.5,capped,1200.0,30.0,0.5,0.0,345.0,18.308026319999936,97.265678,0.657635018763066,29.32145933999998,12.574429899999942
1,0,8,CAP-G1200-B30-e0.75,capped,1200.0,30.0,0.75,0.0,690.0,17.28993353999997,99.057,0.7184274586191914,29.32145933999998,12.574429899999942
1,0,8,CAP-G1200-B30-e0.9,capped,1200.0,30.0,0.9,0.0,1200.0,17.20902051999995,102.808504,0.7232589435275992,29.32145933999998,12.574429899999942
1,0,8,CAP-G1200-B30-e0.95,capped,1200.0,30.0,0.95,0.0,1200.0,17.14561927999995,161.815574,0.7270447635876374,29.32145933999998,12.574429899999942
1,0,8,CAP-G1200-B60-e0.25,capped,1200.0,60.0,0.25,0.0,240.0,19.253669279999947,96.390488,0.601168708520525,29.32145933999998,12.574429899999942
1,0,8,CAP-G1200-B60-e0.5,capped,1200.0,60.0,0.5,0.0,360.0,17.77997713999999,99.057,0.6891659348513073,29.32145933999998,12.574429899999942
1,0,8,CAP-G1200-B60-e0.75,capped,1200.0,60.0,0.75,0.0,720.0,17.229679579999978,99.057,0.7220253480368859,29.32145933999998,12.574429899999942
1,0,8,CAP-G1200-B60-e0.9,capped,1200.0,60.0,0.9,0.0,1200.0,17.150486199999953,161.815574,0.7267541496601082,29.32145933999998,12.574429899999942
1,0,8,CAP-G1200-B60-e0.95,capped,1200.0,60.0,0.95,0.0,1200.0,17.141884319999967,165.887996,0.7272677858264984,29.32145933999998,12.574429899999942
1,0,8,CAP-G1200-B120-e0.25,capped,1200.0,120.0,0.25,0.0,260.0,18.510119579999905,96.447787,0.6455676093921078,29.32145933999998,12.574429899999942
1,0,8,CAP-G1200-B120-e0.5,capped,1200.0,120.0,0.5,0.0,390.0,17.383143699999955,99.057,0.7128616858751994,29.32145933999998,12.574429899999942
1,0,8,CAP-G1200-B120-e0.75,capped,1200.0,120.0,0.75,0.0,780.0,17.20401029999977,145.76421200000001,0.7235581141965307,29.32145933999998,12.574429899999942
1,0,8,CAP-G1200-B120-e0.9,capped,1200.0,120.0,0.9,0.0,1200.0,17.141884319999967,165.887996,0.7272677858264984,29.32145933999998,12.574429899999942
1,0,8,CAP-G1200-B120-e0.95,capped,1200.0,120.0,0.95,0.0,1200.0,17.141884319999967,165.887996,0.7272677858264984,29.32145933999998,12.574429899999942
1,0,8,CAP-G1200-B240-e0.25,capped,1200.0,240.0,0.25,0.0,300.0,17.526925899999934,102.624528,0.7042761513172582,29.32145933999998,12.574429899999942
1,0,8,CAP-G1200-B240-e0.5,capped,1200.0,240.0,0.5,0.0,450.0,17.289660219999984,145.73598,0.7184437791255216,29.32145933999998,12.574429899999942
1,0,8,CAP-G1200-B240-e0.75,capped,1200.0,240.0,0.75,0.0,900.0,17.177037499999987,165.887996,0.7251687162496542,29.32145933999998,12.574429899999942
1,0,8,CAP-G1200-B240-e0.9,capped,1200.0,240.0,0.9,0.0,1200.0,17.141884319999967,165.887996,0.7272677858264984,29.32145933999998,12.574429899999942
1,0,8,CAP-G1200-B240-e0.95,capped,1200.0,240.0,0.95,0.0,1200.0,17.141884319999967,165.887996,0.7272677858264984,29.32145933999998,12.574429899999942
1,0,8,CAP-G1200-B360-e0.25,capped,1200.0,360.0,0.25,0.0,340.0,17.39840491999994,145.727959,0.7119504066507458,29.32145933999998,12.574429899999942
1,0,8,CAP-G1200-B360-e0.5,capped,1200.0,360.0,0.5,0.0,510.0,17.258486539999968,165.887996,0.7203052244709008,29.32145933999998,12.574429899999942
1,0,8,CAP-G1200-B360-e0.75,capped,1200.0,360.0,0.75,0.0,1020.0,17.141884319999967,165.887996,0.7272677858264984,29.32145933999998,12.574429899999942
1,0,8,CAP-G1200-B360-e0.9,capped,1200.0,360.0,0.9,0.0,1200.0,17.141884319999967,165.887996,0.7272677858264984,29.32145933999998,12.574429899999942
1,0,8,CAP-G1200-B360-e0.95,capped,1200.0,360.0,0.95,0.0,1200.0,17.141884319999967,165.887996,0.7272677858264984,29.32145933999998,12.574429899999942
1,0,8,CAP-G1200-B480-e0.25,capped,1200.0,480.0,0.25,0.0,380.0,17.331343,161.812569,0.7159548135361702,29.32145933999998,12.574429899999942
1,0,8,CAP-G1200-B480-e0.5,capped,1200.0,480.0,0.5,0.0,570.0,17.217014479999783,165.887996,0.7227816075302826,29.32145933999998,12.574429899999942
1,0,8,CAP-G1200-B480-e0.75,capped,1200.0,480.0,0.75,0.0,1140.0,17.141884319999967,165.887996,0.7272677858264984,29.32145933999998,12.574429899999942
1,0,8,CAP-G1200-B480-e0.9,capped,1200.0,480.0,0.9,0.0,1200.0,17.141884319999967,165.887996,0.7272677858264984,29.32145933999998,12.574429899999942
1,0,8,CAP-G1200-B480-e0.95,capped,1200.0,480.0,0.95,0.0,1200.0,17.141884319999967,165.887996,0.7272677858264984,29.32145933999998,12.574429899999942
1,0,8,CAP-G1200-B600-e0.25,capped,1200.0,600.0,0.25,0.0,420.0,17.249355659999907,165.887996,0.7208504483288258,29.32145933999998,12.574429899999942
1,0,8,CAP-G1200-B600-e0.5,capped,1200.0,600.0,0.5,0.0,630.0,17.168902699999997,165.887996,0.7256544620966496,29.32145933999998,12.574429899999942
1,0,8,CAP-G1200-B600-e0.75,capped,1200.0,600.0,0.75,0.0,1200.0,17.141884319999967,165.887996,0.7272677858264984,29.32145933999998,12.574429899999942
1,0,8,CAP-G1200-B600-e0.9,capped,1200.0,600.0,0.9,0.0,1200.0,17.141884319999967,165.887996,0.7272677858264984,29.32145933999998,12.574429899999942
1,0,8,CAP-G1200-B600-e0.95,capped,1200.0,600.0,0.95,0.0,1200.0,17.141884319999967,165.887996,0.7272677858264984,29.32145933999998,12.574429899999942
1,0,8,HYB-G1200-B0-g1-e0,hybrid,1200.0,0.0,0.0,1.0,1200.0,20.64026479999996,45.4472,0.5183722027301815,29.32145933999998,12.574429899999942
1,0,8,HYB-G1200-B0-g1-e0.9,hybrid,1200.0,0.0,0.9,1.0,1200.0,17.188333579999956,99.057,0.7244942037911648,29.32145933999998,12.574429899999942
1,0,8,HYB-G1200-B0-g4-e0,hybrid,1200.0,0.0,0.0,4.0,1200.0,18.100411,59.980269,0.6700321618351411,29.32145933999998,12.574429899999942
1,0,8,HYB-G1200-B0-g4-e0.9,hybrid,1200.0,0.0,0.9,4.0,1200.0,17.14750504,165.65219,0.726932160931339,29.32145933999998,12.574429899999942
1,0,8,HYB-G1200-B0-g16-e0,hybrid,1200.0,0.0,0.0,16.0,1200.0,17.124131,96.311797,0.7283278735312209,29.32145933999998,12.574429899999942
1,0,8,HYB-G1200-B0-g16-e0.9,hybrid,1200.0,0.0,0.9,16.0,1200.0,17.141884319999967,165.887996,0.7272677858264984,29.32145933999998,12.574429899999942
1,0,8,HYB-G1200-B30-g1-e0,hybrid,1200.0,30.0,0.0,1.0,1200.0,19.385203359999796,65.527635,0.5933145347119042,29.32145933999998,12.574429899999942
1,0,8,HYB-G1200-B30-g1-e0.9,hybrid,1200.0,30.0,0.9,1.0,1200.0,17.147650179999975,150.500839,0.7269234943197173,29.32145933999998,12.574429899999942
1,0,8,HYB-G1200-B30-g4-e0,hybrid,1200.0,30.0,0.0,4.0,1200.0,17.77126495999999,96.276594,0.6896861572603746,29.32145933999998,12.574429899999942
1,0,8,HYB-G1200-B30-g4-e0.9,hybrid,1200.0,30.0,0.9,4.0,1200.0,17.141884319999967,164.712535,0.7272677858264984,29.32145933999998,12.574429899999942
1,0,8,HYB-G1200-B30-g16-e0,hybrid,1200.0,30.0,0.0,16.0,1200.0,17.240323039999993,103.324618,0.7213898048775365,29.32145933999998,12.574429899999942
1,0,8,HYB-G1200-B30-g16-e0.9,hybrid,1200.0,30.0,0.9,16.0,1200.0,17.141884319999967,165.887996,0.7272677858264984,29.32145933999998,12.574429899999942
1,0,8,HYB-G1200-B120-g1-e0,hybrid,1200.0,120.0,0.0,1.0,1200.0,18.260521,96.385259,0.6604716603400175,29.32145933999998,12.574429899999942
1,0,8,HYB-G1200-B120-g1-e0.9,hybrid,1200.0,120.0,0.9,1.0,1200.0,17.141884319999967,165.887996,0.7272677858264984,29.32145933999998,12.574429899999942
1,0,8,HYB-G1200-B120-g4-e0,hybrid,1200.0,120.0,0.0,4.0,1200.0,17.65354567999998,96.385259,0.6967154205946134,29.32145933999998,12.574429899999942
1,0,8,HYB-G1200-B120-g4-e0.9,hybrid,1200.0,120.0,0.9,4.0,1200.0,17.141884319999967,165.887996,0.7272677858264984,29.32145933999998,12.574429899999942
1,0,8,HYB-G1200-B120-g16-e0,hybrid,1200.0,120.0,0.0,16.0,1200.0,17.120253259999906,102.62901600000001,0.7285594214611977,29.32145933999998,12.574429899999942
1,0,8,HYB-G1200-B120-g16-e0.9,hybrid,1200.0,120.0,0.9,16.0,1200.0,17.141884319999967,165.887996,0.7272677858264984,29.32145933999998,12.574429899999942
1,1,5,SJF,reference,-1.0,-1.0,-1.0,-1.0,inf,35.62784165999994,175.972602,1.0,120.81065365999947,35.62784165999994
1,1,5,SPJF-E,reference,-1.0,-1.0,-1.0,-1.0,inf,47.53145131999999,488.625063,0.860258080468157,120.81065365999947,35.62784165999994
1,1,5,FIX-B15,fixed,-1.0,15.0,0.0,0.0,159.75,120.03109669999931,61.245051000000004,0.009151575789728196,120.81065365999947,35.62784165999994
1,1,5,FIX-B17.99,fixed,-1.0,17.99,0.0,0.0,160.4975,119.72104539999994,61.245051000000004,0.012791409844506456,120.81065365999947,35.62784165999994
1,1,5,FIX-B21.576,fixed,-1.0,21.576,0.0,0.0,161.394,119.18587273999991,61.245051000000004,0.01907404653417141,120.81065365999947,35.62784165999994
1,1,5,FIX-B25.877,fixed,-1.0,25.877,0.0,0.0,162.46925,117.99725723999985,61.245051000000004,0.03302774766345628,120.81065365999947,35.62784165999994
1,1,5,FIX-B30,fixed,-1.0,30.0,0.0,0.0,163.5,116.65683225999992,61.245051000000004,0.048763609729150295,120.81065365999947,35.62784165999994
1,1,5,FIX-B31.035,fixed,-1.0,31.035,0.0,0.0,163.75875,116.11148143999958,61.245051000000004,0.05516573249542314,120.81065365999947,35.62784165999994
1,1,5,FIX-B37.222,fixed,-1.0,37.222,0.0,0.0,165.3055,114.56121517999986,61.245051000000004,0.07336501734645301,120.81065365999947,35.62784165999994
1,1,5,FIX-B44.641,fixed,-1.0,44.641,0.0,0.0,167.16025,112.50469693999979,68.38566300000001,0.09750742579382952,120.81065365999947,35.62784165999994
1,1,5,FIX-B53.54,fixed,-1.0,53.54,0.0,0.0,169.385,110.64742835999994,74.157028,0.11931075132856139,120.81065365999947,35.62784165999994
1,1,5,FIX-B60,fixed,-1.0,60.0,0.0,0.0,171.0,109.52176313999986,74.157028,0.1325254503220635,120.81065365999947,35.62784165999994
1,1,5,FIX-B64.212,fixed,-1.0,64.212,0.0,0.0,172.053,108.73811303999992,74.157028,0.1417250773548028,120.81065365999947,35.62784165999994
1,1,5,FIX-B77.012,fixed,-1.0,77.012,0.0,0.0,175.253,106.01069201999958,74.360889,0.17374352046513766,120.81065365999947,35.62784165999994
1,1,5,FIX-B92.363,fixed,-1.0,92.363,0.0,0.0,179.09075,101.74563981999961,74.360889,0.223812919442011,120.81065365999947,35.62784165999994
1,1,5,FIX-B110.774,fixed,-1.0,110.774,0.0,0.0,183.6935,97.72228679999985,76.60037799999999,0.2710449011709047,120.81065365999947,35.62784165999994
1,1,5,FIX-B120,fixed,-1.0,120.0,0.0,0.0,186.0,94.86786539999983,77.045612,0.3045542598429339,120.81065365999947,35.62784165999994
1,1,5,FIX-B132.855,fixed,-1.0,132.855,0.0,0.0,189.21375,92.53979531999998,86.461211,0.3318845395711948,120.81065365999947,35.62784165999994
1,1,5,FIX-B159.338,fixed,-1.0,159.338,0.0,0.0,195.8345,88.61393923999981,105.336494,0.37797196011796186,120.81065365999947,35.62784165999994
1,1,5,FIX-B191.099,fixed,-1.0,191.099,0.0,0.0,203.77474999999998,85.16611129999997,105.48542,0.41844758963815026,120.81065365999947,35.62784165999994
1,1,5,FIX-B229.192,fixed,-1.0,229.192,0.0,0.0,213.298,81.00235805999955,105.837695,0.467327793780747,120.81065365999947,35.62784165999994
1,1,5,FIX-B240,fixed,-1.0,240.0,0.0,0.0,216.0,80.00190957999995,106.582376,0.47907251617849567,120.81065365999947,35.62784165999994
1,1,5,FIX-B274.878,fixed,-1.0,274.878,0.0,0.0,224.71949999999998,77.29185797999982,109.952673,0.510887051721184,120.81065365999947,35.62784165999994
1,1,5,FIX-B329.671,fixed,-1.0,329.671,0.0,0.0,238.41775,70.44719511999995,128.213473,0.5912396803711975,120.81065365999947,35.62784165999994
1,1,5,FIX-B360,fixed,-1.0,360.0,0.0,0.0,246.0,67.77601307999986,132.758393,0.6225979083667713,120.81065365999947,35.62784165999994
1,1,5,FIX-B395.386,fixed,-1.0,395.386,0.0,0.0,254.8465,64.42595687999997,147.630627,0.6619257507019117,120.81065365999947,35.62784165999994
1,1,5,FIX-B474.201,fixed,-1.0,474.201,0.0,0.0,274.55025,61.28040085999999,154.978035,0.6988528718680924,120.81065365999947,35.62784165999994
1,1,5,FIX-B480,fixed,-1.0,480.0,0.0,0.0,276.0,60.94708275999998,163.24733400000002,0.7027658455323103,120.81065365999947,35.62784165999994
1,1,5,FIX-B568.726,fixed,-1.0,568.726,0.0,0.0,298.1815,59.01558389999996,174.03817700000002,0.7254405942832676,120.81065365999947,35.62784165999994
1,1,5,FIX-B600,fixed,-1.0,600.0,0.0,0.0,306.0,58.211754699999915,176.570357,0.734877113002561,120.81065365999947,35.62784165999994
1,1,5,FIX-B682.093,fixed,-1.0,682.093,0.0,0.0,326.52324999999996,55.87695189999952,222.330787,0.7622864312110326,120.81065365999947,35.62784165999994
1,1,5,FIX-B818.058,fixed,-1.0,818.058,0.0,0.0,360.5145,54.0397269199999,240.720236,0.7838544557556979,120.81065365999947,35.62784165999994
1,1,5,FIX-B981.126,fixed,-1.0,981.126,0.0,0.0,401.2815,53.106148259999834,285.074216,0.794814162744475,120.81065365999947,35.62784165999994
1,1,5,FIX-B1176.7,fixed,-1.0,1176.699,0.0,0.0,450.17475,51.759426919999974,328.219946,0.8106239406607036,120.81065365999947,35.62784165999994
1,1,5,FIX-B1411.26,fixed,-1.0,1411.256,0.0,0.0,508.814,50.913482,404.87739,0.8205548750844226,120.81065365999947,35.62784165999994
1,1,5,FIX-B1692.57,fixed,-1.0,1692.569,0.0,0.0,579.14225,49.96215437999986,465.727988,0.8317229452345387,120.81065365999947,35.62784165999994
1,1,5,FIX-B2029.96,fixed,-1.0,2029.958,0.0,0.0,663.4895,49.34729567999998,488.625063,0.8389410528029985,120.81065365999947,35.62784165999994
1,1,5,FIX-B2434.6,fixed,-1.0,2434.6,0.0,0.0,764.65,49.137914479999964,488.625063,0.841399074498737,120.81065365999947,35.62784165999994
1,1,5,FIX-B2919.9,fixed,-1.0,2919.901,0.0,0.0,885.97525,48.66966619999982,488.625063,0.8468960552746256,120.81065365999947,35.62784165999994
1,1,5,FIX-B3501.94,fixed,-1.0,3501.94,0.0,0.0,1031.4850000000001,48.0925711399999,488.625063,0.8536708381967946,120.81065365999947,35.62784165999994
1,1,5,FIX-B4200,fixed,-1.0,4200.0,0.0,0.0,1206.0,48.0110114599999,488.625063,0.8546283045927149,120.81065365999947,35.62784165999994
1,1,5,FIXEQ-G300,fixed,300.0,inf,0.0,0.0,300.0,58.934953119999975,176.570357,0.7263871558971291,120.81065365999947,35.62784165999994
1,1,5,CAP-G300-B0-e0,capped,300.0,0.0,0.0,0.0,156.0,120.81065365999947,0.0,0.0,120.81065365999947,35.62784165999994
1,1,5,CAP-G300-B0-e0.25,capped,300.0,0.0,0.25,0.0,208.0,84.88656977999975,100.61480999999999,0.42172925542772555,120.81065365999947,35.62784165999994
1,1,5,CAP-G300-B0-e0.5,capped,300.0,0.0,0.5,0.0,300.0,65.35590793999995,98.80301,0.6510086297691116,120.81065365999947,35.62784165999994
1,1,5,CAP-G300-B0-e0.75,capped,300.0,0.0,0.75,0.0,300.0,58.38237437999995,154.97352,0.7328741305229495,120.81065365999947,35.62784165999994
1,1,5,CAP-G300-B0-e0.9,capped,300.0,0.0,0.9,0.0,300.0,58.2115975199999,176.310936,0.7348789582104888,120.81065365999947,35.62784165999994
1,1,5,CAP-G300-B0-e0.95,capped,300.0,0.0,0.95,0.0,300.0,58.65511519999988,176.310936,0.7296723012619017,120.81065365999947,35.62784165999994
1,1,5,CAP-G300-B15-e0,capped,300.0,15.0,0.0,0.0,159.75,120.03109669999931,61.245051000000004,0.009151575789728196,120.81065365999947,35.62784165999994
1,1,5,CAP-G300-B15-e0.25,capped,300.0,15.0,0.25,0.0,213.0,77.26399317999991,74.360889,0.511214169356135,120.81065365999947,35.62784165999994
1,1,5,CAP-G300-B15-e0.5,capped,300.0,15.0,0.5,0.0,300.0,63.49938473999996,107.082736,0.6728032049470242,120.81065365999947,35.62784165999994
1,1,5,CAP-G300-B15-e0.75,capped,300.0,15.0,0.75,0.0,300.0,57.973945479999976,151.881836,0.7376688642304957,120.81065365999947,35.62784165999994
1,1,5,CAP-G300-B15-e0.9,capped,300.0,15.0,0.9,0.0,300.0,58.817969399999875,176.570357,0.727760481304608,120.81065365999947,35.62784165999994
1,1,5,CAP-G300-B15-e0.95,capped,300.0,15.0,0.95,0.0,300.0,58.94785105999965,176.570357,0.7262357410788478,120.81065365999947,35.62784165999994
1,1,5,CAP-G300-B30-e0,capped,300.0,30.0,0.0,0.0,163.5,116.65683225999992,61.245051000000004,0.048763609729150295,120.81065365999947,35.62784165999994
1,1,5,CAP-G300-B30-e0.25,capped,300.0,30.0,0.25,0.0,218.0,74.84874975999952,76.60037799999999,0.5395678168032326,120.81065365999947,35.62784165999994
1,1,5,CAP-G300-B30-e0.5,capped,300.0,30.0,0.5,0.0,300.0,62.38211917999991,108.27998,0.6859192964890604,120.81065365999947,35.62784165999994
1,1,5,CAP-G300-B30-e0.75,capped,300.0,30.0,0.75,0.0,300.0,58.720869219999926,162.51916,0.7289003847395868,120.81065365999947,35.62784165999994
1,1,5,CAP-G300-B30-e0.9,capped,300.0,30.0,0.9,0.0,300.0,58.96603309999996,176.570357,0.7260222937932579,120.81065365999947,35.62784165999994
1,1,5,CAP-G300-B30-e0.95,capped,300.0,30.0,0.95,0.0,300.0,58.934953119999975,176.570357,0.7263871558971291,120.81065365999947,35.62784165999994
1,1,5,CAP-G300-B60-e0,capped,300.0,60.0,0.0,0.0,171.0,109.52176313999986,74.157028,0.1325254503220635,120.81065365999947,35.62784165999994
1,1,5,CAP-G300-B60-e0.25,capped,300.0,60.0,0.25,0.0,228.0,71.86121225999987,86.461211,0.574639886271891,120.81065365999947,35.62784165999994
1,1,5,CAP-G300-B60-e0.5,capped,300.0,60.0,0.5,0.0,300.0,61.89829139999999,108.68576900000001,0.6915991721428474,120.81065365999947,35.62784165999994
1,1,5,CAP-G300-B60-e0.75,capped,300.0,60.0,0.75,0.0,300.0,58.83916509999983,176.570357,0.7275116552855755,120.81065365999947,35.62784165999994
1,1,5,CAP-G300-B60-e0.9,capped,300.0,60.0,0.9,0.0,300.0,58.934953119999975,176.570357,0.7263871558971291,120.81065365999947,35.62784165999994
1,1,5,CAP-G300-B60-e0.95,capped,300.0,60.0,0.95,0.0,300.0,58.934953119999975,176.570357,0.7263871558971291,120.81065365999947,35.62784165999994
1,1,5,CAP-G300-B120-e0,capped,300.0,120.0,0.0,0.0,186.0,94.86786539999983,77.045612,0.3045542598429339,120.81065365999947,35.62784165999994
1,1,5,CAP-G300-B120-e0.25,capped,300.0,120.0,0.25,0.0,248.0,68.36200783999993,105.761087,0.6157186477948137,120.81065365999947,35.62784165999994
1,1,5,CAP-G300-B120-e0.5,capped,300.0,120.0,0.5,0.0,300.0,59.71134019999996,147.630627,0.7172727927788983,120.81065365999947,35.62784165999994
1,1,5,CAP-G300-B120-e0.75,capped,300.0,120.0,0.75,0.0,300.0,58.934953119999975,176.570357,0.7263871558971291,120.81065365999947,35.62784165999994
1,1,5,CAP-G300-B120-e0.9,capped,300.0,120.0,0.9,0.0,300.0,58.934953119999975,176.570357,0.7263871558971291,120.81065365999947,35.62784165999994
1,1,5,CAP-G300-B120-e0.95,capped,300.0,120.0,0.95,0.0,300.0,58.934953119999975,176.570357,0.7263871558971291,120.81065365999947,35.62784165999994
1,1,5,CAP-G300-B240-e0,capped,300.0,240.0,0.0,0.0,216.0,80.00190957999995,106.582376,0.47907251617849567,120.81065365999947,35.62784165999994
1,1,5,CAP-G300-B240-e0.25,capped,300.0,240.0,0.25,0.0,288.0,61.21339803999996,142.049588,0.6996394486249156,120.81065365999947,35.62784165999994
1,1,5,CAP-G300-B240-e0.5,capped,300.0,240.0,0.5,0.0,300.0,59.03942489999993,176.570357,0.7251607138773475,120.81065365999947,35.62784165999994
1,1,5,CAP-G300-B240-e0.75,capped,300.0,240.0,0.75,0.0,300.0,58.934953119999975,176.570357,0.7263871558971291,120.81065365999947,35.62784165999994
1,1,5,CAP-G300-B240-e0.9,capped,300.0,240.0,0.9,0.0,300.0,58.934953119999975,176.570357,0.7263871558971291,120.81065365999947,35.62784165999994
1,1,5,CAP-G300-B240-e0.95,capped,300.0,240.0,0.95,0.0,300.0,58.934953119999975,176.570357,0.7263871558971291,120.81065365999947,35.62784165999994
1,1,5,CAP-G300-B360-e0,capped,300.0,360.0,0.0,0.0,246.0,67.77601307999986,132.758393,0.6225979083667713,120.81065365999947,35.62784165999994
1,1,5,CAP-G300-B360-e0.25,capped,300.0,360.0,0.25,0.0,300.0,58.75829675999997,173.750809,0.728461005724956,120.81065365999947,35.62784165999994
1,1,5,CAP-G300-B360-e0.5,capped,300.0,360.0,0.5,0.0,300.0,58.934953119999975,176.570357,0.7263871558971291,120.81065365999947,35.62784165999994
1,1,5,CAP-G300-B360-e0.75,capped,300.0,360.0,0.75,0.0,300.0,58.934953119999975,176.570357,0.7263871558971291,120.81065365999947,35.62784165999994
1,1,5,CAP-G300-B360-e0.9,capped,300.0,360.0,0.9,0.0,300.0,58.934953119999975,176.570357,0.7263871558971291,120.81065365999947,35.62784165999994
1,1,5,CAP-G300-B360-e0.95,capped,300.0,360.0,0.95,0.0,300.0,58.934953119999975,176.570357,0.7263871558971291,120.81065365999947,35.62784165999994
1,1,5,CAP-G300-B480-e0,capped,300.0,480.0,0.0,0.0,276.0,60.94708275999998,163.24733400000002,0.7027658455323103,120.81065365999947,35.62784165999994
1,1,5,CAP-G300-B480-e0.25,capped,300.0,480.0,0.25,0.0,300.0,58.934953119999975,176.570357,0.7263871558971291,120.81065365999947,35.62784165999994
1,1,5,CAP-G300-B480-e0.5,capped,300.0,480.0,0.5,0.0,300.0,58.934953119999975,176.570357,0.7263871558971291,120.81065365999947,35.62784165999994
1,1,5,CAP-G300-B480-e0.75,capped,300.0,480.0,0.75,0.0,300.0,58.934953119999975,176.570357,0.7263871558971291,120.81065365999947,35.62784165999994
1,1,5,CAP-G300-B480-e0.9,capped,300.0,480.0,0.9,0.0,300.0,58.934953119999975,176.570357,0.7263871558971291,120.81065365999947,35.62784165999994
1,1,5,CAP-G300-B480-e0.95,capped,300.0,480.0,0.95,0.0,300.0,58.934953119999975,176.570357,0.7263871558971291,120.81065365999947,35.62784165999994
1,1,5,HYB-G300-B0-g1-e0,hybrid,300.0,0.0,0.0,1.0,300.0,84.22211105999989,46.421614999999996,0.42952964032227287,120.81065365999947,35.62784165999994
1,1,5,HYB-G300-B0-g1-e0.9,hybrid,300.0,0.0,0.9,1.0,300.0,58.85217123999991,176.310936,0.7273589702579895,120.81065365999947,35.62784165999994
1,1,5,HYB-G300-B0-g4-e0,hybrid,300.0,0.0,0.0,4.0,300.0,67.70435253999948,50.41305,0.6234391642295196,120.81065365999947,35.62784165999994
1,1,5,HYB-G300-B0-g4-e0.9,hybrid,300.0,0.0,0.9,4.0,300.0,58.94534187999998,176.570357,0.7262651974907782,120.81065365999947,35.62784165999994
1,1,5,HYB-G300-B0-g16-e0,hybrid,300.0,0.0,0.0,16.0,300.0,59.78903555999984,86.760341,0.7163606914033311,120.81065365999947,35.62784165999994
1,1,5,HYB-G300-B0-g16-e0.9,hybrid,300.0,0.0,0.9,16.0,300.0,58.93530549999997,176.570357,0.7263830191471004,120.81065365999947,35.62784165999994
1,1,5,HYB-G300-B30-g1-e0,hybrid,300.0,30.0,0.0,1.0,300.0,79.75504837999992,62.859118,0.4819705327408043,120.81065365999947,35.62784165999994
1,1,5,HYB-G300-B30-g1-e0.9,hybrid,300.0,30.0,0.9,1.0,300.0,58.93982693999983,176.570357,0.726329939894447,120.81065365999947,35.62784165999994
1,1,5,HYB-G300-B30-g4-e0,hybrid,300.0,30.0,0.0,4.0,300.0,65.33488053999999,68.38566300000001,0.6512554800374493,120.81065365999947,35.62784165999994
1,1,5,HYB-G300-B30-g4-e0.9,hybrid,300.0,30.0,0.9,4.0,300.0,58.93530549999997,176.570357,0.7263830191471004,120.81065365999947,35.62784165999994
1,1,5,HYB-G300-B30-g16-e0,hybrid,300.0,30.0,0.0,16.0,300.0,59.68057335999995,93.726146,0.7176339787890527,120.81065365999947,35.62784165999994
1,1,5,HYB-G300-B30-g16-e0.9,hybrid,300.0,30.0,0.9,16.0,300.0,58.934953119999975,176.570357,0.7263871558971291,120.81065365999947,35.62784165999994
1,1,5,HYB-G300-B120-g1-e0,hybrid,300.0,120.0,0.0,1.0,300.0,72.58352553999956,78.70902,0.5661603202298626,120.81065365999947,35.62784165999994
1,1,5,HYB-G300-B120-g1-e0.9,hybrid,300.0,120.0,0.9,1.0,300.0,58.934953119999975,176.570357,0.7263871558971291,120.81065365999947,35.62784165999994
1,1,5,HYB-G300-B120-g4-e0,hybrid,300.0,120.0,0.0,4.0,300.0,62.28626929999991,86.760341,0.6870445220803452,120.81065365999947,35.62784165999994
1,1,5,HYB-G300-B120-g4-e0.9,hybrid,300.0,120.0,0.9,4.0,300.0,58.934953119999975,176.570357,0.7263871558971291,120.81065365999947,35.62784165999994
1,1,5,HYB-G300-B120-g16-e0,hybrid,300.0,120.0,0.0,16.0,300.0,59.37510091999995,115.434863,0.7212200595115346,120.81065365999947,35.62784165999994
1,1,5,HYB-G300-B120-g16-e0.9,hybrid,300.0,120.0,0.9,16.0,300.0,58.934953119999975,176.570357,0.7263871558971291,120.81065365999947,35.62784165999994
1,1,5,FIXEQ-G600,fixed,600.0,inf,0.0,0.0,600.0,49.91405825999993,465.748111,0.8322875675905127,120.81065365999947,35.62784165999994
1,1,5,CAP-G600-B0-e0,capped,600.0,0.0,0.0,0.0,156.0,120.81065365999947,0.0,0.0,120.81065365999947,35.62784165999994
1,1,5,CAP-G600-B0-e0.25,capped,600.0,0.0,0.25,0.0,208.0,84.43871337999992,100.61480999999999,0.4269868465952938,120.81065365999947,35.62784165999994
1,1,5,CAP-G600-B0-e0.5,capped,600.0,0.0,0.5,0.0,312.0,61.259679779999914,98.80301,0.6990961261058145,120.81065365999947,35.62784165999994
1,1,5,CAP-G600-B0-e0.75,capped,600.0,0.0,0.75,0.0,600.0,52.38043083999997,154.97352,0.8033336915433114,120.81065365999947,35.62784165999994
1,1,5,CAP-G600-B0-e0.9,capped,600.0,0.0,0.9,0.0,600.0,50.08709215999989,222.32424,0.8302562434778507,120.81065365999947,35.62784165999994
1,1,5,CAP-G600-B0-e0.95,capped,600.0,0.0,0.95,0.0,600.0,49.90659517999999,328.34748,0.8323751801008856,120.81065365999947,35.62784165999994
1,1,5,CAP-G600-B15-e0,capped,600.0,15.0,0.0,0.0,159.75,120.03109669999931,61.245051000000004,0.009151575789728196,120.81065365999947,35.62784165999994
1,1,5,CAP-G600-B15-e0.25,capped,600.0,15.0,0.25,0.0,213.0,76.91570403999977,74.360889,0.5153028949079533,120.81065365999947,35.62784165999994
1,1,5,CAP-G600-B15-e0.5,capped,600.0,15.0,0.5,0.0,319.5,59.5056340199999,107.082736,0.7196876717335876,120.81065365999947,35.62784165999994
1,1,5,CAP-G600-B15-e0.75,capped,600.0,15.0,0.75,0.0,600.0,51.602638999999996,151.881836,0.8124645457818399,120.81065365999947,35.62784165999994
1,1,5,CAP-G600-B15-e0.9,capped,600.0,15.0,0.9,0.0,600.0,50.34312005999998,247.938655,0.8272506148306055,120.81065365999947,35.62784165999994
1,1,5,CAP-G600-B15-e0.95,capped,600.0,15.0,0.95,0.0,600.0,49.929109639999965,405.035918,0.8321108725548988,120.81065365999947,35.62784165999994
1,1,5,CAP-G600-B30-e0,capped,600.0,30.0,0.0,0.0,163.5,116.65683225999992,61.245051000000004,0.048763609729150295,120.81065365999947,35.62784165999994
1,1,5,CAP-G600-B30-e0.25,capped,600.0,30.0,0.25,0.0,218.0,74.17481571999996,76.60037799999999,0.5474794368140814,120.81065365999947,35.62784165999994
1,1,5,CAP-G600-B30-e0.5,capped,600.0,30.0,0.5,0.0,327.0,58.70084744,108.27998,0.7291354295746872,120.81065365999947,35.62784165999994
1,1,5,CAP-G600-B30-e0.75,capped,600.0,30.0,0.75,0.0,600.0,51.84431237999995,162.51916,0.8096274314118663,120.81065365999947,35.62784165999994
1,1,5,CAP-G600-B30-e0.9,capped,600.0,30.0,0.9,0.0,600.0,50.03387433999999,253.002523,0.8308809918132297,120.81065365999947,35.62784165999994
1,1,5,CAP-G600-B30-e0.95,capped,600.0,30.0,0.95,0.0,600.0,49.92460034,465.748111,0.8321638092905393,120.81065365999947,35.62784165999994
1,1,5,CAP-G600-B60-e0,capped,600.0,60.0,0.0,0.0,171.0,109.52176313999986,74.157028,0.1325254503220635,120.81065365999947,35.62784165999994
1,1,5,CAP-G600-B60-e0.25,capped,600.0,60.0,0.25,0.0,228.0,71.29659693999987,86.461211,0.5812681638168963,120.81065365999947,35.62784165999994
1,1,5,CAP-G600-B60-e0.5,capped,600.0,60.0,0.5,0.0,342.0,57.57412973999997,108.68576900000001,0.7423624841124035,120.81065365999947,35.62784165999994
1,1,5,CAP-G600-B60-e0.75,capped,600.0,60.0,0.75,0.0,600.0,50.84418678,176.570357,0.821368363373586,120.81065365999947,35.62784165999994
1,1,5,CAP-G600-B60-e0.9,capped,600.0,60.0,0.9,0.0,600.0,49.92442079999998,328.34748,0.8321659169927366,120.81065365999947,35.62784165999994
1,1,5,CAP-G600-B60-e0.95,capped,600.0,60.0,0.95,0.0,600.0,49.91654965999998,465.748111,0.8322583199061317,120.81065365999947,35.62784165999994
1,1,5,CAP-G600-B120-e0,capped,600.0,120.0,0.0,0.0,186.0,94.86786539999983,77.045612,0.3045542598429339,120.81065365999947,35.62784165999994
1,1,5,CAP-G600-B120-e0.25,capped,600.0,120.0,0.25,0.0,248.0,67.18886295999994,105.761087,0.629490732238328,120.81065365999947,35.62784165999994
1,1,5,CAP-G600-B120-e0.5,capped,600.0,120.0,0.5,0.0,372.0,54.43005175999991,147.630627,0.7792722538908428,120.81065365999947,35.62784165999994
1,1,5,CAP-G600-B120-e0.75,capped,600.0,120.0,0.75,0.0,600.0,50.65374375999998,232.554226,0.823604061110355,120.81065365999947,35.62784165999994
1,1,5,CAP-G600-B120-e0.9,capped,600.0,120.0,0.9,0.0,600.0,49.91405825999993,465.748111,0.8322875675905127,120.81065365999947,35.62784165999994
1,1,5,CAP-G600-B120-e0.95,capped,600.0,120.0,0.95,0.0,600.0,49.91405825999993,465.748111,0.8322875675905127,120.81065365999947,35.62784165999994
1,1,5,CAP-G600-B240-e0,capped,600.0,240.0,0.0,0.0,216.0,80.00190957999995,106.582376,0.47907251617849567,120.81065365999947,35.62784165999994
1,1,5,CAP-G600-B240-e0.25,capped,600.0,240.0,0.25,0.0,288.0,59.4627462599998,142.049588,0.7201911507687726,120.81065365999947,35.62784165999994
1,1,5,CAP-G600-B240-e0.5,capped,600.0,240.0,0.5,0.0,432.0,52.23993483999992,176.570357,0.8049830383622454,120.81065365999947,35.62784165999994
1,1,5,CAP-G600-B240-e0.75,capped,600.0,240.0,0.75,0.0,600.0,49.97741551999991,328.34748,0.8315437877303223,120.81065365999947,35.62784165999994
1,1,5,CAP-G600-B240-e0.9,capped,600.0,240.0,0.9,0.0,600.0,49.91405825999993,465.748111,0.8322875675905127,120.81065365999947,35.62784165999994
1,1,5,CAP-G600-B240-e0.95,capped,600.0,240.0,0.95,0.0,600.0,49.91405825999993,465.748111,0.8322875675905127,120.81065365999947,35.62784165999994
1,1,5,CAP-G600-B360-e0,capped,600.0,360.0,0.0,0.0,246.0,67.77601307999986,132.758393,0.6225979083667713,120.81065365999947,35.62784165999994
1,1,5,CAP-G600-B360-e0.25,capped,600.0,360.0,0.25,0.0,328.0,55.22388341999988,173.750809,0.7699531008673435,120.81065365999947,35.62784165999994
1,1,5,CAP-G600-B360-e0.5,capped,600.0,360.0,0.5,0.0,492.0,50.705639499999975,232.554226,0.8229948332769278,120.81065365999947,35.62784165999994
1,1,5,CAP-G600-B360-e0.75,capped,600.0,360.0,0.75,0.0,600.0,49.91593459999997,465.744112,0.8322655403768532,120.81065365999947,35.62784165999994
1,1,5,CAP-G600-B360-e0.9,capped,600.0,360.0,0.9,0.0,600.0,49.91405825999993,465.748111,0.8322875675905127,120.81065365999947,35.62784165999994
1,1,5,CAP-G600-B360-e0.95,capped,600.0,360.0,0.95,0.0,600.0,49.91405825999993,465.748111,0.8322875675905127,120.81065365999947,35.62784165999994
1,1,5,CAP-G600-B480-e0,capped,600.0,480.0,0.0,0.0,276.0,60.94708275999998,163.24733400000002,0.7027658455323103,120.81065365999947,35.62784165999994
1,1,5,CAP-G600-B480-e0.25,capped,600.0,480.0,0.25,0.0,368.0,53.14658003999994,213.00124,0.794339515582086,120.81065365999947,35.62784165999994
1,1,5,CAP-G600-B480-e0.5,capped,600.0,480.0,0.5,0.0,552.0,50.23172867999999,290.213393,0.8285582892004068,120.81065365999947,35.62784165999994
1,1,5,CAP-G600-B480-e0.75,capped,600.0,480.0,0.75,0.0,600.0,49.91405825999993,465.748111,0.8322875675905127,120.81065365999947,35.62784165999994
1,1,5,CAP-G600-B480-e0.9,capped,600.0,480.0,0.9,0.0,600.0,49.91405825999993,465.748111,0.8322875675905127,120.81065365999947,35.62784165999994
1,1,5,CAP-G600-B480-e0.95,capped,600.0,480.0,0.95,0.0,600.0,49.91405825999993,465.748111,0.8322875675905127,120.81065365999947,35.62784165999994
1,1,5,CAP-G600-B600-e0,capped,600.0,600.0,0.0,0.0,306.0,58.211754699999915,176.570357,0.734877113002561,120.81065365999947,35.62784165999994
1,1,5,CAP-G600-B600-e0.25,capped,600.0,600.0,0.25,0.0,408.0,52.07192565999984,246.766088,0.8069553749880906,120.81065365999947,35.62784165999994
1,1,5,CAP-G600-B600-e0.5,capped,600.0,600.0,0.5,0.0,600.0,49.901458259999934,332.67707,0.8324354847548344,120.81065365999947,35.62784165999994
1,1,5,CAP-G600-B600-e0.75,capped,600.0,600.0,0.75,0.0,600.0,49.91405825999993,465.748111,0.8322875675905127,120.81065365999947,35.62784165999994
1,1,5,CAP-G600-B600-e0.9,capped,600.0,600.0,0.9,0.0,600.0,49.91405825999993,465.748111,0.8322875675905127,120.81065365999947,35.62784165999994
1,1,5,CAP-G600-B600-e0.95,capped,600.0,600.0,0.95,0.0,600.0,49.91405825999993,465.748111,0.8322875675905127,120.81065365999947,35.62784165999994
1,1,5,HYB-G600-B0-g1-e0,hybrid,600.0,0.0,0.0,1.0,600.0,82.57379749999981,46.421614999999996,0.4488799472832603,120.81065365999947,35.62784165999994
1,1,5,HYB-G600-B0-g1-e0.9,hybrid,600.0,0.0,0.9,1.0,600.0,49.978780699999994,222.32424,0.8315277612577509,120.81065365999947,35.62784165999994
1,1,5,HYB-G600-B0-g4-e0,hybrid,600.0,0.0,0.0,4.0,600.0,62.67422315999999,50.41305,0.6824901542343988,120.81065365999947,35.62784165999994
1,1,5,HYB-G600-B0-g4-e0.9,hybrid,600.0,0.0,0.9,4.0,600.0,49.94202151999991,247.938655,0.8319592940885768,120.81065365999947,35.62784165999994
1,1,5,HYB-G600-B0-g16-e0,hybrid,600.0,0.0,0.0,16.0,600.0,51.598649959999875,86.760341,0.8125113749473307,120.81065365999947,35.62784165999994
1,1,5,HYB-G600-B0-g16-e0.9,hybrid,600.0,0.0,0.9,16.0,600.0,49.90659517999999,370.94511800000004,0.8323751801008856,120.81065365999947,35.62784165999994
1,1,5,HYB-G600-B30-g1-e0,hybrid,600.0,30.0,0.0,1.0,600.0,78.09195871999995,62.859118,0.5014943030995473,120.81065365999947,35.62784165999994
1,1,5,HYB-G600-B30-g1-e0.9,hybrid,600.0,30.0,0.9,1.0,600.0,49.95066573999994,290.213393,0.831857815635388,120.81065365999947,35.62784165999994
1,1,5,HYB-G600-B30-g4-e0,hybrid,600.0,30.0,0.0,4.0,600.0,60.64096481999996,68.38566300000001,0.7063595040745996,120.81065365999947,35.62784165999994
1,1,5,HYB-G600-B30-g4-e0.9,hybrid,600.0,30.0,0.9,4.0,600.0,49.92765877999996,290.213393,0.8321279048641868,120.81065365999947,35.62784165999994
1,1,5,HYB-G600-B30-g16-e0,hybrid,600.0,30.0,0.0,16.0,600.0,51.80310459999988,93.726146,0.8101111883932639,120.81065365999947,35.62784165999994
1,1,5,HYB-G600-B30-g16-e0.9,hybrid,600.0,30.0,0.9,16.0,600.0,49.89948013999997,405.035918,0.8324587068104758,120.81065365999947,35.62784165999994
1,1,5,HYB-G600-B120-g1-e0,hybrid,600.0,120.0,0.0,1.0,600.0,70.903286,78.70902,0.5858854208757485,120.81065365999947,35.62784165999994
1,1,5,HYB-G600-B120-g1-e0.9,hybrid,600.0,120.0,0.9,1.0,600.0,49.91561653999998,465.748111,0.8322692742287011,120.81065365999947,35.62784165999994
1,1,5,HYB-G600-B120-g4-e0,hybrid,600.0,120.0,0.0,4.0,600.0,57.39562168,86.760341,0.7444580718936565,120.81065365999947,35.62784165999994
1,1,5,HYB-G600-B120-g4-e0.9,hybrid,600.0,120.0,0.9,4.0,600.0,49.91405825999993,465.748111,0.8322875675905127,120.81065365999947,35.62784165999994
1,1,5,HYB-G600-B120-g16-e0,hybrid,600.0,120.0,0.0,16.0,600.0,51.05092719999998,115.434863,0.8189413430023873,120.81065365999947,35.62784165999994
1,1,5,HYB-G600-B120-g16-e0.9,hybrid,600.0,120.0,0.9,16.0,600.0,49.91405825999993,465.748111,0.8322875675905127,120.81065365999947,35.62784165999994
1,1,5,CAP-G1200-B0-e0,capped,1200.0,0.0,0.0,0.0,156.0,120.81065365999947,0.0,0.0,120.81065365999947,35.62784165999994
1,1,5,CAP-G1200-B0-e0.25,capped,1200.0,0.0,0.25,0.0,208.0,84.43871337999992,100.61480999999999,0.4269868465952938,120.81065365999947,35.62784165999994
1,1,5,CAP-G1200-B0-e0.5,capped,1200.0,0.0,0.5,0.0,312.0,61.171153199999964,98.80301,0.7001353801280925,120.81065365999947,35.62784165999994
1,1,5,CAP-G1200-B0-e0.75,capped,1200.0,0.0,0.75,0.0,624.0,51.33008767999998,154.97352,0.8156641504156952,120.81065365999947,35.62784165999994
1,1,5,CAP-G1200-B0-e0.9,capped,1200.0,0.0,0.9,0.0,1200.0,48.624331179999984,222.32424,0.8474282638145344,120.81065365999947,35.62784165999994
1,1,5,CAP-G1200-B0-e0.95,capped,1200.0,0.0,0.95,0.0,1200.0,48.08643705999992,328.34748,0.8537428489681692,120.81065365999947,35.62784165999994
1,1,5,CAP-G1200-B15-e0.25,capped,1200.0,15.0,0.25,0.0,213.0,76.91570403999977,74.360889,0.5153028949079533,120.81065365999947,35.62784165999994
1,1,5,CAP-G1200-B15-e0.5,capped,1200.0,15.0,0.5,0.0,319.5,59.33367777999998,107.082736,0.7217063447024951,120.81065365999947,35.62784165999994
1,1,5,CAP-G1200-B15-e0.75,capped,1200.0,15.0,0.75,0.0,639.0,50.33931743999986,151.881836,0.8272952555264318,120.81065365999947,35.62784165999994
1,1,5,CAP-G1200-B15-e0.9,capped,1200.0,15.0,0.9,0.0,1200.0,48.790873599999955,247.938655,0.8454731461553525,120.81065365999947,35.62784165999994
1,1,5,CAP-G1200-B15-e0.95,capped,1200.0,15.0,0.95,0.0,1200.0,48.10185575999997,405.035918,0.8535618417950314,120.81065365999947,35.62784165999994
1,1,5,CAP-G1200-B30-e0.25,capped,1200.0,30.0,0.25,0.0,218.0,74.17481571999996,76.60037799999999,0.5474794368140814,120.81065365999947,35.62784165999994
1,1,5,CAP-G1200-B30-e0.5,capped,1200.0,30.0,0.5,0.0,327.0,58.38016777999996,108.27998,0.7329000348098377,120.81065365999947,35.62784165999994
1,1,5,CAP-G1200-B30-e0.75,capped,1200.0,30.0,0.75,0.0,654.0,50.70611441999994,162.51916,0.822989257973779,120.81065365999947,35.62784165999994
1,1,5,CAP-G1200-B30-e0.9,capped,1200.0,30.0,0.9,0.0,1200.0,48.42206097999997,253.002523,0.849802806228091,120.81065365999947,35.62784165999994
1,1,5,CAP-G1200-B30-e0.95,capped,1200.0,30.0,0.95,0.0,1200.0,47.990822019999996,488.15707,0.8548653176652572,120.81065365999947,35.62784165999994
1,1,5,CAP-G1200-B60-e0.25,capped,1200.0,60.0,0.25,0.0,228.0,71.29659693999987,86.461211,0.5812681638168963,120.81065365999947,35.62784165999994
1,1,5,CAP-G1200-B60-e0.5,capped,1200.0,60.0,0.5,0.0,342.0,57.30905287999993,108.68576900000001,0.7454743426408592,120.81065365999947,35.62784165999994
1,1,5,CAP-G1200-B60-e0.75,capped,1200.0,60.0,0.75,0.0,684.0,49.846316879999975,176.570357,0.8330828146410556,120.81065365999947,35.62784165999994
1,1,5,CAP-G1200-B60-e0.9,capped,1200.0,60.0,0.9,0.0,1200.0,48.233654019999996,328.34748,0.852014601725051,120.81065365999947,35.62784165999994
1,1,5,CAP-G1200-B60-e0.95,capped,1200.0,60.0,0.95,0.0,1200.0,48.01674631999995,488.625063,0.854560980447557,120.81065365999947,35.62784165999994
1,1,5,CAP-G1200-B120-e0.25,capped,1200.0,120.0,0.25,0.0,248.0,67.18886295999994,105.761087,0.629490732238328,120.81065365999947,35.62784165999994
1,1,5,CAP-G1200-B120-e0.5,capped,1200.0,120.0,0.5,0.0,372.0,54.207139719999894,147.630627,0.7818891203075092,120.81065365999947,35.62784165999994
1,1,5,CAP-G1200-B120-e0.75,capped,1200.0,120.0,0.75,0.0,744.0,49.35840853999977,232.554226,0.8388105938554845,120.81065365999947,35.62784165999994
1,1,5,CAP-G1200-B120-e0.9,capped,1200.0,120.0,0.9,0.0,1200.0,48.12014905999994,465.748111,0.8533470883774058,120.81065365999947,35.62784165999994
1,1,5,CAP-G1200-B120-e0.95,capped,1200.0,120.0,0.95,0.0,1200.0,47.974251,488.625063,0.8550598524500443,120.81065365999947,35.62784165999994
1,1,5,CAP-G1200-B240-e0.25,capped,1200.0,240.0,0.25,0.0,288.0,59.4627462599998,142.049588,0.7201911507687726,120.81065365999947,35.62784165999994
1,1,5,CAP-G1200-B240-e0.5,capped,1200.0,240.0,0.5,0.0,432.0,51.86600411999993,176.570357,0.8093727821523423,120.81065365999947,35.62784165999994
1,1,5,CAP-G1200-B240-e0.75,capped,1200.0,240.0,0.75,0.0,864.0,48.571301999999974,328.34748,0.8480507976186545,120.81065365999947,35.62784165999994
1,1,5,CAP-G1200-B240-e0.9,capped,1200.0,240.0,0.9,0.0,1200.0,47.96179209999992,488.625063,0.8552061131769161,120.81065365999947,35.62784165999994
1,1,5,CAP-G1200-B240-e0.95,capped,1200.0,240.0,0.95,0.0,1200.0,48.0110114599999,488.625063,0.8546283045927149,120.81065365999947,35.62784165999994
1,1,5,CAP-G1200-B360-e0.25,capped,1200.0,360.0,0.25,0.0,328.0,55.22388341999988,173.750809,0.7699531008673435,120.81065365999947,35.62784165999994
1,1,5,CAP-G1200-B360-e0.5,capped,1200.0,360.0,0.5,0.0,492.0,50.21869909999993,232.554226,0.828711249400876,120.81065365999947,35.62784165999994
1,1,5,CAP-G1200-B360-e0.75,capped,1200.0,360.0,0.75,0.0,984.0,48.395165319999926,465.744112,0.8501185466852156,120.81065365999947,35.62784165999994
1,1,5,CAP-G1200-B360-e0.9,capped,1200.0,360.0,0.9,0.0,1200.0,48.0110114599999,488.625063,0.8546283045927149,120.81065365999947,35.62784165999994
1,1,5,CAP-G1200-B360-e0.95,capped,1200.0,360.0,0.95,0.0,1200.0,48.0110114599999,488.625063,0.8546283045927149,120.81065365999947,35.62784165999994
1,1,5,CAP-G1200-B480-e0.25,capped,1200.0,480.0,0.25,0.0,368.0,53.14658003999994,213.00124,0.794339515582086,120.81065365999947,35.62784165999994
1,1,5,CAP-G1200-B480-e0.5,capped,1200.0,480.0,0.5,0.0,552.0,49.84293703999998,290.213393,0.8331224921290445,120.81065365999947,35.62784165999994
1,1,5,CAP-G1200-B480-e0.75,capped,1200.0,480.0,0.75,0.0,1104.0,48.18202109999994,488.625063,0.8526207441942623,120.81065365999947,35.62784165999994
1,1,5,CAP-G1200-B480-e0.9,capped,1200.0,480.0,0.9,0.0,1200.0,48.0110114599999,488.625063,0.8546283045927149,120.81065365999947,35.62784165999994
1,1,5,CAP-G1200-B480-e0.95,capped,1200.0,480.0,0.95,0.0,1200.0,48.0110114599999,488.625063,0.8546283045927149,120.81065365999947,35.62784165999994
1,1,5,CAP-G1200-B600-e0.25,capped,1200.0,600.0,0.25,0.0,408.0,52.061554459999826,246.766088,0.807077127249568,120.81065365999947,35.62784165999994
1,1,5,CAP-G1200-B600-e0.5,capped,1200.0,600.0,0.5,0.0,612.0,49.05986677999998,332.67707,0.842315312154756,120.81065365999947,35.62784165999994
1,1,5,CAP-G1200-B600-e0.75,capped,1200.0,600.0,0.75,0.0,1200.0,48.07425597999992,488.625063,0.8538858482389612,120.81065365999947,35.62784165999994
1,1,5,CAP-G1200-B600-e0.9,capped,1200.0,600.0,0.9,0.0,1200.0,48.0110114599999,488.625063,0.8546283045927149,120.81065365999947,35.62784165999994
1,1,5,CAP-G1200-B600-e0.95,capped,1200.0,600.0,0.95,0.0,1200.0,48.0110114599999,488.625063,0.8546283045927149,120.81065365999947,35.62784165999994
1,1,5,HYB-G1200-B0-g1-e0,hybrid,1200.0,0.0,0.0,1.0,1200.0,82.44902665999993,46.421614999999996,0.45034468925491394,120.81065365999947,35.62784165999994
1,1,5,HYB-G1200-B0-g1-e0.9,hybrid,1200.0,0.0,0.9,1.0,1200.0,48.28602647999997,222.32424,0.8513997774574511,120.81065365999947,35.62784165999994
1,1,5,HYB-G1200-B0-g4-e0,hybrid,1200.0,0.0,0.0,4.0,1200.0,62.02483117999994,50.41305,0.690113663775268,120.81065365999947,35.62784165999994
1,1,5,HYB-G1200-B0-g4-e0.9,hybrid,1200.0,0.0,0.9,4.0,1200.0,48.036858219999964,247.938655,0.8543248776525469,120.81065365999947,35.62784165999994
1,1,5,HYB-G1200-B0-g16-e0,hybrid,1200.0,0.0,0.0,16.0,1200.0,50.95710697999998,86.760341,0.8200427414863914,120.81065365999947,35.62784165999994
1,1,5,HYB-G1200-B0-g16-e0.9,hybrid,1200.0,0.0,0.9,16.0,1200.0,48.008591199999955,370.94511800000004,0.854656717132089,120.81065365999947,35.62784165999994
1,1,5,HYB-G1200-B30-g1-e0,hybrid,1200.0,30.0,0.0,1.0,1200.0,77.94426303999994,62.859118,0.5032281702557527,120.81065365999947,35.62784165999994
1,1,5,HYB-G1200-B30-g1-e0.9,hybrid,1200.0,30.0,0.9,1.0,1200.0,48.1776195,290.213393,0.8526724165903314,120.81065365999947,35.62784165999994
1,1,5,HYB-G1200-B30-g4-e0,hybrid,1200.0,30.0,0.0,4.0,1200.0,60.31074065999997,68.38566300000001,0.7102361565617232,120.81065365999947,35.62784165999994
1,1,5,HYB-G1200-B30-g4-e0.9,hybrid,1200.0,30.0,0.9,4.0,1200.0,48.017120139999996,290.213393,0.854556592003559,120.81065365999947,35.62784165999994
1,1,5,HYB-G1200-B30-g16-e0,hybrid,1200.0,30.0,0.0,16.0,1200.0,51.04265589999998,93.726146,0.8190384435770903,120.81065365999947,35.62784165999994
1,1,5,HYB-G1200-B30-g16-e0.9,hybrid,1200.0,30.0,0.9,16.0,1200.0,47.99949283999984,405.035918,0.8547635269425014,120.81065365999947,35.62784165999994
1,1,5,HYB-G1200-B120-g1-e0,hybrid,1200.0,120.0,0.0,1.0,1200.0,70.71689699999955,78.70902,0.5880735266170857,120.81065365999947,35.62784165999994
1,1,5,HYB-G1200-B120-g1-e0.9,hybrid,1200.0,120.0,0.9,1.0,1200.0,48.028702419999995,488.15707,0.8544206223199097,120.81065365999947,35.62784165999994
1,1,5,HYB-G1200-B120-g4-e0,hybrid,1200.0,120.0,0.0,4.0,1200.0,57.1362402199998,86.760341,0.7475030695159491,120.81065365999947,35.62784165999994
1,1,5,HYB-G1200-B120-g4-e0.9,hybrid,1200.0,120.0,0.9,4.0,1200.0,47.97296527999998,488.625063,0.8550749461053234,120.81065365999947,35.62784165999994
1,1,5,HYB-G1200-B120-g16-e0,hybrid,1200.0,120.0,0.0,16.0,1200.0,50.53363969999994,115.434863,0.8250140176166046,120.81065365999947,35.62784165999994
1,1,5,HYB-G1200-B120-g16-e0.9,hybrid,1200.0,120.0,0.9,16.0,1200.0,48.0110114599999,488.625063,0.8546283045927149,120.81065365999947,35.62784165999994
1,2,4,SJF,reference,-1.0,-1.0,-1.0,-1.0,inf,46.17291578,621.200488,1.0,261.18647754,46.17291578
1,2,4,SPJF-E,reference,-1.0,-1.0,-1.0,-1.0,inf,72.17195419999993,633.577125,0.8790818671753352,261.18647754,46.17291578
1,2,4,FIX-B15,fixed,-1.0,15.0,0.0,0.0,153.75,261.90116429999995,48.506433,-0.00332391479937293,261.18647754,46.17291578
1,2,4,FIX-B17.99,fixed,-1.0,17.99,0.0,0.0,154.4975,262.29073355999964,62.108482,-0.005135750558991338,261.18647754,46.17291578
1,2,4,FIX-B21.576,fixed,-1.0,21.576,0.0,0.0,155.394,262.44121811999986,62.108482,-0.0058356345977860396,261.18647754,46.17291578
1,2,4,FIX-B25.877,fixed,-1.0,25.877,0.0,0.0,156.46925,262.698097,62.108482,-0.007030344726288952,261.18647754,46.17291578
1,2,4,FIX-B30,fixed,-1.0,30.0,0.0,0.0,157.5,262.60380963999916,62.108482,-0.006591826526650424,261.18647754,46.17291578
1,2,4,FIX-B31.035,fixed,-1.0,31.035,0.0,0.0,157.75875,262.6647677599998,62.108482,-0.006875334783067648,261.18647754,46.17291578
1,2,4,FIX-B37.222,fixed,-1.0,37.222,0.0,0.0,159.3055,263.0556172199999,62.108482,-0.008693124585723692,261.18647754,46.17291578
1,2,4,FIX-B44.641,fixed,-1.0,44.641,0.0,0.0,161.16025,263.79555113999993,62.108482,-0.012134460629568107,261.18647754,46.17291578
1,2,4,FIX-B53.54,fixed,-1.0,53.54,0.0,0.0,163.385,263.74139239999965,64.275168,-0.011882575401692446,261.18647754,46.17291578
1,2,4,FIX-B60,fixed,-1.0,60.0,0.0,0.0,165.0,263.9521812999996,66.572484,-0.01286292705148856,261.18647754,46.17291578
1,2,4,FIX-B64.212,fixed,-1.0,64.212,0.0,0.0,166.053,263.53777949999994,67.30644,-0.010935598390879582,261.18647754,46.17291578
1,2,4,FIX-B77.012,fixed,-1.0,77.012,0.0,0.0,169.253,263.3530931599999,67.522805,-0.01007664633925881,261.18647754,46.17291578
1,2,4,FIX-B92.363,fixed,-1.0,92.363,0.0,0.0,173.09075,262.99459653999975,71.193385,-0.008409325370917705,261.18647754,46.17291578
1,2,4,FIX-B110.774,fixed,-1.0,110.774,0.0,0.0,177.6935,261.0122726999997,73.905808,0.000810203963760895,261.18647754,46.17291578
1,2,4,FIX-B120,fixed,-1.0,120.0,0.0,0.0,180.0,259.9622384599999,81.52461,0.005693776104070036,261.18647754,46.17291578
1,2,4,FIX-B132.855,fixed,-1.0,132.855,0.0,0.0,183.21375,257.3992967599997,84.238423,0.017613683290487493,261.18647754,46.17291578
1,2,4,FIX-B159.338,fixed,-1.0,159.338,0.0,0.0,189.8345,253.20256893999897,87.571102,0.03713211638674558,261.18647754,46.17291578
1,2,4,FIX-B191.099,fixed,-1.0,191.099,0.0,0.0,197.77474999999998,247.79779249999996,104.912265,0.06226902587170109,261.18647754,46.17291578
1,2,4,FIX-B229.192,fixed,-1.0,229.192,0.0,0.0,207.298,239.48564399999847,104.953563,0.10092774317288963,261.18647754,46.17291578
1,2,4,FIX-B240,fixed,-1.0,240.0,0.0,0.0,210.0,234.6266668799998,104.953563,0.12352621128915811,261.18647754,46.17291578
1,2,4,FIX-B274.878,fixed,-1.0,274.878,0.0,0.0,218.71949999999998,225.03587215999988,114.427886,0.16813174519824817,261.18647754,46.17291578
1,2,4,FIX-B329.671,fixed,-1.0,329.671,0.0,0.0,232.41775,215.00147867999993,131.80208199999998,0.21480039901646836,261.18647754,46.17291578
1,2,4,FIX-B360,fixed,-1.0,360.0,0.0,0.0,240.0,208.05134603999994,137.979686,0.24712455840022754,261.18647754,46.17291578
1,2,4,FIX-B395.386,fixed,-1.0,395.386,0.0,0.0,248.8465,202.08162775999915,150.233713,0.27488893861483116,261.18647754,46.17291578
1,2,4,FIX-B474.201,fixed,-1.0,474.201,0.0,0.0,268.55025,187.75477121999938,171.61468299999999,0.3415212776297605,261.18647754,46.17291578
1,2,4,FIX-B480,fixed,-1.0,480.0,0.0,0.0,270.0,186.3231342599997,171.61468299999999,0.34817963419239295,261.18647754,46.17291578
1,2,4,FIX-B568.726,fixed,-1.0,568.726,0.0,0.0,292.1815,176.59485997999926,191.550998,0.3934245675834282,261.18647754,46.17291578
1,2,4,FIX-B600,fixed,-1.0,600.0,0.0,0.0,300.0,172.22016489999888,212.043911,0.41377070316758013,261.18647754,46.17291578
1,2,4,FIX-B682.093,fixed,-1.0,682.093,0.0,0.0,320.52324999999996,159.7642350799996,216.814719,0.4717016063070886,261.18647754,46.17291578
1,2,4,FIX-B818.058,fixed,-1.0,818.058,0.0,0.0,354.5145,139.3946153999999,254.907747,0.566438047642526,261.18647754,46.17291578
1,2,4,FIX-B981.126,fixed,-1.0,981.126,0.0,0.0,395.2815,126.57858405999924,288.16084600000005,0.6260437359307189,261.18647754,46.17291578
1,2,4,FIX-B1176.7,fixed,-1.0,1176.699,0.0,0.0,444.17475,116.43350023999989,345.45427500000005,0.673227196066705,261.18647754,46.17291578
1,2,4,FIX-B1411.26,fixed,-1.0,1411.256,0.0,0.0,502.814,105.90614615999978,371.415726,0.7221885452663933,261.18647754,46.17291578
1,2,4,FIX-B1692.57,fixed,-1.0,1692.569,0.0,0.0,573.14225,95.72863669999977,455.568316,0.7695228128199918,261.18647754,46.17291578
1,2,4,FIX-B2029.96,fixed,-1.0,2029.958,0.0,0.0,657.4895,92.10040055999995,534.201224,0.7863972653442919,261.18647754,46.17291578
1,2,4,FIX-B2434.6,fixed,-1.0,2434.6,0.0,0.0,758.65,87.98832645999985,609.610394,0.8055219850426245,261.18647754,46.17291578
1,2,4,FIX-B2919.9,fixed,-1.0,2919.901,0.0,0.0,879.97525,84.57625319999978,633.577125,0.8213910922378658,261.18647754,46.17291578
1,2,4,FIX-B3501.94,fixed,-1.0,3501.94,0.0,0.0,1025.4850000000001,81.21157283999986,633.577125,0.8370397812436113,261.18647754,46.17291578
1,2,4,FIX-B4200,fixed,-1.0,4200.0,0.0,0.0,1200.0,79.43127623999995,633.577125,0.8453197082650851,261.18647754,46.17291578
1,2,4,FIXEQ-G300,fixed,300.0,inf,0.0,0.0,300.0,172.22016489999888,212.043911,0.41377070316758013,261.18647754,46.17291578
1,2,4,CAP-G300-B0-e0,capped,300.0,0.0,0.0,0.0,150.0,261.18647754,0.0,0.0,261.18647754,46.17291578
1,2,4,CAP-G300-B0-e0.25,capped,300.0,0.0,0.25,0.0,200.0,212.35547107999997,88.071859,0.22710663485731944,261.18647754,46.17291578
1,2,4,CAP-G300-B0-e0.5,capped,300.0,0.0,0.5,0.0,300.0,165.41782169999928,86.145206,0.4454075131637441,261.18647754,46.17291578
1,2,4,CAP-G300-B0-e0.75,capped,300.0,0.0,0.75,0.0,300.0,165.44978891999997,173.432647,0.44525883779769265,261.18647754,46.17291578
1,2,4,CAP-G300-B0-e0.9,capped,300.0,0.0,0.9,0.0,300.0,171.40481217999937,212.043911,0.4175628022022894,261.18647754,46.17291578
1,2,4,CAP-G300-B0-e0.95,capped,300.0,0.0,0.95,0.0,300.0,171.91688765999982,212.043911,0.41518120600989655,261.18647754,46.17291578
1,2,4,CAP-G300-B15-e0,capped,300.0,15.0,0.0,0.0,153.75,261.90116429999995,48.506433,-0.00332391479937293,261.18647754,46.17291578
1,2,4,CAP-G300-B15-e0.25,capped,300.0,15.0,0.25,0.0,205.0,193.67943619999937,70.935653,0.31396643443055267,261.18647754,46.17291578
1,2,4,CAP-G300-B15-e0.5,capped,300.0,15.0,0.5,0.0,300.0,165.79322417999964,93.832522,0.4436615652480522,261.18647754,46.17291578
1,2,4,CAP-G300-B15-e0.75,capped,300.0,15.0,0.75,0.0,300.0,166.38568169999996,212.043911,0.44090612268363566,261.18647754,46.17291578
1,2,4,CAP-G300-B15-e0.9,capped,300.0,15.0,0.9,0.0,300.0,171.85794203999998,212.043911,0.41545535439159553,261.18647754,46.17291578
1,2,4,CAP-G300-B15-e0.95,capped,300.0,15.0,0.95,0.0,300.0,172.0914100799997,212.043911,0.41436952502302615,261.18647754,46.17291578
1,2,4,CAP-G300-B30-e0,capped,300.0,30.0,0.0,0.0,157.5,262.60380963999916,62.108482,-0.006591826526650424,261.18647754,46.17291578
1,2,4,CAP-G300-B30-e0.25,capped,300.0,30.0,0.25,0.0,210.0,189.0011295199998,67.229342,0.335724627921722,261.18647754,46.17291578
1,2,4,CAP-G300-B30-e0.5,capped,300.0,30.0,0.5,0.0,300.0,164.4202253799998,101.31038,0.45004720338529863,261.18647754,46.17291578
1,2,4,CAP-G300-B30-e0.75,capped,300.0,30.0,0.75,0.0,300.0,167.74416453999984,212.043911,0.43458799638090395,261.18647754,46.17291578
1,2,4,CAP-G300-B30-e0.9,capped,300.0,30.0,0.9,0.0,300.0,172.09670605999995,212.043911,0.4143448941115762,261.18647754,46.17291578
1,2,4,CAP-G300-B30-e0.95,capped,300.0,30.0,0.95,0.0,300.0,172.22016489999888,212.043911,0.41377070316758013,261.18647754,46.17291578
1,2,4,CAP-G300-B60-e0,capped,300.0,60.0,0.0,0.0,165.0,263.9521812999996,66.572484,-0.01286292705148856,261.18647754,46.17291578
1,2,4,CAP-G300-B60-e0.25,capped,300.0,60.0,0.25,0.0,220.0,185.88834735999976,77.486474,0.3502017712912856,261.18647754,46.17291578
1,2,4,CAP-G300-B60-e0.5,capped,300.0,60.0,0.5,0.0,300.0,165.0416445599999,116.207409,0.447157063921939,261.18647754,46.17291578
1,2,4,CAP-G300-B60-e0.75,capped,300.0,60.0,0.75,0.0,300.0,169.45413795999977,212.043911,0.4266351332870466,261.18647754,46.17291578
1,2,4,CAP-G300-B60-e0.9,capped,300.0,60.0,0.9,0.0,300.0,172.22016489999888,212.043911,0.41377070316758013,261.18647754,46.17291578
1,2,4,CAP-G300-B60-e0.95,capped,300.0,60.0,0.95,0.0,300.0,172.22016489999888,212.043911,0.41377070316758013,261.18647754,46.17291578
1,2,4,CAP-G300-B120-e0,capped,300.0,120.0,0.0,0.0,180.0,259.9622384599999,81.52461,0.005693776104070036,261.18647754,46.17291578
1,2,4,CAP-G300-B120-e0.25,capped,300.0,120.0,0.25,0.0,240.0,177.472599,104.953563,0.3893423180136058,261.18647754,46.17291578
1,2,4,CAP-G300-B120-e0.5,capped,300.0,120.0,0.5,0.0,300.0,166.9106202799994,171.61468299999999,0.4384647018927677,261.18647754,46.17291578
1,2,4,CAP-G300-B120-e0.75,capped,300.0,120.0,0.75,0.0,300.0,172.07426131999998,212.043911,0.4144492816665576,261.18647754,46.17291578
1,2,4,CAP-G300-B120-e0.9,capped,300.0,120.0,0.9,0.0,300.0,172.22016489999888,212.043911,0.41377070316758013,261.18647754,46.17291578
1,2,4,CAP-G300-B120-e0.95,capped,300.0,120.0,0.95,0.0,300.0,172.22016489999888,212.043911,0.41377070316758013,261.18647754,46.17291578
1,2,4,CAP-G300-B240-e0,capped,300.0,240.0,0.0,0.0,210.0,234.6266668799998,104.953563,0.12352621128915811,261.18647754,46.17291578
1,2,4,CAP-G300-B240-e0.25,capped,300.0,240.0,0.25,0.0,280.0,169.7986511599997,150.008849,0.42503284737921865,261.18647754,46.17291578
1,2,4,CAP-G300-B240-e0.5,capped,300.0,240.0,0.5,0.0,300.0,171.0912162799994,212.043911,0.4190212957848943,261.18647754,46.17291578
1,2,4,CAP-G300-B240-e0.75,capped,300.0,240.0,0.75,0.0,300.0,172.22016489999888,212.043911,0.41377070316758013,261.18647754,46.17291578
1,2,4,CAP-G300-B240-e0.9,capped,300.0,240.0,0.9,0.0,300.0,172.22016489999888,212.043911,0.41377070316758013,261.18647754,46.17291578
1,2,4,CAP-G300-B240-e0.95,capped,300.0,240.0,0.95,0.0,300.0,172.22016489999888,212.043911,0.41377070316758013,261.18647754,46.17291578
1,2,4,CAP-G300-B360-e0,capped,300.0,360.0,0.0,0.0,240.0,208.05134603999994,137.979686,0.24712455840022754,261.18647754,46.17291578
1,2,4,CAP-G300-B360-e0.25,capped,300.0,360.0,0.25,0.0,300.0,169.18865409999964,177.473859,0.4278698640539201,261.18647754,46.17291578
1,2,4,CAP-G300-B360-e0.5,capped,300.0,360.0,0.5,0.0,300.0,172.22016489999888,212.043911,0.41377070316758013,261.18647754,46.17291578
1,2,4,CAP-G300-B360-e0.75,capped,300.0,360.0,0.75,0.0,300.0,172.22016489999888,212.043911,0.41377070316758013,261.18647754,46.17291578
1,2,4,CAP-G300-B360-e0.9,capped,300.0,360.0,0.9,0.0,300.0,172.22016489999888,212.043911,0.41377070316758013,261.18647754,46.17291578
1,2,4,CAP-G300-B360-e0.95,capped,300.0,360.0,0.95,0.0,300.0,172.22016489999888,212.043911,0.41377070316758013,261.18647754,46.17291578
1,2,4,CAP-G300-B480-e0,capped,300.0,480.0,0.0,0.0,270.0,186.3231342599997,171.61468299999999,0.34817963419239295,261.18647754,46.17291578
1,2,4,CAP-G300-B480-e0.25,capped,300.0,480.0,0.25,0.0,300.0,172.22016489999888,212.043911,0.41377070316758013,261.18647754,46.17291578
1,2,4,CAP-G300-B480-e0.5,capped,300.0,480.0,0.5,0.0,300.0,172.22016489999888,212.043911,0.41377070316758013,261.18647754,46.17291578
1,2,4,CAP-G300-B480-e0.75,capped,300.0,480.0,0.75,0.0,300.0,172.22016489999888,212.043911,0.41377070316758013,261.18647754,46.17291578
1,2,4,CAP-G300-B480-e0.9,capped,300.0,480.0,0.9,0.0,300.0,172.22016489999888,212.043911,0.41377070316758013,261.18647754,46.17291578
1,2,4,CAP-G300-B480-e0.95,capped,300.0,480.0,0.95,0.0,300.0,172.22016489999888,212.043911,0.41377070316758013,261.18647754,46.17291578
1,2,4,HYB-G300-B0-g1-e0,hybrid,300.0,0.0,0.0,1.0,300.0,204.02052169999962,48.506433,0.2658713960741207,261.18647754,46.17291578
1,2,4,HYB-G300-B0-g1-e0.9,hybrid,300.0,0.0,0.9,1.0,300.0,172.06832501999955,212.043911,0.41447689062271753,261.18647754,46.17291578
1,2,4,HYB-G300-B0-g4-e0,hybrid,300.0,0.0,0.0,4.0,300.0,180.03034011999995,52.388148,0.37744659804569547,261.18647754,46.17291578
1,2,4,HYB-G300-B0-g4-e0.9,hybrid,300.0,0.0,0.9,4.0,300.0,172.0771886999999,212.043911,0.4144356668044253,261.18647754,46.17291578
1,2,4,HYB-G300-B0-g16-e0,hybrid,300.0,0.0,0.0,16.0,300.0,172.5593967799989,84.20897099999999,0.4121929799894548,261.18647754,46.17291578
1,2,4,HYB-G300-B0-g16-e0.9,hybrid,300.0,0.0,0.9,16.0,300.0,172.22016489999888,212.043911,0.41377070316758013,261.18647754,46.17291578
1,2,4,HYB-G300-B30-g1-e0,hybrid,300.0,30.0,0.0,1.0,300.0,200.17825115999997,64.089812,0.28374129464493003,261.18647754,46.17291578
1,2,4,HYB-G300-B30-g1-e0.9,hybrid,300.0,30.0,0.9,1.0,300.0,172.09956583999943,212.043911,0.41433159364821903,261.18647754,46.17291578
1,2,4,HYB-G300-B30-g4-e0,hybrid,300.0,30.0,0.0,4.0,300.0,177.50103713999985,64.160909,0.38921005593782293,261.18647754,46.17291578
1,2,4,HYB-G300-B30-g4-e0.9,hybrid,300.0,30.0,0.9,4.0,300.0,172.192086,212.043911,0.4139012944650269,261.18647754,46.17291578
1,2,4,HYB-G300-B30-g16-e0,hybrid,300.0,30.0,0.0,16.0,300.0,172.04831383999812,104.912265,0.4145699600079118,261.18647754,46.17291578
1,2,4,HYB-G300-B30-g16-e0.9,hybrid,300.0,30.0,0.9,16.0,300.0,172.22016489999888,212.043911,0.41377070316758013,261.18647754,46.17291578
1,2,4,HYB-G300-B120-g1-e0,hybrid,300.0,120.0,0.0,1.0,300.0,189.20185187999988,81.52461,0.3347910944350105,261.18647754,46.17291578
1,2,4,HYB-G300-B120-g1-e0.9,hybrid,300.0,120.0,0.9,1.0,300.0,172.22016489999888,212.043911,0.41377070316758013,261.18647754,46.17291578
1,2,4,HYB-G300-B120-g4-e0,hybrid,300.0,120.0,0.0,4.0,300.0,173.09149537999988,84.239632,0.40971825888049096,261.18647754,46.17291578
1,2,4,HYB-G300-B120-g4-e0.9,hybrid,300.0,120.0,0.9,4.0,300.0,172.22016489999888,212.043911,0.41377070316758013,261.18647754,46.17291578
1,2,4,HYB-G300-B120-g16-e0,hybrid,300.0,120.0,0.0,16.0,300.0,172.39986847999927,116.869479,0.4129349252820857,261.18647754,46.17291578
1,2,4,HYB-G300-B120-g16-e0.9,hybrid,300.0,120.0,0.9,16.0,300.0,172.22016489999888,212.043911,0.41377070316758013,261.18647754,46.17291578
1,2,4,FIXEQ-G600,fixed,600.0,inf,0.0,0.0,600.0,94.0531929399999,473.028358,0.7773150829739554,261.18647754,46.17291578
1,2,4,CAP-G600-B0-e0,capped,600.0,0.0,0.0,0.0,150.0,261.18647754,0.0,0.0,261.18647754,46.17291578
1,2,4,CAP-G600-B0-e0.25,capped,600.0,0.0,0.25,0.0,200.0,207.61446035999936,88.071859,0.24915645665085157,261.18647754,46.17291578
1,2,4,CAP-G600-B0-e0.5,capped,600.0,0.0,0.5,0.0,300.0,125.4278429599995,94.616467,0.6313956825269257,261.18647754,46.17291578
1,2,4,CAP-G600-B0-e0.75,capped,600.0,0.0,0.75,0.0,600.0,100.07193809999985,173.432647,0.7493226851422404,261.18647754,46.17291578
1,2,4,CAP-G600-B0-e0.9,capped,600.0,0.0,0.9,0.0,600.0,94.57008739999995,358.92071200000004,0.7749110743348305,261.18647754,46.17291578
1,2,4,CAP-G600-B0-e0.95,capped,600.0,0.0,0.95,0.0,600.0,94.13835397999964,366.833592,0.7769190100969581,261.18647754,46.17291578
1,2,4,CAP-G600-B15-e0,capped,600.0,15.0,0.0,0.0,153.75,261.90116429999995,48.506433,-0.00332391479937293,261.18647754,46.17291578
1,2,4,CAP-G600-B15-e0.25,capped,600.0,15.0,0.25,0.0,205.0,186.95100861999956,70.935653,0.34525947252975003,261.18647754,46.17291578
1,2,4,CAP-G600-B15-e0.5,capped,600.0,15.0,0.5,0.0,307.5,124.77530023999986,93.832522,0.6344305735108163,261.18647754,46.17291578
1,2,4,CAP-G600-B15-e0.75,capped,600.0,15.0,0.75,0.0,600.0,97.8522788199999,212.091334,0.7596460306178971,261.18647754,46.17291578
1,2,4,CAP-G600-B15-e0.9,capped,600.0,15.0,0.9,0.0,600.0,95.32935943999983,358.92071200000004,0.7713797992199733,261.18647754,46.17291578
1,2,4,CAP-G600-B15-e0.95,capped,600.0,15.0,0.95,0.0,600.0,93.85668257999986,455.768224,0.7782290269986555,261.18647754,46.17291578
1,2,4,CAP-G600-B30-e0,capped,600.0,30.0,0.0,0.0,157.5,262.60380963999916,62.108482,-0.006591826526650424,261.18647754,46.17291578
1,2,4,CAP-G600-B30-e0.25,capped,600.0,30.0,0.25,0.0,210.0,182.23731305999937,67.229342,0.3671822550808417,261.18647754,46.17291578
1,2,4,CAP-G600-B30-e0.5,capped,600.0,30.0,0.5,0.0,315.0,124.04866827999984,101.31038,0.6378100438756257,261.18647754,46.17291578
1,2,4,CAP-G600-B30-e0.75,capped,600.0,30.0,0.75,0.0,600.0,98.01742249999997,216.814719,0.7588779689261217,261.18647754,46.17291578
1,2,4,CAP-G600-B30-e0.9,capped,600.0,30.0,0.9,0.0,600.0,95.50557951999977,358.92071200000004,0.7705602226381174,261.18647754,46.17291578
1,2,4,CAP-G600-B30-e0.95,capped,600.0,30.0,0.95,0.0,600.0,94.11350217999974,473.028358,0.7770345925736933,261.18647754,46.17291578
1,2,4,CAP-G600-B60-e0,capped,600.0,60.0,0.0,0.0,165.0,263.9521812999996,66.572484,-0.01286292705148856,261.18647754,46.17291578
1,2,4,CAP-G600-B60-e0.25,capped,600.0,60.0,0.25,0.0,220.0,175.93647563999974,77.486474,0.3964866271791592,261.18647754,46.17291578
1,2,4,CAP-G600-B60-e0.5,capped,600.0,60.0,0.5,0.0,330.0,121.20175697999993,116.207409,0.651050656591849,261.18647754,46.17291578
1,2,4,CAP-G600-B60-e0.75,capped,600.0,60.0,0.75,0.0,600.0,98.11505143999926,254.963282,0.7584239094742427,261.18647754,46.17291578
1,2,4,CAP-G600-B60-e0.9,capped,600.0,60.0,0.9,0.0,600.0,94.61019003999989,358.92071200000004,0.7747245621926582,261.18647754,46.17291578
1,2,4,CAP-G600-B60-e0.95,capped,600.0,60.0,0.95,0.0,600.0,94.0757679199998,473.028358,0.7772100896897406,261.18647754,46.17291578
1,2,4,CAP-G600-B120-e0,capped,600.0,120.0,0.0,0.0,180.0,259.9622384599999,81.52461,0.005693776104070036,261.18647754,46.17291578
1,2,4,CAP-G600-B120-e0.25,capped,600.0,120.0,0.25,0.0,240.0,164.05213211999978,104.953563,0.4517591570731822,261.18647754,46.17291578
1,2,4,CAP-G600-B120-e0.5,capped,600.0,120.0,0.5,0.0,360.0,114.15805493999966,171.61468299999999,0.6838099950370328,261.18647754,46.17291578
1,2,4,CAP-G600-B120-e0.75,capped,600.0,120.0,0.75,0.0,600.0,96.76139555999993,293.291067,0.7647195862163,261.18647754,46.17291578
1,2,4,CAP-G600-B120-e0.9,capped,600.0,120.0,0.9,0.0,600.0,94.09009403999971,473.028358,0.7771434607762775,261.18647754,46.17291578
1,2,4,CAP-G600-B120-e0.95,capped,600.0,120.0,0.95,0.0,600.0,94.0531929399999,473.028358,0.7773150829739554,261.18647754,46.17291578
1,2,4,CAP-G600-B240-e0,capped,600.0,240.0,0.0,0.0,210.0,234.6266668799998,104.953563,0.12352621128915811,261.18647754,46.17291578
1,2,4,CAP-G600-B240-e0.25,capped,600.0,240.0,0.25,0.0,280.0,146.21791927999956,150.008849,0.5347037522606566,261.18647754,46.17291578
1,2,4,CAP-G600-B240-e0.5,capped,600.0,240.0,0.5,0.0,420.0,102.48790275999994,216.814719,0.7380863489770975,261.18647754,46.17291578
1,2,4,CAP-G600-B240-e0.75,capped,600.0,240.0,0.75,0.0,600.0,94.52263307999954,358.92071200000004,0.7751317781807274,261.18647754,46.17291578
1,2,4,CAP-G600-B240-e0.9,capped,600.0,240.0,0.9,0.0,600.0,94.0531929399999,473.028358,0.7773150829739554,261.18647754,46.17291578
1,2,4,CAP-G600-B240-e0.95,capped,600.0,240.0,0.95,0.0,600.0,94.0531929399999,473.028358,0.7773150829739554,261.18647754,46.17291578
1,2,4,CAP-G600-B360-e0,capped,600.0,360.0,0.0,0.0,240.0,208.05134603999994,137.979686,0.24712455840022754,261.18647754,46.17291578
1,2,4,CAP-G600-B360-e0.25,capped,600.0,360.0,0.25,0.0,320.0,135.30091384,177.473859,0.5854773190563419,261.18647754,46.17291578
1,2,4,CAP-G600-B360-e0.5,capped,600.0,360.0,0.5,0.0,480.0,99.76686013999988,283.59853100000004,0.7507415628981491,261.18647754,46.17291578
1,2,4,CAP-G600-B360-e0.75,capped,600.0,360.0,0.75,0.0,600.0,94.22056439999996,455.768224,0.776536660168296,261.18647754,46.17291578
1,2,4,CAP-G600-B360-e0.9,capped,600.0,360.0,0.9,0.0,600.0,94.0531929399999,473.028358,0.7773150829739554,261.18647754,46.17291578
1,2,4,CAP-G600-B360-e0.95,capped,600.0,360.0,0.95,0.0,600.0,94.0531929399999,473.028358,0.7773150829739554,261.18647754,46.17291578
1,2,4,CAP-G600-B480-e0,capped,600.0,480.0,0.0,0.0,270.0,186.3231342599997,171.61468299999999,0.34817963419239295,261.18647754,46.17291578
1,2,4,CAP-G600-B480-e0.25,capped,600.0,480.0,0.25,0.0,360.0,120.95846782,217.406784,0.6521821627071305,261.18647754,46.17291578
1,2,4,CAP-G600-B480-e0.5,capped,600.0,480.0,0.5,0.0,540.0,95.68397151999997,328.45150700000005,0.7697305447399423,261.18647754,46.17291578
1,2,4,CAP-G600-B480-e0.75,capped,600.0,480.0,0.75,0.0,600.0,94.0531929399999,473.028358,0.7773150829739554,261.18647754,46.17291578
1,2,4,CAP-G600-B480-e0.9,capped,600.0,480.0,0.9,0.0,600.0,94.0531929399999,473.028358,0.7773150829739554,261.18647754,46.17291578
1,2,4,CAP-G600-B480-e0.95,capped,600.0,480.0,0.95,0.0,600.0,94.0531929399999,473.028358,0.7773150829739554,261.18647754,46.17291578
1,2,4,CAP-G600-B600-e0,capped,600.0,600.0,0.0,0.0,300.0,172.22016489999888,212.043911,0.41377070316758013,261.18647754,46.17291578
1,2,4,CAP-G600-B600-e0.25,capped,600.0,600.0,0.25,0.0,400.0,112.51235901999934,283.457872,0.6914639118715311,261.18647754,46.17291578
1,2,4,CAP-G600-B600-e0.5,capped,600.0,600.0,0.5,0.0,600.0,94.5354215199999,358.92071200000004,0.7750723008161571,261.18647754,46.17291578
1,2,4,CAP-G600-B600-e0.75,capped,600.0,600.0,0.75,0.0,600.0,94.0531929399999,473.028358,0.7773150829739554,261.18647754,46.17291578
1,2,4,CAP-G600-B600-e0.9,capped,600.0,600.0,0.9,0.0,600.0,94.0531929399999,473.028358,0.7773150829739554,261.18647754,46.17291578
1,2,4,CAP-G600-B600-e0.95,capped,600.0,600.0,0.95,0.0,600.0,94.0531929399999,473.028358,0.7773150829739554,261.18647754,46.17291578
1,2,4,HYB-G600-B0-g1-e0,hybrid,600.0,0.0,0.0,1.0,600.0,191.51212349999932,48.506433,0.3240463227978698,261.18647754,46.17291578
1,2,4,HYB-G600-B0-g1-e0.9,hybrid,600.0,0.0,0.9,1.0,600.0,94.55411715999959,358.92071200000004,0.7749853498357322,261.18647754,46.17291578
1,2,4,HYB-G600-B0-g4-e0,hybrid,600.0,0.0,0.0,4.0,600.0,141.98515706,71.044501,0.5543897766460588,261.18647754,46.17291578
1,2,4,HYB-G600-B0-g4-e0.9,hybrid,600.0,0.0,0.9,4.0,600.0,94.15472105999973,358.92071200000004,0.7768428889450357,261.18647754,46.17291578
1,2,4,HYB-G600-B0-g16-e0,hybrid,600.0,0.0,0.0,16.0,600.0,102.90272743999991,84.20897099999999,0.7361570535568253,261.18647754,46.17291578
1,2,4,HYB-G600-B0-g16-e0.9,hybrid,600.0,0.0,0.9,16.0,600.0,94.07206459999979,458.062041,0.7772273133474936,261.18647754,46.17291578
1,2,4,HYB-G600-B30-g1-e0,hybrid,600.0,30.0,0.0,1.0,600.0,187.27770521999943,64.089812,0.34374004930209084,261.18647754,46.17291578
1,2,4,HYB-G600-B30-g1-e0.9,hybrid,600.0,30.0,0.9,1.0,600.0,94.43360639999972,358.92071200000004,0.775545829644603,261.18647754,46.17291578
1,2,4,HYB-G600-B30-g4-e0,hybrid,600.0,30.0,0.0,4.0,600.0,139.62977295999997,78.905546,0.5653443605370468,261.18647754,46.17291578
1,2,4,HYB-G600-B30-g4-e0.9,hybrid,600.0,30.0,0.9,4.0,600.0,94.08507827999979,358.92071200000004,0.7771667884210961,261.18647754,46.17291578
1,2,4,HYB-G600-B30-g16-e0,hybrid,600.0,30.0,0.0,16.0,600.0,102.77887179999986,104.912265,0.7367330899658137,261.18647754,46.17291578
1,2,4,HYB-G600-B30-g16-e0.9,hybrid,600.0,30.0,0.9,16.0,600.0,94.0531929399999,455.419458,0.7773150829739554,261.18647754,46.17291578
1,2,4,HYB-G600-B120-g1-e0,hybrid,600.0,120.0,0.0,1.0,600.0,174.5750639999998,81.52461,0.4028183749482584,261.18647754,46.17291578
1,2,4,HYB-G600-B120-g1-e0.9,hybrid,600.0,120.0,0.9,1.0,600.0,94.07206459999979,473.028358,0.7772273133474936,261.18647754,46.17291578
1,2,4,HYB-G600-B120-g4-e0,hybrid,600.0,120.0,0.0,4.0,600.0,131.25269235999932,94.146579,0.6043050685567168,261.18647754,46.17291578
1,2,4,HYB-G600-B120-g4-e0.9,hybrid,600.0,120.0,0.9,4.0,600.0,94.05062879999984,473.028358,0.7773270084542788,261.18647754,46.17291578
1,2,4,HYB-G600-B120-g16-e0,hybrid,600.0,120.0,0.0,16.0,600.0,100.17252051999999,116.869479,0.748854889440533,261.18647754,46.17291578
1,2,4,HYB-G600-B120-g16-e0.9,hybrid,600.0,120.0,0.9,16.0,600.0,94.0531929399999,473.028358,0.7773150829739554,261.18647754,46.17291578
1,2,4,CAP-G1200-B0-e0,capped,1200.0,0.0,0.0,0.0,150.0,261.18647754,0.0,0.0,261.18647754,46.17291578
1,2,4,CAP-G1200-B0-e0.25,capped,1200.0,0.0,0.25,0.0,200.0,207.61446035999936,88.071859,0.24915645665085157,261.18647754,46.17291578
1,2,4,CAP-G1200-B0-e0.5,capped,1200.0,0.0,0.5,0.0,300.0,123.33883079999997,94.616467,0.6411114053069208,261.18647754,46.17291578
1,2,4,CAP-G1200-B0-e0.75,capped,1200.0,0.0,0.75,0.0,600.0,89.39070467999979,173.432647,0.7989997070592233,261.18647754,46.17291578
1,2,4,CAP-G1200-B0-e0.9,capped,1200.0,0.0,0.9,0.0,1200.0,80.15086741999995,358.92071200000004,0.8419729836486946,261.18647754,46.17291578
1,2,4,CAP-G1200-B0-e0.95,capped,1200.0,0.0,0.95,0.0,1200.0,80.21477073999947,366.833592,0.8416757776516567,261.18647754,46.17291578
1,2,4,CAP-G1200-B15-e0.25,capped,1200.0,15.0,0.25,0.0,205.0,186.95100861999956,70.935653,0.34525947252975003,261.18647754,46.17291578
1,2,4,CAP-G1200-B15-e0.5,capped,1200.0,15.0,0.5,0.0,307.5,122.2740606199993,93.832522,0.6460635123800047,261.18647754,46.17291578
1,2,4,CAP-G1200-B15-e0.75,capped,1200.0,15.0,0.75,0.0,615.0,86.36952333999999,212.091334,0.8130508269758918,261.18647754,46.17291578
1,2,4,CAP-G1200-B15-e0.9,capped,1200.0,15.0,0.9,0.0,1200.0,81.15611209999999,358.92071200000004,0.8372977219034745,261.18647754,46.17291578
1,2,4,CAP-G1200-B15-e0.95,capped,1200.0,15.0,0.95,0.0,1200.0,80.03979641999994,455.768224,0.8424895603664179,261.18647754,46.17291578
1,2,4,CAP-G1200-B30-e0.25,capped,1200.0,30.0,0.25,0.0,210.0,182.23731305999937,67.229342,0.3671822550808417,261.18647754,46.17291578
1,2,4,CAP-G1200-B30-e0.5,capped,1200.0,30.0,0.5,0.0,315.0,119.6237694999998,101.31038,0.6583896703130461,261.18647754,46.17291578
1,2,4,CAP-G1200-B30-e0.75,capped,1200.0,30.0,0.75,0.0,630.0,86.32728871999966,216.814719,0.8132472546786591,261.18647754,46.17291578
1,2,4,CAP-G1200-B30-e0.9,capped,1200.0,30.0,0.9,0.0,1200.0,80.7819688599996,358.92071200000004,0.8390378132583537,261.18647754,46.17291578
1,2,4,CAP-G1200-B30-e0.95,capped,1200.0,30.0,0.95,0.0,1200.0,79.7512668799999,542.511388,0.8438314735817439,261.18647754,46.17291578
1,2,4,CAP-G1200-B60-e0.25,capped,1200.0,60.0,0.25,0.0,220.0,175.93647563999974,77.486474,0.3964866271791592,261.18647754,46.17291578
1,2,4,CAP-G1200-B60-e0.5,capped,1200.0,60.0,0.5,0.0,330.0,116.01526907999961,116.207409,0.675172334580652,261.18647754,46.17291578
1,2,4,CAP-G1200-B60-e0.75,capped,1200.0,60.0,0.75,0.0,660.0,87.10157985999999,254.963282,0.8096461276908434,261.18647754,46.17291578
1,2,4,CAP-G1200-B60-e0.9,capped,1200.0,60.0,0.9,0.0,1200.0,80.21917603999997,358.92071200000004,0.8416552891765835,261.18647754,46.17291578
1,2,4,CAP-G1200-B60-e0.95,capped,1200.0,60.0,0.95,0.0,1200.0,79.69496343999987,541.324224,0.8440933335292706,261.18647754,46.17291578
1,2,4,CAP-G1200-B120-e0.25,capped,1200.0,120.0,0.25,0.0,240.0,164.05213211999978,104.953563,0.4517591570731822,261.18647754,46.17291578
1,2,4,CAP-G1200-B120-e0.5,capped,1200.0,120.0,0.5,0.0,360.0,110.31037163999973,171.61468299999999,0.7017050676478234,261.18647754,46.17291578
1,2,4,CAP-G1200-B120-e0.75,capped,1200.0,120.0,0.75,0.0,720.0,84.51375151999939,293.291067,0.821681779390289,261.18647754,46.17291578
1,2,4,CAP-G1200-B120-e0.9,capped,1200.0,120.0,0.9,0.0,1200.0,79.75207603999999,497.467038,0.8438277102842408,261.18647754,46.17291578
1,2,4,CAP-G1200-B120-e0.95,capped,1200.0,120.0,0.95,0.0,1200.0,79.49449609999988,631.698632,0.8450256809512614,261.18647754,46.17291578
1,2,4,CAP-G1200-B240-e0.25,capped,1200.0,240.0,0.25,0.0,280.0,146.21791927999956,150.008849,0.5347037522606566,261.18647754,46.17291578
1,2,4,CAP-G1200-B240-e0.5,capped,1200.0,240.0,0.5,0.0,420.0,97.3974155799994,216.814719,0.7617615401526316,261.18647754,46.17291578
1,2,4,CAP-G1200-B240-e0.75,capped,1200.0,240.0,0.75,0.0,840.0,81.04117529999988,358.92071200000004,0.8378322779522152,261.18647754,46.17291578
1,2,4,CAP-G1200-B240-e0.9,capped,1200.0,240.0,0.9,0.0,1200.0,79.49694603999983,616.688547,0.8450142866002265,261.18647754,46.17291578
1,2,4,CAP-G1200-B240-e0.95,capped,1200.0,240.0,0.95,0.0,1200.0,79.43127623999995,633.577125,0.8453197082650851,261.18647754,46.17291578
1,2,4,CAP-G1200-B360-e0.25,capped,1200.0,360.0,0.25,0.0,320.0,135.30091384,177.473859,0.5854773190563419,261.18647754,46.17291578
1,2,4,CAP-G1200-B360-e0.5,capped,1200.0,360.0,0.5,0.0,480.0,93.3337623799998,283.59853100000004,0.7806610605676997,261.18647754,46.17291578
1,2,4,CAP-G1200-B360-e0.75,capped,1200.0,360.0,0.75,0.0,960.0,79.70519431999988,455.768224,0.8440457510423045,261.18647754,46.17291578
1,2,4,CAP-G1200-B360-e0.9,capped,1200.0,360.0,0.9,0.0,1200.0,79.43127623999995,633.577125,0.8453197082650851,261.18647754,46.17291578
1,2,4,CAP-G1200-B360-e0.95,capped,1200.0,360.0,0.95,0.0,1200.0,79.43127623999995,633.577125,0.8453197082650851,261.18647754,46.17291578
1,2,4,CAP-G1200-B480-e0.25,capped,1200.0,480.0,0.25,0.0,360.0,120.93396917999993,217.406784,0.6522961026828211,261.18647754,46.17291578
1,2,4,CAP-G1200-B480-e0.5,capped,1200.0,480.0,0.5,0.0,540.0,87.38570631999987,328.45150700000005,0.8083246926256588,261.18647754,46.17291578
1,2,4,CAP-G1200-B480-e0.75,capped,1200.0,480.0,0.75,0.0,1080.0,79.2930248999999,541.324224,0.8459626971950314,261.18647754,46.17291578
1,2,4,CAP-G1200-B480-e0.9,capped,1200.0,480.0,0.9,0.0,1200.0,79.43127623999995,633.577125,0.8453197082650851,261.18647754,46.17291578
1,2,4,CAP-G1200-B480-e0.95,capped,1200.0,480.0,0.95,0.0,1200.0,79.43127623999995,633.577125,0.8453197082650851,261.18647754,46.17291578
1,2,4,CAP-G1200-B600-e0.25,capped,1200.0,600.0,0.25,0.0,400.0,112.50621407999998,283.457872,0.6914924911850826,261.18647754,46.17291578
1,2,4,CAP-G1200-B600-e0.5,capped,1200.0,600.0,0.5,0.0,600.0,84.08720515999997,358.92071200000004,0.8236655908136611,261.18647754,46.17291578
1,2,4,CAP-G1200-B600-e0.75,capped,1200.0,600.0,0.75,0.0,1200.0,78.72460893999981,607.881014,0.8486063256031527,261.18647754,46.17291578
1,2,4,CAP-G1200-B600-e0.9,capped,1200.0,600.0,0.9,0.0,1200.0,79.43127623999995,633.577125,0.8453197082650851,261.18647754,46.17291578
1,2,4,CAP-G1200-B600-e0.95,capped,1200.0,600.0,0.95,0.0,1200.0,79.43127623999995,633.577125,0.8453197082650851,261.18647754,46.17291578
1,2,4,HYB-G1200-B0-g1-e0,hybrid,1200.0,0.0,0.0,1.0,1200.0,190.1254238799993,48.506433,0.3304956816599302,261.18647754,46.17291578
1,2,4,HYB-G1200-B0-g1-e0.9,hybrid,1200.0,0.0,0.9,1.0,1200.0,79.88647661999984,358.92071200000004,0.843202630736236,261.18647754,46.17291578
1,2,4,HYB-G1200-B0-g4-e0,hybrid,1200.0,0.0,0.0,4.0,1200.0,138.50561322,71.044501,0.5705726806987991,261.18647754,46.17291578
1,2,4,HYB-G1200-B0-g4-e0.9,hybrid,1200.0,0.0,0.9,4.0,1200.0,79.72378519999998,358.92071200000004,0.8439592872869583,261.18647754,46.17291578
1,2,4,HYB-G1200-B0-g16-e0,hybrid,1200.0,0.0,0.0,16.0,1200.0,93.05415941999998,84.20897099999999,0.7819614574250473,261.18647754,46.17291578
1,2,4,HYB-G1200-B0-g16-e0.9,hybrid,1200.0,0.0,0.9,16.0,1200.0,79.52387487999985,458.081438,0.8448890440816635,261.18647754,46.17291578
1,2,4,HYB-G1200-B30-g1-e0,hybrid,1200.0,30.0,0.0,1.0,1200.0,185.46849553999985,64.089812,0.3521544472832705,261.18647754,46.17291578
1,2,4,HYB-G1200-B30-g1-e0.9,hybrid,1200.0,30.0,0.9,1.0,1200.0,79.62102871999993,358.92071200000004,0.844437194257844,261.18647754,46.17291578
1,2,4,HYB-G1200-B30-g4-e0,hybrid,1200.0,30.0,0.0,4.0,1200.0,134.6504289399996,78.905546,0.5885026393881192,261.18647754,46.17291578
1,2,4,HYB-G1200-B30-g4-e0.9,hybrid,1200.0,30.0,0.9,4.0,1200.0,79.44343017999994,358.92071200000004,0.8452631818771655,261.18647754,46.17291578
1,2,4,HYB-G1200-B30-g16-e0,hybrid,1200.0,30.0,0.0,16.0,1200.0,92.62690315999873,104.912265,0.7839485705006315,261.18647754,46.17291578
1,2,4,HYB-G1200-B30-g16-e0.9,hybrid,1200.0,30.0,0.9,16.0,1200.0,79.52537223999994,526.6232610000001,0.8448820800558234,261.18647754,46.17291578
1,2,4,HYB-G1200-B120-g1-e0,hybrid,1200.0,120.0,0.0,1.0,1200.0,172.8593602199999,81.52461,0.4107978891982246,261.18647754,46.17291578
1,2,4,HYB-G1200-B120-g1-e0.9,hybrid,1200.0,120.0,0.9,1.0,1200.0,79.16568045999989,497.467038,0.846554959557264,261.18647754,46.17291578
1,2,4,HYB-G1200-B120-g4-e0,hybrid,1200.0,120.0,0.0,4.0,1200.0,126.04817237999984,94.146579,0.6285106113950277,261.18647754,46.17291578
1,2,4,HYB-G1200-B120-g4-e0.9,hybrid,1200.0,120.0,0.9,4.0,1200.0,79.32926953999986,540.766504,0.8457941281070945,261.18647754,46.17291578
1,2,4,HYB-G1200-B120-g16-e0,hybrid,1200.0,120.0,0.0,16.0,1200.0,91.69475307999977,116.869479,0.788283878805693,261.18647754,46.17291578
1,2,4,HYB-G1200-B120-g16-e0.9,hybrid,1200.0,120.0,0.9,16.0,1200.0,79.43127623999995,633.577125,0.8453197082650851,261.18647754,46.17291578
2,0,8,SJF,reference,-1.0,-1.0,-1.0,-1.0,inf,10.516682879999966,170.339788,1.0,26.189175059999922,10.516682879999966
2,0,8,SPJF-E,reference,-1.0,-1.0,-1.0,-1.0,inf,14.570098419999995,121.556327,0.7413675187426355,26.189175059999922,10.516682879999966
2,0,8,FIX-B15,fixed,-1.0,15.0,0.0,0.0,168.75,20.901138119999974,46.085105999999996,0.33740881024321956,26.189175059999922,10.516682879999966
2,0,8,FIX-B17.99,fixed,-1.0,17.99,0.0,0.0,169.4975,20.34500152,46.085105999999996,0.37289369634893244,26.189175059999922,10.516682879999966
2,0,8,FIX-B21.576,fixed,-1.0,21.576,0.0,0.0,170.394,19.984479139999955,46.085105999999996,0.39589720950174906,26.189175059999922,10.516682879999966
2,0,8,FIX-B25.877,fixed,-1.0,25.877,0.0,0.0,171.46925,19.502978959999954,51.916278,0.4266198396023055,26.189175059999922,10.516682879999966
2,0,8,FIX-B30,fixed,-1.0,30.0,0.0,0.0,172.5,19.1890507,55.40266,0.4466503654685468,26.189175059999922,10.516682879999966
2,0,8,FIX-B31.035,fixed,-1.0,31.035,0.0,0.0,172.75875,19.146717959999975,55.814343,0.4493514508807345,26.189175059999922,10.516682879999966
2,0,8,FIX-B37.222,fixed,-1.0,37.222,0.0,0.0,174.3055,18.757437379999995,56.507621,0.47418991151156836,26.189175059999922,10.516682879999966
2,0,8,FIX-B44.641,fixed,-1.0,44.641,0.0,0.0,176.16025,18.69527997999999,56.990152,0.4781559303990638,26.189175059999922,10.516682879999966
2,0,8,FIX-B53.54,fixed,-1.0,53.54,0.0,0.0,178.385,18.436941419999986,58.506397,0.4946394964479706,26.189175059999922,10.516682879999966
2,0,8,FIX-B60,fixed,-1.0,60.0,0.0,0.0,180.0,18.17414301999996,58.506397,0.5114076273222288,26.189175059999922,10.516682879999966
2,0,8,FIX-B64.212,fixed,-1.0,64.212,0.0,0.0,181.053,17.97214241999988,58.506397,0.5242964900302196,26.189175059999922,10.516682879999966
2,0,8,FIX-B77.012,fixed,-1.0,77.012,0.0,0.0,184.253,17.509058599999967,61.230595,0.5538440447318812,26.189175059999922,10.516682879999966
2,0,8,FIX-B92.363,fixed,-1.0,92.363,0.0,0.0,188.09075,17.094381839999993,65.86533600000001,0.5803029355858293,26.189175059999922,10.516682879999966
2,0,8,FIX-B110.774,fixed,-1.0,110.774,0.0,0.0,192.6935,16.779360999999994,69.30815100000001,0.6004031746787545,26.189175059999922,10.516682879999966
2,0,8,FIX-B120,fixed,-1.0,120.0,0.0,0.0,195.0,16.538880719999973,72.179012,0.6157472742155788,26.189175059999922,10.516682879999966
2,0,8,FIX-B132.855,fixed,-1.0,132.855,0.0,0.0,198.21375,16.303992759999982,74.468731,0.6307345498385163,26.189175059999922,10.516682879999966
2,0,8,FIX-B159.338,fixed,-1.0,159.338,0.0,0.0,204.8345,15.99343384,78.19726700000001,0.6505500913894825,26.189175059999922,10.516682879999966
2,0,8,FIX-B191.099,fixed,-1.0,191.099,0.0,0.0,212.77474999999998,15.873875,78.19726700000001,0.6581786700881895,26.189175059999922,10.516682879999966
2,0,8,FIX-B229.192,fixed,-1.0,229.192,0.0,0.0,222.298,15.653245159999988,78.898721,0.6722561912294387,26.189175059999922,10.516682879999966
2,0,8,FIX-B240,fixed,-1.0,240.0,0.0,0.0,225.0,15.578231079999947,99.216295,0.6770425442317882,26.189175059999922,10.516682879999966
2,0,8,FIX-B274.878,fixed,-1.0,274.878,0.0,0.0,233.71949999999998,15.327163,100.230566,0.6930622095866282,26.189175059999922,10.516682879999966
2,0,8,FIX-B329.671,fixed,-1.0,329.671,0.0,0.0,247.41775,15.134586699999998,100.40765099999999,0.7053497448291568,26.189175059999922,10.516682879999966
2,0,8,FIX-B360,fixed,-1.0,360.0,0.0,0.0,255.0,15.080656039999992,100.537438,0.7087908478382129,26.189175059999922,10.516682879999966
2,0,8,FIX-B395.386,fixed,-1.0,395.386,0.0,0.0,263.8465,15.030080279999982,103.765089,0.7120178878915204,26.189175059999922,10.516682879999966
2,0,8,FIX-B474.201,fixed,-1.0,474.201,0.0,0.0,283.55025,14.973298859999979,119.50349299999999,0.7156408866684771,26.189175059999922,10.516682879999966
2,0,8,FIX-B480,fixed,-1.0,480.0,0.0,0.0,285.0,14.961431799999975,120.96709299999999,0.7163980770287408,26.189175059999922,10.516682879999966
2,0,8,FIX-B568.726,fixed,-1.0,568.726,0.0,0.0,307.1815,14.862542059999967,121.556327,0.7227078418615607,26.189175059999922,10.516682879999966
2,0,8,FIX-B600,fixed,-1.0,600.0,0.0,0.0,315.0,14.880581219999945,121.556327,0.7215568341090733,26.189175059999922,10.516682879999966
2,0,8,FIX-B682.093,fixed,-1.0,682.093,0.0,0.0,335.52324999999996,14.791343859999907,121.556327,0.7272507185899292,26.189175059999922,10.516682879999966
2,0,8,FIX-B818.058,fixed,-1.0,818.058,0.0,0.0,369.5145,14.84747559999996,121.556327,0.723669173335009,26.189175059999922,10.516682879999966
2,0,8,FIX-B981.126,fixed,-1.0,981.126,0.0,0.0,410.2815,14.833931919999994,121.556327,0.7245333422141136,26.189175059999922,10.516682879999966
2,0,8,FIX-B1176.7,fixed,-1.0,1176.699,0.0,0.0,459.17475,14.762718659999976,121.556327,0.7290771798617658,26.189175059999922,10.516682879999966
2,0,8,FIX-B1411.26,fixed,-1.0,1411.256,0.0,0.0,517.8140000000001,14.702489319999986,121.556327,0.7329201768343118,26.189175059999922,10.516682879999966
2,0,8,FIX-B1692.57,fixed,-1.0,1692.569,0.0,0.0,588.14225,14.681999659999958,121.556327,0.7342275413405245,26.189175059999922,10.516682879999966
2,0,8,FIX-B2029.96,fixed,-1.0,2029.958,0.0,0.0,672.4895,14.681509319999979,121.556327,0.7342588280047223,26.189175059999922,10.516682879999966
2,0,8,FIX-B2434.6,fixed,-1.0,2434.6,0.0,0.0,773.65,14.66960987999995,121.556327,0.7350180844052592,26.189175059999922,10.516682879999966
2,0,8,FIX-B2919.9,fixed,-1.0,2919.901,0.0,0.0,894.97525,14.62502665999999,121.556327,0.7378627640827423,26.189175059999922,10.516682879999966
2,0,8,FIX-B3501.94,fixed,-1.0,3501.94,0.0,0.0,1040.4850000000001,14.603819,121.556327,0.7392159413411145,26.189175059999922,10.516682879999966
2,0,8,FIX-B4200,fixed,-1.0,4200.0,0.0,0.0,1215.0,14.570098419999995,121.556327,0.7413675187426355,26.189175059999922,10.516682879999966
2,0,8,FIXEQ-G300,fixed,300.0,inf,0.0,0.0,300.0,14.886758739999971,121.556327,0.7211626708879929,26.189175059999922,10.516682879999966
2,0,8,CAP-G300-B0-e0,capped,300.0,0.0,0.0,0.0,165.0,26.189175059999922,0.0,0.0,26.189175059999922,10.516682879999966
2,0,8,CAP-G300-B0-e0.25,capped,300.0,0.0,0.25,0.0,220.0,17.30073731999998,58.506397,0.5671362051367104,26.189175059999922,10.516682879999966
2,0,8,CAP-G300-B0-e0.5,capped,300.0,0.0,0.5,0.0,300.0,15.7804392399999,82.224051,0.6641404379376791,26.189175059999922,10.516682879999966
2,0,8,CAP-G300-B0-e0.75,capped,300.0,0.0,0.75,0.0,300.0,15.100120819999988,78.19726700000001,0.7075488768883191,26.189175059999922,10.516682879999966
2,0,8,CAP-G300-B0-e0.9,capped,300.0,0.0,0.9,0.0,300.0,14.979153919999986,78.19726700000001,0.7152672983499915,26.189175059999922,10.516682879999966
2,0,8,CAP-G300-B0-e0.95,capped,300.0,0.0,0.95,0.0,300.0,14.917669219999963,78.19726700000001,0.7191903948999124,26.189175059999922,10.516682879999966
2,0,8,CAP-G300-B15-e0,capped,300.0,15.0,0.0,0.0,168.75,20.901138119999974,46.085105999999996,0.33740881024321956,26.189175059999922,10.516682879999966
2,0,8,CAP-G300-B15-e0.25,capped,300.0,15.0,0.25,0.0,225.0,16.935894579999985,61.051439,0.5904153834454147,26.189175059999922,10.516682879999966
2,0,8,CAP-G300-B15-e0.5,capped,300.0,15.0,0.5,0.0,300.0,15.831900459999902,78.19726700000001,0.6608569001691503,26.189175059999922,10.516682879999966
2,0,8,CAP-G300-B15-e0.75,capped,300.0,15.0,0.75,0.0,300.0,15.023439,78.19726700000001,0.7124416418116823,26.189175059999922,10.516682879999966
2,0,8,CAP-G300-B15-e0.9,capped,300.0,15.0,0.9,0.0,300.0,14.893898819999979,78.19726700000001,0.7207070905043498,26.189175059999922,10.516682879999966
2,0,8,CAP-G300-B15-e0.95,capped,300.0,15.0,0.95,0.0,300.0,14.886758739999971,109.88670599999999,0.7211626708879929,26.189175059999922,10.516682879999966
2,0,8,CAP-G300-B30-e0,capped,300.0,30.0,0.0,0.0,172.5,19.1890507,55.40266,0.4466503654685468,26.189175059999922,10.516682879999966
2,0,8,CAP-G300-B30-e0.25,capped,300.0,30.0,0.25,0.0,230.0,16.867540659999978,66.22549000000001,0.5947767778691576,26.189175059999922,10.516682879999966
2,0,8,CAP-G300-B30-e0.5,capped,300.0,30.0,0.5,0.0,300.0,15.520643279999991,78.19726700000001,0.6807169949406197,26.189175059999922,10.516682879999966
2,0,8,CAP-G300-B30-e0.75,capped,300.0,30.0,0.75,0.0,300.0,14.937265859999998,78.19726700000001,0.717940010482746,26.189175059999922,10.516682879999966
2,0,8,CAP-G300-B30-e0.9,capped,300.0,30.0,0.9,0.0,300.0,14.886758739999971,100.60345299999999,0.7211626708879929,26.189175059999922,10.516682879999966
2,0,8,CAP-G300-B30-e0.95,capped,300.0,30.0,0.95,0.0,300.0,14.886758739999971,121.556327,0.7211626708879929,26.189175059999922,10.516682879999966
2,0,8,CAP-G300-B60-e0,capped,300.0,60.0,0.0,0.0,180.0,18.17414301999996,58.506397,0.5114076273222288,26.189175059999922,10.516682879999966
2,0,8,CAP-G300-B60-e0.25,capped,300.0,60.0,0.25,0.0,240.0,16.132703499999973,75.40926300000001,0.6416638428975102,26.189175059999922,10.516682879999966
2,0,8,CAP-G300-B60-e0.5,capped,300.0,60.0,0.5,0.0,300.0,15.165377,78.19726700000001,0.7033851370535477,26.189175059999922,10.516682879999966
2,0,8,CAP-G300-B60-e0.75,capped,300.0,60.0,0.75,0.0,300.0,14.895436919999991,100.537438,0.7206089504011456,26.189175059999922,10.516682879999966
2,0,8,CAP-G300-B60-e0.9,capped,300.0,60.0,0.9,0.0,300.0,14.886758739999971,121.556327,0.7211626708879929,26.189175059999922,10.516682879999966
2,0,8,CAP-G300-B60-e0.95,capped,300.0,60.0,0.95,0.0,300.0,14.886758739999971,121.556327,0.7211626708879929,26.189175059999922,10.516682879999966
2,0,8,CAP-G300-B120-e0,capped,300.0,120.0,0.0,0.0,195.0,16.538880719999973,72.179012,0.6157472742155788,26.189175059999922,10.516682879999966
2,0,8,CAP-G300-B120-e0.25,capped,300.0,120.0,0.25,0.0,260.0,15.444813,78.19726700000001,0.6855554264503676,26.189175059999922,10.516682879999966
2,0,8,CAP-G300-B120-e0.5,capped,300.0,120.0,0.5,0.0,300.0,14.908420059999964,100.40765099999999,0.7197805473717576,26.189175059999922,10.516682879999966
2,0,8,CAP-G300-B120-e0.75,capped,300.0,120.0,0.75,0.0,300.0,14.886758739999971,121.556327,0.7211626708879929,26.189175059999922,10.516682879999966
2,0,8,CAP-G300-B120-e0.9,capped,300.0,120.0,0.9,0.0,300.0,14.886758739999971,121.556327,0.7211626708879929,26.189175059999922,10.516682879999966
2,0,8,CAP-G300-B120-e0.95,capped,300.0,120.0,0.95,0.0,300.0,14.886758739999971,121.556327,0.7211626708879929,26.189175059999922,10.516682879999966
2,0,8,CAP-G300-B240-e0,capped,300.0,240.0,0.0,0.0,225.0,15.578231079999947,99.216295,0.6770425442317882,26.189175059999922,10.516682879999966
2,0,8,CAP-G300-B240-e0.25,capped,300.0,240.0,0.25,0.0,300.0,14.902115,100.46990299999999,0.7201828484179185,26.189175059999922,10.516682879999966
2,0,8,CAP-G300-B240-e0.5,capped,300.0,240.0,0.5,0.0,300.0,14.886758739999971,121.556327,0.7211626708879929,26.189175059999922,10.516682879999966
2,0,8,CAP-G300-B240-e0.75,capped,300.0,240.0,0.75,0.0,300.0,14.886758739999971,121.556327,0.7211626708879929,26.189175059999922,10.516682879999966
2,0,8,CAP-G300-B240-e0.9,capped,300.0,240.0,0.9,0.0,300.0,14.886758739999971,121.556327,0.7211626708879929,26.189175059999922,10.516682879999966
2,0,8,CAP-G300-B240-e0.95,capped,300.0,240.0,0.95,0.0,300.0,14.886758739999971,121.556327,0.7211626708879929,26.189175059999922,10.516682879999966
2,0,8,CAP-G300-B360-e0,capped,300.0,360.0,0.0,0.0,255.0,15.080656039999992,100.537438,0.7087908478382129,26.189175059999922,10.516682879999966
2,0,8,CAP-G300-B360-e0.25,capped,300.0,360.0,0.25,0.0,300.0,14.88513655999999,121.15925999999999,0.7212661758048465,26.189175059999922,10.516682879999966
2,0,8,CAP-G300-B360-e0.5,capped,300.0,360.0,0.5,0.0,300.0,14.886758739999971,121.556327,0.7211626708879929,26.189175059999922,10.516682879999966
2,0,8,CAP-G300-B360-e0.75,capped,300.0,360.0,0.75,0.0,300.0,14.886758739999971,121.556327,0.7211626708879929,26.189175059999922,10.516682879999966
2,0,8,CAP-G300-B360-e0.9,capped,300.0,360.0,0.9,0.0,300.0,14.886758739999971,121.556327,0.7211626708879929,26.189175059999922,10.516682879999966
2,0,8,CAP-G300-B360-e0.95,capped,300.0,360.0,0.95,0.0,300.0,14.886758739999971,121.556327,0.7211626708879929,26.189175059999922,10.516682879999966
2,0,8,CAP-G300-B480-e0,capped,300.0,480.0,0.0,0.0,285.0,14.961431799999975,120.96709299999999,0.7163980770287408,26.189175059999922,10.516682879999966
2,0,8,CAP-G300-B480-e0.25,capped,300.0,480.0,0.25,0.0,300.0,14.886758739999971,121.556327,0.7211626708879929,26.189175059999922,10.516682879999966
2,0,8,CAP-G300-B480-e0.5,capped,300.0,480.0,0.5,0.0,300.0,14.886758739999971,121.556327,0.7211626708879929,26.189175059999922,10.516682879999966
2,0,8,CAP-G300-B480-e0.75,capped,300.0,480.0,0.75,0.0,300.0,14.886758739999971,121.556327,0.7211626708879929,26.189175059999922,10.516682879999966
2,0,8,CAP-G300-B480-e0.9,capped,300.0,480.0,0.9,0.0,300.0,14.886758739999971,121.556327,0.7211626708879929,26.189175059999922,10.516682879999966
2,0,8,CAP-G300-B480-e0.95,capped,300.0,480.0,0.95,0.0,300.0,14.886758739999971,121.556327,0.7211626708879929,26.189175059999922,10.516682879999966
2,0,8,HYB-G300-B0-g1-e0,hybrid,300.0,0.0,0.0,1.0,300.0,17.300110419999974,45.283992,0.5671762051566691,26.189175059999922,10.516682879999966
2,0,8,HYB-G300-B0-g1-e0.9,hybrid,300.0,0.0,0.9,1.0,300.0,14.899698,78.19726700000001,0.7203370676685801,26.189175059999922,10.516682879999966
2,0,8,HYB-G300-B0-g4-e0,hybrid,300.0,0.0,0.0,4.0,300.0,15.453412819999958,56.405519,0.685006705806504,26.189175059999922,10.516682879999966
2,0,8,HYB-G300-B0-g4-e0.9,hybrid,300.0,0.0,0.9,4.0,300.0,14.887001599999998,108.455748,0.7211471749478937,26.189175059999922,10.516682879999966
2,0,8,HYB-G300-B0-g16-e0,hybrid,300.0,0.0,0.0,16.0,300.0,14.853329919999998,58.506397,0.7232956322330069,26.189175059999922,10.516682879999966
2,0,8,HYB-G300-B0-g16-e0.9,hybrid,300.0,0.0,0.9,16.0,300.0,14.886758739999971,121.556327,0.7211626708879929,26.189175059999922,10.516682879999966
2,0,8,HYB-G300-B30-g1-e0,hybrid,300.0,30.0,0.0,1.0,300.0,16.32615195999999,56.268302999999996,0.629320658560377,26.189175059999922,10.516682879999966
2,0,8,HYB-G300-B30-g1-e0.9,hybrid,300.0,30.0,0.9,1.0,300.0,14.886758739999971,112.43886499999999,0.7211626708879929,26.189175059999922,10.516682879999966
2,0,8,HYB-G300-B30-g4-e0,hybrid,300.0,30.0,0.0,4.0,300.0,15.146741999999932,57.455133,0.7045741630097289,26.189175059999922,10.516682879999966
2,0,8,HYB-G300-B30-g4-e0.9,hybrid,300.0,30.0,0.9,4.0,300.0,14.886758739999971,121.556327,0.7211626708879929,26.189175059999922,10.516682879999966
2,0,8,HYB-G300-B30-g16-e0,hybrid,300.0,30.0,0.0,16.0,300.0,14.862317139999995,58.506397,0.722722193120913,26.189175059999922,10.516682879999966
2,0,8,HYB-G300-B30-g16-e0.9,hybrid,300.0,30.0,0.9,16.0,300.0,14.886758739999971,121.556327,0.7211626708879929,26.189175059999922,10.516682879999966
2,0,8,HYB-G300-B120-g1-e0,hybrid,300.0,120.0,0.0,1.0,300.0,15.355036019999968,73.097081,0.6912837419581335,26.189175059999922,10.516682879999966
2,0,8,HYB-G300-B120-g1-e0.9,hybrid,300.0,120.0,0.9,1.0,300.0,14.886758739999971,121.556327,0.7211626708879929,26.189175059999922,10.516682879999966
2,0,8,HYB-G300-B120-g4-e0,hybrid,300.0,120.0,0.0,4.0,300.0,14.887067719999992,73.88744799999999,0.7211429560911072,26.189175059999922,10.516682879999966
2,0,8,HYB-G300-B120-g4-e0.9,hybrid,300.0,120.0,0.9,4.0,300.0,14.886758739999971,121.556327,0.7211626708879929,26.189175059999922,10.516682879999966
2,0,8,HYB-G300-B120-g16-e0,hybrid,300.0,120.0,0.0,16.0,300.0,14.863868819999976,99.354008,0.7226231865313956,26.189175059999922,10.516682879999966
2,0,8,HYB-G300-B120-g16-e0.9,hybrid,300.0,120.0,0.9,16.0,300.0,14.886758739999971,121.556327,0.7211626708879929,26.189175059999922,10.516682879999966
2,0,8,FIXEQ-G600,fixed,600.0,inf,0.0,0.0,600.0,14.688124579999993,121.556327,0.7338367343182787,26.189175059999922,10.516682879999966
2,0,8,CAP-G600-B0-e0,capped,600.0,0.0,0.0,0.0,165.0,26.189175059999922,0.0,0.0,26.189175059999922,10.516682879999966
2,0,8,CAP-G600-B0-e0.25,capped,600.0,0.0,0.25,0.0,220.0,17.301389,58.506397,0.5670946240025463,26.189175059999922,10.516682879999966
2,0,8,CAP-G600-B0-e0.5,capped,600.0,0.0,0.5,0.0,330.0,15.702019,82.224051,0.6691441245944811,26.189175059999922,10.516682879999966
2,0,8,CAP-G600-B0-e0.75,capped,600.0,0.0,0.75,0.0,600.0,14.900023499999943,78.19726700000001,0.7203162987955634,26.189175059999922,10.516682879999966
2,0,8,CAP-G600-B0-e0.9,capped,600.0,0.0,0.9,0.0,600.0,14.774709539999979,78.19726700000001,0.7283120890349665,26.189175059999922,10.516682879999966
2,0,8,CAP-G600-B0-e0.95,capped,600.0,0.0,0.95,0.0,600.0,14.733999,78.19726700000001,0.730909668254175,26.189175059999922,10.516682879999966
2,0,8,CAP-G600-B15-e0,capped,600.0,15.0,0.0,0.0,168.75,20.901138119999974,46.085105999999996,0.33740881024321956,26.189175059999922,10.516682879999966
2,0,8,CAP-G600-B15-e0.25,capped,600.0,15.0,0.25,0.0,225.0,16.93234627999999,61.051439,0.5906417864934584,26.189175059999922,10.516682879999966
2,0,8,CAP-G600-B15-e0.5,capped,600.0,15.0,0.5,0.0,337.5,15.67404226,78.19726700000001,0.6709292101876775,26.189175059999922,10.516682879999966
2,0,8,CAP-G600-B15-e0.75,capped,600.0,15.0,0.75,0.0,600.0,14.836703559999965,78.19726700000001,0.7243564947818011,26.189175059999922,10.516682879999966
2,0,8,CAP-G600-B15-e0.9,capped,600.0,15.0,0.9,0.0,600.0,14.698500739999973,78.19726700000001,0.7331746724151168,26.189175059999922,10.516682879999966
2,0,8,CAP-G600-B15-e0.95,capped,600.0,15.0,0.95,0.0,600.0,14.688124579999993,109.88670599999999,0.7338367343182787,26.189175059999922,10.516682879999966
2,0,8,CAP-G600-B30-e0,capped,600.0,30.0,0.0,0.0,172.5,19.1890507,55.40266,0.4466503654685468,26.189175059999922,10.516682879999966
2,0,8,CAP-G600-B30-e0.25,capped,600.0,30.0,0.25,0.0,230.0,16.841683,66.22549000000001,0.596426653313535,26.189175059999922,10.516682879999966
2,0,8,CAP-G600-B30-e0.5,capped,600.0,30.0,0.5,0.0,345.0,15.404344519999995,78.19726700000001,0.6881375607743297,26.189175059999922,10.516682879999966
2,0,8,CAP-G600-B30-e0.75,capped,600.0,30.0,0.75,0.0,600.0,14.731164999999992,78.19726700000001,0.7310904946324855,26.189175059999922,10.516682879999966
2,0,8,CAP-G600-B30-e0.9,capped,600.0,30.0,0.9,0.0,600.0,14.677665,100.60345299999999,0.7345041189230923,26.189175059999922,10.516682879999966
2,0,8,CAP-G600-B30-e0.95,capped,600.0,30.0,0.95,0.0,600.0,14.688124579999993,121.556327,0.7338367343182787,26.189175059999922,10.516682879999966
2,0,8,CAP-G600-B60-e0,capped,600.0,60.0,0.0,0.0,180.0,18.17414301999996,58.506397,0.5114076273222288,26.189175059999922,10.516682879999966
2,0,8,CAP-G600-B60-e0.25,capped,600.0,60.0,0.25,0.0,240.0,16.127216679999982,75.40926300000001,0.6420139352719056,26.189175059999922,10.516682879999966
2,0,8,CAP-G600-B60-e0.5,capped,600.0,60.0,0.5,0.0,360.0,15.005008579999977,78.19726700000001,0.7136176143237978,26.189175059999922,10.516682879999966
2,0,8,CAP-G600-B60-e0.75,capped,600.0,60.0,0.75,0.0,600.0,14.662697359999962,100.537438,0.7354591450815445,26.189175059999922,10.516682879999966
2,0,8,CAP-G600-B60-e0.9,capped,600.0,60.0,0.9,0.0,600.0,14.690552819999931,121.556327,0.7336817978874897,26.189175059999922,10.516682879999966
2,0,8,CAP-G600-B60-e0.95,capped,600.0,60.0,0.95,0.0,600.0,14.688124579999993,121.556327,0.7338367343182787,26.189175059999922,10.516682879999966
2,0,8,CAP-G600-B120-e0,capped,600.0,120.0,0.0,0.0,195.0,16.538880719999973,72.179012,0.6157472742155788,26.189175059999922,10.516682879999966
2,0,8,CAP-G600-B120-e0.25,capped,600.0,120.0,0.25,0.0,260.0,15.423436499999994,78.19726700000001,0.6869193767241655,26.189175059999922,10.516682879999966
2,0,8,CAP-G600-B120-e0.5,capped,600.0,120.0,0.5,0.0,390.0,14.745074079999975,100.40765099999999,0.7302030110185054,26.189175059999922,10.516682879999966
2,0,8,CAP-G600-B120-e0.75,capped,600.0,120.0,0.75,0.0,600.0,14.685693959999956,121.556327,0.7339918226075005,26.189175059999922,10.516682879999966
2,0,8,CAP-G600-B120-e0.9,capped,600.0,120.0,0.9,0.0,600.0,14.688124579999993,121.556327,0.7338367343182787,26.189175059999922,10.516682879999966
2,0,8,CAP-G600-B120-e0.95,capped,600.0,120.0,0.95,0.0,600.0,14.688124579999993,121.556327,0.7338367343182787,26.189175059999922,10.516682879999966
2,0,8,CAP-G600-B240-e0,capped,600.0,240.0,0.0,0.0,225.0,15.578231079999947,99.216295,0.6770425442317882,26.189175059999922,10.516682879999966
2,0,8,CAP-G600-B240-e0.25,capped,600.0,240.0,0.25,0.0,300.0,14.870139759999986,100.46990299999999,0.7222230625480501,26.189175059999922,10.516682879999966
2,0,8,CAP-G600-B240-e0.5,capped,600.0,240.0,0.5,0.0,450.0,14.702489319999986,121.556327,0.7329201768343118,26.189175059999922,10.516682879999966
2,0,8,CAP-G600-B240-e0.75,capped,600.0,240.0,0.75,0.0,600.0,14.690552819999931,121.556327,0.7336817978874897,26.189175059999922,10.516682879999966
2,0,8,CAP-G600-B240-e0.9,capped,600.0,240.0,0.9,0.0,600.0,14.688124579999993,121.556327,0.7338367343182787,26.189175059999922,10.516682879999966
2,0,8,CAP-G600-B240-e0.95,capped,600.0,240.0,0.95,0.0,600.0,14.688124579999993,121.556327,0.7338367343182787,26.189175059999922,10.516682879999966
2,0,8,CAP-G600-B360-e0,capped,600.0,360.0,0.0,0.0,255.0,15.080656039999992,100.537438,0.7087908478382129,26.189175059999922,10.516682879999966
2,0,8,CAP-G600-B360-e0.25,capped,600.0,360.0,0.25,0.0,340.0,14.752081879999983,121.15925999999999,0.7297558709006784,26.189175059999922,10.516682879999966
2,0,8,CAP-G600-B360-e0.5,capped,600.0,360.0,0.5,0.0,510.0,14.671597439999942,121.556327,0.7348912660296514,26.189175059999922,10.516682879999966
2,0,8,CAP-G600-B360-e0.75,capped,600.0,360.0,0.75,0.0,600.0,14.688124579999993,121.556327,0.7338367343182787,26.189175059999922,10.516682879999966
2,0,8,CAP-G600-B360-e0.9,capped,600.0,360.0,0.9,0.0,600.0,14.688124579999993,121.556327,0.7338367343182787,26.189175059999922,10.516682879999966
2,0,8,CAP-G600-B360-e0.95,capped,600.0,360.0,0.95,0.0,600.0,14.688124579999993,121.556327,0.7338367343182787,26.189175059999922,10.516682879999966
2,0,8,CAP-G600-B480-e0,capped,600.0,480.0,0.0,0.0,285.0,14.961431799999975,120.96709299999999,0.7163980770287408,26.189175059999922,10.516682879999966
2,0,8,CAP-G600-B480-e0.25,capped,600.0,480.0,0.25,0.0,380.0,14.760508219999972,121.556327,0.7292182193323629,26.189175059999922,10.516682879999966
2,0,8,CAP-G600-B480-e0.5,capped,600.0,480.0,0.5,0.0,570.0,14.659015399999994,121.556327,0.7356940764477676,26.189175059999922,10.516682879999966
2,0,8,CAP-G600-B480-e0.75,capped,600.0,480.0,0.75,0.0,600.0,14.688124579999993,121.556327,0.7338367343182787,26.189175059999922,10.516682879999966
2,0,8,CAP-G600-B480-e0.9,capped,600.0,480.0,0.9,0.0,600.0,14.688124579999993,121.556327,0.7338367343182787,26.189175059999922,10.516682879999966
2,0,8,CAP-G600-B480-e0.95,capped,600.0,480.0,0.95,0.0,600.0,14.688124579999993,121.556327,0.7338367343182787,26.189175059999922,10.516682879999966
2,0,8,CAP-G600-B600-e0,capped,600.0,600.0,0.0,0.0,315.0,14.880581219999945,121.556327,0.7215568341090733,26.189175059999922,10.516682879999966
2,0,8,CAP-G600-B600-e0.25,capped,600.0,600.0,0.25,0.0,420.0,14.732371879999947,121.556327,0.7310134883729772,26.189175059999922,10.516682879999966
2,0,8,CAP-G600-B600-e0.5,capped,600.0,600.0,0.5,0.0,600.0,14.666053519999984,121.556327,0.7352450017301568,26.189175059999922,10.516682879999966
2,0,8,CAP-G600-B600-e0.75,capped,600.0,600.0,0.75,0.0,600.0,14.688124579999993,121.556327,0.7338367343182787,26.189175059999922,10.516682879999966
2,0,8,CAP-G600-B600-e0.9,capped,600.0,600.0,0.9,0.0,600.0,14.688124579999993,121.556327,0.7338367343182787,26.189175059999922,10.516682879999966
2,0,8,CAP-G600-B600-e0.95,capped,600.0,600.0,0.95,0.0,600.0,14.688124579999993,121.556327,0.7338367343182787,26.189175059999922,10.516682879999966
2,0,8,HYB-G600-B0-g1-e0,hybrid,600.0,0.0,0.0,1.0,600.0,17.30625615999998,45.283992,0.5667840696922247,26.189175059999922,10.516682879999966
2,0,8,HYB-G600-B0-g1-e0.9,hybrid,600.0,0.0,0.9,1.0,600.0,14.700840039999962,78.19726700000001,0.733025410895435,26.189175059999922,10.516682879999966
2,0,8,HYB-G600-B0-g4-e0,hybrid,600.0,0.0,0.0,4.0,600.0,15.364896119999875,56.405519,0.6906546078110773,26.189175059999922,10.516682879999966
2,0,8,HYB-G600-B0-g4-e0.9,hybrid,600.0,0.0,0.9,4.0,600.0,14.688337819999973,108.455748,0.7338231283137243,26.189175059999922,10.516682879999966
2,0,8,HYB-G600-B0-g16-e0,hybrid,600.0,0.0,0.0,16.0,600.0,14.601721939999974,58.506397,0.7393497464804593,26.189175059999922,10.516682879999966
2,0,8,HYB-G600-B0-g16-e0.9,hybrid,600.0,0.0,0.9,16.0,600.0,14.688124579999993,121.556327,0.7338367343182787,26.189175059999922,10.516682879999966
2,0,8,HYB-G600-B30-g1-e0,hybrid,600.0,30.0,0.0,1.0,600.0,16.32179189999997,56.268302999999996,0.6295988568169112,26.189175059999922,10.516682879999966
2,0,8,HYB-G600-B30-g1-e0.9,hybrid,600.0,30.0,0.9,1.0,600.0,14.688124579999993,112.43886499999999,0.7338367343182787,26.189175059999922,10.516682879999966
2,0,8,HYB-G600-B30-g4-e0,hybrid,600.0,30.0,0.0,4.0,600.0,15.043515679999981,57.455133,0.7111606279327537,26.189175059999922,10.516682879999966
2,0,8,HYB-G600-B30-g4-e0.9,hybrid,600.0,30.0,0.9,4.0,600.0,14.688124579999993,121.556327,0.7338367343182787,26.189175059999922,10.516682879999966
2,0,8,HYB-G600-B30-g16-e0,hybrid,600.0,30.0,0.0,16.0,600.0,14.549929039999991,58.506397,0.7426544474434673,26.189175059999922,10.516682879999966
2,0,8,HYB-G600-B30-g16-e0.9,hybrid,600.0,30.0,0.9,16.0,600.0,14.688124579999993,121.556327,0.7338367343182787,26.189175059999922,10.516682879999966
2,0,8,HYB-G600-B120-g1-e0,hybrid,600.0,120.0,0.0,1.0,600.0,15.356197859999979,73.097081,0.6912096095236319,26.189175059999922,10.516682879999966
2,0,8,HYB-G600-B120-g1-e0.9,hybrid,600.0,120.0,0.9,1.0,600.0,14.688124579999993,121.556327,0.7338367343182787,26.189175059999922,10.516682879999966
2,0,8,HYB-G600-B120-g4-e0,hybrid,600.0,120.0,0.0,4.0,600.0,14.739061339999994,73.88744799999999,0.7305866602767678,26.189175059999922,10.516682879999966
2,0,8,HYB-G600-B120-g4-e0.9,hybrid,600.0,120.0,0.9,4.0,600.0,14.688124579999993,121.556327,0.7338367343182787,26.189175059999922,10.516682879999966
2,0,8,HYB-G600-B120-g16-e0,hybrid,600.0,120.0,0.0,16.0,600.0,14.560504119999933,99.354008,0.7419796932385531,26.189175059999922,10.516682879999966
2,0,8,HYB-G600-B120-g16-e0.9,hybrid,600.0,120.0,0.9,16.0,600.0,14.688124579999993,121.556327,0.7338367343182787,26.189175059999922,10.516682879999966
2,0,8,CAP-G1200-B0-e0,capped,1200.0,0.0,0.0,0.0,165.0,26.189175059999922,0.0,0.0,26.189175059999922,10.516682879999966
2,0,8,CAP-G1200-B0-e0.25,capped,1200.0,0.0,0.25,0.0,220.0,17.301389,58.506397,0.5670946240025463,26.189175059999922,10.516682879999966
2,0,8,CAP-G1200-B0-e0.5,capped,1200.0,0.0,0.5,0.0,330.0,15.686785239999942,82.224051,0.6701161308220228,26.189175059999922,10.516682879999966
2,0,8,CAP-G1200-B0-e0.75,capped,1200.0,0.0,0.75,0.0,660.0,14.843467959999971,78.19726700000001,0.7239248850593449,26.189175059999922,10.516682879999966
2,0,8,CAP-G1200-B0-e0.9,capped,1200.0,0.0,0.9,0.0,1200.0,14.65044959999999,78.19726700000001,0.7362406264094218,26.189175059999922,10.516682879999966
2,0,8,CAP-G1200-B0-e0.95,capped,1200.0,0.0,0.95,0.0,1200.0,14.614060699999984,78.19726700000001,0.7385624588009825,26.189175059999922,10.516682879999966
2,0,8,CAP-G1200-B15-e0.25,capped,1200.0,15.0,0.25,0.0,225.0,16.93234627999999,61.051439,0.5906417864934584,26.189175059999922,10.516682879999966
2,0,8,CAP-G1200-B15-e0.5,capped,1200.0,15.0,0.5,0.0,337.5,15.674074659999995,78.19726700000001,0.670927142871285,26.189175059999922,10.516682879999966
2,0,8,CAP-G1200-B15-e0.75,capped,1200.0,15.0,0.75,0.0,675.0,14.752081879999983,78.19726700000001,0.7297558709006784,26.189175059999922,10.516682879999966
2,0,8,CAP-G1200-B15-e0.9,capped,1200.0,15.0,0.9,0.0,1200.0,14.591584,78.19726700000001,0.7399966085036487,26.189175059999922,10.516682879999966
2,0,8,CAP-G1200-B15-e0.95,capped,1200.0,15.0,0.95,0.0,1200.0,14.570098419999995,109.88670599999999,0.7413675187426355,26.189175059999922,10.516682879999966
2,0,8,CAP-G1200-B30-e0.25,capped,1200.0,30.0,0.25,0.0,230.0,16.841683,66.22549000000001,0.596426653313535,26.189175059999922,10.516682879999966
2,0,8,CAP-G1200-B30-e0.5,capped,1200.0,30.0,0.5,0.0,345.0,15.381306359999948,78.19726700000001,0.6896075350282933,26.189175059999922,10.516682879999966
2,0,8,CAP-G1200-B30-e0.75,capped,1200.0,30.0,0.75,0.0,690.0,14.708280639999993,78.19726700000001,0.7325506555141864,26.189175059999922,10.516682879999966
2,0,8,CAP-G1200-B30-e0.9,capped,1200.0,30.0,0.9,0.0,1200.0,14.574490099999988,100.60345299999999,0.7410873029384384,26.189175059999922,10.516682879999966
2,0,8,CAP-G1200-B30-e0.95,capped,1200.0,30.0,0.95,0.0,1200.0,14.570098419999995,121.556327,0.7413675187426355,26.189175059999922,10.516682879999966
2,0,8,CAP-G1200-B60-e0.25,capped,1200.0,60.0,0.25,0.0,240.0,16.127216679999982,75.40926300000001,0.6420139352719056,26.189175059999922,10.516682879999966
2,0,8,CAP-G1200-B60-e0.5,capped,1200.0,60.0,0.5,0.0,360.0,15.007438259999995,78.19726700000001,0.7134625860122751,26.189175059999922,10.516682879999966
2,0,8,CAP-G1200-B60-e0.75,capped,1200.0,60.0,0.75,0.0,720.0,14.618115179999991,100.537438,0.7383037584007244,26.189175059999922,10.516682879999966
2,0,8,CAP-G1200-B60-e0.9,capped,1200.0,60.0,0.9,0.0,1200.0,14.563914,121.556327,0.7417621222255384,26.189175059999922,10.516682879999966
2,0,8,CAP-G1200-B60-e0.95,capped,1200.0,60.0,0.95,0.0,1200.0,14.570098419999995,121.556327,0.7413675187426355,26.189175059999922,10.516682879999966
2,0,8,CAP-G1200-B120-e0.25,capped,1200.0,120.0,0.25,0.0,260.0,15.423436499999994,78.19726700000001,0.6869193767241655,26.189175059999922,10.516682879999966
2,0,8,CAP-G1200-B120-e0.5,capped,1200.0,120.0,0.5,0.0,390.0,14.743183559999999,100.40765099999999,0.7303236376539034,26.189175059999922,10.516682879999966
2,0,8,CAP-G1200-B120-e0.75,capped,1200.0,120.0,0.75,0.0,780.0,14.608310479999997,121.556327,0.7389293576919786,26.189175059999922,10.516682879999966
2,0,8,CAP-G1200-B120-e0.9,capped,1200.0,120.0,0.9,0.0,1200.0,14.570098419999995,121.556327,0.7413675187426355,26.189175059999922,10.516682879999966
2,0,8,CAP-G1200-B120-e0.95,capped,1200.0,120.0,0.95,0.0,1200.0,14.570098419999995,121.556327,0.7413675187426355,26.189175059999922,10.516682879999966
2,0,8,CAP-G1200-B240-e0.25,capped,1200.0,240.0,0.25,0.0,300.0,14.870139759999986,100.46990299999999,0.7222230625480501,26.189175059999922,10.516682879999966
2,0,8,CAP-G1200-B240-e0.5,capped,1200.0,240.0,0.5,0.0,450.0,14.68274183999998,121.556327,0.734180185757794,26.189175059999922,10.516682879999966
2,0,8,CAP-G1200-B240-e0.75,capped,1200.0,240.0,0.75,0.0,900.0,14.628193799999995,121.556327,0.7376606813531018,26.189175059999922,10.516682879999966
2,0,8,CAP-G1200-B240-e0.9,capped,1200.0,240.0,0.9,0.0,1200.0,14.570098419999995,121.556327,0.7413675187426355,26.189175059999922,10.516682879999966
2,0,8,CAP-G1200-B240-e0.95,capped,1200.0,240.0,0.95,0.0,1200.0,14.570098419999995,121.556327,0.7413675187426355,26.189175059999922,10.516682879999966
2,0,8,CAP-G1200-B360-e0.25,capped,1200.0,360.0,0.25,0.0,340.0,14.752081879999983,121.15925999999999,0.7297558709006784,26.189175059999922,10.516682879999966
2,0,8,CAP-G1200-B360-e0.5,capped,1200.0,360.0,0.5,0.0,510.0,14.604740219999979,121.556327,0.7391571619211346,26.189175059999922,10.516682879999966
2,0,8,CAP-G1200-B360-e0.75,capped,1200.0,360.0,0.75,0.0,1020.0,14.563950959999994,121.556327,0.7417597639535054,26.189175059999922,10.516682879999966
2,0,8,CAP-G1200-B360-e0.9,capped,1200.0,360.0,0.9,0.0,1200.0,14.570098419999995,121.556327,0.7413675187426355,26.189175059999922,10.516682879999966
2,0,8,CAP-G1200-B360-e0.95,capped,1200.0,360.0,0.95,0.0,1200.0,14.570098419999995,121.556327,0.7413675187426355,26.189175059999922,10.516682879999966
2,0,8,CAP-G1200-B480-e0.25,capped,1200.0,480.0,0.25,0.0,380.0,14.760508219999972,121.556327,0.7292182193323629,26.189175059999922,10.516682879999966
2,0,8,CAP-G1200-B480-e0.5,capped,1200.0,480.0,0.5,0.0,570.0,14.618115179999991,121.556327,0.7383037584007244,26.189175059999922,10.516682879999966
2,0,8,CAP-G1200-B480-e0.75,capped,1200.0,480.0,0.75,0.0,1140.0,14.596571,121.556327,0.7396784076749148,26.189175059999922,10.516682879999966
2,0,8,CAP-G1200-B480-e0.9,capped,1200.0,480.0,0.9,0.0,1200.0,14.570098419999995,121.556327,0.7413675187426355,26.189175059999922,10.516682879999966
2,0,8,CAP-G1200-B480-e0.95,capped,1200.0,480.0,0.95,0.0,1200.0,14.570098419999995,121.556327,0.7413675187426355,26.189175059999922,10.516682879999966
2,0,8,CAP-G1200-B600-e0.25,capped,1200.0,600.0,0.25,0.0,420.0,14.732371879999947,121.556327,0.7310134883729772,26.189175059999922,10.516682879999966
2,0,8,CAP-G1200-B600-e0.5,capped,1200.0,600.0,0.5,0.0,630.0,14.603819,121.556327,0.7392159413411145,26.189175059999922,10.516682879999966
2,0,8,CAP-G1200-B600-e0.75,capped,1200.0,600.0,0.75,0.0,1200.0,14.570098419999995,121.556327,0.7413675187426355,26.189175059999922,10.516682879999966
2,0,8,CAP-G1200-B600-e0.9,capped,1200.0,600.0,0.9,0.0,1200.0,14.570098419999995,121.556327,0.7413675187426355,26.189175059999922,10.516682879999966
2,0,8,CAP-G1200-B600-e0.95,capped,1200.0,600.0,0.95,0.0,1200.0,14.570098419999995,121.556327,0.7413675187426355,26.189175059999922,10.516682879999966
2,0,8,HYB-G1200-B0-g1-e0,hybrid,1200.0,0.0,0.0,1.0,1200.0,17.30625615999998,45.283992,0.5667840696922247,26.189175059999922,10.516682879999966
2,0,8,HYB-G1200-B0-g1-e0.9,hybrid,1200.0,0.0,0.9,1.0,1200.0,14.60168707999998,78.19726700000001,0.739351970759763,26.189175059999922,10.516682879999966
2,0,8,HYB-G1200-B0-g4-e0,hybrid,1200.0,0.0,0.0,4.0,1200.0,15.364896119999875,56.405519,0.6906546078110773,26.189175059999922,10.516682879999966
2,0,8,HYB-G1200-B0-g4-e0.9,hybrid,1200.0,0.0,0.9,4.0,1200.0,14.570098419999995,108.455748,0.7413675187426355,26.189175059999922,10.516682879999966
2,0,8,HYB-G1200-B0-g16-e0,hybrid,1200.0,0.0,0.0,16.0,1200.0,14.601572,58.506397,0.7393593135613199,26.189175059999922,10.516682879999966
2,0,8,HYB-G1200-B0-g16-e0.9,hybrid,1200.0,0.0,0.9,16.0,1200.0,14.570098419999995,121.556327,0.7413675187426355,26.189175059999922,10.516682879999966
2,0,8,HYB-G1200-B30-g1-e0,hybrid,1200.0,30.0,0.0,1.0,1200.0,16.32179189999997,56.268302999999996,0.6295988568169112,26.189175059999922,10.516682879999966
2,0,8,HYB-G1200-B30-g1-e0.9,hybrid,1200.0,30.0,0.9,1.0,1200.0,14.614060699999984,112.43886499999999,0.7385624588009825,26.189175059999922,10.516682879999966
2,0,8,HYB-G1200-B30-g4-e0,hybrid,1200.0,30.0,0.0,4.0,1200.0,15.043515679999981,57.455133,0.7111606279327537,26.189175059999922,10.516682879999966
2,0,8,HYB-G1200-B30-g4-e0.9,hybrid,1200.0,30.0,0.9,4.0,1200.0,14.570098419999995,121.556327,0.7413675187426355,26.189175059999922,10.516682879999966
2,0,8,HYB-G1200-B30-g16-e0,hybrid,1200.0,30.0,0.0,16.0,1200.0,14.532074239999995,58.506397,0.7437936919104565,26.189175059999922,10.516682879999966
2,0,8,HYB-G1200-B30-g16-e0.9,hybrid,1200.0,30.0,0.9,16.0,1200.0,14.570098419999995,121.556327,0.7413675187426355,26.189175059999922,10.516682879999966
2,0,8,HYB-G1200-B120-g1-e0,hybrid,1200.0,120.0,0.0,1.0,1200.0,15.356197859999979,73.097081,0.6912096095236319,26.189175059999922,10.516682879999966
2,0,8,HYB-G1200-B120-g1-e0.9,hybrid,1200.0,120.0,0.9,1.0,1200.0,14.570098419999995,121.556327,0.7413675187426355,26.189175059999922,10.516682879999966
2,0,8,HYB-G1200-B120-g4-e0,hybrid,1200.0,120.0,0.0,4.0,1200.0,14.739061339999994,73.88744799999999,0.7305866602767678,26.189175059999922,10.516682879999966
2,0,8,HYB-G1200-B120-g4-e0.9,hybrid,1200.0,120.0,0.9,4.0,1200.0,14.570098419999995,121.556327,0.7413675187426355,26.189175059999922,10.516682879999966
2,0,8,HYB-G1200-B120-g16-e0,hybrid,1200.0,120.0,0.0,16.0,1200.0,14.534216719999998,99.354008,0.7436569886997996,26.189175059999922,10.516682879999966
2,0,8,HYB-G1200-B120-g16-e0.9,hybrid,1200.0,120.0,0.9,16.0,1200.0,14.570098419999995,121.556327,0.7413675187426355,26.189175059999922,10.516682879999966
2,1,5,SJF,reference,-1.0,-1.0,-1.0,-1.0,inf,37.2474281599999,483.744702,1.0,109.03421522,37.2474281599999
2,1,5,SPJF-E,reference,-1.0,-1.0,-1.0,-1.0,inf,47.974251,261.701673,0.8505738551715022,109.03421522,37.2474281599999
2,1,5,FIX-B15,fixed,-1.0,15.0,0.0,0.0,159.75,105.88311785999983,60.274625,0.04389522764636962,109.03421522,37.2474281599999
2,1,5,FIX-B17.99,fixed,-1.0,17.99,0.0,0.0,160.4975,105.20851143999984,60.274625,0.05329258957922986,109.03421522,37.2474281599999
2,1,5,FIX-B21.576,fixed,-1.0,21.576,0.0,0.0,161.394,104.64634493999984,61.407599,0.06112364767534077,109.03421522,37.2474281599999
2,1,5,FIX-B25.877,fixed,-1.0,25.877,0.0,0.0,162.46925,103.84523031999977,61.809605,0.07228328655610701,109.03421522,37.2474281599999
2,1,5,FIX-B30,fixed,-1.0,30.0,0.0,0.0,163.5,102.75786855999998,61.821694,0.08743038819600861,109.03421522,37.2474281599999
2,1,5,FIX-B31.035,fixed,-1.0,31.035,0.0,0.0,163.75875,102.51184437999996,61.786253,0.09085753948771345,109.03421522,37.2474281599999
2,1,5,FIX-B37.222,fixed,-1.0,37.222,0.0,0.0,165.3055,101.20596989999997,61.460501,0.1090485539275786,109.03421522,37.2474281599999
2,1,5,FIX-B44.641,fixed,-1.0,44.641,0.0,0.0,167.16025,99.95886047999994,61.836468,0.1264209628495392,109.03421522,37.2474281599999
2,1,5,FIX-B53.54,fixed,-1.0,53.54,0.0,0.0,169.385,97.94380031999991,65.85234100000001,0.15449103315810203,109.03421522,37.2474281599999
2,1,5,FIX-B60,fixed,-1.0,60.0,0.0,0.0,171.0,96.62098801999993,65.85234100000001,0.1729179938033021,109.03421522,37.2474281599999
2,1,5,FIX-B64.212,fixed,-1.0,64.212,0.0,0.0,172.053,95.27109405999991,65.85234100000001,0.19172220576603788,109.03421522,37.2474281599999
2,1,5,FIX-B77.012,fixed,-1.0,77.012,0.0,0.0,175.253,92.76609225999945,71.454002,0.22661723175329582,109.03421522,37.2474281599999
2,1,5,FIX-B92.363,fixed,-1.0,92.363,0.0,0.0,179.09075,89.59792829999991,75.44146,0.270750199528432,109.03421522,37.2474281599999
2,1,5,FIX-B110.774,fixed,-1.0,110.774,0.0,0.0,183.6935,85.91508583999999,75.62016700000001,0.3220527109073263,109.03421522,37.2474281599999
2,1,5,FIX-B120,fixed,-1.0,120.0,0.0,0.0,186.0,85.01758427999997,81.04129999999999,0.33455503336465936,109.03421522,37.2474281599999
2,1,5,FIX-B132.855,fixed,-1.0,132.855,0.0,0.0,189.21375,81.55283191999999,81.04129999999999,0.3828195190993963,109.03421522,37.2474281599999
2,1,5,FIX-B159.338,fixed,-1.0,159.338,0.0,0.0,195.8345,75.79260467999993,83.24675699999999,0.4630602914742013,109.03421522,37.2474281599999
2,1,5,FIX-B191.099,fixed,-1.0,191.099,0.0,0.0,203.77474999999998,73.86973379999982,83.60618600000001,0.48984615219802713,109.03421522,37.2474281599999
2,1,5,FIX-B229.192,fixed,-1.0,229.192,0.0,0.0,213.298,71.55469183999982,90.176302,0.5220950110035489,109.03421522,37.2474281599999
2,1,5,FIX-B240,fixed,-1.0,240.0,0.0,0.0,216.0,70.91333031999994,90.176302,0.5310292668222948,109.03421522,37.2474281599999
2,1,5,FIX-B274.878,fixed,-1.0,274.878,0.0,0.0,224.71949999999998,68.95733481999999,110.80752199999999,0.5582765581429819,109.03421522,37.2474281599999
2,1,5,FIX-B329.671,fixed,-1.0,329.671,0.0,0.0,238.41775,64.20690071999998,120.625817,0.6244507706206841,109.03421522,37.2474281599999
2,1,5,FIX-B360,fixed,-1.0,360.0,0.0,0.0,246.0,62.0085104,120.647886,0.6550746557398571,109.03421522,37.2474281599999
2,1,5,FIX-B395.386,fixed,-1.0,395.386,0.0,0.0,254.8465,60.438680039999944,120.835509,0.6769426125643906,109.03421522,37.2474281599999
2,1,5,FIX-B474.201,fixed,-1.0,474.201,0.0,0.0,274.55025,57.85604095999989,154.64185799999998,0.7129191367378636,109.03421522,37.2474281599999
2,1,5,FIX-B480,fixed,-1.0,480.0,0.0,0.0,276.0,57.995208059999875,154.64185799999998,0.7109805195396365,109.03421522,37.2474281599999
2,1,5,FIX-B568.726,fixed,-1.0,568.726,0.0,0.0,298.1815,55.938217959999776,162.14637699999997,0.7396346797861572,109.03421522,37.2474281599999
2,1,5,FIX-B600,fixed,-1.0,600.0,0.0,0.0,306.0,55.44513975999989,162.20863799999998,0.7465033281850298,109.03421522,37.2474281599999
2,1,5,FIX-B682.093,fixed,-1.0,682.093,0.0,0.0,326.52324999999996,54.13184543999998,194.422295,0.7647977020355025,109.03421522,37.2474281599999
2,1,5,FIX-B818.058,fixed,-1.0,818.058,0.0,0.0,360.5145,53.25022947999993,214.053419,0.777078735859501,109.03421522,37.2474281599999
2,1,5,FIX-B981.126,fixed,-1.0,981.126,0.0,0.0,401.2815,52.431117559999976,245.79986,0.7884890796504181,109.03421522,37.2474281599999
2,1,5,FIX-B1176.7,fixed,-1.0,1176.699,0.0,0.0,450.17475,51.62128833999998,261.701673,0.7997701141299685,109.03421522,37.2474281599999
2,1,5,FIX-B1411.26,fixed,-1.0,1411.256,0.0,0.0,508.814,50.81102283999998,261.701673,0.811057226051035,109.03421522,37.2474281599999
2,1,5,FIX-B1692.57,fixed,-1.0,1692.569,0.0,0.0,579.14225,50.162019439999995,261.701673,0.8200979343286954,109.03421522,37.2474281599999
2,1,5,FIX-B2029.96,fixed,-1.0,2029.958,0.0,0.0,663.4895,49.79293005999987,261.701673,0.8252394010959939,109.03421522,37.2474281599999
2,1,5,FIX-B2434.6,fixed,-1.0,2434.6,0.0,0.0,764.65,49.71824357999997,261.701673,0.8262797942248503,109.03421522,37.2474281599999
2,1,5,FIX-B2919.9,fixed,-1.0,2919.901,0.0,0.0,885.97525,49.59690757999999,261.701673,0.8279700217022071,109.03421522,37.2474281599999
2,1,5,FIX-B3501.94,fixed,-1.0,3501.94,0.0,0.0,1031.4850000000001,49.18491911999988,261.701673,0.8337090786634244,109.03421522,37.2474281599999
2,1,5,FIX-B4200,fixed,-1.0,4200.0,0.0,0.0,1206.0,49.071023139999966,261.701673,0.835295665619945,109.03421522,37.2474281599999
2,1,5,FIXEQ-G300,fixed,300.0,inf,0.0,0.0,300.0,55.692377499999935,162.14637699999997,0.7430592718325231,109.03421522,37.2474281599999
2,1,5,CAP-G300-B0-e0,capped,300.0,0.0,0.0,0.0,156.0,109.03421522,0.0,0.0,109.03421522,37.2474281599999
2,1,5,CAP-G300-B0-e0.25,capped,300.0,0.0,0.25,0.0,208.0,77.80850863999967,88.784307,0.4349784669134387,109.03421522,37.2474281599999
2,1,5,CAP-G300-B0-e0.5,capped,300.0,0.0,0.5,0.0,300.0,60.80962983999992,110.86093000000001,0.6717752298858771,109.03421522,37.2474281599999
2,1,5,CAP-G300-B0-e0.75,capped,300.0,0.0,0.75,0.0,300.0,56.2830374,83.60618600000001,0.7348312966829126,109.03421522,37.2474281599999
2,1,5,CAP-G300-B0-e0.9,capped,300.0,0.0,0.9,0.0,300.0,55.88417137999987,154.718352,0.7403875562166726,109.03421522,37.2474281599999
2,1,5,CAP-G300-B0-e0.95,capped,300.0,0.0,0.95,0.0,300.0,55.751180839999776,154.718352,0.7422401330688576,109.03421522,37.2474281599999
2,1,5,CAP-G300-B15-e0,capped,300.0,15.0,0.0,0.0,159.75,105.88311785999983,60.274625,0.04389522764636962,109.03421522,37.2474281599999
2,1,5,CAP-G300-B15-e0.25,capped,300.0,15.0,0.25,0.0,213.0,71.7501932399997,75.44146,0.5193716491147311,109.03421522,37.2474281599999
2,1,5,CAP-G300-B15-e0.5,capped,300.0,15.0,0.5,0.0,300.0,59.66614567999988,83.60618600000001,0.6877041244196902,109.03421522,37.2474281599999
2,1,5,CAP-G300-B15-e0.75,capped,300.0,15.0,0.75,0.0,300.0,55.818805379999944,115.56306699999999,0.7412981137534695,109.03421522,37.2474281599999
2,1,5,CAP-G300-B15-e0.9,capped,300.0,15.0,0.9,0.0,300.0,55.749899,154.718352,0.7422579892796212,109.03421522,37.2474281599999
2,1,5,CAP-G300-B15-e0.95,capped,300.0,15.0,0.95,0.0,300.0,55.71016895999998,154.718352,0.7428114343024051,109.03421522,37.2474281599999
2,1,5,CAP-G300-B30-e0,capped,300.0,30.0,0.0,0.0,163.5,102.75786855999998,61.821694,0.08743038819600861,109.03421522,37.2474281599999
2,1,5,CAP-G300-B30-e0.25,capped,300.0,30.0,0.25,0.0,218.0,70.5613808999999,75.44146,0.5359319715457403,109.03421522,37.2474281599999
2,1,5,CAP-G300-B30-e0.5,capped,300.0,30.0,0.5,0.0,300.0,59.002925479999966,83.60618600000001,0.6969428747129105,109.03421522,37.2474281599999
2,1,5,CAP-G300-B30-e0.75,capped,300.0,30.0,0.75,0.0,300.0,55.858362039999946,115.591116,0.7407470839383736,109.03421522,37.2474281599999
2,1,5,CAP-G300-B30-e0.9,capped,300.0,30.0,0.9,0.0,300.0,55.71295455999997,154.718352,0.7427726305041845,109.03421522,37.2474281599999
2,1,5,CAP-G300-B30-e0.95,capped,300.0,30.0,0.95,0.0,300.0,55.692377499999935,162.14637699999997,0.7430592718325231,109.03421522,37.2474281599999
2,1,5,CAP-G300-B60-e0,capped,300.0,60.0,0.0,0.0,171.0,96.62098801999993,65.85234100000001,0.1729179938033021,109.03421522,37.2474281599999
2,1,5,CAP-G300-B60-e0.25,capped,300.0,60.0,0.25,0.0,228.0,66.54812117999997,77.768962,0.5918372416429466,109.03421522,37.2474281599999
2,1,5,CAP-G300-B60-e0.5,capped,300.0,60.0,0.5,0.0,300.0,58.27352519999991,83.60618600000001,0.7071035227913711,109.03421522,37.2474281599999
2,1,5,CAP-G300-B60-e0.75,capped,300.0,60.0,0.75,0.0,300.0,55.969691819999916,121.59243699999999,0.7391962445073386,109.03421522,37.2474281599999
2,1,5,CAP-G300-B60-e0.9,capped,300.0,60.0,0.9,0.0,300.0,55.692377499999935,162.14637699999997,0.7430592718325231,109.03421522,37.2474281599999
2,1,5,CAP-G300-B60-e0.95,capped,300.0,60.0,0.95,0.0,300.0,55.692377499999935,162.14637699999997,0.7430592718325231,109.03421522,37.2474281599999
2,1,5,CAP-G300-B120-e0,capped,300.0,120.0,0.0,0.0,186.0,85.01758427999997,81.04129999999999,0.33455503336465936,109.03421522,37.2474281599999
2,1,5,CAP-G300-B120-e0.25,capped,300.0,120.0,0.25,0.0,248.0,63.65661817999999,83.60618600000001,0.63211628348923,109.03421522,37.2474281599999
2,1,5,CAP-G300-B120-e0.5,capped,300.0,120.0,0.5,0.0,300.0,57.262832159999846,115.56306699999999,0.7211826184215365,109.03421522,37.2474281599999
2,1,5,CAP-G300-B120-e0.75,capped,300.0,120.0,0.75,0.0,300.0,55.73181041999986,154.90425100000002,0.7425099657329624,109.03421522,37.2474281599999
2,1,5,CAP-G300-B120-e0.9,capped,300.0,120.0,0.9,0.0,300.0,55.692377499999935,162.14637699999997,0.7430592718325231,109.03421522,37.2474281599999
2,1,5,CAP-G300-B120-e0.95,capped,300.0,120.0,0.95,0.0,300.0,55.692377499999935,162.14637699999997,0.7430592718325231,109.03421522,37.2474281599999
2,1,5,CAP-G300-B240-e0,capped,300.0,240.0,0.0,0.0,216.0,70.91333031999994,90.176302,0.5310292668222948,109.03421522,37.2474281599999
2,1,5,CAP-G300-B240-e0.25,capped,300.0,240.0,0.25,0.0,288.0,58.395078479999896,120.647886,0.7054102685731765,109.03421522,37.2474281599999
2,1,5,CAP-G300-B240-e0.5,capped,300.0,240.0,0.5,0.0,300.0,55.74799949999976,154.88154400000002,0.742284449580716,109.03421522,37.2474281599999
2,1,5,CAP-G300-B240-e0.75,capped,300.0,240.0,0.75,0.0,300.0,55.692377499999935,162.14637699999997,0.7430592718325231,109.03421522,37.2474281599999
2,1,5,CAP-G300-B240-e0.9,capped,300.0,240.0,0.9,0.0,300.0,55.692377499999935,162.14637699999997,0.7430592718325231,109.03421522,37.2474281599999
2,1,5,CAP-G300-B240-e0.95,capped,300.0,240.0,0.95,0.0,300.0,55.692377499999935,162.14637699999997,0.7430592718325231,109.03421522,37.2474281599999
2,1,5,CAP-G300-B360-e0,capped,300.0,360.0,0.0,0.0,246.0,62.0085104,120.647886,0.6550746557398571,109.03421522,37.2474281599999
2,1,5,CAP-G300-B360-e0.25,capped,300.0,360.0,0.25,0.0,300.0,55.88531775999998,154.674011,0.7403715869826804,109.03421522,37.2474281599999
2,1,5,CAP-G300-B360-e0.5,capped,300.0,360.0,0.5,0.0,300.0,55.692377499999935,162.14637699999997,0.7430592718325231,109.03421522,37.2474281599999
2,1,5,CAP-G300-B360-e0.75,capped,300.0,360.0,0.75,0.0,300.0,55.692377499999935,162.14637699999997,0.7430592718325231,109.03421522,37.2474281599999
2,1,5,CAP-G300-B360-e0.9,capped,300.0,360.0,0.9,0.0,300.0,55.692377499999935,162.14637699999997,0.7430592718325231,109.03421522,37.2474281599999
2,1,5,CAP-G300-B360-e0.95,capped,300.0,360.0,0.95,0.0,300.0,55.692377499999935,162.14637699999997,0.7430592718325231,109.03421522,37.2474281599999
2,1,5,CAP-G300-B480-e0,capped,300.0,480.0,0.0,0.0,276.0,57.995208059999875,154.64185799999998,0.7109805195396365,109.03421522,37.2474281599999
2,1,5,CAP-G300-B480-e0.25,capped,300.0,480.0,0.25,0.0,300.0,55.692377499999935,162.14637699999997,0.7430592718325231,109.03421522,37.2474281599999
2,1,5,CAP-G300-B480-e0.5,capped,300.0,480.0,0.5,0.0,300.0,55.692377499999935,162.14637699999997,0.7430592718325231,109.03421522,37.2474281599999
2,1,5,CAP-G300-B480-e0.75,capped,300.0,480.0,0.75,0.0,300.0,55.692377499999935,162.14637699999997,0.7430592718325231,109.03421522,37.2474281599999
2,1,5,CAP-G300-B480-e0.9,capped,300.0,480.0,0.9,0.0,300.0,55.692377499999935,162.14637699999997,0.7430592718325231,109.03421522,37.2474281599999
2,1,5,CAP-G300-B480-e0.95,capped,300.0,480.0,0.95,0.0,300.0,55.692377499999935,162.14637699999997,0.7430592718325231,109.03421522,37.2474281599999
2,1,5,HYB-G300-B0-g1-e0,hybrid,300.0,0.0,0.0,1.0,300.0,76.21265631999995,61.79017,0.4572089132860545,109.03421522,37.2474281599999
2,1,5,HYB-G300-B0-g1-e0.9,hybrid,300.0,0.0,0.9,1.0,300.0,55.68039883999985,154.718352,0.7432261362443552,109.03421522,37.2474281599999
2,1,5,HYB-G300-B0-g4-e0,hybrid,300.0,0.0,0.0,4.0,300.0,63.08918825999992,61.362621,0.6400206617632681,109.03421522,37.2474281599999
2,1,5,HYB-G300-B0-g4-e0.9,hybrid,300.0,0.0,0.9,4.0,300.0,55.67372197999996,157.398151,0.7433191458394818,109.03421522,37.2474281599999
2,1,5,HYB-G300-B0-g16-e0,hybrid,300.0,0.0,0.0,16.0,300.0,56.779584799999995,62.566662,0.7279143218420553,109.03421522,37.2474281599999
2,1,5,HYB-G300-B0-g16-e0.9,hybrid,300.0,0.0,0.9,16.0,300.0,55.6901275199998,162.301008,0.7430906143691135,109.03421522,37.2474281599999
2,1,5,HYB-G300-B30-g1-e0,hybrid,300.0,30.0,0.0,1.0,300.0,72.45090565999989,61.831383,0.5096106269448083,109.03421522,37.2474281599999
2,1,5,HYB-G300-B30-g1-e0.9,hybrid,300.0,30.0,0.9,1.0,300.0,55.69316849999995,156.621194,0.7430482530917156,109.03421522,37.2474281599999
2,1,5,HYB-G300-B30-g4-e0,hybrid,300.0,30.0,0.0,4.0,300.0,60.70727513999998,62.063398,0.6732010451952375,109.03421522,37.2474281599999
2,1,5,HYB-G300-B30-g4-e0.9,hybrid,300.0,30.0,0.9,4.0,300.0,55.692377499999935,154.90425100000002,0.7430592718325231,109.03421522,37.2474281599999
2,1,5,HYB-G300-B30-g16-e0,hybrid,300.0,30.0,0.0,16.0,300.0,56.71612239999989,79.405704,0.7287983619641889,109.03421522,37.2474281599999
2,1,5,HYB-G300-B30-g16-e0.9,hybrid,300.0,30.0,0.9,16.0,300.0,55.692377499999935,162.14637699999997,0.7430592718325231,109.03421522,37.2474281599999
2,1,5,HYB-G300-B120-g1-e0,hybrid,300.0,120.0,0.0,1.0,300.0,66.40931809999988,81.04129999999999,0.5937707879915813,109.03421522,37.2474281599999
2,1,5,HYB-G300-B120-g1-e0.9,hybrid,300.0,120.0,0.9,1.0,300.0,55.692377499999935,162.14637699999997,0.7430592718325231,109.03421522,37.2474281599999
2,1,5,HYB-G300-B120-g4-e0,hybrid,300.0,120.0,0.0,4.0,300.0,57.95778231999999,81.04129999999999,0.7115018653406208,109.03421522,37.2474281599999
2,1,5,HYB-G300-B120-g4-e0.9,hybrid,300.0,120.0,0.9,4.0,300.0,55.692377499999935,162.14637699999997,0.7430592718325231,109.03421522,37.2474281599999
2,1,5,HYB-G300-B120-g16-e0,hybrid,300.0,120.0,0.0,16.0,300.0,56.20309157999982,94.212581,0.7359449531547275,109.03421522,37.2474281599999
2,1,5,HYB-G300-B120-g16-e0.9,hybrid,300.0,120.0,0.9,16.0,300.0,55.692377499999935,162.14637699999997,0.7430592718325231,109.03421522,37.2474281599999
2,1,5,FIXEQ-G600,fixed,600.0,inf,0.0,0.0,600.0,50.11152311999997,261.701673,0.8208013551400742,109.03421522,37.2474281599999
2,1,5,CAP-G600-B0-e0,capped,600.0,0.0,0.0,0.0,156.0,109.03421522,0.0,0.0,109.03421522,37.2474281599999
2,1,5,CAP-G600-B0-e0.25,capped,600.0,0.0,0.25,0.0,208.0,77.42454211999987,88.784307,0.4403271743249973,109.03421522,37.2474281599999
2,1,5,CAP-G600-B0-e0.5,capped,600.0,0.0,0.5,0.0,312.0,57.72536497999999,110.86093000000001,0.7147394714450107,109.03421522,37.2474281599999
2,1,5,CAP-G600-B0-e0.75,capped,600.0,0.0,0.75,0.0,600.0,52.02504627999999,83.60618600000001,0.7941457094653253,109.03421522,37.2474281599999
2,1,5,CAP-G600-B0-e0.9,capped,600.0,0.0,0.9,0.0,600.0,50.57203043999998,154.718352,0.8143864236622925,109.03421522,37.2474281599999
2,1,5,CAP-G600-B0-e0.95,capped,600.0,0.0,0.95,0.0,600.0,50.214842939999905,154.718352,0.819362095573915,109.03421522,37.2474281599999
2,1,5,CAP-G600-B15-e0,capped,600.0,15.0,0.0,0.0,159.75,105.88311785999983,60.274625,0.04389522764636962,109.03421522,37.2474281599999
2,1,5,CAP-G600-B15-e0.25,capped,600.0,15.0,0.25,0.0,213.0,71.09067929999998,75.44146,0.5285587706869572,109.03421522,37.2474281599999
2,1,5,CAP-G600-B15-e0.5,capped,600.0,15.0,0.5,0.0,319.5,56.61842259999998,83.60618600000001,0.7301593338644671,109.03421522,37.2474281599999
2,1,5,CAP-G600-B15-e0.75,capped,600.0,15.0,0.75,0.0,600.0,51.54662571999997,115.56306699999999,0.8008101748856838,109.03421522,37.2474281599999
2,1,5,CAP-G600-B15-e0.9,capped,600.0,15.0,0.9,0.0,600.0,50.42765733999999,154.718352,0.8163975611698023,109.03421522,37.2474281599999
2,1,5,CAP-G600-B15-e0.95,capped,600.0,15.0,0.95,0.0,600.0,50.09288397999994,154.718352,0.8210610009713392,109.03421522,37.2474281599999
2,1,5,CAP-G600-B30-e0,capped,600.0,30.0,0.0,0.0,163.5,102.75786855999998,61.821694,0.08743038819600861,109.03421522,37.2474281599999
2,1,5,CAP-G600-B30-e0.25,capped,600.0,30.0,0.25,0.0,218.0,69.4811621599997,75.44146,0.5509795699164175,109.03421522,37.2474281599999
2,1,5,CAP-G600-B30-e0.5,capped,600.0,30.0,0.5,0.0,327.0,55.9134062799997,83.60618600000001,0.7399803099643031,109.03421522,37.2474281599999
2,1,5,CAP-G600-B30-e0.75,capped,600.0,30.0,0.75,0.0,600.0,51.39441865999984,115.591116,0.8029304405534161,109.03421522,37.2474281599999
2,1,5,CAP-G600-B30-e0.9,capped,600.0,30.0,0.9,0.0,600.0,50.27412943999995,154.718352,0.8185362263237633,109.03421522,37.2474281599999
2,1,5,CAP-G600-B30-e0.95,capped,600.0,30.0,0.95,0.0,600.0,50.10827715999996,243.88524099999998,0.8208465718175848,109.03421522,37.2474281599999
2,1,5,CAP-G600-B60-e0,capped,600.0,60.0,0.0,0.0,171.0,96.62098801999993,65.85234100000001,0.1729179938033021,109.03421522,37.2474281599999
2,1,5,CAP-G600-B60-e0.25,capped,600.0,60.0,0.25,0.0,228.0,65.70197721999992,77.768962,0.603624145537849,109.03421522,37.2474281599999
2,1,5,CAP-G600-B60-e0.5,capped,600.0,60.0,0.5,0.0,342.0,55.40121651999993,83.60618600000001,0.7471151850712177,109.03421522,37.2474281599999
2,1,5,CAP-G600-B60-e0.75,capped,600.0,60.0,0.75,0.0,600.0,51.08670455999985,121.59243699999999,0.8072169410725549,109.03421522,37.2474281599999
2,1,5,CAP-G600-B60-e0.9,capped,600.0,60.0,0.9,0.0,600.0,50.105071519999996,202.13318700000002,0.8208912268318465,109.03421522,37.2474281599999
2,1,5,CAP-G600-B60-e0.95,capped,600.0,60.0,0.95,0.0,600.0,50.11152311999997,261.701673,0.8208013551400742,109.03421522,37.2474281599999
2,1,5,CAP-G600-B120-e0,capped,600.0,120.0,0.0,0.0,186.0,85.01758427999997,81.04129999999999,0.33455503336465936,109.03421522,37.2474281599999
2,1,5,CAP-G600-B120-e0.25,capped,600.0,120.0,0.25,0.0,248.0,62.466472659999894,83.60618600000001,0.6486951773044018,109.03421522,37.2474281599999
2,1,5,CAP-G600-B120-e0.5,capped,600.0,120.0,0.5,0.0,372.0,53.72923511999986,115.56306699999999,0.7704061201927827,109.03421522,37.2474281599999
2,1,5,CAP-G600-B120-e0.75,capped,600.0,120.0,0.75,0.0,600.0,50.57203449999998,154.90425100000002,0.8143863671059237,109.03421522,37.2474281599999
2,1,5,CAP-G600-B120-e0.9,capped,600.0,120.0,0.9,0.0,600.0,50.11152311999997,261.701673,0.8208013551400742,109.03421522,37.2474281599999
2,1,5,CAP-G600-B120-e0.95,capped,600.0,120.0,0.95,0.0,600.0,50.11152311999997,261.701673,0.8208013551400742,109.03421522,37.2474281599999
2,1,5,CAP-G600-B240-e0,capped,600.0,240.0,0.0,0.0,216.0,70.91333031999994,90.176302,0.5310292668222948,109.03421522,37.2474281599999
2,1,5,CAP-G600-B240-e0.25,capped,600.0,240.0,0.25,0.0,288.0,56.442479059999975,120.647886,0.7326102520237232,109.03421522,37.2474281599999
2,1,5,CAP-G600-B240-e0.5,capped,600.0,240.0,0.5,0.0,432.0,51.63821259999994,154.88154400000002,0.7995343568173335,109.03421522,37.2474281599999
2,1,5,CAP-G600-B240-e0.75,capped,600.0,240.0,0.75,0.0,600.0,50.04547327999998,243.88524099999998,0.8217214386638678,109.03421522,37.2474281599999
2,1,5,CAP-G600-B240-e0.9,capped,600.0,240.0,0.9,0.0,600.0,50.11152311999997,261.701673,0.8208013551400742,109.03421522,37.2474281599999
2,1,5,CAP-G600-B240-e0.95,capped,600.0,240.0,0.95,0.0,600.0,50.11152311999997,261.701673,0.8208013551400742,109.03421522,37.2474281599999
2,1,5,CAP-G600-B360-e0,capped,600.0,360.0,0.0,0.0,246.0,62.0085104,120.647886,0.6550746557398571,109.03421522,37.2474281599999
2,1,5,CAP-G600-B360-e0.25,capped,600.0,360.0,0.25,0.0,328.0,53.58634431999999,154.674011,0.7723966090536429,109.03421522,37.2474281599999
2,1,5,CAP-G600-B360-e0.5,capped,600.0,360.0,0.5,0.0,492.0,50.75234425999999,214.033991,0.8118746268904256,109.03421522,37.2474281599999
2,1,5,CAP-G600-B360-e0.75,capped,600.0,360.0,0.75,0.0,600.0,50.11718329999997,261.701673,0.8207225080397678,109.03421522,37.2474281599999
2,1,5,CAP-G600-B360-e0.9,capped,600.0,360.0,0.9,0.0,600.0,50.11152311999997,261.701673,0.8208013551400742,109.03421522,37.2474281599999
2,1,5,CAP-G600-B360-e0.95,capped,600.0,360.0,0.95,0.0,600.0,50.11152311999997,261.701673,0.8208013551400742,109.03421522,37.2474281599999
2,1,5,CAP-G600-B480-e0,capped,600.0,480.0,0.0,0.0,276.0,57.995208059999875,154.64185799999998,0.7109805195396365,109.03421522,37.2474281599999
2,1,5,CAP-G600-B480-e0.25,capped,600.0,480.0,0.25,0.0,368.0,52.01132903999995,162.23627499999998,0.7943367925401058,109.03421522,37.2474281599999
2,1,5,CAP-G600-B480-e0.5,capped,600.0,480.0,0.5,0.0,552.0,50.47837895999999,243.88524099999998,0.8156910018978627,109.03421522,37.2474281599999
2,1,5,CAP-G600-B480-e0.75,capped,600.0,480.0,0.75,0.0,600.0,50.11152311999997,261.701673,0.8208013551400742,109.03421522,37.2474281599999
2,1,5,CAP-G600-B480-e0.9,capped,600.0,480.0,0.9,0.0,600.0,50.11152311999997,261.701673,0.8208013551400742,109.03421522,37.2474281599999
2,1,5,CAP-G600-B480-e0.95,capped,600.0,480.0,0.95,0.0,600.0,50.11152311999997,261.701673,0.8208013551400742,109.03421522,37.2474281599999
2,1,5,CAP-G600-B600-e0,capped,600.0,600.0,0.0,0.0,306.0,55.44513975999989,162.20863799999998,0.7465033281850298,109.03421522,37.2474281599999
2,1,5,CAP-G600-B600-e0.25,capped,600.0,600.0,0.25,0.0,408.0,51.35726825999999,214.053419,0.8034479508296289,109.03421522,37.2474281599999
2,1,5,CAP-G600-B600-e0.5,capped,600.0,600.0,0.5,0.0,600.0,50.14125201999998,261.701673,0.8203872273985002,109.03421522,37.2474281599999
2,1,5,CAP-G600-B600-e0.75,capped,600.0,600.0,0.75,0.0,600.0,50.11152311999997,261.701673,0.8208013551400742,109.03421522,37.2474281599999
2,1,5,CAP-G600-B600-e0.9,capped,600.0,600.0,0.9,0.0,600.0,50.11152311999997,261.701673,0.8208013551400742,109.03421522,37.2474281599999
2,1,5,CAP-G600-B600-e0.95,capped,600.0,600.0,0.95,0.0,600.0,50.11152311999997,261.701673,0.8208013551400742,109.03421522,37.2474281599999
2,1,5,HYB-G600-B0-g1-e0,hybrid,600.0,0.0,0.0,1.0,600.0,74.02691681999998,61.79017,0.4876565707104369,109.03421522,37.2474281599999
2,1,5,HYB-G600-B0-g1-e0.9,hybrid,600.0,0.0,0.9,1.0,600.0,50.172035419999936,154.718352,0.8199584103242074,109.03421522,37.2474281599999
2,1,5,HYB-G600-B0-g4-e0,hybrid,600.0,0.0,0.0,4.0,600.0,59.748472059999976,61.362621,0.6865573064135955,109.03421522,37.2474281599999
2,1,5,HYB-G600-B0-g4-e0.9,hybrid,600.0,0.0,0.9,4.0,600.0,50.105071519999996,157.59808500000003,0.8208912268318465,109.03421522,37.2474281599999
2,1,5,HYB-G600-B0-g16-e0,hybrid,600.0,0.0,0.0,16.0,600.0,51.17621972,62.566662,0.805969982354019,109.03421522,37.2474281599999
2,1,5,HYB-G600-B0-g16-e0.9,hybrid,600.0,0.0,0.9,16.0,600.0,50.11190993999997,244.004653,0.8207959666832866,109.03421522,37.2474281599999
2,1,5,HYB-G600-B30-g1-e0,hybrid,600.0,30.0,0.0,1.0,600.0,70.47494805999983,61.831383,0.5371359931148882,109.03421522,37.2474281599999
2,1,5,HYB-G600-B30-g1-e0.9,hybrid,600.0,30.0,0.9,1.0,600.0,50.12230687999999,156.806714,0.8206511358526306,109.03421522,37.2474281599999
2,1,5,HYB-G600-B30-g4-e0,hybrid,600.0,30.0,0.0,4.0,600.0,57.336241759999965,62.063398,0.7201600124099489,109.03421522,37.2474281599999
2,1,5,HYB-G600-B30-g4-e0.9,hybrid,600.0,30.0,0.9,4.0,600.0,50.11749747999998,211.398156,0.8207181314683557,109.03421522,37.2474281599999
2,1,5,HYB-G600-B30-g16-e0,hybrid,600.0,30.0,0.0,16.0,600.0,50.94317495999989,79.405704,0.8092163285069027,109.03421522,37.2474281599999
2,1,5,HYB-G600-B30-g16-e0.9,hybrid,600.0,30.0,0.9,16.0,600.0,50.11152311999997,246.721275,0.8208013551400742,109.03421522,37.2474281599999
2,1,5,HYB-G600-B120-g1-e0,hybrid,600.0,120.0,0.0,1.0,600.0,64.50878749999997,81.04129999999999,0.6202454454854657,109.03421522,37.2474281599999
2,1,5,HYB-G600-B120-g1-e0.9,hybrid,600.0,120.0,0.9,1.0,600.0,50.11152311999997,261.701673,0.8208013551400742,109.03421522,37.2474281599999
2,1,5,HYB-G600-B120-g4-e0,hybrid,600.0,120.0,0.0,4.0,600.0,54.88651421999979,81.04129999999999,0.7542850602123066,109.03421522,37.2474281599999
2,1,5,HYB-G600-B120-g4-e0.9,hybrid,600.0,120.0,0.9,4.0,600.0,50.11152311999997,261.701673,0.8208013551400742,109.03421522,37.2474281599999
2,1,5,HYB-G600-B120-g16-e0,hybrid,600.0,120.0,0.0,16.0,600.0,50.744107339999985,94.212581,0.8119893683398948,109.03421522,37.2474281599999
2,1,5,HYB-G600-B120-g16-e0.9,hybrid,600.0,120.0,0.9,16.0,600.0,50.11152311999997,261.701673,0.8208013551400742,109.03421522,37.2474281599999
2,1,5,CAP-G1200-B0-e0,capped,1200.0,0.0,0.0,0.0,156.0,109.03421522,0.0,0.0,109.03421522,37.2474281599999
2,1,5,CAP-G1200-B0-e0.25,capped,1200.0,0.0,0.25,0.0,208.0,77.42454211999987,88.784307,0.4403271743249973,109.03421522,37.2474281599999
2,1,5,CAP-G1200-B0-e0.5,capped,1200.0,0.0,0.5,0.0,312.0,57.26459247999997,110.86093000000001,0.7211580969173403,109.03421522,37.2474281599999
2,1,5,CAP-G1200-B0-e0.75,capped,1200.0,0.0,0.75,0.0,624.0,51.42823043999989,83.60618600000001,0.8024594377214912,109.03421522,37.2474281599999
2,1,5,CAP-G1200-B0-e0.9,capped,1200.0,0.0,0.9,0.0,1200.0,49.85708163999993,154.718352,0.824345760599917,109.03421522,37.2474281599999
2,1,5,CAP-G1200-B0-e0.95,capped,1200.0,0.0,0.95,0.0,1200.0,49.19272243999996,154.718352,0.8336003773226949,109.03421522,37.2474281599999
2,1,5,CAP-G1200-B15-e0.25,capped,1200.0,15.0,0.25,0.0,213.0,71.09067929999998,75.44146,0.5285587706869572,109.03421522,37.2474281599999
2,1,5,CAP-G1200-B15-e0.5,capped,1200.0,15.0,0.5,0.0,319.5,56.20211717999999,83.60618600000001,0.7359585266832241,109.03421522,37.2474281599999
2,1,5,CAP-G1200-B15-e0.75,capped,1200.0,15.0,0.75,0.0,639.0,50.882270879999965,115.56306699999999,0.8100647308730514,109.03421522,37.2474281599999
2,1,5,CAP-G1200-B15-e0.9,capped,1200.0,15.0,0.9,0.0,1200.0,49.504457739999985,154.718352,0.8292578609242458,109.03421522,37.2474281599999
2,1,5,CAP-G1200-B15-e0.95,capped,1200.0,15.0,0.95,0.0,1200.0,49.13344577999993,154.718352,0.834426109500268,109.03421522,37.2474281599999
2,1,5,CAP-G1200-B30-e0.25,capped,1200.0,30.0,0.25,0.0,218.0,69.4811621599997,75.44146,0.5509795699164175,109.03421522,37.2474281599999
2,1,5,CAP-G1200-B30-e0.5,capped,1200.0,30.0,0.5,0.0,327.0,55.34445051999997,83.60618600000001,0.747905943403284,109.03421522,37.2474281599999
2,1,5,CAP-G1200-B30-e0.75,capped,1200.0,30.0,0.75,0.0,654.0,50.84827594,115.591116,0.8105382851494332,109.03421522,37.2474281599999
2,1,5,CAP-G1200-B30-e0.9,capped,1200.0,30.0,0.9,0.0,1200.0,49.297065659999994,154.718352,0.8321468616511714,109.03421522,37.2474281599999
2,1,5,CAP-G1200-B30-e0.95,capped,1200.0,30.0,0.95,0.0,1200.0,49.06099429999999,243.88524099999998,0.835435368766035,109.03421522,37.2474281599999
2,1,5,CAP-G1200-B60-e0.25,capped,1200.0,60.0,0.25,0.0,228.0,65.70197721999992,77.768962,0.603624145537849,109.03421522,37.2474281599999
2,1,5,CAP-G1200-B60-e0.5,capped,1200.0,60.0,0.5,0.0,342.0,54.94200419999989,83.60618600000001,0.7535120770175897,109.03421522,37.2474281599999
2,1,5,CAP-G1200-B60-e0.75,capped,1200.0,60.0,0.75,0.0,684.0,50.41514417999997,121.59243699999999,0.816571871241509,109.03421522,37.2474281599999
2,1,5,CAP-G1200-B60-e0.9,capped,1200.0,60.0,0.9,0.0,1200.0,49.05787373999989,202.13318700000002,0.8354788386039801,109.03421522,37.2474281599999
2,1,5,CAP-G1200-B60-e0.95,capped,1200.0,60.0,0.95,0.0,1200.0,49.06582589999983,261.701673,0.8353680639012023,109.03421522,37.2474281599999
2,1,5,CAP-G1200-B120-e0.25,capped,1200.0,120.0,0.25,0.0,248.0,62.466472659999894,83.60618600000001,0.6486951773044018,109.03421522,37.2474281599999
2,1,5,CAP-G1200-B120-e0.5,capped,1200.0,120.0,0.5,0.0,372.0,53.190779339999985,115.56306699999999,0.7779068846377749,109.03421522,37.2474281599999
2,1,5,CAP-G1200-B120-e0.75,capped,1200.0,120.0,0.75,0.0,744.0,49.67673589999995,154.90425100000002,0.8268580020218552,109.03421522,37.2474281599999
2,1,5,CAP-G1200-B120-e0.9,capped,1200.0,120.0,0.9,0.0,1200.0,49.12987599999996,261.701673,0.8344758370357404,109.03421522,37.2474281599999
2,1,5,CAP-G1200-B120-e0.95,capped,1200.0,120.0,0.95,0.0,1200.0,49.071023139999966,261.701673,0.835295665619945,109.03421522,37.2474281599999
2,1,5,CAP-G1200-B240-e0.25,capped,1200.0,240.0,0.25,0.0,288.0,56.447500839999954,120.647886,0.7325402979248472,109.03421522,37.2474281599999
2,1,5,CAP-G1200-B240-e0.5,capped,1200.0,240.0,0.5,0.0,432.0,51.06608094,154.88154400000002,0.8075042309882132,109.03421522,37.2474281599999
2,1,5,CAP-G1200-B240-e0.75,capped,1200.0,240.0,0.75,0.0,864.0,49.03809047999998,243.88524099999998,0.8357544221871174,109.03421522,37.2474281599999
2,1,5,CAP-G1200-B240-e0.9,capped,1200.0,240.0,0.9,0.0,1200.0,49.071023139999966,261.701673,0.835295665619945,109.03421522,37.2474281599999
2,1,5,CAP-G1200-B240-e0.95,capped,1200.0,240.0,0.95,0.0,1200.0,49.071023139999966,261.701673,0.835295665619945,109.03421522,37.2474281599999
2,1,5,CAP-G1200-B360-e0.25,capped,1200.0,360.0,0.25,0.0,328.0,53.550177519999934,154.674011,0.7729004176440709,109.03421522,37.2474281599999
2,1,5,CAP-G1200-B360-e0.5,capped,1200.0,360.0,0.5,0.0,492.0,50.22722687999998,214.033991,0.8191895855549094,109.03421522,37.2474281599999
2,1,5,CAP-G1200-B360-e0.75,capped,1200.0,360.0,0.75,0.0,984.0,49.12509021999999,261.701673,0.834542503621556,109.03421522,37.2474281599999
2,1,5,CAP-G1200-B360-e0.9,capped,1200.0,360.0,0.9,0.0,1200.0,49.071023139999966,261.701673,0.835295665619945,109.03421522,37.2474281599999
2,1,5,CAP-G1200-B360-e0.95,capped,1200.0,360.0,0.95,0.0,1200.0,49.071023139999966,261.701673,0.835295665619945,109.03421522,37.2474281599999
2,1,5,CAP-G1200-B480-e0.25,capped,1200.0,480.0,0.25,0.0,368.0,52.019460619999954,162.23627499999998,0.7942235184915931,109.03421522,37.2474281599999
2,1,5,CAP-G1200-B480-e0.5,capped,1200.0,480.0,0.5,0.0,552.0,49.76288767999998,243.88524099999998,0.8256578956578801,109.03421522,37.2474281599999
2,1,5,CAP-G1200-B480-e0.75,capped,1200.0,480.0,0.75,0.0,1104.0,49.07815622,261.701673,0.8351963008163068,109.03421522,37.2474281599999
2,1,5,CAP-G1200-B480-e0.9,capped,1200.0,480.0,0.9,0.0,1200.0,49.071023139999966,261.701673,0.835295665619945,109.03421522,37.2474281599999
2,1,5,CAP-G1200-B480-e0.95,capped,1200.0,480.0,0.95,0.0,1200.0,49.071023139999966,261.701673,0.835295665619945,109.03421522,37.2474281599999
2,1,5,CAP-G1200-B600-e0.25,capped,1200.0,600.0,0.25,0.0,408.0,51.306114559999955,214.053419,0.804160529036497,109.03421522,37.2474281599999
2,1,5,CAP-G1200-B600-e0.5,capped,1200.0,600.0,0.5,0.0,612.0,49.326794259999936,261.701673,0.8317327380886403,109.03421522,37.2474281599999
2,1,5,CAP-G1200-B600-e0.75,capped,1200.0,600.0,0.75,0.0,1200.0,49.04507983999991,261.701673,0.8356570594232137,109.03421522,37.2474281599999
2,1,5,CAP-G1200-B600-e0.9,capped,1200.0,600.0,0.9,0.0,1200.0,49.071023139999966,261.701673,0.835295665619945,109.03421522,37.2474281599999
2,1,5,CAP-G1200-B600-e0.95,capped,1200.0,600.0,0.95,0.0,1200.0,49.071023139999966,261.701673,0.835295665619945,109.03421522,37.2474281599999
2,1,5,HYB-G1200-B0-g1-e0,hybrid,1200.0,0.0,0.0,1.0,1200.0,74.02499649999997,61.79017,0.4876833210370451,109.03421522,37.2474281599999
2,1,5,HYB-G1200-B0-g1-e0.9,hybrid,1200.0,0.0,0.9,1.0,1200.0,49.12373531999996,154.718352,0.8345613775683577,109.03421522,37.2474281599999
2,1,5,HYB-G1200-B0-g4-e0,hybrid,1200.0,0.0,0.0,4.0,1200.0,59.30051781999998,61.362621,0.6927973717284784,109.03421522,37.2474281599999
2,1,5,HYB-G1200-B0-g4-e0.9,hybrid,1200.0,0.0,0.9,4.0,1200.0,49.06727961999997,157.59808500000003,0.8353478133779559,109.03421522,37.2474281599999
2,1,5,HYB-G1200-B0-g16-e0,hybrid,1200.0,0.0,0.0,16.0,1200.0,50.44653027999995,62.566662,0.8161346584717866,109.03421522,37.2474281599999
2,1,5,HYB-G1200-B0-g16-e0.9,hybrid,1200.0,0.0,0.9,16.0,1200.0,49.07392225999998,244.004653,0.8352552804722214,109.03421522,37.2474281599999
2,1,5,HYB-G1200-B30-g1-e0,hybrid,1200.0,30.0,0.0,1.0,1200.0,70.47249431999997,61.831383,0.5371701740568187,109.03421522,37.2474281599999
2,1,5,HYB-G1200-B30-g1-e0.9,hybrid,1200.0,30.0,0.9,1.0,1200.0,49.04389627999999,156.806714,0.8356735465798115,109.03421522,37.2474281599999
2,1,5,HYB-G1200-B30-g4-e0,hybrid,1200.0,30.0,0.0,4.0,1200.0,57.03471459999996,62.063398,0.7243603279881902,109.03421522,37.2474281599999
2,1,5,HYB-G1200-B30-g4-e0.9,hybrid,1200.0,30.0,0.9,4.0,1200.0,49.06582589999983,211.398156,0.8353680639012023,109.03421522,37.2474281599999
2,1,5,HYB-G1200-B30-g16-e0,hybrid,1200.0,30.0,0.0,16.0,1200.0,50.284500099999946,79.405704,0.8183917615771892,109.03421522,37.2474281599999
2,1,5,HYB-G1200-B30-g16-e0.9,hybrid,1200.0,30.0,0.9,16.0,1200.0,49.077410359999966,246.721275,0.835206690750591,109.03421522,37.2474281599999
2,1,5,HYB-G1200-B120-g1-e0,hybrid,1200.0,120.0,0.0,1.0,1200.0,64.50347237999993,81.04129999999999,0.620319485851635,109.03421522,37.2474281599999
2,1,5,HYB-G1200-B120-g1-e0.9,hybrid,1200.0,120.0,0.9,1.0,1200.0,49.04212119999997,261.701673,0.835698273692874,109.03421522,37.2474281599999
2,1,5,HYB-G1200-B120-g4-e0,hybrid,1200.0,120.0,0.0,4.0,1200.0,54.55499341999993,81.04129999999999,0.7589031913974057,109.03421522,37.2474281599999
2,1,5,HYB-G1200-B120-g4-e0.9,hybrid,1200.0,120.0,0.9,4.0,1200.0,49.04212119999997,261.701673,0.835698273692874,109.03421522,37.2474281599999
2,1,5,HYB-G1200-B120-g16-e0,hybrid,1200.0,120.0,0.0,16.0,1200.0,50.02579933999999,94.212581,0.8219954994040922,109.03421522,37.2474281599999
2,1,5,HYB-G1200-B120-g16-e0.9,hybrid,1200.0,120.0,0.9,16.0,1200.0,49.071023139999966,261.701673,0.835295665619945,109.03421522,37.2474281599999
2,2,4,SJF,reference,-1.0,-1.0,-1.0,-1.0,inf,45.121356399999996,297.164113,1.0,212.460601,45.121356399999996
2,2,4,SPJF-E,reference,-1.0,-1.0,-1.0,-1.0,inf,67.67520855999982,1339.341703,0.8652207841985213,212.460601,45.121356399999996
2,2,4,FIX-B15,fixed,-1.0,15.0,0.0,0.0,153.75,213.61453403999974,56.667799,-0.006895770581240824,212.460601,45.121356399999996
2,2,4,FIX-B17.99,fixed,-1.0,17.99,0.0,0.0,154.4975,214.2849544799998,62.077527,-0.010902125704945451,212.460601,45.121356399999996
2,2,4,FIX-B21.576,fixed,-1.0,21.576,0.0,0.0,155.394,214.036552,62.077527,-0.009417701172053716,212.460601,45.121356399999996
2,2,4,FIX-B25.877,fixed,-1.0,25.877,0.0,0.0,156.46925,214.15161669999992,62.077527,-0.010105314530623398,212.460601,45.121356399999996
2,2,4,FIX-B30,fixed,-1.0,30.0,0.0,0.0,157.5,214.17740977999966,62.077527,-0.010259450997902179,212.460601,45.121356399999996
2,2,4,FIX-B31.035,fixed,-1.0,31.035,0.0,0.0,157.75875,214.18416845999997,62.077527,-0.010299840089035336,212.460601,45.121356399999996
2,2,4,FIX-B37.222,fixed,-1.0,37.222,0.0,0.0,159.3055,214.5748263999999,62.077527,-0.012634366822042506,212.460601,45.121356399999996
2,2,4,FIX-B44.641,fixed,-1.0,44.641,0.0,0.0,161.16025,214.51160483999988,62.077527,-0.012256562080834678,212.460601,45.121356399999996
2,2,4,FIX-B53.54,fixed,-1.0,53.54,0.0,0.0,163.385,214.8100563999999,73.95731400000001,-0.014040074135723073,212.460601,45.121356399999996
2,2,4,FIX-B60,fixed,-1.0,60.0,0.0,0.0,165.0,214.26433091999994,73.95731400000001,-0.010778881692166658,212.460601,45.121356399999996
2,2,4,FIX-B64.212,fixed,-1.0,64.212,0.0,0.0,166.053,213.2703759399999,73.95731400000001,-0.0048391215218853536,212.460601,45.121356399999996
2,2,4,FIX-B77.012,fixed,-1.0,77.012,0.0,0.0,169.253,212.198164,77.015882,0.0015682932035896472,212.460601,45.121356399999996
2,2,4,FIX-B92.363,fixed,-1.0,92.363,0.0,0.0,173.09075,211.27736669999967,77.015882,0.007070871527050757,212.460601,45.121356399999996
2,2,4,FIX-B110.774,fixed,-1.0,110.774,0.0,0.0,177.6935,209.7720447399997,77.191123,0.016066501712894053,212.460601,45.121356399999996
2,2,4,FIX-B120,fixed,-1.0,120.0,0.0,0.0,180.0,207.9214889799998,81.280832,0.027125209217062542,212.460601,45.121356399999996
2,2,4,FIX-B132.855,fixed,-1.0,132.855,0.0,0.0,183.21375,204.17238931999933,84.30562,0.04952939580797337,212.460601,45.121356399999996
2,2,4,FIX-B159.338,fixed,-1.0,159.338,0.0,0.0,189.8345,196.51907915999985,113.709435,0.09526469345613472,212.460601,45.121356399999996
2,2,4,FIX-B191.099,fixed,-1.0,191.099,0.0,0.0,197.77474999999998,192.60142591999946,122.158704,0.11867613677515394,212.460601,45.121356399999996
2,2,4,FIX-B229.192,fixed,-1.0,229.192,0.0,0.0,207.298,181.8469574199999,122.564115,0.18294359851556355,212.460601,45.121356399999996
2,2,4,FIX-B240,fixed,-1.0,240.0,0.0,0.0,210.0,179.26563215999914,122.564115,0.19836930015638934,212.460601,45.121356399999996
2,2,4,FIX-B274.878,fixed,-1.0,274.878,0.0,0.0,218.71949999999998,175.23310101999965,127.604732,0.22246724053874656,212.460601,45.121356399999996
2,2,4,FIX-B329.671,fixed,-1.0,329.671,0.0,0.0,232.41775,165.00468853999965,127.635622,0.2835910522569692,212.460601,45.121356399999996
2,2,4,FIX-B360,fixed,-1.0,360.0,0.0,0.0,240.0,160.8066043399999,133.232268,0.30867831860644185,212.460601,45.121356399999996
2,2,4,FIX-B395.386,fixed,-1.0,395.386,0.0,0.0,248.8465,158.01088769999996,144.640751,0.32538519837444063,212.460601,45.121356399999996
2,2,4,FIX-B474.201,fixed,-1.0,474.201,0.0,0.0,268.55025,146.14130855999952,175.833349,0.39631643251723203,212.460601,45.121356399999996
2,2,4,FIX-B480,fixed,-1.0,480.0,0.0,0.0,270.0,144.99370957999994,175.833349,0.4031743514874218,212.460601,45.121356399999996
2,2,4,FIX-B568.726,fixed,-1.0,568.726,0.0,0.0,292.1815,132.7248624799992,184.184159,0.4764915648483859,212.460601,45.121356399999996
2,2,4,FIX-B600,fixed,-1.0,600.0,0.0,0.0,300.0,128.1828434799998,184.184159,0.5036341458422012,212.460601,45.121356399999996
2,2,4,FIX-B682.093,fixed,-1.0,682.093,0.0,0.0,320.52324999999996,117.46372127999845,195.62473599999998,0.5676903821759067,212.460601,45.121356399999996
2,2,4,FIX-B818.058,fixed,-1.0,818.058,0.0,0.0,354.5145,106.34991577999995,233.57762400000001,0.6341052003290808,212.460601,45.121356399999996
2,2,4,FIX-B981.126,fixed,-1.0,981.126,0.0,0.0,395.2815,100.55095843999986,267.859531,0.6687590996810329,212.460601,45.121356399999996
2,2,4,FIX-B1176.7,fixed,-1.0,1176.699,0.0,0.0,444.17475,92.13373299999988,325.61713000000003,0.7190594668191786,212.460601,45.121356399999996
2,2,4,FIX-B1411.26,fixed,-1.0,1411.256,0.0,0.0,502.814,87.32293685999997,384.62185700000003,0.7478082289610146,212.460601,45.121356399999996
2,2,4,FIX-B1692.57,fixed,-1.0,1692.569,0.0,0.0,573.14225,81.04617593999983,442.815679,0.7853174273263103,212.460601,45.121356399999996
2,2,4,FIX-B2029.96,fixed,-1.0,2029.958,0.0,0.0,657.4895,78.38749049999973,527.141132,0.8012054244686143,212.460601,45.121356399999996
2,2,4,FIX-B2434.6,fixed,-1.0,2434.6,0.0,0.0,758.65,76.23061599999983,629.581209,0.8140946573867835,212.460601,45.121356399999996
2,2,4,FIX-B2919.9,fixed,-1.0,2919.901,0.0,0.0,879.97525,75.4873412599998,751.0409689999999,0.8185363813934666,212.460601,45.121356399999996
2,2,4,FIX-B3501.94,fixed,-1.0,3501.94,0.0,0.0,1025.4850000000001,74.13931295999993,924.0479869999999,0.8265920428327311,212.460601,45.121356399999996
2,2,4,FIX-B4200,fixed,-1.0,4200.0,0.0,0.0,1200.0,72.82624826,1075.1785240000002,0.8344387658362836,212.460601,45.121356399999996
2,2,4,FIXEQ-G300,fixed,300.0,inf,0.0,0.0,300.0,128.1828434799998,184.184159,0.5036341458422012,212.460601,45.121356399999996
2,2,4,CAP-G300-B0-e0,capped,300.0,0.0,0.0,0.0,150.0,212.460601,0.0,0.0,212.460601,45.121356399999996
2,2,4,CAP-G300-B0-e0.25,capped,300.0,0.0,0.25,0.0,200.0,174.1940525599993,88.804363,0.22867647413773906,212.460601,45.121356399999996
2,2,4,CAP-G300-B0-e0.5,capped,300.0,0.0,0.5,0.0,300.0,128.84208247999962,104.99974800000001,0.49969460971261237,212.460601,45.121356399999996
2,2,4,CAP-G300-B0-e0.75,capped,300.0,0.0,0.75,0.0,300.0,124.39754863999966,161.810163,0.5262546306486694,212.460601,45.121356399999996
2,2,4,CAP-G300-B0-e0.9,capped,300.0,0.0,0.9,0.0,300.0,125.82634951999935,187.36818200000002,0.5177162815996161,212.460601,45.121356399999996
2,2,4,CAP-G300-B0-e0.95,capped,300.0,0.0,0.95,0.0,300.0,127.36244901999973,187.36818200000002,0.5085367283891771,212.460601,45.121356399999996
2,2,4,CAP-G300-B15-e0,capped,300.0,15.0,0.0,0.0,153.75,213.61453403999974,56.667799,-0.006895770581240824,212.460601,45.121356399999996
2,2,4,CAP-G300-B15-e0.25,capped,300.0,15.0,0.25,0.0,205.0,161.49107094000001,73.959759,0.3045880252527445,212.460601,45.121356399999996
2,2,4,CAP-G300-B15-e0.5,capped,300.0,15.0,0.5,0.0,300.0,127.07056201999997,124.486727,0.510281011391634,212.460601,45.121356399999996
2,2,4,CAP-G300-B15-e0.75,capped,300.0,15.0,0.75,0.0,300.0,123.75628759999937,161.810163,0.5300867325655456,212.460601,45.121356399999996
2,2,4,CAP-G300-B15-e0.9,capped,300.0,15.0,0.9,0.0,300.0,126.7807145399997,184.872382,0.5120131064581147,212.460601,45.121356399999996
2,2,4,CAP-G300-B15-e0.95,capped,300.0,15.0,0.95,0.0,300.0,128.04695062,184.184159,0.5044462258795209,212.460601,45.121356399999996
2,2,4,CAP-G300-B30-e0,capped,300.0,30.0,0.0,0.0,157.5,214.17740977999966,62.077527,-0.010259450997902179,212.460601,45.121356399999996
2,2,4,CAP-G300-B30-e0.25,capped,300.0,30.0,0.25,0.0,210.0,157.51061735999983,77.191123,0.3283747561508962,212.460601,45.121356399999996
2,2,4,CAP-G300-B30-e0.5,capped,300.0,30.0,0.5,0.0,300.0,127.573717,122.74050100000001,0.5072742153396813,212.460601,45.121356399999996
2,2,4,CAP-G300-B30-e0.75,capped,300.0,30.0,0.75,0.0,300.0,124.68549491999968,177.51861699999998,0.5245338969338237,212.460601,45.121356399999996
2,2,4,CAP-G300-B30-e0.9,capped,300.0,30.0,0.9,0.0,300.0,127.76591651999966,184.184159,0.5061256532049645,212.460601,45.121356399999996
2,2,4,CAP-G300-B30-e0.95,capped,300.0,30.0,0.95,0.0,300.0,128.1828434799998,184.184159,0.5036341458422012,212.460601,45.121356399999996
2,2,4,CAP-G300-B60-e0,capped,300.0,60.0,0.0,0.0,165.0,214.26433091999994,73.95731400000001,-0.010778881692166658,212.460601,45.121356399999996
2,2,4,CAP-G300-B60-e0.25,capped,300.0,60.0,0.25,0.0,220.0,151.73726993999975,77.401459,0.362875613578575,212.460601,45.121356399999996
2,2,4,CAP-G300-B60-e0.5,capped,300.0,60.0,0.5,0.0,300.0,127.39728329999983,122.75569800000001,0.5083285627548493,212.460601,45.121356399999996
2,2,4,CAP-G300-B60-e0.75,capped,300.0,60.0,0.75,0.0,300.0,125.26699605999967,180.68212499999998,0.5210589132777783,212.460601,45.121356399999996
2,2,4,CAP-G300-B60-e0.9,capped,300.0,60.0,0.9,0.0,300.0,128.1828434799998,184.184159,0.5036341458422012,212.460601,45.121356399999996
2,2,4,CAP-G300-B60-e0.95,capped,300.0,60.0,0.95,0.0,300.0,128.1828434799998,184.184159,0.5036341458422012,212.460601,45.121356399999996
2,2,4,CAP-G300-B120-e0,capped,300.0,120.0,0.0,0.0,180.0,207.9214889799998,81.280832,0.027125209217062542,212.460601,45.121356399999996
2,2,4,CAP-G300-B120-e0.25,capped,300.0,120.0,0.25,0.0,240.0,144.4203418799996,122.564115,0.4066007306453468,212.460601,45.121356399999996
2,2,4,CAP-G300-B120-e0.5,capped,300.0,120.0,0.5,0.0,300.0,126.03563375999981,159.604942,0.5164656231512604,212.460601,45.121356399999996
2,2,4,CAP-G300-B120-e0.75,capped,300.0,120.0,0.75,0.0,300.0,128.13717323999987,184.184159,0.5039070659220612,212.460601,45.121356399999996
2,2,4,CAP-G300-B120-e0.9,capped,300.0,120.0,0.9,0.0,300.0,128.1828434799998,184.184159,0.5036341458422012,212.460601,45.121356399999996
2,2,4,CAP-G300-B120-e0.95,capped,300.0,120.0,0.95,0.0,300.0,128.1828434799998,184.184159,0.5036341458422012,212.460601,45.121356399999996
2,2,4,CAP-G300-B240-e0,capped,300.0,240.0,0.0,0.0,210.0,179.26563215999914,122.564115,0.19836930015638934,212.460601,45.121356399999996
2,2,4,CAP-G300-B240-e0.25,capped,300.0,240.0,0.25,0.0,280.0,133.35942635999996,139.29513699999998,0.47269948438622295,212.460601,45.121356399999996
2,2,4,CAP-G300-B240-e0.5,capped,300.0,240.0,0.5,0.0,300.0,128.225113059999,184.184159,0.5033815477137693,212.460601,45.121356399999996
2,2,4,CAP-G300-B240-e0.75,capped,300.0,240.0,0.75,0.0,300.0,128.1828434799998,184.184159,0.5036341458422012,212.460601,45.121356399999996
2,2,4,CAP-G300-B240-e0.9,capped,300.0,240.0,0.9,0.0,300.0,128.1828434799998,184.184159,0.5036341458422012,212.460601,45.121356399999996
2,2,4,CAP-G300-B240-e0.95,capped,300.0,240.0,0.95,0.0,300.0,128.1828434799998,184.184159,0.5036341458422012,212.460601,45.121356399999996
2,2,4,CAP-G300-B360-e0,capped,300.0,360.0,0.0,0.0,240.0,160.8066043399999,133.232268,0.30867831860644185,212.460601,45.121356399999996
2,2,4,CAP-G300-B360-e0.25,capped,300.0,360.0,0.25,0.0,300.0,128.80528437999936,182.956462,0.49991451090846284,212.460601,45.121356399999996
2,2,4,CAP-G300-B360-e0.5,capped,300.0,360.0,0.5,0.0,300.0,128.1828434799998,184.184159,0.5036341458422012,212.460601,45.121356399999996
2,2,4,CAP-G300-B360-e0.75,capped,300.0,360.0,0.75,0.0,300.0,128.1828434799998,184.184159,0.5036341458422012,212.460601,45.121356399999996
2,2,4,CAP-G300-B360-e0.9,capped,300.0,360.0,0.9,0.0,300.0,128.1828434799998,184.184159,0.5036341458422012,212.460601,45.121356399999996
2,2,4,CAP-G300-B360-e0.95,capped,300.0,360.0,0.95,0.0,300.0,128.1828434799998,184.184159,0.5036341458422012,212.460601,45.121356399999996
2,2,4,CAP-G300-B480-e0,capped,300.0,480.0,0.0,0.0,270.0,144.99370957999994,175.833349,0.4031743514874218,212.460601,45.121356399999996
2,2,4,CAP-G300-B480-e0.25,capped,300.0,480.0,0.25,0.0,300.0,128.1828434799998,184.184159,0.5036341458422012,212.460601,45.121356399999996
2,2,4,CAP-G300-B480-e0.5,capped,300.0,480.0,0.5,0.0,300.0,128.1828434799998,184.184159,0.5036341458422012,212.460601,45.121356399999996
2,2,4,CAP-G300-B480-e0.75,capped,300.0,480.0,0.75,0.0,300.0,128.1828434799998,184.184159,0.5036341458422012,212.460601,45.121356399999996
2,2,4,CAP-G300-B480-e0.9,capped,300.0,480.0,0.9,0.0,300.0,128.1828434799998,184.184159,0.5036341458422012,212.460601,45.121356399999996
2,2,4,CAP-G300-B480-e0.95,capped,300.0,480.0,0.95,0.0,300.0,128.1828434799998,184.184159,0.5036341458422012,212.460601,45.121356399999996
2,2,4,HYB-G300-B0-g1-e0,hybrid,300.0,0.0,0.0,1.0,300.0,173.44284377999998,53.992453000000005,0.23316561105116893,212.460601,45.121356399999996
2,2,4,HYB-G300-B0-g1-e0.9,hybrid,300.0,0.0,0.9,1.0,300.0,127.72849721999991,187.36818200000002,0.5063492666202707,212.460601,45.121356399999996
2,2,4,HYB-G300-B0-g4-e0,hybrid,300.0,0.0,0.0,4.0,300.0,146.03808565999984,53.930136000000005,0.39693328064658995,212.460601,45.121356399999996
2,2,4,HYB-G300-B0-g4-e0.9,hybrid,300.0,0.0,0.9,4.0,300.0,128.00518145999953,184.184159,0.5046958335558333,212.460601,45.121356399999996
2,2,4,HYB-G300-B0-g16-e0,hybrid,300.0,0.0,0.0,16.0,300.0,130.14257237999976,77.191123,0.4919230322616159,212.460601,45.121356399999996
2,2,4,HYB-G300-B0-g16-e0.9,hybrid,300.0,0.0,0.9,16.0,300.0,128.18046569999984,184.184159,0.5036483551808753,212.460601,45.121356399999996
2,2,4,HYB-G300-B30-g1-e0,hybrid,300.0,30.0,0.0,1.0,300.0,169.56315695999993,62.077527,0.25635017142894445,212.460601,45.121356399999996
2,2,4,HYB-G300-B30-g1-e0.9,hybrid,300.0,30.0,0.9,1.0,300.0,128.0508612599996,184.184159,0.5044228563465165,212.460601,45.121356399999996
2,2,4,HYB-G300-B30-g4-e0,hybrid,300.0,30.0,0.0,4.0,300.0,143.16461379999998,62.077527,0.41410481662948784,212.460601,45.121356399999996
2,2,4,HYB-G300-B30-g4-e0.9,hybrid,300.0,30.0,0.9,4.0,300.0,128.15621893999983,184.184159,0.5037932510184175,212.460601,45.121356399999996
2,2,4,HYB-G300-B30-g16-e0,hybrid,300.0,30.0,0.0,16.0,300.0,130.5859921399993,88.804363,0.4892732069856655,212.460601,45.121356399999996
2,2,4,HYB-G300-B30-g16-e0.9,hybrid,300.0,30.0,0.9,16.0,300.0,128.1828434799998,184.184159,0.5036341458422012,212.460601,45.121356399999996
2,2,4,HYB-G300-B120-g1-e0,hybrid,300.0,120.0,0.0,1.0,300.0,158.1565620999995,81.280832,0.3245146649837363,212.460601,45.121356399999996
2,2,4,HYB-G300-B120-g1-e0.9,hybrid,300.0,120.0,0.9,1.0,300.0,128.1828434799998,184.184159,0.5036341458422012,212.460601,45.121356399999996
2,2,4,HYB-G300-B120-g4-e0,hybrid,300.0,120.0,0.0,4.0,300.0,133.15827273999903,97.888317,0.47390155518845317,212.460601,45.121356399999996
2,2,4,HYB-G300-B120-g4-e0.9,hybrid,300.0,120.0,0.9,4.0,300.0,128.1828434799998,184.184159,0.5036341458422012,212.460601,45.121356399999996
2,2,4,HYB-G300-B120-g16-e0,hybrid,300.0,120.0,0.0,16.0,300.0,129.28055225999975,122.476381,0.4970743649454734,212.460601,45.121356399999996
2,2,4,HYB-G300-B120-g16-e0.9,hybrid,300.0,120.0,0.9,16.0,300.0,128.1828434799998,184.184159,0.5036341458422012,212.460601,45.121356399999996
2,2,4,FIXEQ-G600,fixed,600.0,inf,0.0,0.0,600.0,80.99251257999988,470.71813000000003,0.7856381133681783,212.460601,45.121356399999996
2,2,4,CAP-G600-B0-e0,capped,600.0,0.0,0.0,0.0,150.0,212.460601,0.0,0.0,212.460601,45.121356399999996
2,2,4,CAP-G600-B0-e0.25,capped,600.0,0.0,0.25,0.0,200.0,170.8690457399994,88.804363,0.24854633089457967,212.460601,45.121356399999996
2,2,4,CAP-G600-B0-e0.5,capped,600.0,0.0,0.5,0.0,300.0,107.89656275999995,104.99974800000001,0.6248626165962747,212.460601,45.121356399999996
2,2,4,CAP-G600-B0-e0.75,capped,600.0,0.0,0.75,0.0,600.0,87.95068399999953,161.810163,0.744056884549845,212.460601,45.121356399999996
2,2,4,CAP-G600-B0-e0.9,capped,600.0,0.0,0.9,0.0,600.0,81.3422230599996,198.95439000000002,0.7835482839271788,212.460601,45.121356399999996
2,2,4,CAP-G600-B0-e0.95,capped,600.0,0.0,0.95,0.0,600.0,81.1272209599999,441.645423,0.7848331116465438,212.460601,45.121356399999996
2,2,4,CAP-G600-B15-e0,capped,600.0,15.0,0.0,0.0,153.75,213.61453403999974,56.667799,-0.006895770581240824,212.460601,45.121356399999996
2,2,4,CAP-G600-B15-e0.25,capped,600.0,15.0,0.25,0.0,205.0,156.49979147999977,73.959759,0.3344153348711855,212.460601,45.121356399999996
2,2,4,CAP-G600-B15-e0.5,capped,600.0,15.0,0.5,0.0,307.5,106.94267771999992,124.486727,0.6305629234327264,212.460601,45.121356399999996
2,2,4,CAP-G600-B15-e0.75,capped,600.0,15.0,0.75,0.0,600.0,87.3644148799998,161.810163,0.7475603611037228,212.460601,45.121356399999996
2,2,4,CAP-G600-B15-e0.9,capped,600.0,15.0,0.9,0.0,600.0,81.95091453999973,262.24139,0.7799108139394593,212.460601,45.121356399999996
2,2,4,CAP-G600-B15-e0.95,capped,600.0,15.0,0.95,0.0,600.0,81.41951171999979,482.609425,0.7830864158209557,212.460601,45.121356399999996
2,2,4,CAP-G600-B30-e0,capped,600.0,30.0,0.0,0.0,157.5,214.17740977999966,62.077527,-0.010259450997902179,212.460601,45.121356399999996
2,2,4,CAP-G600-B30-e0.25,capped,600.0,30.0,0.25,0.0,210.0,151.98050705999995,77.191123,0.36142205664050214,212.460601,45.121356399999996
2,2,4,CAP-G600-B30-e0.5,capped,600.0,30.0,0.5,0.0,315.0,105.76014839999999,122.74050100000001,0.6376295820807117,212.460601,45.121356399999996
2,2,4,CAP-G600-B30-e0.75,capped,600.0,30.0,0.75,0.0,600.0,86.68763725999978,177.51861699999998,0.7516047060009271,212.460601,45.121356399999996
2,2,4,CAP-G600-B30-e0.9,capped,600.0,30.0,0.9,0.0,600.0,82.32081029999995,276.364782,0.7777003595963409,212.460601,45.121356399999996
2,2,4,CAP-G600-B30-e0.95,capped,600.0,30.0,0.95,0.0,600.0,81.16939203999968,470.71813000000003,0.7845811021427326,212.460601,45.121356399999996
2,2,4,CAP-G600-B60-e0,capped,600.0,60.0,0.0,0.0,165.0,214.26433091999994,73.95731400000001,-0.010778881692166658,212.460601,45.121356399999996
2,2,4,CAP-G600-B60-e0.25,capped,600.0,60.0,0.25,0.0,220.0,145.25600187999999,77.401459,0.40160692299432077,212.460601,45.121356399999996
2,2,4,CAP-G600-B60-e0.5,capped,600.0,60.0,0.5,0.0,330.0,103.04431735999981,122.75569800000001,0.6538590747289664,212.460601,45.121356399999996
2,2,4,CAP-G600-B60-e0.75,capped,600.0,60.0,0.75,0.0,600.0,85.91299849999997,180.68212499999998,0.7562338577689506,212.460601,45.121356399999996
2,2,4,CAP-G600-B60-e0.9,capped,600.0,60.0,0.9,0.0,600.0,81.3248409799998,384.639537,0.7836521572298301,212.460601,45.121356399999996
2,2,4,CAP-G600-B60-e0.95,capped,600.0,60.0,0.95,0.0,600.0,80.9979000399996,470.71813000000003,0.7856059185294088,212.460601,45.121356399999996
2,2,4,CAP-G600-B120-e0,capped,600.0,120.0,0.0,0.0,180.0,207.9214889799998,81.280832,0.027125209217062542,212.460601,45.121356399999996
2,2,4,CAP-G600-B120-e0.25,capped,600.0,120.0,0.25,0.0,240.0,135.35259217999996,122.564115,0.4607885556332913,212.460601,45.121356399999996
2,2,4,CAP-G600-B120-e0.5,capped,600.0,120.0,0.5,0.0,360.0,97.42097533999961,159.604942,0.6874635172101188,212.460601,45.121356399999996
2,2,4,CAP-G600-B120-e0.75,capped,600.0,120.0,0.75,0.0,600.0,83.61679767999988,219.527103,0.7699556886848772,212.460601,45.121356399999996
2,2,4,CAP-G600-B120-e0.9,capped,600.0,120.0,0.9,0.0,600.0,81.02170921999999,470.71813000000003,0.7854636376194087,212.460601,45.121356399999996
2,2,4,CAP-G600-B120-e0.95,capped,600.0,120.0,0.95,0.0,600.0,80.99251257999988,470.71813000000003,0.7856381133681783,212.460601,45.121356399999996
2,2,4,CAP-G600-B240-e0,capped,600.0,240.0,0.0,0.0,210.0,179.26563215999914,122.564115,0.19836930015638934,212.460601,45.121356399999996
2,2,4,CAP-G600-B240-e0.25,capped,600.0,240.0,0.25,0.0,280.0,120.04886617999962,139.29513699999998,0.5522418548075624,212.460601,45.121356399999996
2,2,4,CAP-G600-B240-e0.5,capped,600.0,240.0,0.5,0.0,420.0,91.17074941999999,184.184159,0.7248141454798942,212.460601,45.121356399999996
2,2,4,CAP-G600-B240-e0.75,capped,600.0,240.0,0.75,0.0,600.0,80.59840897999996,325.802687,0.7879932309674119,212.460601,45.121356399999996
2,2,4,CAP-G600-B240-e0.9,capped,600.0,240.0,0.9,0.0,600.0,80.99251257999988,470.71813000000003,0.7856381133681783,212.460601,45.121356399999996
2,2,4,CAP-G600-B240-e0.95,capped,600.0,240.0,0.95,0.0,600.0,80.99251257999988,470.71813000000003,0.7856381133681783,212.460601,45.121356399999996
2,2,4,CAP-G600-B360-e0,capped,600.0,360.0,0.0,0.0,240.0,160.8066043399999,133.232268,0.30867831860644185,212.460601,45.121356399999996
2,2,4,CAP-G600-B360-e0.25,capped,600.0,360.0,0.25,0.0,320.0,105.8583565999999,182.956462,0.6370427012194132,212.460601,45.121356399999996
2,2,4,CAP-G600-B360-e0.5,capped,600.0,360.0,0.5,0.0,480.0,85.96404305999978,219.587864,0.7559288213734425,212.460601,45.121356399999996
2,2,4,CAP-G600-B360-e0.75,capped,600.0,360.0,0.75,0.0,600.0,81.20154873999996,439.48495,0.7843889374172545,212.460601,45.121356399999996
2,2,4,CAP-G600-B360-e0.9,capped,600.0,360.0,0.9,0.0,600.0,80.99251257999988,470.71813000000003,0.7856381133681783,212.460601,45.121356399999996
2,2,4,CAP-G600-B360-e0.95,capped,600.0,360.0,0.95,0.0,600.0,80.99251257999988,470.71813000000003,0.7856381133681783,212.460601,45.121356399999996
2,2,4,CAP-G600-B480-e0,capped,600.0,480.0,0.0,0.0,270.0,144.99370957999994,175.833349,0.4031743514874218,212.460601,45.121356399999996
2,2,4,CAP-G600-B480-e0.25,capped,600.0,480.0,0.25,0.0,360.0,98.4699772799998,195.62473599999998,0.681194802764158,212.460601,45.121356399999996
2,2,4,CAP-G600-B480-e0.5,capped,600.0,480.0,0.5,0.0,540.0,83.23534777999996,295.587004,0.7722351892342655,212.460601,45.121356399999996
2,2,4,CAP-G600-B480-e0.75,capped,600.0,480.0,0.75,0.0,600.0,80.99251257999988,470.71813000000003,0.7856381133681783,212.460601,45.121356399999996
2,2,4,CAP-G600-B480-e0.9,capped,600.0,480.0,0.9,0.0,600.0,80.99251257999988,470.71813000000003,0.7856381133681783,212.460601,45.121356399999996
2,2,4,CAP-G600-B480-e0.95,capped,600.0,480.0,0.95,0.0,600.0,80.99251257999988,470.71813000000003,0.7856381133681783,212.460601,45.121356399999996
2,2,4,CAP-G600-B600-e0,capped,600.0,600.0,0.0,0.0,300.0,128.1828434799998,184.184159,0.5036341458422012,212.460601,45.121356399999996
2,2,4,CAP-G600-B600-e0.25,capped,600.0,600.0,0.25,0.0,400.0,92.193337,239.088765,0.7187032801987442,212.460601,45.121356399999996
2,2,4,CAP-G600-B600-e0.5,capped,600.0,600.0,0.5,0.0,600.0,81.84253515999936,341.038114,0.7805584765977881,212.460601,45.121356399999996
2,2,4,CAP-G600-B600-e0.75,capped,600.0,600.0,0.75,0.0,600.0,80.99251257999988,470.71813000000003,0.7856381133681783,212.460601,45.121356399999996
2,2,4,CAP-G600-B600-e0.9,capped,600.0,600.0,0.9,0.0,600.0,80.99251257999988,470.71813000000003,0.7856381133681783,212.460601,45.121356399999996
2,2,4,CAP-G600-B600-e0.95,capped,600.0,600.0,0.95,0.0,600.0,80.99251257999988,470.71813000000003,0.7856381133681783,212.460601,45.121356399999996
2,2,4,HYB-G600-B0-g1-e0,hybrid,600.0,0.0,0.0,1.0,600.0,164.83372637999986,53.992453000000005,0.2846127023809939,212.460601,45.121356399999996
2,2,4,HYB-G600-B0-g1-e0.9,hybrid,600.0,0.0,0.9,1.0,600.0,81.44307585999998,227.010967,0.7829455992416977,212.460601,45.121356399999996
2,2,4,HYB-G600-B0-g4-e0,hybrid,600.0,0.0,0.0,4.0,600.0,125.6626791399992,53.930136000000005,0.5186943568884785,212.460601,45.121356399999996
2,2,4,HYB-G600-B0-g4-e0.9,hybrid,600.0,0.0,0.9,4.0,600.0,80.97038953999993,228.419879,0.7857703181002651,212.460601,45.121356399999996
2,2,4,HYB-G600-B0-g16-e0,hybrid,600.0,0.0,0.0,16.0,600.0,88.19341003999978,77.191123,0.742606381766828,212.460601,45.121356399999996
2,2,4,HYB-G600-B0-g16-e0.9,hybrid,600.0,0.0,0.9,16.0,600.0,80.98708889999999,357.286645,0.7856705246534859,212.460601,45.121356399999996
2,2,4,HYB-G600-B30-g1-e0,hybrid,600.0,30.0,0.0,1.0,600.0,160.70152219999989,62.077527,0.3093062773393212,212.460601,45.121356399999996
2,2,4,HYB-G600-B30-g1-e0.9,hybrid,600.0,30.0,0.9,1.0,600.0,81.27651295999993,295.666724,0.7839409598960271,212.460601,45.121356399999996
2,2,4,HYB-G600-B30-g4-e0,hybrid,600.0,30.0,0.0,4.0,600.0,121.31833837999993,62.077527,0.5446556355495826,212.460601,45.121356399999996
2,2,4,HYB-G600-B30-g4-e0.9,hybrid,600.0,30.0,0.9,4.0,600.0,80.98733595999997,303.30784800000004,0.7856690482514586,212.460601,45.121356399999996
2,2,4,HYB-G600-B30-g16-e0,hybrid,600.0,30.0,0.0,16.0,600.0,87.95766069999999,88.804363,0.7440151925963696,212.460601,45.121356399999996
2,2,4,HYB-G600-B30-g16-e0.9,hybrid,600.0,30.0,0.9,16.0,600.0,80.99076075999986,435.065634,0.7856485820421837,212.460601,45.121356399999996
2,2,4,HYB-G600-B120-g1-e0,hybrid,600.0,120.0,0.0,1.0,600.0,149.35336937999946,81.280832,0.37712152801244647,212.460601,45.121356399999996
2,2,4,HYB-G600-B120-g1-e0.9,hybrid,600.0,120.0,0.9,1.0,600.0,80.9979000399996,470.71813000000003,0.7856059185294088,212.460601,45.121356399999996
2,2,4,HYB-G600-B120-g4-e0,hybrid,600.0,120.0,0.0,4.0,600.0,111.22382553999977,97.888317,0.6049792784830118,212.460601,45.121356399999996
2,2,4,HYB-G600-B120-g4-e0.9,hybrid,600.0,120.0,0.9,4.0,600.0,80.99251257999988,470.71813000000003,0.7856381133681783,212.460601,45.121356399999996
2,2,4,HYB-G600-B120-g16-e0,hybrid,600.0,120.0,0.0,16.0,600.0,86.16565481999992,122.476381,0.7547240127794869,212.460601,45.121356399999996
2,2,4,HYB-G600-B120-g16-e0.9,hybrid,600.0,120.0,0.9,16.0,600.0,80.99251257999988,470.71813000000003,0.7856381133681783,212.460601,45.121356399999996
2,2,4,CAP-G1200-B0-e0,capped,1200.0,0.0,0.0,0.0,150.0,212.460601,0.0,0.0,212.460601,45.121356399999996
2,2,4,CAP-G1200-B0-e0.25,capped,1200.0,0.0,0.25,0.0,200.0,170.74404945999896,88.804363,0.24929329422825083,212.460601,45.121356399999996
2,2,4,CAP-G1200-B0-e0.5,capped,1200.0,0.0,0.5,0.0,300.0,104.9278929199999,104.99974800000001,0.6426030447133982,212.460601,45.121356399999996
2,2,4,CAP-G1200-B0-e0.75,capped,1200.0,0.0,0.75,0.0,600.0,80.93312635999987,161.810163,0.7859929985604831,212.460601,45.121356399999996
2,2,4,CAP-G1200-B0-e0.9,capped,1200.0,0.0,0.9,0.0,1200.0,74.15147486,198.95439000000002,0.8265193647228881,212.460601,45.121356399999996
2,2,4,CAP-G1200-B0-e0.95,capped,1200.0,0.0,0.95,0.0,1200.0,73.04013725999992,441.645423,0.833160589873967,212.460601,45.121356399999996
2,2,4,CAP-G1200-B15-e0.25,capped,1200.0,15.0,0.25,0.0,205.0,156.37224675999994,73.959759,0.33517752738797807,212.460601,45.121356399999996
2,2,4,CAP-G1200-B15-e0.5,capped,1200.0,15.0,0.5,0.0,307.5,103.27460237999999,124.486727,0.6524829180446773,212.460601,45.121356399999996
2,2,4,CAP-G1200-B15-e0.75,capped,1200.0,15.0,0.75,0.0,615.0,80.61137007999992,161.810163,0.7879157769306679,212.460601,45.121356399999996
2,2,4,CAP-G1200-B15-e0.9,capped,1200.0,15.0,0.9,0.0,1200.0,74.0821349799998,262.24139,0.8269337318378225,212.460601,45.121356399999996
2,2,4,CAP-G1200-B15-e0.95,capped,1200.0,15.0,0.95,0.0,1200.0,73.06954249999994,482.772942,0.832984867555689,212.460601,45.121356399999996
2,2,4,CAP-G1200-B30-e0.25,capped,1200.0,30.0,0.25,0.0,210.0,151.82620727999984,77.191123,0.36234413430595924,212.460601,45.121356399999996
2,2,4,CAP-G1200-B30-e0.5,capped,1200.0,30.0,0.5,0.0,315.0,102.76324257999968,122.74050100000001,0.6555387451533907,212.460601,45.121356399999996
2,2,4,CAP-G1200-B30-e0.75,capped,1200.0,30.0,0.75,0.0,630.0,79.34279663999966,177.51861699999998,0.7954966253026836,212.460601,45.121356399999996
2,2,4,CAP-G1200-B30-e0.9,capped,1200.0,30.0,0.9,0.0,1200.0,74.38602144,276.364782,0.8251177414482007,212.460601,45.121356399999996
2,2,4,CAP-G1200-B30-e0.95,capped,1200.0,30.0,0.95,0.0,1200.0,73.0266277199999,547.113629,0.8332413213248131,212.460601,45.121356399999996
2,2,4,CAP-G1200-B60-e0.25,capped,1200.0,60.0,0.25,0.0,220.0,144.9826218399998,77.401459,0.40324061054115806,212.460601,45.121356399999996
2,2,4,CAP-G1200-B60-e0.5,capped,1200.0,60.0,0.5,0.0,330.0,99.45147103999996,122.75569800000001,0.6753295094054705,212.460601,45.121356399999996
2,2,4,CAP-G1200-B60-e0.75,capped,1200.0,60.0,0.75,0.0,660.0,78.56954611999983,180.68212499999998,0.800117481108793,212.460601,45.121356399999996
2,2,4,CAP-G1200-B60-e0.9,capped,1200.0,60.0,0.9,0.0,1200.0,72.96601653999998,384.639537,0.8336035267366086,212.460601,45.121356399999996
2,2,4,CAP-G1200-B60-e0.95,capped,1200.0,60.0,0.95,0.0,1200.0,72.84074603999996,720.532204,0.8343521287773283,212.460601,45.121356399999996
2,2,4,CAP-G1200-B120-e0.25,capped,1200.0,120.0,0.25,0.0,240.0,135.0715577599994,122.564115,0.4624679848710193,212.460601,45.121356399999996
2,2,4,CAP-G1200-B120-e0.5,capped,1200.0,120.0,0.5,0.0,360.0,93.23705123999964,159.604942,0.712466164437319,212.460601,45.121356399999996
2,2,4,CAP-G1200-B120-e0.75,capped,1200.0,120.0,0.75,0.0,720.0,76.48936093999994,219.527103,0.8125484275073636,212.460601,45.121356399999996
2,2,4,CAP-G1200-B120-e0.9,capped,1200.0,120.0,0.9,0.0,1200.0,72.76790167999998,526.9100219999999,0.8347874382600149,212.460601,45.121356399999996
2,2,4,CAP-G1200-B120-e0.95,capped,1200.0,120.0,0.95,0.0,1200.0,72.8395626599999,1016.149545,0.834359200519542,212.460601,45.121356399999996
2,2,4,CAP-G1200-B240-e0.25,capped,1200.0,240.0,0.25,0.0,280.0,119.45460251999914,139.29513699999998,0.5557931058092087,212.460601,45.121356399999996
2,2,4,CAP-G1200-B240-e0.5,capped,1200.0,240.0,0.5,0.0,420.0,86.27489847999954,184.184159,0.7540711852836968,212.460601,45.121356399999996
2,2,4,CAP-G1200-B240-e0.75,capped,1200.0,240.0,0.75,0.0,840.0,72.95543909999991,325.802687,0.8336667362964783,212.460601,45.121356399999996
2,2,4,CAP-G1200-B240-e0.9,capped,1200.0,240.0,0.9,0.0,1200.0,72.92298753999987,823.107319,0.8338606630712622,212.460601,45.121356399999996
2,2,4,CAP-G1200-B240-e0.95,capped,1200.0,240.0,0.95,0.0,1200.0,72.82624826,1075.1785240000002,0.8344387658362836,212.460601,45.121356399999996
2,2,4,CAP-G1200-B360-e0.25,capped,1200.0,360.0,0.25,0.0,320.0,104.92879328,182.956462,0.6425976642660188,212.460601,45.121356399999996
2,2,4,CAP-G1200-B360-e0.5,capped,1200.0,360.0,0.5,0.0,480.0,81.49795748,219.587864,0.7826176330187641,212.460601,45.121356399999996
2,2,4,CAP-G1200-B360-e0.75,capped,1200.0,360.0,0.75,0.0,960.0,72.4771224,439.48495,0.8365251016556818,212.460601,45.121356399999996
2,2,4,CAP-G1200-B360-e0.9,capped,1200.0,360.0,0.9,0.0,1200.0,72.82624826,1075.1785240000002,0.8344387658362836,212.460601,45.121356399999996
2,2,4,CAP-G1200-B360-e0.95,capped,1200.0,360.0,0.95,0.0,1200.0,72.82624826,1075.1785240000002,0.8344387658362836,212.460601,45.121356399999996
2,2,4,CAP-G1200-B480-e0.25,capped,1200.0,480.0,0.25,0.0,360.0,97.34953725999975,195.62473599999998,0.6878904229259336,212.460601,45.121356399999996
2,2,4,CAP-G1200-B480-e0.5,capped,1200.0,480.0,0.5,0.0,540.0,78.25619907999994,295.587004,0.8019900068319065,212.460601,45.121356399999996
2,2,4,CAP-G1200-B480-e0.75,capped,1200.0,480.0,0.75,0.0,1080.0,72.47960027999957,594.08502,0.8365102941309706,212.460601,45.121356399999996
2,2,4,CAP-G1200-B480-e0.9,capped,1200.0,480.0,0.9,0.0,1200.0,72.82624826,1075.1785240000002,0.8344387658362836,212.460601,45.121356399999996
2,2,4,CAP-G1200-B480-e0.95,capped,1200.0,480.0,0.95,0.0,1200.0,72.82624826,1075.1785240000002,0.8344387658362836,212.460601,45.121356399999996
2,2,4,CAP-G1200-B600-e0.25,capped,1200.0,600.0,0.25,0.0,400.0,90.70997211999988,239.088765,0.7275676974102949,212.460601,45.121356399999996
2,2,4,CAP-G1200-B600-e0.5,capped,1200.0,600.0,0.5,0.0,600.0,75.93604023999976,341.038114,0.8158550081084819,212.460601,45.121356399999996
2,2,4,CAP-G1200-B600-e0.75,capped,1200.0,600.0,0.75,0.0,1200.0,72.68709655999992,692.9160179999999,0.8352703203250869,212.460601,45.121356399999996
2,2,4,CAP-G1200-B600-e0.9,capped,1200.0,600.0,0.9,0.0,1200.0,72.82624826,1075.1785240000002,0.8344387658362836,212.460601,45.121356399999996
2,2,4,CAP-G1200-B600-e0.95,capped,1200.0,600.0,0.95,0.0,1200.0,72.82624826,1075.1785240000002,0.8344387658362836,212.460601,45.121356399999996
2,2,4,HYB-G1200-B0-g1-e0,hybrid,1200.0,0.0,0.0,1.0,1200.0,164.6266860799999,53.992453000000005,0.2858499513030555,212.460601,45.121356399999996
2,2,4,HYB-G1200-B0-g1-e0.9,hybrid,1200.0,0.0,0.9,1.0,1200.0,73.15485729999985,227.010967,0.8324750361637533,212.460601,45.121356399999996
2,2,4,HYB-G1200-B0-g4-e0,hybrid,1200.0,0.0,0.0,4.0,1200.0,123.00716909999977,53.930136000000005,0.5345633782071001,212.460601,45.121356399999996
2,2,4,HYB-G1200-B0-g4-e0.9,hybrid,1200.0,0.0,0.9,4.0,1200.0,72.72113565999989,228.419879,0.8350669065946058,212.460601,45.121356399999996
2,2,4,HYB-G1200-B0-g16-e0,hybrid,1200.0,0.0,0.0,16.0,1200.0,82.97119553999987,77.191123,0.7738137325140053,212.460601,45.121356399999996
2,2,4,HYB-G1200-B0-g16-e0.9,hybrid,1200.0,0.0,0.9,16.0,1200.0,72.80910221999993,357.286645,0.8345412285911565,212.460601,45.121356399999996
2,2,4,HYB-G1200-B30-g1-e0,hybrid,1200.0,30.0,0.0,1.0,1200.0,160.25521784,62.077527,0.31197334065173615,212.460601,45.121356399999996
2,2,4,HYB-G1200-B30-g1-e0.9,hybrid,1200.0,30.0,0.9,1.0,1200.0,72.77356397999996,295.666724,0.8347536010091445,212.460601,45.121356399999996
2,2,4,HYB-G1200-B30-g4-e0,hybrid,1200.0,30.0,0.0,4.0,1200.0,117.6396558199999,62.077527,0.566639017683244,212.460601,45.121356399999996
2,2,4,HYB-G1200-B30-g4-e0.9,hybrid,1200.0,30.0,0.9,4.0,1200.0,72.74752023999994,303.30784800000004,0.8349092353916366,212.460601,45.121356399999996
2,2,4,HYB-G1200-B30-g16-e0,hybrid,1200.0,30.0,0.0,16.0,1200.0,82.62193121999994,88.804363,0.7759008957543726,212.460601,45.121356399999996
2,2,4,HYB-G1200-B30-g16-e0.9,hybrid,1200.0,30.0,0.9,16.0,1200.0,72.77712391999974,435.065634,0.8347323272188374,212.460601,45.121356399999996
2,2,4,HYB-G1200-B120-g1-e0,hybrid,1200.0,120.0,0.0,1.0,1200.0,148.76646181999993,81.280832,0.38062881981003077,212.460601,45.121356399999996
2,2,4,HYB-G1200-B120-g1-e0.9,hybrid,1200.0,120.0,0.9,1.0,1200.0,72.53188613999988,526.9100219999999,0.8361978398700153,212.460601,45.121356399999996
2,2,4,HYB-G1200-B120-g4-e0,hybrid,1200.0,120.0,0.0,4.0,1200.0,108.38792509999976,97.888317,0.6219262919990511,212.460601,45.121356399999996
2,2,4,HYB-G1200-B120-g4-e0.9,hybrid,1200.0,120.0,0.9,4.0,1200.0,72.92480023999995,528.139767,0.8338498305854073,212.460601,45.121356399999996
2,2,4,HYB-G1200-B120-g16-e0,hybrid,1200.0,120.0,0.0,16.0,1200.0,81.17290687999981,122.476381,0.7845600978648148,212.460601,45.121356399999996
2,2,4,HYB-G1200-B120-g16-e0.9,hybrid,1200.0,120.0,0.9,16.0,1200.0,72.74996947999979,618.4904849999999,0.8348945990162562,212.460601,45.121356399999996
3,0,7,SJF,reference,-1.0,-1.0,-1.0,-1.0,inf,18.08073911999994,172.112489,1.0,40.93883561999998,18.08073911999994
3,0,7,SPJF-E,reference,-1.0,-1.0,-1.0,-1.0,inf,24.088739239999995,218.779567,0.737160960887533,40.93883561999998,18.08073911999994
3,0,7,FIX-B15,fixed,-1.0,15.0,0.0,0.0,166.60714285714286,36.97001391999993,62.24257,0.1736287052598646,40.93883561999998,18.08073911999994
3,0,7,FIX-B17.99,fixed,-1.0,17.99,0.0,0.0,167.35464285714286,36.637344919999904,62.24257,0.1881823668038179,40.93883561999998,18.08073911999994
3,0,7,FIX-B21.576,fixed,-1.0,21.576,0.0,0.0,168.25114285714287,36.164382459999956,62.24257,0.20887361115130534,40.93883561999998,18.08073911999994
3,0,7,FIX-B25.877,fixed,-1.0,25.877,0.0,0.0,169.32639285714285,35.683510919999755,62.24257,0.2299108633127091,40.93883561999998,18.08073911999994
3,0,7,FIX-B30,fixed,-1.0,30.0,0.0,0.0,170.35714285714286,35.05826421999999,62.24257,0.25726426520248424,40.93883561999998,18.08073911999994
3,0,7,FIX-B31.035,fixed,-1.0,31.035,0.0,0.0,170.61589285714285,34.84036555999996,62.24257,0.2667969338566756,40.93883561999998,18.08073911999994
3,0,7,FIX-B37.222,fixed,-1.0,37.222,0.0,0.0,172.16264285714286,34.258120019999936,62.24257,0.2922691134845822,40.93883561999998,18.08073911999994
3,0,7,FIX-B44.641,fixed,-1.0,44.641,0.0,0.0,174.01739285714285,33.73250835999995,64.353453,0.3152636642338096,40.93883561999998,18.08073911999994
3,0,7,FIX-B53.54,fixed,-1.0,53.54,0.0,0.0,176.24214285714285,32.96364309999986,67.63767800000001,0.3489001159829782,40.93883561999998,18.08073911999994
3,0,7,FIX-B60,fixed,-1.0,60.0,0.0,0.0,177.85714285714286,32.47054812,70.514779,0.3704721213334613,40.93883561999998,18.08073911999994
3,0,7,FIX-B64.212,fixed,-1.0,64.212,0.0,0.0,178.91014285714286,32.16799675999996,70.514779,0.3837081910998147,40.93883561999998,18.08073911999994
3,0,7,FIX-B77.012,fixed,-1.0,77.012,0.0,0.0,182.11014285714288,31.63653435999994,70.566773,0.4069587010449459,40.93883561999998,18.08073911999994
3,0,7,FIX-B92.363,fixed,-1.0,92.363,0.0,0.0,185.94789285714285,30.963340859999988,70.566773,0.43640968791955065,40.93883561999998,18.08073911999994
3,0,7,FIX-B110.774,fixed,-1.0,110.774,0.0,0.0,190.55064285714286,30.26925269999988,70.662674,0.46677477803106143,40.93883561999998,18.08073911999994
3,0,7,FIX-B120,fixed,-1.0,120.0,0.0,0.0,192.85714285714286,29.567493199999944,70.83930400000001,0.49747547526540603,40.93883561999998,18.08073911999994
3,0,7,FIX-B132.855,fixed,-1.0,132.855,0.0,0.0,196.07089285714287,28.88336273999997,84.495192,0.5274049341772613,40.93883561999998,18.08073911999994
3,0,7,FIX-B159.338,fixed,-1.0,159.338,0.0,0.0,202.69164285714285,28.233411,84.512885,0.555839136474026,40.93883561999998,18.08073911999994
3,0,7,FIX-B191.099,fixed,-1.0,191.099,0.0,0.0,210.63189285714287,27.584176939999892,84.533655,0.5842419415807464,40.93883561999998,18.08073911999994
3,0,7,FIX-B229.192,fixed,-1.0,229.192,0.0,0.0,220.15514285714286,26.96567778,87.864319,0.6113001509115142,40.93883561999998,18.08073911999994
3,0,7,FIX-B240,fixed,-1.0,240.0,0.0,0.0,222.85714285714286,26.68611541999999,88.721301,0.6235304938886738,40.93883561999998,18.08073911999994
3,0,7,FIX-B274.878,fixed,-1.0,274.878,0.0,0.0,231.57664285714287,26.031701919999964,105.446427,0.6521598900415871,40.93883561999998,18.08073911999994
3,0,7,FIX-B329.671,fixed,-1.0,329.671,0.0,0.0,245.27489285714285,25.623322219999995,107.499358,0.6700257565191379,40.93883561999998,18.08073911999994
3,0,7,FIX-B360,fixed,-1.0,360.0,0.0,0.0,252.85714285714286,25.371318559999967,108.373821,0.6810504566729774,40.93883561999998,18.08073911999994
3,0,7,FIX-B395.386,fixed,-1.0,395.386,0.0,0.0,261.7036428571429,25.11028491999996,113.01068,0.6924702019697919,40.93883561999998,18.08073911999994
3,0,7,FIX-B474.201,fixed,-1.0,474.201,0.0,0.0,281.4073928571429,24.986877239999853,160.323028,0.6978690627192032,40.93883561999998,18.08073911999994
3,0,7,FIX-B480,fixed,-1.0,480.0,0.0,0.0,282.8571428571429,25.007390959999977,160.323028,0.6969716249119857,40.93883561999998,18.08073911999994
3,0,7,FIX-B568.726,fixed,-1.0,568.726,0.0,0.0,305.03864285714286,24.699470899999977,161.082597,0.7104425655040862,40.93883561999998,18.08073911999994
3,0,7,FIX-B600,fixed,-1.0,600.0,0.0,0.0,312.8571428571429,24.658833039999948,163.649994,0.7122203977045947,40.93883561999998,18.08073911999994
3,0,7,FIX-B682.093,fixed,-1.0,682.093,0.0,0.0,333.38039285714285,24.46521351999999,206.563188,0.7206908982994259,40.93883561999998,18.08073911999994
3,0,7,FIX-B818.058,fixed,-1.0,818.058,0.0,0.0,367.3716428571429,24.570259119999974,218.779567,0.7160953450345253,40.93883561999998,18.08073911999994
3,0,7,FIX-B981.126,fixed,-1.0,981.126,0.0,0.0,408.1386428571428,24.53347925999995,218.779567,0.7177043967768707,40.93883561999998,18.08073911999994
3,0,7,FIX-B1176.7,fixed,-1.0,1176.699,0.0,0.0,457.0318928571429,24.417052,218.779567,0.7227978768923278,40.93883561999998,18.08073911999994
3,0,7,FIX-B1411.26,fixed,-1.0,1411.256,0.0,0.0,515.6711428571429,24.256031,218.779567,0.729842251737801,40.93883561999998,18.08073911999994
3,0,7,FIX-B1692.57,fixed,-1.0,1692.569,0.0,0.0,585.9993928571429,24.244923399999948,218.779567,0.7303281889635912,40.93883561999998,18.08073911999994
3,0,7,FIX-B2029.96,fixed,-1.0,2029.958,0.0,0.0,670.3466428571429,24.13997347999993,218.779567,0.7349195564031336,40.93883561999998,18.08073911999994
3,0,7,FIX-B2434.6,fixed,-1.0,2434.6,0.0,0.0,771.5071428571429,24.14628697999998,218.779567,0.7346433523018843,40.93883561999998,18.08073911999994
3,0,7,FIX-B2919.9,fixed,-1.0,2919.901,0.0,0.0,892.832392857143,24.084544539999925,218.779567,0.7373444713561352,40.93883561999998,18.08073911999994
3,0,7,FIX-B3501.94,fixed,-1.0,3501.94,0.0,0.0,1038.3421428571428,24.088739239999995,218.779567,0.737160960887533,40.93883561999998,18.08073911999994
3,0,7,FIX-B4200,fixed,-1.0,4200.0,0.0,0.0,1212.857142857143,24.088739239999995,218.779567,0.737160960887533,40.93883561999998,18.08073911999994
3,0,7,FIXEQ-G300,fixed,300.0,inf,0.0,0.0,300.0,24.846015,161.055937,0.7040315286095651,40.93883561999998,18.08073911999994
3,0,7,CAP-G300-B0-e0,capped,300.0,0.0,0.0,0.0,162.85714285714286,40.93883561999998,0.0,0.0,40.93883561999998,18.08073911999994
3,0,7,CAP-G300-B0-e0.25,capped,300.0,0.0,0.25,0.0,217.14285714285714,30.373935759999938,70.514779,0.4621950852294294,40.93883561999998,18.08073911999994
3,0,7,CAP-G300-B0-e0.5,capped,300.0,0.0,0.5,0.0,300.0,26.865894919999995,81.697248,0.6156654689072627,40.93883561999998,18.08073911999994
3,0,7,CAP-G300-B0-e0.75,capped,300.0,0.0,0.75,0.0,300.0,25.072097,77.57711800000001,0.6941408537670647,40.93883561999998,18.08073911999994
3,0,7,CAP-G300-B0-e0.9,capped,300.0,0.0,0.9,0.0,300.0,24.892503919999992,161.055937,0.70199772321374,40.93883561999998,18.08073911999994
3,0,7,CAP-G300-B0-e0.95,capped,300.0,0.0,0.95,0.0,300.0,24.85682711999991,161.055937,0.7035585180944547,40.93883561999998,18.08073911999994
3,0,7,CAP-G300-B15-e0,capped,300.0,15.0,0.0,0.0,166.60714285714286,36.97001391999993,62.24257,0.1736287052598646,40.93883561999998,18.08073911999994
3,0,7,CAP-G300-B15-e0.25,capped,300.0,15.0,0.25,0.0,222.14285714285714,29.593238319999905,70.566773,0.49634917325683936,40.93883561999998,18.08073911999994
3,0,7,CAP-G300-B15-e0.5,capped,300.0,15.0,0.5,0.0,300.0,26.817783019999975,77.57711800000001,0.6177702767157353,40.93883561999998,18.08073911999994
3,0,7,CAP-G300-B15-e0.75,capped,300.0,15.0,0.75,0.0,300.0,25.059742459999995,107.975674,0.6946813423418681,40.93883561999998,18.08073911999994
3,0,7,CAP-G300-B15-e0.9,capped,300.0,15.0,0.9,0.0,300.0,24.86248013999981,161.055937,0.7033112087876671,40.93883561999998,18.08073911999994
3,0,7,CAP-G300-B15-e0.95,capped,300.0,15.0,0.95,0.0,300.0,24.846015,161.055937,0.7040315286095651,40.93883561999998,18.08073911999994
3,0,7,CAP-G300-B30-e0,capped,300.0,30.0,0.0,0.0,170.35714285714286,35.05826421999999,62.24257,0.25726426520248424,40.93883561999998,18.08073911999994
3,0,7,CAP-G300-B30-e0.25,capped,300.0,30.0,0.25,0.0,227.14285714285714,28.891997579999934,70.662674,0.5270271756880553,40.93883561999998,18.08073911999994
3,0,7,CAP-G300-B30-e0.5,capped,300.0,30.0,0.5,0.0,300.0,26.368060039999943,77.57711800000001,0.6374448362312238,40.93883561999998,18.08073911999994
3,0,7,CAP-G300-B30-e0.75,capped,300.0,30.0,0.75,0.0,300.0,24.943484019999957,107.975674,0.6997674368904687,40.93883561999998,18.08073911999994
3,0,7,CAP-G300-B30-e0.9,capped,300.0,30.0,0.9,0.0,300.0,24.845020219999945,161.055937,0.7040750484188395,40.93883561999998,18.08073911999994
3,0,7,CAP-G300-B30-e0.95,capped,300.0,30.0,0.95,0.0,300.0,24.846015,161.055937,0.7040315286095651,40.93883561999998,18.08073911999994
3,0,7,CAP-G300-B60-e0,capped,300.0,60.0,0.0,0.0,177.85714285714286,32.47054812,70.514779,0.3704721213334613,40.93883561999998,18.08073911999994
3,0,7,CAP-G300-B60-e0.25,capped,300.0,60.0,0.25,0.0,237.14285714285714,28.172524,74.171014,0.5585028315896714,40.93883561999998,18.08073911999994
3,0,7,CAP-G300-B60-e0.5,capped,300.0,60.0,0.5,0.0,300.0,25.454420459999973,77.57711800000001,0.6774149002302086,40.93883561999998,18.08073911999994
3,0,7,CAP-G300-B60-e0.75,capped,300.0,60.0,0.75,0.0,300.0,24.7977620999999,116.485394,0.7061425049106802,40.93883561999998,18.08073911999994
3,0,7,CAP-G300-B60-e0.9,capped,300.0,60.0,0.9,0.0,300.0,24.846015,161.055937,0.7040315286095651,40.93883561999998,18.08073911999994
3,0,7,CAP-G300-B60-e0.95,capped,300.0,60.0,0.95,0.0,300.0,24.846015,161.055937,0.7040315286095651,40.93883561999998,18.08073911999994
3,0,7,CAP-G300-B120-e0,capped,300.0,120.0,0.0,0.0,192.85714285714286,29.567493199999944,70.83930400000001,0.49747547526540603,40.93883561999998,18.08073911999994
3,0,7,CAP-G300-B120-e0.25,capped,300.0,120.0,0.25,0.0,257.14285714285717,26.457728379999992,84.533655,0.6335220100238864,40.93883561999998,18.08073911999994
3,0,7,CAP-G300-B120-e0.5,capped,300.0,120.0,0.5,0.0,300.0,24.82561447999986,107.975674,0.7049240141234022,40.93883561999998,18.08073911999994
3,0,7,CAP-G300-B120-e0.75,capped,300.0,120.0,0.75,0.0,300.0,24.846015,161.055937,0.7040315286095651,40.93883561999998,18.08073911999994
3,0,7,CAP-G300-B120-e0.9,capped,300.0,120.0,0.9,0.0,300.0,24.846015,161.055937,0.7040315286095651,40.93883561999998,18.08073911999994
3,0,7,CAP-G300-B120-e0.95,capped,300.0,120.0,0.95,0.0,300.0,24.846015,161.055937,0.7040315286095651,40.93883561999998,18.08073911999994
3,0,7,CAP-G300-B240-e0,capped,300.0,240.0,0.0,0.0,222.85714285714286,26.68611541999999,88.721301,0.6235304938886738,40.93883561999998,18.08073911999994
3,0,7,CAP-G300-B240-e0.25,capped,300.0,240.0,0.25,0.0,297.14285714285717,24.970307499999997,107.975674,0.6985939586001816,40.93883561999998,18.08073911999994
3,0,7,CAP-G300-B240-e0.5,capped,300.0,240.0,0.5,0.0,300.0,24.845020219999945,161.055937,0.7040750484188395,40.93883561999998,18.08073911999994
3,0,7,CAP-G300-B240-e0.75,capped,300.0,240.0,0.75,0.0,300.0,24.846015,161.055937,0.7040315286095651,40.93883561999998,18.08073911999994
3,0,7,CAP-G300-B240-e0.9,capped,300.0,240.0,0.9,0.0,300.0,24.846015,161.055937,0.7040315286095651,40.93883561999998,18.08073911999994
3,0,7,CAP-G300-B240-e0.95,capped,300.0,240.0,0.95,0.0,300.0,24.846015,161.055937,0.7040315286095651,40.93883561999998,18.08073911999994
3,0,7,CAP-G300-B360-e0,capped,300.0,360.0,0.0,0.0,252.85714285714286,25.371318559999967,108.373821,0.6810504566729774,40.93883561999998,18.08073911999994
3,0,7,CAP-G300-B360-e0.25,capped,300.0,360.0,0.25,0.0,300.0,24.874595419999945,161.047707,0.7027811874011471,40.93883561999998,18.08073911999994
3,0,7,CAP-G300-B360-e0.5,capped,300.0,360.0,0.5,0.0,300.0,24.846015,161.055937,0.7040315286095651,40.93883561999998,18.08073911999994
3,0,7,CAP-G300-B360-e0.75,capped,300.0,360.0,0.75,0.0,300.0,24.846015,161.055937,0.7040315286095651,40.93883561999998,18.08073911999994
3,0,7,CAP-G300-B360-e0.9,capped,300.0,360.0,0.9,0.0,300.0,24.846015,161.055937,0.7040315286095651,40.93883561999998,18.08073911999994
3,0,7,CAP-G300-B360-e0.95,capped,300.0,360.0,0.95,0.0,300.0,24.846015,161.055937,0.7040315286095651,40.93883561999998,18.08073911999994
3,0,7,CAP-G300-B480-e0,capped,300.0,480.0,0.0,0.0,282.8571428571429,25.007390959999977,160.323028,0.6969716249119857,40.93883561999998,18.08073911999994
3,0,7,CAP-G300-B480-e0.25,capped,300.0,480.0,0.25,0.0,300.0,24.846015,161.055937,0.7040315286095651,40.93883561999998,18.08073911999994
3,0,7,CAP-G300-B480-e0.5,capped,300.0,480.0,0.5,0.0,300.0,24.846015,161.055937,0.7040315286095651,40.93883561999998,18.08073911999994
3,0,7,CAP-G300-B480-e0.75,capped,300.0,480.0,0.75,0.0,300.0,24.846015,161.055937,0.7040315286095651,40.93883561999998,18.08073911999994
3,0,7,CAP-G300-B480-e0.9,capped,300.0,480.0,0.9,0.0,300.0,24.846015,161.055937,0.7040315286095651,40.93883561999998,18.08073911999994
3,0,7,CAP-G300-B480-e0.95,capped,300.0,480.0,0.95,0.0,300.0,24.846015,161.055937,0.7040315286095651,40.93883561999998,18.08073911999994
3,0,7,HYB-G300-B0-g1-e0,hybrid,300.0,0.0,0.0,1.0,300.0,29.643109819999953,59.134347999999996,0.4941673861600858,40.93883561999998,18.08073911999994
3,0,7,HYB-G300-B0-g1-e0.9,hybrid,300.0,0.0,0.9,1.0,300.0,24.835129399999897,161.055937,0.7045077537405643,40.93883561999998,18.08073911999994
3,0,7,HYB-G300-B0-g4-e0,hybrid,300.0,0.0,0.0,4.0,300.0,26.45047013999998,62.24257,0.6338395447757417,40.93883561999998,18.08073911999994
3,0,7,HYB-G300-B0-g4-e0.9,hybrid,300.0,0.0,0.9,4.0,300.0,24.846125459999982,161.055937,0.7040266961861837,40.93883561999998,18.08073911999994
3,0,7,HYB-G300-B0-g16-e0,hybrid,300.0,0.0,0.0,16.0,300.0,24.920762319999973,66.96598,0.7007614697925515,40.93883561999998,18.08073911999994
3,0,7,HYB-G300-B0-g16-e0.9,hybrid,300.0,0.0,0.9,16.0,300.0,24.846015,161.055937,0.7040315286095651,40.93883561999998,18.08073911999994
3,0,7,HYB-G300-B30-g1-e0,hybrid,300.0,30.0,0.0,1.0,300.0,28.356559999999988,62.24257,0.5504515925024627,40.93883561999998,18.08073911999994
3,0,7,HYB-G300-B30-g1-e0.9,hybrid,300.0,30.0,0.9,1.0,300.0,24.84568729999996,161.055937,0.7040458648864306,40.93883561999998,18.08073911999994
3,0,7,HYB-G300-B30-g4-e0,hybrid,300.0,30.0,0.0,4.0,300.0,26.013684979999795,65.25648699999999,0.6529480982810689,40.93883561999998,18.08073911999994
3,0,7,HYB-G300-B30-g4-e0.9,hybrid,300.0,30.0,0.9,4.0,300.0,24.846015,161.055937,0.7040315286095651,40.93883561999998,18.08073911999994
3,0,7,HYB-G300-B30-g16-e0,hybrid,300.0,30.0,0.0,16.0,300.0,24.97996029999996,84.495192,0.6981716662190132,40.93883561999998,18.08073911999994
3,0,7,HYB-G300-B30-g16-e0.9,hybrid,300.0,30.0,0.9,16.0,300.0,24.846015,161.055937,0.7040315286095651,40.93883561999998,18.08073911999994
3,0,7,HYB-G300-B120-g1-e0,hybrid,300.0,120.0,0.0,1.0,300.0,26.516865899999992,84.495192,0.6309348514649924,40.93883561999998,18.08073911999994
3,0,7,HYB-G300-B120-g1-e0.9,hybrid,300.0,120.0,0.9,1.0,300.0,24.846015,161.055937,0.7040315286095651,40.93883561999998,18.08073911999994
3,0,7,HYB-G300-B120-g4-e0,hybrid,300.0,120.0,0.0,4.0,300.0,25.297500219999982,84.495192,0.6842798743106177,40.93883561999998,18.08073911999994
3,0,7,HYB-G300-B120-g4-e0.9,hybrid,300.0,120.0,0.9,4.0,300.0,24.846015,161.055937,0.7040315286095651,40.93883561999998,18.08073911999994
3,0,7,HYB-G300-B120-g16-e0,hybrid,300.0,120.0,0.0,16.0,300.0,24.895212759999975,84.903277,0.7018792164080669,40.93883561999998,18.08073911999994
3,0,7,HYB-G300-B120-g16-e0.9,hybrid,300.0,120.0,0.9,16.0,300.0,24.846015,161.055937,0.7040315286095651,40.93883561999998,18.08073911999994
3,0,7,FIXEQ-G600,fixed,600.0,inf,0.0,0.0,600.0,24.209036139999924,218.779567,0.73189819108516,40.93883561999998,18.08073911999994
3,0,7,CAP-G600-B0-e0,capped,600.0,0.0,0.0,0.0,162.85714285714286,40.93883561999998,0.0,0.0,40.93883561999998,18.08073911999994
3,0,7,CAP-G600-B0-e0.25,capped,600.0,0.0,0.25,0.0,217.14285714285714,30.39169115999993,70.514779,0.461418318887578,40.93883561999998,18.08073911999994
3,0,7,CAP-G600-B0-e0.5,capped,600.0,0.0,0.5,0.0,325.7142857142857,26.60191885999994,81.697248,0.6272139397084098,40.93883561999998,18.08073911999994
3,0,7,CAP-G600-B0-e0.75,capped,600.0,0.0,0.75,0.0,600.0,24.516220739999998,77.57711800000001,0.7184594255256536,40.93883561999998,18.08073911999994
3,0,7,CAP-G600-B0-e0.9,capped,600.0,0.0,0.9,0.0,600.0,24.257379599999933,161.082597,0.7297832529493441,40.93883561999998,18.08073911999994
3,0,7,CAP-G600-B0-e0.95,capped,600.0,0.0,0.95,0.0,600.0,24.23988839999998,218.779567,0.7305484610234264,40.93883561999998,18.08073911999994
3,0,7,CAP-G600-B15-e0,capped,600.0,15.0,0.0,0.0,166.60714285714286,36.97001391999993,62.24257,0.1736287052598646,40.93883561999998,18.08073911999994
3,0,7,CAP-G600-B15-e0.25,capped,600.0,15.0,0.25,0.0,222.14285714285714,29.606235559999842,70.566773,0.49578056773013085,40.93883561999998,18.08073911999994
3,0,7,CAP-G600-B15-e0.5,capped,600.0,15.0,0.5,0.0,333.2142857142857,26.478647139999907,77.57711800000001,0.6326068524559797,40.93883561999998,18.08073911999994
3,0,7,CAP-G600-B15-e0.75,capped,600.0,15.0,0.75,0.0,600.0,24.474214099999976,107.975674,0.7202971393527879,40.93883561999998,18.08073911999994
3,0,7,CAP-G600-B15-e0.9,capped,600.0,15.0,0.9,0.0,600.0,24.216199679999985,213.489003,0.7315847992854508,40.93883561999998,18.08073911999994
3,0,7,CAP-G600-B15-e0.95,capped,600.0,15.0,0.95,0.0,600.0,24.218506419999958,218.779567,0.7314838836208427,40.93883561999998,18.08073911999994
3,0,7,CAP-G600-B30-e0,capped,600.0,30.0,0.0,0.0,170.35714285714286,35.05826421999999,62.24257,0.25726426520248424,40.93883561999998,18.08073911999994
3,0,7,CAP-G600-B30-e0.25,capped,600.0,30.0,0.25,0.0,227.14285714285714,28.889772079999887,70.662674,0.5271245372509505,40.93883561999998,18.08073911999994
3,0,7,CAP-G600-B30-e0.5,capped,600.0,30.0,0.5,0.0,340.7142857142857,25.966284919999943,77.57711800000001,0.6550217643888243,40.93883561999998,18.08073911999994
3,0,7,CAP-G600-B30-e0.75,capped,600.0,30.0,0.75,0.0,600.0,24.273192939999902,107.975674,0.7290914481877373,40.93883561999998,18.08073911999994
3,0,7,CAP-G600-B30-e0.9,capped,600.0,30.0,0.9,0.0,600.0,24.24264867999996,218.779567,0.7304277038116447,40.93883561999998,18.08073911999994
3,0,7,CAP-G600-B30-e0.95,capped,600.0,30.0,0.95,0.0,600.0,24.209036139999924,218.779567,0.73189819108516,40.93883561999998,18.08073911999994
3,0,7,CAP-G600-B60-e0,capped,600.0,60.0,0.0,0.0,177.85714285714286,32.47054812,70.514779,0.3704721213334613,40.93883561999998,18.08073911999994
3,0,7,CAP-G600-B60-e0.25,capped,600.0,60.0,0.25,0.0,237.14285714285714,28.14830977999992,74.171014,0.5595621595175275,40.93883561999998,18.08073911999994
3,0,7,CAP-G600-B60-e0.5,capped,600.0,60.0,0.5,0.0,355.7142857142857,25.06326575999989,77.57711800000001,0.6945272043977967,40.93883561999998,18.08073911999994
3,0,7,CAP-G600-B60-e0.75,capped,600.0,60.0,0.75,0.0,600.0,24.124530819999965,116.485394,0.7355951445913261,40.93883561999998,18.08073911999994
3,0,7,CAP-G600-B60-e0.9,capped,600.0,60.0,0.9,0.0,600.0,24.21544435999994,218.779567,0.7316178431568006,40.93883561999998,18.08073911999994
3,0,7,CAP-G600-B60-e0.95,capped,600.0,60.0,0.95,0.0,600.0,24.209036139999924,218.779567,0.73189819108516,40.93883561999998,18.08073911999994
3,0,7,CAP-G600-B120-e0,capped,600.0,120.0,0.0,0.0,192.85714285714286,29.567493199999944,70.83930400000001,0.49747547526540603,40.93883561999998,18.08073911999994
3,0,7,CAP-G600-B120-e0.25,capped,600.0,120.0,0.25,0.0,257.14285714285717,26.363615679999835,84.533655,0.6376392688691344,40.93883561999998,18.08073911999994
3,0,7,CAP-G600-B120-e0.5,capped,600.0,120.0,0.5,0.0,385.7142857142857,24.389382959999946,107.975674,0.7240083468892523,40.93883561999998,18.08073911999994
3,0,7,CAP-G600-B120-e0.75,capped,600.0,120.0,0.75,0.0,600.0,24.189130499999916,210.407731,0.7327690265022739,40.93883561999998,18.08073911999994
3,0,7,CAP-G600-B120-e0.9,capped,600.0,120.0,0.9,0.0,600.0,24.209036139999924,218.779567,0.73189819108516,40.93883561999998,18.08073911999994
3,0,7,CAP-G600-B120-e0.95,capped,600.0,120.0,0.95,0.0,600.0,24.209036139999924,218.779567,0.73189819108516,40.93883561999998,18.08073911999994
3,0,7,CAP-G600-B240-e0,capped,600.0,240.0,0.0,0.0,222.85714285714286,26.68611541999999,88.721301,0.6235304938886738,40.93883561999998,18.08073911999994
3,0,7,CAP-G600-B240-e0.25,capped,600.0,240.0,0.25,0.0,297.14285714285717,24.778120239999947,107.975674,0.7070018004342578,40.93883561999998,18.08073911999994
3,0,7,CAP-G600-B240-e0.5,capped,600.0,240.0,0.5,0.0,445.7142857142857,24.253956459999955,161.055937,0.7299330090762367,40.93883561999998,18.08073911999994
3,0,7,CAP-G600-B240-e0.75,capped,600.0,240.0,0.75,0.0,600.0,24.19535975999995,218.779567,0.7324965077472659,40.93883561999998,18.08073911999994
3,0,7,CAP-G600-B240-e0.9,capped,600.0,240.0,0.9,0.0,600.0,24.209036139999924,218.779567,0.73189819108516,40.93883561999998,18.08073911999994
3,0,7,CAP-G600-B240-e0.95,capped,600.0,240.0,0.95,0.0,600.0,24.209036139999924,218.779567,0.73189819108516,40.93883561999998,18.08073911999994
3,0,7,CAP-G600-B360-e0,capped,600.0,360.0,0.0,0.0,252.85714285714286,25.371318559999967,108.373821,0.6810504566729774,40.93883561999998,18.08073911999994
3,0,7,CAP-G600-B360-e0.25,capped,600.0,360.0,0.25,0.0,337.14285714285717,24.534391259999975,161.047707,0.717664498441503,40.93883561999998,18.08073911999994
3,0,7,CAP-G600-B360-e0.5,capped,600.0,360.0,0.5,0.0,505.7142857142857,24.23893104,213.489003,0.7305903437759985,40.93883561999998,18.08073911999994
3,0,7,CAP-G600-B360-e0.75,capped,600.0,360.0,0.75,0.0,600.0,24.209036139999924,218.779567,0.73189819108516,40.93883561999998,18.08073911999994
3,0,7,CAP-G600-B360-e0.9,capped,600.0,360.0,0.9,0.0,600.0,24.209036139999924,218.779567,0.73189819108516,40.93883561999998,18.08073911999994
3,0,7,CAP-G600-B360-e0.95,capped,600.0,360.0,0.95,0.0,600.0,24.209036139999924,218.779567,0.73189819108516,40.93883561999998,18.08073911999994
3,0,7,CAP-G600-B480-e0,capped,600.0,480.0,0.0,0.0,282.8571428571429,25.007390959999977,160.323028,0.6969716249119857,40.93883561999998,18.08073911999994
3,0,7,CAP-G600-B480-e0.25,capped,600.0,480.0,0.25,0.0,377.14285714285717,24.31217389999995,182.15362,0.7273861023379614,40.93883561999998,18.08073911999994
3,0,7,CAP-G600-B480-e0.5,capped,600.0,480.0,0.5,0.0,565.7142857142858,24.20439489999995,218.779567,0.7321012368637082,40.93883561999998,18.08073911999994
3,0,7,CAP-G600-B480-e0.75,capped,600.0,480.0,0.75,0.0,600.0,24.209036139999924,218.779567,0.73189819108516,40.93883561999998,18.08073911999994
3,0,7,CAP-G600-B480-e0.9,capped,600.0,480.0,0.9,0.0,600.0,24.209036139999924,218.779567,0.73189819108516,40.93883561999998,18.08073911999994
3,0,7,CAP-G600-B480-e0.95,capped,600.0,480.0,0.95,0.0,600.0,24.209036139999924,218.779567,0.73189819108516,40.93883561999998,18.08073911999994
3,0,7,CAP-G600-B600-e0,capped,600.0,600.0,0.0,0.0,312.8571428571429,24.658833039999948,163.649994,0.7122203977045947,40.93883561999998,18.08073911999994
3,0,7,CAP-G600-B600-e0.25,capped,600.0,600.0,0.25,0.0,417.14285714285717,24.421905179999982,218.779567,0.7225855591256239,40.93883561999998,18.08073911999994
3,0,7,CAP-G600-B600-e0.5,capped,600.0,600.0,0.5,0.0,600.0,24.17999909999995,218.779567,0.7331685085851308,40.93883561999998,18.08073911999994
3,0,7,CAP-G600-B600-e0.75,capped,600.0,600.0,0.75,0.0,600.0,24.209036139999924,218.779567,0.73189819108516,40.93883561999998,18.08073911999994
3,0,7,CAP-G600-B600-e0.9,capped,600.0,600.0,0.9,0.0,600.0,24.209036139999924,218.779567,0.73189819108516,40.93883561999998,18.08073911999994
3,0,7,CAP-G600-B600-e0.95,capped,600.0,600.0,0.95,0.0,600.0,24.209036139999924,218.779567,0.73189819108516,40.93883561999998,18.08073911999994
3,0,7,HYB-G600-B0-g1-e0,hybrid,600.0,0.0,0.0,1.0,600.0,29.611252439999976,59.134347999999996,0.4955610883872147,40.93883561999998,18.08073911999994
3,0,7,HYB-G600-B0-g1-e0.9,hybrid,600.0,0.0,0.9,1.0,600.0,24.208157759999967,161.082597,0.7319366186068899,40.93883561999998,18.08073911999994
3,0,7,HYB-G600-B0-g4-e0,hybrid,600.0,0.0,0.0,4.0,600.0,26.127468519999944,62.24257,0.6479702760901377,40.93883561999998,18.08073911999994
3,0,7,HYB-G600-B0-g4-e0.9,hybrid,600.0,0.0,0.9,4.0,600.0,24.203466579999994,161.082597,0.7321418491692848,40.93883561999998,18.08073911999994
3,0,7,HYB-G600-B0-g16-e0,hybrid,600.0,0.0,0.0,16.0,600.0,24.281238759999898,66.96598,0.7287394582484177,40.93883561999998,18.08073911999994
3,0,7,HYB-G600-B0-g16-e0.9,hybrid,600.0,0.0,0.9,16.0,600.0,24.209036139999924,213.489003,0.73189819108516,40.93883561999998,18.08073911999994
3,0,7,HYB-G600-B30-g1-e0,hybrid,600.0,30.0,0.0,1.0,600.0,28.28023201999996,62.24257,0.5537908023093697,40.93883561999998,18.08073911999994
3,0,7,HYB-G600-B30-g1-e0.9,hybrid,600.0,30.0,0.9,1.0,600.0,24.209036139999924,218.779567,0.73189819108516,40.93883561999998,18.08073911999994
3,0,7,HYB-G600-B30-g4-e0,hybrid,600.0,30.0,0.0,4.0,600.0,25.69812487999998,65.25648699999999,0.6667532766781333,40.93883561999998,18.08073911999994
3,0,7,HYB-G600-B30-g4-e0.9,hybrid,600.0,30.0,0.9,4.0,600.0,24.209036139999924,218.779567,0.73189819108516,40.93883561999998,18.08073911999994
3,0,7,HYB-G600-B30-g16-e0,hybrid,600.0,30.0,0.0,16.0,600.0,24.413221659999994,84.495192,0.7229654472759776,40.93883561999998,18.08073911999994
3,0,7,HYB-G600-B30-g16-e0.9,hybrid,600.0,30.0,0.9,16.0,600.0,24.209036139999924,218.779567,0.73189819108516,40.93883561999998,18.08073911999994
3,0,7,HYB-G600-B120-g1-e0,hybrid,600.0,120.0,0.0,1.0,600.0,26.46200973999993,84.495192,0.6333347083384665,40.93883561999998,18.08073911999994
3,0,7,HYB-G600-B120-g1-e0.9,hybrid,600.0,120.0,0.9,1.0,600.0,24.209036139999924,218.779567,0.73189819108516,40.93883561999998,18.08073911999994
3,0,7,HYB-G600-B120-g4-e0,hybrid,600.0,120.0,0.0,4.0,600.0,25.02262295999993,84.495192,0.6963052527142854,40.93883561999998,18.08073911999994
3,0,7,HYB-G600-B120-g4-e0.9,hybrid,600.0,120.0,0.9,4.0,600.0,24.209036139999924,218.779567,0.73189819108516,40.93883561999998,18.08073911999994
3,0,7,HYB-G600-B120-g16-e0,hybrid,600.0,120.0,0.0,16.0,600.0,24.185703859999965,84.903277,0.732918935747777,40.93883561999998,18.08073911999994
3,0,7,HYB-G600-B120-g16-e0.9,hybrid,600.0,120.0,0.9,16.0,600.0,24.209036139999924,218.779567,0.73189819108516,40.93883561999998,18.08073911999994
3,0,7,CAP-G1200-B0-e0,capped,1200.0,0.0,0.0,0.0,162.85714285714286,40.93883561999998,0.0,0.0,40.93883561999998,18.08073911999994
3,0,7,CAP-G1200-B0-e0.25,capped,1200.0,0.0,0.25,0.0,217.14285714285714,30.39169115999993,70.514779,0.461418318887578,40.93883561999998,18.08073911999994
3,0,7,CAP-G1200-B0-e0.5,capped,1200.0,0.0,0.5,0.0,325.7142857142857,26.60191885999994,81.697248,0.6272139397084098,40.93883561999998,18.08073911999994
3,0,7,CAP-G1200-B0-e0.75,capped,1200.0,0.0,0.75,0.0,651.4285714285714,24.49465165999997,77.57711800000001,0.7194030334065648,40.93883561999998,18.08073911999994
3,0,7,CAP-G1200-B0-e0.9,capped,1200.0,0.0,0.9,0.0,1200.0,24.136006379999976,161.082597,0.7350931097871589,40.93883561999998,18.08073911999994
3,0,7,CAP-G1200-B0-e0.95,capped,1200.0,0.0,0.95,0.0,1200.0,24.136006379999976,218.779567,0.7350931097871589,40.93883561999998,18.08073911999994
3,0,7,CAP-G1200-B15-e0.25,capped,1200.0,15.0,0.25,0.0,222.14285714285714,29.606235559999842,70.566773,0.49578056773013085,40.93883561999998,18.08073911999994
3,0,7,CAP-G1200-B15-e0.5,capped,1200.0,15.0,0.5,0.0,333.2142857142857,26.478647139999907,77.57711800000001,0.6326068524559797,40.93883561999998,18.08073911999994
3,0,7,CAP-G1200-B15-e0.75,capped,1200.0,15.0,0.75,0.0,666.4285714285714,24.46188543999999,107.975674,0.7208364957248282,40.93883561999998,18.08073911999994
3,0,7,CAP-G1200-B15-e0.9,capped,1200.0,15.0,0.9,0.0,1200.0,24.163269719999995,213.489003,0.7339003884247297,40.93883561999998,18.08073911999994
3,0,7,CAP-G1200-B15-e0.95,capped,1200.0,15.0,0.95,0.0,1200.0,24.104557,218.779567,0.7364689627589922,40.93883561999998,18.08073911999994
3,0,7,CAP-G1200-B30-e0.25,capped,1200.0,30.0,0.25,0.0,227.14285714285714,28.889772079999887,70.662674,0.5271245372509505,40.93883561999998,18.08073911999994
3,0,7,CAP-G1200-B30-e0.5,capped,1200.0,30.0,0.5,0.0,340.7142857142857,25.966284919999943,77.57711800000001,0.6550217643888243,40.93883561999998,18.08073911999994
3,0,7,CAP-G1200-B30-e0.75,capped,1200.0,30.0,0.75,0.0,681.4285714285714,24.271974799999978,107.975674,0.7291447395893168,40.93883561999998,18.08073911999994
3,0,7,CAP-G1200-B30-e0.9,capped,1200.0,30.0,0.9,0.0,1200.0,24.09306217999999,218.779567,0.7369718401530049,40.93883561999998,18.08073911999994
3,0,7,CAP-G1200-B30-e0.95,capped,1200.0,30.0,0.95,0.0,1200.0,24.088739239999995,218.779567,0.737160960887533,40.93883561999998,18.08073911999994
3,0,7,CAP-G1200-B60-e0.25,capped,1200.0,60.0,0.25,0.0,237.14285714285714,28.14830977999992,74.171014,0.5595621595175275,40.93883561999998,18.08073911999994
3,0,7,CAP-G1200-B60-e0.5,capped,1200.0,60.0,0.5,0.0,355.7142857142857,25.06326575999989,77.57711800000001,0.6945272043977967,40.93883561999998,18.08073911999994
3,0,7,CAP-G1200-B60-e0.75,capped,1200.0,60.0,0.75,0.0,711.4285714285714,24.11284787999997,116.485394,0.736106251891971,40.93883561999998,18.08073911999994
3,0,7,CAP-G1200-B60-e0.9,capped,1200.0,60.0,0.9,0.0,1200.0,24.12141223999987,218.779567,0.7357315767741238,40.93883561999998,18.08073911999994
3,0,7,CAP-G1200-B60-e0.95,capped,1200.0,60.0,0.95,0.0,1200.0,24.08870668,218.779567,0.7371623853281024,40.93883561999998,18.08073911999994
3,0,7,CAP-G1200-B120-e0.25,capped,1200.0,120.0,0.25,0.0,257.14285714285717,26.363615679999835,84.533655,0.6376392688691344,40.93883561999998,18.08073911999994
3,0,7,CAP-G1200-B120-e0.5,capped,1200.0,120.0,0.5,0.0,385.7142857142857,24.389382959999946,107.975674,0.7240083468892523,40.93883561999998,18.08073911999994
3,0,7,CAP-G1200-B120-e0.75,capped,1200.0,120.0,0.75,0.0,771.4285714285714,24.146794579999945,210.407731,0.7346211457283858,40.93883561999998,18.08073911999994
3,0,7,CAP-G1200-B120-e0.9,capped,1200.0,120.0,0.9,0.0,1200.0,24.088739239999995,218.779567,0.737160960887533,40.93883561999998,18.08073911999994
3,0,7,CAP-G1200-B120-e0.95,capped,1200.0,120.0,0.95,0.0,1200.0,24.088739239999995,218.779567,0.737160960887533,40.93883561999998,18.08073911999994
3,0,7,CAP-G1200-B240-e0.25,capped,1200.0,240.0,0.25,0.0,297.14285714285717,24.778120239999947,107.975674,0.7070018004342578,40.93883561999998,18.08073911999994
3,0,7,CAP-G1200-B240-e0.5,capped,1200.0,240.0,0.5,0.0,445.7142857142857,24.253956459999955,161.055937,0.7299330090762367,40.93883561999998,18.08073911999994
3,0,7,CAP-G1200-B240-e0.75,capped,1200.0,240.0,0.75,0.0,891.4285714285714,24.148383219999992,218.779567,0.7345516456280582,40.93883561999998,18.08073911999994
3,0,7,CAP-G1200-B240-e0.9,capped,1200.0,240.0,0.9,0.0,1200.0,24.088739239999995,218.779567,0.737160960887533,40.93883561999998,18.08073911999994
3,0,7,CAP-G1200-B240-e0.95,capped,1200.0,240.0,0.95,0.0,1200.0,24.088739239999995,218.779567,0.737160960887533,40.93883561999998,18.08073911999994
3,0,7,CAP-G1200-B360-e0.25,capped,1200.0,360.0,0.25,0.0,337.14285714285717,24.534391259999975,161.047707,0.717664498441503,40.93883561999998,18.08073911999994
3,0,7,CAP-G1200-B360-e0.5,capped,1200.0,360.0,0.5,0.0,505.7142857142857,24.239035439999984,213.489003,0.730585776466556,40.93883561999998,18.08073911999994
3,0,7,CAP-G1200-B360-e0.75,capped,1200.0,360.0,0.75,0.0,1011.4285714285714,24.09857436,218.779567,0.7367306923391433,40.93883561999998,18.08073911999994
3,0,7,CAP-G1200-B360-e0.9,capped,1200.0,360.0,0.9,0.0,1200.0,24.088739239999995,218.779567,0.737160960887533,40.93883561999998,18.08073911999994
3,0,7,CAP-G1200-B360-e0.95,capped,1200.0,360.0,0.95,0.0,1200.0,24.088739239999995,218.779567,0.737160960887533,40.93883561999998,18.08073911999994
3,0,7,CAP-G1200-B480-e0.25,capped,1200.0,480.0,0.25,0.0,377.14285714285717,24.31217389999995,182.15362,0.7273861023379614,40.93883561999998,18.08073911999994
3,0,7,CAP-G1200-B480-e0.5,capped,1200.0,480.0,0.5,0.0,565.7142857142858,24.183015159999965,218.779567,0.7330365614652115,40.93883561999998,18.08073911999994
3,0,7,CAP-G1200-B480-e0.75,capped,1200.0,480.0,0.75,0.0,1131.4285714285716,24.09732571999988,218.779567,0.7367853180600611,40.93883561999998,18.08073911999994
3,0,7,CAP-G1200-B480-e0.9,capped,1200.0,480.0,0.9,0.0,1200.0,24.088739239999995,218.779567,0.737160960887533,40.93883561999998,18.08073911999994
3,0,7,CAP-G1200-B480-e0.95,capped,1200.0,480.0,0.95,0.0,1200.0,24.088739239999995,218.779567,0.737160960887533,40.93883561999998,18.08073911999994
3,0,7,CAP-G1200-B600-e0.25,capped,1200.0,600.0,0.25,0.0,417.14285714285717,24.421905179999982,218.779567,0.7225855591256239,40.93883561999998,18.08073911999994
3,0,7,CAP-G1200-B600-e0.5,capped,1200.0,600.0,0.5,0.0,625.7142857142858,24.127510619999992,218.779567,0.7354647837802224,40.93883561999998,18.08073911999994
3,0,7,CAP-G1200-B600-e0.75,capped,1200.0,600.0,0.75,0.0,1200.0,24.088739239999995,218.779567,0.737160960887533,40.93883561999998,18.08073911999994
3,0,7,CAP-G1200-B600-e0.9,capped,1200.0,600.0,0.9,0.0,1200.0,24.088739239999995,218.779567,0.737160960887533,40.93883561999998,18.08073911999994
3,0,7,CAP-G1200-B600-e0.95,capped,1200.0,600.0,0.95,0.0,1200.0,24.088739239999995,218.779567,0.737160960887533,40.93883561999998,18.08073911999994
3,0,7,HYB-G1200-B0-g1-e0,hybrid,1200.0,0.0,0.0,1.0,1200.0,29.611252439999976,59.134347999999996,0.4955610883872147,40.93883561999998,18.08073911999994
3,0,7,HYB-G1200-B0-g1-e0.9,hybrid,1200.0,0.0,0.9,1.0,1200.0,24.093137,161.082597,0.7369685669145701,40.93883561999998,18.08073911999994
3,0,7,HYB-G1200-B0-g4-e0,hybrid,1200.0,0.0,0.0,4.0,1200.0,26.127468519999944,62.24257,0.6479702760901377,40.93883561999998,18.08073911999994
3,0,7,HYB-G1200-B0-g4-e0.9,hybrid,1200.0,0.0,0.9,4.0,1200.0,24.08130685999999,161.082597,0.7374861139465378,40.93883561999998,18.08073911999994
3,0,7,HYB-G1200-B0-g16-e0,hybrid,1200.0,0.0,0.0,16.0,1200.0,24.259962919999932,66.96598,0.7296702374145642,40.93883561999998,18.08073911999994
3,0,7,HYB-G1200-B0-g16-e0.9,hybrid,1200.0,0.0,0.9,16.0,1200.0,24.088739239999995,213.489003,0.737160960887533,40.93883561999998,18.08073911999994
3,0,7,HYB-G1200-B30-g1-e0,hybrid,1200.0,30.0,0.0,1.0,1200.0,28.28023201999996,62.24257,0.5537908023093697,40.93883561999998,18.08073911999994
3,0,7,HYB-G1200-B30-g1-e0.9,hybrid,1200.0,30.0,0.9,1.0,1200.0,24.031049139999904,218.779567,0.7396847974633428,40.93883561999998,18.08073911999994
3,0,7,HYB-G1200-B30-g4-e0,hybrid,1200.0,30.0,0.0,4.0,1200.0,25.69884007999995,65.25648699999999,0.6667219879835578,40.93883561999998,18.08073911999994
3,0,7,HYB-G1200-B30-g4-e0.9,hybrid,1200.0,30.0,0.9,4.0,1200.0,24.088739239999995,218.779567,0.737160960887533,40.93883561999998,18.08073911999994
3,0,7,HYB-G1200-B30-g16-e0,hybrid,1200.0,30.0,0.0,16.0,1200.0,24.37625919999997,84.495192,0.7245824874350312,40.93883561999998,18.08073911999994
3,0,7,HYB-G1200-B30-g16-e0.9,hybrid,1200.0,30.0,0.9,16.0,1200.0,24.088739239999995,218.779567,0.737160960887533,40.93883561999998,18.08073911999994
3,0,7,HYB-G1200-B120-g1-e0,hybrid,1200.0,120.0,0.0,1.0,1200.0,26.46200973999993,84.495192,0.6333347083384665,40.93883561999998,18.08073911999994
3,0,7,HYB-G1200-B120-g1-e0.9,hybrid,1200.0,120.0,0.9,1.0,1200.0,24.088739239999995,218.779567,0.737160960887533,40.93883561999998,18.08073911999994
3,0,7,HYB-G1200-B120-g4-e0,hybrid,1200.0,120.0,0.0,4.0,1200.0,25.023818419999884,84.495192,0.6962529535213078,40.93883561999998,18.08073911999994
3,0,7,HYB-G1200-B120-g4-e0.9,hybrid,1200.0,120.0,0.9,4.0,1200.0,24.088739239999995,218.779567,0.737160960887533,40.93883561999998,18.08073911999994
3,0,7,HYB-G1200-B120-g16-e0,hybrid,1200.0,120.0,0.0,16.0,1200.0,24.18494883999993,84.903277,0.7329519664946738,40.93883561999998,18.08073911999994
3,0,7,HYB-G1200-B120-g16-e0.9,hybrid,1200.0,120.0,0.9,16.0,1200.0,24.088739239999995,218.779567,0.737160960887533,40.93883561999998,18.08073911999994
3,1,5,SJF,reference,-1.0,-1.0,-1.0,-1.0,inf,36.279852299999995,367.327468,1.0,109.85287419999999,36.279852299999995
3,1,5,SPJF-E,reference,-1.0,-1.0,-1.0,-1.0,inf,48.14481609999998,335.458259,0.8387321399394636,109.85287419999999,36.279852299999995
3,1,5,FIX-B15,fixed,-1.0,15.0,0.0,0.0,159.75,109.55985927999976,63.712931,0.003982640816337489,109.85287419999999,36.279852299999995
3,1,5,FIX-B17.99,fixed,-1.0,17.99,0.0,0.0,160.4975,109.07405299999996,63.712931,0.01058568997014413,109.85287419999999,36.279852299999995
3,1,5,FIX-B21.576,fixed,-1.0,21.576,0.0,0.0,161.394,108.63119563999989,63.712931,0.016604980038207463,109.85287419999999,36.279852299999995
3,1,5,FIX-B25.877,fixed,-1.0,25.877,0.0,0.0,162.46925,108.41197561999996,63.712931,0.01958460510101766,109.85287419999999,36.279852299999995
3,1,5,FIX-B30,fixed,-1.0,30.0,0.0,0.0,163.5,107.84324425999978,63.712931,0.02731476685478118,109.85287419999999,36.279852299999995
3,1,5,FIX-B31.035,fixed,-1.0,31.035,0.0,0.0,163.75875,107.69567209999991,63.712931,0.029320558600027788,109.85287419999999,36.279852299999995
3,1,5,FIX-B37.222,fixed,-1.0,37.222,0.0,0.0,165.3055,106.89909887999994,63.712931,0.04014753293693444,109.85287419999999,36.279852299999995
3,1,5,FIX-B44.641,fixed,-1.0,44.641,0.0,0.0,167.16025,106.45075783999995,73.152249,0.046241356847135796,109.85287419999999,36.279852299999995
3,1,5,FIX-B53.54,fixed,-1.0,53.54,0.0,0.0,169.385,104.86010183999994,73.152249,0.06786145561325717,109.85287419999999,36.279852299999995
3,1,5,FIX-B60,fixed,-1.0,60.0,0.0,0.0,171.0,103.95760324,73.152249,0.08012816121665911,109.85287419999999,36.279852299999995
3,1,5,FIX-B64.212,fixed,-1.0,64.212,0.0,0.0,172.053,102.99733779999964,66.987395,0.09318003016538251,109.85287419999999,36.279852299999995
3,1,5,FIX-B77.012,fixed,-1.0,77.012,0.0,0.0,175.253,99.32459473999964,73.177405,0.14309972851611727,109.85287419999999,36.279852299999995
3,1,5,FIX-B92.363,fixed,-1.0,92.363,0.0,0.0,179.09075,94.48188247999995,73.177405,0.2089215764562749,109.85287419999999,36.279852299999995
3,1,5,FIX-B110.774,fixed,-1.0,110.774,0.0,0.0,183.6935,90.46883541999972,73.177405,0.26346666589754786,109.85287419999999,36.279852299999995
3,1,5,FIX-B120,fixed,-1.0,120.0,0.0,0.0,186.0,88.98475811999927,73.177405,0.28363815351182037,109.85287419999999,36.279852299999995
3,1,5,FIX-B132.855,fixed,-1.0,132.855,0.0,0.0,189.21375,86.24786173999993,115.042103,0.3208378812016699,109.85287419999999,36.279852299999995
3,1,5,FIX-B159.338,fixed,-1.0,159.338,0.0,0.0,195.8345,82.75643673999996,116.249557,0.3682931156046485,109.85287419999999,36.279852299999995
3,1,5,FIX-B191.099,fixed,-1.0,191.099,0.0,0.0,203.77474999999998,78.88929599999989,116.373926,0.42085505529575246,109.85287419999999,36.279852299999995
3,1,5,FIX-B229.192,fixed,-1.0,229.192,0.0,0.0,213.298,77.38192699999964,118.55851200000001,0.4413431222674892,109.85287419999999,36.279852299999995
3,1,5,FIX-B240,fixed,-1.0,240.0,0.0,0.0,216.0,76.23376991999996,118.55851200000001,0.45694880286003364,109.85287419999999,36.279852299999995
3,1,5,FIX-B274.878,fixed,-1.0,274.878,0.0,0.0,224.71949999999998,73.06129157999986,118.615489,0.5000689338274976,109.85287419999999,36.279852299999995
3,1,5,FIX-B329.671,fixed,-1.0,329.671,0.0,0.0,238.41775,67.98577279999996,118.721056,0.569055073704945,109.85287419999999,36.279852299999995
3,1,5,FIX-B360,fixed,-1.0,360.0,0.0,0.0,246.0,64.83786667999999,122.637176,0.6118412205656596,109.85287419999999,36.279852299999995
3,1,5,FIX-B395.386,fixed,-1.0,395.386,0.0,0.0,254.8465,62.24730799999973,131.559444,0.6470519352148599,109.85287419999999,36.279852299999995
3,1,5,FIX-B474.201,fixed,-1.0,474.201,0.0,0.0,274.55025,59.56885551999998,152.230442,0.6834572970014164,109.85287419999999,36.279852299999995
3,1,5,FIX-B480,fixed,-1.0,480.0,0.0,0.0,276.0,59.29752843999998,163.876563,0.6871451580270079,109.85287419999999,36.279852299999995
3,1,5,FIX-B568.726,fixed,-1.0,568.726,0.0,0.0,298.1815,56.787006719999965,170.327689,0.7212680152261087,109.85287419999999,36.279852299999995
3,1,5,FIX-B600,fixed,-1.0,600.0,0.0,0.0,306.0,56.04754943999996,170.361919,0.7313186732105676,109.85287419999999,36.279852299999995
3,1,5,FIX-B682.093,fixed,-1.0,682.093,0.0,0.0,326.52324999999996,54.69119118,204.594628,0.7497542114686471,109.85287419999999,36.279852299999995
3,1,5,FIX-B818.058,fixed,-1.0,818.058,0.0,0.0,360.5145,53.15760869999992,233.03105599999998,0.7705985704523587,109.85287419999999,36.279852299999995
3,1,5,FIX-B981.126,fixed,-1.0,981.126,0.0,0.0,401.2815,52.813415819999925,251.768589,0.775276818961273,109.85287419999999,36.279852299999995
3,1,5,FIX-B1176.7,fixed,-1.0,1176.699,0.0,0.0,450.17475,51.782267699999984,301.806101,0.789292120947937,109.85287419999999,36.279852299999995
3,1,5,FIX-B1411.26,fixed,-1.0,1411.256,0.0,0.0,508.814,50.999264619999906,335.458259,0.7999346507744858,109.85287419999999,36.279852299999995
3,1,5,FIX-B1692.57,fixed,-1.0,1692.569,0.0,0.0,579.14225,50.252052379999995,335.458259,0.8100907136995008,109.85287419999999,36.279852299999995
3,1,5,FIX-B2029.96,fixed,-1.0,2029.958,0.0,0.0,663.4895,50.051002899999965,335.458259,0.8128233658973852,109.85287419999999,36.279852299999995
3,1,5,FIX-B2434.6,fixed,-1.0,2434.6,0.0,0.0,764.65,49.75393995999999,335.458259,0.8168610271532154,109.85287419999999,36.279852299999995
3,1,5,FIX-B2919.9,fixed,-1.0,2919.901,0.0,0.0,885.97525,49.63726193999997,335.458259,0.8184469076429226,109.85287419999999,36.279852299999995
3,1,5,FIX-B3501.94,fixed,-1.0,3501.94,0.0,0.0,1031.4850000000001,49.15320801999997,335.458259,0.8250261388271185,109.85287419999999,36.279852299999995
3,1,5,FIX-B4200,fixed,-1.0,4200.0,0.0,0.0,1206.0,48.83916547999997,335.458259,0.8292945857644598,109.85287419999999,36.279852299999995
3,1,5,FIXEQ-G300,fixed,300.0,inf,0.0,0.0,300.0,56.709492819999944,170.327689,0.7223215793994735,109.85287419999999,36.279852299999995
3,1,5,CAP-G300-B0-e0,capped,300.0,0.0,0.0,0.0,156.0,109.85287419999999,0.0,0.0,109.85287419999999,36.279852299999995
3,1,5,CAP-G300-B0-e0.25,capped,300.0,0.0,0.25,0.0,208.0,81.37025369999985,74.236867,0.38713403044275585,109.85287419999999,36.279852299999995
3,1,5,CAP-G300-B0-e0.5,capped,300.0,0.0,0.5,0.0,300.0,62.48690803999988,118.55851200000001,0.6437953061705097,109.85287419999999,36.279852299999995
3,1,5,CAP-G300-B0-e0.75,capped,300.0,0.0,0.75,0.0,300.0,56.83063952,130.455452,0.7206749608853568,109.85287419999999,36.279852299999995
3,1,5,CAP-G300-B0-e0.9,capped,300.0,0.0,0.9,0.0,300.0,56.26840681999968,143.94394200000002,0.7283167932510913,109.85287419999999,36.279852299999995
3,1,5,CAP-G300-B0-e0.95,capped,300.0,0.0,0.95,0.0,300.0,56.61884143999994,143.94394200000002,0.7235537073950208,109.85287419999999,36.279852299999995
3,1,5,CAP-G300-B15-e0,capped,300.0,15.0,0.0,0.0,159.75,109.55985927999976,63.712931,0.003982640816337489,109.85287419999999,36.279852299999995
3,1,5,CAP-G300-B15-e0.25,capped,300.0,15.0,0.25,0.0,213.0,75.24046601999993,73.177405,0.4704497285301811,109.85287419999999,36.279852299999995
3,1,5,CAP-G300-B15-e0.5,capped,300.0,15.0,0.5,0.0,300.0,61.91238515999999,118.55851200000001,0.6516041859088026,109.85287419999999,36.279852299999995
3,1,5,CAP-G300-B15-e0.75,capped,300.0,15.0,0.75,0.0,300.0,56.482864099999986,143.687763,0.7254019030581644,109.85287419999999,36.279852299999995
3,1,5,CAP-G300-B15-e0.9,capped,300.0,15.0,0.9,0.0,300.0,56.70588723999992,143.94394200000002,0.7223705862216335,109.85287419999999,36.279852299999995
3,1,5,CAP-G300-B15-e0.95,capped,300.0,15.0,0.95,0.0,300.0,56.68748917999996,143.94394200000002,0.722620651524442,109.85287419999999,36.279852299999995
3,1,5,CAP-G300-B30-e0,capped,300.0,30.0,0.0,0.0,163.5,107.84324425999978,63.712931,0.02731476685478118,109.85287419999999,36.279852299999995
3,1,5,CAP-G300-B30-e0.25,capped,300.0,30.0,0.25,0.0,218.0,73.82298689999978,73.177405,0.48971601776765156,109.85287419999999,36.279852299999995
3,1,5,CAP-G300-B30-e0.5,capped,300.0,30.0,0.5,0.0,300.0,61.556069899999905,118.615489,0.6564472010629767,109.85287419999999,36.279852299999995
3,1,5,CAP-G300-B30-e0.75,capped,300.0,30.0,0.75,0.0,300.0,56.554295559999986,143.56573200000003,0.7244310110361256,109.85287419999999,36.279852299999995
3,1,5,CAP-G300-B30-e0.9,capped,300.0,30.0,0.9,0.0,300.0,56.69365151999995,143.94394200000002,0.7225368933772183,109.85287419999999,36.279852299999995
3,1,5,CAP-G300-B30-e0.95,capped,300.0,30.0,0.95,0.0,300.0,56.709492819999944,170.327689,0.7223215793994735,109.85287419999999,36.279852299999995
3,1,5,CAP-G300-B60-e0,capped,300.0,60.0,0.0,0.0,171.0,103.95760324,73.152249,0.08012816121665911,109.85287419999999,36.279852299999995
3,1,5,CAP-G300-B60-e0.25,capped,300.0,60.0,0.25,0.0,228.0,69.89097953999993,73.18311,0.5431596205782606,109.85287419999999,36.279852299999995
3,1,5,CAP-G300-B60-e0.5,capped,300.0,60.0,0.5,0.0,300.0,59.75251883999989,118.615489,0.6809609564236223,109.85287419999999,36.279852299999995
3,1,5,CAP-G300-B60-e0.75,capped,300.0,60.0,0.75,0.0,300.0,56.65008961999987,143.94394200000002,0.7231289840495206,109.85287419999999,36.279852299999995
3,1,5,CAP-G300-B60-e0.9,capped,300.0,60.0,0.9,0.0,300.0,56.709492819999944,170.327689,0.7223215793994735,109.85287419999999,36.279852299999995
3,1,5,CAP-G300-B60-e0.95,capped,300.0,60.0,0.95,0.0,300.0,56.709492819999944,170.327689,0.7223215793994735,109.85287419999999,36.279852299999995
3,1,5,CAP-G300-B120-e0,capped,300.0,120.0,0.0,0.0,186.0,88.98475811999927,73.177405,0.28363815351182037,109.85287419999999,36.279852299999995
3,1,5,CAP-G300-B120-e0.25,capped,300.0,120.0,0.25,0.0,248.0,67.16685571999999,118.55851200000001,0.5801857444161881,109.85287419999999,36.279852299999995
3,1,5,CAP-G300-B120-e0.5,capped,300.0,120.0,0.5,0.0,300.0,58.08923167999995,124.578893,0.7035682534605806,109.85287419999999,36.279852299999995
3,1,5,CAP-G300-B120-e0.75,capped,300.0,120.0,0.75,0.0,300.0,56.681449859999994,163.876563,0.7227027375913725,109.85287419999999,36.279852299999995
3,1,5,CAP-G300-B120-e0.9,capped,300.0,120.0,0.9,0.0,300.0,56.709492819999944,170.327689,0.7223215793994735,109.85287419999999,36.279852299999995
3,1,5,CAP-G300-B120-e0.95,capped,300.0,120.0,0.95,0.0,300.0,56.709492819999944,170.327689,0.7223215793994735,109.85287419999999,36.279852299999995
3,1,5,CAP-G300-B240-e0,capped,300.0,240.0,0.0,0.0,216.0,76.23376991999996,118.55851200000001,0.45694880286003364,109.85287419999999,36.279852299999995
3,1,5,CAP-G300-B240-e0.25,capped,300.0,240.0,0.25,0.0,288.0,59.401009219999935,122.965846,0.685738653613738,109.85287419999999,36.279852299999995
3,1,5,CAP-G300-B240-e0.5,capped,300.0,240.0,0.5,0.0,300.0,56.73323989999999,163.876563,0.7219988105449834,109.85287419999999,36.279852299999995
3,1,5,CAP-G300-B240-e0.75,capped,300.0,240.0,0.75,0.0,300.0,56.709492819999944,170.327689,0.7223215793994735,109.85287419999999,36.279852299999995
3,1,5,CAP-G300-B240-e0.9,capped,300.0,240.0,0.9,0.0,300.0,56.709492819999944,170.327689,0.7223215793994735,109.85287419999999,36.279852299999995
3,1,5,CAP-G300-B240-e0.95,capped,300.0,240.0,0.95,0.0,300.0,56.709492819999944,170.327689,0.7223215793994735,109.85287419999999,36.279852299999995
3,1,5,CAP-G300-B360-e0,capped,300.0,360.0,0.0,0.0,246.0,64.83786667999999,122.637176,0.6118412205656596,109.85287419999999,36.279852299999995
3,1,5,CAP-G300-B360-e0.25,capped,300.0,360.0,0.25,0.0,300.0,56.680477159999946,163.876563,0.7227159584700986,109.85287419999999,36.279852299999995
3,1,5,CAP-G300-B360-e0.5,capped,300.0,360.0,0.5,0.0,300.0,56.709492819999944,170.327689,0.7223215793994735,109.85287419999999,36.279852299999995
3,1,5,CAP-G300-B360-e0.75,capped,300.0,360.0,0.75,0.0,300.0,56.709492819999944,170.327689,0.7223215793994735,109.85287419999999,36.279852299999995
3,1,5,CAP-G300-B360-e0.9,capped,300.0,360.0,0.9,0.0,300.0,56.709492819999944,170.327689,0.7223215793994735,109.85287419999999,36.279852299999995
3,1,5,CAP-G300-B360-e0.95,capped,300.0,360.0,0.95,0.0,300.0,56.709492819999944,170.327689,0.7223215793994735,109.85287419999999,36.279852299999995
3,1,5,CAP-G300-B480-e0,capped,300.0,480.0,0.0,0.0,276.0,59.29752843999998,163.876563,0.6871451580270079,109.85287419999999,36.279852299999995
3,1,5,CAP-G300-B480-e0.25,capped,300.0,480.0,0.25,0.0,300.0,56.709492819999944,170.327689,0.7223215793994735,109.85287419999999,36.279852299999995
3,1,5,CAP-G300-B480-e0.5,capped,300.0,480.0,0.5,0.0,300.0,56.709492819999944,170.327689,0.7223215793994735,109.85287419999999,36.279852299999995
3,1,5,CAP-G300-B480-e0.75,capped,300.0,480.0,0.75,0.0,300.0,56.709492819999944,170.327689,0.7223215793994735,109.85287419999999,36.279852299999995
3,1,5,CAP-G300-B480-e0.9,capped,300.0,480.0,0.9,0.0,300.0,56.709492819999944,170.327689,0.7223215793994735,109.85287419999999,36.279852299999995
3,1,5,CAP-G300-B480-e0.95,capped,300.0,480.0,0.95,0.0,300.0,56.709492819999944,170.327689,0.7223215793994735,109.85287419999999,36.279852299999995
3,1,5,HYB-G300-B0-g1-e0,hybrid,300.0,0.0,0.0,1.0,300.0,78.32367011999995,53.104383,0.42854300755587216,109.85287419999999,36.279852299999995
3,1,5,HYB-G300-B0-g1-e0.9,hybrid,300.0,0.0,0.9,1.0,300.0,56.657292739999974,143.94394200000002,0.7230310796843866,109.85287419999999,36.279852299999995
3,1,5,HYB-G300-B0-g4-e0,hybrid,300.0,0.0,0.0,4.0,300.0,65.92406501999987,61.020513,0.5970776793660575,109.85287419999999,36.279852299999995
3,1,5,HYB-G300-B0-g4-e0.9,hybrid,300.0,0.0,0.9,4.0,300.0,56.67147711999991,161.736857,0.7228382864616315,109.85287419999999,36.279852299999995
3,1,5,HYB-G300-B0-g16-e0,hybrid,300.0,0.0,0.0,16.0,300.0,57.53001889999988,73.152249,0.7111690392589423,109.85287419999999,36.279852299999995
3,1,5,HYB-G300-B0-g16-e0.9,hybrid,300.0,0.0,0.9,16.0,300.0,56.69607753999995,169.58896199999998,0.7225039190622133,109.85287419999999,36.279852299999995
3,1,5,HYB-G300-B30-g1-e0,hybrid,300.0,30.0,0.0,1.0,300.0,74.70198699999999,63.712931,0.4777687023346258,109.85287419999999,36.279852299999995
3,1,5,HYB-G300-B30-g1-e0.9,hybrid,300.0,30.0,0.9,1.0,300.0,56.68748917999996,161.69643100000002,0.722620651524442,109.85287419999999,36.279852299999995
3,1,5,HYB-G300-B30-g4-e0,hybrid,300.0,30.0,0.0,4.0,300.0,63.25584563999974,78.296097,0.6333439534852143,109.85287419999999,36.279852299999995
3,1,5,HYB-G300-B30-g4-e0.9,hybrid,300.0,30.0,0.9,4.0,300.0,56.711021159999994,164.17721600000002,0.7223008062959556,109.85287419999999,36.279852299999995
3,1,5,HYB-G300-B30-g16-e0,hybrid,300.0,30.0,0.0,16.0,300.0,57.357111579999824,115.349664,0.7135191849446132,109.85287419999999,36.279852299999995
3,1,5,HYB-G300-B30-g16-e0.9,hybrid,300.0,30.0,0.9,16.0,300.0,56.71008025999997,169.924816,0.7223135949510323,109.85287419999999,36.279852299999995
3,1,5,HYB-G300-B120-g1-e0,hybrid,300.0,120.0,0.0,1.0,300.0,69.60423065999971,76.032477,0.5470570937633361,109.85287419999999,36.279852299999995
3,1,5,HYB-G300-B120-g1-e0.9,hybrid,300.0,120.0,0.9,1.0,300.0,56.709492819999944,170.327689,0.7223215793994735,109.85287419999999,36.279852299999995
3,1,5,HYB-G300-B120-g4-e0,hybrid,300.0,120.0,0.0,4.0,300.0,59.959904239999965,116.249557,0.6781421867898025,109.85287419999999,36.279852299999995
3,1,5,HYB-G300-B120-g4-e0.9,hybrid,300.0,120.0,0.9,4.0,300.0,56.709492819999944,170.327689,0.7223215793994735,109.85287419999999,36.279852299999995
3,1,5,HYB-G300-B120-g16-e0,hybrid,300.0,120.0,0.0,16.0,300.0,57.01935502,119.42846,0.7181099513869499,109.85287419999999,36.279852299999995
3,1,5,HYB-G300-B120-g16-e0.9,hybrid,300.0,120.0,0.9,16.0,300.0,56.709492819999944,170.327689,0.7223215793994735,109.85287419999999,36.279852299999995
3,1,5,FIXEQ-G600,fixed,600.0,inf,0.0,0.0,600.0,50.252226239999985,335.458259,0.8100883506050471,109.85287419999999,36.279852299999995
3,1,5,CAP-G600-B0-e0,capped,600.0,0.0,0.0,0.0,156.0,109.85287419999999,0.0,0.0,109.85287419999999,36.279852299999995
3,1,5,CAP-G600-B0-e0.25,capped,600.0,0.0,0.25,0.0,208.0,80.9530589799998,74.236867,0.39280451548232787,109.85287419999999,36.279852299999995
3,1,5,CAP-G600-B0-e0.5,capped,600.0,0.0,0.5,0.0,312.0,59.88540931999998,118.55851200000001,0.6791547171722195,109.85287419999999,36.279852299999995
3,1,5,CAP-G600-B0-e0.75,capped,600.0,0.0,0.75,0.0,600.0,52.777325519999884,130.455452,0.7757673561047533,109.85287419999999,36.279852299999995
3,1,5,CAP-G600-B0-e0.9,capped,600.0,0.0,0.9,0.0,600.0,50.77866985999999,143.94394200000002,0.8029329612190363,109.85287419999999,36.279852299999995
3,1,5,CAP-G600-B0-e0.95,capped,600.0,0.0,0.95,0.0,600.0,50.31587483999992,143.94394200000002,0.809223242738655,109.85287419999999,36.279852299999995
3,1,5,CAP-G600-B15-e0,capped,600.0,15.0,0.0,0.0,159.75,109.55985927999976,63.712931,0.003982640816337489,109.85287419999999,36.279852299999995
3,1,5,CAP-G600-B15-e0.25,capped,600.0,15.0,0.25,0.0,213.0,74.58331155999977,73.177405,0.4793817316344352,109.85287419999999,36.279852299999995
3,1,5,CAP-G600-B15-e0.5,capped,600.0,15.0,0.5,0.0,319.5,58.96255875999998,118.55851200000001,0.6916980453673607,109.85287419999999,36.279852299999995
3,1,5,CAP-G600-B15-e0.75,capped,600.0,15.0,0.75,0.0,600.0,51.77162953999997,143.687763,0.7894367141660118,109.85287419999999,36.279852299999995
3,1,5,CAP-G600-B15-e0.9,capped,600.0,15.0,0.9,0.0,600.0,50.71907537999989,143.94394200000002,0.8037429657351087,109.85287419999999,36.279852299999995
3,1,5,CAP-G600-B15-e0.95,capped,600.0,15.0,0.95,0.0,600.0,50.29317961999994,143.94394200000002,0.8095317147765554,109.85287419999999,36.279852299999995
3,1,5,CAP-G600-B30-e0,capped,600.0,30.0,0.0,0.0,163.5,107.84324425999978,63.712931,0.02731476685478118,109.85287419999999,36.279852299999995
3,1,5,CAP-G600-B30-e0.25,capped,600.0,30.0,0.25,0.0,218.0,72.88338661999994,73.177405,0.5024870071294443,109.85287419999999,36.279852299999995
3,1,5,CAP-G600-B30-e0.5,capped,600.0,30.0,0.5,0.0,327.0,58.57623917999995,118.615489,0.6969488773982253,109.85287419999999,36.279852299999995
3,1,5,CAP-G600-B30-e0.75,capped,600.0,30.0,0.75,0.0,600.0,51.78843224,143.56573200000003,0.7892083328984479,109.85287419999999,36.279852299999995
3,1,5,CAP-G600-B30-e0.9,capped,600.0,30.0,0.9,0.0,600.0,50.46900811999992,143.94394200000002,0.8071418645915382,109.85287419999999,36.279852299999995
3,1,5,CAP-G600-B30-e0.95,capped,600.0,30.0,0.95,0.0,600.0,50.250106919999965,204.76952,0.8101171562724683,109.85287419999999,36.279852299999995
3,1,5,CAP-G600-B60-e0,capped,600.0,60.0,0.0,0.0,171.0,103.95760324,73.152249,0.08012816121665911,109.85287419999999,36.279852299999995
3,1,5,CAP-G600-B60-e0.25,capped,600.0,60.0,0.25,0.0,228.0,68.79102485999977,73.18311,0.5581101371072027,109.85287419999999,36.279852299999995
3,1,5,CAP-G600-B60-e0.5,capped,600.0,60.0,0.5,0.0,342.0,56.47623863999991,118.615489,0.7254919559040172,109.85287419999999,36.279852299999995
3,1,5,CAP-G600-B60-e0.75,capped,600.0,60.0,0.75,0.0,600.0,51.16013365999993,143.94394200000002,0.7977481286520334,109.85287419999999,36.279852299999995
3,1,5,CAP-G600-B60-e0.9,capped,600.0,60.0,0.9,0.0,600.0,50.31204671999999,204.76646200000002,0.8092752743108409,109.85287419999999,36.279852299999995
3,1,5,CAP-G600-B60-e0.95,capped,600.0,60.0,0.95,0.0,600.0,50.252226239999985,318.095053,0.8100883506050471,109.85287419999999,36.279852299999995
3,1,5,CAP-G600-B120-e0,capped,600.0,120.0,0.0,0.0,186.0,88.98475811999927,73.177405,0.28363815351182037,109.85287419999999,36.279852299999995
3,1,5,CAP-G600-B120-e0.25,capped,600.0,120.0,0.25,0.0,248.0,65.88485539999994,118.55851200000001,0.5976106141156078,109.85287419999999,36.279852299999995
3,1,5,CAP-G600-B120-e0.5,capped,600.0,120.0,0.5,0.0,372.0,54.55881237999999,124.578893,0.7515534959968799,109.85287419999999,36.279852299999995
3,1,5,CAP-G600-B120-e0.75,capped,600.0,120.0,0.75,0.0,600.0,51.10197209999992,163.936898,0.7985386570073735,109.85287419999999,36.279852299999995
3,1,5,CAP-G600-B120-e0.9,capped,600.0,120.0,0.9,0.0,600.0,50.25068139999999,318.095053,0.810109347975552,109.85287419999999,36.279852299999995
3,1,5,CAP-G600-B120-e0.95,capped,600.0,120.0,0.95,0.0,600.0,50.252226239999985,335.458259,0.8100883506050471,109.85287419999999,36.279852299999995
3,1,5,CAP-G600-B240-e0,capped,600.0,240.0,0.0,0.0,216.0,76.23376991999996,118.55851200000001,0.45694880286003364,109.85287419999999,36.279852299999995
3,1,5,CAP-G600-B240-e0.25,capped,600.0,240.0,0.25,0.0,288.0,58.14507779999981,122.965846,0.7028091964236716,109.85287419999999,36.279852299999995
3,1,5,CAP-G600-B240-e0.5,capped,600.0,240.0,0.5,0.0,432.0,51.85306605999996,163.876563,0.7883298339822581,109.85287419999999,36.279852299999995
3,1,5,CAP-G600-B240-e0.75,capped,600.0,240.0,0.75,0.0,600.0,50.23678083999999,286.041518,0.8102982835342802,109.85287419999999,36.279852299999995
3,1,5,CAP-G600-B240-e0.9,capped,600.0,240.0,0.9,0.0,600.0,50.252226239999985,335.458259,0.8100883506050471,109.85287419999999,36.279852299999995
3,1,5,CAP-G600-B240-e0.95,capped,600.0,240.0,0.95,0.0,600.0,50.252226239999985,335.458259,0.8100883506050471,109.85287419999999,36.279852299999995
3,1,5,CAP-G600-B360-e0,capped,600.0,360.0,0.0,0.0,246.0,64.83786667999999,122.637176,0.6118412205656596,109.85287419999999,36.279852299999995
3,1,5,CAP-G600-B360-e0.25,capped,600.0,360.0,0.25,0.0,328.0,54.78103611999979,163.876563,0.748533044556108,109.85287419999999,36.279852299999995
3,1,5,CAP-G600-B360-e0.5,capped,600.0,360.0,0.5,0.0,492.0,50.981220619999995,209.54742,0.800179903715495,109.85287419999999,36.279852299999995
3,1,5,CAP-G600-B360-e0.75,capped,600.0,360.0,0.75,0.0,600.0,50.26547497999986,335.458259,0.8099082745437719,109.85287419999999,36.279852299999995
3,1,5,CAP-G600-B360-e0.9,capped,600.0,360.0,0.9,0.0,600.0,50.252226239999985,335.458259,0.8100883506050471,109.85287419999999,36.279852299999995
3,1,5,CAP-G600-B360-e0.95,capped,600.0,360.0,0.95,0.0,600.0,50.252226239999985,335.458259,0.8100883506050471,109.85287419999999,36.279852299999995
3,1,5,CAP-G600-B480-e0,capped,600.0,480.0,0.0,0.0,276.0,59.29752843999998,163.876563,0.6871451580270079,109.85287419999999,36.279852299999995
3,1,5,CAP-G600-B480-e0.25,capped,600.0,480.0,0.25,0.0,368.0,52.89629023999996,204.594628,0.774150394928933,109.85287419999999,36.279852299999995
3,1,5,CAP-G600-B480-e0.5,capped,600.0,480.0,0.5,0.0,552.0,50.69238919999994,241.347142,0.8041056826564855,109.85287419999999,36.279852299999995
3,1,5,CAP-G600-B480-e0.75,capped,600.0,480.0,0.75,0.0,600.0,50.252226239999985,335.458259,0.8100883506050471,109.85287419999999,36.279852299999995
3,1,5,CAP-G600-B480-e0.9,capped,600.0,480.0,0.9,0.0,600.0,50.252226239999985,335.458259,0.8100883506050471,109.85287419999999,36.279852299999995
3,1,5,CAP-G600-B480-e0.95,capped,600.0,480.0,0.95,0.0,600.0,50.252226239999985,335.458259,0.8100883506050471,109.85287419999999,36.279852299999995
3,1,5,CAP-G600-B600-e0,capped,600.0,600.0,0.0,0.0,306.0,56.04754943999996,170.361919,0.7313186732105676,109.85287419999999,36.279852299999995
3,1,5,CAP-G600-B600-e0.25,capped,600.0,600.0,0.25,0.0,408.0,51.48514349999993,233.917475,0.7933306148459299,109.85287419999999,36.279852299999995
3,1,5,CAP-G600-B600-e0.5,capped,600.0,600.0,0.5,0.0,600.0,50.475868719999944,301.91335000000004,0.807048615737232,109.85287419999999,36.279852299999995
3,1,5,CAP-G600-B600-e0.75,capped,600.0,600.0,0.75,0.0,600.0,50.252226239999985,335.458259,0.8100883506050471,109.85287419999999,36.279852299999995
3,1,5,CAP-G600-B600-e0.9,capped,600.0,600.0,0.9,0.0,600.0,50.252226239999985,335.458259,0.8100883506050471,109.85287419999999,36.279852299999995
3,1,5,CAP-G600-B600-e0.95,capped,600.0,600.0,0.95,0.0,600.0,50.252226239999985,335.458259,0.8100883506050471,109.85287419999999,36.279852299999995
3,1,5,HYB-G600-B0-g1-e0,hybrid,600.0,0.0,0.0,1.0,600.0,77.02563051999998,53.104383,0.4461858821650496,109.85287419999999,36.279852299999995
3,1,5,HYB-G600-B0-g1-e0.9,hybrid,600.0,0.0,0.9,1.0,600.0,50.31186575999997,143.94394200000002,0.8092777339080595,109.85287419999999,36.279852299999995
3,1,5,HYB-G600-B0-g4-e0,hybrid,600.0,0.0,0.0,4.0,600.0,62.56374511999996,61.020513,0.6427509412930617,109.85287419999999,36.279852299999995
3,1,5,HYB-G600-B0-g4-e0.9,hybrid,600.0,0.0,0.9,4.0,600.0,50.23328849999996,209.345699,0.8103457512053075,109.85287419999999,36.279852299999995
3,1,5,HYB-G600-B0-g16-e0,hybrid,600.0,0.0,0.0,16.0,600.0,51.59532971999983,73.152249,0.7918329705035558,109.85287419999999,36.279852299999995
3,1,5,HYB-G600-B0-g16-e0.9,hybrid,600.0,0.0,0.9,16.0,600.0,50.250106919999965,225.63352999999998,0.8101171562724683,109.85287419999999,36.279852299999995
3,1,5,HYB-G600-B30-g1-e0,hybrid,600.0,30.0,0.0,1.0,600.0,73.33784601999993,63.712931,0.49631002284548087,109.85287419999999,36.279852299999995
3,1,5,HYB-G600-B30-g1-e0.9,hybrid,600.0,30.0,0.9,1.0,600.0,50.255300419999934,161.980297,0.8100465665390871,109.85287419999999,36.279852299999995
3,1,5,HYB-G600-B30-g4-e0,hybrid,600.0,30.0,0.0,4.0,600.0,60.07104373999985,78.296097,0.6766315855241518,109.85287419999999,36.279852299999995
3,1,5,HYB-G600-B30-g4-e0.9,hybrid,600.0,30.0,0.9,4.0,600.0,50.252226239999985,215.652535,0.8100883506050471,109.85287419999999,36.279852299999995
3,1,5,HYB-G600-B30-g16-e0,hybrid,600.0,30.0,0.0,16.0,600.0,51.550135,115.349664,0.7924472543651221,109.85287419999999,36.279852299999995
3,1,5,HYB-G600-B30-g16-e0.9,hybrid,600.0,30.0,0.9,16.0,600.0,50.25370239999996,286.65835000000004,0.8100682867288891,109.85287419999999,36.279852299999995
3,1,5,HYB-G600-B120-g1-e0,hybrid,600.0,120.0,0.0,1.0,600.0,68.2949030999999,76.032477,0.5648533936323213,109.85287419999999,36.279852299999995
3,1,5,HYB-G600-B120-g1-e0.9,hybrid,600.0,120.0,0.9,1.0,600.0,50.252226239999985,318.095053,0.8100883506050471,109.85287419999999,36.279852299999995
3,1,5,HYB-G600-B120-g4-e0,hybrid,600.0,120.0,0.0,4.0,600.0,56.98609229999995,116.249557,0.7185620562365408,109.85287419999999,36.279852299999995
3,1,5,HYB-G600-B120-g4-e0.9,hybrid,600.0,120.0,0.9,4.0,600.0,50.252226239999985,335.495667,0.8100883506050471,109.85287419999999,36.279852299999995
3,1,5,HYB-G600-B120-g16-e0,hybrid,600.0,120.0,0.0,16.0,600.0,51.18298137999999,119.42846,0.7974375838434877,109.85287419999999,36.279852299999995
3,1,5,HYB-G600-B120-g16-e0.9,hybrid,600.0,120.0,0.9,16.0,600.0,50.252226239999985,335.347212,0.8100883506050471,109.85287419999999,36.279852299999995
3,1,5,CAP-G1200-B0-e0,capped,1200.0,0.0,0.0,0.0,156.0,109.85287419999999,0.0,0.0,109.85287419999999,36.279852299999995
3,1,5,CAP-G1200-B0-e0.25,capped,1200.0,0.0,0.25,0.0,208.0,80.9530589799998,74.236867,0.39280451548232787,109.85287419999999,36.279852299999995
3,1,5,CAP-G1200-B0-e0.5,capped,1200.0,0.0,0.5,0.0,312.0,59.748391799999936,118.55851200000001,0.68101705089811,109.85287419999999,36.279852299999995
3,1,5,CAP-G1200-B0-e0.75,capped,1200.0,0.0,0.75,0.0,624.0,51.63506315999996,130.455452,0.791292916024699,109.85287419999999,36.279852299999995
3,1,5,CAP-G1200-B0-e0.9,capped,1200.0,0.0,0.9,0.0,1200.0,49.496574179999996,143.94394200000002,0.8203591270457249,109.85287419999999,36.279852299999995
3,1,5,CAP-G1200-B0-e0.95,capped,1200.0,0.0,0.95,0.0,1200.0,48.95486105999999,143.94394200000002,0.8277220585389603,109.85287419999999,36.279852299999995
3,1,5,CAP-G1200-B15-e0.25,capped,1200.0,15.0,0.25,0.0,213.0,74.58331155999977,73.177405,0.4793817316344352,109.85287419999999,36.279852299999995
3,1,5,CAP-G1200-B15-e0.5,capped,1200.0,15.0,0.5,0.0,319.5,58.87182039999995,118.55851200000001,0.6929313555897322,109.85287419999999,36.279852299999995
3,1,5,CAP-G1200-B15-e0.75,capped,1200.0,15.0,0.75,0.0,639.0,50.56063761999992,143.687763,0.8058964420489582,109.85287419999999,36.279852299999995
3,1,5,CAP-G1200-B15-e0.9,capped,1200.0,15.0,0.9,0.0,1200.0,49.24850627999995,143.94394200000002,0.8237308507236951,109.85287419999999,36.279852299999995
3,1,5,CAP-G1200-B15-e0.95,capped,1200.0,15.0,0.95,0.0,1200.0,48.85696029999999,143.94394200000002,0.8290527196627221,109.85287419999999,36.279852299999995
3,1,5,CAP-G1200-B30-e0.25,capped,1200.0,30.0,0.25,0.0,218.0,72.88338661999994,73.177405,0.5024870071294443,109.85287419999999,36.279852299999995
3,1,5,CAP-G1200-B30-e0.5,capped,1200.0,30.0,0.5,0.0,327.0,58.38952869999991,118.615489,0.6994866347877997,109.85287419999999,36.279852299999995
3,1,5,CAP-G1200-B30-e0.75,capped,1200.0,30.0,0.75,0.0,654.0,50.3834605799999,143.56573200000003,0.8083046215069236,109.85287419999999,36.279852299999995
3,1,5,CAP-G1200-B30-e0.9,capped,1200.0,30.0,0.9,0.0,1200.0,49.06382917999998,143.94394200000002,0.8262409705370553,109.85287419999999,36.279852299999995
3,1,5,CAP-G1200-B30-e0.95,capped,1200.0,30.0,0.95,0.0,1200.0,48.85056747999988,204.76952,0.8291396104799675,109.85287419999999,36.279852299999995
3,1,5,CAP-G1200-B60-e0.25,capped,1200.0,60.0,0.25,0.0,228.0,68.79102485999977,73.18311,0.5581101371072027,109.85287419999999,36.279852299999995
3,1,5,CAP-G1200-B60-e0.5,capped,1200.0,60.0,0.5,0.0,342.0,56.341024899999944,118.615489,0.7273297727628074,109.85287419999999,36.279852299999995
3,1,5,CAP-G1200-B60-e0.75,capped,1200.0,60.0,0.75,0.0,684.0,49.924864619999944,143.94394200000002,0.8145378296606307,109.85287419999999,36.279852299999995
3,1,5,CAP-G1200-B60-e0.9,capped,1200.0,60.0,0.9,0.0,1200.0,48.96996257999997,204.76646200000002,0.8275167996055905,109.85287419999999,36.279852299999995
3,1,5,CAP-G1200-B60-e0.95,capped,1200.0,60.0,0.95,0.0,1200.0,48.84606893999998,318.095053,0.8292007543596631,109.85287419999999,36.279852299999995
3,1,5,CAP-G1200-B120-e0.25,capped,1200.0,120.0,0.25,0.0,248.0,65.88485539999994,118.55851200000001,0.5976106141156078,109.85287419999999,36.279852299999995
3,1,5,CAP-G1200-B120-e0.5,capped,1200.0,120.0,0.5,0.0,372.0,54.25661911999995,124.578893,0.7556608882474087,109.85287419999999,36.279852299999995
3,1,5,CAP-G1200-B120-e0.75,capped,1200.0,120.0,0.75,0.0,744.0,49.65056901999989,163.936898,0.8182660386279459,109.85287419999999,36.279852299999995
3,1,5,CAP-G1200-B120-e0.9,capped,1200.0,120.0,0.9,0.0,1200.0,48.76859995999997,318.095053,0.8302537079831437,109.85287419999999,36.279852299999995
3,1,5,CAP-G1200-B120-e0.95,capped,1200.0,120.0,0.95,0.0,1200.0,48.841102599999935,335.458259,0.8292682565482615,109.85287419999999,36.279852299999995
3,1,5,CAP-G1200-B240-e0.25,capped,1200.0,240.0,0.25,0.0,288.0,58.14507779999981,122.965846,0.7028091964236716,109.85287419999999,36.279852299999995
3,1,5,CAP-G1200-B240-e0.5,capped,1200.0,240.0,0.5,0.0,432.0,51.61506079999991,163.876563,0.7915647868746858,109.85287419999999,36.279852299999995
3,1,5,CAP-G1200-B240-e0.75,capped,1200.0,240.0,0.75,0.0,864.0,48.72625741999997,286.041518,0.8308292251891319,109.85287419999999,36.279852299999995
3,1,5,CAP-G1200-B240-e0.9,capped,1200.0,240.0,0.9,0.0,1200.0,48.84015309999996,335.458259,0.8292811620940099,109.85287419999999,36.279852299999995
3,1,5,CAP-G1200-B240-e0.95,capped,1200.0,240.0,0.95,0.0,1200.0,48.83916547999997,335.458259,0.8292945857644598,109.85287419999999,36.279852299999995
3,1,5,CAP-G1200-B360-e0.25,capped,1200.0,360.0,0.25,0.0,328.0,54.78103611999979,163.876563,0.748533044556108,109.85287419999999,36.279852299999995
3,1,5,CAP-G1200-B360-e0.5,capped,1200.0,360.0,0.5,0.0,492.0,50.68105511999996,209.54742,0.8042597347765056,109.85287419999999,36.279852299999995
3,1,5,CAP-G1200-B360-e0.75,capped,1200.0,360.0,0.75,0.0,984.0,48.64872877999995,335.458259,0.8318829897076723,109.85287419999999,36.279852299999995
3,1,5,CAP-G1200-B360-e0.9,capped,1200.0,360.0,0.9,0.0,1200.0,48.83916547999997,335.458259,0.8292945857644598,109.85287419999999,36.279852299999995
3,1,5,CAP-G1200-B360-e0.95,capped,1200.0,360.0,0.95,0.0,1200.0,48.83916547999997,335.458259,0.8292945857644598,109.85287419999999,36.279852299999995
3,1,5,CAP-G1200-B480-e0.25,capped,1200.0,480.0,0.25,0.0,368.0,52.89629023999996,204.594628,0.774150394928933,109.85287419999999,36.279852299999995
3,1,5,CAP-G1200-B480-e0.5,capped,1200.0,480.0,0.5,0.0,552.0,50.002619019999756,241.347142,0.8134809966260234,109.85287419999999,36.279852299999995
3,1,5,CAP-G1200-B480-e0.75,capped,1200.0,480.0,0.75,0.0,1104.0,48.93812537999997,335.458259,0.8279495288747958,109.85287419999999,36.279852299999995
3,1,5,CAP-G1200-B480-e0.9,capped,1200.0,480.0,0.9,0.0,1200.0,48.83916547999997,335.458259,0.8292945857644598,109.85287419999999,36.279852299999995
3,1,5,CAP-G1200-B480-e0.95,capped,1200.0,480.0,0.95,0.0,1200.0,48.83916547999997,335.458259,0.8292945857644598,109.85287419999999,36.279852299999995
3,1,5,CAP-G1200-B600-e0.25,capped,1200.0,600.0,0.25,0.0,408.0,51.48514349999993,233.917475,0.7933306148459299,109.85287419999999,36.279852299999995
3,1,5,CAP-G1200-B600-e0.5,capped,1200.0,600.0,0.5,0.0,612.0,49.557907379999925,301.91335000000004,0.8195254899540843,109.85287419999999,36.279852299999995
3,1,5,CAP-G1200-B600-e0.75,capped,1200.0,600.0,0.75,0.0,1200.0,48.75557629999989,335.458259,0.8304307247708703,109.85287419999999,36.279852299999995
3,1,5,CAP-G1200-B600-e0.9,capped,1200.0,600.0,0.9,0.0,1200.0,48.83916547999997,335.458259,0.8292945857644598,109.85287419999999,36.279852299999995
3,1,5,CAP-G1200-B600-e0.95,capped,1200.0,600.0,0.95,0.0,1200.0,48.83916547999997,335.458259,0.8292945857644598,109.85287419999999,36.279852299999995
3,1,5,HYB-G1200-B0-g1-e0,hybrid,1200.0,0.0,0.0,1.0,1200.0,77.02563051999998,53.104383,0.4461858821650496,109.85287419999999,36.279852299999995
3,1,5,HYB-G1200-B0-g1-e0.9,hybrid,1200.0,0.0,0.9,1.0,1200.0,48.85056747999988,143.94394200000002,0.8291396104799675,109.85287419999999,36.279852299999995
3,1,5,HYB-G1200-B0-g4-e0,hybrid,1200.0,0.0,0.0,4.0,1200.0,62.41748057999992,61.020513,0.6447389599474924,109.85287419999999,36.279852299999995
3,1,5,HYB-G1200-B0-g4-e0.9,hybrid,1200.0,0.0,0.9,4.0,1200.0,48.79408927999997,209.345699,0.8299072587094595,109.85287419999999,36.279852299999995
3,1,5,HYB-G1200-B0-g16-e0,hybrid,1200.0,0.0,0.0,16.0,1200.0,50.98894533999999,73.152249,0.8000749097951625,109.85287419999999,36.279852299999995
3,1,5,HYB-G1200-B0-g16-e0.9,hybrid,1200.0,0.0,0.9,16.0,1200.0,48.75753169999997,225.63352999999998,0.8304041470940319,109.85287419999999,36.279852299999995
3,1,5,HYB-G1200-B30-g1-e0,hybrid,1200.0,30.0,0.0,1.0,1200.0,73.33784601999993,63.712931,0.49631002284548087,109.85287419999999,36.279852299999995
3,1,5,HYB-G1200-B30-g1-e0.9,hybrid,1200.0,30.0,0.9,1.0,1200.0,48.81441025999993,161.980297,0.8296310571959811,109.85287419999999,36.279852299999995
3,1,5,HYB-G1200-B30-g4-e0,hybrid,1200.0,30.0,0.0,4.0,1200.0,59.82223573999982,78.296097,0.6800133685959171,109.85287419999999,36.279852299999995
3,1,5,HYB-G1200-B30-g4-e0.9,hybrid,1200.0,30.0,0.9,4.0,1200.0,48.766053159999935,215.652535,0.8302883239324993,109.85287419999999,36.279852299999995
3,1,5,HYB-G1200-B30-g16-e0,hybrid,1200.0,30.0,0.0,16.0,1200.0,50.82616915999996,115.349664,0.8022873536474929,109.85287419999999,36.279852299999995
3,1,5,HYB-G1200-B30-g16-e0.9,hybrid,1200.0,30.0,0.9,16.0,1200.0,48.81594625999995,286.65835000000004,0.8296101799782136,109.85287419999999,36.279852299999995
3,1,5,HYB-G1200-B120-g1-e0,hybrid,1200.0,120.0,0.0,1.0,1200.0,68.2949030999999,76.032477,0.5648533936323213,109.85287419999999,36.279852299999995
3,1,5,HYB-G1200-B120-g1-e0.9,hybrid,1200.0,120.0,0.9,1.0,1200.0,48.83359469999999,318.095053,0.8293703034644552,109.85287419999999,36.279852299999995
3,1,5,HYB-G1200-B120-g4-e0,hybrid,1200.0,120.0,0.0,4.0,1200.0,56.86044605999993,116.249557,0.7202698322222927,109.85287419999999,36.279852299999995
3,1,5,HYB-G1200-B120-g4-e0.9,hybrid,1200.0,120.0,0.9,4.0,1200.0,48.769480219999885,335.495667,0.8302417435432282,109.85287419999999,36.279852299999995
3,1,5,HYB-G1200-B120-g16-e0,hybrid,1200.0,120.0,0.0,16.0,1200.0,50.50736641999998,119.42846,0.8066205009311982,109.85287419999999,36.279852299999995
3,1,5,HYB-G1200-B120-g16-e0.9,hybrid,1200.0,120.0,0.9,16.0,1200.0,48.83916547999997,335.347212,0.8292945857644598,109.85287419999999,36.279852299999995
3,2,4,SJF,reference,-1.0,-1.0,-1.0,-1.0,inf,45.94748959999989,439.963315,1.0,213.26275069999951,45.94748959999989
3,2,4,SPJF-E,reference,-1.0,-1.0,-1.0,-1.0,inf,70.97738289999988,676.3017,0.8504028076372523,213.26275069999951,45.94748959999989
3,2,4,FIX-B15,fixed,-1.0,15.0,0.0,0.0,153.75,213.89504977999985,53.941545,-0.0037790879077218746,213.26275069999951,45.94748959999989
3,2,4,FIX-B17.99,fixed,-1.0,17.99,0.0,0.0,154.4975,214.08503158,53.941545,-0.004914559942676257,213.26275069999951,45.94748959999989
3,2,4,FIX-B21.576,fixed,-1.0,21.576,0.0,0.0,155.394,213.94661331999973,53.941545,-0.004087269837217581,213.26275069999951,45.94748959999989
3,2,4,FIX-B25.877,fixed,-1.0,25.877,0.0,0.0,156.46925,213.78496613999997,53.941545,-0.0031211464905663198,213.26275069999951,45.94748959999989
3,2,4,FIX-B30,fixed,-1.0,30.0,0.0,0.0,157.5,213.83799327999984,53.941545,-0.0034380759783562997,213.26275069999951,45.94748959999989
3,2,4,FIX-B31.035,fixed,-1.0,31.035,0.0,0.0,157.75875,213.82350041999976,53.941545,-0.0033514559061357902,213.26275069999951,45.94748959999989
3,2,4,FIX-B37.222,fixed,-1.0,37.222,0.0,0.0,159.3055,214.294459,53.941545,-0.0061662534141691434,213.26275069999951,45.94748959999989
3,2,4,FIX-B44.641,fixed,-1.0,44.641,0.0,0.0,161.16025,214.40125157999995,62.111421,-0.006804525017714827,213.26275069999951,45.94748959999989
3,2,4,FIX-B53.54,fixed,-1.0,53.54,0.0,0.0,163.385,214.6069038399998,62.111421,-0.008033655335223275,213.26275069999951,45.94748959999989
3,2,4,FIX-B60,fixed,-1.0,60.0,0.0,0.0,165.0,214.55460623999983,74.381152,-0.007721086119144907,213.26275069999951,45.94748959999989
3,2,4,FIX-B64.212,fixed,-1.0,64.212,0.0,0.0,166.053,213.9677554799999,83.568793,-0.004213631054127407,213.26275069999951,45.94748959999989
3,2,4,FIX-B77.012,fixed,-1.0,77.012,0.0,0.0,169.253,213.12928121999994,83.568793,0.0007977125285648927,213.26275069999951,45.94748959999989
3,2,4,FIX-B92.363,fixed,-1.0,92.363,0.0,0.0,173.09075,212.07240415999948,83.56268399999999,0.007114393105411939,213.26275069999951,45.94748959999989
3,2,4,FIX-B110.774,fixed,-1.0,110.774,0.0,0.0,177.6935,210.1976305999998,83.580726,0.01831942932072276,213.26275069999951,45.94748959999989
3,2,4,FIX-B120,fixed,-1.0,120.0,0.0,0.0,180.0,209.43813426,83.600662,0.022858742321859398,213.26275069999951,45.94748959999989
3,2,4,FIX-B132.855,fixed,-1.0,132.855,0.0,0.0,183.21375,209.12665692,91.794619,0.024720361745887008,213.26275069999951,45.94748959999989
3,2,4,FIX-B159.338,fixed,-1.0,159.338,0.0,0.0,189.8345,206.3992014599999,99.151175,0.04102165693001237,213.26275069999951,45.94748959999989
3,2,4,FIX-B191.099,fixed,-1.0,191.099,0.0,0.0,197.77474999999998,202.71350689999971,99.260814,0.06305009914005881,213.26275069999951,45.94748959999989
3,2,4,FIX-B229.192,fixed,-1.0,229.192,0.0,0.0,207.298,197.64612015999998,100.45429299999999,0.09333655780906867,213.26275069999951,45.94748959999989
3,2,4,FIX-B240,fixed,-1.0,240.0,0.0,0.0,210.0,196.43418815999996,103.3129,0.10057996162072505,213.26275069999951,45.94748959999989
3,2,4,FIX-B274.878,fixed,-1.0,274.878,0.0,0.0,218.71949999999998,188.08545377999977,122.469698,0.15047818563873852,213.26275069999951,45.94748959999989
3,2,4,FIX-B329.671,fixed,-1.0,329.671,0.0,0.0,232.41775,175.77479298,128.163503,0.22405581818142709,213.26275069999951,45.94748959999989
3,2,4,FIX-B360,fixed,-1.0,360.0,0.0,0.0,240.0,172.61410779999997,133.93771099999998,0.24294641524484126,213.26275069999951,45.94748959999989
3,2,4,FIX-B395.386,fixed,-1.0,395.386,0.0,0.0,248.8465,167.76165567999956,133.93771099999998,0.27194826533369976,213.26275069999951,45.94748959999989
3,2,4,FIX-B474.201,fixed,-1.0,474.201,0.0,0.0,268.55025,155.32724573999982,178.884545,0.3462655144492365,213.26275069999951,45.94748959999989
3,2,4,FIX-B480,fixed,-1.0,480.0,0.0,0.0,270.0,154.0088691799996,178.884545,0.3541451098389975,213.26275069999951,45.94748959999989
3,2,4,FIX-B568.726,fixed,-1.0,568.726,0.0,0.0,292.1815,139.68594793999983,194.48369,0.4397495020853172,213.26275069999951,45.94748959999989
3,2,4,FIX-B600,fixed,-1.0,600.0,0.0,0.0,300.0,138.2790282799994,194.48369,0.44815829666120205,213.26275069999951,45.94748959999989
3,2,4,FIX-B682.093,fixed,-1.0,682.093,0.0,0.0,320.52324999999996,128.78912065999998,209.089991,0.5048770177008063,213.26275069999951,45.94748959999989
3,2,4,FIX-B818.058,fixed,-1.0,818.058,0.0,0.0,354.5145,115.31020537999973,264.67174,0.5854370048256167,213.26275069999951,45.94748959999989
3,2,4,FIX-B981.126,fixed,-1.0,981.126,0.0,0.0,395.2815,107.35825199999992,271.08148800000004,0.6329637715277118,213.26275069999951,45.94748959999989
3,2,4,FIX-B1176.7,fixed,-1.0,1176.699,0.0,0.0,444.17475,98.998437,327.553461,0.6829282215428452,213.26275069999951,45.94748959999989
3,2,4,FIX-B1411.26,fixed,-1.0,1411.256,0.0,0.0,502.814,92.1353334199999,382.706861,0.7239472148784155,213.26275069999951,45.94748959999989
3,2,4,FIX-B1692.57,fixed,-1.0,1692.569,0.0,0.0,573.14225,85.98335401999987,448.424342,0.760716003090288,213.26275069999951,45.94748959999989
3,2,4,FIX-B2029.96,fixed,-1.0,2029.958,0.0,0.0,657.4895,81.78359589999982,560.261616,0.7858168701145456,213.26275069999951,45.94748959999989
3,2,4,FIX-B2434.6,fixed,-1.0,2434.6,0.0,0.0,758.65,80.06283813999998,625.873029,0.7961013937658065,213.26275069999951,45.94748959999989
3,2,4,FIX-B2919.9,fixed,-1.0,2919.901,0.0,0.0,879.97525,78.38148817999968,676.3017,0.8061503871986018,213.26275069999951,45.94748959999989
3,2,4,FIX-B3501.94,fixed,-1.0,3501.94,0.0,0.0,1025.4850000000001,77.10369175999999,676.3017,0.8137874455972135,213.26275069999951,45.94748959999989
3,2,4,FIX-B4200,fixed,-1.0,4200.0,0.0,0.0,1200.0,76.58728629999962,676.3017,0.8168738673414425,213.26275069999951,45.94748959999989
3,2,4,FIXEQ-G300,fixed,300.0,inf,0.0,0.0,300.0,138.2790282799994,194.48369,0.44815829666120205,213.26275069999951,45.94748959999989
3,2,4,CAP-G300-B0-e0,capped,300.0,0.0,0.0,0.0,150.0,213.26275069999951,0.0,0.0,213.26275069999951,45.94748959999989
3,2,4,CAP-G300-B0-e0.25,capped,300.0,0.0,0.25,0.0,200.0,184.16274917999948,57.246009,0.17392317549926176,213.26275069999951,45.94748959999989
3,2,4,CAP-G300-B0-e0.5,capped,300.0,0.0,0.5,0.0,300.0,137.54363337999965,99.796966,0.45255356159498616,213.26275069999951,45.94748959999989
3,2,4,CAP-G300-B0-e0.75,capped,300.0,0.0,0.75,0.0,300.0,133.2235734199999,132.714107,0.47837344157244843,213.26275069999951,45.94748959999989
3,2,4,CAP-G300-B0-e0.9,capped,300.0,0.0,0.9,0.0,300.0,134.1919472999996,194.48369,0.4725857215902231,213.26275069999951,45.94748959999989
3,2,4,CAP-G300-B0-e0.95,capped,300.0,0.0,0.95,0.0,300.0,137.0459293799998,194.48369,0.4555282095543399,213.26275069999951,45.94748959999989
3,2,4,CAP-G300-B15-e0,capped,300.0,15.0,0.0,0.0,153.75,213.89504977999985,53.941545,-0.0037790879077218746,213.26275069999951,45.94748959999989
3,2,4,CAP-G300-B15-e0.25,capped,300.0,15.0,0.25,0.0,205.0,174.50346985999954,83.580726,0.2316541873417909,213.26275069999951,45.94748959999989
3,2,4,CAP-G300-B15-e0.5,capped,300.0,15.0,0.5,0.0,300.0,135.28010321999997,99.283138,0.4660820953648186,213.26275069999951,45.94748959999989
3,2,4,CAP-G300-B15-e0.75,capped,300.0,15.0,0.75,0.0,300.0,132.01452183999893,132.714107,0.48559962985947114,213.26275069999951,45.94748959999989
3,2,4,CAP-G300-B15-e0.9,capped,300.0,15.0,0.9,0.0,300.0,136.31420441999984,194.48369,0.4599015402068416,213.26275069999951,45.94748959999989
3,2,4,CAP-G300-B15-e0.95,capped,300.0,15.0,0.95,0.0,300.0,138.07386509999975,194.48369,0.44938450387416534,213.26275069999951,45.94748959999989
3,2,4,CAP-G300-B30-e0,capped,300.0,30.0,0.0,0.0,157.5,213.83799327999984,53.941545,-0.0034380759783562997,213.26275069999951,45.94748959999989
3,2,4,CAP-G300-B30-e0.25,capped,300.0,30.0,0.25,0.0,210.0,171.95810821999993,83.600662,0.24686715490533148,213.26275069999951,45.94748959999989
3,2,4,CAP-G300-B30-e0.5,capped,300.0,30.0,0.5,0.0,300.0,137.89895625999972,101.373702,0.45042988872937884,213.26275069999951,45.94748959999989
3,2,4,CAP-G300-B30-e0.75,capped,300.0,30.0,0.75,0.0,300.0,131.68807518,180.352798,0.4875507170337835,213.26275069999951,45.94748959999989
3,2,4,CAP-G300-B30-e0.9,capped,300.0,30.0,0.9,0.0,300.0,137.66222545999997,194.48369,0.4518447674346648,213.26275069999951,45.94748959999989
3,2,4,CAP-G300-B30-e0.95,capped,300.0,30.0,0.95,0.0,300.0,138.2790282799994,194.48369,0.44815829666120205,213.26275069999951,45.94748959999989
3,2,4,CAP-G300-B60-e0,capped,300.0,60.0,0.0,0.0,165.0,214.55460623999983,74.381152,-0.007721086119144907,213.26275069999951,45.94748959999989
3,2,4,CAP-G300-B60-e0.25,capped,300.0,60.0,0.25,0.0,220.0,166.60544333999988,92.787643,0.27885864716257935,213.26275069999951,45.94748959999989
3,2,4,CAP-G300-B60-e0.5,capped,300.0,60.0,0.5,0.0,300.0,138.4053131799993,106.618797,0.4474035245073074,213.26275069999951,45.94748959999989
3,2,4,CAP-G300-B60-e0.75,capped,300.0,60.0,0.75,0.0,300.0,134.33243427999986,179.695805,0.47174606728088736,213.26275069999951,45.94748959999989
3,2,4,CAP-G300-B60-e0.9,capped,300.0,60.0,0.9,0.0,300.0,138.2790282799994,194.48369,0.44815829666120205,213.26275069999951,45.94748959999989
3,2,4,CAP-G300-B60-e0.95,capped,300.0,60.0,0.95,0.0,300.0,138.2790282799994,194.48369,0.44815829666120205,213.26275069999951,45.94748959999989
3,2,4,CAP-G300-B120-e0,capped,300.0,120.0,0.0,0.0,180.0,209.43813426,83.600662,0.022858742321859398,213.26275069999951,45.94748959999989
3,2,4,CAP-G300-B120-e0.25,capped,300.0,120.0,0.25,0.0,240.0,157.58005873999997,99.283138,0.33280103437019753,213.26275069999951,45.94748959999989
3,2,4,CAP-G300-B120-e0.5,capped,300.0,120.0,0.5,0.0,300.0,135.24296163999986,133.93771099999998,0.4663040809730406,213.26275069999951,45.94748959999989
3,2,4,CAP-G300-B120-e0.75,capped,300.0,120.0,0.75,0.0,300.0,138.24026273999985,194.48369,0.4483899882579201,213.26275069999951,45.94748959999989
3,2,4,CAP-G300-B120-e0.9,capped,300.0,120.0,0.9,0.0,300.0,138.2790282799994,194.48369,0.44815829666120205,213.26275069999951,45.94748959999989
3,2,4,CAP-G300-B120-e0.95,capped,300.0,120.0,0.95,0.0,300.0,138.2790282799994,194.48369,0.44815829666120205,213.26275069999951,45.94748959999989
3,2,4,CAP-G300-B240-e0,capped,300.0,240.0,0.0,0.0,210.0,196.43418815999996,103.3129,0.10057996162072505,213.26275069999951,45.94748959999989
3,2,4,CAP-G300-B240-e0.25,capped,300.0,240.0,0.25,0.0,280.0,144.12609383999992,133.93771099999998,0.4132118995330531,213.26275069999951,45.94748959999989
3,2,4,CAP-G300-B240-e0.5,capped,300.0,240.0,0.5,0.0,300.0,137.61129445999956,194.48369,0.45214916883633954,213.26275069999951,45.94748959999989
3,2,4,CAP-G300-B240-e0.75,capped,300.0,240.0,0.75,0.0,300.0,138.2790282799994,194.48369,0.44815829666120205,213.26275069999951,45.94748959999989
3,2,4,CAP-G300-B240-e0.9,capped,300.0,240.0,0.9,0.0,300.0,138.2790282799994,194.48369,0.44815829666120205,213.26275069999951,45.94748959999989
3,2,4,CAP-G300-B240-e0.95,capped,300.0,240.0,0.95,0.0,300.0,138.2790282799994,194.48369,0.44815829666120205,213.26275069999951,45.94748959999989
3,2,4,CAP-G300-B360-e0,capped,300.0,360.0,0.0,0.0,240.0,172.61410779999997,133.93771099999998,0.24294641524484126,213.26275069999951,45.94748959999989
3,2,4,CAP-G300-B360-e0.25,capped,300.0,360.0,0.25,0.0,300.0,137.23554547999962,178.915671,0.4543949232136128,213.26275069999951,45.94748959999989
3,2,4,CAP-G300-B360-e0.5,capped,300.0,360.0,0.5,0.0,300.0,138.2790282799994,194.48369,0.44815829666120205,213.26275069999951,45.94748959999989
3,2,4,CAP-G300-B360-e0.75,capped,300.0,360.0,0.75,0.0,300.0,138.2790282799994,194.48369,0.44815829666120205,213.26275069999951,45.94748959999989
3,2,4,CAP-G300-B360-e0.9,capped,300.0,360.0,0.9,0.0,300.0,138.2790282799994,194.48369,0.44815829666120205,213.26275069999951,45.94748959999989
3,2,4,CAP-G300-B360-e0.95,capped,300.0,360.0,0.95,0.0,300.0,138.2790282799994,194.48369,0.44815829666120205,213.26275069999951,45.94748959999989
3,2,4,CAP-G300-B480-e0,capped,300.0,480.0,0.0,0.0,270.0,154.0088691799996,178.884545,0.3541451098389975,213.26275069999951,45.94748959999989
3,2,4,CAP-G300-B480-e0.25,capped,300.0,480.0,0.25,0.0,300.0,138.2790282799994,194.48369,0.44815829666120205,213.26275069999951,45.94748959999989
3,2,4,CAP-G300-B480-e0.5,capped,300.0,480.0,0.5,0.0,300.0,138.2790282799994,194.48369,0.44815829666120205,213.26275069999951,45.94748959999989
3,2,4,CAP-G300-B480-e0.75,capped,300.0,480.0,0.75,0.0,300.0,138.2790282799994,194.48369,0.44815829666120205,213.26275069999951,45.94748959999989
3,2,4,CAP-G300-B480-e0.9,capped,300.0,480.0,0.9,0.0,300.0,138.2790282799994,194.48369,0.44815829666120205,213.26275069999951,45.94748959999989
3,2,4,CAP-G300-B480-e0.95,capped,300.0,480.0,0.95,0.0,300.0,138.2790282799994,194.48369,0.44815829666120205,213.26275069999951,45.94748959999989
3,2,4,HYB-G300-B0-g1-e0,hybrid,300.0,0.0,0.0,1.0,300.0,184.12666495999994,44.802672,0.17413884154049614,213.26275069999951,45.94748959999989
3,2,4,HYB-G300-B0-g1-e0.9,hybrid,300.0,0.0,0.9,1.0,300.0,137.66222545999997,194.48369,0.4518447674346648,213.26275069999951,45.94748959999989
3,2,4,HYB-G300-B0-g4-e0,hybrid,300.0,0.0,0.0,4.0,300.0,155.38903223999966,62.094333000000006,0.34589623253440316,213.26275069999951,45.94748959999989
3,2,4,HYB-G300-B0-g4-e0.9,hybrid,300.0,0.0,0.9,4.0,300.0,138.09885603999993,194.48369,0.4492351394955912,213.26275069999951,45.94748959999989
3,2,4,HYB-G300-B0-g16-e0,hybrid,300.0,0.0,0.0,16.0,300.0,142.14559457999977,145.250395,0.4250488308863531,213.26275069999951,45.94748959999989
3,2,4,HYB-G300-B0-g16-e0.9,hybrid,300.0,0.0,0.9,16.0,300.0,138.26976093999954,194.48369,0.44821368515319576,213.26275069999951,45.94748959999989
3,2,4,HYB-G300-B30-g1-e0,hybrid,300.0,30.0,0.0,1.0,300.0,180.61474591999988,53.941545,0.19512867245556786,213.26275069999951,45.94748959999989
3,2,4,HYB-G300-B30-g1-e0.9,hybrid,300.0,30.0,0.9,1.0,300.0,138.1823366799996,194.48369,0.44873619732229014,213.26275069999951,45.94748959999989
3,2,4,HYB-G300-B30-g4-e0,hybrid,300.0,30.0,0.0,4.0,300.0,154.6346011599997,62.111421,0.35040527178784614,213.26275069999951,45.94748959999989
3,2,4,HYB-G300-B30-g4-e0.9,hybrid,300.0,30.0,0.9,4.0,300.0,138.25903312,194.48369,0.4482778025560496,213.26275069999951,45.94748959999989
3,2,4,HYB-G300-B30-g16-e0,hybrid,300.0,30.0,0.0,16.0,300.0,140.3624464199997,151.665775,0.4357062458064082,213.26275069999951,45.94748959999989
3,2,4,HYB-G300-B30-g16-e0.9,hybrid,300.0,30.0,0.9,16.0,300.0,138.2790282799994,194.48369,0.44815829666120205,213.26275069999951,45.94748959999989
3,2,4,HYB-G300-B120-g1-e0,hybrid,300.0,120.0,0.0,1.0,300.0,168.23758985999913,86.165666,0.269103729952584,213.26275069999951,45.94748959999989
3,2,4,HYB-G300-B120-g1-e0.9,hybrid,300.0,120.0,0.9,1.0,300.0,138.2790282799994,194.48369,0.44815829666120205,213.26275069999951,45.94748959999989
3,2,4,HYB-G300-B120-g4-e0,hybrid,300.0,120.0,0.0,4.0,300.0,146.36034123999985,99.151175,0.39985838123883977,213.26275069999951,45.94748959999989
3,2,4,HYB-G300-B120-g4-e0.9,hybrid,300.0,120.0,0.9,4.0,300.0,138.2790282799994,194.48369,0.44815829666120205,213.26275069999951,45.94748959999989
3,2,4,HYB-G300-B120-g16-e0,hybrid,300.0,120.0,0.0,16.0,300.0,139.45369629999996,152.15394899999998,0.4411376100108762,213.26275069999951,45.94748959999989
3,2,4,HYB-G300-B120-g16-e0.9,hybrid,300.0,120.0,0.9,16.0,300.0,138.2790282799994,194.48369,0.44815829666120205,213.26275069999951,45.94748959999989
3,2,4,FIXEQ-G600,fixed,600.0,inf,0.0,0.0,600.0,84.25519625999998,465.2829,0.771044754625792,213.26275069999951,45.94748959999989
3,2,4,CAP-G600-B0-e0,capped,600.0,0.0,0.0,0.0,150.0,213.26275069999951,0.0,0.0,213.26275069999951,45.94748959999989
3,2,4,CAP-G600-B0-e0.25,capped,600.0,0.0,0.25,0.0,200.0,180.63574047999987,57.246009,0.19500319340564756,213.26275069999951,45.94748959999989
3,2,4,CAP-G600-B0-e0.5,capped,600.0,0.0,0.5,0.0,300.0,117.29298823999994,99.796966,0.5735864249863086,213.26275069999951,45.94748959999989
3,2,4,CAP-G600-B0-e0.75,capped,600.0,0.0,0.75,0.0,600.0,92.67017831999996,132.714107,0.7207505853750231,213.26275069999951,45.94748959999989
3,2,4,CAP-G600-B0-e0.9,capped,600.0,0.0,0.9,0.0,600.0,86.02080163999999,210.810542,0.7604921883602154,213.26275069999951,45.94748959999989
3,2,4,CAP-G600-B0-e0.95,capped,600.0,0.0,0.95,0.0,600.0,84.15864659999997,383.382414,0.7716218069482476,213.26275069999951,45.94748959999989
3,2,4,CAP-G600-B15-e0,capped,600.0,15.0,0.0,0.0,153.75,213.89504977999985,53.941545,-0.0037790879077218746,213.26275069999951,45.94748959999989
3,2,4,CAP-G600-B15-e0.25,capped,600.0,15.0,0.25,0.0,205.0,170.04007801999978,83.580726,0.2583307248593824,213.26275069999951,45.94748959999989
3,2,4,CAP-G600-B15-e0.5,capped,600.0,15.0,0.5,0.0,307.5,114.04017829999992,99.283138,0.5930276278904233,213.26275069999951,45.94748959999989
3,2,4,CAP-G600-B15-e0.75,capped,600.0,15.0,0.75,0.0,600.0,90.9976939199999,132.714107,0.730746591650867,213.26275069999951,45.94748959999989
3,2,4,CAP-G600-B15-e0.9,capped,600.0,15.0,0.9,0.0,600.0,85.63466671999986,210.810542,0.7628000168120943,213.26275069999951,45.94748959999989
3,2,4,CAP-G600-B15-e0.95,capped,600.0,15.0,0.95,0.0,600.0,84.51721343999998,383.448578,0.7694787457735368,213.26275069999951,45.94748959999989
3,2,4,CAP-G600-B30-e0,capped,600.0,30.0,0.0,0.0,157.5,213.83799327999984,53.941545,-0.0034380759783562997,213.26275069999951,45.94748959999989
3,2,4,CAP-G600-B30-e0.25,capped,600.0,30.0,0.25,0.0,210.0,166.44017214,83.600662,0.27984643033856305,213.26275069999951,45.94748959999989
3,2,4,CAP-G600-B30-e0.5,capped,600.0,30.0,0.5,0.0,315.0,114.2727185199991,101.373702,0.5916377951969178,213.26275069999951,45.94748959999989
3,2,4,CAP-G600-B30-e0.75,capped,600.0,30.0,0.75,0.0,600.0,91.0534022799996,180.352798,0.7304136372052686,213.26275069999951,45.94748959999989
3,2,4,CAP-G600-B30-e0.9,capped,600.0,30.0,0.9,0.0,600.0,85.3651576799998,269.49733,0.7644108025720315,213.26275069999951,45.94748959999989
3,2,4,CAP-G600-B30-e0.95,capped,600.0,30.0,0.95,0.0,600.0,84.34158069999995,465.2829,0.7705284571916426,213.26275069999951,45.94748959999989
3,2,4,CAP-G600-B60-e0,capped,600.0,60.0,0.0,0.0,165.0,214.55460623999983,74.381152,-0.007721086119144907,213.26275069999951,45.94748959999989
3,2,4,CAP-G600-B60-e0.25,capped,600.0,60.0,0.25,0.0,220.0,159.17258425999952,92.787643,0.3232829216198744,213.26275069999951,45.94748959999989
3,2,4,CAP-G600-B60-e0.5,capped,600.0,60.0,0.5,0.0,330.0,111.81756323999944,106.618797,0.606311622699911,213.26275069999951,45.94748959999989
3,2,4,CAP-G600-B60-e0.75,capped,600.0,60.0,0.75,0.0,600.0,90.20004905999987,179.695805,0.7355139084799236,213.26275069999951,45.94748959999989
3,2,4,CAP-G600-B60-e0.9,capped,600.0,60.0,0.9,0.0,600.0,84.46120585999996,383.382414,0.7698134885796133,213.26275069999951,45.94748959999989
3,2,4,CAP-G600-B60-e0.95,capped,600.0,60.0,0.95,0.0,600.0,84.2754005,465.2829,0.7709239991139089,213.26275069999951,45.94748959999989
3,2,4,CAP-G600-B120-e0,capped,600.0,120.0,0.0,0.0,180.0,209.43813426,83.600662,0.022858742321859398,213.26275069999951,45.94748959999989
3,2,4,CAP-G600-B120-e0.25,capped,600.0,120.0,0.25,0.0,240.0,147.3287889399999,99.283138,0.39407022005358344,213.26275069999951,45.94748959999989
3,2,4,CAP-G600-B120-e0.5,capped,600.0,120.0,0.5,0.0,360.0,105.22184295999966,133.93771099999998,0.6457325352731981,213.26275069999951,45.94748959999989
3,2,4,CAP-G600-B120-e0.75,capped,600.0,120.0,0.75,0.0,600.0,89.11182761999973,210.810542,0.7420179263014046,213.26275069999951,45.94748959999989
3,2,4,CAP-G600-B120-e0.9,capped,600.0,120.0,0.9,0.0,600.0,84.26314417999983,465.2829,0.770997251965559,213.26275069999951,45.94748959999989
3,2,4,CAP-G600-B120-e0.95,capped,600.0,120.0,0.95,0.0,600.0,84.25519625999998,465.2829,0.771044754625792,213.26275069999951,45.94748959999989
3,2,4,CAP-G600-B240-e0,capped,600.0,240.0,0.0,0.0,210.0,196.43418815999996,103.3129,0.10057996162072505,213.26275069999951,45.94748959999989
3,2,4,CAP-G600-B240-e0.25,capped,600.0,240.0,0.25,0.0,280.0,128.77652219999982,133.93771099999998,0.5049523154346611,213.26275069999951,45.94748959999989
3,2,4,CAP-G600-B240-e0.5,capped,600.0,240.0,0.5,0.0,420.0,98.2845777199997,194.566909,0.687194773651165,213.26275069999951,45.94748959999989
3,2,4,CAP-G600-B240-e0.75,capped,600.0,240.0,0.75,0.0,600.0,85.44285129999979,336.80201,0.7639464479190895,213.26275069999951,45.94748959999989
3,2,4,CAP-G600-B240-e0.9,capped,600.0,240.0,0.9,0.0,600.0,84.25519625999998,465.2829,0.771044754625792,213.26275069999951,45.94748959999989
3,2,4,CAP-G600-B240-e0.95,capped,600.0,240.0,0.95,0.0,600.0,84.25519625999998,465.2829,0.771044754625792,213.26275069999951,45.94748959999989
3,2,4,CAP-G600-B360-e0,capped,600.0,360.0,0.0,0.0,240.0,172.61410779999997,133.93771099999998,0.24294641524484126,213.26275069999951,45.94748959999989
3,2,4,CAP-G600-B360-e0.25,capped,600.0,360.0,0.25,0.0,320.0,116.01563453999967,178.915671,0.5812208373620981,213.26275069999951,45.94748959999989
3,2,4,CAP-G600-B360-e0.5,capped,600.0,360.0,0.5,0.0,480.0,90.17600213999971,220.975558,0.7356576306953514,213.26275069999951,45.94748959999989
3,2,4,CAP-G600-B360-e0.75,capped,600.0,360.0,0.75,0.0,600.0,84.28794059999962,448.424342,0.7708490501826686,213.26275069999951,45.94748959999989
3,2,4,CAP-G600-B360-e0.9,capped,600.0,360.0,0.9,0.0,600.0,84.25519625999998,465.2829,0.771044754625792,213.26275069999951,45.94748959999989
3,2,4,CAP-G600-B360-e0.95,capped,600.0,360.0,0.95,0.0,600.0,84.25519625999998,465.2829,0.771044754625792,213.26275069999951,45.94748959999989
3,2,4,CAP-G600-B480-e0,capped,600.0,480.0,0.0,0.0,270.0,154.0088691799996,178.884545,0.3541451098389975,213.26275069999951,45.94748959999989
3,2,4,CAP-G600-B480-e0.25,capped,600.0,480.0,0.25,0.0,360.0,106.95479657999984,210.620297,0.6353751201240537,213.26275069999951,45.94748959999989
3,2,4,CAP-G600-B480-e0.5,capped,600.0,480.0,0.5,0.0,540.0,87.57665673999973,271.456648,0.7511932452167692,213.26275069999951,45.94748959999989
3,2,4,CAP-G600-B480-e0.75,capped,600.0,480.0,0.75,0.0,600.0,84.25519625999998,465.2829,0.771044754625792,213.26275069999951,45.94748959999989
3,2,4,CAP-G600-B480-e0.9,capped,600.0,480.0,0.9,0.0,600.0,84.25519625999998,465.2829,0.771044754625792,213.26275069999951,45.94748959999989
3,2,4,CAP-G600-B480-e0.95,capped,600.0,480.0,0.95,0.0,600.0,84.25519625999998,465.2829,0.771044754625792,213.26275069999951,45.94748959999989
3,2,4,CAP-G600-B600-e0,capped,600.0,600.0,0.0,0.0,300.0,138.2790282799994,194.48369,0.44815829666120205,213.26275069999951,45.94748959999989
3,2,4,CAP-G600-B600-e0.25,capped,600.0,600.0,0.25,0.0,400.0,98.27271579999973,264.674075,0.6872656692761187,213.26275069999951,45.94748959999989
3,2,4,CAP-G600-B600-e0.5,capped,600.0,600.0,0.5,0.0,600.0,86.05623295999996,382.58331,0.7602804245332516,213.26275069999951,45.94748959999989
3,2,4,CAP-G600-B600-e0.75,capped,600.0,600.0,0.75,0.0,600.0,84.25519625999998,465.2829,0.771044754625792,213.26275069999951,45.94748959999989
3,2,4,CAP-G600-B600-e0.9,capped,600.0,600.0,0.9,0.0,600.0,84.25519625999998,465.2829,0.771044754625792,213.26275069999951,45.94748959999989
3,2,4,CAP-G600-B600-e0.95,capped,600.0,600.0,0.95,0.0,600.0,84.25519625999998,465.2829,0.771044754625792,213.26275069999951,45.94748959999989
3,2,4,HYB-G600-B0-g1-e0,hybrid,600.0,0.0,0.0,1.0,600.0,175.6716793599998,44.802672,0.22467210159348572,213.26275069999951,45.94748959999989
3,2,4,HYB-G600-B0-g1-e0.9,hybrid,600.0,0.0,0.9,1.0,600.0,84.98341029999997,210.810542,0.7666924078332017,213.26275069999951,45.94748959999989
3,2,4,HYB-G600-B0-g4-e0,hybrid,600.0,0.0,0.0,4.0,600.0,132.34890787999993,62.094333000000006,0.4836010910662815,213.26275069999951,45.94748959999989
3,2,4,HYB-G600-B0-g4-e0.9,hybrid,600.0,0.0,0.9,4.0,600.0,84.55584687999983,210.810542,0.7692478437043182,213.26275069999951,45.94748959999989
3,2,4,HYB-G600-B0-g16-e0,hybrid,600.0,0.0,0.0,16.0,600.0,95.35911729999937,145.250395,0.7046794932204807,213.26275069999951,45.94748959999989
3,2,4,HYB-G600-B0-g16-e0.9,hybrid,600.0,0.0,0.9,16.0,600.0,84.29927673999987,387.185677,0.770781297008656,213.26275069999951,45.94748959999989
3,2,4,HYB-G600-B30-g1-e0,hybrid,600.0,30.0,0.0,1.0,600.0,171.4274703799998,53.941545,0.25003863990025366,213.26275069999951,45.94748959999989
3,2,4,HYB-G600-B30-g1-e0.9,hybrid,600.0,30.0,0.9,1.0,600.0,84.31837349999974,269.49733,0.7706671606180225,213.26275069999951,45.94748959999989
3,2,4,HYB-G600-B30-g4-e0,hybrid,600.0,30.0,0.0,4.0,600.0,128.5594738199999,62.111421,0.5062495574111129,213.26275069999951,45.94748959999989
3,2,4,HYB-G600-B30-g4-e0.9,hybrid,600.0,30.0,0.9,4.0,600.0,84.29927673999987,269.49733,0.770781297008656,213.26275069999951,45.94748959999989
3,2,4,HYB-G600-B30-g16-e0,hybrid,600.0,30.0,0.0,16.0,600.0,92.78299997999989,151.665775,0.7200762795211626,213.26275069999951,45.94748959999989
3,2,4,HYB-G600-B30-g16-e0.9,hybrid,600.0,30.0,0.9,16.0,600.0,84.26674361999972,387.185677,0.7709757390445245,213.26275069999951,45.94748959999989
3,2,4,HYB-G600-B120-g1-e0,hybrid,600.0,120.0,0.0,1.0,600.0,158.90085427999995,86.165666,0.3249069813632182,213.26275069999951,45.94748959999989
3,2,4,HYB-G600-B120-g1-e0.9,hybrid,600.0,120.0,0.9,1.0,600.0,84.26314417999983,465.2829,0.770997251965559,213.26275069999951,45.94748959999989
3,2,4,HYB-G600-B120-g4-e0,hybrid,600.0,120.0,0.0,4.0,600.0,119.99776695999992,99.151175,0.5574206628064713,213.26275069999951,45.94748959999989
3,2,4,HYB-G600-B120-g4-e0.9,hybrid,600.0,120.0,0.9,4.0,600.0,84.26314417999983,465.2829,0.770997251965559,213.26275069999951,45.94748959999989
3,2,4,HYB-G600-B120-g16-e0,hybrid,600.0,120.0,0.0,16.0,600.0,90.52622161999999,152.15394899999998,0.7335644595303435,213.26275069999951,45.94748959999989
3,2,4,HYB-G600-B120-g16-e0.9,hybrid,600.0,120.0,0.9,16.0,600.0,84.25519625999998,465.2829,0.771044754625792,213.26275069999951,45.94748959999989
3,2,4,CAP-G1200-B0-e0,capped,1200.0,0.0,0.0,0.0,150.0,213.26275069999951,0.0,0.0,213.26275069999951,45.94748959999989
3,2,4,CAP-G1200-B0-e0.25,capped,1200.0,0.0,0.25,0.0,200.0,180.63574047999987,57.246009,0.19500319340564756,213.26275069999951,45.94748959999989
3,2,4,CAP-G1200-B0-e0.5,capped,1200.0,0.0,0.5,0.0,300.0,114.96963455999992,99.796966,0.5874725084477056,213.26275069999951,45.94748959999989
3,2,4,CAP-G1200-B0-e0.75,capped,1200.0,0.0,0.75,0.0,600.0,86.10097839999989,132.714107,0.7600129926223443,213.26275069999951,45.94748959999989
3,2,4,CAP-G1200-B0-e0.9,capped,1200.0,0.0,0.9,0.0,1200.0,78.35136343999974,210.810542,0.806330434970705,213.26275069999951,45.94748959999989
3,2,4,CAP-G1200-B0-e0.95,capped,1200.0,0.0,0.95,0.0,1200.0,76.48328245999993,383.382414,0.8174954713679725,213.26275069999951,45.94748959999989
3,2,4,CAP-G1200-B15-e0.25,capped,1200.0,15.0,0.25,0.0,205.0,170.04007801999978,83.580726,0.2583307248593824,213.26275069999951,45.94748959999989
3,2,4,CAP-G1200-B15-e0.5,capped,1200.0,15.0,0.5,0.0,307.5,110.77385947999994,99.283138,0.6125495698730365,213.26275069999951,45.94748959999989
3,2,4,CAP-G1200-B15-e0.75,capped,1200.0,15.0,0.75,0.0,615.0,84.68593713999985,132.714107,0.7684703278988575,213.26275069999951,45.94748959999989
3,2,4,CAP-G1200-B15-e0.9,capped,1200.0,15.0,0.9,0.0,1200.0,77.13268091999998,210.810542,0.813614184892784,213.26275069999951,45.94748959999989
3,2,4,CAP-G1200-B15-e0.95,capped,1200.0,15.0,0.95,0.0,1200.0,76.76759099999994,383.448578,0.8157962328279205,213.26275069999951,45.94748959999989
3,2,4,CAP-G1200-B30-e0.25,capped,1200.0,30.0,0.25,0.0,210.0,166.44017214,83.600662,0.27984643033856305,213.26275069999951,45.94748959999989
3,2,4,CAP-G1200-B30-e0.5,capped,1200.0,30.0,0.5,0.0,315.0,110.28580405999999,101.373702,0.6154665507676141,213.26275069999951,45.94748959999989
3,2,4,CAP-G1200-B30-e0.75,capped,1200.0,30.0,0.75,0.0,630.0,84.8870192999997,180.352798,0.7672685118859138,213.26275069999951,45.94748959999989
3,2,4,CAP-G1200-B30-e0.9,capped,1200.0,30.0,0.9,0.0,1200.0,77.81152947999976,269.49733,0.8095568827941186,213.26275069999951,45.94748959999989
3,2,4,CAP-G1200-B30-e0.95,capped,1200.0,30.0,0.95,0.0,1200.0,76.60859291999994,465.2829,0.8167465231896883,213.26275069999951,45.94748959999989
3,2,4,CAP-G1200-B60-e0.25,capped,1200.0,60.0,0.25,0.0,220.0,159.17258425999952,92.787643,0.3232829216198744,213.26275069999951,45.94748959999989
3,2,4,CAP-G1200-B60-e0.5,capped,1200.0,60.0,0.5,0.0,330.0,107.19728083999956,106.618797,0.6339258544778388,213.26275069999951,45.94748959999989
3,2,4,CAP-G1200-B60-e0.75,capped,1200.0,60.0,0.75,0.0,660.0,84.31176620000001,179.695805,0.7707066507395827,213.26275069999951,45.94748959999989
3,2,4,CAP-G1200-B60-e0.9,capped,1200.0,60.0,0.9,0.0,1200.0,77.23083371999964,383.382414,0.8130275510175814,213.26275069999951,45.94748959999989
3,2,4,CAP-G1200-B60-e0.95,capped,1200.0,60.0,0.95,0.0,1200.0,76.56895913999998,466.758807,0.8169834040321134,213.26275069999951,45.94748959999989
3,2,4,CAP-G1200-B120-e0.25,capped,1200.0,120.0,0.25,0.0,240.0,147.3287889399999,99.283138,0.39407022005358344,213.26275069999951,45.94748959999989
3,2,4,CAP-G1200-B120-e0.5,capped,1200.0,120.0,0.5,0.0,360.0,100.01208359999995,133.93771099999998,0.676869918233656,213.26275069999951,45.94748959999989
3,2,4,CAP-G1200-B120-e0.75,capped,1200.0,120.0,0.75,0.0,720.0,82.14950397999998,210.810542,0.783629932248899,213.26275069999951,45.94748959999989
3,2,4,CAP-G1200-B120-e0.9,capped,1200.0,120.0,0.9,0.0,1200.0,76.5387570999999,465.2829,0.8171639138063057,213.26275069999951,45.94748959999989
3,2,4,CAP-G1200-B120-e0.95,capped,1200.0,120.0,0.95,0.0,1200.0,76.58728629999962,647.720409,0.8168738673414425,213.26275069999951,45.94748959999989
3,2,4,CAP-G1200-B240-e0.25,capped,1200.0,240.0,0.25,0.0,280.0,128.77652219999982,133.93771099999998,0.5049523154346611,213.26275069999951,45.94748959999989
3,2,4,CAP-G1200-B240-e0.5,capped,1200.0,240.0,0.5,0.0,420.0,92.74008653999974,194.566909,0.7203327620423505,213.26275069999951,45.94748959999989
3,2,4,CAP-G1200-B240-e0.75,capped,1200.0,240.0,0.75,0.0,840.0,78.3562831199999,336.80201,0.8063010313169809,213.26275069999951,45.94748959999989
3,2,4,CAP-G1200-B240-e0.9,capped,1200.0,240.0,0.9,0.0,1200.0,76.7642501399996,647.720409,0.8158162002832402,213.26275069999951,45.94748959999989
3,2,4,CAP-G1200-B240-e0.95,capped,1200.0,240.0,0.95,0.0,1200.0,76.58728629999962,676.3017,0.8168738673414425,213.26275069999951,45.94748959999989
3,2,4,CAP-G1200-B360-e0.25,capped,1200.0,360.0,0.25,0.0,320.0,116.01563453999967,178.915671,0.5812208373620981,213.26275069999951,45.94748959999989
3,2,4,CAP-G1200-B360-e0.5,capped,1200.0,360.0,0.5,0.0,480.0,84.67175133999987,220.975558,0.768555112752951,213.26275069999951,45.94748959999989
3,2,4,CAP-G1200-B360-e0.75,capped,1200.0,360.0,0.75,0.0,960.0,76.89826847999973,448.424342,0.8150152073605442,213.26275069999951,45.94748959999989
3,2,4,CAP-G1200-B360-e0.9,capped,1200.0,360.0,0.9,0.0,1200.0,76.58728629999962,676.3017,0.8168738673414425,213.26275069999951,45.94748959999989
3,2,4,CAP-G1200-B360-e0.95,capped,1200.0,360.0,0.95,0.0,1200.0,76.58728629999962,676.3017,0.8168738673414425,213.26275069999951,45.94748959999989
3,2,4,CAP-G1200-B480-e0.25,capped,1200.0,480.0,0.25,0.0,360.0,106.8522186599999,210.620297,0.6359882017958961,213.26275069999951,45.94748959999989
3,2,4,CAP-G1200-B480-e0.5,capped,1200.0,480.0,0.5,0.0,540.0,81.46185113999996,271.456648,0.78773985524982,213.26275069999951,45.94748959999989
3,2,4,CAP-G1200-B480-e0.75,capped,1200.0,480.0,0.75,0.0,1080.0,76.73073199999999,501.74217300000004,0.8160165295286375,213.26275069999951,45.94748959999989
3,2,4,CAP-G1200-B480-e0.9,capped,1200.0,480.0,0.9,0.0,1200.0,76.58728629999962,676.3017,0.8168738673414425,213.26275069999951,45.94748959999989
3,2,4,CAP-G1200-B480-e0.95,capped,1200.0,480.0,0.95,0.0,1200.0,76.58728629999962,676.3017,0.8168738673414425,213.26275069999951,45.94748959999989
3,2,4,CAP-G1200-B600-e0.25,capped,1200.0,600.0,0.25,0.0,400.0,97.62150825999998,264.674075,0.6911577681541197,213.26275069999951,45.94748959999989
3,2,4,CAP-G1200-B600-e0.5,capped,1200.0,600.0,0.5,0.0,600.0,79.47577335999969,382.58331,0.7996101279729595,213.26275069999951,45.94748959999989
3,2,4,CAP-G1200-B600-e0.75,capped,1200.0,600.0,0.75,0.0,1200.0,76.18762671999998,647.720409,0.8192625291847921,213.26275069999951,45.94748959999989
3,2,4,CAP-G1200-B600-e0.9,capped,1200.0,600.0,0.9,0.0,1200.0,76.58728629999962,676.3017,0.8168738673414425,213.26275069999951,45.94748959999989
3,2,4,CAP-G1200-B600-e0.95,capped,1200.0,600.0,0.95,0.0,1200.0,76.58728629999962,676.3017,0.8168738673414425,213.26275069999951,45.94748959999989
3,2,4,HYB-G1200-B0-g1-e0,hybrid,1200.0,0.0,0.0,1.0,1200.0,175.02216163999992,44.802672,0.22855410085481845,213.26275069999951,45.94748959999989
3,2,4,HYB-G1200-B0-g1-e0.9,hybrid,1200.0,0.0,0.9,1.0,1200.0,77.0473720799997,210.810542,0.8141240537441932,213.26275069999951,45.94748959999989
3,2,4,HYB-G1200-B0-g4-e0,hybrid,1200.0,0.0,0.0,4.0,1200.0,128.17512033999984,62.094333000000006,0.5085467386573016,213.26275069999951,45.94748959999989
3,2,4,HYB-G1200-B0-g4-e0.9,hybrid,1200.0,0.0,0.9,4.0,1200.0,76.39556261999978,210.810542,0.8180197501422064,213.26275069999951,45.94748959999989
3,2,4,HYB-G1200-B0-g16-e0,hybrid,1200.0,0.0,0.0,16.0,1200.0,89.02592057999986,145.250395,0.7425313704393456,213.26275069999951,45.94748959999989
3,2,4,HYB-G1200-B0-g16-e0.9,hybrid,1200.0,0.0,0.9,16.0,1200.0,76.67913925999974,387.185677,0.8163248859789759,213.26275069999951,45.94748959999989
3,2,4,HYB-G1200-B30-g1-e0,hybrid,1200.0,30.0,0.0,1.0,1200.0,170.6311146799999,53.941545,0.254798251753735,213.26275069999951,45.94748959999989
3,2,4,HYB-G1200-B30-g1-e0.9,hybrid,1200.0,30.0,0.9,1.0,1200.0,76.57479809999995,269.49733,0.8169485060798192,213.26275069999951,45.94748959999989
3,2,4,HYB-G1200-B30-g4-e0,hybrid,1200.0,30.0,0.0,4.0,1200.0,124.58814875999961,62.111421,0.5299851391738951,213.26275069999951,45.94748959999989
3,2,4,HYB-G1200-B30-g4-e0.9,hybrid,1200.0,30.0,0.9,4.0,1200.0,76.24941181999964,269.49733,0.8188932556373973,213.26275069999951,45.94748959999989
3,2,4,HYB-G1200-B30-g16-e0,hybrid,1200.0,30.0,0.0,16.0,1200.0,87.04676767999963,151.665775,0.7543602549474799,213.26275069999951,45.94748959999989
3,2,4,HYB-G1200-B30-g16-e0.9,hybrid,1200.0,30.0,0.9,16.0,1200.0,76.57527506,387.185677,0.8169456554133772,213.26275069999951,45.94748959999989
3,2,4,HYB-G1200-B120-g1-e0,hybrid,1200.0,120.0,0.0,1.0,1200.0,158.08004299999962,86.165666,0.3298127578871526,213.26275069999951,45.94748959999989
3,2,4,HYB-G1200-B120-g1-e0.9,hybrid,1200.0,120.0,0.9,1.0,1200.0,76.40189003999997,465.2829,0.8179819327909466,213.26275069999951,45.94748959999989
3,2,4,HYB-G1200-B120-g4-e0,hybrid,1200.0,120.0,0.0,4.0,1200.0,116.24202167999998,99.151175,0.579867780034799,213.26275069999951,45.94748959999989
3,2,4,HYB-G1200-B120-g4-e0.9,hybrid,1200.0,120.0,0.9,4.0,1200.0,76.53301465999995,466.758807,0.8171982348835476,213.26275069999951,45.94748959999989
3,2,4,HYB-G1200-B120-g16-e0,hybrid,1200.0,120.0,0.0,16.0,1200.0,84.90217311999966,152.15394899999998,0.7671779414268873,213.26275069999951,45.94748959999989
3,2,4,HYB-G1200-B120-g16-e0.9,hybrid,1200.0,120.0,0.9,16.0,1200.0,76.58354671999979,466.758807,0.8168962178429762,213.26275069999951,45.94748959999989
4,0,8,SJF,reference,-1.0,-1.0,-1.0,-1.0,inf,11.367655799999998,423.114209,1.0,28.127597119999916,11.367655799999998
4,0,8,SPJF-E,reference,-1.0,-1.0,-1.0,-1.0,inf,15.914869679999988,186.773477,0.7286855727487707,28.127597119999916,11.367655799999998
4,0,8,FIX-B15,fixed,-1.0,15.0,0.0,0.0,168.75,24.545323399999987,46.580559,0.21374023044610196,28.127597119999916,11.367655799999998
4,0,8,FIX-B17.99,fixed,-1.0,17.99,0.0,0.0,169.4975,23.960029979999952,46.580559,0.24866239448146135,28.127597119999916,11.367655799999998
4,0,8,FIX-B21.576,fixed,-1.0,21.576,0.0,0.0,170.394,23.30432788,46.580559,0.2877855684520941,28.127597119999916,11.367655799999998
4,0,8,FIX-B25.877,fixed,-1.0,25.877,0.0,0.0,171.46925,22.879093919999978,52.052471000000004,0.31315761193846253,28.127597119999916,11.367655799999998
4,0,8,FIX-B30,fixed,-1.0,30.0,0.0,0.0,172.5,22.220998319999886,56.830372000000004,0.35242359667164147,28.127597119999916,11.367655799999998
4,0,8,FIX-B31.035,fixed,-1.0,31.035,0.0,0.0,172.75875,22.074659219999997,57.025615,0.3611550771229041,28.127597119999916,11.367655799999998
4,0,8,FIX-B37.222,fixed,-1.0,37.222,0.0,0.0,174.3055,21.48802777999997,58.550975,0.396157075566657,28.127597119999916,11.367655799999998
4,0,8,FIX-B44.641,fixed,-1.0,44.641,0.0,0.0,176.16025,21.05244873999976,60.435496,0.42214636942417344,28.127597119999916,11.367655799999998
4,0,8,FIX-B53.54,fixed,-1.0,53.54,0.0,0.0,178.385,20.69014379999997,60.435496,0.44376368496736374,28.127597119999916,11.367655799999998
4,0,8,FIX-B60,fixed,-1.0,60.0,0.0,0.0,180.0,20.459649,60.435496,0.4575164061493238,28.127597119999916,11.367655799999998
4,0,8,FIX-B64.212,fixed,-1.0,64.212,0.0,0.0,181.053,20.255539239999997,60.435496,0.469694835423204,28.127597119999916,11.367655799999998
4,0,8,FIX-B77.012,fixed,-1.0,77.012,0.0,0.0,184.253,19.675040639999914,60.435496,0.5043309113447447,28.127597119999916,11.367655799999998
4,0,8,FIX-B92.363,fixed,-1.0,92.363,0.0,0.0,188.09075,19.025427779999973,60.435496,0.5430907642342502,28.127597119999916,11.367655799999998
4,0,8,FIX-B110.774,fixed,-1.0,110.774,0.0,0.0,192.6935,18.35777751999999,60.435496,0.5829268380755868,28.127597119999916,11.367655799999998
4,0,8,FIX-B120,fixed,-1.0,120.0,0.0,0.0,195.0,18.12467602,60.435496,0.596835090828347,28.127597119999916,11.367655799999998
4,0,8,FIX-B132.855,fixed,-1.0,132.855,0.0,0.0,198.21375,17.98750784,60.435496,0.6050193784330008,28.127597119999916,11.367655799999998
4,0,8,FIX-B159.338,fixed,-1.0,159.338,0.0,0.0,204.8345,17.723393839999993,63.414976,0.6207780254925125,28.127597119999916,11.367655799999998
4,0,8,FIX-B191.099,fixed,-1.0,191.099,0.0,0.0,212.77474999999998,17.46297,83.61459599999999,0.6363164951701614,28.127597119999916,11.367655799999998
4,0,8,FIX-B229.192,fixed,-1.0,229.192,0.0,0.0,222.298,17.306638759999966,95.11926299999999,0.6456441674462857,28.127597119999916,11.367655799999998
4,0,8,FIX-B240,fixed,-1.0,240.0,0.0,0.0,225.0,17.12739325999999,95.11926299999999,0.6563390437932618,28.127597119999916,11.367655799999998
4,0,8,FIX-B274.878,fixed,-1.0,274.878,0.0,0.0,233.71949999999998,16.799981,95.17521599999999,0.6758744498993253,28.127597119999916,11.367655799999998
4,0,8,FIX-B329.671,fixed,-1.0,329.671,0.0,0.0,247.41775,16.550294959999952,112.57690099999999,0.6907722371428935,28.127597119999916,11.367655799999998
4,0,8,FIX-B360,fixed,-1.0,360.0,0.0,0.0,255.0,16.523002659999964,113.716608,0.6924006616987373,28.127597119999916,11.367655799999998
4,0,8,FIX-B395.386,fixed,-1.0,395.386,0.0,0.0,263.8465,16.334384259999986,126.779569,0.7036547822471724,28.127597119999916,11.367655799999998
4,0,8,FIX-B474.201,fixed,-1.0,474.201,0.0,0.0,283.55025,16.28877017999994,145.671253,0.7063763955946855,28.127597119999916,11.367655799999998
4,0,8,FIX-B480,fixed,-1.0,480.0,0.0,0.0,285.0,16.275040639999972,146.786361,0.7071955834270189,28.127597119999916,11.367655799999998
4,0,8,FIX-B568.726,fixed,-1.0,568.726,0.0,0.0,307.1815,16.17749229999997,178.302181,0.713015910487687,28.127597119999916,11.367655799999998
4,0,8,FIX-B600,fixed,-1.0,600.0,0.0,0.0,315.0,16.16853008,179.441918,0.7135506510233995,28.127597119999916,11.367655799999998
4,0,8,FIX-B682.093,fixed,-1.0,682.093,0.0,0.0,335.52324999999996,16.054573259999984,186.773477,0.7203500077648238,28.127597119999916,11.367655799999998
4,0,8,FIX-B818.058,fixed,-1.0,818.058,0.0,0.0,369.5145,16.03487977999999,186.773477,0.7215250405184583,28.127597119999916,11.367655799999998
4,0,8,FIX-B981.126,fixed,-1.0,981.126,0.0,0.0,410.2815,16.06550073999998,186.773477,0.7196980078686812,28.127597119999916,11.367655799999998
4,0,8,FIX-B1176.7,fixed,-1.0,1176.699,0.0,0.0,459.17475,15.96447511999999,186.773477,0.7257258105960949,28.127597119999916,11.367655799999998
4,0,8,FIX-B1411.26,fixed,-1.0,1411.256,0.0,0.0,517.8140000000001,15.955422499999992,186.773477,0.7262659449454435,28.127597119999916,11.367655799999998
4,0,8,FIX-B1692.57,fixed,-1.0,1692.569,0.0,0.0,588.14225,15.966677459999977,186.773477,0.7255944056014152,28.127597119999916,11.367655799999998
4,0,8,FIX-B2029.96,fixed,-1.0,2029.958,0.0,0.0,672.4895,15.934608539999987,186.773477,0.7275078323484243,28.127597119999916,11.367655799999998
4,0,8,FIX-B2434.6,fixed,-1.0,2434.6,0.0,0.0,773.65,15.92017957999997,186.773477,0.7283687518304512,28.127597119999916,11.367655799999998
4,0,8,FIX-B2919.9,fixed,-1.0,2919.901,0.0,0.0,894.97525,15.914869679999988,186.773477,0.7286855727487707,28.127597119999916,11.367655799999998
4,0,8,FIX-B3501.94,fixed,-1.0,3501.94,0.0,0.0,1040.4850000000001,15.914869679999988,186.773477,0.7286855727487707,28.127597119999916,11.367655799999998
4,0,8,FIX-B4200,fixed,-1.0,4200.0,0.0,0.0,1215.0,15.914869679999988,186.773477,0.7286855727487707,28.127597119999916,11.367655799999998
4,0,8,FIXEQ-G300,fixed,300.0,inf,0.0,0.0,300.0,16.237535079999976,168.74116,0.7094333931713311,28.127597119999916,11.367655799999998
4,0,8,CAP-G300-B0-e0,capped,300.0,0.0,0.0,0.0,165.0,28.127597119999916,0.0,0.0,28.127597119999916,11.367655799999998
4,0,8,CAP-G300-B0-e0.25,capped,300.0,0.0,0.25,0.0,220.0,19.840006179999982,76.870467,0.4944880642338654,28.127597119999916,11.367655799999998
4,0,8,CAP-G300-B0-e0.5,capped,300.0,0.0,0.5,0.0,300.0,17.661954059999903,60.435496,0.6244438963226671,28.127597119999916,11.367655799999998
4,0,8,CAP-G300-B0-e0.75,capped,300.0,0.0,0.75,0.0,300.0,16.45601537999999,72.686312,0.6963975301078192,28.127597119999916,11.367655799999998
4,0,8,CAP-G300-B0-e0.9,capped,300.0,0.0,0.9,0.0,300.0,16.338528579999917,168.74116,0.7034075069184107,28.127597119999916,11.367655799999998
4,0,8,CAP-G300-B0-e0.95,capped,300.0,0.0,0.95,0.0,300.0,16.252628,168.74116,0.7085328577988107,28.127597119999916,11.367655799999998
4,0,8,CAP-G300-B15-e0,capped,300.0,15.0,0.0,0.0,168.75,24.545323399999987,46.580559,0.21374023044610196,28.127597119999916,11.367655799999998
4,0,8,CAP-G300-B15-e0.25,capped,300.0,15.0,0.25,0.0,225.0,19.104665479999998,60.435496,0.5383629612851152,28.127597119999916,11.367655799999998
4,0,8,CAP-G300-B15-e0.5,capped,300.0,15.0,0.5,0.0,300.0,17.48015147999999,60.435496,0.6352913436095479,28.127597119999916,11.367655799999998
4,0,8,CAP-G300-B15-e0.75,capped,300.0,15.0,0.75,0.0,300.0,16.48456453999998,98.015125,0.6946941136426361,28.127597119999916,11.367655799999998
4,0,8,CAP-G300-B15-e0.9,capped,300.0,15.0,0.9,0.0,300.0,16.23993481999999,168.74116,0.709290210092453,28.127597119999916,11.367655799999998
4,0,8,CAP-G300-B15-e0.95,capped,300.0,15.0,0.95,0.0,300.0,16.237535079999976,168.74116,0.7094333931713311,28.127597119999916,11.367655799999998
4,0,8,CAP-G300-B30-e0,capped,300.0,30.0,0.0,0.0,172.5,22.220998319999886,56.830372000000004,0.35242359667164147,28.127597119999916,11.367655799999998
4,0,8,CAP-G300-B30-e0.25,capped,300.0,30.0,0.25,0.0,230.0,18.807078759999914,60.435496,0.5561187943347792,28.127597119999916,11.367655799999998
4,0,8,CAP-G300-B30-e0.5,capped,300.0,30.0,0.5,0.0,300.0,17.195881879999895,60.435496,0.6522525963116006,28.127597119999916,11.367655799999998
4,0,8,CAP-G300-B30-e0.75,capped,300.0,30.0,0.75,0.0,300.0,16.30267,128.583899,0.7055470478222399,28.127597119999916,11.367655799999998
4,0,8,CAP-G300-B30-e0.9,capped,300.0,30.0,0.9,0.0,300.0,16.238846179999964,168.74116,0.7093551649738121,28.127597119999916,11.367655799999998
4,0,8,CAP-G300-B30-e0.95,capped,300.0,30.0,0.95,0.0,300.0,16.237535079999976,168.74116,0.7094333931713311,28.127597119999916,11.367655799999998
4,0,8,CAP-G300-B60-e0,capped,300.0,60.0,0.0,0.0,180.0,20.459649,60.435496,0.4575164061493238,28.127597119999916,11.367655799999998
4,0,8,CAP-G300-B60-e0.25,capped,300.0,60.0,0.25,0.0,240.0,17.87792051999996,60.435496,0.6115580242377606,28.127597119999916,11.367655799999998
4,0,8,CAP-G300-B60-e0.5,capped,300.0,60.0,0.5,0.0,300.0,16.51719919999996,72.680278,0.6927469314075146,28.127597119999916,11.367655799999998
4,0,8,CAP-G300-B60-e0.75,capped,300.0,60.0,0.75,0.0,300.0,16.171858339999993,129.049476,0.7133520667958986,28.127597119999916,11.367655799999998
4,0,8,CAP-G300-B60-e0.9,capped,300.0,60.0,0.9,0.0,300.0,16.237535079999976,168.74116,0.7094333931713311,28.127597119999916,11.367655799999998
4,0,8,CAP-G300-B60-e0.95,capped,300.0,60.0,0.95,0.0,300.0,16.237535079999976,168.74116,0.7094333931713311,28.127597119999916,11.367655799999998
4,0,8,CAP-G300-B120-e0,capped,300.0,120.0,0.0,0.0,195.0,18.12467602,60.435496,0.596835090828347,28.127597119999916,11.367655799999998
4,0,8,CAP-G300-B120-e0.25,capped,300.0,120.0,0.25,0.0,260.0,17.085199,74.408838,0.6588566098869832,28.127597119999916,11.367655799999998
4,0,8,CAP-G300-B120-e0.5,capped,300.0,120.0,0.5,0.0,300.0,16.266748559999986,113.702038,0.7076903393358652,28.127597119999916,11.367655799999998
4,0,8,CAP-G300-B120-e0.75,capped,300.0,120.0,0.75,0.0,300.0,16.237535079999976,168.74116,0.7094333931713311,28.127597119999916,11.367655799999998
4,0,8,CAP-G300-B120-e0.9,capped,300.0,120.0,0.9,0.0,300.0,16.237535079999976,168.74116,0.7094333931713311,28.127597119999916,11.367655799999998
4,0,8,CAP-G300-B120-e0.95,capped,300.0,120.0,0.95,0.0,300.0,16.237535079999976,168.74116,0.7094333931713311,28.127597119999916,11.367655799999998
4,0,8,CAP-G300-B240-e0,capped,300.0,240.0,0.0,0.0,225.0,17.12739325999999,95.11926299999999,0.6563390437932618,28.127597119999916,11.367655799999998
4,0,8,CAP-G300-B240-e0.25,capped,300.0,240.0,0.25,0.0,300.0,16.26367595999993,113.716608,0.7078736693333509,28.127597119999916,11.367655799999998
4,0,8,CAP-G300-B240-e0.5,capped,300.0,240.0,0.5,0.0,300.0,16.239369579999984,168.74116,0.7093239357475263,28.127597119999916,11.367655799999998
4,0,8,CAP-G300-B240-e0.75,capped,300.0,240.0,0.75,0.0,300.0,16.237535079999976,168.74116,0.7094333931713311,28.127597119999916,11.367655799999998
4,0,8,CAP-G300-B240-e0.9,capped,300.0,240.0,0.9,0.0,300.0,16.237535079999976,168.74116,0.7094333931713311,28.127597119999916,11.367655799999998
4,0,8,CAP-G300-B240-e0.95,capped,300.0,240.0,0.95,0.0,300.0,16.237535079999976,168.74116,0.7094333931713311,28.127597119999916,11.367655799999998
4,0,8,CAP-G300-B360-e0,capped,300.0,360.0,0.0,0.0,255.0,16.523002659999964,113.716608,0.6924006616987373,28.127597119999916,11.367655799999998
4,0,8,CAP-G300-B360-e0.25,capped,300.0,360.0,0.25,0.0,300.0,16.23692513999994,164.667705,0.7094697859001832,28.127597119999916,11.367655799999998
4,0,8,CAP-G300-B360-e0.5,capped,300.0,360.0,0.5,0.0,300.0,16.237535079999976,168.74116,0.7094333931713311,28.127597119999916,11.367655799999998
4,0,8,CAP-G300-B360-e0.75,capped,300.0,360.0,0.75,0.0,300.0,16.237535079999976,168.74116,0.7094333931713311,28.127597119999916,11.367655799999998
4,0,8,CAP-G300-B360-e0.9,capped,300.0,360.0,0.9,0.0,300.0,16.237535079999976,168.74116,0.7094333931713311,28.127597119999916,11.367655799999998
4,0,8,CAP-G300-B360-e0.95,capped,300.0,360.0,0.95,0.0,300.0,16.237535079999976,168.74116,0.7094333931713311,28.127597119999916,11.367655799999998
4,0,8,CAP-G300-B480-e0,capped,300.0,480.0,0.0,0.0,285.0,16.275040639999972,146.786361,0.7071955834270189,28.127597119999916,11.367655799999998
4,0,8,CAP-G300-B480-e0.25,capped,300.0,480.0,0.25,0.0,300.0,16.237535079999976,168.74116,0.7094333931713311,28.127597119999916,11.367655799999998
4,0,8,CAP-G300-B480-e0.5,capped,300.0,480.0,0.5,0.0,300.0,16.237535079999976,168.74116,0.7094333931713311,28.127597119999916,11.367655799999998
4,0,8,CAP-G300-B480-e0.75,capped,300.0,480.0,0.75,0.0,300.0,16.237535079999976,168.74116,0.7094333931713311,28.127597119999916,11.367655799999998
4,0,8,CAP-G300-B480-e0.9,capped,300.0,480.0,0.9,0.0,300.0,16.237535079999976,168.74116,0.7094333931713311,28.127597119999916,11.367655799999998
4,0,8,CAP-G300-B480-e0.95,capped,300.0,480.0,0.95,0.0,300.0,16.237535079999976,168.74116,0.7094333931713311,28.127597119999916,11.367655799999998
4,0,8,HYB-G300-B0-g1-e0,hybrid,300.0,0.0,0.0,1.0,300.0,19.436659239999877,38.129924,0.5185541950334276,28.127597119999916,11.367655799999998
4,0,8,HYB-G300-B0-g1-e0.9,hybrid,300.0,0.0,0.9,1.0,300.0,16.24006253999999,168.74116,0.7092825895407123,28.127597119999916,11.367655799999998
4,0,8,HYB-G300-B0-g4-e0,hybrid,300.0,0.0,0.0,4.0,300.0,16.97139147999996,46.580559,0.6656470584826613,28.127597119999916,11.367655799999998
4,0,8,HYB-G300-B0-g4-e0.9,hybrid,300.0,0.0,0.9,4.0,300.0,16.237844379999977,168.74116,0.7094149384527796,28.127597119999916,11.367655799999998
4,0,8,HYB-G300-B0-g16-e0,hybrid,300.0,0.0,0.0,16.0,300.0,16.214106999999935,60.435496,0.7108312548674269,28.127597119999916,11.367655799999998
4,0,8,HYB-G300-B0-g16-e0.9,hybrid,300.0,0.0,0.9,16.0,300.0,16.23692513999994,168.74116,0.7094697859001832,28.127597119999916,11.367655799999998
4,0,8,HYB-G300-B30-g1-e0,hybrid,300.0,30.0,0.0,1.0,300.0,17.99115643999982,57.685919000000005,0.6048016807734352,28.127597119999916,11.367655799999998
4,0,8,HYB-G300-B30-g1-e0.9,hybrid,300.0,30.0,0.9,1.0,300.0,16.237535079999976,168.74116,0.7094333931713311,28.127597119999916,11.367655799999998
4,0,8,HYB-G300-B30-g4-e0,hybrid,300.0,30.0,0.0,4.0,300.0,16.632490019999985,60.110708,0.6858679801153378,28.127597119999916,11.367655799999998
4,0,8,HYB-G300-B30-g4-e0.9,hybrid,300.0,30.0,0.9,4.0,300.0,16.237535079999976,168.74116,0.7094333931713311,28.127597119999916,11.367655799999998
4,0,8,HYB-G300-B30-g16-e0,hybrid,300.0,30.0,0.0,16.0,300.0,16.24377945999995,60.795335,0.7090608154945511,28.127597119999916,11.367655799999998
4,0,8,HYB-G300-B30-g16-e0.9,hybrid,300.0,30.0,0.9,16.0,300.0,16.237535079999976,168.74116,0.7094333931713311,28.127597119999916,11.367655799999998
4,0,8,HYB-G300-B120-g1-e0,hybrid,300.0,120.0,0.0,1.0,300.0,16.92092562,60.435496,0.668658158523909,28.127597119999916,11.367655799999998
4,0,8,HYB-G300-B120-g1-e0.9,hybrid,300.0,120.0,0.9,1.0,300.0,16.237535079999976,168.74116,0.7094333931713311,28.127597119999916,11.367655799999998
4,0,8,HYB-G300-B120-g4-e0,hybrid,300.0,120.0,0.0,4.0,300.0,16.468816899999997,60.435496,0.6956337135910674,28.127597119999916,11.367655799999998
4,0,8,HYB-G300-B120-g4-e0.9,hybrid,300.0,120.0,0.9,4.0,300.0,16.237535079999976,168.74116,0.7094333931713311,28.127597119999916,11.367655799999998
4,0,8,HYB-G300-B120-g16-e0,hybrid,300.0,120.0,0.0,16.0,300.0,16.238012,95.26848,0.7094049372244444,28.127597119999916,11.367655799999998
4,0,8,HYB-G300-B120-g16-e0.9,hybrid,300.0,120.0,0.9,16.0,300.0,16.237535079999976,168.74116,0.7094333931713311,28.127597119999916,11.367655799999998
4,0,8,FIXEQ-G600,fixed,600.0,inf,0.0,0.0,600.0,15.962939179999976,186.773477,0.7258174541150482,28.127597119999916,11.367655799999998
4,0,8,CAP-G600-B0-e0,capped,600.0,0.0,0.0,0.0,165.0,28.127597119999916,0.0,0.0,28.127597119999916,11.367655799999998
4,0,8,CAP-G600-B0-e0.25,capped,600.0,0.0,0.25,0.0,220.0,19.840006179999982,76.870467,0.4944880642338654,28.127597119999916,11.367655799999998
4,0,8,CAP-G600-B0-e0.5,capped,600.0,0.0,0.5,0.0,330.0,17.552656039999963,60.435496,0.63096528073047,28.127597119999916,11.367655799999998
4,0,8,CAP-G600-B0-e0.75,capped,600.0,0.0,0.75,0.0,600.0,16.29252528,72.686312,0.7061523434975829,28.127597119999916,11.367655799999998
4,0,8,CAP-G600-B0-e0.9,capped,600.0,0.0,0.9,0.0,600.0,16.10456773999993,185.587725,0.7173670331203789,28.127597119999916,11.367655799999998
4,0,8,CAP-G600-B0-e0.95,capped,600.0,0.0,0.95,0.0,600.0,15.991754799999875,186.773477,0.7240981390261872,28.127597119999916,11.367655799999998
4,0,8,CAP-G600-B15-e0,capped,600.0,15.0,0.0,0.0,168.75,24.545323399999987,46.580559,0.21374023044610196,28.127597119999916,11.367655799999998
4,0,8,CAP-G600-B15-e0.25,capped,600.0,15.0,0.25,0.0,225.0,19.10416447999994,60.435496,0.5383928539912107,28.127597119999916,11.367655799999998
4,0,8,CAP-G600-B15-e0.5,capped,600.0,15.0,0.5,0.0,337.5,17.352181759999947,60.435496,0.6429267951637447,28.127597119999916,11.367655799999998
4,0,8,CAP-G600-B15-e0.75,capped,600.0,15.0,0.75,0.0,600.0,16.219330759999995,98.015125,0.7105195735852361,28.127597119999916,11.367655799999998
4,0,8,CAP-G600-B15-e0.9,capped,600.0,15.0,0.9,0.0,600.0,15.998414019999993,186.773477,0.7237008094727615,28.127597119999916,11.367655799999998
4,0,8,CAP-G600-B15-e0.95,capped,600.0,15.0,0.95,0.0,600.0,15.969589,186.773477,0.7254206854227803,28.127597119999916,11.367655799999998
4,0,8,CAP-G600-B30-e0,capped,600.0,30.0,0.0,0.0,172.5,22.220998319999886,56.830372000000004,0.35242359667164147,28.127597119999916,11.367655799999998
4,0,8,CAP-G600-B30-e0.25,capped,600.0,30.0,0.25,0.0,230.0,18.807078759999914,60.435496,0.5561187943347792,28.127597119999916,11.367655799999998
4,0,8,CAP-G600-B30-e0.5,capped,600.0,30.0,0.5,0.0,345.0,17.06931567999999,60.435496,0.6598043053291538,28.127597119999916,11.367655799999998
4,0,8,CAP-G600-B30-e0.75,capped,600.0,30.0,0.75,0.0,600.0,16.07758291999999,128.583899,0.7189771115499338,28.127597119999916,11.367655799999998
4,0,8,CAP-G600-B30-e0.9,capped,600.0,30.0,0.9,0.0,600.0,15.974279459999988,186.773477,0.7251408240610706,28.127597119999916,11.367655799999998
4,0,8,CAP-G600-B30-e0.95,capped,600.0,30.0,0.95,0.0,600.0,15.962939179999976,186.773477,0.7258174541150482,28.127597119999916,11.367655799999998
4,0,8,CAP-G600-B60-e0,capped,600.0,60.0,0.0,0.0,180.0,20.459649,60.435496,0.4575164061493238,28.127597119999916,11.367655799999998
4,0,8,CAP-G600-B60-e0.25,capped,600.0,60.0,0.25,0.0,240.0,17.87792051999996,60.435496,0.6115580242377606,28.127597119999916,11.367655799999998
4,0,8,CAP-G600-B60-e0.5,capped,600.0,60.0,0.5,0.0,360.0,16.423167919999965,72.680278,0.6983574092847723,28.127597119999916,11.367655799999998
4,0,8,CAP-G600-B60-e0.75,capped,600.0,60.0,0.75,0.0,600.0,15.882315359999991,129.049476,0.7306279614110239,28.127597119999916,11.367655799999998
4,0,8,CAP-G600-B60-e0.9,capped,600.0,60.0,0.9,0.0,600.0,15.962939179999976,186.773477,0.7258174541150482,28.127597119999916,11.367655799999998
4,0,8,CAP-G600-B60-e0.95,capped,600.0,60.0,0.95,0.0,600.0,15.962939179999976,186.773477,0.7258174541150482,28.127597119999916,11.367655799999998
4,0,8,CAP-G600-B120-e0,capped,600.0,120.0,0.0,0.0,195.0,18.12467602,60.435496,0.596835090828347,28.127597119999916,11.367655799999998
4,0,8,CAP-G600-B120-e0.25,capped,600.0,120.0,0.25,0.0,260.0,17.088478079999998,74.408838,0.6586609600372976,28.127597119999916,11.367655799999998
4,0,8,CAP-G600-B120-e0.5,capped,600.0,120.0,0.5,0.0,390.0,16.099568359999978,113.702038,0.7176653265275272,28.127597119999916,11.367655799999998
4,0,8,CAP-G600-B120-e0.75,capped,600.0,120.0,0.75,0.0,600.0,15.98969569999999,186.773477,0.7242209974515582,28.127597119999916,11.367655799999998
4,0,8,CAP-G600-B120-e0.9,capped,600.0,120.0,0.9,0.0,600.0,15.962939179999976,186.773477,0.7258174541150482,28.127597119999916,11.367655799999998
4,0,8,CAP-G600-B120-e0.95,capped,600.0,120.0,0.95,0.0,600.0,15.962939179999976,186.773477,0.7258174541150482,28.127597119999916,11.367655799999998
4,0,8,CAP-G600-B240-e0,capped,600.0,240.0,0.0,0.0,225.0,17.12739325999999,95.11926299999999,0.6563390437932618,28.127597119999916,11.367655799999998
4,0,8,CAP-G600-B240-e0.25,capped,600.0,240.0,0.25,0.0,300.0,16.241788,113.716608,0.7091796381062732,28.127597119999916,11.367655799999998
4,0,8,CAP-G600-B240-e0.5,capped,600.0,240.0,0.5,0.0,450.0,15.945763439999975,178.361715,0.726842263192363,28.127597119999916,11.367655799999998
4,0,8,CAP-G600-B240-e0.75,capped,600.0,240.0,0.75,0.0,600.0,15.962939179999976,186.773477,0.7258174541150482,28.127597119999916,11.367655799999998
4,0,8,CAP-G600-B240-e0.9,capped,600.0,240.0,0.9,0.0,600.0,15.962939179999976,186.773477,0.7258174541150482,28.127597119999916,11.367655799999998
4,0,8,CAP-G600-B240-e0.95,capped,600.0,240.0,0.95,0.0,600.0,15.962939179999976,186.773477,0.7258174541150482,28.127597119999916,11.367655799999998
4,0,8,CAP-G600-B360-e0,capped,600.0,360.0,0.0,0.0,255.0,16.523002659999964,113.716608,0.6924006616987373,28.127597119999916,11.367655799999998
4,0,8,CAP-G600-B360-e0.25,capped,600.0,360.0,0.25,0.0,340.0,16.10112917999999,164.667705,0.7175721985165032,28.127597119999916,11.367655799999998
4,0,8,CAP-G600-B360-e0.5,capped,600.0,360.0,0.5,0.0,510.0,15.934717,186.773477,0.7275013609653841,28.127597119999916,11.367655799999998
4,0,8,CAP-G600-B360-e0.75,capped,600.0,360.0,0.75,0.0,600.0,15.962939179999976,186.773477,0.7258174541150482,28.127597119999916,11.367655799999998
4,0,8,CAP-G600-B360-e0.9,capped,600.0,360.0,0.9,0.0,600.0,15.962939179999976,186.773477,0.7258174541150482,28.127597119999916,11.367655799999998
4,0,8,CAP-G600-B360-e0.95,capped,600.0,360.0,0.95,0.0,600.0,15.962939179999976,186.773477,0.7258174541150482,28.127597119999916,11.367655799999998
4,0,8,CAP-G600-B480-e0,capped,600.0,480.0,0.0,0.0,285.0,16.275040639999972,146.786361,0.7071955834270189,28.127597119999916,11.367655799999998
4,0,8,CAP-G600-B480-e0.25,capped,600.0,480.0,0.25,0.0,380.0,16.012443959999928,185.587725,0.7228636979499906,28.127597119999916,11.367655799999998
4,0,8,CAP-G600-B480-e0.5,capped,600.0,480.0,0.5,0.0,570.0,15.960008599999982,186.773477,0.7259923103358451,28.127597119999916,11.367655799999998
4,0,8,CAP-G600-B480-e0.75,capped,600.0,480.0,0.75,0.0,600.0,15.962939179999976,186.773477,0.7258174541150482,28.127597119999916,11.367655799999998
4,0,8,CAP-G600-B480-e0.9,capped,600.0,480.0,0.9,0.0,600.0,15.962939179999976,186.773477,0.7258174541150482,28.127597119999916,11.367655799999998
4,0,8,CAP-G600-B480-e0.95,capped,600.0,480.0,0.95,0.0,600.0,15.962939179999976,186.773477,0.7258174541150482,28.127597119999916,11.367655799999998
4,0,8,CAP-G600-B600-e0,capped,600.0,600.0,0.0,0.0,315.0,16.16853008,179.441918,0.7135506510233995,28.127597119999916,11.367655799999998
4,0,8,CAP-G600-B600-e0.25,capped,600.0,600.0,0.25,0.0,420.0,15.975951479999944,186.773477,0.7250410611819511,28.127597119999916,11.367655799999998
4,0,8,CAP-G600-B600-e0.5,capped,600.0,600.0,0.5,0.0,600.0,15.948214,186.773477,0.7266960478832974,28.127597119999916,11.367655799999998
4,0,8,CAP-G600-B600-e0.75,capped,600.0,600.0,0.75,0.0,600.0,15.962939179999976,186.773477,0.7258174541150482,28.127597119999916,11.367655799999998
4,0,8,CAP-G600-B600-e0.9,capped,600.0,600.0,0.9,0.0,600.0,15.962939179999976,186.773477,0.7258174541150482,28.127597119999916,11.367655799999998
4,0,8,CAP-G600-B600-e0.95,capped,600.0,600.0,0.95,0.0,600.0,15.962939179999976,186.773477,0.7258174541150482,28.127597119999916,11.367655799999998
4,0,8,HYB-G600-B0-g1-e0,hybrid,600.0,0.0,0.0,1.0,600.0,19.409181039999876,38.129924,0.5201937115135485,28.127597119999916,11.367655799999998
4,0,8,HYB-G600-B0-g1-e0.9,hybrid,600.0,0.0,0.9,1.0,600.0,15.972828579999975,185.587725,0.7252273923832568,28.127597119999916,11.367655799999998
4,0,8,HYB-G600-B0-g4-e0,hybrid,600.0,0.0,0.0,4.0,600.0,16.922691,46.580559,0.6685528252195557,28.127597119999916,11.367655799999998
4,0,8,HYB-G600-B0-g4-e0.9,hybrid,600.0,0.0,0.9,4.0,600.0,15.963191739999989,186.773477,0.7258023848498765,28.127597119999916,11.367655799999998
4,0,8,HYB-G600-B0-g16-e0,hybrid,600.0,0.0,0.0,16.0,600.0,15.914540519999965,60.435496,0.7287052124356728,28.127597119999916,11.367655799999998
4,0,8,HYB-G600-B0-g16-e0.9,hybrid,600.0,0.0,0.9,16.0,600.0,15.962658899999981,186.773477,0.7258341773239569,28.127597119999916,11.367655799999998
4,0,8,HYB-G600-B30-g1-e0,hybrid,600.0,30.0,0.0,1.0,600.0,17.88979321999998,57.685919000000005,0.6108496267694561,28.127597119999916,11.367655799999998
4,0,8,HYB-G600-B30-g1-e0.9,hybrid,600.0,30.0,0.9,1.0,600.0,15.962939179999976,186.773477,0.7258174541150482,28.127597119999916,11.367655799999998
4,0,8,HYB-G600-B30-g4-e0,hybrid,600.0,30.0,0.0,4.0,600.0,16.517597719999987,60.110708,0.692723153281302,28.127597119999916,11.367655799999998
4,0,8,HYB-G600-B30-g4-e0.9,hybrid,600.0,30.0,0.9,4.0,600.0,15.962939179999976,186.773477,0.7258174541150482,28.127597119999916,11.367655799999998
4,0,8,HYB-G600-B30-g16-e0,hybrid,600.0,30.0,0.0,16.0,600.0,15.903539239999976,60.795335,0.7293616156885208,28.127597119999916,11.367655799999998
4,0,8,HYB-G600-B30-g16-e0.9,hybrid,600.0,30.0,0.9,16.0,600.0,15.962939179999976,186.773477,0.7258174541150482,28.127597119999916,11.367655799999998
4,0,8,HYB-G600-B120-g1-e0,hybrid,600.0,120.0,0.0,1.0,600.0,16.874808119999944,60.435496,0.6714098089694283,28.127597119999916,11.367655799999998
4,0,8,HYB-G600-B120-g1-e0.9,hybrid,600.0,120.0,0.9,1.0,600.0,15.962939179999976,186.773477,0.7258174541150482,28.127597119999916,11.367655799999998
4,0,8,HYB-G600-B120-g4-e0,hybrid,600.0,120.0,0.0,4.0,600.0,16.30953063999993,60.435496,0.7051377003269867,28.127597119999916,11.367655799999998
4,0,8,HYB-G600-B120-g4-e0.9,hybrid,600.0,120.0,0.9,4.0,600.0,15.962939179999976,186.773477,0.7258174541150482,28.127597119999916,11.367655799999998
4,0,8,HYB-G600-B120-g16-e0,hybrid,600.0,120.0,0.0,16.0,600.0,15.924422059999948,95.26848,0.7281156196792715,28.127597119999916,11.367655799999998
4,0,8,HYB-G600-B120-g16-e0.9,hybrid,600.0,120.0,0.9,16.0,600.0,15.962939179999976,186.773477,0.7258174541150482,28.127597119999916,11.367655799999998
4,0,8,CAP-G1200-B0-e0,capped,1200.0,0.0,0.0,0.0,165.0,28.127597119999916,0.0,0.0,28.127597119999916,11.367655799999998
4,0,8,CAP-G1200-B0-e0.25,capped,1200.0,0.0,0.25,0.0,220.0,19.840006179999982,76.870467,0.4944880642338654,28.127597119999916,11.367655799999998
4,0,8,CAP-G1200-B0-e0.5,capped,1200.0,0.0,0.5,0.0,330.0,17.552656039999963,60.435496,0.63096528073047,28.127597119999916,11.367655799999998
4,0,8,CAP-G1200-B0-e0.75,capped,1200.0,0.0,0.75,0.0,660.0,16.270848,72.686312,0.7074457418207699,28.127597119999916,11.367655799999998
4,0,8,CAP-G1200-B0-e0.9,capped,1200.0,0.0,0.9,0.0,1200.0,16.06337747999997,185.587725,0.7198246944697538,28.127597119999916,11.367655799999998
4,0,8,CAP-G1200-B0-e0.95,capped,1200.0,0.0,0.95,0.0,1200.0,15.945763439999975,186.773477,0.726842263192363,28.127597119999916,11.367655799999998
4,0,8,CAP-G1200-B15-e0.25,capped,1200.0,15.0,0.25,0.0,225.0,19.10416447999994,60.435496,0.5383928539912107,28.127597119999916,11.367655799999998
4,0,8,CAP-G1200-B15-e0.5,capped,1200.0,15.0,0.5,0.0,337.5,17.352181759999947,60.435496,0.6429267951637447,28.127597119999916,11.367655799999998
4,0,8,CAP-G1200-B15-e0.75,capped,1200.0,15.0,0.75,0.0,675.0,16.187604619999973,98.015125,0.7124125479933363,28.127597119999916,11.367655799999998
4,0,8,CAP-G1200-B15-e0.9,capped,1200.0,15.0,0.9,0.0,1200.0,15.955544139999992,186.773477,0.7262586871634693,28.127597119999916,11.367655799999998
4,0,8,CAP-G1200-B15-e0.95,capped,1200.0,15.0,0.95,0.0,1200.0,15.92552215999996,186.773477,0.7280499810246361,28.127597119999916,11.367655799999998
4,0,8,CAP-G1200-B30-e0.25,capped,1200.0,30.0,0.25,0.0,230.0,18.807078759999914,60.435496,0.5561187943347792,28.127597119999916,11.367655799999998
4,0,8,CAP-G1200-B30-e0.5,capped,1200.0,30.0,0.5,0.0,345.0,17.06931567999999,60.435496,0.6598043053291538,28.127597119999916,11.367655799999998
4,0,8,CAP-G1200-B30-e0.75,capped,1200.0,30.0,0.75,0.0,690.0,16.049745799999904,128.583899,0.7206380433795021,28.127597119999916,11.367655799999998
4,0,8,CAP-G1200-B30-e0.9,capped,1200.0,30.0,0.9,0.0,1200.0,15.919051659999935,186.773477,0.7284360503954342,28.127597119999916,11.367655799999998
4,0,8,CAP-G1200-B30-e0.95,capped,1200.0,30.0,0.95,0.0,1200.0,15.914869679999988,186.773477,0.7286855727487707,28.127597119999916,11.367655799999998
4,0,8,CAP-G1200-B60-e0.25,capped,1200.0,60.0,0.25,0.0,240.0,17.87792051999996,60.435496,0.6115580242377606,28.127597119999916,11.367655799999998
4,0,8,CAP-G1200-B60-e0.5,capped,1200.0,60.0,0.5,0.0,360.0,16.423167919999965,72.680278,0.6983574092847723,28.127597119999916,11.367655799999998
4,0,8,CAP-G1200-B60-e0.75,capped,1200.0,60.0,0.75,0.0,720.0,15.884780119999979,129.049476,0.7304808988436241,28.127597119999916,11.367655799999998
4,0,8,CAP-G1200-B60-e0.9,capped,1200.0,60.0,0.9,0.0,1200.0,15.914959,186.773477,0.7286802433745022,28.127597119999916,11.367655799999998
4,0,8,CAP-G1200-B60-e0.95,capped,1200.0,60.0,0.95,0.0,1200.0,15.914869679999988,186.773477,0.7286855727487707,28.127597119999916,11.367655799999998
4,0,8,CAP-G1200-B120-e0.25,capped,1200.0,120.0,0.25,0.0,260.0,17.088478079999998,74.408838,0.6586609600372976,28.127597119999916,11.367655799999998
4,0,8,CAP-G1200-B120-e0.5,capped,1200.0,120.0,0.5,0.0,390.0,16.099568359999978,113.702038,0.7176653265275272,28.127597119999916,11.367655799999998
4,0,8,CAP-G1200-B120-e0.75,capped,1200.0,120.0,0.75,0.0,780.0,15.961772519999995,186.773477,0.7258870641439681,28.127597119999916,11.367655799999998
4,0,8,CAP-G1200-B120-e0.9,capped,1200.0,120.0,0.9,0.0,1200.0,15.914869679999988,186.773477,0.7286855727487707,28.127597119999916,11.367655799999998
4,0,8,CAP-G1200-B120-e0.95,capped,1200.0,120.0,0.95,0.0,1200.0,15.914869679999988,186.773477,0.7286855727487707,28.127597119999916,11.367655799999998
4,0,8,CAP-G1200-B240-e0.25,capped,1200.0,240.0,0.25,0.0,300.0,16.241788,113.716608,0.7091796381062732,28.127597119999916,11.367655799999998
4,0,8,CAP-G1200-B240-e0.5,capped,1200.0,240.0,0.5,0.0,450.0,15.945763439999975,178.361715,0.726842263192363,28.127597119999916,11.367655799999998
4,0,8,CAP-G1200-B240-e0.75,capped,1200.0,240.0,0.75,0.0,900.0,15.900689999999997,186.773477,0.7295316186703676,28.127597119999916,11.367655799999998
4,0,8,CAP-G1200-B240-e0.9,capped,1200.0,240.0,0.9,0.0,1200.0,15.914869679999988,186.773477,0.7286855727487707,28.127597119999916,11.367655799999998
4,0,8,CAP-G1200-B240-e0.95,capped,1200.0,240.0,0.95,0.0,1200.0,15.914869679999988,186.773477,0.7286855727487707,28.127597119999916,11.367655799999998
4,0,8,CAP-G1200-B360-e0.25,capped,1200.0,360.0,0.25,0.0,340.0,16.10112917999999,164.667705,0.7175721985165032,28.127597119999916,11.367655799999998
4,0,8,CAP-G1200-B360-e0.5,capped,1200.0,360.0,0.5,0.0,510.0,15.934717,186.773477,0.7275013609653841,28.127597119999916,11.367655799999998
4,0,8,CAP-G1200-B360-e0.75,capped,1200.0,360.0,0.75,0.0,1020.0,15.914959,186.773477,0.7286802433745022,28.127597119999916,11.367655799999998
4,0,8,CAP-G1200-B360-e0.9,capped,1200.0,360.0,0.9,0.0,1200.0,15.914869679999988,186.773477,0.7286855727487707,28.127597119999916,11.367655799999998
4,0,8,CAP-G1200-B360-e0.95,capped,1200.0,360.0,0.95,0.0,1200.0,15.914869679999988,186.773477,0.7286855727487707,28.127597119999916,11.367655799999998
4,0,8,CAP-G1200-B480-e0.25,capped,1200.0,480.0,0.25,0.0,380.0,16.012443959999928,185.587725,0.7228636979499906,28.127597119999916,11.367655799999998
4,0,8,CAP-G1200-B480-e0.5,capped,1200.0,480.0,0.5,0.0,570.0,15.947370699999926,186.773477,0.7267463642885863,28.127597119999916,11.367655799999998
4,0,8,CAP-G1200-B480-e0.75,capped,1200.0,480.0,0.75,0.0,1140.0,15.914869679999988,186.773477,0.7286855727487707,28.127597119999916,11.367655799999998
4,0,8,CAP-G1200-B480-e0.9,capped,1200.0,480.0,0.9,0.0,1200.0,15.914869679999988,186.773477,0.7286855727487707,28.127597119999916,11.367655799999998
4,0,8,CAP-G1200-B480-e0.95,capped,1200.0,480.0,0.95,0.0,1200.0,15.914869679999988,186.773477,0.7286855727487707,28.127597119999916,11.367655799999998
4,0,8,CAP-G1200-B600-e0.25,capped,1200.0,600.0,0.25,0.0,420.0,15.975951479999944,186.773477,0.7250410611819511,28.127597119999916,11.367655799999998
4,0,8,CAP-G1200-B600-e0.5,capped,1200.0,600.0,0.5,0.0,630.0,15.926634179999963,186.773477,0.7279836311503275,28.127597119999916,11.367655799999998
4,0,8,CAP-G1200-B600-e0.75,capped,1200.0,600.0,0.75,0.0,1200.0,15.914869679999988,186.773477,0.7286855727487707,28.127597119999916,11.367655799999998
4,0,8,CAP-G1200-B600-e0.9,capped,1200.0,600.0,0.9,0.0,1200.0,15.914869679999988,186.773477,0.7286855727487707,28.127597119999916,11.367655799999998
4,0,8,CAP-G1200-B600-e0.95,capped,1200.0,600.0,0.95,0.0,1200.0,15.914869679999988,186.773477,0.7286855727487707,28.127597119999916,11.367655799999998
4,0,8,HYB-G1200-B0-g1-e0,hybrid,1200.0,0.0,0.0,1.0,1200.0,19.409181039999876,38.129924,0.5201937115135485,28.127597119999916,11.367655799999998
4,0,8,HYB-G1200-B0-g1-e0.9,hybrid,1200.0,0.0,0.9,1.0,1200.0,15.912808319999975,185.587725,0.7288085660194902,28.127597119999916,11.367655799999998
4,0,8,HYB-G1200-B0-g4-e0,hybrid,1200.0,0.0,0.0,4.0,1200.0,16.922691,46.580559,0.6685528252195557,28.127597119999916,11.367655799999998
4,0,8,HYB-G1200-B0-g4-e0.9,hybrid,1200.0,0.0,0.9,4.0,1200.0,15.914959,186.773477,0.7286802433745022,28.127597119999916,11.367655799999998
4,0,8,HYB-G1200-B0-g16-e0,hybrid,1200.0,0.0,0.0,16.0,1200.0,15.914540519999965,60.435496,0.7287052124356728,28.127597119999916,11.367655799999998
4,0,8,HYB-G1200-B0-g16-e0.9,hybrid,1200.0,0.0,0.9,16.0,1200.0,15.914540519999965,186.773477,0.7287052124356728,28.127597119999916,11.367655799999998
4,0,8,HYB-G1200-B30-g1-e0,hybrid,1200.0,30.0,0.0,1.0,1200.0,17.88979321999998,57.685919000000005,0.6108496267694561,28.127597119999916,11.367655799999998
4,0,8,HYB-G1200-B30-g1-e0.9,hybrid,1200.0,30.0,0.9,1.0,1200.0,15.914959,186.773477,0.7286802433745022,28.127597119999916,11.367655799999998
4,0,8,HYB-G1200-B30-g4-e0,hybrid,1200.0,30.0,0.0,4.0,1200.0,16.517597719999987,60.110708,0.692723153281302,28.127597119999916,11.367655799999998
4,0,8,HYB-G1200-B30-g4-e0.9,hybrid,1200.0,30.0,0.9,4.0,1200.0,15.914869679999988,186.773477,0.7286855727487707,28.127597119999916,11.367655799999998
4,0,8,HYB-G1200-B30-g16-e0,hybrid,1200.0,30.0,0.0,16.0,1200.0,15.903539239999976,60.795335,0.7293616156885208,28.127597119999916,11.367655799999998
4,0,8,HYB-G1200-B30-g16-e0.9,hybrid,1200.0,30.0,0.9,16.0,1200.0,15.914869679999988,186.773477,0.7286855727487707,28.127597119999916,11.367655799999998
4,0,8,HYB-G1200-B120-g1-e0,hybrid,1200.0,120.0,0.0,1.0,1200.0,16.874808119999944,60.435496,0.6714098089694283,28.127597119999916,11.367655799999998
4,0,8,HYB-G1200-B120-g1-e0.9,hybrid,1200.0,120.0,0.9,1.0,1200.0,15.914869679999988,186.773477,0.7286855727487707,28.127597119999916,11.367655799999998
4,0,8,HYB-G1200-B120-g4-e0,hybrid,1200.0,120.0,0.0,4.0,1200.0,16.30953063999993,60.435496,0.7051377003269867,28.127597119999916,11.367655799999998
4,0,8,HYB-G1200-B120-g4-e0.9,hybrid,1200.0,120.0,0.9,4.0,1200.0,15.914869679999988,186.773477,0.7286855727487707,28.127597119999916,11.367655799999998
4,0,8,HYB-G1200-B120-g16-e0,hybrid,1200.0,120.0,0.0,16.0,1200.0,15.924422059999948,95.26848,0.7281156196792715,28.127597119999916,11.367655799999998
4,0,8,HYB-G1200-B120-g16-e0.9,hybrid,1200.0,120.0,0.9,16.0,1200.0,15.914869679999988,186.773477,0.7286855727487707,28.127597119999916,11.367655799999998
4,1,5,SJF,reference,-1.0,-1.0,-1.0,-1.0,inf,35.78610539999999,157.503418,1.0,119.59158805999992,35.78610539999999
4,1,5,SPJF-E,reference,-1.0,-1.0,-1.0,-1.0,inf,47.88781443999989,410.19633,0.8555976452149708,119.59158805999992,35.78610539999999
4,1,5,FIX-B15,fixed,-1.0,15.0,0.0,0.0,159.75,118.3217158399999,62.067358,0.0151526150759362,119.59158805999992,35.78610539999999
4,1,5,FIX-B17.99,fixed,-1.0,17.99,0.0,0.0,160.4975,117.85345103999985,62.067358,0.020740134950975875,119.59158805999992,35.78610539999999
4,1,5,FIX-B21.576,fixed,-1.0,21.576,0.0,0.0,161.394,117.35816939999992,62.067358,0.026650030393130842,119.59158805999992,35.78610539999999
4,1,5,FIX-B25.877,fixed,-1.0,25.877,0.0,0.0,162.46925,116.62362705999995,62.067358,0.0354148786666027,119.59158805999992,35.78610539999999
4,1,5,FIX-B30,fixed,-1.0,30.0,0.0,0.0,163.5,115.69507323999966,62.405616,0.04649474827092734,119.59158805999992,35.78610539999999
4,1,5,FIX-B31.035,fixed,-1.0,31.035,0.0,0.0,163.75875,115.46843489999979,62.405616,0.04919908613530479,119.59158805999992,35.78610539999999
4,1,5,FIX-B37.222,fixed,-1.0,37.222,0.0,0.0,165.3055,114.19318645999998,71.175179,0.06441585238404195,119.59158805999992,35.78610539999999
4,1,5,FIX-B44.641,fixed,-1.0,44.641,0.0,0.0,167.16025,112.91693617999995,71.175179,0.07964457298192686,119.59158805999992,35.78610539999999
4,1,5,FIX-B53.54,fixed,-1.0,53.54,0.0,0.0,169.385,111.18174265999957,71.175179,0.10034958493251826,119.59158805999992,35.78610539999999
4,1,5,FIX-B60,fixed,-1.0,60.0,0.0,0.0,171.0,110.25378137999998,71.175179,0.11142238411636576,119.59158805999992,35.78610539999999
4,1,5,FIX-B64.212,fixed,-1.0,64.212,0.0,0.0,172.053,109.51406375999994,71.175179,0.12024898586748366,119.59158805999992,35.78610539999999
4,1,5,FIX-B77.012,fixed,-1.0,77.012,0.0,0.0,175.253,106.54682139999919,71.19706400000001,0.15565528943880128,119.59158805999992,35.78610539999999
4,1,5,FIX-B92.363,fixed,-1.0,92.363,0.0,0.0,179.09075,103.33886603999994,71.63768999999999,0.193933875256557,119.59158805999992,35.78610539999999
4,1,5,FIX-B110.774,fixed,-1.0,110.774,0.0,0.0,183.6935,98.20722681999972,75.281879,0.25516661394048484,119.59158805999992,35.78610539999999
4,1,5,FIX-B120,fixed,-1.0,120.0,0.0,0.0,186.0,95.67849997999988,76.161908,0.2853403777532764,119.59158805999992,35.78610539999999
4,1,5,FIX-B132.855,fixed,-1.0,132.855,0.0,0.0,189.21375,93.14637597999983,83.248699,0.31555467781611257,119.59158805999992,35.78610539999999
4,1,5,FIX-B159.338,fixed,-1.0,159.338,0.0,0.0,195.8345,88.29495737999997,114.28797,0.37344371378386826,119.59158805999992,35.78610539999999
4,1,5,FIX-B191.099,fixed,-1.0,191.099,0.0,0.0,203.77474999999998,83.91787989999952,114.334088,0.42567272483507024,119.59158805999992,35.78610539999999
4,1,5,FIX-B229.192,fixed,-1.0,229.192,0.0,0.0,213.298,79.91404545999988,118.668152,0.47344805304651016,119.59158805999992,35.78610539999999
4,1,5,FIX-B240,fixed,-1.0,240.0,0.0,0.0,216.0,78.93471353999986,118.668152,0.48513382692330037,119.59158805999992,35.78610539999999
4,1,5,FIX-B274.878,fixed,-1.0,274.878,0.0,0.0,224.71949999999998,77.123453959999,118.781854,0.5067464890369376,119.59158805999992,35.78610539999999
4,1,5,FIX-B329.671,fixed,-1.0,329.671,0.0,0.0,238.41775,70.48153779999998,120.544454,0.5860004465249622,119.59158805999992,35.78610539999999
4,1,5,FIX-B360,fixed,-1.0,360.0,0.0,0.0,246.0,67.71350001999998,121.686006,0.6190297626525235,119.59158805999992,35.78610539999999
4,1,5,FIX-B395.386,fixed,-1.0,395.386,0.0,0.0,254.8465,64.9145852799999,134.833775,0.6524275148181583,119.59158805999992,35.78610539999999
4,1,5,FIX-B474.201,fixed,-1.0,474.201,0.0,0.0,274.55025,61.014844859999975,155.66594800000001,0.6989607522176877,119.59158805999992,35.78610539999999
4,1,5,FIX-B480,fixed,-1.0,480.0,0.0,0.0,276.0,60.99542899999948,155.66594800000001,0.6991924299001523,119.59158805999992,35.78610539999999
4,1,5,FIX-B568.726,fixed,-1.0,568.726,0.0,0.0,298.1815,58.406359879999776,176.392422,0.7300862215450689,119.59158805999992,35.78610539999999
4,1,5,FIX-B600,fixed,-1.0,600.0,0.0,0.0,306.0,57.632430979999995,177.223264,0.7393210457526881,119.59158805999992,35.78610539999999
4,1,5,FIX-B682.093,fixed,-1.0,682.093,0.0,0.0,326.52324999999996,55.466246039999874,216.321798,0.7651688169395491,119.59158805999992,35.78610539999999
4,1,5,FIX-B818.058,fixed,-1.0,818.058,0.0,0.0,360.5145,53.747158579999905,227.57368400000001,0.7856816450438192,119.59158805999992,35.78610539999999
4,1,5,FIX-B981.126,fixed,-1.0,981.126,0.0,0.0,401.2815,52.93264379999985,255.183201,0.7954007559438131,119.59158805999992,35.78610539999999
4,1,5,FIX-B1176.7,fixed,-1.0,1176.699,0.0,0.0,450.17475,52.076555679999956,294.851695,0.8056159362975025,119.59158805999992,35.78610539999999
4,1,5,FIX-B1411.26,fixed,-1.0,1411.256,0.0,0.0,508.814,50.38581809999971,353.95573199999995,0.8257904824767733,119.59158805999992,35.78610539999999
4,1,5,FIX-B1692.57,fixed,-1.0,1692.569,0.0,0.0,579.14225,49.890499839999976,410.19633,0.8317008148831775,119.59158805999992,35.78610539999999
4,1,5,FIX-B2029.96,fixed,-1.0,2029.958,0.0,0.0,663.4895,49.650284739999954,410.19633,0.8345671559908897,119.59158805999992,35.78610539999999
4,1,5,FIX-B2434.6,fixed,-1.0,2434.6,0.0,0.0,764.65,49.2785753,410.19633,0.8390025393119068,119.59158805999992,35.78610539999999
4,1,5,FIX-B2919.9,fixed,-1.0,2919.901,0.0,0.0,885.97525,48.894924579999966,410.19633,0.8435804106852692,119.59158805999992,35.78610539999999
4,1,5,FIX-B3501.94,fixed,-1.0,3501.94,0.0,0.0,1031.4850000000001,48.60593663999997,410.19633,0.8470287285139777,119.59158805999992,35.78610539999999
4,1,5,FIX-B4200,fixed,-1.0,4200.0,0.0,0.0,1206.0,48.518225339999994,410.19633,0.8480753342635778,119.59158805999992,35.78610539999999
4,1,5,FIXEQ-G300,fixed,300.0,inf,0.0,0.0,300.0,58.32222503999978,176.58095500000002,0.7310901515664654,119.59158805999992,35.78610539999999
4,1,5,CAP-G300-B0-e0,capped,300.0,0.0,0.0,0.0,156.0,119.59158805999992,0.0,0.0,119.59158805999992,35.78610539999999
4,1,5,CAP-G300-B0-e0.25,capped,300.0,0.0,0.25,0.0,208.0,86.14887449999995,73.584698,0.39905161927982147,119.59158805999992,35.78610539999999
4,1,5,CAP-G300-B0-e0.5,capped,300.0,0.0,0.5,0.0,300.0,63.50206179999994,118.668152,0.6692823008675459,119.59158805999992,35.78610539999999
4,1,5,CAP-G300-B0-e0.75,capped,300.0,0.0,0.75,0.0,300.0,58.18758475999994,127.06196800000001,0.7326967323739058,119.59158805999992,35.78610539999999
4,1,5,CAP-G300-B0-e0.9,capped,300.0,0.0,0.9,0.0,300.0,58.25004853999994,176.64438900000002,0.7319513899688819,119.59158805999992,35.78610539999999
4,1,5,CAP-G300-B0-e0.95,capped,300.0,0.0,0.95,0.0,300.0,58.31322696,176.64438900000002,0.7311975201981369,119.59158805999992,35.78610539999999
4,1,5,CAP-G300-B15-e0,capped,300.0,15.0,0.0,0.0,159.75,118.3217158399999,62.067358,0.0151526150759362,119.59158805999992,35.78610539999999
4,1,5,CAP-G300-B15-e0.25,capped,300.0,15.0,0.25,0.0,213.0,78.68368833999983,71.449708,0.4881291583984312,119.59158805999992,35.78610539999999
4,1,5,CAP-G300-B15-e0.5,capped,300.0,15.0,0.5,0.0,300.0,62.34027673999997,118.668152,0.6831451774136228,119.59158805999992,35.78610539999999
4,1,5,CAP-G300-B15-e0.75,capped,300.0,15.0,0.75,0.0,300.0,57.92148341999987,134.137417,0.7358719582845976,119.59158805999992,35.78610539999999
4,1,5,CAP-G300-B15-e0.9,capped,300.0,15.0,0.9,0.0,300.0,58.34656435999994,176.58095500000002,0.730799725221701,119.59158805999992,35.78610539999999
4,1,5,CAP-G300-B15-e0.95,capped,300.0,15.0,0.95,0.0,300.0,58.33274425999995,176.58095500000002,0.7309646320936781,119.59158805999992,35.78610539999999
4,1,5,CAP-G300-B30-e0,capped,300.0,30.0,0.0,0.0,163.5,115.69507323999966,62.405616,0.04649474827092734,119.59158805999992,35.78610539999999
4,1,5,CAP-G300-B30-e0.25,capped,300.0,30.0,0.25,0.0,218.0,77.33997041999969,71.65973,0.504162929428086,119.59158805999992,35.78610539999999
4,1,5,CAP-G300-B30-e0.5,capped,300.0,30.0,0.5,0.0,300.0,61.652354619999905,118.781854,0.6913537348750837,119.59158805999992,35.78610539999999
4,1,5,CAP-G300-B30-e0.75,capped,300.0,30.0,0.75,0.0,300.0,58.31592273999998,133.959712,0.731165353090277,119.59158805999992,35.78610539999999
4,1,5,CAP-G300-B30-e0.9,capped,300.0,30.0,0.9,0.0,300.0,58.33327293999997,176.58095500000002,0.7309583236758604,119.59158805999992,35.78610539999999
4,1,5,CAP-G300-B30-e0.95,capped,300.0,30.0,0.95,0.0,300.0,58.32222503999978,176.58095500000002,0.7310901515664654,119.59158805999992,35.78610539999999
4,1,5,CAP-G300-B60-e0,capped,300.0,60.0,0.0,0.0,171.0,110.25378137999998,71.175179,0.11142238411636576,119.59158805999992,35.78610539999999
4,1,5,CAP-G300-B60-e0.25,capped,300.0,60.0,0.25,0.0,228.0,73.48787901999971,81.782254,0.5501275999691289,119.59158805999992,35.78610539999999
4,1,5,CAP-G300-B60-e0.5,capped,300.0,60.0,0.5,0.0,300.0,59.713420179999424,118.781854,0.7144898636635397,119.59158805999992,35.78610539999999
4,1,5,CAP-G300-B60-e0.75,capped,300.0,60.0,0.75,0.0,300.0,58.31218729999987,176.58095500000002,0.7312099258304074,119.59158805999992,35.78610539999999
4,1,5,CAP-G300-B60-e0.9,capped,300.0,60.0,0.9,0.0,300.0,58.32222503999978,176.58095500000002,0.7310901515664654,119.59158805999992,35.78610539999999
4,1,5,CAP-G300-B60-e0.95,capped,300.0,60.0,0.95,0.0,300.0,58.32222503999978,176.58095500000002,0.7310901515664654,119.59158805999992,35.78610539999999
4,1,5,CAP-G300-B120-e0,capped,300.0,120.0,0.0,0.0,186.0,95.67849997999988,76.161908,0.2853403777532764,119.59158805999992,35.78610539999999
4,1,5,CAP-G300-B120-e0.25,capped,300.0,120.0,0.25,0.0,248.0,67.23102337999966,118.668152,0.6247868637953896,119.59158805999992,35.78610539999999
4,1,5,CAP-G300-B120-e0.5,capped,300.0,120.0,0.5,0.0,300.0,58.99867777999998,123.614128,0.7230184512608353,119.59158805999992,35.78610539999999
4,1,5,CAP-G300-B120-e0.75,capped,300.0,120.0,0.75,0.0,300.0,58.32222503999978,176.58095500000002,0.7310901515664654,119.59158805999992,35.78610539999999
4,1,5,CAP-G300-B120-e0.9,capped,300.0,120.0,0.9,0.0,300.0,58.32222503999978,176.58095500000002,0.7310901515664654,119.59158805999992,35.78610539999999
4,1,5,CAP-G300-B120-e0.95,capped,300.0,120.0,0.95,0.0,300.0,58.32222503999978,176.58095500000002,0.7310901515664654,119.59158805999992,35.78610539999999
4,1,5,CAP-G300-B240-e0,capped,300.0,240.0,0.0,0.0,216.0,78.93471353999986,118.668152,0.48513382692330037,119.59158805999992,35.78610539999999
4,1,5,CAP-G300-B240-e0.25,capped,300.0,240.0,0.25,0.0,288.0,60.43359711999994,122.38247,0.7058964289962366,119.59158805999992,35.78610539999999
4,1,5,CAP-G300-B240-e0.5,capped,300.0,240.0,0.5,0.0,300.0,58.30931105999998,176.58095500000002,0.7312442462580048,119.59158805999992,35.78610539999999
4,1,5,CAP-G300-B240-e0.75,capped,300.0,240.0,0.75,0.0,300.0,58.32222503999978,176.58095500000002,0.7310901515664654,119.59158805999992,35.78610539999999
4,1,5,CAP-G300-B240-e0.9,capped,300.0,240.0,0.9,0.0,300.0,58.32222503999978,176.58095500000002,0.7310901515664654,119.59158805999992,35.78610539999999
4,1,5,CAP-G300-B240-e0.95,capped,300.0,240.0,0.95,0.0,300.0,58.32222503999978,176.58095500000002,0.7310901515664654,119.59158805999992,35.78610539999999
4,1,5,CAP-G300-B360-e0,capped,300.0,360.0,0.0,0.0,246.0,67.71350001999998,121.686006,0.6190297626525235,119.59158805999992,35.78610539999999
4,1,5,CAP-G300-B360-e0.25,capped,300.0,360.0,0.25,0.0,300.0,58.262158239999984,176.241038,0.7318068922628168,119.59158805999992,35.78610539999999
4,1,5,CAP-G300-B360-e0.5,capped,300.0,360.0,0.5,0.0,300.0,58.32222503999978,176.58095500000002,0.7310901515664654,119.59158805999992,35.78610539999999
4,1,5,CAP-G300-B360-e0.75,capped,300.0,360.0,0.75,0.0,300.0,58.32222503999978,176.58095500000002,0.7310901515664654,119.59158805999992,35.78610539999999
4,1,5,CAP-G300-B360-e0.9,capped,300.0,360.0,0.9,0.0,300.0,58.32222503999978,176.58095500000002,0.7310901515664654,119.59158805999992,35.78610539999999
4,1,5,CAP-G300-B360-e0.95,capped,300.0,360.0,0.95,0.0,300.0,58.32222503999978,176.58095500000002,0.7310901515664654,119.59158805999992,35.78610539999999
4,1,5,CAP-G300-B480-e0,capped,300.0,480.0,0.0,0.0,276.0,60.99542899999948,155.66594800000001,0.6991924299001523,119.59158805999992,35.78610539999999
4,1,5,CAP-G300-B480-e0.25,capped,300.0,480.0,0.25,0.0,300.0,58.32222503999978,176.58095500000002,0.7310901515664654,119.59158805999992,35.78610539999999
4,1,5,CAP-G300-B480-e0.5,capped,300.0,480.0,0.5,0.0,300.0,58.32222503999978,176.58095500000002,0.7310901515664654,119.59158805999992,35.78610539999999
4,1,5,CAP-G300-B480-e0.75,capped,300.0,480.0,0.75,0.0,300.0,58.32222503999978,176.58095500000002,0.7310901515664654,119.59158805999992,35.78610539999999
4,1,5,CAP-G300-B480-e0.9,capped,300.0,480.0,0.9,0.0,300.0,58.32222503999978,176.58095500000002,0.7310901515664654,119.59158805999992,35.78610539999999
4,1,5,CAP-G300-B480-e0.95,capped,300.0,480.0,0.95,0.0,300.0,58.32222503999978,176.58095500000002,0.7310901515664654,119.59158805999992,35.78610539999999
4,1,5,HYB-G300-B0-g1-e0,hybrid,300.0,0.0,0.0,1.0,300.0,84.62279601999994,45.679707,0.41726138827776793,119.59158805999992,35.78610539999999
4,1,5,HYB-G300-B0-g1-e0.9,hybrid,300.0,0.0,0.9,1.0,300.0,58.29355343999996,176.51555100000002,0.7314322723811159,119.59158805999992,35.78610539999999
4,1,5,HYB-G300-B0-g4-e0,hybrid,300.0,0.0,0.0,4.0,300.0,67.89443671999994,62.067358,0.6168707547420981,119.59158805999992,35.78610539999999
4,1,5,HYB-G300-B0-g4-e0.9,hybrid,300.0,0.0,0.9,4.0,300.0,58.34326513999994,176.58095500000002,0.7308390928131195,119.59158805999992,35.78610539999999
4,1,5,HYB-G300-B0-g16-e0,hybrid,300.0,0.0,0.0,16.0,300.0,59.75957261999999,80.26790799999999,0.7139391545865714,119.59158805999992,35.78610539999999
4,1,5,HYB-G300-B0-g16-e0.9,hybrid,300.0,0.0,0.9,16.0,300.0,58.33202154,176.58095500000002,0.7309732558731374,119.59158805999992,35.78610539999999
4,1,5,HYB-G300-B30-g1-e0,hybrid,300.0,30.0,0.0,1.0,300.0,80.43711599999997,62.405616,0.46720656951347933,119.59158805999992,35.78610539999999
4,1,5,HYB-G300-B30-g1-e0.9,hybrid,300.0,30.0,0.9,1.0,300.0,58.332222339999966,176.58095500000002,0.7309708598485148,119.59158805999992,35.78610539999999
4,1,5,HYB-G300-B30-g4-e0,hybrid,300.0,30.0,0.0,4.0,300.0,65.69285681999993,71.175179,0.6431408725210488,119.59158805999992,35.78610539999999
4,1,5,HYB-G300-B30-g4-e0.9,hybrid,300.0,30.0,0.9,4.0,300.0,58.32418643999999,176.58095500000002,0.7310667473697714,119.59158805999992,35.78610539999999
4,1,5,HYB-G300-B30-g16-e0,hybrid,300.0,30.0,0.0,16.0,300.0,59.767985019999934,88.46402499999999,0.7138387745191471,119.59158805999992,35.78610539999999
4,1,5,HYB-G300-B30-g16-e0.9,hybrid,300.0,30.0,0.9,16.0,300.0,58.32222503999978,176.58095500000002,0.7310901515664654,119.59158805999992,35.78610539999999
4,1,5,HYB-G300-B120-g1-e0,hybrid,300.0,120.0,0.0,1.0,300.0,72.56562205999992,83.248699,0.5611323329618544,119.59158805999992,35.78610539999999
4,1,5,HYB-G300-B120-g1-e0.9,hybrid,300.0,120.0,0.9,1.0,300.0,58.32222503999978,176.58095500000002,0.7310901515664654,119.59158805999992,35.78610539999999
4,1,5,HYB-G300-B120-g4-e0,hybrid,300.0,120.0,0.0,4.0,300.0,61.66607673999991,86.69444299999999,0.6911899971390255,119.59158805999992,35.78610539999999
4,1,5,HYB-G300-B120-g4-e0.9,hybrid,300.0,120.0,0.9,4.0,300.0,58.32222503999978,176.58095500000002,0.7310901515664654,119.59158805999992,35.78610539999999
4,1,5,HYB-G300-B120-g16-e0,hybrid,300.0,120.0,0.0,16.0,300.0,59.12168413999988,114.28797,0.7215506909652597,119.59158805999992,35.78610539999999
4,1,5,HYB-G300-B120-g16-e0.9,hybrid,300.0,120.0,0.9,16.0,300.0,58.32222503999978,176.58095500000002,0.7310901515664654,119.59158805999992,35.78610539999999
4,1,5,FIXEQ-G600,fixed,600.0,inf,0.0,0.0,600.0,49.94222807999999,410.19633,0.8310835731663093,119.59158805999992,35.78610539999999
4,1,5,CAP-G600-B0-e0,capped,600.0,0.0,0.0,0.0,156.0,119.59158805999992,0.0,0.0,119.59158805999992,35.78610539999999
4,1,5,CAP-G600-B0-e0.25,capped,600.0,0.0,0.25,0.0,208.0,85.38098153999985,73.584698,0.40821442027597404,119.59158805999992,35.78610539999999
4,1,5,CAP-G600-B0-e0.5,capped,600.0,0.0,0.5,0.0,312.0,60.24955815999968,118.668152,0.7080924542938524,119.59158805999992,35.78610539999999
4,1,5,CAP-G600-B0-e0.75,capped,600.0,0.0,0.75,0.0,600.0,51.8582215799999,127.06196800000001,0.8082211847021428,119.59158805999992,35.78610539999999
4,1,5,CAP-G600-B0-e0.9,capped,600.0,0.0,0.9,0.0,600.0,50.34472927999997,187.87633,0.8262807704471492,119.59158805999992,35.78610539999999
4,1,5,CAP-G600-B0-e0.95,capped,600.0,0.0,0.95,0.0,600.0,50.02562251999997,253.13811,0.8300884778890909,119.59158805999992,35.78610539999999
4,1,5,CAP-G600-B15-e0,capped,600.0,15.0,0.0,0.0,159.75,118.3217158399999,62.067358,0.0151526150759362,119.59158805999992,35.78610539999999
4,1,5,CAP-G600-B15-e0.25,capped,600.0,15.0,0.25,0.0,213.0,78.09401193999997,71.449708,0.4951654092651219,119.59158805999992,35.78610539999999
4,1,5,CAP-G600-B15-e0.5,capped,600.0,15.0,0.5,0.0,319.5,58.543038379999984,118.668152,0.7284553198944608,119.59158805999992,35.78610539999999
4,1,5,CAP-G600-B15-e0.75,capped,600.0,15.0,0.75,0.0,600.0,51.251283819999884,134.137417,0.8154634049094096,119.59158805999992,35.78610539999999
4,1,5,CAP-G600-B15-e0.9,capped,600.0,15.0,0.9,0.0,600.0,50.41873137999974,249.74937500000001,0.8253977482670849,119.59158805999992,35.78610539999999
4,1,5,CAP-G600-B15-e0.95,capped,600.0,15.0,0.95,0.0,600.0,49.992836579999995,255.183201,0.8304796926277851,119.59158805999992,35.78610539999999
4,1,5,CAP-G600-B30-e0,capped,600.0,30.0,0.0,0.0,163.5,115.69507323999966,62.405616,0.04649474827092734,119.59158805999992,35.78610539999999
4,1,5,CAP-G600-B30-e0.25,capped,600.0,30.0,0.25,0.0,218.0,76.70399296,71.65973,0.5117516627640643,119.59158805999992,35.78610539999999
4,1,5,CAP-G600-B30-e0.5,capped,600.0,30.0,0.5,0.0,327.0,57.63267763999994,118.781854,0.7393181025084979,119.59158805999992,35.78610539999999
4,1,5,CAP-G600-B30-e0.75,capped,600.0,30.0,0.75,0.0,600.0,51.439562979999934,133.959712,0.8132167838767035,119.59158805999992,35.78610539999999
4,1,5,CAP-G600-B30-e0.9,capped,600.0,30.0,0.9,0.0,600.0,49.96680829999995,255.183201,0.8307902723079432,119.59158805999992,35.78610539999999
4,1,5,CAP-G600-B30-e0.95,capped,600.0,30.0,0.95,0.0,600.0,49.96680829999995,255.183201,0.8307902723079432,119.59158805999992,35.78610539999999
4,1,5,CAP-G600-B60-e0,capped,600.0,60.0,0.0,0.0,171.0,110.25378137999998,71.175179,0.11142238411636576,119.59158805999992,35.78610539999999
4,1,5,CAP-G600-B60-e0.25,capped,600.0,60.0,0.25,0.0,228.0,72.32779529999999,81.782254,0.5639701754567756,119.59158805999992,35.78610539999999
4,1,5,CAP-G600-B60-e0.5,capped,600.0,60.0,0.5,0.0,342.0,55.63429555999965,118.781854,0.7631635839325207,119.59158805999992,35.78610539999999
4,1,5,CAP-G600-B60-e0.75,capped,600.0,60.0,0.75,0.0,600.0,51.10939229999996,176.58095500000002,0.8171565103661921,119.59158805999992,35.78610539999999
4,1,5,CAP-G600-B60-e0.9,capped,600.0,60.0,0.9,0.0,600.0,49.94795051999997,255.183201,0.8310152907602144,119.59158805999992,35.78610539999999
4,1,5,CAP-G600-B60-e0.95,capped,600.0,60.0,0.95,0.0,600.0,49.94512381999998,328.014697,0.8310490200570368,119.59158805999992,35.78610539999999
4,1,5,CAP-G600-B120-e0,capped,600.0,120.0,0.0,0.0,186.0,95.67849997999988,76.161908,0.2853403777532764,119.59158805999992,35.78610539999999
4,1,5,CAP-G600-B120-e0.25,capped,600.0,120.0,0.25,0.0,248.0,66.01606605999999,118.668152,0.639284212673252,119.59158805999992,35.78610539999999
4,1,5,CAP-G600-B120-e0.5,capped,600.0,120.0,0.5,0.0,372.0,54.86705379999989,123.614128,0.7723186145539954,119.59158805999992,35.78610539999999
4,1,5,CAP-G600-B120-e0.75,capped,600.0,120.0,0.75,0.0,600.0,50.34489475999994,221.910582,0.8262787958746663,119.59158805999992,35.78610539999999
4,1,5,CAP-G600-B120-e0.9,capped,600.0,120.0,0.9,0.0,600.0,49.94512381999998,316.15607900000003,0.8310490200570368,119.59158805999992,35.78610539999999
4,1,5,CAP-G600-B120-e0.95,capped,600.0,120.0,0.95,0.0,600.0,49.94222807999999,410.19633,0.8310835731663093,119.59158805999992,35.78610539999999
4,1,5,CAP-G600-B240-e0,capped,600.0,240.0,0.0,0.0,216.0,78.93471353999986,118.668152,0.48513382692330037,119.59158805999992,35.78610539999999
4,1,5,CAP-G600-B240-e0.25,capped,600.0,240.0,0.25,0.0,288.0,58.830995259999845,122.38247,0.7250193050794383,119.59158805999992,35.78610539999999
4,1,5,CAP-G600-B240-e0.5,capped,600.0,240.0,0.5,0.0,432.0,52.01129267999998,176.58095500000002,0.8063946800971743,119.59158805999992,35.78610539999999
4,1,5,CAP-G600-B240-e0.75,capped,600.0,240.0,0.75,0.0,600.0,49.95048154,255.183201,0.8309850896335137,119.59158805999992,35.78610539999999
4,1,5,CAP-G600-B240-e0.9,capped,600.0,240.0,0.9,0.0,600.0,49.94222807999999,410.19633,0.8310835731663093,119.59158805999992,35.78610539999999
4,1,5,CAP-G600-B240-e0.95,capped,600.0,240.0,0.95,0.0,600.0,49.94222807999999,410.19633,0.8310835731663093,119.59158805999992,35.78610539999999
4,1,5,CAP-G600-B360-e0,capped,600.0,360.0,0.0,0.0,246.0,67.71350001999998,121.686006,0.6190297626525235,119.59158805999992,35.78610539999999
4,1,5,CAP-G600-B360-e0.25,capped,600.0,360.0,0.25,0.0,328.0,55.61820553999999,176.241038,0.7633555763832406,119.59158805999992,35.78610539999999
4,1,5,CAP-G600-B360-e0.5,capped,600.0,360.0,0.5,0.0,492.0,50.84443369999993,221.910582,0.8203181006534883,119.59158805999992,35.78610539999999
4,1,5,CAP-G600-B360-e0.75,capped,600.0,360.0,0.75,0.0,600.0,49.94749231999997,370.96712099999996,0.831020758182935,119.59158805999992,35.78610539999999
4,1,5,CAP-G600-B360-e0.9,capped,600.0,360.0,0.9,0.0,600.0,49.94222807999999,410.19633,0.8310835731663093,119.59158805999992,35.78610539999999
4,1,5,CAP-G600-B360-e0.95,capped,600.0,360.0,0.95,0.0,600.0,49.94222807999999,410.19633,0.8310835731663093,119.59158805999992,35.78610539999999
4,1,5,CAP-G600-B480-e0,capped,600.0,480.0,0.0,0.0,276.0,60.99542899999948,155.66594800000001,0.6991924299001523,119.59158805999992,35.78610539999999
4,1,5,CAP-G600-B480-e0.25,capped,600.0,480.0,0.25,0.0,368.0,52.83960373999998,219.926614,0.7965109465548179,119.59158805999992,35.78610539999999
4,1,5,CAP-G600-B480-e0.5,capped,600.0,480.0,0.5,0.0,552.0,50.41908981999978,255.183201,0.8253934712199436,119.59158805999992,35.78610539999999
4,1,5,CAP-G600-B480-e0.75,capped,600.0,480.0,0.75,0.0,600.0,49.94222807999999,410.19633,0.8310835731663093,119.59158805999992,35.78610539999999
4,1,5,CAP-G600-B480-e0.9,capped,600.0,480.0,0.9,0.0,600.0,49.94222807999999,410.19633,0.8310835731663093,119.59158805999992,35.78610539999999
4,1,5,CAP-G600-B480-e0.95,capped,600.0,480.0,0.95,0.0,600.0,49.94222807999999,410.19633,0.8310835731663093,119.59158805999992,35.78610539999999
4,1,5,CAP-G600-B600-e0,capped,600.0,600.0,0.0,0.0,306.0,57.632430979999995,177.223264,0.7393210457526881,119.59158805999992,35.78610539999999
4,1,5,CAP-G600-B600-e0.25,capped,600.0,600.0,0.25,0.0,408.0,51.67895573999985,249.401442,0.8103602552534971,119.59158805999992,35.78610539999999
4,1,5,CAP-G600-B600-e0.5,capped,600.0,600.0,0.5,0.0,600.0,49.94512381999998,307.948451,0.8310490200570368,119.59158805999992,35.78610539999999
4,1,5,CAP-G600-B600-e0.75,capped,600.0,600.0,0.75,0.0,600.0,49.94222807999999,410.19633,0.8310835731663093,119.59158805999992,35.78610539999999
4,1,5,CAP-G600-B600-e0.9,capped,600.0,600.0,0.9,0.0,600.0,49.94222807999999,410.19633,0.8310835731663093,119.59158805999992,35.78610539999999
4,1,5,CAP-G600-B600-e0.95,capped,600.0,600.0,0.95,0.0,600.0,49.94222807999999,410.19633,0.8310835731663093,119.59158805999992,35.78610539999999
4,1,5,HYB-G600-B0-g1-e0,hybrid,600.0,0.0,0.0,1.0,600.0,82.80014324,45.679707,0.4390099985374865,119.59158805999992,35.78610539999999
4,1,5,HYB-G600-B0-g1-e0.9,hybrid,600.0,0.0,0.9,1.0,600.0,50.083812179999924,187.87633,0.8293941359659494,119.59158805999992,35.78610539999999
4,1,5,HYB-G600-B0-g4-e0,hybrid,600.0,0.0,0.0,4.0,600.0,63.81493883999987,62.067358,0.6655489288962958,119.59158805999992,35.78610539999999
4,1,5,HYB-G600-B0-g4-e0.9,hybrid,600.0,0.0,0.9,4.0,600.0,49.931997599999974,249.74937500000001,0.8312056472797839,119.59158805999992,35.78610539999999
4,1,5,HYB-G600-B0-g16-e0,hybrid,600.0,0.0,0.0,16.0,600.0,51.861512899999894,80.26790799999999,0.808181911376633,119.59158805999992,35.78610539999999
4,1,5,HYB-G600-B0-g16-e0.9,hybrid,600.0,0.0,0.9,16.0,600.0,49.944976239999995,399.850137,0.8310507810396753,119.59158805999992,35.78610539999999
4,1,5,HYB-G600-B30-g1-e0,hybrid,600.0,30.0,0.0,1.0,600.0,78.43847713999999,62.405616,0.4910551149375119,119.59158805999992,35.78610539999999
4,1,5,HYB-G600-B30-g1-e0.9,hybrid,600.0,30.0,0.9,1.0,600.0,49.97677923999998,255.183201,0.8306712951278885,119.59158805999992,35.78610539999999
4,1,5,HYB-G600-B30-g4-e0,hybrid,600.0,30.0,0.0,4.0,600.0,60.878440019999985,71.175179,0.7005883884494769,119.59158805999992,35.78610539999999
4,1,5,HYB-G600-B30-g4-e0.9,hybrid,600.0,30.0,0.9,4.0,600.0,49.95048154,255.183201,0.8309850896335137,119.59158805999992,35.78610539999999
4,1,5,HYB-G600-B30-g16-e0,hybrid,600.0,30.0,0.0,16.0,600.0,51.587077899999905,88.46402499999999,0.8114565777980817,119.59158805999992,35.78610539999999
4,1,5,HYB-G600-B30-g16-e0.9,hybrid,600.0,30.0,0.9,16.0,600.0,49.944976239999995,409.184823,0.8310507810396753,119.59158805999992,35.78610539999999
4,1,5,HYB-G600-B120-g1-e0,hybrid,600.0,120.0,0.0,1.0,600.0,70.669924,83.248699,0.5837525482488518,119.59158805999992,35.78610539999999
4,1,5,HYB-G600-B120-g1-e0.9,hybrid,600.0,120.0,0.9,1.0,600.0,49.94512381999998,340.661465,0.8310490200570368,119.59158805999992,35.78610539999999
4,1,5,HYB-G600-B120-g4-e0,hybrid,600.0,120.0,0.0,4.0,600.0,57.198508919999995,86.69444299999999,0.744498774538768,119.59158805999992,35.78610539999999
4,1,5,HYB-G600-B120-g4-e0.9,hybrid,600.0,120.0,0.9,4.0,600.0,49.94222807999999,400.616046,0.8310835731663093,119.59158805999992,35.78610539999999
4,1,5,HYB-G600-B120-g16-e0,hybrid,600.0,120.0,0.0,16.0,600.0,51.07342087999992,114.28797,0.8175857355058643,119.59158805999992,35.78610539999999
4,1,5,HYB-G600-B120-g16-e0.9,hybrid,600.0,120.0,0.9,16.0,600.0,49.94222807999999,410.19633,0.8310835731663093,119.59158805999992,35.78610539999999
4,1,5,CAP-G1200-B0-e0,capped,1200.0,0.0,0.0,0.0,156.0,119.59158805999992,0.0,0.0,119.59158805999992,35.78610539999999
4,1,5,CAP-G1200-B0-e0.25,capped,1200.0,0.0,0.25,0.0,208.0,85.38098153999985,73.584698,0.40821442027597404,119.59158805999992,35.78610539999999
4,1,5,CAP-G1200-B0-e0.5,capped,1200.0,0.0,0.5,0.0,312.0,59.88919049999993,118.668152,0.7123925030324506,119.59158805999992,35.78610539999999
4,1,5,CAP-G1200-B0-e0.75,capped,1200.0,0.0,0.75,0.0,624.0,50.81053201999986,127.06196800000001,0.8207226288409532,119.59158805999992,35.78610539999999
4,1,5,CAP-G1200-B0-e0.9,capped,1200.0,0.0,0.9,0.0,1200.0,48.822961779999915,187.87633,0.8444390991351884,119.59158805999992,35.78610539999999
4,1,5,CAP-G1200-B0-e0.95,capped,1200.0,0.0,0.95,0.0,1200.0,48.515515419999886,253.13811,0.848107670095484,119.59158805999992,35.78610539999999
4,1,5,CAP-G1200-B15-e0.25,capped,1200.0,15.0,0.25,0.0,213.0,78.09401193999997,71.449708,0.4951654092651219,119.59158805999992,35.78610539999999
4,1,5,CAP-G1200-B15-e0.5,capped,1200.0,15.0,0.5,0.0,319.5,58.351929679999955,118.668152,0.730735704111987,119.59158805999992,35.78610539999999
4,1,5,CAP-G1200-B15-e0.75,capped,1200.0,15.0,0.75,0.0,639.0,50.21443807999997,134.137417,0.8278354563204899,119.59158805999992,35.78610539999999
4,1,5,CAP-G1200-B15-e0.9,capped,1200.0,15.0,0.9,0.0,1200.0,49.036429939999934,249.74937500000001,0.8418919130415762,119.59158805999992,35.78610539999999
4,1,5,CAP-G1200-B15-e0.95,capped,1200.0,15.0,0.95,0.0,1200.0,48.583485199999885,255.183201,0.8472966279316229,119.59158805999992,35.78610539999999
4,1,5,CAP-G1200-B30-e0.25,capped,1200.0,30.0,0.25,0.0,218.0,76.70399296,71.65973,0.5117516627640643,119.59158805999992,35.78610539999999
4,1,5,CAP-G1200-B30-e0.5,capped,1200.0,30.0,0.5,0.0,327.0,57.40491231999997,118.781854,0.7420358879417496,119.59158805999992,35.78610539999999
4,1,5,CAP-G1200-B30-e0.75,capped,1200.0,30.0,0.75,0.0,654.0,50.39012413999993,133.959712,0.8257391011128871,119.59158805999992,35.78610539999999
4,1,5,CAP-G1200-B30-e0.9,capped,1200.0,30.0,0.9,0.0,1200.0,48.551377,255.183201,0.8476797556099174,119.59158805999992,35.78610539999999
4,1,5,CAP-G1200-B30-e0.95,capped,1200.0,30.0,0.95,0.0,1200.0,48.56415311999993,255.183201,0.8475273059181501,119.59158805999992,35.78610539999999
4,1,5,CAP-G1200-B60-e0.25,capped,1200.0,60.0,0.25,0.0,228.0,72.32779529999999,81.782254,0.5639701754567756,119.59158805999992,35.78610539999999
4,1,5,CAP-G1200-B60-e0.5,capped,1200.0,60.0,0.5,0.0,342.0,55.30021513999998,118.781854,0.7671499629783289,119.59158805999992,35.78610539999999
4,1,5,CAP-G1200-B60-e0.75,capped,1200.0,60.0,0.75,0.0,684.0,49.9345455599999,176.58095500000002,0.8311752440183376,119.59158805999992,35.78610539999999
4,1,5,CAP-G1200-B60-e0.9,capped,1200.0,60.0,0.9,0.0,1200.0,48.514487719999984,255.183201,0.8481199330163249,119.59158805999992,35.78610539999999
4,1,5,CAP-G1200-B60-e0.95,capped,1200.0,60.0,0.95,0.0,1200.0,48.518225339999994,328.014697,0.8480753342635778,119.59158805999992,35.78610539999999
4,1,5,CAP-G1200-B120-e0.25,capped,1200.0,120.0,0.25,0.0,248.0,66.01606605999999,118.668152,0.639284212673252,119.59158805999992,35.78610539999999
4,1,5,CAP-G1200-B120-e0.5,capped,1200.0,120.0,0.5,0.0,372.0,54.44282835999982,123.614128,0.7773806394542176,119.59158805999992,35.78610539999999
4,1,5,CAP-G1200-B120-e0.75,capped,1200.0,120.0,0.75,0.0,744.0,49.30196089999989,221.910582,0.8387234931295137,119.59158805999992,35.78610539999999
4,1,5,CAP-G1200-B120-e0.9,capped,1200.0,120.0,0.9,0.0,1200.0,48.51741077999995,316.15607900000003,0.8480850539140612,119.59158805999992,35.78610539999999
4,1,5,CAP-G1200-B120-e0.95,capped,1200.0,120.0,0.95,0.0,1200.0,48.518225339999994,410.19633,0.8480753342635778,119.59158805999992,35.78610539999999
4,1,5,CAP-G1200-B240-e0.25,capped,1200.0,240.0,0.25,0.0,288.0,58.830995259999845,122.38247,0.7250193050794383,119.59158805999992,35.78610539999999
4,1,5,CAP-G1200-B240-e0.5,capped,1200.0,240.0,0.5,0.0,432.0,51.505909619999976,176.58095500000002,0.8124251096580941,119.59158805999992,35.78610539999999
4,1,5,CAP-G1200-B240-e0.75,capped,1200.0,240.0,0.75,0.0,864.0,48.60536829999998,255.183201,0.8470355101705227,119.59158805999992,35.78610539999999
4,1,5,CAP-G1200-B240-e0.9,capped,1200.0,240.0,0.9,0.0,1200.0,48.518225339999994,410.19633,0.8480753342635778,119.59158805999992,35.78610539999999
4,1,5,CAP-G1200-B240-e0.95,capped,1200.0,240.0,0.95,0.0,1200.0,48.518225339999994,410.19633,0.8480753342635778,119.59158805999992,35.78610539999999
4,1,5,CAP-G1200-B360-e0.25,capped,1200.0,360.0,0.25,0.0,328.0,55.61820553999999,176.241038,0.7633555763832406,119.59158805999992,35.78610539999999
4,1,5,CAP-G1200-B360-e0.5,capped,1200.0,360.0,0.5,0.0,492.0,50.14508968,221.910582,0.8286629487207344,119.59158805999992,35.78610539999999
4,1,5,CAP-G1200-B360-e0.75,capped,1200.0,360.0,0.75,0.0,984.0,48.51471841999998,370.96712099999996,0.8481171802131352,119.59158805999992,35.78610539999999
4,1,5,CAP-G1200-B360-e0.9,capped,1200.0,360.0,0.9,0.0,1200.0,48.518225339999994,410.19633,0.8480753342635778,119.59158805999992,35.78610539999999
4,1,5,CAP-G1200-B360-e0.95,capped,1200.0,360.0,0.95,0.0,1200.0,48.518225339999994,410.19633,0.8480753342635778,119.59158805999992,35.78610539999999
4,1,5,CAP-G1200-B480-e0.25,capped,1200.0,480.0,0.25,0.0,368.0,52.83960373999998,219.926614,0.7965109465548179,119.59158805999992,35.78610539999999
4,1,5,CAP-G1200-B480-e0.5,capped,1200.0,480.0,0.5,0.0,552.0,49.66118185999997,255.183201,0.834437127266585,119.59158805999992,35.78610539999999
4,1,5,CAP-G1200-B480-e0.75,capped,1200.0,480.0,0.75,0.0,1104.0,48.45834669999996,410.19633,0.8487898297607636,119.59158805999992,35.78610539999999
4,1,5,CAP-G1200-B480-e0.9,capped,1200.0,480.0,0.9,0.0,1200.0,48.518225339999994,410.19633,0.8480753342635778,119.59158805999992,35.78610539999999
4,1,5,CAP-G1200-B480-e0.95,capped,1200.0,480.0,0.95,0.0,1200.0,48.518225339999994,410.19633,0.8480753342635778,119.59158805999992,35.78610539999999
4,1,5,CAP-G1200-B600-e0.25,capped,1200.0,600.0,0.25,0.0,408.0,51.694711539999695,249.401442,0.8101722508473443,119.59158805999992,35.78610539999999
4,1,5,CAP-G1200-B600-e0.5,capped,1200.0,600.0,0.5,0.0,612.0,49.20018085999995,307.948451,0.8399379726214207,119.59158805999992,35.78610539999999
4,1,5,CAP-G1200-B600-e0.75,capped,1200.0,600.0,0.75,0.0,1200.0,48.507726279999986,410.19633,0.8482006131793095,119.59158805999992,35.78610539999999
4,1,5,CAP-G1200-B600-e0.9,capped,1200.0,600.0,0.9,0.0,1200.0,48.518225339999994,410.19633,0.8480753342635778,119.59158805999992,35.78610539999999
4,1,5,CAP-G1200-B600-e0.95,capped,1200.0,600.0,0.95,0.0,1200.0,48.518225339999994,410.19633,0.8480753342635778,119.59158805999992,35.78610539999999
4,1,5,HYB-G1200-B0-g1-e0,hybrid,1200.0,0.0,0.0,1.0,1200.0,82.81968465999977,45.679707,0.43877682262369755,119.59158805999992,35.78610539999999
4,1,5,HYB-G1200-B0-g1-e0.9,hybrid,1200.0,0.0,0.9,1.0,1200.0,48.65415071999998,187.87633,0.8464534191371961,119.59158805999992,35.78610539999999
4,1,5,HYB-G1200-B0-g4-e0,hybrid,1200.0,0.0,0.0,4.0,1200.0,63.463791559999876,62.067358,0.6697389564321385,119.59158805999992,35.78610539999999
4,1,5,HYB-G1200-B0-g4-e0.9,hybrid,1200.0,0.0,0.9,4.0,1200.0,48.551577339999966,249.74937500000001,0.8476773650741958,119.59158805999992,35.78610539999999
4,1,5,HYB-G1200-B0-g16-e0,hybrid,1200.0,0.0,0.0,16.0,1200.0,50.977101679999734,80.26790799999999,0.8187350541058293,119.59158805999992,35.78610539999999
4,1,5,HYB-G1200-B0-g16-e0.9,hybrid,1200.0,0.0,0.9,16.0,1200.0,48.520928539999936,399.850137,0.8480430786173584,119.59158805999992,35.78610539999999
4,1,5,HYB-G1200-B30-g1-e0,hybrid,1200.0,30.0,0.0,1.0,1200.0,78.46139197999989,62.405616,0.49078168604870204,119.59158805999992,35.78610539999999
4,1,5,HYB-G1200-B30-g1-e0.9,hybrid,1200.0,30.0,0.9,1.0,1200.0,48.46163937999998,255.183201,0.8487505402071983,119.59158805999992,35.78610539999999
4,1,5,HYB-G1200-B30-g4-e0,hybrid,1200.0,30.0,0.0,4.0,1200.0,60.42565037999995,71.175179,0.7059912526252852,119.59158805999992,35.78610539999999
4,1,5,HYB-G1200-B30-g4-e0.9,hybrid,1200.0,30.0,0.9,4.0,1200.0,48.58444415999998,255.183201,0.8472851852435114,119.59158805999992,35.78610539999999
4,1,5,HYB-G1200-B30-g16-e0,hybrid,1200.0,30.0,0.0,16.0,1200.0,50.650740519999985,88.46402499999999,0.8226293239034724,119.59158805999992,35.78610539999999
4,1,5,HYB-G1200-B30-g16-e0.9,hybrid,1200.0,30.0,0.9,16.0,1200.0,48.51658047999997,409.184823,0.8480949613804181,119.59158805999992,35.78610539999999
4,1,5,HYB-G1200-B120-g1-e0,hybrid,1200.0,120.0,0.0,1.0,1200.0,70.5105878599999,83.248699,0.5856538097766509,119.59158805999992,35.78610539999999
4,1,5,HYB-G1200-B120-g1-e0.9,hybrid,1200.0,120.0,0.9,1.0,1200.0,48.54709171999972,340.661465,0.8477308892573144,119.59158805999992,35.78610539999999
4,1,5,HYB-G1200-B120-g4-e0,hybrid,1200.0,120.0,0.0,4.0,1200.0,56.843452659999954,86.69444299999999,0.7487354455623156,119.59158805999992,35.78610539999999
4,1,5,HYB-G1200-B120-g4-e0.9,hybrid,1200.0,120.0,0.9,4.0,1200.0,48.518225339999994,400.616046,0.8480753342635778,119.59158805999992,35.78610539999999
4,1,5,HYB-G1200-B120-g16-e0,hybrid,1200.0,120.0,0.0,16.0,1200.0,50.26883779999998,114.28797,0.8271863374529247,119.59158805999992,35.78610539999999
4,1,5,HYB-G1200-B120-g16-e0.9,hybrid,1200.0,120.0,0.9,16.0,1200.0,48.518225339999994,410.19633,0.8480753342635778,119.59158805999992,35.78610539999999
4,2,4,SJF,reference,-1.0,-1.0,-1.0,-1.0,inf,46.03885543999998,302.66943,1.0,262.24376681999996,46.03885543999998
4,2,4,SPJF-E,reference,-1.0,-1.0,-1.0,-1.0,inf,73.25396539999983,1515.046053,0.8741235350007067,262.24376681999996,46.03885543999998
4,2,4,FIX-B15,fixed,-1.0,15.0,0.0,0.0,153.75,261.9075388799994,58.911680999999994,0.0015551355325579617,262.24376681999996,46.03885543999998
4,2,4,FIX-B17.99,fixed,-1.0,17.99,0.0,0.0,154.4975,262.1672361999998,58.911680999999994,0.00035397262491244837,262.24376681999996,46.03885543999998
4,2,4,FIX-B21.576,fixed,-1.0,21.576,0.0,0.0,155.394,262.27996341999994,58.911680999999994,-0.00016741802842935253,262.24376681999996,46.03885543999998
4,2,4,FIX-B25.877,fixed,-1.0,25.877,0.0,0.0,156.46925,262.3527823,58.911680999999994,-0.0005042229582307425,262.24376681999996,46.03885543999998
4,2,4,FIX-B30,fixed,-1.0,30.0,0.0,0.0,157.5,262.31122563999975,58.911680999999994,-0.00031201335607598926,262.24376681999996,46.03885543999998
4,2,4,FIX-B31.035,fixed,-1.0,31.035,0.0,0.0,157.75875,262.15258536,58.911680999999994,0.0004217363029265934,262.24376681999996,46.03885543999998
4,2,4,FIX-B37.222,fixed,-1.0,37.222,0.0,0.0,159.3055,262.0404517399998,66.21117,0.0009403814127182673,262.24376681999996,46.03885543999998
4,2,4,FIX-B44.641,fixed,-1.0,44.641,0.0,0.0,161.16025,261.4437095799999,71.526399,0.003700458212967622,262.24376681999996,46.03885543999998
4,2,4,FIX-B53.54,fixed,-1.0,53.54,0.0,0.0,163.385,261.03826594,71.526399,0.00557573309646611,262.24376681999996,46.03885543999998
4,2,4,FIX-B60,fixed,-1.0,60.0,0.0,0.0,165.0,260.8550770599998,74.83200099999999,0.00642302596706232,262.24376681999996,46.03885543999998
4,2,4,FIX-B64.212,fixed,-1.0,64.212,0.0,0.0,166.053,260.60831711999907,74.83200099999999,0.007564350363560601,262.24376681999996,46.03885543999998
4,2,4,FIX-B77.012,fixed,-1.0,77.012,0.0,0.0,169.253,260.1079256199994,74.83200099999999,0.009878782060813813,262.24376681999996,46.03885543999998
4,2,4,FIX-B92.363,fixed,-1.0,92.363,0.0,0.0,173.09075,259.96904809999995,75.066239,0.010521124175583516,262.24376681999996,46.03885543999998
4,2,4,FIX-B110.774,fixed,-1.0,110.774,0.0,0.0,177.6935,258.67912319999976,75.066239,0.016487338780824496,262.24376681999996,46.03885543999998
4,2,4,FIX-B120,fixed,-1.0,120.0,0.0,0.0,180.0,258.0095844799994,101.644038,0.019584117275479564,262.24376681999996,46.03885543999998
4,2,4,FIX-B132.855,fixed,-1.0,132.855,0.0,0.0,183.21375,256.5489863999999,101.644038,0.026339736612139147,262.24376681999996,46.03885543999998
4,2,4,FIX-B159.338,fixed,-1.0,159.338,0.0,0.0,189.8345,253.57238697999998,101.644038,0.040107228761141506,262.24376681999996,46.03885543999998
4,2,4,FIX-B191.099,fixed,-1.0,191.099,0.0,0.0,197.77474999999998,248.28282044,101.644038,0.06457275318534425,262.24376681999996,46.03885543999998
4,2,4,FIX-B229.192,fixed,-1.0,229.192,0.0,0.0,207.298,240.44174745999973,112.747206,0.10083961192574935,262.24376681999996,46.03885543999998
4,2,4,FIX-B240,fixed,-1.0,240.0,0.0,0.0,210.0,237.66026065999995,112.747206,0.11370466102313578,262.24376681999996,46.03885543999998
4,2,4,FIX-B274.878,fixed,-1.0,274.878,0.0,0.0,218.71949999999998,230.40393975999962,119.04615299999999,0.14726689998285433,262.24376681999996,46.03885543999998
4,2,4,FIX-B329.671,fixed,-1.0,329.671,0.0,0.0,232.41775,220.7901434999994,129.665201,0.191733032591207,262.24376681999996,46.03885543999998
4,2,4,FIX-B360,fixed,-1.0,360.0,0.0,0.0,240.0,213.16629047999993,129.768527,0.22699519648627156,262.24376681999996,46.03885543999998
4,2,4,FIX-B395.386,fixed,-1.0,395.386,0.0,0.0,248.8465,208.12890735999937,137.628038,0.2502943116074211,262.24376681999996,46.03885543999998
4,2,4,FIX-B474.201,fixed,-1.0,474.201,0.0,0.0,268.55025,193.46128013999967,166.859189,0.3181356345745021,262.24376681999996,46.03885543999998
4,2,4,FIX-B480,fixed,-1.0,480.0,0.0,0.0,270.0,192.08628595999997,166.859189,0.3244953151720581,262.24376681999996,46.03885543999998
4,2,4,FIX-B568.726,fixed,-1.0,568.726,0.0,0.0,292.1815,178.29403584,180.690463,0.3882878073590595,262.24376681999996,46.03885543999998
4,2,4,FIX-B600,fixed,-1.0,600.0,0.0,0.0,300.0,174.4422839199997,184.234399,0.40610309145882945,262.24376681999996,46.03885543999998
4,2,4,FIX-B682.093,fixed,-1.0,682.093,0.0,0.0,320.52324999999996,158.4917298999994,206.670155,0.4798782611263017,262.24376681999996,46.03885543999998
4,2,4,FIX-B818.058,fixed,-1.0,818.058,0.0,0.0,354.5145,140.32664361999997,226.811112,0.5638961780369524,262.24376681999996,46.03885543999998
4,2,4,FIX-B981.126,fixed,-1.0,981.126,0.0,0.0,395.2815,128.46449471999995,273.400228,0.6187614853247744,262.24376681999996,46.03885543999998
4,2,4,FIX-B1176.7,fixed,-1.0,1176.699,0.0,0.0,444.17475,114.1027365999997,314.778072,0.6851880897359857,262.24376681999996,46.03885543999998
4,2,4,FIX-B1411.26,fixed,-1.0,1411.256,0.0,0.0,502.814,103.8478078399995,378.954633,0.7326196152020108,262.24376681999996,46.03885543999998
4,2,4,FIX-B1692.57,fixed,-1.0,1692.569,0.0,0.0,573.14225,96.0274861599999,447.742607,0.7687904941616227,262.24376681999996,46.03885543999998
4,2,4,FIX-B2029.96,fixed,-1.0,2029.958,0.0,0.0,657.4895,91.13229875999983,536.065406,0.7914319196905569,262.24376681999996,46.03885543999998
4,2,4,FIX-B2434.6,fixed,-1.0,2434.6,0.0,0.0,758.65,87.03906863999951,626.906487,0.8103640988620378,262.24376681999996,46.03885543999998
4,2,4,FIX-B2919.9,fixed,-1.0,2919.901,0.0,0.0,879.97525,85.76295641999985,748.789434,0.8162664264819538,262.24376681999996,46.03885543999998
4,2,4,FIX-B3501.94,fixed,-1.0,3501.94,0.0,0.0,1025.4850000000001,83.24036095999944,893.699014,0.82793404052411,262.24376681999996,46.03885543999998
4,2,4,FIX-B4200,fixed,-1.0,4200.0,0.0,0.0,1200.0,80.82926285999989,1093.780906,0.8390859523128381,262.24376681999996,46.03885543999998
4,2,4,FIXEQ-G300,fixed,300.0,inf,0.0,0.0,300.0,174.4422839199997,184.234399,0.40610309145882945,262.24376681999996,46.03885543999998
4,2,4,CAP-G300-B0-e0,capped,300.0,0.0,0.0,0.0,150.0,262.24376681999996,0.0,0.0,262.24376681999996,46.03885543999998
4,2,4,CAP-G300-B0-e0.25,capped,300.0,0.0,0.25,0.0,200.0,216.37492271999992,73.94386700000001,0.21215449643223572,262.24376681999996,46.03885543999998
4,2,4,CAP-G300-B0-e0.5,capped,300.0,0.0,0.5,0.0,300.0,166.66821599999997,86.13949799999999,0.442060035592888,262.24376681999996,46.03885543999998
4,2,4,CAP-G300-B0-e0.75,capped,300.0,0.0,0.75,0.0,300.0,168.60732821999994,143.042362,0.43309117263957697,262.24376681999996,46.03885543999998
4,2,4,CAP-G300-B0-e0.9,capped,300.0,0.0,0.9,0.0,300.0,173.66280925999877,184.332717,0.4097083502618126,262.24376681999996,46.03885543999998
4,2,4,CAP-G300-B0-e0.95,capped,300.0,0.0,0.95,0.0,300.0,174.2537482599991,184.332717,0.4069751144799404,262.24376681999996,46.03885543999998
4,2,4,CAP-G300-B15-e0,capped,300.0,15.0,0.0,0.0,153.75,261.9075388799994,58.911680999999994,0.0015551355325579617,262.24376681999996,46.03885543999998
4,2,4,CAP-G300-B15-e0.25,capped,300.0,15.0,0.25,0.0,205.0,196.1522376399998,101.639947,0.3056893053823288,262.24376681999996,46.03885543999998
4,2,4,CAP-G300-B15-e0.5,capped,300.0,15.0,0.5,0.0,300.0,168.34555271999974,93.52147599999999,0.43430194763228797,262.24376681999996,46.03885543999998
4,2,4,CAP-G300-B15-e0.75,capped,300.0,15.0,0.75,0.0,300.0,168.70298241999976,156.364484,0.4326487488325077,262.24376681999996,46.03885543999998
4,2,4,CAP-G300-B15-e0.9,capped,300.0,15.0,0.9,0.0,300.0,174.05789919999984,184.234399,0.4078809637446457,262.24376681999996,46.03885543999998
4,2,4,CAP-G300-B15-e0.95,capped,300.0,15.0,0.95,0.0,300.0,174.43021785999957,184.234399,0.40615889990426723,262.24376681999996,46.03885543999998
4,2,4,CAP-G300-B30-e0,capped,300.0,30.0,0.0,0.0,157.5,262.31122563999975,58.911680999999994,-0.00031201335607598926,262.24376681999996,46.03885543999998
4,2,4,CAP-G300-B30-e0.25,capped,300.0,30.0,0.25,0.0,210.0,191.75719599999942,101.644038,0.32601743582093706,262.24376681999996,46.03885543999998
4,2,4,CAP-G300-B30-e0.5,capped,300.0,30.0,0.5,0.0,300.0,166.26981985999998,102.61996599999999,0.4439027140845887,262.24376681999996,46.03885543999998
4,2,4,CAP-G300-B30-e0.75,capped,300.0,30.0,0.75,0.0,300.0,169.3910605199998,181.688991,0.4294662212219731,262.24376681999996,46.03885543999998
4,2,4,CAP-G300-B30-e0.9,capped,300.0,30.0,0.9,0.0,300.0,174.35126763999995,184.234399,0.40652406376430955,262.24376681999996,46.03885543999998
4,2,4,CAP-G300-B30-e0.95,capped,300.0,30.0,0.95,0.0,300.0,174.4422839199997,184.234399,0.40610309145882945,262.24376681999996,46.03885543999998
4,2,4,CAP-G300-B60-e0,capped,300.0,60.0,0.0,0.0,165.0,260.8550770599998,74.83200099999999,0.00642302596706232,262.24376681999996,46.03885543999998
4,2,4,CAP-G300-B60-e0.25,capped,300.0,60.0,0.25,0.0,220.0,185.43408459999984,101.644038,0.355263355164953,262.24376681999996,46.03885543999998
4,2,4,CAP-G300-B60-e0.5,capped,300.0,60.0,0.5,0.0,300.0,167.9909656799996,116.85938,0.43594199844212794,262.24376681999996,46.03885543999998
4,2,4,CAP-G300-B60-e0.75,capped,300.0,60.0,0.75,0.0,300.0,172.1654705599999,181.201709,0.4166339038509591,262.24376681999996,46.03885543999998
4,2,4,CAP-G300-B60-e0.9,capped,300.0,60.0,0.9,0.0,300.0,174.4422839199997,184.234399,0.40610309145882945,262.24376681999996,46.03885543999998
4,2,4,CAP-G300-B60-e0.95,capped,300.0,60.0,0.95,0.0,300.0,174.4422839199997,184.234399,0.40610309145882945,262.24376681999996,46.03885543999998
4,2,4,CAP-G300-B120-e0,capped,300.0,120.0,0.0,0.0,180.0,258.0095844799994,101.644038,0.019584117275479564,262.24376681999996,46.03885543999998
4,2,4,CAP-G300-B120-e0.25,capped,300.0,120.0,0.25,0.0,240.0,178.50501003999875,101.644038,0.3873120006641415,262.24376681999996,46.03885543999998
4,2,4,CAP-G300-B120-e0.5,capped,300.0,120.0,0.5,0.0,300.0,169.43277297999984,132.686089,0.4292732910071422,262.24376681999996,46.03885543999998
4,2,4,CAP-G300-B120-e0.75,capped,300.0,120.0,0.75,0.0,300.0,174.4397991199999,184.234399,0.4061145842597282,262.24376681999996,46.03885543999998
4,2,4,CAP-G300-B120-e0.9,capped,300.0,120.0,0.9,0.0,300.0,174.4422839199997,184.234399,0.40610309145882945,262.24376681999996,46.03885543999998
4,2,4,CAP-G300-B120-e0.95,capped,300.0,120.0,0.95,0.0,300.0,174.4422839199997,184.234399,0.40610309145882945,262.24376681999996,46.03885543999998
4,2,4,CAP-G300-B240-e0,capped,300.0,240.0,0.0,0.0,210.0,237.66026065999995,112.747206,0.11370466102313578,262.24376681999996,46.03885543999998
4,2,4,CAP-G300-B240-e0.25,capped,300.0,240.0,0.25,0.0,280.0,172.21213225999955,137.628038,0.4164180822042546,262.24376681999996,46.03885543999998
4,2,4,CAP-G300-B240-e0.5,capped,300.0,240.0,0.5,0.0,300.0,173.1304109599994,184.234399,0.4121708211492737,262.24376681999996,46.03885543999998
4,2,4,CAP-G300-B240-e0.75,capped,300.0,240.0,0.75,0.0,300.0,174.4422839199997,184.234399,0.40610309145882945,262.24376681999996,46.03885543999998
4,2,4,CAP-G300-B240-e0.9,capped,300.0,240.0,0.9,0.0,300.0,174.4422839199997,184.234399,0.40610309145882945,262.24376681999996,46.03885543999998
4,2,4,CAP-G300-B240-e0.95,capped,300.0,240.0,0.95,0.0,300.0,174.4422839199997,184.234399,0.40610309145882945,262.24376681999996,46.03885543999998
4,2,4,CAP-G300-B360-e0,capped,300.0,360.0,0.0,0.0,240.0,213.16629047999993,129.768527,0.22699519648627156,262.24376681999996,46.03885543999998
4,2,4,CAP-G300-B360-e0.25,capped,300.0,360.0,0.25,0.0,300.0,172.131465,167.824117,0.4167911877895286,262.24376681999996,46.03885543999998
4,2,4,CAP-G300-B360-e0.5,capped,300.0,360.0,0.5,0.0,300.0,174.4422839199997,184.234399,0.40610309145882945,262.24376681999996,46.03885543999998
4,2,4,CAP-G300-B360-e0.75,capped,300.0,360.0,0.75,0.0,300.0,174.4422839199997,184.234399,0.40610309145882945,262.24376681999996,46.03885543999998
4,2,4,CAP-G300-B360-e0.9,capped,300.0,360.0,0.9,0.0,300.0,174.4422839199997,184.234399,0.40610309145882945,262.24376681999996,46.03885543999998
4,2,4,CAP-G300-B360-e0.95,capped,300.0,360.0,0.95,0.0,300.0,174.4422839199997,184.234399,0.40610309145882945,262.24376681999996,46.03885543999998
4,2,4,CAP-G300-B480-e0,capped,300.0,480.0,0.0,0.0,270.0,192.08628595999997,166.859189,0.3244953151720581,262.24376681999996,46.03885543999998
4,2,4,CAP-G300-B480-e0.25,capped,300.0,480.0,0.25,0.0,300.0,174.4422839199997,184.234399,0.40610309145882945,262.24376681999996,46.03885543999998
4,2,4,CAP-G300-B480-e0.5,capped,300.0,480.0,0.5,0.0,300.0,174.4422839199997,184.234399,0.40610309145882945,262.24376681999996,46.03885543999998
4,2,4,CAP-G300-B480-e0.75,capped,300.0,480.0,0.75,0.0,300.0,174.4422839199997,184.234399,0.40610309145882945,262.24376681999996,46.03885543999998
4,2,4,CAP-G300-B480-e0.9,capped,300.0,480.0,0.9,0.0,300.0,174.4422839199997,184.234399,0.40610309145882945,262.24376681999996,46.03885543999998
4,2,4,CAP-G300-B480-e0.95,capped,300.0,480.0,0.95,0.0,300.0,174.4422839199997,184.234399,0.40610309145882945,262.24376681999996,46.03885543999998
4,2,4,HYB-G300-B0-g1-e0,hybrid,300.0,0.0,0.0,1.0,300.0,206.43146763999965,60.263253999999996,0.25814538080453253,262.24376681999996,46.03885543999998
4,2,4,HYB-G300-B0-g1-e0.9,hybrid,300.0,0.0,0.9,1.0,300.0,174.3733096199989,184.332717,0.4064221142763989,262.24376681999996,46.03885543999998
4,2,4,HYB-G300-B0-g4-e0,hybrid,300.0,0.0,0.0,4.0,300.0,180.26637117999942,68.659387,0.37916527944139866,262.24376681999996,46.03885543999998
4,2,4,HYB-G300-B0-g4-e0.9,hybrid,300.0,0.0,0.9,4.0,300.0,174.39151455999914,184.262371,0.40633791202639435,262.24376681999996,46.03885543999998
4,2,4,HYB-G300-B0-g16-e0,hybrid,300.0,0.0,0.0,16.0,300.0,174.35454459999968,84.95563,0.406508907031843,262.24376681999996,46.03885543999998
4,2,4,HYB-G300-B0-g16-e0.9,hybrid,300.0,0.0,0.9,16.0,300.0,174.42167039999848,184.242024,0.4061984339738059,262.24376681999996,46.03885543999998
4,2,4,HYB-G300-B30-g1-e0,hybrid,300.0,30.0,0.0,1.0,300.0,204.21854717999972,66.21117,0.26838067308293284,262.24376681999996,46.03885543999998
4,2,4,HYB-G300-B30-g1-e0.9,hybrid,300.0,30.0,0.9,1.0,300.0,174.47532375999845,184.234399,0.4059502742088056,262.24376681999996,46.03885543999998
4,2,4,HYB-G300-B30-g4-e0,hybrid,300.0,30.0,0.0,4.0,300.0,178.0317957199988,69.69462899999999,0.3895007313316342,262.24376681999996,46.03885543999998
4,2,4,HYB-G300-B30-g4-e0.9,hybrid,300.0,30.0,0.9,4.0,300.0,174.44619705999904,184.234399,0.4060849922400173,262.24376681999996,46.03885543999998
4,2,4,HYB-G300-B30-g16-e0,hybrid,300.0,30.0,0.0,16.0,300.0,174.20836975999973,85.657439,0.4071850010163272,262.24376681999996,46.03885543999998
4,2,4,HYB-G300-B30-g16-e0.9,hybrid,300.0,30.0,0.9,16.0,300.0,174.4422839199997,184.234399,0.40610309145882945,262.24376681999996,46.03885543999998
4,2,4,HYB-G300-B120-g1-e0,hybrid,300.0,120.0,0.0,1.0,300.0,195.83953121999966,101.640361,0.3071356481966719,262.24376681999996,46.03885543999998
4,2,4,HYB-G300-B120-g1-e0.9,hybrid,300.0,120.0,0.9,1.0,300.0,174.4422839199997,184.234399,0.40610309145882945,262.24376681999996,46.03885543999998
4,2,4,HYB-G300-B120-g4-e0,hybrid,300.0,120.0,0.0,4.0,300.0,173.97166435999821,93.311452,0.40827982073383806,262.24376681999996,46.03885543999998
4,2,4,HYB-G300-B120-g4-e0.9,hybrid,300.0,120.0,0.9,4.0,300.0,174.4422839199997,184.234399,0.40610309145882945,262.24376681999996,46.03885543999998
4,2,4,HYB-G300-B120-g16-e0,hybrid,300.0,120.0,0.0,16.0,300.0,174.46268641999947,105.66400999999999,0.40600872496239077,262.24376681999996,46.03885543999998
4,2,4,HYB-G300-B120-g16-e0.9,hybrid,300.0,120.0,0.9,16.0,300.0,174.4422839199997,184.234399,0.40610309145882945,262.24376681999996,46.03885543999998
4,2,4,FIXEQ-G600,fixed,600.0,inf,0.0,0.0,600.0,93.17663123999914,483.924829,0.781976387589317,262.24376681999996,46.03885543999998
4,2,4,CAP-G600-B0-e0,capped,600.0,0.0,0.0,0.0,150.0,262.24376681999996,0.0,0.0,262.24376681999996,46.03885543999998
4,2,4,CAP-G600-B0-e0.25,capped,600.0,0.0,0.25,0.0,200.0,212.48825051999998,73.94386700000001,0.2301312952717808,262.24376681999996,46.03885543999998
4,2,4,CAP-G600-B0-e0.5,capped,600.0,0.0,0.5,0.0,300.0,131.08449205999975,86.13949799999999,0.6066433640329092,262.24376681999996,46.03885543999998
4,2,4,CAP-G600-B0-e0.75,capped,600.0,0.0,0.75,0.0,600.0,97.41955541999982,143.042362,0.7623518371897965,262.24376681999996,46.03885543999998
4,2,4,CAP-G600-B0-e0.9,capped,600.0,0.0,0.9,0.0,600.0,92.50467361999992,203.98644299999998,0.7850843540814296,262.24376681999996,46.03885543999998
4,2,4,CAP-G600-B0-e0.95,capped,600.0,0.0,0.95,0.0,600.0,93.42749999999978,441.00476,0.7808160589066826,262.24376681999996,46.03885543999998
4,2,4,CAP-G600-B15-e0,capped,600.0,15.0,0.0,0.0,153.75,261.9075388799994,58.911680999999994,0.0015551355325579617,262.24376681999996,46.03885543999998
4,2,4,CAP-G600-B15-e0.25,capped,600.0,15.0,0.25,0.0,205.0,192.1928126999995,101.639947,0.3240026032381821,262.24376681999996,46.03885543999998
4,2,4,CAP-G600-B15-e0.5,capped,600.0,15.0,0.5,0.0,307.5,129.07537907999992,93.52147599999999,0.6159359974295143,262.24376681999996,46.03885543999998
4,2,4,CAP-G600-B15-e0.75,capped,600.0,15.0,0.75,0.0,600.0,97.18825549999967,156.364484,0.763421655255093,262.24376681999996,46.03885543999998
4,2,4,CAP-G600-B15-e0.9,capped,600.0,15.0,0.9,0.0,600.0,93.69951453999956,223.397551,0.7795579258778651,262.24376681999996,46.03885543999998
4,2,4,CAP-G600-B15-e0.95,capped,600.0,15.0,0.95,0.0,600.0,93.95808517999994,483.924829,0.7783619741376848,262.24376681999996,46.03885543999998
4,2,4,CAP-G600-B30-e0,capped,600.0,30.0,0.0,0.0,157.5,262.31122563999975,58.911680999999994,-0.00031201335607598926,262.24376681999996,46.03885543999998
4,2,4,CAP-G600-B30-e0.25,capped,600.0,30.0,0.25,0.0,210.0,185.94426473999974,101.644038,0.3529036486405105,262.24376681999996,46.03885543999998
4,2,4,CAP-G600-B30-e0.5,capped,600.0,30.0,0.5,0.0,315.0,124.84950429999977,102.61996599999999,0.6354816902309733,262.24376681999996,46.03885543999998
4,2,4,CAP-G600-B30-e0.75,capped,600.0,30.0,0.75,0.0,600.0,96.18308525999998,181.688991,0.7680708106955677,262.24376681999996,46.03885543999998
4,2,4,CAP-G600-B30-e0.9,capped,600.0,30.0,0.9,0.0,600.0,93.98346929999991,266.13155,0.7782445664440394,262.24376681999996,46.03885543999998
4,2,4,CAP-G600-B30-e0.95,capped,600.0,30.0,0.95,0.0,600.0,93.51543851999988,483.924829,0.7804093219854963,262.24376681999996,46.03885543999998
4,2,4,CAP-G600-B60-e0,capped,600.0,60.0,0.0,0.0,165.0,260.8550770599998,74.83200099999999,0.00642302596706232,262.24376681999996,46.03885543999998
4,2,4,CAP-G600-B60-e0.25,capped,600.0,60.0,0.25,0.0,220.0,177.54399909999998,101.644038,0.39175690866306156,262.24376681999996,46.03885543999998
4,2,4,CAP-G600-B60-e0.5,capped,600.0,60.0,0.5,0.0,330.0,121.24472211999993,116.85938,0.6521546795585103,262.24376681999996,46.03885543999998
4,2,4,CAP-G600-B60-e0.75,capped,600.0,60.0,0.75,0.0,600.0,96.77017633999999,181.201709,0.7653553724742401,262.24376681999996,46.03885543999998
4,2,4,CAP-G600-B60-e0.9,capped,600.0,60.0,0.9,0.0,600.0,94.01656111999992,347.587793,0.7780915087739393,262.24376681999996,46.03885543999998
4,2,4,CAP-G600-B60-e0.95,capped,600.0,60.0,0.95,0.0,600.0,93.19875991999952,483.924829,0.7818740370929331,262.24376681999996,46.03885543999998
4,2,4,CAP-G600-B120-e0,capped,600.0,120.0,0.0,0.0,180.0,258.0095844799994,101.644038,0.019584117275479564,262.24376681999996,46.03885543999998
4,2,4,CAP-G600-B120-e0.25,capped,600.0,120.0,0.25,0.0,240.0,165.96264025999912,101.644038,0.44532349401988336,262.24376681999996,46.03885543999998
4,2,4,CAP-G600-B120-e0.5,capped,600.0,120.0,0.5,0.0,360.0,116.69656587999998,132.686089,0.6731910020498443,262.24376681999996,46.03885543999998
4,2,4,CAP-G600-B120-e0.75,capped,600.0,120.0,0.75,0.0,600.0,96.15226863999999,223.397551,0.7682133450154558,262.24376681999996,46.03885543999998
4,2,4,CAP-G600-B120-e0.9,capped,600.0,120.0,0.9,0.0,600.0,93.21569965999993,483.924829,0.7817956866988913,262.24376681999996,46.03885543999998
4,2,4,CAP-G600-B120-e0.95,capped,600.0,120.0,0.95,0.0,600.0,93.17663123999914,483.924829,0.781976387589317,262.24376681999996,46.03885543999998
4,2,4,CAP-G600-B240-e0,capped,600.0,240.0,0.0,0.0,210.0,237.66026065999995,112.747206,0.11370466102313578,262.24376681999996,46.03885543999998
4,2,4,CAP-G600-B240-e0.25,capped,600.0,240.0,0.25,0.0,280.0,152.370567,137.628038,0.5081901198205795,262.24376681999996,46.03885543999998
4,2,4,CAP-G600-B240-e0.5,capped,600.0,240.0,0.5,0.0,420.0,108.45246667999983,184.234399,0.7113219545216427,262.24376681999996,46.03885543999998
4,2,4,CAP-G600-B240-e0.75,capped,600.0,240.0,0.75,0.0,600.0,93.58971181999995,347.587793,0.7800657900114721,262.24376681999996,46.03885543999998
4,2,4,CAP-G600-B240-e0.9,capped,600.0,240.0,0.9,0.0,600.0,93.17663123999914,483.924829,0.781976387589317,262.24376681999996,46.03885543999998
4,2,4,CAP-G600-B240-e0.95,capped,600.0,240.0,0.95,0.0,600.0,93.17663123999914,483.924829,0.781976387589317,262.24376681999996,46.03885543999998
4,2,4,CAP-G600-B360-e0,capped,600.0,360.0,0.0,0.0,240.0,213.16629047999993,129.768527,0.22699519648627156,262.24376681999996,46.03885543999998
4,2,4,CAP-G600-B360-e0.25,capped,600.0,360.0,0.25,0.0,320.0,137.29226261999972,167.824117,0.5779309239667849,262.24376681999996,46.03885543999998
4,2,4,CAP-G600-B360-e0.5,capped,600.0,360.0,0.5,0.0,480.0,101.45230985999997,223.397551,0.7436993726631596,262.24376681999996,46.03885543999998
4,2,4,CAP-G600-B360-e0.75,capped,600.0,360.0,0.75,0.0,600.0,93.0343071999996,483.924829,0.7826346706925598,262.24376681999996,46.03885543999998
4,2,4,CAP-G600-B360-e0.9,capped,600.0,360.0,0.9,0.0,600.0,93.17663123999914,483.924829,0.781976387589317,262.24376681999996,46.03885543999998
4,2,4,CAP-G600-B360-e0.95,capped,600.0,360.0,0.95,0.0,600.0,93.17663123999914,483.924829,0.781976387589317,262.24376681999996,46.03885543999998
4,2,4,CAP-G600-B480-e0,capped,600.0,480.0,0.0,0.0,270.0,192.08628595999997,166.859189,0.3244953151720581,262.24376681999996,46.03885543999998
4,2,4,CAP-G600-B480-e0.25,capped,600.0,480.0,0.25,0.0,360.0,116.84905549999945,201.977836,0.6724857006807581,262.24376681999996,46.03885543999998
4,2,4,CAP-G600-B480-e0.5,capped,600.0,480.0,0.5,0.0,540.0,96.68488517999984,292.854148,0.7657498647152153,262.24376681999996,46.03885543999998
4,2,4,CAP-G600-B480-e0.75,capped,600.0,480.0,0.75,0.0,600.0,93.17663123999914,483.924829,0.781976387589317,262.24376681999996,46.03885543999998
4,2,4,CAP-G600-B480-e0.9,capped,600.0,480.0,0.9,0.0,600.0,93.17663123999914,483.924829,0.781976387589317,262.24376681999996,46.03885543999998
4,2,4,CAP-G600-B480-e0.95,capped,600.0,480.0,0.95,0.0,600.0,93.17663123999914,483.924829,0.781976387589317,262.24376681999996,46.03885543999998
4,2,4,CAP-G600-B600-e0,capped,600.0,600.0,0.0,0.0,300.0,174.4422839199997,184.234399,0.40610309145882945,262.24376681999996,46.03885543999998
4,2,4,CAP-G600-B600-e0.25,capped,600.0,600.0,0.25,0.0,400.0,111.9888323,226.811112,0.6949654083292913,262.24376681999996,46.03885543999998
4,2,4,CAP-G600-B600-e0.5,capped,600.0,600.0,0.5,0.0,600.0,94.03977747999946,347.587793,0.7779841274945255,262.24376681999996,46.03885543999998
4,2,4,CAP-G600-B600-e0.75,capped,600.0,600.0,0.75,0.0,600.0,93.17663123999914,483.924829,0.781976387589317,262.24376681999996,46.03885543999998
4,2,4,CAP-G600-B600-e0.9,capped,600.0,600.0,0.9,0.0,600.0,93.17663123999914,483.924829,0.781976387589317,262.24376681999996,46.03885543999998
4,2,4,CAP-G600-B600-e0.95,capped,600.0,600.0,0.95,0.0,600.0,93.17663123999914,483.924829,0.781976387589317,262.24376681999996,46.03885543999998
4,2,4,HYB-G600-B0-g1-e0,hybrid,600.0,0.0,0.0,1.0,600.0,193.81697661999968,60.263253999999996,0.31649045233636675,262.24376681999996,46.03885543999998
4,2,4,HYB-G600-B0-g1-e0.9,hybrid,600.0,0.0,0.9,1.0,600.0,93.55818581999999,215.897189,0.7802116053854093,262.24376681999996,46.03885543999998
4,2,4,HYB-G600-B0-g4-e0,hybrid,600.0,0.0,0.0,4.0,600.0,140.4553754199995,68.659387,0.5633007623307232,262.24376681999996,46.03885543999998
4,2,4,HYB-G600-B0-g4-e0.9,hybrid,600.0,0.0,0.9,4.0,600.0,93.29435449999981,223.397551,0.7814318890427795,262.24376681999996,46.03885543999998
4,2,4,HYB-G600-B0-g16-e0,hybrid,600.0,0.0,0.0,16.0,600.0,102.3027814599999,84.95563,0.7397657358434799,262.24376681999996,46.03885543999998
4,2,4,HYB-G600-B0-g16-e0.9,hybrid,600.0,0.0,0.9,16.0,600.0,93.23230797999989,401.092311,0.7817188692024989,262.24376681999996,46.03885543999998
4,2,4,HYB-G600-B30-g1-e0,hybrid,600.0,30.0,0.0,1.0,600.0,190.6256665799997,66.21117,0.33125103302637227,262.24376681999996,46.03885543999998
4,2,4,HYB-G600-B30-g1-e0.9,hybrid,600.0,30.0,0.9,1.0,600.0,93.93599391999993,266.139036,0.7784641515575178,262.24376681999996,46.03885543999998
4,2,4,HYB-G600-B30-g4-e0,hybrid,600.0,30.0,0.0,4.0,600.0,139.29292257999967,69.69462899999999,0.5686773878318744,262.24376681999996,46.03885543999998
4,2,4,HYB-G600-B30-g4-e0.9,hybrid,600.0,30.0,0.9,4.0,600.0,93.29132383999989,292.94555,0.7814459065781841,262.24376681999996,46.03885543999998
4,2,4,HYB-G600-B30-g16-e0,hybrid,600.0,30.0,0.0,16.0,600.0,100.9327296399999,85.657439,0.7461025568308256,262.24376681999996,46.03885543999998
4,2,4,HYB-G600-B30-g16-e0.9,hybrid,600.0,30.0,0.9,16.0,600.0,93.20826383999976,440.894575,0.7818300791645977,262.24376681999996,46.03885543999998
4,2,4,HYB-G600-B120-g1-e0,hybrid,600.0,120.0,0.0,1.0,600.0,179.90127155999951,101.640361,0.38085395347599643,262.24376681999996,46.03885543999998
4,2,4,HYB-G600-B120-g1-e0.9,hybrid,600.0,120.0,0.9,1.0,600.0,93.18744365999987,483.924829,0.7819263775320444,262.24376681999996,46.03885543999998
4,2,4,HYB-G600-B120-g4-e0,hybrid,600.0,120.0,0.0,4.0,600.0,131.17682213999927,93.311452,0.6062163150847137,262.24376681999996,46.03885543999998
4,2,4,HYB-G600-B120-g4-e0.9,hybrid,600.0,120.0,0.9,4.0,600.0,93.17663123999914,483.924829,0.781976387589317,262.24376681999996,46.03885543999998
4,2,4,HYB-G600-B120-g16-e0,hybrid,600.0,120.0,0.0,16.0,600.0,98.64534821999945,105.66400999999999,0.7566822490561339,262.24376681999996,46.03885543999998
4,2,4,HYB-G600-B120-g16-e0.9,hybrid,600.0,120.0,0.9,16.0,600.0,93.17663123999914,483.924829,0.781976387589317,262.24376681999996,46.03885543999998
4,2,4,CAP-G1200-B0-e0,capped,1200.0,0.0,0.0,0.0,150.0,262.24376681999996,0.0,0.0,262.24376681999996,46.03885543999998
4,2,4,CAP-G1200-B0-e0.25,capped,1200.0,0.0,0.25,0.0,200.0,212.48825051999998,73.94386700000001,0.2301312952717808,262.24376681999996,46.03885543999998
4,2,4,CAP-G1200-B0-e0.5,capped,1200.0,0.0,0.5,0.0,300.0,126.60099711999992,86.13949799999999,0.6273806123746902,262.24376681999996,46.03885543999998
4,2,4,CAP-G1200-B0-e0.75,capped,1200.0,0.0,0.75,0.0,600.0,89.2135505399999,143.042362,0.8003065942192383,262.24376681999996,46.03885543999998
4,2,4,CAP-G1200-B0-e0.9,capped,1200.0,0.0,0.9,0.0,1200.0,82.00976127999985,203.98644299999998,0.833625861640221,262.24376681999996,46.03885543999998
4,2,4,CAP-G1200-B0-e0.95,capped,1200.0,0.0,0.95,0.0,1200.0,80.93153266,441.00476,0.8386129297559158,262.24376681999996,46.03885543999998
4,2,4,CAP-G1200-B15-e0.25,capped,1200.0,15.0,0.25,0.0,205.0,192.1928126999995,101.639947,0.3240026032381821,262.24376681999996,46.03885543999998
4,2,4,CAP-G1200-B15-e0.5,capped,1200.0,15.0,0.5,0.0,307.5,124.17258399999966,93.52147599999999,0.6386126103182157,262.24376681999996,46.03885543999998
4,2,4,CAP-G1200-B15-e0.75,capped,1200.0,15.0,0.75,0.0,615.0,87.53137831999992,156.364484,0.8080870475367091,262.24376681999996,46.03885543999998
4,2,4,CAP-G1200-B15-e0.9,capped,1200.0,15.0,0.9,0.0,1200.0,81.95201761999995,223.397551,0.8338929400318789,262.24376681999996,46.03885543999998
4,2,4,CAP-G1200-B15-e0.95,capped,1200.0,15.0,0.95,0.0,1200.0,80.97221223999996,484.298847,0.8384247768608668,262.24376681999996,46.03885543999998
4,2,4,CAP-G1200-B30-e0.25,capped,1200.0,30.0,0.25,0.0,210.0,185.94426473999974,101.644038,0.3529036486405105,262.24376681999996,46.03885543999998
4,2,4,CAP-G1200-B30-e0.5,capped,1200.0,30.0,0.5,0.0,315.0,120.03904114,102.61996599999999,0.6577312456610298,262.24376681999996,46.03885543999998
4,2,4,CAP-G1200-B30-e0.75,capped,1200.0,30.0,0.75,0.0,630.0,87.27473189999996,181.688991,0.8092740992940528,262.24376681999996,46.03885543999998
4,2,4,CAP-G1200-B30-e0.9,capped,1200.0,30.0,0.9,0.0,1200.0,81.36337737999996,266.13155,0.83661554349284,262.24376681999996,46.03885543999998
4,2,4,CAP-G1200-B30-e0.95,capped,1200.0,30.0,0.95,0.0,1200.0,80.86449419999998,537.239354,0.8389229988453373,262.24376681999996,46.03885543999998
4,2,4,CAP-G1200-B60-e0.25,capped,1200.0,60.0,0.25,0.0,220.0,177.54399909999998,101.644038,0.39175690866306156,262.24376681999996,46.03885543999998
4,2,4,CAP-G1200-B60-e0.5,capped,1200.0,60.0,0.5,0.0,330.0,116.56826725999983,116.85938,0.6737844141938203,262.24376681999996,46.03885543999998
4,2,4,CAP-G1200-B60-e0.75,capped,1200.0,60.0,0.75,0.0,660.0,87.55758355999926,181.201709,0.8079658419644948,262.24376681999996,46.03885543999998
4,2,4,CAP-G1200-B60-e0.9,capped,1200.0,60.0,0.9,0.0,1200.0,80.68440229999965,347.587793,0.8397559674344911,262.24376681999996,46.03885543999998
4,2,4,CAP-G1200-B60-e0.95,capped,1200.0,60.0,0.95,0.0,1200.0,80.82162369999998,691.678491,0.839121285275217,262.24376681999996,46.03885543999998
4,2,4,CAP-G1200-B120-e0.25,capped,1200.0,120.0,0.25,0.0,240.0,165.96264025999912,101.644038,0.44532349401988336,262.24376681999996,46.03885543999998
4,2,4,CAP-G1200-B120-e0.5,capped,1200.0,120.0,0.5,0.0,360.0,109.6617328199998,132.686089,0.7057288061871232,262.24376681999996,46.03885543999998
4,2,4,CAP-G1200-B120-e0.75,capped,1200.0,120.0,0.75,0.0,720.0,85.02160273999984,223.397551,0.8196953665336303,262.24376681999996,46.03885543999998
4,2,4,CAP-G1200-B120-e0.9,capped,1200.0,120.0,0.9,0.0,1200.0,80.65398343999979,536.065406,0.8398966620181881,262.24376681999996,46.03885543999998
4,2,4,CAP-G1200-B120-e0.95,capped,1200.0,120.0,0.95,0.0,1200.0,80.84394461999996,980.163708,0.8390180456223456,262.24376681999996,46.03885543999998
4,2,4,CAP-G1200-B240-e0.25,capped,1200.0,240.0,0.25,0.0,280.0,152.33383897999994,137.628038,0.5083599957950226,262.24376681999996,46.03885543999998
4,2,4,CAP-G1200-B240-e0.5,capped,1200.0,240.0,0.5,0.0,420.0,101.29820239999982,184.234399,0.7444121569334914,262.24376681999996,46.03885543999998
4,2,4,CAP-G1200-B240-e0.75,capped,1200.0,240.0,0.75,0.0,840.0,80.07769269999973,347.587793,0.8425621460551681,262.24376681999996,46.03885543999998
4,2,4,CAP-G1200-B240-e0.9,capped,1200.0,240.0,0.9,0.0,1200.0,80.77357963999998,781.967691,0.8393435006712195,262.24376681999996,46.03885543999998
4,2,4,CAP-G1200-B240-e0.95,capped,1200.0,240.0,0.95,0.0,1200.0,80.82926285999989,1093.780906,0.8390859523128381,262.24376681999996,46.03885543999998
4,2,4,CAP-G1200-B360-e0.25,capped,1200.0,360.0,0.25,0.0,320.0,137.71586425999965,167.824117,0.5759716639421344,262.24376681999996,46.03885543999998
4,2,4,CAP-G1200-B360-e0.5,capped,1200.0,360.0,0.5,0.0,480.0,93.56896779999995,223.397551,0.7801617361205018,262.24376681999996,46.03885543999998
4,2,4,CAP-G1200-B360-e0.75,capped,1200.0,360.0,0.75,0.0,960.0,80.80340873999947,483.924829,0.839205533870146,262.24376681999996,46.03885543999998
4,2,4,CAP-G1200-B360-e0.9,capped,1200.0,360.0,0.9,0.0,1200.0,80.84297889999989,1093.780906,0.8390225123108861,262.24376681999996,46.03885543999998
4,2,4,CAP-G1200-B360-e0.95,capped,1200.0,360.0,0.95,0.0,1200.0,80.82926285999989,1093.780906,0.8390859523128381,262.24376681999996,46.03885543999998
4,2,4,CAP-G1200-B480-e0.25,capped,1200.0,480.0,0.25,0.0,360.0,117.10237337999976,201.977836,0.6713140442258542,262.24376681999996,46.03885543999998
4,2,4,CAP-G1200-B480-e0.5,capped,1200.0,480.0,0.5,0.0,540.0,88.67784863999972,292.854148,0.8027843450556135,262.24376681999996,46.03885543999998
4,2,4,CAP-G1200-B480-e0.75,capped,1200.0,480.0,0.75,0.0,1080.0,80.71634131999991,584.815993,0.8396082417431717,262.24376681999996,46.03885543999998
4,2,4,CAP-G1200-B480-e0.9,capped,1200.0,480.0,0.9,0.0,1200.0,80.82926285999989,1093.780906,0.8390859523128381,262.24376681999996,46.03885543999998
4,2,4,CAP-G1200-B480-e0.95,capped,1200.0,480.0,0.95,0.0,1200.0,80.82926285999989,1093.780906,0.8390859523128381,262.24376681999996,46.03885543999998
4,2,4,CAP-G1200-B600-e0.25,capped,1200.0,600.0,0.25,0.0,400.0,111.62505183999971,226.811112,0.6966479809298782,262.24376681999996,46.03885543999998
4,2,4,CAP-G1200-B600-e0.5,capped,1200.0,600.0,0.5,0.0,600.0,85.15261283999989,347.587793,0.8190894131389369,262.24376681999996,46.03885543999998
4,2,4,CAP-G1200-B600-e0.75,capped,1200.0,600.0,0.75,0.0,1200.0,80.26205805999982,691.678491,0.8417094116800639,262.24376681999996,46.03885543999998
4,2,4,CAP-G1200-B600-e0.9,capped,1200.0,600.0,0.9,0.0,1200.0,80.82926285999989,1093.780906,0.8390859523128381,262.24376681999996,46.03885543999998
4,2,4,CAP-G1200-B600-e0.95,capped,1200.0,600.0,0.95,0.0,1200.0,80.82926285999989,1093.780906,0.8390859523128381,262.24376681999996,46.03885543999998
4,2,4,HYB-G1200-B0-g1-e0,hybrid,1200.0,0.0,0.0,1.0,1200.0,192.4506759799998,60.263253999999996,0.32280992320906343,262.24376681999996,46.03885543999998
4,2,4,HYB-G1200-B0-g1-e0.9,hybrid,1200.0,0.0,0.9,1.0,1200.0,81.00938811999973,215.897189,0.8382528294256191,262.24376681999996,46.03885543999998
4,2,4,HYB-G1200-B0-g4-e0,hybrid,1200.0,0.0,0.0,4.0,1200.0,138.5942904799999,68.659387,0.5719087302446832,262.24376681999996,46.03885543999998
4,2,4,HYB-G1200-B0-g4-e0.9,hybrid,1200.0,0.0,0.9,4.0,1200.0,80.83919513999976,223.397551,0.8390400131159139,262.24376681999996,46.03885543999998
4,2,4,HYB-G1200-B0-g16-e0,hybrid,1200.0,0.0,0.0,16.0,1200.0,92.92205455999992,84.95563,0.7831538662986317,262.24376681999996,46.03885543999998
4,2,4,HYB-G1200-B0-g16-e0.9,hybrid,1200.0,0.0,0.9,16.0,1200.0,80.66338393999975,401.092311,0.839853182432364,262.24376681999996,46.03885543999998
4,2,4,HYB-G1200-B30-g1-e0,hybrid,1200.0,30.0,0.0,1.0,1200.0,190.2346591799984,66.21117,0.3330595368087589,262.24376681999996,46.03885543999998
4,2,4,HYB-G1200-B30-g1-e0.9,hybrid,1200.0,30.0,0.9,1.0,1200.0,80.98096861999987,266.139036,0.8383842764858105,262.24376681999996,46.03885543999998
4,2,4,HYB-G1200-B30-g4-e0,hybrid,1200.0,30.0,0.0,4.0,1200.0,137.27974829999974,69.69462899999999,0.5779888057231247,262.24376681999996,46.03885543999998
4,2,4,HYB-G1200-B30-g4-e0.9,hybrid,1200.0,30.0,0.9,4.0,1200.0,80.77024127999982,292.94555,0.8393589413935364,262.24376681999996,46.03885543999998
4,2,4,HYB-G1200-B30-g16-e0,hybrid,1200.0,30.0,0.0,16.0,1200.0,91.29097075999998,85.657439,0.7906980233188816,262.24376681999996,46.03885543999998
4,2,4,HYB-G1200-B30-g16-e0.9,hybrid,1200.0,30.0,0.9,16.0,1200.0,80.69647141999995,440.894575,0.8397001448358125,262.24376681999996,46.03885543999998
4,2,4,HYB-G1200-B120-g1-e0,hybrid,1200.0,120.0,0.0,1.0,1200.0,179.13109015999973,101.640361,0.3844162287040837,262.24376681999996,46.03885543999998
4,2,4,HYB-G1200-B120-g1-e0.9,hybrid,1200.0,120.0,0.9,1.0,1200.0,80.62390823999941,536.065406,0.8400357670912801,262.24376681999996,46.03885543999998
4,2,4,HYB-G1200-B120-g4-e0,hybrid,1200.0,120.0,0.0,4.0,1200.0,127.88864479999994,93.311452,0.6214249304626505,262.24376681999996,46.03885543999998
4,2,4,HYB-G1200-B120-g4-e0.9,hybrid,1200.0,120.0,0.9,4.0,1200.0,80.66011463999997,536.065406,0.8398683037354783,262.24376681999996,46.03885543999998
4,2,4,HYB-G1200-B120-g16-e0,hybrid,1200.0,120.0,0.0,16.0,1200.0,89.84127927999931,105.66400999999999,0.7974031969930019,262.24376681999996,46.03885543999998
4,2,4,HYB-G1200-B120-g16-e0.9,hybrid,1200.0,120.0,0.9,16.0,1200.0,80.80214369999969,601.170764,0.8392113849860697,262.24376681999996,46.03885543999998
