## 2026-09-19 22:10:47 manifest=423adbc90d3c1ceb9ab9dcaa2cad7ec224c73f9a7c662f98fd15c070ee8730e0 argv=--trace valid --rep 0 --level 0 --set grid --workers 6
[     0s] valid_rep0_L0_grid: k=7 rho_busy=0.5247 (target 0.5) n=17,646,125 weeks=30 selected=None
[     4s] FCFS reproduces the Kiefer-Wolfowitz recursion exactly (max |diff| 0)
[     4s] jobs FCFS would start within 1 s: 16,834,032 (95.4%)
                      w_p99_dl  gap_p99dl  red_p99dl_pct  w_mean  gap_mean  max_excess  harm_wf1s  max_heavy  guar_excess_max  used_over_allowed  qw_forced_frac  bound_viol  sim_sec
policy                                                                                                                                                                               
FCFS                   46.8103     0.0000         0.0000  1.1117    0.0000      0.0000     0.0000   492.2358              inf                NaN          1.0000          -1      1.6
SJF-ref                20.5381     1.0000        56.1249  0.4140    1.0000    775.8893   551.0178   836.5065              inf                NaN          0.0000          -1      1.6
SPJF-tweedie           26.6946     0.7657        42.9728  0.5280    0.8365   1098.8544   213.3007  1249.5831              inf                NaN          0.0000          -1      1.7
FIX-G300               27.9688     0.7172        40.2509  0.5894    0.7486    179.1195   162.6257   640.9534         300.0000             0.5971          0.0207           0      7.1
CAP-G300-B30-e0        39.5370     0.2768        15.5380  0.8368    0.3939     76.0416    71.3179   499.8224         170.3571             0.4464          0.2430           0      6.9
CAP-G300-B30-e0.25     31.9788     0.5645        31.6843  0.6406    0.6752    177.1745    93.0247   637.0761         300.0000             0.5906          0.0786           0      7.0
CAP-G300-B30-e0.5      29.1866     0.6708        37.6493  0.5947    0.7409    196.3364    93.3823   641.9444         300.0000             0.6545          0.0416           0      7.4
CAP-G300-B30-e0.75     28.0806     0.7129        40.0120  0.5877    0.7510    179.1195   113.6598   640.9534         300.0000             0.5971          0.0259           0      6.9
CAP-G300-B30-e0.9      27.9490     0.7179        40.2931  0.5893    0.7488    179.1195   154.4441   640.9534         300.0000             0.5971          0.0209           0      6.7
CAP-G300-B120-e0       33.3576     0.5121        28.7388  0.7187    0.5633     93.0247    93.0247   522.2320         192.8571             0.4824          0.1072           0      6.8
CAP-G300-B120-e0.25    29.8342     0.6462        36.2658  0.6115    0.7169    177.1646    93.3823   635.4645         300.0000             0.5905          0.0438           0      6.8
CAP-G300-B120-e0.5     27.9922     0.7163        40.2008  0.5937    0.7425    179.1195   113.6484   640.9364         300.0000             0.5971          0.0242           0      6.4
CAP-G300-B120-e0.75    27.9688     0.7172        40.2509  0.5894    0.7486    179.1195   162.6257   640.9534         300.0000             0.5971          0.0207           0      6.6
CAP-G300-B120-e0.9     27.9688     0.7172        40.2509  0.5894    0.7486    179.1195   162.6257   640.9534         300.0000             0.5971          0.0207           0      6.9
CAP-G300-B600-e0       27.9688     0.7172        40.2509  0.5894    0.7486    179.1195   162.6257   640.9534         300.0000             0.5971          0.0207           0      6.5
CAP-G300-B600-e0.25    27.9688     0.7172        40.2509  0.5894    0.7486    179.1195   162.6257   640.9534         300.0000             0.5971          0.0207           0      6.8
CAP-G300-B600-e0.5     27.9688     0.7172        40.2509  0.5894    0.7486    179.1195   162.6257   640.9534         300.0000             0.5971          0.0207           0      7.2
CAP-G300-B600-e0.75    27.9688     0.7172        40.2509  0.5894    0.7486    179.1195   162.6257   640.9534         300.0000             0.5971          0.0207           0      6.8
CAP-G300-B600-e0.9     27.9688     0.7172        40.2509  0.5894    0.7486    179.1195   162.6257   640.9534         300.0000             0.5971          0.0207           0      7.1
FIX-G600               26.9233     0.7570        42.4843  0.5362    0.8248    492.0184   213.3007   788.1170         600.0000             0.8200          0.0029           0      7.4
CAP-G600-B30-e0        39.5370     0.2768        15.5380  0.8368    0.3939     76.0416    71.3179   499.8224         170.3571             0.4464          0.2430           0      6.7
CAP-G600-B30-e0.25     31.9232     0.5667        31.8032  0.6401    0.6759    217.4914    93.0247   709.5417         393.4942             0.5561          0.0785           0      6.8
CAP-G600-B30-e0.5      28.8833     0.6824        38.2972  0.5661    0.7819    485.4028    93.3823   933.3489         600.0000             0.8090          0.0346           0      6.7
CAP-G600-B30-e0.75     27.1377     0.7488        42.0262  0.5391    0.8207    492.8988   113.6598   794.2474         600.0000             0.8215          0.0103           0      7.2
CAP-G600-B30-e0.9      26.9046     0.7577        42.5242  0.5354    0.8260    486.6859   154.9758   788.9392         600.0000             0.8111          0.0034           0      7.6
CAP-G600-B120-e0       33.3576     0.5121        28.7388  0.7187    0.5633     93.0247    93.0247   522.2320         192.8571             0.4824          0.1072           0      6.5
CAP-G600-B120-e0.25    29.7499     0.6494        36.4459  0.6085    0.7212    226.6340    93.3823   718.8032         423.4942             0.5480          0.0428           0      6.9
CAP-G600-B120-e0.5     27.3233     0.7417        41.6297  0.5505    0.8043    483.2896   113.6484   931.2357         600.0000             0.8055          0.0142           0      6.4
CAP-G600-B120-e0.75    27.0317     0.7528        42.2527  0.5385    0.8215    492.0166   163.0304   788.1953         600.0000             0.8200          0.0040           0      6.8
CAP-G600-B120-e0.9     26.9233     0.7570        42.4843  0.5362    0.8248    492.0184   213.3007   788.1170         600.0000             0.8200          0.0030           0      6.4
CAP-G600-B600-e0       27.8345     0.7223        40.5377  0.5849    0.7551    202.3844   163.0304   653.8837         312.8571             0.6469          0.0173           0      6.7
CAP-G600-B600-e0.25    27.1193     0.7495        42.0656  0.5458    0.8110    375.8677   207.1247   856.0402         583.4942             0.6647          0.0068           0      7.1
CAP-G600-B600-e0.5     26.9069     0.7576        42.5192  0.5366    0.8243    492.9048   213.3007   794.7043         600.0000             0.8215          0.0035           0      7.3
CAP-G600-B600-e0.75    26.9233     0.7570        42.4843  0.5362    0.8248    492.0184   213.3007   788.1170         600.0000             0.8200          0.0029           0      6.9
CAP-G600-B600-e0.9     26.9233     0.7570        42.4843  0.5362    0.8248    492.0184   213.3007   788.1170         600.0000             0.8200          0.0029           0      6.5
FIX-G1200              26.6946     0.7657        42.9728  0.5281    0.8365   1088.0859   213.3007  1239.0775        1200.0000             0.9067          0.0000           0      7.0
CAP-G1200-B30-e0       39.5370     0.2768        15.5380  0.8368    0.3939     76.0416    71.3179   499.8224         170.3571             0.4464          0.2430           0      6.4
CAP-G1200-B30-e0.25    31.9232     0.5667        31.8032  0.6401    0.6759    217.4914    93.0247   709.5417         393.4942             0.5561          0.0785           0      7.3
CAP-G1200-B30-e0.5     28.8782     0.6826        38.3081  0.5661    0.7820    494.2074    93.3823   942.1535         839.7683             0.6266          0.0346           0      7.6
CAP-G1200-B30-e0.75    27.0969     0.7504        42.1135  0.5355    0.8258    773.1083   113.6598  1061.2403        1200.0000             0.6443          0.0102           0      6.6
CAP-G1200-B30-e0.9     26.7396     0.7640        42.8766  0.5281    0.8364   1052.9973   154.9758  1213.0951        1200.0000             0.8775          0.0012           0      6.5
CAP-G1200-B120-e0      33.3576     0.5121        28.7388  0.7187    0.5633     93.0247    93.0247   522.2320         192.8571             0.4824          0.1072           0      7.3
CAP-G1200-B120-e0.25   29.7499     0.6494        36.4459  0.6085    0.7212    226.6340    93.3823   718.8032         423.4942             0.5480          0.0428           0      6.8
CAP-G1200-B120-e0.5    27.3144     0.7421        41.6488  0.5506    0.8041    506.7454   113.6484   954.6915         884.7683             0.6364          0.0142           0      7.0
CAP-G1200-B120-e0.75   27.0162     0.7534        42.2857  0.5350    0.8265    721.8911   163.0304   906.8865        1200.0000             0.6016          0.0036           0      7.0
CAP-G1200-B120-e0.9    26.7260     0.7645        42.9058  0.5284    0.8360   1052.9859   213.3007  1213.0670        1200.0000             0.8775          0.0006           0      7.0
CAP-G1200-B600-e0      27.8345     0.7223        40.5377  0.5849    0.7551    202.3844   163.0304   653.8837         312.8571             0.6469          0.0173           0      7.4
CAP-G1200-B600-e0.25   27.1193     0.7495        42.0656  0.5458    0.8110    375.8677   207.1247   856.0402         583.4942             0.6647          0.0068           0      6.7
CAP-G1200-B600-e0.5    26.8620     0.7593        42.6151  0.5338    0.8282    620.0366   213.3007   901.2312        1124.7683             0.7035          0.0034           0      7.6
CAP-G1200-B600-e0.75   26.7183     0.7648        42.9222  0.5281    0.8364   1057.8531   213.3007  1235.3380        1200.0000             0.8815          0.0000           0      7.2
CAP-G1200-B600-e0.9    26.6946     0.7657        42.9728  0.5281    0.8365   1088.0859   213.3007  1239.0775        1200.0000             0.9067          0.0000           0      6.9
## done in 66 s
## 2026-09-19 22:11:56 manifest=423adbc90d3c1ceb9ab9dcaa2cad7ec224c73f9a7c662f98fd15c070ee8730e0 argv=--trace valid --rep 0 --level 1 --set grid --workers 6
[     0s] valid_rep0_L1_grid: k=5 rho_busy=0.7345 (target 0.8) n=17,646,125 weeks=30 selected=None
[     4s] FCFS reproduces the Kiefer-Wolfowitz recursion exactly (max |diff| 0)
[     4s] jobs FCFS would start within 1 s: 15,981,322 (90.6%)
                      w_p99_dl  gap_p99dl  red_p99dl_pct  w_mean  gap_mean  max_excess  harm_wf1s  max_heavy  guar_excess_max  used_over_allowed  qw_forced_frac  bound_viol  sim_sec
policy                                                                                                                                                                               
FCFS                  130.6271     0.0000         0.0000  3.7579    0.0000      0.0000     0.0000   840.7671              inf                NaN          1.0000          -1      1.2
SJF-ref                37.5760     1.0000        71.2341  1.1071    1.0000   1191.7443   590.2714  1565.2794              inf                NaN          0.0000          -1      1.4
SPJF-tweedie           49.7242     0.8694        61.9343  1.4308    0.8779   1811.9476   441.2419  2040.3618              inf                NaN          0.0000          -1      1.5
FIX-G300               62.1577     0.7358        52.4159  1.8681    0.7129    223.8988   169.8493   984.1995         300.0000             0.7463          0.0567           0      7.1
CAP-G300-B30-e0       123.0107     0.0819         5.8307  2.9691    0.2976     67.4335    65.8523   847.8574         163.5000             0.4124          0.4683           0      8.5
CAP-G300-B30-e0.25     83.5006     0.5065        36.0772  2.0491    0.6447    188.0824    89.8991   980.9869         300.0000             0.6269          0.1326           0      8.7
CAP-G300-B30-e0.5      67.2753     0.6808        48.4982  1.9068    0.6984    207.6678    93.8517   988.1563         300.0000             0.6922          0.0828           0      7.2
CAP-G300-B30-e0.75     61.9623     0.7379        52.5656  1.8675    0.7132    208.2188   109.2569   984.1995         300.0000             0.6941          0.0617           0      7.3
CAP-G300-B30-e0.9      62.2143     0.7352        52.3726  1.8683    0.7129    223.8988   142.1029   984.1995         300.0000             0.7463          0.0568           0      6.9
CAP-G300-B120-e0      105.3478     0.2717        19.3523  2.4486    0.4939    106.1456    97.1540   870.2163         186.0000             0.5707          0.2540           0      7.2
CAP-G300-B120-e0.25    75.8805     0.5884        41.9106  1.9444    0.6842    186.4476    93.9139   984.1406         300.0000             0.6215          0.0870           0      7.5
CAP-G300-B120-e0.5     63.7989     0.7182        51.1596  1.8644    0.7143    206.7439   102.0427   984.2014         300.0000             0.6891          0.0611           0      6.8
CAP-G300-B120-e0.75    62.1655     0.7357        52.4099  1.8678    0.7130    223.8988   157.3450   984.1995         300.0000             0.7463          0.0567           0      7.4
CAP-G300-B120-e0.9     62.1577     0.7358        52.4159  1.8681    0.7129    223.8988   169.8493   984.1995         300.0000             0.7463          0.0567           0      7.4
CAP-G300-B600-e0       62.1577     0.7358        52.4159  1.8681    0.7129    223.8988   169.8493   984.1995         300.0000             0.7463          0.0567           0      6.9
CAP-G300-B600-e0.25    62.1577     0.7358        52.4159  1.8681    0.7129    223.8988   169.8493   984.1995         300.0000             0.7463          0.0567           0      7.1
CAP-G300-B600-e0.5     62.1577     0.7358        52.4159  1.8681    0.7129    223.8988   169.8493   984.1995         300.0000             0.7463          0.0567           0      6.6
CAP-G300-B600-e0.75    62.1577     0.7358        52.4159  1.8681    0.7129    223.8988   169.8493   984.1995         300.0000             0.7463          0.0567           0      7.7
CAP-G300-B600-e0.9     62.1577     0.7358        52.4159  1.8681    0.7129    223.8988   169.8493   984.1995         300.0000             0.7463          0.0567           0      6.7
FIX-G600               52.6162     0.8384        59.7203  1.5768    0.8228    507.1103   441.2419  1294.2346         600.0000             0.8452          0.0093           0      7.3
CAP-G600-B30-e0       123.0107     0.0819         5.8307  2.9691    0.2976     67.4335    65.8523   847.8574         163.5000             0.4124          0.4683           0      7.3
CAP-G600-B30-e0.25     81.6914     0.5259        37.4621  1.9798    0.6708    300.5631    89.8991  1132.0538         498.9264             0.6446          0.1170           0      8.8
CAP-G600-B30-e0.5      62.1826     0.7356        52.3969  1.6827    0.7829    493.8931    93.8517  1307.6565         600.0000             0.8232          0.0526           0      6.6
CAP-G600-B30-e0.75     54.2719     0.8206        58.4528  1.5815    0.8211    489.3755   109.2569  1295.8751         600.0000             0.8156          0.0190           0      7.0
CAP-G600-B30-e0.9      52.7966     0.8364        59.5822  1.5809    0.8213    487.7089   142.1029  1296.1343         600.0000             0.8128          0.0097           0      6.9
CAP-G600-B120-e0      105.3478     0.2717        19.3523  2.4486    0.4939    106.1456    97.1540   870.2163         186.0000             0.5707          0.2540           0      6.9
CAP-G600-B120-e0.25    73.6328     0.6125        43.6313  1.8712    0.7118    330.7208    93.9139  1161.9191         528.9264             0.6676          0.0740           0      6.9
CAP-G600-B120-e0.5     57.3116     0.7879        56.1258  1.6151    0.8084    492.3633   102.0427  1286.1020         600.0000             0.8206          0.0263           0      7.0
CAP-G600-B120-e0.75    53.7095     0.8266        58.8834  1.5805    0.8214    494.0624   157.3450  1296.4246         600.0000             0.8234          0.0107           0      7.2
CAP-G600-B120-e0.9     52.6182     0.8383        59.7188  1.5766    0.8229    507.1103   318.1252  1294.2346         600.0000             0.8452          0.0095           0      7.6
CAP-G600-B600-e0       61.3306     0.7447        53.0491  1.8421    0.7228    208.3111   178.0279   989.2289         306.0000             0.6808          0.0538           0      7.6
CAP-G600-B600-e0.25    54.3390     0.8199        58.4014  1.6044    0.8124    469.3172   232.0788  1289.1340         600.0000             0.7822          0.0180           0      7.3
CAP-G600-B600-e0.5     52.7377     0.8371        59.6273  1.5741    0.8238    505.4017   307.4768  1296.4246         600.0000             0.8423          0.0109           0      7.5
CAP-G600-B600-e0.75    52.6162     0.8384        59.7203  1.5768    0.8228    507.1103   441.2419  1294.2346         600.0000             0.8452          0.0093           0      7.5
CAP-G600-B600-e0.9     52.6162     0.8384        59.7203  1.5768    0.8228    507.1103   441.2419  1294.2346         600.0000             0.8452          0.0093           0      6.6
FIX-G1200              50.7492     0.8584        61.1496  1.4781    0.8601   1099.4128   441.2419  1642.7507        1200.0000             0.9162          0.0005           0      7.0
CAP-G1200-B30-e0      123.0107     0.0819         5.8307  2.9691    0.2976     67.4335    65.8523   847.8574         163.5000             0.4124          0.4683           0      6.8
CAP-G1200-B30-e0.25    81.6914     0.5259        37.4621  1.9798    0.6708    300.5631    89.8991  1132.0538         498.9264             0.6446          0.1170           0      7.0
CAP-G1200-B30-e0.5     61.9978     0.7375        52.5384  1.6675    0.7886    825.6932    93.8517  1572.1571        1169.7792             0.7694          0.0520           0      8.2
CAP-G1200-B30-e0.75    52.9545     0.8347        59.4613  1.5031    0.8506   1110.0574   109.2569  1758.3540        1200.0000             0.9250          0.0159           0      7.2
CAP-G1200-B30-e0.9     50.9372     0.8564        61.0056  1.4655    0.8648   1081.2945   142.1029  1758.0974        1200.0000             0.9011          0.0028           0      9.0
CAP-G1200-B120-e0     105.3478     0.2717        19.3523  2.4486    0.4939    106.1456    97.1540   870.2163         186.0000             0.5707          0.2540           0      7.1
CAP-G1200-B120-e0.25   73.6328     0.6125        43.6313  1.8712    0.7118    330.7208    93.9139  1161.9191         528.9264             0.6676          0.0740           0      6.7
CAP-G1200-B120-e0.5    56.9250     0.7921        56.4217  1.5854    0.8196    892.4263   102.0427  1657.6175        1200.0000             0.7848          0.0249           0      8.5
CAP-G1200-B120-e0.75   52.0730     0.8442        60.1362  1.4836    0.8580   1076.0623   157.3450  1758.4043        1200.0000             0.8967          0.0069           0      6.8
CAP-G1200-B120-e0.9    50.7015     0.8589        61.1861  1.4692    0.8634   1112.6316   318.1252  1757.9230        1200.0000             0.9272          0.0017           0      6.7
CAP-G1200-B600-e0      61.3306     0.7447        53.0491  1.8421    0.7228    208.3111   178.0279   989.2289         306.0000             0.6808          0.0538           0      6.5
CAP-G1200-B600-e0.25   54.3390     0.8199        58.4014  1.6043    0.8124    507.6268   232.0788  1327.5338         688.9264             0.7497          0.0180           0      7.3
CAP-G1200-B600-e0.5    51.7068     0.8481        60.4165  1.4962    0.8532   1033.7465   307.4768  1758.5900        1200.0000             0.8615          0.0080           0      7.0
CAP-G1200-B600-e0.75   50.6975     0.8590        61.1891  1.4636    0.8655   1079.8042   441.2419  1757.9185        1200.0000             0.8998          0.0007           0      7.6
CAP-G1200-B600-e0.9    50.7492     0.8584        61.1496  1.4781    0.8601   1099.4128   441.2419  1642.7507        1200.0000             0.9162          0.0005           0      7.0
## done in 68 s
## 2026-09-19 22:13:06 manifest=423adbc90d3c1ceb9ab9dcaa2cad7ec224c73f9a7c662f98fd15c070ee8730e0 argv=--trace valid --rep 0 --level 2 --set grid --workers 6
[     1s] valid_rep0_L2_grid: k=4 rho_busy=0.9182 (target 1.0) n=17,646,125 weeks=30 selected=None
[     4s] FCFS reproduces the Kiefer-Wolfowitz recursion exactly (max |diff| 0)
[     4s] jobs FCFS would start within 1 s: 15,199,383 (86.1%)
                      w_p99_dl  gap_p99dl  red_p99dl_pct  w_mean  gap_mean  max_excess  harm_wf1s  max_heavy  guar_excess_max  used_over_allowed  qw_forced_frac  bound_viol  sim_sec
policy                                                                                                                                                                               
FCFS                  248.5769     0.0000         0.0000  8.4074    0.0000      0.0000     0.0000  1137.1265              inf                NaN          1.0000          -1      1.3
SJF-ref                46.2252     1.0000        81.4041  1.7928    1.0000   1635.4256   197.6589  2489.8979              inf                NaN          0.0000          -1      1.5
SPJF-tweedie           75.4841     0.8554        69.6335  2.4390    0.9023   2806.8079   678.5047  3124.4751              inf                NaN          0.0000          -1      1.5
FIX-G300              173.8463     0.3693        30.0634  4.0608    0.6571    218.5683   186.1175  1287.1662         300.0000             0.7286          0.1382           0      7.5
CAP-G300-B30-e0       249.6160    -0.0051        -0.4180  6.9946    0.2136     68.3548    53.2379  1144.7238         157.5000             0.4340          0.6404           0      7.5
CAP-G300-B30-e0.25    189.7328     0.2908        23.6724  4.4443    0.5991    208.8881    74.9231  1287.1946         300.0000             0.6963          0.2101           0      7.9
CAP-G300-B30-e0.5     165.5635     0.4102        33.3955  4.1567    0.6426    218.5683   102.7618  1287.1120         300.0000             0.7286          0.1570           0      7.1
CAP-G300-B30-e0.75    167.4512     0.4009        32.6360  4.0531    0.6583    230.6289   152.5472  1287.1745         300.0000             0.7688          0.1424           0      7.4
CAP-G300-B30-e0.9     173.3276     0.3719        30.2720  4.0596    0.6573    218.5683   183.2805  1287.1662         300.0000             0.7286          0.1384           0      7.1
CAP-G300-B120-e0      245.4610     0.0154         1.2535  5.6405    0.4183    102.6526   102.6526  1167.1733         180.0000             0.5703          0.4169           0      7.3
CAP-G300-B120-e0.25   179.6994     0.3404        27.7087  4.2128    0.6341    224.8316   102.7618  1287.1693         300.0000             0.7494          0.1637           0      7.7
CAP-G300-B120-e0.5    166.8364     0.4040        32.8834  4.0634    0.6567    218.5683   145.6661  1287.1616         300.0000             0.7286          0.1435           0      7.9
CAP-G300-B120-e0.75   173.4594     0.3712        30.2190  4.0600    0.6572    218.5683   183.2805  1287.1662         300.0000             0.7286          0.1383           0      7.0
CAP-G300-B120-e0.9    173.8463     0.3693        30.0634  4.0608    0.6571    218.5683   186.1175  1287.1662         300.0000             0.7286          0.1382           0      7.6
CAP-G300-B600-e0      173.8463     0.3693        30.0634  4.0608    0.6571    218.5683   186.1175  1287.1662         300.0000             0.7286          0.1382           0      7.1
CAP-G300-B600-e0.25   173.8463     0.3693        30.0634  4.0608    0.6571    218.5683   186.1175  1287.1662         300.0000             0.7286          0.1382           0      6.7
CAP-G300-B600-e0.5    173.8463     0.3693        30.0634  4.0608    0.6571    218.5683   186.1175  1287.1662         300.0000             0.7286          0.1382           0      7.5
CAP-G300-B600-e0.75   173.8463     0.3693        30.0634  4.0608    0.6571    218.5683   186.1175  1287.1662         300.0000             0.7286          0.1382           0      8.4
CAP-G300-B600-e0.9    173.8463     0.3693        30.0634  4.0608    0.6571    218.5683   186.1175  1287.1662         300.0000             0.7286          0.1382           0      7.4
FIX-G600               96.3888     0.7521        61.2238  3.1446    0.7956    514.0292   490.5264  1627.8165         600.0000             0.8567          0.0262           0      7.5
CAP-G600-B30-e0       249.6160    -0.0051        -0.4180  6.9946    0.2136     68.3548    53.2379  1144.7238         157.5000             0.4340          0.6404           0      7.9
CAP-G600-B30-e0.25    183.6190     0.3210        26.1319  4.2327    0.6311    403.8381    74.9231  1524.7062         590.4245             0.7287          0.1818           0      7.0
CAP-G600-B30-e0.5     130.0322     0.5858        47.6894  3.4203    0.7539    528.5551   102.7618  1628.7427         600.0000             0.8809          0.0683           0      7.1
CAP-G600-B30-e0.75    102.6019     0.7214        58.7243  3.1330    0.7974    514.0800   152.5472  1628.0698         600.0000             0.8568          0.0340           0      7.7
CAP-G600-B30-e0.9      98.1530     0.7434        60.5140  3.1336    0.7973    514.0292   223.6005  1628.0925         600.0000             0.8567          0.0260           0      7.4
CAP-G600-B120-e0      245.4610     0.0154         1.2535  5.6405    0.4183    102.6526   102.6526  1167.1733         180.0000             0.5703          0.4169           0      7.4
CAP-G600-B120-e0.25   168.2712     0.3969        32.3062  3.8655    0.6866    481.5149   102.7618  1594.8302         600.0000             0.8025          0.1161           0      7.0
CAP-G600-B120-e0.5    120.8686     0.6311        51.3758  3.2580    0.7785    504.9700   145.6661  1628.1488         600.0000             0.8416          0.0441           0      7.3
CAP-G600-B120-e0.75    99.2666     0.7379        60.0660  3.1293    0.7980    514.0414   219.7274  1628.1368         600.0000             0.8567          0.0281           0      7.1
CAP-G600-B120-e0.9     96.4588     0.7518        61.1956  3.1450    0.7956    514.0292   360.8555  1627.8165         600.0000             0.8567          0.0263           0      7.1
CAP-G600-B600-e0      173.8463     0.3693        30.0634  4.0608    0.6571    218.5683   186.1175  1287.1662         300.0000             0.7286          0.1382           0      6.9
CAP-G600-B600-e0.25   111.6490     0.6767        55.0847  3.2314    0.7825    507.7618   233.2785  1628.7777         600.0000             0.8463          0.0408           0      7.0
CAP-G600-B600-e0.5     95.9908     0.7541        61.3838  3.1030    0.8019    514.0128   333.0588  1628.1172         600.0000             0.8567          0.0276           0      7.2
CAP-G600-B600-e0.75    96.3888     0.7521        61.2238  3.1446    0.7956    514.0292   490.5264  1627.8165         600.0000             0.8567          0.0262           0      7.5
CAP-G600-B600-e0.9     96.3888     0.7521        61.2238  3.1446    0.7956    514.0292   490.5264  1627.8165         600.0000             0.8567          0.0262           0      7.1
FIX-G1200              83.8082     0.8143        66.2848  2.7418    0.8565   1102.3376   678.5047  2188.7330        1200.0000             0.9186          0.0028           0      7.3
CAP-G1200-B30-e0      249.6160    -0.0051        -0.4180  6.9946    0.2136     68.3548    53.2379  1144.7238         157.5000             0.4340          0.6404           0      7.6
CAP-G1200-B30-e0.25   183.6190     0.3210        26.1319  4.2327    0.6311    403.8381    74.9231  1524.7062         590.4245             0.7287          0.1818           0      7.3
CAP-G1200-B30-e0.5    125.0851     0.6103        49.6795  3.2080    0.7860   1068.5991   102.7618  2200.4101        1200.0000             0.8905          0.0592           0      7.2
CAP-G1200-B30-e0.75    93.1079     0.7683        62.5436  2.7977    0.8481   1107.8369   152.5472  2188.6744        1200.0000             0.9232          0.0180           0      6.9
CAP-G1200-B30-e0.9     84.6024     0.8103        65.9653  2.6963    0.8634   1101.7017   223.6005  2188.5962        1200.0000             0.9181          0.0056           0      7.4
CAP-G1200-B120-e0     245.4610     0.0154         1.2535  5.6405    0.4183    102.6526   102.6526  1167.1733         180.0000             0.5703          0.4169           0      7.4
CAP-G1200-B120-e0.25  168.2712     0.3969        32.3062  3.8655    0.6866    481.5149   102.7618  1594.8302         620.4245             0.7836          0.1161           0      7.6
CAP-G1200-B120-e0.5   113.7574     0.6663        54.2365  3.0122    0.8157   1080.3955   145.6661  2188.7078        1200.0000             0.9003          0.0326           0      7.5
CAP-G1200-B120-e0.75   89.9412     0.7840        63.8175  2.7479    0.8556   1112.4183   219.7274  2188.6743        1200.0000             0.9270          0.0096           0      6.9
CAP-G1200-B120-e0.9    84.0647     0.8130        66.1816  2.7292    0.8584   1102.3097   360.8555  2188.7365        1200.0000             0.9186          0.0039           0      6.7
CAP-G1200-B600-e0     173.8463     0.3693        30.0634  4.0608    0.6571    218.5683   186.1175  1287.1662         300.0000             0.7286          0.1382           0      7.9
CAP-G1200-B600-e0.25  110.5706     0.6820        55.5186  3.1997    0.7873    599.7929   233.2785  1724.9222         780.4245             0.7858          0.0383           0      7.1
CAP-G1200-B600-e0.5    87.2214     0.7974        64.9117  2.7292    0.8584   1085.7617   333.0588  2188.7289        1200.0000             0.9048          0.0112           0      6.9
CAP-G1200-B600-e0.75   83.1198     0.8177        66.5618  2.6808    0.8657   1102.3376   637.8303  2188.8488        1200.0000             0.9186          0.0034           0      7.1
CAP-G1200-B600-e0.9    83.8082     0.8143        66.2848  2.7418    0.8565   1102.3376   678.5047  2188.7330        1200.0000             0.9186          0.0028           0      6.9
## done in 68 s
## 2026-09-19 22:14:17 manifest=423adbc90d3c1ceb9ab9dcaa2cad7ec224c73f9a7c662f98fd15c070ee8730e0 argv=--trace valid --rep 1 --level 0 --set grid --workers 6
[     0s] valid_rep1_L0_grid: k=8 rho_busy=0.4799 (target 0.5) n=17,646,125 weeks=30 selected=None
[     4s] FCFS reproduces the Kiefer-Wolfowitz recursion exactly (max |diff| 0)
[     4s] jobs FCFS would start within 1 s: 17,090,461 (96.9%)
                      w_p99_dl  gap_p99dl  red_p99dl_pct  w_mean  gap_mean  max_excess  harm_wf1s  max_heavy  guar_excess_max  used_over_allowed  qw_forced_frac  bound_viol  sim_sec
policy                                                                                                                                                                               
FCFS                   29.3215     0.0000         0.0000  0.6714    0.0000      0.0000     0.0000   399.0623              inf                NaN          1.0000          -1      1.3
SJF-ref                12.5744     1.0000        57.1153  0.2580    1.0000    582.3123   137.2863   614.2293              inf                NaN          0.0000          -1      1.4
SPJF-tweedie           17.1419     0.7273        41.5381  0.3296    0.8267    619.7311   165.8880   787.5423              inf                NaN          0.0000          -1      1.4
FIX-G300               17.5852     0.7008        40.0262  0.3537    0.7684    184.6593   145.7360   532.4036         300.0000             0.6155          0.0062           0      7.8
CAP-G300-B30-e0        23.2573     0.3621        20.6817  0.5040    0.4049     63.5822    59.8094   406.8025         172.5000             0.3686          0.1793           0      7.9
CAP-G300-B30-e0.25     20.0570     0.5532        31.5961  0.3812    0.7019    148.4003    96.3853   532.3444         300.0000             0.4947          0.0465           0      6.6
CAP-G300-B30-e0.5      18.4169     0.6511        37.1896  0.3555    0.7640    176.8451    97.2657   531.7903         300.0000             0.5895          0.0214           0      7.0
CAP-G300-B30-e0.75     17.6485     0.6970        39.8102  0.3525    0.7713    184.6593    99.0570   532.4036         300.0000             0.6155          0.0093           0      6.6
CAP-G300-B30-e0.9      17.5864     0.7007        40.0220  0.3537    0.7685    184.6593   102.8085   532.4036         300.0000             0.6155          0.0062           0      7.4
CAP-G300-B120-e0       19.6123     0.5798        33.1129  0.4312    0.5810     96.3118    96.3118   429.2650         195.0000             0.4939          0.0592           0      6.7
CAP-G300-B120-e0.25    18.5108     0.6455        36.8693  0.3676    0.7348    159.9763    96.4478   533.5080         300.0000             0.5333          0.0210           0      6.6
CAP-G300-B120-e0.5     17.4976     0.7060        40.3248  0.3525    0.7714    185.2129    99.0570   532.4036         300.0000             0.6174          0.0078           0      8.1
CAP-G300-B120-e0.75    17.5852     0.7008        40.0262  0.3537    0.7684    184.6593   145.7360   532.4036         300.0000             0.6155          0.0062           0      6.8
CAP-G300-B120-e0.9     17.5852     0.7008        40.0262  0.3537    0.7684    184.6593   145.7360   532.4036         300.0000             0.6155          0.0062           0      6.6
CAP-G300-B600-e0       17.5852     0.7008        40.0262  0.3537    0.7684    184.6593   145.7360   532.4036         300.0000             0.6155          0.0062           0      6.5
CAP-G300-B600-e0.25    17.5852     0.7008        40.0262  0.3537    0.7684    184.6593   145.7360   532.4036         300.0000             0.6155          0.0062           0      7.1
CAP-G300-B600-e0.5     17.5852     0.7008        40.0262  0.3537    0.7684    184.6593   145.7360   532.4036         300.0000             0.6155          0.0062           0      7.5
CAP-G300-B600-e0.75    17.5852     0.7008        40.0262  0.3537    0.7684    184.6593   145.7360   532.4036         300.0000             0.6155          0.0062           0      6.8
CAP-G300-B600-e0.9     17.5852     0.7008        40.0262  0.3537    0.7684    184.6593   145.7360   532.4036         300.0000             0.6155          0.0062           0      7.1
FIX-G600               17.2001     0.7238        41.3395  0.3333    0.8177    494.3631   165.8880   656.4250         600.0000             0.8239          0.0003           0      7.0
CAP-G600-B30-e0        23.2573     0.3621        20.6817  0.5040    0.4049     63.5822    59.8094   406.8025         172.5000             0.3686          0.1793           0      6.7
CAP-G600-B30-e0.25     20.0555     0.5533        31.6012  0.3811    0.7021    165.3653    96.3853   553.4475         363.0208             0.4602          0.0465           0      7.3
CAP-G600-B30-e0.5      18.3080     0.6576        37.5610  0.3437    0.7927    319.7214    97.2657   594.9348         600.0000             0.5329          0.0205           0      8.0
CAP-G600-B30-e0.75     17.3107     0.7172        40.9623  0.3331    0.8184    458.6347    99.0570   670.8287         600.0000             0.7644          0.0065           0      7.5
CAP-G600-B30-e0.9      17.2464     0.7210        41.1815  0.3341    0.8158    489.8763   102.8085   702.8419         600.0000             0.8165          0.0009           0      7.2
CAP-G600-B120-e0       19.6123     0.5798        33.1129  0.4312    0.5810     96.3118    96.3118   429.2650         195.0000             0.4939          0.0592           0      6.9
CAP-G600-B120-e0.25    18.5101     0.6456        36.8718  0.3669    0.7365    180.5712    96.4478   543.2150         393.0208             0.4726          0.0210           0      7.1
CAP-G600-B120-e0.5     17.3831     0.7129        40.7153  0.3369    0.8091    359.7613    99.0570   632.0324         600.0000             0.5996          0.0060           0      6.8
CAP-G600-B120-e0.75    17.2372     0.7216        41.2130  0.3341    0.8158    489.8502   145.7642   702.8496         600.0000             0.8164          0.0019           0      6.8
CAP-G600-B120-e0.9     17.2001     0.7238        41.3395  0.3333    0.8177    494.3631   165.8880   656.4250         600.0000             0.8239          0.0003           0      6.6
CAP-G600-B600-e0       17.4593     0.7083        40.4555  0.3505    0.7762    204.2903   150.2708   543.8274         315.0000             0.6485          0.0053           0      7.3
CAP-G600-B600-e0.25    17.2494     0.7209        41.1716  0.3361    0.8112    312.9410   165.8880   588.5704         553.0208             0.6473          0.0033           0      7.4
CAP-G600-B600-e0.5     17.1689     0.7257        41.4459  0.3329    0.8187    483.0707   165.8880   696.4799         600.0000             0.8051          0.0011           0      7.2
CAP-G600-B600-e0.75    17.2001     0.7238        41.3395  0.3333    0.8177    494.3631   165.8880   656.4250         600.0000             0.8239          0.0003           0      6.5
CAP-G600-B600-e0.9     17.2001     0.7238        41.3395  0.3333    0.8177    494.3631   165.8880   656.4250         600.0000             0.8239          0.0003           0      6.3
FIX-G1200              17.1419     0.7273        41.5381  0.3296    0.8267    619.7311   165.8880   787.5423        1200.0000             0.5164          0.0000           0      7.9
CAP-G1200-B30-e0       23.2573     0.3621        20.6817  0.5040    0.4049     63.5822    59.8094   406.8025         172.5000             0.3686          0.1793           0      6.6
CAP-G1200-B30-e0.25    20.0555     0.5533        31.6012  0.3811    0.7021    165.3653    96.3853   553.4475         363.0208             0.4602          0.0465           0      7.2
CAP-G1200-B30-e0.5     18.3080     0.6576        37.5610  0.3437    0.7927    319.7214    97.2657   594.9348         744.0623             0.5180          0.0205           0      7.4
CAP-G1200-B30-e0.75    17.2899     0.7184        41.0332  0.3318    0.8215    608.7731    99.0570   788.6528        1200.0000             0.5073          0.0064           0      7.1
CAP-G1200-B30-e0.9     17.2090     0.7233        41.3091  0.3311    0.8232    614.5248   102.8085   780.6206        1200.0000             0.5121          0.0006           0      6.8
CAP-G1200-B120-e0      19.6123     0.5798        33.1129  0.4312    0.5810     96.3118    96.3118   429.2650         195.0000             0.4939          0.0592           0      6.3
CAP-G1200-B120-e0.25   18.5101     0.6456        36.8718  0.3669    0.7365    180.5712    96.4478   543.2150         393.0208             0.4726          0.0210           0      6.9
CAP-G1200-B120-e0.5    17.3831     0.7129        40.7153  0.3369    0.8091    359.7613    99.0570   632.0324         789.0623             0.5432          0.0060           0      6.9
CAP-G1200-B120-e0.75   17.2040     0.7236        41.3262  0.3313    0.8226    608.7793   145.7642   787.5429        1200.0000             0.5073          0.0018           0      7.3
CAP-G1200-B120-e0.9    17.1419     0.7273        41.5381  0.3296    0.8267    619.7311   165.8880   787.5423        1200.0000             0.5164          0.0000           0      6.9
CAP-G1200-B600-e0      17.4593     0.7083        40.4555  0.3505    0.7762    204.2903   150.2708   543.8274         315.0000             0.6485          0.0053           0      6.8
CAP-G1200-B600-e0.25   17.2494     0.7209        41.1716  0.3361    0.8112    312.9410   165.8880   588.5704         553.0208             0.6473          0.0033           0      6.3
CAP-G1200-B600-e0.5    17.1689     0.7257        41.4459  0.3314    0.8223    548.0649   165.8880   761.6938        1029.0623             0.6734          0.0010           0      7.0
CAP-G1200-B600-e0.75   17.1419     0.7273        41.5381  0.3296    0.8267    619.7311   165.8880   787.5423        1200.0000             0.5164          0.0000           0      6.4
CAP-G1200-B600-e0.9    17.1419     0.7273        41.5381  0.3296    0.8267    619.7311   165.8880   787.5423        1200.0000             0.5164          0.0000           0      6.5
## done in 66 s
## 2026-09-19 22:15:27 manifest=423adbc90d3c1ceb9ab9dcaa2cad7ec224c73f9a7c662f98fd15c070ee8730e0 argv=--trace valid --rep 1 --level 1 --set grid --workers 6
[     0s] valid_rep1_L1_grid: k=5 rho_busy=0.7678 (target 0.8) n=17,646,125 weeks=30 selected=None
[     4s] FCFS reproduces the Kiefer-Wolfowitz recursion exactly (max |diff| 0)
[     4s] jobs FCFS would start within 1 s: 15,998,125 (90.7%)
                      w_p99_dl  gap_p99dl  red_p99dl_pct  w_mean  gap_mean  max_excess  harm_wf1s  max_heavy  guar_excess_max  used_over_allowed  qw_forced_frac  bound_viol  sim_sec
policy                                                                                                                                                                               
FCFS                  120.8107     0.0000         0.0000  3.7918    0.0000      0.0000     0.0000   789.4974              inf                NaN          1.0000          -1      1.3
SJF-ref                35.6278     1.0000        70.5094  1.0390    1.0000   1293.3232   175.9726  1650.3624              inf                NaN          0.0000          -1      1.5
SPJF-tweedie           47.5315     0.8603        60.6562  1.3410    0.8903   1754.0521   488.6251  2110.9956              inf                NaN          0.0000          -1      1.5
FIX-G300               58.9350     0.7264        51.2171  1.8450    0.7072    226.3956   176.5704   929.4682         300.0000             0.7547          0.0537           0      8.7
CAP-G300-B30-e0       116.6568     0.0488         3.4383  3.0139    0.2826     79.3191    61.2451   797.0236         163.5000             0.4851          0.5115           0      7.8
CAP-G300-B30-e0.25     74.8487     0.5396        38.0446  1.9933    0.6533    193.0470    76.6004   929.4494         300.0000             0.6435          0.1173           0      7.0
CAP-G300-B30-e0.5      62.3821     0.6859        48.3637  1.8909    0.6905    223.7852   108.2800   929.4972         300.0000             0.7460          0.0802           0      6.9
CAP-G300-B30-e0.75     58.7209     0.7289        51.3943  1.8412    0.7086    226.3956   162.5192   929.4682         300.0000             0.7547          0.0589           0      7.5
CAP-G300-B30-e0.9      58.9660     0.7260        51.1914  1.8446    0.7074    226.3956   176.5704   929.4682         300.0000             0.7547          0.0538           0      7.4
CAP-G300-B120-e0       94.8679     0.3046        21.4739  2.4695    0.4804    100.8329    77.0456   819.4276         186.0000             0.5421          0.2998           0      6.6
CAP-G300-B120-e0.25    68.3620     0.6157        43.4139  1.9214    0.6794    190.4688   105.7611   929.5389         300.0000             0.6349          0.0797           0      7.2
CAP-G300-B120-e0.5     59.7113     0.7173        50.5744  1.8414    0.7085    226.3956   147.6306   929.4682         300.0000             0.7547          0.0576           0      7.1
CAP-G300-B120-e0.75    58.9350     0.7264        51.2171  1.8446    0.7074    226.3956   176.5704   929.4682         300.0000             0.7547          0.0537           0      7.7
CAP-G300-B120-e0.9     58.9350     0.7264        51.2171  1.8450    0.7072    226.3956   176.5704   929.4682         300.0000             0.7547          0.0537           0      7.4
CAP-G300-B600-e0       58.9350     0.7264        51.2171  1.8450    0.7072    226.3956   176.5704   929.4682         300.0000             0.7547          0.0537           0      7.1
CAP-G300-B600-e0.25    58.9350     0.7264        51.2171  1.8450    0.7072    226.3956   176.5704   929.4682         300.0000             0.7547          0.0537           0      6.9
CAP-G300-B600-e0.5     58.9350     0.7264        51.2171  1.8450    0.7072    226.3956   176.5704   929.4682         300.0000             0.7547          0.0537           0      6.6
CAP-G300-B600-e0.75    58.9350     0.7264        51.2171  1.8450    0.7072    226.3956   176.5704   929.4682         300.0000             0.7547          0.0537           0      6.7
CAP-G300-B600-e0.9     58.9350     0.7264        51.2171  1.8450    0.7072    226.3956   176.5704   929.4682         300.0000             0.7547          0.0537           0      6.9
FIX-G600               49.9141     0.8323        58.6841  1.5154    0.8270    495.4324   465.7481  1150.3382         600.0000             0.8257          0.0062           0      7.7
CAP-G600-B30-e0       116.6568     0.0488         3.4383  3.0139    0.2826     79.3191    61.2451   797.0236         163.5000             0.4851          0.5115           0      7.4
CAP-G600-B30-e0.25     74.1748     0.5475        38.6024  1.9270    0.6774    291.1208    76.6004  1070.5022         481.1985             0.6344          0.1093           0      7.2
CAP-G600-B30-e0.5      58.7008     0.7291        51.4109  1.6143    0.7910    491.3389   108.2800  1229.4562         600.0000             0.8189          0.0433           0      6.6
CAP-G600-B30-e0.75     51.8443     0.8096        57.0863  1.5055    0.8305    491.0326   162.5192  1231.7193         600.0000             0.8184          0.0145           0      6.7
CAP-G600-B30-e0.9      50.0339     0.8309        58.5849  1.5025    0.8316    495.4324   253.0025  1150.3434         600.0000             0.8257          0.0066           0      7.0
CAP-G600-B120-e0       94.8679     0.3046        21.4739  2.4695    0.4804    100.8329    77.0456   819.4276         186.0000             0.5421          0.2998           0      6.7
CAP-G600-B120-e0.25    67.1889     0.6295        44.3850  1.8180    0.7170    326.9816   105.7611  1106.3992         511.1985             0.7038          0.0658           0      7.5
CAP-G600-B120-e0.5     54.4301     0.7793        54.9460  1.5490    0.8148    495.8679   147.6306  1229.4526         600.0000             0.8264          0.0194           0      7.9
CAP-G600-B120-e0.75    50.6537     0.8236        58.0718  1.5028    0.8315    497.0502   232.5542  1229.4245         600.0000             0.8284          0.0077           0      7.0
CAP-G600-B120-e0.9     49.9141     0.8323        58.6841  1.5155    0.8269    495.4324   465.7481  1150.3382         600.0000             0.8257          0.0063           0      7.4
CAP-G600-B600-e0       58.2118     0.7349        51.8157  1.8172    0.7173    226.3956   176.5704   935.4100         306.0000             0.7399          0.0505           0      8.2
CAP-G600-B600-e0.25    52.0719     0.8070        56.8979  1.5539    0.8130    479.2421   246.7661  1263.0805         600.0000             0.7987          0.0140           0      7.4
CAP-G600-B600-e0.5     49.9015     0.8324        58.6945  1.5009    0.8322    486.7833   332.6771  1150.3292         600.0000             0.8113          0.0076           0      7.4
CAP-G600-B600-e0.75    49.9141     0.8323        58.6841  1.5154    0.8270    495.4324   465.7481  1150.3382         600.0000             0.8257          0.0062           0      7.5
CAP-G600-B600-e0.9     49.9141     0.8323        58.6841  1.5154    0.8270    495.4324   465.7481  1150.3382         600.0000             0.8257          0.0062           0      7.4
FIX-G1200              48.0110     0.8546        60.2593  1.3921    0.8718   1082.7986   488.6251  1675.0341        1200.0000             0.9023          0.0006           0      7.5
CAP-G1200-B30-e0      116.6568     0.0488         3.4383  3.0139    0.2826     79.3191    61.2451   797.0236         163.5000             0.4851          0.5115           0      7.1
CAP-G1200-B30-e0.25    74.1748     0.5475        38.6024  1.9270    0.6774    291.1208    76.6004  1070.5022         481.1985             0.6344          0.1093           0      7.1
CAP-G1200-B30-e0.5     58.3802     0.7329        51.6763  1.5752    0.8052    808.1993   108.2800  1592.0635        1116.5955             0.7345          0.0431           0      6.8
CAP-G1200-B30-e0.75    50.7061     0.8230        58.0284  1.3997    0.8690   1095.9277   162.5192  1684.7934        1200.0000             0.9133          0.0132           0      6.9
CAP-G1200-B30-e0.9     48.4221     0.8498        59.9190  1.3931    0.8714   1089.7781   253.0025  1682.9566        1200.0000             0.9081          0.0026           0      6.8
CAP-G1200-B120-e0      94.8679     0.3046        21.4739  2.4695    0.4804    100.8329    77.0456   819.4276         186.0000             0.5421          0.2998           0      7.0
CAP-G1200-B120-e0.25   67.1889     0.6295        44.3850  1.8180    0.7170    326.9816   105.7611  1106.3992         511.1985             0.7038          0.0658           0      7.3
CAP-G1200-B120-e0.5    54.2071     0.7819        55.1305  1.5098    0.8290    853.6015   147.6306  1637.4778        1161.5955             0.7454          0.0190           0      6.9
CAP-G1200-B120-e0.75   49.3584     0.8388        59.1440  1.3862    0.8739   1084.1993   232.5542  1661.9106        1200.0000             0.9035          0.0055           0      6.7
CAP-G1200-B120-e0.9    48.1201     0.8533        60.1690  1.3917    0.8719   1095.7966   465.7481  1663.3700        1200.0000             0.9132          0.0015           0      6.7
CAP-G1200-B600-e0      58.2118     0.7349        51.8157  1.8172    0.7173    226.3956   176.5704   935.4100         306.0000             0.7399          0.0505           0      7.6
CAP-G1200-B600-e0.25   52.0616     0.8071        56.9065  1.5537    0.8130    479.4814   246.7661  1263.2895         671.1985             0.7696          0.0139           0      6.8
CAP-G1200-B600-e0.5    49.0599     0.8423        59.3911  1.4027    0.8679   1044.6492   332.6771  1679.3817        1200.0000             0.8705          0.0063           0      7.3
CAP-G1200-B600-e0.75   48.0743     0.8539        60.2069  1.3860    0.8739   1099.5660   488.6251  1659.4958        1200.0000             0.9163          0.0006           0      7.4
CAP-G1200-B600-e0.9    48.0110     0.8546        60.2593  1.3921    0.8718   1082.7986   488.6251  1675.0341        1200.0000             0.9023          0.0006           0      7.3
## done in 68 s
## 2026-09-19 22:16:37 manifest=423adbc90d3c1ceb9ab9dcaa2cad7ec224c73f9a7c662f98fd15c070ee8730e0 argv=--trace valid --rep 1 --level 2 --set grid --workers 6
[     1s] valid_rep1_L2_grid: k=4 rho_busy=0.9597 (target 1.0) n=17,646,125 weeks=30 selected=None
[     4s] FCFS reproduces the Kiefer-Wolfowitz recursion exactly (max |diff| 0)
[     4s] jobs FCFS would start within 1 s: 15,214,306 (86.2%)
                      w_p99_dl  gap_p99dl  red_p99dl_pct  w_mean  gap_mean  max_excess  harm_wf1s  max_heavy  guar_excess_max  used_over_allowed  qw_forced_frac  bound_viol  sim_sec
policy                                                                                                                                                                               
FCFS                  261.1865     0.0000         0.0000  8.8831    0.0000      0.0000     0.0000  1059.5462              inf                NaN          1.0000          -1      1.3
SJF-ref                46.1729     1.0000        82.3219  1.7711    1.0000   2253.1549   621.2005  2739.9941              inf                NaN          0.0000          -1      1.5
SPJF-tweedie           72.1720     0.8791        72.3677  2.3972    0.9120   2959.7349   633.5771  3430.1342              inf                NaN          0.0000          -1      1.5
FIX-G300              172.2202     0.4138        34.0624  4.4059    0.6295    220.1804   212.0439  1202.8756         300.0000             0.7339          0.1749           0      7.1
CAP-G300-B30-e0       262.6038    -0.0066        -0.5427  7.5078    0.1934     72.6243    62.1085  1067.1418         157.5000             0.4611          0.6878           0      7.4
CAP-G300-B30-e0.25    189.0011     0.3357        27.6375  4.7858    0.5761    216.3882    67.2293  1209.7243         300.0000             0.7213          0.2302           0      7.0
CAP-G300-B30-e0.5     164.4202     0.4500        37.0487  4.4640    0.6214    220.1806   101.3104  1209.6280         300.0000             0.7339          0.1884           0      7.1
CAP-G300-B30-e0.75    167.7442     0.4346        35.7761  4.3827    0.6328    220.1804   212.0439  1202.8756         300.0000             0.7339          0.1797           0      7.9
CAP-G300-B30-e0.9     172.0967     0.4143        34.1096  4.4055    0.6296    220.1804   212.0439  1202.8756         300.0000             0.7339          0.1749           0      7.1
CAP-G300-B120-e0      259.9622     0.0057         0.4687  6.1535    0.3838    111.5208    81.5246  1089.6767         180.0000             0.6196          0.4867           0      7.6
CAP-G300-B120-e0.25   177.4726     0.3893        32.0514  4.5091    0.6150    221.2876   104.9536  1209.6725         300.0000             0.7376          0.1911           0      7.2
CAP-G300-B120-e0.5    166.9106     0.4385        36.0952  4.4062    0.6295    220.1804   171.6147  1202.8756         300.0000             0.7339          0.1795           0      7.2
CAP-G300-B120-e0.75   172.0743     0.4144        34.1182  4.4054    0.6296    220.1804   212.0439  1202.8756         300.0000             0.7339          0.1749           0      6.8
CAP-G300-B120-e0.9    172.2202     0.4138        34.0624  4.4059    0.6295    220.1804   212.0439  1202.8756         300.0000             0.7339          0.1749           0      7.4
CAP-G300-B600-e0      172.2202     0.4138        34.0624  4.4059    0.6295    220.1804   212.0439  1202.8756         300.0000             0.7339          0.1749           0      7.1
CAP-G300-B600-e0.25   172.2202     0.4138        34.0624  4.4059    0.6295    220.1804   212.0439  1202.8756         300.0000             0.7339          0.1749           0      7.4
CAP-G300-B600-e0.5    172.2202     0.4138        34.0624  4.4059    0.6295    220.1804   212.0439  1202.8756         300.0000             0.7339          0.1749           0      6.9
CAP-G300-B600-e0.75   172.2202     0.4138        34.0624  4.4059    0.6295    220.1804   212.0439  1202.8756         300.0000             0.7339          0.1749           0      7.3
CAP-G300-B600-e0.9    172.2202     0.4138        34.0624  4.4059    0.6295    220.1804   212.0439  1202.8756         300.0000             0.7339          0.1749           0      7.9
FIX-G600               94.0532     0.7773        63.9900  3.2981    0.7853    506.9649   473.0284  1502.8314         600.0000             0.8449          0.0322           0      7.5
CAP-G600-B30-e0       262.6038    -0.0066        -0.5427  7.5078    0.1934     72.6243    62.1085  1067.1418         157.5000             0.4611          0.6878           0      7.1
CAP-G600-B30-e0.25    182.2373     0.3672        30.2271  4.4678    0.6208    370.2101    67.2293  1424.9547         563.2569             0.7541          0.1876           0      6.8
CAP-G600-B30-e0.5     124.0487     0.6378        52.5057  3.5466    0.7504    509.0218   101.3104  1502.8757         600.0000             0.8484          0.0650           0      6.9
CAP-G600-B30-e0.75     98.0174     0.7589        62.4722  3.2500    0.7921    506.9652   216.8147  1502.8561         600.0000             0.8449          0.0399           0      7.1
CAP-G600-B30-e0.9      95.5056     0.7706        63.4339  3.2820    0.7876    506.9642   358.9207  1502.9062         600.0000             0.8449          0.0322           0      6.9
CAP-G600-B120-e0      259.9622     0.0057         0.4687  6.1535    0.3838    111.5208    81.5246  1089.6767         180.0000             0.6196          0.4867           0      7.3
CAP-G600-B120-e0.25   164.0521     0.4518        37.1897  4.0717    0.6765    401.8741   104.9536  1454.8853         593.2569             0.7208          0.1285           0      6.7
CAP-G600-B120-e0.5    114.1581     0.6838        56.2925  3.4192    0.7683    508.2685   171.6147  1502.8510         600.0000             0.8471          0.0463           0      7.3
CAP-G600-B120-e0.75    96.7614     0.7647        62.9531  3.2753    0.7885    515.4923   293.2911  1518.2643         600.0000             0.8592          0.0376           0      7.4
CAP-G600-B120-e0.9     94.0901     0.7771        63.9759  3.2980    0.7853    506.9649   473.0284  1502.8314         600.0000             0.8449          0.0323           0      6.9
CAP-G600-B600-e0      172.2202     0.4138        34.0624  4.4059    0.6295    220.1804   212.0439  1202.8756         300.0000             0.7339          0.1749           0      7.5
CAP-G600-B600-e0.25   112.5124     0.6915        56.9226  3.4080    0.7698    507.3250   283.4579  1502.8933         600.0000             0.8455          0.0466           0      7.1
CAP-G600-B600-e0.5     94.5354     0.7751        63.8054  3.2525    0.7917    506.9653   358.9207  1502.8969         600.0000             0.8449          0.0340           0      7.2
CAP-G600-B600-e0.75    94.0532     0.7773        63.9900  3.2981    0.7853    506.9649   473.0284  1502.8314         600.0000             0.8449          0.0322           0      7.3
CAP-G600-B600-e0.9     94.0532     0.7773        63.9900  3.2981    0.7853    506.9649   473.0284  1502.8314         600.0000             0.8449          0.0322           0      8.3
FIX-G1200              79.4313     0.8453        69.5883  2.7704    0.8595   1099.1705   633.5771  1985.9134        1200.0000             0.9160          0.0021           0      7.0
CAP-G1200-B30-e0      262.6038    -0.0066        -0.5427  7.5078    0.1934     72.6243    62.1085  1067.1418         157.5000             0.4611          0.6878           0      7.7
CAP-G1200-B30-e0.25   182.2373     0.3672        30.2271  4.4678    0.6208    370.2101    67.2293  1424.9547         563.2569             0.7541          0.1876           0      7.4
CAP-G1200-B30-e0.5    119.6238     0.6584        54.1999  3.3154    0.7829   1056.5168   101.3104  2107.4505        1200.0000             0.8804          0.0569           0      7.0
CAP-G1200-B30-e0.75    86.3273     0.8132        66.9480  2.7781    0.8584   1105.8711   216.8147  2102.8607        1200.0000             0.9216          0.0161           0      6.6
CAP-G1200-B30-e0.9     80.7820     0.8390        69.0712  2.7468    0.8628   1108.8573   358.9207  1985.9143        1200.0000             0.9240          0.0044           0      6.7
CAP-G1200-B120-e0     259.9622     0.0057         0.4687  6.1535    0.3838    111.5208    81.5246  1089.6767         180.0000             0.6196          0.4867           0      7.5
CAP-G1200-B120-e0.25  164.0521     0.4518        37.1897  4.0717    0.6765    401.8741   104.9536  1454.8853         593.2569             0.7208          0.1285           0      7.2
CAP-G1200-B120-e0.5   110.3104     0.7017        57.7657  3.1191    0.8105   1052.1730   171.6147  2102.8926        1200.0000             0.8768          0.0342           0      7.4
CAP-G1200-B120-e0.75   84.5138     0.8217        67.6424  2.7582    0.8612   1132.7175   293.2911  2155.4362        1200.0000             0.9439          0.0083           0      6.9
CAP-G1200-B120-e0.9    79.7521     0.8438        69.4655  2.7516    0.8621   1099.1648   497.4670  1985.9144        1200.0000             0.9160          0.0030           0      7.1
CAP-G1200-B600-e0     172.2202     0.4138        34.0624  4.4059    0.6295    220.1804   212.0439  1202.8756         300.0000             0.7339          0.1749           0      7.1
CAP-G1200-B600-e0.25  112.5062     0.6915        56.9249  3.3883    0.7726    576.5324   283.4579  1627.5424         753.2569             0.8234          0.0454           0      7.4
CAP-G1200-B600-e0.5    84.0872     0.8237        67.8057  2.7318    0.8649   1092.8729   358.9207  2103.0994        1200.0000             0.9107          0.0092           0      7.5
CAP-G1200-B600-e0.75   78.7246     0.8486        69.8588  2.7208    0.8665   1106.0013   607.8810  1985.9129        1200.0000             0.9217          0.0024           0      6.9
CAP-G1200-B600-e0.9    79.4313     0.8453        69.5883  2.7704    0.8595   1099.1705   633.5771  1985.9134        1200.0000             0.9160          0.0021           0      8.0
## done in 68 s
## 2026-09-19 22:17:47 manifest=423adbc90d3c1ceb9ab9dcaa2cad7ec224c73f9a7c662f98fd15c070ee8730e0 argv=--trace valid --rep 2 --level 0 --set grid --workers 6
[     0s] valid_rep2_L0_grid: k=8 rho_busy=0.4964 (target 0.5) n=17,646,125 weeks=30 selected=None
[     4s] FCFS reproduces the Kiefer-Wolfowitz recursion exactly (max |diff| 0)
[     4s] jobs FCFS would start within 1 s: 17,123,126 (97.0%)
                      w_p99_dl  gap_p99dl  red_p99dl_pct  w_mean  gap_mean  max_excess  harm_wf1s  max_heavy  guar_excess_max  used_over_allowed  qw_forced_frac  bound_viol  sim_sec
policy                                                                                                                                                                               
FCFS                   26.1892     0.0000         0.0000  0.6412    0.0000      0.0000     0.0000   594.7875              inf                NaN          1.0000          -1      1.3
SJF-ref                10.5167     1.0000        59.8434  0.2220    1.0000    644.9932   170.3398   932.9601              inf                NaN          0.0000          -1      1.3
SPJF-tweedie           14.5701     0.7414        44.3660  0.2846    0.8507   1019.5449   121.5563  1276.3113              inf                NaN          0.0000          -1      1.4
FIX-G300               14.8868     0.7212        43.1568  0.3276    0.7482    181.4389   121.5563   762.1915         300.0000             0.6048          0.0077           0      8.0
CAP-G300-B30-e0        19.1891     0.4467        26.7291  0.4846    0.3736     62.0598    55.4027   602.1943         172.5000             0.3598          0.1937           0      7.6
CAP-G300-B30-e0.25     16.8675     0.5948        35.5935  0.3539    0.6853    175.0381    66.2255   758.5228         300.0000             0.5835          0.0426           0      8.0
CAP-G300-B30-e0.5      15.5206     0.6807        40.7364  0.3313    0.7393    175.6764    78.1973   762.1637         300.0000             0.5856          0.0203           0      6.8
CAP-G300-B30-e0.75     14.9373     0.7179        42.9640  0.3270    0.7496    181.4389    78.1973   762.1915         300.0000             0.6048          0.0105           0      8.0
CAP-G300-B30-e0.9      14.8868     0.7212        43.1568  0.3276    0.7482    181.4389   100.6035   762.1915         300.0000             0.6048          0.0077           0      7.2
CAP-G300-B120-e0       16.5389     0.6157        36.8484  0.4120    0.5469     84.2823    72.1790   624.8549         195.0000             0.4322          0.0652           0      7.5
CAP-G300-B120-e0.25    15.4448     0.6856        41.0260  0.3364    0.7271    175.6607    78.1973   762.1480         300.0000             0.5855          0.0199           0      7.1
CAP-G300-B120-e0.5     14.9084     0.7198        43.0741  0.3278    0.7476    176.3687   100.4077   762.1915         300.0000             0.5879          0.0089           0      7.6
CAP-G300-B120-e0.75    14.8868     0.7212        43.1568  0.3276    0.7482    181.4389   121.5563   762.1915         300.0000             0.6048          0.0077           0      7.0
CAP-G300-B120-e0.9     14.8868     0.7212        43.1568  0.3276    0.7482    181.4389   121.5563   762.1915         300.0000             0.6048          0.0077           0      7.0
CAP-G300-B600-e0       14.8868     0.7212        43.1568  0.3276    0.7482    181.4389   121.5563   762.1915         300.0000             0.6048          0.0077           0     10.9
CAP-G300-B600-e0.25    14.8868     0.7212        43.1568  0.3276    0.7482    181.4389   121.5563   762.1915         300.0000             0.6048          0.0077           0      7.5
CAP-G300-B600-e0.5     14.8868     0.7212        43.1568  0.3276    0.7482    181.4389   121.5563   762.1915         300.0000             0.6048          0.0077           0      7.2
CAP-G300-B600-e0.75    14.8868     0.7212        43.1568  0.3276    0.7482    181.4389   121.5563   762.1915         300.0000             0.6048          0.0077           0      6.7
CAP-G300-B600-e0.9     14.8868     0.7212        43.1568  0.3276    0.7482    181.4389   121.5563   762.1915         300.0000             0.6048          0.0077           0      7.3
FIX-G600               14.6881     0.7338        43.9153  0.2940    0.8282    480.9385   121.5563   899.7877         600.0000             0.8016          0.0005           0      6.9
CAP-G600-B30-e0        19.1891     0.4467        26.7291  0.4846    0.3736     62.0598    55.4027   602.1943         172.5000             0.3598          0.1937           0      8.8
CAP-G600-B30-e0.25     16.8417     0.5964        35.6922  0.3493    0.6965    256.6801    66.2255   821.4819         428.2625             0.6188          0.0413           0      6.5
CAP-G600-B30-e0.5      15.4043     0.6881        41.1805  0.3014    0.8106    465.6042    78.1973   946.3539         600.0000             0.7760          0.0169           0      6.8
CAP-G600-B30-e0.75     14.7312     0.7311        43.7509  0.2916    0.8339    467.1766    78.1973   883.2415         600.0000             0.7786          0.0051           0      7.4
CAP-G600-B30-e0.9      14.6777     0.7345        43.9552  0.2937    0.8289    481.5826   100.6035   899.7838         600.0000             0.8026          0.0006           0      7.2
CAP-G600-B120-e0       16.5389     0.6157        36.8484  0.4120    0.5469     84.2823    72.1790   624.8549         195.0000             0.4322          0.0652           0      7.3
CAP-G600-B120-e0.25    15.4234     0.6869        41.1076  0.3246    0.7552    269.5201    78.1973   848.5519         458.2625             0.6060          0.0182           0      7.7
CAP-G600-B120-e0.5     14.7451     0.7302        43.6978  0.2920    0.8331    483.7033   100.4077   975.3940         600.0000             0.8062          0.0042           0      8.5
CAP-G600-B120-e0.75    14.6857     0.7340        43.9246  0.2930    0.8307    481.3137   121.5563   916.2352         600.0000             0.8022          0.0017           0      6.5
CAP-G600-B120-e0.9     14.6881     0.7338        43.9153  0.2940    0.8282    480.9385   121.5563   899.7877         600.0000             0.8016          0.0005           0      7.1
CAP-G600-B600-e0       14.8806     0.7216        43.1804  0.3263    0.7511    204.3668   121.5563   752.3216         315.0000             0.6488          0.0065           0      6.8
CAP-G600-B600-e0.25    14.7324     0.7310        43.7463  0.2981    0.8185    404.9340   121.5563   919.0412         600.0000             0.6935          0.0032           0      6.9
CAP-G600-B600-e0.5     14.6661     0.7352        43.9996  0.2925    0.8319    494.1063   121.5563   906.9877         600.0000             0.8235          0.0010           0      7.6
CAP-G600-B600-e0.75    14.6881     0.7338        43.9153  0.2940    0.8282    480.9385   121.5563   899.7877         600.0000             0.8016          0.0005           0      7.5
CAP-G600-B600-e0.9     14.6881     0.7338        43.9153  0.2940    0.8282    480.9385   121.5563   899.7877         600.0000             0.8016          0.0005           0      7.1
FIX-G1200              14.5701     0.7414        44.3660  0.2846    0.8507   1019.5449   121.5563  1276.3113        1200.0000             0.8496          0.0000           0      7.3
CAP-G1200-B30-e0       19.1891     0.4467        26.7291  0.4846    0.3736     62.0598    55.4027   602.1943         172.5000             0.3598          0.1937           0      6.8
CAP-G1200-B30-e0.25    16.8417     0.5964        35.6922  0.3493    0.6965    256.6801    66.2255   821.4819         428.2625             0.6188          0.0413           0      7.3
CAP-G1200-B30-e0.5     15.3813     0.6896        41.2685  0.3009    0.8118    546.8116    78.1973  1038.5267         939.7875             0.6536          0.0169           0      7.0
CAP-G1200-B30-e0.75    14.7083     0.7326        43.8383  0.2867    0.8457    928.0915    78.1973  1185.5062        1200.0000             0.7734          0.0049           0      6.8
CAP-G1200-B30-e0.9     14.5745     0.7411        44.3492  0.2839    0.8523   1024.5434   100.6035  1281.7632        1200.0000             0.8538          0.0001           0      7.3
CAP-G1200-B120-e0      16.5389     0.6157        36.8484  0.4120    0.5469     84.2823    72.1790   624.8549         195.0000             0.4322          0.0652           0      7.4
CAP-G1200-B120-e0.25   15.4234     0.6869        41.1076  0.3246    0.7552    269.5201    78.1973   848.5519         458.2625             0.6060          0.0182           0      7.1
CAP-G1200-B120-e0.5    14.7432     0.7303        43.7050  0.2911    0.8351    578.4531   100.4077  1070.2133         984.7875             0.6561          0.0042           0      6.9
CAP-G1200-B120-e0.75   14.6083     0.7389        44.2200  0.2853    0.8491   1003.3303   121.5563  1287.3362        1200.0000             0.8361          0.0014           0      6.7
CAP-G1200-B120-e0.9    14.5701     0.7414        44.3660  0.2846    0.8507   1019.5449   121.5563  1276.3113        1200.0000             0.8496          0.0000           0      7.2
CAP-G1200-B600-e0      14.8806     0.7216        43.1804  0.3263    0.7511    204.3668   121.5563   752.3216         315.0000             0.6488          0.0065           0      7.5
CAP-G1200-B600-e0.25   14.7324     0.7310        43.7463  0.2981    0.8185    404.9340   121.5563   919.0412         618.2625             0.6935          0.0032           0      6.7
CAP-G1200-B600-e0.5    14.6038     0.7392        44.2372  0.2874    0.8439    690.0595   121.5563  1098.0550        1200.0000             0.6825          0.0008           0      7.6
CAP-G1200-B600-e0.75   14.5701     0.7414        44.3660  0.2846    0.8507   1019.5449   121.5563  1276.3113        1200.0000             0.8496          0.0000           0      7.3
CAP-G1200-B600-e0.9    14.5701     0.7414        44.3660  0.2846    0.8507   1019.5449   121.5563  1276.3113        1200.0000             0.8496          0.0000           0      7.2
## done in 72 s
## 2026-09-19 22:19:02 manifest=423adbc90d3c1ceb9ab9dcaa2cad7ec224c73f9a7c662f98fd15c070ee8730e0 argv=--trace valid --rep 2 --level 1 --set grid --workers 6
[     0s] valid_rep2_L1_grid: k=5 rho_busy=0.7943 (target 0.8) n=17,646,125 weeks=30 selected=None
[     4s] FCFS reproduces the Kiefer-Wolfowitz recursion exactly (max |diff| 0)
[     4s] jobs FCFS would start within 1 s: 15,977,919 (90.5%)
                      w_p99_dl  gap_p99dl  red_p99dl_pct  w_mean  gap_mean  max_excess  harm_wf1s  max_heavy  guar_excess_max  used_over_allowed  qw_forced_frac  bound_viol  sim_sec
policy                                                                                                                                                                               
FCFS                  109.0342     0.0000         0.0000  3.7019    0.0000      0.0000     0.0000  1160.7403              inf                NaN          1.0000          -1      1.3
SJF-ref                37.2474     1.0000        65.8388  1.0891    1.0000   1373.9181   483.7447  1995.5555              inf                NaN          0.0000          -1      1.4
SPJF-tweedie           47.9743     0.8506        56.0007  1.3774    0.8897   2015.3040   261.7017  2451.4769              inf                NaN          0.0000          -1      1.4
FIX-G300               55.6924     0.7431        48.9221  1.9164    0.6834    216.7160   162.1464  1304.8900         300.0000             0.7224          0.0620           0      7.1
CAP-G300-B30-e0       102.7579     0.0874         5.7563  2.9519    0.2871     83.2454    61.8217  1168.2620         163.5000             0.5091          0.4912           0      8.6
CAP-G300-B30-e0.25     70.5614     0.5359        35.2851  2.0603    0.6283    189.3339    75.4415  1314.3938         300.0000             0.6421          0.1263           0      8.7
CAP-G300-B30-e0.5      59.0029     0.6969        45.8859  1.9609    0.6663    226.5810    83.6062  1304.9760         300.0000             0.7553          0.0863           0      7.1
CAP-G300-B30-e0.75     55.8584     0.7407        48.7699  1.9176    0.6829    216.7160   115.5911  1304.8900         300.0000             0.7224          0.0667           0      7.5
CAP-G300-B30-e0.9      55.7130     0.7428        48.9032  1.9161    0.6835    216.7160   154.7184  1304.8900         300.0000             0.7224          0.0622           0      6.9
CAP-G300-B120-e0       85.0176     0.3346        22.0267  2.4910    0.4635    100.4031    81.0413  1190.7672         186.0000             0.5398          0.2948           0      6.7
CAP-G300-B120-e0.25    63.6566     0.6321        41.6178  2.0150    0.6456    194.6972    83.6062  1314.3950         300.0000             0.6490          0.0900           0      7.9
CAP-G300-B120-e0.5     57.2628     0.7212        47.4818  1.9200    0.6820    220.0020   115.5631  1304.8900         300.0000             0.7333          0.0660           0      7.7
CAP-G300-B120-e0.75    55.7318     0.7425        48.8859  1.9164    0.6834    216.7160   154.9043  1304.8900         300.0000             0.7224          0.0621           0      6.9
CAP-G300-B120-e0.9     55.6924     0.7431        48.9221  1.9164    0.6834    216.7160   162.1464  1304.8900         300.0000             0.7224          0.0620           0      6.8
CAP-G300-B600-e0       55.6924     0.7431        48.9221  1.9164    0.6834    216.7160   162.1464  1304.8900         300.0000             0.7224          0.0620           0      7.7
CAP-G300-B600-e0.25    55.6924     0.7431        48.9221  1.9164    0.6834    216.7160   162.1464  1304.8900         300.0000             0.7224          0.0620           0      6.4
CAP-G300-B600-e0.5     55.6924     0.7431        48.9221  1.9164    0.6834    216.7160   162.1464  1304.8900         300.0000             0.7224          0.0620           0      7.3
CAP-G300-B600-e0.75    55.6924     0.7431        48.9221  1.9164    0.6834    216.7160   162.1464  1304.8900         300.0000             0.7224          0.0620           0      6.8
CAP-G300-B600-e0.9     55.6924     0.7431        48.9221  1.9164    0.6834    216.7160   162.1464  1304.8900         300.0000             0.7224          0.0620           0      6.8
FIX-G600               50.1115     0.8208        54.0406  1.5944    0.8066    502.3553   261.7017  1649.6121         600.0000             0.8373          0.0083           0      7.3
CAP-G600-B30-e0       102.7579     0.0874         5.7563  2.9519    0.2871     83.2454    61.8217  1168.2620         163.5000             0.5091          0.4912           0      7.2
CAP-G600-B30-e0.25     69.4812     0.5510        36.2758  1.9421    0.6735    430.2460    75.4415  1587.3059         600.0000             0.7171          0.1043           0      7.7
CAP-G600-B30-e0.5      55.9134     0.7400        48.7194  1.6583    0.7822    489.0681    83.6062  1649.0373         600.0000             0.8151          0.0442           0      6.8
CAP-G600-B30-e0.75     51.3944     0.8029        52.8640  1.5880    0.8090    492.1950   115.5911  1644.3369         600.0000             0.8203          0.0164           0      6.9
CAP-G600-B30-e0.9      50.2741     0.8185        53.8914  1.5907    0.8080    502.3553   154.7184  1649.5686         600.0000             0.8373          0.0086           0      6.8
CAP-G600-B120-e0       85.0176     0.3346        22.0267  2.4910    0.4635    100.4031    81.0413  1190.7672         186.0000             0.5398          0.2948           0      7.1
CAP-G600-B120-e0.25    62.4665     0.6487        42.7093  1.8581    0.7057    479.2067    83.6062  1589.1584         600.0000             0.7987          0.0656           0      7.2
CAP-G600-B120-e0.5     53.7292     0.7704        50.7226  1.5980    0.8052    488.7997   115.5631  1649.5400         600.0000             0.8147          0.0194           0      7.2
CAP-G600-B120-e0.75    50.5720     0.8144        53.6182  1.5800    0.8121    502.3686   154.9043  1649.5602         600.0000             0.8373          0.0097           0      7.3
CAP-G600-B120-e0.9     50.1115     0.8208        54.0406  1.5944    0.8066    502.3553   261.7017  1649.6121         600.0000             0.8373          0.0085           0      7.0
CAP-G600-B600-e0       55.4451     0.7465        49.1489  1.8984    0.6902    216.7346   162.2086  1318.0638         306.0000             0.7083          0.0597           0      6.7
CAP-G600-B600-e0.25    51.3573     0.8034        52.8980  1.5800    0.8121    485.8629   214.0534  1636.9278         600.0000             0.8098          0.0133           0      7.2
CAP-G600-B600-e0.5     50.1413     0.8204        54.0133  1.5837    0.8107    502.3873   261.7017  1638.1389         600.0000             0.8373          0.0097           0      7.3
CAP-G600-B600-e0.75    50.1115     0.8208        54.0406  1.5944    0.8066    502.3553   261.7017  1649.6121         600.0000             0.8373          0.0083           0      7.6
CAP-G600-B600-e0.9     50.1115     0.8208        54.0406  1.5944    0.8066    502.3553   261.7017  1649.6121         600.0000             0.8373          0.0083           0      7.5
FIX-G1200              49.0710     0.8353        54.9948  1.4591    0.8584   1099.2912   261.7017  2020.8589        1200.0000             0.9161          0.0009           0      6.9
CAP-G1200-B30-e0      102.7579     0.0874         5.7563  2.9519    0.2871     83.2454    61.8217  1168.2620         163.5000             0.5091          0.4912           0      7.5
CAP-G1200-B30-e0.25    69.4812     0.5510        36.2758  1.9421    0.6735    430.2460    75.4415  1587.3059         609.4243             0.7094          0.1043           0      7.2
CAP-G1200-B30-e0.5     55.3444     0.7479        49.2412  1.5843    0.8105   1087.0619    83.6062  2158.5457        1200.0000             0.9059          0.0421           0      7.0
CAP-G1200-B30-e0.75    50.8483     0.8105        53.3648  1.4649    0.8562   1075.2629   115.5911  1982.6056        1200.0000             0.8961          0.0126           0      7.0
CAP-G1200-B30-e0.9     49.2971     0.8321        54.7875  1.4580    0.8588   1099.2812   154.7184  2027.1144        1200.0000             0.9161          0.0026           0      6.8
CAP-G1200-B120-e0      85.0176     0.3346        22.0267  2.4910    0.4635    100.4031    81.0413  1190.7672         186.0000             0.5398          0.2948           0      7.2
CAP-G1200-B120-e0.25   62.4665     0.6487        42.7093  1.8581    0.7057    479.2067    83.6062  1589.1584         639.4243             0.7589          0.0656           0      7.6
CAP-G1200-B120-e0.5    53.1908     0.7779        51.2164  1.5145    0.8372   1087.0803   115.5631  2158.5458        1200.0000             0.9059          0.0166           0      7.4
CAP-G1200-B120-e0.75   49.6767     0.8269        54.4393  1.4486    0.8624   1117.6839   154.9043  2048.4229        1200.0000             0.9314          0.0058           0      7.2
CAP-G1200-B120-e0.9    49.1299     0.8345        54.9409  1.4551    0.8599   1099.8337   261.7017  2003.2482        1200.0000             0.9165          0.0017           0      7.2
CAP-G1200-B600-e0      55.4451     0.7465        49.1489  1.8984    0.6902    216.7346   162.2086  1318.0638         306.0000             0.7083          0.0597           0      6.6
CAP-G1200-B600-e0.25   51.3061     0.8042        52.9449  1.5675    0.8169    627.2403   214.0534  1748.3390         799.4243             0.8198          0.0129           0      7.3
CAP-G1200-B600-e0.5    49.3268     0.8317        54.7603  1.4492    0.8622   1087.0623   261.7017  2158.5463        1200.0000             0.9059          0.0061           0      6.6
CAP-G1200-B600-e0.75   49.0451     0.8357        55.0186  1.4351    0.8676   1090.9852   261.7017  1987.7569        1200.0000             0.9092          0.0008           0      6.6
CAP-G1200-B600-e0.9    49.0710     0.8353        54.9948  1.4591    0.8584   1099.2912   261.7017  2020.8589        1200.0000             0.9161          0.0009           0      7.2
## done in 68 s
## 2026-09-19 22:20:13 manifest=423adbc90d3c1ceb9ab9dcaa2cad7ec224c73f9a7c662f98fd15c070ee8730e0 argv=--trace valid --rep 2 --level 2 --set grid --workers 6
[     0s] valid_rep2_L2_grid: k=4 rho_busy=0.9928 (target 1.0) n=17,646,125 weeks=30 selected=None
[     4s] FCFS reproduces the Kiefer-Wolfowitz recursion exactly (max |diff| 0)
[     4s] jobs FCFS would start within 1 s: 15,207,278 (86.2%)
                      w_p99_dl  gap_p99dl  red_p99dl_pct  w_mean  gap_mean  max_excess  harm_wf1s  max_heavy  guar_excess_max  used_over_allowed  qw_forced_frac  bound_viol  sim_sec
policy                                                                                                                                                                               
FCFS                  212.4606     0.0000         0.0000  8.1651    0.0000      0.0000     0.0000  1536.3720              inf                NaN          1.0000          -1      1.2
SJF-ref                45.1214     1.0000        78.7625  1.7251    1.0000   2122.3331   297.1641  3013.5891              inf                NaN          0.0000          -1      1.4
SPJF-tweedie           67.6752     0.8652        68.1469  2.3160    0.9083   2985.8313  1339.3417  3573.3036              inf                NaN          0.0000          -1      1.4
FIX-G300              128.1828     0.5036        39.6675  4.0936    0.6322    217.8928   184.1842  1686.5704         300.0000             0.7263          0.1631           0      7.5
CAP-G300-B30-e0       214.1774    -0.0103        -0.8081  6.8072    0.2108     66.9800    62.0775  1543.8465         157.5000             0.4253          0.6563           0      8.2
CAP-G300-B30-e0.25    157.5106     0.3284        25.8636  4.4972    0.5695    219.9526    77.1911  1694.0914         300.0000             0.7332          0.2262           0      7.6
CAP-G300-B30-e0.5     127.5737     0.5073        39.9542  4.1672    0.6208    214.5443   122.7405  1686.5338         300.0000             0.7151          0.1742           0      7.0
CAP-G300-B30-e0.75    124.6855     0.5245        41.3136  4.0972    0.6317    217.7243   177.5186  1686.5704         300.0000             0.7257          0.1662           0      7.2
CAP-G300-B30-e0.9     127.7659     0.5061        39.8637  4.0942    0.6321    217.8928   184.1842  1686.5704         300.0000             0.7263          0.1632           0      6.7
CAP-G300-B120-e0      207.9215     0.0271         2.1364  5.6050    0.3975    103.2432    81.2808  1566.6221         180.0000             0.5736          0.4605           0      6.9
CAP-G300-B120-e0.25   144.4203     0.4066        32.0249  4.2490    0.6081    222.1018   122.5641  1686.5580         300.0000             0.7403          0.1814           0      7.6
CAP-G300-B120-e0.5    126.0356     0.5165        40.6781  4.0885    0.6330    224.1027   159.6049  1686.5704         300.0000             0.7470          0.1648           0      8.0
CAP-G300-B120-e0.75   128.1372     0.5039        39.6890  4.0935    0.6322    217.8928   184.1842  1686.5704         300.0000             0.7263          0.1631           0      7.1
CAP-G300-B120-e0.9    128.1828     0.5036        39.6675  4.0936    0.6322    217.8928   184.1842  1686.5704         300.0000             0.7263          0.1631           0      7.5
CAP-G300-B600-e0      128.1828     0.5036        39.6675  4.0936    0.6322    217.8928   184.1842  1686.5704         300.0000             0.7263          0.1631           0      7.1
CAP-G300-B600-e0.25   128.1828     0.5036        39.6675  4.0936    0.6322    217.8928   184.1842  1686.5704         300.0000             0.7263          0.1631           0      8.3
CAP-G300-B600-e0.5    128.1828     0.5036        39.6675  4.0936    0.6322    217.8928   184.1842  1686.5704         300.0000             0.7263          0.1631           0      7.0
CAP-G300-B600-e0.75   128.1828     0.5036        39.6675  4.0936    0.6322    217.8928   184.1842  1686.5704         300.0000             0.7263          0.1631           0      7.6
CAP-G300-B600-e0.9    128.1828     0.5036        39.6675  4.0936    0.6322    217.8928   184.1842  1686.5704         300.0000             0.7263          0.1631           0      7.4
FIX-G600               80.9925     0.7856        61.8788  3.1992    0.7711    507.7876   470.7181  1990.2357         600.0000             0.8463          0.0308           0      7.6
CAP-G600-B30-e0       214.1774    -0.0103        -0.8081  6.8072    0.2108     66.9800    62.0775  1543.8465         157.5000             0.4253          0.6563           0      7.3
CAP-G600-B30-e0.25    151.9805     0.3614        28.4665  4.1453    0.6242    488.8702    77.1911  1989.0763         600.0000             0.8148          0.1756           0      7.2
CAP-G600-B30-e0.5     105.7601     0.6376        50.2213  3.4027    0.7395    501.5399   122.7405  1999.2713         600.0000             0.8359          0.0654           0      7.0
CAP-G600-B30-e0.75     86.6876     0.7516        59.1983  3.1580    0.7775    507.7139   177.5186  1990.0287         600.0000             0.8462          0.0363           0      7.5
CAP-G600-B30-e0.9      82.3208     0.7777        61.2536  3.2040    0.7704    508.9929   276.3648  1990.2357         600.0000             0.8483          0.0312           0      7.9
CAP-G600-B120-e0      207.9215     0.0271         2.1364  5.6050    0.3975    103.2432    81.2808  1566.6221         180.0000             0.5736          0.4605           0      6.9
CAP-G600-B120-e0.25   135.3526     0.4608        36.2929  3.7774    0.6813    508.5426   122.5641  2016.2274         600.0000             0.8476          0.1151           0      7.4
CAP-G600-B120-e0.5     97.4210     0.6875        54.1463  3.2658    0.7608    507.7872   159.6049  1989.4233         600.0000             0.8463          0.0465           0      7.0
CAP-G600-B120-e0.75    83.6168     0.7700        60.6436  3.1658    0.7763    507.7876   219.5271  1990.1465         600.0000             0.8463          0.0320           0      6.9
CAP-G600-B120-e0.9     81.0217     0.7855        61.8651  3.1993    0.7711    507.7876   470.7181  1990.2357         600.0000             0.8463          0.0308           0      7.6
CAP-G600-B600-e0      128.1828     0.5036        39.6675  4.0936    0.6322    217.8928   184.1842  1686.5704         300.0000             0.7263          0.1631           0      7.6
CAP-G600-B600-e0.25    92.1933     0.7187        56.6069  3.2667    0.7606    507.6031   239.0888  1989.9866         600.0000             0.8460          0.0445           0      7.3
CAP-G600-B600-e0.5     81.8425     0.7806        61.4787  3.1650    0.7764    507.7870   341.0381  1990.0347         600.0000             0.8463          0.0314           0      6.8
CAP-G600-B600-e0.75    80.9925     0.7856        61.8788  3.1992    0.7711    507.7876   470.7181  1990.2357         600.0000             0.8463          0.0308           0      7.2
CAP-G600-B600-e0.9     80.9925     0.7856        61.8788  3.1992    0.7711    507.7876   470.7181  1990.2357         600.0000             0.8463          0.0308           0      7.5
FIX-G1200              72.8262     0.8344        65.7225  2.7601    0.8393   1105.1093  1075.1785  2583.5877        1200.0000             0.9209          0.0033           0      6.8
CAP-G1200-B30-e0      214.1774    -0.0103        -0.8081  6.8072    0.2108     66.9800    62.0775  1543.8465         157.5000             0.4253          0.6563           0      7.5
CAP-G1200-B30-e0.25   151.8262     0.3623        28.5391  4.1424    0.6247    547.5730    77.1911  2066.2087         724.7391             0.7756          0.1752           0      7.5
CAP-G1200-B30-e0.5    102.7632     0.6555        51.6319  3.0997    0.7866   1082.6490   122.7405  2589.9568        1200.0000             0.9022          0.0532           0      7.4
CAP-G1200-B30-e0.75    79.3428     0.7955        62.6553  2.7119    0.8468   1109.0849   177.5186  2590.1477        1200.0000             0.9242          0.0163           0      6.9
CAP-G1200-B30-e0.9     74.3860     0.8251        64.9883  2.7438    0.8418   1102.8903   276.3648  2583.6440        1200.0000             0.9191          0.0052           0      7.1
CAP-G1200-B120-e0     207.9215     0.0271         2.1364  5.6050    0.3975    103.2432    81.2808  1566.6221         180.0000             0.5736          0.4605           0      7.4
CAP-G1200-B120-e0.25  135.0716     0.4625        36.4251  3.7691    0.6826    575.0338   122.5641  2087.3695         754.7391             0.7845          0.1143           0      6.8
CAP-G1200-B120-e0.5    93.2371     0.7125        56.1156  2.8839    0.8201   1082.6559   159.6049  2597.6794        1200.0000             0.9022          0.0283           0      6.8
CAP-G1200-B120-e0.75   76.4894     0.8125        63.9983  2.6843    0.8511   1109.0695   219.5271  2590.1722        1200.0000             0.9242          0.0086           0      7.3
CAP-G1200-B120-e0.9    72.7679     0.8348        65.7499  2.7460    0.8415   1105.1093   526.9100  2583.5877        1200.0000             0.9209          0.0042           0      6.8
CAP-G1200-B600-e0     128.1828     0.5036        39.6675  4.0936    0.6322    217.8928   184.1842  1686.5704         300.0000             0.7263          0.1631           0      6.5
CAP-G1200-B600-e0.25   90.7100     0.7276        57.3050  3.1679    0.7760    736.9132   239.0888  2265.9627         914.7391             0.8395          0.0380           0      7.4
CAP-G1200-B600-e0.5    75.9360     0.8159        64.2588  2.6633    0.8543   1087.5997   341.0381  2590.0381        1200.0000             0.9063          0.0093           0      7.2
CAP-G1200-B600-e0.75   72.6871     0.8353        65.7880  2.6860    0.8508   1110.5492   692.9160  2583.5681        1200.0000             0.9255          0.0034           0      7.1
CAP-G1200-B600-e0.9    72.8262     0.8344        65.7225  2.7601    0.8393   1105.1093  1075.1785  2583.5877        1200.0000             0.9209          0.0033           0      7.1
## done in 68 s
## 2026-09-19 22:22:26 manifest=423adbc90d3c1ceb9ab9dcaa2cad7ec224c73f9a7c662f98fd15c070ee8730e0 argv=--trace valid --rep 3 --level 0 --set grid --workers 6
[     1s] valid_rep3_L0_grid: k=7 rho_busy=0.5190 (target 0.5) n=17,646,125 weeks=30 selected=None
[     4s] FCFS reproduces the Kiefer-Wolfowitz recursion exactly (max |diff| 0)
[     4s] jobs FCFS would start within 1 s: 16,871,964 (95.6%)
                      w_p99_dl  gap_p99dl  red_p99dl_pct  w_mean  gap_mean  max_excess  harm_wf1s  max_heavy  guar_excess_max  used_over_allowed  qw_forced_frac  bound_viol  sim_sec
policy                                                                                                                                                                               
FCFS                   40.9388     0.0000         0.0000  1.0275    0.0000      0.0000     0.0000   458.1325              inf                NaN          1.0000          -1      1.3
SJF-ref                18.0807     1.0000        55.8347  0.3709    1.0000    596.7495   172.1125   645.0202              inf                NaN          0.0000          -1      1.3
SPJF-tweedie           24.0887     0.7372        41.1592  0.4736    0.8436    838.2449   218.7796   997.1940              inf                NaN          0.0000          -1      1.4
FIX-G300               24.8460     0.7040        39.3094  0.5372    0.7468    200.9642   161.0559   580.7448         300.0000             0.6699          0.0100           0      7.8
CAP-G300-B30-e0        35.0583     0.2573        14.3643  0.7738    0.3865     70.2791    62.2426   465.8004         170.3571             0.4125          0.2420           0      8.3
CAP-G300-B30-e0.25     28.8920     0.5270        29.4264  0.5921    0.6632    165.2131    70.6627   581.9819         300.0000             0.5507          0.0598           0      7.7
CAP-G300-B30-e0.5      26.3681     0.6374        35.5916  0.5384    0.7449    182.3709    77.5771   581.7988         300.0000             0.6079          0.0280           0      8.8
CAP-G300-B30-e0.75     24.9435     0.6998        39.0713  0.5366    0.7476    200.9642   107.9757   580.7448         300.0000             0.6699          0.0135           0      7.3
CAP-G300-B30-e0.9      24.8450     0.7041        39.3119  0.5372    0.7468    200.9642   161.0559   580.7448         300.0000             0.6699          0.0101           0      7.1
CAP-G300-B120-e0       29.5675     0.4975        27.7764  0.6559    0.5660     89.5464    70.8393   478.5900         192.8571             0.4643          0.0902           0      7.6
CAP-G300-B120-e0.25    26.4577     0.6335        35.3725  0.5470    0.7319    174.4211    84.5337   582.0346         300.0000             0.5814          0.0290           0      6.8
CAP-G300-B120-e0.5     24.8256     0.7049        39.3593  0.5351    0.7499    188.9178   107.9757   580.7448         300.0000             0.6297          0.0126           0      7.0
CAP-G300-B120-e0.75    24.8460     0.7040        39.3094  0.5371    0.7468    200.9642   161.0559   580.7448         300.0000             0.6699          0.0100           0      6.8
CAP-G300-B120-e0.9     24.8460     0.7040        39.3094  0.5372    0.7468    200.9642   161.0559   580.7448         300.0000             0.6699          0.0100           0      7.3
CAP-G300-B600-e0       24.8460     0.7040        39.3094  0.5372    0.7468    200.9642   161.0559   580.7448         300.0000             0.6699          0.0100           0      6.5
CAP-G300-B600-e0.25    24.8460     0.7040        39.3094  0.5372    0.7468    200.9642   161.0559   580.7448         300.0000             0.6699          0.0100           0      6.9
CAP-G300-B600-e0.5     24.8460     0.7040        39.3094  0.5372    0.7468    200.9642   161.0559   580.7448         300.0000             0.6699          0.0100           0      7.4
CAP-G300-B600-e0.75    24.8460     0.7040        39.3094  0.5372    0.7468    200.9642   161.0559   580.7448         300.0000             0.6699          0.0100           0      6.8
CAP-G300-B600-e0.9     24.8460     0.7040        39.3094  0.5372    0.7468    200.9642   161.0559   580.7448         300.0000             0.6699          0.0100           0      7.5
FIX-G600               24.2090     0.7319        40.8654  0.4841    0.8276    483.6299   218.7796   755.5937         600.0000             0.8060          0.0005           0      7.1
CAP-G600-B30-e0        35.0583     0.2573        14.3643  0.7738    0.3865     70.2791    62.2426   465.8004         170.3571             0.4125          0.2420           0      6.7
CAP-G600-B30-e0.25     28.8898     0.5271        29.4319  0.5920    0.6633    193.6096    70.6627   619.2906         379.8537             0.5247          0.0598           0      9.3
CAP-G600-B30-e0.5      25.9663     0.6550        36.5730  0.4994    0.8043    411.8661    77.5771   764.1422         600.0000             0.6864          0.0252           0      6.4
CAP-G600-B30-e0.75     24.2732     0.7291        40.7086  0.4814    0.8317    478.3368   107.9757   716.6627         600.0000             0.7972          0.0085           0      6.9
CAP-G600-B30-e0.9      24.2426     0.7304        40.7832  0.4854    0.8256    484.6913   218.7796   755.5937         600.0000             0.8078          0.0012           0      7.0
CAP-G600-B120-e0       29.5675     0.4975        27.7764  0.6559    0.5660     89.5464    70.8393   478.5900         192.8571             0.4643          0.0902           0      7.5
CAP-G600-B120-e0.25    26.3636     0.6376        35.6024  0.5405    0.7418    212.3133    84.5337   637.3028         409.8537             0.5766          0.0284           0      7.2
CAP-G600-B120-e0.5     24.3894     0.7240        40.4248  0.4905    0.8179    434.4774   107.9757   752.6865         600.0000             0.7241          0.0084           0      7.7
CAP-G600-B120-e0.75    24.1891     0.7328        40.9140  0.4793    0.8349    486.2860   210.4077   736.3681         600.0000             0.8105          0.0028           0      8.5
CAP-G600-B120-e0.9     24.2090     0.7319        40.8654  0.4841    0.8276    483.6299   218.7796   755.5937         600.0000             0.8060          0.0005           0      9.5
CAP-G600-B600-e0       24.6588     0.7122        39.7666  0.5274    0.7617    205.0909   163.6500   611.4116         312.8571             0.6555          0.0087           0      8.1
CAP-G600-B600-e0.25    24.4219     0.7226        40.3454  0.4955    0.8103    343.6104   218.7796   695.8182         569.8537             0.6899          0.0044           0      7.4
CAP-G600-B600-e0.5     24.1800     0.7332        40.9363  0.4816    0.8315    483.6332   218.7796   755.5839         600.0000             0.8061          0.0017           0      7.3
CAP-G600-B600-e0.75    24.2090     0.7319        40.8654  0.4841    0.8276    483.6299   218.7796   755.5937         600.0000             0.8060          0.0005           0      6.5
CAP-G600-B600-e0.9     24.2090     0.7319        40.8654  0.4841    0.8276    483.6299   218.7796   755.5937         600.0000             0.8060          0.0005           0      7.6
FIX-G1200              24.0887     0.7372        41.1592  0.4736    0.8436    838.2449   218.7796   997.1940        1200.0000             0.6985          0.0000           0      6.7
CAP-G1200-B30-e0       35.0583     0.2573        14.3643  0.7738    0.3865     70.2791    62.2426   465.8004         170.3571             0.4125          0.2420           0      6.7
CAP-G1200-B30-e0.25    28.8898     0.5271        29.4319  0.5920    0.6633    193.6096    70.6627   619.2906         379.8537             0.5247          0.0598           0      7.4
CAP-G1200-B30-e0.5     25.9663     0.6550        36.5730  0.4994    0.8043    411.8661    77.5771   764.1422         798.8468             0.6255          0.0252           0      6.6
CAP-G1200-B30-e0.75    24.2720     0.7291        40.7116  0.4792    0.8351    709.1188   107.9757   894.0730        1200.0000             0.5909          0.0084           0      6.3
CAP-G1200-B30-e0.9     24.0931     0.7370        41.1486  0.4746    0.8421    819.5450   218.7796   971.4617        1200.0000             0.6830          0.0008           0      6.7
CAP-G1200-B120-e0      29.5675     0.4975        27.7764  0.6559    0.5660     89.5464    70.8393   478.5900         192.8571             0.4643          0.0902           0      7.0
CAP-G1200-B120-e0.25   26.3636     0.6376        35.6024  0.5405    0.7418    212.3133    84.5337   637.3028         409.8537             0.5766          0.0284           0      6.6
CAP-G1200-B120-e0.5    24.3894     0.7240        40.4248  0.4905    0.8179    434.4774   107.9757   752.6865         843.8468             0.6237          0.0084           0      7.3
CAP-G1200-B120-e0.75   24.1468     0.7346        41.0174  0.4765    0.8392    745.8546   210.4077   930.8089        1200.0000             0.6215          0.0026           0      7.2
CAP-G1200-B120-e0.9    24.0887     0.7372        41.1592  0.4737    0.8435    838.2449   218.7796   997.1940        1200.0000             0.6985          0.0000           0      7.2
CAP-G1200-B600-e0      24.6588     0.7122        39.7666  0.5274    0.7617    205.0909   163.6500   611.4116         312.8571             0.6555          0.0087           0      7.7
CAP-G1200-B600-e0.25   24.4219     0.7226        40.3454  0.4955    0.8103    343.6104   218.7796   695.8182         569.8537             0.6899          0.0044           0      6.6
CAP-G1200-B600-e0.5    24.1275     0.7355        41.0645  0.4775    0.8377    559.0774   218.7796   798.3431        1083.8468             0.6660          0.0015           0      7.1
CAP-G1200-B600-e0.75   24.0887     0.7372        41.1592  0.4736    0.8436    838.2449   218.7796   997.1940        1200.0000             0.6985          0.0000           0      6.5
CAP-G1200-B600-e0.9    24.0887     0.7372        41.1592  0.4736    0.8436    838.2449   218.7796   997.1940        1200.0000             0.6985          0.0000           0      6.6
## done in 68 s
## 2026-09-19 22:23:36 manifest=423adbc90d3c1ceb9ab9dcaa2cad7ec224c73f9a7c662f98fd15c070ee8730e0 argv=--trace valid --rep 3 --level 1 --set grid --workers 6
[     1s] valid_rep3_L1_grid: k=5 rho_busy=0.7266 (target 0.8) n=17,646,125 weeks=30 selected=None
[     4s] FCFS reproduces the Kiefer-Wolfowitz recursion exactly (max |diff| 0)
[     4s] jobs FCFS would start within 1 s: 16,007,520 (90.7%)
                      w_p99_dl  gap_p99dl  red_p99dl_pct  w_mean  gap_mean  max_excess  harm_wf1s  max_heavy  guar_excess_max  used_over_allowed  qw_forced_frac  bound_viol  sim_sec
policy                                                                                                                                                                               
FCFS                  109.8529     0.0000         0.0000  3.5811    0.0000      0.0000     0.0000   753.0580              inf                NaN          1.0000          -1      1.2
SJF-ref                36.2799     1.0000        66.9741  1.0419    1.0000   1104.3792   367.3275  1401.2640              inf                NaN          0.0000          -1      1.4
SPJF-tweedie           48.1448     0.8387        56.1734  1.3459    0.8803   1652.7468   335.4583  1910.3735              inf                NaN          0.0000          -1      1.4
FIX-G300               56.7095     0.7223        48.3769  1.7950    0.7034    204.2359   170.3277   898.1077           300.00             0.6808          0.0461           0      7.8
CAP-G300-B30-e0       107.8432     0.0273         1.8294  2.8205    0.2996     69.4794    63.7129   761.3405           163.50             0.4250          0.4713           0      7.0
CAP-G300-B30-e0.25     73.8230     0.4897        32.7983  1.9139    0.6566    187.6103    73.1774   898.1807           300.00             0.6254          0.1120           0      8.2
CAP-G300-B30-e0.5      61.5561     0.6564        43.9650  1.8223    0.6927    197.5348   118.6155   905.2715           300.00             0.6584          0.0687           0      6.8
CAP-G300-B30-e0.75     56.5543     0.7244        48.5181  1.7906    0.7051    204.2365   143.5657   898.1077           300.00             0.6808          0.0505           0      7.1
CAP-G300-B30-e0.9      56.6937     0.7225        48.3913  1.7940    0.7038    204.2359   143.9439   898.1077           300.00             0.6808          0.0462           0      7.5
CAP-G300-B120-e0       88.9848     0.2836        18.9964  2.3279    0.4935     99.4115    73.1774   783.9761           186.00             0.5345          0.2614           0      6.5
CAP-G300-B120-e0.25    67.1669     0.5802        38.8574  1.8599    0.6778    187.6090   118.5585   905.5573           300.00             0.6254          0.0734           0      7.5
CAP-G300-B120-e0.5     58.0845     0.7036        47.1252  1.7817    0.7087    204.2320   124.5789   900.1783           300.00             0.6808          0.0489           0      7.4
CAP-G300-B120-e0.75    56.6814     0.7227        48.4024  1.7943    0.7037    204.2359   163.8766   898.1077           300.00             0.6808          0.0462           0      7.3
CAP-G300-B120-e0.9     56.7095     0.7223        48.3769  1.7950    0.7034    204.2359   170.3277   898.1077           300.00             0.6808          0.0461           0      7.2
CAP-G300-B600-e0       56.7095     0.7223        48.3769  1.7950    0.7034    204.2359   170.3277   898.1077           300.00             0.6808          0.0461           0      6.8
CAP-G300-B600-e0.25    56.7095     0.7223        48.3769  1.7950    0.7034    204.2359   170.3277   898.1077           300.00             0.6808          0.0461           0      7.4
CAP-G300-B600-e0.5     56.7095     0.7223        48.3769  1.7950    0.7034    204.2359   170.3277   898.1077           300.00             0.6808          0.0461           0      7.3
CAP-G300-B600-e0.75    56.7095     0.7223        48.3769  1.7950    0.7034    204.2359   170.3277   898.1077           300.00             0.6808          0.0461           0      7.6
CAP-G300-B600-e0.9     56.7095     0.7223        48.3769  1.7950    0.7034    204.2359   170.3277   898.1077           300.00             0.6808          0.0461           0      7.4
FIX-G600               50.2522     0.8101        54.2550  1.4897    0.8236    502.3667   335.4583  1175.9991           600.00             0.8373          0.0063           0      7.5
CAP-G600-B30-e0       107.8432     0.0273         1.8294  2.8205    0.2996     69.4794    63.7129   761.3405           163.50             0.4250          0.4713           0      7.6
CAP-G600-B30-e0.25     72.8834     0.5025        33.6536  1.8462    0.6832    290.1447    73.1774  1015.5077           473.78             0.6310          0.1065           0      7.0
CAP-G600-B30-e0.5      58.5762     0.6969        46.6776  1.5675    0.7930    482.1068   118.6155  1200.0721           600.00             0.8035          0.0458           0      6.7
CAP-G600-B30-e0.75     51.7884     0.7892        52.8566  1.4902    0.8235    497.3684   143.5657  1198.1102           600.00             0.8289          0.0142           0      8.0
CAP-G600-B30-e0.9      50.4690     0.8071        54.0576  1.4850    0.8255    502.3672   143.9439  1191.6398           600.00             0.8373          0.0064           0      6.8
CAP-G600-B120-e0       88.9848     0.2836        18.9964  2.3279    0.4935     99.4115    73.1774   783.9761           186.00             0.5345          0.2614           0      7.3
CAP-G600-B120-e0.25    65.8849     0.5976        40.0245  1.7532    0.7199    304.9392   118.5585  1043.5388           503.78             0.6469          0.0647           0      7.4
CAP-G600-B120-e0.5     54.5463     0.7517        50.3461  1.5006    0.8194    479.2150   124.5789  1213.1710           600.00             0.7987          0.0200           0      7.2
CAP-G600-B120-e0.75    51.1020     0.7985        53.4814  1.4897    0.8236    502.3667   163.9369  1198.3244           600.00             0.8373          0.0078           0      6.5
CAP-G600-B120-e0.9     50.2507     0.8101        54.2564  1.4897    0.8237    502.3667   318.0951  1175.9991           600.00             0.8373          0.0064           0      7.8
CAP-G600-B600-e0       56.0475     0.7313        48.9794  1.7753    0.7112    204.2391   170.3619   904.0650           306.00             0.6674          0.0438           0      7.3
CAP-G600-B600-e0.25    51.4851     0.7933        53.1326  1.4974    0.8206    500.4091   233.9175  1213.9607           600.00             0.8340          0.0125           0      7.5
CAP-G600-B600-e0.5     50.4759     0.8070        54.0514  1.4832    0.8262    499.7038   301.9134  1210.9679           600.00             0.8328          0.0079           0      7.0
CAP-G600-B600-e0.75    50.2522     0.8101        54.2550  1.4897    0.8236    502.3667   335.4583  1175.9991           600.00             0.8373          0.0063           0      7.6
CAP-G600-B600-e0.9     50.2522     0.8101        54.2550  1.4897    0.8236    502.3667   335.4583  1175.9991           600.00             0.8373          0.0063           0      6.7
FIX-G1200              48.8392     0.8293        55.5413  1.3851    0.8648   1093.9873   335.4583  1607.0301          1200.00             0.9117          0.0005           0      7.2
CAP-G1200-B30-e0      107.8432     0.0273         1.8294  2.8205    0.2996     69.4794    63.7129   761.3405           163.50             0.4250          0.4713           0      7.2
CAP-G1200-B30-e0.25    72.8834     0.5025        33.6536  1.8462    0.6832    290.1447    73.1774  1015.5077           473.78             0.6310          0.1065           0      7.5
CAP-G1200-B30-e0.5     58.3895     0.6995        46.8475  1.5537    0.7984    747.8801   118.6155  1454.8743          1094.34             0.7353          0.0454           0      6.9
CAP-G1200-B30-e0.75    50.3835     0.8083        54.1355  1.3894    0.8631   1085.0239   143.5657  1608.5158          1200.00             0.9042          0.0129           0      7.0
CAP-G1200-B30-e0.9     49.0638     0.8262        55.3368  1.3746    0.8690   1083.8180   143.9439  1587.3289          1200.00             0.9032          0.0018           0      6.9
CAP-G1200-B120-e0      88.9848     0.2836        18.9964  2.3279    0.4935     99.4115    73.1774   783.9761           186.00             0.5345          0.2614           0      7.7
CAP-G1200-B120-e0.25   65.8849     0.5976        40.0245  1.7532    0.7199    304.9392   118.5585  1043.5388           503.78             0.6469          0.0647           0      6.9
CAP-G1200-B120-e0.5    54.2593     0.7556        50.6073  1.4818    0.8268    774.7494   124.5789  1476.2321          1139.34             0.7669          0.0194           0      6.7
CAP-G1200-B120-e0.75   49.6506     0.8183        54.8027  1.3802    0.8667   1080.9529   163.9369  1594.1247          1200.00             0.9008          0.0056           0      7.5
CAP-G1200-B120-e0.9    48.7686     0.8303        55.6055  1.3759    0.8684   1089.5182   318.0951  1593.6923          1200.00             0.9079          0.0014           0      7.6
CAP-G1200-B600-e0      56.0475     0.7313        48.9794  1.7753    0.7112    204.2391   170.3619   904.0650           306.00             0.6674          0.0438           0      6.7
CAP-G1200-B600-e0.25   51.4851     0.7933        53.1326  1.4974    0.8206    500.4091   233.9175  1214.5480           663.78             0.7950          0.0125           0      6.8
CAP-G1200-B600-e0.5    49.5579     0.8195        54.8870  1.3988    0.8595    961.3677   301.9134  1599.7988          1200.00             0.8198          0.0064           0      6.9
CAP-G1200-B600-e0.75   48.7556     0.8304        55.6174  1.3661    0.8723   1099.3240   335.4583  1600.8782          1200.00             0.9161          0.0003           0      6.7
CAP-G1200-B600-e0.9    48.8392     0.8293        55.5413  1.3851    0.8648   1093.9873   335.4583  1607.0301          1200.00             0.9117          0.0005           0      7.3
## done in 68 s
## 2026-09-19 22:24:47 manifest=423adbc90d3c1ceb9ab9dcaa2cad7ec224c73f9a7c662f98fd15c070ee8730e0 argv=--trace valid --rep 3 --level 2 --set grid --workers 6
[     1s] valid_rep3_L2_grid: k=4 rho_busy=0.9082 (target 1.0) n=17,646,125 weeks=30 selected=None
[     4s] FCFS reproduces the Kiefer-Wolfowitz recursion exactly (max |diff| 0)
[     4s] jobs FCFS would start within 1 s: 15,219,197 (86.2%)
                      w_p99_dl  gap_p99dl  red_p99dl_pct  w_mean  gap_mean  max_excess  harm_wf1s  max_heavy  guar_excess_max  used_over_allowed  qw_forced_frac  bound_viol  sim_sec
policy                                                                                                                                                                               
FCFS                  213.2628     0.0000         0.0000  8.0028    0.0000      0.0000     0.0000  1027.8293              inf                NaN          1.0000          -1      1.3
SJF-ref                45.9475     1.0000        78.4550  1.7254    1.0000   1799.4353   439.9633  2433.9755              inf                NaN          0.0000          -1      1.5
SPJF-tweedie           70.9774     0.8504        66.7183  2.3259    0.9043   2685.5602   676.3017  3005.9057              inf                NaN          0.0000          -1      1.5
FIX-G300              138.2790     0.4482        35.1603  3.8238    0.6657    236.4196   194.4837  1177.9254         300.0000             0.7881          0.1271           0      8.4
CAP-G300-B30-e0       213.8380    -0.0034        -0.2697  6.6460    0.2161     68.9852    53.9415  1035.4616         157.5000             0.4380          0.6394           0      8.5
CAP-G300-B30-e0.25    171.9581     0.2469        19.3680  4.2588    0.5964    207.2139    83.6007  1177.9023         300.0000             0.6907          0.1895           0      7.1
CAP-G300-B30-e0.5     137.7657     0.4512        35.4009  3.9453    0.6464    227.6137   101.3737  1177.9587         300.0000             0.7587          0.1457           0      7.6
CAP-G300-B30-e0.75    131.6881     0.4876        38.2508  3.8226    0.6659    236.4196   180.3528  1177.9254         300.0000             0.7881          0.1321           0      7.2
CAP-G300-B30-e0.9     137.6622     0.4518        35.4495  3.8234    0.6658    236.4196   194.4837  1177.9254         300.0000             0.7881          0.1271           0      7.7
CAP-G300-B120-e0      209.4381     0.0229         1.7934  5.3763    0.4184    105.7283    83.6007  1057.9849         180.0000             0.5874          0.4239           0      7.0
CAP-G300-B120-e0.25   157.5801     0.3328        26.1099  4.0338    0.6323    207.2134    99.2831  1177.9265         300.0000             0.6907          0.1479           0      7.4
CAP-G300-B120-e0.5    135.2430     0.4663        36.5839  3.8254    0.6655    236.4403   133.9377  1177.8801         300.0000             0.7881          0.1310           0      7.3
CAP-G300-B120-e0.75   138.2403     0.4484        35.1784  3.8237    0.6657    236.4196   194.4837  1177.9254         300.0000             0.7881          0.1271           0      7.6
CAP-G300-B120-e0.9    138.2790     0.4482        35.1603  3.8238    0.6657    236.4196   194.4837  1177.9254         300.0000             0.7881          0.1271           0      7.8
CAP-G300-B600-e0      138.2790     0.4482        35.1603  3.8238    0.6657    236.4196   194.4837  1177.9254         300.0000             0.7881          0.1271           0      7.6
CAP-G300-B600-e0.25   138.2790     0.4482        35.1603  3.8238    0.6657    236.4196   194.4837  1177.9254         300.0000             0.7881          0.1271           0      7.1
CAP-G300-B600-e0.5    138.2790     0.4482        35.1603  3.8238    0.6657    236.4196   194.4837  1177.9254         300.0000             0.7881          0.1271           0      6.7
CAP-G300-B600-e0.75   138.2790     0.4482        35.1603  3.8238    0.6657    236.4196   194.4837  1177.9254         300.0000             0.7881          0.1271           0      7.3
CAP-G300-B600-e0.9    138.2790     0.4482        35.1603  3.8238    0.6657    236.4196   194.4837  1177.9254         300.0000             0.7881          0.1271           0      7.6
FIX-G600               84.2552     0.7710        60.4923  2.9567    0.8039    508.1814   465.2829  1481.7769         600.0000             0.8470          0.0176           0      7.3
CAP-G600-B30-e0       213.8380    -0.0034        -0.2697  6.6460    0.2161     68.9852    53.9415  1035.4616         157.5000             0.4380          0.6394           0      7.9
CAP-G600-B30-e0.25    166.4402     0.2798        21.9553  3.9956    0.6383    390.9302    83.6007  1389.7274         556.0081             0.7383          0.1594           0      7.1
CAP-G600-B30-e0.5     114.2727     0.5916        46.4169  3.2045    0.7644    516.6170   101.3737  1481.7801         600.0000             0.8610          0.0610           0      6.7
CAP-G600-B30-e0.75     91.0534     0.7304        57.3046  2.9929    0.7981    502.0749   180.3528  1481.7889         600.0000             0.8368          0.0273           0      7.0
CAP-G600-B30-e0.9      85.3652     0.7644        59.9718  2.9442    0.8059    508.1814   269.4973  1488.2002         600.0000             0.8470          0.0185           0      6.7
CAP-G600-B120-e0      209.4381     0.0229         1.7934  5.3763    0.4184    105.7283    83.6007  1057.9849         180.0000             0.5874          0.4239           0      7.1
CAP-G600-B120-e0.25   147.3288     0.3941        30.9168  3.6596    0.6919    406.8742    99.2831  1409.9496         586.0081             0.7191          0.1016           0      7.1
CAP-G600-B120-e0.5    105.2218     0.6457        50.6609  3.0638    0.7868    508.1762   133.9377  1481.5455         600.0000             0.8470          0.0353           0      7.5
CAP-G600-B120-e0.75    89.1118     0.7420        58.2150  2.9761    0.8008    501.6508   210.8105  1481.6300         600.0000             0.8361          0.0200           0      7.2
CAP-G600-B120-e0.9     84.2631     0.7710        60.4886  2.9567    0.8039    508.1814   465.2829  1481.7769         600.0000             0.8470          0.0177           0      7.1
CAP-G600-B600-e0      138.2790     0.4482        35.1603  3.8238    0.6657    236.4196   194.4837  1177.9254         300.0000             0.7881          0.1271           0      7.1
CAP-G600-B600-e0.25    98.2727     0.6873        53.9194  3.0383    0.7909    490.4918   264.6741  1484.6330         600.0000             0.8175          0.0311           0      7.2
CAP-G600-B600-e0.5     86.0562     0.7603        59.6478  2.9664    0.8023    508.8139   382.5833  1481.5521         600.0000             0.8480          0.0191           0      7.0
CAP-G600-B600-e0.75    84.2552     0.7710        60.4923  2.9567    0.8039    508.1814   465.2829  1481.7769         600.0000             0.8470          0.0176           0      7.0
CAP-G600-B600-e0.9     84.2552     0.7710        60.4923  2.9567    0.8039    508.1814   465.2829  1481.7769         600.0000             0.8470          0.0176           0      6.7
FIX-G1200              76.5873     0.8169        64.0878  2.6008    0.8606   1090.5784   676.3017  2037.4451        1200.0000             0.9088          0.0019           0      6.8
CAP-G1200-B30-e0      213.8380    -0.0034        -0.2697  6.6460    0.2161     68.9852    53.9415  1035.4616         157.5000             0.4380          0.6394           0      6.9
CAP-G1200-B30-e0.25   166.4402     0.2798        21.9553  3.9956    0.6383    390.9302    83.6007  1389.7274         556.0081             0.7383          0.1594           0      7.1
CAP-G1200-B30-e0.5    110.2858     0.6155        48.2864  3.0253    0.7929   1058.2092   101.3737  2081.3179        1200.0000             0.8818          0.0558           0      7.0
CAP-G1200-B30-e0.75    84.8870     0.7673        60.1960  2.6429    0.8538   1098.6654   180.3528  2037.5422        1200.0000             0.9156          0.0154           0      7.2
CAP-G1200-B30-e0.9     77.8115     0.8096        63.5138  2.5887    0.8625   1087.2861   269.4973  2038.8765        1200.0000             0.9061          0.0045           0      6.8
CAP-G1200-B120-e0     209.4381     0.0229         1.7934  5.3763    0.4184    105.7283    83.6007  1057.9849         180.0000             0.5874          0.4239           0      7.0
CAP-G1200-B120-e0.25  147.3288     0.3941        30.9168  3.6596    0.6919    406.8742    99.2831  1409.9496         586.0081             0.7191          0.1016           0      7.4
CAP-G1200-B120-e0.5   100.0121     0.6769        53.1038  2.8062    0.8278   1064.4032   133.9377  2092.1742        1200.0000             0.8870          0.0279           0      7.0
CAP-G1200-B120-e0.75   82.1495     0.7836        61.4797  2.5890    0.8624   1098.4685   210.8105  2037.3540        1200.0000             0.9154          0.0083           0      7.2
CAP-G1200-B120-e0.9    76.5388     0.8172        64.1106  2.5948    0.8615   1090.5784   465.2829  2037.4451        1200.0000             0.9088          0.0030           0      7.5
CAP-G1200-B600-e0     138.2790     0.4482        35.1603  3.8238    0.6657    236.4196   194.4837  1177.9254         300.0000             0.7881          0.1271           0      7.9
CAP-G1200-B600-e0.25   97.6215     0.6912        54.2248  3.0266    0.7927    568.9447   264.6741  1590.1050         746.0081             0.7724          0.0305           0      7.0
CAP-G1200-B600-e0.5    79.4758     0.7996        62.7334  2.5557    0.8677   1098.2764   382.5833  2101.1846        1200.0000             0.9152          0.0090           0      7.8
CAP-G1200-B600-e0.75   76.1876     0.8193        64.2752  2.5607    0.8669   1094.0804   647.7204  2037.3764        1200.0000             0.9117          0.0021           0      6.9
CAP-G1200-B600-e0.9    76.5873     0.8169        64.0878  2.6008    0.8606   1090.5784   676.3017  2037.4451        1200.0000             0.9088          0.0019           0      7.4
## done in 68 s
## 2026-09-19 22:25:59 manifest=423adbc90d3c1ceb9ab9dcaa2cad7ec224c73f9a7c662f98fd15c070ee8730e0 argv=--trace valid --rep 4 --level 0 --set grid --workers 6
[     1s] valid_rep4_L0_grid: k=8 rho_busy=0.5279 (target 0.5) n=17,646,125 weeks=30 selected=None
[     4s] FCFS reproduces the Kiefer-Wolfowitz recursion exactly (max |diff| 0)
[     4s] jobs FCFS would start within 1 s: 17,081,262 (96.8%)
                      w_p99_dl  gap_p99dl  red_p99dl_pct  w_mean  gap_mean  max_excess  harm_wf1s  max_heavy  guar_excess_max  used_over_allowed  qw_forced_frac  bound_viol  sim_sec
policy                                                                                                                                                                               
FCFS                   28.1276     0.0000         0.0000  0.6498    0.0000      0.0000     0.0000   389.6091              inf                NaN          1.0000          -1      1.3
SJF-ref                11.3677     1.0000        59.5854  0.2323    1.0000    566.1046   423.1142   598.6741              inf                NaN          0.0000          -1      1.4
SPJF-tweedie           15.9149     0.7287        43.4190  0.2993    0.8397    718.1255   186.7735   867.7948              inf                NaN          0.0000          -1      1.3
FIX-G300               16.2375     0.7094        42.2719  0.3365    0.7504    190.5187   168.7412   538.8006         300.0000             0.6351          0.0064           0      7.2
CAP-G300-B30-e0        22.2210     0.3524        20.9993  0.4756    0.4172     62.9583    56.8304   397.8036         172.5000             0.3650          0.1716           0      7.6
CAP-G300-B30-e0.25     18.8071     0.5561        33.1366  0.3578    0.6995    177.5834    60.4355   538.7407         300.0000             0.5919          0.0428           0      7.8
CAP-G300-B30-e0.5      17.1959     0.6523        38.8647  0.3345    0.7552    180.4996    60.4355   538.7061         300.0000             0.6017          0.0196           0      6.8
CAP-G300-B30-e0.75     16.3027     0.7055        42.0403  0.3359    0.7520    190.5187   128.5839   538.8006         300.0000             0.6351          0.0093           0      7.4
CAP-G300-B30-e0.9      16.2388     0.7094        42.2672  0.3365    0.7505    190.5187   168.7412   538.8006         300.0000             0.6351          0.0065           0      6.7
CAP-G300-B120-e0       18.1247     0.5968        35.5627  0.4048    0.5869     87.0248    60.4355   420.3828         195.0000             0.4463          0.0554           0      7.4
CAP-G300-B120-e0.25    17.0852     0.6589        39.2582  0.3443    0.7318    180.4720    74.4088   538.8036         300.0000             0.6016          0.0190           0      7.3
CAP-G300-B120-e0.5     16.2667     0.7077        42.1680  0.3351    0.7538    189.3367   113.7020   538.7779         300.0000             0.6311          0.0082           0      6.9
CAP-G300-B120-e0.75    16.2375     0.7094        42.2719  0.3365    0.7504    190.5187   168.7412   538.8006         300.0000             0.6351          0.0064           0      6.8
CAP-G300-B120-e0.9     16.2375     0.7094        42.2719  0.3365    0.7504    190.5187   168.7412   538.8006         300.0000             0.6351          0.0064           0      8.0
CAP-G300-B600-e0       16.2375     0.7094        42.2719  0.3365    0.7504    190.5187   168.7412   538.8006         300.0000             0.6351          0.0064           0      6.9
CAP-G300-B600-e0.25    16.2375     0.7094        42.2719  0.3365    0.7504    190.5187   168.7412   538.8006         300.0000             0.6351          0.0064           0      7.1
CAP-G300-B600-e0.5     16.2375     0.7094        42.2719  0.3365    0.7504    190.5187   168.7412   538.8006         300.0000             0.6351          0.0064           0      6.9
CAP-G300-B600-e0.75    16.2375     0.7094        42.2719  0.3365    0.7504    190.5187   168.7412   538.8006         300.0000             0.6351          0.0064           0      7.1
CAP-G300-B600-e0.9     16.2375     0.7094        42.2719  0.3365    0.7504    190.5187   168.7412   538.8006         300.0000             0.6351          0.0064           0      7.4
FIX-G600               15.9629     0.7258        43.2481  0.3028    0.8313    481.0528   186.7735   673.1600         600.0000             0.8018          0.0003           0      7.3
CAP-G600-B30-e0        22.2210     0.3524        20.9993  0.4756    0.4172     62.9583    56.8304   397.8036         172.5000             0.3650          0.1716           0      7.0
CAP-G600-B30-e0.25     18.8071     0.5561        33.1366  0.3578    0.6995    177.5834    60.4355   538.8604         359.8697             0.5323          0.0428           0      6.5
CAP-G600-B30-e0.5      17.0693     0.6598        39.3147  0.3141    0.8041    348.3395    60.4355   603.4415         600.0000             0.5893          0.0180           0      8.3
CAP-G600-B30-e0.75     16.0776     0.7190        42.8405  0.3014    0.8345    476.0249   128.5839   673.2121         600.0000             0.7934          0.0057           0      7.6
CAP-G600-B30-e0.9      15.9743     0.7251        43.2078  0.3024    0.8322    475.8081   186.7735   673.1600         600.0000             0.7930          0.0005           0      7.1
CAP-G600-B120-e0       18.1247     0.5968        35.5627  0.4048    0.5869     87.0248    60.4355   420.3828         195.0000             0.4463          0.0554           0      6.8
CAP-G600-B120-e0.25    17.0885     0.6587        39.2466  0.3438    0.7330    186.0052    74.4088   534.4662         389.8697             0.5147          0.0189           0      7.1
CAP-G600-B120-e0.5     16.0996     0.7177        42.7624  0.3046    0.8268    365.0469   113.7020   611.9753         600.0000             0.6084          0.0049           0      6.9
CAP-G600-B120-e0.75    15.9897     0.7242        43.1530  0.3017    0.8338    485.3305   186.7735   654.5583         600.0000             0.8089          0.0014           0      7.1
CAP-G600-B120-e0.9     15.9629     0.7258        43.2481  0.3028    0.8313    481.0528   186.7735   673.1600         600.0000             0.8018          0.0003           0      6.6
CAP-G600-B600-e0       16.1685     0.7136        42.5172  0.3271    0.7730    195.8030   179.4419   539.1661         315.0000             0.6216          0.0053           0      7.3
CAP-G600-B600-e0.25    15.9760     0.7250        43.2019  0.3056    0.8245    330.1299   186.7735   596.6553         549.8697             0.6530          0.0024           0      6.9
CAP-G600-B600-e0.5     15.9482     0.7267        43.3005  0.3013    0.8348    466.7836   186.7735   668.7220         600.0000             0.7780          0.0009           0      7.2
CAP-G600-B600-e0.75    15.9629     0.7258        43.2481  0.3028    0.8313    481.0528   186.7735   673.1600         600.0000             0.8018          0.0003           0      6.6
CAP-G600-B600-e0.9     15.9629     0.7258        43.2481  0.3028    0.8313    481.0528   186.7735   673.1600         600.0000             0.8018          0.0003           0      7.3
FIX-G1200              15.9149     0.7287        43.4190  0.2993    0.8397    718.1255   186.7735   867.7948        1200.0000             0.5984          0.0000           0      7.8
CAP-G1200-B30-e0       22.2210     0.3524        20.9993  0.4756    0.4172     62.9583    56.8304   397.8036         172.5000             0.3650          0.1716           0      6.8
CAP-G1200-B30-e0.25    18.8071     0.5561        33.1366  0.3578    0.6995    177.5834    60.4355   538.8604         359.8697             0.5323          0.0428           0      6.6
CAP-G1200-B30-e0.5     17.0693     0.6598        39.3147  0.3141    0.8041    348.3395    60.4355   603.4415         734.6091             0.5893          0.0180           0      7.3
CAP-G1200-B30-e0.75    16.0497     0.7206        42.9395  0.3011    0.8353    567.7396   128.5839   725.2542        1200.0000             0.5082          0.0057           0      6.6
CAP-G1200-B30-e0.9     15.9191     0.7284        43.4042  0.2995    0.8391    713.8255   186.7735   862.5645        1200.0000             0.5949          0.0003           0      7.4
CAP-G1200-B120-e0      18.1247     0.5968        35.5627  0.4048    0.5869     87.0248    60.4355   420.3828         195.0000             0.4463          0.0554           0      8.2
CAP-G1200-B120-e0.25   17.0885     0.6587        39.2466  0.3438    0.7330    186.0052    74.4088   534.4662         389.8697             0.5147          0.0189           0      8.1
CAP-G1200-B120-e0.5    16.0996     0.7177        42.7624  0.3046    0.8268    365.0469   113.7020   611.9753         779.6091             0.5889          0.0049           0      6.9
CAP-G1200-B120-e0.75   15.9618     0.7259        43.2523  0.3008    0.8361    632.5931   186.7735   810.0780        1200.0000             0.5272          0.0014           0      7.4
CAP-G1200-B120-e0.9    15.9149     0.7287        43.4190  0.2993    0.8397    718.1255   186.7735   867.7948        1200.0000             0.5984          0.0000           0      7.6
CAP-G1200-B600-e0      16.1685     0.7136        42.5172  0.3271    0.7730    195.8030   179.4419   539.1661         315.0000             0.6216          0.0053           0      6.6
CAP-G1200-B600-e0.25   15.9760     0.7250        43.2019  0.3056    0.8245    330.1299   186.7735   596.6553         549.8697             0.6530          0.0024           0      7.2
CAP-G1200-B600-e0.5    15.9266     0.7280        43.3772  0.3000    0.8379    521.8724   186.7735   672.0678        1019.6091             0.6757          0.0008           0      6.9
CAP-G1200-B600-e0.75   15.9149     0.7287        43.4190  0.2993    0.8397    718.1255   186.7735   867.7948        1200.0000             0.5984          0.0000           0      6.8
CAP-G1200-B600-e0.9    15.9149     0.7287        43.4190  0.2993    0.8397    718.1255   186.7735   867.7948        1200.0000             0.5984          0.0000           0      6.7
## done in 67 s
## 2026-09-19 22:27:08 manifest=423adbc90d3c1ceb9ab9dcaa2cad7ec224c73f9a7c662f98fd15c070ee8730e0 argv=--trace valid --rep 4 --level 1 --set grid --workers 6
[     1s] valid_rep4_L1_grid: k=5 rho_busy=0.8447 (target 0.8) n=17,646,125 weeks=30 selected=None
[     4s] FCFS reproduces the Kiefer-Wolfowitz recursion exactly (max |diff| 0)
[     4s] jobs FCFS would start within 1 s: 15,999,358 (90.7%)
                      w_p99_dl  gap_p99dl  red_p99dl_pct  w_mean  gap_mean  max_excess  harm_wf1s  max_heavy  guar_excess_max  used_over_allowed  qw_forced_frac  bound_viol  sim_sec
policy                                                                                                                                                                               
FCFS                  119.5916     0.0000         0.0000  3.7295    0.0000      0.0000     0.0000   821.6593              inf                NaN          1.0000          -1      1.3
SJF-ref                35.7861     1.0000        70.0764  1.0408    1.0000   1042.7584   157.5034  1524.9138              inf                NaN          0.0000          -1      1.5
SPJF-tweedie           47.8878     0.8556        59.9572  1.3412    0.8883   1885.4607   410.1963  2126.6169              inf                NaN          0.0000          -1      1.4
FIX-G300               58.3222     0.7311        51.2322  1.8278    0.7073    216.4772   176.5810   989.6968         300.0000             0.7216          0.0532           0      8.0
CAP-G300-B30-e0       115.6951     0.0465         3.2582  2.9300    0.2974     68.3868    62.4056   828.9080         163.5000             0.4183          0.4781           0      7.7
CAP-G300-B30-e0.25     77.3400     0.5042        35.3299  1.9879    0.6478    203.3770    71.6597   986.0355         300.0000             0.6779          0.1169           0      7.3
CAP-G300-B30-e0.5      61.6524     0.6914        48.4476  1.8727    0.6906    206.3610   118.7819   966.2290         300.0000             0.6879          0.0756           0      7.3
CAP-G300-B30-e0.75     58.3159     0.7312        51.2374  1.8316    0.7059    216.4772   133.9597   989.6968         300.0000             0.7216          0.0585           0      7.4
CAP-G300-B30-e0.9      58.3333     0.7310        51.2229  1.8277    0.7073    216.4772   176.5810   989.6968         300.0000             0.7216          0.0533           0      6.9
CAP-G300-B120-e0       95.6785     0.2853        19.9956  2.4112    0.4903    111.4802    76.1619   851.8445         186.0000             0.5994          0.2695           0      7.2
CAP-G300-B120-e0.25    67.2310     0.6248        43.7828  1.8925    0.6832    193.1010   118.6682   966.2280         300.0000             0.6437          0.0784           0      7.7
CAP-G300-B120-e0.5     58.9987     0.7230        50.6665  1.8241    0.7087    203.8754   123.6141   989.6957         300.0000             0.6796          0.0573           0      6.9
CAP-G300-B120-e0.75    58.3222     0.7311        51.2322  1.8276    0.7074    216.4772   176.5810   989.6968         300.0000             0.7216          0.0532           0      7.6
CAP-G300-B120-e0.9     58.3222     0.7311        51.2322  1.8278    0.7073    216.4772   176.5810   989.6968         300.0000             0.7216          0.0532           0      7.0
CAP-G300-B600-e0       58.3222     0.7311        51.2322  1.8278    0.7073    216.4772   176.5810   989.6968         300.0000             0.7216          0.0532           0      8.3
CAP-G300-B600-e0.25    58.3222     0.7311        51.2322  1.8278    0.7073    216.4772   176.5810   989.6968         300.0000             0.7216          0.0532           0      7.7
CAP-G300-B600-e0.5     58.3222     0.7311        51.2322  1.8278    0.7073    216.4772   176.5810   989.6968         300.0000             0.7216          0.0532           0      7.6
CAP-G300-B600-e0.75    58.3222     0.7311        51.2322  1.8278    0.7073    216.4772   176.5810   989.6968         300.0000             0.7216          0.0532           0      7.3
CAP-G300-B600-e0.9     58.3222     0.7311        51.2322  1.8278    0.7073    216.4772   176.5810   989.6968         300.0000             0.7216          0.0532           0      7.8
FIX-G600               49.9422     0.8311        58.2393  1.5036    0.8279    497.4064   410.1963  1276.9289         600.0000             0.8290          0.0069           0      7.1
CAP-G600-B30-e0       115.6951     0.0465         3.2582  2.9300    0.2974     68.3868    62.4056   828.9080         163.5000             0.4183          0.4781           0      6.8
CAP-G600-B30-e0.25     76.7040     0.5118        35.8617  1.9134    0.6755    315.6511    71.6597  1127.7799         493.3858             0.6459          0.1064           0      7.8
CAP-G600-B30-e0.5      57.6327     0.7393        51.8088  1.5856    0.7974    499.4044   118.7819  1281.0039         600.0000             0.8323          0.0456           0      7.7
CAP-G600-B30-e0.75     51.4396     0.8132        56.9873  1.5012    0.8288    486.4524   133.9597  1289.5579         600.0000             0.8108          0.0146           0      7.7
CAP-G600-B30-e0.9      49.9668     0.8308        58.2188  1.4950    0.8311    509.3622   255.1832  1280.0500         600.0000             0.8489          0.0073           0      7.2
CAP-G600-B120-e0       95.6785     0.2853        19.9956  2.4112    0.4903    111.4802    76.1619   851.8445         186.0000             0.5994          0.2695           0      7.4
CAP-G600-B120-e0.25    66.0161     0.6393        44.7987  1.7638    0.7311    355.9031   118.6682  1152.1417         523.3858             0.6860          0.0639           0      7.2
CAP-G600-B120-e0.5     54.8671     0.7723        54.1213  1.5292    0.8184    496.1519   123.6141  1281.7557         600.0000             0.8269          0.0200           0      7.0
CAP-G600-B120-e0.75    50.3449     0.8263        57.9026  1.5033    0.8280    503.9454   221.9106  1292.8646         600.0000             0.8399          0.0086           0      7.2
CAP-G600-B120-e0.9     49.9451     0.8310        58.2369  1.5038    0.8278    497.4064   316.1561  1276.9289         600.0000             0.8290          0.0070           0      7.0
CAP-G600-B600-e0       57.6324     0.7393        51.8090  1.8053    0.7157    216.4939   177.2233   992.1670         306.0000             0.7075          0.0496           0      7.0
CAP-G600-B600-e0.25    51.6790     0.8104        56.7871  1.5150    0.8236    478.0994   249.4014  1284.0543         600.0000             0.7968          0.0132           0      7.4
CAP-G600-B600-e0.5     49.9451     0.8310        58.2369  1.4939    0.8315    497.2366   307.9484  1288.0788         600.0000             0.8287          0.0081           0      8.3
CAP-G600-B600-e0.75    49.9422     0.8311        58.2393  1.5036    0.8279    497.4064   410.1963  1276.9289         600.0000             0.8290          0.0069           0      7.1
CAP-G600-B600-e0.9     49.9422     0.8311        58.2393  1.5036    0.8279    497.4064   410.1963  1276.9289         600.0000             0.8290          0.0069           0      7.2
FIX-G1200              48.5182     0.8481        59.4301  1.4037    0.8650   1095.9346   410.1963  1814.4347        1200.0000             0.9133          0.0007           0      8.2
CAP-G1200-B30-e0      115.6951     0.0465         3.2582  2.9300    0.2974     68.3868    62.4056   828.9080         163.5000             0.4183          0.4781           0      8.5
CAP-G1200-B30-e0.25    76.7040     0.5118        35.8617  1.9134    0.6755    315.6511    71.6597  1127.7799         493.3858             0.6459          0.1064           0      7.1
CAP-G1200-B30-e0.5     57.4049     0.7420        51.9992  1.5645    0.8052    864.6781   118.7819  1581.5841        1153.1574             0.7647          0.0448           0      7.4
CAP-G1200-B30-e0.75    50.3901     0.8257        57.8648  1.3911    0.8697   1108.8999   133.9597  1845.4709        1200.0000             0.9241          0.0125           0      7.8
CAP-G1200-B30-e0.9     48.5514     0.8477        59.4023  1.3845    0.8722   1095.6558   255.1832  1810.6336        1200.0000             0.9130          0.0026           0      7.6
CAP-G1200-B120-e0      95.6785     0.2853        19.9956  2.4112    0.4903    111.4802    76.1619   851.8445         186.0000             0.5994          0.2695           0      7.6
CAP-G1200-B120-e0.25   66.0161     0.6393        44.7987  1.7638    0.7311    355.9031   118.6682  1152.1417         523.3858             0.6860          0.0639           0      7.2
CAP-G1200-B120-e0.5    54.4428     0.7774        54.4760  1.4897    0.8330    876.3158   123.6141  1587.4703        1198.1574             0.7676          0.0189           0      7.0
CAP-G1200-B120-e0.75   49.3020     0.8387        58.7747  1.3834    0.8726   1103.4037   221.9106  1809.0675        1200.0000             0.9195          0.0057           0      7.5
CAP-G1200-B120-e0.9    48.5174     0.8481        59.4308  1.3945    0.8685   1097.8641   316.1561  1813.4267        1200.0000             0.9149          0.0015           0      7.0
CAP-G1200-B600-e0      57.6324     0.7393        51.8090  1.8053    0.7157    216.4939   177.2233   992.1670         306.0000             0.7075          0.0496           0      7.2
CAP-G1200-B600-e0.25   51.6947     0.8102        56.7740  1.5151    0.8236    508.5955   249.4014  1330.2547         683.3858             0.7473          0.0132           0      8.0
CAP-G1200-B600-e0.5    49.2002     0.8399        58.8598  1.4039    0.8650   1076.5608   307.9484  1813.1318        1200.0000             0.8971          0.0059           0      7.6
CAP-G1200-B600-e0.75   48.5077     0.8482        59.4388  1.3797    0.8740   1095.6100   410.1963  1807.6547        1200.0000             0.9130          0.0008           0      7.8
CAP-G1200-B600-e0.9    48.5182     0.8481        59.4301  1.4037    0.8650   1095.9346   410.1963  1814.4347        1200.0000             0.9133          0.0007           0      6.7
## done in 69 s
## 2026-09-19 22:28:20 manifest=423adbc90d3c1ceb9ab9dcaa2cad7ec224c73f9a7c662f98fd15c070ee8730e0 argv=--trace valid --rep 4 --level 2 --set grid --workers 6
[     1s] valid_rep4_L2_grid: k=4 rho_busy=1.0558 (target 1.0) n=17,646,125 weeks=30 selected=None
[     4s] FCFS reproduces the Kiefer-Wolfowitz recursion exactly (max |diff| 0)
[     4s] jobs FCFS would start within 1 s: 15,219,320 (86.2%)
                      w_p99_dl  gap_p99dl  red_p99dl_pct  w_mean  gap_mean  max_excess  harm_wf1s  max_heavy  guar_excess_max  used_over_allowed  qw_forced_frac  bound_viol  sim_sec
policy                                                                                                                                                                               
FCFS                  262.2438     0.0000         0.0000  8.6520    0.0000      0.0000     0.0000  1121.4200              inf                NaN          1.0000          -1      1.3
SJF-ref                46.0389     1.0000        82.4443  1.7298    1.0000   2486.7759   302.6694  3065.4098              inf                NaN          0.0000          -1      1.5
SPJF-tweedie           73.2540     0.8741        72.0665  2.3725    0.9072   4070.9296  1515.0461  4085.7108              inf                NaN          0.0000          -1      1.5
FIX-G300              174.4423     0.4061        33.4809  4.1353    0.6525    224.8578   184.2344  1271.6760         300.0000             0.7495          0.1468           0      8.4
CAP-G300-B30-e0       262.3112    -0.0003        -0.0257  7.2232    0.2064     73.6521    58.9117  1129.2954         157.5000             0.4676          0.6586           0      8.8
CAP-G300-B30-e0.25    191.7572     0.3260        26.8783  4.5543    0.5920    213.2628   101.6440  1271.7832         300.0000             0.7109          0.2078           0      7.6
CAP-G300-B30-e0.5     166.2698     0.4439        36.5972  4.2324    0.6385    224.8977   102.6200  1286.6191         300.0000             0.7497          0.1628           0      7.2
CAP-G300-B30-e0.75    169.3911     0.4295        35.4070  4.1310    0.6531    224.8612   181.6890  1271.7557         300.0000             0.7495          0.1506           0      7.4
CAP-G300-B30-e0.9     174.3513     0.4065        33.5156  4.1363    0.6524    224.8578   184.2344  1271.6760         300.0000             0.7495          0.1469           0      7.6
CAP-G300-B120-e0      258.0096     0.0196         1.6146  5.8348    0.4070    108.1439   101.6440  1151.8229         180.0000             0.6008          0.4391           0      7.6
CAP-G300-B120-e0.25   178.5050     0.3873        31.9316  4.3041    0.6281    223.4139   101.6440  1271.7043         300.0000             0.7447          0.1633           0      8.3
CAP-G300-B120-e0.5    169.4328     0.4293        35.3911  4.1375    0.6522    226.2954   132.6861  1271.7674         300.0000             0.7543          0.1503           0      8.0
CAP-G300-B120-e0.75   174.4398     0.4061        33.4818  4.1359    0.6524    224.8578   184.2344  1271.6760         300.0000             0.7495          0.1469           0      7.6
CAP-G300-B120-e0.9    174.4423     0.4061        33.4809  4.1353    0.6525    224.8578   184.2344  1271.6760         300.0000             0.7495          0.1468           0      7.3
CAP-G300-B600-e0      174.4423     0.4061        33.4809  4.1353    0.6525    224.8578   184.2344  1271.6760         300.0000             0.7495          0.1468           0      7.6
CAP-G300-B600-e0.25   174.4423     0.4061        33.4809  4.1353    0.6525    224.8578   184.2344  1271.6760         300.0000             0.7495          0.1468           0      7.0
CAP-G300-B600-e0.5    174.4423     0.4061        33.4809  4.1353    0.6525    224.8578   184.2344  1271.6760         300.0000             0.7495          0.1468           0      7.5
CAP-G300-B600-e0.75   174.4423     0.4061        33.4809  4.1353    0.6525    224.8578   184.2344  1271.6760         300.0000             0.7495          0.1468           0      7.0
CAP-G300-B600-e0.9    174.4423     0.4061        33.4809  4.1353    0.6525    224.8578   184.2344  1271.6760         300.0000             0.7495          0.1468           0      7.7
FIX-G600               93.1766     0.7820        64.4695  3.1140    0.8000    509.6558   483.9248  1609.5277         600.0000             0.8494          0.0271           0      7.5
CAP-G600-B30-e0       262.3112    -0.0003        -0.0257  7.2232    0.2064     73.6521    58.9117  1129.2954         157.5000             0.4676          0.6586           0      7.9
CAP-G600-B30-e0.25    185.9443     0.3529        29.0949  4.2907    0.6301    411.6288   101.6440  1507.6242         585.0913             0.7685          0.1770           0      6.8
CAP-G600-B30-e0.5     124.8467     0.6355        52.3929  3.4506    0.7514    508.5720   102.6200  1628.6371         600.0000             0.8476          0.0683           0      8.2
CAP-G600-B30-e0.75     96.1831     0.7681        63.3230  3.1390    0.7964    508.6868   181.6890  1628.2065         600.0000             0.8478          0.0360           0      7.8
CAP-G600-B30-e0.9      93.9835     0.7782        64.1618  3.1104    0.8006    504.4720   266.1315  1594.8602         600.0000             0.8408          0.0278           0      7.3
CAP-G600-B120-e0      258.0096     0.0196         1.6146  5.8348    0.4070    108.1439   101.6440  1151.8229         180.0000             0.6008          0.4391           0      7.5
CAP-G600-B120-e0.25   165.9626     0.4453        36.7144  3.8777    0.6897    448.6370   101.6440  1544.9687         600.0000             0.7890          0.1086           0      7.5
CAP-G600-B120-e0.5    116.6966     0.6732        55.5007  3.2937    0.7741    508.6980   132.6861  1628.3566         600.0000             0.8478          0.0449           0      7.1
CAP-G600-B120-e0.75    96.1523     0.7682        63.3348  3.1295    0.7978    521.8555   223.3976  1628.2650         600.0000             0.8698          0.0292           0      7.4
CAP-G600-B120-e0.9     93.2157     0.7818        64.4546  3.1133    0.8001    506.3748   483.9248  1609.5277         600.0000             0.8440          0.0272           0      7.3
CAP-G600-B600-e0      174.4423     0.4061        33.4809  4.1353    0.6525    224.8578   184.2344  1271.6760         300.0000             0.7495          0.1468           0      7.4
CAP-G600-B600-e0.25   111.9888     0.6950        57.2959  3.2496    0.7805    506.1466   226.8111  1627.5666         600.0000             0.8436          0.0412           0      7.3
CAP-G600-B600-e0.5     94.0398     0.7780        64.1403  3.1107    0.8005    514.5891   347.5878  1627.8058         600.0000             0.8576          0.0279           0      7.2
CAP-G600-B600-e0.75    93.1766     0.7820        64.4695  3.1140    0.8000    509.6558   483.9248  1609.5277         600.0000             0.8494          0.0271           0      6.7
CAP-G600-B600-e0.9     93.1766     0.7820        64.4695  3.1140    0.8000    509.6558   483.9248  1609.5277         600.0000             0.8494          0.0271           0      7.0
FIX-G1200              80.8293     0.8391        69.1778  2.6942    0.8607   1109.5874  1093.7809  2177.2546        1200.0000             0.9247          0.0030           0      7.2
CAP-G1200-B30-e0      262.3112    -0.0003        -0.0257  7.2232    0.2064     73.6521    58.9117  1129.2954         157.5000             0.4676          0.6586           0      7.5
CAP-G1200-B30-e0.25   185.9443     0.3529        29.0949  4.2907    0.6301    411.6288   101.6440  1507.6242         585.0913             0.7685          0.1770           0      8.1
CAP-G1200-B30-e0.5    120.0390     0.6577        54.2262  3.1496    0.7949   1092.4695   102.6200  2213.6634        1200.0000             0.9104          0.0570           0      7.6
CAP-G1200-B30-e0.75    87.2747     0.8093        66.7200  2.7570    0.8516   1108.3482   181.6890  2177.1061        1200.0000             0.9236          0.0164           0      6.9
CAP-G1200-B30-e0.9     81.3634     0.8366        68.9741  2.6772    0.8631   1099.1133   266.1315  2191.1109        1200.0000             0.9159          0.0052           0      8.3
CAP-G1200-B120-e0     258.0096     0.0196         1.6146  5.8348    0.4070    108.1439   101.6440  1151.8229         180.0000             0.6008          0.4391           0      7.9
CAP-G1200-B120-e0.25  165.9626     0.4453        36.7144  3.8777    0.6897    448.6370   101.6440  1544.9687         615.0913             0.7890          0.1086           0      7.7
CAP-G1200-B120-e0.5   109.6617     0.7057        58.1833  2.9532    0.8233   1082.8872   132.6861  2185.2951        1200.0000             0.9024          0.0315           0      7.6
CAP-G1200-B120-e0.75   85.0216     0.8197        67.5792  2.7103    0.8584   1108.3458   223.3976  2177.1061        1200.0000             0.9236          0.0083           0      7.1
CAP-G1200-B120-e0.9    80.6540     0.8399        69.2447  2.6900    0.8613   1099.1012   536.0654  2177.2541        1200.0000             0.9159          0.0039           0      7.2
CAP-G1200-B600-e0     174.4423     0.4061        33.4809  4.1353    0.6525    224.8578   184.2344  1271.6760         300.0000             0.7495          0.1468           0      7.0
CAP-G1200-B600-e0.25  111.6251     0.6966        57.4346  3.2141    0.7856    623.8722   226.8111  1738.0079         775.0913             0.8109          0.0387           0      7.0
CAP-G1200-B600-e0.5    85.1526     0.8191        67.5292  2.6623    0.8653   1099.1000   347.5878  2177.3147        1200.0000             0.9159          0.0095           0      7.0
CAP-G1200-B600-e0.75   80.2621     0.8417        69.3941  2.6575    0.8660   1106.6164   691.6785  2177.1707        1200.0000             0.9222          0.0033           0      6.9
CAP-G1200-B600-e0.9    80.8293     0.8391        69.1778  2.6942    0.8607   1109.5874  1093.7809  2177.2546        1200.0000             0.9247          0.0030           0      7.2
## done in 70 s
## 2026-09-19 22:29:54 manifest=423adbc90d3c1ceb9ab9dcaa2cad7ec224c73f9a7c662f98fd15c070ee8730e0 argv=--trace primary --rep 0 --level 0 --set main --workers 6
[     1s] primary_rep0_L0_main: k=8 rho_busy=0.5294 (target 0.5) n=17,634,760 weeks=30 selected={('cap', 300.0): (30.0, 0.5), ('fixsel', 300.0): (120.0, 0.0), ('cap', 600.0): (120.0, 0.75), ('fixsel', 600.0): (600.0, 0.0), ('cap', 1200.0): (120.0, 0.9), ('fixsel', 1200.0): (600.0, 0.0)}
[     6s] FCFS reproduces the Kiefer-Wolfowitz recursion exactly (max |diff| 0)
[     6s] jobs FCFS would start within 1 s: 17,156,990 (97.3%)
                    w_p99_dl  gap_p99dl  red_p99dl_pct  w_mean  gap_mean  max_excess  harm_wf1s  max_heavy  guar_excess_max  used_over_allowed  qw_forced_frac  bound_viol  sim_sec
policy                                                                                                                                                                             
FCFS                 22.1704     0.0000         0.0000  0.6024    0.0000      0.0000     0.0000   435.0229              inf                NaN          1.0000          -1      1.7
SJF-ref               8.3100     1.0000        62.5175  0.1884    1.0000   1034.0367   595.9372  1185.8986              inf                NaN          0.0000          -1      1.8
SPJF-M4              11.9787     0.7353        45.9700  0.2402    0.8749   1244.8206   140.7798  1365.8096              inf                NaN          0.0000          -1      1.8
SPJF-M4refit         11.9157     0.7399        46.2538  0.2398    0.8760   1234.3419   142.1805  1380.6951              inf                NaN          0.0000          -1      1.9
SPJF-tweedie         12.1893     0.7201        45.0200  0.2397    0.8761   1242.4782   238.0610  1369.4833              inf                NaN          0.0000          -1      1.8
SPJF-tweedie_itr     12.1660     0.7218        45.1250  0.2401    0.8751   1019.2273   244.9642  1179.1338              inf                NaN          0.0000          -1      1.8
SPJF-r1s             12.1829     0.7206        45.0486  0.2385    0.8791    990.6786   242.7750  1178.7786              inf                NaN          0.0000          -1      1.0
FIX-G300             12.6130     0.6895        43.1086  0.2867    0.7626    187.5548   181.7761   584.5137            300.0             0.6252          0.0047           0      6.7
FIXSEL-G300          14.0496     0.5859        36.6288  0.3681    0.5659     83.2459    64.3176   464.8269            195.0             0.4269          0.0692           0      6.6
CAP-G300             13.0878     0.6553        40.9672  0.2824    0.7729    187.0773    96.6418   585.1194            300.0             0.6236          0.0122           0      7.0
SKIP-G300            21.1383     0.0745         4.6552  0.5588    0.1054     46.2844    46.2844   435.7579            300.0             0.1543          0.4202           0      2.4
SKIPC-G300           21.3110     0.0620         3.8763  0.5664    0.0869     46.1460    46.1460   435.5074            300.0             0.1538          0.4362           0     10.7
FIX-G600             12.3215     0.7106        44.4236  0.2542    0.8410    488.1709   238.0610   865.9007            600.0             0.8136          0.0008           0      7.4
FIXSEL-G600          12.5289     0.6956        43.4880  0.2806    0.7773    201.6844   196.3645   597.2671            315.0             0.6403          0.0038           0      7.8
CAP-G600             12.3144     0.7111        44.4556  0.2593    0.8287    489.0894   238.0610   861.9830            600.0             0.8151          0.0011           0      7.2
SKIP-G600            19.6420     0.1824        11.4045  0.5211    0.1965     70.2223    59.8118   436.7991            600.0             0.1170          0.3409           0      2.1
SKIPC-G600           19.8009     0.1710        10.6875  0.5254    0.1859     68.9035    59.7114   436.5176            600.0             0.1148          0.3479           0      9.5
FIX-G1200            12.2175     0.7181        44.8928  0.2409    0.8733   1062.1160   238.0610  1201.5089           1200.0             0.8851          0.0000           0      7.0
FIXSEL-G1200         12.5289     0.6956        43.4880  0.2806    0.7773    201.6844   196.3645   597.2671            315.0             0.6403          0.0038           0      6.7
CAP-G1200            12.2276     0.7174        44.8472  0.2412    0.8724   1074.9827   238.0610  1225.0962           1200.0             0.8958          0.0001           0      7.0
SKIP-G1200           16.9696     0.3752        23.4581  0.4766    0.3040     73.9846    64.8169   438.9376           1200.0             0.0617          0.2593           0      2.0
SKIPC-G1200          17.0918     0.3664        22.9070  0.4786    0.2990     73.9846    64.7948   438.6410           1200.0             0.0617          0.2626           0      9.7
SPJF-reversed        33.2242    -0.7975       -49.8584  1.1428   -1.3052   1217.5678   812.1861   996.6542              inf                NaN          0.0000          -1      1.2
CAP-G600-reversed    33.6592    -0.8289       -51.8205  1.0809   -1.1559    486.0615   264.6864   845.4978            600.0             0.8101          0.1488           0      6.7
SPJF-random          12.8886     0.6697        41.8658  0.4265    0.4248   1307.6556  1250.2017  1379.1109              inf                NaN          0.0000          -1      1.2
CAP-G600-random      13.1412     0.6514        40.7264  0.4506    0.3668    482.1683   261.9240   870.4545            600.0             0.8036          0.0243           0      7.8
SPJF-top1short       29.7510    -0.5469       -34.1924  0.9878   -0.9308   1307.3153   826.5737  1172.7351              inf                NaN          0.0000          -1      1.1
CAP-G600-top1short   30.0296    -0.5670       -35.4489  0.9589   -0.8611    494.1345   270.0305   801.8803            600.0             0.8236          0.1343           0      6.3
## done in 39 s
## 2026-09-19 22:30:36 manifest=423adbc90d3c1ceb9ab9dcaa2cad7ec224c73f9a7c662f98fd15c070ee8730e0 argv=--trace primary --rep 0 --level 1 --set main --workers 6
[     1s] primary_rep0_L1_main: k=5 rho_busy=0.8471 (target 0.8) n=17,634,760 weeks=30 selected={('cap', 300.0): (30.0, 0.5), ('fixsel', 300.0): (120.0, 0.0), ('cap', 600.0): (120.0, 0.75), ('fixsel', 600.0): (600.0, 0.0), ('cap', 1200.0): (120.0, 0.9), ('fixsel', 1200.0): (600.0, 0.0)}
[     6s] FCFS reproduces the Kiefer-Wolfowitz recursion exactly (max |diff| 0)
[     6s] jobs FCFS would start within 1 s: 16,013,840 (90.8%)
                    w_p99_dl  gap_p99dl  red_p99dl_pct  w_mean  gap_mean  max_excess  harm_wf1s  max_heavy  guar_excess_max  used_over_allowed  qw_forced_frac  bound_viol  sim_sec
policy                                                                                                                                                                             
FCFS                109.7080     0.0000         0.0000  4.1060    0.0000      0.0000     0.0000  1022.8812              inf                NaN          1.0000          -1      1.5
SJF-ref              34.1863     1.0000        68.8388  0.9655    1.0000   2667.4241   774.8472  3072.2622              inf                NaN          0.0000          -1      1.6
SPJF-M4              44.6934     0.8609        59.2615  1.2398    0.9127   3055.1176   241.4443  3346.7394              inf                NaN          0.0000          -1      1.7
SPJF-M4refit         44.7664     0.8599        59.1949  1.2418    0.9120   3055.1233   241.4295  3346.7451              inf                NaN          0.0000          -1      1.7
SPJF-tweedie         43.8625     0.8719        60.0189  1.2304    0.9156   3044.4703   249.1842  3312.7708              inf                NaN          0.0000          -1      1.7
SPJF-tweedie_itr     43.8706     0.8718        60.0115  1.2302    0.9157   2691.2412   222.6900  3131.8871              inf                NaN          0.0000          -1      1.7
SPJF-r1s             43.1173     0.8817        60.6981  1.2284    0.9163   2657.6554   250.5962  3098.1727              inf                NaN          0.0000          -1      1.2
FIX-G300             53.5977     0.7430        51.1452  2.0493    0.6549    214.1233   177.0591  1166.8651            300.0             0.7137          0.1144           0      7.2
FIXSEL-G300          84.5645     0.3329        22.9186  2.8428    0.4022    104.2954    86.4671  1053.0366            186.0             0.5607          0.3967           0      7.6
CAP-G300             56.5136     0.7044        48.4873  2.0860    0.6432    199.5435    86.6265  1166.8668            300.0             0.6651          0.1298           0      7.4
SKIP-G300           109.3178     0.0052         0.3557  3.9592    0.0467     57.4421    53.1605  1023.6761            300.0             0.1915          0.8018           0      2.2
SKIPC-G300          109.3147     0.0052         0.3585  3.9843    0.0387     57.4078    52.9888  1023.4945            300.0             0.1914          0.8134           0      9.4
FIX-G600             47.4309     0.8246        56.7663  1.5509    0.8136    507.9580   249.1842  1460.8056            600.0             0.8466          0.0118           0      7.5
FIXSEL-G600          53.1781     0.7485        51.5276  2.0180    0.6649    224.7916   183.9358  1172.9694            306.0             0.7346          0.1086           0      6.9
CAP-G600             47.8387     0.8192        56.3945  1.5309    0.8199    513.8331   188.8502  1466.8131            600.0             0.8564          0.0123           0      6.6
SKIP-G600           108.9690     0.0098         0.6736  3.7963    0.0986     76.3636    54.1788  1024.8908            600.0             0.1273          0.7337           0      2.6
SKIPC-G600          109.0173     0.0091         0.6296  3.8146    0.0928     76.3619    54.0513  1024.8385            600.0             0.1273          0.7405           0     10.5
FIX-G1200            45.8177     0.8460        58.2367  1.3869    0.8658   1103.9312   249.1842  2063.6457           1200.0             0.9199          0.0024           0      7.6
FIXSEL-G1200         53.1781     0.7485        51.5276  2.0180    0.6649    224.7916   183.9358  1172.9694            306.0             0.7346          0.1086           0      6.9
CAP-G1200            45.7327     0.8471        58.3141  1.3628    0.8735   1091.0432   249.1842  2063.6422           1200.0             0.9092          0.0024           0      6.9
SKIP-G1200          107.5325     0.0288         1.9830  3.5585    0.1743    103.3365    60.8476  1027.0167           1200.0             0.0861          0.6512           0      2.2
SKIPC-G1200         107.5864     0.0281         1.9338  3.5705    0.1705    103.3365    60.8411  1026.9663           1200.0             0.0861          0.6550           0     11.4
SPJF-reversed       218.0718    -1.4349       -98.7748  7.6156   -1.1176   3387.8909  3387.8909  1989.7746              inf                NaN          0.0000          -1      1.3
CAP-G600-reversed   220.5381    -1.4675      -101.0228  6.9289   -0.8989    512.4809   314.0001  1463.3962            600.0             0.8541          0.3143           0      7.5
SPJF-random          75.4636     0.4534        31.2141  2.7737    0.4242   3319.4227  3257.8537  3311.2105              inf                NaN          0.0000          -1      1.4
CAP-G600-random      84.0051     0.3403        23.4285  3.1923    0.2909    501.2349   337.5131  1467.3227            600.0             0.8354          0.1382           0      7.8
SPJF-top1short      207.0599    -1.2891       -88.7373  6.4524   -0.7472   3292.0641  3181.7069  3101.9555              inf                NaN          0.0000          -1      1.1
CAP-G600-top1short  211.9869    -1.3543       -93.2283  6.1584   -0.6535    512.2293   308.4754  1196.0840            600.0             0.8537          0.2763           0      6.7
## done in 40 s
## 2026-09-19 22:31:19 manifest=423adbc90d3c1ceb9ab9dcaa2cad7ec224c73f9a7c662f98fd15c070ee8730e0 argv=--trace primary --rep 0 --level 2 --set main --workers 6
[     1s] primary_rep0_L2_main: k=4 rho_busy=1.0589 (target 1.0) n=17,634,760 weeks=30 selected={('cap', 300.0): (30.0, 0.5), ('fixsel', 300.0): (120.0, 0.0), ('cap', 600.0): (120.0, 0.75), ('fixsel', 600.0): (600.0, 0.0), ('cap', 1200.0): (120.0, 0.9), ('fixsel', 1200.0): (600.0, 0.0)}
[     6s] FCFS reproduces the Kiefer-Wolfowitz recursion exactly (max |diff| 0)
[     6s] jobs FCFS would start within 1 s: 15,184,765 (86.1%)
                    w_p99_dl  gap_p99dl  red_p99dl_pct   w_mean  gap_mean  max_excess  harm_wf1s  max_heavy  guar_excess_max  used_over_allowed  qw_forced_frac  bound_viol  sim_sec
policy                                                                                                                                                                              
FCFS                263.1202     0.0000         0.0000  10.0987    0.0000      0.0000     0.0000  1542.7545              inf                NaN          1.0000          -1      1.4
SJF-ref              42.8808     1.0000        83.7030   1.6498    1.0000   4755.4670  1101.4794  5299.5324              inf                NaN          0.0000          -1      1.7
SPJF-M4              66.5706     0.8924        74.6996   2.2955    0.9236   5882.9188   483.2014  6264.1391              inf                NaN          0.0000          -1      1.7
SPJF-M4refit         66.7525     0.8916        74.6304   2.3003    0.9230   5896.5786   479.3118  6278.3016              inf                NaN          0.0000          -1      1.7
SPJF-tweedie         62.2255     0.9122        76.3509   2.2402    0.9301   5904.5174   462.7203  6286.2405              inf                NaN          0.0000          -1      1.7
SPJF-tweedie_itr     62.1832     0.9124        76.3670   2.2401    0.9301   5448.9042   355.7582  6085.5346              inf                NaN          0.0000          -1      1.7
SPJF-r1s             61.2577     0.9166        76.7187   2.2516    0.9288   5368.1557   372.5808  5964.3655              inf                NaN          0.0000          -1      1.2
FIX-G300            163.9905     0.4501        37.6747   5.3885    0.5575    214.1944   198.7915  1692.8864            300.0             0.7140          0.2787           0      6.7
FIXSEL-G300         246.6677     0.0747         6.2528   7.4152    0.3176    105.4014   100.0030  1572.8140            180.0             0.5856          0.5794           0      7.0
CAP-G300            159.1120     0.4723        39.5288   5.4914    0.5453    212.8382   103.3366  1692.8690            300.0             0.7095          0.2907           0      6.9
SKIP-G300           262.8515     0.0012         0.1021   9.8735    0.0267     65.4711    45.8400  1543.5620            300.0             0.2182          0.9013           0      2.4
SKIPC-G300          262.8425     0.0013         0.1056   9.9118    0.0221     63.8906    45.8400  1543.5149            300.0             0.2130          0.9082           0      9.4
FIX-G600             85.8167     0.8050        67.3850   3.8242    0.7426    510.6829   450.3380  1992.9409            600.0             0.8511          0.0793           0      7.8
FIXSEL-G600         163.9905     0.4501        37.6747   5.3885    0.5575    214.1944   198.7915  1692.8864            300.0             0.7140          0.2787           0      7.3
CAP-G600             88.0497     0.7949        66.5363   3.7637    0.7498    510.6834   259.3807  1992.9672            600.0             0.8511          0.0781           0      7.0
SKIP-G600           262.5456     0.0026         0.2184   9.6076    0.0581    100.4235    62.5342  1544.7401            600.0             0.1674          0.8587           0      2.5
SKIPC-G600          262.5130     0.0028         0.2308   9.6381    0.0545     94.7538    62.5119  1544.6484            600.0             0.1579          0.8630           0     10.2
FIX-G1200            72.2769     0.8665        72.5308   2.9910    0.8413   1107.6817   462.7203  2597.9366           1200.0             0.9231          0.0082           0      7.3
FIXSEL-G1200        163.9905     0.4501        37.6747   5.3885    0.5575    214.1944   198.7915  1692.8864            300.0             0.7140          0.2787           0      6.8
CAP-G1200            71.9845     0.8679        72.6420   2.9237    0.8492   1114.6896   318.5154  2596.9028           1200.0             0.9289          0.0093           0      8.1
SKIP-G1200          262.8495     0.0012         0.1029   9.1808    0.1086    118.8931    84.7016  1547.4760           1200.0             0.0991          0.8014           0      2.3
SKIPC-G1200         262.7231     0.0018         0.1509   9.2033    0.1060    118.6860    84.6495  1547.4251           1200.0             0.0989          0.8039           0      8.8
SPJF-reversed       521.0554    -1.1712       -98.0294  18.7076   -1.0189   6295.6521  5248.8356  2654.8304              inf                NaN          0.0000          -1      1.3
CAP-G600-reversed   505.4991    -1.1005       -92.1171  16.4704   -0.7542    530.9414   278.3106  1994.3181            600.0             0.8849          0.4416           0      6.9
SPJF-random         183.8038     0.3601        30.1446   6.6550    0.4076   6235.4935  6173.5747  6199.5512              inf                NaN          0.0000          -1      1.4
CAP-G600-random     248.4216     0.0667         5.5863   8.1231    0.2338    520.7344   328.1226  2007.5660            600.0             0.8679          0.2526           0      6.9
SPJF-top1short      493.4949    -1.0460       -87.5549  15.3477   -0.6213   6108.8603  3244.2250  6021.3177              inf                NaN          0.0000          -1      1.2
CAP-G600-top1short  509.2204    -1.1174       -93.5314  14.6918   -0.5436    522.9176   316.6096  1462.5606            600.0             0.8715          0.4050           0      6.6
## done in 40 s
## 2026-09-19 22:32:01 manifest=423adbc90d3c1ceb9ab9dcaa2cad7ec224c73f9a7c662f98fd15c070ee8730e0 argv=--trace primary --rep 1 --level 0 --set main --workers 6
[     1s] primary_rep1_L0_main: k=8 rho_busy=0.4942 (target 0.5) n=17,634,760 weeks=30 selected={('cap', 300.0): (30.0, 0.5), ('fixsel', 300.0): (120.0, 0.0), ('cap', 600.0): (120.0, 0.75), ('fixsel', 600.0): (600.0, 0.0), ('cap', 1200.0): (120.0, 0.9), ('fixsel', 1200.0): (600.0, 0.0)}
[     6s] FCFS reproduces the Kiefer-Wolfowitz recursion exactly (max |diff| 0)
[     6s] jobs FCFS would start within 1 s: 17,182,836 (97.4%)
                    w_p99_dl  gap_p99dl  red_p99dl_pct  w_mean  gap_mean  max_excess  harm_wf1s  max_heavy  guar_excess_max  used_over_allowed  qw_forced_frac  bound_viol  sim_sec
policy                                                                                                                                                                             
FCFS                 21.2035     0.0000         0.0000  0.5806    0.0000      0.0000     0.0000   349.0400              inf                NaN          1.0000          -1      1.5
SJF-ref               7.5627     1.0000        64.3327  0.1767    1.0000    854.0661   442.0649   960.3062              inf                NaN          0.0000          -1      1.6
SPJF-M4              10.8169     0.7614        48.9854  0.2249    0.8808   1077.8610   148.0077  1183.9198              inf                NaN          0.0000          -1      1.6
SPJF-M4refit         10.8041     0.7624        49.0457  0.2253    0.8798   1077.9504   147.9171  1183.9332              inf                NaN          0.0000          -1      1.6
SPJF-tweedie         10.8987     0.7554        48.5997  0.2234    0.8844   1083.2970    89.7864  1189.3064              inf                NaN          0.0000          -1      1.6
SPJF-tweedie_itr     10.8415     0.7596        48.8695  0.2220    0.8878    864.3125   123.4612  1007.6234              inf                NaN          0.0000          -1      1.6
SPJF-r1s             11.2011     0.7333        47.1732  0.2238    0.8833    862.9927   152.3750  1005.0293              inf                NaN          0.0000          -1      1.0
FIX-G300             11.2226     0.7317        47.0718  0.2668    0.7769    183.9105    89.7864   499.8975            300.0             0.6130          0.0050           0      6.5
FIXSEL-G300          12.5576     0.6338        40.7755  0.3482    0.5753     85.4875    60.1238   379.6233            195.0             0.4384          0.0685           0      7.1
CAP-G300             11.7046     0.6964        44.7986  0.2631    0.7861    183.9468    76.8776   497.7277            300.0             0.6132          0.0134           0      7.2
SKIP-G300            19.9478     0.0921         5.9219  0.5372    0.1075     46.2082    46.2082   350.0099            300.0             0.1540          0.4280           0      2.1
SKIPC-G300           20.2300     0.0714         4.5913  0.5452    0.0876     52.1487    46.1732   349.7994            300.0             0.1738          0.4444           0     10.8
FIX-G600             10.9913     0.7487        48.1630  0.2367    0.8515    491.2094    89.7864   792.6403            600.0             0.8187          0.0007           0      6.9
FIXSEL-G600          11.2122     0.7325        47.1211  0.2626    0.7873    205.1539    89.7864   506.5717            315.0             0.6513          0.0041           0      7.1
CAP-G600             10.9632     0.7507        48.2954  0.2379    0.8485    489.2681    89.7864   794.0087            600.0             0.8154          0.0008           0      7.7
SKIP-G600            17.9716     0.2369        15.2422  0.4985    0.2032     71.0109    50.6830   351.3344            600.0             0.1184          0.3501           0      2.1
SKIPC-G600           18.2274     0.2182        14.0358  0.5030    0.1922     71.0109    50.6413   351.1334            600.0             0.1184          0.3574           0     10.2
FIX-G1200            10.9020     0.7552        48.5837  0.2235    0.8842   1065.2785    89.7864  1171.6704           1200.0             0.8877          0.0000           0      7.4
FIXSEL-G1200         11.2122     0.7325        47.1211  0.2626    0.7873    205.1539    89.7864   506.5717            315.0             0.6513          0.0041           0      7.6
CAP-G1200            10.8773     0.7570        48.7002  0.2229    0.8856   1059.1967    89.7864  1165.2039           1200.0             0.8827          0.0000           0      7.6
SKIP-G1200           15.4574     0.4212        27.0995  0.4549    0.3112     85.6100    54.6639   353.5454           1200.0             0.0713          0.2688           0      2.0
SKIPC-G1200          15.5708     0.4129        26.5650  0.4571    0.3059     85.4875    54.6639   353.2236           1200.0             0.0712          0.2726           0     11.1
SPJF-reversed        31.7388    -0.7723       -49.6867  1.1506   -1.4115   1114.7644   958.2591   782.2699              inf                NaN          0.0000          -1      1.0
CAP-G600-reversed    32.1638    -0.8035       -51.6910  1.0975   -1.2799    489.8949   230.9364   620.9047            600.0             0.8165          0.1324           0      6.2
SPJF-random          12.2006     0.6600        42.4596  0.4118    0.4180   1113.3099   950.6230  1181.1275              inf                NaN          0.0000          -1      1.3
CAP-G600-random      12.3839     0.6466        41.5948  0.4255    0.3840    489.9349   269.0737   798.0292            600.0             0.8166          0.0183           0      6.7
SPJF-top1short       28.4836    -0.5337       -34.3347  0.9788   -0.9859   1096.7220  1076.4828   991.9014              inf                NaN          0.0000          -1      0.9
CAP-G600-top1short   28.9600    -0.5686       -36.5811  0.9526   -0.9211    493.6506   227.9034   719.2093            600.0             0.8228          0.1180           0      6.5
## done in 38 s
## 2026-09-19 22:32:42 manifest=423adbc90d3c1ceb9ab9dcaa2cad7ec224c73f9a7c662f98fd15c070ee8730e0 argv=--trace primary --rep 1 --level 1 --set main --workers 6
[     1s] primary_rep1_L1_main: k=5 rho_busy=0.7907 (target 0.8) n=17,634,760 weeks=30 selected={('cap', 300.0): (30.0, 0.5), ('fixsel', 300.0): (120.0, 0.0), ('cap', 600.0): (120.0, 0.75), ('fixsel', 600.0): (600.0, 0.0), ('cap', 1200.0): (120.0, 0.9), ('fixsel', 1200.0): (600.0, 0.0)}
[     6s] FCFS reproduces the Kiefer-Wolfowitz recursion exactly (max |diff| 0)
[     6s] jobs FCFS would start within 1 s: 16,023,981 (90.9%)
                    w_p99_dl  gap_p99dl  red_p99dl_pct  w_mean  gap_mean  max_excess  harm_wf1s  max_heavy  guar_excess_max  used_over_allowed  qw_forced_frac  bound_viol  sim_sec
policy                                                                                                                                                                             
FCFS                111.4636     0.0000         0.0000  4.2733    0.0000      0.0000     0.0000   848.2843              inf                NaN          1.0000          -1      1.5
SJF-ref              32.2131     1.0000        71.0999  0.9177    1.0000   2410.5084   255.4372  2755.8509              inf                NaN          0.0000          -1      1.7
SPJF-M4              42.6237     0.8686        61.7600  1.1919    0.9183   2814.9300   390.8841  3017.1815              inf                NaN          0.0000          -1      1.7
SPJF-M4refit         42.6273     0.8686        61.7567  1.1924    0.9181   2814.9129   390.4717  3017.1814              inf                NaN          0.0000          -1      1.7
SPJF-tweedie         41.2068     0.8865        63.0312  1.1733    0.9238   2846.3936   264.4993  3048.7158              inf                NaN          0.0000          -1      1.6
SPJF-tweedie_itr     41.0501     0.8885        63.1717  1.1723    0.9241   2512.3208   208.3600  2834.2860              inf                NaN          0.0000          -1      1.6
SPJF-r1s             40.8208     0.8914        63.3775  1.1714    0.9244   2483.0791   266.3374  2864.0596              inf                NaN          0.0000          -1      1.1
FIX-G300             50.9633     0.7634        54.2781  2.0794    0.6538    198.2737   174.0038   986.8700            300.0             0.6609          0.1205           0      7.2
FIXSEL-G300          89.2851     0.2799        19.8976  2.9855    0.3838    109.7156   109.5163   878.4351            186.0             0.5899          0.4395           0      7.6
CAP-G300             54.2960     0.7214        51.2881  2.0987    0.6481    197.6537   109.5862   992.2464            300.0             0.6588          0.1296           0      7.0
SKIP-G300           111.1096     0.0045         0.3177  4.1297    0.0428     64.1504    58.7767   848.9821            300.0             0.2138          0.8225           0      2.3
SKIPC-G300          111.0932     0.0047         0.3323  4.1551    0.0352     63.8906    58.7084   848.9774            300.0             0.2130          0.8328           0     10.2
FIX-G600             44.9646     0.8391        59.6598  1.5114    0.8231    511.3087   264.4993  1291.5840            600.0             0.8522          0.0122           0      6.7
FIXSEL-G600          50.3250     0.7715        54.8507  2.0494    0.6627    201.2638   174.0720   993.3873            306.0             0.6577          0.1127           0      6.6
CAP-G600             45.3351     0.8344        59.3274  1.4751    0.8339    489.4102   206.8726  1292.4336            600.0             0.8157          0.0129           0      6.7
SKIP-G600           110.6205     0.0106         0.7564  3.9693    0.0906     97.5376    63.5414   850.1495            600.0             0.1626          0.7633           0      2.4
SKIPC-G600          110.6866     0.0098         0.6971  3.9883    0.0849     97.5376    63.3953   850.1311            600.0             0.1626          0.7688           0      9.7
FIX-G1200            43.3750     0.8592        61.0859  1.3378    0.8748   1110.9289   264.4993  1892.4068           1200.0             0.9258          0.0024           0      6.9
FIXSEL-G1200         50.3250     0.7715        54.8507  2.0494    0.6627    201.2638   174.0720   993.3873            306.0             0.6577          0.1127           0      7.2
CAP-G1200            43.3569     0.8594        61.1022  1.3392    0.8744   1110.9281   264.4993  1892.3531           1200.0             0.9258          0.0029           0      7.1
SKIP-G1200          109.1059     0.0298         2.1153  3.7368    0.1599    113.9551    83.5539   852.2125           1200.0             0.0950          0.6910           0      2.2
SKIPC-G1200         109.2976     0.0273         1.9433  3.7486    0.1564    113.8946    83.5464   852.0482           1200.0             0.0949          0.6942           0     10.2
SPJF-reversed       218.5583    -1.3513       -96.0804  8.1292   -1.1491   3076.3412  1820.9504  1565.2841              inf                NaN          0.0000          -1      1.2
CAP-G600-reversed   227.3489    -1.4623      -103.9669  7.3205   -0.9081    513.5491   323.4062  1264.9372            600.0             0.8559          0.3736           0      6.5
SPJF-random          74.6205     0.4649        33.0540  2.9548    0.3929   3074.0481  2161.8949  2970.0419              inf                NaN          0.0000          -1      1.4
CAP-G600-random      84.9322     0.3348        23.8028  3.4326    0.2505    504.5105   325.9795  1290.8751            600.0             0.8409          0.1657           0      6.8
SPJF-top1short      204.3433    -1.1720       -83.3273  6.8203   -0.7590   2948.2476  1539.1425  2815.7493              inf                NaN          0.0000          -1      1.0
CAP-G600-top1short  218.4433    -1.3499       -95.9772  6.5232   -0.6705    508.8908   305.6148  1127.4087            600.0             0.8482          0.3376           0      6.6
## done in 39 s
## 2026-09-19 22:33:23 manifest=423adbc90d3c1ceb9ab9dcaa2cad7ec224c73f9a7c662f98fd15c070ee8730e0 argv=--trace primary --rep 1 --level 2 --set main --workers 6
[     1s] primary_rep1_L2_main: k=4 rho_busy=0.9884 (target 1.0) n=17,634,760 weeks=30 selected={('cap', 300.0): (30.0, 0.5), ('fixsel', 300.0): (120.0, 0.0), ('cap', 600.0): (120.0, 0.75), ('fixsel', 600.0): (600.0, 0.0), ('cap', 1200.0): (120.0, 0.9), ('fixsel', 1200.0): (600.0, 0.0)}
[     6s] FCFS reproduces the Kiefer-Wolfowitz recursion exactly (max |diff| 0)
[     6s] jobs FCFS would start within 1 s: 15,176,210 (86.1%)
                    w_p99_dl  gap_p99dl  red_p99dl_pct   w_mean  gap_mean  max_excess  harm_wf1s  max_heavy  guar_excess_max  used_over_allowed  qw_forced_frac  bound_viol  sim_sec
policy                                                                                                                                                                              
FCFS                277.8373     0.0000         0.0000  10.8652    0.0000      0.0000     0.0000  1268.6875              inf                NaN          1.0000          -1      1.5
SJF-ref              43.3656     1.0000        84.3917   1.6852    1.0000   4030.3125   379.8092  4497.8479              inf                NaN          0.0000          -1      1.7
SPJF-M4              65.0198     0.9076        76.5979   2.3102    0.9319   5103.4421   352.1729  5393.3568              inf                NaN          0.0000          -1      1.9
SPJF-M4refit         65.1128     0.9073        76.5644   2.3144    0.9315   5103.3779   352.0779  5393.3555              inf                NaN          0.0000          -1      1.8
SPJF-tweedie         60.6784     0.9262        78.1604   2.2662    0.9367   5099.8912   646.8714  5389.8970              inf                NaN          0.0000          -1      1.8
SPJF-tweedie_itr     61.2449     0.9237        77.9566   2.2781    0.9354   4678.8165   493.0048  5196.7672              inf                NaN          0.0000          -1      1.8
SPJF-r1s             60.6976     0.9261        78.1536   2.2765    0.9356   4605.3305   622.0065  5109.5123              inf                NaN          0.0000          -1      1.2
FIX-G300            171.5761     0.4532        38.2458   6.0214    0.5276    215.5266   208.1596  1419.0196            300.0             0.7184          0.3229           0      7.1
FIXSEL-G300         274.6003     0.0138         1.1651   8.2488    0.2850    113.4302    98.0633  1299.1468            180.0             0.6302          0.6303           0      7.4
CAP-G300            167.6592     0.4699        39.6556   6.1489    0.5138    217.9603    98.2421  1419.1923            300.0             0.7265          0.3269           0      7.6
SKIP-G300           277.5520     0.0012         0.1027  10.6457    0.0239     65.4817    52.7216  1269.6252            300.0             0.2183          0.9147           0      2.8
SKIPC-G300          277.6375     0.0009         0.0719  10.6833    0.0198     63.8906    52.4757  1269.3061            300.0             0.2130          0.9207           0     11.8
FIX-G600             84.6555     0.8239        69.5305   4.1010    0.7368    515.8403   450.9349  1718.9898            600.0             0.8597          0.0784           0      7.1
FIXSEL-G600         171.5761     0.4532        38.2458   6.0214    0.5276    215.5266   208.1596  1419.0196            300.0             0.7184          0.3229           0      6.7
CAP-G600             86.6803     0.8153        68.8018   4.0375    0.7438    515.8429   233.1097  1718.9746            600.0             0.8597          0.0752           0      7.9
SKIP-G600           277.5881     0.0011         0.0897  10.3904    0.0517    107.2558    54.1412  1270.8339            600.0             0.1788          0.8779           0      2.3
SKIPC-G600          277.5815     0.0011         0.0921  10.4193    0.0486    107.1589    54.0703  1270.6203            600.0             0.1786          0.8814           0      9.7
FIX-G1200            69.7913     0.8873        74.8805   3.0938    0.8466   1116.4944   646.8714  2323.9605           1200.0             0.9304          0.0077           0      7.6
FIXSEL-G1200        171.5761     0.4532        38.2458   6.0214    0.5276    215.5266   208.1596  1419.0196            300.0             0.7184          0.3229           0      8.2
CAP-G1200            69.6330     0.8880        74.9375   2.9868    0.8582   1110.6406   450.9349  2338.0569           1200.0             0.9255          0.0084           0      7.3
SKIP-G1200          277.8684    -0.0001        -0.0112   9.9806    0.0964    144.4814    84.8390  1273.0608           1200.0             0.1204          0.8281           0      2.4
SKIPC-G1200         277.8483    -0.0000        -0.0039  10.0021    0.0940    135.6561    84.7347  1272.8708           1200.0             0.1130          0.8302           0     11.5
SPJF-reversed       567.1998    -1.2341      -104.1482  20.1704   -1.0136   5432.9949  3749.2119  2237.5788              inf                NaN          0.0000          -1      1.4
CAP-G600-reversed   565.7295    -1.2278      -103.6190  17.6078   -0.7345    525.0135   289.9067  1720.5948            600.0             0.8750          0.4786           0      6.6
SPJF-random         191.8163     0.3669        30.9609   7.3465    0.3833   5420.3787  3772.1538  4809.0101              inf                NaN          0.0000          -1      1.5
CAP-G600-random     264.1506     0.0584         4.9262   9.0006    0.2031    510.8985   331.1086  1729.0544            600.0             0.8515          0.2818           0      7.5
SPJF-top1short      537.8297    -1.1088       -93.5772  16.5830   -0.6229   5458.6544  3399.0374  5153.4591              inf                NaN          0.0000          -1      1.2
CAP-G600-top1short  565.7118    -1.2278      -103.6126  15.6793   -0.5244    523.1898   296.3080  1540.0082            600.0             0.8720          0.4346           0      7.5
## done in 41 s
## 2026-09-19 22:34:07 manifest=423adbc90d3c1ceb9ab9dcaa2cad7ec224c73f9a7c662f98fd15c070ee8730e0 argv=--trace primary --rep 2 --level 0 --set main --workers 6
[     1s] primary_rep2_L0_main: k=8 rho_busy=0.4901 (target 0.5) n=17,634,760 weeks=30 selected={('cap', 300.0): (30.0, 0.5), ('fixsel', 300.0): (120.0, 0.0), ('cap', 600.0): (120.0, 0.75), ('fixsel', 600.0): (600.0, 0.0), ('cap', 1200.0): (120.0, 0.9), ('fixsel', 1200.0): (600.0, 0.0)}
[     6s] FCFS reproduces the Kiefer-Wolfowitz recursion exactly (max |diff| 0)
[     6s] jobs FCFS would start within 1 s: 17,130,247 (97.1%)
                    w_p99_dl  gap_p99dl  red_p99dl_pct  w_mean  gap_mean  max_excess  harm_wf1s  max_heavy  guar_excess_max  used_over_allowed  qw_forced_frac  bound_viol  sim_sec
policy                                                                                                                                                                             
FCFS                 26.8419     0.0000         0.0000  0.6604    0.0000      0.0000     0.0000   370.7709              inf                NaN          1.0000          -1      1.5
SJF-ref              10.4898     1.0000        60.9199  0.2211    1.0000    695.6382   476.8432   806.2394              inf                NaN          0.0000          -1      1.6
SPJF-M4              14.6350     0.7465        45.4769  0.2854    0.8536    869.3420   396.4446   983.3879              inf                NaN          0.0000          -1      1.6
SPJF-M4refit         14.6416     0.7461        45.4523  0.2859    0.8526    863.6946   396.4730   976.6091              inf                NaN          0.0000          -1      1.6
SPJF-tweedie         14.6193     0.7475        45.5353  0.2826    0.8601    861.4499   229.0067   974.4251              inf                NaN          0.0000          -1      1.6
SPJF-tweedie_itr     14.6602     0.7450        45.3831  0.2823    0.8607    649.9013   248.7665   774.4240              inf                NaN          0.0000          -1      1.6
SPJF-r1s             14.8562     0.7330        44.6531  0.2817    0.8621    658.6688   236.5741   780.6262              inf                NaN          0.0000          -1      1.1
FIX-G300             15.0617     0.7204        43.8874  0.3284    0.7557    201.1524   187.8596   552.7699            300.0             0.6705          0.0067           0      7.7
FIXSEL-G300          16.8369     0.6118        37.2737  0.4140    0.5608     90.1403    74.7029   400.9226            195.0             0.4623          0.0776           0      7.3
CAP-G300             15.8387     0.6729        40.9925  0.3335    0.7441    193.0746    97.2351   552.8260            300.0             0.6436          0.0206           0      7.1
SKIP-G300            25.4283     0.0864         5.2664  0.6125    0.1089     51.6510    36.8592   371.4881            300.0             0.1722          0.4436           0      2.2
SKIPC-G300           25.6290     0.0742         4.5187  0.6211    0.0893     51.6510    36.8295   371.2896            300.0             0.1722          0.4601           0      9.9
FIX-G600             14.7698     0.7383        44.9748  0.2926    0.8373    472.7865   229.0067   684.1182            600.0             0.7880          0.0005           0      7.1
FIXSEL-G600          15.0648     0.7202        43.8757  0.3241    0.7656    206.0698   187.9926   552.9094            315.0             0.6542          0.0058           0      7.6
CAP-G600             14.7903     0.7370        44.8984  0.2954    0.8307    488.6210   229.0067   684.6513            600.0             0.8144          0.0015           0      6.9
SKIP-G600            24.0128     0.1730        10.5398  0.5712    0.2029     63.0977    40.2699   372.5236            600.0             0.1052          0.3609           0      2.3
SKIPC-G600           24.2075     0.1611         9.8143  0.5758    0.1925     62.9807    40.2170   372.3406            600.0             0.1050          0.3682           0      9.7
FIX-G1200            14.6193     0.7475        45.5353  0.2826    0.8601    861.4499   229.0067   974.4251           1200.0             0.7179          0.0000           0      7.1
FIXSEL-G1200         15.0648     0.7202        43.8757  0.3241    0.7656    206.0698   187.9926   552.9094            315.0             0.6542          0.0058           0      7.6
CAP-G1200            14.6188     0.7475        45.5375  0.2826    0.8601    861.4535   229.0067   974.4251           1200.0             0.7179          0.0000           0      7.4
SKIP-G1200           20.7839     0.3705        22.5692  0.5236    0.3113     78.2332    57.6752   374.6569           1200.0             0.0652          0.2765           0      2.0
SKIPC-G1200          20.9425     0.3608        21.9783  0.5260    0.3059     78.1927    57.3033   374.5898           1200.0             0.0652          0.2798           0     10.0
SPJF-reversed        40.1379    -0.8131       -49.5344  1.1833   -1.1904    861.2511   618.1519   711.9966              inf                NaN          0.0000          -1      1.1
CAP-G600-reversed    40.6574    -0.8449       -51.4699  1.1420   -1.0965    497.1223   231.9390   606.7762            600.0             0.8285          0.1155           0      6.8
SPJF-random          16.7078     0.6197        37.7547  0.4784    0.4142    956.7599   956.7599   956.7674              inf                NaN          0.0000          -1      1.4
CAP-G600-random      16.9205     0.6067        36.9624  0.4908    0.3861    476.8967   323.9798   744.6054            600.0             0.7948          0.0206           0      7.3
SPJF-top1short       35.4042    -0.5236       -31.8992  1.0025   -0.7789    919.7150   498.9730   756.8132              inf                NaN          0.0000          -1      1.1
CAP-G600-top1short   35.7166    -0.5427       -33.0628  0.9903   -0.7511    495.7049   228.8678   714.3832            600.0             0.8262          0.0970           0      7.8
## done in 40 s
## 2026-09-19 22:34:50 manifest=423adbc90d3c1ceb9ab9dcaa2cad7ec224c73f9a7c662f98fd15c070ee8730e0 argv=--trace primary --rep 2 --level 1 --set main --workers 6
[     1s] primary_rep2_L1_main: k=5 rho_busy=0.7842 (target 0.8) n=17,634,760 weeks=30 selected={('cap', 300.0): (30.0, 0.5), ('fixsel', 300.0): (120.0, 0.0), ('cap', 600.0): (120.0, 0.75), ('fixsel', 600.0): (600.0, 0.0), ('cap', 1200.0): (120.0, 0.9), ('fixsel', 1200.0): (600.0, 0.0)}
[     6s] FCFS reproduces the Kiefer-Wolfowitz recursion exactly (max |diff| 0)
[     6s] jobs FCFS would start within 1 s: 16,018,471 (90.8%)
                    w_p99_dl  gap_p99dl  red_p99dl_pct  w_mean  gap_mean  max_excess  harm_wf1s  max_heavy  guar_excess_max  used_over_allowed  qw_forced_frac  bound_viol  sim_sec
policy                                                                                                                                                                             
FCFS                120.1386     0.0000         0.0000  4.1611    0.0000      0.0000     0.0000   803.9387              inf                NaN          1.0000          -1      1.5
SJF-ref              33.3534     1.0000        72.2376  0.9491    1.0000   1837.9739   578.0904  2130.3496              inf                NaN          0.0000          -1      1.7
SPJF-M4              45.1012     0.8646        62.4590  1.2504    0.9062   2438.9160   259.3722  2680.0773              inf                NaN          0.0000          -1      1.7
SPJF-M4refit         45.0807     0.8649        62.4761  1.2477    0.9070   2438.9186   259.3623  2680.0712              inf                NaN          0.0000          -1      1.7
SPJF-tweedie         44.2265     0.8747        63.1871  1.2304    0.9124   2418.9025   469.2562  2691.1867              inf                NaN          0.0000          -1      1.7
SPJF-tweedie_itr     44.3295     0.8735        63.1014  1.2325    0.9118   2144.3708   235.3579  2489.9747              inf                NaN          0.0000          -1      1.7
SPJF-r1s             43.6326     0.8816        63.6815  1.2302    0.9125   2104.9821   380.4443  2477.9829              inf                NaN          0.0000          -1      1.1
FIX-G300             54.8679     0.7521        54.3295  2.0194    0.6668    210.9248   175.2516   948.2587            300.0             0.7031          0.0974           0      7.1
FIXSEL-G300          93.9517     0.3017        21.7972  2.8444    0.4099    106.5818    75.8867   834.1300            186.0             0.5730          0.4046           0      7.6
CAP-G300             57.6033     0.7206        52.0527  2.0484    0.6577    207.2867   107.0725   951.0169            300.0             0.6910          0.1186           0      6.8
SKIP-G300           120.1986    -0.0007        -0.0499  4.0118    0.0465     64.1504    57.3012   804.7524            300.0             0.2138          0.8069           0      2.3
SKIPC-G300          120.2242    -0.0010        -0.0713  4.0386    0.0382     63.8906    57.3012   804.5403            300.0             0.2130          0.8179           0     10.5
FIX-G600             47.7314     0.8343        60.2697  1.5184    0.8228    502.5814   446.7270  1252.0705            600.0             0.8376          0.0101           0      7.9
FIXSEL-G600          54.5824     0.7554        54.5672  1.9944    0.6746    231.1885   175.2516   954.1448            306.0             0.7555          0.0896           0      7.5
CAP-G600             48.2667     0.8282        59.8242  1.5395    0.8162    492.1145   162.1491  1289.6136            600.0             0.8202          0.0119           0      6.7
SKIP-G600           119.5309     0.0070         0.5058  3.8437    0.0988     97.5376    60.9545   805.9143            600.0             0.1626          0.7436           0      2.4
SKIPC-G600          119.5417     0.0069         0.4968  3.8627    0.0929     97.5376    60.8722   805.8681            600.0             0.1626          0.7498           0     10.7
FIX-G1200            45.9034     0.8554        61.7913  1.3911    0.8624   1095.4009   469.2562  1797.0438           1200.0             0.9128          0.0019           0      7.5
FIXSEL-G1200         54.5824     0.7554        54.5672  1.9944    0.6746    231.1885   175.2516   954.1448            306.0             0.7555          0.0896           0      7.3
CAP-G1200            45.8323     0.8562        61.8505  1.3740    0.8677   1094.0155   309.8263  1797.0450           1200.0             0.9117          0.0023           0      7.7
SKIP-G1200          118.3514     0.0206         1.4876  3.5969    0.1757    128.6483    66.8189   807.9408           1200.0             0.1072          0.6644           0      2.2
SKIPC-G1200         118.2910     0.0213         1.5379  3.6094    0.1718    128.6483    66.7003   807.6864           1200.0             0.1072          0.6679           0      9.5
SPJF-reversed       231.2665    -1.2805       -92.4997  7.6455   -1.0848   2708.6386  2484.8489  1463.7090              inf                NaN          0.0000          -1      1.1
CAP-G600-reversed   234.4914    -1.3177       -95.1841  7.0237   -0.8912    506.4097   300.9574  1254.4731            600.0             0.8440          0.3033           0      7.8
SPJF-random          83.1431     0.4263        30.7940  2.8693    0.4022   2678.5732  2451.9623  2692.2197              inf                NaN          0.0000          -1      1.3
CAP-G600-random      92.9081     0.3138        22.6659  3.2361    0.2880    493.1651   352.3067  1265.9985            600.0             0.8219          0.1225           0      7.5
SPJF-top1short      216.6067    -1.1116       -80.2973  6.4124   -0.7009   2627.7651  1956.2024  2451.1172              inf                NaN          0.0000          -1      1.1
CAP-G600-top1short  224.9229    -1.2074       -87.2195  6.1699   -0.6254    507.8832   293.3508  1060.1662            600.0             0.8465          0.2592           0      6.9
## done in 40 s
## 2026-09-19 22:35:33 manifest=423adbc90d3c1ceb9ab9dcaa2cad7ec224c73f9a7c662f98fd15c070ee8730e0 argv=--trace primary --rep 2 --level 2 --set main --workers 6
[     1s] primary_rep2_L2_main: k=4 rho_busy=0.9802 (target 1.0) n=17,634,760 weeks=30 selected={('cap', 300.0): (30.0, 0.5), ('fixsel', 300.0): (120.0, 0.0), ('cap', 600.0): (120.0, 0.75), ('fixsel', 600.0): (600.0, 0.0), ('cap', 1200.0): (120.0, 0.9), ('fixsel', 1200.0): (600.0, 0.0)}
[     6s] FCFS reproduces the Kiefer-Wolfowitz recursion exactly (max |diff| 0)
[     6s] jobs FCFS would start within 1 s: 15,170,667 (86.0%)
                    w_p99_dl  gap_p99dl  red_p99dl_pct   w_mean  gap_mean  max_excess  harm_wf1s  max_heavy  guar_excess_max  used_over_allowed  qw_forced_frac  bound_viol  sim_sec
policy                                                                                                                                                                              
FCFS                264.6694     0.0000         0.0000  10.3078    0.0000      0.0000     0.0000  1127.7464              inf                NaN          1.0000          -1      1.5
SJF-ref              44.5242     1.0000        83.1774   1.7451    1.0000   3571.4015   960.8376  3995.1573              inf                NaN          0.0000          -1      1.7
SPJF-M4              70.0352     0.8841        73.5386   2.4213    0.9210   4196.5655   455.6722  4522.4868              inf                NaN          0.0000          -1      1.8
SPJF-M4refit         70.2667     0.8831        73.4511   2.4217    0.9210   4196.5476   455.8806  4522.5062              inf                NaN          0.0000          -1      1.7
SPJF-tweedie         64.9651     0.9071        75.4542   2.3549    0.9288   4196.4788   708.7601  4522.2726              inf                NaN          0.0000          -1      1.8
SPJF-tweedie_itr     65.0259     0.9069        75.4313   2.3615    0.9280   3860.0983   529.0085  4378.8023              inf                NaN          0.0000          -1      1.7
SPJF-r1s             65.0526     0.9068        75.4212   2.3632    0.9278   3603.9892   879.1565  4122.4716              inf                NaN          0.0000          -1      1.2
FIX-G300            165.1739     0.4520        37.5924   5.5085    0.5605    212.0101   202.3430  1277.9082            300.0             0.7067          0.2782           0      6.9
FIXSEL-G300         256.3981     0.0376         3.1251   7.6266    0.3131    107.0504   102.1978  1157.8680            180.0             0.5947          0.5903           0      7.7
CAP-G300            163.0583     0.4616        38.3917   5.5710    0.5532    229.2769   112.9626  1277.9442            300.0             0.7643          0.2874           0      7.8
SKIP-G300           264.5754     0.0004         0.0355  10.0831    0.0262     80.4702    46.0040  1128.7680            300.0             0.2682          0.9042           0      2.4
SKIPC-G300          264.7069    -0.0002        -0.0142  10.1196    0.0220     74.5620    45.2810  1128.3803            300.0             0.2485          0.9108           0     11.1
FIX-G600             88.2014     0.8016        66.6749   3.8903    0.7495    510.4146   460.8261  1577.8584            600.0             0.8507          0.0732           0      7.3
FIXSEL-G600         165.1739     0.4520        37.5924   5.5085    0.5605    212.0101   202.3430  1277.9082            300.0             0.7067          0.2782           0      7.3
CAP-G600             91.5526     0.7864        65.4087   3.8893    0.7496    510.8701   339.0565  1578.0043            600.0             0.8515          0.0716           0      7.3
SKIP-G600           263.9189     0.0034         0.2836   9.8159    0.0574    107.4236    63.2299  1129.9263            600.0             0.1790          0.8636           0      2.6
SKIPC-G600          263.9631     0.0032         0.2669   9.8453    0.0540    107.4236    63.0005  1129.6601            600.0             0.1790          0.8676           0      9.5
FIX-G1200            75.2248     0.8605        71.5778   3.0995    0.8418   1096.9930   708.7601  2174.0653           1200.0             0.9142          0.0066           0      7.3
FIXSEL-G1200        165.1739     0.4520        37.5924   5.5085    0.5605    212.0101   202.3430  1277.9082            300.0             0.7067          0.2782           0      6.8
CAP-G1200            75.5689     0.8590        71.4478   3.1306    0.8382   1103.5368   423.8312  2174.0617           1200.0             0.9196          0.0074           0      7.4
SKIP-G1200          263.7461     0.0042         0.3489   9.3870    0.1075    142.6720    96.9087  1132.1413           1200.0             0.1189          0.8076           0      2.3
SKIPC-G1200         263.8269     0.0038         0.3183   9.4087    0.1050    142.4009    95.9634  1131.9050           1200.0             0.1187          0.8100           0     10.8
SPJF-reversed       542.8002    -1.2634      -105.0862  18.7597   -0.9871   4594.5523  3626.8357  1905.4207              inf                NaN          0.0000          -1      1.3
CAP-G600-reversed   526.6558    -1.1901       -98.9863  16.7482   -0.7521    526.6140   259.6761  1567.1727            600.0             0.8777          0.4331           0      7.1
SPJF-random         203.8521     0.2763        22.9786   6.9219    0.3954   4528.7565  3637.0265  4547.6007              inf                NaN          0.0000          -1      1.5
CAP-G600-random     266.4885    -0.0083        -0.6873   8.3119    0.2331    513.1294   332.8642  1572.0820            600.0             0.8552          0.2462           0      7.1
SPJF-top1short      510.2246    -1.1154       -92.7781  15.4356   -0.5989   4622.2762  3320.6186  4310.6006              inf                NaN          0.0000          -1      1.2
CAP-G600-top1short  522.3496    -1.1705       -97.3593  14.8587   -0.5315    527.2780   324.5892  1286.0101            600.0             0.8788          0.3838           0      7.5
## done in 41 s
## 2026-09-19 22:36:27 manifest=423adbc90d3c1ceb9ab9dcaa2cad7ec224c73f9a7c662f98fd15c070ee8730e0 argv=--trace primary --rep 3 --level 0 --set main --workers 6
[     1s] primary_rep3_L0_main: k=8 rho_busy=0.4813 (target 0.5) n=17,634,760 weeks=30 selected={('cap', 300.0): (30.0, 0.5), ('fixsel', 300.0): (120.0, 0.0), ('cap', 600.0): (120.0, 0.75), ('fixsel', 600.0): (600.0, 0.0), ('cap', 1200.0): (120.0, 0.9), ('fixsel', 1200.0): (600.0, 0.0)}
[     6s] FCFS reproduces the Kiefer-Wolfowitz recursion exactly (max |diff| 0)
[     6s] jobs FCFS would start within 1 s: 17,162,678 (97.3%)
                    w_p99_dl  gap_p99dl  red_p99dl_pct  w_mean  gap_mean  max_excess  harm_wf1s  max_heavy  guar_excess_max  used_over_allowed  qw_forced_frac  bound_viol  sim_sec
policy                                                                                                                                                                             
FCFS                 24.0551     0.0000         0.0000  0.6490    0.0000      0.0000     0.0000   392.3049              inf                NaN          1.0000          -1      1.5
SJF-ref               9.3150     1.0000        61.2761  0.1986    1.0000    796.5416    67.1412   910.3930              inf                NaN          0.0000          -1      1.6
SPJF-M4              13.2031     0.7362        45.1130  0.2607    0.8620    939.2336   146.2166  1081.5288              inf                NaN          0.0000          -1      1.6
SPJF-M4refit         13.2184     0.7352        45.0492  0.2609    0.8617    939.2408   146.2178  1081.5232              inf                NaN          0.0000          -1      1.6
SPJF-tweedie         13.1167     0.7421        45.4720  0.2575    0.8692    932.9352    89.3280  1069.1785              inf                NaN          0.0000          -1      1.6
SPJF-tweedie_itr     13.0740     0.7450        45.6497  0.2573    0.8695    745.4318   122.8558   867.0929              inf                NaN          0.0000          -1      1.6
SPJF-r1s             13.3740     0.7246        44.4024  0.2555    0.8737    742.3197    69.9567   876.8564              inf                NaN          0.0000          -1      1.0
FIX-G300             13.4386     0.7202        44.1340  0.3080    0.7571    191.5020    89.3280   520.7119            300.0             0.6383          0.0064           0      6.7
FIXSEL-G300          15.2239     0.5991        36.7125  0.4039    0.5442     87.3903    71.6824   422.3976            195.0             0.4482          0.0925           0      7.3
CAP-G300             14.0421     0.6793        41.6251  0.3026    0.7691    173.8609    86.9934   525.3501            300.0             0.5795          0.0177           0      7.3
SKIP-G300            22.8064     0.0847         5.1907  0.6032    0.1017     59.6172    59.6172   393.0041            300.0             0.1987          0.4546           0      2.1
SKIPC-G300           23.0797     0.0662         4.0547  0.6117    0.0829     58.3498    51.3864   392.8278            300.0             0.1945          0.4705           0     10.8
FIX-G600             13.2129     0.7356        45.0723  0.2688    0.8441    485.6461    89.3280   754.4169            600.0             0.8094          0.0005           0      7.4
FIXSEL-G600          13.4111     0.7221        44.2481  0.3027    0.7688    197.5673    89.3280   539.8396            315.0             0.6272          0.0051           0      7.6
CAP-G600             13.2172     0.7353        45.0546  0.2718    0.8375    481.2218    89.3280   783.8715            600.0             0.8020          0.0012           0      7.1
SKIP-G600            21.1523     0.1969        12.0671  0.5617    0.1937     70.7684    63.4131   394.0273            600.0             0.1179          0.3785           0      2.3
SKIPC-G600           21.3438     0.1839        11.2711  0.5664    0.1834     70.7684    63.3653   393.8965            600.0             0.1179          0.3856           0      9.7
FIX-G1200            13.1167     0.7421        45.4720  0.2575    0.8692    932.9352    89.3280  1069.1785           1200.0             0.7774          0.0000           0      6.4
FIXSEL-G1200         13.4111     0.7221        44.2481  0.3027    0.7688    197.5673    89.3280   539.8396            315.0             0.6272          0.0051           0      7.2
CAP-G1200            13.1167     0.7421        45.4720  0.2575    0.8692    932.9352    89.3280  1069.1785           1200.0             0.7774          0.0000           0      6.8
SKIP-G1200           18.3744     0.3854        23.6153  0.5141    0.2996    102.2701    67.6604   396.0849           1200.0             0.0852          0.2993           0      2.1
SKIPC-G1200          18.5576     0.3730        22.8538  0.5167    0.2938    102.2186    67.5980   395.9336           1200.0             0.0852          0.3026           0     10.2
SPJF-reversed        37.5868    -0.9180       -56.2533  1.1506   -1.1135   1103.3870   535.4726   743.7262              inf                NaN          0.0000          -1      1.0
CAP-G600-reversed    38.0084    -0.9466       -58.0058  1.1118   -1.0275    478.8339   245.9769   659.6863            600.0             0.7981          0.1134           0      6.9
SPJF-random          14.8162     0.6268        38.4070  0.4560    0.4286   1111.8037   912.9409   970.8587              inf                NaN          0.0000          -1      1.3
CAP-G600-random      14.9940     0.6147        37.6678  0.4739    0.3888    478.3856   255.8511   772.1052            600.0             0.7973          0.0198           0      7.7
SPJF-top1short       33.0454    -0.6099       -37.3742  0.9869   -0.7501   1080.2970   623.2950   859.0441              inf                NaN          0.0000          -1      1.0
CAP-G600-top1short   33.3399    -0.6299       -38.5983  0.9758   -0.7256    482.1630   262.2217   729.0705            600.0             0.8036          0.1070           0      6.7
## done in 39 s
## 2026-09-19 22:37:09 manifest=423adbc90d3c1ceb9ab9dcaa2cad7ec224c73f9a7c662f98fd15c070ee8730e0 argv=--trace primary --rep 3 --level 1 --set main --workers 6
[     1s] primary_rep3_L1_main: k=5 rho_busy=0.7700 (target 0.8) n=17,634,760 weeks=30 selected={('cap', 300.0): (30.0, 0.5), ('fixsel', 300.0): (120.0, 0.0), ('cap', 600.0): (120.0, 0.75), ('fixsel', 600.0): (600.0, 0.0), ('cap', 1200.0): (120.0, 0.9), ('fixsel', 1200.0): (600.0, 0.0)}
[     6s] FCFS reproduces the Kiefer-Wolfowitz recursion exactly (max |diff| 0)
[     6s] jobs FCFS would start within 1 s: 16,012,654 (90.8%)
                    w_p99_dl  gap_p99dl  red_p99dl_pct  w_mean  gap_mean  max_excess  harm_wf1s  max_heavy  guar_excess_max  used_over_allowed  qw_forced_frac  bound_viol  sim_sec
policy                                                                                                                                                                             
FCFS                124.2571     0.0000         0.0000  4.2194    0.0000      0.0000     0.0000   813.6108              inf                NaN          1.0000          -1      1.5
SJF-ref              34.3595     1.0000        72.3481  0.9922    1.0000   2181.6360   289.6859  2483.4574              inf                NaN          0.0000          -1      1.8
SPJF-M4              44.9226     0.8825        63.8471  1.2938    0.9066   2538.7714   355.7907  2775.1187              inf                NaN          0.0000          -1      1.7
SPJF-M4refit         44.9177     0.8826        63.8510  1.2942    0.9064   2538.7652   355.7894  2775.1108              inf                NaN          0.0000          -1      1.7
SPJF-tweedie         43.9630     0.8932        64.6193  1.2676    0.9147   2545.1898   342.3372  2785.5031              inf                NaN          0.0000          -1      1.7
SPJF-tweedie_itr     43.8945     0.8939        64.6745  1.2700    0.9139   2233.7284   330.4255  2595.4660              inf                NaN          0.0000          -1      1.7
SPJF-r1s             43.3546     0.8999        65.1090  1.2722    0.9133   2208.6250   889.8689  2562.1190              inf                NaN          0.0000          -1      1.2
FIX-G300             53.5883     0.7861        56.8730  2.1344    0.6461    202.2040   165.5106   957.7442            300.0             0.6740          0.1304           0      6.9
FIXSEL-G300          94.9350     0.3262        23.5980  2.9401    0.3964     99.0621    80.3437   843.8282            186.0             0.5326          0.4272           0      7.5
CAP-G300             57.1701     0.7463        53.9905  2.1965    0.6268    202.2039    90.9793   957.7662            300.0             0.6740          0.1453           0      7.0
SKIP-G300           124.2182     0.0004         0.0313  4.0704    0.0462     56.4338    45.9192   814.3904            300.0             0.1881          0.8112           0      2.3
SKIPC-G300          123.9118     0.0038         0.2779  4.0965    0.0381     56.4062    45.7458   814.1919            300.0             0.1880          0.8221           0      9.5
FIX-G600             47.1954     0.8572        62.0180  1.6145    0.8072    497.2890   342.3372  1261.4819            600.0             0.8288          0.0125           0      7.1
FIXSEL-G600          53.3996     0.7882        57.0249  2.1090    0.6540    208.7415   174.1090   963.7158            306.0             0.6822          0.1226           0      8.1
CAP-G600             47.8641     0.8498        61.4798  1.5843    0.8165    501.9244   160.3543  1261.5139            600.0             0.8365          0.0126           0      7.3
SKIP-G600           123.3119     0.0105         0.7607  3.9056    0.0972     73.7130    51.2391   815.5066            600.0             0.1229          0.7480           0      2.4
SKIPC-G600          123.2342     0.0114         0.8232  3.9250    0.0912     73.7130    50.9055   815.3627            600.0             0.1229          0.7541           0      9.7
FIX-G1200            45.6094     0.8749        63.2943  1.4320    0.8637   1099.6003   342.3372  1837.7284           1200.0             0.9163          0.0019           0      6.9
FIXSEL-G1200         53.3996     0.7882        57.0249  2.1090    0.6540    208.7415   174.1090   963.7158            306.0             0.6822          0.1226           0      8.1
CAP-G1200            45.6188     0.8748        63.2868  1.4137    0.8694   1099.6003   320.1511  1840.6460           1200.0             0.9163          0.0024           0      7.9
SKIP-G1200          123.0029     0.0140         1.0094  3.6687    0.1706    130.6746    60.2005   817.8134           1200.0             0.1089          0.6721           0      2.2
SKIPC-G1200         123.0311     0.0136         0.9867  3.6812    0.1668    130.6746    60.2005   817.6714           1200.0             0.1089          0.6752           0      9.5
SPJF-reversed       229.7790    -1.1738       -84.9222  7.6856   -1.0741   2838.4636  2838.4636  1457.5826              inf                NaN          0.0000          -1      1.2
CAP-G600-reversed   232.7538    -1.2069       -87.3163  7.0715   -0.8838    507.8345   277.6430  1242.7338            600.0             0.8464          0.3236           0      7.5
SPJF-random          79.8602     0.4939        35.7299  2.9004    0.4087   2827.7744  2581.2233  2658.1216              inf                NaN          0.0000          -1      1.4
CAP-G600-random      89.2888     0.3890        28.1419  3.3045    0.2835    496.8879   327.1372  1261.9022            600.0             0.8281          0.1368           0      6.9
SPJF-top1short      212.1353    -0.9775       -70.7229  6.5096   -0.7097   2743.5025  2743.5025  2558.3271              inf                NaN          0.0000          -1      1.1
CAP-G600-top1short  220.9177    -1.0752       -77.7908  6.2755   -0.6371    502.5355   260.7419  1168.6440            600.0             0.8376          0.2746           0      6.8
## done in 40 s
## 2026-09-19 22:37:51 manifest=423adbc90d3c1ceb9ab9dcaa2cad7ec224c73f9a7c662f98fd15c070ee8730e0 argv=--trace primary --rep 3 --level 2 --set main --workers 6
[     1s] primary_rep3_L2_main: k=4 rho_busy=0.9625 (target 1.0) n=17,634,760 weeks=30 selected={('cap', 300.0): (30.0, 0.5), ('fixsel', 300.0): (120.0, 0.0), ('cap', 600.0): (120.0, 0.75), ('fixsel', 600.0): (600.0, 0.0), ('cap', 1200.0): (120.0, 0.9), ('fixsel', 1200.0): (600.0, 0.0)}
[     6s] FCFS reproduces the Kiefer-Wolfowitz recursion exactly (max |diff| 0)
[     6s] jobs FCFS would start within 1 s: 15,192,423 (86.2%)
                    w_p99_dl  gap_p99dl  red_p99dl_pct   w_mean  gap_mean  max_excess  harm_wf1s  max_heavy  guar_excess_max  used_over_allowed  qw_forced_frac  bound_viol  sim_sec
policy                                                                                                                                                                              
FCFS                264.6523     0.0000         0.0000  10.1174    0.0000      0.0000     0.0000  1177.1330              inf                NaN          1.0000          -1      1.5
SJF-ref              43.4878     1.0000        83.5679   1.6810    1.0000   3430.8254  1362.1930  3890.5726              inf                NaN          0.0000          -1      1.9
SPJF-M4              66.5516     0.8957        74.8532   2.3238    0.9238   4022.8309   551.1004  4345.4156              inf                NaN          0.0000          -1      1.8
SPJF-M4refit         66.3424     0.8967        74.9322   2.3195    0.9243   4015.7920   551.0830  4349.2042              inf                NaN          0.0000          -1      1.8
SPJF-tweedie         62.4468     0.9143        76.4042   2.2617    0.9312   3980.5764   611.5342  4283.5027              inf                NaN          0.0000          -1      1.8
SPJF-tweedie_itr     63.0130     0.9117        76.1903   2.2681    0.9304   3614.8625   488.4971  4101.2473              inf                NaN          0.0000          -1      1.8
SPJF-r1s             62.2558     0.9151        76.4764   2.2718    0.9300   3628.1885   607.0501  4166.6979              inf                NaN          0.0000          -1      1.2
FIX-G300            167.1172     0.4410        36.8540   5.4954    0.5479    227.8946   201.9140  1328.3095            300.0             0.7596          0.3044           0      8.8
FIXSEL-G300         261.2051     0.0156         1.3025   7.5098    0.3091    100.8186   100.2114  1208.4073            180.0             0.5601          0.6011           0      8.2
CAP-G300            166.3802     0.4443        37.1325   5.5592    0.5403    219.5227   109.0781  1328.3872            300.0             0.7317          0.3143           0      7.7
SKIP-G300           264.6807    -0.0001        -0.0107   9.8924    0.0267     81.2808    81.2808  1177.8807            300.0             0.2709          0.9044           0      2.8
SKIPC-G300          264.6431     0.0000         0.0035   9.9315    0.0220     57.3832    57.3467  1177.7738            300.0             0.1913          0.9112           0     11.7
FIX-G600             84.0604     0.8166        68.2374   3.8489    0.7430    523.5029   520.4700  1628.3077            600.0             0.8725          0.0792           0      8.7
FIXSEL-G600         167.1172     0.4410        36.8540   5.4954    0.5479    227.8946   201.9140  1328.3095            300.0             0.7596          0.3044           0      8.2
CAP-G600             87.7518     0.7999        66.8426   3.8375    0.7444    512.4737   299.7823  1628.3590            600.0             0.8541          0.0803           0      8.1
SKIP-G600           264.8481    -0.0009        -0.0740   9.6257    0.0583     95.7374    82.3517  1178.9331            600.0             0.1596          0.8637           0      2.7
SKIPC-G600          264.8091    -0.0007        -0.0593   9.6569    0.0546     95.3622    82.3439  1178.8839            600.0             0.1589          0.8679           0     10.9
FIX-G1200            71.3955     0.8738        73.0229   3.0682    0.8356   1113.7313   611.5342  2228.3216           1200.0             0.9281          0.0070           0      7.4
FIXSEL-G1200        167.1172     0.4410        36.8540   5.4954    0.5479    227.8946   201.9140  1328.3095            300.0             0.7596          0.3044           0      7.9
CAP-G1200            71.5425     0.8732        72.9674   3.0576    0.8368   1113.7313   575.9669  2228.3181           1200.0             0.9281          0.0080           0      8.6
SKIP-G1200          265.2775    -0.0028        -0.2362   9.2024    0.1085    135.1905   105.0331  1181.2963           1200.0             0.1127          0.8094           0      2.8
SKIPC-G1200         265.2584    -0.0027        -0.2290   9.2252    0.1058    135.2072   104.6214  1181.1190           1200.0             0.1127          0.8119           0     10.3
SPJF-reversed       542.8863    -1.2580      -105.1319  18.3700   -0.9782   4577.7924  4071.0367  2044.4072              inf                NaN          0.0000          -1      1.3
CAP-G600-reversed   536.9220    -1.2311      -102.8783  16.4015   -0.7449    525.8061   284.2155  1621.6661            600.0             0.8763          0.4410           0      6.9
SPJF-random         194.1559     0.3188        26.6374   6.7514    0.3990   4576.9471  4291.9881  4127.4768              inf                NaN          0.0000          -1      1.6
CAP-G600-random     259.2036     0.0246         2.0588   8.1609    0.2319    512.2228   328.2974  1637.0832            600.0             0.8537          0.2590           0      7.5
SPJF-top1short      510.0429    -1.1095       -92.7219  15.1148   -0.5924   4168.4933  3142.0874  4113.0347              inf                NaN          0.0000          -1      1.2
CAP-G600-top1short  527.6472    -1.1891       -99.3738  14.5687   -0.5276    514.8479   263.7678  1424.0916            600.0             0.8581          0.3972           0      7.2
## done in 43 s
## 2026-09-19 22:38:37 manifest=423adbc90d3c1ceb9ab9dcaa2cad7ec224c73f9a7c662f98fd15c070ee8730e0 argv=--trace primary --rep 4 --level 0 --set main --workers 6
[     1s] primary_rep4_L0_main: k=7 rho_busy=0.5169 (target 0.5) n=17,634,760 weeks=30 selected={('cap', 300.0): (30.0, 0.5), ('fixsel', 300.0): (120.0, 0.0), ('cap', 600.0): (120.0, 0.75), ('fixsel', 600.0): (600.0, 0.0), ('cap', 1200.0): (120.0, 0.9), ('fixsel', 1200.0): (600.0, 0.0)}
[     6s] FCFS reproduces the Kiefer-Wolfowitz recursion exactly (max |diff| 0)
[     6s] jobs FCFS would start within 1 s: 16,901,952 (95.8%)
                    w_p99_dl  gap_p99dl  red_p99dl_pct  w_mean  gap_mean  max_excess  harm_wf1s  max_heavy  guar_excess_max  used_over_allowed  qw_forced_frac  bound_viol  sim_sec
policy                                                                                                                                                                             
FCFS                 43.9520     0.0000         0.0000  1.1022    0.0000      0.0000     0.0000   486.8657              inf                NaN          1.0000          -1      1.5
SJF-ref              17.2601     1.0000        60.7296  0.3560    1.0000   1002.8059   543.7981  1162.9413              inf                NaN          0.0000          -1      1.6
SPJF-M4              23.0052     0.7848        47.6584  0.4642    0.8549   1168.7664   136.8996  1332.7685              inf                NaN          0.0000          -1      1.8
SPJF-M4refit         23.0398     0.7835        47.5796  0.4652    0.8536   1168.7595   136.9276  1332.7781              inf                NaN          0.0000          -1      1.7
SPJF-tweedie         22.8015     0.7924        48.1219  0.4582    0.8630   1161.8977   126.0128  1307.0038              inf                NaN          0.0000          -1      1.7
SPJF-tweedie_itr     22.6866     0.7967        48.3834  0.4546    0.8678    960.9838   116.8039  1156.7573              inf                NaN          0.0000          -1      1.6
SPJF-r1s             22.7536     0.7942        48.2308  0.4512    0.8724    953.5226   118.3931  1149.2610              inf                NaN          0.0000          -1      1.0
FIX-G300             24.2032     0.7399        44.9326  0.5505    0.7393    199.9340   126.0128   630.2783         300.0000             0.6664          0.0157           0      7.1
FIXSEL-G300          28.7151     0.5708        34.6673  0.6993    0.5400     94.0403    68.2797   516.3890         192.8571             0.4876          0.1178           0      7.4
CAP-G300             25.3701     0.6962        42.2777  0.5541    0.7345    178.6599    68.2797   630.3877         300.0000             0.5955          0.0347           0      7.6
SKIP-G300            42.6104     0.0503         3.0524  1.0325    0.0935     62.1354    44.6721   487.6180         300.0000             0.2071          0.5241           0      2.3
SKIPC-G300           42.8704     0.0405         2.4610  1.0452    0.0764     62.1093    44.8742   487.3919         300.0000             0.2070          0.5416           0     11.9
FIX-G600             23.4961     0.7664        46.5415  0.4941    0.8149    498.2089   126.0128   924.1957         600.0000             0.8303          0.0024           0      7.7
FIXSEL-G600          24.0307     0.7463        45.3252  0.5419    0.7509    202.2463   126.0128   653.2682         312.8571             0.6464          0.0140           0      7.5
CAP-G600             23.6146     0.7619        46.2720  0.4927    0.8167    493.8966   126.0128   925.8330         600.0000             0.8232          0.0036           0      6.7
SKIP-G600            40.4328     0.1318         8.0070  0.9659    0.1826    100.1878    46.9734   488.7422         600.0000             0.1670          0.4327           0      2.2
SKIPC-G600           40.6500     0.1237         7.5129  0.9737    0.1722    100.1759    46.9361   488.3814         600.0000             0.1670          0.4414           0      9.7
FIX-G1200            22.9151     0.7881        47.8635  0.4616    0.8584   1073.2942   126.0128  1249.6682        1200.0000             0.8944          0.0001           0      7.9
FIXSEL-G1200         24.0307     0.7463        45.3252  0.5419    0.7509    202.2463   126.0128   653.2682         312.8571             0.6464          0.0140           0      7.4
CAP-G1200            22.9109     0.7883        47.8729  0.4609    0.8594   1078.6581   126.0128  1247.2101        1200.0000             0.8989          0.0005           0      7.3
SKIP-G1200           36.5433     0.2776        16.8565  0.8847    0.2915    101.9684    53.9614   490.7360        1200.0000             0.0850          0.3364           0      2.1
SKIPC-G1200          36.7196     0.2710        16.4552  0.8888    0.2860    101.9684    53.9139   490.6059        1200.0000             0.0850          0.3408           0      9.9
SPJF-reversed        70.9272    -1.0106       -61.3741  2.0430   -1.2606   1240.1266  1240.1266   964.8314              inf                NaN          0.0000          -1      1.0
CAP-G600-reversed    72.4638    -1.0682       -64.8701  1.9323   -1.1123    489.0946   287.0839   855.9517         600.0000             0.8152          0.1473           0      6.8
SPJF-random          27.4959     0.6165        37.4410  0.8135    0.3869   1275.9909  1275.9909  1305.0771              inf                NaN          0.0000          -1      1.3
CAP-G600-random      28.1757     0.5911        35.8944  0.8495    0.3386    488.1438   295.1385   944.0795         600.0000             0.8136          0.0333           0      7.5
SPJF-top1short       64.5963    -0.7734       -46.9700  1.7273   -0.8376   1238.5434  1238.5434  1113.1527              inf                NaN          0.0000          -1      1.1
CAP-G600-top1short   65.6411    -0.8126       -49.3471  1.6825   -0.7775    497.1095   273.4239   850.5179         600.0000             0.8285          0.1147           0      6.5
## done in 40 s
## 2026-09-19 22:39:19 manifest=423adbc90d3c1ceb9ab9dcaa2cad7ec224c73f9a7c662f98fd15c070ee8730e0 argv=--trace primary --rep 4 --level 1 --set main --workers 6
[     1s] primary_rep4_L1_main: k=5 rho_busy=0.7237 (target 0.8) n=17,634,760 weeks=30 selected={('cap', 300.0): (30.0, 0.5), ('fixsel', 300.0): (120.0, 0.0), ('cap', 600.0): (120.0, 0.75), ('fixsel', 600.0): (600.0, 0.0), ('cap', 1200.0): (120.0, 0.9), ('fixsel', 1200.0): (600.0, 0.0)}
[     6s] FCFS reproduces the Kiefer-Wolfowitz recursion exactly (max |diff| 0)
[     6s] jobs FCFS would start within 1 s: 16,027,735 (90.9%)
                    w_p99_dl  gap_p99dl  red_p99dl_pct  w_mean  gap_mean  max_excess  harm_wf1s  max_heavy  guar_excess_max  used_over_allowed  qw_forced_frac  bound_viol  sim_sec
policy                                                                                                                                                                             
FCFS                131.1919     0.0000         0.0000  4.0410    0.0000      0.0000     0.0000   823.6250              inf                NaN          1.0000          -1      1.5
SJF-ref              33.6506     1.0000        74.3501  0.9696    1.0000   2004.8767  1242.3067  2260.9257              inf                NaN          0.0000          -1      1.7
SPJF-M4              44.6315     0.8874        65.9800  1.2778    0.8997   2439.2210   356.2940  2550.7989              inf                NaN          0.0000          -1      1.7
SPJF-M4refit         44.6418     0.8873        65.9722  1.2785    0.8994   2459.4810   297.6268  2581.0310              inf                NaN          0.0000          -1      1.7
SPJF-tweedie         43.6878     0.8971        66.6993  1.2469    0.9097   2459.7067   292.8259  2580.9163              inf                NaN          0.0000          -1      1.7
SPJF-tweedie_itr     44.0501     0.8934        66.4232  1.2533    0.9076   2133.6127   281.7843  2358.4506              inf                NaN          0.0000          -1      1.7
SPJF-r1s             43.1957     0.9021        67.0744  1.2489    0.9091   2066.3010   266.3269  2349.5674              inf                NaN          0.0000          -1      1.1
FIX-G300             56.8373     0.7623        56.6762  1.9912    0.6674    209.7195   186.3498   977.1902            300.0             0.6991          0.0834           0      6.6
FIXSEL-G300          98.6684     0.3334        24.7908  2.7235    0.4290     99.1333    86.2459   853.9906            186.0             0.5330          0.3496           0      6.8
CAP-G300             58.2394     0.7479        55.6075  2.0152    0.6596    201.6411   109.5110   977.9581            300.0             0.6721          0.1012           0      6.9
SKIP-G300           131.1853     0.0001         0.0051  3.8887    0.0496     58.9943    46.4402   824.6773            300.0             0.1966          0.7840           0      2.3
SKIPC-G300          131.2002    -0.0001        -0.0063  3.9157    0.0408     64.1551    46.2746   824.5573            300.0             0.2139          0.7968           0      9.6
FIX-G600             47.9073     0.8538        63.4831  1.5013    0.8269    512.8666   292.8259  1276.0572            600.0             0.8548          0.0091           0      8.8
FIXSEL-G600          56.4537     0.7662        56.9686  1.9803    0.6709    209.7234   200.2789   981.3531            306.0             0.6854          0.0793           0      6.7
CAP-G600             47.8848     0.8541        63.5002  1.4945    0.8291    508.8523   313.2108  1274.3991            600.0             0.8481          0.0113           0      7.4
SKIP-G600           130.8910     0.0031         0.2293  3.7194    0.1047     89.8707    52.9825   825.7731            600.0             0.1498          0.7128           0      2.4
SKIPC-G600          130.8897     0.0031         0.2304  3.7389    0.0983     89.3073    53.0571   825.6913            600.0             0.1488          0.7198           0      9.8
FIX-G1200            46.2242     0.8711        64.7659  1.3872    0.8640   1092.7912   292.8259  1833.3316           1200.0             0.9107          0.0018           0      7.6
FIXSEL-G1200         56.4537     0.7662        56.9686  1.9803    0.6709    209.7234   200.2789   981.3531            306.0             0.6854          0.0793           0      7.9
CAP-G1200            46.2631     0.8707        64.7364  1.3764    0.8676   1103.7552   292.8259  1833.2127           1200.0             0.9198          0.0024           0      8.0
SKIP-G1200          129.2821     0.0196         1.4557  3.4769    0.1837    133.1564    61.5931   827.9353           1200.0             0.1110          0.6261           0      2.2
SKIPC-G1200         129.4121     0.0182         1.3567  3.4892    0.1797    133.0937    61.3973   827.7803           1200.0             0.1109          0.6299           0      9.5
SPJF-reversed       242.9095    -1.1453       -85.1558  7.6205   -1.1654   2577.9734  2471.5452  1561.6405              inf                NaN          0.0000          -1      1.1
CAP-G600-reversed   246.9160    -1.1864       -88.2097  6.9339   -0.9419    512.5868   302.8401  1273.2554            600.0             0.8543          0.2996           0      7.9
SPJF-random          79.4984     0.5300        39.4030  2.8636    0.3833   2581.2754  2152.5145  2469.6009              inf                NaN          0.0000          -1      1.3
CAP-G600-random      90.8225     0.4139        30.7712  3.1941    0.2757    501.6599   325.9159  1275.0378            600.0             0.8361          0.1187           0      7.0
SPJF-top1short      222.6286    -0.9374       -69.6969  6.3744   -0.7597   2522.2754  2131.0384  2354.8059              inf                NaN          0.0000          -1      1.1
CAP-G600-top1short  236.6451    -1.0811       -80.3809  6.1182   -0.6763    516.2130   303.9713  1164.7539            600.0             0.8604          0.2580           0      6.3
## done in 39 s
## 2026-09-19 22:40:01 manifest=423adbc90d3c1ceb9ab9dcaa2cad7ec224c73f9a7c662f98fd15c070ee8730e0 argv=--trace primary --rep 4 --level 2 --set main --workers 6
[     1s] primary_rep4_L2_main: k=4 rho_busy=0.9046 (target 1.0) n=17,634,760 weeks=30 selected={('cap', 300.0): (30.0, 0.5), ('fixsel', 300.0): (120.0, 0.0), ('cap', 600.0): (120.0, 0.75), ('fixsel', 600.0): (600.0, 0.0), ('cap', 1200.0): (120.0, 0.9), ('fixsel', 1200.0): (600.0, 0.0)}
[     6s] FCFS reproduces the Kiefer-Wolfowitz recursion exactly (max |diff| 0)
[     6s] jobs FCFS would start within 1 s: 15,208,397 (86.2%)
                    w_p99_dl  gap_p99dl  red_p99dl_pct   w_mean  gap_mean  max_excess  harm_wf1s  max_heavy  guar_excess_max  used_over_allowed  qw_forced_frac  bound_viol  sim_sec
policy                                                                                                                                                                              
FCFS                297.2077     0.0000         0.0000   9.9611    0.0000      0.0000     0.0000  1149.9378              inf                NaN          1.0000          -1      1.5
SJF-ref              43.8874     1.0000        85.2334   1.7165    1.0000   3324.4413  1365.9006  3682.7016              inf                NaN          0.0000          -1      1.7
SPJF-M4              68.2583     0.9038        77.0335   2.4088    0.9160   3921.9325   392.7954  4078.1799              inf                NaN          0.0000          -1      1.7
SPJF-M4refit         68.3012     0.9036        77.0190   2.4041    0.9166   3932.6674   392.7956  4055.8714              inf                NaN          0.0000          -1      1.8
SPJF-tweedie         64.2397     0.9197        78.3856   2.3347    0.9250   3911.2700   387.0397  4078.2168              inf                NaN          0.0000          -1      1.7
SPJF-tweedie_itr     64.6794     0.9179        78.2377   2.3438    0.9239   3476.8846   462.8597  3886.9412              inf                NaN          0.0000          -1      1.7
SPJF-r1s             64.2876     0.9195        78.3695   2.3470    0.9235   3436.4305   368.9498  3860.4005              inf                NaN          0.0000          -1      1.1
FIX-G300            182.8327     0.4515        38.4832   5.2334    0.5734    224.3724   175.9449  1300.1602            300.0             0.7479          0.2361           0      6.7
FIXSEL-G300         287.0907     0.0399         3.4040   7.2890    0.3241    102.1696    73.3433  1180.1277            180.0             0.5676          0.5566           0      6.5
CAP-G300            173.8889     0.4868        41.4925   5.3108    0.5640    212.2180   113.7532  1300.1914            300.0             0.7074          0.2439           0      9.2
SKIP-G300           296.0676     0.0045         0.3836   9.7295    0.0281     72.6530    54.2813  1150.6896            300.0             0.2422          0.8936           0      2.4
SKIPC-G300          296.2934     0.0036         0.3076   9.7677    0.0235     67.8710    54.1558  1150.6229            300.0             0.2262          0.9009           0     11.9
FIX-G600             90.4884     0.8160        69.5538   3.6688    0.7632    513.9782   387.0397  1600.2521            600.0             0.8566          0.0500           0      7.5
FIXSEL-G600         182.8327     0.4515        38.4832   5.2334    0.5734    224.3724   175.9449  1300.1602            300.0             0.7479          0.2361           0      7.5
CAP-G600             94.0004     0.8022        68.3721   3.6716    0.7629    512.8403   174.8079  1600.2994            600.0             0.8547          0.0515           0      7.9
SKIP-G600           295.7882     0.0056         0.4776   9.4550    0.0614    112.4402    62.4084  1151.9145            600.0             0.1874          0.8486           0      2.9
SKIPC-G600          295.6778     0.0060         0.5148   9.4857    0.0577    112.4096    62.4010  1151.6829            600.0             0.1873          0.8532           0     11.6
FIX-G1200            76.6215     0.8708        74.2195   3.0202    0.8419   1109.4167   387.0397  2184.9047           1200.0             0.9245          0.0051           0      6.4
FIXSEL-G1200        182.8327     0.4515        38.4832   5.2334    0.5734    224.3724   175.9449  1300.1602            300.0             0.7479          0.2361           0      7.2
CAP-G1200            76.6858     0.8705        74.1979   3.0221    0.8416   1106.2261   322.7153  2186.2538           1200.0             0.9219          0.0061           0      7.2
SKIP-G1200          295.5717     0.0065         0.5505   9.0194    0.1142    144.5266    75.1005  1153.9878           1200.0             0.1204          0.7881           0      2.4
SKIPC-G1200         295.5803     0.0064         0.5476   9.0419    0.1115    142.6086    75.0674  1153.8777           1200.0             0.1188          0.7908           0      9.6
SPJF-reversed       613.2645    -1.2477      -106.3420  18.4399   -1.0284   4058.6230  3166.5694  2115.1172              inf                NaN          0.0000          -1      1.2
CAP-G600-reversed   597.5872    -1.1858      -101.0672  16.2056   -0.7574    534.7906   309.0970  1608.9539            600.0             0.8913          0.4173           0      7.2
SPJF-random         200.2482     0.3828        32.6235   6.8027    0.3831   4057.0287  3427.7513  3932.4813              inf                NaN          0.0000          -1      1.5
CAP-G600-random     271.3987     0.1019         8.6838   7.9589    0.2428    512.3368   330.3172  1606.1221            600.0             0.8539          0.2218           0      7.2
SPJF-top1short      565.9989    -1.0611       -90.4388  15.3270   -0.6508   4002.2431  3034.4355  3846.4378              inf                NaN          0.0000          -1      1.2
CAP-G600-top1short  593.1499    -1.1683       -99.5742  14.5125   -0.5521    534.7269   215.5476  1547.6667            600.0             0.8912          0.3785           0      7.0
## done in 40 s
## 2026-09-19 22:40:45 manifest=423adbc90d3c1ceb9ab9dcaa2cad7ec224c73f9a7c662f98fd15c070ee8730e0 argv=--trace k1 --rep 0 --level 0 --set main --workers 6
[     0s] k1_rep0_L0_main: k=1 rho_busy=0.8000 (target 0.8) n=3,209,347 weeks=30 selected={('cap', 300.0): (30.0, 0.5), ('fixsel', 300.0): (120.0, 0.0), ('cap', 600.0): (120.0, 0.75), ('fixsel', 600.0): (600.0, 0.0), ('cap', 1200.0): (120.0, 0.9), ('fixsel', 1200.0): (600.0, 0.0)}
[     1s] FCFS reproduces the Kiefer-Wolfowitz recursion exactly (max |diff| 0)
[     1s] jobs FCFS would start within 1 s: 2,851,036 (88.8%)
                    w_p99_dl  gap_p99dl  red_p99dl_pct   w_mean  gap_mean  max_excess  harm_wf1s  max_heavy  guar_excess_max  used_over_allowed  qw_forced_frac  bound_viol  sim_sec
policy                                                                                                                                                                              
FCFS                221.2744     0.0000         0.0000   6.5935    0.0000      0.0000     0.0000  1423.5232              inf                NaN          1.0000          -1      0.5
SJF-ref              45.3248     1.0000        79.5165   1.8713    1.0000   2054.5023   777.9388  2366.6592              inf                NaN          0.0000          -1      0.5
SPJF-M4              64.7433     0.8896        70.7407   2.5205    0.8625   2520.2899   400.1355  2698.2165              inf                NaN          0.0000          -1      0.6
SPJF-M4refit         64.7030     0.8899        70.7589   2.5224    0.8621   2520.2899   400.1355  2698.2165              inf                NaN          0.0000          -1      0.6
SPJF-tweedie         60.9289     0.9113        72.4645   2.4449    0.8785   2520.2899   656.3650  2698.2165              inf                NaN          0.0000          -1      0.6
SPJF-tweedie_itr     61.4683     0.9082        72.2208   2.4497    0.8775   2325.4278   375.1261  2505.3230              inf                NaN          0.0000          -1      0.6
SPJF-r1s             60.7581     0.9123        72.5417   2.4221    0.8834   2325.4278   362.0655  2505.3230              inf                NaN          0.0000          -1      0.2
FIX-G300             83.2414     0.7845        62.3809   3.0711    0.7459    295.1349   246.3363  1669.1453            300.0             0.9838          0.0633           0      1.1
FIXSEL-G300         178.4326     0.2435        19.3614   4.4732    0.4490     88.8598    81.7982  1453.7055             90.0             0.9873          0.3191           0      1.1
CAP-G300             90.5643     0.7429        59.0715   3.2017    0.7183    295.0482    54.3597  1669.1453            300.0             0.9835          0.0905           0      1.2
SKIP-G300           220.3199     0.0054         0.4314   6.2841    0.0655     95.0859    81.7982  1424.6451            300.0             0.3170          0.7318           0      0.4
SKIPC-G300          220.5256     0.0043         0.3384   6.3384    0.0540     74.9490    54.3597  1424.4687            300.0             0.2498          0.7475           0      1.7
FIX-G600             68.3147     0.8693        69.1267   2.6920    0.8262    592.5319   563.3744  1976.0429            600.0             0.9876          0.0226           0      1.2
FIXSEL-G600         100.1300     0.6885        54.7485   3.3812    0.6802    207.9295   183.3834  1582.3699            210.0             0.9901          0.1049           0      1.2
CAP-G600             70.5637     0.8566        68.1103   2.7003    0.8245    592.5319   165.6877  1976.0429            600.0             0.9876          0.0252           0      1.2
SKIP-G600           219.8854     0.0079         0.6277   6.0441    0.1164    100.8546    83.2046  1425.7212            600.0             0.1681          0.6700           0      0.4
SKIPC-G600          219.9527     0.0075         0.5973   6.0887    0.1069    100.6759    82.7963  1425.5247            600.0             0.1678          0.6807           0      1.8
FIX-G1200            63.1619     0.8986        71.4554   2.5530    0.8556   1171.6655   656.3650  2153.4042           1200.0             0.9764          0.0044           0      1.2
FIXSEL-G1200        100.1300     0.6885        54.7485   3.3812    0.6802    207.9295   183.3834  1582.3699            210.0             0.9901          0.1049           0      1.2
CAP-G1200            63.2590     0.8981        71.4115   2.5469    0.8569   1176.8402   338.8617  2153.4042           1200.0             0.9807          0.0052           0      1.1
SKIP-G1200          217.4201     0.0219         1.7419   5.6772    0.1940    166.8670    97.6901  1428.1674           1200.0             0.1391          0.5866           0      0.3
SKIPC-G1200         217.8311     0.0196         1.5561   5.7090    0.1873    140.3013    97.2817  1427.9854           1200.0             0.1169          0.5934           0      1.7
SPJF-reversed       415.3743    -1.1032       -87.7191  11.4145   -1.0209   2696.1870  2487.0641  1724.7092              inf                NaN          0.0000          -1      0.2
CAP-G600-reversed   383.6358    -0.9228       -73.3756  10.4113   -0.8085    596.1245   177.8721  1658.2656            600.0             0.9935          0.2629           0      1.1
SPJF-random         159.7873     0.3495        27.7877   5.1441    0.3069   2662.5581  1600.2566  2588.7401              inf                NaN          0.0000          -1      0.2
CAP-G600-random     185.9139     0.2010        15.9804   5.5494    0.2211    596.9447   165.8422  1960.5797            600.0             0.9949          0.1022           0      1.1
SPJF-top1short      382.2755    -0.9150       -72.7608   9.8718   -0.6942   2660.1561  1669.1669  2495.3681              inf                NaN          0.0000          -1      0.2
CAP-G600-top1short  379.5558    -0.8996       -71.5317   9.5627   -0.6288    597.0194   177.8721  1956.1859            600.0             0.9950          0.2348           0      1.1
## done in 10 s
