rep,level,k,policy,G,guard,B0_base,eta,gap,red_pct,harm,w_p99_dl,used_over_allowed,feasible_cell
0,0,7.0,CAP-G300-B30-e0,300.0,cap,30.0,0.0,0.27684630603884947,15.537962941134563,71.31791223585606,39.53695888131829,0.4463657595951352,True
0,1,5.0,CAP-G300-B30-e0,300.0,cap,30.0,0.0,0.0818522597683041,5.8306749796624455,65.85234040021896,123.01069426625966,0.4124370209120829,True
0,2,4.0,CAP-G300-B30-e0,300.0,cap,30.0,0.0,-0.005135088501283629,-0.41801716689154106,53.237855941057205,249.61598866760727,0.433998467808678,True
1,0,8.0,CAP-G300-B30-e0,300.0,cap,30.0,0.0,0.3621044313263095,20.681691513131497,59.80938559770584,23.25728653460734,0.3685922259005947,True
1,1,5.0,CAP-G300-B30-e0,300.0,cap,30.0,0.0,0.0487636043423933,3.438290258130697,61.24505138397217,116.65683238714924,0.4851321064915496,True
1,2,4.0,CAP-G300-B30-e0,300.0,cap,30.0,0.0,-0.006591837804037754,-0.5426523462690649,62.108482375741005,262.6038116511694,0.4611064648817456,True
2,0,8.0,CAP-G300-B30-e0,300.0,cap,30.0,0.0,0.44665036437423095,26.72907411147322,55.40266010165215,19.18905093729496,0.3597671358481697,True
2,1,5.0,CAP-G300-B30-e0,300.0,cap,30.0,0.0,0.08743038885189186,5.756309305980827,61.82169312238693,102.75786893993612,0.5091464305325021,True
2,2,4.0,CAP-G300-B30-e0,300.0,cap,30.0,0.0,-0.010259460072518415,-0.8080605461751297,62.07752737402916,214.1774102210995,0.4252695417593395,True
3,0,7.0,CAP-G300-B30-e0,300.0,cap,30.0,0.0,0.2572642337873179,14.364283940396067,62.242569610476494,35.05826398581266,0.4125400123606187,True
3,1,5.0,CAP-G300-B30-e0,300.0,cap,30.0,0.0,0.02731478361125354,1.8293842572665708,63.712930887937546,107.84324355453232,0.4249503527759412,True
3,2,4.0,CAP-G300-B30-e0,300.0,cap,30.0,0.0,-0.003438082059863117,-0.26973467981887145,53.94154495000839,213.83799391090847,0.4380015324032495,True
4,0,8.0,CAP-G300-B30-e0,300.0,cap,30.0,0.0,0.3524236041692691,20.99930084305246,56.83037228882313,22.22099824696768,0.3649757371432539,True
4,1,5.0,CAP-G300-B30-e0,300.0,cap,30.0,0.0,0.04649474131387907,3.25818426259344,62.40561638772488,115.69507325530016,0.4182677535106647,True
4,2,4.0,CAP-G300-B30-e0,300.0,cap,30.0,0.0,-0.00031201682223201287,-0.025723993438796975,58.9116812646389,262.311226018965,0.4676326069566938,True
0,0,7.0,CAP-G300-B30-e0.25,300.0,cap,30.0,0.25,0.5645314268703925,31.684252953648077,93.02471324801444,31.97882712721823,0.5905815592904886,True
0,1,5.0,CAP-G300-B30-e0.25,300.0,cap,30.0,0.25,0.5064588215626893,36.077156421506615,89.89910639822483,83.50058117508851,0.626941254834334,True
0,2,4.0,CAP-G300-B30-e0.25,300.0,cap,30.0,0.25,0.2908012379157894,23.67240789944023,74.92306622862816,189.7327581477165,0.6962935422857602,True
1,0,8.0,CAP-G300-B30-e0.25,300.0,cap,30.0,0.25,0.5531987248932257,31.596093236951543,96.3852581679821,20.057024538517,0.4946675548454126,True
1,1,5.0,CAP-G300-B30-e0.25,300.0,cap,30.0,0.25,0.5395678497784565,38.044580717774366,76.60037951171398,74.84874679624987,0.6434899243712425,True
1,2,4.0,CAP-G300-B30-e0.25,300.0,cap,30.0,0.25,0.3357246204657682,27.637475073256066,67.22934240102768,189.0011296004055,0.7212941091756025,True
2,0,8.0,CAP-G300-B30-e0.25,300.0,cap,30.0,0.25,0.5947767655027296,35.59346082069826,66.22549061477184,16.86754119753835,0.5834601786235968,True
2,1,5.0,CAP-G300-B30-e0.25,300.0,cap,30.0,0.25,0.5359319799498046,35.28510262929062,75.44146017730236,70.56138075143089,0.6420938548032215,True
2,2,4.0,CAP-G300-B30-e0.25,300.0,cap,30.0,0.25,0.3283747539549055,25.863610867953746,77.19112375378609,157.51061712145787,0.7331751951575279,True
3,0,7.0,CAP-G300-B30-e0.25,300.0,cap,30.0,0.25,0.5270271825605279,29.426430495833532,70.66267329454422,28.89199675023549,0.550710234940052,True
3,1,5.0,CAP-G300-B30-e0.25,300.0,cap,30.0,0.25,0.4897160072913402,32.79831050541882,73.17740522325039,73.8229877912996,0.6253676150739192,True
3,2,4.0,CAP-G300-B30-e0.25,300.0,cap,30.0,0.25,0.2468671535033837,19.367959068051604,83.60066185891628,171.95810812592498,0.6907129219174385,True
4,0,8.0,CAP-G300-B30-e0.25,300.0,cap,30.0,0.25,0.5561187896124061,33.13655961005415,60.43549634516239,18.807079020142467,0.5919445918003718,True
4,1,5.0,CAP-G300-B30-e0.25,300.0,cap,30.0,0.25,0.5041629270140212,35.32992480785741,71.65973062813282,77.3399695855376,0.6779233405490717,True
4,2,4.0,CAP-G300-B30-e0.25,300.0,cap,30.0,0.25,0.32601744626592205,26.878264411147104,101.64403854310513,191.7571935015911,0.7108761023978393,True
0,0,7.0,CAP-G300-B30-e0.5,300.0,cap,30.0,0.5,0.6708136624022333,37.64932960799555,93.38233608007432,29.1865550175309,0.6544547788302104,True
0,1,5.0,CAP-G300-B30-e0.5,300.0,cap,30.0,0.5,0.6808287757743084,48.49824940176752,93.85171066224576,67.27526289105414,0.6922261062761148,True
0,2,4.0,CAP-G300-B30-e0.5,300.0,cap,30.0,0.5,0.41024297155692135,33.39545261284668,102.76180040836334,165.56351554095738,0.7285611254473527,True
1,0,8.0,CAP-G300-B30-e0.5,300.0,cap,30.0,0.5,0.6511329913922219,37.189635080331584,97.26567715406418,18.41691637337197,0.5894837461908659,True
1,1,5.0,CAP-G300-B30-e0.5,300.0,cap,30.0,0.5,0.6859192983523816,48.36372686541832,108.279980301857,62.38211891919366,0.745950777878364,True
1,2,4.0,CAP-G300-B30-e0.5,300.0,cap,30.0,0.5,0.4500471861544015,37.04872127601243,101.31037984788418,164.42022719174605,0.7339354166885217,True
2,0,8.0,CAP-G300-B30-e0.5,300.0,cap,30.0,0.5,0.680716993085402,40.73641579272079,78.19726796448231,15.520643724501124,0.5855879565576713,True
2,1,5.0,CAP-G300-B30-e0.5,300.0,cap,30.0,0.5,0.6969428826637941,45.88586250040329,83.60618667304516,59.00292537391182,0.7552700351675351,True
2,2,4.0,CAP-G300-B30-e0.5,300.0,cap,30.0,0.5,0.5072742171359389,39.954176736593794,122.74050185084344,127.5737163424492,0.7151475141942502,True
3,0,7.0,CAP-G300-B30-e0.5,300.0,cap,30.0,0.5,0.6374448029363154,35.59157062336439,77.57711873948574,26.36806024283165,0.6079029535750547,True
3,1,5.0,CAP-G300-B30-e0.5,300.0,cap,30.0,0.5,0.6564471989601495,43.96498938434467,118.61548906564713,61.556070028543374,0.6584493495027224,True
3,2,4.0,CAP-G300-B30-e0.5,300.0,cap,30.0,0.5,0.4512260733446669,35.40093525993272,101.37370198965073,137.76574214190234,0.758712367862463,True
4,0,8.0,CAP-G300-B30-e0.5,300.0,cap,30.0,0.5,0.6522526671520146,38.86473499836838,60.43549634516239,17.195880934297932,0.6016652532915274,True
4,1,5.0,CAP-G300-B30-e0.5,300.0,cap,30.0,0.5,0.6913537358854603,48.447583500691096,118.7818543612957,61.65235330671063,0.6878698857625326,True
4,2,4.0,CAP-G300-B30-e0.5,300.0,cap,30.0,0.5,0.44390271550102134,36.59722722424692,102.61996580660345,166.2698193606734,0.7496588703989983,True
0,0,7.0,CAP-G300-B30-e0.75,300.0,cap,30.0,0.75,0.7129109037054326,40.01203180421456,113.65981650352478,28.080566305518104,0.5970649142066637,True
0,1,5.0,CAP-G300-B30-e0.75,300.0,cap,30.0,0.75,0.7379264365571893,52.56555191811068,109.25693210959436,61.96226201504464,0.694062733501196,True
0,2,4.0,CAP-G300-B30-e0.75,300.0,cap,30.0,0.75,0.4009140460553462,32.636039993699825,152.54721115529537,167.45123984664602,0.768763140141964,False
1,0,8.0,CAP-G300-B30-e0.75,300.0,cap,30.0,0.75,0.697014864113583,39.810190521181305,99.05699920654295,17.64853124350304,0.615531037847201,True
1,1,5.0,CAP-G300-B30-e0.75,300.0,cap,30.0,0.75,0.7289003837452047,51.394295445878065,162.51916015148163,58.72086921811096,0.7546521072586377,False
1,2,4.0,CAP-G300-B30-e0.75,300.0,cap,30.0,0.75,0.43458798590389913,35.7760911633237,212.0439104884863,167.7441649496554,0.733934753437837,False
2,0,8.0,CAP-G300-B30-e0.75,300.0,cap,30.0,0.75,0.7179399949216061,42.96396658880115,78.19726796448231,14.937266550362107,0.6047963693241278,True
2,1,5.0,CAP-G300-B30-e0.75,300.0,cap,30.0,0.75,0.7407470981969095,48.769878193637915,115.59111542999744,55.85836148381228,0.7223865306874117,True
2,2,4.0,CAP-G300-B30-e0.75,300.0,cap,30.0,0.75,0.5245339036868238,41.313592499464065,177.5186180472374,124.68549345701902,0.7257477126518885,False
3,0,7.0,CAP-G300-B30-e0.75,300.0,cap,30.0,0.75,0.6997674193918172,39.071338275075014,107.9756747931242,24.9434839263558,0.6698806381225586,True
3,1,5.0,CAP-G300-B30-e0.75,300.0,cap,30.0,0.75,0.7244310006018361,48.51814632098596,143.56573197245598,56.55429624170064,0.6807882682482401,True
3,2,4.0,CAP-G300-B30-e0.75,300.0,cap,30.0,0.75,0.4875507147086725,38.25078448902456,180.3527988940477,131.68807529613375,0.7880653869112333,False
4,0,8.0,CAP-G300-B30-e0.75,300.0,cap,30.0,0.75,0.7055470072199043,42.04029948121736,128.5838993936777,16.30267095565796,0.6350622053941091,True
4,1,5.0,CAP-G300-B30-e0.75,300.0,cap,30.0,0.75,0.7311653431445261,51.2374377632272,133.95971193909645,58.315922304093824,0.7215905729432901,True
4,2,4.0,CAP-G300-B30-e0.75,300.0,cap,30.0,0.75,0.42946620945968395,35.40702028594802,181.6889922916889,169.39106286421398,0.7495372845232486,False
0,0,7.0,CAP-G300-B30-e0.9,300.0,cap,30.0,0.9,0.7179189370953217,40.293107027263204,154.44414149224758,27.948994064033016,0.5970649142066637,False
0,1,5.0,CAP-G300-B30-e0.9,300.0,cap,30.0,0.9,0.7352178840952703,52.372610524488586,142.10291789472103,62.214295835792825,0.7463292368749778,True
0,2,4.0,CAP-G300-B30-e0.9,300.0,cap,30.0,0.9,0.3718736818307276,30.272035794816205,183.2804838567972,173.32760807186196,0.7285611254473527,False
1,0,8.0,CAP-G300-B30-e0.9,300.0,cap,30.0,0.9,0.7007239434263605,40.02203557887261,102.80850364267826,17.58641517847774,0.615531037847201,True
1,1,5.0,CAP-G300-B30-e0.9,300.0,cap,30.0,0.9,0.7260222925104179,51.19136309114284,176.57035683095455,58.96603312164541,0.7546521072586377,False
1,2,4.0,CAP-G300-B30-e0.9,300.0,cap,30.0,0.9,0.41434488774159517,34.10964167835601,212.0439104884863,172.0967056521773,0.733934753437837,False
2,0,8.0,CAP-G300-B30-e0.9,300.0,cap,30.0,0.9,0.7211627177680257,43.156825264565065,100.60345348715782,14.886758454441996,0.6047963693241278,True
2,1,5.0,CAP-G300-B30-e0.9,300.0,cap,30.0,0.9,0.7427726419497633,48.90323750391132,154.71835179626942,55.7129542058706,0.7223865306874117,False
2,2,4.0,CAP-G300-B30-e0.9,300.0,cap,30.0,0.9,0.5061256487662184,39.86371264027727,184.184159129858,127.76591690421073,0.7263094958662987,False
3,0,7.0,CAP-G300-B30-e0.9,300.0,cap,30.0,0.9,0.7040750025081658,39.311851097511266,161.05593724548817,24.84502078026528,0.6698806381225586,False
3,1,5.0,CAP-G300-B30-e0.9,300.0,cap,30.0,0.9,0.7225368895494529,48.3912898541708,143.94394198060036,56.69365171730514,0.680786178757747,True
3,2,4.0,CAP-G300-B30-e0.9,300.0,cap,30.0,0.9,0.45184477073024853,35.44947515464695,194.4836902469397,137.66222462743517,0.7880653869112333,False
4,0,8.0,CAP-G300-B30-e0.9,300.0,cap,30.0,0.9,0.709355163620271,42.267209997319696,168.7411599010229,16.238846480250324,0.6350622053941091,False
4,1,5.0,CAP-G300-B30-e0.9,300.0,cap,30.0,0.9,0.7309583018964478,51.222929057142736,176.5809549242258,58.33327349603174,0.7215905729432901,False
4,2,4.0,CAP-G300-B30-e0.9,300.0,cap,30.0,0.9,0.4065240675729829,33.51557256481648,184.2343995720148,174.35126660853618,0.749526148935159,False
0,0,7.0,CAP-G300-B120-e0,300.0,cap,120.0,0.0,0.5120514593802857,28.738821599766126,93.02471324801444,33.357593285143295,0.4823503649897045,True
0,1,5.0,CAP-G300-B120-e0,300.0,cap,120.0,0.0,0.27167123156930356,19.352265375312314,97.153989225626,105.34782770335651,0.570675188094698,True
0,2,4.0,CAP-G300-B120-e0,300.0,cap,120.0,0.0,0.015398616189369746,1.2535102193314716,102.65260392427444,245.46095779895748,0.5702922440237469,True
1,0,8.0,CAP-G300-B120-e0,300.0,cap,120.0,0.0,0.5797558886535215,33.11291275319547,96.31179620325564,19.61227090239515,0.4939066471961828,True
1,1,5.0,CAP-G300-B120-e0,300.0,cap,120.0,0.0,0.30455425332580344,21.473923767608536,77.04561199247837,94.86786571562271,0.5421121235015571,True
1,2,4.0,CAP-G300-B120-e0,300.0,cap,120.0,0.0,0.0056937623708329665,0.4687211065385199,81.5246098190546,259.96224095940585,0.6195600686801804,True
2,0,8.0,CAP-G300-B120-e0,300.0,cap,120.0,0.0,0.6157473099002783,36.848409389127895,72.17901226878166,16.53888052195308,0.4322170921625235,True
2,1,5.0,CAP-G300-B120-e0,300.0,cap,120.0,0.0,0.33455503220983107,22.026691983887876,81.04129981994629,85.01758480519052,0.5398014623631713,True
2,2,4.0,CAP-G300-B120-e0,300.0,cap,120.0,0.0,0.02712521128503354,2.1364489837835623,81.28083181381226,207.92148760855176,0.5735733046299881,True
3,0,7.0,CAP-G300-B120-e0,300.0,cap,120.0,0.0,0.497475431954485,27.776415915913727,70.8393042087555,29.567493486702386,0.4643146174263071,True
3,1,5.0,CAP-G300-B120-e0,300.0,cap,120.0,0.0,0.2836381683908943,18.996423599726036,73.17740522325039,88.98475732713865,0.5344705579261626,True
3,2,4.0,CAP-G300-B120-e0,300.0,cap,120.0,0.0,0.02285874400431712,1.7933824404736602,83.60066185891628,209.43813359797,0.5873792996837033,True
4,0,8.0,CAP-G300-B120-e0,300.0,cap,120.0,0.0,0.5968351160062737,35.56265813766038,60.43549634516239,18.124675804674624,0.4462811684761292,True
4,1,5.0,CAP-G300-B120-e0,300.0,cap,120.0,0.0,0.28534034906504385,19.995625495159473,76.16190810501575,95.67850157171476,0.5993558286979634,True
4,2,4.0,CAP-G300-B120-e0,300.0,cap,120.0,0.0,0.019584125024902966,1.6145985336347537,101.64403854310513,258.0095824420446,0.6007993864516418,True
0,0,7.0,CAP-G300-B120-e0.25,300.0,cap,120.0,0.25,0.6461633305504825,36.265832936938565,93.38233608007432,29.83417438477276,0.5905486038327217,True
0,1,5.0,CAP-G300-B120-e0.25,300.0,cap,120.0,0.25,0.5883503367399973,41.91062772630099,93.91389566659927,75.88048455625764,0.6214919476211072,True
0,2,4.0,CAP-G300-B120-e0.25,300.0,cap,120.0,0.25,0.3403848954967292,27.708720041075882,102.76180040836334,179.69941877067055,0.749438669482867,True
1,0,8.0,CAP-G300-B120-e0.25,300.0,cap,120.0,0.25,0.6455241287829473,36.86928339118028,96.44778616726398,18.510848167538644,0.5332542312145233,True
1,1,5.0,CAP-G300-B120-e0.25,300.0,cap,120.0,0.25,0.6157186464291153,43.41392422311545,105.7610867023468,68.36200782895082,0.6348959928254286,True
1,2,4.0,CAP-G300-B120-e0.25,300.0,cap,120.0,0.25,0.3893423174017213,32.05138359297364,104.95356148481368,177.47259743511677,0.7376254100104173,True
2,0,8.0,CAP-G300-B120-e0.25,300.0,cap,120.0,0.25,0.6855553915299998,41.025961981242716,78.19726796448231,15.4448139667511,0.5855355610450109,True
2,1,5.0,CAP-G300-B120-e0.25,300.0,cap,120.0,0.25,0.6321162916213869,41.61775945073525,83.60618667304516,63.656618056893336,0.6489905641973018,True
2,2,4.0,CAP-G300-B120-e0.25,300.0,cap,120.0,0.25,0.40660072039217954,32.02488219388858,122.56411573290823,144.42034309864005,0.740339366743962,True
3,0,7.0,CAP-G300-B120-e0.25,300.0,cap,120.0,0.25,0.6335219787115999,35.37254071709821,84.53365482389927,26.457728533446783,0.5814035606880983,True
3,1,5.0,CAP-G300-B120-e0.25,300.0,cap,120.0,0.25,0.5801857309410398,38.85744282583124,118.55851224064828,67.16685675233602,0.6253633700311184,True
3,2,4.0,CAP-G300-B120-e0.25,300.0,cap,120.0,0.25,0.33280102637619596,26.109899859850643,99.2831376194954,157.58005976878104,0.6907113256553808,True
4,0,8.0,CAP-G300-B120-e0.25,300.0,cap,120.0,0.25,0.658856589078039,39.258232317015654,74.40883812308311,17.08519959449768,0.6015731895466646,True
4,1,5.0,CAP-G300-B120-e0.25,300.0,cap,120.0,0.25,0.62478686256435,43.78281641228599,118.668151602149,67.2310223227736,0.6436701074739297,True
4,2,4.0,CAP-G300-B120-e0.25,300.0,cap,120.0,0.25,0.3873120013877446,31.931648143820635,101.64403854310513,178.50500966787212,0.7447129123906294,True
0,0,7.0,CAP-G300-B120-e0.5,300.0,cap,120.0,0.5,0.7162739180475137,40.20078054702939,113.6483734548092,27.99221239477393,0.5970649142066637,True
0,1,5.0,CAP-G300-B120-e0.5,300.0,cap,120.0,0.5,0.7181889286708312,51.159567602959946,102.0427332818508,63.798859088420826,0.6891462385157744,True
0,2,4.0,CAP-G300-B120-e0.5,300.0,cap,120.0,0.5,0.40395229288571166,32.88336568867648,145.6661161929369,166.83644531458614,0.7285611254473527,True
1,0,8.0,CAP-G300-B120-e0.5,300.0,cap,120.0,0.5,0.7060251547711128,40.324815683707286,99.05699920654295,17.497635629475074,0.6173763878146807,True
1,1,5.0,CAP-G300-B120-e0.5,300.0,cap,120.0,0.5,0.717272796992499,50.57444181125572,147.63062611222267,59.71133975028987,0.7546521072586377,True
1,2,4.0,CAP-G300-B120-e0.5,300.0,cap,120.0,0.5,0.4384647003943422,36.09522950934999,171.61468262970448,166.9106187465781,0.733934753437837,False
2,0,8.0,CAP-G300-B120-e0.5,300.0,cap,120.0,0.5,0.7197805712053049,43.07411292208296,100.4076514840126,14.90842013448473,0.5878957302868366,True
2,1,5.0,CAP-G300-B120-e0.5,300.0,cap,120.0,0.5,0.7211826119046987,47.48177647077625,115.56306643784046,57.26283309400066,0.7333399246136347,True
2,2,4.0,CAP-G300-B120-e0.5,300.0,cap,120.0,0.5,0.5164656176317984,40.67811425887078,159.60494230687618,126.0356343394516,0.7470089752972126,False
3,0,7.0,CAP-G300-B120-e0.5,300.0,cap,120.0,0.5,0.7049239819238339,39.35925365015793,107.9756747931242,24.82561472773538,0.6297259266177814,True
3,1,5.0,CAP-G300-B120-e0.5,300.0,cap,120.0,0.5,0.7036320962589987,47.12515750164551,124.5788933634758,58.08453450471156,0.680773228307565,True
3,2,4.0,CAP-G300-B120-e0.5,300.0,cap,120.0,0.5,0.4663040829067362,36.58388028879354,133.9377098530531,135.24296103864893,0.788134175191323,True
4,0,8.0,CAP-G300-B120-e0.5,300.0,cap,120.0,0.5,0.7076903721540152,42.16801273462994,113.70203810930252,16.266748286485658,0.6311221906542778,True
4,1,5.0,CAP-G300-B120-e0.5,300.0,cap,120.0,0.5,0.7230184330728604,50.66653160407536,123.6141283363104,58.99867804318664,0.6795845019320647,True
4,2,4.0,CAP-G300-B120-e0.5,300.0,cap,120.0,0.5,0.42927329045217916,35.391115222728125,132.6860893368721,169.43277290105806,0.7543178580204646,True
0,0,7.0,CAP-G300-B120-e0.75,300.0,cap,120.0,0.75,0.7171663908861122,40.250870469089485,162.62570708990097,27.968765136599487,0.5970649142066637,False
0,1,5.0,CAP-G300-B120-e0.75,300.0,cap,120.0,0.75,0.7357418763276192,52.40993665827332,157.34497119486332,62.165537775456905,0.7463292368749778,False
0,2,4.0,CAP-G300-B120-e0.75,300.0,cap,120.0,0.75,0.37122224191750136,30.219005926517177,183.2804838567972,173.45942807167708,0.7285611254473527,False
1,0,8.0,CAP-G300-B120-e0.75,300.0,cap,120.0,0.75,0.700796172008274,40.02616093366073,145.73597933351994,17.585205564200855,0.615531037847201,True
1,1,5.0,CAP-G300-B120-e0.75,300.0,cap,120.0,0.75,0.7263871613802708,51.21708975957985,176.57035683095455,58.93495256543157,0.7546521072586377,False
1,2,4.0,CAP-G300-B120-e0.75,300.0,cap,120.0,0.75,0.4144492703617016,34.11823464975403,212.0439104884863,172.07426197290417,0.733934753437837,False
2,0,8.0,CAP-G300-B120-e0.75,300.0,cap,120.0,0.75,0.7211627177680257,43.156825264565065,121.55632765591145,14.886758454441996,0.6047963693241278,True
2,1,5.0,CAP-G300-B120-e0.75,300.0,cap,120.0,0.75,0.7425099765855513,48.88594393927976,154.9042506068945,55.7318101084231,0.7223865306874117,False
2,2,4.0,CAP-G300-B120-e0.75,300.0,cap,120.0,0.75,0.5039070617633074,39.688971219906485,184.184159129858,128.13717357426867,0.7263094958662987,False
3,0,7.0,CAP-G300-B120-e0.75,300.0,cap,120.0,0.75,0.7040315434380492,39.30942457123612,161.05593724548817,24.84601417183876,0.6698806381225586,False
3,1,5.0,CAP-G300-B120-e0.75,300.0,cap,120.0,0.75,0.7227027373340464,48.40239736761684,163.8765630722046,56.681449794471256,0.680786178757747,False
3,2,4.0,CAP-G300-B120-e0.75,300.0,cap,120.0,0.75,0.4483899794873135,35.17842955610437,194.4836902469397,138.2402639254926,0.7880653869112333,False
4,0,8.0,CAP-G300-B120-e0.75,300.0,cap,120.0,0.75,0.7094334537624901,42.27187494663086,168.7411599010229,16.237534342110134,0.6350622053941091,False
4,1,5.0,CAP-G300-B120-e0.75,300.0,cap,120.0,0.75,0.7310901318162425,51.23216722382301,176.5809549242258,58.32222542583921,0.7215905729432901,False
4,2,4.0,CAP-G300-B120-e0.75,300.0,cap,120.0,0.75,0.4061145787929541,33.48181256875162,184.2343995720148,174.43980009376992,0.749526148935159,False
0,0,7.0,CAP-G300-B120-e0.9,300.0,cap,120.0,0.9,0.7171663908861122,40.250870469089485,162.62570708990097,27.968765136599487,0.5970649142066637,False
0,1,5.0,CAP-G300-B120-e0.9,300.0,cap,120.0,0.9,0.7358258001594982,52.415914899901814,169.84928454458714,62.15772856950736,0.7463292368749778,False
0,2,4.0,CAP-G300-B120-e0.9,300.0,cap,120.0,0.9,0.36931054647286055,30.06338611324065,186.1174862384796,173.84626297086385,0.7285611254473527,False
1,0,8.0,CAP-G300-B120-e0.9,300.0,cap,120.0,0.9,0.700796172008274,40.02616093366073,145.73597933351994,17.585205564200855,0.615531037847201,True
1,1,5.0,CAP-G300-B120-e0.9,300.0,cap,120.0,0.9,0.7263871613802708,51.21708975957985,176.57035683095455,58.93495256543157,0.7546521072586377,False
1,2,4.0,CAP-G300-B120-e0.9,300.0,cap,120.0,0.9,0.41377069529011307,34.062373087976574,212.0439104884863,172.22016481816655,0.733934753437837,False
2,0,8.0,CAP-G300-B120-e0.9,300.0,cap,120.0,0.9,0.7211627177680257,43.156825264565065,121.55632765591145,14.886758454441996,0.6047963693241278,True
2,1,5.0,CAP-G300-B120-e0.9,300.0,cap,120.0,0.9,0.7430592730239107,48.92210894141908,162.14637665450573,55.69237788200372,0.7223865306874117,False
2,2,4.0,CAP-G300-B120-e0.9,300.0,cap,120.0,0.9,0.5036341451990037,39.6674756337399,184.184159129858,128.18284322559813,0.7263094958662987,False
3,0,7.0,CAP-G300-B120-e0.9,300.0,cap,120.0,0.9,0.7040315434380492,39.30942457123612,161.05593724548817,24.84601417183876,0.6698806381225586,False
3,1,5.0,CAP-G300-B120-e0.9,300.0,cap,120.0,0.9,0.7223215791444365,48.376869624050414,170.32768850028515,56.70949275463814,0.680786178757747,False
3,2,4.0,CAP-G300-B120-e0.9,300.0,cap,120.0,0.9,0.44815829964016646,35.160253116943636,194.4836902469397,138.27902749955595,0.7880653869112333,False
4,0,8.0,CAP-G300-B120-e0.9,300.0,cap,120.0,0.9,0.7094334537624901,42.27187494663086,168.7411599010229,16.237534342110134,0.6350622053941091,False
4,1,5.0,CAP-G300-B120-e0.9,300.0,cap,120.0,0.9,0.7310901318162425,51.23216722382301,176.5809549242258,58.32222542583921,0.7215905729432901,False
4,2,4.0,CAP-G300-B120-e0.9,300.0,cap,120.0,0.9,0.40610308228028646,33.480864747367136,184.2343995720148,174.44228569626782,0.749526148935159,False
0,0,7.0,CAP-G300-B600-e0,300.0,cap,600.0,0.0,0.7171663908861122,40.250870469089485,162.62570708990097,27.968765136599487,0.5970649142066637,False
0,1,5.0,CAP-G300-B600-e0,300.0,cap,600.0,0.0,0.7358258001594982,52.415914899901814,169.84928454458714,62.15772856950736,0.7463292368749778,False
0,2,4.0,CAP-G300-B600-e0,300.0,cap,600.0,0.0,0.36931054647286055,30.06338611324065,186.1174862384796,173.84626297086385,0.7285611254473527,False
1,0,8.0,CAP-G300-B600-e0,300.0,cap,600.0,0.0,0.700796172008274,40.02616093366073,145.73597933351994,17.585205564200855,0.615531037847201,True
1,1,5.0,CAP-G300-B600-e0,300.0,cap,600.0,0.0,0.7263871613802708,51.21708975957985,176.57035683095455,58.93495256543157,0.7546521072586377,False
1,2,4.0,CAP-G300-B600-e0,300.0,cap,600.0,0.0,0.41377069529011307,34.062373087976574,212.0439104884863,172.22016481816655,0.733934753437837,False
2,0,8.0,CAP-G300-B600-e0,300.0,cap,600.0,0.0,0.7211627177680257,43.156825264565065,121.55632765591145,14.886758454441996,0.6047963693241278,True
2,1,5.0,CAP-G300-B600-e0,300.0,cap,600.0,0.0,0.7430592730239107,48.92210894141908,162.14637665450573,55.69237788200372,0.7223865306874117,False
2,2,4.0,CAP-G300-B600-e0,300.0,cap,600.0,0.0,0.5036341451990037,39.6674756337399,184.184159129858,128.18284322559813,0.7263094958662987,False
3,0,7.0,CAP-G300-B600-e0,300.0,cap,600.0,0.0,0.7040315434380492,39.30942457123612,161.05593724548817,24.84601417183876,0.6698806381225586,False
3,1,5.0,CAP-G300-B600-e0,300.0,cap,600.0,0.0,0.7223215791444365,48.376869624050414,170.32768850028515,56.70949275463814,0.680786178757747,False
3,2,4.0,CAP-G300-B600-e0,300.0,cap,600.0,0.0,0.44815829964016646,35.160253116943636,194.4836902469397,138.27902749955595,0.7880653869112333,False
4,0,8.0,CAP-G300-B600-e0,300.0,cap,600.0,0.0,0.7094334537624901,42.27187494663086,168.7411599010229,16.237534342110134,0.6350622053941091,False
4,1,5.0,CAP-G300-B600-e0,300.0,cap,600.0,0.0,0.7310901318162425,51.23216722382301,176.5809549242258,58.32222542583921,0.7215905729432901,False
4,2,4.0,CAP-G300-B600-e0,300.0,cap,600.0,0.0,0.40610308228028646,33.480864747367136,184.2343995720148,174.44228569626782,0.749526148935159,False
0,0,7.0,CAP-G300-B600-e0.25,300.0,cap,600.0,0.25,0.7171663908861122,40.250870469089485,162.62570708990097,27.968765136599487,0.5970649142066637,False
0,1,5.0,CAP-G300-B600-e0.25,300.0,cap,600.0,0.25,0.7358258001594982,52.415914899901814,169.84928454458714,62.15772856950736,0.7463292368749778,False
0,2,4.0,CAP-G300-B600-e0.25,300.0,cap,600.0,0.25,0.36931054647286055,30.06338611324065,186.1174862384796,173.84626297086385,0.7285611254473527,False
1,0,8.0,CAP-G300-B600-e0.25,300.0,cap,600.0,0.25,0.700796172008274,40.02616093366073,145.73597933351994,17.585205564200855,0.615531037847201,True
1,1,5.0,CAP-G300-B600-e0.25,300.0,cap,600.0,0.25,0.7263871613802708,51.21708975957985,176.57035683095455,58.93495256543157,0.7546521072586377,False
1,2,4.0,CAP-G300-B600-e0.25,300.0,cap,600.0,0.25,0.41377069529011307,34.062373087976574,212.0439104884863,172.22016481816655,0.733934753437837,False
2,0,8.0,CAP-G300-B600-e0.25,300.0,cap,600.0,0.25,0.7211627177680257,43.156825264565065,121.55632765591145,14.886758454441996,0.6047963693241278,True
2,1,5.0,CAP-G300-B600-e0.25,300.0,cap,600.0,0.25,0.7430592730239107,48.92210894141908,162.14637665450573,55.69237788200372,0.7223865306874117,False
2,2,4.0,CAP-G300-B600-e0.25,300.0,cap,600.0,0.25,0.5036341451990037,39.6674756337399,184.184159129858,128.18284322559813,0.7263094958662987,False
3,0,7.0,CAP-G300-B600-e0.25,300.0,cap,600.0,0.25,0.7040315434380492,39.30942457123612,161.05593724548817,24.84601417183876,0.6698806381225586,False
3,1,5.0,CAP-G300-B600-e0.25,300.0,cap,600.0,0.25,0.7223215791444365,48.376869624050414,170.32768850028515,56.70949275463814,0.680786178757747,False
3,2,4.0,CAP-G300-B600-e0.25,300.0,cap,600.0,0.25,0.44815829964016646,35.160253116943636,194.4836902469397,138.27902749955595,0.7880653869112333,False
4,0,8.0,CAP-G300-B600-e0.25,300.0,cap,600.0,0.25,0.7094334537624901,42.27187494663086,168.7411599010229,16.237534342110134,0.6350622053941091,False
4,1,5.0,CAP-G300-B600-e0.25,300.0,cap,600.0,0.25,0.7310901318162425,51.23216722382301,176.5809549242258,58.32222542583921,0.7215905729432901,False
4,2,4.0,CAP-G300-B600-e0.25,300.0,cap,600.0,0.25,0.40610308228028646,33.480864747367136,184.2343995720148,174.44228569626782,0.749526148935159,False
0,0,7.0,CAP-G300-B600-e0.5,300.0,cap,600.0,0.5,0.7171663908861122,40.250870469089485,162.62570708990097,27.968765136599487,0.5970649142066637,False
0,1,5.0,CAP-G300-B600-e0.5,300.0,cap,600.0,0.5,0.7358258001594982,52.415914899901814,169.84928454458714,62.15772856950736,0.7463292368749778,False
0,2,4.0,CAP-G300-B600-e0.5,300.0,cap,600.0,0.5,0.36931054647286055,30.06338611324065,186.1174862384796,173.84626297086385,0.7285611254473527,False
1,0,8.0,CAP-G300-B600-e0.5,300.0,cap,600.0,0.5,0.700796172008274,40.02616093366073,145.73597933351994,17.585205564200855,0.615531037847201,True
1,1,5.0,CAP-G300-B600-e0.5,300.0,cap,600.0,0.5,0.7263871613802708,51.21708975957985,176.57035683095455,58.93495256543157,0.7546521072586377,False
1,2,4.0,CAP-G300-B600-e0.5,300.0,cap,600.0,0.5,0.41377069529011307,34.062373087976574,212.0439104884863,172.22016481816655,0.733934753437837,False
2,0,8.0,CAP-G300-B600-e0.5,300.0,cap,600.0,0.5,0.7211627177680257,43.156825264565065,121.55632765591145,14.886758454441996,0.6047963693241278,True
2,1,5.0,CAP-G300-B600-e0.5,300.0,cap,600.0,0.5,0.7430592730239107,48.92210894141908,162.14637665450573,55.69237788200372,0.7223865306874117,False
2,2,4.0,CAP-G300-B600-e0.5,300.0,cap,600.0,0.5,0.5036341451990037,39.6674756337399,184.184159129858,128.18284322559813,0.7263094958662987,False
3,0,7.0,CAP-G300-B600-e0.5,300.0,cap,600.0,0.5,0.7040315434380492,39.30942457123612,161.05593724548817,24.84601417183876,0.6698806381225586,False
3,1,5.0,CAP-G300-B600-e0.5,300.0,cap,600.0,0.5,0.7223215791444365,48.376869624050414,170.32768850028515,56.70949275463814,0.680786178757747,False
3,2,4.0,CAP-G300-B600-e0.5,300.0,cap,600.0,0.5,0.44815829964016646,35.160253116943636,194.4836902469397,138.27902749955595,0.7880653869112333,False
4,0,8.0,CAP-G300-B600-e0.5,300.0,cap,600.0,0.5,0.7094334537624901,42.27187494663086,168.7411599010229,16.237534342110134,0.6350622053941091,False
4,1,5.0,CAP-G300-B600-e0.5,300.0,cap,600.0,0.5,0.7310901318162425,51.23216722382301,176.5809549242258,58.32222542583921,0.7215905729432901,False
4,2,4.0,CAP-G300-B600-e0.5,300.0,cap,600.0,0.5,0.40610308228028646,33.480864747367136,184.2343995720148,174.44228569626782,0.749526148935159,False
0,0,7.0,CAP-G300-B600-e0.75,300.0,cap,600.0,0.75,0.7171663908861122,40.250870469089485,162.62570708990097,27.968765136599487,0.5970649142066637,False
0,1,5.0,CAP-G300-B600-e0.75,300.0,cap,600.0,0.75,0.7358258001594982,52.415914899901814,169.84928454458714,62.15772856950736,0.7463292368749778,False
0,2,4.0,CAP-G300-B600-e0.75,300.0,cap,600.0,0.75,0.36931054647286055,30.06338611324065,186.1174862384796,173.84626297086385,0.7285611254473527,False
1,0,8.0,CAP-G300-B600-e0.75,300.0,cap,600.0,0.75,0.700796172008274,40.02616093366073,145.73597933351994,17.585205564200855,0.615531037847201,True
1,1,5.0,CAP-G300-B600-e0.75,300.0,cap,600.0,0.75,0.7263871613802708,51.21708975957985,176.57035683095455,58.93495256543157,0.7546521072586377,False
1,2,4.0,CAP-G300-B600-e0.75,300.0,cap,600.0,0.75,0.41377069529011307,34.062373087976574,212.0439104884863,172.22016481816655,0.733934753437837,False
2,0,8.0,CAP-G300-B600-e0.75,300.0,cap,600.0,0.75,0.7211627177680257,43.156825264565065,121.55632765591145,14.886758454441996,0.6047963693241278,True
2,1,5.0,CAP-G300-B600-e0.75,300.0,cap,600.0,0.75,0.7430592730239107,48.92210894141908,162.14637665450573,55.69237788200372,0.7223865306874117,False
2,2,4.0,CAP-G300-B600-e0.75,300.0,cap,600.0,0.75,0.5036341451990037,39.6674756337399,184.184159129858,128.18284322559813,0.7263094958662987,False
3,0,7.0,CAP-G300-B600-e0.75,300.0,cap,600.0,0.75,0.7040315434380492,39.30942457123612,161.05593724548817,24.84601417183876,0.6698806381225586,False
3,1,5.0,CAP-G300-B600-e0.75,300.0,cap,600.0,0.75,0.7223215791444365,48.376869624050414,170.32768850028515,56.70949275463814,0.680786178757747,False
3,2,4.0,CAP-G300-B600-e0.75,300.0,cap,600.0,0.75,0.44815829964016646,35.160253116943636,194.4836902469397,138.27902749955595,0.7880653869112333,False
4,0,8.0,CAP-G300-B600-e0.75,300.0,cap,600.0,0.75,0.7094334537624901,42.27187494663086,168.7411599010229,16.237534342110134,0.6350622053941091,False
4,1,5.0,CAP-G300-B600-e0.75,300.0,cap,600.0,0.75,0.7310901318162425,51.23216722382301,176.5809549242258,58.32222542583921,0.7215905729432901,False
4,2,4.0,CAP-G300-B600-e0.75,300.0,cap,600.0,0.75,0.40610308228028646,33.480864747367136,184.2343995720148,174.44228569626782,0.749526148935159,False
0,0,7.0,CAP-G300-B600-e0.9,300.0,cap,600.0,0.9,0.7171663908861122,40.250870469089485,162.62570708990097,27.968765136599487,0.5970649142066637,False
0,1,5.0,CAP-G300-B600-e0.9,300.0,cap,600.0,0.9,0.7358258001594982,52.415914899901814,169.84928454458714,62.15772856950736,0.7463292368749778,False
0,2,4.0,CAP-G300-B600-e0.9,300.0,cap,600.0,0.9,0.36931054647286055,30.06338611324065,186.1174862384796,173.84626297086385,0.7285611254473527,False
1,0,8.0,CAP-G300-B600-e0.9,300.0,cap,600.0,0.9,0.700796172008274,40.02616093366073,145.73597933351994,17.585205564200855,0.615531037847201,True
1,1,5.0,CAP-G300-B600-e0.9,300.0,cap,600.0,0.9,0.7263871613802708,51.21708975957985,176.57035683095455,58.93495256543157,0.7546521072586377,False
1,2,4.0,CAP-G300-B600-e0.9,300.0,cap,600.0,0.9,0.41377069529011307,34.062373087976574,212.0439104884863,172.22016481816655,0.733934753437837,False
2,0,8.0,CAP-G300-B600-e0.9,300.0,cap,600.0,0.9,0.7211627177680257,43.156825264565065,121.55632765591145,14.886758454441996,0.6047963693241278,True
2,1,5.0,CAP-G300-B600-e0.9,300.0,cap,600.0,0.9,0.7430592730239107,48.92210894141908,162.14637665450573,55.69237788200372,0.7223865306874117,False
2,2,4.0,CAP-G300-B600-e0.9,300.0,cap,600.0,0.9,0.5036341451990037,39.6674756337399,184.184159129858,128.18284322559813,0.7263094958662987,False
3,0,7.0,CAP-G300-B600-e0.9,300.0,cap,600.0,0.9,0.7040315434380492,39.30942457123612,161.05593724548817,24.84601417183876,0.6698806381225586,False
3,1,5.0,CAP-G300-B600-e0.9,300.0,cap,600.0,0.9,0.7223215791444365,48.376869624050414,170.32768850028515,56.70949275463814,0.680786178757747,False
3,2,4.0,CAP-G300-B600-e0.9,300.0,cap,600.0,0.9,0.44815829964016646,35.160253116943636,194.4836902469397,138.27902749955595,0.7880653869112333,False
4,0,8.0,CAP-G300-B600-e0.9,300.0,cap,600.0,0.9,0.7094334537624901,42.27187494663086,168.7411599010229,16.237534342110134,0.6350622053941091,False
4,1,5.0,CAP-G300-B600-e0.9,300.0,cap,600.0,0.9,0.7310901318162425,51.23216722382301,176.5809549242258,58.32222542583921,0.7215905729432901,False
4,2,4.0,CAP-G300-B600-e0.9,300.0,cap,600.0,0.9,0.40610308228028646,33.480864747367136,184.2343995720148,174.44228569626782,0.749526148935159,False
0,0,7.0,FIX-G300,300.0,fix,1000000000.0,0.0,0.7171663908861122,40.250870469089485,162.62570708990097,27.968765136599487,0.5970649142066637,False
0,1,5.0,FIX-G300,300.0,fix,1000000000.0,0.0,0.7358258001594982,52.415914899901814,169.84928454458714,62.15772856950736,0.7463292368749778,False
0,2,4.0,FIX-G300,300.0,fix,1000000000.0,0.0,0.36931054647286055,30.06338611324065,186.1174862384796,173.84626297086385,0.7285611254473527,False
1,0,8.0,FIX-G300,300.0,fix,1000000000.0,0.0,0.700796172008274,40.02616093366073,145.73597933351994,17.585205564200855,0.615531037847201,True
1,1,5.0,FIX-G300,300.0,fix,1000000000.0,0.0,0.7263871613802708,51.21708975957985,176.57035683095455,58.93495256543157,0.7546521072586377,False
1,2,4.0,FIX-G300,300.0,fix,1000000000.0,0.0,0.41377069529011307,34.062373087976574,212.0439104884863,172.22016481816655,0.733934753437837,False
2,0,8.0,FIX-G300,300.0,fix,1000000000.0,0.0,0.7211627177680257,43.156825264565065,121.55632765591145,14.886758454441996,0.6047963693241278,True
2,1,5.0,FIX-G300,300.0,fix,1000000000.0,0.0,0.7430592730239107,48.92210894141908,162.14637665450573,55.69237788200372,0.7223865306874117,False
2,2,4.0,FIX-G300,300.0,fix,1000000000.0,0.0,0.5036341451990037,39.6674756337399,184.184159129858,128.18284322559813,0.7263094958662987,False
3,0,7.0,FIX-G300,300.0,fix,1000000000.0,0.0,0.7040315434380492,39.30942457123612,161.05593724548817,24.84601417183876,0.6698806381225586,False
3,1,5.0,FIX-G300,300.0,fix,1000000000.0,0.0,0.7223215791444365,48.376869624050414,170.32768850028515,56.70949275463814,0.680786178757747,False
3,2,4.0,FIX-G300,300.0,fix,1000000000.0,0.0,0.44815829964016646,35.160253116943636,194.4836902469397,138.27902749955595,0.7880653869112333,False
4,0,8.0,FIX-G300,300.0,fix,1000000000.0,0.0,0.7094334537624901,42.27187494663086,168.7411599010229,16.237534342110134,0.6350622053941091,False
4,1,5.0,FIX-G300,300.0,fix,1000000000.0,0.0,0.7310901318162425,51.23216722382301,176.5809549242258,58.32222542583921,0.7215905729432901,False
4,2,4.0,FIX-G300,300.0,fix,1000000000.0,0.0,0.40610308228028646,33.480864747367136,184.2343995720148,174.44228569626782,0.749526148935159,False
0,0,7.0,CAP-G600-B30-e0,600.0,cap,30.0,0.0,0.27684630603884947,15.537962941134563,71.31791223585606,39.53695888131829,0.4463657595951352,True
0,1,5.0,CAP-G600-B30-e0,600.0,cap,30.0,0.0,0.0818522597683041,5.8306749796624455,65.85234040021896,123.01069426625966,0.4124370209120829,True
0,2,4.0,CAP-G600-B30-e0,600.0,cap,30.0,0.0,-0.005135088501283629,-0.41801716689154106,53.237855941057205,249.61598866760727,0.433998467808678,True
1,0,8.0,CAP-G600-B30-e0,600.0,cap,30.0,0.0,0.3621044313263095,20.681691513131497,59.80938559770584,23.25728653460734,0.3685922259005947,True
1,1,5.0,CAP-G600-B30-e0,600.0,cap,30.0,0.0,0.0487636043423933,3.438290258130697,61.24505138397217,116.65683238714924,0.4851321064915496,True
1,2,4.0,CAP-G600-B30-e0,600.0,cap,30.0,0.0,-0.006591837804037754,-0.5426523462690649,62.108482375741005,262.6038116511694,0.4611064648817456,True
2,0,8.0,CAP-G600-B30-e0,600.0,cap,30.0,0.0,0.44665036437423095,26.72907411147322,55.40266010165215,19.18905093729496,0.3597671358481697,True
2,1,5.0,CAP-G600-B30-e0,600.0,cap,30.0,0.0,0.08743038885189186,5.756309305980827,61.82169312238693,102.75786893993612,0.5091464305325021,True
2,2,4.0,CAP-G600-B30-e0,600.0,cap,30.0,0.0,-0.010259460072518415,-0.8080605461751297,62.07752737402916,214.1774102210995,0.4252695417593395,True
3,0,7.0,CAP-G600-B30-e0,600.0,cap,30.0,0.0,0.2572642337873179,14.364283940396067,62.242569610476494,35.05826398581266,0.4125400123606187,True
3,1,5.0,CAP-G600-B30-e0,600.0,cap,30.0,0.0,0.02731478361125354,1.8293842572665708,63.712930887937546,107.84324355453232,0.4249503527759412,True
3,2,4.0,CAP-G600-B30-e0,600.0,cap,30.0,0.0,-0.003438082059863117,-0.26973467981887145,53.94154495000839,213.83799391090847,0.4380015324032495,True
4,0,8.0,CAP-G600-B30-e0,600.0,cap,30.0,0.0,0.3524236041692691,20.99930084305246,56.83037228882313,22.22099824696768,0.3649757371432539,True
4,1,5.0,CAP-G600-B30-e0,600.0,cap,30.0,0.0,0.04649474131387907,3.25818426259344,62.40561638772488,115.69507325530016,0.4182677535106647,True
4,2,4.0,CAP-G600-B30-e0,600.0,cap,30.0,0.0,-0.00031201682223201287,-0.025723993438796975,58.9116812646389,262.311226018965,0.4676326069566938,True
0,0,7.0,CAP-G600-B30-e0.25,600.0,cap,30.0,0.25,0.566650362247916,31.80317792628614,93.02471324801444,31.923157954215974,0.5560762157769851,True
0,1,5.0,CAP-G600-B30-e0.25,600.0,cap,30.0,0.25,0.5259014667703673,37.462136448591465,89.89910639822483,81.69142140209644,0.6446338914776925,True
0,2,4.0,CAP-G600-B30-e0.25,600.0,cap,30.0,0.25,0.32101459860804804,26.131898799293882,74.92306622862816,183.6190320464968,0.7286505662813104,True
1,0,8.0,CAP-G600-B30-e0.25,600.0,cap,30.0,0.25,0.5532883657085829,31.601213096113195,96.3852581679821,20.055523321032524,0.4602291506497005,True
1,1,5.0,CAP-G600-B30-e0.25,600.0,cap,30.0,0.25,0.547479449629497,38.60242251517431,76.60037951171398,74.17481447637076,0.6343506174412934,True
1,2,4.0,CAP-G600-B30-e0.25,600.0,cap,30.0,0.25,0.36718225163373946,30.2271257698964,67.22934240102768,182.23731217652497,0.7540684158860602,True
2,0,8.0,CAP-G600-B30-e0.25,600.0,cap,30.0,0.25,0.5964266268223253,35.69219412308101,66.22549061477184,16.841683760285378,0.6188121066827159,True
2,1,5.0,CAP-G600-B30-e0.25,600.0,cap,30.0,0.25,0.5509795806389901,36.27581815757879,75.44146017730236,69.48116184592217,0.7170766167591015,True
2,2,4.0,CAP-G600-B30-e0.25,600.0,cap,30.0,0.25,0.36142204384960047,28.466497465606825,77.19112375378609,151.98050864040846,0.8147836512078842,True
3,0,7.0,CAP-G600-B30-e0.25,600.0,cap,30.0,0.25,0.5271245443124346,29.431866664821086,70.66267329454422,28.88977124601591,0.5246569469113256,True
3,1,5.0,CAP-G600-B30-e0.25,600.0,cap,30.0,0.25,0.5024870041552706,33.65363709137975,73.17740522325039,72.88338694810861,0.6310406205396488,True
3,2,4.0,CAP-G600-B30-e0.25,600.0,cap,30.0,0.25,0.27984642634488954,21.955347456598954,83.60066185891628,166.44017248719928,0.7383232948662242,True
4,0,8.0,CAP-G600-B30-e0.25,600.0,cap,30.0,0.25,0.5561187896124061,33.13655961005415,60.43549634516239,18.807079020142467,0.5322552506644044,True
4,1,5.0,CAP-G600-B30-e0.25,600.0,cap,30.0,0.25,0.5117516382358251,35.8617143990572,71.65973062813282,76.70399397104977,0.6459456399533972,True
4,2,4.0,CAP-G600-B30-e0.25,600.0,cap,30.0,0.25,0.3529036513533096,29.094877471669285,101.64403854310513,185.944263924062,0.7685098015237757,True
0,0,7.0,CAP-G600-B30-e0.5,600.0,cap,30.0,0.5,0.682357784869704,38.29724198094341,93.38233608007432,28.88326509296889,0.8090046999851862,True
0,1,5.0,CAP-G600-B30-e0.5,600.0,cap,30.0,0.5,0.7355587664509486,52.396892984470604,93.85171066224576,62.18257635325181,0.823155208354195,True
0,2,4.0,CAP-G600-B30-e0.5,600.0,cap,30.0,0.5,0.5858349670660549,47.68935786359594,102.76180040836334,130.03216975510108,0.8809251718471448,True
1,0,8.0,CAP-G600-B30-e0.5,600.0,cap,30.0,0.5,0.6576350440546808,37.5610015584345,97.26567715406418,18.308026297986444,0.5328690309325854,True
1,1,5.0,CAP-G600-B30-e0.5,600.0,cap,30.0,0.5,0.7291354235868186,51.41086795335761,108.279980301857,58.70084786355496,0.8188981129725774,True
1,2,4.0,CAP-G600-B30-e0.5,600.0,cap,30.0,0.5,0.6378100361020107,52.5057082491787,101.31037984788418,124.048667449951,0.8483696314692497,True
2,0,8.0,CAP-G600-B30-e0.5,600.0,cap,30.0,0.5,0.6881375651441443,41.180488016384,78.19726796448231,15.404344873130317,0.7760069872687261,True
2,1,5.0,CAP-G600-B30-e0.5,600.0,cap,30.0,0.5,0.7399803288337008,48.71939504151039,83.60618667304516,55.913405392765696,0.8151134533435106,True
2,2,4.0,CAP-G600-B30-e0.5,600.0,cap,30.0,0.5,0.6376295885471847,50.221289418438495,122.74050185084344,105.76014714241028,0.8358998098472754,True
3,0,7.0,CAP-G600-B30-e0.5,600.0,cap,30.0,0.5,0.6550217363977248,36.57297429275226,77.57711873948574,25.966285019814915,0.6864434666434924,True
3,1,5.0,CAP-G600-B30-e0.5,600.0,cap,30.0,0.5,0.6969488790619784,46.67755474915345,118.61548906564713,58.57623899579043,0.8035113316277663,True
3,2,4.0,CAP-G600-B30-e0.5,600.0,cap,30.0,0.5,0.5916378026987771,46.41693551841778,101.37370198965073,114.2727170160404,0.8610284080108007,True
4,0,8.0,CAP-G600-B30-e0.5,600.0,cap,30.0,0.5,0.6598042982818997,39.31470194744949,60.43549634516239,17.069316044449796,0.589273743225728,True
4,1,5.0,CAP-G600-B30-e0.5,600.0,cap,30.0,0.5,0.7393180978195474,51.80875349116331,118.7818543612957,57.63267675518984,0.8323406609644493,True
4,2,4.0,CAP-G600-B30-e0.5,600.0,cap,30.0,0.5,0.6354948845849523,52.392900243361005,102.61996580660345,124.8466514992712,0.8476199523359537,True
0,0,7.0,CAP-G600-B30-e0.75,600.0,cap,30.0,0.75,0.7487987837517258,42.026234407000736,113.65981650352478,27.13771140575409,0.8214979432771603,True
0,1,5.0,CAP-G600-B30-e0.75,600.0,cap,30.0,0.75,0.8205735181528923,58.45284534368314,109.25693210959436,54.27185910016286,0.8156258098284404,True
0,2,4.0,CAP-G600-B30-e0.75,600.0,cap,30.0,0.75,0.7213921070367028,58.724262439882324,152.54721115529537,102.6019466400145,0.8568000619361797,True
1,0,8.0,CAP-G600-B30-e0.75,600.0,cap,30.0,0.75,0.7171861242960144,40.96227744537644,99.05699920654295,17.310722530484195,0.7643910976250966,True
1,1,5.0,CAP-G600-B30-e0.75,600.0,cap,30.0,0.75,0.8096274307793476,57.086307411118476,162.51916015148163,51.84431237637992,0.8183875992894173,True
1,2,4.0,CAP-G600-B30-e0.75,600.0,cap,30.0,0.75,0.7588779571547632,62.47224464923267,216.8147185742855,98.0174221372604,0.8449419946223498,True
2,0,8.0,CAP-G600-B30-e0.75,600.0,cap,30.0,0.75,0.731090514547258,43.750938327133646,78.19726796448231,14.731165145337574,0.7786276185760895,True
2,1,5.0,CAP-G600-B30-e0.75,600.0,cap,30.0,0.75,0.8029304515832688,52.86395372590348,115.59111542999744,51.394418339431134,0.820325041015943,True
2,2,4.0,CAP-G600-B30-e0.75,600.0,cap,30.0,0.75,0.7516047030279323,59.19825239764897,177.5186180472374,86.6876377406714,0.8461897561699152,True
3,0,7.0,CAP-G600-B30-e0.75,600.0,cap,30.0,0.75,0.7290914127563766,40.70863608656577,107.9756747931242,24.27319328665724,0.7972279986987512,True
3,1,5.0,CAP-G600-B30-e0.75,600.0,cap,30.0,0.75,0.7892083234709283,52.856552085832234,143.56573197245598,51.78843279063702,0.8289472881456216,True
3,2,4.0,CAP-G600-B30-e0.75,600.0,cap,30.0,0.75,0.7304136350453263,57.30459150010315,180.3527988940477,91.05340242475232,0.8367915378262599,True
4,0,8.0,CAP-G600-B30-e0.75,600.0,cap,30.0,0.75,0.7189771081900574,42.84053739743072,128.5838993936777,16.077583259940138,0.7933747847626607,True
4,1,5.0,CAP-G600-B30-e0.75,600.0,cap,30.0,0.75,0.8132167735056292,56.98730692200075,133.95971193909645,51.4395624956488,0.8107539373139541,True
4,2,4.0,CAP-G600-B30-e0.75,600.0,cap,30.0,0.75,0.768070809452305,63.323023167612476,181.6889922916889,96.18308546513316,0.8478112562249104,True
0,0,7.0,CAP-G600-B30-e0.9,600.0,cap,30.0,0.9,0.7576709524416563,42.52418372149254,154.97584319114685,26.904619684815344,0.811143135552605,True
0,1,5.0,CAP-G600-B30-e0.9,600.0,cap,30.0,0.9,0.8364275467978426,59.58219337156445,142.10291789472103,52.7966240918636,0.8128481347362201,True
0,2,4.0,CAP-G600-B30-e0.9,600.0,cap,30.0,0.9,0.7433780872509655,60.514010982327555,223.6005428135395,98.15304529249644,0.8567153809467951,True
1,0,8.0,CAP-G600-B30-e0.9,600.0,cap,30.0,0.9,0.7210239875060425,41.18147802982848,102.80850364267826,17.246449717581253,0.8164605452120304,True
1,1,5.0,CAP-G600-B30-e0.9,600.0,cap,30.0,0.9,0.8308809914688656,58.584882253048896,253.00252284109592,50.03387431949376,0.8257206083337466,True
1,2,4.0,CAP-G600-B30-e0.9,600.0,cap,30.0,0.9,0.7705602142366846,63.433949776646436,358.92071129381657,95.50557839483,0.8449402606735626,False
2,0,8.0,CAP-G600-B30-e0.9,600.0,cap,30.0,0.9,0.7345041181745843,43.955219956837084,100.60345348715782,14.67766547203064,0.8026376014451185,True
2,1,5.0,CAP-G600-B30-e0.9,600.0,cap,30.0,0.9,0.8185362313171329,53.89141907620983,154.71835179626942,50.27412955373521,0.8372589042037726,True
2,2,4.0,CAP-G600-B30-e0.9,600.0,cap,30.0,0.9,0.7777003610906683,61.2536112136025,276.3647813051939,82.32081006944175,0.8483215621113778,True
3,0,7.0,CAP-G600-B30-e0.9,600.0,cap,30.0,0.9,0.7304276552266814,40.783244849603314,218.77956761419773,24.24264932870861,0.8078188083072504,True
3,1,5.0,CAP-G600-B30-e0.9,600.0,cap,30.0,0.9,0.8071418548791998,54.05763500497245,143.94394198060036,50.4690086758136,0.8372786536067724,True
3,2,4.0,CAP-G600-B30-e0.9,600.0,cap,30.0,0.9,0.7644107950603022,59.97183821257853,269.4973304569721,85.36515872806291,0.8469690229992072,True
4,0,8.0,CAP-G600-B30-e0.9,600.0,cap,30.0,0.9,0.7251408478832894,43.207806282389605,186.7734772413969,15.974279348254193,0.7930135832975308,True
4,1,5.0,CAP-G600-B30-e0.9,600.0,cap,30.0,0.9,0.830790256265888,58.21879339445781,255.18320153653625,49.96680827289814,0.8489370570083459,True
4,2,4.0,CAP-G600-B30-e0.9,600.0,cap,30.0,0.9,0.7782445682002882,64.16179109495974,266.1315498352051,93.98346886068572,0.8407867362101873,True
0,0,7.0,CAP-G600-B120-e0,600.0,cap,120.0,0.0,0.5120514593802857,28.738821599766126,93.02471324801444,33.357593285143295,0.4823503649897045,True
0,1,5.0,CAP-G600-B120-e0,600.0,cap,120.0,0.0,0.27167123156930356,19.352265375312314,97.153989225626,105.34782770335651,0.570675188094698,True
0,2,4.0,CAP-G600-B120-e0,600.0,cap,120.0,0.0,0.015398616189369746,1.2535102193314716,102.65260392427444,245.46095779895748,0.5702922440237469,True
1,0,8.0,CAP-G600-B120-e0,600.0,cap,120.0,0.0,0.5797558886535215,33.11291275319547,96.31179620325564,19.61227090239515,0.4939066471961828,True
1,1,5.0,CAP-G600-B120-e0,600.0,cap,120.0,0.0,0.30455425332580344,21.473923767608536,77.04561199247837,94.86786571562271,0.5421121235015571,True
1,2,4.0,CAP-G600-B120-e0,600.0,cap,120.0,0.0,0.0056937623708329665,0.4687211065385199,81.5246098190546,259.96224095940585,0.6195600686801804,True
2,0,8.0,CAP-G600-B120-e0,600.0,cap,120.0,0.0,0.6157473099002783,36.848409389127895,72.17901226878166,16.53888052195308,0.4322170921625235,True
2,1,5.0,CAP-G600-B120-e0,600.0,cap,120.0,0.0,0.33455503220983107,22.026691983887876,81.04129981994629,85.01758480519052,0.5398014623631713,True
2,2,4.0,CAP-G600-B120-e0,600.0,cap,120.0,0.0,0.02712521128503354,2.1364489837835623,81.28083181381226,207.92148760855176,0.5735733046299881,True
3,0,7.0,CAP-G600-B120-e0,600.0,cap,120.0,0.0,0.497475431954485,27.776415915913727,70.8393042087555,29.567493486702386,0.4643146174263071,True
3,1,5.0,CAP-G600-B120-e0,600.0,cap,120.0,0.0,0.2836381683908943,18.996423599726036,73.17740522325039,88.98475732713865,0.5344705579261626,True
3,2,4.0,CAP-G600-B120-e0,600.0,cap,120.0,0.0,0.02285874400431712,1.7933824404736602,83.60066185891628,209.43813359797,0.5873792996837033,True
4,0,8.0,CAP-G600-B120-e0,600.0,cap,120.0,0.0,0.5968351160062737,35.56265813766038,60.43549634516239,18.124675804674624,0.4462811684761292,True
4,1,5.0,CAP-G600-B120-e0,600.0,cap,120.0,0.0,0.28534034906504385,19.995625495159473,76.16190810501575,95.67850157171476,0.5993558286979634,True
4,2,4.0,CAP-G600-B120-e0,600.0,cap,120.0,0.0,0.019584125024902966,1.6145985336347537,101.64403854310513,258.0095824420446,0.6007993864516418,True
0,0,7.0,CAP-G600-B120-e0.25,600.0,cap,120.0,0.25,0.6493712117519016,36.44587485239839,93.38233608007432,29.7498961687088,0.5479992963449137,True
0,1,5.0,CAP-G600-B120-e0.25,600.0,cap,120.0,0.25,0.6125058284913925,43.63132330361285,93.91389566659927,73.63278916776142,0.6675715884934891,True
0,2,4.0,CAP-G600-B120-e0.25,600.0,cap,120.0,0.25,0.3968621350731,32.30619789869565,102.76180040836334,168.2711510834097,0.8025248680263758,True
1,0,8.0,CAP-G600-B120-e0.25,600.0,cap,120.0,0.25,0.6455676653102871,36.87176999159193,96.44778616726398,18.51011905997982,0.4726225134006594,True
1,1,5.0,CAP-G600-B120-e0.25,600.0,cap,120.0,0.25,0.6294907230337493,44.38498445261485,105.7610867023468,67.18886362165206,0.703834986759005,True
1,2,4.0,CAP-G600-B120-e0.25,600.0,cap,120.0,0.25,0.4517591494313126,37.18965327655001,104.95356148481368,164.0521318644283,0.7207899142572274,True
2,0,8.0,CAP-G600-B120-e0.25,600.0,cap,120.0,0.25,0.6869194007572544,41.107588923997156,78.19726796448231,15.423436543941492,0.6060432866694804,True
2,1,5.0,CAP-G600-B120-e0.25,600.0,cap,120.0,0.25,0.6486951746606741,42.70929272623607,83.60618667304516,62.46647331148375,0.7986778874943654,True
2,2,4.0,CAP-G600-B120-e0.25,600.0,cap,120.0,0.25,0.46078854847266854,36.29285006405501,122.56411573290823,135.35259295657275,0.8475710485378901,True
3,0,7.0,CAP-G600-B120-e0.25,600.0,cap,120.0,0.25,0.6376392293699221,35.60242637449905,84.53365482389927,26.363616024851638,0.5766217742146593,True
3,1,5.0,CAP-G600-B120-e0.25,600.0,cap,120.0,0.25,0.5976106132398654,40.02445940615155,118.55851224064828,65.8848554900288,0.64688576863417,True
3,2,4.0,CAP-G600-B120-e0.25,600.0,cap,120.0,0.25,0.39407022119111096,30.91677368031412,99.2831376194954,147.32878845512855,0.719078574822294,True
4,0,8.0,CAP-G600-B120-e0.25,600.0,cap,120.0,0.25,0.6586609636655357,39.24657589888388,74.40883812308311,17.088478264808654,0.5146620557767035,True
4,1,5.0,CAP-G600-B120-e0.25,600.0,cap,120.0,0.25,0.6392842042746985,44.798737982667895,118.668151602149,66.01606558859348,0.6859899209660199,True
4,2,4.0,CAP-G600-B120-e0.25,600.0,cap,120.0,0.25,0.44532349672777294,36.71436246937081,101.64403854310513,165.96263948202045,0.7890486294154803,True
0,0,7.0,CAP-G600-B120-e0.5,600.0,cap,120.0,0.5,0.7417341669666911,41.6297337082203,113.6483734548092,27.323314694166022,0.8054827157407999,True
0,1,5.0,CAP-G600-B120-e0.5,600.0,cap,120.0,0.5,0.787906413593425,56.125832384577755,102.0427332818508,57.31156953245401,0.8206055276095867,True
0,2,4.0,CAP-G600-B120-e0.5,600.0,cap,120.0,0.5,0.6311205574056772,51.375789785859375,145.6661161929369,120.868551762104,0.8416166588664055,True
1,0,8.0,CAP-G600-B120-e0.5,600.0,cap,120.0,0.5,0.7128617458175696,40.71528941115207,99.05699920654295,17.383143029510933,0.599602130750815,True
1,1,5.0,CAP-G600-B120-e0.5,600.0,cap,120.0,0.5,0.7792722518339802,54.94598334239628,147.63062611222267,54.4300518667697,0.8264464507748683,True
1,2,4.0,CAP-G600-B120-e0.5,600.0,cap,120.0,0.5,0.6838099860719175,56.29250967262079,171.61468262970448,114.1580542170998,0.8471141967425744,True
2,0,8.0,CAP-G600-B120-e0.5,600.0,cap,120.0,0.5,0.7302030449938548,43.697829136239285,100.4076514840126,14.74507400423286,0.8061720979462067,True
2,1,5.0,CAP-G600-B120-e0.5,600.0,cap,120.0,0.5,0.7704061412950672,50.72259312530343,115.56306643784046,53.72923407435403,0.8146661971012751,True
2,2,4.0,CAP-G600-B120-e0.5,600.0,cap,120.0,0.5,0.6874635251618781,54.14633398747897,159.60494230687618,97.4209739032384,0.8463120478391647,True
3,0,7.0,CAP-G600-B120-e0.5,600.0,cap,120.0,0.5,0.7240083599831205,40.42482511041808,107.9756747931242,24.389382192194407,0.7241290378073851,True
3,1,5.0,CAP-G600-B120-e0.5,600.0,cap,120.0,0.5,0.7517238565716993,50.346061993235374,124.5788933634758,54.54627832770348,0.7986916480710109,True
3,2,4.0,CAP-G600-B120-e0.5,600.0,cap,120.0,0.5,0.6457325419596122,50.66093752894211,133.9377098530531,105.22184160500731,0.8469603950033585,True
4,0,8.0,CAP-G600-B120-e0.5,600.0,cap,120.0,0.5,0.7176653493136467,42.76237572223809,113.70203810930252,16.099568260908104,0.6084114895761012,True
4,1,5.0,CAP-G600-B120-e0.5,600.0,cap,120.0,0.5,0.7723185968027824,54.12130978046587,123.6141283363104,54.86705397605885,0.8269197944055001,True
4,2,4.0,CAP-G600-B120-e0.5,600.0,cap,120.0,0.5,0.6731910073466885,55.500728877901516,132.6860893368721,116.6965646332502,0.8478300376733144,True
0,0,7.0,CAP-G600-B120-e0.75,600.0,cap,120.0,0.75,0.7528344926779555,42.252738045912075,163.03044810891151,27.031684303283598,0.8200276445845763,True
0,1,5.0,CAP-G600-B120-e0.75,600.0,cap,120.0,0.75,0.8266173616334924,58.88337331032795,157.34497119486332,53.7094727385044,0.8234373131146033,True
0,2,4.0,CAP-G600-B120-e0.75,600.0,cap,120.0,0.75,0.737874878214589,60.06602730110706,219.72739396989343,99.2666292154787,0.856735715046525,True
1,0,8.0,CAP-G600-B120-e0.75,600.0,cap,120.0,0.75,0.7215764299215941,41.21303092625495,145.76421128213406,17.237197947502107,0.8164170795679092,True
1,1,5.0,CAP-G600-B120-e0.75,600.0,cap,120.0,0.75,0.8236040541025933,58.071790097682324,232.55422557890412,50.65374430447815,0.8284170507391294,True
1,2,4.0,CAP-G600-B120-e0.75,600.0,cap,120.0,0.75,0.7647195761964484,62.953137591871325,293.2910667359829,96.7613948017358,0.8591538542012374,True
2,0,8.0,CAP-G600-B120-e0.75,600.0,cap,120.0,0.75,0.7339918903877507,43.92456650714067,121.55632765591145,14.685693357586818,0.8021894255528847,True
2,1,5.0,CAP-G600-B120-e0.75,600.0,cap,120.0,0.75,0.8143863798790575,53.618197959786585,154.9042506068945,50.57203405499456,0.8372809541970492,True
2,2,4.0,CAP-G600-B120-e0.75,600.0,cap,120.0,0.75,0.7699556903293922,60.6436217169752,219.52710297703743,83.61679741352785,0.8463127283503612,True
3,0,7.0,CAP-G600-B120-e0.75,600.0,cap,120.0,0.75,0.7327689824021834,40.91397226495822,210.40773038566115,24.189131048619664,0.8104766480624676,True
3,1,5.0,CAP-G600-B120-e0.75,600.0,cap,120.0,0.75,0.7985386585719546,53.481443294628306,163.93689793348312,51.10197183370583,0.8372777634610732,True
3,2,4.0,CAP-G600-B120-e0.75,600.0,cap,120.0,0.75,0.742017926294639,58.215006007423824,210.81054167449477,89.11182740718101,0.836084589039286,True
4,0,8.0,CAP-G600-B120-e0.75,600.0,cap,120.0,0.75,0.7242210167346416,43.15299777698091,186.7734772413969,15.989695663750162,0.8088840956489245,True
4,1,5.0,CAP-G600-B120-e0.75,600.0,cap,120.0,0.75,0.8262787766098078,57.902645124759545,221.9105822443962,50.34489500761026,0.8399090504646302,True
4,2,4.0,CAP-G600-B120-e0.75,600.0,cap,120.0,0.75,0.7682133458056036,63.33477447060575,223.3975504785776,96.15226840555668,0.8697591505448024,True
0,0,7.0,CAP-G600-B120-e0.9,600.0,cap,120.0,0.9,0.7569608970384594,42.4843319542832,213.3007097542286,26.923274428844373,0.82003065161407,True
0,1,5.0,CAP-G600-B120-e0.9,600.0,cap,120.0,0.9,0.838344734079292,59.71876255053296,318.1251583844424,52.61822768181543,0.8451838095237811,False
0,2,4.0,CAP-G600-B120-e0.9,600.0,cap,120.0,0.9,0.7517510340101184,61.195603029264994,360.8554678410292,96.45876494854676,0.8567153809467951,False
1,0,8.0,CAP-G600-B120-e0.9,600.0,cap,120.0,0.9,0.723790236370106,41.33947307409115,165.88799506425858,17.200123263001434,0.8239384878923496,True
1,1,5.0,CAP-G600-B120-e0.9,600.0,cap,120.0,0.9,0.8322875553676468,58.684058165408864,465.74810913205147,49.91405925184482,0.8257206083337466,False
1,2,4.0,CAP-G600-B120-e0.9,600.0,cap,120.0,0.9,0.7771434493350122,63.97589393218378,473.02835711836815,94.0900935471055,0.8449414878338576,False
2,0,8.0,CAP-G600-B120-e0.9,600.0,cap,120.0,0.9,0.7338367314726741,43.91528127092251,121.55632765591145,14.688125084340564,0.8015641852964958,True
2,1,5.0,CAP-G600-B120-e0.9,600.0,cap,120.0,0.9,0.8208013618552746,54.04055248585364,261.7016731649637,50.11152311027048,0.8372589042037726,True
2,2,4.0,CAP-G600-B120-e0.9,600.0,cap,120.0,0.9,0.7854636331818562,61.86506579715463,470.7181290984154,81.02170999288558,0.8463126262277365,False
3,0,7.0,CAP-G600-B120-e0.9,600.0,cap,120.0,0.9,0.7318981801843241,40.86535124162702,218.77956761419773,24.20903592884533,0.8060498720904191,True
3,1,5.0,CAP-G600-B120-e0.9,600.0,cap,120.0,0.9,0.810109328854367,54.25637903499224,318.09505321085453,50.25068264544009,0.8372777712593475,False
3,2,4.0,CAP-G600-B120-e0.9,600.0,cap,120.0,0.9,0.7709972491530755,60.48857837611222,465.2828985154629,84.26314444333298,0.8469690229992072,False
4,0,8.0,CAP-G600-B120-e0.9,600.0,cap,120.0,0.9,0.7258174925187397,43.248124422535625,186.7734772413969,15.962938824295971,0.801754615654548,True
4,1,5.0,CAP-G600-B120-e0.9,600.0,cap,120.0,0.9,0.8310490194099985,58.23692658500916,316.15607699751854,49.94512250244616,0.8290106221536795,False
4,2,4.0,CAP-G600-B120-e0.9,600.0,cap,120.0,0.9,0.7817956853385836,64.45456029026288,483.9248276352882,93.2156998959183,0.8439580625543992,False
0,0,7.0,CAP-G600-B600-e0,600.0,cap,600.0,0.0,0.7222768797579359,40.53769599274423,163.03044810891151,27.8345011603832,0.646890646307708,True
0,1,5.0,CAP-G600-B600-e0,600.0,cap,600.0,0.0,0.7447147336377639,53.0491103935182,178.02789956331253,61.33060341745601,0.6807551628916092,True
0,2,4.0,CAP-G600-B600-e0,600.0,cap,600.0,0.0,0.36931054647286055,30.06338611324065,186.1174862384796,173.84626297086385,0.7285611254473527,True
1,0,8.0,CAP-G600-B600-e0,600.0,cap,600.0,0.0,0.7083137744324428,40.455530808217496,150.27084235846996,17.459308045804477,0.6485406851484662,True
1,1,5.0,CAP-G600-B600-e0,600.0,cap,600.0,0.0,0.7348771140376377,51.8157108399424,176.57035683095455,58.21175452738992,0.7398550071163115,True
1,2,4.0,CAP-G600-B600-e0,600.0,cap,600.0,0.0,0.41377069529011307,34.062373087976574,212.0439104884863,172.22016481816655,0.733934753437837,True
2,0,8.0,CAP-G600-B600-e0,600.0,cap,600.0,0.0,0.7215568989898627,43.18041440706268,121.55632765591145,14.880580652654116,0.6487833700009755,True
2,1,5.0,CAP-G600-B600-e0,600.0,cap,600.0,0.0,0.7465033557519586,49.14886311371968,162.20863763988018,55.44513824880112,0.7082828862799538,True
2,2,4.0,CAP-G600-B600-e0,600.0,cap,600.0,0.0,0.5036341451990037,39.6674756337399,184.184159129858,128.18284322559813,0.7263094958662987,True
3,0,7.0,CAP-G600-B600-e0,600.0,cap,600.0,0.0,0.7122203936232612,39.76664696656913,163.64999420940876,24.65883265256877,0.6555415527665451,True
3,1,5.0,CAP-G600-B600-e0,600.0,cap,600.0,0.0,0.7313186665360931,48.979441852693924,170.36191934347153,56.04754983901974,0.6674480930068134,True
3,2,4.0,CAP-G600-B600-e0,600.0,cap,600.0,0.0,0.44815829964016646,35.160253116943636,194.4836902469397,138.27902749955595,0.7880653869112333,True
4,0,8.0,CAP-G600-B600-e0,600.0,cap,600.0,0.0,0.7135506573743237,42.517200163938,179.44191786646843,16.168530253767965,0.6215969691673915,True
4,1,5.0,CAP-G600-B600-e0,600.0,cap,600.0,0.0,0.7393210071146776,51.80895736410336,177.22326391935349,57.63243294030427,0.7074964576297336,True
4,2,4.0,CAP-G600-B600-e0,600.0,cap,600.0,0.0,0.40610308228028646,33.480864747367136,184.2343995720148,174.44228569626782,0.749526148935159,True
0,0,7.0,CAP-G600-B600-e0.25,600.0,cap,600.0,0.25,0.7494999181181033,42.065585482178165,207.1247296333313,27.11929103732109,0.6647322736526867,True
0,1,5.0,CAP-G600-B600-e0.25,600.0,cap,600.0,0.25,0.8198520013437735,58.40144871739275,232.0787628442049,54.33899704217909,0.7821953946848711,True
0,2,4.0,CAP-G600-B600-e0.25,600.0,cap,600.0,0.25,0.6766823409655925,55.08470496375369,233.2784979492426,111.64904559046026,0.8462697428464889,True
1,0,8.0,CAP-G600-B600-e0.25,600.0,cap,600.0,0.25,0.7208504715206135,41.17156761787882,165.88799506425858,17.24935559511175,0.6473318478977556,True
1,1,5.0,CAP-G600-B600-e0.25,600.0,cap,600.0,0.25,0.806955383295884,56.89790306825762,246.76608853042129,52.071924893855886,0.798736780261,True
1,2,4.0,CAP-G600-B600-e0.25,600.0,cap,600.0,0.25,0.6914639082618432,56.9225947805978,283.45787212252617,112.51235712081127,0.845541610121727,True
2,0,8.0,CAP-G600-B600-e0.25,600.0,cap,600.0,0.25,0.7310135316974634,43.746331412057344,121.55632765591145,14.732371658384746,0.6935163579635951,True
2,1,5.0,CAP-G600-B600-e0.25,600.0,cap,600.0,0.25,0.8034479639354419,52.898026102886966,214.0534189492464,51.35726779043674,0.809771532813708,True
2,2,4.0,CAP-G600-B600-e0.25,600.0,cap,600.0,0.25,0.7187032730959619,56.606854092782385,239.088765501976,92.19333812594414,0.8460051596413056,True
3,0,7.0,CAP-G600-B600-e0.25,600.0,cap,600.0,0.25,0.7225855474994911,40.34538273240882,218.77956761419773,24.421904975771888,0.6898801532116451,True
3,1,5.0,CAP-G600-B600-e0.25,600.0,cap,600.0,0.25,0.7933306121003075,53.13263883906533,233.9174756258726,51.48514355540269,0.8340151493251323,True
3,2,4.0,CAP-G600-B600-e0.25,600.0,cap,600.0,0.25,0.6872656698215042,53.919418493224185,264.67407439649105,98.27271548211549,0.8174864149838686,True
4,0,8.0,CAP-G600-B600-e0.25,600.0,cap,600.0,0.25,0.7250410526043131,43.20185994093816,186.7734772413969,15.975951911210958,0.653018178527485,True
4,1,5.0,CAP-G600-B600-e0.25,600.0,cap,600.0,0.25,0.8103602427113848,56.78713151685999,249.40144254267216,51.67895544052109,0.7968323718756437,True
4,2,4.0,CAP-G600-B600-e0.25,600.0,cap,600.0,0.25,0.6949654078281122,57.29590303265071,226.81111109256744,111.98883231550454,0.8435776916891337,True
0,0,7.0,CAP-G600-B600-e0.5,600.0,cap,600.0,0.5,0.7575825736541966,42.5192234735341,213.3007097542286,26.906941593289293,0.8215080275386571,True
0,1,5.0,CAP-G600-B600-e0.5,600.0,cap,600.0,0.5,0.8370603570223488,59.62727106096909,307.47679905593395,52.73774039626118,0.8423361070454121,False
0,2,4.0,CAP-G600-B600-e0.5,600.0,cap,600.0,0.5,0.7540634950965338,61.38384680182094,333.058796569705,95.99083442449567,0.8566880442202092,False
1,0,8.0,CAP-G600-B600-e0.5,600.0,cap,600.0,0.5,0.7256544650290203,41.445948992909344,165.88799506425858,17.16890296846628,0.8051177937289079,True
1,1,5.0,CAP-G600-B600-e0.5,600.0,cap,600.0,0.5,0.83243548281745,58.69448843438565,332.6770692765713,49.90145837575191,0.8113054473201434,False
1,2,4.0,CAP-G600-B600-e0.5,600.0,cap,600.0,0.5,0.7750722837225879,63.80539172741086,358.92071129381657,94.53542224913824,0.8449421073993048,False
2,0,8.0,CAP-G600-B600-e0.5,600.0,cap,600.0,0.5,0.7352450271941321,43.99955846783572,121.55632765591145,14.666053581833824,0.8235104221353928,True
2,1,5.0,CAP-G600-B600-e0.5,600.0,cap,600.0,0.5,0.8203872260567194,54.01328629405845,261.7016731649637,50.141252588629705,0.8373120974004269,True
2,2,4.0,CAP-G600-B600-e0.5,600.0,cap,600.0,0.5,0.780558479449395,61.47872371130326,341.0381122380495,81.84253470629389,0.8463116328418255,False
3,0,7.0,CAP-G600-B600-e0.5,600.0,cap,600.0,0.5,0.7331684641376158,40.93627722741755,218.77956761419773,24.17999965697522,0.8060553060223659,True
3,1,5.0,CAP-G600-B600-e0.5,600.0,cap,600.0,0.5,0.807048623219739,54.051390894364665,301.9133500754833,50.4758680108189,0.8328396126131217,False
3,2,4.0,CAP-G600-B600-e0.5,600.0,cap,600.0,0.5,0.7602804241815387,59.64779002317585,382.5833091288805,86.05623280912633,0.8480232409387827,False
4,0,8.0,CAP-G600-B600-e0.5,600.0,cap,600.0,0.5,0.7266961009883007,43.3004766581898,186.7734772413969,15.948213398456572,0.7779726598411798,True
4,1,5.0,CAP-G600-B600-e0.5,600.0,cap,600.0,0.5,0.8310490194099985,58.23692658500916,307.94844959676266,49.94512250244616,0.8287275950113933,False
4,2,4.0,CAP-G600-B600-e0.5,600.0,cap,600.0,0.5,0.7779841154407531,64.1403182620866,347.58779226243496,94.0397800263757,0.8576485766967138,False
0,0,7.0,CAP-G600-B600-e0.75,600.0,cap,600.0,0.75,0.7569608970384594,42.4843319542832,213.3007097542286,26.923274428844373,0.82003065161407,True
0,1,5.0,CAP-G600-B600-e0.75,600.0,cap,600.0,0.75,0.8383663964029217,59.720305647433975,441.2418593466282,52.61621197849512,0.8451838095237811,False
0,2,4.0,CAP-G600-B600-e0.75,600.0,cap,600.0,0.75,0.75209698609826,61.22376494151422,490.5263593941927,96.38876094162458,0.8567153809467951,False
1,0,8.0,CAP-G600-B600-e0.75,600.0,cap,600.0,0.75,0.723790236370106,41.33947307409115,165.88799506425858,17.200123263001434,0.8239384878923496,True
1,1,5.0,CAP-G600-B600-e0.75,600.0,cap,600.0,0.75,0.8322875553676468,58.684058165408864,465.74810913205147,49.91405925184482,0.8257206083337466,False
1,2,4.0,CAP-G600-B600-e0.75,600.0,cap,600.0,0.75,0.7773150669185651,63.99002181080345,473.02835711836815,94.05319343864907,0.8449414878338576,False
2,0,8.0,CAP-G600-B600-e0.75,600.0,cap,600.0,0.75,0.7338367314726741,43.91528127092251,121.55632765591145,14.688125084340564,0.8015641852964958,True
2,1,5.0,CAP-G600-B600-e0.75,600.0,cap,600.0,0.75,0.8208013618552746,54.04055248585364,261.7016731649637,50.11152311027048,0.8372589042037726,True
2,2,4.0,CAP-G600-B600-e0.75,600.0,cap,600.0,0.75,0.7856381117795512,61.878808164682034,470.7181290984154,80.9925128763913,0.8463126262277365,False
3,0,7.0,CAP-G600-B600-e0.75,600.0,cap,600.0,0.75,0.7318981801843241,40.86535124162702,218.77956761419773,24.20903592884533,0.8060498720904191,True
3,1,5.0,CAP-G600-B600-e0.75,600.0,cap,600.0,0.75,0.8100883393824901,54.254973283075394,335.45825873315334,50.25222690433262,0.8372777712593475,False
3,2,4.0,CAP-G600-B600-e0.75,600.0,cap,600.0,0.75,0.7710447649406647,60.492306226561546,465.2828985154629,84.25519432693717,0.8469690229992072,False
4,0,8.0,CAP-G600-B600-e0.75,600.0,cap,600.0,0.75,0.7258174925187397,43.248124422535625,186.7734772413969,15.962938824295971,0.801754615654548,True
4,1,5.0,CAP-G600-B600-e0.75,600.0,cap,600.0,0.75,0.8310835519000777,58.23934649772497,410.196327701211,49.94222849041223,0.8290106221536795,False
4,2,4.0,CAP-G600-B600-e0.75,600.0,cap,600.0,0.75,0.7819763897619495,64.46945833123316,483.9248276352882,93.17663071215064,0.8494263911495606,False
0,0,7.0,CAP-G600-B600-e0.9,600.0,cap,600.0,0.9,0.7569608970384594,42.4843319542832,213.3007097542286,26.923274428844373,0.82003065161407,True
0,1,5.0,CAP-G600-B600-e0.9,600.0,cap,600.0,0.9,0.8383663964029217,59.720305647433975,441.2418593466282,52.61621197849512,0.8451838095237811,False
0,2,4.0,CAP-G600-B600-e0.9,600.0,cap,600.0,0.9,0.75209698609826,61.22376494151422,490.5263593941927,96.38876094162458,0.8567153809467951,False
1,0,8.0,CAP-G600-B600-e0.9,600.0,cap,600.0,0.9,0.723790236370106,41.33947307409115,165.88799506425858,17.200123263001434,0.8239384878923496,True
1,1,5.0,CAP-G600-B600-e0.9,600.0,cap,600.0,0.9,0.8322875553676468,58.684058165408864,465.74810913205147,49.91405925184482,0.8257206083337466,False
1,2,4.0,CAP-G600-B600-e0.9,600.0,cap,600.0,0.9,0.7773150669185651,63.99002181080345,473.02835711836815,94.05319343864907,0.8449414878338576,False
2,0,8.0,CAP-G600-B600-e0.9,600.0,cap,600.0,0.9,0.7338367314726741,43.91528127092251,121.55632765591145,14.688125084340564,0.8015641852964958,True
2,1,5.0,CAP-G600-B600-e0.9,600.0,cap,600.0,0.9,0.8208013618552746,54.04055248585364,261.7016731649637,50.11152311027048,0.8372589042037726,True
2,2,4.0,CAP-G600-B600-e0.9,600.0,cap,600.0,0.9,0.7856381117795512,61.878808164682034,470.7181290984154,80.9925128763913,0.8463126262277365,False
3,0,7.0,CAP-G600-B600-e0.9,600.0,cap,600.0,0.9,0.7318981801843241,40.86535124162702,218.77956761419773,24.20903592884533,0.8060498720904191,True
3,1,5.0,CAP-G600-B600-e0.9,600.0,cap,600.0,0.9,0.8100883393824901,54.254973283075394,335.45825873315334,50.25222690433262,0.8372777712593475,False
3,2,4.0,CAP-G600-B600-e0.9,600.0,cap,600.0,0.9,0.7710447649406647,60.492306226561546,465.2828985154629,84.25519432693717,0.8469690229992072,False
4,0,8.0,CAP-G600-B600-e0.9,600.0,cap,600.0,0.9,0.7258174925187397,43.248124422535625,186.7734772413969,15.962938824295971,0.801754615654548,True
4,1,5.0,CAP-G600-B600-e0.9,600.0,cap,600.0,0.9,0.8310835519000777,58.23934649772497,410.196327701211,49.94222849041223,0.8290106221536795,False
4,2,4.0,CAP-G600-B600-e0.9,600.0,cap,600.0,0.9,0.7819763897619495,64.46945833123316,483.9248276352882,93.17663071215064,0.8494263911495606,False
0,0,7.0,FIX-G600,600.0,fix,1000000000.0,0.0,0.7569608970384594,42.4843319542832,213.3007097542286,26.923274428844373,0.82003065161407,True
0,1,5.0,FIX-G600,600.0,fix,1000000000.0,0.0,0.8383663964029217,59.720305647433975,441.2418593466282,52.61621197849512,0.8451838095237811,False
0,2,4.0,FIX-G600,600.0,fix,1000000000.0,0.0,0.75209698609826,61.22376494151422,490.5263593941927,96.38876094162458,0.8567153809467951,False
1,0,8.0,FIX-G600,600.0,fix,1000000000.0,0.0,0.723790236370106,41.33947307409115,165.88799506425858,17.200123263001434,0.8239384878923496,True
1,1,5.0,FIX-G600,600.0,fix,1000000000.0,0.0,0.8322875553676468,58.684058165408864,465.74810913205147,49.91405925184482,0.8257206083337466,False
1,2,4.0,FIX-G600,600.0,fix,1000000000.0,0.0,0.7773150669185651,63.99002181080345,473.02835711836815,94.05319343864907,0.8449414878338576,False
2,0,8.0,FIX-G600,600.0,fix,1000000000.0,0.0,0.7338367314726741,43.91528127092251,121.55632765591145,14.688125084340564,0.8015641852964958,True
2,1,5.0,FIX-G600,600.0,fix,1000000000.0,0.0,0.8208013618552746,54.04055248585364,261.7016731649637,50.11152311027048,0.8372589042037726,True
2,2,4.0,FIX-G600,600.0,fix,1000000000.0,0.0,0.7856381117795512,61.878808164682034,470.7181290984154,80.9925128763913,0.8463126262277365,False
3,0,7.0,FIX-G600,600.0,fix,1000000000.0,0.0,0.7318981801843241,40.86535124162702,218.77956761419773,24.20903592884533,0.8060498720904191,True
3,1,5.0,FIX-G600,600.0,fix,1000000000.0,0.0,0.8100883393824901,54.254973283075394,335.45825873315334,50.25222690433262,0.8372777712593475,False
3,2,4.0,FIX-G600,600.0,fix,1000000000.0,0.0,0.7710447649406647,60.492306226561546,465.2828985154629,84.25519432693717,0.8469690229992072,False
4,0,8.0,FIX-G600,600.0,fix,1000000000.0,0.0,0.7258174925187397,43.248124422535625,186.7734772413969,15.962938824295971,0.801754615654548,True
4,1,5.0,FIX-G600,600.0,fix,1000000000.0,0.0,0.8310835519000777,58.23934649772497,410.196327701211,49.94222849041223,0.8290106221536795,False
4,2,4.0,FIX-G600,600.0,fix,1000000000.0,0.0,0.7819763897619495,64.46945833123316,483.9248276352882,93.17663071215064,0.8494263911495606,False
0,0,7.0,CAP-G1200-B30-e0,1200.0,cap,30.0,0.0,0.27684630603884947,15.537962941134563,71.31791223585606,39.53695888131829,0.4463657595951352,True
0,1,5.0,CAP-G1200-B30-e0,1200.0,cap,30.0,0.0,0.0818522597683041,5.8306749796624455,65.85234040021896,123.01069426625966,0.4124370209120829,True
0,2,4.0,CAP-G1200-B30-e0,1200.0,cap,30.0,0.0,-0.005135088501283629,-0.41801716689154106,53.237855941057205,249.61598866760727,0.433998467808678,True
1,0,8.0,CAP-G1200-B30-e0,1200.0,cap,30.0,0.0,0.3621044313263095,20.681691513131497,59.80938559770584,23.25728653460734,0.3685922259005947,True
1,1,5.0,CAP-G1200-B30-e0,1200.0,cap,30.0,0.0,0.0487636043423933,3.438290258130697,61.24505138397217,116.65683238714924,0.4851321064915496,True
1,2,4.0,CAP-G1200-B30-e0,1200.0,cap,30.0,0.0,-0.006591837804037754,-0.5426523462690649,62.108482375741005,262.6038116511694,0.4611064648817456,True
2,0,8.0,CAP-G1200-B30-e0,1200.0,cap,30.0,0.0,0.44665036437423095,26.72907411147322,55.40266010165215,19.18905093729496,0.3597671358481697,True
2,1,5.0,CAP-G1200-B30-e0,1200.0,cap,30.0,0.0,0.08743038885189186,5.756309305980827,61.82169312238693,102.75786893993612,0.5091464305325021,True
2,2,4.0,CAP-G1200-B30-e0,1200.0,cap,30.0,0.0,-0.010259460072518415,-0.8080605461751297,62.07752737402916,214.1774102210995,0.4252695417593395,True
3,0,7.0,CAP-G1200-B30-e0,1200.0,cap,30.0,0.0,0.2572642337873179,14.364283940396067,62.242569610476494,35.05826398581266,0.4125400123606187,True
3,1,5.0,CAP-G1200-B30-e0,1200.0,cap,30.0,0.0,0.02731478361125354,1.8293842572665708,63.712930887937546,107.84324355453232,0.4249503527759412,True
3,2,4.0,CAP-G1200-B30-e0,1200.0,cap,30.0,0.0,-0.003438082059863117,-0.26973467981887145,53.94154495000839,213.83799391090847,0.4380015324032495,True
4,0,8.0,CAP-G1200-B30-e0,1200.0,cap,30.0,0.0,0.3524236041692691,20.99930084305246,56.83037228882313,22.22099824696768,0.3649757371432539,True
4,1,5.0,CAP-G1200-B30-e0,1200.0,cap,30.0,0.0,0.04649474131387907,3.25818426259344,62.40561638772488,115.69507325530016,0.4182677535106647,True
4,2,4.0,CAP-G1200-B30-e0,1200.0,cap,30.0,0.0,-0.00031201682223201287,-0.025723993438796975,58.9116812646389,262.311226018965,0.4676326069566938,True
0,0,7.0,CAP-G1200-B30-e0.25,1200.0,cap,30.0,0.25,0.566650362247916,31.80317792628614,93.02471324801444,31.923157954215974,0.5560762157769851,True
0,1,5.0,CAP-G1200-B30-e0.25,1200.0,cap,30.0,0.25,0.5259014667703673,37.462136448591465,89.89910639822483,81.69142140209644,0.6446338914776925,True
0,2,4.0,CAP-G1200-B30-e0.25,1200.0,cap,30.0,0.25,0.32101459860804804,26.131898799293882,74.92306622862816,183.6190320464968,0.7286505662813104,True
1,0,8.0,CAP-G1200-B30-e0.25,1200.0,cap,30.0,0.25,0.5532883657085829,31.601213096113195,96.3852581679821,20.055523321032524,0.4602291506497005,True
1,1,5.0,CAP-G1200-B30-e0.25,1200.0,cap,30.0,0.25,0.547479449629497,38.60242251517431,76.60037951171398,74.17481447637076,0.6343506174412934,True
1,2,4.0,CAP-G1200-B30-e0.25,1200.0,cap,30.0,0.25,0.36718225163373946,30.2271257698964,67.22934240102768,182.23731217652497,0.7540684158860602,True
2,0,8.0,CAP-G1200-B30-e0.25,1200.0,cap,30.0,0.25,0.5964266268223253,35.69219412308101,66.22549061477184,16.841683760285378,0.6188121066827159,True
2,1,5.0,CAP-G1200-B30-e0.25,1200.0,cap,30.0,0.25,0.5509795806389901,36.27581815757879,75.44146017730236,69.48116184592217,0.7094235157624054,True
2,2,4.0,CAP-G1200-B30-e0.25,1200.0,cap,30.0,0.25,0.3623441360565242,28.539123737075684,77.19112375378609,151.82620642833396,0.7755533815578841,True
3,0,7.0,CAP-G1200-B30-e0.25,1200.0,cap,30.0,0.25,0.5271245443124346,29.431866664821086,70.66267329454422,28.88977124601591,0.5246569469113256,True
3,1,5.0,CAP-G1200-B30-e0.25,1200.0,cap,30.0,0.25,0.5024870041552706,33.65363709137975,73.17740522325039,72.88338694810861,0.6310406205396488,True
3,2,4.0,CAP-G1200-B30-e0.25,1200.0,cap,30.0,0.25,0.27984642634488954,21.955347456598954,83.60066185891628,166.44017248719928,0.7383232948662242,True
4,0,8.0,CAP-G1200-B30-e0.25,1200.0,cap,30.0,0.25,0.5561187896124061,33.13655961005415,60.43549634516239,18.807079020142467,0.5322552506644044,True
4,1,5.0,CAP-G1200-B30-e0.25,1200.0,cap,30.0,0.25,0.5117516382358251,35.8617143990572,71.65973062813282,76.70399397104977,0.6459456399533972,True
4,2,4.0,CAP-G1200-B30-e0.25,1200.0,cap,30.0,0.25,0.3529036513533096,29.094877471669285,101.64403854310513,185.944263924062,0.7685098015237757,True
0,0,7.0,CAP-G1200-B30-e0.5,1200.0,cap,30.0,0.5,0.6825518295185486,38.30813271163732,93.38233608007432,28.87816710591309,0.6266416083266549,True
0,1,5.0,CAP-G1200-B30-e0.5,1200.0,cap,30.0,0.5,0.737544980210049,52.53837920491497,93.85171066224576,61.99775695264327,0.7693584123564992,True
0,2,4.0,CAP-G1200-B30-e0.5,1200.0,cap,30.0,0.5,0.6102826969959118,49.67950288245077,102.76180040836334,125.0851290696856,0.890499260822932,True
1,0,8.0,CAP-G1200-B30-e0.5,1200.0,cap,30.0,0.5,0.6576350440546808,37.5610015584345,97.26567715406418,18.308026297986444,0.5179594470746964,True
1,1,5.0,CAP-G1200-B30-e0.5,1200.0,cap,30.0,0.5,0.7329000398077654,51.67630861248521,108.279980301857,58.38016726911064,0.7345100885784311,True
1,2,4.0,CAP-G1200-B30-e0.5,1200.0,cap,30.0,0.5,0.6583896588916168,54.19986106727011,101.31037984788418,119.6237693876026,0.8804306998848915,True
2,0,8.0,CAP-G1200-B30-e0.5,1200.0,cap,30.0,0.5,0.6896075899951027,41.26845929396714,78.19726796448231,15.3813059213757,0.6536349643153823,True
2,1,5.0,CAP-G1200-B30-e0.5,1200.0,cap,30.0,0.5,0.7479059587175415,49.24120876846746,83.60618667304516,55.34444988846776,0.905884955326716,True
2,2,4.0,CAP-G1200-B30-e0.5,1200.0,cap,30.0,0.5,0.6555387518298342,51.631859581139565,122.74050185084344,102.76324131220548,0.9022074781854948,True
3,0,7.0,CAP-G1200-B30-e0.5,1200.0,cap,30.0,0.5,0.6550217363977248,36.57297429275226,77.57711873948574,25.966285019814915,0.6255007469112183,True
3,1,5.0,CAP-G1200-B30-e0.5,1200.0,cap,30.0,0.5,0.6994866413570612,46.84751920713276,118.61548906564713,58.38952815264454,0.7353300069264334,True
3,2,4.0,CAP-G1200-B30-e0.5,1200.0,cap,30.0,0.5,0.6154665443987312,48.28641911450728,101.37370198965073,110.28580488234758,0.8818409619604548,True
4,0,8.0,CAP-G1200-B30-e0.5,1200.0,cap,30.0,0.5,0.6598042982818997,39.31470194744949,60.43549634516239,17.069316044449796,0.589273743225728,True
4,1,5.0,CAP-G1200-B30-e0.5,1200.0,cap,30.0,0.5,0.742035869965191,51.999205189226785,118.7818543612957,57.404912545979,0.7647429406783264,True
4,2,4.0,CAP-G1200-B30-e0.5,1200.0,cap,30.0,0.5,0.6577312473913598,54.22616053632494,102.61996580660345,120.03904065817596,0.9103912413368622,True
0,0,7.0,CAP-G1200-B30-e0.75,1200.0,cap,30.0,0.75,0.750353600746234,42.11349830871783,113.65981650352478,27.096862884759886,0.6442569161827365,True
0,1,5.0,CAP-G1200-B30-e0.75,1200.0,cap,30.0,0.75,0.8347310811011395,59.46134710391562,109.25693210959436,52.95448211282488,0.9250478609651328,True
0,2,4.0,CAP-G1200-B30-e0.75,1200.0,cap,30.0,0.75,0.7683108476101266,62.54363945815945,152.54721115529537,93.10785785585637,0.9231974560394884,True
1,0,8.0,CAP-G1200-B30-e0.75,1200.0,cap,30.0,0.75,0.7184274801302445,41.03317781609971,99.05699920654295,17.289933506250353,0.5073108886182308,True
1,1,5.0,CAP-G1200-B30-e0.75,1200.0,cap,30.0,0.75,0.8229892528875811,58.028440860956074,162.51916015148163,50.70611480057234,0.913273108539482,True
1,2,4.0,CAP-G1200-B30-e0.75,1200.0,cap,30.0,0.75,0.8132472446492072,66.94802550138975,216.8147185742855,86.3272878065702,0.9215592087308566,True
2,0,8.0,CAP-G1200-B30-e0.75,1200.0,cap,30.0,0.75,0.7325506844792721,43.83831985291127,78.19726796448231,14.708280644714826,0.7734095595528682,True
2,1,5.0,CAP-G1200-B30-e0.75,1200.0,cap,30.0,0.75,0.8105382919427736,53.36484458130183,115.59111542999744,50.84827592402696,0.8960524264971416,True
2,2,4.0,CAP-G1200-B30-e0.75,1200.0,cap,30.0,0.75,0.7954966241365816,62.65528907336408,177.5186180472374,79.3427968794104,0.924237446722885,True
3,0,7.0,CAP-G1200-B30-e0.75,1200.0,cap,30.0,0.75,0.7291447190552179,40.711612430385884,107.9756747931242,24.271974806189515,0.5909323057656487,True
3,1,5.0,CAP-G1200-B30-e0.75,1200.0,cap,30.0,0.75,0.8083046290190186,54.13551080792279,143.56573197245598,50.38345986753692,0.9041865918661156,True
3,2,4.0,CAP-G1200-B30-e0.75,1200.0,cap,30.0,0.75,0.7672685187973194,60.196040888312744,180.3527988940477,84.88701793551414,0.915554502742986,True
4,0,8.0,CAP-G1200-B30-e0.75,1200.0,cap,30.0,0.75,0.7206380787574583,42.93950699034014,128.5838993936777,16.049745491742993,0.5081809476524077,True
4,1,5.0,CAP-G1200-B30-e0.75,1200.0,cap,30.0,0.75,0.8257390867356351,57.86482559926011,133.95971193909645,50.39012397855512,0.9240832476690412,True
4,2,4.0,CAP-G1200-B30-e0.75,1200.0,cap,30.0,0.75,0.8092740939557349,66.71999712767344,181.6889922916889,87.27473300695415,0.9236235354219874,True
0,0,7.0,CAP-G1200-B30-e0.9,1200.0,cap,30.0,0.9,0.7639506147479246,42.8766289521829,154.97584319114685,26.73963890671725,0.8774977448706826,True
0,1,5.0,CAP-G1200-B30-e0.9,1200.0,cap,30.0,0.9,0.8564101251124989,61.00563506686056,142.10291789472103,50.93722294241181,0.901078739774724,True
0,2,4.0,CAP-G1200-B30-e0.9,1200.0,cap,30.0,0.9,0.8103437945576882,65.96529293009671,223.6005428135395,84.60241791218488,0.9180847398688396,True
1,0,8.0,CAP-G1200-B30-e0.9,1200.0,cap,30.0,0.9,0.723258925803582,41.30912712887787,102.80850364267826,17.209021137356707,0.5121040262530248,True
1,1,5.0,CAP-G1200-B30-e0.9,1200.0,cap,30.0,0.9,0.8498027997310367,59.91904673681491,253.00252284109592,48.422061490416496,0.9081483948851624,True
1,2,4.0,CAP-G1200-B30-e0.9,1200.0,cap,30.0,0.9,0.8390377998559807,69.07115196635901,358.92071129381657,80.78196858823259,0.924047735730807,True
2,0,8.0,CAP-G1200-B30-e0.9,1200.0,cap,30.0,0.9,0.7410873444582612,44.349182566663956,100.60345348715782,14.574489915072906,0.8537861955414215,True
2,1,5.0,CAP-G1200-B30-e0.9,1200.0,cap,30.0,0.9,0.8321468653627826,54.78752648744407,154.71835179626942,49.29706586658954,0.9160676986599962,True
2,2,4.0,CAP-G1200-B30-e0.9,1200.0,cap,30.0,0.9,0.8251177411718584,64.98832179054952,276.3647813051939,74.38602157175539,0.9190752854198218,True
3,0,7.0,CAP-G1200-B30-e0.9,1200.0,cap,30.0,0.9,0.736971817559538,41.14863651138755,218.77956761419773,24.09306224137544,0.6829541568458081,True
3,1,5.0,CAP-G1200-B30-e0.9,1200.0,cap,30.0,0.9,0.8262409729914779,55.33678209614258,143.94394198060036,49.06382882386444,0.903181662944456,True
3,2,4.0,CAP-G1200-B30-e0.9,1200.0,cap,30.0,0.9,0.809556880855913,63.513773740911795,269.4973304569721,77.81152960598445,0.9060717646156748,True
4,0,8.0,CAP-G1200-B30-e0.9,1200.0,cap,30.0,0.9,0.728436085793782,43.40415434595073,186.7734772413969,15.919051356315547,0.5948545888190468,True
4,1,5.0,CAP-G1200-B30-e0.9,1200.0,cap,30.0,0.9,0.8476797394123473,59.402347633842396,255.18320153653625,48.55137696862221,0.9130465155467392,True
4,2,4.0,CAP-G1200-B30-e0.9,1200.0,cap,30.0,0.9,0.8366155444659426,68.97414255643749,266.1315498352051,81.3633771333098,0.9159277303268512,True
0,0,7.0,CAP-G1200-B120-e0,1200.0,cap,120.0,0.0,0.5120514593802857,28.738821599766126,93.02471324801444,33.357593285143295,0.4823503649897045,True
0,1,5.0,CAP-G1200-B120-e0,1200.0,cap,120.0,0.0,0.27167123156930356,19.352265375312314,97.153989225626,105.34782770335651,0.570675188094698,True
0,2,4.0,CAP-G1200-B120-e0,1200.0,cap,120.0,0.0,0.015398616189369746,1.2535102193314716,102.65260392427444,245.46095779895748,0.5702922440237469,True
1,0,8.0,CAP-G1200-B120-e0,1200.0,cap,120.0,0.0,0.5797558886535215,33.11291275319547,96.31179620325564,19.61227090239515,0.4939066471961828,True
1,1,5.0,CAP-G1200-B120-e0,1200.0,cap,120.0,0.0,0.30455425332580344,21.473923767608536,77.04561199247837,94.86786571562271,0.5421121235015571,True
1,2,4.0,CAP-G1200-B120-e0,1200.0,cap,120.0,0.0,0.0056937623708329665,0.4687211065385199,81.5246098190546,259.96224095940585,0.6195600686801804,True
2,0,8.0,CAP-G1200-B120-e0,1200.0,cap,120.0,0.0,0.6157473099002783,36.848409389127895,72.17901226878166,16.53888052195308,0.4322170921625235,True
2,1,5.0,CAP-G1200-B120-e0,1200.0,cap,120.0,0.0,0.33455503220983107,22.026691983887876,81.04129981994629,85.01758480519052,0.5398014623631713,True
2,2,4.0,CAP-G1200-B120-e0,1200.0,cap,120.0,0.0,0.02712521128503354,2.1364489837835623,81.28083181381226,207.92148760855176,0.5735733046299881,True
3,0,7.0,CAP-G1200-B120-e0,1200.0,cap,120.0,0.0,0.497475431954485,27.776415915913727,70.8393042087555,29.567493486702386,0.4643146174263071,True
3,1,5.0,CAP-G1200-B120-e0,1200.0,cap,120.0,0.0,0.2836381683908943,18.996423599726036,73.17740522325039,88.98475732713865,0.5344705579261626,True
3,2,4.0,CAP-G1200-B120-e0,1200.0,cap,120.0,0.0,0.02285874400431712,1.7933824404736602,83.60066185891628,209.43813359797,0.5873792996837033,True
4,0,8.0,CAP-G1200-B120-e0,1200.0,cap,120.0,0.0,0.5968351160062737,35.56265813766038,60.43549634516239,18.124675804674624,0.4462811684761292,True
4,1,5.0,CAP-G1200-B120-e0,1200.0,cap,120.0,0.0,0.28534034906504385,19.995625495159473,76.16190810501575,95.67850157171476,0.5993558286979634,True
4,2,4.0,CAP-G1200-B120-e0,1200.0,cap,120.0,0.0,0.019584125024902966,1.6145985336347537,101.64403854310513,258.0095824420446,0.6007993864516418,True
0,0,7.0,CAP-G1200-B120-e0.25,1200.0,cap,120.0,0.25,0.6493712117519016,36.44587485239839,93.38233608007432,29.7498961687088,0.5479992963449137,True
0,1,5.0,CAP-G1200-B120-e0.25,1200.0,cap,120.0,0.25,0.6125058284913925,43.63132330361285,93.91389566659927,73.63278916776142,0.6675715884934891,True
0,2,4.0,CAP-G1200-B120-e0.25,1200.0,cap,120.0,0.25,0.3968621350731,32.30619789869565,102.76180040836334,168.2711510834097,0.7836461639708605,True
1,0,8.0,CAP-G1200-B120-e0.25,1200.0,cap,120.0,0.25,0.6455676653102871,36.87176999159193,96.44778616726398,18.51011905997982,0.4726225134006594,True
1,1,5.0,CAP-G1200-B120-e0.25,1200.0,cap,120.0,0.25,0.6294907230337493,44.38498445261485,105.7610867023468,67.18886362165206,0.703834986759005,True
1,2,4.0,CAP-G1200-B120-e0.25,1200.0,cap,120.0,0.25,0.4517591494313126,37.18965327655001,104.95356148481368,164.0521318644283,0.7207899142572274,True
2,0,8.0,CAP-G1200-B120-e0.25,1200.0,cap,120.0,0.25,0.6869194007572544,41.107588923997156,78.19726796448231,15.423436543941492,0.6060432866694804,True
2,1,5.0,CAP-G1200-B120-e0.25,1200.0,cap,120.0,0.25,0.6486951746606741,42.70929272623607,83.60618667304516,62.46647331148375,0.7588857543586025,True
2,2,4.0,CAP-G1200-B120-e0.25,1200.0,cap,120.0,0.25,0.46246797442060356,36.4251258211764,122.56411573290823,135.07155908942164,0.7844864559978725,True
3,0,7.0,CAP-G1200-B120-e0.25,1200.0,cap,120.0,0.25,0.6376392293699221,35.60242637449905,84.53365482389927,26.363616024851638,0.5766217742146593,True
3,1,5.0,CAP-G1200-B120-e0.25,1200.0,cap,120.0,0.25,0.5976106132398654,40.02445940615155,118.55851224064828,65.8848554900288,0.64688576863417,True
3,2,4.0,CAP-G1200-B120-e0.25,1200.0,cap,120.0,0.25,0.39407022119111096,30.91677368031412,99.2831376194954,147.32878845512855,0.719078574822294,True
4,0,8.0,CAP-G1200-B120-e0.25,1200.0,cap,120.0,0.25,0.6586609636655357,39.24657589888388,74.40883812308311,17.088478264808654,0.5146620557767035,True
4,1,5.0,CAP-G1200-B120-e0.25,1200.0,cap,120.0,0.25,0.6392842042746985,44.798737982667895,118.668151602149,66.01606558859348,0.6859899209660199,True
4,2,4.0,CAP-G1200-B120-e0.25,1200.0,cap,120.0,0.25,0.44532349672777294,36.71436246937081,101.64403854310513,165.96263948202045,0.7890486294154803,True
0,0,7.0,CAP-G1200-B120-e0.5,1200.0,cap,120.0,0.5,0.7420732148146011,41.6487627246138,113.6483734548092,27.314407148659186,0.6364129763218395,True
0,1,5.0,CAP-G1200-B120-e0.5,1200.0,cap,120.0,0.5,0.792060357138802,56.42173496277804,102.0427332818508,56.92504046291111,0.784763615669888,True
0,2,4.0,CAP-G1200-B120-e0.5,1200.0,cap,120.0,0.5,0.6662632389588308,54.23654752667509,145.6661161929369,113.7573690086602,0.9003295992314816,True
1,0,8.0,CAP-G1200-B120-e0.5,1200.0,cap,120.0,0.5,0.7128617458175696,40.71528941115207,99.05699920654295,17.383143029510933,0.5432235477620821,True
1,1,5.0,CAP-G1200-B120-e0.5,1200.0,cap,120.0,0.5,0.7818891311583153,55.13049781397611,147.63062611222267,54.207138728201286,0.7454058060346952,True
1,2,4.0,CAP-G1200-B120-e0.5,1200.0,cap,120.0,0.5,0.7017050541928388,57.765664958164145,171.61468262970448,110.31037182450268,0.8768108301858107,True
2,0,8.0,CAP-G1200-B120-e0.5,1200.0,cap,120.0,0.5,0.7303236684319403,43.70504765227181,100.4076514840126,14.743183534443377,0.6560790568507705,True
2,1,5.0,CAP-G1200-B120-e0.5,1200.0,cap,120.0,0.5,0.7779068918991626,51.21643332287292,115.56306643784046,53.19077928841112,0.9059002355858684,True
2,2,4.0,CAP-G1200-B120-e0.5,1200.0,cap,120.0,0.5,0.7124661690304362,56.11560429190444,159.60494230687618,93.23705040007796,0.9022132907186944,True
3,0,7.0,CAP-G1200-B120-e0.5,1200.0,cap,120.0,0.5,0.7240083599831205,40.42482511041808,107.9756747931242,24.389382192194407,0.6237467815435402,True
3,1,5.0,CAP-G1200-B120-e0.5,1200.0,cap,120.0,0.5,0.7556250361553768,50.607340157350464,124.5788933634758,54.2592567533254,0.7668915931199212,True
3,2,4.0,CAP-G1200-B120-e0.5,1200.0,cap,120.0,0.5,0.6768699094984674,53.1038192627859,133.9377098530531,100.01208483248944,0.8870026266699036,True
4,0,8.0,CAP-G1200-B120-e0.5,1200.0,cap,120.0,0.5,0.7176653493136467,42.76237572223809,113.70203810930252,16.099568260908104,0.5888677139428916,True
4,1,5.0,CAP-G1200-B120-e0.5,1200.0,cap,120.0,0.5,0.7773806304677199,54.476038895151675,123.6141283363104,54.44282779633981,0.7675640929509331,True
4,2,4.0,CAP-G1200-B120-e0.5,1200.0,cap,120.0,0.5,0.7057288099997795,58.183283670856234,132.6860893368721,109.66173190712908,0.9024060292666156,True
0,0,7.0,CAP-G1200-B120-e0.75,1200.0,cap,120.0,0.75,0.7534225555337974,42.28574299725807,163.03044810891151,27.01623457640409,0.6015759216621518,True
0,1,5.0,CAP-G1200-B120-e0.75,1200.0,cap,120.0,0.75,0.8442046735737248,60.13619027567141,157.34497119486332,52.07295379072427,0.896718608935674,True
0,2,4.0,CAP-G1200-B120-e0.75,1200.0,cap,120.0,0.75,0.7839599158095384,63.817537493524455,219.72739396989343,89.94124167948958,0.9270152467737596,True
1,0,8.0,CAP-G1200-B120-e0.75,1200.0,cap,120.0,0.75,0.7235581741881724,41.326218780458134,145.76421128213406,17.204009615480672,0.5073160623386502,True
1,1,5.0,CAP-G1200-B120-e0.75,1200.0,cap,120.0,0.75,0.8388106005508787,59.143993869697134,232.55422557890412,49.35840792268492,0.9034993905822436,True
1,2,4.0,CAP-G1200-B120-e0.75,1200.0,cap,120.0,0.75,0.8216817593459701,67.64237043612641,293.2910667359829,84.51375273257433,0.9439312599847716,True
2,0,8.0,CAP-G1200-B120-e0.75,1200.0,cap,120.0,0.75,0.738929379056148,44.22004259105039,121.55632765591145,14.608310609161853,0.8361085761462649,True
2,1,5.0,CAP-G1200-B120-e0.75,1200.0,cap,120.0,0.75,0.8268580051728217,54.43931443521271,154.9042506068945,49.67673614650959,0.9314032101382812,True
2,2,4.0,CAP-G1200-B120-e0.75,1200.0,cap,120.0,0.75,0.812548422799749,63.99833107008049,219.52710297703743,76.48936179578298,0.9242245417212448,True
3,0,7.0,CAP-G1200-B120-e0.75,1200.0,cap,120.0,0.75,0.7346211277506778,41.017386335748384,210.40773038566115,24.146794533431475,0.6215455390761296,True
3,1,5.0,CAP-G1200-B120-e0.75,1200.0,cap,120.0,0.75,0.818266021314242,54.80266653226213,163.93689793348312,49.6505701252817,0.9007941028972468,True
3,2,4.0,CAP-G1200-B120-e0.75,1200.0,cap,120.0,0.75,0.7836299304115942,61.47967520719136,210.81054167449477,82.14950408309696,0.9153904440502326,True
4,0,8.0,CAP-G1200-B120-e0.75,1200.0,cap,120.0,0.75,0.7258870765822673,43.25227061667986,186.7734772413969,15.961772599518294,0.5271609411512812,True
4,1,5.0,CAP-G1200-B120-e0.75,1200.0,cap,120.0,0.75,0.838723483720892,58.77472544429917,221.9105822443962,49.301960308849694,0.9195030866190792,True
4,2,4.0,CAP-G1200-B120-e0.75,1200.0,cap,120.0,0.75,0.8196953673338955,67.57917121350003,223.3975504785776,85.02160252392275,0.9236215269441406,True
0,0,7.0,CAP-G1200-B120-e0.9,1200.0,cap,120.0,0.9,0.7644694907509901,42.905750800409926,213.3007097542286,26.726006873249982,0.8774882840489348,True
0,1,5.0,CAP-G1200-B120-e0.9,1200.0,cap,120.0,0.9,0.858943745904888,61.186115354197185,318.1251583844424,50.70146670818311,0.9271929823358852,True
0,2,4.0,CAP-G1200-B120-e0.9,1200.0,cap,120.0,0.9,0.8130009716792197,66.18159799513967,360.8554678410292,84.06473349869187,0.9185914433995884,True
1,0,8.0,CAP-G1200-B120-e0.9,1200.0,cap,120.0,0.9,0.7272678266967635,41.538096576381754,165.88799506425858,17.141883951127497,0.516442575827241,True
1,1,5.0,CAP-G1200-B120-e0.9,1200.0,cap,120.0,0.9,0.8533470853626195,60.16895202834214,465.74810913205147,48.120149275064406,0.9131638516982395,True
1,2,4.0,CAP-G1200-B120-e0.9,1200.0,cap,120.0,0.9,0.8438277002130418,69.46546547109394,497.4670381695032,79.75207503646611,0.9159706264237564,True
2,0,8.0,CAP-G1200-B120-e0.9,1200.0,cap,120.0,0.9,0.7413675582466408,44.36595151104207,121.55632765591145,14.57009826689958,0.8496207092826565,True
2,1,5.0,CAP-G1200-B120-e0.9,1200.0,cap,120.0,0.9,0.8344758488956169,54.940863899750916,261.7016731649637,49.12987562179562,0.9165281124785544,True
2,2,4.0,CAP-G1200-B120-e0.9,1200.0,cap,120.0,0.9,0.834787432376685,65.7499306765032,526.9100205749273,72.76790276348589,0.9209244047353664,True
3,0,7.0,CAP-G1200-B120-e0.9,1200.0,cap,120.0,0.9,0.7371609250087727,41.15919527836446,218.77956761419773,24.08873960524797,0.6985374424854914,True
3,1,5.0,CAP-G1200-B120-e0.9,1200.0,cap,120.0,0.9,0.8302537035410783,55.60553129073869,318.09505321085453,48.768600107729405,0.9079318133244912,True
3,2,4.0,CAP-G1200-B120-e0.9,1200.0,cap,120.0,0.9,0.81716390935712,64.11058305535492,465.2828985154629,76.53875764787186,0.9088152943675716,True
4,0,8.0,CAP-G1200-B120-e0.9,1200.0,cap,120.0,0.9,0.7286855758761054,43.419020311890826,186.7734772413969,15.914869917333114,0.5984379202748339,True
4,1,5.0,CAP-G1200-B120-e0.9,1200.0,cap,120.0,0.9,0.8480850463638535,59.43075008740165,316.15607699751854,48.5174100235104,0.9148867500325044,True
4,2,4.0,CAP-G1200-B120-e0.9,1200.0,cap,120.0,0.9,0.8398966626788025,69.24465189236284,536.0654058605433,80.65398326218107,0.9159176599482696,True
0,0,7.0,CAP-G1200-B600-e0,1200.0,cap,600.0,0.0,0.7222768797579359,40.53769599274423,163.03044810891151,27.8345011603832,0.646890646307708,True
0,1,5.0,CAP-G1200-B600-e0,1200.0,cap,600.0,0.0,0.7447147336377639,53.0491103935182,178.02789956331253,61.33060341745601,0.6807551628916092,True
0,2,4.0,CAP-G1200-B600-e0,1200.0,cap,600.0,0.0,0.36931054647286055,30.06338611324065,186.1174862384796,173.84626297086385,0.7285611254473527,True
1,0,8.0,CAP-G1200-B600-e0,1200.0,cap,600.0,0.0,0.7083137744324428,40.455530808217496,150.27084235846996,17.459308045804477,0.6485406851484662,True
1,1,5.0,CAP-G1200-B600-e0,1200.0,cap,600.0,0.0,0.7348771140376377,51.8157108399424,176.57035683095455,58.21175452738992,0.7398550071163115,True
1,2,4.0,CAP-G1200-B600-e0,1200.0,cap,600.0,0.0,0.41377069529011307,34.062373087976574,212.0439104884863,172.22016481816655,0.733934753437837,True
2,0,8.0,CAP-G1200-B600-e0,1200.0,cap,600.0,0.0,0.7215568989898627,43.18041440706268,121.55632765591145,14.880580652654116,0.6487833700009755,True
2,1,5.0,CAP-G1200-B600-e0,1200.0,cap,600.0,0.0,0.7465033557519586,49.14886311371968,162.20863763988018,55.44513824880112,0.7082828862799538,True
2,2,4.0,CAP-G1200-B600-e0,1200.0,cap,600.0,0.0,0.5036341451990037,39.6674756337399,184.184159129858,128.18284322559813,0.7263094958662987,True
3,0,7.0,CAP-G1200-B600-e0,1200.0,cap,600.0,0.0,0.7122203936232612,39.76664696656913,163.64999420940876,24.65883265256877,0.6555415527665451,True
3,1,5.0,CAP-G1200-B600-e0,1200.0,cap,600.0,0.0,0.7313186665360931,48.979441852693924,170.36191934347153,56.04754983901974,0.6674480930068134,True
3,2,4.0,CAP-G1200-B600-e0,1200.0,cap,600.0,0.0,0.44815829964016646,35.160253116943636,194.4836902469397,138.27902749955595,0.7880653869112333,True
4,0,8.0,CAP-G1200-B600-e0,1200.0,cap,600.0,0.0,0.7135506573743237,42.517200163938,179.44191786646843,16.168530253767965,0.6215969691673915,True
4,1,5.0,CAP-G1200-B600-e0,1200.0,cap,600.0,0.0,0.7393210071146776,51.80895736410336,177.22326391935349,57.63243294030427,0.7074964576297336,True
4,2,4.0,CAP-G1200-B600-e0,1200.0,cap,600.0,0.0,0.40610308228028646,33.480864747367136,184.2343995720148,174.44228569626782,0.749526148935159,True
0,0,7.0,CAP-G1200-B600-e0.25,1200.0,cap,600.0,0.25,0.7494999181181033,42.065585482178165,207.1247296333313,27.11929103732109,0.6647322736526867,True
0,1,5.0,CAP-G1200-B600-e0.25,1200.0,cap,600.0,0.25,0.8198520013437735,58.40144871739275,232.0787628442049,54.33899704217909,0.7496541918085688,True
0,2,4.0,CAP-G1200-B600-e0.25,1200.0,cap,600.0,0.25,0.6820119099771432,55.518553638105544,233.2784979492426,110.57059802860007,0.785799738973064,True
1,0,8.0,CAP-G1200-B600-e0.25,1200.0,cap,600.0,0.25,0.7208504715206135,41.17156761787882,165.88799506425858,17.24935559511175,0.6473318478977556,True
1,1,5.0,CAP-G1200-B600-e0.25,1200.0,cap,600.0,0.25,0.8070771210647423,56.90648671974025,246.76608853042129,52.0615549284218,0.769599132358348,True
1,2,4.0,CAP-G1200-B600-e0.25,1200.0,cap,600.0,0.25,0.6914924901958265,56.92494769855451,283.45787212252617,112.50621161729096,0.8234008757143013,True
2,0,8.0,CAP-G1200-B600-e0.25,1200.0,cap,600.0,0.25,0.7310135316974634,43.746331412057344,121.55632765591145,14.732371658384746,0.6935163579635951,True
2,1,5.0,CAP-G1200-B600-e0.25,1200.0,cap,600.0,0.25,0.8041605485494439,52.94494179774709,214.0534189492464,51.306113630533176,0.8197520927133802,True
2,2,4.0,CAP-G1200-B600-e0.25,1200.0,cap,600.0,0.25,0.7275677014432606,57.305038476874444,239.088765501976,90.70997139483678,0.8394779599098486,True
3,0,7.0,CAP-G1200-B600-e0.25,1200.0,cap,600.0,0.25,0.7225855474994911,40.34538273240882,218.77956761419773,24.421904975771888,0.6898801532116451,True
3,1,5.0,CAP-G1200-B600-e0.25,1200.0,cap,600.0,0.25,0.7933306121003075,53.13263883906533,233.9174756258726,51.48514355540269,0.7950487947733885,True
3,2,4.0,CAP-G1200-B600-e0.25,1200.0,cap,600.0,0.25,0.6911577689330985,54.22477307447319,264.67407439649105,97.62150790393352,0.7723928371042699,True
4,0,8.0,CAP-G1200-B600-e0.25,1200.0,cap,600.0,0.25,0.7250410526043131,43.20185994093816,186.7734772413969,15.975951911210958,0.653018178527485,True
4,1,5.0,CAP-G1200-B600-e0.25,1200.0,cap,600.0,0.25,0.8101722298296116,56.773956250254614,249.40144254267216,51.69471195101707,0.747312105463301,True
4,2,4.0,CAP-G1200-B600-e0.25,1200.0,cap,600.0,0.25,0.696647977955044,57.43462126776345,226.81111109256744,111.62505239099237,0.8109015205020091,True
0,0,7.0,CAP-G1200-B600-e0.5,1200.0,cap,600.0,0.5,0.7592916189059186,42.61514341614027,213.3007097542286,26.862041150927528,0.7035019542270835,True
0,1,5.0,CAP-G1200-B600-e0.5,1200.0,cap,600.0,0.5,0.8481399932340503,60.41651937037674,307.47679905593395,51.70676791697731,0.8614554270853599,True
0,2,4.0,CAP-G1200-B600-e0.5,1200.0,cap,600.0,0.5,0.797400838878917,64.91168350103034,333.058796569705,87.22144751191122,0.90480138891687,True
1,0,8.0,CAP-G1200-B600-e0.5,1200.0,cap,600.0,0.5,0.7256544650290203,41.445948992909344,165.88799506425858,17.16890296846628,0.673443348217924,True
1,1,5.0,CAP-G1200-B600-e0.5,1200.0,cap,600.0,0.5,0.8423153043263888,59.39110827010855,332.6770692765713,49.05986740112302,0.8705409949769577,True
1,2,4.0,CAP-G1200-B600-e0.5,1200.0,cap,600.0,0.5,0.8236655741545146,67.8056817602856,358.92071129381657,84.08720563828942,0.9107274163638552,True
2,0,8.0,CAP-G1200-B600-e0.5,1200.0,cap,600.0,0.5,0.739215991072477,44.23719442710997,121.55632765591145,14.60381868481636,0.682460686771497,True
2,1,5.0,CAP-G1200-B600-e0.5,1200.0,cap,600.0,0.5,0.83173272943138,54.76026028690238,261.7016731649637,49.32679535448545,0.905885264351964,True
2,2,4.0,CAP-G1200-B600-e0.5,1200.0,cap,600.0,0.5,0.8158550080388441,64.25876593267476,341.0381122380495,75.93604032427048,0.9063330605626106,True
3,0,7.0,CAP-G1200-B600-e0.5,1200.0,cap,600.0,0.5,0.735464724647932,41.06448835683,218.77956761419773,24.127511515021315,0.6659805034209795,True
3,1,5.0,CAP-G1200-B600-e0.5,1200.0,cap,600.0,0.5,0.8195254764336426,54.88701746108355,301.9133500754833,49.55790820509188,0.819796512912376,True
3,2,4.0,CAP-G1200-B600-e0.5,1200.0,cap,600.0,0.5,0.7996101265594207,62.73340127199283,382.5833091288805,79.47577339589566,0.9152303531765936,True
4,0,8.0,CAP-G1200-B600-e0.5,1200.0,cap,600.0,0.5,0.727983668490744,43.37719688072791,186.7734772413969,15.926633843481504,0.675650563964184,True
4,1,5.0,CAP-G1200-B600-e0.5,1200.0,cap,600.0,0.5,0.8399379566435948,58.85983133912248,307.94844959676266,49.20018081814045,0.8971340196828047,True
4,2,4.0,CAP-G1200-B600-e0.5,1200.0,cap,600.0,0.5,0.8190894095631912,67.52921347850909,347.58779226243496,85.15261356979597,0.9159166922296088,True
0,0,7.0,CAP-G1200-B600-e0.75,1200.0,cap,600.0,0.75,0.7647625306242651,42.9221976252073,213.3007097542286,26.718308060169157,0.8815442772582174,True
0,1,5.0,CAP-G1200-B600-e0.75,1200.0,cap,600.0,0.75,0.8589861431425132,61.18913548477547,441.2418593466282,50.69752159804105,0.8998368559529384,True
0,2,4.0,CAP-G1200-B600-e0.75,1200.0,cap,600.0,0.75,0.8176709702142371,66.56175494014805,637.8302886635065,83.11975117027748,0.9186146872738996,False
1,0,8.0,CAP-G1200-B600-e0.75,1200.0,cap,600.0,0.75,0.7272678266967635,41.538096576381754,165.88799506425858,17.141883951127497,0.516442575827241,True
1,1,5.0,CAP-G1200-B600-e0.75,1200.0,cap,600.0,0.75,0.8538858431230317,60.20693949018173,488.62506149709225,48.07425637423984,0.9163049671426416,True
1,2,4.0,CAP-G1200-B600-e0.75,1200.0,cap,600.0,0.75,0.8486063091908772,69.85884944849344,607.8810101300478,78.72460928440076,0.921667771761616,False
2,0,8.0,CAP-G1200-B600-e0.75,1200.0,cap,600.0,0.75,0.7413675582466408,44.36595151104207,121.55632765591145,14.57009826689958,0.8496207092826565,True
2,1,5.0,CAP-G1200-B600-e0.75,1200.0,cap,600.0,0.75,0.8356570546720326,55.0186330357727,261.7016731649637,49.04508065432301,0.9091542967781424,True
2,2,4.0,CAP-G1200-B600-e0.75,1200.0,cap,600.0,0.75,0.8352703254263624,65.78796453196034,692.9160160422325,72.68709580600253,0.9254576581840712,False
3,0,7.0,CAP-G1200-B600-e0.75,1200.0,cap,600.0,0.75,0.7371609250087727,41.15919527836446,218.77956761419773,24.08873960524797,0.6985374424854914,True
3,1,5.0,CAP-G1200-B600-e0.75,1200.0,cap,600.0,0.75,0.8304307047055736,55.61738579225896,335.45825873315334,48.75557759702194,0.916103367904822,True
3,2,4.0,CAP-G1200-B600-e0.75,1200.0,cap,600.0,0.75,0.819262530009311,64.27523030920858,647.7204091101885,76.1876263859868,0.9117336602881552,False
4,0,8.0,CAP-G1200-B600-e0.75,1200.0,cap,600.0,0.75,0.7286855758761054,43.419020311890826,186.7734772413969,15.914869917333114,0.5984379202748339,True
4,1,5.0,CAP-G1200-B600-e0.75,1200.0,cap,600.0,0.75,0.8482005953018581,59.43884734142925,410.196327701211,48.50772638887165,0.9130083362013102,True
4,2,4.0,CAP-G1200-B600-e0.75,1200.0,cap,600.0,0.75,0.8417094114945982,69.3941026120713,691.6784898042679,80.26205806583148,0.9221803674722712,False
0,0,7.0,CAP-G1200-B600-e0.9,1200.0,cap,600.0,0.9,0.7656634273072349,42.97276033443778,213.3007097542286,26.69463948875665,0.906738283286492,True
0,1,5.0,CAP-G1200-B600-e0.9,1200.0,cap,600.0,0.9,0.8584310207629702,61.149591821861165,441.2418593466282,50.74917635321604,0.9161773056040208,True
0,2,4.0,CAP-G1200-B600-e0.9,1200.0,cap,600.0,0.9,0.8142688777876317,66.2848107283166,678.5046634078026,83.80817049175431,0.9186146872738996,False
1,0,8.0,CAP-G1200-B600-e0.9,1200.0,cap,600.0,0.9,0.7272678266967635,41.538096576381754,165.88799506425858,17.141883951127497,0.516442575827241,True
1,1,5.0,CAP-G1200-B600-e0.9,1200.0,cap,600.0,0.9,0.8546283094385306,60.259290310716764,488.62506149709225,48.01101100593795,0.902332160708805,True
1,2,4.0,CAP-G1200-B600-e0.9,1200.0,cap,600.0,0.9,0.845319690934094,69.58828892177027,633.5771216154099,79.43127679258579,0.9159753757963578,False
2,0,8.0,CAP-G1200-B600-e0.9,1200.0,cap,600.0,0.9,0.7413675582466408,44.36595151104207,121.55632765591145,14.57009826689958,0.8496207092826565,True
2,1,5.0,CAP-G1200-B600-e0.9,1200.0,cap,600.0,0.9,0.835295668007259,54.994839782090416,261.7016731649637,49.07102344185111,0.9160759755844872,True
2,2,4.0,CAP-G1200-B600-e0.9,1200.0,cap,600.0,0.9,0.8344387684542866,65.7224690403573,1075.178522273898,72.82624792039394,0.9209244047353664,False
3,0,7.0,CAP-G1200-B600-e0.9,1200.0,cap,600.0,0.9,0.7371609250087727,41.15919527836446,218.77956761419773,24.08873960524797,0.6985374424854914,True
3,1,5.0,CAP-G1200-B600-e0.9,1200.0,cap,600.0,0.9,0.8292945808244403,55.54129486757766,335.45825873315334,48.83916566520926,0.9116560500115156,True
3,2,4.0,CAP-G1200-B600-e0.9,1200.0,cap,600.0,0.9,0.8168738648567793,64.08782761814591,676.3016999810934,76.58728651910982,0.9088152943675716,False
4,0,8.0,CAP-G1200-B600-e0.9,1200.0,cap,600.0,0.9,0.7286855758761054,43.419020311890826,186.7734772413969,15.914869917333114,0.5984379202748339,True
4,1,5.0,CAP-G1200-B600-e0.9,1200.0,cap,600.0,0.9,0.8480753100310167,59.43006780021114,410.196327701211,48.518225981593126,0.9132788327087958,True
4,2,4.0,CAP-G1200-B600-e0.9,1200.0,cap,600.0,0.9,0.8390859513012148,69.1778133994616,1093.7809044867754,80.8292630434035,0.924656199614207,False
0,0,7.0,FIX-G1200,1200.0,fix,1000000000.0,0.0,0.7656634273072349,42.97276033443778,213.3007097542286,26.69463948875665,0.906738283286492,True
0,1,5.0,FIX-G1200,1200.0,fix,1000000000.0,0.0,0.8584310207629702,61.149591821861165,441.2418593466282,50.74917635321604,0.9161773056040208,True
0,2,4.0,FIX-G1200,1200.0,fix,1000000000.0,0.0,0.8142688777876317,66.2848107283166,678.5046634078026,83.80817049175431,0.9186146872738996,False
1,0,8.0,FIX-G1200,1200.0,fix,1000000000.0,0.0,0.7272678266967635,41.538096576381754,165.88799506425858,17.141883951127497,0.516442575827241,True
1,1,5.0,FIX-G1200,1200.0,fix,1000000000.0,0.0,0.8546283094385306,60.259290310716764,488.62506149709225,48.01101100593795,0.902332160708805,True
1,2,4.0,FIX-G1200,1200.0,fix,1000000000.0,0.0,0.845319690934094,69.58828892177027,633.5771216154099,79.43127679258579,0.9159753757963578,False
2,0,8.0,FIX-G1200,1200.0,fix,1000000000.0,0.0,0.7413675582466408,44.36595151104207,121.55632765591145,14.57009826689958,0.8496207092826565,True
2,1,5.0,FIX-G1200,1200.0,fix,1000000000.0,0.0,0.835295668007259,54.994839782090416,261.7016731649637,49.07102344185111,0.9160759755844872,True
2,2,4.0,FIX-G1200,1200.0,fix,1000000000.0,0.0,0.8344387684542866,65.7224690403573,1075.178522273898,72.82624792039394,0.9209244047353664,False
3,0,7.0,FIX-G1200,1200.0,fix,1000000000.0,0.0,0.7371609250087727,41.15919527836446,218.77956761419773,24.08873960524797,0.6985374424854914,True
3,1,5.0,FIX-G1200,1200.0,fix,1000000000.0,0.0,0.8292945808244403,55.54129486757766,335.45825873315334,48.83916566520926,0.9116560500115156,True
3,2,4.0,FIX-G1200,1200.0,fix,1000000000.0,0.0,0.8168738648567793,64.08782761814591,676.3016999810934,76.58728651910982,0.9088152943675716,False
4,0,8.0,FIX-G1200,1200.0,fix,1000000000.0,0.0,0.7286855758761054,43.419020311890826,186.7734772413969,15.914869917333114,0.5984379202748339,True
4,1,5.0,FIX-G1200,1200.0,fix,1000000000.0,0.0,0.8480753100310167,59.43006780021114,410.196327701211,48.518225981593126,0.9132788327087958,True
4,2,4.0,FIX-G1200,1200.0,fix,1000000000.0,0.0,0.8390859513012148,69.1778133994616,1093.7809044867754,80.8292630434035,0.924656199614207,False
