overlay,level,policy,variant,pass,affected_jobs,offending_records,cumulative_jobs,cumulative_records,terminal_zero,simulation_s,detection_s,rescore_s
0,0,SPJF-E,exact,1,64298,1442450,64298,1442450,False,2.7037027000005764,5.122892999999749,5.39832319999914
0,0,SPJF-E,exact,2,31836,543697,65432,1986147,False,2.690586999999141,3.625653600000078,5.58643579999989
0,0,SPJF-E,exact,3,20947,344095,65614,2330242,False,2.7957545000008395,3.3437859999994544,5.058045100000527
0,0,SPJF-E,exact,4,15788,223727,65651,2553969,False,2.7570606999997835,3.109780300001148,4.240111699999034
0,0,SPJF-E,exact,5,12911,149694,65663,2703663,False,3.205642999999327,2.656480999999985,3.690328300001056
0,0,SPJF-E,exact,6,10682,113299,65675,2816962,False,2.798282800000379,2.400816199999099,2.9340198999998393
0,0,SPJF-E,exact,7,7872,62212,65681,2879174,False,3.0108705000002374,2.229136899999503,2.6785232000001997
0,0,SPJF-E,exact,8,5947,51407,65681,2930581,False,2.824765800000023,2.060821799999758,1.7949028999992152
0,0,SPJF-E,exact,9,5063,27203,65681,2957784,False,2.7677505999999994,2.0242094000004727,1.5799934999995457
0,0,SPJF-E,exact,10,3451,20904,65681,2978688,False,2.7347810000010213,1.7713253999991139,1.4446480000005977
0,0,SPJF-E,exact,11,1606,7292,65681,2985980,False,2.6860827000000427,1.3963196000004245,0.5036111000008532
0,0,SPJF-E,exact,12,1564,8086,65682,2994066,False,2.749413399998957,1.4490502000007837,0.432802499999525
0,0,SPJF-E,exact,13,1040,5414,65685,2999480,False,2.732671100000516,1.4283347000000504,0.32548489999862795
0,0,SPJF-E,exact,14,479,978,65685,3000458,False,2.647056199999497,1.2466072999995959,0.16474510000080045
0,0,SPJF-E,exact,15,172,324,65685,3000782,False,2.7728725999986636,1.310691399999996,0.05583470000055968
0,0,SPJF-E,exact,16,150,376,65685,3001158,False,2.9472745999992185,1.3777444999996078,0.053758399999424
0,0,SPJF-E,exact,17,72,131,65685,3001289,False,2.849416300001394,1.2879654999997001,0.02532239999891317
0,0,SPJF-E,exact,18,33,33,65685,3001322,False,2.7985709000004135,1.1951257999990048,0.011138300000311574
0,0,SPJF-E,exact,19,22,37,65685,3001359,False,2.6966971999991074,1.2349555000000692,0.012550299999929848
0,0,SPJF-E,exact,20,2,2,65685,3001361,False,2.7244104000001244,1.2103140999988682,0.005554400000619353
0,0,SPJF-E,exact,21,0,0,65685,3001361,True,2.706572099999903,1.391752199999246,0.0
0,0,Guard(300),exact,1,64301,1473520,64301,1473520,False,6.503474400000414,5.175916199999847,3.3928568999999698
0,0,Guard(300),exact,2,31861,564706,65469,2038226,False,5.401303700000426,3.9724033000002237,3.283302100000583
0,0,Guard(300),exact,3,20977,343234,65662,2381460,False,6.192118799999662,3.3268275000009453,3.8692933000002085
0,0,Guard(300),exact,4,15600,240259,65718,2621719,False,6.174135799999931,3.3520227999997587,3.9841018000006443
0,0,Guard(300),exact,5,12344,106586,65726,2728305,False,7.174418599999626,3.202116299999034,3.323781000000963
0,0,Guard(300),exact,6,8055,42668,65730,2770973,False,7.554255200000625,2.3973544999989826,2.610770200000843
0,0,Guard(300),exact,7,5510,28827,65732,2799800,False,6.631734499998856,1.8180854000002,1.7602454000007128
0,0,Guard(300),exact,8,4841,34013,65732,2833813,False,6.755042299999332,2.2076871000008396,1.4552473999992799
0,0,Guard(300),exact,9,4361,26457,65732,2860270,False,6.421888299999409,1.8846618000006856,1.4683273999999074
0,0,Guard(300),exact,10,1569,12505,65732,2872775,False,6.039700100000118,1.6277124999996886,0.5783569000013813
0,0,Guard(300),exact,11,1399,2796,65732,2875571,False,6.123921300000802,1.5710570999999618,0.45366219999959867
0,0,Guard(300),exact,12,751,5232,65732,2880803,False,6.915368500000113,1.600379299999986,0.2793324999984179
0,0,Guard(300),exact,13,321,2752,65732,2883555,False,6.906386700000439,1.461192900000242,0.08143139999992854
0,0,Guard(300),exact,14,65,112,65732,2883667,False,6.114527799998541,1.3103068000000349,0.0420561999999336
0,0,Guard(300),exact,15,0,0,65732,2883667,True,6.150246799999877,1.3645921999996062,0.0
0,0,Guard(600),exact,1,64286,1452124,64286,1452124,False,6.786980399998356,5.796812600001431,7.508181999999579
0,0,Guard(600),exact,2,31841,553754,65425,2005878,False,6.412450899999385,4.526524799999606,6.159885300001406
0,0,Guard(600),exact,3,20954,346260,65614,2352138,False,5.87900720000107,3.3758388000005652,5.293138099999851
0,0,Guard(600),exact,4,15784,225668,65647,2577806,False,6.45197890000054,3.6006429999997636,5.064604199998939
0,0,Guard(600),exact,5,12907,150019,65655,2727825,False,7.644833199999994,3.379366900000605,4.035505199999534
0,0,Guard(600),exact,6,10702,114349,65668,2842174,False,7.018387199999779,2.5672102000007726,3.5072679000004428
0,0,Guard(600),exact,7,7919,67949,65671,2910123,False,6.447218600000269,2.355459599999449,2.5047764999999345
0,0,Guard(600),exact,8,6371,60842,65674,2970965,False,5.543959900000118,2.3838337999986834,2.213962600000741
0,0,Guard(600),exact,9,5155,33907,65674,3004872,False,6.247051599999395,2.2142762999992556,1.68164969999998
0,0,Guard(600),exact,10,3089,25796,65676,3030668,False,5.719776699999784,1.7450336000001698,0.9963267000002816
0,0,Guard(600),exact,11,2082,11224,65682,3041892,False,5.581674700000804,1.5831390999992436,0.7152112999992823
0,0,Guard(600),exact,12,1792,11014,65682,3052906,False,6.12328129999878,1.5082090000014432,0.6010304999999789
0,0,Guard(600),exact,13,993,4984,65682,3057890,False,6.02880869999899,1.3821026000005077,0.3652803999993921
0,0,Guard(600),exact,14,667,3551,65682,3061441,False,5.703929399998742,1.381139000000985,0.2164729999985866
0,0,Guard(600),exact,15,535,2324,65682,3063765,False,5.523019700000077,1.337231100000281,0.160061599999608
0,0,Guard(600),exact,16,203,839,65682,3064604,False,5.648327100001552,1.261062799998399,0.07745240000076592
0,0,Guard(600),exact,17,79,232,65682,3064836,False,5.68367649999891,1.3248741000006703,0.039245399999344954
0,0,Guard(600),exact,18,8,12,65682,3064848,False,6.133742899999561,1.2486776000005193,0.010663500001101056
0,0,Guard(600),exact,19,0,0,65682,3064848,True,6.106964300000982,1.265849100000196,0.0
0,0,Guard(1200),exact,1,64348,1444247,64348,1444247,False,5.486829999999827,5.537907100000666,2.007915000000139
0,0,Guard(1200),exact,2,31832,549849,65490,1994096,False,6.045401599998513,4.173505599999771,2.3272339000013744
0,0,Guard(1200),exact,3,20945,348557,65674,2342653,False,5.776713100000052,2.8076466000002256,2.3973590999994485
0,0,Guard(1200),exact,4,15788,215988,65711,2558641,False,5.6456490000000485,2.822084100000211,2.4242300000005343
0,0,Guard(1200),exact,5,12922,143788,65725,2702429,False,5.4648345000005065,2.55465600000025,2.5169590000004973
0,0,Guard(1200),exact,6,10708,117300,65738,2819729,False,5.522840700001325,2.53939679999894,2.792153300000791
0,0,Guard(1200),exact,7,7662,70716,65741,2890445,False,5.4736516999983,2.0384083000008104,1.8551583999997092
0,0,Guard(1200),exact,8,4849,48201,65742,2938646,False,5.37363539999933,1.957461300000432,1.6930474000000686
0,0,Guard(1200),exact,9,4032,24678,65745,2963324,False,5.381378599999152,1.7330962000014551,1.23363739999877
0,0,Guard(1200),exact,10,3437,9501,65745,2972825,False,5.496468000001187,1.8127303999990545,1.2635339000007662
0,0,Guard(1200),exact,11,2285,4174,65745,2976999,False,5.590731700000106,1.5464750999999524,0.8514895999996952
0,0,Guard(1200),exact,12,1106,2408,65745,2979407,False,5.925057300000844,1.5027458000004117,0.33143439999912516
0,0,Guard(1200),exact,13,1222,3144,65745,2982551,False,5.520045100000061,1.6763609999998152,0.4593289000004006
0,0,Guard(1200),exact,14,299,1280,65745,2983831,False,6.027915500000745,1.5991963999986183,0.1632009000004473
0,0,Guard(1200),exact,15,88,202,65745,2984033,False,5.960523899999316,1.5066428999998607,0.03776980000111507
0,0,Guard(1200),exact,16,33,64,65745,2984097,False,6.669358300001477,1.667747399998916,0.01448069999969448
0,0,Guard(1200),exact,17,10,16,65745,2984113,False,6.594843099999707,1.4480400000011286,0.015517399999225745
0,0,Guard(1200),exact,18,0,0,65745,2984113,True,6.768385499999567,1.4694484000010561,0.0
0,0,Aging(600),exact,1,65023,1418154,65023,1418154,False,3.501151899999968,5.784348899998804,6.521285400000124
0,0,Aging(600),exact,2,27627,81063,66133,1499217,False,3.708307499999137,3.7157201999998506,3.035212100001445
0,0,Aging(600),exact,3,7226,11171,66275,1510388,False,4.120246600001337,2.2430263999995077,1.0110846999996284
0,0,Aging(600),exact,4,1518,1762,66298,1512150,False,4.146053200000097,1.775109899999734,0.253199400000085
0,0,Aging(600),exact,5,419,452,66305,1512602,False,4.160682899999301,1.6266192000002775,0.14368760000070324
0,0,Aging(600),exact,6,58,58,66308,1512660,False,4.6816128000009485,1.5545690999988437,0.014809899999818299
0,0,Aging(600),exact,7,21,29,66308,1512689,False,4.096302900001319,1.4011961999985942,0.015571400001135771
0,0,Aging(600),exact,8,11,12,66308,1512701,False,3.9234443999994255,1.4796781999993982,0.031505099999776576
0,0,Aging(600),exact,9,0,0,66308,1512701,True,3.937545599999794,1.2227431000010256,0.0
0,0,Guard(600),exact_other_class_withheld,1,64371,1436230,64371,1436230,False,7.533778199998778,6.304847000001246,22.15932359999897
0,0,Guard(600),exact_other_class_withheld,2,32054,535236,65495,1971466,False,7.841987300000255,4.631980799998928,17.45049900000049
0,0,Guard(600),exact_other_class_withheld,3,20789,316442,65644,2287908,False,8.629969499999788,4.32060249999995,12.245706699999573
0,0,Guard(600),exact_other_class_withheld,4,15872,169762,65673,2457670,False,7.773892399998658,4.656077400000868,13.286902800000462
0,0,Guard(600),exact_other_class_withheld,5,13412,100879,65683,2558549,False,8.125237900001594,3.584691699999894,11.278224199999386
0,0,Guard(600),exact_other_class_withheld,6,11071,67722,65695,2626271,False,7.76329220000116,3.040895399999499,10.49213409999902
0,0,Guard(600),exact_other_class_withheld,7,9190,57696,65697,2683967,False,6.911021200001414,2.5286492999985057,8.357573900000716
0,0,Guard(600),exact_other_class_withheld,8,6883,29482,65697,2713449,False,7.095865799999956,2.323020699999688,5.350298999999723
0,0,Guard(600),exact_other_class_withheld,9,5090,17012,65697,2730461,False,6.250390299999708,1.9322267000006832,4.458337099998971
0,0,Guard(600),exact_other_class_withheld,10,3261,11167,65697,2741628,False,6.364555100000871,1.7253015999995114,2.507420899999488
0,0,Guard(600),exact_other_class_withheld,11,3486,13565,65697,2755193,False,6.426409600000625,1.999355199999627,2.9774969999998575
0,0,Guard(600),exact_other_class_withheld,12,2050,5995,65697,2761188,False,6.119888700000956,1.7593394999985321,1.6550404000008712
0,0,Guard(600),exact_other_class_withheld,13,1540,2138,65697,2763326,False,6.411980600001698,1.6298418999995192,1.307644499998787
0,0,Guard(600),exact_other_class_withheld,14,345,789,65697,2764115,False,6.522524899999553,1.6828344000005018,0.32173449999936565
0,0,Guard(600),exact_other_class_withheld,15,100,110,65697,2764225,False,6.803168299999015,1.4388006000008318,0.07698999999956868
0,0,Guard(600),exact_other_class_withheld,16,88,171,65697,2764396,False,7.170478799998818,1.3404745999996521,0.09423690000039642
0,0,Guard(600),exact_other_class_withheld,17,17,21,65697,2764417,False,6.501111499999752,1.3827860000001237,0.015718599999672733
0,0,Guard(600),exact_other_class_withheld,18,0,0,65697,2764417,True,5.284438799999407,1.2287458999999217,0.0
0,1,SPJF-E,exact,1,130105,6566334,130105,6566334,False,2.6080999999994674,8.968514000000141,13.995039900000847
0,1,SPJF-E,exact,2,69112,2424921,136075,8991255,False,3.0497876000008546,8.291391699998712,12.923814200001289
0,1,SPJF-E,exact,3,47457,1350458,137454,10341713,False,3.095907200000511,6.875047599998652,11.133573900000556
0,1,SPJF-E,exact,4,35198,598379,137914,10940092,False,2.8611712000001717,6.40722629999982,9.513093800000206
0,1,SPJF-E,exact,5,27850,320715,138168,11260807,False,2.781570000001011,5.396210199998677,8.438991500001066
0,1,SPJF-E,exact,6,22154,225816,138259,11486623,False,2.8563236000009056,4.948017299999265,6.720275600000605
0,1,SPJF-E,exact,7,12306,122022,138302,11608645,False,3.118343999998615,4.568429599999945,4.520517500001006
0,1,SPJF-E,exact,8,8718,82162,138346,11690807,False,3.2939498000014282,3.9536702999994304,3.608598400000119
0,1,SPJF-E,exact,9,3758,29828,138360,11720635,False,2.9209784000013315,3.143530600000304,1.248459599999478
0,1,SPJF-E,exact,10,2833,11738,138365,11732373,False,3.289413099999365,2.7085388000014063,0.9607734000001074
0,1,SPJF-E,exact,11,1762,14077,138365,11746450,False,2.632148700000471,2.6089136999999027,0.6376450000007026
0,1,SPJF-E,exact,12,789,9040,138366,11755490,False,3.4049835999994684,2.4111599999996542,0.2898934000004374
0,1,SPJF-E,exact,13,406,2687,138366,11758177,False,3.930979799999477,2.371478600000046,0.1845852999995259
0,1,SPJF-E,exact,14,148,207,138366,11758384,False,3.9436831999992137,2.75142489999962,0.048533700000916724
0,1,SPJF-E,exact,15,81,113,138366,11758497,False,4.048616399999446,2.646658600000592,0.02680270000018936
0,1,SPJF-E,exact,16,87,116,138366,11758613,False,3.8967707000010705,2.5889542999993864,0.032368600001063896
0,1,SPJF-E,exact,17,27,30,138366,11758643,False,4.068103700001302,2.574956499998734,0.01588660000015807
0,1,SPJF-E,exact,18,9,9,138366,11758652,False,3.6693649999997433,2.8442161999992095,0.008195800000976305
0,1,SPJF-E,exact,19,0,0,138366,11758652,True,3.7544828000009147,2.6786749999992026,0.0
0,1,Guard(300),exact,1,133746,6636291,133746,6636291,False,6.661307100001068,9.378189899998688,18.850588600000265
0,1,Guard(300),exact,2,69881,2040943,140202,8677234,False,6.144932699999117,8.166058500000872,14.27583930000037
0,1,Guard(300),exact,3,47678,714635,142201,9391869,False,7.114828700001453,7.843894499999806,14.206011000000217
0,1,Guard(300),exact,4,34898,347686,142802,9739555,False,6.673580300001049,6.567704400000366,11.961932399999569
0,1,Guard(300),exact,5,24041,141975,143204,9881530,False,6.344731600000159,5.079786399999648,7.55425330000071
0,1,Guard(300),exact,6,15045,52685,143368,9934215,False,7.148398699999234,4.733791500000734,5.030663800000184
0,1,Guard(300),exact,7,8524,26359,143414,9960574,False,8.304535600000236,3.9160658000000694,2.8256282999991527
0,1,Guard(300),exact,8,5018,16548,143434,9977122,False,6.159681299999647,2.910775600001216,1.6572539999997389
0,1,Guard(300),exact,9,2832,4766,143453,9981888,False,5.8741499000007025,2.4497694999990927,0.8164419000004273
0,1,Guard(300),exact,10,1408,4539,143454,9986427,False,5.5068995999990875,2.295605200000864,0.46256929999981367
0,1,Guard(300),exact,11,711,976,143454,9987403,False,6.14612440000019,2.3118652000011934,0.175229099999342
0,1,Guard(300),exact,12,314,541,143454,9987944,False,5.476114900000539,2.032353599999624,0.07743400000072143
0,1,Guard(300),exact,13,264,626,143454,9988570,False,5.644357799999852,1.8559370000002673,0.07191339999917545
0,1,Guard(300),exact,14,149,309,143454,9988879,False,5.673936400000457,1.8647103999992396,0.04033260000142036
0,1,Guard(300),exact,15,18,29,143454,9988908,False,5.844010700000581,1.899991799999043,0.013073400001303526
0,1,Guard(300),exact,16,0,0,143454,9988908,True,6.150083500000619,1.8699261999990995,0.0
0,1,Guard(600),exact,1,130518,6574635,130518,6574635,False,5.65109990000019,9.08404519999931,17.258875500001523
0,1,Guard(600),exact,2,69267,2404781,136537,8979416,False,5.960209099999702,7.8127456000001985,15.328850099998817
0,1,Guard(600),exact,3,47859,1283555,138216,10262971,False,5.60471040000084,6.421913299998778,12.648098700001356
0,1,Guard(600),exact,4,35123,547771,138639,10810742,False,5.883169500000804,6.487267499998779,10.468847100000858
0,1,Guard(600),exact,5,27734,326549,138841,11137291,False,5.329689300000609,5.491634599999088,8.24391850000029
0,1,Guard(600),exact,6,22256,228824,139018,11366115,False,5.402424999998402,5.549626100000751,7.343331800000669
0,1,Guard(600),exact,7,12738,116358,139088,11482473,False,5.276696700000684,4.2084519,5.121607899998708
0,1,Guard(600),exact,8,8473,71974,139132,11554447,False,5.829002700000274,3.705934099998558,3.3575255000014295
0,1,Guard(600),exact,9,3615,22669,139194,11577116,False,5.675487300000896,2.9920595999992656,1.238500200000999
0,1,Guard(600),exact,10,2952,12878,139194,11589994,False,6.54479050000009,3.36475849999988,1.1351721999999427
0,1,Guard(600),exact,11,2175,19031,139194,11609025,False,6.702717600001051,2.904180699999415,0.91543830000046
0,1,Guard(600),exact,12,833,8126,139195,11617151,False,6.4577251999999135,2.804355199999918,0.34555660000114585
0,1,Guard(600),exact,13,267,339,139195,11617490,False,6.456198200001381,2.931987799998751,0.10501810000096157
0,1,Guard(600),exact,14,123,163,139195,11617653,False,6.817385799999101,2.860413200000039,0.042221199999403325
0,1,Guard(600),exact,15,65,112,139195,11617765,False,7.238835000000108,2.648199900000691,0.021972200000163866
0,1,Guard(600),exact,16,55,123,139195,11617888,False,7.00117870000031,2.9365293999999267,0.04022670000085782
0,1,Guard(600),exact,17,37,88,139195,11617976,False,7.460302299999967,2.6905621999994764,0.01276760000109789
0,1,Guard(600),exact,18,68,133,139195,11618109,False,8.107763199999681,3.298446499999045,0.039296099999774015
0,1,Guard(600),exact,19,73,103,139195,11618212,False,7.544220099998711,2.5453594000009616,0.033114100000602775
0,1,Guard(600),exact,20,0,0,139195,11618212,True,7.511840199998915,2.5909410000003845,0.0
0,1,Guard(1200),exact,1,130936,6572307,130936,6572307,False,8.861325600000782,13.320967699999528,22.00379079999948
0,1,Guard(1200),exact,2,69470,2424629,137155,8996936,False,6.703856000000087,8.79182960000071,17.335126999998465
0,1,Guard(1200),exact,3,47998,1326724,138894,10323660,False,7.1073729999989155,9.227570400000332,16.677183499999956
0,1,Guard(1200),exact,4,35339,606003,139601,10929663,False,7.848991799999567,8.546743799999604,13.233239400000457
0,1,Guard(1200),exact,5,27971,309064,139788,11238727,False,7.071055700000215,8.357516000000032,9.988573000000542
0,1,Guard(1200),exact,6,22582,209570,139877,11448297,False,5.393912300000011,6.705963800000973,10.248353499999212
0,1,Guard(1200),exact,7,13616,118572,139922,11566869,False,8.842830600000525,5.6504948000001605,6.517622299999857
0,1,Guard(1200),exact,8,8704,65440,139950,11632309,False,8.541424999999435,4.6429796000011265,4.468563399999766
0,1,Guard(1200),exact,9,5151,25500,139993,11657809,False,7.304776000000857,4.494800500000565,2.6337074999992183
0,1,Guard(1200),exact,10,2449,16519,140002,11674328,False,7.474311800000578,3.024132999998983,1.0312265000011394
0,1,Guard(1200),exact,11,1545,10520,140005,11684848,False,7.688424100000702,2.7625821999990876,0.6789542000005895
0,1,Guard(1200),exact,12,1272,5265,140006,11690113,False,7.026982800000042,2.7503931000010198,0.5371865999986767
0,1,Guard(1200),exact,13,449,2481,140006,11692594,False,7.078892700001234,2.5440798999989056,0.21762789999957022
0,1,Guard(1200),exact,14,595,4773,140006,11697367,False,7.15465949999998,2.242926400000215,0.20010259999980917
0,1,Guard(1200),exact,15,97,321,140006,11697688,False,6.089542199999414,2.32120279999981,0.06490230000053998
0,1,Guard(1200),exact,16,0,0,140006,11697688,True,6.6501498000016,2.324989499998992,0.0
0,1,Aging(600),exact,1,145622,6280502,145622,6280502,False,3.707342300000164,10.984927200001039,15.806415399998514
0,1,Aging(600),exact,2,57346,187470,150661,6467972,False,3.355175500000769,5.632504799999879,7.184997599999406
0,1,Aging(600),exact,3,16076,26203,151588,6494175,False,2.9972994000017934,2.9555381999998644,2.664100599999074
0,1,Aging(600),exact,4,3301,4734,151810,6498909,False,3.0074265000002924,2.159707699998762,0.64573240000027
0,1,Aging(600),exact,5,508,592,151850,6499501,False,3.1477027000000817,2.153752299998814,0.1653362000015477
0,1,Aging(600),exact,6,126,188,151850,6499689,False,3.0911097999996855,2.175568500000736,0.046583899998950073
0,1,Aging(600),exact,7,109,110,151851,6499799,False,2.9862506999998004,1.8361389999990934,0.03651210000134597
0,1,Aging(600),exact,8,30,30,151851,6499829,False,3.348309099999824,2.0145255999996152,0.020613100001355633
0,1,Aging(600),exact,9,8,8,151851,6499837,False,3.469598899999255,1.8525924000005034,0.01796730000023672
0,1,Aging(600),exact,10,0,0,151851,6499837,True,3.0771010000007664,1.8955127999997785,0.0
0,1,Guard(600),exact_other_class_withheld,1,130817,6505216,130817,6505216,False,5.809591900000669,10.257171699999162,43.235228199999256
0,1,Guard(600),exact_other_class_withheld,2,68949,2468295,136641,8973511,False,5.8582748000008,8.752158299999792,32.17396150000059
0,1,Guard(600),exact_other_class_withheld,3,46788,1263056,138201,10236567,False,5.596625099999073,7.278302200000326,26.070015299999795
0,1,Guard(600),exact_other_class_withheld,4,35306,707657,138692,10944224,False,5.938517900000079,7.046954699999333,22.586900199999945
0,1,Guard(600),exact_other_class_withheld,5,27588,355522,138884,11299746,False,5.754065699999046,6.229284400000324,20.715163900000334
0,1,Guard(600),exact_other_class_withheld,6,18779,165283,138955,11465029,False,5.866676699999516,5.643667800000912,14.19787179999912
0,1,Guard(600),exact_other_class_withheld,7,10713,81569,138991,11546598,False,6.117809399998805,4.292929600000207,7.759785800000827
0,1,Guard(600),exact_other_class_withheld,8,6248,31807,139014,11578405,False,6.0062582999998995,3.483046999999715,4.813896300000124
0,1,Guard(600),exact_other_class_withheld,9,3348,19094,139015,11597499,False,6.072255899998709,3.6109459000017523,3.310668499998428
0,1,Guard(600),exact_other_class_withheld,10,1991,5220,139015,11602719,False,6.570973999998387,3.072931200000312,1.5194958000010956
0,1,Guard(600),exact_other_class_withheld,11,880,1342,139015,11604061,False,6.080783299999894,2.8026486999988265,0.7641093000002002
0,1,Guard(600),exact_other_class_withheld,12,574,663,139015,11604724,False,5.892270000000281,2.7386735000000044,0.45745830000123533
0,1,Guard(600),exact_other_class_withheld,13,76,93,139015,11604817,False,6.145843399999649,2.4591224000014336,0.06316049999986717
0,1,Guard(600),exact_other_class_withheld,14,32,41,139015,11604858,False,5.916872999998304,2.258332100000189,0.03230660000008356
0,1,Guard(600),exact_other_class_withheld,15,4,4,139015,11604862,False,6.1201879999989615,2.5254390999998577,0.012558899999930873
0,1,Guard(600),exact_other_class_withheld,16,15,17,139015,11604879,False,5.812826599998516,2.4144216000004235,0.020249299999704817
0,1,Guard(600),exact_other_class_withheld,17,4,6,139015,11604885,False,6.387844500000938,2.2895979000004445,0.02229339999939839
0,1,Guard(600),exact_other_class_withheld,18,0,0,139015,11604885,True,6.132485399999496,2.4312030999990384,0.0
0,2,SPJF-E,exact,1,182782,9422220,182782,9422220,False,3.231900900000255,13.659982000001037,23.41777639999964
0,2,SPJF-E,exact,2,88610,3669975,195875,13092195,False,2.9824788000005356,11.007074099999954,15.933596900000339
0,2,SPJF-E,exact,3,58240,1441840,200394,14534035,False,3.431203899999673,9.18871609999951,14.351827100001174
0,2,SPJF-E,exact,4,42873,790601,202211,15324636,False,3.3933611000011297,9.10679379999965,12.020921400000589
0,2,SPJF-E,exact,5,31906,347637,203066,15672273,False,3.3742421999995713,8.14369859999897,10.59683700000096
0,2,SPJF-E,exact,6,18943,190543,203328,15862816,False,3.410982299999887,6.1401675999986765,6.263204800001404
0,2,SPJF-E,exact,7,11130,96694,203574,15959510,False,2.673218600000837,5.0041003999995155,3.643528399999923
0,2,SPJF-E,exact,8,5853,27681,203701,15987191,False,3.2917541000006167,3.884674699998868,2.4875404000013077
0,2,SPJF-E,exact,9,3106,21248,203742,16008439,False,2.971645100000387,3.662624099999448,1.038239600000452
0,2,SPJF-E,exact,10,1139,3916,203782,16012355,False,3.3410722999997233,3.4470889999993233,0.35122970000156783
0,2,SPJF-E,exact,11,1025,2925,203784,16015280,False,3.2138936999999714,3.4062145999996574,0.30722120000064024
0,2,SPJF-E,exact,12,1007,2993,203796,16018273,False,3.236684499999683,3.4217097999990074,0.40134480000051553
0,2,SPJF-E,exact,13,563,3734,203799,16022007,False,3.0587635000010778,3.1291423000002396,0.2477017999990494
0,2,SPJF-E,exact,14,525,5438,203804,16027445,False,3.178657699998439,2.994566900000791,0.1769308999992063
0,2,SPJF-E,exact,15,525,2199,203808,16029644,False,3.137156099999629,2.909544599999208,0.2565035000006901
0,2,SPJF-E,exact,16,566,2687,203808,16032331,False,3.181714899999861,3.089708299999984,0.20303299999977753
0,2,SPJF-E,exact,17,548,2535,203809,16034866,False,3.3898625999991054,3.1296718000012334,0.21151279999867256
0,2,SPJF-E,exact,18,495,3085,203812,16037951,False,3.2651824000004126,2.934570100000201,0.20325210000009974
0,2,SPJF-E,exact,19,290,1156,203812,16039107,False,3.2312191000000894,3.023503600001277,0.1572926999997435
0,2,SPJF-E,exact,20,142,920,203812,16040027,False,2.9552977999992436,3.1514341000001878,0.0601332000005641
0,2,SPJF-E,exact,21,160,700,203812,16040727,False,3.7613746999995783,3.006857000000309,0.07178680000106397
0,2,SPJF-E,exact,22,124,468,203812,16041195,False,3.3918625000005704,2.8314064999995026,0.04450709999946412
0,2,SPJF-E,exact,23,51,213,203812,16041408,False,3.4410879999995814,3.217521000000488,0.045662500000617
0,2,SPJF-E,exact,24,23,73,203812,16041481,False,3.1355664000002434,3.258114000000205,0.025275899999542162
0,2,SPJF-E,exact,25,37,75,203812,16041556,False,3.5257874999988417,2.9725102000011248,0.022942999999941094
0,2,SPJF-E,exact,26,23,44,203812,16041600,False,3.311691199998677,2.9097669000002497,0.01602890000140178
0,2,SPJF-E,exact,27,0,0,203812,16041600,True,3.6944659000000684,2.8677499999994325,0.0
0,2,Guard(300),exact,1,201003,10268710,201003,10268710,False,6.1080261999995855,13.484099900000729,26.91071229999943
0,2,Guard(300),exact,2,95270,2417463,218040,12686173,False,6.4742142999984935,10.104216700001416,17.967837000000145
0,2,Guard(300),exact,3,55789,732220,222528,13418393,False,6.224877700000434,8.066516200000478,14.223315400000502
0,2,Guard(300),exact,4,35500,306419,223548,13724812,False,6.45843959999911,6.820229000000836,10.0827790000003
0,2,Guard(300),exact,5,19438,92855,223953,13817667,False,6.6682841000001645,5.634684799999377,6.205672900001446
0,2,Guard(300),exact,6,8608,35384,224070,13853051,False,6.795334599999478,3.530681400001413,2.5147171999997227
0,2,Guard(300),exact,7,5191,16893,224092,13869944,False,6.1345906000005925,3.658304999999018,1.4318997000009404
0,2,Guard(300),exact,8,2022,4514,224094,13874458,False,5.950611000000208,3.0987674000007246,0.6679860999993252
0,2,Guard(300),exact,9,440,882,224094,13875340,False,6.013765400000921,2.737714999999298,0.18265010000141046
0,2,Guard(300),exact,10,244,537,224094,13875877,False,6.571807599999374,2.7374849999996513,0.1097144000013941
0,2,Guard(300),exact,11,90,162,224094,13876039,False,6.365627699999095,2.7112417000007554,0.04676319999998668
0,2,Guard(300),exact,12,66,135,224094,13876174,False,6.221929999999702,2.9351502000008622,0.03578449999986333
0,2,Guard(300),exact,13,0,0,224094,13876174,True,6.40099470000132,2.8643931999995402,0.0
0,2,Guard(600),exact,1,188043,9718382,188043,9718382,False,6.068221099998482,12.235334000000876,25.150852400000076
0,2,Guard(600),exact,2,90787,3508880,201254,13227262,False,6.2573440999985905,9.62160490000133,17.332162400000016
0,2,Guard(600),exact,3,60535,1386271,207256,14613533,False,6.088300600000366,9.704614899999797,15.668214100000114
0,2,Guard(600),exact,4,43643,724786,208939,15338319,False,6.194807699999728,8.291282100000899,13.256249499998376
0,2,Guard(600),exact,5,31108,325948,209939,15664267,False,6.478475800000524,7.868238199998814,10.214319200000318
0,2,Guard(600),exact,6,17296,150176,210165,15814443,False,6.243100499999855,5.9254648000005545,5.758480200000122
0,2,Guard(600),exact,7,9667,70576,210238,15885019,False,5.99929240000165,4.774821699998938,3.409624400001121
0,2,Guard(600),exact,8,5454,26891,210301,15911910,False,6.2209098000003,4.357749700000568,1.8702016999995976
0,2,Guard(600),exact,9,3405,23272,210356,15935182,False,6.106201599999622,3.430370399999447,1.2070853000004718
0,2,Guard(600),exact,10,1156,2589,210409,15937771,False,6.174467799999547,3.1583050999997795,0.4090641000002506
0,2,Guard(600),exact,11,660,2174,210417,15939945,False,6.265478499999517,3.1292747000006784,0.24641650000012305
0,2,Guard(600),exact,12,995,1942,210462,15941887,False,6.029194799999459,3.2333689000006416,0.46462309999878926
0,2,Guard(600),exact,13,377,1405,210463,15943292,False,5.898753100000249,3.222224900000583,0.14721280000048864
0,2,Guard(600),exact,14,376,2200,210464,15945492,False,6.278758099999322,3.2049545000008948,0.16973329999927955
0,2,Guard(600),exact,15,456,1932,210464,15947424,False,6.4066946000002645,3.1230137000002287,0.2078615999998874
0,2,Guard(600),exact,16,678,2925,210464,15950349,False,6.111712500000067,3.023970599999302,0.2844643000007636
0,2,Guard(600),exact,17,677,3210,210464,15953559,False,5.98586400000022,3.280027099999643,0.2310949000002438
0,2,Guard(600),exact,18,584,3525,210464,15957084,False,5.896176500000365,3.119905199999266,0.22918249999929685
0,2,Guard(600),exact,19,346,1515,210464,15958599,False,6.010616999999911,3.1603455999993457,0.15163329999995767
0,2,Guard(600),exact,20,297,1583,210464,15960182,False,6.240899800000989,3.251179399998364,0.15423680000094464
0,2,Guard(600),exact,21,204,1340,210464,15961522,False,6.191669699999693,3.272102300001279,0.0828029999993305
0,2,Guard(600),exact,22,68,259,210464,15961781,False,6.080251899998984,3.0474133000006987,0.03432040000006964
0,2,Guard(600),exact,23,0,0,210464,15961781,True,6.297269599999709,3.072613000000274,0.0
0,2,Guard(1200),exact,1,186462,9674755,186462,9674755,False,5.772384699999748,13.069572200000039,24.350184900000386
0,2,Guard(1200),exact,2,92059,3463900,201580,13138655,False,5.990968300000532,11.242379299999811,19.101612299999033
0,2,Guard(1200),exact,3,60957,1534784,206904,14673439,False,6.094438100000843,8.971633699999074,15.381618200000958
0,2,Guard(1200),exact,4,44077,738215,209215,15411654,False,5.9389633999999205,9.058631199999581,12.452665000000707
0,2,Guard(1200),exact,5,32085,353540,210380,15765194,False,5.803864599998633,7.760922999999821,9.833057100000588
0,2,Guard(1200),exact,6,19557,218363,210724,15983557,False,6.134053899999344,6.849539500000901,7.224722099999781
0,2,Guard(1200),exact,7,9005,71562,210852,16055119,False,6.319384899999932,4.460983400000259,3.1087451000003057
0,2,Guard(1200),exact,8,4559,28095,210955,16083214,False,6.082771600000342,3.7063699000009365,1.7358370000001742
0,2,Guard(1200),exact,9,2165,19549,210970,16102763,False,6.150582700000086,3.550909199999296,0.9739765000012994
0,2,Guard(1200),exact,10,869,4532,210982,16107295,False,5.98742300000049,2.985019799998554,0.3736928000016633
0,2,Guard(1200),exact,11,531,2190,210984,16109485,False,6.3238428000004205,2.976364799998919,0.25334680000014487
0,2,Guard(1200),exact,12,813,3433,210984,16112918,False,6.177473800000371,3.293597799998679,0.32307829999990645
0,2,Guard(1200),exact,13,724,2236,210985,16115154,False,5.915874499998608,3.1457962000004045,0.2513949000003777
0,2,Guard(1200),exact,14,483,2490,210985,16117644,False,6.206202999999732,3.1892705999998725,0.17151190000004135
0,2,Guard(1200),exact,15,674,5957,210985,16123601,False,6.157028300000093,3.5941041999994923,0.35055239999928745
0,2,Guard(1200),exact,16,184,477,210985,16124078,False,6.036273399999118,3.14407779999965,0.10584000000017113
0,2,Guard(1200),exact,17,176,703,210985,16124781,False,6.131125800000518,3.0307235999989643,0.09656440000071598
0,2,Guard(1200),exact,18,130,662,210985,16125443,False,6.135862200000702,3.268339399999604,0.0659758999991027
0,2,Guard(1200),exact,19,81,269,210985,16125712,False,6.233392699999968,2.8824767999994947,0.03529359999993176
0,2,Guard(1200),exact,20,14,16,210985,16125728,False,5.896417199999632,2.8195032000003266,0.0171373000011954
0,2,Guard(1200),exact,21,0,0,210985,16125728,True,5.714779899999485,2.884218499999406,0.0
0,2,Aging(600),exact,1,239752,9764620,239752,9764620,False,3.190584600000875,14.582322700000077,24.8129528999998
0,2,Aging(600),exact,2,72714,301440,249934,10066060,False,2.94252829999823,8.898474000001443,9.282165799999348
0,2,Aging(600),exact,3,13790,25592,250780,10091652,False,3.1950966000003973,3.144532899999831,2.0817595000007714
0,2,Aging(600),exact,4,2774,4628,250964,10096280,False,3.0388036999993346,2.7318346000010933,0.5074830999983533
0,2,Aging(600),exact,5,619,801,251119,10097081,False,3.326361299999917,2.1818091000004642,0.10555390000081388
0,2,Aging(600),exact,6,409,566,251304,10097647,False,2.7482656000011048,2.2690511000000697,0.04076779999923019
0,2,Aging(600),exact,7,16,16,251308,10097663,False,2.864455299999463,2.0687374000008276,0.02850170000056096
0,2,Aging(600),exact,8,0,0,251308,10097663,True,3.1515859000010096,2.0466262999998435,0.0
0,2,Guard(600),exact_other_class_withheld,1,188640,9734695,188640,9734695,False,6.034019599999738,12.84343490000174,59.88663929999893
0,2,Guard(600),exact_other_class_withheld,2,90138,3411722,201376,13146417,False,6.74456519999876,12.03546980000101,39.571104699998614
0,2,Guard(600),exact_other_class_withheld,3,58550,1512430,206539,14658847,False,5.98728680000022,7.902643999999782,31.760306300000593
0,2,Guard(600),exact_other_class_withheld,4,41972,637455,208592,15296302,False,6.099379199999021,8.442450700000336,27.82143619999988
0,2,Guard(600),exact_other_class_withheld,5,31639,276927,209492,15573229,False,5.950038299999505,6.90512149999995,20.658189899999343
0,2,Guard(600),exact_other_class_withheld,6,17640,153427,209780,15726656,False,5.833312799999476,5.012359700000161,11.357945199999449
0,2,Guard(600),exact_other_class_withheld,7,8591,44861,209972,15771517,False,6.086815900000147,3.9428638000008505,5.184715699999288
0,2,Guard(600),exact_other_class_withheld,8,3715,14728,210057,15786245,False,5.89775020000161,3.0348426000000472,2.282385999998951
0,2,Guard(600),exact_other_class_withheld,9,1338,4145,210063,15790390,False,5.731730499999685,3.0216796999993676,0.9733537000010983
0,2,Guard(600),exact_other_class_withheld,10,1075,1659,210066,15792049,False,6.354830399999628,2.941620300000068,1.189157900000282
0,2,Guard(600),exact_other_class_withheld,11,400,525,210066,15792574,False,6.069929800001773,2.8058824999989156,0.3091134000005695
0,2,Guard(600),exact_other_class_withheld,12,132,242,210066,15792816,False,6.2678151999989495,2.7852767999993375,0.1349446000003809
0,2,Guard(600),exact_other_class_withheld,13,147,260,210066,15793076,False,5.6138420999996015,2.686977299999853,0.13425400000051013
0,2,Guard(600),exact_other_class_withheld,14,19,20,210066,15793096,False,6.0137862999999925,2.7250820999997813,0.023385399999824585
0,2,Guard(600),exact_other_class_withheld,15,0,0,210066,15793096,True,6.269623899999715,2.4680891999996675,0.0
1,0,SPJF-E,exact,1,58289,2268307,58289,2268307,False,3.385181499999817,5.278040600000168,6.421927499999583
1,0,SPJF-E,exact,2,31421,843832,59134,3112139,False,3.573778800000582,4.437738799999352,6.8860789999998815
1,0,SPJF-E,exact,3,23598,657608,59261,3769747,False,3.169296000000031,4.137366499999189,6.884895200000756
1,0,SPJF-E,exact,4,20373,386018,59283,4155765,False,3.215125700000499,3.8900885000002745,5.948118299998896
1,0,SPJF-E,exact,5,17845,265399,59291,4421164,False,3.331280500000503,3.668686600000001,5.294423999999708
1,0,SPJF-E,exact,6,14518,205708,59303,4626872,False,3.2677612000006775,3.7571367000000464,4.621767200000249
1,0,SPJF-E,exact,7,12203,88182,59315,4715054,False,3.1150217999984307,3.8718710000011924,3.955168299999059
1,0,SPJF-E,exact,8,10273,76153,59318,4791207,False,3.246871600000304,3.427103600000919,3.653810699999667
1,0,SPJF-E,exact,9,10107,70602,59327,4861809,False,3.0197243000002345,2.9000990000004094,4.2940368999989005
1,0,SPJF-E,exact,10,7968,51234,59331,4913043,False,3.055364499999996,2.6681005000009463,2.5636703000000125
1,0,SPJF-E,exact,11,6248,35734,59334,4948777,False,2.991147300001103,2.857423399998879,2.3614811999996164
1,0,SPJF-E,exact,12,5136,16779,59334,4965556,False,3.0920587000000523,2.578442799998811,2.133106700001008
1,0,SPJF-E,exact,13,3143,16073,59335,4981629,False,3.191038299999491,2.6441291000010096,1.3528719999994792
1,0,SPJF-E,exact,14,1487,13019,59335,4994648,False,2.98142530000041,1.9817832000007911,0.5135319999990315
1,0,SPJF-E,exact,15,1009,2797,59335,4997445,False,3.5490436000000045,1.8595087000012427,0.3378496000004816
1,0,SPJF-E,exact,16,1125,2994,59335,5000439,False,3.187285800000609,2.128973599999881,0.40785630000027595
1,0,SPJF-E,exact,17,688,1068,59335,5001507,False,2.8255269000001135,1.6843005000009725,0.20245429999886255
1,0,SPJF-E,exact,18,342,782,59335,5002289,False,3.274446200000966,1.8685913999997865,0.11962800000037532
1,0,SPJF-E,exact,19,1,2,59335,5002291,False,3.2323183000007703,1.584909900000639,0.003600799998821458
1,0,SPJF-E,exact,20,0,0,59335,5002291,True,3.4545888000011473,1.7407659999989846,0.0
1,0,Guard(300),exact,1,58304,2265531,58304,2265531,False,6.281572199999573,4.99007039999924,7.873299200000474
1,0,Guard(300),exact,2,31433,878456,59169,3143987,False,6.351824900000793,4.336935399998765,6.96222409999973
1,0,Guard(300),exact,3,23583,444866,59304,3588853,False,6.2482099999997445,3.875305899999148,6.222066700000141
1,0,Guard(300),exact,4,20290,336401,59369,3925254,False,5.855095099999744,3.68733710000015,5.7512838000002375
1,0,Guard(300),exact,5,16608,175598,59395,4100852,False,5.903472600000896,3.329050099999222,4.976149599999189
1,0,Guard(300),exact,6,11998,85261,59420,4186113,False,5.397370100001353,3.1003326999998535,3.456392699999924
1,0,Guard(300),exact,7,9673,56899,59438,4243012,False,5.8892946999985725,3.2794592999998713,3.013728700001593
1,0,Guard(300),exact,8,6677,39736,59481,4282748,False,5.705324700000347,2.5261121000003186,1.972029599999587
1,0,Guard(300),exact,9,4364,18619,59491,4301367,False,5.76692600000024,2.2116788000003,1.3041016999995918
1,0,Guard(300),exact,10,2979,16400,59491,4317767,False,5.607100200000787,2.1020246999996743,0.9618647999996028
1,0,Guard(300),exact,11,1644,7256,59491,4325023,False,6.031941699999152,1.9116075000001729,0.5712739000009606
1,0,Guard(300),exact,12,857,11120,59492,4336143,False,6.08032170000115,1.7572438999995939,0.3309683000006771
1,0,Guard(300),exact,13,388,1678,59492,4337821,False,5.056672400000025,1.6861767999998847,0.1385973999986163
1,0,Guard(300),exact,14,97,199,59492,4338020,False,5.644952000000558,1.7014785000010306,0.03199529999983497
1,0,Guard(300),exact,15,79,122,59492,4338142,False,5.584432499999821,1.6366691999992327,0.03889300000082585
1,0,Guard(300),exact,16,34,51,59492,4338193,False,6.333018200000879,1.6408149999988382,0.012831400001232396
1,0,Guard(300),exact,17,0,0,59492,4338193,True,6.095376900000701,1.5760324000002583,0.0
1,0,Guard(600),exact,1,58278,2274541,58278,2274541,False,6.0536209999991115,5.885480000000825,3.7881932000000234
1,0,Guard(600),exact,2,31421,842055,59122,3116596,False,5.719637399999556,4.344841300000553,4.952214900000399
1,0,Guard(600),exact,3,23600,653523,59251,3770119,False,5.601911600000676,4.058656100000007,5.8271115999996255
1,0,Guard(600),exact,4,20378,382854,59282,4152973,False,6.044966100000238,4.206863199999134,5.810863000000609
1,0,Guard(600),exact,5,17703,259075,59298,4412048,False,5.795125499998903,3.7203033000005234,5.342573599999014
1,0,Guard(600),exact,6,14561,202545,59314,4614593,False,5.788936000000831,3.77615650000007,4.416169199999786
1,0,Guard(600),exact,7,12016,93217,59326,4707810,False,5.939699700000347,3.18591220000053,4.357183300000543
1,0,Guard(600),exact,8,9999,83500,59330,4791310,False,5.719651999999769,3.0049028000012186,3.4784349000001384
1,0,Guard(600),exact,9,10209,73488,59333,4864798,False,6.248411700000361,3.2237516999994114,3.620688599999994
1,0,Guard(600),exact,10,8072,54492,59336,4919290,False,6.1220678000008775,3.0924496999996336,2.722886400000789
1,0,Guard(600),exact,11,6411,37244,59336,4956534,False,5.974948200000654,2.8978210000004765,2.2412005999995017
1,0,Guard(600),exact,12,4794,18164,59336,4974698,False,5.724959400000444,2.5463758999994752,1.5335661000008258
1,0,Guard(600),exact,13,3232,19988,59337,4994686,False,5.677241600000343,2.1318054999992455,1.101490000000922
1,0,Guard(600),exact,14,1360,13261,59339,5007947,False,5.826318200000969,2.1020800999995117,0.4712763999996241
1,0,Guard(600),exact,15,889,2449,59339,5010396,False,5.951139599999806,1.9772768000002543,0.3052977999996074
1,0,Guard(600),exact,16,1045,2968,59339,5013364,False,5.782227300000159,1.972632099999828,0.3695461000006617
1,0,Guard(600),exact,17,238,1077,59339,5014441,False,5.891507199999978,1.6789970000008907,0.08828240000002552
1,0,Guard(600),exact,18,150,1503,59339,5015944,False,5.707043299998986,1.889199200000803,0.07127769999897282
1,0,Guard(600),exact,19,49,253,59339,5016197,False,5.688843100000668,1.6558347000009235,0.020961999998689862
1,0,Guard(600),exact,20,7,8,59339,5016205,False,5.745220599999811,1.7325897000009718,0.013673699999344535
1,0,Guard(600),exact,21,0,0,59339,5016205,True,6.157558400000198,1.8037719000003563,0.0
1,0,Guard(1200),exact,1,58301,2269771,58301,2269771,False,5.9601381000011315,5.407836999998835,7.413570000000618
1,0,Guard(1200),exact,2,31440,843711,59161,3113482,False,5.835450099999434,4.436870100000306,6.498616900000343
1,0,Guard(1200),exact,3,23585,658223,59278,3771705,False,5.855403499999738,3.907948599999145,6.4478326000007655
1,0,Guard(1200),exact,4,20374,384564,59301,4156269,False,5.771010200000092,3.84330349999982,3.1309645999990607
1,0,Guard(1200),exact,5,17847,264712,59309,4420981,False,5.778913299998749,3.7132820000006177,3.1487416999989364
1,0,Guard(1200),exact,6,14813,203916,59322,4624897,False,6.043083799999295,3.4337178000005224,3.6972227999995084
1,0,Guard(1200),exact,7,12244,100514,59333,4725411,False,6.094122599999537,3.897662700001092,3.6851145999989967
1,0,Guard(1200),exact,8,10100,87589,59337,4813000,False,6.256829199999629,3.383545200000299,3.3637235999995028
1,0,Guard(1200),exact,9,10128,68431,59349,4881431,False,5.681645900000149,3.088914100000693,3.2731182999996236
1,0,Guard(1200),exact,10,8075,43204,59352,4924635,False,5.3533471999999165,2.921642299999803,2.5335902999995596
1,0,Guard(1200),exact,11,6012,31257,59352,4955892,False,5.826309299998684,2.4165611999997054,2.046098800001346
1,0,Guard(1200),exact,12,5200,20996,59352,4976888,False,5.841916199999105,2.5300158000009105,1.735304099998757
1,0,Guard(1200),exact,13,3547,20705,59352,4997593,False,5.953687299999729,2.34123290000025,1.3054136999999173
1,0,Guard(1200),exact,14,1922,11014,59352,5008607,False,5.535045699998591,1.929314400000294,0.5886754000002838
1,0,Guard(1200),exact,15,1598,8182,59352,5016789,False,5.762435800001185,1.693102600000202,0.5295086999994965
1,0,Guard(1200),exact,16,1089,2778,59352,5019567,False,5.8838378000000375,1.6856673000002047,0.3734626000004937
1,0,Guard(1200),exact,17,1044,2020,59353,5021587,False,5.932584100000895,2.0931213999992906,0.3354020999995555
1,0,Guard(1200),exact,18,919,1458,59356,5023045,False,5.608919899999819,1.709625400000732,0.6279636999988725
1,0,Guard(1200),exact,19,121,147,59356,5023192,False,5.606998100000055,1.4818518000010954,0.03670149999925343
1,0,Guard(1200),exact,20,147,275,59356,5023467,False,5.936911000000691,1.63870820000011,0.07073820000005071
1,0,Guard(1200),exact,21,202,313,59356,5023780,False,5.610309600000619,1.421009599998797,0.07514199999968696
1,0,Guard(1200),exact,22,234,459,59356,5024239,False,5.854654500000834,1.7366749999982858,0.12222340000153054
1,0,Guard(1200),exact,23,141,211,59356,5024450,False,5.7381411000005755,1.5219182000000728,0.053764300000693765
1,0,Guard(1200),exact,24,19,32,59356,5024482,False,5.704178600000887,1.6781501999994362,0.013022999999520835
1,0,Guard(1200),exact,25,0,0,59356,5024482,True,5.399463399999149,1.4195262000012008,0.0
1,0,Aging(600),exact,1,58985,2181665,58985,2181665,False,2.9847368000009737,4.780774900000324,5.424202899999727
1,0,Aging(600),exact,2,26842,72679,59782,2254344,False,2.9300484000013967,3.3027028999986214,2.371331600001213
1,0,Aging(600),exact,3,6703,10674,59846,2265018,False,3.089341799999602,1.8235995000013645,0.715887999998813
1,0,Aging(600),exact,4,1714,2347,59857,2267365,False,2.8772973000013735,1.4630103999988933,0.3438088000002608
1,0,Aging(600),exact,5,250,283,59857,2267648,False,2.9463606999997864,1.3333290999999008,0.07731720000083442
1,0,Aging(600),exact,6,69,73,59857,2267721,False,2.9745037000011507,1.3025461999986874,0.02782680000018445
1,0,Aging(600),exact,7,25,27,59857,2267748,False,3.08084880000024,1.304948000000877,0.010058899999421556
1,0,Aging(600),exact,8,0,0,59857,2267748,True,3.1124085999999807,1.338264199999685,0.0
1,0,Guard(600),exact_other_class_withheld,1,58366,2248044,58366,2248044,False,5.810304200000246,5.921329400000104,18.183850899999015
1,0,Guard(600),exact_other_class_withheld,2,31296,830496,59251,3078540,False,5.726073899999392,4.650059199999305,15.254935300001307
1,0,Guard(600),exact_other_class_withheld,3,23748,540632,59393,3619172,False,5.84222839999893,3.6062808000006044,12.857478699999774
1,0,Guard(600),exact_other_class_withheld,4,20231,359102,59407,3978274,False,5.652981699999145,3.431678800001464,12.580224199999066
1,0,Guard(600),exact_other_class_withheld,5,17148,216753,59418,4195027,False,5.977889600000708,3.498322499999631,10.80448129999968
1,0,Guard(600),exact_other_class_withheld,6,13786,126659,59421,4321686,False,6.2850021999984165,2.954628600000433,10.011985200000709
1,0,Guard(600),exact_other_class_withheld,7,9682,57649,59421,4379335,False,5.743299800000386,3.183356999999887,7.006181099999594
1,0,Guard(600),exact_other_class_withheld,8,7493,26093,59421,4405428,False,5.714081600001009,2.5383373000004212,5.4570404999994935
1,0,Guard(600),exact_other_class_withheld,9,6914,33220,59421,4438648,False,5.796850299999278,2.3988681999999244,5.377146700000594
1,0,Guard(600),exact_other_class_withheld,10,4048,20340,59421,4458988,False,5.8453075000015815,2.137277299998459,2.939987400000973
1,0,Guard(600),exact_other_class_withheld,11,3612,14983,59421,4473971,False,5.77966220000053,2.042008200000055,3.2175262000000657
1,0,Guard(600),exact_other_class_withheld,12,3215,12714,59421,4486685,False,5.9190195000010135,1.8878556999989087,2.434528700001465
1,0,Guard(600),exact_other_class_withheld,13,2064,7033,59421,4493718,False,5.793019099999583,1.8392378999997163,1.4698613000000478
1,0,Guard(600),exact_other_class_withheld,14,565,1469,59421,4495187,False,5.842447200000606,1.9446919999991223,0.5374718000002758
1,0,Guard(600),exact_other_class_withheld,15,651,839,59421,4496026,False,5.533336300000883,1.7743374000001495,0.4702106000004278
1,0,Guard(600),exact_other_class_withheld,16,429,689,59421,4496715,False,5.6275126000000455,1.6695300999999745,0.344844600000215
1,0,Guard(600),exact_other_class_withheld,17,298,1567,59421,4498282,False,5.992761200001041,1.594752499999231,0.25872200000048906
1,0,Guard(600),exact_other_class_withheld,18,314,494,59421,4498776,False,6.12034279999898,1.567792100000588,0.2940620999997918
1,0,Guard(600),exact_other_class_withheld,19,254,1248,59421,4500024,False,6.017970799999603,1.4574432999997953,0.20545190000120783
1,0,Guard(600),exact_other_class_withheld,20,104,206,59421,4500230,False,5.668667199999618,1.4339735000012297,0.09845529999984137
1,0,Guard(600),exact_other_class_withheld,21,57,98,59421,4500328,False,5.797557300000335,1.54147009999906,0.05146790000071633
1,0,Guard(600),exact_other_class_withheld,22,31,35,59421,4500363,False,5.9832901999998285,1.6237913000004482,0.0318399000007048
1,0,Guard(600),exact_other_class_withheld,23,11,11,59421,4500374,False,5.898606500000824,1.4735058000005665,0.010833899999852292
1,0,Guard(600),exact_other_class_withheld,24,0,0,59421,4500374,True,5.695929899999101,1.37870010000006,0.0
1,1,SPJF-E,exact,1,127535,6458884,127535,6458884,False,2.6532358000004024,8.276995799998986,13.662513799999942
1,1,SPJF-E,exact,2,69037,2387144,132877,8846028,False,2.8761878999994224,8.237380399999893,14.239758100000472
1,1,SPJF-E,exact,3,48736,1052026,134260,9898054,False,2.649313699999766,6.201970200001597,11.522152199999255
1,1,SPJF-E,exact,4,35598,486335,134703,10384389,False,2.650490699999864,6.311254899999767,9.367130399999951
1,1,SPJF-E,exact,5,27710,282780,134786,10667169,False,2.7775053000004846,5.080489199999647,7.750502200000483
1,1,SPJF-E,exact,6,17784,130678,134831,10797847,False,2.975964600000225,4.3033820999989985,5.518903199999841
1,1,SPJF-E,exact,7,11500,55109,134856,10852956,False,2.714575699999841,3.558348799999294,3.6662016000009316
1,1,SPJF-E,exact,8,6038,31018,134876,10883974,False,2.7336832999990293,2.645295400001487,1.6246051999987685
1,1,SPJF-E,exact,9,3251,21466,134879,10905440,False,2.7844289999993634,2.6142904000007547,0.9366991999995662
1,1,SPJF-E,exact,10,2108,9293,134880,10914733,False,2.8050715000008495,2.345165000000634,0.6155607999990025
1,1,SPJF-E,exact,11,968,1263,134881,10915996,False,2.756071800000427,2.05399159999979,0.2674048999997467
1,1,SPJF-E,exact,12,414,526,134881,10916522,False,2.849677000000156,1.9698493999985658,0.11025730000073963
1,1,SPJF-E,exact,13,112,141,134881,10916663,False,2.86192519999895,2.0477991999996448,0.03199339999991935
1,1,SPJF-E,exact,14,87,90,134881,10916753,False,2.852825900001335,2.020855599999777,0.036421799999516224
1,1,SPJF-E,exact,15,8,8,134881,10916761,False,2.873189599999023,2.0925084999998944,0.015084700000443263
1,1,SPJF-E,exact,16,18,28,134881,10916789,False,2.959823499999402,2.335911699999997,0.01628309999978228
1,1,SPJF-E,exact,17,23,37,134881,10916826,False,2.8316909999994095,1.8831138999994437,0.014585599999918486
1,1,SPJF-E,exact,18,10,11,134881,10916837,False,2.857326199999079,1.816532200000438,0.007900800001152675
1,1,SPJF-E,exact,19,0,0,134881,10916837,True,2.7668655999987095,1.919030400000338,0.0
1,1,Guard(300),exact,1,128732,6550209,128732,6550209,False,5.4971380999995745,7.862539499999912,16.65709659999993
1,1,Guard(300),exact,2,70090,1817682,134960,8367891,False,5.432428799998888,6.561798100001397,13.01428339999984
1,1,Guard(300),exact,3,48961,570730,136414,8938621,False,5.456023499998992,6.332453799999712,10.521337100000892
1,1,Guard(300),exact,4,34216,309842,136726,9248463,False,5.631887800000186,5.067516799999794,7.901302199999918
1,1,Guard(300),exact,5,24342,134111,136851,9382574,False,5.716392700000142,4.712509999999384,5.640313600000809
1,1,Guard(300),exact,6,13691,41920,136919,9424494,False,5.643665999999939,3.0655602000006184,3.445247300000119
1,1,Guard(300),exact,7,9791,22920,136939,9447414,False,5.516626600001473,2.731343499999639,2.3430097000000387
1,1,Guard(300),exact,8,6229,16046,136980,9463460,False,5.460818800000197,2.384985400000005,1.398727300000246
1,1,Guard(300),exact,9,3093,7173,137007,9470633,False,5.305315800000244,2.0677976999995735,0.6895789999998669
1,1,Guard(300),exact,10,1709,4884,137022,9475517,False,5.479962200000955,1.956962599999315,0.43991640000058396
1,1,Guard(300),exact,11,577,954,137025,9476471,False,5.496880200000305,1.759486900000411,0.16583239999999932
1,1,Guard(300),exact,12,251,358,137026,9476829,False,5.599255000000994,1.7487187999995513,0.05789310000000114
1,1,Guard(300),exact,13,277,318,137037,9477147,False,5.483025599998655,1.716066500001034,0.07039160000022093
1,1,Guard(300),exact,14,88,149,137037,9477296,False,5.507647200000065,1.7680057999987184,0.02634779999971215
1,1,Guard(300),exact,15,16,18,137037,9477314,False,5.329621600001701,1.7158668999982183,0.011410700000851648
1,1,Guard(300),exact,16,11,12,137037,9477326,False,5.331394200000432,1.7149793000007776,0.009758500000316417
1,1,Guard(300),exact,17,0,0,137037,9477326,True,5.270563399999446,1.6502264000009745,0.0
1,1,Guard(600),exact,1,127702,6475086,127702,6475086,False,5.438753200000065,8.071010300000125,15.5945212000006
1,1,Guard(600),exact,2,69113,2344467,133154,8819553,False,5.4333638999996765,7.458705799999734,13.510404200000266
1,1,Guard(600),exact,3,48986,959485,134870,9779038,False,6.223363300001438,6.723807799999122,11.839867400000003
1,1,Guard(600),exact,4,35963,469231,135367,10248269,False,5.632657600001039,5.70178610000039,9.575560699999187
1,1,Guard(600),exact,5,27709,277827,135482,10526096,False,5.601350799999636,5.613049899999169,7.448281100001623
1,1,Guard(600),exact,6,17655,115164,135533,10641260,False,5.577319800000623,4.142795699999624,5.055641500001002
1,1,Guard(600),exact,7,12315,53167,135552,10694427,False,5.599066999999195,3.390647300000637,3.2892737000001944
1,1,Guard(600),exact,8,6786,33055,135563,10727482,False,5.426368899999943,2.6783618000008573,1.751204799998959
1,1,Guard(600),exact,9,3668,19419,135568,10746901,False,5.471441899999263,2.156261699999959,1.0817666000002646
1,1,Guard(600),exact,10,2032,9789,135569,10756690,False,5.464870600000722,2.3313945999998396,1.185011100000338
1,1,Guard(600),exact,11,1054,2723,135570,10759413,False,5.507202200000393,2.03227539999898,0.3278497999999672
1,1,Guard(600),exact,12,507,737,135570,10760150,False,5.441948699999557,1.948286000000735,0.13840410000011616
1,1,Guard(600),exact,13,166,175,135570,10760325,False,5.429799399998956,1.9116110000013578,0.04371029999856546
1,1,Guard(600),exact,14,107,114,135570,10760439,False,5.571624300000622,1.8982993999998143,0.03540369999973336
1,1,Guard(600),exact,15,4,5,135570,10760444,False,5.644939200001318,1.9242716999997356,0.008764099999098107
1,1,Guard(600),exact,16,1,1,135570,10760445,False,5.382224799999676,1.9296686999987287,0.007620100001076935
1,1,Guard(600),exact,17,0,0,135570,10760445,True,5.574793800000407,1.8146068999994895,0.0
1,1,Guard(1200),exact,1,127868,6461020,127868,6461020,False,5.727186000000074,8.12919409999995,15.934833799999979
1,1,Guard(1200),exact,2,68942,2394236,133081,8855256,False,5.618770400000358,7.291585799999666,13.006192799999553
1,1,Guard(1200),exact,3,48736,1054718,134593,9909974,False,5.5220898000006855,6.225623500000438,10.920504899999287
1,1,Guard(1200),exact,4,34986,506304,134881,10416278,False,5.301945999999589,5.461545000000115,9.120976899999732
1,1,Guard(1200),exact,5,28041,283902,134970,10700180,False,5.538429200001701,5.525134799998341,8.270707200001198
1,1,Guard(1200),exact,6,19498,159286,135003,10859466,False,5.497868399999788,4.4511174999988725,5.660688600000867
1,1,Guard(1200),exact,7,13176,78382,135036,10937848,False,5.644199300000764,3.6787560999982816,3.7052720000010595
1,1,Guard(1200),exact,8,5587,16415,135044,10954263,False,5.561189000000013,2.4225507999999536,1.4300354999995761
1,1,Guard(1200),exact,9,2454,3836,135044,10958099,False,5.598023300000932,2.0938401999992493,0.685258800000156
1,1,Guard(1200),exact,10,1081,1839,135046,10959938,False,5.6128220000009605,1.9755248999990727,0.2676876000004995
1,1,Guard(1200),exact,11,687,1220,135047,10961158,False,5.61101840000083,1.7627506000007997,0.14672719999907713
1,1,Guard(1200),exact,12,517,604,135047,10961762,False,5.1040823000003,1.7665720000004512,0.12208789999931469
1,1,Guard(1200),exact,13,319,353,135047,10962115,False,5.316188899998451,1.849915200000396,0.09097149999979592
1,1,Guard(1200),exact,14,88,88,135047,10962203,False,5.3302548000010574,1.6581619999997201,0.02729199999885168
1,1,Guard(1200),exact,15,13,13,135047,10962216,False,5.314448200000697,1.7303979999996955,0.010365100000854
1,1,Guard(1200),exact,16,2,2,135047,10962218,False,5.272560900000826,1.6664381999999023,0.006810099999711383
1,1,Guard(1200),exact,17,0,0,135047,10962218,True,5.307192099999156,1.6512316000007559,0.0
1,1,Aging(600),exact,1,136929,6280387,136929,6280387,False,2.6278000000002066,7.617107699999906,11.76822220000031
1,1,Aging(600),exact,2,58137,164718,141803,6445105,False,2.6471111999999266,5.772729700000127,5.748369499999171
1,1,Aging(600),exact,3,14528,24474,142305,6469579,False,2.608760400000392,2.3432918999988033,1.7620593000010558
1,1,Aging(600),exact,4,4334,11969,142506,6481548,False,2.673843999999008,1.7242409999998927,0.5844359000002441
1,1,Aging(600),exact,5,1294,2237,142574,6483785,False,2.689098800001375,1.4469700999998167,0.19652019999921322
1,1,Aging(600),exact,6,311,391,142581,6484176,False,2.663352499999746,1.3006283000013354,0.07841729999927338
1,1,Aging(600),exact,7,52,81,142581,6484257,False,2.6787687000014557,1.3621712999993179,0.016030200000386685
1,1,Aging(600),exact,8,1,2,142581,6484259,False,2.667614500000127,1.3278905999995914,0.006851400001323782
1,1,Aging(600),exact,9,0,0,142581,6484259,True,2.6730694999987463,1.3112971000009566,0.0
1,1,Guard(600),exact_other_class_withheld,1,127789,6457787,127789,6457787,False,5.22586119999869,7.75662900000134,33.86109579999902
1,1,Guard(600),exact_other_class_withheld,2,68919,2376359,133059,8834146,False,5.265794500000993,6.798844299999473,29.23493579999922
1,1,Guard(600),exact_other_class_withheld,3,48579,1011831,134776,9845977,False,5.147249499999816,5.914713500000289,25.243471099998715
1,1,Guard(600),exact_other_class_withheld,4,35967,458766,135292,10304743,False,5.160044700000071,5.34354539999913,19.46810750000077
1,1,Guard(600),exact_other_class_withheld,5,24796,206873,135392,10511616,False,5.22169059999942,4.698738799999774,13.641777200000433
1,1,Guard(600),exact_other_class_withheld,6,17983,95001,135417,10606617,False,5.046139800000674,3.7866377999998804,9.698093900000458
1,1,Guard(600),exact_other_class_withheld,7,12562,60971,135425,10667588,False,5.242756100000406,3.105112299999746,7.041056699999899
1,1,Guard(600),exact_other_class_withheld,8,5351,33770,135427,10701358,False,5.274396499999057,2.383605400000306,3.098982600000454
1,1,Guard(600),exact_other_class_withheld,9,2778,9326,135427,10710684,False,5.243592200000421,1.9822547999992821,1.6291204000008292
1,1,Guard(600),exact_other_class_withheld,10,1158,2487,135428,10713171,False,5.405980399998953,1.7526799000006577,0.6384121999999479
1,1,Guard(600),exact_other_class_withheld,11,274,321,135429,10713492,False,5.445325799999409,1.6911584000008588,0.1520576999992045
1,1,Guard(600),exact_other_class_withheld,12,340,349,135429,10713841,False,5.2835959999993065,1.7645852000005107,0.2107132000001002
1,1,Guard(600),exact_other_class_withheld,13,80,86,135429,10713927,False,5.103858899999977,1.7192197999993368,0.05535330000020622
1,1,Guard(600),exact_other_class_withheld,14,225,234,135429,10714161,False,5.128244300000006,1.6343657999987045,0.1252364000010857
1,1,Guard(600),exact_other_class_withheld,15,43,61,135429,10714222,False,5.226601200000005,1.6475833000004059,0.037461699999767006
1,1,Guard(600),exact_other_class_withheld,16,52,72,135429,10714294,False,5.0488728000000265,1.6074726000006194,0.055910399998538196
1,1,Guard(600),exact_other_class_withheld,17,36,50,135429,10714344,False,5.053743500000564,1.6052340000005643,0.033699699999488075
1,1,Guard(600),exact_other_class_withheld,18,0,0,135429,10714344,True,5.272804499998529,1.58252739999989,0.0
1,2,SPJF-E,exact,1,177642,9596114,177642,9596114,False,2.861176299998988,11.376615400000446,15.369502800000191
1,2,SPJF-E,exact,2,88731,3345778,190362,12941892,False,2.745687900000121,9.313885699999446,14.966326200001276
1,2,SPJF-E,exact,3,59122,1489273,194569,14431165,False,2.6773861999990913,8.163911999999982,13.073108100001264
1,2,SPJF-E,exact,4,44183,802609,195850,15233774,False,2.7639240000007703,7.6889007999998285,11.963531899998998
1,2,SPJF-E,exact,5,33607,346486,196828,15580260,False,2.7970032000011997,6.638745399999607,10.064138400000957
1,2,SPJF-E,exact,6,17614,93108,197293,15673368,False,2.86576740000055,4.7039858999996795,5.193698200000654
1,2,SPJF-E,exact,7,10071,69831,197369,15743199,False,2.8594615000001795,3.6514822999997705,3.3524066999998468
1,2,SPJF-E,exact,8,6482,54829,197423,15798028,False,2.9465937000004487,3.431468799999493,2.2529520000007324
1,2,SPJF-E,exact,9,3744,17076,197428,15815104,False,3.0141382999991038,3.589807700000165,1.1310933000004297
1,2,SPJF-E,exact,10,2519,11399,197430,15826503,False,2.8867434000003414,2.808417599999302,0.7914244000003237
1,2,SPJF-E,exact,11,1468,4454,197430,15830957,False,2.833018899998933,2.4939893999999185,0.5140547999999399
1,2,SPJF-E,exact,12,775,2863,197430,15833820,False,2.852888300001723,2.3324579000000085,0.24278269999922486
1,2,SPJF-E,exact,13,624,1129,197431,15834949,False,2.84091029999945,2.3395581999993738,0.22210980000090785
1,2,SPJF-E,exact,14,256,631,197431,15835580,False,2.796331999999893,2.247438799999145,0.0741386000008788
1,2,SPJF-E,exact,15,91,158,197431,15835738,False,2.865272400000322,2.2453014999991865,0.042444000000614324
1,2,SPJF-E,exact,16,71,94,197431,15835832,False,2.7903081999993447,2.249787599999763,0.030240100000810344
1,2,SPJF-E,exact,17,5,7,197431,15835839,False,2.809842099999514,2.34855349999998,0.011378100000001723
1,2,SPJF-E,exact,18,0,0,197431,15835839,True,2.8596830000005866,2.297395300000062,0.0
1,2,Guard(300),exact,1,190738,10058285,190738,10058285,False,5.275100000000748,10.602173200000834,21.605435499999658
1,2,Guard(300),exact,2,95418,2408548,206834,12466833,False,5.387129899998399,8.281395400001202,16.686287999998967
1,2,Guard(300),exact,3,58614,807874,210962,13274707,False,5.398239199999807,7.0075527999997576,12.292593199999828
1,2,Guard(300),exact,4,37820,321729,212097,13596436,False,5.398327400000198,5.739842899998621,8.631696000000375
1,2,Guard(300),exact,5,23508,136975,212261,13733411,False,5.556614299999637,5.067850500001441,5.480127099999663
1,2,Guard(300),exact,6,12230,63893,212266,13797304,False,5.511279599999398,3.427997400000095,2.9337529000003997
1,2,Guard(300),exact,7,6271,33110,212324,13830414,False,5.237297300000137,2.786855000000287,1.523604299998624
1,2,Guard(300),exact,8,3139,16081,212339,13846495,False,5.075038599999971,2.3744564000007813,0.7929631999995763
1,2,Guard(300),exact,9,1912,15527,212344,13862022,False,5.455814300001293,2.2561685999990004,0.5275655999994342
1,2,Guard(300),exact,10,1188,11282,212351,13873304,False,5.175174599999082,2.1510250000010274,0.3336675999998988
1,2,Guard(300),exact,11,501,1505,212361,13874809,False,5.199097300001085,2.177139499999612,0.1297471999987465
1,2,Guard(300),exact,12,65,170,212361,13874979,False,5.533527800000229,2.127105700001266,0.027019699999073055
1,2,Guard(300),exact,13,4,4,212365,13874983,False,5.185868300000948,2.1926735999986704,0.010228400000414695
1,2,Guard(300),exact,14,0,0,212365,13874983,True,5.183375399999932,2.0297128000001976,0.0
1,2,Guard(600),exact,1,181982,9712263,181982,9712263,False,5.263281300000017,10.626673200000369,20.128220900000088
1,2,Guard(600),exact,2,90590,3278893,195142,12991156,False,5.755267099999401,8.87791230000039,17.234619500000917
1,2,Guard(600),exact,3,59676,1403137,199388,14394293,False,5.432211499999539,7.6467587999995885,12.649167400000806
1,2,Guard(600),exact,4,44372,766918,201392,15161211,False,5.807706900000994,6.677007000000231,11.0098409000002
1,2,Guard(600),exact,5,31308,324828,202131,15486039,False,5.378956000000471,5.77038790000006,7.91064759999972
1,2,Guard(600),exact,6,17013,108549,202400,15594588,False,5.444974500000171,4.587167099998624,4.59840450000047
1,2,Guard(600),exact,7,10395,71972,202582,15666560,False,5.543428400000266,3.6426781000009214,3.37270239999998
1,2,Guard(600),exact,8,6798,36230,202610,15702790,False,5.478244899999481,3.1554393999995227,1.9658245999999053
1,2,Guard(600),exact,9,3326,13081,202624,15715871,False,5.42459510000117,2.732361700000183,0.9986048999999184
1,2,Guard(600),exact,10,2651,11669,202629,15727540,False,5.193097100000159,2.7067619999997987,0.9313566000000719
1,2,Guard(600),exact,11,1479,4640,202634,15732180,False,5.3765533000005234,2.4705981999995856,0.5238724000009825
1,2,Guard(600),exact,12,710,2499,202634,15734679,False,5.466251900001225,2.3909642999988137,0.2526637999999366
1,2,Guard(600),exact,13,523,846,202634,15735525,False,5.649143500000719,2.315375399999539,0.17534859999977925
1,2,Guard(600),exact,14,137,302,202634,15735827,False,5.405374600000869,2.345721499999854,0.05381660000057309
1,2,Guard(600),exact,15,92,179,202634,15736006,False,5.707647500001258,2.277009099998395,0.05089180000140914
1,2,Guard(600),exact,16,156,204,202634,15736210,False,5.49627800000053,2.2954374000000826,0.06879870000011579
1,2,Guard(600),exact,17,18,19,202634,15736229,False,5.4377475999990565,2.263251099999252,0.01726080000116781
1,2,Guard(600),exact,18,0,0,202634,15736229,True,5.613923900000373,2.2801061000009213,0.0
1,2,Guard(1200),exact,1,180220,9759501,180220,9759501,False,5.272177900000315,10.746940600000016,20.072234199999002
1,2,Guard(1200),exact,2,90888,3359179,194401,13118680,False,5.347932100001344,9.195075999999972,14.741582999999082
1,2,Guard(1200),exact,3,60193,1494693,199394,14613373,False,5.577860699999292,7.568183400000635,12.836752799999886
1,2,Guard(1200),exact,4,45851,790553,201015,15403926,False,5.526267900000676,7.396447899998748,11.859648200001175
1,2,Guard(1200),exact,5,29945,305506,202152,15709432,False,5.324800600001254,5.130758299999798,7.6849776999988535
1,2,Guard(1200),exact,6,17299,137945,202470,15847377,False,5.387912100000904,4.146236999999019,4.471472100000028
1,2,Guard(1200),exact,7,10883,64635,202531,15912012,False,5.2330207000013615,3.443848999999318,2.912704799999119
1,2,Guard(1200),exact,8,6884,37300,202542,15949312,False,5.095496199999616,3.0402420000009442,2.537865399999646
1,2,Guard(1200),exact,9,3208,13709,202554,15963021,False,5.10520969999925,2.5828142999998818,0.8538879000007
1,2,Guard(1200),exact,10,2042,6251,202559,15969272,False,4.920348199999353,2.4467616000001726,0.5613632000004145
1,2,Guard(1200),exact,11,941,2785,202559,15972057,False,5.087793099999544,2.2468542999995407,0.2695112000001245
1,2,Guard(1200),exact,12,851,2014,202559,15974071,False,4.912705799999458,2.2922342000001663,0.23956670000006852
1,2,Guard(1200),exact,13,633,2359,202559,15976430,False,5.1390988000002835,2.2303554999998596,0.18008240000017395
1,2,Guard(1200),exact,14,347,1270,202559,15977700,False,5.103325800000675,2.1185335999998642,0.11271669999950973
1,2,Guard(1200),exact,15,258,1051,202559,15978751,False,5.139818999999989,2.1702865999995993,0.0889208000007784
1,2,Guard(1200),exact,16,116,257,202559,15979008,False,5.295685500001127,2.12120909999976,0.05729729999984556
1,2,Guard(1200),exact,17,12,23,202559,15979031,False,5.2238486999995075,2.198683999999048,0.01264660000015283
1,2,Guard(1200),exact,18,0,0,202559,15979031,True,5.266652199999953,2.1050051000001986,0.0
1,2,Aging(600),exact,1,222365,9626639,222365,9626639,False,2.740931599999385,10.921672700000272,18.42878589999964
1,2,Aging(600),exact,2,73041,290133,231138,9916772,False,2.724444899999071,7.054562799999985,6.719467700000678
1,2,Aging(600),exact,3,16793,42134,232484,9958906,False,2.7069324999993114,2.686974000000191,1.626472100000683
1,2,Aging(600),exact,4,3011,3990,233057,9962896,False,2.7172071000004507,1.91156939999928,0.33633540000118956
1,2,Aging(600),exact,5,586,746,233194,9963642,False,2.7011646000009932,1.6676786999996693,0.07071469999937108
1,2,Aging(600),exact,6,327,458,233228,9964100,False,2.6742448000004515,1.682034699999349,0.041091499999311054
1,2,Aging(600),exact,7,4,4,233228,9964104,False,2.663329500001055,1.6528805999987526,0.014276900001277681
1,2,Aging(600),exact,8,0,0,233228,9964104,True,2.648416300000463,1.5972132999995665,0.0
1,2,Guard(600),exact_other_class_withheld,1,182066,9737335,182066,9737335,False,5.2069972999997844,9.829244800001106,44.60812989999977
1,2,Guard(600),exact_other_class_withheld,2,90828,3118121,195278,12855456,False,5.241098600001351,8.43742629999906,33.22806260000107
1,2,Guard(600),exact_other_class_withheld,3,59482,1461755,199551,14317211,False,5.063365899999553,6.553255599999829,26.353020399999878
1,2,Guard(600),exact_other_class_withheld,4,44813,676031,201584,14993242,False,5.2607263999998395,6.712588399999731,22.204445900000792
1,2,Guard(600),exact_other_class_withheld,5,29741,357322,202373,15350564,False,4.881484700001238,5.1979928000000655,15.548995999999534
1,2,Guard(600),exact_other_class_withheld,6,17571,185274,202579,15535838,False,5.177338699999382,3.9629228000012517,9.64243069999975
1,2,Guard(600),exact_other_class_withheld,7,12144,96849,202661,15632687,False,5.018496300001061,3.3304729999999836,7.385596299998724
1,2,Guard(600),exact_other_class_withheld,8,6501,43559,202689,15676246,False,5.165449699999954,2.8772508000001835,3.6229421999996703
1,2,Guard(600),exact_other_class_withheld,9,3875,33081,202693,15709327,False,4.872069200000624,2.4629525000000285,2.3381759000003512
1,2,Guard(600),exact_other_class_withheld,10,2598,17171,202702,15726498,False,5.104335599999104,2.4395352999999886,1.5537234000003082
1,2,Guard(600),exact_other_class_withheld,11,2464,11482,202722,15737980,False,4.896371699998781,2.3551668000000063,1.4655679000006785
1,2,Guard(600),exact_other_class_withheld,12,1901,6525,202749,15744505,False,5.327108999999837,2.2529735999996774,1.183828100000028
1,2,Guard(600),exact_other_class_withheld,13,776,1680,202783,15746185,False,5.294356399999742,2.128078599998844,0.45261850000133563
1,2,Guard(600),exact_other_class_withheld,14,307,775,202785,15746960,False,5.373582300000635,1.9934878000003664,0.19267840000065917
1,2,Guard(600),exact_other_class_withheld,15,47,106,202786,15747066,False,5.22414359999857,2.03562200000124,0.03520659999958298
1,2,Guard(600),exact_other_class_withheld,16,18,23,202786,15747089,False,5.214873900000384,2.042300199998863,0.018734500001301058
1,2,Guard(600),exact_other_class_withheld,17,1,1,202786,15747090,False,5.331081500000437,2.044002599999658,0.009940599999026745
1,2,Guard(600),exact_other_class_withheld,18,0,0,202786,15747090,True,4.959621500000139,1.9805250999997952,0.0
2,0,SPJF-E,exact,1,59754,2961990,59754,2961990,False,2.5302652999998827,4.338076599999113,5.348480300001029
2,0,SPJF-E,exact,2,32188,1139891,60826,4101881,False,2.5924978999992163,3.7264299000016763,6.1852339999986725
2,0,SPJF-E,exact,3,22937,767343,61005,4869224,False,2.5222238000005746,3.0384763999991264,4.923273399999744
2,0,SPJF-E,exact,4,18688,377420,61066,5246644,False,2.4943604999989475,3.1872622999999294,4.579678400001285
2,0,SPJF-E,exact,5,14818,210159,61076,5456803,False,2.50468120000005,2.7502968999997393,3.728386499999033
2,0,SPJF-E,exact,6,11589,151482,61090,5608285,False,2.499699199999668,2.5020824000002904,3.1830577999990055
2,0,SPJF-E,exact,7,7637,61683,61113,5669968,False,2.4971734000009747,2.1781672999986768,2.0337536000006367
2,0,SPJF-E,exact,8,4456,19004,61113,5688972,False,2.5699146000006294,1.8120539000010467,1.2420273999996425
2,0,SPJF-E,exact,9,2911,26322,61113,5715294,False,2.549720900000466,1.642812899999626,0.870399900000848
2,0,SPJF-E,exact,10,2317,7052,61114,5722346,False,2.582873199999085,1.5696743999997125,0.6835073000002012
2,0,SPJF-E,exact,11,399,653,61114,5722999,False,2.5311891000001197,1.356936800000767,0.12267199999951117
2,0,SPJF-E,exact,12,90,133,61114,5723132,False,2.541349799999807,1.246036099999401,0.0292754000001878
2,0,SPJF-E,exact,13,10,10,61114,5723142,False,2.538804699999673,1.2451653000007354,0.006366699999489356
2,0,SPJF-E,exact,14,0,0,61114,5723142,True,2.5544511000007333,1.1666444999991654,0.0
2,0,Guard(300),exact,1,59794,2926403,59794,2926403,False,5.069245200000296,4.408992700000454,6.437495100000888
2,0,Guard(300),exact,2,32193,1011846,60863,3938249,False,4.984941799999433,3.4846789999992325,5.20159650000096
2,0,Guard(300),exact,3,22837,392285,61052,4330534,False,5.023628400000234,3.1642623000007006,3.366183899999669
2,0,Guard(300),exact,4,18510,255217,61096,4585751,False,5.0100438999998005,2.7937762000001385,3.2919347000006383
2,0,Guard(300),exact,5,13750,91394,61124,4677145,False,4.9650572999998985,2.5581081000000268,2.7416558000004443
2,0,Guard(300),exact,6,8482,48196,61125,4725341,False,5.188666799998828,1.9013770000001387,1.8192933999998786
2,0,Guard(300),exact,7,4623,15466,61127,4740807,False,5.247466400000121,1.5782665999995515,1.0528474000002461
2,0,Guard(300),exact,8,2472,6993,61127,4747800,False,5.159277900000234,1.343939500000488,0.5584696999994776
2,0,Guard(300),exact,9,959,1965,61127,4749765,False,5.123942599999282,1.2921402000010858,0.24162989999967976
2,0,Guard(300),exact,10,814,867,61127,4750632,False,5.019748800001253,1.2570961999990686,0.15515760000016598
2,0,Guard(300),exact,11,505,1756,61127,4752388,False,5.226074600001084,1.1786421999986487,0.1251284999998461
2,0,Guard(300),exact,12,447,708,61127,4753096,False,5.097758199999589,1.2332767000007152,0.12316359999931592
2,0,Guard(300),exact,13,33,37,61127,4753133,False,5.131112100001701,1.1339672999984032,0.008951499999966472
2,0,Guard(300),exact,14,0,0,61127,4753133,True,5.191568700000062,1.0734879999999976,0.0
2,0,Guard(600),exact,1,59748,2961503,59748,2961503,False,5.12709360000008,4.157445900000312,2.9517342999988614
2,0,Guard(600),exact,2,32191,1129474,60823,4090977,False,5.194354299999759,3.5061375999994198,4.1678200000005745
2,0,Guard(600),exact,3,22946,731801,61011,4822778,False,5.273351300000286,3.202500900000814,4.942720799999734
2,0,Guard(600),exact,4,18674,350433,61062,5173211,False,4.879749700001412,2.7479303999989497,4.35133180000048
2,0,Guard(600),exact,5,14840,209244,61086,5382455,False,5.016248500000074,2.868755900000906,3.6907351999998355
2,0,Guard(600),exact,6,11989,157264,61114,5539719,False,5.024043999999776,2.542134999999689,3.3733544000006077
2,0,Guard(600),exact,7,7850,70413,61117,5610132,False,5.069713900000352,2.1471898999989207,2.0782174000014493
2,0,Guard(600),exact,8,4987,25215,61120,5635347,False,5.0635015000007115,1.7977697999995144,1.415531500000725
2,0,Guard(600),exact,9,2684,20665,61120,5656012,False,5.294688300000416,1.6014269999996031,0.8672587999990355
2,0,Guard(600),exact,10,2033,5470,61121,5661482,False,5.119831300000442,1.4776689000009355,0.606184199999916
2,0,Guard(600),exact,11,218,584,61121,5662066,False,5.059299999998984,1.2521682000005967,0.06253909999941243
2,0,Guard(600),exact,12,31,32,61121,5662098,False,5.02826610000011,1.2388943000005384,0.010175399998843204
2,0,Guard(600),exact,13,0,0,61121,5662098,True,5.090371000000232,1.195601199999146,0.0
2,0,Guard(1200),exact,1,59764,2962654,59764,2962654,False,5.261664499999824,4.310704299999998,6.542456200000743
2,0,Guard(1200),exact,2,32194,1141176,60842,4103830,False,5.038576699998885,3.501235200001247,5.4118202999998175
2,0,Guard(1200),exact,3,22931,761083,61016,4864913,False,4.951753700001063,3.1672969999999623,2.585896099999445
2,0,Guard(1200),exact,4,18682,375592,61069,5240505,False,5.104369099999531,3.137898100001621,2.6671068999985437
2,0,Guard(1200),exact,5,14809,214866,61091,5455371,False,5.162162399999943,2.797770600000149,2.655050900000788
2,0,Guard(1200),exact,6,11894,154251,61113,5609622,False,5.271161000000575,2.45823769999879,2.3381389000005584
2,0,Guard(1200),exact,7,7801,62911,61117,5672533,False,4.926399300000412,2.289662099999987,1.8160083999991912
2,0,Guard(1200),exact,8,4438,27338,61117,5699871,False,4.998370900000737,1.803381100000479,1.1481628000001365
2,0,Guard(1200),exact,9,2559,29964,61118,5729835,False,4.982165299999906,1.5915153000005375,0.7383425999996689
2,0,Guard(1200),exact,10,1685,6071,61118,5735906,False,4.911636599999838,1.5846598000007361,0.48803849999967497
2,0,Guard(1200),exact,11,501,1079,61118,5736985,False,4.9498650000005,1.337652700000035,0.1424432000003435
2,0,Guard(1200),exact,12,321,823,61118,5737808,False,4.970585499999288,1.311547299999802,0.0866569999998319
2,0,Guard(1200),exact,13,230,387,61118,5738195,False,4.755338599999959,1.2243457000004128,0.0653201999994053
2,0,Guard(1200),exact,14,192,402,61118,5738597,False,4.728820799999085,1.2526646000005712,0.0700392999988253
2,0,Guard(1200),exact,15,21,64,61118,5738661,False,4.796729799998502,1.2363211000010779,0.011222099999940838
2,0,Guard(1200),exact,16,0,0,61118,5738661,True,4.805698300000586,1.1799945999991905,0.0
2,0,Aging(600),exact,1,60643,2794082,60643,2794082,False,2.5019916000001103,4.4732602999993105,3.024732399999266
2,0,Aging(600),exact,2,28025,78692,61647,2872774,False,2.5777644000008877,2.969182799999544,2.8504883000005066
2,0,Aging(600),exact,3,7925,12865,61747,2885639,False,2.5939248999984557,1.5601759000001039,1.0093140999997559
2,0,Aging(600),exact,4,2180,3325,61763,2888964,False,2.602952799999912,1.2031896000007691,0.27160360000016226
2,0,Aging(600),exact,5,392,545,61764,2889509,False,2.631810700000642,1.027022099999158,0.07947820000117645
2,0,Aging(600),exact,6,56,64,61764,2889573,False,2.5949583999990864,1.0125255000002653,0.010721499998908257
2,0,Aging(600),exact,7,34,36,61764,2889609,False,2.629767799999172,1.0191243999997823,0.006709700001010788
2,0,Aging(600),exact,8,0,0,61764,2889609,True,2.64312179999979,0.9836152999996557,0.0
2,0,Guard(600),exact_other_class_withheld,1,59998,2921073,59998,2921073,False,4.912801700000273,4.3070963000009215,13.653523099999802
2,0,Guard(600),exact_other_class_withheld,2,32237,1111805,60955,4032878,False,5.224821100000554,3.428213899998809,12.743484900000112
2,0,Guard(600),exact_other_class_withheld,3,22833,624943,61132,4657821,False,5.0706575000003795,3.2370369999989634,10.919958899999983
2,0,Guard(600),exact_other_class_withheld,4,17970,345744,61164,5003565,False,5.078742300000158,2.7573472000003676,9.35929379999834
2,0,Guard(600),exact_other_class_withheld,5,13740,216458,61183,5220023,False,4.911774099999093,2.620669900001303,7.635207099998297
2,0,Guard(600),exact_other_class_withheld,6,11213,120498,61192,5340521,False,5.085457999999562,2.4684975999989547,6.461615300000631
2,0,Guard(600),exact_other_class_withheld,7,8225,87744,61195,5428265,False,4.888185200001317,2.2650118000001385,5.08877289999873
2,0,Guard(600),exact_other_class_withheld,8,3963,25512,61198,5453777,False,5.362483100001555,2.045624399999724,2.501936900000146
2,0,Guard(600),exact_other_class_withheld,9,3183,11343,61201,5465120,False,4.9140019999995275,1.6476961999997002,2.2035511000012775
2,0,Guard(600),exact_other_class_withheld,10,2699,7299,61201,5472419,False,5.057676899999933,1.6263275999990583,1.7543894999998884
2,0,Guard(600),exact_other_class_withheld,11,1985,3602,61201,5476021,False,5.209866099999999,1.505241400000159,1.3423672000008082
2,0,Guard(600),exact_other_class_withheld,12,212,463,61201,5476484,False,5.19600999999966,1.2974075999991328,0.15613760000087495
2,0,Guard(600),exact_other_class_withheld,13,42,135,61201,5476619,False,5.1551552999990236,1.3284834999994928,0.038374499999918044
2,0,Guard(600),exact_other_class_withheld,14,8,16,61201,5476635,False,5.199253700000554,1.2637187999989692,0.007774800000333926
2,0,Guard(600),exact_other_class_withheld,15,0,0,61201,5476635,True,4.99040579999928,1.1858714000009059,0.0
2,1,SPJF-E,exact,1,124183,7722933,124183,7722933,False,2.514207100000931,7.671849000000293,11.384154699999272
2,1,SPJF-E,exact,2,66328,2688571,128925,10411504,False,2.5878692000005685,6.498620600001232,11.050117099999625
2,1,SPJF-E,exact,3,46093,1282698,130120,11694202,False,2.5636461000012787,6.165841,9.529918199999884
2,1,SPJF-E,exact,4,35325,601198,130635,12295400,False,2.5098547999987204,5.488871499999732,8.875710500000423
2,1,SPJF-E,exact,5,25824,207159,130801,12502559,False,2.5592266999992717,4.765208099999654,7.140342100001362
2,1,SPJF-E,exact,6,14337,73695,130889,12576254,False,2.604317000001174,3.4696723999986716,3.5350190000008297
2,1,SPJF-E,exact,7,9733,57777,130930,12634031,False,2.5894256999999925,2.9912812000002305,2.4341994999995222
2,1,SPJF-E,exact,8,6377,37080,130959,12671111,False,2.611846700001479,2.515442500000063,1.616699799998969
2,1,SPJF-E,exact,9,3074,14613,130981,12685724,False,2.6128129000007903,2.173799500000314,0.7728535999995074
2,1,SPJF-E,exact,10,2427,12320,130998,12698044,False,2.5865021999998135,2.054723900000681,0.632073799999489
2,1,SPJF-E,exact,11,1531,4817,130998,12702861,False,2.6330904999995255,2.0019998000007035,0.3866658999995707
2,1,SPJF-E,exact,12,674,1436,130998,12704297,False,2.6313810999999987,1.9019650999998703,0.17629659999875003
2,1,SPJF-E,exact,13,480,513,130998,12704810,False,2.567462200000591,1.874473300000318,0.11302169999908074
2,1,SPJF-E,exact,14,17,17,130998,12704827,False,2.6022439999997005,1.8224660999985645,0.009287100001529325
2,1,SPJF-E,exact,15,0,0,130998,12704827,True,2.629390300000523,1.7780449000001681,0.0
2,1,Guard(300),exact,1,127379,7814974,127379,7814974,False,5.189422499999637,7.51001659999929,14.759622900000977
2,1,Guard(300),exact,2,68181,2095407,133015,9910381,False,4.937093100001221,6.856755099999646,11.43645540000034
2,1,Guard(300),exact,3,47342,595602,134649,10505983,False,5.0774294000002556,5.742374899999049,9.820930500000031
2,1,Guard(300),exact,4,32388,260821,134969,10766804,False,4.9987918000006175,4.6212933999995585,7.0517498000008345
2,1,Guard(300),exact,5,21011,135760,135198,10902564,False,4.988217800000712,3.8730259999992995,5.393832800000382
2,1,Guard(300),exact,6,10921,47603,135353,10950167,False,5.019249499999205,2.599086800000805,2.392177499999889
2,1,Guard(300),exact,7,7043,22286,135398,10972453,False,5.160886000001483,2.3034834999998566,1.5005377999987104
2,1,Guard(300),exact,8,4420,8760,135403,10981213,False,4.95522340000025,2.033418000000893,0.9224171999994724
2,1,Guard(300),exact,9,1109,2368,135403,10983581,False,5.063759000000573,1.6476335000006657,0.24180779999915103
2,1,Guard(300),exact,10,1703,4265,135412,10987846,False,5.090805700001511,1.71187849999842,0.3331880000005185
2,1,Guard(300),exact,11,474,1838,135413,10989684,False,4.95552570000109,1.6521088999998028,0.11942679999992833
2,1,Guard(300),exact,12,162,321,135413,10990005,False,5.000208699999348,1.6001491000006354,0.04434969999965688
2,1,Guard(300),exact,13,9,12,135413,10990017,False,5.112440900000365,1.6397845999999845,0.008346300000994233
2,1,Guard(300),exact,14,6,6,135413,10990023,False,5.548251500000333,1.7224815000008675,0.007482299999537645
2,1,Guard(300),exact,15,0,0,135413,10990023,True,4.905342399999427,1.6108657000004314,0.0
2,1,Guard(600),exact,1,124802,7737010,124802,7737010,False,4.956442799999422,7.452233900001374,13.81852280000021
2,1,Guard(600),exact,2,66871,2604886,129827,10341896,False,5.174213599999348,6.5562635000005685,11.460327499999039
2,1,Guard(600),exact,3,46567,1183850,131221,11525746,False,5.052933699998903,6.22581209999953,10.202895000000353
2,1,Guard(600),exact,4,35827,598514,131948,12124260,False,5.177738500000487,5.441040599998814,8.474906100000226
2,1,Guard(600),exact,5,26278,199471,132069,12323731,False,5.219188600000052,5.247979000001578,6.966714000000138
2,1,Guard(600),exact,6,14271,75602,132121,12399333,False,4.979079000000638,3.3841940999991493,3.6528536999994685
2,1,Guard(600),exact,7,9457,40159,132155,12439492,False,5.010132400000657,2.794904000000315,2.3746763999988616
2,1,Guard(600),exact,8,6741,30534,132183,12470026,False,4.870321899999908,2.614226300000155,1.8248676000002888
2,1,Guard(600),exact,9,3483,18975,132199,12489001,False,5.114184500000192,2.1756265999993047,0.8502294000008987
2,1,Guard(600),exact,10,2513,15688,132204,12504689,False,5.081540800001676,2.132882599998993,0.6460170000009384
2,1,Guard(600),exact,11,1859,5453,132204,12510142,False,5.122542999999496,1.9621774999995978,0.4380142000009073
2,1,Guard(600),exact,12,1364,2096,132204,12512238,False,4.895930700000463,2.074694200000522,0.38254389999929117
2,1,Guard(600),exact,13,571,792,132204,12513030,False,4.856790400001046,1.8205419999994774,0.13826949999929639
2,1,Guard(600),exact,14,51,60,132204,12513090,False,4.86471690000144,1.7498715999990964,0.015401399999973364
2,1,Guard(600),exact,15,5,5,132204,12513095,False,5.022572100000616,1.7622088999996777,0.007954200000312994
2,1,Guard(600),exact,16,0,0,132204,12513095,True,4.968935099999726,1.727033000001029,0.0
2,1,Guard(1200),exact,1,124969,7736091,124969,7736091,False,4.939922999999908,7.943299399999887,13.780198999998902
2,1,Guard(1200),exact,2,66858,2663019,130190,10399110,False,5.097258100000545,7.041034099998797,11.70689350000066
2,1,Guard(1200),exact,3,46526,1245929,131759,11645039,False,5.218849099999716,5.928817100000742,10.458448899998984
2,1,Guard(1200),exact,4,36005,669477,132352,12314516,False,4.9674164000007295,5.241848699999537,9.462635600000795
2,1,Guard(1200),exact,5,25620,248295,132528,12562811,False,5.002374399999098,4.903127999999924,6.532178200000999
2,1,Guard(1200),exact,6,15502,95880,132590,12658691,False,5.236896599999454,3.5955047000006743,4.164267000000109
2,1,Guard(1200),exact,7,8983,55516,132642,12714207,False,5.1073027000002185,2.936677300000156,2.3484809000001405
2,1,Guard(1200),exact,8,5700,33421,132663,12747628,False,5.022911500000191,2.475143699999535,1.5491254000007757
2,1,Guard(1200),exact,9,2829,10950,132666,12758578,False,5.183376700000736,2.202279000000999,0.7810085999990406
2,1,Guard(1200),exact,10,2188,6361,132669,12764939,False,5.050442699999621,2.1292192000000796,0.6126965000003111
2,1,Guard(1200),exact,11,1228,4677,132672,12769616,False,5.067336799998884,1.9869988999998895,0.2784444999997504
2,1,Guard(1200),exact,12,546,708,132672,12770324,False,5.309203800001342,1.8556502999999793,0.15092689999983122
2,1,Guard(1200),exact,13,108,161,132673,12770485,False,5.4262079000000085,1.7629763999993884,0.033941699999559205
2,1,Guard(1200),exact,14,69,73,132673,12770558,False,5.460681399999885,1.7550007000008918,0.024612299999716925
2,1,Guard(1200),exact,15,6,6,132673,12770564,False,4.982842700001129,1.7441142999996373,0.0084272999993118
2,1,Guard(1200),exact,16,0,0,132673,12770564,True,5.096311899998909,1.738708900000347,0.0
2,1,Aging(600),exact,1,135165,7452951,135165,7452951,False,2.517506800000774,7.662219499999992,11.117760899998757
2,1,Aging(600),exact,2,56218,158748,139694,7611699,False,2.574168600000121,5.720024800000829,5.238422099999298
2,1,Aging(600),exact,3,13179,21792,140099,7633491,False,2.5802273000008427,2.2261856000004627,1.368599899999026
2,1,Aging(600),exact,4,2932,5055,140144,7638546,False,2.579397199999221,1.5972958000002109,0.3552233000009437
2,1,Aging(600),exact,5,399,474,140147,7639020,False,2.5597850999984075,1.3667226000015944,0.06320839999898453
2,1,Aging(600),exact,6,60,66,140147,7639086,False,2.598000800000591,1.3802644999996119,0.023387200000797748
2,1,Aging(600),exact,7,7,7,140147,7639093,False,2.6298822999997356,1.411341099999845,0.010493699999642558
2,1,Aging(600),exact,8,0,0,140147,7639093,True,2.5444375000006403,1.4020395999996254,0.0
2,1,Guard(600),exact_other_class_withheld,1,125075,7713983,125075,7713983,False,4.980515400000513,7.280498899999657,29.96794360000058
2,1,Guard(600),exact_other_class_withheld,2,66776,2594013,130037,10307996,False,4.686567400000058,7.055733900000632,27.49421380000058
2,1,Guard(600),exact_other_class_withheld,3,46254,1276918,131571,11584914,False,4.917828999999983,7.759930800000802,24.877719800000705
2,1,Guard(600),exact_other_class_withheld,4,36198,608141,131946,12193055,False,5.5326225999997405,6.84356839999964,20.460566199999448
2,1,Guard(600),exact_other_class_withheld,5,25647,258452,132164,12451507,False,5.220070699999269,4.986515099999451,14.113133700000617
2,1,Guard(600),exact_other_class_withheld,6,16520,144855,132252,12596362,False,4.797783799998797,4.396728100000473,10.211049600000479
2,1,Guard(600),exact_other_class_withheld,7,9391,87367,132291,12683729,False,5.660646600001201,3.8961913000002824,5.883514299999661
2,1,Guard(600),exact_other_class_withheld,8,6119,32094,132300,12715823,False,5.117215900001611,4.229253999999855,3.9746562000000267
2,1,Guard(600),exact_other_class_withheld,9,1689,4150,132302,12719973,False,5.0684196000001975,1.9858012000004237,0.8502480999995896
2,1,Guard(600),exact_other_class_withheld,10,495,1151,132302,12721124,False,4.661755899998752,2.163465100000394,0.27764290000050096
2,1,Guard(600),exact_other_class_withheld,11,144,219,132302,12721343,False,4.725614400000268,1.6959047999989707,0.0671875000007276
2,1,Guard(600),exact_other_class_withheld,12,217,235,132302,12721578,False,4.846352199998364,1.8580430000001797,0.09111630000006699
2,1,Guard(600),exact_other_class_withheld,13,23,30,132306,12721608,False,4.803315200000725,2.330154400000538,0.021861600000192993
2,1,Guard(600),exact_other_class_withheld,14,2,2,132308,12721610,False,5.045123900001272,1.867197399998986,0.00772289999986242
2,1,Guard(600),exact_other_class_withheld,15,0,0,132308,12721610,True,4.930487600000561,1.855054999999993,0.0
2,2,SPJF-E,exact,1,170093,10449560,170093,10449560,False,2.655975899999248,9.92485940000006,13.637173099999927
2,2,SPJF-E,exact,2,84572,3363663,181591,13813223,False,2.6751863000008598,8.78768129999844,13.867985200000476
2,2,SPJF-E,exact,3,55677,1417363,185372,15230586,False,2.577937199999724,6.94507799999883,10.388487700000042
2,2,SPJF-E,exact,4,39967,528267,186773,15758853,False,2.6071785999993153,5.8921772000012425,8.368485999999393
2,2,SPJF-E,exact,5,23992,228689,187357,15987542,False,2.5914374999993015,4.517288299999564,5.690353500000128
2,2,SPJF-E,exact,6,17076,132149,187662,16119691,False,2.586682600000131,3.956446499998492,4.335853100001259
2,2,SPJF-E,exact,7,10513,98603,187889,16218294,False,2.606783000001087,3.0591723999987153,2.4637091000004148
2,2,SPJF-E,exact,8,6667,52218,187945,16270512,False,2.6099991999999475,2.9178097999993042,1.8284736999994493
2,2,SPJF-E,exact,9,2774,20451,187994,16290963,False,2.5338216999989527,2.370504800001072,0.7181098999990354
2,2,SPJF-E,exact,10,1282,9783,188021,16300746,False,2.608700699998735,2.1635495999998966,0.33289500000137195
2,2,SPJF-E,exact,11,1009,2443,188029,16303189,False,2.5673378000010416,2.1901983999996446,0.27787549999993644
2,2,SPJF-E,exact,12,344,1112,188040,16304301,False,2.5852533000015683,2.046348500000022,0.081489899999724
2,2,SPJF-E,exact,13,38,45,188053,16304346,False,2.5919763000001694,1.9536119000003964,0.014178900000842987
2,2,SPJF-E,exact,14,10,12,188053,16304358,False,2.5224808000002668,1.9366050999997242,0.01072300000123505
2,2,SPJF-E,exact,15,0,0,188053,16304358,True,2.560965099999521,1.902476100000058,0.0
2,2,Guard(300),exact,1,182425,10847552,182425,10847552,False,4.957922300000064,9.73824169999898,18.19608049999988
2,2,Guard(300),exact,2,89554,2174465,196751,13022017,False,4.757806300000084,7.281170700000075,14.25721330000124
2,2,Guard(300),exact,3,56064,676487,200795,13698504,False,4.97787100000096,6.841958699998941,10.90817749999951
2,2,Guard(300),exact,4,32453,264261,201499,13962765,False,5.384411799999725,6.146472799999174,8.988771700000143
2,2,Guard(300),exact,5,20019,114747,201594,14077512,False,5.9394360999995115,4.912122499999896,5.539722900000925
2,2,Guard(300),exact,6,10035,36063,201635,14113575,False,5.95009570000002,3.7738196999998763,3.5079998999990494
2,2,Guard(300),exact,7,4812,19003,201656,14132578,False,5.967363899999327,2.8849269000002096,1.2394975000006525
2,2,Guard(300),exact,8,2418,12039,201660,14144617,False,5.280404500001168,2.1043539000002056,0.6304371999995055
2,2,Guard(300),exact,9,1387,5648,201660,14150265,False,5.379013300000224,2.0058893999994325,0.38962549999996554
2,2,Guard(300),exact,10,560,1603,201660,14151868,False,5.419871500000227,1.897018300000127,0.16156360000059067
2,2,Guard(300),exact,11,156,807,201660,14152675,False,5.224806199999875,1.827476899999965,0.06198779999976978
2,2,Guard(300),exact,12,131,533,201661,14153208,False,5.007951499999763,2.540665900000022,0.045027899999695364
2,2,Guard(300),exact,13,6,6,201661,14153214,False,5.41253289999986,2.661659800000052,0.020866499999101507
2,2,Guard(300),exact,14,0,0,201661,14153214,True,5.70259889999943,2.6157512000008865,0.0
2,2,Guard(600),exact,1,173925,10474886,173925,10474886,False,5.437168200000087,9.943247299999712,17.66829560000042
2,2,Guard(600),exact,2,86949,3305202,185978,13780088,False,4.864775899999586,9.26005189999887,15.868896900001346
2,2,Guard(600),exact,3,57734,1339613,190422,15119701,False,5.674593900001128,8.116790799998853,12.347815800001626
2,2,Guard(600),exact,4,39025,501217,191543,15620918,False,5.696838799998659,6.332248900000195,9.298412699999972
2,2,Guard(600),exact,5,24463,223617,192018,15844535,False,5.937682699999641,5.1032833000008395,6.480555199999799
2,2,Guard(600),exact,6,16551,132740,192304,15977275,False,5.744982500000333,4.17937510000047,4.364496999998664
2,2,Guard(600),exact,7,9417,77605,192537,16054880,False,5.6664430999990145,3.447088900000381,2.7225428000001557
2,2,Guard(600),exact,8,7117,47805,192597,16102685,False,5.4416186999987985,3.0723469000004116,2.54499720000058
2,2,Guard(600),exact,9,2772,13034,192717,16115719,False,5.493834500000958,2.711525200000324,0.6691733999996359
2,2,Guard(600),exact,10,620,1927,192785,16117646,False,5.625758100000894,2.3636430999995355,0.14208340000004682
2,2,Guard(600),exact,11,194,553,192793,16118199,False,5.721758499999851,2.329558299999917,0.04809940000086499
2,2,Guard(600),exact,12,70,86,192793,16118285,False,5.525745299999471,2.272536799999216,0.03529490000073565
2,2,Guard(600),exact,13,48,48,192793,16118333,False,5.826457499999378,2.2499962000001688,0.024979699999676086
2,2,Guard(600),exact,14,185,392,192793,16118725,False,5.55931419999979,2.459686000000147,0.07678240000132064
2,2,Guard(600),exact,15,0,0,192793,16118725,True,5.616646200000105,2.2439465999996173,0.0
2,2,Guard(1200),exact,1,172983,10437781,172983,10437781,False,5.889848599999823,10.85119610000038,20.174282199999652
2,2,Guard(1200),exact,2,87280,3445744,185888,13883525,False,5.267501700000139,9.523818899999242,15.846554600000673
2,2,Guard(1200),exact,3,58073,1428140,190410,15311665,False,5.538169100000232,8.418974299998808,11.64568700000018
2,2,Guard(1200),exact,4,39669,539601,191666,15851266,False,5.6068570999996155,6.84496770000078,9.595734200000152
2,2,Guard(1200),exact,5,22976,231467,192221,16082733,False,5.890720000001238,4.906130399998801,5.898895800000901
2,2,Guard(1200),exact,6,16490,109627,192431,16192360,False,6.197645700000066,4.3136561999999685,4.22203780000018
2,2,Guard(1200),exact,7,8460,74309,192499,16266669,False,6.131621299999097,3.255120600000737,2.3758859999998094
2,2,Guard(1200),exact,8,6160,35391,192621,16302060,False,5.8083821999989595,3.0297267000005377,1.6326570000001084
2,2,Guard(1200),exact,9,3642,16573,192646,16318633,False,5.471817100000408,2.787288699999408,0.9600018000001
2,2,Guard(1200),exact,10,2145,12328,192664,16330961,False,5.473643500001344,2.574552099998982,0.7529962000007799
2,2,Guard(1200),exact,11,1064,3762,192682,16334723,False,5.481571199999962,2.272707800000717,0.33013949999985925
2,2,Guard(1200),exact,12,837,1902,192699,16336625,False,5.462379099999453,2.411668099999588,0.28892740000082995
2,2,Guard(1200),exact,13,130,631,192706,16337256,False,5.371679400001085,2.133793400000286,0.03545289999965462
2,2,Guard(1200),exact,14,0,0,192706,16337256,True,5.53899310000088,2.096376599998621,0.0
2,2,Aging(600),exact,1,206774,10320482,206774,10320482,False,2.7622707999998966,11.044974599999478,17.743078699999387
2,2,Aging(600),exact,2,69465,212055,215113,10532537,False,2.7827739999993355,6.990779899999325,7.547364699999889
2,2,Aging(600),exact,3,15567,27494,216248,10560031,False,2.675160299999334,2.961066899999423,1.7050334000014118
2,2,Aging(600),exact,4,4260,10396,216595,10570427,False,2.631872199999634,2.034121500000765,0.5508661000003485
2,2,Aging(600),exact,5,1114,1427,216838,10571854,False,2.618047199999637,1.7413324999997712,0.1358909999999014
2,2,Aging(600),exact,6,196,207,216908,10572061,False,2.580608599999323,1.6154127000008884,0.021261699999740813
2,2,Aging(600),exact,7,4,4,216911,10572065,False,2.5677391000008356,1.7660938999997597,0.009667800000897842
2,2,Aging(600),exact,8,0,0,216911,10572065,True,2.618663600000218,1.5976110000010522,0.0
2,2,Guard(600),exact_other_class_withheld,1,173604,10446606,173604,10446606,False,5.183086099999855,9.79265210000085,40.6491831000003
2,2,Guard(600),exact_other_class_withheld,2,86405,3294243,185273,13740849,False,5.107654800000091,8.329763599998842,29.301728100001128
2,2,Guard(600),exact_other_class_withheld,3,57718,1266223,189803,15007072,False,5.111602299999504,6.497746900000493,23.778571699998793
2,2,Guard(600),exact_other_class_withheld,4,35201,458244,190841,15465316,False,5.175924299999679,5.6371431999996275,16.910034200000155
2,2,Guard(600),exact_other_class_withheld,5,24269,220874,191385,15686190,False,5.224872900000264,4.459295399999974,12.186558499999592
2,2,Guard(600),exact_other_class_withheld,6,15489,130348,191691,15816538,False,5.073127999999997,3.8371430000006512,8.510588499999358
2,2,Guard(600),exact_other_class_withheld,7,9170,50983,191856,15867521,False,5.26615110000057,2.9808539999994537,5.112573800000973
2,2,Guard(600),exact_other_class_withheld,8,5842,32681,191874,15900202,False,5.36367539999992,2.807091600001513,3.5202055999998265
2,2,Guard(600),exact_other_class_withheld,9,2506,13359,191886,15913561,False,5.199208799998814,2.342460400001073,1.5670422000002873
2,2,Guard(600),exact_other_class_withheld,10,1115,5284,191886,15918845,False,5.262042500000462,2.1368701999999757,0.7248018999998749
2,2,Guard(600),exact_other_class_withheld,11,649,3916,191887,15922761,False,5.626969999999346,2.074438600000576,0.43215129999953206
2,2,Guard(600),exact_other_class_withheld,12,424,1171,191889,15923932,False,5.083035200001177,2.035675600000104,0.2515321999999287
2,2,Guard(600),exact_other_class_withheld,13,194,803,191889,15924735,False,5.235426400000506,2.027769199999966,0.15477559999999357
2,2,Guard(600),exact_other_class_withheld,14,21,23,191889,15924758,False,5.120674900001177,2.0284975999984454,0.02211610000085784
2,2,Guard(600),exact_other_class_withheld,15,0,0,191889,15924758,True,5.375046700000894,1.9585321999984444,0.0
3,0,SPJF-E,exact,1,58833,2373481,58833,2373481,False,2.633958700000221,4.334725500000786,5.734949100000449
3,0,SPJF-E,exact,2,30267,919074,60041,3292555,False,2.823669499999596,3.538686100000632,5.161832399999184
3,0,SPJF-E,exact,3,21189,581636,60191,3874191,False,2.8164544999999634,3.101189000000886,4.764239899999666
3,0,SPJF-E,exact,4,16013,216655,60250,4090846,False,2.6188462000009167,3.0259528000005957,4.11527169999863
3,0,SPJF-E,exact,5,13024,213284,60295,4304130,False,2.7742514000001393,2.8131993999995757,3.5002117000003636
3,0,SPJF-E,exact,6,10679,143353,60313,4447483,False,2.7669091999996454,2.6220667000015965,3.032959899999696
3,0,SPJF-E,exact,7,7056,104146,60319,4551629,False,2.535939800000051,2.157215500001257,2.2051780999991024
3,0,SPJF-E,exact,8,4673,25861,60325,4577490,False,2.553783100000146,2.0339069999990897,1.4804143000001204
3,0,SPJF-E,exact,9,3409,18252,60325,4595742,False,2.50436979999904,1.682464900000923,0.9989251999995759
3,0,SPJF-E,exact,10,1743,7316,60325,4603058,False,2.5294850999998744,1.552908399999069,0.7466942000010022
3,0,SPJF-E,exact,11,2101,9685,60325,4612743,False,2.5992115999997623,1.5164787000012439,0.6509790999989491
3,0,SPJF-E,exact,12,1592,4572,60325,4617315,False,2.5896143000009033,1.5025368999995408,0.41912390000106825
3,0,SPJF-E,exact,13,1254,3401,60325,4620716,False,2.6839318000002095,1.3590073000013945,0.3637939999989612
3,0,SPJF-E,exact,14,885,4252,60325,4624968,False,2.701554600000236,1.3963244000005943,0.27959390000069106
3,0,SPJF-E,exact,15,339,474,60327,4625442,False,2.5466014000012365,1.3078310000000783,0.1098530999988725
3,0,SPJF-E,exact,16,155,176,60333,4625618,False,2.610877499999333,1.303149499999563,0.046931500000937376
3,0,SPJF-E,exact,17,145,172,60333,4625790,False,2.6073700999986613,1.2230157000012696,0.04857420000007551
3,0,SPJF-E,exact,18,88,163,60333,4625953,False,2.616178799999034,1.2983746000008978,0.033946899999136804
3,0,SPJF-E,exact,19,8,9,60333,4625962,False,2.5984719000007317,1.2193904999985534,0.0053887000012764474
3,0,SPJF-E,exact,20,0,0,60333,4625962,True,2.764929699998902,1.2348191000000952,0.0
3,0,Guard(300),exact,1,58741,2391243,58741,2391243,False,5.744964899999104,4.58317790000001,2.976165400001264
3,0,Guard(300),exact,2,30324,843818,60027,3235061,False,5.374554500000158,3.678852499999266,3.2755403999999544
3,0,Guard(300),exact,3,21130,329591,60209,3564652,False,5.561462199999369,3.1216911999999866,3.189229100000375
3,0,Guard(300),exact,4,15456,202444,60273,3767096,False,5.4886810000007245,2.866878499999075,2.844248700001117
3,0,Guard(300),exact,5,11820,111614,60307,3878710,False,5.8182790000009845,2.3620193999995536,2.6231134999998176
3,0,Guard(300),exact,6,6217,31902,60324,3910612,False,5.133775300000707,1.9488978999997926,1.3914803999996366
3,0,Guard(300),exact,7,3566,33266,60324,3943878,False,5.220897299999706,1.6075127000003704,0.9318882000006852
3,0,Guard(300),exact,8,3169,17193,60326,3961071,False,5.215173499998855,1.574389200000951,0.7728463999992528
3,0,Guard(300),exact,9,1252,6864,60326,3967935,False,5.091559399999824,1.3734752999989723,0.3487228000012692
3,0,Guard(300),exact,10,824,1999,60326,3969934,False,5.067682800001421,1.3445420999996713,0.2359190999995917
3,0,Guard(300),exact,11,481,1020,60326,3970954,False,5.150236199999199,1.253719899999851,0.13222479999967618
3,0,Guard(300),exact,12,339,707,60326,3971661,False,5.446844500000225,1.2498040000009496,0.07639070000004722
3,0,Guard(300),exact,13,120,158,60326,3971819,False,5.47850440000002,1.220441400000709,0.033711699999912526
3,0,Guard(300),exact,14,110,133,60326,3971952,False,5.2254019000010885,1.203086199999234,0.04304550000051677
3,0,Guard(300),exact,15,0,0,60326,3971952,True,5.3983422000001156,1.1523874000013166,0.0
3,0,Guard(600),exact,1,58827,2380860,58827,2380860,False,5.462447199999588,4.393361800001003,1.833749600000374
3,0,Guard(600),exact,2,30261,909419,60029,3290279,False,5.703365200000917,3.54783739999948,2.4492043999998714
3,0,Guard(600),exact,3,21215,571044,60202,3861323,False,5.546120700000756,3.066785799999707,5.095047099999647
3,0,Guard(600),exact,4,16025,227840,60268,4089163,False,5.798621199999616,2.767586600000868,4.295619299999089
3,0,Guard(600),exact,5,13006,211949,60292,4301112,False,5.00954240000101,2.705186600000161,3.437565000000177
3,0,Guard(600),exact,6,10786,138668,60319,4439780,False,5.171406199999183,2.64256320000095,3.0399749999996857
3,0,Guard(600),exact,7,7070,98499,60323,4538279,False,4.974863999999798,2.1627002999994147,2.1874038000005385
3,0,Guard(600),exact,8,4485,29030,60327,4567309,False,5.22609200000079,1.793373900000006,1.3448517999986507
3,0,Guard(600),exact,9,3206,21387,60331,4588696,False,5.118361699998786,1.5712153000004037,0.9508399000005738
3,0,Guard(600),exact,10,2445,7872,60331,4596568,False,5.117197999999917,1.4317095000005793,0.7029605000006995
3,0,Guard(600),exact,11,2167,8534,60331,4605102,False,5.209141299999828,1.502970200001073,0.6932889999989129
3,0,Guard(600),exact,12,1674,5818,60331,4610920,False,5.009187000001475,1.4117298000001028,0.5120704999990267
3,0,Guard(600),exact,13,1409,5992,60331,4616912,False,5.133002200000192,1.3885972000007314,0.4085863000000245
3,0,Guard(600),exact,14,657,3100,60331,4620012,False,5.345739100001083,1.3465452000000369,0.20649129999947036
3,0,Guard(600),exact,15,469,1512,60331,4621524,False,5.141855099998793,1.2732656999996834,0.17322640000020328
3,0,Guard(600),exact,16,51,148,60331,4621672,False,5.1435756999999285,1.1995563000000402,0.022393700000975514
3,0,Guard(600),exact,17,0,0,60331,4621672,True,5.1630457999999635,1.2411119999997027,0.0
3,0,Guard(1200),exact,1,58801,2375671,58801,2375671,False,4.819946699999491,4.283933100001377,5.411236500000086
3,0,Guard(1200),exact,2,30274,923059,60018,3298730,False,4.7913274000002275,3.422889600000417,4.522873199999594
3,0,Guard(1200),exact,3,21215,574521,60171,3873251,False,4.99574229999962,3.2866601000005176,2.14668200000051
3,0,Guard(1200),exact,4,16008,220817,60227,4094068,False,5.258347299999514,2.7003691000008985,2.2156472000006033
3,0,Guard(1200),exact,5,13051,219056,60273,4313124,False,5.164326300000539,2.587076800000432,1.9469054999990476
3,0,Guard(1200),exact,6,10722,137128,60290,4450252,False,4.912650299998859,2.554971600000499,1.8953177000003052
3,0,Guard(1200),exact,7,6865,96648,60293,4546900,False,5.080515200001173,2.0493031999994855,1.455741499999931
3,0,Guard(1200),exact,8,4943,29864,60302,4576764,False,5.022502499999973,1.773673300000155,1.0810209999999643
3,0,Guard(1200),exact,9,3524,17401,60302,4594165,False,4.996031900000162,1.6553456999990885,0.8959087999992335
3,0,Guard(1200),exact,10,2937,13396,60302,4607561,False,4.973876199999722,1.571783299999879,0.8360756000001857
3,0,Guard(1200),exact,11,2339,9940,60302,4617501,False,4.884665499999755,1.6578938000002381,0.7134624000009353
3,0,Guard(1200),exact,12,1203,4235,60302,4621736,False,5.155964199999289,1.335535300000629,0.3749871999989409
3,0,Guard(1200),exact,13,525,1928,60302,4623664,False,4.921540100000129,1.2814711999999417,0.17945349999899918
3,0,Guard(1200),exact,14,327,461,60302,4624125,False,5.167556399999739,1.294827700001406,0.08587149999948451
3,0,Guard(1200),exact,15,2,2,60302,4624127,False,4.9337469000001875,1.2735912000007374,0.004692399999839836
3,0,Guard(1200),exact,16,0,0,60302,4624127,True,4.867451000000074,1.155917000000045,0.0
3,0,Aging(600),exact,1,59602,2296570,59602,2296570,False,2.53494899999896,3.9606577000013203,2.559628699998939
3,0,Aging(600),exact,2,26471,66100,60717,2362670,False,2.620903900000485,3.0015257999984897,1.9960794000016904
3,0,Aging(600),exact,3,7958,13861,60782,2376531,False,2.584564100001444,1.606839799998852,0.7900852000002487
3,0,Aging(600),exact,4,2962,4841,60790,2381372,False,2.5580769999996846,1.2612155999995593,0.3572185000011814
3,0,Aging(600),exact,5,1860,4766,60792,2386138,False,2.5305582999990293,1.1425439000013284,0.228162199999133
3,0,Aging(600),exact,6,738,2683,60792,2388821,False,2.4972060000000056,1.0170808999992005,0.07663010000032955
3,0,Aging(600),exact,7,118,148,60792,2388969,False,2.4597644999994372,0.9607042000006913,0.01625889999922947
3,0,Aging(600),exact,8,22,22,60792,2388991,False,2.4586554000015894,0.9430027999987942,0.007218599999760045
3,0,Aging(600),exact,9,0,0,60792,2388991,True,2.5172772000005352,0.902813700000479,0.0
3,0,Guard(600),exact_other_class_withheld,1,58943,2354329,58943,2354329,False,5.091467499998544,3.8072854000001826,13.472350300000471
3,0,Guard(600),exact_other_class_withheld,2,30181,894749,60023,3249078,False,5.056910200000857,3.2392999999992753,11.941640500001085
3,0,Guard(600),exact_other_class_withheld,3,20495,554252,60194,3803330,False,4.935328600000503,2.714579900000899,9.495299999998679
3,0,Guard(600),exact_other_class_withheld,4,15771,268810,60245,4072140,False,4.915093100000377,2.443886900000507,8.515215699999317
3,0,Guard(600),exact_other_class_withheld,5,13482,142405,60253,4214545,False,4.823985499999253,2.477271700001438,7.227340899999035
3,0,Guard(600),exact_other_class_withheld,6,10459,79023,60254,4293568,False,5.129446100001587,2.1690787999996246,5.484934899999644
3,0,Guard(600),exact_other_class_withheld,7,7287,83084,60254,4376652,False,5.113727100000688,1.899554999999964,4.02966220000053
3,0,Guard(600),exact_other_class_withheld,8,8123,68045,60254,4444697,False,5.110217999999804,1.991049700000076,4.726816099999269
3,0,Guard(600),exact_other_class_withheld,9,5945,43623,60256,4488320,False,5.020940799999153,1.825594200001433,3.2233613999997033
3,0,Guard(600),exact_other_class_withheld,10,4789,20351,60256,4508671,False,4.853113100001792,1.6563721999991685,2.827163100000689
3,0,Guard(600),exact_other_class_withheld,11,2077,9179,60258,4517850,False,4.954890300001352,1.354978100000153,1.261259799999607
3,0,Guard(600),exact_other_class_withheld,12,2065,9885,60258,4527735,False,4.826253799999904,1.479535800001031,1.286306500000137
3,0,Guard(600),exact_other_class_withheld,13,1243,2813,60258,4530548,False,4.750350699998307,1.3059458000006998,0.8971851999995124
3,0,Guard(600),exact_other_class_withheld,14,922,13662,60258,4544210,False,4.811123800000132,1.1846380999995745,0.5287549000004219
3,0,Guard(600),exact_other_class_withheld,15,639,1472,60258,4545682,False,5.02476519999982,1.2012202000005345,0.38309599999956845
3,0,Guard(600),exact_other_class_withheld,16,1529,2079,60258,4547761,False,4.857034200000271,1.3324381000002177,0.9359779000005801
3,0,Guard(600),exact_other_class_withheld,17,394,752,60258,4548513,False,4.89993609999874,1.1697792000013578,0.23944440000013856
3,0,Guard(600),exact_other_class_withheld,18,356,406,60258,4548919,False,5.070505700001377,1.1967535999992833,0.24248369999986608
3,0,Guard(600),exact_other_class_withheld,19,2,4,60258,4548923,False,5.229247600000235,1.114090799999758,0.004489900000407943
3,0,Guard(600),exact_other_class_withheld,20,0,0,60258,4548923,True,5.101992300000347,1.0856986999988294,0.0
3,1,SPJF-E,exact,1,128888,6737351,128888,6737351,False,2.6216275000006135,7.3494868999987375,11.927758100000574
3,1,SPJF-E,exact,2,68109,2431790,134606,9169141,False,2.526167100000748,6.18820759999835,11.693956099999923
3,1,SPJF-E,exact,3,47524,1153845,135946,10322986,False,2.6235339000013482,5.957204099999217,9.937120399999912
3,1,SPJF-E,exact,4,35667,456353,136415,10779339,False,2.588646100000915,5.0687096000001475,8.075631100000464
3,1,SPJF-E,exact,5,28505,215684,136607,10995023,False,2.5094196000009106,5.100575399999798,6.892590299999938
3,1,SPJF-E,exact,6,18211,110786,136678,11105809,False,2.5154306999993423,3.878762199999983,4.4946708000006765
3,1,SPJF-E,exact,7,11713,49375,136723,11155184,False,2.577599800000826,3.0368514000001596,2.978809700000056
3,1,SPJF-E,exact,8,7789,55313,136743,11210497,False,2.6062929999989137,2.5464019999999437,1.8814502000004723
3,1,SPJF-E,exact,9,4976,52301,136747,11262798,False,2.5921603000006144,2.3025581000001694,1.354381299999659
3,1,SPJF-E,exact,10,2746,12338,136760,11275136,False,2.5905282000003353,1.9908058000000892,0.6855044000003545
3,1,SPJF-E,exact,11,639,1333,136775,11276469,False,2.6261928000003536,1.66678900000079,0.164275599998291
3,1,SPJF-E,exact,12,925,1361,136775,11277830,False,2.6275283000013587,1.6995342999998684,0.23892259999956877
3,1,SPJF-E,exact,13,1043,1762,136786,11279592,False,2.644723699999304,1.7835769000012078,0.2562731999987591
3,1,SPJF-E,exact,14,362,1001,136803,11280593,False,2.638525899999877,1.6523329999999987,0.08644620000086434
3,1,SPJF-E,exact,15,197,565,136820,11281158,False,2.6112835999992967,1.6502720000007685,0.05442570000013802
3,1,SPJF-E,exact,16,3,3,136820,11281161,False,2.670038400001431,1.6374582999997074,0.007373499998720945
3,1,SPJF-E,exact,17,96,177,136820,11281338,False,2.627146200000425,1.5972743999991508,0.03198560000055295
3,1,SPJF-E,exact,18,0,0,136820,11281338,True,2.61685849999958,1.639842900000076,0.0
3,1,Guard(300),exact,1,131543,6843562,131543,6843562,False,5.155563399999664,7.321729299999788,15.188296000000264
3,1,Guard(300),exact,2,69424,1790369,138179,8633931,False,5.191757200000211,6.6312485999987985,11.985233000001244
3,1,Guard(300),exact,3,48399,691156,140222,9325087,False,5.321753500000341,5.16640279999956,9.366183300000557
3,1,Guard(300),exact,4,35433,248632,140769,9573719,False,5.017445299999963,5.031305599999541,7.327160999999251
3,1,Guard(300),exact,5,22957,98396,140853,9672115,False,5.0490468999996665,3.732898899999782,5.003400600000532
3,1,Guard(300),exact,6,12466,37625,140889,9709740,False,5.360665100000915,2.8746881000006397,2.747775099998762
3,1,Guard(300),exact,7,5261,12014,140909,9721754,False,5.278022299999066,2.062774800000625,1.1515964999998687
3,1,Guard(300),exact,8,3718,7647,140921,9729401,False,5.207747300000847,1.9971613999987312,0.7450069000005897
3,1,Guard(300),exact,9,2377,3726,140930,9733127,False,4.948178300001018,1.8144487999998091,0.5649034999987634
3,1,Guard(300),exact,10,1584,2520,140931,9735647,False,5.069258100000297,1.6863504000029934,0.3706732999999076
3,1,Guard(300),exact,11,1107,1735,140931,9737382,False,5.169582900001842,1.6653611999972782,0.26810330000080285
3,1,Guard(300),exact,12,844,2119,140931,9739501,False,5.10155009999653,1.5918315000017174,0.21836980000080075
3,1,Guard(300),exact,13,1286,2252,140934,9741753,False,5.570654300001479,1.6319436000012502,0.31591179999668384
3,1,Guard(300),exact,14,806,1381,140934,9743134,False,5.3320770999998786,1.687325700000656,0.20827590000044438
3,1,Guard(300),exact,15,123,135,140934,9743269,False,5.039022000000841,1.553732399999717,0.033232599998882506
3,1,Guard(300),exact,16,29,42,140934,9743311,False,5.170592599999509,1.4816640999997617,0.012551899999380112
3,1,Guard(300),exact,17,128,129,140934,9743440,False,5.258687599998666,1.575912000000244,0.04913760000272305
3,1,Guard(300),exact,18,11,20,140934,9743460,False,4.933550499998091,1.6414746000009472,0.008493400000588736
3,1,Guard(300),exact,19,0,0,140934,9743460,True,5.042079200000444,1.5228895000000193,0.0
3,1,Guard(600),exact,1,129146,6751246,129146,6751246,False,4.971950300001481,7.562757899999269,14.553991000000678
3,1,Guard(600),exact,2,68260,2387086,134983,9138332,False,5.077301100001932,6.696326899997075,11.629830700003367
3,1,Guard(600),exact,3,47618,1072736,136449,10211068,False,5.129909899998893,5.521143099998881,9.503772000000026
3,1,Guard(600),exact,4,36058,429702,137020,10640770,False,5.2995837999988,5.0083956999988,8.106378700002097
3,1,Guard(600),exact,5,28589,217488,137291,10858258,False,5.270540499997878,4.998487299999397,6.845887700001185
3,1,Guard(600),exact,6,19830,121129,137357,10979387,False,5.014764799998375,4.045871900001657,5.002827600001183
3,1,Guard(600),exact,7,13022,47750,137437,11027137,False,5.198271199998999,3.2399232999996457,3.390282100001059
3,1,Guard(600),exact,8,8642,45684,137454,11072821,False,5.232139100000495,2.7300035000007483,2.2823376999986067
3,1,Guard(600),exact,9,5401,50821,137458,11123642,False,5.063793799999985,2.392442000000301,1.906920400000672
3,1,Guard(600),exact,10,2701,7790,137473,11131432,False,5.023904099998617,2.106728300001123,0.7295388999991701
3,1,Guard(600),exact,11,549,1053,137524,11132485,False,5.118616600000678,1.7292583999987983,0.13363830000162125
3,1,Guard(600),exact,12,836,880,137531,11133365,False,5.143376199997874,1.6966135000002396,0.2019786999990174
3,1,Guard(600),exact,13,1032,2026,137538,11135391,False,5.071562100001756,1.74116629999844,0.25405899999896064
3,1,Guard(600),exact,14,441,547,137548,11135938,False,5.229131600000983,1.6500454000015452,0.10412169999835896
3,1,Guard(600),exact,15,162,164,137548,11136102,False,5.358742299998994,1.675106999999116,0.0526051999986521
3,1,Guard(600),exact,16,31,39,137548,11136141,False,5.143772999999783,1.7250530999990588,0.01603590000013355
3,1,Guard(600),exact,17,24,25,137548,11136166,False,5.0512383000022965,1.673473799997737,0.015703200002462836
3,1,Guard(600),exact,18,2,2,137548,11136168,False,4.944860999999946,1.524115599997458,0.00739880000037374
3,1,Guard(600),exact,19,0,0,137548,11136168,True,4.960911899997882,1.6270024000004923,0.0
3,1,Guard(1200),exact,1,129483,6746976,129483,6746976,False,5.378679499997816,7.524133400002029,13.907765299998573
3,1,Guard(1200),exact,2,68716,2482707,135550,9229683,False,5.2674495999999635,6.746367600000667,10.92875930000082
3,1,Guard(1200),exact,3,47797,1103209,136924,10332892,False,5.0416292999980215,5.975640600001498,9.791511299998092
3,1,Guard(1200),exact,4,35717,462658,137409,10795550,False,5.0692796000003,5.118546500001685,8.128466899997875
3,1,Guard(1200),exact,5,28852,219112,137677,11014662,False,5.207613599999604,4.92518900000141,7.300540000000183
3,1,Guard(1200),exact,6,20844,108497,137823,11123159,False,5.262920100001793,3.9560813999996753,5.289248199998838
3,1,Guard(1200),exact,7,12774,61533,137841,11184692,False,5.273996199997782,3.3984397000022,3.232004399997095
3,1,Guard(1200),exact,8,9441,55642,137865,11240334,False,5.15909929999907,2.716545200000837,2.3765777999979036
3,1,Guard(1200),exact,9,6317,41619,137895,11281953,False,5.039152500001364,2.4329287000000477,1.5480454999997164
3,1,Guard(1200),exact,10,2415,10094,137902,11292047,False,5.386079299998528,2.096639300001698,0.7099373999990348
3,1,Guard(1200),exact,11,1383,3152,137911,11295199,False,5.276220100000501,1.8205910999968182,0.33918740000081016
3,1,Guard(1200),exact,12,1485,3240,137913,11298439,False,5.283989999999903,1.7782183999988774,0.41059470000254805
3,1,Guard(1200),exact,13,1070,1602,137913,11300041,False,5.277176100000361,1.706241100000625,0.24405729999853065
3,1,Guard(1200),exact,14,204,246,137913,11300287,False,5.122353800001292,1.806721999997535,0.04642750000130036
3,1,Guard(1200),exact,15,80,92,137913,11300379,False,5.094067499998346,1.6880797000012535,0.02885239999886835
3,1,Guard(1200),exact,16,7,9,137913,11300388,False,4.9950851000030525,1.6135833999978786,0.00820440000097733
3,1,Guard(1200),exact,17,0,0,137913,11300388,True,5.238989299999957,1.6669651999982307,0.0
3,1,Aging(600),exact,1,140647,6599220,140647,6599220,False,2.6215666999996756,7.6872858999995515,12.22987060000014
3,1,Aging(600),exact,2,56757,148818,145395,6748038,False,2.6157727999998315,5.130788100002974,5.845246799999586
3,1,Aging(600),exact,3,12719,19593,146102,6767631,False,2.5392706000020553,2.024956299999758,1.5160021999981836
3,1,Aging(600),exact,4,2792,4067,146174,6771698,False,2.583709099999396,1.5134558000027027,0.3728592999977991
3,1,Aging(600),exact,5,568,737,146183,6772435,False,2.5710314999996626,1.3374607000005199,0.09908110000105808
3,1,Aging(600),exact,6,124,135,146214,6772570,False,2.714009100000112,1.235802800001693,0.025466300001426134
3,1,Aging(600),exact,7,8,11,146216,6772581,False,2.6736743000001297,1.2914903999990202,0.007429299999785144
3,1,Aging(600),exact,8,0,0,146216,6772581,True,2.6948813000017253,1.2512078999970981,0.0
3,1,Guard(600),exact_other_class_withheld,1,129235,6721941,129235,6721941,False,4.883569899997383,7.407817300001625,32.67414930000086
3,1,Guard(600),exact_other_class_withheld,2,67777,2426635,134581,9148576,False,5.049006299999746,6.036960500001442,26.51828359999854
3,1,Guard(600),exact_other_class_withheld,3,47278,1088477,135861,10237053,False,5.1477874999982305,5.9074981000012485,22.243285299999116
3,1,Guard(600),exact_other_class_withheld,4,37708,510492,136568,10747545,False,5.126392999998643,5.106876400001056,18.950835199997528
3,1,Guard(600),exact_other_class_withheld,5,26891,240027,136951,10987572,False,5.552952900001401,4.69522859999779,14.116402499999822
3,1,Guard(600),exact_other_class_withheld,6,15313,104431,137050,11092003,False,4.993108599999687,3.444784700001037,8.307538600001863
3,1,Guard(600),exact_other_class_withheld,7,10149,47698,137135,11139701,False,5.0774326999999175,2.8373800000008487,5.281382600001962
3,1,Guard(600),exact_other_class_withheld,8,7014,20680,137172,11160381,False,4.933777199999895,2.5940202999991016,3.9522711999998137
3,1,Guard(600),exact_other_class_withheld,9,4238,15893,137211,11176274,False,5.040906500002166,2.1767953999988094,2.5500654999996186
3,1,Guard(600),exact_other_class_withheld,10,1550,2247,137236,11178521,False,5.120141800001875,1.849562399998831,0.9095870999990439
3,1,Guard(600),exact_other_class_withheld,11,517,735,137248,11179256,False,5.265301500003261,1.7373793999977352,0.28463380000175675
3,1,Guard(600),exact_other_class_withheld,12,540,681,137248,11179937,False,5.12107240000114,1.6956658999988576,0.337252700002864
3,1,Guard(600),exact_other_class_withheld,13,203,243,137248,11180180,False,5.2437795999976515,1.6813982000021497,0.14993590000085533
3,1,Guard(600),exact_other_class_withheld,14,122,125,137248,11180305,False,5.086491499998374,1.6253188000009686,0.08100719999856665
3,1,Guard(600),exact_other_class_withheld,15,26,36,137248,11180341,False,5.222481000000698,1.680936799999472,0.025479800002358388
3,1,Guard(600),exact_other_class_withheld,16,16,16,137248,11180357,False,5.121572299998661,1.6419924000001629,0.020946199998434167
3,1,Guard(600),exact_other_class_withheld,17,0,0,137248,11180357,True,5.1648997999982384,1.6214432000015222,0.0
3,2,SPJF-E,exact,1,175330,9871305,175330,9871305,False,2.620739500000127,9.768684799999392,14.019063600000663
3,2,SPJF-E,exact,2,89555,3451284,189165,13322589,False,2.623791199999687,7.653378099999827,14.229905199999848
3,2,SPJF-E,exact,3,59309,1579425,193866,14902014,False,2.6218788999995013,7.306121999999959,11.219506100000217
3,2,SPJF-E,exact,4,41495,731049,195938,15633063,False,2.5421044000013353,5.891766699998698,9.135393800001111
3,2,SPJF-E,exact,5,27112,329792,196769,15962855,False,2.6329793999993854,5.367638000001534,6.279852099998607
3,2,SPJF-E,exact,6,16069,143055,196979,16105910,False,2.642925899999682,3.9695421000014903,4.021302699999069
3,2,SPJF-E,exact,7,11269,67955,197120,16173865,False,2.6383184000005713,3.2051608999991004,2.814461800000572
3,2,SPJF-E,exact,8,7735,43728,197199,16217593,False,2.6040081000010105,2.8485009999985778,2.4374190000016824
3,2,SPJF-E,exact,9,4552,19788,197263,16237381,False,2.683792900001208,2.4743464999992284,1.0616067000009934
3,2,SPJF-E,exact,10,1975,7131,197316,16244512,False,2.66631469999993,2.232781000000614,0.4747702999993635
3,2,SPJF-E,exact,11,952,4595,197328,16249107,False,2.6120011000002705,2.1697948000000906,0.26830169999993814
3,2,SPJF-E,exact,12,711,7479,197328,16256586,False,2.6602449999991222,2.105090900000505,0.21339000000079977
3,2,SPJF-E,exact,13,521,1919,197330,16258505,False,2.65873190000093,2.0894972999994934,0.16416690000005474
3,2,SPJF-E,exact,14,88,696,197330,16259201,False,2.6363750000000437,2.0418684999986,0.03687060000083875
3,2,SPJF-E,exact,15,10,28,197330,16259229,False,2.654341999999815,1.9750903000003746,0.011527000000569387
3,2,SPJF-E,exact,16,8,8,197330,16259237,False,2.67327220000152,1.9196071999995183,0.011380199999621254
3,2,SPJF-E,exact,17,1,1,197330,16259238,False,2.64360619999934,1.913198399999601,0.008663200000228244
3,2,SPJF-E,exact,18,0,0,197330,16259238,True,2.62910120000015,1.9248943000002328,0.0
3,2,Guard(300),exact,1,191876,10447191,191876,10447191,False,4.912381899999673,9.921834000000672,18.53599309999845
3,2,Guard(300),exact,2,96528,2395121,209211,12842312,False,5.0810799000028055,8.427747800000361,13.687716399999772
3,2,Guard(300),exact,3,58500,834832,213501,13677144,False,5.131828300000052,6.323970900000859,10.74811530000079
3,2,Guard(300),exact,4,39099,334935,214610,14012079,False,4.962698499999533,5.60165219999908,8.920588000000862
3,2,Guard(300),exact,5,21175,150858,214925,14162937,False,5.161313500000688,4.14951800000199,4.966587699997035
3,2,Guard(300),exact,6,12017,60223,215046,14223160,False,5.078933299999335,3.094493299999158,2.8137241000003996
3,2,Guard(300),exact,7,6437,38460,215072,14261620,False,5.1076357000019925,2.585482399998,1.5479040999998688
3,2,Guard(300),exact,8,4261,34673,215096,14296293,False,5.17456840000159,2.359060099999624,1.072961599998962
3,2,Guard(300),exact,9,2207,16256,215097,14312549,False,5.113786500001879,2.092783399999462,0.5548525999984122
3,2,Guard(300),exact,10,1477,9172,215097,14321721,False,4.980082099998981,2.014744600000995,0.4103575000008277
3,2,Guard(300),exact,11,598,2041,215097,14323762,False,5.052942599999369,2.002534499999456,0.18284879999919212
3,2,Guard(300),exact,12,195,232,215097,14323994,False,5.2399107000019285,1.9057958999983384,0.06828460000178893
3,2,Guard(300),exact,13,130,467,215097,14324461,False,5.3628338999988046,1.8950713999984146,0.03796880000300007
3,2,Guard(300),exact,14,5,5,215097,14324466,False,4.981540799999493,1.8412075000014738,0.010634399997798027
3,2,Guard(300),exact,15,0,0,215097,14324466,True,5.197055399999954,1.8258769999993092,0.0
3,2,Guard(600),exact,1,179376,9999740,179376,9999740,False,5.003207400000974,9.673556999998254,17.95506380000006
3,2,Guard(600),exact,2,91539,3385981,193952,13385721,False,5.1033730000017385,7.623606299999665,13.92383549999795
3,2,Guard(600),exact,3,60670,1449331,199819,14835052,False,5.054992900000798,6.631059600000299,11.55707319999783
3,2,Guard(600),exact,4,41694,709717,201736,15544769,False,4.973876599997311,6.5940769000008,9.099013200000627
3,2,Guard(600),exact,5,27285,316873,202414,15861642,False,5.058302000001277,5.027890999997908,6.309756599999673
3,2,Guard(600),exact,6,18194,156571,202731,16018213,False,5.2149762000008195,3.947395699997287,4.383909600001061
3,2,Guard(600),exact,7,13166,80945,202899,16099158,False,5.167232800002239,3.49281979999796,3.1209269000028144
3,2,Guard(600),exact,8,7107,37496,202956,16136654,False,5.158958600000915,2.8094600999975228,1.667599500000506
3,2,Guard(600),exact,9,3594,15969,202982,16152623,False,5.022205200002645,2.444004400000267,0.9836599999980535
3,2,Guard(600),exact,10,1389,6724,202987,16159347,False,5.004371799997898,2.188988600002631,0.42716849999851547
3,2,Guard(600),exact,11,801,5552,202997,16164899,False,5.20310480000262,2.124434699999256,0.25855199999932665
3,2,Guard(600),exact,12,676,7343,203000,16172242,False,5.166796299999987,2.105667199997697,0.23120840000046883
3,2,Guard(600),exact,13,488,1932,203000,16174174,False,4.984226399999898,2.0757236999997986,0.15586619999885443
3,2,Guard(600),exact,14,128,132,203000,16174306,False,5.154021399997873,1.9861223000007158,0.05937949999861303
3,2,Guard(600),exact,15,0,0,203000,16174306,True,5.165906599999289,1.9688453000017034,0.0
3,2,Guard(1200),exact,1,178682,10013038,178682,10013038,False,5.1769012000004295,9.41579119999733,17.225035000003118
3,2,Guard(1200),exact,2,90928,3345015,192887,13358053,False,5.149134399998729,8.386425400000007,14.09141240000099
3,2,Guard(1200),exact,3,60664,1496965,198455,14855018,False,5.42429600000105,7.054839299999003,11.792901599998004
3,2,Guard(1200),exact,4,40691,763273,200472,15618291,False,4.964215299998614,5.986627900001622,9.113934900000459
3,2,Guard(1200),exact,5,27235,312641,201316,15930932,False,5.05964259999746,4.754807900000742,6.315545500001463
3,2,Guard(1200),exact,6,16491,137944,201598,16068876,False,5.260213999998086,3.953636900001584,4.069247299998096
3,2,Guard(1200),exact,7,10439,75751,201730,16144627,False,5.25868939999782,3.17373100000259,3.009498399998847
3,2,Guard(1200),exact,8,7348,51596,201811,16196223,False,5.028539699997054,2.9405485999996017,1.8874671000012313
3,2,Guard(1200),exact,9,4716,17987,201838,16214210,False,4.94675289999941,2.5188740999983565,1.1938215000009222
3,2,Guard(1200),exact,10,2293,7438,201857,16221648,False,4.922622300000512,2.149104399999487,0.5720441000012215
3,2,Guard(1200),exact,11,1840,5041,201878,16226689,False,5.149711500002013,2.1801752999999735,0.5030602000006184
3,2,Guard(1200),exact,12,1286,4723,201890,16231412,False,5.241347799998039,2.173429099999339,0.3239275000014459
3,2,Guard(1200),exact,13,455,1417,201901,16232829,False,5.207817299997259,2.009716800002934,0.13537919999726
3,2,Guard(1200),exact,14,217,332,201904,16233161,False,5.218381299997418,1.9586087000025145,0.06702199999926961
3,2,Guard(1200),exact,15,76,123,201907,16233284,False,5.04911109999739,2.049123700002383,0.02779069999814965
3,2,Guard(1200),exact,16,8,8,201907,16233292,False,5.18384579999838,2.00237300000299,0.010555899996688822
3,2,Guard(1200),exact,17,0,0,201907,16233292,True,5.206730400001106,1.9211775999974634,0.0
3,2,Aging(600),exact,1,226767,9923762,226767,9923762,False,2.659050100002787,11.021106899999722,17.36631089999719
3,2,Aging(600),exact,2,72718,220058,236189,10143820,False,2.7067406000023766,6.829039099997317,7.277434700001322
3,2,Aging(600),exact,3,15722,27269,237302,10171089,False,2.6942535000016505,2.545676199999434,1.6510629000003973
3,2,Aging(600),exact,4,3675,5494,237790,10176583,False,2.6359531999987666,1.9146418999989692,0.4019136000024446
3,2,Aging(600),exact,5,975,1663,237913,10178246,False,2.6266314999993483,1.6813626000002841,0.1017083000006096
3,2,Aging(600),exact,6,39,40,237914,10178286,False,2.62756630000149,1.5363245000007737,0.02243829999861191
3,2,Aging(600),exact,7,6,6,237914,10178292,False,2.6085578000020178,1.5244153999992704,0.011105000001407461
3,2,Aging(600),exact,8,5,5,237914,10178297,False,2.6108020000028773,1.5472702999977628,0.01185790000090492
3,2,Aging(600),exact,9,0,0,237914,10178297,True,2.639904199997545,1.5617314000010083,0.0
3,2,Guard(600),exact_other_class_withheld,1,180080,10016229,180080,10016229,False,5.155488099997456,9.280998300000647,40.629708699998446
3,2,Guard(600),exact_other_class_withheld,2,90988,3237060,194022,13253289,False,5.027313300000969,8.173354800001107,29.360673999999563
3,2,Guard(600),exact_other_class_withheld,3,59151,1360078,199684,14613367,False,5.005384399999457,6.973278000001301,24.651513599997998
3,2,Guard(600),exact_other_class_withheld,4,41887,616358,201696,15229725,False,4.922117800000706,5.785377399999561,19.597427999997308
3,2,Guard(600),exact_other_class_withheld,5,28474,323915,202535,15553640,False,5.131391599999915,4.9240404999982275,13.905092199998762
3,2,Guard(600),exact_other_class_withheld,6,18480,155094,202904,15708734,False,5.17417110000315,4.520486299999902,9.613357299997006
3,2,Guard(600),exact_other_class_withheld,7,8613,76549,202957,15785283,False,5.230768999997963,3.1621292000018,5.023714199996903
3,2,Guard(600),exact_other_class_withheld,8,5809,54383,202978,15839666,False,5.240015100000164,2.7675364000024274,3.237078599999222
3,2,Guard(600),exact_other_class_withheld,9,4612,35901,203018,15875567,False,5.227078100000654,2.647699499997543,2.7456920000004175
3,2,Guard(600),exact_other_class_withheld,10,3398,26082,203032,15901649,False,5.286494600000879,2.4682280999986688,2.1274774000012258
3,2,Guard(600),exact_other_class_withheld,11,1996,9468,203034,15911117,False,5.045551199997135,2.3143215000018245,1.2827389999984007
3,2,Guard(600),exact_other_class_withheld,12,1189,5771,203034,15916888,False,5.04844569999841,2.090266999999585,0.7534446999998181
3,2,Guard(600),exact_other_class_withheld,13,187,231,203034,15917119,False,4.90332810000109,2.036784899999475,0.12025540000104229
3,2,Guard(600),exact_other_class_withheld,14,11,12,203034,15917131,False,6.319236600000295,1.9544133999988844,0.014414100001886254
3,2,Guard(600),exact_other_class_withheld,15,0,0,203034,15917131,True,5.020974200000637,1.906168699999398,0.0
4,0,SPJF-E,exact,1,51082,1140564,51082,1140564,False,2.5421562000010454,3.5295177999978478,3.683593400000973
4,0,SPJF-E,exact,2,25692,443401,52217,1583965,False,2.5092268000007607,2.6750093000009656,3.6131428000007872
4,0,SPJF-E,exact,3,17450,280372,52368,1864337,False,2.532818799998495,2.2934539999987464,3.912809900000866
4,0,SPJF-E,exact,4,13536,198035,52394,2062372,False,2.5300285999983316,2.1850465000024997,2.9643787999993947
4,0,SPJF-E,exact,5,11374,105779,52395,2168151,False,2.543578900000284,1.9420484000002034,2.4544094000011683
4,0,SPJF-E,exact,6,9377,62034,52398,2230185,False,2.5517528999989736,1.8419290000019828,2.046325999999681
4,0,SPJF-E,exact,7,6412,32284,52410,2262469,False,2.5544010999983584,1.6813341999986733,1.6226476000010734
4,0,SPJF-E,exact,8,3752,9189,52410,2271658,False,2.5479300999977568,1.3506591000004846,0.8157939000011538
4,0,SPJF-E,exact,9,2171,3762,52410,2275420,False,2.5337689999978465,1.243881099999271,0.5427082999995037
4,0,SPJF-E,exact,10,754,1461,52414,2276881,False,2.542253699997673,1.0338672000034421,0.18105459999787854
4,0,SPJF-E,exact,11,741,750,52414,2277631,False,2.508317200001329,1.0135931000004348,0.18525579999914044
4,0,SPJF-E,exact,12,900,1790,52414,2279421,False,2.5045688999998674,1.039881400000013,0.1658066999989387
4,0,SPJF-E,exact,13,711,976,52414,2280397,False,2.5214923999992607,1.0730573000000732,0.17245959999854676
4,0,SPJF-E,exact,14,641,880,52414,2281277,False,2.567499900000257,1.0203132999995432,0.146709099997679
4,0,SPJF-E,exact,15,59,61,52414,2281338,False,2.522115899999335,0.9317475999996532,0.014769900000828784
4,0,SPJF-E,exact,16,37,39,52414,2281377,False,2.553156800000579,0.9698219999991124,0.014825700000073994
4,0,SPJF-E,exact,17,62,62,52414,2281439,False,2.534758999998303,0.9259597999989637,0.02011080000011134
4,0,SPJF-E,exact,18,11,30,52414,2281469,False,2.539844599999924,0.9864037999977882,0.005337500002497109
4,0,SPJF-E,exact,19,12,13,52414,2281482,False,2.5466110999986995,0.9587919000005058,0.005829400000948226
4,0,SPJF-E,exact,20,36,39,52414,2281521,False,2.5371179999965534,0.9680972000023758,0.012357100000372157
4,0,SPJF-E,exact,21,269,281,52414,2281802,False,2.558168999999907,0.9386058999989473,0.07632449999800883
4,0,SPJF-E,exact,22,147,355,52414,2282157,False,2.535846800001309,0.9366312999991351,0.045756200001051184
4,0,SPJF-E,exact,23,2,2,52414,2282159,False,2.5578826000019035,0.9327798999984225,0.0031486000007134862
4,0,SPJF-E,exact,24,0,0,52414,2282159,True,2.54240320000099,0.9374244999999064,0.0
4,0,Guard(300),exact,1,51167,1163474,51167,1163474,False,5.068573500000639,3.2510294999992766,4.8125734999994165
4,0,Guard(300),exact,2,25580,435836,52169,1599310,False,5.430995700000494,2.444651400001021,3.9153541999985464
4,0,Guard(300),exact,3,17210,238277,52293,1837587,False,5.1734953000013775,2.097938200000499,3.285407999999734
4,0,Guard(300),exact,4,13060,90613,52325,1928200,False,5.065403500000684,1.8699979000011808,2.326232899999013
4,0,Guard(300),exact,5,10219,51746,52331,1979946,False,4.885187200001383,1.9210162999988825,2.073207600002206
4,0,Guard(300),exact,6,6748,45913,52333,2025859,False,4.978431299998192,1.5320815999984916,1.4736546000021917
4,0,Guard(300),exact,7,4667,21643,52333,2047502,False,4.90036820000023,1.2378104999988864,0.9531127000009292
4,0,Guard(300),exact,8,3273,12036,52333,2059538,False,4.867457899999863,1.1344341000003624,0.6798792999979923
4,0,Guard(300),exact,9,1948,7745,52333,2067283,False,5.0461978999992425,1.19070930000089,0.506952599997021
4,0,Guard(300),exact,10,1414,7232,52333,2074515,False,5.2759955000001355,1.1653575999989698,0.35602940000171657
4,0,Guard(300),exact,11,326,570,52333,2075085,False,5.142448599999625,0.98527280000053,0.0787912999985565
4,0,Guard(300),exact,12,246,247,52333,2075332,False,4.965236000000004,0.9431241999991471,0.04704499999934342
4,0,Guard(300),exact,13,178,178,52333,2075510,False,5.041985399999248,0.9151430999991135,0.034969600001204526
4,0,Guard(300),exact,14,160,194,52333,2075704,False,5.01959590000115,0.9354442000003473,0.0442957999985083
4,0,Guard(300),exact,15,53,70,52333,2075774,False,5.071553999998287,0.927480000002106,0.017145699999673525
4,0,Guard(300),exact,16,7,7,52333,2075781,False,5.010234199999104,0.9548007000012149,0.005373899999540299
4,0,Guard(300),exact,17,0,0,52333,2075781,True,5.234285400001681,0.8989618999985396,0.0
4,0,Guard(600),exact,1,51082,1147693,51082,1147693,False,5.0122612999984995,3.533755399999791,2.232012799999211
4,0,Guard(600),exact,2,25632,440380,52157,1588073,False,5.1322629999995115,2.5961420000021462,2.445401999997557
4,0,Guard(600),exact,3,17504,275628,52352,1863701,False,5.160677600000781,2.316336100000626,2.432464199999231
4,0,Guard(600),exact,4,13540,197462,52378,2061163,False,5.067939800002932,2.0797741999995196,1.220207099999243
4,0,Guard(600),exact,5,10904,104218,52379,2165381,False,5.076683100000082,1.8813344999980472,1.1429575000001932
4,0,Guard(600),exact,6,9539,72388,52382,2237769,False,5.10845369999879,1.8643554000009317,1.1775156000003335
4,0,Guard(600),exact,7,6594,48034,52398,2285803,False,5.121501200002967,1.6468320999993011,0.9425889999984065
4,0,Guard(600),exact,8,3615,7139,52398,2292942,False,5.179685200000677,1.3092979999964882,0.5687504000015906
4,0,Guard(600),exact,9,1629,2478,52398,2295420,False,5.12296939999942,1.1862230000006093,0.17975709999882383
4,0,Guard(600),exact,10,694,786,52398,2296206,False,5.144194399999833,1.0512267000012798,0.1408186000007845
4,0,Guard(600),exact,11,880,1027,52398,2297233,False,5.233458500002598,1.0384481999972195,0.08166139999957522
4,0,Guard(600),exact,12,1004,1790,52398,2299023,False,4.924654099999316,1.0661703000005218,0.1312580000012531
4,0,Guard(600),exact,13,764,1022,52398,2300045,False,5.068819899999653,1.0358071999980893,0.11848810000083176
4,0,Guard(600),exact,14,641,869,52398,2300914,False,5.070751200000814,1.0517924000014318,0.10858189999999013
4,0,Guard(600),exact,15,24,26,52398,2300940,False,5.136897100001079,0.9421163000006345,0.0035616999994090293
4,0,Guard(600),exact,16,1,1,52398,2300941,False,5.1259226000001945,0.9152174999981071,0.004707300002337433
4,0,Guard(600),exact,17,1,1,52398,2300942,False,5.198931999999331,0.9522429999997257,0.0035291999993205536
4,0,Guard(600),exact,18,0,0,52398,2300942,True,5.193968299998232,0.899595800001407,0.0
4,0,Guard(1200),exact,1,51141,1142313,51141,1142313,False,5.137145000000601,3.4705137999990257,1.340347000001202
4,0,Guard(1200),exact,2,25612,444726,52197,1587039,False,5.027476399998704,2.6498046000015165,1.290724799997406
4,0,Guard(1200),exact,3,17430,278323,52333,1865362,False,4.984571699998924,2.0950023000004876,1.2326219999995374
4,0,Guard(1200),exact,4,13536,197672,52359,2063034,False,5.12066810000033,2.014877100002195,1.436075699999492
4,0,Guard(1200),exact,5,11350,103074,52360,2166108,False,5.048994299999322,1.9875196000029973,2.502874099998735
4,0,Guard(1200),exact,6,9634,61260,52363,2227368,False,4.896979900000588,1.9418557999997574,2.2159777999986545
4,0,Guard(1200),exact,7,6358,32081,52375,2259449,False,4.860569500000565,1.6238462000001164,1.5431418000007397
4,0,Guard(1200),exact,8,3909,9414,52375,2268863,False,4.970041700002184,1.2729664999969827,0.8424156000000949
4,0,Guard(1200),exact,9,2500,4274,52376,2273137,False,4.9109800000005635,1.3038498000023537,0.6021000999971875
4,0,Guard(1200),exact,10,844,1363,52379,2274500,False,5.094161799999711,1.0947637999997823,0.2177360999994562
4,0,Guard(1200),exact,11,917,1101,52379,2275601,False,5.2475859000005585,1.0385203000005276,0.233669799999916
4,0,Guard(1200),exact,12,930,1815,52379,2277416,False,5.1223857999975735,1.0145026999998663,0.22430030000032275
4,0,Guard(1200),exact,13,700,965,52379,2278381,False,5.021493000000191,1.002365300002566,0.1752715000002354
4,0,Guard(1200),exact,14,662,901,52379,2279282,False,5.3082753000016965,1.0561402999992424,0.15067210000052
4,0,Guard(1200),exact,15,59,61,52379,2279343,False,4.921357600000192,0.9439954000008584,0.01640630000110832
4,0,Guard(1200),exact,16,37,39,52379,2279382,False,5.112226999997802,0.9704158000022289,0.013404900000750786
4,0,Guard(1200),exact,17,62,62,52379,2279444,False,5.135744800001703,0.9789228000008734,0.023221099996590056
4,0,Guard(1200),exact,18,11,30,52379,2279474,False,5.153300500001933,0.9600713999971049,0.005788100002973806
4,0,Guard(1200),exact,19,12,13,52379,2279487,False,5.096817300000112,0.9616428000008455,0.005621000000246568
4,0,Guard(1200),exact,20,36,39,52379,2279526,False,5.22488290000183,0.9485772000007273,0.010470399996847846
4,0,Guard(1200),exact,21,269,281,52379,2279807,False,5.069922800001223,0.9743271000006644,0.07552239999859012
4,0,Guard(1200),exact,22,147,355,52379,2280162,False,5.178752600000735,0.9687688999983948,0.036155000001599547
4,0,Guard(1200),exact,23,2,2,52379,2280164,False,5.068719600003533,0.9493279999987863,0.0038901000007172115
4,0,Guard(1200),exact,24,0,0,52379,2280164,True,4.886530199997651,0.9289998999993259,0.0
4,0,Aging(600),exact,1,51960,1122131,51960,1122131,False,2.588403700003255,3.3785846999999194,3.776101199997356
4,0,Aging(600),exact,2,21685,50456,52827,1172587,False,2.631824299998698,2.158099399999628,1.8758127000000968
4,0,Aging(600),exact,3,4903,7169,52921,1179756,False,2.6065670999996655,1.1490385000033712,0.5226064999988012
4,0,Aging(600),exact,4,1120,1788,52938,1181544,False,2.584990999999718,0.9476508000007016,0.12866859999849112
4,0,Aging(600),exact,5,234,256,52943,1181800,False,2.611182500000723,0.8946773999996367,0.030803999998170184
4,0,Aging(600),exact,6,73,74,52945,1181874,False,2.5784607000023243,0.8664219999991474,0.013737299999775132
4,0,Aging(600),exact,7,0,0,52945,1181874,True,2.6033521000026667,0.8440248999977484,0.0
4,0,Guard(600),exact_other_class_withheld,1,51163,1127826,51163,1127826,False,5.244530800002394,3.3584410000003118,10.816838399998232
4,0,Guard(600),exact_other_class_withheld,2,25768,415165,52237,1542991,False,5.0310747000003175,2.4982645999989472,9.40580559999944
4,0,Guard(600),exact_other_class_withheld,3,17307,267520,52381,1810511,False,4.79042489999847,2.102589400001307,7.675614799998584
4,0,Guard(600),exact_other_class_withheld,4,11529,133551,52423,1944062,False,4.840337999998155,1.8902794999994512,5.709727000001294
4,0,Guard(600),exact_other_class_withheld,5,9973,110501,52433,2054563,False,4.9477698000009696,1.8631300999986706,5.456374000001233
4,0,Guard(600),exact_other_class_withheld,6,8091,71026,52437,2125589,False,5.170778400002746,1.7430305999987468,4.39052570000058
4,0,Guard(600),exact_other_class_withheld,7,5481,45814,52440,2171403,False,4.950906300000497,1.4639038999994227,3.1816317999982857
4,0,Guard(600),exact_other_class_withheld,8,5982,27540,52449,2198943,False,5.177520999997796,1.5549121000003652,3.2942198000018834
4,0,Guard(600),exact_other_class_withheld,9,3601,11726,52449,2210669,False,5.0764831000014965,1.3212813999998616,2.025241299998015
4,0,Guard(600),exact_other_class_withheld,10,1915,4215,52449,2214884,False,4.9471555999989505,1.1863430000012158,1.203597899999295
4,0,Guard(600),exact_other_class_withheld,11,812,1607,52449,2216491,False,5.231432500000665,1.092506199998752,0.4919024000009813
4,0,Guard(600),exact_other_class_withheld,12,1035,1378,52449,2217869,False,4.83956820000094,1.0251509999980044,0.5977388999999675
4,0,Guard(600),exact_other_class_withheld,13,579,927,52449,2218796,False,5.02890049999769,0.9579832000017632,0.3114477999988594
4,0,Guard(600),exact_other_class_withheld,14,704,863,52449,2219659,False,5.009888699998555,0.9704649000013887,0.38283400000000256
4,0,Guard(600),exact_other_class_withheld,15,154,232,52449,2219891,False,5.0075507999972615,0.9854614000032598,0.09100199999738834
4,0,Guard(600),exact_other_class_withheld,16,134,183,52449,2220074,False,5.162605199999234,0.9455978000005416,0.065265699999145
4,0,Guard(600),exact_other_class_withheld,17,27,37,52449,2220111,False,5.0952383000003465,0.9424698000002536,0.018541800000093644
4,0,Guard(600),exact_other_class_withheld,18,1,1,52449,2220112,False,5.138282200001413,0.9479189999983646,0.003609900002629729
4,0,Guard(600),exact_other_class_withheld,19,0,0,52449,2220112,True,4.9299458999994386,0.8911656000018411,0.0
4,1,SPJF-E,exact,1,99998,4631022,99998,4631022,False,2.589112000001478,5.995724899999914,8.397600500000408
4,1,SPJF-E,exact,2,52844,1747942,103382,6378964,False,2.5639751000016986,5.684485899997526,9.428870900002948
4,1,SPJF-E,exact,3,36569,1066793,104162,7445757,False,2.4498772000006284,4.270001700002467,7.6641934999970545
4,1,SPJF-E,exact,4,28701,505436,104451,7951193,False,2.4900610000004235,4.109000500000548,6.468270499997743
4,1,SPJF-E,exact,5,21958,337209,104552,8288402,False,2.530856199999107,4.155230299998948,5.072596000001795
4,1,SPJF-E,exact,6,18895,213650,104626,8502052,False,2.492540999999619,3.493660699998145,4.788011700002244
4,1,SPJF-E,exact,7,12036,100696,104677,8602748,False,2.579641600001196,2.716695699997217,2.9318658000011055
4,1,SPJF-E,exact,8,7937,66961,104688,8669709,False,2.543852599999809,2.3768467999980203,2.118307000000641
4,1,SPJF-E,exact,9,6812,56338,104697,8726047,False,2.5705039000022225,2.3366661999971257,2.0772743000015907
4,1,SPJF-E,exact,10,5213,44094,104716,8770141,False,2.5419279000016104,2.1231050999995205,1.4957567999990715
4,1,SPJF-E,exact,11,3536,22690,104741,8792831,False,2.5704362000033143,2.0660368999997445,0.9414322999982687
4,1,SPJF-E,exact,12,2875,11647,104753,8804478,False,2.6090977000021667,2.084850600000209,0.8545758000000205
4,1,SPJF-E,exact,13,677,2498,104753,8806976,False,2.5265274999983376,1.5315986000023258,0.1803068000008352
4,1,SPJF-E,exact,14,290,693,104753,8807669,False,2.5545719000001554,1.4341033999990032,0.10268180000275606
4,1,SPJF-E,exact,15,213,506,104753,8808175,False,2.5778559999998834,1.491726699998253,0.07872200000201701
4,1,SPJF-E,exact,16,88,222,104753,8808397,False,2.544295700001385,1.429319700000633,0.03342559999873629
4,1,SPJF-E,exact,17,42,86,104753,8808483,False,2.5634628999978304,1.491889800003264,0.016466099998069694
4,1,SPJF-E,exact,18,7,9,104753,8808492,False,2.5617211000026145,1.4246173999999883,0.007868999997299397
4,1,SPJF-E,exact,19,0,0,104753,8808492,True,2.5529729000008956,1.402968200000032,0.0
4,1,Guard(300),exact,1,102165,4660448,102165,4660448,False,4.915280099998199,5.935107400000561,10.831833600001119
4,1,Guard(300),exact,2,53399,1532351,105833,6192799,False,4.857727500002511,4.683032699998876,9.204634800000349
4,1,Guard(300),exact,3,37236,674085,107026,6866884,False,4.914120299999922,4.185707199998433,7.5682424000005994
4,1,Guard(300),exact,4,28229,288840,107557,7155724,False,4.93186649999916,3.809400400001323,6.339426200000162
4,1,Guard(300),exact,5,20181,135283,107757,7291007,False,5.056967900000018,3.0837979999996605,4.43317869999737
4,1,Guard(300),exact,6,14259,91014,107854,7382021,False,4.828095100001519,2.6309861000008823,3.3388195000006817
4,1,Guard(300),exact,7,9684,50564,107867,7432585,False,5.029445000000123,2.372709200000827,2.2890876999990724
4,1,Guard(300),exact,8,5359,17906,107868,7450491,False,4.873633400002291,1.8810149999990244,1.2233500000002095
4,1,Guard(300),exact,9,1728,6860,107868,7457351,False,4.795751900001051,1.6328355999976338,0.41938800000207266
4,1,Guard(300),exact,10,1325,4321,107868,7461672,False,4.786092199999985,1.442295799999556,0.2747317000030307
4,1,Guard(300),exact,11,536,1638,107868,7463310,False,4.804405400001997,1.3197080999998434,0.1275010999997903
4,1,Guard(300),exact,12,297,629,107868,7463939,False,4.838994500001718,1.4471301000012318,0.08713589999752003
4,1,Guard(300),exact,13,76,109,107868,7464048,False,5.052365899999131,1.3895530000008876,0.026433899998664856
4,1,Guard(300),exact,14,66,101,107868,7464149,False,4.812680299997737,1.4312473999998474,0.02331170000252314
4,1,Guard(300),exact,15,1,1,107868,7464150,False,5.04247199999736,1.4089788000019325,0.0053463999975065235
4,1,Guard(300),exact,16,0,0,107868,7464150,True,4.787120799999684,1.3138192000005802,0.0
4,1,Guard(600),exact,1,100405,4643433,100405,4643433,False,5.005998000000545,6.061958800000866,10.384990300000936
4,1,Guard(600),exact,2,52937,1737329,103777,6380762,False,4.99227239999891,4.788734400000976,8.42091359999904
4,1,Guard(600),exact,3,36724,1018795,104683,7399557,False,4.915176700000302,4.6632869999994,6.0875945999978285
4,1,Guard(600),exact,4,28722,506672,104964,7906229,False,4.857293199998821,4.013746900000115,6.527326800001902
4,1,Guard(600),exact,5,22659,335977,105290,8242206,False,4.82433089999904,3.7827610000022105,5.414716699997371
4,1,Guard(600),exact,6,18842,195761,105439,8437967,False,4.85179639999842,3.538748899998609,5.126214800002344
4,1,Guard(600),exact,7,12349,106929,105512,8544896,False,4.783409300001949,2.921683299999131,3.0301629999994475
4,1,Guard(600),exact,8,8278,66046,105604,8610942,False,4.902623999998468,2.474245299999893,2.2659145000034187
4,1,Guard(600),exact,9,6518,50339,105616,8661281,False,4.9577401999995345,2.261135299999296,1.7704751000019314
4,1,Guard(600),exact,10,4769,34785,105618,8696066,False,4.947070799997164,2.0534294999997655,1.3691281999999774
4,1,Guard(600),exact,11,3359,24494,105618,8720560,False,4.7881333000004815,1.950575700000627,1.023731699999189
4,1,Guard(600),exact,12,2833,13566,105618,8734126,False,4.860268699998414,1.9641346000025806,0.7548486999985471
4,1,Guard(600),exact,13,878,5539,105621,8739665,False,4.785358000000997,1.533883899999637,0.2423285999975633
4,1,Guard(600),exact,14,579,3284,105621,8742949,False,5.330826699999307,1.526813000000402,0.1742692999978317
4,1,Guard(600),exact,15,310,1224,105621,8744173,False,5.230207399999927,1.4974151000023994,0.11996539999745437
4,1,Guard(600),exact,16,81,281,105621,8744454,False,4.931439500000124,1.4827901999997266,0.02828640000006999
4,1,Guard(600),exact,17,17,66,105621,8744520,False,5.092653899999277,1.4141157000012754,0.009684999997261912
4,1,Guard(600),exact,18,3,9,105621,8744529,False,5.202189499999804,1.4489369000002625,0.0064366000005975366
4,1,Guard(600),exact,19,0,0,105621,8744529,True,4.994927100000496,1.4237819999980275,0.0
4,1,Guard(1200),exact,1,100502,4638527,100502,4638527,False,4.954374799999641,5.898094800002582,10.889821999997366
4,1,Guard(1200),exact,2,53134,1754949,103968,6393476,False,5.011979599999904,4.891496300002473,8.463113199999498
4,1,Guard(1200),exact,3,37017,1051670,104871,7445146,False,4.662317300000723,4.663470200001029,7.912533799997618
4,1,Guard(1200),exact,4,29005,506274,105109,7951420,False,4.927320700000564,3.9546542999996745,6.732999799998652
4,1,Guard(1200),exact,5,22692,338204,105409,8289624,False,5.01444409999749,3.815059700002166,5.494460900001286
4,1,Guard(1200),exact,6,18322,215081,105541,8504705,False,4.92925870000181,3.5853246999977273,4.865732500002196
4,1,Guard(1200),exact,7,12332,104717,105608,8609422,False,4.9979296999990765,2.88301280000087,3.2629450999993423
4,1,Guard(1200),exact,8,8058,84587,105622,8694009,False,5.054177599999093,2.5601040000001376,2.3534663999998884
4,1,Guard(1200),exact,9,6370,80574,105628,8774583,False,4.947630799997569,2.2445611000002827,1.740117100001953
4,1,Guard(1200),exact,10,4624,50540,105639,8825123,False,5.118781500001205,1.992453700000624,1.3142123999969044
4,1,Guard(1200),exact,11,3001,20177,105641,8845300,False,4.802829100000963,1.8696425999987696,0.8779881000009482
4,1,Guard(1200),exact,12,2578,8911,105644,8854211,False,5.051736199999141,1.8308285999992222,0.7411396999996214
4,1,Guard(1200),exact,13,546,1617,105644,8855828,False,5.007394300002488,1.528759099997842,0.16391270000167424
4,1,Guard(1200),exact,14,285,1014,105644,8856842,False,5.098599400000239,1.476528099999996,0.0920663999968383
4,1,Guard(1200),exact,15,126,411,105644,8857253,False,5.022786800000176,1.436657499998546,0.04189510000287555
4,1,Guard(1200),exact,16,52,111,105644,8857364,False,4.748647699998401,1.454292099999293,0.019016000002011424
4,1,Guard(1200),exact,17,11,12,105644,8857376,False,4.9418804999986605,1.4795630000007804,0.008966199999122182
4,1,Guard(1200),exact,18,0,0,105644,8857376,True,5.298622700000124,1.4767852000004495,0.0
4,1,Aging(600),exact,1,109069,4456940,109069,4456940,False,2.620092699999077,6.223903400001291,9.006646399997408
4,1,Aging(600),exact,2,46063,129694,112209,4586634,False,2.6005540000005567,4.18513289999828,4.07558280000012
4,1,Aging(600),exact,3,11971,19459,112628,4606093,False,2.628273199999967,1.9605918999986898,1.29508270000224
4,1,Aging(600),exact,4,3058,4770,112766,4610863,False,2.618815199999517,1.4231617000004917,0.4001365000003716
4,1,Aging(600),exact,5,697,879,112870,4611742,False,2.6896574000020337,1.2020666999997047,0.09591559999898891
4,1,Aging(600),exact,6,143,265,112883,4612007,False,2.653991200000746,1.162440100000822,0.020438199997443007
4,1,Aging(600),exact,7,30,30,112885,4612037,False,2.6095410000016273,1.2405221000008169,0.00981119999778457
4,1,Aging(600),exact,8,17,17,112885,4612054,False,2.6333137000001443,1.1232275000002119,0.006276699998124968
4,1,Aging(600),exact,9,0,0,112885,4612054,True,2.5781231000000844,1.098258000001806,0.0
4,1,Guard(600),exact_other_class_withheld,1,100535,4592760,100535,4592760,False,4.718494199998531,5.876583299999766,24.021953700001177
4,1,Guard(600),exact_other_class_withheld,2,52790,1707457,103977,6300217,False,4.931798099998559,4.7340710000025865,21.16473119999864
4,1,Guard(600),exact_other_class_withheld,3,36164,1014599,104800,7314816,False,4.922885099997075,4.5646080000005895,16.733506299999135
4,1,Guard(600),exact_other_class_withheld,4,28268,458019,105071,7772835,False,5.078144200000679,4.0714756999987,14.793800000003102
4,1,Guard(600),exact_other_class_withheld,5,24033,317987,105246,8090822,False,4.935528500001965,3.986767200000031,13.100893099999666
4,1,Guard(600),exact_other_class_withheld,6,20744,201937,105310,8292759,False,5.011064499998611,3.9699078999983612,11.534161999999924
4,1,Guard(600),exact_other_class_withheld,7,13709,103159,105385,8395918,False,4.9540832999991835,3.141094400001748,7.296587000000727
4,1,Guard(600),exact_other_class_withheld,8,9435,88681,105504,8484599,False,4.682339000002685,2.486625199999253,5.36520439999731
4,1,Guard(600),exact_other_class_withheld,9,6647,43754,105510,8528353,False,5.214596900001197,2.3496678000010434,4.19769129999986
4,1,Guard(600),exact_other_class_withheld,10,5620,34034,105512,8562387,False,5.102080099997693,2.2046709999995073,3.4106073000002652
4,1,Guard(600),exact_other_class_withheld,11,3489,14693,105512,8577080,False,4.944826599999942,1.8545798000013747,1.9208728999983578
4,1,Guard(600),exact_other_class_withheld,12,2220,7622,105512,8584702,False,5.097537100002228,1.7581534999990254,1.4741143999999622
4,1,Guard(600),exact_other_class_withheld,13,2188,4341,105512,8589043,False,5.10571059999711,1.794414300002245,1.378062299998419
4,1,Guard(600),exact_other_class_withheld,14,1623,3889,105512,8592932,False,4.819621599999664,1.7045077000002493,0.9909332999995968
4,1,Guard(600),exact_other_class_withheld,15,1438,4580,105512,8597512,False,5.0012892999984615,1.6267578000006324,0.8458855999997468
4,1,Guard(600),exact_other_class_withheld,16,657,2252,105512,8599764,False,5.04912929999773,1.6023578000022098,0.43656779999946593
4,1,Guard(600),exact_other_class_withheld,17,560,1289,105512,8601053,False,5.100377399998251,1.4931574000002001,0.36015989999941667
4,1,Guard(600),exact_other_class_withheld,18,73,142,105512,8601195,False,5.137672799999564,1.449255900002754,0.05363199999919743
4,1,Guard(600),exact_other_class_withheld,19,13,15,105512,8601210,False,5.139935800001695,1.4443635999996332,0.014343700000608806
4,1,Guard(600),exact_other_class_withheld,20,0,0,105512,8601210,True,4.933278800002881,1.4364118999983475,0.0
4,2,SPJF-E,exact,1,130538,6544005,130538,6544005,False,2.5585164000003715,7.858118600001035,14.409175600001618
4,2,SPJF-E,exact,2,68954,2452013,137182,8996018,False,2.5979348000000755,6.576490700001159,11.604211399997439
4,2,SPJF-E,exact,3,46888,1228489,139348,10224507,False,2.616984300002514,6.177896099998179,9.386890500001755
4,2,SPJF-E,exact,4,35139,594343,139910,10818850,False,2.6261564000014914,5.341449999999895,7.916330399999424
4,2,SPJF-E,exact,5,27070,289753,140265,11108603,False,2.601435100001254,4.905583799998567,6.900610300002882
4,2,SPJF-E,exact,6,21247,165556,140406,11274159,False,2.591251000001648,4.225186899999244,5.9331789999996545
4,2,SPJF-E,exact,7,15353,89447,140504,11363606,False,2.578438799999276,3.4414839999990363,3.7434497000031115
4,2,SPJF-E,exact,8,8094,68218,140552,11431824,False,2.5285984000001918,2.8309504999997444,2.2130839000019478
4,2,SPJF-E,exact,9,5763,25677,140573,11457501,False,2.478618999997707,2.647695300001942,1.5897734999998647
4,2,SPJF-E,exact,10,2337,19253,140575,11476754,False,2.485916699999507,1.8521212000014202,0.6827514999968116
4,2,SPJF-E,exact,11,1091,18655,140575,11495409,False,2.4471202999993693,1.825296700000763,0.32356609999987995
4,2,SPJF-E,exact,12,703,13637,140575,11509046,False,2.441715999997541,1.848089200000686,0.22625840000182507
4,2,SPJF-E,exact,13,445,4713,140575,11513759,False,2.49102060000223,1.8190840999995999,0.16524790000039502
4,2,SPJF-E,exact,14,89,131,140575,11513890,False,2.567565500001365,1.6958819999999832,0.035807199998089345
4,2,SPJF-E,exact,15,0,0,140575,11513890,True,2.613271700000041,1.6593648999987636,0.0
4,2,Guard(300),exact,1,137208,6694540,137208,6694540,False,5.222078900002089,7.664517599998362,15.523315599999478
4,2,Guard(300),exact,2,70734,1910456,144897,8604996,False,5.231467800000246,6.652576399999816,11.50954570000249
4,2,Guard(300),exact,3,47869,621209,147171,9226205,False,5.067519000000175,5.616277400000399,9.669051199998648
4,2,Guard(300),exact,4,35808,314603,147691,9540808,False,5.096850300000369,5.275597599997127,8.32660240000041
4,2,Guard(300),exact,5,25245,145062,147818,9685870,False,5.345661499999551,4.214806199997838,5.802955300001486
4,2,Guard(300),exact,6,13598,53619,147828,9739489,False,5.2955151999995,3.075562699999864,3.143765100001474
4,2,Guard(300),exact,7,7477,30708,147843,9770197,False,5.194730100000015,2.35370260000127,1.5761902999984159
4,2,Guard(300),exact,8,5854,24713,147855,9794910,False,5.063417900000786,2.037949199999275,1.3100511000011466
4,2,Guard(300),exact,9,2257,4518,147859,9799428,False,5.127080599999317,1.8041530000009516,0.5420983999974851
4,2,Guard(300),exact,10,673,1202,147859,9800630,False,5.21458580000035,1.5966850000004342,0.17677560000083758
4,2,Guard(300),exact,11,106,127,147859,9800757,False,5.142976700000872,1.5037192999989202,0.033733799999026814
4,2,Guard(300),exact,12,69,86,147859,9800843,False,5.19695540000248,1.5437810999974317,0.026753599999210564
4,2,Guard(300),exact,13,4,4,147859,9800847,False,5.460049000001163,1.5219709999983024,0.007630500000232132
4,2,Guard(300),exact,14,0,0,147859,9800847,True,5.395518599998468,1.5026243000029353,0.0
4,2,Guard(600),exact,1,132562,6587023,132562,6587023,False,5.174252000000706,7.566471099999035,14.366273499999807
4,2,Guard(600),exact,2,69905,2389726,139346,8976749,False,5.023726100000204,6.590017300000909,11.675245200000063
4,2,Guard(600),exact,3,46994,1129002,141627,10105751,False,5.232962099998986,5.904728900000919,9.224050599998009
4,2,Guard(600),exact,4,35492,548195,142505,10653946,False,5.237428500000533,4.955468100000871,8.110591799999384
4,2,Guard(600),exact,5,27065,296050,142947,10949996,False,5.165485100002115,4.315711499999452,6.324404799997865
4,2,Guard(600),exact,6,21746,164810,143119,11114806,False,5.072105100000044,4.418827900000906,5.207722499999363
4,2,Guard(600),exact,7,16194,100122,143174,11214928,False,5.131134799998108,3.45812769999975,4.05257370000254
4,2,Guard(600),exact,8,9184,84831,143180,11299759,False,5.157470300000568,2.7134461000023293,2.33017689999906
4,2,Guard(600),exact,9,6520,25814,143185,11325573,False,4.971117799999774,2.4512748999986798,1.656667400002334
4,2,Guard(600),exact,10,2623,20645,143187,11346218,False,4.940879799996765,2.0072765000004438,0.7534474000021874
4,2,Guard(600),exact,11,1652,22898,143187,11369116,False,5.000670000001264,1.8766391999997722,0.4758615999999165
4,2,Guard(600),exact,12,768,13985,143187,11383101,False,6.099185700000817,1.736529400001018,0.24779969999872264
4,2,Guard(600),exact,13,316,3352,143187,11386453,False,5.0748153000022285,1.7195824999980687,0.10834679999970831
4,2,Guard(600),exact,14,20,24,143187,11386477,False,5.087170999999216,1.7362150000008114,0.01197850000244216
4,2,Guard(600),exact,15,68,68,143187,11386545,False,5.0274005999999645,1.6591905999994196,0.020581900000252062
4,2,Guard(600),exact,16,4,4,143187,11386549,False,5.020725999998831,1.6195953999995254,0.009578100001817802
4,2,Guard(600),exact,17,0,0,143187,11386549,True,4.889725799999724,1.5507063999975799,0.0
4,2,Guard(1200),exact,1,131841,6600358,131841,6600358,False,5.249040099999547,7.574582599998394,14.472049100000731
4,2,Guard(1200),exact,2,69815,2412396,138699,9012754,False,5.0746442999989085,6.632328800002142,11.221532799998386
4,2,Guard(1200),exact,3,46830,1177999,140972,10190753,False,5.055503799998405,5.4767030000002705,9.708507400002418
4,2,Guard(1200),exact,4,35999,583371,141613,10774124,False,5.204143200000544,4.794871799997054,8.034048400000756
4,2,Guard(1200),exact,5,28471,360991,141888,11135115,False,5.135380499999883,4.838442899999791,6.581179800003156
4,2,Guard(1200),exact,6,21593,152824,142027,11287939,False,4.944481300000916,4.188954100001865,5.501495099997555
4,2,Guard(1200),exact,7,11326,83502,142103,11371441,False,4.985553499998787,2.9266090000019176,2.8358862999994017
4,2,Guard(1200),exact,8,8156,61726,142129,11433167,False,4.8603732000010496,2.6646810000020196,2.0742984999997134
4,2,Guard(1200),exact,9,5190,36553,142132,11469720,False,5.074909200000548,2.306519899997511,1.4806497000026866
4,2,Guard(1200),exact,10,2717,15234,142141,11484954,False,5.020970400000806,2.166176999999152,0.8081373000022722
4,2,Guard(1200),exact,11,1131,4450,142141,11489404,False,4.974187700001494,1.876382400001603,0.3890810999982932
4,2,Guard(1200),exact,12,162,274,142141,11489678,False,5.063938800001779,1.675305799999478,0.0491546000012022
4,2,Guard(1200),exact,13,88,128,142141,11489806,False,5.283386100003554,1.7047444999989239,0.02345409999907133
4,2,Guard(1200),exact,14,45,70,142144,11489876,False,5.184223300002486,1.6644935999975132,0.020472300002438715
4,2,Guard(1200),exact,15,4,5,142144,11489881,False,5.257175299997471,1.677261400000134,0.014775300001929281
4,2,Guard(1200),exact,16,0,0,142144,11489881,True,5.161431500000617,1.6619658999989042,0.0
4,2,Aging(600),exact,1,153209,6404744,153209,6404744,False,2.684388999998191,8.031139900002017,13.942693699998927
4,2,Aging(600),exact,2,57595,175985,158377,6580729,False,2.604935600000317,4.968971900001634,5.204431399997702
4,2,Aging(600),exact,3,13183,21326,158871,6602055,False,2.6423608000004606,2.1689130999984627,1.437155800002074
4,2,Aging(600),exact,4,3003,9452,158914,6611507,False,2.585604500000045,1.547779199998331,0.3540013000019826
4,2,Aging(600),exact,5,720,1047,158918,6612554,False,2.6189020999991044,1.3289264000013645,0.08847550000064075
4,2,Aging(600),exact,6,160,260,158918,6612814,False,2.605992000000697,1.2318235999991884,0.024987799999507843
4,2,Aging(600),exact,7,38,46,158918,6612860,False,2.628824399998848,1.309818500001711,0.012994500000786502
4,2,Aging(600),exact,8,17,17,158918,6612877,False,2.6346666000026744,1.2538803999996162,0.009568199999193894
4,2,Aging(600),exact,9,2,2,158918,6612879,False,2.61919510000007,1.2719203000015114,0.007529800001066178
4,2,Aging(600),exact,10,0,0,158918,6612879,True,2.6945142000004125,1.2330660999978136,0.0
4,2,Guard(600),exact_other_class_withheld,1,133100,6570844,133100,6570844,False,5.004406100000779,7.38091329999952,34.064013299997896
4,2,Guard(600),exact_other_class_withheld,2,69849,2347220,139667,8918064,False,4.929655600000842,6.649362399999518,26.822606699999596
4,2,Guard(600),exact_other_class_withheld,3,46639,1122919,142147,10040983,False,4.936143800001446,5.223052499997721,20.576547200002096
4,2,Guard(600),exact_other_class_withheld,4,34974,688389,142992,10729372,False,5.211190199999692,5.2023493999986385,16.737495000001218
4,2,Guard(600),exact_other_class_withheld,5,26392,340290,143330,11069662,False,4.863678500001697,4.401927099999739,13.457772599998862
4,2,Guard(600),exact_other_class_withheld,6,15788,107164,143423,11176826,False,4.987015099999553,3.500672800000757,8.567812600002071
4,2,Guard(600),exact_other_class_withheld,7,9896,42146,143508,11218972,False,4.939541100000497,2.751372900002025,5.499135899997782
4,2,Guard(600),exact_other_class_withheld,8,4705,21109,143525,11240081,False,5.084631799996714,2.112683000003017,2.849988999998459
4,2,Guard(600),exact_other_class_withheld,9,2741,8756,143547,11248837,False,5.140785499999765,1.9292348999988462,1.4524221000028774
4,2,Guard(600),exact_other_class_withheld,10,1514,8998,143563,11257835,False,5.31840199999715,1.8383822000032524,0.9349320999972406
4,2,Guard(600),exact_other_class_withheld,11,847,2313,143567,11260148,False,5.149597100000392,1.724530199997389,0.4925016000015603
4,2,Guard(600),exact_other_class_withheld,12,206,264,143576,11260412,False,4.9132188000003225,1.6210387999999512,0.10911940000005416
4,2,Guard(600),exact_other_class_withheld,13,46,58,143576,11260470,False,5.172362500001327,1.6968383000021277,0.03551769999830867
4,2,Guard(600),exact_other_class_withheld,14,18,20,143576,11260490,False,5.1587939000019105,1.711723999997048,0.019364400002814364
4,2,Guard(600),exact_other_class_withheld,15,8,8,143576,11260498,False,4.929046699999162,1.5414082999996026,0.013074599999526981
4,2,Guard(600),exact_other_class_withheld,16,0,0,143576,11260498,True,4.91747750000286,1.595044899997447,0.0
