scope,policy,k,n_overlays,n_jobs_per_overlay,p99_deadline_s,p99_deadline_lo,p99_deadline_hi,mean_wait_s,mean_wait_lo,mean_wait_hi,p99_all_s_mean_across_overlays,max_wait_s_across_overlays,max_wait_s_across_policies,max_wait_plus_L_weeks,max_wait_across_policies_plus_L_weeks,max_excess_s,max_excess_resample_stability_lo,max_excess_resample_stability_hi,harm_s,harm_resample_stability_lo,harm_resample_stability_hi,absolute_p99_improvement_s,absolute_p99_improvement_lo,absolute_p99_improvement_hi,simultaneous_improvement_lo,simultaneous_improvement_hi,gap_closed,gap_closed_lo,gap_closed_hi,gap_valid_bootstrap_draws,gap_total_bootstrap_draws,gap_interval_all_draws_valid,reduction_pct,reduction_pct_lo,reduction_pct_hi,reduction_valid_bootstrap_draws,reduction_total_bootstrap_draws,reduction_interval_all_draws_valid,promise_cost_vs_SPJF_s,promise_cost_lo,promise_cost_hi,positive_wait_probability_mean,guard_forced_dispatches_total,guard_fired_fraction_mean,guard_fired_queue_weighted_mean,bound_checks_total,bound_violations_total,max_bound_violation_s,max_fraction_of_allowed_excess,simulated_overlay_cells,certified_identical_overlay_cells,certificate_kernel_validations,certificate_max_in_us,theorem_floor_s,fcfs_p99_deadline_s,fcfs_p99_div_floor,floor_eligible_mean_fcfs_p99_gt_floor,overlays_fcfs_p99_gt_floor,overlays_in_scope,promise_G_s,fcfs_p99_div_G,G_below_fcfs_p99,busy_hour_offered_load_mean,b0_s,eta,gamma_s,bmax_s
overlay0_full_envelope,FCFS,1,1,17634760,110194.2548486,94317.69721271549,116737.44017422394,20070.62067087102,10503.987345477657,29341.64175556345,108410.21942924,125374.723699,412270.285375,0.20739868336474868,0.6817630379877645,0.0,0.0,0.0,0.0,0.0,0.0,0.0,0.0,0.0,,,0.0,0.0,0.0,2000,2000,True,0.0,0.0,0.0,2000,2000,True,,,,0.9326356582113962,0,0.0,0.0,0,0,0.0,0.0,1,0,0,0,60.0,110194.2548486,1836.5709141433333,True,1,1,,,False,4.235428661112156,0.0,0.0,0.0,0.0
overlay0_full_envelope,SJF,1,1,17634760,32908.28522420003,18737.5067547,39799.016478387995,727.4698904166291,392.6412418795009,1037.3358497483503,20329.63203472001,395287.665811,412270.285375,0.6536833098726852,0.6817630379877645,392769.609994,343900.129871,392769.609994,755.566349,272.533447,755.566349,77285.96962439996,69975.79452303404,83699.97344246425,,,1.0,1.0,1.0,2000,2000,True,70.13611529075273,65.52208156274243,80.60101466382633,2000,2000,True,,,,0.9326353179742736,0,0.0,0.0,0,0,0.0,0.0,1,0,0,0,60.0,110194.2548486,1836.5709141433333,True,1,1,,,False,4.235428661112156,0.0,0.0,0.0,0.0
overlay0_full_envelope,SPJF-E,1,1,17634760,136699.55758410104,64205.66508901147,168820.76494380998,3084.3911259959114,1568.465392914412,4554.817837327795,66894.2034900801,412270.285375,412270.285375,0.6817630379877645,0.6817630379877645,411330.261637,364749.962804,411330.261637,21146.752755,1110.029059,21146.752755,-26505.30273550104,-54720.92121021674,33843.052563840945,,,-0.34295102803669875,-0.7340233343018425,0.42674226147488825,2000,2000,True,-24.053252841464072,-48.31017401359361,33.87947114181489,2000,2000,True,,,,0.9326354313866477,0,0.0,0.0,0,0,0.0,0.0,1,0,0,0,60.0,110194.2548486,1836.5709141433333,True,1,1,,,False,4.235428661112156,0.0,0.0,0.0,0.0
overlay0_full_envelope,Guard(300),1,1,17634760,110417.88798665004,94546.67797171522,116801.21042655368,19964.25557431582,10421.568884391003,29230.32410989259,108637.64394363,125614.905528,412270.285375,0.20779580940476192,0.6817630379877645,295.264431,293.866343,295.264431,75.071002,69.748011,75.071002,-223.63313805003418,-237.55359341199764,-19.53803583199055,,,-0.0028935800267094135,-0.0031704263167540675,-0.00025603102424578636,2000,2000,True,-0.20294446235631075,-0.22941992564648656,-0.020891391647182008,2000,2000,True,-26281.669597451008,-54516.739802379234,34054.18779168494,0.9326355447990219,9111325,0.5166685001667162,0.9844680912803951,17634760,0,0.0,0.98421477,1,0,0,0,60.0,110194.2548486,1836.5709141433333,True,1,1,300.0,367.3141828286667,True,4.235428661112156,15.0,0.5,0.0,240.0
overlay0_full_envelope,Guard(600),1,1,17634760,110713.3043095,94842.8673519085,117083.93243893448,19809.223301692822,10293.807851438372,29052.705754546332,108928.52667437,125914.736508,412270.285375,0.20829156168650795,0.6817630379877645,597.967704,596.594842,597.967704,162.725681,151.560694,162.725681,-519.0494609000016,-536.9548009130001,-288.7246626470014,,,-0.006715959745637097,-0.007207449197893602,-0.003894548859085153,2000,2000,True,-0.4710313270080578,-0.5291984885741449,-0.27687219265016455,2000,2000,True,-25986.25327460104,-54220.60030562924,34344.10079451795,0.9326355447990219,8423298,0.4776531123757851,0.9666006713426929,17634760,0,0.0,0.9966128399999998,1,0,0,0,60.0,110194.2548486,1836.5709141433333,True,1,1,600.0,183.65709141433334,True,4.235428661112156,30.0,0.75,0.0,540.0
overlay0_full_envelope,Guard(1200),1,1,17634760,111306.8823611,95438.55542409874,117673.99259117198,19488.15560094168,10094.90367190709,28629.329736136344,109503.93654065,126514.820822,412270.285375,0.2092837645866402,0.6817630379877645,1197.444686,1195.648709,1197.444686,50.535326,37.600399,50.535326,-1112.6275124999956,-1134.3930048447492,-825.9155837307583,,,-0.014396241878147155,-0.015300693649750797,-0.01069137740855196,2000,2000,True,-1.0096964801192911,-1.1242604774999911,-0.7498320808611372,2000,2000,True,-25392.675223001046,-53676.70870014174,34901.01863960997,0.9326354313866477,8951101,0.5075828080450202,0.9333206986512718,17634760,0,0.0,0.9978705716666667,1,0,0,0,60.0,110194.2548486,1836.5709141433333,True,1,1,1200.0,91.82854570716667,True,4.235428661112156,0.0,0.0,4.0,1140.0
overlay0_full_envelope,FCFS,2,1,17634760,10831.982740300005,7394.9542189027525,11982.091299150998,718.9635463247515,337.08454700713753,1096.1751486108838,9294.21315644,14009.857511,49591.919776,0.023263653291997356,0.08209642820105821,0.0,0.0,0.0,0.0,0.0,0.0,0.0,0.0,0.0,,,0.0,0.0,0.0,2000,2000,True,0.0,0.0,0.0,2000,2000,True,,,,0.7466491179919659,0,0.0,0.0,0,0,0.0,0.0,1,0,0,0,120.0,10831.982740300005,90.26652283583338,True,1,1,,,False,2.117714330556078,0.0,0.0,0.0,0.0
overlay0_full_envelope,SJF,2,1,17634760,96.39778530000008,76.28518074425008,127.71585275249727,14.580228404036694,8.267125276923577,20.954163163422333,57.72309606000001,48905.26726,49591.919776,0.0809610900462963,0.08209642820105821,48761.771352,44263.015375,48761.771352,439.790109,400.073767,439.790109,10735.584955000006,7305.104488077002,11879.58526557741,,,1.0,1.0,1.0,2000,2000,True,99.11006334102292,98.7149203400343,99.26982313852506,2000,2000,True,,,,0.7465654196598083,0,0.0,0.0,0,0,0.0,0.0,1,0,0,0,120.0,10831.982740300005,90.26652283583338,True,1,1,,,False,2.117714330556078,0.0,0.0,0.0,0.0
overlay0_full_envelope,SPJF-E,2,1,17634760,1752.0550093500005,655.6504394740001,4891.803080343998,63.95932245511289,30.222311131440527,100.53880980838706,340.8264096800009,49591.919776,49591.919776,0.08209642820105821,0.08209642820105821,49369.397235,44963.73602,49369.397235,458.51795,332.321261,458.51795,9079.927730950005,6278.3041320144985,10027.715809336745,,,0.8457785736883492,0.5947503148450599,0.9292581303058868,2000,2000,True,83.82516801073231,58.91455880501635,92.12773981319877,2000,2000,True,,,,0.746594623346164,0,0.0,0.0,0,0,0.0,0.0,1,0,0,0,120.0,10831.982740300005,90.26652283583338,True,1,1,,,False,2.117714330556078,0.0,0.0,0.0,0.0
overlay0_full_envelope,Guard(300),2,1,17634760,10889.268026600002,7504.49029927475,12111.012467175,662.9596305371238,304.47465866302235,1030.6661311143107,9317.76843167,14189.991287,49591.919776,0.023561493530092594,0.08209642820105821,269.319922,237.106517,269.319922,108.42574,68.191186,108.42574,-57.2852862999971,-162.04961646275007,55.36701042370042,,,-0.005336019093521026,-0.019563188993663265,0.0051688067606180214,2000,2000,True,-0.5288531903477767,-1.9341952884743843,0.5118866573986363,2000,2000,True,9137.213017250002,6371.456208974498,10126.351076974754,0.7465983659545126,2641453,0.14978672803032192,0.8715292441299003,17634760,0,0.0,0.8977330733333334,1,0,0,0,120.0,10831.982740300005,90.26652283583338,True,1,1,300.0,36.106609134333354,True,2.117714330556078,30.0,0.5,0.0,360.0
overlay0_full_envelope,Guard(600),2,1,17634760,11052.57344395003,7703.101906975,12271.449428749998,591.0768089508973,268.5142808011871,922.0058172576651,9404.347149530002,14489.915193,49591.919776,0.024057399459325397,0.08209642820105821,541.090463,537.3033,541.090463,170.612225,146.618279,170.612225,-220.5907036500248,-425.7983694505005,137.8221355769995,,,-0.020547618464635837,-0.05172885016366738,0.012188082987910763,2000,2000,True,-2.03647576753723,-5.111530498436778,1.2081157759201135,2000,2000,True,9300.51843460003,6483.382872252033,10249.642757946,0.7465951337018479,1851437,0.1049879329233854,0.7324852838598671,17634760,0,0.0,0.9018174383333334,1,0,0,0,120.0,10831.982740300005,90.26652283583338,True,1,1,600.0,18.053304567166677,True,2.117714330556078,60.0,0.75,0.0,960.0
overlay0_full_envelope,Guard(1200),2,1,17634760,11343.660268600008,7886.2996193,12740.280063850001,488.73569914132804,216.95024884224745,776.8254392330615,9337.324624540004,15090.054728,49591.919776,0.025049693664021162,0.08209642820105821,1154.875281,1140.586928,1154.875281,56.80663,55.8451,56.80663,-511.67752830000245,-890.7526772249988,-40.376140380224506,,,-0.04766182098551538,-0.10205941802553817,-0.004456933431616218,2000,2000,True,-4.723766096822925,-10.077496542146458,-0.4414175513376747,2000,2000,True,9591.605259250007,6751.960058446971,10495.056881599015,0.7466030158618546,3777772,0.21422304584808638,0.5414493644199021,17634760,0,0.0,0.9623960675000001,1,0,0,0,120.0,10831.982740300005,90.26652283583338,True,1,1,1200.0,9.026652283583338,True,2.117714330556078,0.0,0.0,8.0,2160.0
overlay0_full_envelope,FCFS,3,1,17634760,1060.40648755,562.1847576904999,1327.0130824209987,41.52453874445581,20.08367846294711,64.48298853723475,1052.18608373,2538.856179,12507.149141,0.004297050560515873,0.020779016436838625,0.0,0.0,0.0,0.0,0.0,0.0,0.0,0.0,0.0,,,0.0,0.0,0.0,2000,2000,True,0.0,0.0,0.0,2000,2000,True,,,,0.5469388299018529,0,0.0,0.0,0,0,0.0,0.0,1,0,0,0,140.0,1060.40648755,7.574332053928572,True,1,1,,,False,1.411809553704052,0.0,0.0,0.0,0.0
overlay0_full_envelope,SJF,3,1,17634760,56.61632725000004,50.90103000999978,61.894473075,3.166948197478445,2.150734568861754,4.156304893060733,45.048328800000014,11681.303109,12507.149141,0.01941353027281746,0.020779016436838625,11089.647672,6717.352233,11089.647672,428.238964,167.867246,428.238964,1003.7901603,510.37762455949934,1267.4406720437491,,,1.0,1.0,1.0,2000,2000,True,94.66088448960659,90.77517969710496,95.57985256254999,2000,2000,True,,,,0.5465932056914866,0,0.0,0.0,0,0,0.0,0.0,1,0,0,0,140.0,1060.40648755,7.574332053928572,True,1,1,,,False,1.411809553704052,0.0,0.0,0.0,0.0
overlay0_full_envelope,SPJF-E,3,1,17634760,137.12116295000098,95.91139331000042,181.63053736900002,5.315069329507486,3.3691207084706942,7.3665979690391215,63.16086552000004,12507.149141,12507.149141,0.020779016436838625,0.020779016436838625,12404.607889,7053.936595,12404.607889,1000.251843,765.245965,1000.251843,923.2853245999991,456.4366815259977,1174.3812612269999,,,0.9197991384215793,0.872422036169906,0.9484492173244303,2000,2000,True,87.06899999576478,79.8536540763141,90.31710169863875,2000,2000,True,,,,0.5467355949272913,0,0.0,0.0,0,0,0.0,0.0,1,0,0,0,140.0,1060.40648755,7.574332053928572,True,1,1,,,False,1.411809553704052,0.0,0.0,0.0,0.0
overlay0_full_envelope,Guard(300),3,1,17634760,1114.4086554500018,542.4818732045004,1413.2407641449993,26.50645707225531,11.736849788194434,43.44548441919944,981.0103066500006,2698.932824,12507.149141,0.004561727552910053,0.020779016436838625,241.024561,223.45865,241.024561,97.277314,71.271043,97.277314,-54.00216790000172,-118.68781354949996,110.4337208707518,,,-0.05379826385612531,-0.10584740012431626,0.14734141902948983,2000,2000,True,-5.092591240626055,-10.062752677878223,13.76688847289892,2000,2000,True,977.2874925000008,437.79702723900016,1256.2771339524995,0.5467326462055622,365245,0.02071165130685079,0.5206660916317364,17634760,0,0.0,0.8034152033333334,1,0,0,0,140.0,1060.40648755,7.574332053928572,True,1,1,300.0,3.5346882918333336,True,1.411809553704052,45.0,0.5,0.0,480.0
overlay0_full_envelope,Guard(600),3,1,17634760,876.596108550002,322.02520529924846,1506.4207785370002,18.566280028394285,8.264785255543726,30.883506918081014,440.88334594000037,2999.010716,12507.149141,0.005057888088624338,0.020779016436838625,537.13919,518.620605,537.13919,220.779092,163.384334,220.779092,183.81037899999808,-197.54250396925585,376.81739783875213,,,0.18311633872268998,-0.16437441465316174,0.5234642115281556,2000,2000,True,17.33395458798823,-15.650743261091314,48.25938514971828,2000,2000,True,739.474945600001,220.99689818174966,1353.0440879779921,0.5467341205664268,126766,0.007188416513748982,0.2630665411056127,17634760,0,0.0,0.8952319833333333,1,0,0,0,140.0,1060.40648755,7.574332053928572,True,1,1,600.0,1.7673441459166668,True,1.411809553704052,90.0,0.75,0.0,1380.0
overlay0_full_envelope,Guard(1200),3,1,17634760,428.4843756000007,210.11397063799987,760.7555349415192,13.101366936535292,6.192345942476015,21.68319984047705,176.77054025000032,3599.02035,12507.149141,0.006049967509920634,0.020779016436838625,1118.311626,1113.673952,1118.311626,90.497351,56.144092,90.497351,631.9221119499994,329.4188142242559,743.6503700200125,,,0.6295360693325969,0.43185756290875366,0.7510116337903185,2000,2000,True,59.592441141133925,41.23324590791884,70.35228116537193,2000,2000,True,291.3632126499997,110.23178726025127,597.1592174239995,0.5467401881284463,3390365,0.19225467202275506,0.10420334389711622,17634760,0,0.0,0.931926355,1,0,0,0,140.0,1060.40648755,7.574332053928572,True,1,1,1200.0,0.8836720729583334,False,1.411809553704052,0.0,0.0,12.0,3180.0
overlay0_full_envelope,FCFS,4,1,17634760,263.1202411500015,170.62706094800066,416.0702426225,10.098658702753585,5.439392259572531,15.527325670933607,210.5271226000006,1544.602708,6286.240482,0.002653112943121693,0.010493122490079365,0.0,0.0,0.0,0.0,0.0,0.0,0.0,0.0,0.0,,,0.0,0.0,0.0,2000,2000,True,0.0,0.0,0.0,2000,2000,True,,,,0.37682945500817705,0,0.0,0.0,0,0,0.0,0.0,1,0,0,0,150.0,263.1202411500015,1.75413494100001,True,1,1,,,False,1.058857165278039,0.0,0.0,0.0,0.0
overlay0_full_envelope,SJF,4,1,17634760,42.88080230000007,38.40741097799998,46.240633189250005,1.6498347979990786,1.1437619346443058,2.164725192662291,34.62788973000003,5299.53243,6286.240482,0.00886166076388889,0.010493122490079365,4755.467038,2313.891027,4755.467038,1101.479383,326.68276,1101.479383,220.23943885000142,131.01517914875006,372.3386425424999,,,1.0,1.0,1.0,2000,2000,True,83.7029632868289,76.84436632838596,89.33624776794404,2000,2000,True,,,,0.37623937042522837,0,0.0,0.0,0,0,0.0,0.0,1,0,0,0,150.0,263.1202411500015,1.75413494100001,True,1,1,,,False,1.058857165278039,0.0,0.0,0.0,0.0
overlay0_full_envelope,SPJF-E,4,1,17634760,62.22749510000033,50.73224078475005,75.95530923475071,2.2401721750228116,1.5285656887338377,2.9876950005663625,41.68202795000002,6286.240482,6286.240482,0.010493122490079365,0.010493122490079365,5904.51739,2769.828679,5904.51739,462.72027,263.551273,462.72027,200.89274605000116,116.66849154900507,349.43420067499994,,,0.9121560929276762,0.87443270244002,0.942203354552273,2000,2000,True,76.35016795818257,68.25679667078039,83.74624072815712,2000,2000,True,,,,0.3764499772041128,0,0.0,0.0,0,0,0.0,0.0,1,0,0,0,150.0,263.1202411500015,1.75413494100001,True,1,1,,,False,1.058857165278039,0.0,0.0,0.0,0.0
overlay0_full_envelope,Guard(300),4,1,17634760,159.26059665000315,86.61098489424948,263.5058674034998,5.475509498861234,2.828411448480368,8.97333206210222,70.0125263100001,1694.489881,6286.240482,0.002900942263558201,0.010493122490079365,226.126394,209.661753,226.126394,103.366746,86.611553,103.366746,103.85964449999835,78.00469131999986,162.6199166220006,,,0.4715760494228924,0.3709780424002155,0.6440834678239806,2000,2000,True,39.472312751792174,31.839434907330258,50.55259972077203,2000,2000,True,97.03310155000281,34.956823097245966,193.27654622799997,0.3764566685341904,77784,0.004410834057282322,0.28663043093273105,17634760,0,0.0,0.7537546466666667,1,0,0,0,150.0,263.1202411500015,1.75413494100001,True,1,1,300.0,0.877067470500005,False,1.058857165278039,60.0,0.5,0.0,600.0
overlay0_full_envelope,Guard(600),4,1,17634760,88.04969435000119,60.72823035499995,123.0447329675,3.763660759146586,2.0345899778107173,6.017215104690784,49.78196559000005,1994.340307,6286.240482,0.0033967266980820107,0.010493122490079365,510.683434,503.323484,510.683434,259.380707,129.315815,259.380707,175.07054680000033,107.259111339,297.9266301342663,,,0.7949100656728231,0.7516248829754384,0.8471354206073669,2000,2000,True,66.53632804334305,61.46730433538606,72.91966369491138,2000,2000,True,25.822199250000857,8.43852161725001,50.56236488625057,0.3764450437658352,15712,0.0008909676116941768,0.07809778044939703,17634760,0,0.0,0.8511390566666667,1,0,0,0,150.0,263.1202411500015,1.75413494100001,True,1,1,600.0,0.4385337352500025,False,1.058857165278039,120.0,0.75,0.0,1800.0
overlay0_full_envelope,Guard(1200),4,1,17634760,81.59340965000003,59.48306282799996,103.279854675,3.013754123631346,1.8222901141359054,4.419522753137154,47.663846140000025,2603.758042,6286.240482,0.0044043618419312165,0.010493122490079365,1107.200112,1090.605541,1107.200112,99.454629,61.643741,99.454629,181.5268315000015,107.54195860224986,319.44720894200043,,,0.8242249092526704,0.7791921557740814,0.8728326689587326,2000,2000,True,68.99006731926616,62.166834199594206,77.11344015635358,2000,2000,True,19.365914549999694,8.099060474999986,30.076685883498396,0.3764652311684423,3821932,0.2167271910703633,0.06427308080295105,17634760,0,0.0,0.92266676,1,0,0,0,150.0,263.1202411500015,1.75413494100001,True,1,1,1200.0,0.21926686762500125,False,1.058857165278039,0.0,0.0,16.0,4200.0
overlay0_full_envelope,FCFS,5,1,17634760,109.70798725000037,81.40896208324993,144.36536011649994,4.105969785617296,2.239967377834569,6.345280245004971,79.82585223000018,1023.819617,3312.770765,0.0017920297900132277,0.005576671238425927,0.0,0.0,0.0,0.0,0.0,0.0,0.0,0.0,0.0,,,0.0,0.0,0.0,2000,2000,True,0.0,0.0,0.0,2000,2000,True,,,,0.2571921591220975,0,0.0,0.0,0,0,0.0,0.0,1,0,0,0,156.0,109.70798725000037,0.7032563285256435,False,0,1,,,False,0.8470857322224312,0.0,0.0,0.0,0.0
overlay0_full_envelope,SJF,5,1,17634760,34.18627585000001,29.48163394774994,37.43024943024987,0.9654988137664481,0.6597489762896552,1.2730719180710168,26.17686168000001,3072.262211,3312.770765,0.005179004978505292,0.005576671238425927,2667.424099,1328.525222,2667.424099,774.847243,316.255045,774.847243,75.52171140000036,51.36592211149999,107.55590794699991,,,1.0,1.0,1.0,2000,2000,True,68.83884509511873,62.44223082129727,74.83386665668786,2000,2000,True,,,,0.2564438075709565,0,0.0,0.0,0,0,0.0,0.0,1,0,0,0,156.0,109.70798725000037,0.7032563285256435,False,0,1,,,False,0.8470857322224312,0.0,0.0,0.0,0.0
overlay0_full_envelope,SPJF-E,5,1,17634760,43.862450800000005,36.63553986,49.68085132999999,1.2304280508045382,0.837218329952534,1.6456545397472127,30.48457833,3312.770765,3312.770765,0.005576671238425927,0.005576671238425927,3044.470348,1670.7535,3044.470348,249.184187,154.520925,249.184187,65.84553645000037,43.669483893999995,95.8285497062499,,,0.8718755868924875,0.8370712533249235,0.9018829351273293,2000,2000,True,60.018908468307664,52.637580859603496,67.09157158512832,2000,2000,True,,,,0.2567178685732043,0,0.0,0.0,0,0,0.0,0.0,1,0,0,0,156.0,109.70798725000037,0.7032563285256435,False,0,1,,,False,0.8470857322224312,0.0,0.0,0.0,0.0
overlay0_full_envelope,Guard(300),5,1,17634760,55.97395405000004,43.4216956595,73.40320113100067,2.0721809520236105,1.1096483343119985,3.328023760917451,36.27728428,1167.369553,3312.770765,0.002029380874669312,0.005576671238425927,202.553612,196.438819,202.553612,86.652816,70.806629,86.652816,53.73403320000033,37.31072351749999,72.92654005499999,,,0.711504442946192,0.6419013873621979,0.7577838457076609,2000,2000,True,48.97914413246165,44.261565535616235,53.51085693330934,2000,2000,True,12.111503250000034,5.822105611750131,25.06779844624997,0.2567138991401074,25933,0.0014705615500296006,0.12187699520388047,17634760,0,0.0,0.6751787066666666,1,0,0,0,156.0,109.70798725000037,0.7032563285256435,False,0,1,300.0,0.36569329083333457,False,0.8470857322224312,75.0,0.5,0.0,720.0
overlay0_full_envelope,Guard(600),5,1,17634760,47.83868785000018,38.88209928949995,56.531711104248004,1.5309440950795339,0.9301542690759904,2.252793984282174,32.59618643,1467.272846,3312.770765,0.0025252527215608466,0.005576671238425927,513.833099,494.960536,513.833099,188.850235,149.361326,188.850235,61.869299400000195,41.564177814749925,88.20777591600041,,,0.8192253360402516,0.7837482100762815,0.8507444314196316,2000,2000,True,56.394526005671466,50.321008741791395,62.20544892955737,2000,2000,True,3.9762370500001722,1.534508579999999,7.919619337499961,0.25671526008859774,3103,0.00017595929856714806,0.012315225534751253,17634760,0,0.0,0.8563884983333332,1,0,0,0,156.0,109.70798725000037,0.7032563285256435,False,0,1,600.0,0.18284664541666729,False,0.8470857322224312,150.0,0.75,0.0,2220.0
overlay0_full_envelope,Guard(1200),5,1,17634760,47.585277300000314,38.85306859949971,55.46776201999996,1.4187642149133628,0.9126749913896486,1.9730238242357134,32.044033380000016,2073.298861,3312.770765,0.0035272798627645507,0.005576671238425927,1086.666639,1056.93194,1086.666639,117.552268,59.934627,117.552268,62.12270995000006,41.7056171529998,89.62519327499997,,,0.8225808022406622,0.7895885209675787,0.8539632141886784,2000,2000,True,56.62551242366344,50.182522528492164,63.23611102250166,2000,2000,True,3.722826500000309,1.893202917999972,6.0886869657494636,0.2567217813001141,4121234,0.23369946628136704,0.10002017725296662,17634760,0,0.0,0.9055555325,1,0,0,0,156.0,109.70798725000037,0.7032563285256435,False,0,1,1200.0,0.09142332270833364,False,0.8470857322224312,0.0,0.0,20.0,5220.0
overlay0_full_envelope,FCFS,6,1,17634760,58.731449400000045,45.209128727,74.36520372899976,1.9653971464188063,1.0704157634610525,3.0477229766326914,41.43294698000013,720.965824,2428.194052,0.0012912794708994709,0.004114077466931217,0.0,0.0,0.0,0.0,0.0,0.0,0.0,0.0,0.0,,,0.0,0.0,0.0,2000,2000,True,0.0,0.0,0.0,2000,2000,True,,,,0.1814379668336853,0,0.0,0.0,0,0,0.0,0.0,1,0,0,0,160.0,58.731449400000045,0.3670715587500003,False,0,1,,,False,0.705904776852026,0.0,0.0,0.0,0.0
overlay0_full_envelope,SJF,6,1,17634760,23.162527500000042,18.550392118499996,26.279629525,0.5328181133924174,0.3588417193692809,0.7027927402317804,16.014732560000002,2126.337195,2428.194052,0.0036149755208333334,0.004114077466931217,1864.272528,1002.995554,1864.272528,532.509638,140.091468,532.509638,35.56892190000001,25.82927178075005,49.060549884000004,,,1.0,1.0,1.0,2000,2000,True,60.56196852516291,55.27438279598086,66.80757298275489,2000,2000,True,,,,0.18068099594210524,0,0.0,0.0,0,0,0.0,0.0,1,0,0,0,160.0,58.731449400000045,0.3670715587500003,False,0,1,,,False,0.705904776852026,0.0,0.0,0.0,0.0
overlay0_full_envelope,SPJF-E,6,1,17634760,29.683136,24.01650703024934,34.27181535624983,0.6705849671503951,0.4533680102230118,0.8955661510583076,18.943368030000013,2428.194052,2428.194052,0.004114077466931217,0.004114077466931217,2205.744344,1211.774308,2205.744344,197.012486,145.185349,197.012486,29.048313400000044,20.194684213000023,41.80369021424735,,,0.8166768023407547,0.7708947069584003,0.8570059003690108,2000,2000,True,49.45955479859147,42.8707729266772,56.80066606906061,2000,2000,True,,,,0.18097257915616657,0,0.0,0.0,0,0,0.0,0.0,1,0,0,0,160.0,58.731449400000045,0.3670715587500003,False,0,1,,,False,0.705904776852026,0.0,0.0,0.0,0.0
overlay0_full_envelope,Guard(300),6,1,17634760,33.5604495000001,26.35574517375,40.387323075,0.9421135853623255,0.5312635757951365,1.4624697681322667,20.942370090000008,860.944602,2428.194052,0.0015227258630952382,0.004114077466931217,191.87718,181.608064,191.87718,107.595917,79.053197,107.595917,25.17099989999995,18.134868397000083,35.61679005049978,,,0.707668339534349,0.6614260409632565,0.7477959332787353,2000,2000,True,42.857787705133546,37.88587388771975,48.97494265800947,2000,2000,True,3.8773135000000956,1.7437340260001668,6.870936538749956,0.18097433704796662,11092,0.0006289850272983584,0.049123991765767386,17634760,0,0.0,0.6395906,1,0,0,0,160.0,58.731449400000045,0.3670715587500003,False,0,1,300.0,0.19577149800000015,False,0.705904776852026,90.0,0.5,0.0,840.0
overlay0_full_envelope,Guard(600),6,1,17634760,31.136773000000026,24.848401168000002,36.539796638750005,0.7625129787404556,0.4870240236515184,1.0695795561344401,19.72303346000003,1168.397701,2428.194052,0.0020310808548280423,0.004114077466931217,488.811431,483.393778,488.811431,163.507119,134.572416,163.507119,27.59467640000002,19.58475567549992,39.44851960024993,,,0.7758086252257202,0.7384016428645567,0.8080302648698444,2000,2000,True,46.984497542469974,41.43737703874002,53.65255219622868,2000,2000,True,1.4536370000000254,0.4469726272499936,2.931105144999986,0.18097269256854076,1065,6.0392089260074986e-05,0.0042432107523394085,17634760,0,0.0,0.8146857183333334,1,0,0,0,160.0,58.731449400000045,0.3670715587500003,False,0,1,600.0,0.09788574900000008,False,0.705904776852026,180.0,0.75,0.0,2640.0
overlay0_full_envelope,Guard(1200),6,1,17634760,30.858926950000008,24.83355501750002,35.822997,0.7298821733449207,0.48248219947179133,0.9903465239849675,19.38871552000001,1763.710748,2428.194052,0.0030153947552910053,0.004114077466931217,1069.756944,770.087274,1069.756944,88.384403,57.270679,88.384403,27.872522450000037,19.382494164999898,40.21734366224722,,,0.7836201088231475,0.7391930725440864,0.8212594808246388,2000,2000,True,47.45757636623218,41.24148581402773,54.709946928925405,2000,2000,True,1.1757909500000068,0.5682802402499294,1.9085779149999587,0.18097705894494737,4306060,0.24418024401806432,0.1482867820074275,17634760,0,0.0,0.89146412,1,0,0,0,160.0,58.731449400000045,0.3670715587500003,False,0,1,1200.0,0.04894287450000004,False,0.705904776852026,0.0,0.0,24.0,6240.0
overlay0_full_envelope,FCFS,7,1,17634760,35.63235765000005,27.206957207999967,43.698311213749484,1.0571142759297556,0.5746545551951947,1.642361594185983,23.86663225000002,551.489155,1737.673695,0.0010110601107804233,0.002972344072420635,0.0,0.0,0.0,0.0,0.0,0.0,0.0,0.0,0.0,,,0.0,0.0,0.0,2000,2000,True,0.0,0.0,0.0,2000,2000,True,,,,0.12776544733242753,0,0.0,0.0,0,0,0.0,0.0,1,0,0,0,162.85714285714286,35.63235765000005,0.2187951785526319,False,0,1,,,False,0.6050612373017366,0.0,0.0,0.0,0.0
overlay0_full_envelope,SJF,7,1,17634760,15.411169,11.077354655750018,18.49220976099999,0.33114139479057436,0.21807342578338063,0.4415417092982776,9.61576346,1475.171452,1737.673695,0.0025383125859788362,0.002972344072420635,1279.986834,607.069778,1279.986834,827.175618,224.971664,827.175618,20.22118865000005,15.423117457250022,25.858540186750098,,,1.0,1.0,1.0,2000,2000,True,56.74951079191366,52.00710841898245,63.026489273250796,2000,2000,True,,,,0.1271741152133627,0,0.0,0.0,0,0,0.0,0.0,1,0,0,0,162.85714285714286,35.63235765000005,0.2187951785526319,False,0,1,,,False,0.6050612373017366,0.0,0.0,0.0,0.0
overlay0_full_envelope,SPJF-E,7,1,17634760,20.168861450000012,15.202747770500066,24.430468552999997,0.40852353173278333,0.271766609082123,0.5450865164879859,11.640795960000007,1737.673695,1737.673695,0.002972344072420635,0.002972344072420635,1552.585027,726.402211,1552.585027,164.338394,84.866615,164.338394,15.46349620000004,11.780132390249962,19.945360667250156,,,0.7647174687725393,0.7217548011525196,0.7997263387116258,2000,2000,True,43.397342246872114,38.68745286803912,48.708127267726624,2000,2000,True,,,,0.1273987284204605,0,0.0,0.0,0,0,0.0,0.0,1,0,0,0,162.85714285714286,35.63235765000005,0.2187951785526319,False,0,1,,,False,0.6050612373017366,0.0,0.0,0.0,0.0
overlay0_full_envelope,Guard(300),7,1,17634760,21.746235300000304,15.936154058749985,26.54437769999999,0.5192813778505647,0.30375545676149757,0.7718978385615762,12.362656370000009,699.819264,1737.673695,0.0012563149206349206,0.002972344072420635,186.739106,176.399971,186.739106,84.866615,64.991056,84.866615,13.886122349999749,10.932655747999961,17.773970998749842,,,0.6867114782592028,0.6392715235939737,0.7361882938860163,2000,2000,True,38.97054044640161,34.41743768280055,44.5003004959592,2000,2000,True,1.577373850000292,0.6023614700001152,2.606352345249577,0.12740451245154455,5149,0.00029198015737101044,0.020168412426246604,17634760,0,0.0,0.6224636866666666,1,0,0,0,162.85714285714286,35.63235765000005,0.2187951785526319,False,0,1,300.0,0.11877452550000017,False,0.6050612373017366,105.0,0.5,0.0,960.0
overlay0_full_envelope,Guard(600),7,1,17634760,20.708713700000054,15.424471574000005,25.30637104674993,0.4496191123340517,0.2842672847720267,0.6244847421106517,11.920354840000003,1006.019191,1737.673695,0.001762597868716931,0.002972344072420635,498.205439,477.8941,498.205439,152.481963,84.866615,152.481963,14.923643949999999,11.50399343825,19.137560081999915,,,0.7380201138670431,0.6944930983648268,0.775438890377102,2000,2000,True,41.88228041654711,37.33559647475941,47.07215164575353,2000,2000,True,0.5398522500000418,0.11696781724999576,1.136201506500002,0.12740162043600253,470,2.6651907936371122e-05,0.0021034500407912746,17634760,0,0.0,0.8303423983333333,1,0,0,0,162.85714285714286,35.63235765000005,0.2187951785526319,False,0,1,600.0,0.059387262750000086,False,0.6050612373017366,210.0,0.75,0.0,3060.0
overlay0_full_envelope,Guard(1200),7,1,17634760,20.487792350000053,15.348743196500022,24.968054953499976,0.42904095426600697,0.28087077708546093,0.5821057139834015,11.689981480000018,1446.740708,1737.673695,0.0024913040806878307,0.002972344072420635,975.76133,549.134459,975.76133,64.404942,54.646718,64.404942,15.1445653,11.56486818975036,19.41447937750016,,,0.748945354406748,0.7066651608283017,0.7874474949460274,2000,2000,True,42.50228247245935,37.84426531611219,47.845122653533274,2000,2000,True,0.31893090000004065,0.07840852399995057,0.5649750512500998,0.1274034917401768,4434640,0.2514715255552103,0.1929601918779879,17634760,0,0.0,0.8131344416666667,1,0,0,0,162.85714285714286,35.63235765000005,0.2187951785526319,False,0,1,1200.0,0.029693631375000043,False,0.6050612373017366,0.0,0.0,28.0,7260.0
overlay0_full_envelope,FCFS,8,1,17634760,22.170393000000068,15.1612741,27.89935639549999,0.6024076854422828,0.32228782233191366,0.9728255215728483,11.831768400000007,435.022874,1369.483303,0.0008184902017195768,0.002363563662367725,0.0,0.0,0.0,0.0,0.0,0.0,0.0,0.0,0.0,,,0.0,0.0,0.0,2000,2000,True,0.0,0.0,0.0,2000,2000,True,,,,0.09150620705923981,0,0.0,0.0,0,0,0.0,0.0,1,0,0,0,165.0,22.170393000000068,0.1343660181818186,False,0,1,,,False,0.5294285826390195,0.0,0.0,0.0,0.0
overlay0_full_envelope,SJF,8,1,17634760,8.310025650000071,5.168679503500258,10.801965,0.1884151856154551,0.12380157369916565,0.2534980655404493,3.744413,1185.898583,1369.483303,0.0020600174983465606,0.002363563662367725,1034.036691,439.867667,1034.036691,595.937164,96.562841,595.937164,13.860367349999997,9.754464721000007,17.460500321500028,,,1.0,1.0,1.0,2000,2000,True,62.517463492866156,58.217407225298686,68.63436249849298,2000,2000,True,,,,0.09096557027144117,0,0.0,0.0,0,0,0.0,0.0,1,0,0,0,165.0,22.170393000000068,0.1343660181818186,False,0,1,,,False,0.5294285826390195,0.0,0.0,0.0,0.0
overlay0_full_envelope,SPJF-E,8,1,17634760,12.189277800000061,7.990462421999944,15.417131107999998,0.23972527515333517,0.15966520625997283,0.326198239474158,5.08838540000002,1369.483303,1369.483303,0.002363563662367725,0.002363563662367725,1242.478221,547.638736,1242.478221,238.061042,73.355882,238.061042,9.981115200000007,7.042075628000035,12.664698909999963,,,0.7201190955447518,0.6842762785885801,0.7553757651181663,2000,2000,True,45.020019266234826,40.94335443942494,50.20178811540087,2000,2000,True,,,,0.09116648029233174,0,0.0,0.0,0,0,0.0,0.0,1,0,0,0,165.0,22.170393000000068,0.1343660181818186,False,0,1,,,False,0.5294285826390195,0.0,0.0,0.0,0.0
overlay0_full_envelope,Guard(300),8,1,17634760,12.84443845000019,8.289670351499986,16.649921349999996,0.2849532824941768,0.1724650251331858,0.41542185272625376,5.290280740000017,585.120458,1369.483303,0.0010666674239417989,0.002363563662367725,189.297558,172.045861,189.297558,132.110136,64.816914,132.110136,9.325954549999878,6.754816410749987,11.596959175000055,,,0.6728504602008171,0.6340941897884438,0.7100681987769957,2000,2000,True,42.064904081762776,37.66458973538578,47.52394042261481,2000,2000,True,0.6551606500001288,0.25719731225005016,1.271616125,0.09116608334902204,2486,0.00014097158112727362,0.008029270732281029,17634760,0,0.0,0.6309918600000001,1,0,0,0,165.0,22.170393000000068,0.1343660181818186,False,0,1,300.0,0.07390131000000023,False,0.5294285826390195,120.0,0.5,0.0,1080.0
overlay0_full_envelope,Guard(600),8,1,17634760,12.314403200000026,7.997628922999966,15.844783099999999,0.25932453275270284,0.16103308523135182,0.372830703928372,5.147473730000008,861.983044,1369.483303,0.0015244428637566137,0.002363563662367725,489.08938,467.71805,489.08938,238.061042,73.355882,238.061042,9.855989800000042,7.024523576749985,12.45123714675,,,0.7110915281765634,0.6783310336707445,0.743950489766071,2000,2000,True,44.45563865286471,40.32485913596561,49.84663077050012,2000,2000,True,0.12512539999996442,-0.0165106842499815,0.4810077987500434,0.09116676382326723,174,9.86687655516718e-06,0.001056400109704972,17634760,0,0.0,0.8151489666666667,1,0,0,0,165.0,22.170393000000068,0.1343660181818186,False,0,1,600.0,0.03695065500000012,False,0.5294285826390195,240.0,0.75,0.0,3480.0
overlay0_full_envelope,Guard(1200),8,1,17634760,12.236817900000016,7.97825914024999,15.564655571499895,0.24888730807502102,0.16152420919825836,0.34376798146732745,5.029391630000006,1180.059981,1369.483303,0.002050363725198413,0.002363563662367725,823.730369,270.329409,823.730369,63.567336,56.816991,63.567336,9.933575100000052,7.080488276250245,12.513546794999986,,,0.7166891648077461,0.6808797309391652,0.7526132452494095,2000,2000,True,44.80558869660101,40.5350886095502,50.129311933605166,2000,2000,True,0.04754009999995468,-0.0723319789999548,0.21240097875025205,0.09116908877693827,4521630,0.25640439677092286,0.2352005863592315,17634760,0,0.0,0.6864419741666666,1,0,0,0,165.0,22.170393000000068,0.1343660181818186,False,0,1,1200.0,0.01847532750000006,False,0.5294285826390195,0.0,0.0,32.0,8280.0
overlay0_full_envelope,FCFS,9,1,17634760,13.206120600000203,7.779760953999995,17.81635398374996,0.36343783542333363,0.19103767405731198,0.591793281526428,5.264514070000004,357.328793,1171.061097,0.0006900277662037037,0.0020354846180555557,0.0,0.0,0.0,0.0,0.0,0.0,0.0,0.0,0.0,,,0.0,0.0,0.0,2000,2000,True,0.0,0.0,0.0,2000,2000,True,,,,0.0660405358507856,0,0.0,0.0,0,0,0.0,0.0,1,0,0,0,166.66666666666666,13.206120600000203,0.07923672360000122,False,0,1,,,False,0.47060318456801736,0.0,0.0,0.0,0.0
overlay0_full_envelope,SJF,9,1,17634760,4.140868700000169,2.354653538749976,5.90916240975,0.11371327318608242,0.07407620431723103,0.15513865487666667,1.3798241500000024,997.699079,1171.061097,0.0017488410697751322,0.0020354846180555557,879.740894,326.234379,879.740894,173.47845,77.551063,173.47845,9.065251900000034,5.319346649999999,12.06671911175012,,,1.0,1.0,1.0,2000,2000,True,68.64432163371198,64.5915569426847,73.09259471612586,2000,2000,True,,,,0.06563134400468167,0,0.0,0.0,0,0,0.0,0.0,1,0,0,0,166.66666666666666,13.206120600000203,0.07923672360000122,False,0,1,,,False,0.47060318456801736,0.0,0.0,0.0,0.0
overlay0_full_envelope,SPJF-E,9,1,17634760,6.4503732000000396,3.8435078224999994,9.145046958749845,0.14638159186391028,0.09633572365016053,0.20188366500188967,1.8656526600000038,1171.061097,1171.061097,0.0020354846180555557,0.0020354846180555557,1029.033278,436.878865,1029.033278,69.821948,62.138039,69.821948,6.755747400000163,3.882507175,8.632359148249925,,,0.7452354854033497,0.7004297439393056,0.7671607722403287,2000,2000,True,51.156184352883,46.211613331155874,54.92344067986219,2000,2000,True,,,,0.06579448770496452,0,0.0,0.0,0,0,0.0,0.0,1,0,0,0,166.66666666666666,13.206120600000203,0.07923672360000122,False,0,1,,,False,0.47060318456801736,0.0,0.0,0.0,0.0
overlay0_full_envelope,Guard(300),9,1,17634760,6.694176600000001,3.9660080854999737,9.663864841000002,0.17027749628325115,0.10126283592393347,0.2538732318774397,1.9123381700000055,490.573948,1171.061097,0.0009103405224867724,0.0020354846180555557,176.200057,169.562423,176.200057,64.877195,50.931833,64.877195,6.511944000000201,3.7581389999999972,8.171105920999791,,,0.7183412079260784,0.6646561754438888,0.7420528645265,2000,2000,True,49.3100449196269,43.99191479474866,52.99381731105465,2000,2000,True,0.2438033999999618,0.08553261525000048,0.5091955699999926,0.06579312675647414,1433,8.125996611238259e-05,0.004764637404823954,17634760,0,0.0,0.5873335233333333,1,0,0,0,166.66666666666666,13.206120600000203,0.07923672360000122,False,0,1,300.0,0.04402040200000067,False,0.47060318456801736,135.0,0.5,0.0,1200.0
overlay0_full_envelope,Guard(600),9,1,17634760,6.482611700000031,3.853052360749993,9.267284011,0.15518919925493843,0.09715007292646348,0.22334528666278905,1.8678846300000063,770.614018,1171.061097,0.0013733697387566138,0.0020354846180555557,475.021434,368.848421,475.021434,69.821948,62.138039,69.821948,6.723508900000172,3.892302033999997,8.552153086250126,,,0.7416792135693601,0.6946043860667326,0.7651323329707928,2000,2000,True,50.912066485293714,45.82105162258343,54.86606639234809,2000,2000,True,0.03223849999999118,-0.009661924999999827,0.10977050100003749,0.06579375052453224,96,5.443793961471548e-06,0.0006049553413130704,17634760,0,0.0,0.79170239,1,0,0,0,166.66666666666666,13.206120600000203,0.07923672360000122,False,0,1,600.0,0.022010201000000337,False,0.47060318456801736,270.0,0.75,0.0,3900.0
overlay0_full_envelope,Guard(1200),9,1,17634760,6.437916800000015,3.827337575,9.249503316500007,0.15368588124550658,0.099096897332983,0.2146765110083611,1.8587808400000034,915.059124,1171.061097,0.0016122009325396825,0.0020354846180555557,606.286259,221.384572,606.286259,64.451378,46.240874,64.451378,6.768203800000188,3.9358945032500117,8.556729630250032,,,0.746609567462782,0.6934116591132743,0.774689047883791,2000,2000,True,51.25050728372179,45.70760930281659,55.27789719376087,2000,2000,True,-0.012456400000024459,-0.10125983325004599,0.12403964199994565,0.06580027173604858,4576781,0.2595317996956012,0.2674335701701721,17634760,0,0.0,0.5052385491666667,1,0,0,0,166.66666666666666,13.206120600000203,0.07923672360000122,False,0,1,1200.0,0.011005100500000168,False,0.47060318456801736,0.0,0.0,36.0,9300.0
overlay0_full_envelope,FCFS,10,1,17634760,7.8158265000000124,4.174093525,11.559740098500015,0.23277736982777017,0.12431570795541207,0.3784307791541524,2.1470453500000053,293.894418,907.995857,0.0005851428869047618,0.0016005222503306879,0.0,0.0,0.0,0.0,0.0,0.0,0.0,0.0,0.0,,,0.0,0.0,0.0,2000,2000,True,0.0,0.0,0.0,2000,2000,True,,,,0.0474062590021072,0,0.0,0.0,0,0,0.0,0.0,1,0,0,0,168.0,7.8158265000000124,0.046522776785714356,False,0,1,,,False,0.4235428661112156,0.0,0.0,0.0,0.0
overlay0_full_envelope,SJF,10,1,17634760,2.3569508500000063,1.342806675,3.523301938499996,0.07886738361440702,0.05126237985455206,0.10763865246773524,0.694472740000002,713.71625,907.995857,0.0012792927414021164,0.0016005222503306879,634.19923,258.523848,634.19923,121.520893,64.120186,121.520893,5.458875650000007,2.8139268762500285,8.12704472725032,,,1.0,1.0,1.0,2000,2000,True,69.84386935917779,65.63348185162798,73.85168392196184,2000,2000,True,,,,0.047075151575638116,0,0.0,0.0,0,0,0.0,0.0,1,0,0,0,168.0,7.8158265000000124,0.046522776785714356,False,0,1,,,False,0.4235428661112156,0.0,0.0,0.0,0.0
overlay0_full_envelope,SPJF-E,10,1,17634760,3.6635451000000145,2.024069540250005,5.529654146999971,0.10082559631852155,0.06640608314882601,0.1403918668491732,0.859957,907.995857,907.995857,0.0016005222503306879,0.0016005222503306879,794.034939,269.348291,794.034939,60.724277,40.04954,60.724277,4.152281399999998,2.154031530999946,6.065972906749742,,,0.7606477352163157,0.7290062348072638,0.786546347805203,2000,2000,True,53.12658104680281,48.82359120549899,56.59620362496864,2000,2000,True,,,,0.04721306102266206,0,0.0,0.0,0,0,0.0,0.0,1,0,0,0,168.0,7.8158265000000124,0.046522776785714356,False,0,1,,,False,0.4235428661112156,0.0,0.0,0.0,0.0
overlay0_full_envelope,Guard(300),10,1,17634760,3.7612985000001173,2.059023132500009,5.727911270999985,0.11160631474315535,0.0684568327142795,0.16326192898949707,0.8684196600000038,431.473331,907.995857,0.0008126212483465608,0.0016005222503306879,184.674283,159.527706,184.674283,60.724277,37.438293,60.724277,4.054527999999895,2.1214195697500005,5.872065558999816,,,0.7427404945558505,0.7033540471728579,0.7722285439004061,2000,2000,True,51.87587006952993,47.61207362752247,55.352576739181636,2000,2000,True,0.0977534000001028,0.019765544750002816,0.23280459150003993,0.04721878834755903,874,4.9561207524230556e-05,0.0031296980858380053,17634760,0,0.0,0.6155809433333334,1,0,0,0,168.0,7.8158265000000124,0.046522776785714356,False,0,1,300.0,0.026052755000000042,False,0.4235428661112156,150.0,0.5,0.0,1320.0
overlay0_full_envelope,Guard(600),10,1,17634760,3.6878323500000043,2.024196499999997,5.6017404142500995,0.10266503577162456,0.0664591772320132,0.14421805319605194,0.862609,681.664714,907.995857,0.001226297476851852,0.0016005222503306879,464.165148,234.770286,464.165148,60.724277,40.04954,60.724277,4.127994150000008,2.152489664499953,6.014844128999989,,,0.7561986047438181,0.7240905734117977,0.7824943876505045,2000,2000,True,52.81583655931975,48.56208035167385,56.55986754421506,2000,2000,True,0.02428724999998977,-0.007008598499997254,0.07940762449991692,0.04721396832165564,53,3.005427916229084e-06,0.00016202177643229057,17634760,0,0.0,0.77360858,1,0,0,0,168.0,7.8158265000000124,0.046522776785714356,False,0,1,600.0,0.013026377500000021,False,0.4235428661112156,300.0,0.75,0.0,4320.0
overlay0_full_envelope,Guard(1200),10,1,17634760,3.6553713000000028,2.0311081910000612,5.505085406749939,0.10445235086040343,0.06782424602611592,0.1460843410779521,0.8580228200000003,681.796705,907.995857,0.0012265157159391533,0.0016005222503306879,430.666261,158.051194,430.666261,58.900515,40.04954,58.900515,4.16045520000001,2.15474665599993,6.084058366499969,,,0.7621450765232224,0.7296621024154494,0.7895701624163028,2000,2000,True,53.231161157428495,48.99119089044083,56.74103890807089,2000,2000,True,-0.008173800000011777,-0.03769152299999212,0.023955649250001543,0.04722332484252692,4618099,0.2618747859341437,0.2898467620320775,17634760,0,0.0,0.3588885508333334,1,0,0,0,168.0,7.8158265000000124,0.046522776785714356,False,0,1,1200.0,0.0065131887500000105,False,0.4235428661112156,0.0,0.0,40.0,10320.0
overlay0_full_envelope,FCFS,11,1,17634760,4.1213908000000155,2.1335907454999976,6.605441099999999,0.1518801635026515,0.08212091921240215,0.24694682039653246,0.828760400000006,235.043192,814.982441,0.0004878359656084656,0.001446730226521164,0.0,0.0,0.0,0.0,0.0,0.0,0.0,0.0,0.0,,,0.0,0.0,0.0,2000,2000,True,0.0,0.0,0.0,2000,2000,True,,,,0.03464368100274685,0,0.0,0.0,0,0,0.0,0.0,1,0,0,0,169.0909090909091,4.1213908000000155,0.024373816559139876,False,0,1,,,False,0.3850389691920142,0.0,0.0,0.0,0.0
overlay0_full_envelope,SJF,11,1,17634760,1.2827918000000231,0.771820749000001,1.887499548750001,0.05369098181370188,0.03531240489144696,0.07213458234795414,0.407036,568.243562,814.982441,0.0010387625033068783,0.001446730226521164,512.759414,184.846872,512.759414,211.190374,68.338678,211.190374,2.8385989999999923,1.3369673474999695,4.7635083725000325,,,1.0,1.0,1.0,2000,2000,True,68.87478372592042,62.301227963638304,73.53314066982837,2000,2000,True,,,,0.03438220877403492,0,0.0,0.0,0,0,0.0,0.0,1,0,0,0,169.0909090909091,4.1213908000000155,0.024373816559139876,False,0,1,,,False,0.3850389691920142,0.0,0.0,0.0,0.0
overlay0_full_envelope,SPJF-E,11,1,17634760,1.891544200000055,1.0474292812499932,2.9624773409999174,0.06694010368210264,0.04436757143820826,0.09310913052390578,0.447632,814.982441,814.982441,0.001446730226521164,0.001446730226521164,708.101929,187.428133,708.101929,51.070867,39.631003,51.070867,2.22984659999996,1.0664039655000035,3.6613443269998087,,,0.7855447705012107,0.7572164469775543,0.8133225759269896,2000,2000,True,54.104226175298685,48.62204772068724,57.8073053709749,2000,2000,True,,,,0.034479630003470416,0,0.0,0.0,0,0,0.0,0.0,1,0,0,0,169.0909090909091,4.1213908000000155,0.024373816559139876,False,0,1,,,False,0.3850389691920142,0.0,0.0,0.0,0.0
overlay0_full_envelope,Guard(300),11,1,17634760,1.9177939000000264,1.054607172999925,3.0282777137499974,0.0742770140082999,0.045591837397804785,0.11010858386533078,0.44936105000000076,398.144901,814.982441,0.0007575147172619047,0.001446730226521164,194.312012,120.526317,194.312012,40.571192,38.975999,40.571192,2.2035968999999893,1.05954700125,3.595991922500056,,,0.7762973565480701,0.7391605575818667,0.806571719279534,2000,2000,True,53.46731253925206,48.01645781603166,56.934712737681465,2000,2000,True,0.026249699999971288,-0.0018838302499658173,0.09503141674995559,0.034483145787070534,517,2.9317098730008233e-05,0.001797944271775324,17634760,0,0.0,0.6477067066666667,1,0,0,0,169.0909090909091,4.1213908000000155,0.024373816559139876,False,0,1,300.0,0.013737969333333384,False,0.3850389691920142,165.0,0.5,0.0,1440.0
overlay0_full_envelope,Guard(600),11,1,17634760,1.8887907500000252,1.0474292812499932,2.9551364952500023,0.06668517164911782,0.04427199514534291,0.0924495996425753,0.447002,618.520745,814.982441,0.0011218927662037038,0.001446730226521164,465.830607,187.428133,465.830607,51.070867,39.631003,51.070867,2.2326000499999905,1.0673028110000187,3.680074704999928,,,0.786514773661231,0.7598007050459196,0.8135447746594806,2000,2000,True,54.17103493315854,48.65418197472804,57.96115905163841,2000,2000,True,-0.002753450000029911,-0.016903200750064806,0.0,0.03447855258591554,24,1.360948490367887e-06,1.5821467781235977e-05,17634760,0,0.0,0.7763843449999999,1,0,0,0,169.0909090909091,4.1213908000000155,0.024373816559139876,False,0,1,600.0,0.006868984666666692,False,0.3850389691920142,330.0,0.75,0.0,4740.0
overlay0_full_envelope,Guard(1200),11,1,17634760,1.890634,1.0505031597500012,2.9736269004999887,0.06898114318998376,0.04500193625298553,0.09642008487145162,0.447554,569.724395,814.982441,0.001041210970568783,0.001446730226521164,398.188569,130.17052,398.188569,51.513988,39.631003,51.513988,2.2307568000000155,1.072646571499999,3.6708019000000442,,,0.7858654216393445,0.7585302232134066,0.8103518990849026,2000,2000,True,54.12631095308912,48.532909107305336,57.720516200542335,2000,2000,True,-0.0009102000000551502,-0.029840137500000495,0.025684022999999938,0.03448756886966423,4643217,0.2632991319416879,0.3072223649886571,17634760,0,0.0,0.33182380749999996,1,0,0,0,169.0909090909091,4.1213908000000155,0.024373816559139876,False,0,1,1200.0,0.003434492333333346,False,0.3850389691920142,0.0,0.0,44.0,11340.0
overlay0_full_envelope,FCFS,12,1,17634760,2.2702413500000453,1.1158162999999999,3.864431349999997,0.1058829314671709,0.057798040737580436,0.1698886982983334,0.403521,182.120677,626.73737,0.0004003318072089947,0.0011354784556878309,0.0,0.0,0.0,0.0,0.0,0.0,0.0,0.0,0.0,,,0.0,0.0,0.0,2000,2000,True,0.0,0.0,0.0,2000,2000,True,,,,0.025474063724144815,0,0.0,0.0,0,0,0.0,0.0,1,0,0,0,170.0,2.2702413500000453,0.013354360882353209,False,0,1,,,False,0.352952388426013,0.0,0.0,0.0,0.0
overlay0_full_envelope,SJF,12,1,17634760,0.7933753500000155,0.47211384700000036,1.2058310622499937,0.03981593757828285,0.02610412886423841,0.05364384839770798,0.25468,456.022841,626.73737,0.0008532123693783068,0.0011354784556878309,417.669049,143.687882,417.669049,50.07733,36.859556,50.07733,1.47686600000003,0.6452174037500001,2.664275308,,,1.0,1.0,1.0,2000,2000,True,65.05325964572006,57.02906863868265,70.66227280701305,2000,2000,True,,,,0.025267199553608895,0,0.0,0.0,0,0,0.0,0.0,1,0,0,0,170.0,2.2702413500000453,0.013354360882353209,False,0,1,,,False,0.352952388426013,0.0,0.0,0.0,0.0
overlay0_full_envelope,SPJF-E,12,1,17634760,1.105184,0.5987421419999974,1.8353421475000014,0.049764500255291194,0.032441481983111496,0.06841615260564943,0.282027,626.73737,626.73737,0.0011354784556878309,0.0011354784556878309,521.377218,134.741565,521.377218,46.819562,36.945257,46.819562,1.1650573500000454,0.524579825,2.05381761749964,,,0.7888714006551859,0.7532845564771212,0.8250897322203832,2000,2000,True,51.31865605390467,45.686203578034124,55.07550656169805,2000,2000,True,,,,0.02536235253556045,0,0.0,0.0,0,0,0.0,0.0,1,0,0,0,170.0,2.2702413500000453,0.013354360882353209,False,0,1,,,False,0.352952388426013,0.0,0.0,0.0,0.0
overlay0_full_envelope,Guard(300),12,1,17634760,1.110168,0.6006894312500005,1.8390758249999977,0.051957335987787616,0.033201220773597905,0.0732189519990116,0.282785,337.134787,626.73737,0.0006566382060185185,0.0011354784556878309,175.534295,125.631228,175.534295,39.915382,35.082268,39.915382,1.1600733500000453,0.5242366459999879,2.0347059924996396,,,0.7854966869032274,0.7486532042693627,0.8233829383952571,2000,2000,True,51.09911992396853,45.45890529498336,54.859400792972565,2000,2000,True,0.0049840000000000995,0.0,0.01569015799997055,0.02536790974189612,265,1.502713958114542e-05,0.0006607017703252296,17634760,0,0.0,0.5851143166666666,1,0,0,0,170.0,2.2702413500000453,0.013354360882353209,False,0,1,300.0,0.007567471166666818,False,0.352952388426013,180.0,0.5,0.0,1560.0
overlay0_full_envelope,Guard(600),12,1,17634760,1.104748,0.5984776657499995,1.8338845705000004,0.04969780812565632,0.03244082807676639,0.06817970476980685,0.281872,537.809554,626.73737,0.0009884417228835979,0.0011354784556878309,432.744581,134.741565,432.744581,46.819562,36.945257,46.819562,1.1654933500000453,0.52458242875,2.0584991352496673,,,0.789166620397532,0.753727515057269,0.8250897322203832,2000,2000,True,51.337861060456056,45.713108856920236,55.08795068714248,2000,2000,True,-0.00043599999999988093,-0.004102304999999589,0.00020801999999809352,0.02536269277268304,14,7.938866193812674e-07,1.603170906778256e-05,17634760,0,0.0,0.7212409683333333,1,0,0,0,170.0,2.2702413500000453,0.013354360882353209,False,0,1,600.0,0.003783735583333409,False,0.352952388426013,360.0,0.75,0.0,5160.0
overlay0_full_envelope,Guard(1200),12,1,17634760,1.100565,0.59886485,1.8194601437499986,0.04973193495358027,0.03265017251338829,0.06831651600429972,0.2827,435.814329,626.73737,0.0008197988244047619,0.0011354784556878309,322.751734,125.631228,322.751734,45.195682,36.945257,45.195682,1.1696763500000453,0.5251342645000092,2.064612024499724,,,0.7919989694393544,0.7569022732997168,0.8250770074261314,2000,2000,True,51.52211459808104,45.752106232018775,55.392234918924686,2000,2000,True,-0.004618999999999929,-0.021051420499970087,0.004608134000000274,0.025367456092399328,4663461,0.26444709199331323,0.3203236552361335,17634760,0,0.0,0.26895977833333334,1,0,0,0,170.0,2.2702413500000453,0.013354360882353209,False,0,1,1200.0,0.0018918677916667044,False,0.352952388426013,0.0,0.0,48.0,12360.0
overlay0_full_envelope,FCFS,13,1,17634760,1.242867,0.5822239230000157,2.1506164350000057,0.07227149546514917,0.039227218851096556,0.1165744094452397,0.225656,146.433389,539.513237,0.00034132504794973545,0.0009912586590608465,0.0,0.0,0.0,0.0,0.0,0.0,0.0,0.0,0.0,,,0.0,0.0,0.0,2000,2000,True,0.0,0.0,0.0,2000,2000,True,,,,0.019149112321347157,0,0.0,0.0,0,0,0.0,0.0,1,0,0,0,170.76923076923077,1.242867,0.0072780499999999995,False,0,1,,,False,0.32580220470093507,0.0,0.0,0.0,0.0
overlay0_full_envelope,SJF,13,1,17634760,0.49983860000000147,0.3262104170000084,0.7748884107499998,0.027098562760196305,0.017471198810140958,0.03726485557424813,0.181258,317.086544,539.513237,0.0006234896560846561,0.0009912586590608465,289.80863,103.630534,289.80863,97.297007,54.660952,97.297007,0.7430283999999985,0.25574398124999426,1.3720373089999958,,,1.0,1.0,1.0,2000,2000,True,59.783420108507066,43.51374117402232,65.75179143688936,2000,2000,True,,,,0.018988180162361156,0,0.0,0.0,0,0,0.0,0.0,1,0,0,0,170.76923076923077,1.242867,0.0072780499999999995,False,0,1,,,False,0.32580220470093507,0.0,0.0,0.0,0.0
overlay0_full_envelope,SPJF-E,13,1,17634760,0.632442,0.377713375,1.0733312425,0.03347072917476614,0.021998160760389136,0.046056563398990974,0.187326,539.513237,539.513237,0.0009912586590608465,0.0009912586590608465,434.376652,123.280083,434.376652,64.450113,32.510604,64.450113,0.610425,0.20381056875000014,1.0853814510000044,,,0.8215365657624948,0.7758249847594659,0.8602599815713211,2000,2000,True,49.114265645479364,35.102944734833585,53.40595122881581,2000,2000,True,,,,0.019058212303428003,0,0.0,0.0,0,0,0.0,0.0,1,0,0,0,170.76923076923077,1.242867,0.0072780499999999995,False,0,1,,,False,0.32580220470093507,0.0,0.0,0.0,0.0
overlay0_full_envelope,Guard(300),13,1,17634760,0.635038,0.3789627692500034,1.0852293,0.03548408296954413,0.02242715045612595,0.05059234057869469,0.187441,290.888331,539.513237,0.0005801725049603175,0.0009912586590608465,159.801235,119.632783,159.801235,64.450113,32.510604,64.450113,0.607829,0.20239927649999995,1.0757595515000014,,,0.8180427558354447,0.7687427463517492,0.8585281458484433,2000,2000,True,48.905393738831265,35.00734666123729,53.30650454383,2000,2000,True,0.0025960000000000427,-4.080500000260556e-05,0.010664180749999995,0.019060253726163556,140,7.938866193812675e-06,0.0005220593262092848,17634760,0,0.0,0.5326707833333333,1,0,0,0,170.76923076923077,1.242867,0.0072780499999999995,False,0,1,300.0,0.00414289,False,0.32580220470093507,195.0,0.5,0.0,1680.0
overlay0_full_envelope,Guard(600),13,1,17634760,0.632442,0.377713375,1.0733312425,0.03347072917476614,0.021998160760389136,0.046056563398990974,0.187326,539.513237,539.513237,0.0009912586590608465,0.0009912586590608465,434.376652,123.280083,434.376652,64.450113,32.510604,64.450113,0.610425,0.20381056875000014,1.0853814510000044,,,0.8215365657624948,0.7758249847594659,0.8602599815713211,2000,2000,True,49.114265645479364,35.102944734833585,53.40595122881581,2000,2000,True,0.0,0.0,0.0,0.019058212303428003,0,0.0,0.0,17634760,0,0.0,0.7239610866666666,1,0,0,0,170.76923076923077,1.242867,0.0072780499999999995,False,0,1,600.0,0.002071445,False,0.32580220470093507,390.0,0.75,0.0,5580.0
overlay0_full_envelope,Guard(1200),13,1,17634760,0.6307697500000289,0.37634944450000046,1.0733723254999992,0.03337709874594256,0.021890353467654357,0.04627543900239754,0.187423,354.222181,539.513237,0.0006848911722883598,0.0009912586590608465,298.44548,91.35865,298.44548,50.120647,32.411216,50.120647,0.6120972499999711,0.204177106000002,1.0835578335000131,,,0.8237871526848399,0.7782736750161636,0.8624065355926955,2000,2000,True,49.24881342894864,35.13170120997286,53.52517796502023,2000,2000,True,-0.001672249999971065,-0.00630621125002955,0.0012791712499757577,0.019062181736524908,4675365,0.2651221224445357,0.33101166597387205,17634760,0,0.0,0.24870456666666665,1,0,0,0,170.76923076923077,1.242867,0.0072780499999999995,False,0,1,1200.0,0.0010357225,False,0.32580220470093507,0.0,0.0,52.0,13380.0
overlay0_full_envelope,FCFS,14,1,17634760,0.673788,0.338911075,1.2830347749999997,0.05298741260453805,0.02905913614772755,0.0838353197337129,0.137112,117.642807,259.814024,0.0002937215724206349,0.0005287930291005291,0.0,0.0,0.0,0.0,0.0,0.0,0.0,0.0,0.0,,,0.0,0.0,0.0,2000,2000,True,0.0,0.0,0.0,2000,2000,True,,,,0.014495689195656759,0,0.0,0.0,0,0,0.0,0.0,1,0,0,0,171.42857142857144,0.673788,0.0039304299999999995,False,0,1,,,False,0.3025306186508683,0.0,0.0,0.0,0.0
overlay0_full_envelope,SJF,14,1,17634760,0.350311,0.21162825,0.512629,0.02157880130866538,0.013944026154032691,0.02963912161626583,0.10489887000000105,235.188444,259.814024,0.000488076130952381,0.0005287930291005291,221.775631,95.188334,221.775631,111.961047,32.76752,111.961047,0.32347700000000007,0.12766708974999832,0.7826693789999999,,,1.0,1.0,1.0,2000,2000,True,48.008720843944985,37.27044545468411,61.292739483980945,2000,2000,True,,,,0.014352619485606835,0,0.0,0.0,0,0,0.0,0.0,1,0,0,0,171.42857142857144,0.673788,0.0039304299999999995,False,0,1,,,False,0.3025306186508683,0.0,0.0,0.0,0.0
overlay0_full_envelope,SPJF-E,14,1,17634760,0.411338400000006,0.23267506100000004,0.6628769425000032,0.02600135069516111,0.017135491627636088,0.035968016964797934,0.110027,258.682976,259.814024,0.0005269229100529101,0.0005287930291005291,253.722955,101.662406,253.722955,39.342313,27.94192,39.342313,0.26244959999999407,0.10617363600000013,0.6313057729999958,,,0.8113392915106608,0.7485035810805742,0.846013118367526,2000,2000,True,38.951361555859414,29.762013926538167,50.15994318146411,2000,2000,True,,,,0.014409609203640992,0,0.0,0.0,0,0,0.0,0.0,1,0,0,0,171.42857142857144,0.673788,0.0039304299999999995,False,0,1,,,False,0.3025306186508683,0.0,0.0,0.0,0.0
overlay0_full_envelope,Guard(300),14,1,17634760,0.41175515000000507,0.23271125,0.6636430999999996,0.02684716649883525,0.017303071083520093,0.03815339995033142,0.110074,218.792999,259.814024,0.0004609672602513228,0.0005287930291005291,139.842415,93.544458,139.842415,39.342313,27.94192,39.342313,0.262032849999995,0.10615466100000011,0.6296397069999996,,,0.810050946435125,0.7471106201147301,0.8457533841636096,2000,2000,True,38.88950975677735,29.670809299899975,50.12606565679405,2000,2000,True,0.0004167499999990776,0.0,0.0016071277500016405,0.01441131038925395,55,3.1188402904264078e-06,0.00013560882560220849,17634760,0,0.0,0.4661413833333332,1,0,0,0,171.42857142857144,0.673788,0.0039304299999999995,False,0,1,300.0,0.00224596,False,0.3025306186508683,210.0,0.5,0.0,1800.0
overlay0_full_envelope,Guard(600),14,1,17634760,0.411338400000006,0.23267506100000004,0.6628769425000032,0.02600135069516111,0.017135491627636088,0.035968016964797934,0.110027,258.682976,259.814024,0.0005269229100529101,0.0005287930291005291,253.722955,101.662406,253.722955,39.342313,27.94192,39.342313,0.26244959999999407,0.10617363600000013,0.6313057729999958,,,0.8113392915106608,0.7485035810805742,0.846013118367526,2000,2000,True,38.951361555859414,29.762013926538167,50.15994318146411,2000,2000,True,0.0,0.0,0.0,0.014409609203640992,0,0.0,0.0,17634760,0,0.0,0.4228715916666667,1,0,0,0,171.42857142857144,0.673788,0.0039304299999999995,False,0,1,600.0,0.00112298,False,0.3025306186508683,420.0,0.75,0.0,6000.0
overlay0_full_envelope,Guard(1200),14,1,17634760,0.412621,0.23270755,0.6645237650000002,0.026344309396612052,0.017333786712691496,0.03618706914562271,0.110449,259.814024,259.814024,0.0005287930291005291,0.0005287930291005291,173.736828,90.525539,173.736828,39.342313,27.94192,39.342313,0.26116700000000004,0.10639550550000053,0.6261753842499986,,,0.8073742491738206,0.7433901630939389,0.8431319317365418,2000,2000,True,38.761004945175635,29.526590079508196,49.87816494770753,2000,2000,True,0.0012825999999940274,-0.000726548500001771,0.00656610750001381,0.01441601700278314,4684931,0.2656645738303215,0.33687136629305137,17634760,0,0.0,0.14478069,1,0,0,0,171.42857142857144,0.673788,0.0039304299999999995,False,0,1,1200.0,0.00056149,False,0.3025306186508683,0.0,0.0,56.0,14400.0
overlay0_full_envelope,FCFS,15,1,17634760,0.39817,0.194754675,0.7644158565000446,0.04013419524921227,0.021882882769532333,0.06405233888992722,0.041584,109.93789,246.388704,0.000280981960978836,0.0005065950793650793,0.0,0.0,0.0,0.0,0.0,0.0,0.0,0.0,0.0,,,0.0,0.0,0.0,2000,2000,True,0.0,0.0,0.0,2000,2000,True,,,,0.011160968450945746,0,0.0,0.0,0,0,0.0,0.0,1,0,0,0,172.0,0.39817,0.0023149418604651163,False,0,1,,,False,0.2823619107408104,0.0,0.0,0.0,0.0
overlay0_full_envelope,SJF,15,1,17634760,0.228137,0.14159489625,0.36897482499999973,0.01712293698116675,0.011056968814273881,0.02336076765386296,0.028744230000000447,199.790524,246.388704,0.0004295478240740741,0.0005065950793650793,189.423473,87.438048,189.423473,52.779791,20.655838,52.779791,0.17003300000000002,0.05163645950000038,0.39740789999999987,,,1.0,1.0,1.0,2000,2000,True,42.70361905718663,25.841731716976987,53.31136201328282,2000,2000,True,,,,0.011045287829264476,0,0.0,0.0,0,0,0.0,0.0,1,0,0,0,172.0,0.39817,0.0023149418604651163,False,0,1,,,False,0.2823619107408104,0.0,0.0,0.0,0.0
overlay0_full_envelope,SPJF-E,15,1,17634760,0.259787,0.15400560900000074,0.4383497249999999,0.020196238258473595,0.013192300400569155,0.027934244706812814,0.03157405000000075,237.917074,246.388704,0.0004925877546296297,0.0005065950793650793,234.127738,54.189209,234.127738,39.192727,24.719999,39.192727,0.13838300000000003,0.04048971499999407,0.32719784999999973,,,0.8138596625360961,0.7560930993528966,0.8490637967182545,2000,2000,True,34.75475299495191,20.11285475929141,43.992614789436765,2000,2000,True,,,,0.011096890459524257,0,0.0,0.0,0,0,0.0,0.0,1,0,0,0,172.0,0.39817,0.0023149418604651163,False,0,1,,,False,0.2823619107408104,0.0,0.0,0.0,0.0
overlay0_full_envelope,Guard(300),15,1,17634760,0.259787,0.15394094700000044,0.43834343200000003,0.020440096019792714,0.013203992519888352,0.02853114956377498,0.031599,236.187535,246.388704,0.0004897280671296297,0.0005065950793650793,158.39368,54.058711,158.39368,39.192727,24.719999,39.192727,0.13838300000000003,0.04061675100004056,0.3273328499999998,,,0.8138596625360961,0.7573316642442215,0.849750273713346,2000,2000,True,34.75475299495191,20.13804028007777,44.02515104393046,2000,2000,True,0.0,-0.0005199372500119731,0.0,0.011096436810027468,64,3.6291959743143656e-06,0.00011795509815319608,17634760,0,0.0,0.5279789333333333,1,0,0,0,172.0,0.39817,0.0023149418604651163,False,0,1,300.0,0.0013272333333333335,False,0.2823619107408104,225.0,0.5,0.0,1920.0
overlay0_full_envelope,Guard(600),15,1,17634760,0.259787,0.15400560900000074,0.4383497249999999,0.020196238258473595,0.013192300400569155,0.027934244706812814,0.03157405000000075,237.917074,246.388704,0.0004925877546296297,0.0005065950793650793,234.127738,54.189209,234.127738,39.192727,24.719999,39.192727,0.13838300000000003,0.04048971499999407,0.32719784999999973,,,0.8138596625360961,0.7560930993528966,0.8490637967182545,2000,2000,True,34.75475299495191,20.11285475929141,43.992614789436765,2000,2000,True,0.0,0.0,0.0,0.011096890459524257,0,0.0,0.0,17634760,0,0.0,0.39021289666666664,1,0,0,0,172.0,0.39817,0.0023149418604651163,False,0,1,600.0,0.0006636166666666668,False,0.2823619107408104,450.0,0.75,0.0,6420.0
overlay0_full_envelope,Guard(1200),15,1,17634760,0.26087,0.15410402300000003,0.44039259999999986,0.020208862051198855,0.013197034583881134,0.02782331892064109,0.031891230000000444,246.388704,246.388704,0.0005065950793650793,0.0005065950793650793,172.874547,59.925151,172.874547,39.192727,24.719999,39.192727,0.13730000000000003,0.03983674299999986,0.3260319750000053,,,0.8074903107043928,0.7494024003876683,0.8425542480401785,2000,2000,True,34.482758620689665,19.954260381872487,43.76766002901082,2000,2000,True,0.0010830000000000006,-0.00019635624998016394,0.003357343999974125,0.011099045294634007,4692794,0.26611045457947824,0.3419368545002766,17634760,0,0.0,0.1440621225,1,0,0,0,172.0,0.39817,0.0023149418604651163,False,0,1,1200.0,0.0003318083333333334,False,0.2823619107408104,0.0,0.0,60.0,15420.0
overlay0_full_envelope,FCFS,16,1,17634760,0.222518,0.10110214000000013,0.4456598955000016,0.03014300257644547,0.015970445606759934,0.048911515905786934,0.0,107.00429,230.766512,0.00027613143187830687,0.0004807647354497355,0.0,0.0,0.0,0.0,0.0,0.0,0.0,0.0,0.0,,,0.0,0.0,0.0,2000,2000,True,0.0,0.0,0.0,2000,2000,True,,,,0.00874091850413615,0,0.0,0.0,0,0,0.0,0.0,1,0,0,0,172.5,0.222518,0.001289959420289855,False,0,1,,,False,0.26471429131950974,0.0,0.0,0.0,0.0
overlay0_full_envelope,SJF,16,1,17634760,0.15424490000001154,0.064854325,0.25003644899999966,0.012572056507602049,0.008276566738768016,0.01732275193044211,0.0,185.121428,230.766512,0.0004052933664021164,0.0004807647354497355,172.010913,76.654948,172.010913,36.892164,17.443887,36.892164,0.06827309999998846,0.03285867799999462,0.1976317617499999,,,1.0,1.0,1.0,2000,2000,True,30.682057181885718,27.182100761931036,45.907543627057144,2000,2000,True,,,,0.008629887789796968,0,0.0,0.0,0,0,0.0,0.0,1,0,0,0,172.5,0.222518,0.001289959420289855,False,0,1,,,False,0.26471429131950974,0.0,0.0,0.0,0.0
overlay0_full_envelope,SPJF-E,16,1,17634760,0.17085,0.074411,0.2918428,0.015010437433115054,0.009858879938462612,0.020798821359844087,0.0,225.847274,230.766512,0.0004726310747354497,0.0004807647354497355,212.736759,53.058033,212.736759,36.917662,17.40657,36.917662,0.05166799999999999,0.025759174000002157,0.15652549475000013,,,0.7567841507124875,0.7252222502767504,0.8354279468493158,2000,2000,True,23.21969458650536,20.761769202745,36.76839182028471,2000,2000,True,,,,0.008677294162211451,0,0.0,0.0,0,0,0.0,0.0,1,0,0,0,172.5,0.222518,0.001289959420289855,False,0,1,,,False,0.26471429131950974,0.0,0.0,0.0,0.0
overlay0_full_envelope,Guard(300),16,1,17634760,0.17098380000000074,0.074411,0.2918646249999999,0.015150881296144648,0.009867082204925645,0.021096797544042256,0.0,190.971019,230.766512,0.00041496530919312173,0.0004807647354497355,142.252612,53.058033,142.252612,36.917662,17.40657,36.917662,0.05153419999999925,0.02578081900000144,0.156042068500001,,,0.7548243744609219,0.7250795226026016,0.8328976036018128,2000,2000,True,23.15956461949112,20.73668843943801,36.71695025501132,2000,2000,True,0.00013380000000073888,-8.958249999561629e-05,0.0007150750000000202,0.008680866651998666,34,1.928010361354507e-06,5.055496097172787e-05,17634760,0,0.0,0.47417537333333326,1,0,0,0,172.5,0.222518,0.001289959420289855,False,0,1,300.0,0.0007417266666666666,False,0.26471429131950974,240.0,0.5,0.0,2040.0
overlay0_full_envelope,Guard(600),16,1,17634760,0.17085,0.074411,0.2918428,0.015010437433115054,0.009858879938462612,0.020798821359844087,0.0,225.847274,230.766512,0.0004726310747354497,0.0004807647354497355,212.736759,53.058033,212.736759,36.917662,17.40657,36.917662,0.05166799999999999,0.025759174000002157,0.15652549475000013,,,0.7567841507124875,0.7252222502767504,0.8354279468493158,2000,2000,True,23.21969458650536,20.761769202745,36.76839182028471,2000,2000,True,0.0,0.0,0.0,0.008677294162211451,0,0.0,0.0,17634760,0,0.0,0.35456126499999996,1,0,0,0,172.5,0.222518,0.001289959420289855,False,0,1,600.0,0.0003708633333333333,False,0.26471429131950974,480.0,0.75,0.0,6840.0
overlay0_full_envelope,Guard(1200),16,1,17634760,0.17133030000000632,0.07452020000000001,0.2939837749999999,0.0150502715016252,0.009877745776536386,0.020898900628391455,0.0,230.766512,230.766512,0.0004807647354497355,0.0004807647354497355,160.169904,48.975767,160.169904,36.917662,17.40657,36.917662,0.051187699999993674,0.02586901500000013,0.1544312747500227,,,0.7497491691457152,0.7219571549879065,0.8297732346848461,2000,2000,True,23.00384687980014,20.660353165506216,36.347489688490164,2000,2000,True,0.00048030000000631734,-0.0002776259999921562,0.0025003250000000003,0.008678881935450213,4698265,0.266420694129095,0.34624761742186727,17634760,0,0.0,0.13347492,1,0,0,0,172.5,0.222518,0.001289959420289855,False,0,1,1200.0,0.00018543166666666665,False,0.26471429131950974,0.0,0.0,64.0,16440.0
overlay0_full_envelope,FCFS,17,1,17634760,0.121277,0.004782938999999968,0.26423910750000473,0.022914110433428135,0.011959811222153723,0.037359868076270175,0.0,87.51658,203.432635,0.00024390968915343915,0.0004355698330026455,0.0,0.0,0.0,0.0,0.0,0.0,0.0,0.0,0.0,,,0.0,,,1959,2000,False,0.0,,,1959,2000,False,,,,0.006967092265502905,0,0.0,0.0,0,0,0.0,0.0,1,0,0,0,172.94117647058823,0.121277,0.0007012615646258503,False,0,1,,,False,0.24914286241836212,0.0,0.0,0.0,0.0
overlay0_full_envelope,SJF,17,1,17634760,0.080316,0.0,0.17036297574999998,0.0101843985124266,0.006790462063386147,0.013718896759973447,0.0,171.43946,203.432635,0.0003826710648148148,0.0004355698330026455,158.328945,53.296754,158.328945,37.571945,27.857776,37.571945,0.040961,0.004782938999999968,0.09425099149997936,,,1.0,,,1959,2000,False,33.774747066632585,,,1959,2000,False,,,,0.00687023809793839,0,0.0,0.0,0,0,0.0,0.0,1,0,0,0,172.94117647058823,0.121277,0.0007012615646258503,False,0,1,,,False,0.24914286241836212,0.0,0.0,0.0,0.0
overlay0_full_envelope,SPJF-E,17,1,17634760,0.09089,0.0005938750000000001,0.1883220267500002,0.01218664166453074,0.008128234717613146,0.01669105641327264,0.0,203.432635,203.432635,0.0004355698330026455,0.0004355698330026455,190.32212,50.577578,190.32212,31.317117,14.983258,31.317117,0.030386999999999997,0.0032970477500000503,0.07466857499999968,,,0.7418520055662703,,,1959,2000,False,25.05586384887489,,,1959,2000,False,,,,0.0069132780939462745,0,0.0,0.0,0,0,0.0,0.0,1,0,0,0,172.94117647058823,0.121277,0.0007012615646258503,False,0,1,,,False,0.24914286241836212,0.0,0.0,0.0,0.0
overlay0_full_envelope,Guard(300),17,1,17634760,0.090931,0.0005938750000000001,0.1883220267500002,0.012419718755684797,0.008152867663753439,0.017169728176706284,0.0,174.37135,203.432635,0.00038751876653439157,0.0004355698330026455,125.262239,50.577578,125.262239,31.317117,14.983258,31.317117,0.030345999999999998,0.0032964500000000002,0.07466857499999968,,,0.740851053441078,,,1959,2000,False,25.02205694402071,,,1959,2000,False,4.099999999999937e-05,-2.0388749994640352e-05,0.00021299999999999097,0.0069132780939462745,18,1.0207113677759153e-06,1.4643381573486907e-05,17634760,0,0.0,0.41754079666666655,1,0,0,0,172.94117647058823,0.121277,0.0007012615646258503,False,0,1,300.0,0.00040425666666666667,False,0.24914286241836212,255.0,0.5,0.0,2160.0
overlay0_full_envelope,Guard(600),17,1,17634760,0.09089,0.0005938750000000001,0.1883220267500002,0.01218664166453074,0.008128234717613146,0.01669105641327264,0.0,203.432635,203.432635,0.0004355698330026455,0.0004355698330026455,190.32212,50.577578,190.32212,31.317117,14.983258,31.317117,0.030386999999999997,0.0032970477500000503,0.07466857499999968,,,0.7418520055662703,,,1959,2000,False,25.05586384887489,,,1959,2000,False,0.0,0.0,0.0,0.0069132780939462745,0,0.0,0.0,17634760,0,0.0,0.3172035333333333,1,0,0,0,172.94117647058823,0.121277,0.0007012615646258503,False,0,1,600.0,0.00020212833333333333,False,0.24914286241836212,510.0,0.75,0.0,7260.0
overlay0_full_envelope,Guard(1200),17,1,17634760,0.09094765000000689,0.000596,0.1889698749999996,0.01215853215116055,0.008093705751120154,0.016624739507495722,0.0,201.534049,203.432635,0.00043243063657407403,0.0004355698330026455,151.005615,45.346933,151.005615,31.317117,14.963092,31.317117,0.030329349999993108,0.00339803749999993,0.07430941649997917,,,0.740444569224216,,,1959,2000,False,25.008328042409616,,,1959,2000,False,5.765000000688969e-05,-0.0002610950000000955,0.0008400425000005104,0.006911917145455906,4701708,0.2666159335312757,0.3487040609724458,17634760,0,0.0,0.1258380125,1,0,0,0,172.94117647058823,0.121277,0.0007012615646258503,False,0,1,1200.0,0.00010106416666666667,False,0.24914286241836212,0.0,0.0,68.0,17460.0
overlay0_full_envelope,FCFS,18,1,17634760,0.023748,0.0,0.14665749999999989,0.018195237245530984,0.00957971070570869,0.02940775256824891,0.0,83.067047,172.89543,0.00023655265707671957,0.00038507842261904763,0.0,0.0,0.0,0.0,0.0,0.0,0.0,0.0,0.0,,,0.0,,,1277,2000,False,0.0,,,1277,2000,False,,,,0.005590322748934491,0,0.0,0.0,0,0,0.0,0.0,1,0,0,0,173.33333333333334,0.023748,0.0001370076923076923,False,0,1,,,False,0.23530159228400868,0.0,0.0,0.0,0.0
overlay0_full_envelope,SJF,18,1,17634760,0.012076,0.0,0.0942267249999997,0.0087343901510993,0.00578332519474638,0.011649519741269265,0.0,143.737401,172.89543,0.00033686739583333337,0.00038507842261904763,130.626886,40.174318,130.626886,37.560352,14.383451,37.560352,0.011671999999999998,0.0,0.052491075000000005,,,1.0,,,1277,2000,False,49.149402054909885,,,1277,2000,False,,,,0.005512124916925436,0,0.0,0.0,0,0,0.0,0.0,1,0,0,0,173.33333333333334,0.023748,0.0001370076923076923,False,0,1,,,False,0.23530159228400868,0.0,0.0,0.0,0.0
overlay0_full_envelope,SPJF-E,18,1,17634760,0.014742,0.0,0.106066575,0.010232449391826133,0.006801891090277061,0.013896915567190209,0.0,172.89543,172.89543,0.00038507842261904763,0.00038507842261904763,159.784915,44.506953,159.784915,31.46283,13.305167,31.46283,0.009005999999999998,0.0,0.04162617850000011,,,0.7715901302261823,,,1277,2000,False,37.923193532086906,,,1277,2000,False,,,,0.005543483438390996,0,0.0,0.0,0,0,0.0,0.0,1,0,0,0,173.33333333333334,0.023748,0.0001370076923076923,False,0,1,,,False,0.23530159228400868,0.0,0.0,0.0,0.0
overlay0_full_envelope,Guard(300),18,1,17634760,0.014742,0.0,0.10610414999999997,0.010170330450145051,0.006782936005685086,0.013750351205827193,0.0,169.470441,172.89543,0.0003794154117063492,0.00038507842261904763,127.489538,44.506953,127.489538,31.46283,14.003012,31.46283,0.009005999999999998,0.0,0.04162617850000011,,,0.7715901302261823,,,1277,2000,False,37.923193532086906,,,1277,2000,False,0.0,0.0,0.0002409999999999915,0.005543880381700687,4,2.2682474839464785e-07,2.7735473974507787e-06,17634760,0,0.0,0.4249651266666666,1,0,0,0,173.33333333333334,0.023748,0.0001370076923076923,False,0,1,300.0,7.916e-05,False,0.23530159228400868,270.0,0.5,0.0,2280.0
overlay0_full_envelope,Guard(600),18,1,17634760,0.014742,0.0,0.106066575,0.010232449391826133,0.006801891090277061,0.013896915567190209,0.0,172.89543,172.89543,0.00038507842261904763,0.00038507842261904763,159.784915,44.506953,159.784915,31.46283,13.305167,31.46283,0.009005999999999998,0.0,0.04162617850000011,,,0.7715901302261823,,,1277,2000,False,37.923193532086906,,,1277,2000,False,0.0,0.0,0.0,0.005543483438390996,0,0.0,0.0,17634760,0,0.0,0.26630819166666664,1,0,0,0,173.33333333333334,0.023748,0.0001370076923076923,False,0,1,600.0,3.958e-05,False,0.23530159228400868,540.0,0.75,0.0,7680.0
overlay0_full_envelope,Guard(1200),18,1,17634760,0.01473,0.0,0.1059672600000014,0.010147648479820533,0.006724700114023266,0.01372068391536115,0.0,169.530302,172.89543,0.00037951438822751325,0.00038507842261904763,129.70004,43.860177,129.70004,31.46283,13.305167,31.46283,0.009017999999999998,0.0,0.04144793650000507,,,0.7726182316655242,,,1277,2000,False,37.97372410308236,,,1277,2000,False,-1.1999999999999858e-05,-0.0006111697500000363,0.0002250750000000025,0.005543540144578095,4705081,0.2668072035003595,0.35087521582635317,17634760,0,0.0,0.10808336666666667,1,0,0,0,173.33333333333334,0.023748,0.0001370076923076923,False,0,1,1200.0,1.979e-05,False,0.23530159228400868,0.0,0.0,72.0,18480.0
overlay0_full_envelope,FCFS,19,1,17634760,0.0,0.0,0.04188689699999933,0.01374862929594738,0.007129371111923291,0.02272478648301802,0.0,73.808581,164.273706,0.0002212443468915344,0.0003708229265873016,0.0,0.0,0.0,0.0,0.0,0.0,0.0,0.0,0.0,,,,,,166,2000,False,,,,166,2000,False,,,,0.004536835205015549,0,0.0,0.0,0,0,0.0,0.0,1,0,0,0,173.6842105263158,0.0,0.0,False,0,1,,,False,0.22291729795327136,0.0,0.0,0.0,0.0
overlay0_full_envelope,SJF,19,1,17634760,0.0,0.0,0.02463527499999999,0.006724993160893574,0.0043929077231236735,0.009050400774219484,0.0,139.031021,164.273706,0.0003290856828703704,0.0003708229265873016,93.327353,37.805231,93.327353,37.403724,8.942212,37.403724,0.0,0.0,0.017755279999999457,,,,,,166,2000,False,,,,166,2000,False,,,,0.0044813198478459585,0,0.0,0.0,0,0,0.0,0.0,1,0,0,0,173.6842105263158,0.0,0.0,False,0,1,,,False,0.22291729795327136,0.0,0.0,0.0,0.0
overlay0_full_envelope,SPJF-E,19,1,17634760,0.0,0.0,0.028700475999999805,0.0077695959082516464,0.005102213596586018,0.010489340942286653,0.0,164.126966,164.273706,0.00037058030092592596,0.0003708229265873016,126.743258,38.711323,126.743258,31.448221,11.487027,31.448221,0.0,0.0,0.013145807999985356,,,,,,166,2000,False,,,,166,2000,False,,,,0.004507915049595231,0,0.0,0.0,0,0,0.0,0.0,1,0,0,0,173.6842105263158,0.0,0.0,False,0,1,,,False,0.22291729795327136,0.0,0.0,0.0,0.0
overlay0_full_envelope,Guard(300),19,1,17634760,0.0,0.0,0.028700475999999805,0.0077695959082516464,0.005102213596586018,0.010489340942286653,0.0,164.126966,164.273706,0.00037058030092592596,0.0003708229265873016,126.743258,38.711323,126.743258,31.448221,11.487027,31.448221,0.0,0.0,0.013145807999985356,,,,,,166,2000,False,,,,166,2000,False,0.0,0.0,0.0,0.004507915049595231,0,0.0,0.0,17634760,0,0.0,0.4224775266666666,1,0,0,0,173.6842105263158,0.0,0.0,False,0,1,300.0,0.0,False,0.22291729795327136,285.0,0.5,0.0,2400.0
overlay0_full_envelope,Guard(600),19,1,17634760,0.0,0.0,0.028700475999999805,0.0077695959082516464,0.005102213596586018,0.010489340942286653,0.0,164.126966,164.273706,0.00037058030092592596,0.0003708229265873016,126.743258,38.711323,126.743258,31.448221,11.487027,31.448221,0.0,0.0,0.013145807999985356,,,,,,166,2000,False,,,,166,2000,False,0.0,0.0,0.0,0.004507915049595231,0,0.0,0.0,17634760,0,0.0,0.21123876333333333,1,0,0,0,173.6842105263158,0.0,0.0,False,0,1,600.0,0.0,False,0.22291729795327136,570.0,0.75,0.0,8100.0
overlay0_full_envelope,Guard(1200),19,1,17634760,0.0,0.0,0.028717168499999463,0.0077526825707296115,0.005101757648145357,0.010460104340989424,0.0,164.273706,164.273706,0.0003708229265873016,0.0003708229265873016,126.864612,38.185088,126.864612,31.448221,11.487027,31.448221,0.0,0.0,0.012876049999999998,,,,,,166,2000,False,,,,166,2000,False,0.0,0.0,0.00014663199999593736,0.004508652230027514,4707001,0.26691607937958894,0.3527515657445829,17634760,0,0.0,0.10572050999999999,1,0,0,0,173.6842105263158,0.0,0.0,False,0,1,1200.0,0.0,False,0.22291729795327136,0.0,0.0,76.0,19500.0
overlay0_full_envelope,FCFS,20,1,17634760,0.0,0.0,0.0,0.011355856837632027,0.0057711591673302275,0.019173411465777387,0.0,73.808581,161.76521,0.0002212443468915344,0.0003666752810846561,0.0,0.0,0.0,0.0,0.0,0.0,0.0,0.0,0.0,,,,,,5,2000,False,,,,5,2000,False,,,,0.003710626058988044,0,0.0,0.0,0,0,0.0,0.0,1,0,0,0,174.0,0.0,0.0,False,0,1,,,False,0.2117714330556078,0.0,0.0,0.0,0.0
overlay0_full_envelope,SJF,20,1,17634760,0.0,0.0,0.0,0.0055633839857191026,0.003643000863723624,0.007482735166728585,0.0,130.841752,161.76521,0.0003155452248677249,0.0003666752810846561,84.218731,32.007603,84.218731,37.351409,9.010195,37.351409,0.0,0.0,0.0,,,,,,5,2000,False,,,,5,2000,False,,,,0.003654770464695862,0,0.0,0.0,0,0,0.0,0.0,1,0,0,0,174.0,0.0,0.0,False,0,1,,,False,0.2117714330556078,0.0,0.0,0.0,0.0
overlay0_full_envelope,SPJF-E,20,1,17634760,0.0,0.0,0.0,0.006307281232690427,0.004117708872167049,0.008696515423497723,0.0,161.76521,161.76521,0.0003666752810846561,0.0003666752810846561,124.383256,33.453338,124.383256,31.42617,11.955826,31.42617,0.0,0.0,0.0,,,,,,5,2000,False,,,,5,2000,False,,,,0.0036776797642837215,0,0.0,0.0,0,0,0.0,0.0,1,0,0,0,174.0,0.0,0.0,False,0,1,,,False,0.2117714330556078,0.0,0.0,0.0,0.0
overlay0_full_envelope,Guard(300),20,1,17634760,0.0,0.0,0.0,0.006307281232690427,0.004117708872167049,0.008696515423497723,0.0,161.76521,161.76521,0.0003666752810846561,0.0003666752810846561,124.383256,33.453338,124.383256,31.42617,11.955826,31.42617,0.0,0.0,0.0,,,,,,5,2000,False,,,,5,2000,False,0.0,0.0,0.0,0.0036776797642837215,0,0.0,0.0,17634760,0,0.0,0.41461085333333325,1,0,0,0,174.0,0.0,0.0,False,0,1,300.0,0.0,False,0.2117714330556078,300.0,0.5,0.0,2520.0
overlay0_full_envelope,Guard(600),20,1,17634760,0.0,0.0,0.0,0.006307281232690427,0.004117708872167049,0.008696515423497723,0.0,161.76521,161.76521,0.0003666752810846561,0.0003666752810846561,124.383256,33.453338,124.383256,31.42617,11.955826,31.42617,0.0,0.0,0.0,,,,,,5,2000,False,,,,5,2000,False,0.0,0.0,0.0,0.0036776797642837215,0,0.0,0.0,17634760,0,0.0,0.20730542666666668,1,0,0,0,174.0,0.0,0.0,False,0,1,600.0,0.0,False,0.2117714330556078,600.0,0.75,0.0,8520.0
overlay0_full_envelope,Guard(1200),20,1,17634760,0.0,0.0,0.0,0.006310870714543311,0.0041188731017693415,0.008700428101803808,0.0,161.76521,161.76521,0.0003666752810846561,0.0003666752810846561,124.383256,34.074124,124.383256,31.42617,11.955826,31.42617,0.0,0.0,0.0,,,,,,5,2000,False,,,,5,2000,False,0.0,0.0,0.0,0.0036775096457224254,4709454,0.26705517965654196,0.35439733798977713,17634760,0,0.0,0.10365271333333334,1,0,0,0,174.0,0.0,0.0,False,0,1,1200.0,0.0,False,0.2117714330556078,0.0,0.0,80.0,20520.0
overlay0_full_envelope,FCFS,21,1,17634760,0.0,0.0,0.0,0.009303995662713862,0.004490994136729327,0.016149463041699504,0.0,72.192596,134.968808,0.000218572414021164,0.00032236906084656084,0.0,0.0,0.0,0.0,0.0,0.0,0.0,0.0,0.0,,,,,,0,2000,False,,,,0,2000,False,,,,0.0030858372895349864,0,0.0,0.0,0,0,0.0,0.0,1,0,0,0,174.28571428571428,0.0,0.0,False,0,1,,,False,0.20168707910057887,0.0,0.0,0.0,0.0
overlay0_full_envelope,SJF,21,1,17634760,0.0,0.0,0.0,0.0046063715184669375,0.0028999613711531325,0.006313281883328543,0.0,121.199011,134.968808,0.00029960153935185184,0.00032236906084656084,83.462744,32.859572,83.462744,83.462744,31.62925,83.462744,0.0,0.0,0.0,,,,,,0,2000,False,,,,0,2000,False,,,,0.0030397351594237745,0,0.0,0.0,0,0,0.0,0.0,1,0,0,0,174.28571428571428,0.0,0.0,False,0,1,,,False,0.20168707910057887,0.0,0.0,0.0,0.0
overlay0_full_envelope,SPJF-E,21,1,17634760,0.0,0.0,0.0,0.005133433632552979,0.0031836049561269533,0.007179567400100411,0.0,134.968808,134.968808,0.00032236906084656084,0.00032236906084656084,97.598956,31.299723,97.598956,31.299723,7.321269,31.299723,0.0,0.0,0.0,,,,,,0,2000,False,,,,0,2000,False,,,,0.0030586750259147277,0,0.0,0.0,0,0,0.0,0.0,1,0,0,0,174.28571428571428,0.0,0.0,False,0,1,,,False,0.20168707910057887,0.0,0.0,0.0,0.0
overlay0_full_envelope,Guard(600),21,1,17634760,0.0,0.0,0.0,0.005133433632552979,0.0031836049561269533,0.007179567400100411,0.0,134.968808,134.968808,0.00032236906084656084,0.00032236906084656084,97.598956,31.299723,97.598956,31.299723,7.321269,31.299723,0.0,0.0,0.0,,,,,,0,2000,False,,,,0,2000,False,0.0,0.0,0.0,0.0030586750259147277,0,0.0,0.0,17634760,0,0.0,0.16266492666666668,1,0,0,0,174.28571428571428,0.0,0.0,False,0,1,600.0,0.0,False,0.20168707910057887,630.0,0.75,0.0,8940.0
overlay0_full_envelope,FCFS,22,1,17634760,0.0,0.0,0.0,0.007577932137551065,0.0034549340076390485,0.01353114841536144,0.0,69.111564,91.26783,0.00021347811507936506,0.00025011215277777777,0.0,0.0,0.0,0.0,0.0,0.0,0.0,0.0,0.0,,,,,,0,2000,False,,,,0,2000,False,,,,0.00259238004940243,0,0.0,0.0,0,0,0.0,0.0,1,0,0,0,174.54545454545456,0.0,0.0,False,0,1,,,False,0.1925194845960071,0.0,0.0,0.0,0.0
overlay0_full_envelope,SJF,22,1,17634760,0.0,0.0,0.0,0.0037222580933905574,0.0023139057638293446,0.00522235041249556,0.0,91.26783,91.26783,0.00025011215277777777,0.00025011215277777777,73.383886,29.361939,73.383886,29.437465,6.623882,29.437465,0.0,0.0,0.0,,,,,,0,2000,False,,,,0,2000,False,,,,0.002546958393536402,0,0.0,0.0,0,0,0.0,0.0,1,0,0,0,174.54545454545456,0.0,0.0,False,0,1,,,False,0.1925194845960071,0.0,0.0,0.0,0.0
overlay0_full_envelope,SPJF-E,22,1,17634760,0.0,0.0,0.0,0.004128800934971622,0.0025417002955336427,0.0059288236914808645,0.0,91.264793,91.26783,0.0002501071312830688,0.00025011215277777777,54.220819,28.946074,54.220819,13.921907,6.114273,13.921907,0.0,0.0,0.0,,,,,,0,2000,False,,,,0,2000,False,,,,0.0025613050588723634,0,0.0,0.0,0,0,0.0,0.0,1,0,0,0,174.54545454545456,0.0,0.0,False,0,1,,,False,0.1925194845960071,0.0,0.0,0.0,0.0
overlay0_full_envelope,Guard(600),22,1,17634760,0.0,0.0,0.0,0.004128800934971622,0.0025417002955336427,0.0059288236914808645,0.0,91.264793,91.26783,0.0002501071312830688,0.00025011215277777777,54.220819,28.946074,54.220819,13.921907,6.114273,13.921907,0.0,0.0,0.0,,,,,,0,2000,False,,,,0,2000,False,0.0,0.0,0.0,0.0025613050588723634,0,0.0,0.0,17634760,0,0.0,0.09036803166666667,1,0,0,0,174.54545454545456,0.0,0.0,False,0,1,600.0,0.0,False,0.1925194845960071,660.0,0.75,0.0,9360.0
overlay0_full_envelope,FCFS,23,1,17634760,0.0,0.0,0.0,0.006516399461404643,0.00292053817925274,0.011649933484897191,0.0,68.51408,114.033412,0.00021249021164021164,0.0002877536574074074,0.0,0.0,0.0,0.0,0.0,0.0,0.0,0.0,0.0,,,,,,0,2000,False,,,,0,2000,False,,,,0.0021770072289047314,0,0.0,0.0,0,0,0.0,0.0,1,0,0,0,174.7826086956522,0.0,0.0,False,0,1,,,False,0.18414907222226767,0.0,0.0,0.0,0.0
overlay0_full_envelope,SJF,23,1,17634760,0.0,0.0,0.0,0.003412370840884708,0.0020371430712794506,0.0049306324644687255,0.0,114.033412,114.033412,0.0002877536574074074,0.0002877536574074074,67.475398,29.952549,67.475398,34.691858,6.10474,34.691858,0.0,0.0,0.0,,,,,,0,2000,False,,,,0,2000,False,,,,0.0021463858878714537,0,0.0,0.0,0,0,0.0,0.0,1,0,0,0,174.7826086956522,0.0,0.0,False,0,1,,,False,0.18414907222226767,0.0,0.0,0.0,0.0
overlay0_full_envelope,SPJF-E,23,1,17634760,0.0,0.0,0.0,0.0037042977768339345,0.0021884781632922293,0.005451693791054387,0.0,84.424407,114.033412,0.00023879696924603174,0.0002877536574074074,52.277584,29.658708,52.277584,14.753571,5.399295,14.753571,0.0,0.0,0.0,,,,,,0,2000,False,,,,0,2000,False,,,,0.0021556857025556344,0,0.0,0.0,0,0,0.0,0.0,1,0,0,0,174.7826086956522,0.0,0.0,False,0,1,,,False,0.18414907222226767,0.0,0.0,0.0,0.0
overlay0_full_envelope,Guard(600),23,1,17634760,0.0,0.0,0.0,0.0037042977768339345,0.0021884781632922293,0.005451693791054387,0.0,84.424407,114.033412,0.00023879696924603174,0.0002877536574074074,52.277584,29.658708,52.277584,14.753571,5.399295,14.753571,0.0,0.0,0.0,,,,,,0,2000,False,,,,0,2000,False,0.0,0.0,0.0,0.0021556857025556344,0,0.0,0.0,17634760,0,0.0,0.08712930666666666,1,0,0,0,174.7826086956522,0.0,0.0,False,0,1,600.0,0.0,False,0.18414907222226767,690.0,0.75,0.0,9780.0
overlay0_full_envelope,FCFS,24,1,17634760,0.0,0.0,0.0,0.005676025362352541,0.002577489744606545,0.010024307956976206,0.0,68.434479,85.703268,0.00021235859623015875,0.00024091148809523807,0.0,0.0,0.0,0.0,0.0,0.0,0.0,0.0,0.0,,,,,,0,2000,False,,,,0,2000,False,,,,0.0018305891319190053,0,0.0,0.0,0,0,0.0,0.0,1,0,0,0,175.0,0.0,0.0,False,0,1,,,False,0.1764761942130065,0.0,0.0,0.0,0.0
overlay0_full_envelope,SJF,24,1,17634760,0.0,0.0,0.0,0.0031045217651388553,0.00181063372019169,0.004513623331266585,0.0,78.94654,85.703268,0.00022973964947089947,0.00024091148809523807,41.857239,29.801483,41.857239,14.483958,4.665877,14.483958,0.0,0.0,0.0,,,,,,0,2000,False,,,,0,2000,False,,,,0.0018065457085891727,0,0.0,0.0,0,0,0.0,0.0,1,0,0,0,175.0,0.0,0.0,False,0,1,,,False,0.1764761942130065,0.0,0.0,0.0,0.0
overlay0_full_envelope,SPJF-E,24,1,17634760,0.0,0.0,0.0,0.003351983233398132,0.0019413518394601603,0.004959095558312459,0.0,85.703268,85.703268,0.00024091148809523807,0.00024091148809523807,52.359948,29.658708,52.359948,8.3783,4.041852,8.3783,0.0,0.0,0.0,,,,,,0,2000,False,,,,0,2000,False,,,,0.0018106285540602765,0,0.0,0.0,0,0,0.0,0.0,1,0,0,0,175.0,0.0,0.0,False,0,1,,,False,0.1764761942130065,0.0,0.0,0.0,0.0
overlay0_full_envelope,Guard(600),24,1,17634760,0.0,0.0,0.0,0.003351983233398132,0.0019413518394601603,0.004959095558312459,0.0,85.703268,85.703268,0.00024091148809523807,0.00024091148809523807,52.359948,29.658708,52.359948,8.3783,4.041852,8.3783,0.0,0.0,0.0,,,,,,0,2000,False,,,,0,2000,False,0.0,0.0,0.0,0.0018106285540602765,0,0.0,0.0,17634760,0,0.0,0.08726658000000001,1,0,0,0,175.0,0.0,0.0,False,0,1,600.0,0.0,False,0.1764761942130065,720.0,0.75,0.0,10200.0
overlay0_full_envelope,FCFS,25,1,17634760,0.0,0.0,0.0,0.004735528920042009,0.002178221175088194,0.008214998630746649,0.0,54.695936,84.129328,0.00018964275132275134,0.00023830907407407405,0.0,0.0,0.0,0.0,0.0,0.0,0.0,0.0,0.0,,,,,,0,2000,False,,,,0,2000,False,,,,0.0015669053619102272,0,0.0,0.0,0,0,0.0,0.0,1,0,0,0,175.2,0.0,0.0,False,0,1,,,False,0.16941714644448624,0.0,0.0,0.0,0.0
overlay0_full_envelope,SJF,25,1,17634760,0.0,0.0,0.0,0.0025670617075593885,0.0014627376364989193,0.003782241271821186,0.0,78.86604,84.129328,0.0002296065476190476,0.00023830907407407405,41.778667,29.801483,41.778667,25.010628,4.675215,25.010628,0.0,0.0,0.0,,,,,,0,2000,False,,,,0,2000,False,,,,0.0015423515828965066,0,0.0,0.0,0,0,0.0,0.0,1,0,0,0,175.2,0.0,0.0,False,0,1,,,False,0.16941714644448624,0.0,0.0,0.0,0.0
overlay0_full_envelope,SPJF-E,25,1,17634760,0.0,0.0,0.0,0.0027812273856860016,0.001570939498866021,0.004135300630606357,0.0,84.129328,84.129328,0.00023830907407407405,0.00023830907407407405,52.069592,29.658708,52.069592,24.690586,6.251336,24.690586,0.0,0.0,0.0,,,,,,0,2000,False,,,,0,2000,False,,,,0.001542464995270704,0,0.0,0.0,0,0,0.0,0.0,1,0,0,0,175.2,0.0,0.0,False,0,1,,,False,0.16941714644448624,0.0,0.0,0.0,0.0
overlay0_full_envelope,Guard(600),25,1,17634760,0.0,0.0,0.0,0.0027812273856860016,0.001570939498866021,0.004135300630606357,0.0,84.129328,84.129328,0.00023830907407407405,0.00023830907407407405,52.069592,29.658708,52.069592,24.690586,6.251336,24.690586,0.0,0.0,0.0,,,,,,0,2000,False,,,,0,2000,False,0.0,0.0,0.0,0.001542464995270704,0,0.0,0.0,17634760,0,0.0,0.08678265333333333,1,0,0,0,175.2,0.0,0.0,False,0,1,600.0,0.0,False,0.16941714644448624,750.0,0.75,0.0,10620.0
overlay0_full_envelope,FCFS,26,1,17634760,0.0,0.0,0.0,0.004029382719583362,0.0018197997252385229,0.006983138235347726,0.0,45.986597,83.557853,0.00017524238921957672,0.00023736417493386243,0.0,0.0,0.0,0.0,0.0,0.0,0.0,0.0,0.0,,,,,,0,2000,False,,,,0,2000,False,,,,0.0013518187942450025,0,0.0,0.0,0,0,0.0,0.0,1,0,0,0,175.3846153846154,0.0,0.0,False,0,1,,,False,0.16290110235046754,0.0,0.0,0.0,0.0
overlay0_full_envelope,SJF,26,1,17634760,0.0,0.0,0.0,0.0022034283502582403,0.0012378875896451019,0.0033133609621731853,0.0,78.769164,83.557853,0.00022944636904761903,0.00023736417493386243,41.730516,29.779415,41.730516,9.262997,4.040014,9.262997,0.0,0.0,0.0,,,,,,0,2000,False,,,,0,2000,False,,,,0.001322388283140797,0,0.0,0.0,0,0,0.0,0.0,1,0,0,0,175.3846153846154,0.0,0.0,False,0,1,,,False,0.16290110235046754,0.0,0.0,0.0,0.0
overlay0_full_envelope,SPJF-E,26,1,17634760,0.0,0.0,0.0,0.0023736093558403984,0.0012983872597054926,0.0036191719283920026,0.0,83.557853,83.557853,0.00023736417493386243,0.00023736417493386243,51.550675,29.658708,51.550675,7.066724,4.654918,7.066724,0.0,0.0,0.0,,,,,,0,2000,False,,,,0,2000,False,,,,0.0013286259637216497,0,0.0,0.0,0,0,0.0,0.0,1,0,0,0,175.3846153846154,0.0,0.0,False,0,1,,,False,0.16290110235046754,0.0,0.0,0.0,0.0
overlay0_full_envelope,Guard(600),26,1,17634760,0.0,0.0,0.0,0.0023736093558403984,0.0012983872597054926,0.0036191719283920026,0.0,83.557853,83.557853,0.00023736417493386243,0.00023736417493386243,51.550675,29.658708,51.550675,7.066724,4.654918,7.066724,0.0,0.0,0.0,,,,,,0,2000,False,,,,0,2000,False,0.0,0.0,0.0,0.0013286259637216497,0,0.0,0.0,17634760,0,0.0,0.08591779166666666,1,0,0,0,175.3846153846154,0.0,0.0,False,0,1,600.0,0.0,False,0.16290110235046754,780.0,0.75,0.0,11040.0
overlay0_full_envelope,FCFS,27,1,17634760,0.0,0.0,0.0,0.003609302371112506,0.0016214667456093323,0.00618677272325868,0.0,44.844089,82.064897,0.00017335332175925924,0.00023489566302910053,0.0,0.0,0.0,0.0,0.0,0.0,0.0,0.0,0.0,,,,,,0,2000,False,,,,0,2000,False,,,,0.0011638377840129382,0,0.0,0.0,0,0,0.0,0.0,1,0,0,0,175.55555555555557,0.0,0.0,False,0,1,,,False,0.1568677281893391,0.0,0.0,0.0,0.0
overlay0_full_envelope,SJF,27,1,17634760,0.0,0.0,0.0,0.0020068236175031584,0.001077368076219903,0.0030727331150268724,0.0,78.593994,82.064897,0.00022915673611111114,0.00023489566302910053,41.603497,27.847757,41.603497,5.922512,3.708625,5.922512,0.0,0.0,0.0,,,,,,0,2000,False,,,,0,2000,False,,,,0.0011339536234119432,0,0.0,0.0,0,0,0.0,0.0,1,0,0,0,175.55555555555557,0.0,0.0,False,0,1,,,False,0.1568677281893391,0.0,0.0,0.0,0.0
overlay0_full_envelope,SPJF-E,27,1,17634760,0.0,0.0,0.0,0.0021528599585137536,0.0011390796767266956,0.003375132179212394,0.0,82.064897,82.064897,0.00023489566302910053,0.00023489566302910053,45.050848,29.658708,45.050848,4.542937,3.847997,4.542937,0.0,0.0,0.0,,,,,,0,2000,False,,,,0,2000,False,,,,0.001141212015360572,0,0.0,0.0,0,0,0.0,0.0,1,0,0,0,175.55555555555557,0.0,0.0,False,0,1,,,False,0.1568677281893391,0.0,0.0,0.0,0.0
overlay0_full_envelope,Guard(600),27,1,17634760,0.0,0.0,0.0,0.0021528599585137536,0.0011390796767266956,0.003375132179212394,0.0,82.064897,82.064897,0.00023489566302910053,0.00023489566302910053,45.050848,29.658708,45.050848,4.542937,3.847997,4.542937,0.0,0.0,0.0,,,,,,0,2000,False,,,,0,2000,False,0.0,0.0,0.0,0.001141212015360572,0,0.0,0.0,17634760,0,0.0,0.07508474666666667,1,0,0,0,175.55555555555557,0.0,0.0,False,0,1,600.0,0.0,False,0.1568677281893391,810.0,0.75,0.0,11460.0
overlay0_full_envelope,FCFS,28,1,17634760,0.0,0.0,0.0,0.0032703356189707194,0.0014858642589569864,0.0054993988613890946,0.0,37.368765,38.648901,0.00016099332837301588,0.00016310995535714286,0.0,0.0,0.0,0.0,0.0,0.0,0.0,0.0,0.0,,,,,,0,2000,False,,,,0,2000,False,,,,0.0010017715012849621,0,0.0,0.0,0,0,0.0,0.0,1,0,0,0,175.7142857142857,0.0,0.0,False,0,1,,,False,0.15126530932543414,0.0,0.0,0.0,0.0
overlay0_full_envelope,SJF,28,1,17634760,0.0,0.0,0.0,0.001835093522452248,0.0009681367704662052,0.0028077647913601414,0.0,37.799803,38.648901,0.00016170602347883597,0.00016310995535714286,29.850644,27.569033,29.850644,7.079733,3.691846,7.079733,0.0,0.0,0.0,,,,,,0,2000,False,,,,0,2000,False,,,,0.0009736452324840258,0,0.0,0.0,0,0,0.0,0.0,1,0,0,0,175.7142857142857,0.0,0.0,False,0,1,,,False,0.15126530932543414,0.0,0.0,0.0,0.0
overlay0_full_envelope,SPJF-E,28,1,17634760,0.0,0.0,0.0,0.001972612969555583,0.0010099828259929624,0.00308859924902872,0.0,38.648901,38.648901,0.00016310995535714286,0.00016310995535714286,30.076343,29.658708,30.076343,7.095582,3.491028,7.095582,0.0,0.0,0.0,,,,,,0,2000,False,,,,0,2000,False,,,,0.000983682227600489,0,0.0,0.0,0,0,0.0,0.0,1,0,0,0,175.7142857142857,0.0,0.0,False,0,1,,,False,0.15126530932543414,0.0,0.0,0.0,0.0
overlay0_full_envelope,Guard(600),28,1,17634760,0.0,0.0,0.0,0.001972612969555583,0.0010099828259929624,0.00308859924902872,0.0,38.648901,38.648901,0.00016310995535714286,0.00016310995535714286,30.076343,29.658708,30.076343,7.095582,3.491028,7.095582,0.0,0.0,0.0,,,,,,0,2000,False,,,,0,2000,False,0.0,0.0,0.0,0.000983682227600489,0,0.0,0.0,17634760,0,0.0,0.05012723833333334,0,1,1,580474541,175.7142857142857,0.0,0.0,False,0,1,600.0,0.0,False,0.15126530932543414,840.0,0.75,0.0,11880.0
overlay0_full_envelope,FCFS,29,1,17634760,0.0,0.0,0.0,0.0027089878451422114,0.0011067678845243772,0.004675760037982048,0.0,36.990497,37.705119,0.00016036788525132276,0.00016154946924603174,0.0,0.0,0.0,0.0,0.0,0.0,0.0,0.0,0.0,,,,,,0,2000,False,,,,0,2000,False,,,,0.0008654498274997789,0,0.0,0.0,0,0,0.0,0.0,1,0,0,0,175.86206896551724,0.0,0.0,False,0,1,,,False,0.14604926417628125,0.0,0.0,0.0,0.0
overlay0_full_envelope,SJF,29,1,17634760,0.0,0.0,0.0,0.0015365020434074518,0.0007148779778796499,0.0024833280243219315,0.0,37.672551,37.705119,0.00016149562003968255,0.00016154946924603174,29.840343,27.549384,29.840343,13.47067,2.672234,13.47067,0.0,0.0,0.0,,,,,,0,2000,False,,,,0,2000,False,,,,0.0008412362856086502,0,0.0,0.0,0,0,0.0,0.0,1,0,0,0,175.86206896551724,0.0,0.0,False,0,1,,,False,0.14604926417628125,0.0,0.0,0.0,0.0
overlay0_full_envelope,SPJF-E,29,1,17634760,0.0,0.0,0.0,0.0016546196010606337,0.0007502587679036586,0.0027034377033754277,0.0,37.705119,37.705119,0.00016154946924603174,0.00016154946924603174,30.059958,29.658708,30.059958,6.102843,3.256174,6.102843,0.0,0.0,0.0,,,,,,0,2000,False,,,,0,2000,False,,,,0.0008471904352540096,0,0.0,0.0,0,0,0.0,0.0,1,0,0,0,175.86206896551724,0.0,0.0,False,0,1,,,False,0.14604926417628125,0.0,0.0,0.0,0.0
overlay0_full_envelope,Guard(600),29,1,17634760,0.0,0.0,0.0,0.0016546196010606337,0.0007502587679036586,0.0027034377033754277,0.0,37.705119,37.705119,0.00016154946924603174,0.00016154946924603174,30.059958,29.658708,30.059958,6.102843,3.256174,6.102843,0.0,0.0,0.0,,,,,,0,2000,False,,,,0,2000,False,0.0,0.0,0.0,0.0008471904352540096,0,0.0,0.0,17634760,0,0.0,0.05009993,0,1,1,580474541,175.86206896551724,0.0,0.0,False,0,1,600.0,0.0,False,0.14604926417628125,870.0,0.75,0.0,12300.0
overlay0_full_envelope,FCFS,30,1,17634760,0.0,0.0,0.0,0.0023577152891788755,0.0008517304880752334,0.004193454567720653,0.0,36.990497,37.699705,0.00016036788525132276,0.00016154051752645501,0.0,0.0,0.0,0.0,0.0,0.0,0.0,0.0,0.0,,,,,,0,2000,False,,,,0,2000,False,,,,0.000742454107682781,0,0.0,0.0,0,0,0.0,0.0,1,0,0,0,176.0,0.0,0.0,False,0,1,,,False,0.1411809553704052,0.0,0.0,0.0,0.0
overlay0_full_envelope,SJF,30,1,17634760,0.0,0.0,0.0,0.0013088437149697532,0.0005503782985636004,0.002231655185985902,0.0,37.668949,37.699705,0.00016148966435185184,0.00016154051752645501,29.801483,27.549384,29.801483,15.529034,3.505459,15.529034,0.0,0.0,0.0,,,,,,0,2000,False,,,,0,2000,False,,,,0.0007256123701144785,0,0.0,0.0,0,0,0.0,0.0,1,0,0,0,176.0,0.0,0.0,False,0,1,,,False,0.1411809553704052,0.0,0.0,0.0,0.0
overlay0_full_envelope,SPJF-E,30,1,17634760,0.0,0.0,0.0,0.0014081154513018626,0.0005796868257461241,0.002388707244344871,0.0,37.699705,37.699705,0.00016154051752645501,0.00016154051752645501,30.03984,29.658708,30.03984,15.0187,2.936556,15.0187,0.0,0.0,0.0,,,,,,0,2000,False,,,,0,2000,False,,,,0.0007287312104049049,0,0.0,0.0,0,0,0.0,0.0,1,0,0,0,176.0,0.0,0.0,False,0,1,,,False,0.1411809553704052,0.0,0.0,0.0,0.0
overlay0_full_envelope,Guard(600),30,1,17634760,0.0,0.0,0.0,0.0014081154513018626,0.0005796868257461241,0.002388707244344871,0.0,37.699705,37.699705,0.00016154051752645501,0.00016154051752645501,30.03984,29.658708,30.03984,15.0187,2.936556,15.0187,0.0,0.0,0.0,,,,,,0,2000,False,,,,0,2000,False,0.0,0.0,0.0,0.0007287312104049049,0,0.0,0.0,17634760,0,0.0,0.050066400000000004,0,1,0,580474541,176.0,0.0,0.0,False,0,1,600.0,0.0,False,0.1411809553704052,900.0,0.75,0.0,12720.0
overlay0_full_envelope,FCFS,31,1,17634760,0.0,0.0,0.0,0.0018511312029196906,0.0006189441541169926,0.003447211723432015,0.0,36.986895,37.472704,0.00016036192956349208,0.00016116518518518517,0.0,0.0,0.0,0.0,0.0,0.0,0.0,0.0,0.0,,,,,,0,2000,False,,,,0,2000,False,,,,0.0006428780431375306,0,0.0,0.0,0,0,0.0,0.0,1,0,0,0,176.1290322580645,0.0,0.0,False,0,1,,,False,0.13662673100361794,0.0,0.0,0.0,0.0
overlay0_full_envelope,SJF,31,1,17634760,0.0,0.0,0.0,0.0010044303213085964,0.00041016982023448916,0.0017089294137138619,0.0,37.472704,37.472704,0.00016116518518518517,0.00016116518518518517,29.531391,27.549384,29.531391,25.022841,3.684657,25.022841,0.0,0.0,0.0,,,,,,0,2000,False,,,,0,2000,False,,,,0.0006322172799629822,0,0.0,0.0,0,0,0.0,0.0,1,0,0,0,176.1290322580645,0.0,0.0,False,0,1,,,False,0.13662673100361794,0.0,0.0,0.0,0.0
overlay0_full_envelope,SPJF-E,31,1,17634760,0.0,0.0,0.0,0.0010845848745318911,0.000429218549473954,0.00187417006512208,0.0,37.424992,37.472704,0.0001610862962962963,0.00016116518518518517,29.833048,29.654363,29.833048,24.903129,2.658756,24.903129,0.0,0.0,0.0,,,,,,0,2000,False,,,,0,2000,False,,,,0.0006370373058663685,0,0.0,0.0,0,0,0.0,0.0,1,0,0,0,176.1290322580645,0.0,0.0,False,0,1,,,False,0.13662673100361794,0.0,0.0,0.0,0.0
overlay0_full_envelope,Guard(600),31,1,17634760,0.0,0.0,0.0,0.0010845848745318911,0.000429218549473954,0.00187417006512208,0.0,37.424992,37.472704,0.0001610862962962963,0.00016116518518518517,29.833048,29.654363,29.833048,24.903129,2.658756,24.903129,0.0,0.0,0.0,,,,,,0,2000,False,,,,0,2000,False,0.0,0.0,0.0,0.0006370373058663685,0,0.0,0.0,17634760,0,0.0,0.04972174666666667,0,1,0,580474541,176.1290322580645,0.0,0.0,False,0,1,600.0,0.0,False,0.13662673100361794,930.0,0.75,0.0,13140.0
overlay0_full_envelope,FCFS,32,1,17634760,0.0,0.0,0.0,0.0016307470400504466,0.0005100373056695403,0.00308997366637779,0.0,36.986895,37.369852,0.00016036192956349208,0.00016099512566137569,0.0,0.0,0.0,0.0,0.0,0.0,0.0,0.0,0.0,,,,,,0,2000,False,,,,0,2000,False,,,,0.0005578187624895377,0,0.0,0.0,0,0,0.0,0.0,1,0,0,0,176.25,0.0,0.0,False,0,1,,,False,0.13235714565975487,0.0,0.0,0.0,0.0
overlay0_full_envelope,SJF,32,1,17634760,0.0,0.0,0.0,0.0009309151231431555,0.0003526797493292421,0.0016604436666423194,0.0,37.354468,37.369852,0.00016096968915343916,0.00016099512566137569,35.049054,9.580246,35.049054,35.049054,2.672234,35.049054,0.0,0.0,0.0,,,,,,0,2000,False,,,,0,2000,False,,,,0.0005500500148570211,0,0.0,0.0,0,0,0.0,0.0,1,0,0,0,176.25,0.0,0.0,False,0,1,,,False,0.13235714565975487,0.0,0.0,0.0,0.0
overlay0_full_envelope,SPJF-E,32,1,17634760,0.0,0.0,0.0,0.0009630292805799463,0.00036846972533348155,0.0017126021901141175,0.0,37.369852,37.369852,0.00016099512566137569,0.00016099512566137569,30.215406,9.580321,30.215406,5.744713,1.523718,5.744713,0.0,0.0,0.0,,,,,,0,2000,False,,,,0,2000,False,,,,0.0005527152056506581,0,0.0,0.0,0,0,0.0,0.0,1,0,0,0,176.25,0.0,0.0,False,0,1,,,False,0.13235714565975487,0.0,0.0,0.0,0.0
overlay0_full_envelope,Guard(600),32,1,17634760,0.0,0.0,0.0,0.0009630292805799463,0.00036846972533348155,0.0017126021901141175,0.0,37.369852,37.369852,0.00016099512566137569,0.00016099512566137569,30.215406,9.580321,30.215406,5.744713,1.523718,5.744713,0.0,0.0,0.0,,,,,,0,2000,False,,,,0,2000,False,0.0,0.0,0.0,0.0005527152056506581,0,0.0,0.0,17634760,0,0.0,0.05035901,0,1,0,580474541,176.25,0.0,0.0,False,0,1,600.0,0.0,False,0.13235714565975487,960.0,0.75,0.0,13560.0
overlay0_full_envelope,FCFS,33,1,17634760,0.0,0.0,0.0,0.0013341096881386528,0.0003909390365547754,0.002641981029604592,0.0,36.986895,37.369852,0.00016036192956349208,0.00016099512566137569,0.0,0.0,0.0,0.0,0.0,0.0,0.0,0.0,0.0,,,,,,0,2000,False,,,,0,2000,False,,,,0.00048500801825485573,0,0.0,0.0,0,0,0.0,0.0,1,0,0,0,176.36363636363637,0.0,0.0,False,0,1,,,False,0.12834632306400473,0.0,0.0,0.0,0.0
overlay0_full_envelope,SJF,33,1,17634760,0.0,0.0,0.0,0.000823324312324069,0.00029607228593084165,0.0014952184812031207,0.0,37.342698,37.369852,0.00016095022817460316,0.00016099512566137569,30.272474,6.348713,30.272474,3.229349,2.173124,3.229349,0.0,0.0,0.0,,,,,,0,2000,False,,,,0,2000,False,,,,0.0004788270438611016,0,0.0,0.0,0,0,0.0,0.0,1,0,0,0,176.36363636363637,0.0,0.0,False,0,1,,,False,0.12834632306400473,0.0,0.0,0.0,0.0
overlay0_full_envelope,SPJF-E,33,1,17634760,0.0,0.0,0.0,0.0008524015428052322,0.0003111961117214339,0.001545966099365043,0.0,37.369852,37.369852,0.00016099512566137569,0.00016099512566137569,30.215406,9.580321,30.215406,1.722822,1.051482,1.722822,0.0,0.0,0.0,,,,,,0,2000,False,,,,0,2000,False,,,,0.000482456239835416,0,0.0,0.0,0,0,0.0,0.0,1,0,0,0,176.36363636363637,0.0,0.0,False,0,1,,,False,0.12834632306400473,0.0,0.0,0.0,0.0
overlay0_full_envelope,Guard(600),33,1,17634760,0.0,0.0,0.0,0.0008524015428052322,0.0003111961117214339,0.001545966099365043,0.0,37.369852,37.369852,0.00016099512566137569,0.00016099512566137569,30.215406,9.580321,30.215406,1.722822,1.051482,1.722822,0.0,0.0,0.0,,,,,,0,2000,False,,,,0,2000,False,0.0,0.0,0.0,0.000482456239835416,0,0.0,0.0,17634760,0,0.0,0.05035901,0,1,0,580474541,176.36363636363637,0.0,0.0,False,0,1,600.0,0.0,False,0.12834632306400473,990.0,0.75,0.0,13980.0
overlay0_full_envelope,FCFS,34,1,17634760,0.0,0.0,0.0,0.0010272741058001357,0.00018824833879127446,0.002308287510379079,0.0,36.986895,37.248014,0.00016036192956349208,0.00016079367394179894,0.0,0.0,0.0,0.0,0.0,0.0,0.0,0.0,0.0,,,,,,0,2000,False,,,,0,2000,False,,,,0.0004182648360397306,0,0.0,0.0,0,0,0.0,0.0,1,0,0,0,176.47058823529414,0.0,0.0,False,0,1,,,False,0.12457143120918106,0.0,0.0,0.0,0.0
overlay0_full_envelope,SJF,34,1,17634760,0.0,0.0,0.0,0.000568386805604385,0.00016066842236142655,0.0011866902250988309,0.0,37.224462,37.248014,0.00016075473214285715,0.00016079367394179894,30.272474,4.52127,30.272474,6.63636,2.672234,6.63636,0.0,0.0,0.0,,,,,,0,2000,False,,,,0,2000,False,,,,0.0004124808049556671,0,0.0,0.0,0,0,0.0,0.0,1,0,0,0,176.47058823529414,0.0,0.0,False,0,1,,,False,0.12457143120918106,0.0,0.0,0.0,0.0
overlay0_full_envelope,SPJF-E,34,1,17634760,0.0,0.0,0.0,0.0005852171970018302,0.0001688679680318959,0.0012174418882317135,0.0,37.248014,37.248014,0.00016079367394179894,0.00016079367394179894,30.215406,4.028729,30.215406,3.244543,1.410864,3.244543,0.0,0.0,0.0,,,,,,0,2000,False,,,,0,2000,False,,,,0.00041645023805257343,0,0.0,0.0,0,0,0.0,0.0,1,0,0,0,176.47058823529414,0.0,0.0,False,0,1,,,False,0.12457143120918106,0.0,0.0,0.0,0.0
overlay0_full_envelope,Guard(600),34,1,17634760,0.0,0.0,0.0,0.0005852171970018302,0.0001688679680318959,0.0012174418882317135,0.0,37.248014,37.248014,0.00016079367394179894,0.00016079367394179894,30.215406,4.028729,30.215406,3.244543,1.410864,3.244543,0.0,0.0,0.0,,,,,,0,2000,False,,,,0,2000,False,0.0,0.0,0.0,0.00041645023805257343,0,0.0,0.0,17634760,0,0.0,0.05035901,0,1,0,580474541,176.47058823529414,0.0,0.0,False,0,1,600.0,0.0,False,0.12457143120918106,1020.0,0.75,0.0,14400.0
overlay0_full_envelope,FCFS,35,1,17634760,0.0,0.0,0.0,0.0008190453585418803,0.0001285766692639482,0.0020062499984031105,0.0,36.415478,37.248014,0.00015941712632275133,0.00016079367394179894,0.0,0.0,0.0,0.0,0.0,0.0,0.0,0.0,0.0,,,,,,0,2000,False,,,,0,2000,False,,,,0.0003554343807344132,0,0.0,0.0,0,0,0.0,0.0,1,0,0,0,176.57142857142858,0.0,0.0,False,0,1,,,False,0.12101224746034732,0.0,0.0,0.0,0.0
overlay0_full_envelope,SJF,35,1,17634760,0.0,0.0,0.0,0.0004458154586736638,0.00010743329035027788,0.0010395351503424655,0.0,37.224462,37.248014,0.00016075473214285715,0.00016079367394179894,30.272474,6.311473,30.272474,2.37902,1.982366,2.37902,0.0,0.0,0.0,,,,,,0,2000,False,,,,0,2000,False,,,,0.00035101129814071755,0,0.0,0.0,0,0,0.0,0.0,1,0,0,0,176.57142857142858,0.0,0.0,False,0,1,,,False,0.12101224746034732,0.0,0.0,0.0,0.0
overlay0_full_envelope,SPJF-E,35,1,17634760,0.0,0.0,0.0,0.00046257099728037095,0.00011433944681092894,0.0010712556626943954,0.0,37.248014,37.248014,0.00016079367394179894,0.00016079367394179894,30.215406,3.814822,30.215406,1.714214,1.146827,1.714214,0.0,0.0,0.0,,,,,,0,2000,False,,,,0,2000,False,,,,0.00035418684461824263,0,0.0,0.0,0,0,0.0,0.0,1,0,0,0,176.57142857142858,0.0,0.0,False,0,1,,,False,0.12101224746034732,0.0,0.0,0.0,0.0
overlay0_full_envelope,Guard(600),35,1,17634760,0.0,0.0,0.0,0.00046257099728037095,0.00011433944681092894,0.0010712556626943954,0.0,37.248014,37.248014,0.00016079367394179894,0.00016079367394179894,30.215406,3.814822,30.215406,1.714214,1.146827,1.714214,0.0,0.0,0.0,,,,,,0,2000,False,,,,0,2000,False,0.0,0.0,0.0,0.00035418684461824263,0,0.0,0.0,17634760,0,0.0,0.05035901,0,1,0,580474541,176.57142857142858,0.0,0.0,False,0,1,600.0,0.0,False,0.12101224746034732,1050.0,0.75,0.0,14820.0
overlay0_full_envelope,FCFS,36,1,17634760,0.0,0.0,0.0,0.0006725076319723096,9.148271330685118e-05,0.0017640763068534164,0.0,36.415478,37.248014,0.00015941712632275133,0.00016079367394179894,0.0,0.0,0.0,0.0,0.0,0.0,0.0,0.0,0.0,,,,,,0,2000,False,,,,0,2000,False,,,,0.00030042937924871106,0,0.0,0.0,0,0,0.0,0.0,1,0,0,0,176.66666666666669,0.0,0.0,False,0,1,,,False,0.11765079614200434,0.0,0.0,0.0,0.0
overlay0_full_envelope,SJF,36,1,17634760,0.0,0.0,0.0,0.00038716369885385374,8.067846528937654e-05,0.000943455904887397,0.0,37.224462,37.248014,0.00016075473214285715,0.00016079367394179894,30.261833,2.361495,30.261833,2.361495,1.944124,2.361495,0.0,0.0,0.0,,,,,,0,2000,False,,,,0,2000,False,,,,0.00029526911622273285,0,0.0,0.0,0,0,0.0,0.0,1,0,0,0,176.66666666666669,0.0,0.0,False,0,1,,,False,0.11765079614200434,0.0,0.0,0.0,0.0
overlay0_full_envelope,SPJF-E,36,1,17634760,0.0,0.0,0.0,0.0004001896225976418,8.483464663845869e-05,0.0009707103548822244,0.0,37.248014,37.248014,0.00016079367394179894,0.00016079367394179894,30.212879,1.588348,30.212879,2.29492,1.083203,2.29492,0.0,0.0,0.0,,,,,,0,2000,False,,,,0,2000,False,,,,0.00029787760082927126,0,0.0,0.0,0,0,0.0,0.0,1,0,0,0,176.66666666666669,0.0,0.0,False,0,1,,,False,0.11765079614200434,0.0,0.0,0.0,0.0
overlay0_full_envelope,Guard(600),36,1,17634760,0.0,0.0,0.0,0.0004001896225976418,8.483464663845869e-05,0.0009707103548822244,0.0,37.248014,37.248014,0.00016079367394179894,0.00016079367394179894,30.212879,1.588348,30.212879,2.29492,1.083203,2.29492,0.0,0.0,0.0,,,,,,0,2000,False,,,,0,2000,False,0.0,0.0,0.0,0.00029787760082927126,0,0.0,0.0,17634760,0,0.0,0.05035479833333333,0,1,0,580474541,176.66666666666669,0.0,0.0,False,0,1,600.0,0.0,False,0.11765079614200434,1080.0,0.75,0.0,15240.0
overlay0_full_envelope,FCFS,37,1,17634760,0.0,0.0,0.0,0.0006088264843978608,7.381019918236511e-05,0.0016504526112418416,0.0,36.415478,37.2426,0.00015941712632275133,0.00016078472222222224,0.0,0.0,0.0,0.0,0.0,0.0,0.0,0.0,0.0,,,,,,0,2000,False,,,,0,2000,False,,,,0.0002588070379182932,0,0.0,0.0,0,0,0.0,0.0,1,0,0,0,176.75675675675677,0.0,0.0,False,0,1,,,False,0.11447104489492314,0.0,0.0,0.0,0.0
overlay0_full_envelope,SJF,37,1,17634760,0.0,0.0,0.0,0.0003595382373789038,6.748561872244812e-05,0.0008937044747241117,0.0,37.215446,37.2426,0.00016073982473544974,0.00016078472222222224,30.261734,2.168411,30.261734,2.168411,1.944124,2.168411,0.0,0.0,0.0,,,,,,0,2000,False,,,,0,2000,False,,,,0.0002535900687052163,0,0.0,0.0,0,0,0.0,0.0,1,0,0,0,176.75675675675677,0.0,0.0,False,0,1,,,False,0.11447104489492314,0.0,0.0,0.0,0.0
overlay0_full_envelope,SPJF-E,37,1,17634760,0.0,0.0,0.0,0.00037137443617038106,7.089714853722847e-05,0.0009185886427225142,0.0,37.2426,37.2426,0.00016078472222222224,0.00016078472222222224,30.211764,1.523718,30.211764,2.198748,1.034651,2.198748,0.0,0.0,0.0,,,,,,0,2000,False,,,,0,2000,False,,,,0.0002550644295697815,0,0.0,0.0,0,0,0.0,0.0,1,0,0,0,176.75675675675677,0.0,0.0,False,0,1,,,False,0.11447104489492314,0.0,0.0,0.0,0.0
overlay0_full_envelope,Guard(600),37,1,17634760,0.0,0.0,0.0,0.00037137443617038106,7.089714853722847e-05,0.0009185886427225142,0.0,37.2426,37.2426,0.00016078472222222224,0.00016078472222222224,30.211764,1.523718,30.211764,2.198748,1.034651,2.198748,0.0,0.0,0.0,,,,,,0,2000,False,,,,0,2000,False,0.0,0.0,0.0,0.0002550644295697815,0,0.0,0.0,17634760,0,0.0,0.05035294,0,1,0,580474541,176.75675675675677,0.0,0.0,False,0,1,600.0,0.0,False,0.11447104489492314,1110.0,0.75,0.0,15660.0
overlay0_full_envelope,FCFS,38,1,17634760,0.0,0.0,0.0,0.0005628014402804456,6.032888313297486e-05,0.0015775590829163097,0.0,36.415478,37.2426,0.00015941712632275133,0.00016078472222222224,0.0,0.0,0.0,0.0,0.0,0.0,0.0,0.0,0.0,,,,,,0,2000,False,,,,0,2000,False,,,,0.00022291202148484016,0,0.0,0.0,0,0,0.0,0.0,1,0,0,0,176.8421052631579,0.0,0.0,False,0,1,,,False,0.11145864897663568,0.0,0.0,0.0,0.0
overlay0_full_envelope,SJF,38,1,17634760,0.0,0.0,0.0,0.0003262274167609875,5.647819827016718e-05,0.00084325703270445,0.0,37.211844,37.2426,0.00016073386904761906,0.00016078472222222224,27.728174,2.165935,27.728174,2.165935,1.325321,2.165935,0.0,0.0,0.0,,,,,,0,2000,False,,,,0,2000,False,,,,0.00021916941313632847,0,0.0,0.0,0,0,0.0,0.0,1,0,0,0,176.8421052631579,0.0,0.0,False,0,1,,,False,0.11145864897663568,0.0,0.0,0.0,0.0
overlay0_full_envelope,SPJF-E,38,1,17634760,0.0,0.0,0.0,0.00033652963799904196,5.902050296250322e-05,0.0008646112920471612,0.0,37.2426,37.2426,0.00016078472222222224,0.00016078472222222224,30.211764,1.381733,30.211764,2.120796,0.875106,2.120796,0.0,0.0,0.0,,,,,,0,2000,False,,,,0,2000,False,,,,0.00022070048018799234,0,0.0,0.0,0,0,0.0,0.0,1,0,0,0,176.8421052631579,0.0,0.0,False,0,1,,,False,0.11145864897663568,0.0,0.0,0.0,0.0
overlay0_full_envelope,Guard(600),38,1,17634760,0.0,0.0,0.0,0.00033652963799904196,5.902050296250322e-05,0.0008646112920471612,0.0,37.2426,37.2426,0.00016078472222222224,0.00016078472222222224,30.211764,1.381733,30.211764,2.120796,0.875106,2.120796,0.0,0.0,0.0,,,,,,0,2000,False,,,,0,2000,False,0.0,0.0,0.0,0.00022070048018799234,0,0.0,0.0,17634760,0,0.0,0.05035294,0,1,0,580474541,176.8421052631579,0.0,0.0,False,0,1,600.0,0.0,False,0.11145864897663568,1140.0,0.75,0.0,16080.0
overlay0_full_envelope,FCFS,39,1,17634760,0.0,0.0,0.0,0.0005255659995939829,4.7340678205755476e-05,0.0015187595857293558,0.0,36.415478,37.2426,0.00015941712632275133,0.00016078472222222224,0.0,0.0,0.0,0.0,0.0,0.0,0.0,0.0,0.0,,,,,,0,2000,False,,,,0,2000,False,,,,0.00019274432994835202,0,0.0,0.0,0,0,0.0,0.0,1,0,0,0,176.92307692307693,0.0,0.0,False,0,1,,,False,0.10860073490031169,0.0,0.0,0.0,0.0
overlay0_full_envelope,SJF,39,1,17634760,0.0,0.0,0.0,0.00029750776097888426,4.3803385103290756e-05,0.0007935594008601495,0.0,37.211844,37.2426,0.00016073386904761906,0.00016078472222222224,27.728174,1.982366,27.728174,2.165935,1.870709,2.165935,0.0,0.0,0.0,,,,,,0,2000,False,,,,0,2000,False,,,,0.0001891718401611363,0,0.0,0.0,0,0,0.0,0.0,1,0,0,0,176.92307692307693,0.0,0.0,False,0,1,,,False,0.10860073490031169,0.0,0.0,0.0,0.0
overlay0_full_envelope,SPJF-E,39,1,17634760,0.0,0.0,0.0,0.0003057649562001403,4.640635781624407e-05,0.0008119187876159643,0.0,37.2426,37.2426,0.00016078472222222224,0.00016078472222222224,30.207767,1.310111,30.207767,4.036823,1.051482,4.036823,0.0,0.0,0.0,,,,,,0,2000,False,,,,0,2000,False,,,,0.00019007913915471489,0,0.0,0.0,0,0,0.0,0.0,1,0,0,0,176.92307692307693,0.0,0.0,False,0,1,,,False,0.10860073490031169,0.0,0.0,0.0,0.0
overlay0_full_envelope,Guard(600),39,1,17634760,0.0,0.0,0.0,0.0003057649562001403,4.640635781624407e-05,0.0008119187876159643,0.0,37.2426,37.2426,0.00016078472222222224,0.00016078472222222224,30.207767,1.310111,30.207767,4.036823,1.051482,4.036823,0.0,0.0,0.0,,,,,,0,2000,False,,,,0,2000,False,0.0,0.0,0.0,0.00019007913915471489,0,0.0,0.0,17634760,0,0.0,0.050346278333333334,0,1,0,580474541,176.92307692307693,0.0,0.0,False,0,1,600.0,0.0,False,0.10860073490031169,1170.0,0.75,0.0,16500.0
overlay0_full_envelope,FCFS,40,1,17634760,0.0,0.0,0.0,0.0004956838656721146,3.836747653359886e-05,0.0014553301817639976,0.0,36.415478,37.169287,0.00015941712632275133,0.00016066350363756613,0.0,0.0,0.0,0.0,0.0,0.0,0.0,0.0,0.0,,,,,,0,2000,False,,,,0,2000,False,,,,0.00016558206632809292,0,0.0,0.0,0,0,0.0,0.0,1,0,0,0,177.0,0.0,0.0,False,0,1,,,False,0.1058857165278039,0.0,0.0,0.0,0.0
overlay0_full_envelope,SJF,40,1,17634760,0.0,0.0,0.0,0.00027451310496995644,3.518306661456468e-05,0.0007587345170360635,0.0,37.169287,37.169287,0.00016066350363756613,0.00016066350363756613,27.569033,1.703723,27.569033,2.165935,1.237402,2.165935,0.0,0.0,0.0,,,,,,0,2000,False,,,,0,2000,False,,,,0.00016200957654087723,0,0.0,0.0,0,0,0.0,0.0,1,0,0,0,177.0,0.0,0.0,False,0,1,,,False,0.1058857165278039,0.0,0.0,0.0,0.0
overlay0_full_envelope,SPJF-E,40,1,17634760,0.0,0.0,0.0,0.0002808750618097433,3.7125236281162416e-05,0.0007719778379236803,0.0,37.169287,37.169287,0.00016066350363756613,0.00016066350363756613,30.173488,1.299775,30.173488,3.917828,1.034651,3.917828,0.0,0.0,0.0,,,,,,0,2000,False,,,,0,2000,False,,,,0.00016257663841186384,0,0.0,0.0,0,0,0.0,0.0,1,0,0,0,177.0,0.0,0.0,False,0,1,,,False,0.1058857165278039,0.0,0.0,0.0,0.0
overlay0_full_envelope,Guard(600),40,1,17634760,0.0,0.0,0.0,0.0002808750618097433,3.7125236281162416e-05,0.0007719778379236803,0.0,37.169287,37.169287,0.00016066350363756613,0.00016066350363756613,30.173488,1.299775,30.173488,3.917828,1.034651,3.917828,0.0,0.0,0.0,,,,,,0,2000,False,,,,0,2000,False,0.0,0.0,0.0,0.00016257663841186384,0,0.0,0.0,17634760,0,0.0,0.050289146666666666,0,1,0,318184534,177.0,0.0,0.0,False,0,1,600.0,0.0,False,0.1058857165278039,1200.0,0.75,0.0,16920.0
overlay0_full_envelope,FCFS,41,1,17634760,0.0,0.0,0.0,0.0004751590384558664,3.149323320511959e-05,0.0014105487500931822,0.0,36.415478,37.169287,0.00015941712632275133,0.00016066350363756613,0.0,0.0,0.0,0.0,0.0,0.0,0.0,0.0,0.0,,,,,,0,2000,False,,,,0,2000,False,,,,0.00014488430803708132,0,0.0,0.0,0,0,0.0,0.0,1,0,0,0,177.0731707317073,0.0,0.0,False,0,1,,,False,0.10330313807590624,0.0,0.0,0.0,0.0
overlay0_full_envelope,SJF,41,1,17634760,0.0,0.0,0.0,0.0002593992333323499,2.972819383878988e-05,0.0007311201193780748,0.0,37.169287,37.169287,0.00016066350363756613,0.00016066350363756613,27.569033,1.665458,27.569033,2.155599,1.232907,2.155599,0.0,0.0,0.0,,,,,,0,2000,False,,,,0,2000,False,,,,0.00014108499350147096,0,0.0,0.0,0,0,0.0,0.0,1,0,0,0,177.0731707317073,0.0,0.0,False,0,1,,,False,0.10330313807590624,0.0,0.0,0.0,0.0
overlay0_full_envelope,SPJF-E,41,1,17634760,0.0,0.0,0.0,0.00026448490175085974,3.084683549383545e-05,0.0007411757769009716,0.0,37.169287,37.169287,0.00016066350363756613,0.00016066350363756613,30.17248,1.299775,30.17248,3.025489,1.034651,3.025489,0.0,0.0,0.0,,,,,,0,2000,False,,,,0,2000,False,,,,0.00014187888012085221,0,0.0,0.0,0,0,0.0,0.0,1,0,0,0,177.0731707317073,0.0,0.0,False,0,1,,,False,0.10330313807590624,0.0,0.0,0.0,0.0
overlay0_full_envelope,Guard(600),41,1,17634760,0.0,0.0,0.0,0.00026448490175085974,3.084683549383545e-05,0.0007411757769009716,0.0,37.169287,37.169287,0.00016066350363756613,0.00016066350363756613,30.17248,1.299775,30.17248,3.025489,1.034651,3.025489,0.0,0.0,0.0,,,,,,0,2000,False,,,,0,2000,False,0.0,0.0,0.0,0.00014187888012085221,0,0.0,0.0,17634760,0,0.0,0.05028746666666667,0,1,0,318184534,177.0731707317073,0.0,0.0,False,0,1,600.0,0.0,False,0.10330313807590624,1230.0,0.75,0.0,17340.0
overlay0_full_envelope,FCFS,42,1,17634760,0.0,0.0,0.0,0.0004582094977759825,2.611348883090932e-05,0.0013727339620175055,0.0,34.799493,37.010146,0.00015674519345238095,0.00016040037367724867,0.0,0.0,0.0,0.0,0.0,0.0,0.0,0.0,0.0,,,,,,0,2000,False,,,,0,2000,False,,,,0.0001263980910429175,0,0.0,0.0,0,0,0.0,0.0,1,0,0,0,177.14285714285717,0.0,0.0,False,0,1,,,False,0.10084353955028943,0.0,0.0,0.0,0.0
overlay0_full_envelope,SJF,42,1,17634760,0.0,0.0,0.0,0.0002454841795975671,2.4169380741609554e-05,0.0007025302429640062,0.0,37.010146,37.010146,0.00016040037367724867,0.00016040037367724867,27.569033,1.665458,27.569033,1.98738,1.232907,1.98738,0.0,0.0,0.0,,,,,,0,2000,False,,,,0,2000,False,,,,0.00012265548269440582,0,0.0,0.0,0,0,0.0,0.0,1,0,0,0,177.14285714285717,0.0,0.0,False,0,1,,,False,0.10084353955028943,0.0,0.0,0.0,0.0
overlay0_full_envelope,SPJF-E,42,1,17634760,0.0,0.0,0.0,0.00025016857927184647,2.5659069079712222e-05,0.0007124760327300127,0.0,37.010146,37.010146,0.00016040037367724867,0.00016040037367724867,30.17248,1.082126,30.17248,3.029725,0.615447,3.029725,0.0,0.0,0.0,,,,,,0,2000,False,,,,0,2000,False,,,,0.00012316583837829377,0,0.0,0.0,0,0,0.0,0.0,1,0,0,0,177.14285714285717,0.0,0.0,False,0,1,,,False,0.10084353955028943,0.0,0.0,0.0,0.0
overlay0_full_envelope,Guard(600),42,1,17634760,0.0,0.0,0.0,0.00025016857927184647,2.5659069079712222e-05,0.0007124760327300127,0.0,37.010146,37.010146,0.00016040037367724867,0.00016040037367724867,30.17248,1.082126,30.17248,3.029725,0.615447,3.029725,0.0,0.0,0.0,,,,,,0,2000,False,,,,0,2000,False,0.0,0.0,0.0,0.00012316583837829377,0,0.0,0.0,17634760,0,0.0,0.05028746666666667,0,1,0,318184534,177.14285714285717,0.0,0.0,False,0,1,600.0,0.0,False,0.10084353955028943,1260.0,0.75,0.0,17760.0
overlay0_full_envelope,FCFS,43,1,17634760,0.0,0.0,0.0,0.000401724543174957,2.2658487518316758e-05,0.0012045595427039937,0.0,34.175245,35.645631,0.00015571303736772486,0.00015814423115079366,0.0,0.0,0.0,0.0,0.0,0.0,0.0,0.0,0.0,,,,,,0,2000,False,,,,0,2000,False,,,,0.0001109173019649828,0,0.0,0.0,0,0,0.0,0.0,1,0,0,0,177.2093023255814,0.0,0.0,False,0,1,,,False,0.09849834095609665,0.0,0.0,0.0,0.0
overlay0_full_envelope,SJF,43,1,17634760,0.0,0.0,0.0,0.0002344024621826436,2.0915706184734623e-05,0.0006778041099996796,0.0,35.645631,35.645631,0.00015814423115079366,0.00015814423115079366,26.204518,1.232907,26.204518,1.964209,1.232907,1.964209,0.0,0.0,0.0,,,,,,0,2000,False,,,,0,2000,False,,,,0.00010870576066813498,0,0.0,0.0,0,0,0.0,0.0,1,0,0,0,177.2093023255814,0.0,0.0,False,0,1,,,False,0.09849834095609665,0.0,0.0,0.0,0.0
overlay0_full_envelope,SPJF-E,43,1,17634760,0.0,0.0,0.0,0.00023839712272806626,2.2040675861851273e-05,0.0006868121582967335,0.0,35.585036,35.645631,0.00015804404100529102,0.00015814423115079366,30.107923,1.034651,30.107923,2.561974,0.625764,2.561974,0.0,0.0,0.0,,,,,,0,2000,False,,,,0,2000,False,,,,0.00010938623491331893,0,0.0,0.0,0,0,0.0,0.0,1,0,0,0,177.2093023255814,0.0,0.0,False,0,1,,,False,0.09849834095609665,0.0,0.0,0.0,0.0
overlay0_full_envelope,Guard(600),43,1,17634760,0.0,0.0,0.0,0.00023839712272806626,2.2040675861851273e-05,0.0006868121582967335,0.0,35.585036,35.645631,0.00015804404100529102,0.00015814423115079366,30.107923,1.034651,30.107923,2.561974,0.625764,2.561974,0.0,0.0,0.0,,,,,,0,2000,False,,,,0,2000,False,0.0,0.0,0.0,0.00010938623491331893,0,0.0,0.0,17634760,0,0.0,0.05017987166666667,0,1,0,312332652,177.2093023255814,0.0,0.0,False,0,1,600.0,0.0,False,0.09849834095609665,1290.0,0.75,0.0,18180.0
overlay0_full_envelope,FCFS,44,1,17634760,0.0,0.0,0.0,0.0003788516034808524,1.956631188584167e-05,0.001141711324587455,0.0,31.994663,35.509368,0.0001521075777116402,0.00015791892857142857,0.0,0.0,0.0,0.0,0.0,0.0,0.0,0.0,0.0,,,,,,0,2000,False,,,,0,2000,False,,,,9.866876555167182e-05,0,0.0,0.0,0,0,0.0,0.0,1,0,0,0,177.27272727272728,0.0,0.0,False,0,1,,,False,0.09625974229800355,0.0,0.0,0.0,0.0
overlay0_full_envelope,SJF,44,1,17634760,0.0,0.0,0.0,0.0002241974337615029,1.796448034306371e-05,0.0006545240856552998,0.0,35.49849,35.509368,0.00015790094246031746,0.00015791892857142857,26.057377,1.051482,26.057377,1.964209,1.051482,1.964209,0.0,0.0,0.0,,,,,,0,2000,False,,,,0,2000,False,,,,9.730781706130392e-05,0,0.0,0.0,0,0,0.0,0.0,1,0,0,0,177.27272727272728,0.0,0.0,False,0,1,,,False,0.09625974229800355,0.0,0.0,0.0,0.0
overlay0_full_envelope,SPJF-E,44,1,17634760,0.0,0.0,0.0,0.00022769897702038487,1.90423662879131e-05,0.000662753798795522,0.0,35.509368,35.509368,0.00015791892857142857,0.00015791892857142857,30.093694,1.034651,30.093694,1.18045,0.615447,1.18045,0.0,0.0,0.0,,,,,,0,2000,False,,,,0,2000,False,,,,9.759134799679724e-05,0,0.0,0.0,0,0,0.0,0.0,1,0,0,0,177.27272727272728,0.0,0.0,False,0,1,,,False,0.09625974229800355,0.0,0.0,0.0,0.0
overlay0_full_envelope,Guard(600),44,1,17634760,0.0,0.0,0.0,0.00022769897702038487,1.90423662879131e-05,0.000662753798795522,0.0,35.509368,35.509368,0.00015791892857142857,0.00015791892857142857,30.093694,1.034651,30.093694,1.18045,0.615447,1.18045,0.0,0.0,0.0,,,,,,0,2000,False,,,,0,2000,False,0.0,0.0,0.0,9.759134799679724e-05,0,0.0,0.0,17634760,0,0.0,0.05015615666666667,0,1,0,312332652,177.27272727272728,0.0,0.0,False,0,1,600.0,0.0,False,0.09625974229800355,1320.0,0.75,0.0,18600.0
overlay0_full_envelope,FCFS,45,1,17634760,0.0,0.0,0.0,0.0003618577824138237,1.673361767620706e-05,0.0010952673408460066,0.0,31.397179,35.471693,0.00015111967427248676,0.00015785663525132276,0.0,0.0,0.0,0.0,0.0,0.0,0.0,0.0,0.0,,,,,,0,2000,False,,,,0,2000,False,,,,8.88585951836033e-05,0,0.0,0.0,0,0,0.0,0.0,1,0,0,0,177.33333333333334,0.0,0.0,False,0,1,,,False,0.09412063691360346,0.0,0.0,0.0,0.0
overlay0_full_envelope,SJF,45,1,17634760,0.0,0.0,0.0,0.00021471526110930899,1.545134847380528e-05,0.0006324722947185555,0.0,35.462862,35.471693,0.00015784203373015872,0.00015785663525132276,26.021749,0.902489,26.021749,1.32574,0.875215,1.32574,0.0,0.0,0.0,,,,,,0,2000,False,,,,0,2000,False,,,,8.806470856422203e-05,0,0.0,0.0,0,0,0.0,0.0,1,0,0,0,177.33333333333334,0.0,0.0,False,0,1,,,False,0.09412063691360346,0.0,0.0,0.0,0.0
overlay0_full_envelope,SPJF-E,45,1,17634760,0.0,0.0,0.0,0.00021781163724371634,1.6327199662350812e-05,0.0006399047272085808,0.0,35.471693,35.471693,0.00015785663525132276,0.00015785663525132276,26.03058,0.740433,26.03058,0.740433,0.587076,0.740433,0.0,0.0,0.0,,,,,,0,2000,False,,,,0,2000,False,,,,8.817812093841935e-05,0,0.0,0.0,0,0,0.0,0.0,1,0,0,0,177.33333333333334,0.0,0.0,False,0,1,,,False,0.09412063691360346,0.0,0.0,0.0,0.0
overlay0_full_envelope,Guard(600),45,1,17634760,0.0,0.0,0.0,0.00021781163724371634,1.6327199662350812e-05,0.0006399047272085808,0.0,35.471693,35.471693,0.00015785663525132276,0.00015785663525132276,26.03058,0.740433,26.03058,0.740433,0.587076,0.740433,0.0,0.0,0.0,,,,,,0,2000,False,,,,0,2000,False,0.0,0.0,0.0,8.817812093841935e-05,0,0.0,0.0,17634760,0,0.0,0.0433843,0,1,0,312332652,177.33333333333334,0.0,0.0,False,0,1,600.0,0.0,False,0.09412063691360346,1350.0,0.75,0.0,19020.0
overlay0_full_envelope,FCFS,46,1,17634760,0.0,0.0,0.0,0.00027238976249180624,1.429126438339721e-05,0.0008197122841472285,0.0,31.397179,35.452998,0.00015111967427248676,0.00015782572420634921,0.0,0.0,0.0,0.0,0.0,0.0,0.0,0.0,0.0,,,,,,0,2000,False,,,,0,2000,False,,,,7.984231143491604e-05,0,0.0,0.0,0,0,0.0,0.0,1,0,0,0,177.39130434782606,0.0,0.0,False,0,1,,,False,0.09207453611113384,0.0,0.0,0.0,0.0
overlay0_full_envelope,SJF,46,1,17634760,0.0,0.0,0.0,0.00013432282492078143,1.3414580522905833e-05,0.0003838360026393577,0.0,35.440985,35.452998,0.00015780586144179893,0.00015782572420634921,25.999872,0.875215,25.999872,9.70642,0.875215,9.70642,0.0,0.0,0.0,,,,,,0,2000,False,,,,0,2000,False,,,,7.950207431232407e-05,0,0.0,0.0,0,0,0.0,0.0,1,0,0,0,177.39130434782606,0.0,0.0,False,0,1,,,False,0.09207453611113384,0.0,0.0,0.0,0.0
overlay0_full_envelope,SPJF-E,46,1,17634760,0.0,0.0,0.0,0.0001407473142248603,1.4122532556711364e-05,0.0004020404244984565,0.0,35.452998,35.452998,0.00015782572420634921,0.00015782572420634921,26.011885,0.740433,26.011885,1.940707,0.539194,1.940707,0.0,0.0,0.0,,,,,,0,2000,False,,,,0,2000,False,,,,7.978560524781738e-05,0,0.0,0.0,0,0,0.0,0.0,1,0,0,0,177.39130434782606,0.0,0.0,False,0,1,,,False,0.09207453611113384,0.0,0.0,0.0,0.0
overlay0_full_envelope,Guard(600),46,1,17634760,0.0,0.0,0.0,0.0001407473142248603,1.4122532556711364e-05,0.0004020404244984565,0.0,35.452998,35.452998,0.00015782572420634921,0.00015782572420634921,26.011885,0.740433,26.011885,1.940707,0.539194,1.940707,0.0,0.0,0.0,,,,,,0,2000,False,,,,0,2000,False,0.0,0.0,0.0,7.978560524781738e-05,0,0.0,0.0,17634760,0,0.0,0.043353141666666664,0,1,0,312332652,177.39130434782606,0.0,0.0,False,0,1,600.0,0.0,False,0.09207453611113384,1380.0,0.75,0.0,19440.0
overlay0_full_envelope,FCFS,47,1,17634760,0.0,0.0,0.0,0.0002338626634555839,1.2225951221062503e-05,0.0007038045983549161,0.0,31.397179,34.879817,0.00015111967427248676,0.00015687800429894182,0.0,0.0,0.0,0.0,0.0,0.0,0.0,0.0,0.0,,,,,,0,2000,False,,,,0,2000,False,,,,7.025896581524217e-05,0,0.0,0.0,0,0,0.0,0.0,1,0,0,0,177.4468085106383,0.0,0.0,False,0,1,,,False,0.09011550342791821,0.0,0.0,0.0,0.0
overlay0_full_envelope,SJF,47,1,17634760,0.0,0.0,0.0,0.00010551409721481883,1.1534754070626326e-05,0.00029887006031903673,0.0,34.861727,34.879817,0.0001568480935846561,0.00015687800429894182,4.169136,0.875215,4.169136,1.301064,0.875215,1.301064,0.0,0.0,0.0,,,,,,0,2000,False,,,,0,2000,False,,,,6.986202250555153e-05,0,0.0,0.0,0,0,0.0,0.0,1,0,0,0,177.4468085106383,0.0,0.0,False,0,1,,,False,0.09011550342791821,0.0,0.0,0.0,0.0
overlay0_full_envelope,SPJF-E,47,1,17634760,0.0,0.0,0.0,0.00010824153353944144,1.1944389623826312e-05,0.0003054672494751483,0.0,34.879817,34.879817,0.00015687800429894182,0.00015687800429894182,4.175794,0.569568,4.175794,1.159342,0.539194,1.159342,0.0,0.0,0.0,,,,,,0,2000,False,,,,0,2000,False,,,,7.014555344104485e-05,0,0.0,0.0,0,0,0.0,0.0,1,0,0,0,177.4468085106383,0.0,0.0,False,0,1,,,False,0.09011550342791821,0.0,0.0,0.0,0.0
overlay0_full_envelope,Guard(600),47,1,17634760,0.0,0.0,0.0,0.00010824153353944144,1.1944389623826312e-05,0.0003054672494751483,0.0,34.879817,34.879817,0.00015687800429894182,0.00015687800429894182,4.175794,0.569568,4.175794,1.159342,0.539194,1.159342,0.0,0.0,0.0,,,,,,0,2000,False,,,,0,2000,False,0.0,0.0,0.0,7.014555344104485e-05,0,0.0,0.0,17634760,0,0.0,0.006959656666666666,0,1,0,52519952,177.4468085106383,0.0,0.0,False,0,1,600.0,0.0,False,0.09011550342791821,1410.0,0.75,0.0,19860.0
overlay0_full_envelope,FCFS,48,1,17634760,0.0,0.0,0.0,0.00022149207525364668,1.0198393643647507e-05,0.0006687391877885914,0.0,31.397179,34.871812,0.00015111967427248676,0.00015686476851851854,0.0,0.0,0.0,0.0,0.0,0.0,0.0,0.0,0.0,,,,,,0,2000,False,,,,0,2000,False,,,,6.0392089260074986e-05,0,0.0,0.0,0,0,0.0,0.0,1,0,0,0,177.5,0.0,0.0,False,0,1,,,False,0.08823809710650325,0.0,0.0,0.0,0.0
overlay0_full_envelope,SJF,48,1,17634760,0.0,0.0,0.0,9.721323641489873e-05,9.512382824133803e-06,0.0002789104521324423,0.0,34.852924,34.871812,0.00015683353835978836,0.00015686476851851854,4.169136,0.902489,4.169136,1.237402,0.724808,1.237402,0.0,0.0,0.0,,,,,,0,2000,False,,,,0,2000,False,,,,5.988173357618703e-05,0,0.0,0.0,0,0,0.0,0.0,1,0,0,0,177.5,0.0,0.0,False,0,1,,,False,0.08823809710650325,0.0,0.0,0.0,0.0
overlay0_full_envelope,SPJF-E,48,1,17634760,0.0,0.0,0.0,9.948655513315744e-05,1.0097871849684007e-05,0.0002842821144875743,0.0,34.871812,34.871812,0.00015686476851851854,0.00015686476851851854,4.175794,0.539194,4.175794,0.718313,0.539194,0.718313,0.0,0.0,0.0,,,,,,0,2000,False,,,,0,2000,False,,,,6.016526451168034e-05,0,0.0,0.0,0,0,0.0,0.0,1,0,0,0,177.5,0.0,0.0,False,0,1,,,False,0.08823809710650325,0.0,0.0,0.0,0.0
overlay0_full_envelope,Guard(600),48,1,17634760,0.0,0.0,0.0,9.948655513315744e-05,1.0097871849684007e-05,0.0002842821144875743,0.0,34.871812,34.871812,0.00015686476851851854,0.00015686476851851854,4.175794,0.539194,4.175794,0.718313,0.539194,0.718313,0.0,0.0,0.0,,,,,,0,2000,False,,,,0,2000,False,0.0,0.0,0.0,6.016526451168034e-05,0,0.0,0.0,17634760,0,0.0,0.006959656666666666,0,1,0,52519952,177.5,0.0,0.0,False,0,1,600.0,0.0,False,0.08823809710650325,1440.0,0.75,0.0,20280.0
overlay0_full_envelope,FCFS,49,1,17634760,0.0,0.0,0.0,0.00021196488146138644,8.585176734201845e-06,0.0006435182954881783,0.0,29.819036,29.819036,0.00014851031084656084,0.00014851031084656084,0.0,0.0,0.0,0.0,0.0,0.0,0.0,0.0,0.0,,,,,,0,2000,False,,,,0,2000,False,,,,5.296357875015027e-05,0,0.0,0.0,0,0,0.0,0.0,1,0,0,0,177.55102040816325,0.0,0.0,False,0,1,,,False,0.0864373196145338,0.0,0.0,0.0,0.0
overlay0_full_envelope,SJF,49,1,17634760,0.0,0.0,0.0,9.107641544313617e-05,8.02831922688732e-06,0.0002647503279205123,0.0,20.035244,29.819036,0.0001323334060846561,0.00014851031084656084,4.169136,0.902489,4.169136,1.197726,0.724808,1.197726,0.0,0.0,0.0,,,,,,0,2000,False,,,,0,2000,False,,,,5.2169692130769006e-05,0,0.0,0.0,0,0,0.0,0.0,1,0,0,0,177.55102040816325,0.0,0.0,False,0,1,,,False,0.0864373196145338,0.0,0.0,0.0,0.0
overlay0_full_envelope,SPJF-E,49,1,17634760,0.0,0.0,0.0,9.327890637581679e-05,8.465267145833554e-06,0.0002695881199013199,0.0,19.930968,29.819036,0.00013216099206349207,0.00014851031084656084,4.175794,0.539194,4.175794,0.551649,0.405617,0.551649,0.0,0.0,0.0,,,,,,0,2000,False,,,,0,2000,False,,,,5.233981069206499e-05,0,0.0,0.0,0,0,0.0,0.0,1,0,0,0,177.55102040816325,0.0,0.0,False,0,1,,,False,0.0864373196145338,0.0,0.0,0.0,0.0
overlay0_full_envelope,Guard(600),49,1,17634760,0.0,0.0,0.0,9.327890637581679e-05,8.465267145833554e-06,0.0002695881199013199,0.0,19.930968,29.819036,0.00013216099206349207,0.00014851031084656084,4.175794,0.539194,4.175794,0.551649,0.405617,0.551649,0.0,0.0,0.0,,,,,,0,2000,False,,,,0,2000,False,0.0,0.0,0.0,5.233981069206499e-05,0,0.0,0.0,17634760,0,0.0,0.006959656666666666,0,1,0,38905928,177.55102040816325,0.0,0.0,False,0,1,600.0,0.0,False,0.0864373196145338,1470.0,0.75,0.0,20700.0
overlay0_full_envelope,FCFS,50,1,17634760,0.0,0.0,0.0,0.00012613305817601154,7.202429408660924e-06,0.00037629923816806483,0.0,17.560835,17.560835,0.00012824212136243387,0.00012824212136243387,0.0,0.0,0.0,0.0,0.0,0.0,0.0,0.0,0.0,,,,,,0,2000,False,,,,0,2000,False,,,,4.593201154991619e-05,0,0.0,0.0,0,0,0.0,0.0,1,0,0,0,177.6,0.0,0.0,False,0,1,,,False,0.08470857322224312,0.0,0.0,0.0,0.0
overlay0_full_envelope,SJF,50,1,17634760,0.0,0.0,0.0,4.335605763843682e-05,6.523234086892129e-06,0.00011657542992862794,0.0,13.030285,17.560835,0.00012075113260582009,0.00012824212136243387,4.160589,0.902489,4.160589,1.197726,0.882296,1.197726,0.0,0.0,0.0,,,,,,0,2000,False,,,,0,2000,False,,,,4.479788780794295e-05,0,0.0,0.0,0,0,0.0,0.0,1,0,0,0,177.6,0.0,0.0,False,0,1,,,False,0.08470857322224312,0.0,0.0,0.0,0.0
overlay0_full_envelope,SPJF-E,50,1,17634760,0.0,0.0,0.0,4.821092030739286e-05,6.9663077602201234e-06,0.00013041096039763565,0.0,13.028569,17.560835,0.00012074829530423281,0.00012824212136243387,4.158873,0.539194,4.158873,0.712353,0.388554,0.712353,0.0,0.0,0.0,,,,,,0,2000,False,,,,0,2000,False,,,,4.508141874343626e-05,0,0.0,0.0,0,0,0.0,0.0,1,0,0,0,177.6,0.0,0.0,False,0,1,,,False,0.08470857322224312,0.0,0.0,0.0,0.0
overlay0_full_envelope,Guard(600),50,1,17634760,0.0,0.0,0.0,4.821092030739286e-05,6.9663077602201234e-06,0.00013041096039763565,0.0,13.028569,17.560835,0.00012074829530423281,0.00012824212136243387,4.158873,0.539194,4.158873,0.712353,0.388554,0.712353,0.0,0.0,0.0,,,,,,0,2000,False,,,,0,2000,False,0.0,0.0,0.0,4.508141874343626e-05,0,0.0,0.0,17634760,0,0.0,0.0069314549999999996,0,1,0,38905928,177.6,0.0,0.0,False,0,1,600.0,0.0,False,0.08470857322224312,1500.0,0.75,0.0,21120.0
overlay0_full_envelope,FCFS,51,1,17634760,0.0,0.0,0.0,6.386194203947205e-05,5.991905398981917e-06,0.00018376336912468395,0.0,9.46718,13.019087,0.0001148597552910053,0.0001207326173941799,0.0,0.0,0.0,0.0,0.0,0.0,0.0,0.0,0.0,,,,,,0,2000,False,,,,0,2000,False,,,,3.946750622066872e-05,0,0.0,0.0,0,0,0.0,0.0,1,0,0,0,177.64705882352942,0.0,0.0,False,0,1,,,False,0.08304762080612071,0.0,0.0,0.0,0.0
overlay0_full_envelope,SJF,51,1,17634760,0.0,0.0,0.0,3.375585899666343e-05,5.459081896711533e-06,8.994173626789868e-05,0.0,12.962839,13.019087,0.00012063961474867725,0.0001207326173941799,5.363013,0.740381,5.363013,0.902489,0.691438,0.902489,0.0,0.0,0.0,,,,,,0,2000,False,,,,0,2000,False,,,,3.810655773030084e-05,0,0.0,0.0,0,0,0.0,0.0,1,0,0,0,177.64705882352942,0.0,0.0,False,0,1,,,False,0.08304762080612071,0.0,0.0,0.0,0.0
overlay0_full_envelope,SPJF-E,51,1,17634760,0.0,0.0,0.0,3.545081390390343e-05,5.826427465385604e-06,9.378402313576374e-05,0.0,13.019087,13.019087,0.0001207326173941799,0.0001207326173941799,4.149391,0.539194,4.149391,0.712353,0.388554,0.712353,0.0,0.0,0.0,,,,,,0,2000,False,,,,0,2000,False,,,,3.8276676291596825e-05,0,0.0,0.0,0,0,0.0,0.0,1,0,0,0,177.64705882352942,0.0,0.0,False,0,1,,,False,0.08304762080612071,0.0,0.0,0.0,0.0
overlay0_full_envelope,Guard(600),51,1,17634760,0.0,0.0,0.0,3.545081390390343e-05,5.826427465385604e-06,9.378402313576374e-05,0.0,13.019087,13.019087,0.0001207326173941799,0.0001207326173941799,4.149391,0.539194,4.149391,0.712353,0.388554,0.712353,0.0,0.0,0.0,,,,,,0,2000,False,,,,0,2000,False,0.0,0.0,0.0,3.8276676291596825e-05,0,0.0,0.0,17634760,0,0.0,0.006915651666666666,0,1,0,38905928,177.64705882352942,0.0,0.0,False,0,1,600.0,0.0,False,0.08304762080612071,1530.0,0.75,0.0,21540.0
overlay0_full_envelope,FCFS,52,1,17634760,0.0,0.0,0.0,3.786314460758186e-05,4.951711708410821e-06,0.00010453814086810914,0.0,8.869696,12.961346,0.00011387185185185186,0.00012063714616402117,0.0,0.0,0.0,0.0,0.0,0.0,0.0,0.0,0.0,,,,,,0,2000,False,,,,0,2000,False,,,,3.271946995592795e-05,0,0.0,0.0,0,0,0.0,0.0,1,0,0,0,177.6923076923077,0.0,0.0,False,0,1,,,False,0.08145055117523377,0.0,0.0,0.0,0.0
overlay0_full_envelope,SJF,52,1,17634760,0.0,0.0,0.0,2.8419395557410503e-05,4.570079101210921e-06,7.58092853919403e-05,0.0,12.961346,12.961346,0.00012063714616402117,0.00012063714616402117,4.09165,0.81089,4.09165,0.915324,0.338059,0.915324,0.0,0.0,0.0,,,,,,0,2000,False,,,,0,2000,False,,,,3.158534621395471e-05,0,0.0,0.0,0,0,0.0,0.0,1,0,0,0,177.6923076923077,0.0,0.0,False,0,1,,,False,0.08145055117523377,0.0,0.0,0.0,0.0
overlay0_full_envelope,SPJF-E,52,1,17634760,0.0,0.0,0.0,2.9187005777226347e-05,4.899664748076542e-06,7.71886241131966e-05,0.0,12.938674,12.961346,0.0001205996593915344,0.00012063714616402117,4.068978,0.539194,4.068978,0.625035,0.252105,0.625035,0.0,0.0,0.0,,,,,,0,2000,False,,,,0,2000,False,,,,3.169875858815204e-05,0,0.0,0.0,0,0,0.0,0.0,1,0,0,0,177.6923076923077,0.0,0.0,False,0,1,,,False,0.08145055117523377,0.0,0.0,0.0,0.0
overlay0_full_envelope,Guard(600),52,1,17634760,0.0,0.0,0.0,2.9187005777226347e-05,4.899664748076542e-06,7.71886241131966e-05,0.0,12.938674,12.961346,0.0001205996593915344,0.00012063714616402117,4.068978,0.539194,4.068978,0.625035,0.252105,0.625035,0.0,0.0,0.0,,,,,,0,2000,False,,,,0,2000,False,0.0,0.0,0.0,3.169875858815204e-05,0,0.0,0.0,17634760,0,0.0,0.00678163,0,1,0,38905928,177.6923076923077,0.0,0.0,False,0,1,600.0,0.0,False,0.08145055117523377,1560.0,0.75,0.0,21960.0
overlay0_full_envelope,FCFS,53,1,17634760,0.0,0.0,0.0,3.0398723260197504e-05,4.026847733723394e-06,8.353309275496502e-05,0.0,8.869696,12.877223,0.00011387185185185186,0.0001204980539021164,0.0,0.0,0.0,0.0,0.0,0.0,0.0,0.0,0.0,,,,,,0,2000,False,,,,0,2000,False,,,,2.7332382181555065e-05,0,0.0,0.0,0,0,0.0,0.0,1,0,0,0,177.73584905660377,0.0,0.0,False,0,1,,,False,0.07991374832287088,0.0,0.0,0.0,0.0
overlay0_full_envelope,SJF,53,1,17634760,0.0,0.0,0.0,2.576017422408926e-05,3.7974244076035715e-06,6.979679754043809e-05,0.0,12.877223,12.877223,0.0001204980539021164,0.0001204980539021164,4.007527,0.81089,4.007527,0.915324,0.500252,0.915324,0.0,0.0,0.0,,,,,,0,2000,False,,,,0,2000,False,,,,2.659520174927246e-05,0,0.0,0.0,0,0,0.0,0.0,1,0,0,0,177.73584905660377,0.0,0.0,False,0,1,,,False,0.07991374832287088,0.0,0.0,0.0,0.0
overlay0_full_envelope,SPJF-E,53,1,17634760,0.0,0.0,0.0,2.637369524734105e-05,3.931882385966895e-06,7.111268228420876e-05,0.0,12.838705,12.877223,0.00012043436673280425,0.0001204980539021164,3.969009,0.539194,3.969009,0.625035,0.500252,0.625035,0.0,0.0,0.0,,,,,,0,2000,False,,,,0,2000,False,,,,2.6651907936371122e-05,0,0.0,0.0,0,0,0.0,0.0,1,0,0,0,177.73584905660377,0.0,0.0,False,0,1,,,False,0.07991374832287088,0.0,0.0,0.0,0.0
overlay0_full_envelope,Guard(600),53,1,17634760,0.0,0.0,0.0,2.637369524734105e-05,3.931882385966895e-06,7.111268228420876e-05,0.0,12.838705,12.877223,0.00012043436673280425,0.0001204980539021164,3.969009,0.539194,3.969009,0.625035,0.500252,0.625035,0.0,0.0,0.0,,,,,,0,2000,False,,,,0,2000,False,0.0,0.0,0.0,2.6651907936371122e-05,0,0.0,0.0,17634760,0,0.0,0.006615014999999999,0,1,0,38905928,177.73584905660377,0.0,0.0,False,0,1,600.0,0.0,False,0.07991374832287088,1590.0,0.75,0.0,22380.0
overlay0_full_envelope,FCFS,54,1,17634760,0.0,0.0,0.0,2.5549786274380842e-05,3.1636451961469155e-06,7.068344957389303e-05,0.0,7.727188,10.640814,0.00011198278439153439,0.00011680028769841271,0.0,0.0,0.0,0.0,0.0,0.0,0.0,0.0,0.0,,,,,,0,2000,False,,,,0,2000,False,,,,2.285259340076077e-05,0,0.0,0.0,0,0,0.0,0.0,1,0,0,0,177.77777777777777,0.0,0.0,False,0,1,,,False,0.07843386409466956,0.0,0.0,0.0,0.0
overlay0_full_envelope,SJF,54,1,17634760,0.0,0.0,0.0,2.3534452354327487e-05,2.9361141155636367e-06,6.516436249675358e-05,0.0,10.472547,10.640814,0.00011652206845238096,0.00011680028769841271,3.122218,0.682732,3.122218,0.902489,0.191896,0.902489,0.0,0.0,0.0,,,,,,0,2000,False,,,,0,2000,False,,,,2.2795887213662107e-05,0,0.0,0.0,0,0,0.0,0.0,1,0,0,0,177.77777777777777,0.0,0.0,False,0,1,,,False,0.07843386409466956,0.0,0.0,0.0,0.0
overlay0_full_envelope,SPJF-E,54,1,17634760,0.0,0.0,0.0,2.4006104761278286e-05,3.0924493724304797e-06,6.612227070659871e-05,0.0,10.640814,10.640814,0.00011680028769841271,0.00011680028769841271,2.999577,0.539194,2.999577,0.546963,0.449206,0.546963,0.0,0.0,0.0,,,,,,0,2000,False,,,,0,2000,False,,,,2.2795887213662107e-05,0,0.0,0.0,0,0,0.0,0.0,1,0,0,0,177.77777777777777,0.0,0.0,False,0,1,,,False,0.07843386409466956,0.0,0.0,0.0,0.0
overlay0_full_envelope,Guard(600),54,1,17634760,0.0,0.0,0.0,2.4006104761278286e-05,3.0924493724304797e-06,6.612227070659871e-05,0.0,10.640814,10.640814,0.00011680028769841271,0.00011680028769841271,2.999577,0.539194,2.999577,0.546963,0.449206,0.546963,0.0,0.0,0.0,,,,,,0,2000,False,,,,0,2000,False,0.0,0.0,0.0,2.2795887213662107e-05,0,0.0,0.0,17634760,0,0.0,0.004999294999999999,0,1,0,38905928,177.77777777777777,0.0,0.0,False,0,1,600.0,0.0,False,0.07843386409466956,1620.0,0.75,0.0,22800.0
overlay0_full_envelope,FCFS,55,1,17634760,0.0,0.0,0.0,1.3856860030984262e-05,2.4928151489971102e-06,3.5323858751905104e-05,0.0,5.40375,8.449555,0.00010814112103174603,0.00011317717427248677,0.0,0.0,0.0,0.0,0.0,0.0,0.0,0.0,0.0,,,,,,0,2000,False,,,,0,2000,False,,,,1.939351598774239e-05,0,0.0,0.0,0,0,0.0,0.0,1,0,0,0,177.81818181818184,0.0,0.0,False,0,1,,,False,0.07700779383840284,0.0,0.0,0.0,0.0
overlay0_full_envelope,SJF,55,1,17634760,0.0,0.0,0.0,1.0314457639344104e-05,2.340660739754946e-06,2.4669801281317025e-05,0.0,8.449555,8.449555,0.00011317717427248677,0.00011317717427248677,7.170522,0.87615,7.170522,7.170522,0.87615,7.170522,0.0,0.0,0.0,,,,,,0,2000,False,,,,0,2000,False,,,,1.939351598774239e-05,0,0.0,0.0,0,0,0.0,0.0,1,0,0,0,177.81818181818184,0.0,0.0,False,0,1,,,False,0.07700779383840284,0.0,0.0,0.0,0.0
overlay0_full_envelope,SPJF-E,55,1,17634760,0.0,0.0,0.0,1.0553902066146625e-05,2.4385444151727887e-06,2.5163649574043317e-05,0.0,8.259271,8.449555,0.00011286255125661375,0.00011317717427248677,7.211242,0.457201,7.211242,7.211242,0.457201,7.211242,0.0,0.0,0.0,,,,,,0,2000,False,,,,0,2000,False,,,,1.939351598774239e-05,0,0.0,0.0,0,0,0.0,0.0,1,0,0,0,177.81818181818184,0.0,0.0,False,0,1,,,False,0.07700779383840284,0.0,0.0,0.0,0.0
overlay0_full_envelope,Guard(600),55,1,17634760,0.0,0.0,0.0,1.0553902066146625e-05,2.4385444151727887e-06,2.5163649574043317e-05,0.0,8.259271,8.449555,0.00011286255125661375,0.00011317717427248677,7.211242,0.457201,7.211242,7.211242,0.457201,7.211242,0.0,0.0,0.0,,,,,,0,2000,False,,,,0,2000,False,0.0,0.0,0.0,1.939351598774239e-05,0,0.0,0.0,17634760,0,0.0,0.012018736666666665,0,1,0,38905928,177.81818181818184,0.0,0.0,False,0,1,600.0,0.0,False,0.07700779383840284,1650.0,0.75,0.0,23220.0
overlay0_full_envelope,FCFS,56,1,17634760,0.0,0.0,0.0,6.202185683275529e-06,1.8457812193711865e-06,1.3121178010633345e-05,0.0,2.213469,3.470279,0.00010286618551587302,0.00010494424437830687,0.0,0.0,0.0,0.0,0.0,0.0,0.0,0.0,0.0,,,,,,0,2000,False,,,,0,2000,False,,,,1.672832519410528e-05,0,0.0,0.0,0,0,0.0,0.0,1,0,0,0,177.85714285714286,0.0,0.0,False,0,1,,,False,0.07563265466271707,0.0,0.0,0.0,0.0
overlay0_full_envelope,SJF,56,1,17634760,0.0,0.0,0.0,5.190926443002344e-06,1.7497216214992104e-06,1.0176107803258472e-05,0.0,3.470279,3.470279,0.00010494424437830687,0.00010494424437830687,2.081612,0.546963,2.081612,1.25802,0.546963,1.25802,0.0,0.0,0.0,,,,,,0,2000,False,,,,0,2000,False,,,,1.672832519410528e-05,0,0.0,0.0,0,0,0.0,0.0,1,0,0,0,177.85714285714286,0.0,0.0,False,0,1,,,False,0.07563265466271707,0.0,0.0,0.0,0.0
overlay0_full_envelope,SPJF-E,56,1,17634760,0.0,0.0,0.0,5.268049579353504e-06,1.8079649116435125e-06,1.0289139463306888e-05,0.0,3.435042,3.470279,0.00010488598214285715,0.00010494424437830687,2.046375,0.177681,2.046375,1.012923,0.177681,1.012923,0.0,0.0,0.0,,,,,,0,2000,False,,,,0,2000,False,,,,1.672832519410528e-05,0,0.0,0.0,0,0,0.0,0.0,1,0,0,0,177.85714285714286,0.0,0.0,False,0,1,,,False,0.07563265466271707,0.0,0.0,0.0,0.0
overlay0_full_envelope,Guard(600),56,1,17634760,0.0,0.0,0.0,5.268049579353504e-06,1.8079649116435125e-06,1.0289139463306888e-05,0.0,3.435042,3.470279,0.00010488598214285715,0.00010494424437830687,2.046375,0.177681,2.046375,1.012923,0.177681,1.012923,0.0,0.0,0.0,,,,,,0,2000,False,,,,0,2000,False,0.0,0.0,0.0,1.672832519410528e-05,0,0.0,0.0,17634760,0,0.0,0.0034106249999999996,0,1,0,4621157,177.85714285714286,0.0,0.0,False,0,1,600.0,0.0,False,0.07563265466271707,1680.0,0.75,0.0,23640.0
overlay0_full_envelope,FCFS,57,1,17634760,0.0,0.0,0.0,4.066719819266041e-06,1.4290771060377594e-06,7.753744492214226e-06,0.0,1.268044,1.470059,0.00010130298280423281,0.00010163700231481482,0.0,0.0,0.0,0.0,0.0,0.0,0.0,0.0,0.0,,,,,,0,2000,False,,,,0,2000,False,,,,1.4119840587566828e-05,0,0.0,0.0,0,0,0.0,0.0,1,0,0,0,177.89473684210526,0.0,0.0,False,0,1,,,False,0.07430576598442379,0.0,0.0,0.0,0.0
overlay0_full_envelope,SJF,57,1,17634760,0.0,0.0,0.0,3.657955934756129e-06,1.3692518317396311e-06,6.73992052134992e-06,0.0,1.470059,1.470059,0.00010163700231481482,0.00010163700231481482,0.902489,0.612367,0.902489,0.902489,0.612367,0.902489,0.0,0.0,0.0,,,,,,0,2000,False,,,,0,2000,False,,,,1.4006428213369504e-05,0,0.0,0.0,0,0,0.0,0.0,1,0,0,0,177.89473684210526,0.0,0.0,False,0,1,,,False,0.07430576598442379,0.0,0.0,0.0,0.0
overlay0_full_envelope,SPJF-E,57,1,17634760,0.0,0.0,0.0,3.719144178883069e-06,1.38949517275069e-06,6.8198010279723175e-06,0.0,1.456165,1.470059,0.00010161402943121692,0.00010163700231481482,0.793284,0.177681,0.793284,0.793284,0.177681,0.793284,0.0,0.0,0.0,,,,,,0,2000,False,,,,0,2000,False,,,,1.4063134400468166e-05,0,0.0,0.0,0,0,0.0,0.0,1,0,0,0,177.89473684210526,0.0,0.0,False,0,1,,,False,0.07430576598442379,0.0,0.0,0.0,0.0
overlay0_full_envelope,Guard(600),57,1,17634760,0.0,0.0,0.0,3.719144178883069e-06,1.38949517275069e-06,6.8198010279723175e-06,0.0,1.456165,1.470059,0.00010161402943121692,0.00010163700231481482,0.793284,0.177681,0.793284,0.793284,0.177681,0.793284,0.0,0.0,0.0,,,,,,0,2000,False,,,,0,2000,False,0.0,0.0,0.0,1.4063134400468166e-05,0,0.0,0.0,17634760,0,0.0,0.00132214,0,1,0,4621157,177.89473684210526,0.0,0.0,False,0,1,600.0,0.0,False,0.07430576598442379,1710.0,0.75,0.0,24060.0
overlay0_full_envelope,FCFS,58,1,17634760,0.0,0.0,0.0,2.9255006589258945e-06,1.0712181727958328e-06,5.26519528746284e-06,0.0,0.934259,1.097682,0.0001007510896164021,0.0001010212996031746,0.0,0.0,0.0,0.0,0.0,0.0,0.0,0.0,0.0,,,,,,0,2000,False,,,,0,2000,False,,,,1.2078417852014998e-05,0,0.0,0.0,0,0,0.0,0.0,1,0,0,0,177.93103448275863,0.0,0.0,False,0,1,,,False,0.07302463208814063,0.0,0.0,0.0,0.0
overlay0_full_envelope,SJF,58,1,17634760,0.0,0.0,0.0,2.6678110164243803e-06,1.0355443333940167e-06,4.711418390934698e-06,0.0,1.072566,1.097682,0.00010097977182539683,0.0001010212996031746,0.724808,0.612367,0.724808,0.724808,0.612367,0.724808,0.0,0.0,0.0,,,,,,0,2000,False,,,,0,2000,False,,,,1.1908299290719012e-05,0,0.0,0.0,0,0,0.0,0.0,1,0,0,0,177.93103448275863,0.0,0.0,False,0,1,,,False,0.07302463208814063,0.0,0.0,0.0,0.0
overlay0_full_envelope,SPJF-E,58,1,17634760,0.0,0.0,0.0,2.710200422347682e-06,1.0597970516413164e-06,4.790189188869948e-06,0.0,1.097682,1.097682,0.0001010212996031746,0.0001010212996031746,0.5613,0.0,0.5613,0.5613,0.0,0.5613,0.0,0.0,0.0,,,,,,0,2000,False,,,,0,2000,False,,,,1.2021711664916336e-05,0,0.0,0.0,0,0,0.0,0.0,1,0,0,0,177.93103448275863,0.0,0.0,False,0,1,,,False,0.07302463208814063,0.0,0.0,0.0,0.0
overlay0_full_envelope,Guard(600),58,1,17634760,0.0,0.0,0.0,2.710200422347682e-06,1.0597970516413164e-06,4.790189188869948e-06,0.0,1.097682,1.097682,0.0001010212996031746,0.0001010212996031746,0.5613,0.0,0.5613,0.5613,0.0,0.5613,0.0,0.0,0.0,,,,,,0,2000,False,,,,0,2000,False,0.0,0.0,0.0,1.2021711664916336e-05,0,0.0,0.0,17634760,0,0.0,0.0009355,0,1,0,4621157,177.93103448275863,0.0,0.0,False,0,1,600.0,0.0,False,0.07302463208814063,1740.0,0.75,0.0,24480.0
overlay0_full_envelope,FCFS,59,1,17634760,0.0,0.0,0.0,2.0832822221566957e-06,7.498397202606187e-07,3.7764073871152864e-06,0.0,0.934259,0.934259,0.0001007510896164021,0.0001007510896164021,0.0,0.0,0.0,0.0,0.0,0.0,0.0,0.0,0.0,,,,,,0,2000,False,,,,0,2000,False,,,,1.015040749066049e-05,0,0.0,0.0,0,0,0.0,0.0,1,0,0,0,177.96610169491527,0.0,0.0,False,0,1,,,False,0.07178692645952807,0.0,0.0,0.0,0.0
overlay0_full_envelope,SJF,59,1,17634760,0.0,0.0,0.0,1.9436747083600803e-06,7.287227149450817e-07,3.454085744850492e-06,0.0,0.934259,0.934259,0.0001007510896164021,0.0001007510896164021,0.612367,0.0,0.612367,0.612367,0.0,0.612367,0.0,0.0,0.0,,,,,,0,2000,False,,,,0,2000,False,,,,1.0036995116463166e-05,0,0.0,0.0,0,0,0.0,0.0,1,0,0,0,177.96610169491527,0.0,0.0,False,0,1,,,False,0.07178692645952807,0.0,0.0,0.0,0.0
overlay0_full_envelope,SPJF-E,59,1,17634760,0.0,0.0,0.0,1.9535376721883372e-06,7.287227149450819e-07,3.477524830112567e-06,0.0,0.934259,0.934259,0.0001007510896164021,0.0001007510896164021,0.522323,0.0,0.522323,0.522323,0.0,0.522323,0.0,0.0,0.0,,,,,,0,2000,False,,,,0,2000,False,,,,1.0093701303561828e-05,0,0.0,0.0,0,0,0.0,0.0,1,0,0,0,177.96610169491527,0.0,0.0,False,0,1,,,False,0.07178692645952807,0.0,0.0,0.0,0.0
overlay0_full_envelope,Guard(600),59,1,17634760,0.0,0.0,0.0,1.9535376721883372e-06,7.287227149450819e-07,3.477524830112567e-06,0.0,0.934259,0.934259,0.0001007510896164021,0.0001007510896164021,0.522323,0.0,0.522323,0.522323,0.0,0.522323,0.0,0.0,0.0,,,,,,0,2000,False,,,,0,2000,False,0.0,0.0,0.0,1.0093701303561828e-05,0,0.0,0.0,17634760,0,0.0,0.0008705383333333333,0,1,0,4621157,177.96610169491527,0.0,0.0,False,0,1,600.0,0.0,False,0.07178692645952807,1770.0,0.75,0.0,24900.0
overlay0_full_envelope,FCFS,60,1,17634760,0.0,0.0,0.0,1.4892167514613182e-06,5.253066903431204e-07,2.7636721468674874e-06,0.0,0.55763,0.710568,0.00010012835648148149,0.00010038123015873017,0.0,0.0,0.0,0.0,0.0,0.0,0.0,0.0,0.0,,,,,,0,2000,False,,,,0,2000,False,,,,8.279103316404646e-06,0,0.0,0.0,0,0,0.0,0.0,1,0,0,0,178.0,0.0,0.0,False,0,1,,,False,0.0705904776852026,0.0,0.0,0.0,0.0
overlay0_full_envelope,SJF,60,1,17634760,0.0,0.0,0.0,1.4104880361286462e-06,5.188473778303858e-07,2.575011380988174e-06,0.0,0.710568,0.710568,0.00010038123015873017,0.00010038123015873017,0.612367,0.0,0.612367,0.612367,0.0,0.612367,0.0,0.0,0.0,,,,,,0,2000,False,,,,0,2000,False,,,,8.222397129305984e-06,0,0.0,0.0,0,0,0.0,0.0,1,0,0,0,178.0,0.0,0.0,False,0,1,,,False,0.0705904776852026,0.0,0.0,0.0,0.0
overlay0_full_envelope,SPJF-E,60,1,17634760,0.0,0.0,0.0,1.418298065865371e-06,5.204413617275295e-07,2.591828585196714e-06,0.0,0.710568,0.710568,0.00010038123015873017,0.00010038123015873017,0.522323,0.0,0.522323,0.522323,0.0,0.522323,0.0,0.0,0.0,,,,,,0,2000,False,,,,0,2000,False,,,,8.222397129305984e-06,0,0.0,0.0,0,0,0.0,0.0,1,0,0,0,178.0,0.0,0.0,False,0,1,,,False,0.0705904776852026,0.0,0.0,0.0,0.0
overlay0_full_envelope,Guard(600),60,1,17634760,0.0,0.0,0.0,1.418298065865371e-06,5.204413617275295e-07,2.591828585196714e-06,0.0,0.710568,0.710568,0.00010038123015873017,0.00010038123015873017,0.522323,0.0,0.522323,0.522323,0.0,0.522323,0.0,0.0,0.0,,,,,,0,2000,False,,,,0,2000,False,0.0,0.0,0.0,8.222397129305984e-06,0,0.0,0.0,17634760,0,0.0,0.0008705383333333333,0,1,0,4621157,178.0,0.0,0.0,False,0,1,600.0,0.0,False,0.0705904776852026,1800.0,0.75,0.0,25320.0
overlay0_full_envelope,FCFS,61,1,17634760,0.0,0.0,0.0,1.1729188829334791e-06,3.8205668485017206e-07,2.2168161614212225e-06,0.0,0.470749,0.708942,9.998470403439153e-05,0.00010037854166666667,0.0,0.0,0.0,0.0,0.0,0.0,0.0,0.0,0.0,,,,,,0,2000,False,,,,0,2000,False,,,,6.63462389054345e-06,0,0.0,0.0,0,0,0.0,0.0,1,0,0,0,178.0327868852459,0.0,0.0,False,0,1,,,False,0.06943325673954355,0.0,0.0,0.0,0.0
overlay0_full_envelope,SJF,61,1,17634760,0.0,0.0,0.0,1.1171822015156434e-06,3.7900852989763773e-07,2.1190096681930154e-06,0.0,0.68356,0.708942,0.00010033657407407407,0.00010037854166666667,0.585359,0.0,0.585359,0.585359,0.0,0.585359,0.0,0.0,0.0,,,,,,0,2000,False,,,,0,2000,False,,,,6.63462389054345e-06,0,0.0,0.0,0,0,0.0,0.0,1,0,0,0,178.0327868852459,0.0,0.0,False,0,1,,,False,0.06943325673954355,0.0,0.0,0.0,0.0
overlay0_full_envelope,SPJF-E,61,1,17634760,0.0,0.0,0.0,1.1270036564149442e-06,3.8205668485017206e-07,2.135828465463133e-06,0.0,0.708942,0.708942,0.00010037854166666667,0.00010037854166666667,0.522323,0.0,0.522323,0.522323,0.0,0.522323,0.0,0.0,0.0,,,,,,0,2000,False,,,,0,2000,False,,,,6.63462389054345e-06,0,0.0,0.0,0,0,0.0,0.0,1,0,0,0,178.0327868852459,0.0,0.0,False,0,1,,,False,0.06943325673954355,0.0,0.0,0.0,0.0
overlay0_full_envelope,Guard(600),61,1,17634760,0.0,0.0,0.0,1.1270036564149442e-06,3.8205668485017206e-07,2.135828465463133e-06,0.0,0.708942,0.708942,0.00010037854166666667,0.00010037854166666667,0.522323,0.0,0.522323,0.522323,0.0,0.522323,0.0,0.0,0.0,,,,,,0,2000,False,,,,0,2000,False,0.0,0.0,0.0,6.63462389054345e-06,0,0.0,0.0,17634760,0,0.0,0.0008705383333333332,0,1,0,4621157,178.0327868852459,0.0,0.0,False,0,1,600.0,0.0,False,0.06943325673954355,1830.0,0.75,0.0,25740.0
overlay0_full_envelope,FCFS,62,1,17634760,0.0,0.0,0.0,8.917977335671141e-07,2.683186498985526e-07,1.7436521758846755e-06,0.0,0.470749,0.708942,9.998470403439153e-05,0.00010037854166666667,0.0,0.0,0.0,0.0,0.0,0.0,0.0,0.0,0.0,,,,,,0,2000,False,,,,0,2000,False,,,,5.50050014857021e-06,0,0.0,0.0,0,0,0.0,0.0,1,0,0,0,178.06451612903226,0.0,0.0,False,0,1,,,False,0.06831336550180897,0.0,0.0,0.0,0.0
overlay0_full_envelope,SJF,62,1,17634760,0.0,0.0,0.0,8.701075035895017e-07,2.683186498985526e-07,1.6918293289169364e-06,0.0,0.68356,0.708942,0.00010033657407407407,0.00010037854166666667,0.585359,0.0,0.585359,0.585359,0.0,0.585359,0.0,0.0,0.0,,,,,,0,2000,False,,,,0,2000,False,,,,5.50050014857021e-06,0,0.0,0.0,0,0,0.0,0.0,1,0,0,0,178.06451612903226,0.0,0.0,False,0,1,,,False,0.06831336550180897,0.0,0.0,0.0,0.0
overlay0_full_envelope,SPJF-E,62,1,17634760,0.0,0.0,0.0,8.747020656929836e-07,2.683186498985526e-07,1.7064212838429122e-06,0.0,0.708942,0.708942,0.00010037854166666667,0.00010037854166666667,0.522323,0.0,0.522323,0.522323,0.0,0.522323,0.0,0.0,0.0,,,,,,0,2000,False,,,,0,2000,False,,,,5.50050014857021e-06,0,0.0,0.0,0,0,0.0,0.0,1,0,0,0,178.06451612903226,0.0,0.0,False,0,1,,,False,0.06831336550180897,0.0,0.0,0.0,0.0
overlay0_full_envelope,Guard(600),62,1,17634760,0.0,0.0,0.0,8.747020656929836e-07,2.683186498985526e-07,1.7064212838429122e-06,0.0,0.708942,0.708942,0.00010037854166666667,0.00010037854166666667,0.522323,0.0,0.522323,0.522323,0.0,0.522323,0.0,0.0,0.0,,,,,,0,2000,False,,,,0,2000,False,0.0,0.0,0.0,5.50050014857021e-06,0,0.0,0.0,17634760,0,0.0,0.0008705383333333332,0,1,0,4621157,178.06451612903226,0.0,0.0,False,0,1,600.0,0.0,False,0.06831336550180897,1860.0,0.75,0.0,26160.0
overlay0_full_envelope,FCFS,63,1,17634760,0.0,0.0,0.0,6.603530754033513e-07,1.6706956536890946e-07,1.329641575027475e-06,0.0,0.470749,0.470749,9.998470403439153e-05,9.998470403439153e-05,0.0,0.0,0.0,0.0,0.0,0.0,0.0,0.0,0.0,,,,,,0,2000,False,,,,0,2000,False,,,,4.423082593695633e-06,0,0.0,0.0,0,0,0.0,0.0,1,0,0,0,178.0952380952381,0.0,0.0,False,0,1,,,False,0.06722902636685962,0.0,0.0,0.0,0.0
overlay0_full_envelope,SJF,63,1,17634760,0.0,0.0,0.0,6.588215547021906e-07,1.6706956536890946e-07,1.325853125617216e-06,0.0,0.443741,0.470749,9.994004794973546e-05,9.998470403439153e-05,0.090044,0.0,0.090044,0.090044,0.0,0.090044,0.0,0.0,0.0,,,,,,0,2000,False,,,,0,2000,False,,,,4.423082593695633e-06,0,0.0,0.0,0,0,0.0,0.0,1,0,0,0,178.0952380952381,0.0,0.0,False,0,1,,,False,0.06722902636685962,0.0,0.0,0.0,0.0
overlay0_full_envelope,SPJF-E,63,1,17634760,0.0,0.0,0.0,6.603530754033513e-07,1.6706956536890946e-07,1.329641575027475e-06,0.0,0.470749,0.470749,9.998470403439153e-05,9.998470403439153e-05,0.0,0.0,0.0,0.0,0.0,0.0,0.0,0.0,0.0,,,,,,0,2000,False,,,,0,2000,False,,,,4.423082593695633e-06,0,0.0,0.0,0,0,0.0,0.0,1,0,0,0,178.0952380952381,0.0,0.0,False,0,1,,,False,0.06722902636685962,0.0,0.0,0.0,0.0
overlay0_full_envelope,Guard(600),63,1,17634760,0.0,0.0,0.0,6.603530754033513e-07,1.6706956536890946e-07,1.329641575027475e-06,0.0,0.470749,0.470749,9.998470403439153e-05,9.998470403439153e-05,0.0,0.0,0.0,0.0,0.0,0.0,0.0,0.0,0.0,,,,,,0,2000,False,,,,0,2000,False,0.0,0.0,0.0,4.423082593695633e-06,0,0.0,0.0,17634760,0,0.0,0.0,0,1,0,822980,178.0952380952381,0.0,0.0,False,0,1,600.0,0.0,False,0.06722902636685962,1890.0,0.75,0.0,26580.0
overlay0_full_envelope,FCFS,64,1,17634760,0.0,0.0,0.0,4.628246712742335e-07,7.086619348025818e-08,1.002918926819587e-06,0.0,0.443741,0.443741,9.994004794973546e-05,9.994004794973546e-05,0.0,0.0,0.0,0.0,0.0,0.0,0.0,0.0,0.0,,,,,,0,2000,False,,,,0,2000,False,,,,3.3456650388210557e-06,0,0.0,0.0,0,0,0.0,0.0,1,0,0,0,178.125,0.0,0.0,False,0,1,,,False,0.06617857282987744,0.0,0.0,0.0,0.0
overlay0_full_envelope,SJF,64,1,17634760,0.0,0.0,0.0,4.628246712742335e-07,7.086619348025818e-08,1.002918926819587e-06,0.0,0.443741,0.443741,9.994004794973546e-05,9.994004794973546e-05,0.090044,0.0,0.090044,0.090044,0.0,0.090044,0.0,0.0,0.0,,,,,,0,2000,False,,,,0,2000,False,,,,3.3456650388210557e-06,0,0.0,0.0,0,0,0.0,0.0,1,0,0,0,178.125,0.0,0.0,False,0,1,,,False,0.06617857282987744,0.0,0.0,0.0,0.0
overlay0_full_envelope,SPJF-E,64,1,17634760,0.0,0.0,0.0,4.628246712742335e-07,7.086619348025818e-08,1.002918926819587e-06,0.0,0.443741,0.443741,9.994004794973546e-05,9.994004794973546e-05,0.0,0.0,0.0,0.0,0.0,0.0,0.0,0.0,0.0,,,,,,0,2000,False,,,,0,2000,False,,,,3.3456650388210557e-06,0,0.0,0.0,0,0,0.0,0.0,1,0,0,0,178.125,0.0,0.0,False,0,1,,,False,0.06617857282987744,0.0,0.0,0.0,0.0
overlay0_full_envelope,Guard(600),64,1,17634760,0.0,0.0,0.0,4.628246712742335e-07,7.086619348025818e-08,1.002918926819587e-06,0.0,0.443741,0.443741,9.994004794973546e-05,9.994004794973546e-05,0.0,0.0,0.0,0.0,0.0,0.0,0.0,0.0,0.0,,,,,,0,2000,False,,,,0,2000,False,0.0,0.0,0.0,3.3456650388210557e-06,0,0.0,0.0,17634760,0,0.0,0.0,0,1,0,792416,178.125,0.0,0.0,False,0,1,600.0,0.0,False,0.06617857282987744,1920.0,0.75,0.0,27000.0
overlay0_full_envelope,FCFS,65,1,17634760,0.0,0.0,0.0,3.5749848594480445e-07,4.1379375159389756e-08,7.925978802716234e-07,0.0,0.443741,0.443741,9.994004794973546e-05,9.994004794973546e-05,0.0,0.0,0.0,0.0,0.0,0.0,0.0,0.0,0.0,,,,,,0,2000,False,,,,0,2000,False,,,,2.721896980735774e-06,0,0.0,0.0,0,0,0.0,0.0,1,0,0,0,178.15384615384616,0.0,0.0,False,0,1,,,False,0.06516044094018701,0.0,0.0,0.0,0.0
overlay0_full_envelope,SJF,65,1,17634760,0.0,0.0,0.0,3.5749848594480445e-07,4.1379375159389756e-08,7.925978802716234e-07,0.0,0.443741,0.443741,9.994004794973546e-05,9.994004794973546e-05,0.090044,0.0,0.090044,0.090044,0.0,0.090044,0.0,0.0,0.0,,,,,,0,2000,False,,,,0,2000,False,,,,2.721896980735774e-06,0,0.0,0.0,0,0,0.0,0.0,1,0,0,0,178.15384615384616,0.0,0.0,False,0,1,,,False,0.06516044094018701,0.0,0.0,0.0,0.0
overlay0_full_envelope,SPJF-E,65,1,17634760,0.0,0.0,0.0,3.5749848594480445e-07,4.1379375159389756e-08,7.925978802716234e-07,0.0,0.443741,0.443741,9.994004794973546e-05,9.994004794973546e-05,0.0,0.0,0.0,0.0,0.0,0.0,0.0,0.0,0.0,,,,,,0,2000,False,,,,0,2000,False,,,,2.721896980735774e-06,0,0.0,0.0,0,0,0.0,0.0,1,0,0,0,178.15384615384616,0.0,0.0,False,0,1,,,False,0.06516044094018701,0.0,0.0,0.0,0.0
overlay0_full_envelope,Guard(600),65,1,17634760,0.0,0.0,0.0,3.5749848594480445e-07,4.1379375159389756e-08,7.925978802716234e-07,0.0,0.443741,0.443741,9.994004794973546e-05,9.994004794973546e-05,0.0,0.0,0.0,0.0,0.0,0.0,0.0,0.0,0.0,,,,,,0,2000,False,,,,0,2000,False,0.0,0.0,0.0,2.721896980735774e-06,0,0.0,0.0,17634760,0,0.0,0.0,0,1,0,792416,178.15384615384616,0.0,0.0,False,0,1,600.0,0.0,False,0.06516044094018701,1950.0,0.75,0.0,27420.0
overlay0_full_envelope,FCFS,66,1,17634760,0.0,0.0,0.0,2.5217230061537557e-07,1.1288615183463782e-08,5.851710058660281e-07,0.0,0.318173,0.318173,9.97324289021164e-05,9.97324289021164e-05,0.0,0.0,0.0,0.0,0.0,0.0,0.0,0.0,0.0,,,,,,0,2000,False,,,,0,2000,False,,,,2.0981289226504925e-06,0,0.0,0.0,0,0,0.0,0.0,1,0,0,0,178.1818181818182,0.0,0.0,False,0,1,,,False,0.06417316153200237,0.0,0.0,0.0,0.0
overlay0_full_envelope,SJF,66,1,17634760,0.0,0.0,0.0,2.5217230061537557e-07,1.1288615183463782e-08,5.851710058660281e-07,0.0,0.318173,0.318173,9.97324289021164e-05,9.97324289021164e-05,0.0,0.0,0.0,0.0,0.0,0.0,0.0,0.0,0.0,,,,,,0,2000,False,,,,0,2000,False,,,,2.0981289226504925e-06,0,0.0,0.0,0,0,0.0,0.0,1,0,0,0,178.1818181818182,0.0,0.0,False,0,1,,,False,0.06417316153200237,0.0,0.0,0.0,0.0
overlay0_full_envelope,SPJF-E,66,1,17634760,0.0,0.0,0.0,2.5217230061537557e-07,1.1288615183463782e-08,5.851710058660281e-07,0.0,0.318173,0.318173,9.97324289021164e-05,9.97324289021164e-05,0.0,0.0,0.0,0.0,0.0,0.0,0.0,0.0,0.0,,,,,,0,2000,False,,,,0,2000,False,,,,2.0981289226504925e-06,0,0.0,0.0,0,0,0.0,0.0,1,0,0,0,178.1818181818182,0.0,0.0,False,0,1,,,False,0.06417316153200237,0.0,0.0,0.0,0.0
overlay0_full_envelope,Guard(600),66,1,17634760,0.0,0.0,0.0,2.5217230061537557e-07,1.1288615183463782e-08,5.851710058660281e-07,0.0,0.318173,0.318173,9.97324289021164e-05,9.97324289021164e-05,0.0,0.0,0.0,0.0,0.0,0.0,0.0,0.0,0.0,,,,,,0,2000,False,,,,0,2000,False,0.0,0.0,0.0,2.0981289226504925e-06,0,0.0,0.0,17634760,0,0.0,0.0,0,1,0,0,178.1818181818182,0.0,0.0,False,0,1,600.0,0.0,False,0.06417316153200237,1980.0,0.75,0.0,27840.0
overlay0_full_envelope,FCFS,67,1,17634760,0.0,0.0,0.0,1.8321701004153162e-07,1.0417972579879407e-09,4.243327441140133e-07,0.0,0.318173,0.318173,9.97324289021164e-05,9.97324289021164e-05,0.0,0.0,0.0,0.0,0.0,0.0,0.0,0.0,0.0,,,,,,0,2000,False,,,,0,2000,False,,,,1.5877732387625348e-06,0,0.0,0.0,0,0,0.0,0.0,1,0,0,0,178.2089552238806,0.0,0.0,False,0,1,,,False,0.0632153531509277,0.0,0.0,0.0,0.0
overlay0_full_envelope,SJF,67,1,17634760,0.0,0.0,0.0,1.8321701004153162e-07,1.0417972579879407e-09,4.243327441140133e-07,0.0,0.318173,0.318173,9.97324289021164e-05,9.97324289021164e-05,0.0,0.0,0.0,0.0,0.0,0.0,0.0,0.0,0.0,,,,,,0,2000,False,,,,0,2000,False,,,,1.5877732387625348e-06,0,0.0,0.0,0,0,0.0,0.0,1,0,0,0,178.2089552238806,0.0,0.0,False,0,1,,,False,0.0632153531509277,0.0,0.0,0.0,0.0
overlay0_full_envelope,SPJF-E,67,1,17634760,0.0,0.0,0.0,1.8321701004153162e-07,1.0417972579879407e-09,4.243327441140133e-07,0.0,0.318173,0.318173,9.97324289021164e-05,9.97324289021164e-05,0.0,0.0,0.0,0.0,0.0,0.0,0.0,0.0,0.0,,,,,,0,2000,False,,,,0,2000,False,,,,1.5877732387625348e-06,0,0.0,0.0,0,0,0.0,0.0,1,0,0,0,178.2089552238806,0.0,0.0,False,0,1,,,False,0.0632153531509277,0.0,0.0,0.0,0.0
overlay0_full_envelope,Guard(600),67,1,17634760,0.0,0.0,0.0,1.8321701004153162e-07,1.0417972579879407e-09,4.243327441140133e-07,0.0,0.318173,0.318173,9.97324289021164e-05,9.97324289021164e-05,0.0,0.0,0.0,0.0,0.0,0.0,0.0,0.0,0.0,,,,,,0,2000,False,,,,0,2000,False,0.0,0.0,0.0,1.5877732387625348e-06,0,0.0,0.0,17634760,0,0.0,0.0,0,1,0,0,178.2089552238806,0.0,0.0,False,0,1,600.0,0.0,False,0.0632153531509277,2010.0,0.75,0.0,28260.0
overlay0_full_envelope,FCFS,68,1,17634760,0.0,0.0,0.0,1.2161929053755196e-07,0.0,2.7487149595816854e-07,0.0,0.114066,0.114066,9.93949503968254e-05,9.93949503968254e-05,0.0,0.0,0.0,0.0,0.0,0.0,0.0,0.0,0.0,,,,,,0,2000,False,,,,0,2000,False,,,,1.1908299290719012e-06,0,0.0,0.0,0,0,0.0,0.0,1,0,0,0,178.23529411764707,0.0,0.0,False,0,1,,,False,0.06228571560459053,0.0,0.0,0.0,0.0
overlay0_full_envelope,SJF,68,1,17634760,0.0,0.0,0.0,1.2161929053755196e-07,0.0,2.7487149595816854e-07,0.0,0.114066,0.114066,9.93949503968254e-05,9.93949503968254e-05,0.0,0.0,0.0,0.0,0.0,0.0,0.0,0.0,0.0,,,,,,0,2000,False,,,,0,2000,False,,,,1.1908299290719012e-06,0,0.0,0.0,0,0,0.0,0.0,1,0,0,0,178.23529411764707,0.0,0.0,False,0,1,,,False,0.06228571560459053,0.0,0.0,0.0,0.0
overlay0_full_envelope,SPJF-E,68,1,17634760,0.0,0.0,0.0,1.2161929053755196e-07,0.0,2.7487149595816854e-07,0.0,0.114066,0.114066,9.93949503968254e-05,9.93949503968254e-05,0.0,0.0,0.0,0.0,0.0,0.0,0.0,0.0,0.0,,,,,,0,2000,False,,,,0,2000,False,,,,1.1908299290719012e-06,0,0.0,0.0,0,0,0.0,0.0,1,0,0,0,178.23529411764707,0.0,0.0,False,0,1,,,False,0.06228571560459053,0.0,0.0,0.0,0.0
overlay0_full_envelope,Guard(600),68,1,17634760,0.0,0.0,0.0,1.2161929053755196e-07,0.0,2.7487149595816854e-07,0.0,0.114066,0.114066,9.93949503968254e-05,9.93949503968254e-05,0.0,0.0,0.0,0.0,0.0,0.0,0.0,0.0,0.0,,,,,,0,2000,False,,,,0,2000,False,0.0,0.0,0.0,1.1908299290719012e-06,0,0.0,0.0,17634760,0,0.0,0.0,0,1,0,0,178.23529411764707,0.0,0.0,False,0,1,600.0,0.0,False,0.06228571560459053,2040.0,0.75,0.0,28680.0
overlay0_full_envelope,FCFS,69,1,17634760,0.0,0.0,0.0,9.48972370477398e-08,0.0,2.1799828756100382e-07,0.0,0.114066,0.114066,9.93949503968254e-05,9.93949503968254e-05,0.0,0.0,0.0,0.0,0.0,0.0,0.0,0.0,0.0,,,,,,0,2000,False,,,,0,2000,False,,,,9.072989935785914e-07,0,0.0,0.0,0,0,0.0,0.0,1,0,0,0,178.26086956521738,0.0,0.0,False,0,1,,,False,0.06138302407408922,0.0,0.0,0.0,0.0
overlay0_full_envelope,SJF,69,1,17634760,0.0,0.0,0.0,9.48972370477398e-08,0.0,2.1799828756100382e-07,0.0,0.114066,0.114066,9.93949503968254e-05,9.93949503968254e-05,0.0,0.0,0.0,0.0,0.0,0.0,0.0,0.0,0.0,,,,,,0,2000,False,,,,0,2000,False,,,,9.072989935785914e-07,0,0.0,0.0,0,0,0.0,0.0,1,0,0,0,178.26086956521738,0.0,0.0,False,0,1,,,False,0.06138302407408922,0.0,0.0,0.0,0.0
overlay0_full_envelope,SPJF-E,69,1,17634760,0.0,0.0,0.0,9.48972370477398e-08,0.0,2.1799828756100382e-07,0.0,0.114066,0.114066,9.93949503968254e-05,9.93949503968254e-05,0.0,0.0,0.0,0.0,0.0,0.0,0.0,0.0,0.0,,,,,,0,2000,False,,,,0,2000,False,,,,9.072989935785914e-07,0,0.0,0.0,0,0,0.0,0.0,1,0,0,0,178.26086956521738,0.0,0.0,False,0,1,,,False,0.06138302407408922,0.0,0.0,0.0,0.0
overlay0_full_envelope,Guard(600),69,1,17634760,0.0,0.0,0.0,9.48972370477398e-08,0.0,2.1799828756100382e-07,0.0,0.114066,0.114066,9.93949503968254e-05,9.93949503968254e-05,0.0,0.0,0.0,0.0,0.0,0.0,0.0,0.0,0.0,,,,,,0,2000,False,,,,0,2000,False,0.0,0.0,0.0,9.072989935785914e-07,0,0.0,0.0,17634760,0,0.0,0.0,0,1,0,0,178.26086956521738,0.0,0.0,False,0,1,600.0,0.0,False,0.06138302407408922,2070.0,0.75,0.0,29100.0
overlay0_full_envelope,FCFS,70,1,17634760,0.0,0.0,0.0,6.817518355792763e-08,0.0,1.6375456467101527e-07,0.0,0.114066,0.114066,9.93949503968254e-05,9.93949503968254e-05,0.0,0.0,0.0,0.0,0.0,0.0,0.0,0.0,0.0,,,,,,0,2000,False,,,,0,2000,False,,,,6.237680580852815e-07,0,0.0,0.0,0,0,0.0,0.0,1,0,0,0,178.28571428571428,0.0,0.0,False,0,1,,,False,0.06050612373017366,0.0,0.0,0.0,0.0
overlay0_full_envelope,SJF,70,1,17634760,0.0,0.0,0.0,6.817518355792763e-08,0.0,1.6375456467101527e-07,0.0,0.114066,0.114066,9.93949503968254e-05,9.93949503968254e-05,0.0,0.0,0.0,0.0,0.0,0.0,0.0,0.0,0.0,,,,,,0,2000,False,,,,0,2000,False,,,,6.237680580852815e-07,0,0.0,0.0,0,0,0.0,0.0,1,0,0,0,178.28571428571428,0.0,0.0,False,0,1,,,False,0.06050612373017366,0.0,0.0,0.0,0.0
overlay0_full_envelope,SPJF-E,70,1,17634760,0.0,0.0,0.0,6.817518355792763e-08,0.0,1.6375456467101527e-07,0.0,0.114066,0.114066,9.93949503968254e-05,9.93949503968254e-05,0.0,0.0,0.0,0.0,0.0,0.0,0.0,0.0,0.0,,,,,,0,2000,False,,,,0,2000,False,,,,6.237680580852815e-07,0,0.0,0.0,0,0,0.0,0.0,1,0,0,0,178.28571428571428,0.0,0.0,False,0,1,,,False,0.06050612373017366,0.0,0.0,0.0,0.0
overlay0_full_envelope,Guard(600),70,1,17634760,0.0,0.0,0.0,6.817518355792763e-08,0.0,1.6375456467101527e-07,0.0,0.114066,0.114066,9.93949503968254e-05,9.93949503968254e-05,0.0,0.0,0.0,0.0,0.0,0.0,0.0,0.0,0.0,,,,,,0,2000,False,,,,0,2000,False,0.0,0.0,0.0,6.237680580852815e-07,0,0.0,0.0,17634760,0,0.0,0.0,0,1,0,0,178.28571428571428,0.0,0.0,False,0,1,600.0,0.0,False,0.06050612373017366,2100.0,0.75,0.0,29520.0
overlay0_full_envelope,FCFS,71,1,17634760,0.0,0.0,0.0,4.9762287663682403e-08,0.0,1.2673099086668082e-07,0.0,0.114066,0.114066,9.93949503968254e-05,9.93949503968254e-05,0.0,0.0,0.0,0.0,0.0,0.0,0.0,0.0,0.0,,,,,,0,2000,False,,,,0,2000,False,,,,4.536494967892957e-07,0,0.0,0.0,0,0,0.0,0.0,1,0,0,0,178.30985915492957,0.0,0.0,False,0,1,,,False,0.05965392480439657,0.0,0.0,0.0,0.0
overlay0_full_envelope,SJF,71,1,17634760,0.0,0.0,0.0,4.9762287663682403e-08,0.0,1.2673099086668082e-07,0.0,0.114066,0.114066,9.93949503968254e-05,9.93949503968254e-05,0.0,0.0,0.0,0.0,0.0,0.0,0.0,0.0,0.0,,,,,,0,2000,False,,,,0,2000,False,,,,4.536494967892957e-07,0,0.0,0.0,0,0,0.0,0.0,1,0,0,0,178.30985915492957,0.0,0.0,False,0,1,,,False,0.05965392480439657,0.0,0.0,0.0,0.0
overlay0_full_envelope,SPJF-E,71,1,17634760,0.0,0.0,0.0,4.9762287663682403e-08,0.0,1.2673099086668082e-07,0.0,0.114066,0.114066,9.93949503968254e-05,9.93949503968254e-05,0.0,0.0,0.0,0.0,0.0,0.0,0.0,0.0,0.0,,,,,,0,2000,False,,,,0,2000,False,,,,4.536494967892957e-07,0,0.0,0.0,0,0,0.0,0.0,1,0,0,0,178.30985915492957,0.0,0.0,False,0,1,,,False,0.05965392480439657,0.0,0.0,0.0,0.0
overlay0_full_envelope,Guard(600),71,1,17634760,0.0,0.0,0.0,4.9762287663682403e-08,0.0,1.2673099086668082e-07,0.0,0.114066,0.114066,9.93949503968254e-05,9.93949503968254e-05,0.0,0.0,0.0,0.0,0.0,0.0,0.0,0.0,0.0,,,,,,0,2000,False,,,,0,2000,False,0.0,0.0,0.0,4.536494967892957e-07,0,0.0,0.0,17634760,0,0.0,0.0,0,1,0,0,178.30985915492957,0.0,0.0,False,0,1,600.0,0.0,False,0.05965392480439657,2130.0,0.75,0.0,29940.0
overlay0_full_envelope,FCFS,72,1,17634760,0.0,0.0,0.0,3.134939176943718e-08,0.0,9.173241375807725e-08,0.0,0.114066,0.114066,9.93949503968254e-05,9.93949503968254e-05,0.0,0.0,0.0,0.0,0.0,0.0,0.0,0.0,0.0,,,,,,0,2000,False,,,,0,2000,False,,,,2.835309354933098e-07,0,0.0,0.0,0,0,0.0,0.0,1,0,0,0,178.33333333333334,0.0,0.0,False,0,1,,,False,0.05882539807100217,0.0,0.0,0.0,0.0
overlay0_full_envelope,SJF,72,1,17634760,0.0,0.0,0.0,3.134939176943718e-08,0.0,9.173241375807725e-08,0.0,0.114066,0.114066,9.93949503968254e-05,9.93949503968254e-05,0.0,0.0,0.0,0.0,0.0,0.0,0.0,0.0,0.0,,,,,,0,2000,False,,,,0,2000,False,,,,2.835309354933098e-07,0,0.0,0.0,0,0,0.0,0.0,1,0,0,0,178.33333333333334,0.0,0.0,False,0,1,,,False,0.05882539807100217,0.0,0.0,0.0,0.0
overlay0_full_envelope,SPJF-E,72,1,17634760,0.0,0.0,0.0,3.134939176943718e-08,0.0,9.173241375807725e-08,0.0,0.114066,0.114066,9.93949503968254e-05,9.93949503968254e-05,0.0,0.0,0.0,0.0,0.0,0.0,0.0,0.0,0.0,,,,,,0,2000,False,,,,0,2000,False,,,,2.835309354933098e-07,0,0.0,0.0,0,0,0.0,0.0,1,0,0,0,178.33333333333334,0.0,0.0,False,0,1,,,False,0.05882539807100217,0.0,0.0,0.0,0.0
overlay0_full_envelope,Guard(600),72,1,17634760,0.0,0.0,0.0,3.134939176943718e-08,0.0,9.173241375807725e-08,0.0,0.114066,0.114066,9.93949503968254e-05,9.93949503968254e-05,0.0,0.0,0.0,0.0,0.0,0.0,0.0,0.0,0.0,,,,,,0,2000,False,,,,0,2000,False,0.0,0.0,0.0,2.835309354933098e-07,0,0.0,0.0,17634760,0,0.0,0.0,0,1,0,0,178.33333333333334,0.0,0.0,False,0,1,600.0,0.0,False,0.05882539807100217,2160.0,0.75,0.0,30360.0
overlay0_full_envelope,FCFS,73,1,17634760,0.0,0.0,0.0,1.9404743812787926e-08,0.0,6.446012395727592e-08,0.0,0.114066,0.114066,9.93949503968254e-05,9.93949503968254e-05,0.0,0.0,0.0,0.0,0.0,0.0,0.0,0.0,0.0,,,,,,0,2000,False,,,,0,2000,False,,,,1.7011856129598588e-07,0,0.0,0.0,0,0,0.0,0.0,1,0,0,0,178.35616438356163,0.0,0.0,False,0,1,,,False,0.05801957070016652,0.0,0.0,0.0,0.0
overlay0_full_envelope,SJF,73,1,17634760,0.0,0.0,0.0,1.9404743812787926e-08,0.0,6.446012395727592e-08,0.0,0.114066,0.114066,9.93949503968254e-05,9.93949503968254e-05,0.0,0.0,0.0,0.0,0.0,0.0,0.0,0.0,0.0,,,,,,0,2000,False,,,,0,2000,False,,,,1.7011856129598588e-07,0,0.0,0.0,0,0,0.0,0.0,1,0,0,0,178.35616438356163,0.0,0.0,False,0,1,,,False,0.05801957070016652,0.0,0.0,0.0,0.0
overlay0_full_envelope,SPJF-E,73,1,17634760,0.0,0.0,0.0,1.9404743812787926e-08,0.0,6.446012395727592e-08,0.0,0.114066,0.114066,9.93949503968254e-05,9.93949503968254e-05,0.0,0.0,0.0,0.0,0.0,0.0,0.0,0.0,0.0,,,,,,0,2000,False,,,,0,2000,False,,,,1.7011856129598588e-07,0,0.0,0.0,0,0,0.0,0.0,1,0,0,0,178.35616438356163,0.0,0.0,False,0,1,,,False,0.05801957070016652,0.0,0.0,0.0,0.0
overlay0_full_envelope,Guard(600),73,1,17634760,0.0,0.0,0.0,1.9404743812787926e-08,0.0,6.446012395727592e-08,0.0,0.114066,0.114066,9.93949503968254e-05,9.93949503968254e-05,0.0,0.0,0.0,0.0,0.0,0.0,0.0,0.0,0.0,,,,,,0,2000,False,,,,0,2000,False,0.0,0.0,0.0,1.7011856129598588e-07,0,0.0,0.0,17634760,0,0.0,0.0,0,1,0,0,178.35616438356163,0.0,0.0,False,0,1,600.0,0.0,False,0.05801957070016652,2190.0,0.75,0.0,30780.0
overlay0_full_envelope,FCFS,74,1,17634760,0.0,0.0,0.0,1.293649587519195e-08,0.0,4.297341597151728e-08,0.0,0.114066,0.114066,9.93949503968254e-05,9.93949503968254e-05,0.0,0.0,0.0,0.0,0.0,0.0,0.0,0.0,0.0,,,,,,0,2000,False,,,,0,2000,False,,,,1.1341237419732393e-07,0,0.0,0.0,0,0,0.0,0.0,1,0,0,0,178.37837837837836,0.0,0.0,False,0,1,,,False,0.05723552244746157,0.0,0.0,0.0,0.0
overlay0_full_envelope,SJF,74,1,17634760,0.0,0.0,0.0,1.293649587519195e-08,0.0,4.297341597151728e-08,0.0,0.114066,0.114066,9.93949503968254e-05,9.93949503968254e-05,0.0,0.0,0.0,0.0,0.0,0.0,0.0,0.0,0.0,,,,,,0,2000,False,,,,0,2000,False,,,,1.1341237419732393e-07,0,0.0,0.0,0,0,0.0,0.0,1,0,0,0,178.37837837837836,0.0,0.0,False,0,1,,,False,0.05723552244746157,0.0,0.0,0.0,0.0
overlay0_full_envelope,SPJF-E,74,1,17634760,0.0,0.0,0.0,1.293649587519195e-08,0.0,4.297341597151728e-08,0.0,0.114066,0.114066,9.93949503968254e-05,9.93949503968254e-05,0.0,0.0,0.0,0.0,0.0,0.0,0.0,0.0,0.0,,,,,,0,2000,False,,,,0,2000,False,,,,1.1341237419732393e-07,0,0.0,0.0,0,0,0.0,0.0,1,0,0,0,178.37837837837836,0.0,0.0,False,0,1,,,False,0.05723552244746157,0.0,0.0,0.0,0.0
overlay0_full_envelope,Guard(600),74,1,17634760,0.0,0.0,0.0,1.293649587519195e-08,0.0,4.297341597151728e-08,0.0,0.114066,0.114066,9.93949503968254e-05,9.93949503968254e-05,0.0,0.0,0.0,0.0,0.0,0.0,0.0,0.0,0.0,,,,,,0,2000,False,,,,0,2000,False,0.0,0.0,0.0,1.1341237419732393e-07,0,0.0,0.0,17634760,0,0.0,0.0,0,1,0,0,178.37837837837836,0.0,0.0,False,0,1,600.0,0.0,False,0.05723552244746157,2220.0,0.75,0.0,31200.0
overlay0_full_envelope,FCFS,75,1,17634760,0.0,0.0,0.0,6.468247937595975e-09,0.0,2.148670798575864e-08,0.0,0.114066,0.114066,9.93949503968254e-05,9.93949503968254e-05,0.0,0.0,0.0,0.0,0.0,0.0,0.0,0.0,0.0,,,,,,0,2000,False,,,,0,2000,False,,,,5.670618709866196e-08,0,0.0,0.0,0,0,0.0,0.0,1,0,0,0,178.39999999999998,0.0,0.0,False,0,1,,,False,0.05647238214816208,0.0,0.0,0.0,0.0
overlay0_full_envelope,SJF,75,1,17634760,0.0,0.0,0.0,6.468247937595975e-09,0.0,2.148670798575864e-08,0.0,0.114066,0.114066,9.93949503968254e-05,9.93949503968254e-05,0.0,0.0,0.0,0.0,0.0,0.0,0.0,0.0,0.0,,,,,,0,2000,False,,,,0,2000,False,,,,5.670618709866196e-08,0,0.0,0.0,0,0,0.0,0.0,1,0,0,0,178.39999999999998,0.0,0.0,False,0,1,,,False,0.05647238214816208,0.0,0.0,0.0,0.0
overlay0_full_envelope,SPJF-E,75,1,17634760,0.0,0.0,0.0,6.468247937595975e-09,0.0,2.148670798575864e-08,0.0,0.114066,0.114066,9.93949503968254e-05,9.93949503968254e-05,0.0,0.0,0.0,0.0,0.0,0.0,0.0,0.0,0.0,,,,,,0,2000,False,,,,0,2000,False,,,,5.670618709866196e-08,0,0.0,0.0,0,0,0.0,0.0,1,0,0,0,178.39999999999998,0.0,0.0,False,0,1,,,False,0.05647238214816208,0.0,0.0,0.0,0.0
overlay0_full_envelope,Guard(600),75,1,17634760,0.0,0.0,0.0,6.468247937595975e-09,0.0,2.148670798575864e-08,0.0,0.114066,0.114066,9.93949503968254e-05,9.93949503968254e-05,0.0,0.0,0.0,0.0,0.0,0.0,0.0,0.0,0.0,,,,,,0,2000,False,,,,0,2000,False,0.0,0.0,0.0,5.670618709866196e-08,0,0.0,0.0,17634760,0,0.0,0.0,0,1,0,0,178.39999999999998,0.0,0.0,False,0,1,600.0,0.0,False,0.05647238214816208,2250.0,0.75,0.0,31620.0
overlay0_full_envelope,FCFS,76,1,17634760,0.0,0.0,0.0,0.0,0.0,0.0,0.0,0.0,0.0,9.92063492063492e-05,9.92063492063492e-05,0.0,0.0,0.0,0.0,0.0,0.0,0.0,0.0,0.0,,,,,,0,2000,False,,,,0,2000,False,,,,0.0,0,0.0,0.0,0,0,0.0,0.0,1,0,0,0,178.42105263157896,0.0,0.0,False,0,1,,,False,0.05572932448831784,0.0,0.0,0.0,0.0
overlay0_full_envelope,SJF,76,1,17634760,0.0,0.0,0.0,0.0,0.0,0.0,0.0,0.0,0.0,9.92063492063492e-05,9.92063492063492e-05,0.0,0.0,0.0,0.0,0.0,0.0,0.0,0.0,0.0,,,,,,0,2000,False,,,,0,2000,False,,,,0.0,0,0.0,0.0,0,0,0.0,0.0,1,0,0,0,178.42105263157896,0.0,0.0,False,0,1,,,False,0.05572932448831784,0.0,0.0,0.0,0.0
overlay0_full_envelope,SPJF-E,76,1,17634760,0.0,0.0,0.0,0.0,0.0,0.0,0.0,0.0,0.0,9.92063492063492e-05,9.92063492063492e-05,0.0,0.0,0.0,0.0,0.0,0.0,0.0,0.0,0.0,,,,,,0,2000,False,,,,0,2000,False,,,,0.0,0,0.0,0.0,0,0,0.0,0.0,1,0,0,0,178.42105263157896,0.0,0.0,False,0,1,,,False,0.05572932448831784,0.0,0.0,0.0,0.0
overlay0_full_envelope,Guard(600),76,1,17634760,0.0,0.0,0.0,0.0,0.0,0.0,0.0,0.0,0.0,9.92063492063492e-05,9.92063492063492e-05,0.0,0.0,0.0,0.0,0.0,0.0,0.0,0.0,0.0,,,,,,0,2000,False,,,,0,2000,False,0.0,0.0,0.0,0.0,0,0.0,0.0,17634760,0,0.0,0.0,0,1,0,0,178.42105263157896,0.0,0.0,False,0,1,600.0,0.0,False,0.05572932448831784,2280.0,0.75,0.0,32040.0
