job_id,actual_wait_ns,exact_shadow_fcfs_wait_ns,exact_guard_upper_bound_ns,exact_excess_ns,bound_slack_ns,production_shadow_rounding_error_ns
0,10163800,0,274000000000,10163800,273989836200,0
1,10256800,0,274000000000,10256800,273989743200,0
2,218006500,207489000,274414978000,10517500,274196971500,0
3,208417900,197981700,274395963400,10436200,274187545500,-700
4,212500,0,274000000000,212500,273999787500,0
5,339400,0,274000000000,339400,273999660600,0
6,203586800,202984500,274405969000,602300,274202382200,-500
7,203655000,203102900,274406205800,552100,274202550800,100
8,406877300,405981100,274811962200,896200,274405084900,-100
9,140800,0,274000000000,140800,273999859200,0
10,138800,0,274000000000,138800,273999861200,0
11,212402700,211890000,274423780000,512700,274211377300,-1000
12,469318700,468829200,274937658400,489500,274468339700,-200
13,158443800,157659400,274315318800,784400,274156875000,-400
14,115234900,111713100,274223426200,3521800,274108191300,-1100
15,131564100,130773400,274261546800,790700,274129982700,600
16,308437300,304536800,274609073600,3900500,274300636300,-800
17,254700,0,274000000000,254700,273999745300,0
18,33598500,29411000,274058822000,4187500,274025223500,-1000
19,200800,0,274000000000,200800,273999799200,0
20,197700,0,274000000000,197700,273999802300,0
21,238263000,237526700,274475053400,736300,274236790400,300
22,238277000,237522500,274475045000,754500,274236768000,-500
23,22708600,21635000,274043270000,1073600,274020561400,0
24,22636100,21561600,274043123200,1074500,274020487100,-600
25,220797800,219357500,274438715000,1440300,274217917200,-500
26,14648900,13133300,274026266600,1515600,274011617700,-300
27,212642200,210821400,274421642800,1820800,274209000600,600
28,246011900,244245800,274488491600,1766100,274242479700,200
29,444432600,442245000,274884490000,2187600,274440057400,0
30,477685900,475627500,274951255000,2058400,274473569100,-500
31,675988800,673264200,275346528400,2724600,274670539600,800
32,709085400,706787800,275413575600,2297600,274704490200,-800
33,297200,0,274000000000,297200,273999702800,0
34,284900,0,274000000000,284900,273999715100,0
35,1932603700,427109700,274854219400,1505494000,272921615700,1300
36,2138241600,427115700,274854231400,1711125900,272715989800,-700
37,148038000,574543100,275149086200,-426505100,275001048200,900
38,147993800,574801800,275149603600,-426808000,275001609800,200
39,339833900,765808900,275531617800,-425975000,275191783900,1100
40,339961400,766099500,275532199000,-426138100,275192237600,500
41,468539600,894005200,275788010400,-425465600,275319470800,800
42,327415900,752993500,275505987000,-425577600,275178571100,500
43,539253100,964454700,275928909400,-425201600,275389656300,300
44,546703400,971946800,275943893600,-425243400,275397190200,1200
45,1229658600,1175833100,276351666200,53825500,275122007600,-100
46,1236383500,1183406600,276366813200,52976900,275130429700,1400
47,1441494900,1387296400,276774592800,54198500,275333097900,600
48,57961400,701791900,275403583800,-643830500,275345622400,1100
49,65154100,905915900,275811831800,-840761800,275746677700,100
50,297258400,940546800,275881093600,-643288400,275583835200,200
51,304063800,1144575600,276289151200,-840511800,275985087400,400
52,273900,0,274000000000,273900,273999726100,0
53,157430200,152288100,274304576200,5142100,274147146000,-100
54,186089800,185402200,274370804400,687600,274184714600,-200
55,343202300,337713000,274675426000,5489300,274332223700,0
56,371877600,370754600,274741509200,1123000,274369631600,-600
57,433658300,427796400,274855592800,5861900,274421934500,-400
58,85355255100,460743100,274921486200,84894512000,189566231100,-1100
59,85568561300,53919762200,353919762200,31648799100,268351200900,-200
60,192201631700,53952566600,353952566600,138249065100,161750934900,-600
61,192563562600,107411988000,407411988000,85151574600,214848425400,0
62,299979819300,107444837700,407444837700,192534981600,107465018400,300
63,300172339600,160903753300,460903753300,139268586300,160731413700,700
64,193400,160474928000,460474928000,-160474734600,460474734600,0
65,6001040200,160945741600,460945741600,-154944701400,454944701400,400
66,6665580700,161416866800,461416866800,-154751286100,454751286100,200
67,402817100,161819455300,461819455300,-161416638200,461416638200,700
68,867808900,162283881300,462283881300,-161416072400,461416072400,700
69,2642134600,162748449300,462748449300,-160106314700,460106314700,700
70,5467344300,163213016800,463213016800,-157745672500,457745672500,200
71,301835600,162646664000,462646664000,-162344828400,462344828400,0
72,487854400,162832217500,462832217500,-162344363100,462344363100,500
73,674054300,163017847100,463017847100,-162343792800,462343792800,900
74,860088400,163203514000,463203514000,-162343425600,462343425600,1000
75,1046075300,163389051500,463389051500,-162342976200,462342976200,500
76,525957300,162868609000,462868609000,-162342651700,462342651700,1000
77,715370000,163057565300,463057565300,-162342195300,462342195300,700
78,14851331700,163029168000,463029168000,-148177836300,448177836300,1000
79,15250371200,163427750600,463427750600,-148177379400,448177379400,400
80,532475600,162971613800,462971613800,-162439138200,462439138200,200
81,783691500,163222301500,463222301500,-162438610000,462438610000,500
82,1034527600,163472727100,463472727100,-162438199500,462438199500,-100
83,1285400200,163723130600,463723130600,-162437730400,462437730400,-600
84,366414085400,163958215000,463958215000,202455870400,97544129600,0
85,366417700200,164197877100,464197877100,202219823100,97780176900,-100
86,366655251800,164437338400,464437338400,202217913400,97782086600,-400
87,366658842900,164677089400,464677089400,201981753500,98018246500,-400
88,1445969700,164842063600,464842063600,-163396093900,463396093900,400
89,2202858700,165023666000,465023666000,-162820807300,462820807300,0
90,2385098300,165205501900,465205501900,-162820403600,462820403600,-900
91,112569600,165292961100,465292961100,-165180391500,465180391500,-100
92,168146600,164161898100,464161898100,-163993751500,463993751500,-100
93,359464500,164352962000,464352962000,-163993497500,463993497500,-1000
94,551287800,164544399000,464544399000,-163993111200,463993111200,-1000
95,244697000,162936281600,462936281600,-162691584600,462691584600,-1600
96,454574100,162674224500,462674224500,-162219650400,462219650400,-1500
97,654995200,162874178900,462874178900,-162219183700,462219183700,-1900
98,854956100,163073766900,463073766900,-162218810800,462218810800,-900
99,1055175200,163273612400,463273612400,-162218437200,462218437200,-1400
100,1255495100,163473469700,463473469700,-162217974600,462217974600,-1700
101,1455926200,163673450700,463673450700,-162217524500,462217524500,-1700
102,7509438600,163763259200,463763259200,-156253820600,456253820600,-2200
103,7760548200,164013925500,464013925500,-156253377300,456253377300,-2500
104,9327950500,164264748000,464264748000,-154936797500,454936797500,-3000
105,9579325300,164515824900,464515824900,-154936499600,454936499600,-2900
106,9830589100,164766766400,464766766400,-154936177300,454936177300,-3400
107,1435584800,164907290700,464907290700,-163471705900,463471705900,-3700
108,1669013200,165140434300,465140434300,-163471421100,463471421100,-3300
109,1902575700,165373577500,465373577500,-163471001800,463471001800,-3500
110,2135919800,165606438700,465606438700,-163470518900,463470518900,-3700
111,2369720700,165839745000,465839745000,-163470024300,463470024300,-4000
112,1407085400,164876613100,464876613100,-163469527700,463469527700,-5100
113,1675382500,165144438800,465144438800,-163469056300,463469056300,-4800
114,1943826300,165412439600,465412439600,-163468613300,463468613300,-4600
115,2212344500,165680424600,465680424600,-163468080100,463468080100,-5600
116,2480912100,165948438400,465948438400,-163467526300,463467526300,-5400
117,5020210100,166200622600,466200622600,-161180412500,461180412500,-5600
118,5767992500,166409865700,466409865700,-160641873200,460641873200,-5700
119,5977076100,166618655900,466618655900,-160641579800,460641579800,-4900
120,2013035700,166107515200,466107515200,-164094479500,464094479500,-5200
121,2965723000,166294554000,466294554000,-163328831000,463328831000,-5000
122,3924425900,166481758500,466481758500,-162557332600,462557332600,-5500
123,4111928700,166668763400,466668763400,-162556834700,462556834700,-5400
124,25758700,164681311900,464681311900,-164655553200,464655553200,-5900
125,217088500,164872158100,464872158100,-164655069600,464655069600,-5100
126,408540200,165063203500,465063203500,-164654663300,464654663300,-4500
127,599649300,165254078100,465254078100,-164654428800,464654428800,-4100
128,6547253600,165098416200,465098416200,-158551162600,458551162600,-4200
129,7011290400,165562076500,465562076500,-158550786100,458550786100,-4500
130,7475421400,166025823500,466025823500,-158550402100,458550402100,-4500
131,11556552300,166489486400,466489486400,-154932934100,454932934100,-4400
132,363757168900,166952975200,466952975200,196804193700,103195806300,-4200
133,363773035700,167416924400,467416924400,196356111300,103643888700,-3400
134,129355300,167378163500,467378163500,-167248808200,467248808200,-3500
135,386579800,167634870700,467634870700,-167248290900,467248290900,-3700
136,643393200,167891381700,467891381700,-167247988500,467247988500,-3700
137,43169400,166705599200,466705599200,-166662429800,466662429800,-4200
138,222450600,166884474800,466884474800,-166662024200,466662024200,-3800
139,401991700,167063726100,467063726100,-166661734400,466661734400,-3100
140,361491169000,166026717300,466026717300,195464451700,104535548300,-3300
141,361889993000,182005255700,482005255700,179884737300,120115262700,-3700
142,377470754100,197984085000,497984085000,179486669100,120513330900,-4000
143,377869939400,199415895800,499415895800,178454043600,121545956400,200
144,393450670800,213962891300,513962891300,179487779500,120512220500,-4300
145,34045500,215142513400,515142513400,-215108467900,515108467900,600
146,255154200,215363242000,515363242000,-215108087800,515108087800,1000
147,476387800,215584119200,515584119200,-215107731400,515107731400,1800
148,697458300,215804840500,515804840500,-215107382200,515107382200,1500
149,294014200,215400971000,515400971000,-215106956800,515106956800,1000
150,509737400,215616310200,515616310200,-215106572800,515106572800,800
151,391778702400,213848746400,513848746400,177929956000,122070044000,1600
152,406570963400,227081854000,527081854000,179489109400,120510890600,-3000
153,432792195000,254861099300,554861099300,177931095700,122068904300,700
154,447584521300,268094220100,568094220100,179490301200,120509698800,-4100
155,473805644300,295873381100,595873381100,177932263200,122067736800,900
156,488598550600,309106746300,609106746300,179491804300,120508195700,-4300
157,514819169900,336885781500,636885781500,177933388400,122066611600,500
158,27479900,349851735000,649851735000,-349824255100,649824255100,-4000
159,259026600,348690586200,648690586200,-348431559600,648431559600,-4200
160,2648915700,349098415800,649098415800,-346449500100,646449500100,-3800
161,3059052800,349506263700,649506263700,-346447210900,646447210900,-4700
162,3467483100,349914316500,649914316500,-346446833400,646446833400,-5500
163,290774900,349946181800,649946181800,-349655406900,649655406900,-4800
164,479724300,350134808700,650134808700,-349655084400,649655084400,-4700
165,669203400,350323785100,650323785100,-349654581700,649654581700,-5100
166,2083419900,350512597500,650512597500,-348429177600,648429177600,-5500
167,32612000,349875392700,649875392700,-349842780700,649842780700,-4700
168,277545300,350119853200,650119853200,-349842307900,649842307900,-4200
169,522448500,350364448700,650364448700,-349842000200,649842000200,-4700
170,767145800,350608815700,650608815700,-349841669900,649841669900,-4700
171,1012267900,350853536100,650853536100,-349841268200,649841268200,-5100
172,529972068500,350423462800,650423462800,179548605700,120451394300,-4800
173,552296032700,374361522200,674361522200,177934510500,122065489500,800
174,567108516500,387558809300,687558809300,179549707200,120450292800,-4300
175,589432954300,411497046800,711497046800,177935907500,122064092500,1200
176,604245197100,424694363600,724694363600,179550833500,120449166500,-4600
177,626569459100,448632385600,748632385600,177937073500,122062926500,400
178,641381957000,461830046600,761830046600,179551910400,120448089600,-3600
179,663702816700,485764284700,785764284700,177938532000,122061468000,1300
180,678515275100,498961715100,798961715100,179553560000,120446440000,-4100
181,700820981500,522881336800,822881336800,177939644700,122060355300,200
182,715633657200,536078962100,836078962100,179554695100,120445304900,-4100
183,737939932000,559998863900,859998863900,177941068100,122058931900,1100
184,752751879800,573196063000,873196063000,179555816800,120444183200,-4000
185,775058284700,597116103000,897116103000,177942181700,122057818300,0
186,789767848300,610210836500,910210836500,179557011800,120442988200,-3500
187,812074112700,634130897600,934130897600,177943215100,122056784900,400
188,826806996300,647248644100,947248644100,179558352200,120441647800,-4100
189,849112917900,671168612500,971168612500,177944305400,122055694600,-500
190,863845900300,684286469000,984286469000,179559431300,120440568700,-4000
191,886151923600,708206526200,1008206526200,177945397400,122054602600,-200
192,900884980600,721324196300,1021324196300,179560784300,120439215700,-4300
193,923158479600,745212007700,1045212007700,177946471900,122053528100,-700
194,937891704600,758329916300,1058329916300,179561788300,120438211700,-4300
195,960629724200,782682087900,1082682087900,177947636300,122052363700,100
196,975362997800,795800075800,1095800075800,179562922000,120437078000,-4800
197,998101108200,820152243800,1120152243800,177948864400,122051135600,200
198,1012834703200,833270705500,1133270705500,179563997700,120436002300,-4500
199,1035572481300,857622492500,1157622492500,177949988800,122050011200,500
200,1049727304600,870162257700,1170162257700,179565046900,120434953100,-3700
201,1072465134200,894514097100,1194514097100,177951037100,122048962900,900
202,1086845280500,907278791700,1207278791700,179566488800,120433511200,-3700
203,1109582900500,931630810500,1231630810500,177952090000,122047910000,500
204,1123963024500,944395029500,1244395029500,179567995000,120432005000,-4500
205,1146700768300,968747521200,1268747521200,177953247100,122046752900,800
206,1161080367600,981511264800,1281511264800,179569102800,120430897200,-4800
207,142323800,1004260423100,1304260423100,-1004118099300,1304118099300,-100
208,332404000,1004450095100,1304450095100,-1004117691100,1304117691100,-100
209,522286000,1004639635100,1304639635100,-1004117349100,1304117349100,-100
210,712205400,1004829204300,1304829204300,-1004116998900,1304116998900,-300
211,1728105300,1005018795200,1305018795200,-1003290689900,1303290689900,-200
212,1918616900,1005208891700,1305208891700,-1003290274800,1303290274800,300
213,34878164600,1005147826800,1305147826800,-970269662200,1270269662200,200
214,34960913800,1005684452700,1305684452700,-970723538900,1270723538900,300
215,35419679700,1006221407800,1306221407800,-970801728100,1270801728100,1200
216,35498302700,1006757982000,1306757982000,-971259679300,1271259679300,0
217,37036967000,1007294511600,1307294511600,-970257544600,1270257544600,400
218,37115939300,1007831169700,1307831169700,-970715230400,1270715230400,1300
219,1961072300,1008106809500,1308106809500,-1006145737200,1306145737200,1500
220,2190723600,1008336109500,1308336109500,-1006145385900,1306145385900,500
221,2309508200,1008454480800,1308454480800,-1006144972600,1306144972600,1200
222,2501172900,1008645719400,1308645719400,-1006144546500,1306144546500,1600
223,1373684100,1008725558200,1308725558200,-1007351874100,1307351874100,1800
224,1555875300,1008907296600,1308907296600,-1007351421300,1307351421300,1400
225,119263600,1009041695300,1309041695300,-1008922431700,1308922431700,1700
226,325722800,1009247750800,1309247750800,-1008922028000,1308922028000,1200
227,532096400,1009453605400,1309453605400,-1008921509000,1308921509000,1600
228,738507000,1009659523300,1309659523300,-1008921016300,1308921016300,1700
229,2132584900,1008042119900,1308042119900,-1005909535000,1305909535000,2100
230,2377298600,1008286399800,1308286399800,-1005909101200,1305909101200,2200
231,802589000,1008389596600,1308389596600,-1007587007600,1307587007600,2400
232,1000578100,1008587235000,1308587235000,-1007586656900,1307586656900,2000
233,1198758700,1008785040000,1308785040000,-1007586281300,1307586281300,2000
234,1396817600,1008982795500,1308982795500,-1007585977900,1307585977900,1500
235,1594946800,1009180517300,1309180517300,-1007585570500,1307585570500,1700
236,1793460500,1009378451800,1309378451800,-1007584991300,1307584991300,1200
237,181210500,1009188073600,1309188073600,-1009006863100,1309006863100,1400
238,1468003000,1008424262900,1308424262900,-1006956259900,1306956259900,1100
239,1650838300,1008606718500,1308606718500,-1006955880200,1306955880200,1500
240,1833641300,1008789101300,1308789101300,-1006955460000,1306955460000,700
241,70035200,1007945140100,1307945140100,-1007875104900,1307875104900,1900
242,255694000,1008130460300,1308130460300,-1007874766300,1307874766300,1700
243,1361242000,1007704271600,1307704271600,-1006343029600,1306343029600,2400
244,1598914300,1007941563100,1307941563100,-1006342648800,1306342648800,2900
245,1836820700,1008179025900,1308179025900,-1006342205200,1306342205200,3100
246,2074621900,1008416407800,1308416407800,-1006341785900,1306341785900,3200
247,2312303100,1008653653100,1308653653100,-1006341350000,1306341350000,3900
248,2550296600,1008891173800,1308891173800,-1006340877200,1306340877200,4200
249,3281865000,1008907490000,1308907490000,-1005625625000,1305625625000,4000
250,4931378300,1009138707900,1309138707900,-1004207329600,1304207329600,4100
251,5163069400,1009369989900,1309369989900,-1004206920500,1304206920500,4100
252,5395238100,1009601519500,1309601519500,-1004206281400,1304206281400,3500
253,5627101600,1009832955700,1309832955700,-1004205854100,1304205854100,4300
254,5859157900,1010064554200,1310064554200,-1004205396300,1304205396300,3800
255,6090805200,1010295797500,1310295797500,-1004204992300,1304204992300,3500
256,79104000,1010448785900,1310448785900,-1010369681900,1310369681900,4100
257,275306000,1010644511200,1310644511200,-1010369205200,1310369205200,4800
258,471888400,1010840514500,1310840514500,-1010368626100,1310368626100,4500
259,668502800,1010953993500,1310953993500,-1010285490700,1310285490700,-4500
260,865037700,1011036567100,1311036567100,-1010171529400,1310171529400,4900
261,1985716100,1010646898100,1310646898100,-1008661182000,1308661182000,-5100
262,2223685700,1010729485400,1310729485400,-1008505799700,1308505799700,4600
263,2461913600,1010884238900,1310884238900,-1008422325300,1308422325300,-4900
264,7091971100,1010183246300,1310183246300,-1003091275200,1303091275200,4700
265,8662964400,1010338182800,1310338182800,-1001675218400,1301675218400,-4800
266,9058415100,1010578382300,1310578382300,-1001519967200,1301519967200,4700
267,17678086900,1010733232400,1310733232400,-993055145500,1293055145500,-4400
268,18073660600,1010973333000,1310973333000,-992899672400,1292899672400,4000
269,22334737100,1011128391100,1311128391100,-988793654000,1288793654000,-4100
270,22730629000,1011368639100,1311368639100,-988638010100,1288638010100,3900
271,24516818600,1010834428300,1310834428300,-986317609700,1286317609700,-4300
272,24656480800,1011025045400,1311025045400,-986368564600,1286368564600,-3400
273,24708006200,1011074517600,1311074517600,-986366511400,1286366511400,4400
274,25344183100,1011215348500,1311215348500,-985871165400,1285871165400,-3500
275,25514633300,1011265264500,1311265264500,-985750631200,1285750631200,4500
276,140460000,1010087852200,1310087852200,-1009947392200,1309947392200,-3200
277,376515400,1010137759700,1310137759700,-1009761244300,1309761244300,4300
278,612976800,1010323529100,1310323529100,-1009710552300,1309710552300,-3100
279,1321713000,1010373803000,1310373803000,-1009052090000,1309052090000,4000
280,173153900,1009883359100,1309883359100,-1009710205200,1309710205200,-4100
281,409295900,1009933621100,1309933621100,-1009524325200,1309524325200,3900
282,22664682400,1009242814100,1309242814100,-986578131700,1286578131700,-3100
283,23561752400,1009293198100,1309293198100,-985731445700,1285731445700,3900
284,23723098800,1009486785300,1309486785300,-985763686500,1285763686500,-3300
285,23806026800,1009537093500,1309537093500,-985731066700,1285731066700,3500
286,23967509300,1009730687500,1309730687500,-985763178200,1285763178200,-3500
287,24050456200,1009780992600,1309780992600,-985730536400,1285730536400,3400
288,680025700,1009258065000,1309258065000,-1008578039300,1308578039300,-4000
289,916545800,1009308298800,1309308298800,-1008391753000,1308391753000,3200
290,1152816300,1009494079400,1309494079400,-1008341263100,1308341263100,-3400
291,1389143500,1009544155800,1309544155800,-1008155012300,1308155012300,3200
292,1625663400,1009729968600,1309729968600,-1008104305200,1308104305200,-3600
293,1862358900,1009780180400,1309780180400,-1007917821500,1307917821500,2600
294,2098999000,1009966185400,1309966185400,-1007867186400,1307867186400,-3400
295,110635300,1007791627900,1307791627900,-1007680992600,1307680992600,3100
296,350402500,1007977343100,1307977343100,-1007626940600,1307626940600,-3100
297,359102000,1007404299900,1307404299900,-1007045197900,1307045197900,3100
298,570920800,1007589880400,1307589880400,-1007018959600,1307018959600,-2400
299,406326700,1007239118300,1307239118300,-1006832791600,1306832791600,3700
300,656591900,1007424727000,1307424727000,-1006768135100,1306768135100,-3000
301,907423900,1007488983600,1307488983600,-1006581559700,1306581559700,4400
302,298602600,1006024769800,1306024769800,-1005726167200,1305726167200,-2800
303,1220001400,1006088791100,1306088791100,-1004868789700,1304868789700,4900
304,76985000,1005802560300,1305802560300,-1005725575300,1305725575300,-2300
305,309870700,1005866514500,1305866514500,-1005556643800,1305556643800,4500
306,542720500,1006035052400,1306035052400,-1005492331900,1305492331900,-2400
307,661631400,1005762431900,1305762431900,-1005100800500,1305100800500,4100
308,1074646100,1005931194500,1305931194500,-1004856548400,1304856548400,-2500
309,1284239200,1005971486600,1305971486600,-1004687247400,1304687247400,4400
310,1493708900,1006140282900,1306140282900,-1004646574000,1304646574000,-1900
311,1361921300,1005839096700,1305839096700,-1004477175400,1304477175400,4300
312,2503189300,1006008009500,1306008009500,-1003504820200,1303504820200,-2500
313,3198390100,1006105734500,1306105734500,-1002907344400,1302907344400,4500
314,3465464700,1006274459900,1306274459900,-1002808995200,1302808995200,-1900
315,126309700,1005969180800,1305969180800,-1005842871100,1305842871100,4200
316,3023110700,1005831666000,1305831666000,-1002808555300,1302808555300,-2000
317,3471722300,1005866195400,1305866195400,-1002394473100,1302394473100,4600
318,6242573100,1006279715200,1306279715200,-1000037142100,1300037142100,-2200
319,13459409300,1006160352300,1306160352300,-992700943000,1292700943000,4700
320,13598622700,1006361976500,1306361976500,-992763353800,1292763353800,4500
321,13661464200,1006563673900,1306563673900,-992902209700,1292902209700,5100
322,13800774500,1006574042100,1306574042100,-992773267600,1292773267600,-2100
323,13863506800,1006765296300,1306765296300,-992901789500,1292901789500,4700
324,14003047400,1006775951700,1306775951700,-992772904300,1292772904300,-1700
325,29473300,1006230477700,1306230477700,-1006201004400,1306201004400,5300
326,247834500,1006241260100,1306241260100,-1005993425600,1305993425600,-2100
327,466457600,1006448467700,1306448467700,-1005982010100,1305982010100,5300
328,684786000,1006459491300,1306459491300,-1005774705300,1305774705300,-1300
329,1187101067700,1006231312300,1306231312300,180869755400,119130244600,4700
330,10141108200,1005824342600,1305824342600,-995683234400,1295683234400,-600
331,10633285000,1006228269400,1306228269400,-995594984400,1295594984400,-1400
332,10783529500,1006632668700,1306632668700,-995849139200,1295849139200,-700
333,222477100,1006942002600,1306942002600,-1006719525500,1306719525500,-600
334,436767100,1007155741900,1307155741900,-1006718974800,1306718974800,-900
335,10053514200,1006024125200,1306024125200,-995970611000,1295970611000,-200
336,10192447000,1006211734000,1306211734000,-996019287000,1296019287000,0
337,10241456200,1006399615000,1306399615000,-996158158800,1296158158800,-1000
338,10380692700,1006587241000,1306587241000,-996206548300,1296206548300,-1000
339,316713500,1006355285400,1306355285400,-1006038571900,1306038571900,-400
340,944796600,1006589284100,1306589284100,-1005644487500,1305644487500,-1100
341,1179524100,1006823602400,1306823602400,-1005644078300,1305644078300,-1400
342,1414136100,1007057698800,1307057698800,-1005643562700,1305643562700,-800
343,1649076500,1007292158100,1307292158100,-1005643081600,1305643081600,-1100
344,1233000,1006976524200,1306976524200,-1006975291200,1306975291200,-1200
345,198278000,1007173031100,1307173031100,-1006974753100,1306974753100,-1100
346,670146400,1006705449000,1306705449000,-1006035302600,1306035302600,-1000
347,858900000,1006893619500,1306893619500,-1006034719500,1306034719500,-1500
348,1047804400,1007082046300,1307082046300,-1006034241900,1306034241900,-1300
349,1236582400,1007270377600,1307270377600,-1006033795200,1306033795200,-1600
350,14443206200,1007237440500,1307237440500,-992794234300,1292794234300,-1500
351,14522382000,1007422047700,1307422047700,-992899665700,1292899665700,-700
352,14628335200,1007606641400,1307606641400,-992978306200,1292978306200,-1400
353,14707499000,1007791597000,1307791597000,-993084098000,1293084098000,-1000
354,14813838900,1007976460600,1307976460600,-993162621700,1293162621700,-600
355,14892942400,1008161278000,1308161278000,-993268335600,1293268335600,-1000
356,14999080300,1008346196200,1308346196200,-993347115900,1293347115900,-200
357,15078385400,1008530858500,1308530858500,-993452473100,1293452473100,-500
358,297796600,1006569182400,1306569182400,-1006271385800,1306271385800,-1400
359,1031150700,1006796035800,1306796035800,-1005764885100,1305764885100,-800
360,1258602800,1007023018900,1307023018900,-1005764416100,1305764416100,-900
361,1843060200,1006954310700,1306954310700,-1005111250500,1305111250500,-700
362,2255978600,1007366823700,1307366823700,-1005110845100,1305110845100,-700
363,3454400700,1007779246900,1307779246900,-1004324846200,1304324846200,-900
364,27299100,1007758787500,1307758787500,-1007731488400,1307731488400,4500
365,280332600,1007989325800,1307989325800,-1007708993200,1307708993200,-800
366,235608300,1007258931700,1307258931700,-1007023323400,1307023323400,4300
367,453161800,1007475982700,1307475982700,-1007022820900,1307022820900,5300
368,670745100,1007489578900,1307489578900,-1006818833800,1306818833800,-900
369,3627993100,1006974195500,1306974195500,-1003346202400,1303346202400,4500
370,3777518900,1006987569500,1306987569500,-1003210050600,1303210050600,-1500
371,3850212800,1007196006800,1307196006800,-1003345794000,1303345794000,4200
372,3999519500,1007209203400,1307209203400,-1003209683900,1303209683900,-400
373,277175700,1006699656800,1306699656800,-1006422481100,1306422481100,4200
374,470048400,1006713168700,1306713168700,-1006243120300,1306243120300,-700
375,662814600,1006892114300,1306892114300,-1006229299700,1306229299700,3700
376,862709300,1006905458700,1306905458700,-1006042749400,1306042749400,-700
377,128621000,1004952470700,1304952470700,-1004823849700,1304823849700,4300
378,278521500,1004965797500,1304965797500,-1004687276000,1304687276000,-500
379,1183064689300,1004243724700,1304243724700,178820964600,121179035400,4300
380,1183302299900,1004257268800,1304257268800,179045031100,120954968900,-800
381,1183355466900,1004480006200,1304480006200,178875460700,121124539300,4800
382,1183540299500,1004494005400,1304494005400,179046294100,120953705900,-1400
383,1183593002000,1004716436200,1304716436200,178876565800,121123434200,3800
384,1183777912500,1004730346200,1304730346200,179047566300,120952433700,-2200
385,1183830250300,1004952735100,1304952735100,178877515200,121122484800,3900
386,45642700,1003419774100,1303419774100,-1003374131400,1303374131400,-1100
387,97675200,1003641732400,1303641732400,-1003544057200,1303544057200,-2400
388,267962900,1003642164100,1303642164100,-1003374201200,1303374201200,3900
389,320252300,1003863914200,1303863914200,-1003543661900,1303543661900,-2200
390,490507300,1003864254300,1303864254300,-1003373747000,1303373747000,3700
391,4890857200,1003258243200,1303258243200,-998367386000,1298367386000,-2200
392,4970020200,1003258668900,1303258668900,-998288648700,1298288648700,4100
393,7102549300,1003483185000,1303483185000,-996380635700,1296380635700,-2000
394,7328764500,1003483851500,1303483851500,-996155087000,1296155087000,3500
395,1182569348600,1003708686800,1303708686800,178860661800,121139338200,-2800
396,1182796709700,1003708948300,1303708948300,179087761400,120912238600,3700
397,1182900792500,1003934252400,1303934252400,178966540100,121033459900,3600
398,60724900,1003918647600,1303918647600,-1003857922700,1303857922700,-3600
399,134927200,1004143772300,1304143772300,-1004008845100,1304008845100,3700
400,295675400,1004152958800,1304152958800,-1003857283400,1303857283400,-3800
401,369520200,1004377983000,1304377983000,-1004008462800,1304008462800,3000
402,530407700,1004387220700,1304387220700,-1003856813000,1303856813000,-3700
403,26281400,1004034212700,1304034212700,-1004007931300,1304007931300,3300
404,187206200,1004043560600,1304043560600,-1003856354400,1303856354400,-3600
405,1182898141800,1004017283900,1304017283900,178880857900,121119142100,3100
406,1183001971800,1004026653000,1304026653000,178975318800,121024681200,-4000
407,1183356852700,1004474882100,1304474882100,178881970600,121118029400,3900
408,1183460858800,1004484301800,1304484301800,178976557000,121023443000,-3800
409,1183815601500,1004932542800,1304932542800,178883058700,121116941300,4200
410,1183919567300,1004942075300,1304942075300,178977492000,121022508000,-4300
411,1182973220500,1004088219200,1304088219200,178885001300,121114998700,3800
412,1183076798300,1004097741400,1304097741400,178979056900,121020943100,-4400
413,1183846868300,1004960566100,1304960566100,178886302200,121113697800,3900
414,1183950188900,1004970015100,1304970015100,178980173800,121019826200,-5100
415,1184720318700,1005832994900,1305832994900,178887323800,121112676200,5100
416,1184823770500,1005842333900,1305842333900,178981436600,121018563400,-4900
417,1185593560100,1006705218000,1306705218000,178888342100,121111657900,5000
418,437036700,1006715016100,1306715016100,-1006277979400,1306277979400,-5100
419,515770500,1006947166400,1306947166400,-1006431395900,1306431395900,-4400
420,669744900,1007179678000,1307179678000,-1006509933100,1306509933100,-5000
421,748799300,1007411779200,1307411779200,-1006662979900,1306662979900,-4200
422,868541000,1007357883000,1307357883000,-1006489342000,1306489342000,6000
423,947663300,1007424432300,1307424432300,-1006476769000,1306476769000,-5300
424,1083296800,1007572045300,1307572045300,-1006488748500,1306488748500,5700
425,1162306900,1007638641300,1307638641300,-1006476334400,1306476334400,-4300
426,1186360379800,1007422160300,1307422160300,178938219500,121061780500,5700
427,1186527424200,1007488724300,1307488724300,179038699900,120961300100,-4300
428,1188749726400,1009810122600,1309810122600,178939603800,121060396200,5400
429,1188916512900,1009876600100,1309876600100,179039912800,120960087200,-5100
430,1191138809000,1012198060700,1312198060700,178940748300,121059251700,5300
431,1191306460400,1012264640000,1312264640000,179041820400,120958179600,-5000
432,1193528083900,1014586309900,1314586309900,178941774000,121058226000,5100
433,120481300,1014454190400,1314454190400,-1014333709100,1314333709100,-5400
434,199585500,1014639236400,1314639236400,-1014439650900,1314439650900,-5400
435,1193584171200,1014667817800,1314667817800,178916353400,121083646600,-4800
436,1194443016500,1015525329200,1315525329200,178917687300,121082312700,-4200
437,1195301795600,1016383173900,1316383173900,178918621700,121081378300,-4900
438,1195562978300,1016619392300,1316619392300,178943586000,121056414000,4700
439,1196161106800,1017240639200,1317240639200,178920467600,121079532400,-4200
440,1196422268200,1017476806400,1317476806400,178945461800,121054538200,3600
441,1197019744700,1018098387600,1318098387600,178921357100,121078642900,-4600
442,1197107968600,1018160661800,1318160661800,178947306800,121052693200,4200
443,1197590715700,1018642337800,1318642337800,178948377900,121051622100,3200
444,1197704874100,1018782406500,1318782406500,178922467600,121077532400,-4500
445,1198073628000,1019123978000,1319123978000,178949650000,121050350000,3000
446,1198187978400,1019264094900,1319264094900,178923883500,121076116500,-4900
447,1198557162100,1019605645700,1319605645700,178951516400,121048483600,3300
448,1198408363600,1019482908900,1319482908900,178925454700,121074545300,-4900
449,1198776507300,1019823929500,1319823929500,178952577800,121047422200,3500
450,1199898213500,1020971378800,1320971378800,178926834700,121073165300,-5800
451,1200266606600,1021312854300,1321312854300,178953752300,121046247700,3700
452,1201393473100,1022460381800,1322460381800,178933091300,121066908700,-5800
453,1201756072000,1022801395300,1322801395300,178954676700,121045323300,3700
454,1202883242400,1023949227000,1323949227000,178934015400,121065984600,-6000
455,1203230933100,1024275196400,1324275196400,178955736700,121044263300,2600
456,1204358024500,1025423021900,1325423021900,178935002600,121064997400,-5900
457,1206658861600,1027702113900,1327702113900,178956747700,121043252300,3100
458,1207786194600,1028850021900,1328850021900,178936172700,121063827300,-5900
459,1210086956400,1031128938800,1331128938800,178958017600,121041982400,3200
460,1211214230000,1032276750400,1332276750400,178937479600,121062520400,-5400
461,1213514456400,1034555481400,1334555481400,178958975000,121041025000,2600
462,1214255174100,1035316461900,1335316461900,178938712200,121061287800,-5900
463,1214631565000,1035691460800,1335691460800,178940104200,121059895800,-5800
464,1215007616800,1036066397800,1336066397800,178941219000,121058781000,-5800
465,1215383612200,1036441297500,1336441297500,178942314700,121057685300,-6500
466,1215759499500,1036816149100,1336816149100,178943350400,121056649600,-6100
467,1216135501900,1037191072700,1337191072700,178944429200,121055570800,-5700
468,1216511719000,1037566177700,1337566177700,178945541300,121054458700,-5700
469,1216540086400,1037580218100,1337580218100,178959868300,121040131700,2900
470,1216872601400,1037925931500,1337925931500,178946669900,121053330100,-5500
471,1218109677500,1039148876600,1339148876600,178960800900,121039199100,2400
472,1218443066200,1039494581500,1339494581500,178948484700,121051515300,-5500
473,1219679241700,1040717488300,1340717488300,178961753400,121038246600,3700
474,1220012806500,1041063319900,1341063319900,178949486600,121050513400,-4900
475,1221248576200,1042285866900,1342285866900,178962709300,121037290700,3100
476,1221424353000,1042474001300,1342474001300,178950351700,121049648300,-5300
477,1222660125600,1043696498300,1343696498300,178963627300,121036372700,2700
478,1224900259700,1045948449300,1345948449300,178951810400,121048189600,-5300
479,1226136242700,1047170820700,1347170820700,178965422000,121034578000,3300
480,1228375894500,1049422601100,1349422601100,178953293400,121046706600,-5100
481,1229611870400,1050645382300,1350645382300,178966488100,121033511900,3700
482,1231851986700,1052896923000,1352896923000,178955063700,121044936300,-6000
483,1233008334300,1054040885700,1354040885700,178967448600,121032551400,3300
484,1234506355900,1055537749300,1355537749300,178968606600,121031393400,3700
485,1235249044700,1056292189200,1356292189200,178956855500,121043144500,-5200
486,1236004747200,1057034338700,1357034338700,178970408500,121029591500,3300
487,1236746885600,1057789086500,1357789086500,178957799100,121042200900,-4500
488,1237503005300,1058531465000,1358531465000,178971540300,121028459700,4000
489,1238245035300,1059285928100,1359285928100,178959107200,121040892800,-5100
490,39667600,1059076612700,1359076612700,-1059036945100,1359036945100,4300
491,378188700,1059290171900,1359290171900,-1058911983200,1358911983200,4100
492,949433300,1059503633700,1359503633700,-1058554200400,1358554200400,4300
493,1028832400,1059716742700,1359716742700,-1058687910300,1358687910300,3300
494,1163039900,1059830976600,1359830976600,-1058667936700,1358667936700,-5600
495,1242990500,1059930205100,1359930205100,-1058687214600,1358687214600,3900
496,1377155200,1060044556100,1360044556100,-1058667400900,1358667400900,-5100
497,72022500,1060096658300,1360096658300,-1060024635800,1360024635800,3700
498,206789000,1060211273500,1360211273500,-1060004484500,1360004484500,-5500
499,1239334004700,1060323245100,1360323245100,179010759600,120989240400,3900
500,1239374266800,1060437590900,1360437590900,178936675900,121063324100,-5900
501,1241199274700,1062187130800,1362187130800,179012143900,120987856100,3200
502,1241239493400,1062301418000,1362301418000,178938075400,121061924600,-6000
503,1243064501800,1064050842500,1364050842500,179013659300,120986340700,3500
504,1243104323300,1064165443700,1364165443700,178938879600,121061120400,-5700
505,1244929696700,1065914533800,1365914533800,179015162900,120984837100,3200
506,1330248500,1065982043000,1365982043000,-1064651794500,1364651794500,-6000
507,1464593000,1066415733200,1366415733200,-1064951140200,1364951140200,-6200
508,1764463400,1066849495500,1366849495500,-1065085032100,1365085032100,-5500
509,1246008052900,1067266905000,1367266905000,178741147900,121258852100,-6000
510,1246730963000,1067714649700,1367714649700,179016313300,120983686700,3300
511,1247847138200,1069104292500,1369104292500,178742845700,121257154300,-5500
512,1248569522500,1069552113400,1369552113400,179017409100,120982590900,2600
513,1249685476000,1070941763500,1370941763500,178743712500,121256287500,-5500
514,1250407795200,1071389359700,1371389359700,179018435500,120981564500,3300
515,1251524012700,1072779131100,1372779131100,178744881600,121255118400,-6100
516,72236900,1072929318100,1372929318100,-1072857081200,1372857081200,2900
517,151584900,1073147111400,1373147111400,-1072995526500,1372995526500,2600
518,290512700,1073364969100,1373364969100,-1073074456400,1373074456400,2900
519,370017200,1073582822500,1373582822500,-1073212805300,1373212805300,2500
520,1252664816300,1073649284300,1373649284300,179015532000,120984468000,2700
521,1252845551700,1074099383300,1374099383300,178746168400,121253831600,-6300
522,1254688572100,1075941365300,1375941365300,178747206800,121252793200,-6300
523,1256503303800,1077487000600,1377487000600,179016303200,120983696800,2400
524,1256531596900,1077783426500,1377783426500,178748170400,121251829600,-5500
525,1258346060000,1079328551700,1379328551700,179017508300,120982491700,2300
526,1258374224700,1079625245800,1379625245800,178748978900,121251021100,-5800
527,1260189827000,1081170623300,1381170623300,179019203700,120980796300,2700
528,42586300,1079844702900,1379844702900,-1079802116600,1379802116600,-5900
529,940187600,1080036912500,1380036912500,-1079096724900,1379096724900,-5500
530,980920900,1080229506700,1380229506700,-1079248585800,1379248585800,-5700
531,112955300,1080340271500,1380340271500,-1080227316200,1380227316200,-5500
532,143357000,1080578037700,1380578037700,-1080434680700,1380434680700,-5700
533,351131400,1080826145600,1380826145600,-1080475014200,1380475014200,-5600
534,391997200,1081074097300,1381074097300,-1080682100100,1380682100100,-5300
535,599514300,1081297862400,1381297862400,-1080698348100,1380698348100,2600
536,640740800,1081321987300,1381321987300,-1080681246500,1380681246500,-5300
537,1259978343200,1080899731400,1380899731400,179078611800,120921388200,2600
538,1260059288100,1080923491800,1380923491800,179135796300,120864203700,-4800
539,1285063928700,1105983854800,1405983854800,179080073900,120919926100,2200
540,1285144178800,1106007517000,1406007517000,179136661800,120863338200,-5000
541,1310149228100,1131068056000,1431068056000,179081172100,120918827900,2000
542,1310229415500,1131091756400,1431091756400,179137659100,120862340900,-4400
543,1335234837000,1156152257600,1456152257600,179082579400,120917420600,2400
544,364105700,1156144728900,1456144728900,-1155780623200,1455780623200,-4900
545,404629500,1156352764900,1456352764900,-1155948135400,1455948135400,-4900
546,572866400,1156560955600,1456560955600,-1155988089200,1455988089200,-5600
547,613326300,1156769289500,1456769289500,-1156155963200,1456155963200,-5500
548,570649700,1156766463900,1456766463900,-1156195814200,1456195814200,-5900
549,610949200,1157160304800,1457160304800,-1156549355600,1456549355600,-5800
550,1005047300,1157553828200,1457553828200,-1156548780900,1456548780900,-5200
551,345648600,1157328119500,1457328119500,-1156982470900,1456982470900,-5500
552,272686800,1157254589300,1457254589300,-1156981902500,1456981902500,-5300
553,298665900,1175496085800,1475496085800,-1175197419900,1475197419900,-5800
554,74435360800,1178891854200,1478891854200,-1104456493400,1404456493400,2800
555,74590476900,1179090569000,1479090569000,-1104500092100,1404500092100,2000
556,1147700852100,1177970808300,1477970808300,-30269956200,330269956200,2700
557,1148097244500,1178366013700,1478366013700,-30268769200,330268769200,2300
558,1148494614800,1178761510900,1478761510900,-30266896100,330266896100,2100
559,15235769100,1178197668800,1478197668800,-1162961899700,1462961899700,1200
560,70024326300,1178436443500,1478436443500,-1108412117200,1408412117200,1500
561,70219528900,1178675509800,1478675509800,-1108455980900,1408455980900,1200
562,70264175500,1178914434900,1478914434900,-1108650259400,1408650259400,1100
563,70459401700,1179153667800,1479153667800,-1108694266100,1408694266100,2200
564,72512283800,1178986517700,1478986517700,-1106474233900,1406474233900,1300
565,72563164500,1179178922100,1479178922100,-1106615757600,1406615757600,900
566,83684771800,1177192116800,1477192116800,-1093507345000,1393507345000,2200
567,83746261800,1177410219300,1477410219300,-1093663957500,1393663957500,1700
568,83903900800,1177628301800,1477628301800,-1093724401000,1393724401000,2200
569,83965156500,1177846719000,1477846719000,-1093881562500,1393881562500,2000
570,84123245700,1178065271400,1478065271400,-1093942025700,1393942025700,1600
571,217663031400,1175464400000,1475464400000,-957801368600,1257801368600,2000
572,217903529300,1175703354200,1475703354200,-957799824900,1257799824900,2800
573,217940761600,1175941726400,1475941726400,-958000964800,1258000964800,2600
574,1360159737500,1175458963900,1475458963900,184700773600,115299226400,3100
575,1360583158400,1175881123700,1475881123700,184702034700,115297965300,3300
576,69263176000,1176131021400,1476131021400,-1106867845400,1406867845400,2600
577,69331632000,1176323563400,1476323563400,-1106991931400,1406991931400,2600
578,67804832800,1176468524700,1476468524700,-1108663691900,1408663691900,2300
579,67958956300,1176663465000,1476663465000,-1108704508700,1408704508700,3000
580,68000702400,1176858495400,1476858495400,-1108857793000,1408857793000,3600
581,68155015600,1177053440700,1477053440700,-1108898425100,1408898425100,3300
582,68196629100,1177248134500,1477248134500,-1109051505400,1409051505400,3500
583,68350624000,1177443051000,1477443051000,-1109092427000,1409092427000,3000
584,85589662800,1175862886300,1475862886300,-1090273223500,1390273223500,3700
585,85721213800,1176085671100,1476085671100,-1090364457300,1390364457300,2900
586,85813520300,1176308520400,1476308520400,-1090495000100,1390495000100,2600
587,85944937000,1176530981200,1476530981200,-1090586044200,1390586044200,2800
588,78599031600,1176052914400,1476052914400,-1097453882800,1397453882800,3600
589,78686836400,1176230740400,1476230740400,-1097543904000,1397543904000,3600
590,78777736800,1176408443700,1476408443700,-1097630706900,1397630706900,3300
591,78865485900,1176586335000,1476586335000,-1097720849100,1397720849100,3000
592,78956606200,1176764054700,1476764054700,-1097807448500,1397807448500,3300
593,78997646600,1176895489800,1476895489800,-1097897843200,1397897843200,4200
594,79089021600,1177123542800,1477123542800,-1098034521200,1398034521200,3200
595,79226694200,1177351501000,1477351501000,-1098124806800,1398124806800,3000
596,79317940000,1177579545600,1477579545600,-1098261605600,1398261605600,3400
597,79455617700,1177807514400,1477807514400,-1098351896700,1398351896700,3600
598,1357720500400,1176230630700,1476230630700,181489869700,118510130300,3300
599,1358300913100,1176810261400,1476810261400,181490651700,118509348300,2600
600,1358470417200,1177389730400,1477389730400,181080686800,118919313200,2600
601,1358881381900,1177969166600,1477969166600,180912215300,119087784700,1400
602,1359050797200,1178548931500,1478548931500,180501865700,119498134300,1500
603,1359462246300,1179128232900,1479128232900,180334013400,119665986600,1100
604,1358855569500,1178932530900,1478932530900,179923038600,120076961400,1100
605,1359039265900,1179008064800,1479008064800,180031201100,119968798900,-4800
606,1359222577200,1179115182200,1479115182200,180107395000,119892605000,1800
607,1359267646700,1179190716100,1479190716100,180076930600,119923069400,-6100
608,61915386400,1178907075500,1478907075500,-1116991689100,1416991689100,1500
609,62069055400,1178982248600,1478982248600,-1116913193200,1416913193200,-5600
610,69794871300,1178533308500,1478533308500,-1108738437200,1408738437200,1500
611,69950274700,1178608316900,1478608316900,-1108658042200,1408658042200,-4900
612,70001543700,1178739113700,1478739113700,-1108737570000,1408737570000,300
613,70157017300,1178814105100,1478814105100,-1108657087800,1408657087800,-5100
614,88226518700,1178722627500,1478722627500,-1090496108800,1390496108800,500
615,88372024400,1178797343900,1478797343900,-1090425319500,1390425319500,-4900
616,88404188600,1178899376800,1478899376800,-1090495188200,1390495188200,1200
617,88549681800,1178973933200,1478973933200,-1090424251400,1390424251400,-4200
618,88822934000,1179075913700,1479075913700,-1090252979700,1390252979700,1300
619,87574998800,1176482830200,1476482830200,-1088907831400,1388907831400,-4200
620,87795420200,1176584466800,1476584466800,-1088789046600,1388789046600,1200
621,87825785600,1176732679800,1476732679800,-1088906894200,1388906894200,-3800
622,88460251600,1176834455500,1476834455500,-1088374203900,1388374203900,1500
623,85705388900,1176386740800,1476386740800,-1090681351900,1390681351900,-4800
624,85736294400,1176488689500,1476488689500,-1090752395100,1390752395100,1500
625,85955936000,1176636210600,1476636210600,-1090680274600,1390680274600,-4600
626,85986432100,1176738007100,1476738007100,-1090751575000,1390751575000,900
627,86206378000,1176885507800,1476885507800,-1090679129800,1390679129800,-4800
628,70721990400,1176833546000,1476833546000,-1106111555600,1406111555600,2000
629,70880052800,1176981053100,1476981053100,-1106101000300,1406101000300,-5100
630,70968563700,1177079174200,1477079174200,-1106110610500,1406110610500,1800
631,71126781500,1177226869700,1477226869700,-1106100088200,1406100088200,-5700
632,71215104000,1177324706300,1477324706300,-1106109602300,1406109602300,1700
633,464423175200,1177111341900,1477111341900,-712688166700,1012688166700,-5900
634,464634614100,1177209094600,1477209094600,-712574480500,1012574480500,2400
635,1119409220500,1177321359200,1477321359200,-57912138700,357912138700,-6200
636,1119620447100,1177419147100,1477419147100,-57798700000,357798700000,1900
637,83399995100,1177330832500,1477330832500,-1093930837400,1393930837400,-5500
638,83557492100,1177428289800,1477428289800,-1093870797700,1393870797700,1200
639,83610824500,1177540924300,1477540924300,-1093930099800,1393930099800,-5300
640,1356900542400,1177217229500,1477217229500,179683312900,120316687100,1500
641,1356944941700,1177330013700,1477330013700,179614928000,120385072000,-4700
642,81680213200,1180245172400,1480245172400,-1098564959200,1398564959200,1600
643,81760816100,1180357962800,1480357962800,-1098597146700,1398597146700,-4800
644,81918217200,1180481941300,1480481941300,-1098563724100,1398563724100,2700
645,82185979600,1180595058600,1480595058600,-1098409079000,1398409079000,-3600
646,82343902200,1180718793900,1480718793900,-1098374891700,1398374891700,2100
647,82424148500,1180832259700,1480832259700,-1098408111200,1398408111200,-3700
648,82581919700,1180955928400,1480955928400,-1098374008700,1398374008700,2600
649,278969956700,1179882974000,1479882974000,-900913017300,1200913017300,-3000
650,279373094100,1180006010100,1480006010100,-900632916000,1200632916000,2900
651,279376545900,1180284927400,1480284927400,-900908381500,1200908381500,-3400
652,52645439000,1180240063500,1480240063500,-1127594624500,1427594624500,2500
653,52800605100,1180441998600,1480441998600,-1127641393500,1427641393500,3400
654,55109403000,1180381022300,1480381022300,-1125271619300,1425271619300,-3300
655,55262923300,1180505709600,1480505709600,-1125242786300,1425242786300,2400
656,1359359613400,1180178357400,1480178357400,179181256000,120818744000,-3400
657,1359505344900,1180303353900,1480303353900,179201991000,120798009000,2100
658,1359566415300,1180384126800,1480384126800,179182288500,120817711500,-3800
659,1359711906400,1180509130200,1480509130200,179202776200,120797223800,1800
660,1359773018700,1180590121800,1480590121800,179182896900,120817103100,-3800
661,319270347100,1180493898200,1480493898200,-861223551100,1161223551100,1800
662,319664723200,1180574587900,1480574587900,-860909864700,1160909864700,-3900
663,457892444800,1180886827600,1480886827600,-722994382800,1022994382800,1400
664,1359682978200,1180483061100,1480483061100,179199917100,120800082900,-4100
665,1359827186600,1180794859900,1480794859900,179032326700,120967673300,1100
666,1363183928400,1183982851700,1483982851700,179201076700,120798923300,-3700
667,1363328124700,1184294836600,1484294836600,179033288100,120966711900,1400
668,1366684526500,1187482759400,1487482759400,179201767100,120798232900,-3400
669,100716119700,1187684180600,1487684180600,-1086968060900,1386968060900,1400
670,100856283700,1187905658700,1487905658700,-1087049375000,1387049375000,1300
671,100938441300,1188127264700,1488127264700,-1087188823400,1387188823400,1300
672,56986863100,1188223346500,1488223346500,-1131236483400,1431236483400,500
673,57115304900,1188441235500,1488441235500,-1131325930600,1431325930600,1500
674,57205583800,1188659192100,1488659192100,-1131453608300,1431453608300,1900
675,57334186600,1188877058000,1488877058000,-1131542871400,1431542871400,1000
676,57424253100,1189094958600,1489094958600,-1131670705500,1431670705500,1400
677,73006004700,1188346218500,1488346218500,-1115340213800,1415340213800,500
678,73137282800,1188531824700,1488531824700,-1115394541900,1415394541900,1300
679,73192404700,1188717590400,1488717590400,-1115525185700,1415525185700,1600
680,73324297300,1188903400600,1488903400600,-1115579103300,1415579103300,1400
681,85963486600,1188948903500,1488948903500,-1102985416900,1402985416900,1500
682,86010225700,1189189480700,1489189480700,-1103179255000,1403179255000,2300
683,86205173300,1189429858200,1489429858200,-1103224684900,1403224684900,1800
684,1368484825900,1189608239300,1489608239300,178876586600,121123413400,-3300
685,1368656114900,1189639105000,1489639105000,179017009900,120982990100,2000
686,1368810651500,1189778885000,1489778885000,179031766500,120968233500,-3000
687,1368827024900,1189809386600,1489809386600,179017638300,120982361700,2400
688,1368982303700,1189949309700,1489949309700,179032994000,120967006000,-2700
689,1368998136400,1189979681800,1489979681800,179018454600,120981545400,1200
690,1369153815700,1190120026100,1490120026100,179033789600,120966210400,-3100
691,83917123800,1189173870700,1489173870700,-1105256746900,1405256746900,1300
692,84116170100,1189314314800,1489314314800,-1105198144700,1405198144700,-3800
693,84163560800,1189371796400,1489371796400,-1105208235600,1405208235600,600
694,84315393400,1189512343700,1489512343700,-1105196950300,1405196950300,-2700
695,84362635500,1189570038500,1489570038500,-1105207403000,1405207403000,500
696,204687271600,1189621818000,1489621818000,-984934546400,1284934546400,-3000
697,204755616700,1189679284400,1489679284400,-984923667700,1284923667700,600
698,204884876100,1189818317800,1489818317800,-984933441700,1284933441700,-3800
699,204953190300,1189875768500,1489875768500,-984922578200,1284922578200,500
700,205082795400,1190014866700,1490014866700,-984932071300,1284932071300,-3700
701,1411523385300,1189318139000,1489318139000,222205246300,77794753700,0
702,1411525766800,1189457208100,1489457208100,222068558700,77931441300,-3100
703,1411712150900,1189506101900,1489506101900,222206049000,77793951000,1100
704,1411714484700,1189645364800,1489645364800,222069119900,77930880100,-2800
705,1411901304700,1189694482800,1489694482800,222206821900,77793178100,1200
706,1411903167000,1189833511800,1489833511800,222069655200,77930344800,-3800
707,1412090204900,1189882653800,1489882653800,222207551100,77792448900,1200
708,74917372600,1189895675800,1489895675800,-1114978303200,1414978303200,-3800
709,74998306100,1189944900800,1489944900800,-1114946594700,1414946594700,1200
710,75119953700,1190097410200,1490097410200,-1114977456500,1414977456500,-4200
711,75200885800,1190146684900,1490146684900,-1114945799100,1414945799100,1100
712,1134204683900,1190220588300,1490220588300,-56015904400,356015904400,-4300
713,1134265165200,1190269632600,1490269632600,-56004467400,356004467400,400
714,1134629490300,1190644103100,1490644103100,-56014612800,356014612800,-4100
715,1411585839500,1190391608600,1490391608600,221194230900,78805769100,400
716,1411772954400,1190766169000,1490766169000,221006785400,78993214600,-3000
717,1412008037200,1190812918900,1490812918900,221195118300,78804881700,1100
718,78479810900,1191187342600,1491187342600,-1112707531700,1412707531700,-2600
719,78699801000,1191234278600,1491234278600,-1112534477600,1412534477600,400
720,78727146200,1191433797400,1491433797400,-1112706651200,1412706651200,-3400
721,78947440200,1191480768800,1491480768800,-1112533328600,1412533328600,200
722,78974693100,1191680418300,1491680418300,-1112705725200,1412705725200,-3300
723,79195171300,1191727496200,1491727496200,-1112532324900,1412532324900,800
724,1412147297300,1191879074600,1491879074600,220268222700,79731777300,-2600
725,1412350956400,1191925977100,1491925977100,220424979300,79575020700,900
726,1412382130700,1192081788000,1492081788000,220300342700,79699657300,-3000
727,1412554153200,1192128402000,1492128402000,220425751200,79574248800,0
728,1412585408700,1192284491500,1492284491500,220300917200,79699082800,-3500
729,1412757420400,1192330925300,1492330925300,220426495100,79573504900,700
730,1412788728200,1192487148700,1492487148700,220301579500,79698420500,-2700
731,1412913941900,1192486659400,1492486659400,220427282500,79572717500,600
732,1412944750900,1192642531700,1492642531700,220302219200,79697780800,-2700
733,1413430745200,1193002271300,1493002271300,220428473900,79571526100,1700
734,1413460819600,1193157865100,1493157865100,220302954500,79697045500,-3100
735,1413947097300,1193517896200,1493517896200,220429201100,79570798900,1800
736,1413977060500,1193673503800,1493673503800,220303556700,79696443300,-2800
737,1414068903100,1193638727600,1493638727600,220430175500,79569824500,1400
738,1414098592200,1193794438800,1493794438800,220304153400,79695846600,-2800
739,1420252127400,1199821148100,1499821148100,220430979300,79569020700,900
740,1420281748800,1199976821700,1499976821700,220304927100,79695072900,-2700
741,1426436040700,1206003580100,1506003580100,220432460600,79567539400,900
742,45775676100,1205571568200,1505571568200,-1159795892100,1459795892100,-2200
743,45971015300,1205791898100,1505791898100,-1159820882800,1459820882800,-2100
744,45996861500,1206012042100,1506012042100,-1160015180600,1460015180600,-2100
745,46192192300,1206232339400,1506232339400,-1160040147100,1460040147100,-1400
746,46218038300,1206452594300,1506452594300,-1160234556000,1460234556000,-1300
747,70162983500,1206606832000,1506606832000,-1136443848500,1436443848500,-1000
748,70295924000,1206879136900,1506879136900,-1136583212900,1436583212900,-900
749,48946123100,1206152341300,1506152341300,-1157206218200,1457206218200,-1300
750,49099993500,1206349112900,1506349112900,-1157249119400,1457249119400,-1900
751,73547691000,1205509131800,1505509131800,-1131961440800,1431961440800,-1800
752,73601023900,1205734146900,1505734146900,-1132133123000,1432133123000,-1900
753,70368507600,1205959446800,1505959446800,-1135590939200,1435590939200,-800
754,70450809500,1206205754900,1506205754900,-1135754945400,1435754945400,-900
755,70615789400,1206451696000,1506451696000,-1135835906600,1435835906600,-1000
756,70697657000,1206697768400,1506697768400,-1136000111400,1436000111400,-1400
757,70863029100,1206943652400,1506943652400,-1136080623300,1436080623300,-1400
758,70944533800,1207189723400,1507189723400,-1136245189600,1436245189600,-400
759,71110035200,1207435755900,1507435755900,-1136325720700,1436325720700,100
760,71191465300,1207682009200,1507682009200,-1136490543900,1436490543900,-200
761,63858574100,1207787705100,1507787705100,-1143929131000,1443929131000,-100
762,63908387900,1207990865500,1507990865500,-1144082477600,1444082477600,-500
763,64062622700,1208193977300,1508193977300,-1144131354600,1444131354600,-300
764,64112222000,1208397564500,1508397564500,-1144285342500,1444285342500,-500
765,44780070700,1207633433500,1507633433500,-1162853362800,1462853362800,-500
766,44830832000,1207831898100,1507831898100,-1163001066100,1463001066100,-1100
767,59264840300,1206817909600,1506817909600,-1147553069300,1447553069300,-600
768,59402625600,1207067552700,1507067552700,-1147664927100,1447664927100,-700
769,60350193200,1207174901100,1507174901100,-1146824707900,1446824707900,900
770,60400714600,1207317105300,1507317105300,-1146916390700,1446916390700,-1300
771,60600939300,1207424503200,1507424503200,-1146823563900,1446823563900,800
772,60650949200,1207566478600,1507566478600,-1146915529400,1446915529400,-600
773,80861322600,1207444592700,1507444592700,-1126583270100,1426583270100,300
774,80894603600,1207586666500,1507586666500,-1126692062900,1426692062900,-500
775,81257603600,1207839649100,1507839649100,-1126582045500,1426582045500,-100
776,81290618800,1207981670800,1507981670800,-1126691052000,1426691052000,-1800
777,81653427200,1208234430800,1508234430800,-1126581003600,1426581003600,200
778,81686525900,1208376794800,1508376794800,-1126690268900,1426690268900,-800
779,42912874300,1208566684300,1508566684300,-1165653810000,1465653810000,-300
780,43068211900,1208708713900,1508708713900,-1165640502000,1465640502000,-900
781,43119228900,1208772126100,1508772126100,-1165652897200,1465652897200,-100
782,82612483500,1208726044700,1508726044700,-1126113561200,1426113561200,-700
783,82782473100,1208789211200,1508789211200,-1126006738100,1426006738100,-200
784,83527582100,1209201745200,1509201745200,-1125674163100,1425674163100,-200
785,83626763500,1209264831300,1509264831300,-1125638067800,1425638067800,-300
786,84004189700,1209677388000,1509677388000,-1125673198300,1425673198300,0
787,84103237200,1209740402100,1509740402100,-1125637164900,1425637164900,-100
788,39576216500,1209750005800,1509750005800,-1170173789300,1470173789300,-800
789,39771246700,1209813199200,1509813199200,-1170041952500,1470041952500,800
790,1419754599900,1209146314500,1509146314500,210608285400,89391714600,-1500
791,1420215731400,1209209212900,1509209212900,211006518500,88993481500,100
792,1420677390700,1209606840100,1509606840100,211070550600,88929449400,-1100
793,1421138898500,1209669593600,1509669593600,211469304900,88530695100,-600
794,1421601007200,1210067621700,1510067621700,211533385500,88466614500,-700
795,1422062810400,1210130371600,1510130371600,211932438800,88067561200,-600
796,1422400082800,1210403183200,1510403183200,211996899600,88003100400,-1200
797,1425783647600,1210466012300,1510466012300,215317635300,84682364700,-300
798,1447283824900,1235286254900,1535286254900,211997570000,88002430000,-1900
799,1450667477200,1235349262600,1535349262600,215318214600,84681785400,400
800,1472168554500,1260169417100,1560169417100,211999137400,88000862600,-2100
801,83511229500,1259949983200,1559949983200,-1176438753700,1476438753700,-200
802,83652820900,1260205145000,1560205145000,-1176552324100,1476552324100,0
803,84384664500,1260460586400,1560460586400,-1176075921900,1476075921900,-400
804,264140797200,1260684540200,1560684540200,-996543743000,1296543743000,-200
805,264153800500,1261112923700,1561112923700,-996959123200,1296959123200,-700
806,264570369700,1261541319500,1561541319500,-996970949800,1296970949800,500
807,53677375800,1261953836200,1561953836200,-1208276460400,1508276460400,800
808,53704926300,1262137346500,1562137346500,-1208432420200,1508432420200,500
809,53861909800,1262320797100,1562320797100,-1208458887300,1508458887300,900
810,53889211900,1262504545100,1562504545100,-1208615333200,1508615333200,-100
811,54046501900,1262688353100,1562688353100,-1208641851200,1508641851200,-100
812,192119394100,1262750004200,1562750004200,-1070630610100,1370630610100,-200
813,192156836700,1262987768800,1562987768800,-1070830932100,1370830932100,-800
814,192358409800,1263225470000,1563225470000,-1070867060200,1370867060200,0
815,192395641600,1263463392400,1563463392400,-1071067750800,1371067750800,-400
816,192597542900,1263701260600,1563701260600,-1071103717700,1371103717700,-600
817,59809993500,1263480808800,1563480808800,-1203670815300,1503670815300,200
818,59964546700,1263659388100,1563659388100,-1203694841400,1503694841400,-100
819,59989511400,1263838321400,1563838321400,-1203848810000,1503848810000,600
820,60144515300,1264016734800,1564016734800,-1203872219500,1503872219500,200
821,60168742300,1264195210900,1564195210900,-1204026468600,1504026468600,-900
822,60323887900,1264374099800,1564374099800,-1204050211900,1504050211900,-800
823,1474233636000,1264144178800,1564144178800,210089457200,89910542800,200
824,1474744226800,1264653240300,1564653240300,210090986500,89909013500,-300
825,1475254695700,1265162244400,1565162244400,210092451300,89907548700,600
826,1475764631000,1265671399900,1565671399900,210093231100,89906768900,100
827,89172237800,1265982597000,1565982597000,-1176810359200,1476810359200,1000
828,89534797000,1266423690900,1566423690900,-1176888893900,1476888893900,100
829,182307405700,1266864196500,1566864196500,-1084556790800,1384556790800,-500
830,182311350800,1267305012200,1567305012200,-1084993661400,1384993661400,-200
831,182749473800,1267745428600,1567745428600,-1084995954800,1384995954800,400
832,1221423842300,1267870965800,1567870965800,-46447123500,346447123500,200
833,1221607151200,1268053538800,1568053538800,-46446387600,346446387600,200
834,1221790755100,1268236377800,1568236377800,-46445622700,346445622700,200
835,1221975037500,1268419231200,1568419231200,-46444193700,346444193700,-200
836,70405385500,1267806812300,1567806812300,-1197401426800,1497401426800,-300
837,70557705300,1268059224400,1568059224400,-1197501519100,1497501519100,-400
838,34960979600,1268122327000,1568122327000,-1233161347400,1533161347400,0
839,35164825200,1268325258500,1568325258500,-1233160433300,1533160433300,500
840,35174420700,1268528416600,1568528416600,-1233353995900,1533353995900,400
841,35369029600,1268731254600,1568731254600,-1233362225000,1533362225000,400
842,268342763700,1268416470300,1568416470300,-1000073706600,1300073706600,700
843,268677287500,1268749523500,1568749523500,-1000072236000,1300072236000,500
844,268761055900,1269082565600,1569082565600,-1000321509700,1300321509700,400
845,269011622900,1269415929100,1569415929100,-1000404306200,1300404306200,-100
846,83220508300,1269622287900,1569622287900,-1186401779600,1486401779600,100
847,83675857400,1269844679700,1569844679700,-1186168822300,1486168822300,300
848,83841859600,1270067351700,1570067351700,-1186225492100,1486225492100,-700
849,83899359700,1270290335400,1570290335400,-1186390975700,1486390975700,-400
850,84065741900,1270512939500,1570512939500,-1186447197600,1486447197600,-500
851,84122754300,1270735981500,1570735981500,-1186613227200,1486613227200,-500
852,64072498800,1268864721800,1568864721800,-1204792223000,1504792223000,-800
853,64126031500,1269062464400,1569062464400,-1204936432900,1504936432900,-1400
854,64271158200,1269260383200,1569260383200,-1204989225000,1504989225000,-1200
855,58546082200,1269306085900,1569306085900,-1210760003700,1510760003700,-900
856,58679072500,1269489566600,1569489566600,-1210810494100,1510810494100,-600
857,58730340500,1269672782400,1569672782400,-1210942441900,1510942441900,-1400
858,35834922700,1269263667400,1569263667400,-1233428744700,1533428744700,-1400
859,35885771400,1269460654500,1569460654500,-1233574883100,1533574883100,-1500
860,36033052300,1269657530800,1569657530800,-1233624478500,1533624478500,-800
861,36083508900,1269854474500,1569854474500,-1233770965600,1533770965600,-500
862,36230991300,1270051381500,1570051381500,-1233820390200,1533820390200,-1500
863,36281377200,1270248431800,1570248431800,-1233967054600,1533967054600,-800
864,42190490300,1269237705200,1569237705200,-1227047214900,1527047214900,-1200
865,42345953200,1269451134800,1569451134800,-1227105181600,1527105181600,-1800
866,42404873600,1269664776900,1569664776900,-1227259903300,1527259903300,-900
867,42560489700,1269878366100,1569878366100,-1227317876400,1527317876400,-1100
868,45739139600,1269932966200,1569932966200,-1224193826600,1524193826600,-1200
869,45939497100,1270132246300,1570132246300,-1224192749200,1524192749200,-1300
870,45967195000,1270331801400,1570331801400,-1224364606400,1524364606400,-400
871,46139949700,1270531205500,1570531205500,-1224391255800,1524391255800,-500
872,46167466200,1270730675800,1570730675800,-1224563209600,1524563209600,200
873,255103867500,1268803728000,1568803728000,-1013699860500,1313699860500,0
874,255500528800,1269199204500,1569199204500,-1013698675700,1313698675700,-500
875,255520156700,1269594721500,1569594721500,-1014074564800,1314074564800,-500
876,1112738027800,1269585842200,1569585842200,-156847814400,456847814400,-200
877,1112773576400,1270061449100,1570061449100,-157287872700,457287872700,-100
878,1113214522200,1270537213500,1570537213500,-157322691300,457322691300,-500
879,1113250270800,1271012969700,1571012969700,-157762698900,457762698900,300
880,1113691627000,1271488449200,1571488449200,-157796822200,457796822200,-200
881,1113726941600,1271964124100,1571964124100,-158237182500,458237182500,-100
882,33094012000,1271770739900,1571770739900,-1238676727900,1538676727900,100
883,33248142400,1272015956000,1572015956000,-1238767813600,1538767813600,0
884,1311267240300,1272155403800,1572155403800,39111836500,260888163500,200
885,1311667005700,1272554277200,1572554277200,39112728500,260887271500,-200
886,1312066803800,1272953294700,1572953294700,39113509100,260886490900,-700
887,38041315400,1272239666700,1572239666700,-1234198351300,1534198351300,-700
888,38196973700,1272415097700,1572415097700,-1234218124000,1534218124000,-700
889,38217635100,1272590509500,1572590509500,-1234372874400,1534372874400,-500
890,38373483000,1272765815400,1572765815400,-1234392332400,1534392332400,-1400
891,38393856100,1272941421000,1572941421000,-1234547564900,1534547564900,-1000
892,38550047900,1272966808200,1572966808200,-1234416760300,1534416760300,-1200
893,46877770900,1273054532600,1573054532600,-1226176761700,1526176761700,-1600
894,47540872700,1273079725100,1573079725100,-1225538852400,1525538852400,-1100
895,170852987300,1271365938100,1571365938100,-1100512950800,1400512950800,-1100
896,171249141300,1271391259500,1571391259500,-1100142118200,1400142118200,-1500
897,171312316000,1271824021100,1571824021100,-1100511705100,1400511705100,-2100
898,34448259300,1271321121500,1571321121500,-1236872862200,1536872862200,-1500
899,34604040900,1271544014900,1571544014900,-1236939974000,1536939974000,-1900
900,34672219300,1271753660700,1571753660700,-1237081441400,1537081441400,-1700
901,34827821400,1271766827300,1571766827300,-1236939005900,1536939005900,-1300
902,34896424000,1271976735500,1571976735500,-1237080311500,1537080311500,-2500
903,35052038800,1271990028100,1571990028100,-1236937989300,1536937989300,-2100
904,1112329008500,1272043810600,1572043810600,-159714802100,459714802100,-2600
905,1112693358200,1272057017200,1572057017200,-159363659000,459363659000,-1200
906,1115027681700,1274376698600,1574376698600,-159349016900,459349016900,-2600
907,32113493600,1273963013900,1573963013900,-1241849520300,1541849520300,-900
908,32202902100,1274156685800,1574156685800,-1241953783700,1541953783700,-800
909,32308300900,1274350442200,1574350442200,-1242042141300,1542042141300,-200
910,32397540900,1274544358900,1574544358900,-1242146818000,1542146818000,-900
911,1118083586200,1274084155800,1574084155800,-156000569600,456000569600,-800
912,1118365547200,1274365052900,1574365052900,-155999505700,455999505700,-900
913,1118648190900,1274646437100,1574646437100,-155998246200,455998246200,-1100
914,22315057600,1274629975500,1574629975500,-1252314917900,1552314917900,-1500
915,22510148500,1274835964600,1574835964600,-1252325816100,1552325816100,-1600
916,21486688800,1274446651000,1574446651000,-1252959962200,1552959962200,-1000
917,21681677000,1274678789900,1574678789900,-1252997112900,1552997112900,-900
918,34883555300,1274687816900,1574687816900,-1239804261600,1539804261600,-1900
919,35039170200,1274863229500,1574863229500,-1239824059300,1539824059300,-1500
920,35125032400,1274928494200,1574928494200,-1239803461800,1539803461800,-2200
921,35280906300,1275103870300,1575103870300,-1239822964000,1539822964000,-1300
922,62100258100,1274936533500,1574936533500,-1212836275400,1512836275400,-2500
923,26570290600,1274463594800,1574463594800,-1247893304200,1547893304200,-800
924,26725168700,1274497059100,1574497059100,-1247771890400,1547771890400,-2100
925,26793958700,1274686315000,1574686315000,-1247892356300,1547892356300,-2000
926,70768017300,1273884159800,1573884159800,-1203116142500,1503116142500,-2800
927,71160932900,1274049740600,1574049740600,-1202888807700,1502888807700,-2600
928,71301073400,1274073045100,1574073045100,-1202771971700,1502771971700,-2100
929,1459121175700,1274215535000,1574215535000,184905640700,115094359300,-3000
930,1459544575100,1274238551400,1574238551400,185306023700,114693976300,-1400
931,1459967854100,1274637334500,1574637334500,185330519600,114669480400,-2500
932,1460391196600,1274660328800,1574660328800,185730867800,114269132200,-1800
933,35567414500,1274695470600,1574695470600,-1239128056100,1539128056100,-3600
934,35724523300,1274718356300,1574718356300,-1238993833000,1538993833000,-1300
935,35737941300,1274865092700,1574865092700,-1239127151400,1539127151400,-3700
936,35895343500,1274888070100,1574888070100,-1238992726600,1538992726600,-1100
937,35908353400,1275034667100,1575034667100,-1239126313700,1539126313700,-4100
938,36065824500,1275057748000,1575057748000,-1238991923500,1538991923500,-1000
939,19904631000,1275097601800,1575097601800,-1255192970800,1555192970800,-3800
940,20099469100,1275120567800,1575120567800,-1255021098700,1555021098700,-800
941,1336843235600,1275279501600,1575279501600,61563734000,238436266000,-3600
942,1337302078600,1275302685100,1575302685100,61999393500,238000606500,-100
943,1337760948500,1275737288500,1575737288500,62023660000,237976340000,-3500
944,1459433877100,1274866955400,1574866955400,184566921700,115433078300,-400
945,1474875033600,1275301652400,1575301652400,199573381200,100426618800,-3400
946,1477200161200,1290306860000,1590306860000,186893301200,113106698800,0
947,1490316473000,1290741500300,1590741500300,199574972700,100425027300,-3300
948,1492640973100,1305746739400,1605746739400,186894233700,113105766300,-400
949,1505758490300,1306181484400,1606181484400,199577005900,100422994100,-3400
950,1508082463700,1321186718500,1621186718500,186895745200,113104254800,-500
951,234351506500,1321279880900,1621279880900,-1086928374400,1386928374400,-2900
952,234599069300,1325125431400,1625125431400,-1090526362100,1390526362100,-2400
953,238198552400,1328970861000,1628970861000,-1090772308600,1390772308600,-3000
954,1520167931100,1332126455000,1632126455000,188041476100,111958523900,-3000
955,1520664384800,1332621251100,1632621251100,188043133700,111956866300,-2100
956,1521159546600,1333115666600,1633115666600,188043880000,111956120000,-2600
957,1521655248300,1333610157000,1633610157000,188045091300,111954908700,-3000
958,1522150862700,1334104687100,1634104687100,188046175600,111953824400,-2100
959,1522491049600,1334599317900,1634599317900,187891731700,112108268300,-2900
960,1284138932100,1334893124000,1634893124000,-50754191900,350754191900,-2000
961,1286607460400,1335394018400,1635394018400,-48786558000,348786558000,-400
962,1289075059000,1337360014000,1637360014000,-48284955000,348284955000,-2000
963,1311033661500,1337814319900,1637814319900,-26780658400,326780658400,100
964,1311550875500,1339780542700,1639780542700,-28229667200,328229667200,-1700
965,1313659629700,1340439419700,1640439419700,-26779790000,326779790000,300
966,1314851526700,1342233087400,1642233087400,-27381560700,327381560700,-1400
967,1318574612600,1342891779400,1642891779400,-24317166800,324317166800,-400
968,1318619366700,1344243512200,1644243512200,-25624145500,325624145500,-1200
969,1320586185600,1344902418200,1644902418200,-24316232600,324316232600,-200
970,1320631274000,1345964741300,1645964741300,-25333467300,325333467300,-300
971,1324995270600,1346254327500,1646254327500,-21259056900,321259056900,-1500
972,1302816668700,1346634237300,1646634237300,-43817568600,343817568600,-300
973,1303022250800,1346923743900,1646923743900,-43901493100,343901493100,-1900
974,1304751630000,1348568320600,1648568320600,-43816690600,343816690600,-600
975,1305675918100,1348527548500,1648527548500,-42851630400,342851630400,-1500
976,1306356910800,1350172013900,1650172013900,-43815103100,343815103100,100
977,1307801850800,1350652713700,1650652713700,-42850862900,342850862900,-1700
978,1308456916000,1352068471000,1652068471000,-43611555000,343611555000,0
979,1309182791300,1352549117200,1652549117200,-43366325900,343366325900,-2200
980,1309699353100,1352793274800,1652793274800,-43093921700,343093921700,200
981,1289794225900,1352696846800,1652696846800,-62902620900,362902620900,-1800
982,1289986492700,1352887611700,1652887611700,-62901119000,362901119000,-1700
983,1290178874700,1352941316300,1652941316300,-62762441600,362762441600,-300
984,1290371139100,1353078639100,1653078639100,-62707500000,362707500000,-1100
985,1290563021100,1353132167000,1653132167000,-62569145900,362569145900,-1000
986,1290754762900,1353269729900,1653269729900,-62514967000,362514967000,-1900
987,250167051400,1353117678500,1653117678500,-1102950627100,1402950627100,-500
988,250346065400,1353254930900,1653254930900,-1102908865500,1402908865500,-1900
989,250417865900,1353295581400,1653295581400,-1102877715500,1402877715500,-1400
990,27471961500,1351822757700,1651822757700,-1324350796200,1624350796200,-1700
991,27627995100,1351863444800,1651863444800,-1324235449700,1624235449700,-800
992,27669120800,1352018936000,1652018936000,-1324349815200,1624349815200,-2000
993,27866454300,1352059992700,1652059992700,-1324193538400,1624193538400,-1700
994,28043874600,1352215428000,1652215428000,-1324171553400,1624171553400,-1000
995,28063909900,1352256556800,1652256556800,-1324192646900,1624192646900,-1800
996,15392012400,1352289794400,1652289794400,-1336897782000,1636897782000,-1400
997,15417521600,1352330741600,1652330741600,-1336913220000,1636913220000,-2600
998,15572749900,1352469412100,1652469412100,-1336896662200,1636896662200,-1100
999,59565489600,1352040120500,1652040120500,-1292474630900,1592474630900,-2500
1000,59680260600,1352178575200,1652178575200,-1292498314600,1592498314600,-1200
1001,60776564200,1352311672500,1652311672500,-1291535108300,1591535108300,-1500
1002,60892898900,1352450511700,1652450511700,-1291557612800,1591557612800,-700
1003,61049074700,1352583276600,1652583276600,-1291534201900,1591534201900,-2600
1004,61165513000,1352722087600,1652722087600,-1291556574600,1591556574600,-600
1005,61321676000,1352854923000,1652854923000,-1291533247000,1591533247000,-3000
1006,246205659900,1352776449900,1652776449900,-1106570790000,1406570790000,-900
1007,1561235383000,1352877012300,1652877012300,208358370700,91641629300,-2300
1008,1561574814400,1353172247300,1653172247300,208402567100,91597432900,-1300
1009,1564776902700,1356417012300,1656417012300,208359890400,91640109600,-2300
1010,1565116326000,1356712326200,1656712326200,208403999800,91596000200,-200
1011,1568318872300,1359957420800,1659957420800,208361451500,91638548500,-1800
1012,56498856500,1359008682800,1659008682800,-1302509826300,1602509826300,-800
1013,56586932700,1359237786200,1659237786200,-1302650853500,1602650853500,-200
1014,56728922300,1359467610800,1659467610800,-1302738688500,1602738688500,-800
1015,26880531500,1358399030700,1658399030700,-1331518499200,1631518499200,-700
1016,27038176900,1358617721500,1658617721500,-1331579544600,1631579544600,500
1017,27100058200,1358836821400,1658836821400,-1331736763200,1631736763200,600
1018,1565925641600,1358865472300,1658865472300,207060169300,92939830700,-300
1019,1566346759800,1359285079200,1659285079200,207061680600,92938319400,-200
1020,1566767536600,1359704557000,1659704557000,207062979600,92937020400,0
1021,50222308100,1359765095500,1659765095500,-1309542787400,1609542787400,-500
1022,50274686700,1359993574300,1659993574300,-1309718887600,1609718887600,-300
1023,50451848400,1360222360600,1660222360600,-1309770512200,1609770512200,-600
1024,1291582795700,1360185066600,1660185066600,-68602270900,368602270900,-1600
1025,1291847542300,1360229164300,1660229164300,-68381622000,368381622000,-300
1026,1292112065700,1360448659700,1660448659700,-68336594000,368336594000,-1700
1027,1292376774200,1360492881700,1660492881700,-68116107500,368116107500,-1700
1028,1292641024800,1360712095300,1660712095300,-68071070500,368071070500,-1300
1029,1292905475300,1360756215100,1660756215100,-67850739800,367850739800,-1100
1030,1293170325300,1360975643800,1660975643800,-67805318500,367805318500,-800
1031,1566422458000,1360833990700,1660833990700,205588467300,94411532700,-700
1032,1567442875800,1361053196700,1661053196700,206389679100,93610320900,-1700
1033,1568362315300,1361852959900,1661852959900,206509355400,93490644600,100
1034,1568463147200,1362072269400,1662072269400,206390877800,93609122200,-1400
1035,1569382794000,1362871942700,1662871942700,206510851300,93489148700,-700
1036,11520435900,1363029402900,1663029402900,-1351508967000,1651508967000,-1900
1037,11675504900,1363255430900,1663255430900,-1351579926000,1651579926000,-1900
1038,240502031000,1363085393400,1663085393400,-1122583362400,1422583362400,-1400
1039,240513933600,1363432910100,1663432910100,-1122918976500,1422918976500,-100
1040,240916018600,1363498172800,1663498172800,-1122582154200,1422582154200,-1800
1041,240927842500,1363845990100,1663845990100,-1122918147600,1422918147600,-1100
1042,241329896900,1363910924900,1663910924900,-1122581028000,1422581028000,-1900
1043,241341387400,1364258566300,1664258566300,-1122917178900,1422917178900,-1300
1044,59150657200,1364169528000,1664169528000,-1305018870800,1605018870800,-2000
1045,59197142000,1364517362500,1664517362500,-1305320220500,1605320220500,-500
1046,59590183800,1364607775500,1664607775500,-1305017591700,1605017591700,-2500
1047,1568512425600,1364597226500,1664597226500,203915199100,96084800900,-500
1048,1569204213100,1364687582700,1664687582700,204516630400,95483369600,-2700
1049,1569431813500,1365287578200,1665287578200,204144235300,95855764700,-1200
1050,1569895899200,1365377860300,1665377860300,204518038900,95481961100,-2300
1051,1570123406800,1365977909100,1665977909100,204145497700,95854502300,-1100
1052,14758784600,1365756433400,1665756433400,-1350997648800,1650997648800,-2400
1053,14827191600,1365950514000,1665950514000,-1351123322400,1651123322400,-3000
1054,11825247800,1365516045500,1665516045500,-1353690797700,1653690797700,-2500
1055,1569503893100,1365576500400,1665576500400,203927392700,96072607300,-3400
1056,1569740243100,1365584662500,1665584662500,204155580600,95844419400,-1500
1057,1613002095800,1409073248300,1709073248300,203928847500,96071152500,-3300
1058,1613238130500,1409081196500,1709081196500,204156934000,95843066000,-1500
1059,1656500343100,1452569929600,1752569929600,203930413500,96069586500,-3600
1060,1656394405300,1452236045500,1752236045500,204158359800,95841640200,-1500
1061,1657131235000,1452971468700,1752971468700,204159766300,95840233700,-2700
1062,1657868451600,1453707226200,1753707226200,204161225400,95838774600,-2200
1063,1658605909400,1454443254900,1754443254900,204162654500,95837345500,-1900
1064,1659343479300,1455179438500,1755179438500,204164040800,95835959200,-1500
1065,1659907952800,1455742521900,1755742521900,204165430900,95834569100,-2900
1066,1660124820500,1455957968900,1755957968900,204166851600,95833148400,-2900
1067,1660341510900,1456173522200,1756173522200,204167988700,95832011300,-3200
1068,1660558104800,1456388958600,1756388958600,204169146200,95830853800,-2600
1069,1660774916000,1456604560200,1756604560200,204170355800,95829644200,-2200
1070,222244215800,1456742785600,1756742785600,-1234498569800,1534498569800,-1600
1071,222453696500,1457195174300,1757195174300,-1234741477800,1534741477800,-2300
1072,222701239000,1457647624000,1757647624000,-1234946385000,1534946385000,-2000
1073,1092764766100,1457707213500,1757707213500,-364942447400,664942447400,-1500
1074,1092928512500,1457931025800,1757931025800,-365002513300,665002513300,-1800
1075,1092989484800,1458154355100,1758154355100,-365164870300,665164870300,-1100
1076,1093152810900,1458377930400,1758377930400,-365225119500,665225119500,-2400
1077,1093214440200,1458601400600,1758601400600,-365386960400,665386960400,-1600
1078,1093377607800,1458824974300,1758824974300,-365447366500,665447366500,-1300
1079,1093439021600,1459048413700,1759048413700,-365609392100,665609392100,-1700
1080,31413000200,1459161262000,1759161262000,-1427748261800,1727748261800,-2000
1081,31545152800,1459372644000,1759372644000,-1427827491200,1727827491200,-1000
1082,31625360200,1459584309200,1759584309200,-1427958949000,1727958949000,-1200
1083,31757820100,1459795765200,1759795765200,-1428037945100,1728037945100,-1200
1084,13393853500,1459852549800,1759852549800,-1446458696300,1746458696300,-800
1085,13522322900,1460019648300,1760019648300,-1446497325400,1746497325400,-300
1086,13561810400,1460187239500,1760187239500,-1446625429100,1746625429100,-500
1087,13690926200,1460354807200,1760354807200,-1446663881000,1746663881000,-1200
1088,13730372400,1460521980800,1760521980800,-1446791608400,1746791608400,-800
1089,13858918600,1460689401600,1760689401600,-1446830483000,1746830483000,-600
1090,20060327300,1460322781400,1760322781400,-1440262454100,1740262454100,-400
1091,20079960300,1460568958800,1760568958800,-1440488998500,1740488998500,200
1092,20307691700,1460814776500,1760814776500,-1440507084800,1740507084800,500
1093,20326610600,1461060725600,1761060725600,-1440734115000,1740734115000,400
1094,20554758800,1461306980300,1761306980300,-1440752221500,1740752221500,700
1095,1659391529400,1461223709500,1761223709500,198167819900,101832180100,500
1096,1678361534200,1480192326900,1780192326900,198169207300,101830792700,100
1097,1697331253600,1493951434800,1793951434800,203379818800,96620181200,-3800
1098,1697883254900,1499160673400,1799160673400,198722581500,101277418500,-400
1099,1716301612100,1512920322800,1812920322800,203381289300,96618710700,-3800
1100,1326739970600,1517535376800,1817535376800,-190795406200,490795406200,200
1101,1326742620200,1531294912200,1831294912200,-204552292000,504552292000,-3200
1102,1509776117600,1560730152200,1860730152200,-50954034600,350954034600,800
1103,1510115615800,1574489634300,1874489634300,-64374018500,364374018500,-3300
1104,1716259444700,1603925075500,1903925075500,112334369200,187665630800,500
1105,12548050500,1616324419600,1916324419600,-1603776369100,1903776369100,-3600
1106,12637252700,1616501388000,1916501388000,-1603864135300,1903864135300,-3000
1107,12725902200,1616678651400,1916678651400,-1603952749200,1903952749200,-2400
1108,12815471600,1616855473900,1916855473900,-1604040002300,1904040002300,-2900
1109,12903712500,1617032662000,1917032662000,-1604128949500,1904128949500,-2000
1110,1279690906900,1616959193300,1916959193300,-337268286400,637268286400,-2300
1111,1280081511700,1617348901900,1917348901900,-337267390200,637267390200,-2900
1112,1280472730200,1617738905200,1917738905200,-337266175000,637266175000,-2200
1113,25147746100,1616988987600,1916988987600,-1591841241500,1891841241500,-2600
1114,25233606200,1617167989400,1917167989400,-1591934383200,1891934383200,-2400
1115,25327605300,1617347010100,1917347010100,-1592019404800,1892019404800,-1100
1116,1749575960600,1617195012500,1917195012500,132380948100,167619051900,-1500
1117,1750043933500,1617662223500,1917662223500,132381710000,167618290000,-2500
1118,1750512659500,1618129675100,1918129675100,132382984400,167617015600,-3100
1119,1750981456900,1618597120900,1918597120900,132384336000,167615664000,-2900
1120,1751449799000,1619064617500,1919064617500,132385181500,167614818500,-2500
1121,1751918662100,1619532172200,1919532172200,132386489900,167613510100,-2200
1122,24507437600,1619424667900,1919424667900,-1594917230300,1894917230300,-1900
1123,24601314500,1619609501000,1919609501000,-1595008186500,1895008186500,-2000
1124,24693067500,1619794477300,1919794477300,-1595101409800,1895101409800,-1300
1125,39080145200,1619904208400,1919904208400,-1580824063200,1880824063200,-1400
1126,39275343300,1620134779100,1920134779100,-1580859435800,1880859435800,-2100
1127,39311435900,1620365321800,1920365321800,-1581053885900,1881053885900,-1800
1128,39506904200,1620595919000,1920595919000,-1581089014800,1881089014800,-2000
1129,39542833300,1620826569200,1920826569200,-1581283735900,1881283735900,-1200
1130,39738576900,1621057127700,1921057127700,-1581318550800,1881318550800,-700
1131,10715231100,1620708200500,1920708200500,-1609992969400,1909992969400,-1500
1132,10758836100,1620906598000,1920906598000,-1610147761900,1910147761900,-2000
1133,10914663000,1621104811600,1921104811600,-1610190148600,1910190148600,-2600
1134,2404625000,1620974556700,1920974556700,-1618569931700,1918569931700,-2700
1135,2559842000,1621163249200,1921163249200,-1618603407200,1918603407200,-2200
1136,2594172900,1621351718000,1921351718000,-1618757545100,1918757545100,-2000
1137,2749289100,1621540297900,1921540297900,-1618791008800,1918791008800,-1900
1138,34473710300,1621598563100,1921598563100,-1587124852800,1887124852800,-1100
1139,6424753300,1621505078600,1921505078600,-1615080325300,1915080325300,-1600
1140,6493546200,1621701152700,1921701152700,-1615207606500,1915207606500,-700
1141,6621675100,1621897383800,1921897383800,-1615275708700,1915275708700,-1800
1142,6690652300,1622093644900,1922093644900,-1615402992600,1915402992600,-900
1143,6818867300,1622289883300,1922289883300,-1615471016000,1915471016000,-1300
1144,34293765500,1622297808200,1922297808200,-1588004042700,1888004042700,-1200
1145,34445979000,1622522845400,1922522845400,-1588076866400,1888076866400,-400
1146,34519764200,1622747666500,1922747666500,-1588227902300,1888227902300,500
1147,34671761400,1622972723300,1922972723300,-1588300961900,1888300961900,-300
1148,11399267200,1622933073800,1922933073800,-1611533806600,1911533806600,-800
1149,7764808300,1622035024400,1922035024400,-1614270216100,1914270216100,-400
1150,23801042700,1621862907900,1921862907900,-1598061865200,1898061865200,-900
1151,23851970300,1622077606700,1922077606700,-1598225636400,1898225636400,-700
1152,24016611300,1622292385600,1922292385600,-1598275774300,1898275774300,-600
1153,24067895000,1622507292700,1922507292700,-1598439397700,1898439397700,-700
1154,1272902510600,1622612523200,1922612523200,-349710012600,649710012600,-200
1155,1273327065900,1623036395400,1923036395400,-349709329500,649709329500,-400
1156,1273752553800,1623460673900,1923460673900,-349708120100,649708120100,-900
1157,228542862700,1623742305500,1923742305500,-1395199442800,1695199442800,-500
1158,228729823800,1623940701200,1923940701200,-1395210877400,1695210877400,-1200
1159,228742348800,1624139137700,1924139137700,-1395396788900,1695396788900,-1700
1160,1759888258300,1623446458200,1923446458200,136441800100,163558199900,-2200
1161,1760212541600,1623869529400,1923869529400,136343012200,163656987800,-1400
1162,1760312077000,1624292759900,1924292759900,136019317100,163980682900,-1900
1163,1760636761800,1624715724700,1924715724700,135921037100,164078962900,-2700
1164,1760735871000,1625138563500,1925138563500,135597307500,164402692500,-1500
1165,1761060626900,1625561478100,1925561478100,135499148800,164500851200,-2100
1166,221129162200,1625906483300,1925906483300,-1404777321100,1704777321100,-2300
1167,221143044300,1626349749300,1926349749300,-1405206705000,1705206705000,-2300
1168,221573863900,1626793296900,1926793296900,-1405219433000,1705219433000,-2900
1169,221587570300,1627236875100,1927236875100,-1405649304800,1705649304800,-2100
1170,222018593000,1627680396000,1927680396000,-1405661803000,1705661803000,-3000
1171,222032078600,1628124110900,1928124110900,-1406092032300,1706092032300,-2900
1172,1078597040000,1627941268500,1927941268500,-549344228500,849344228500,-2500
1173,1078927144600,1628343174100,1928343174100,-549416029500,849416029500,-2100
1174,1079000338100,1628745016300,1928745016300,-549744678200,849744678200,-2300
1175,1079330117800,1629146687700,1929146687700,-549816569900,849816569900,-1700
1176,1079403328600,1629548520000,1929548520000,-550145191400,850145191400,-2000
1177,1079733066500,1629950376700,1929950376700,-550217310200,850217310200,-2700
1178,141276906400,1629976674000,1929976674000,-1488699767600,1788699767600,-3000
1179,141470937800,1630169272100,1930169272100,-1488698334300,1788698334300,-2100
1180,141665114600,1630362014300,1930362014300,-1488696899700,1788696899700,-2300
1181,141714849200,1630554675000,1930554675000,-1488839825800,1788839825800,-2000
1182,16756105300,1630186073700,1930186073700,-1613429968400,1913429968400,-1700
1183,16910920700,1630389686400,1930389686400,-1613478765700,1913478765700,-2400
1184,16960682600,1630593155200,1930593155200,-1613632472600,1913632472600,-2200
1185,17115304300,1630796919200,1930796919200,-1613681614900,1913681614900,-3200
1186,454912000,1630230874900,1930230874900,-1629775962900,1929775962900,-2900
1187,523127600,1630483458500,1930483458500,-1629960330900,1929960330900,-2500
1188,1270312582300,1629143537300,1929143537300,-358830955000,658830955000,-2300
1189,1270749794600,1629579588700,1929579588700,-358829794100,658829794100,-2700
1190,1271186747000,1630015573800,1930015573800,-358828826800,658828826800,-2800
1191,289753500,1629895974600,1929895974600,-1629606221100,1929606221100,-2600
1192,379544400,1630150311300,1930150311300,-1629770766900,1929770766900,-3300
1193,545098700,1630404841600,1930404841600,-1629859742900,1929859742900,-2600
1194,634957300,1630659587900,1930659587900,-1630024630600,1930024630600,-2900
1195,1746343287200,1630773534000,1930773534000,115569753200,184430246800,-3000
1196,1746597685300,1631224888100,1931224888100,115372797200,184627202800,-3100
1197,1746795697100,1631676568500,1931676568500,115119128600,184880871400,-3500
1198,1747050463200,1632128194200,1932128194200,114922269000,185077731000,-3200
1199,1747248451800,1632579389800,1932579389800,114669062000,185330938000,-2800
1200,1747502860500,1633030721700,1933030721700,114472138800,185527861200,-2700
1201,14629329200,1633466640800,1933466640800,-1618837311600,1918837311600,-2800
1202,14784194500,1633706521400,1933706521400,-1618922326900,1918922326900,-2400
1203,14870059800,1633946316600,1933946316600,-1619076256800,1919076256800,-2600
1204,14676102500,1633291732300,1933291732300,-1618615629800,1918615629800,-2300
1205,14767971100,1633352123500,1933352123500,-1618584152400,1918584152400,500
1206,14897908900,1633512483500,1933512483500,-1618614574600,1918614574600,-2500
1207,14989651800,1633572905000,1933572905000,-1618583253200,1918583253200,1000
1208,15119388600,1633733104600,1933733104600,-1618613716000,1918613716000,-2600
1209,10472200,1633129693900,1933129693900,-1633119221700,1933119221700,1100
1210,175999800,1633291697900,1933291697900,-1633115698100,1933115698100,-2900
1211,219964200,1633338318600,1933338318600,-1633118354400,1933118354400,1400
1212,385949700,1633500591200,1933500591200,-1633114641500,1933114641500,-3200
1213,429489400,1633546824900,1933546824900,-1633117335500,1933117335500,1100
1214,2044974900,1633129381100,1933129381100,-1631084406200,1931084406200,-3100
1215,2079402300,1633175711400,1933175711400,-1631096309100,1931096309100,1600
1216,2234379200,1633317839900,1933317839900,-1631083460700,1931083460700,-2900
1217,2268731500,1633364172900,1933364172900,-1631095441400,1931095441400,1100
1218,2423822000,1633506318600,1933506318600,-1631082496600,1931082496600,-3600
1219,1275937276000,1631601959800,1931601959800,-355664683800,655664683800,1200
1220,1276286651500,1631744075900,1931744075900,-355457424400,655457424400,-3900
1221,1276636320600,1631950440800,1931950440800,-355314120200,655314120200,1200
1222,130441800,1630465159600,1930465159600,-1630334717800,1930334717800,-3600
1223,1824359572600,1628553841300,1928553841300,195805731300,104194268700,700
1224,1824563290000,1628564573500,1928564573500,195998716500,104001283500,-3500
1225,216367296000,1631215352500,1931215352500,-1414848056500,1714848056500,500
1226,216378424200,1631226355000,1931226355000,-1414847930800,1714847930800,-4000
1227,133583344000,1631027817600,1931027817600,-1497444473600,1797444473600,400
1228,133887693000,1631038573800,1931038573800,-1497150880800,1797150880800,-3800
1229,134028245100,1631471387300,1931471387300,-1497443142200,1797443142200,-300
1230,134332110500,1631481724000,1931481724000,-1497149613500,1797149613500,-3000
1231,134472319300,1631914444900,1931914444900,-1497442125600,1797442125600,100
1232,26540706900,1630396752800,1930396752800,-1603856045900,1903856045900,-2800
1233,26682335200,1630634834700,1930634834700,-1603952499500,1903952499500,-2700
1234,8337075000,1630813461100,1930813461100,-1622476386100,1922476386100,-100
1235,8388382200,1630856745100,1930856745100,-1622468362900,1922468362900,-3100
1236,8540898000,1631016143700,1931016143700,-1622475245700,1922475245700,300
1237,8591897300,1631059317700,1931059317700,-1622467420400,1922467420400,-2700
1238,8744610700,1631218866400,1931218866400,-1622474255700,1922474255700,600
1239,16175719200,1630729761300,1930729761300,-1614554042100,1914554042100,-2300
1240,16327520900,1630889292000,1930889292000,-1614561771100,1914561771100,1000
1241,16476962000,1631030057300,1931030057300,-1614553095300,1914553095300,-2300
1242,17624728600,1631189524100,1931189524100,-1613564795500,1913564795500,900
1243,95498900,1631297912900,1931297912900,-1631202414000,1931202414000,-1900
1244,233179700,1631457365000,1931457365000,-1631224185300,1931224185300,1000
1245,349548200,1631550952000,1931550952000,-1631201403800,1931201403800,-2000
1246,487472100,1631710783400,1931710783400,-1631223311300,1931223311300,600
1247,1242495442900,1631792343000,1931792343000,-389296900100,689296900100,-2000
1248,1242902181900,1631952187300,1931952187300,-389050005400,689050005400,700
1249,1243309156800,1632198142500,1932198142500,-388888985700,688888985700,-2500
1250,1243715559800,1632358154000,1932358154000,-388642594200,688642594200,1000
1251,1244122353900,1632603634400,1932603634400,-388481280500,688481280500,-2400
1252,1244528722700,1632764012000,1932764012000,-388235289300,688235289300,1000
1253,167339700,1632584547000,1932584547000,-1632417207300,1932417207300,-2000
1254,305298800,1632745226100,1932745226100,-1632439927300,1932439927300,900
1255,355635000,1632771911900,1932771911900,-1632416276900,1932416276900,-1900
1256,17683624100,1632807788700,1932807788700,-1615124164600,1915124164600,1300
1257,17730434100,1632834644300,1932834644300,-1615104210200,1915104210200,-1300
1258,17904023300,1633027261300,1933027261300,-1615123238000,1915123238000,700
1259,17950871200,1633054150300,1933054150300,-1615103279100,1915103279100,-1300
1260,1745309701300,1633104881900,1933104881900,112204819400,187795180600,1100
1261,1745404173400,1633131728500,1933131728500,112272444900,187727555100,-1500
1262,1745558654400,1633353031400,1933353031400,112205623000,187794377000,600
1263,1745653761500,1633380278100,1933380278100,112273483400,187726516600,-1100
1264,23640400,1632847063400,1932847063400,-1632823423000,1932823423000,600
1265,187034800,1632873924500,1932873924500,-1632686889700,1932686889700,-1500
1266,239776200,1633062252000,1933062252000,-1632822475800,1932822475800,1000
1267,403157800,1633089173600,1933089173600,-1632686015800,1932686015800,-1600
1268,18146716200,1633214090500,1933214090500,-1615067374300,1915067374300,1500
1269,19291096100,1633240815400,1933240815400,-1613949719300,1913949719300,-2400
1270,19490931700,1633412301200,1933412301200,-1613921369500,1913921369500,800
1271,19543683300,1633439317500,1933439317500,-1613895634200,1913895634200,-2500
1272,17767900,1633236218300,1933236218300,-1633218450400,1933218450400,700
1273,180997300,1633262959100,1933262959100,-1633081961800,1933081961800,-2100
1274,128768600,1632774368500,1932774368500,-1632645599900,1932645599900,500
1275,1744417868600,1632249180600,1932249180600,112168688000,187831312000,-2600
1276,1744567850300,1632425850400,1932425850400,112141999900,187858000100,600
1277,1707572345300,1631784665700,1931784665700,75787679600,224212320400,-2700
1278,1137544554700,1630505781900,1930505781900,-492961227200,792961227200,1100
1279,1137584663100,1630518092700,1930518092700,-492933429600,792933429600,-2700
1280,1143384933600,1630709226300,1930709226300,-487324292700,787324292700,700
1281,1143589394500,1630721594200,1930721594200,-487132199700,787132199700,-2200
1282,195407954600,1630723499200,1930723499200,-1435315544600,1735315544600,-200
1283,195875857200,1630736268900,1930736268900,-1434860411700,1734860411700,-1900
1284,196344199500,1631190172400,1931190172400,-1434845972900,1734845972900,-400
1285,196812260900,1631203103500,1931203103500,-1434390842600,1734390842600,-2500
1286,1704961568600,1630500694400,1930500694400,74460874200,225539125800,-400
1287,1705357305900,1630513698600,1930513698600,74843607300,225156392700,-1600
1288,1705752856800,1630895121600,1930895121600,74857735200,225142264800,-600
1289,1706148513300,1630907798200,1930907798200,75240715100,224759284900,-2200
1290,1706544490900,1631289256100,1931289256100,75255234800,224744765200,-100
1291,1706940170400,1631302164100,1931302164100,75638006300,224361993700,-2100
1292,102468200,1631172412900,1931172412900,-1631069944700,1931069944700,100
1293,153379900,1631185573300,1931185573300,-1631032193400,1931032193400,-1300
1294,284788800,1631353720200,1931353720200,-1631068931400,1931068931400,-200
1295,335871200,1631367173200,1931367173200,-1631031302000,1931031302000,-2200
1296,344202700,1630953785100,1930953785100,-1630609582400,1930609582400,-1100
1297,501540400,1630967334100,1930967334100,-1630465793700,1930465793700,-1100
1298,583635100,1631192185600,1931192185600,-1630608550500,1930608550500,-600
1299,22065855200,1631002231500,1931002231500,-1608936376300,1908936376300,-1500
1300,22122288000,1631227110500,1931227110500,-1609104822500,1909104822500,-500
1301,22871962700,1631245389200,1931245389200,-1608373426500,1908373426500,-2200
1302,1738414322400,1631052662600,1931052662600,107361659800,192638340200,-600
1303,1738508970300,1631071248500,1931071248500,107437721800,192562278200,-1500
1304,1738659575700,1631297160500,1931297160500,107362415200,192637584800,-500
1305,1738754230300,1631315652800,1931315652800,107438577500,192561422500,-1800
1306,1738904783400,1631541516400,1931541516400,107363267000,192636733000,-1400
1307,16922539300,1631449330300,1931449330300,-1614526791000,1914526791000,-1300
1308,471615100,1630704436000,1930704436000,-1630232820900,1930232820900,-2000
1309,552320400,1630743287100,1930743287100,-1630190966700,1930190966700,-1100
1310,688806700,1630920729200,1930920729200,-1630231922500,1930231922500,-2200
1311,769274300,1630959443700,1930959443700,-1630190169400,1930190169400,-700
1312,22826306400,1630945259400,1930945259400,-1608118953000,1908118953000,-1400
1313,22898059800,1630973928300,1930973928300,-1608075868500,1908075868500,-300
1314,23259851500,1631377814500,1931377814500,-1608117963000,1908117963000,-2500
1315,6502000,1630400504700,1930400504700,-1630394002700,1930394002700,-700
1316,163783200,1630586727400,1930586727400,-1630422944200,1930422944200,-400
1317,1731600526500,1629890190000,1929890190000,101710336500,198289663500,-1000
1318,1731702222100,1629921742100,1929921742100,101780480000,198219520000,-2100
1319,1732026961600,1630315639500,1930315639500,101711322100,198288677900,-1500
1320,1732128832900,1630347386100,1930347386100,101781446800,198218553200,-2100
1321,1732453200400,1630740904200,1930740904200,101712296200,198287703800,-2200
1322,1737178632700,1630660907400,1930660907400,106517725300,193482274700,-2400
1323,1737380433400,1630892598200,1930892598200,106487835200,193512164800,-2200
1324,1737410954900,1631054186600,1931054186600,106356768300,193643231700,-1600
1325,1737612900800,1631124145900,1931124145900,106488754900,193511245100,-1900
1326,750700,1630409983300,1930409983300,-1630409232600,1930409232600,-1300
1327,146722400,1630480040100,1930480040100,-1630333317700,1930333317700,-2100
1328,190249135200,1630620974500,1930620974500,-1440371839300,1740371839300,-1500
1329,190677828900,1630691214900,1930691214900,-1440013386000,1740013386000,-1900
1330,191105933400,1631048211000,1931048211000,-1439942277600,1739942277600,-1000
1331,191533938500,1631118138200,1931118138200,-1439584199700,1739584199700,-2200
1332,191962351000,1631474991400,1931474991400,-1439512640400,1739512640400,-1400
1333,191976367700,1631545373300,1931545373300,-1439569005600,1739569005600,-2300
1334,117049263200,1631885774800,1931885774800,-1514836511600,1814836511600,-800
1335,117185442300,1631956285200,1931956285200,-1514770842900,1814770842900,-1200
1336,117512593900,1632347951400,1932347951400,-1514835357500,1814835357500,-400
1337,1719078206400,1632103804900,1932103804900,86974401500,213025598500,-900
1338,1719266493200,1632291131400,1932291131400,86975361800,213024638200,-1400
1339,1719454933800,1632478541100,1932478541100,86976392700,213023607300,-1100
1340,1719643348600,1632495374600,1932495374600,87147974000,212852026000,-600
1341,1719831911000,1632665796200,1932665796200,87166114800,212833885200,-1200
1342,47719800,1630957196900,1930957196900,-1630909477100,1930909477100,100
1343,77787700,1631127533500,1931127533500,-1631049745800,1931049745800,-1500
1344,254721000,1631163164600,1931163164600,-1630908443600,1930908443600,-600
1345,284641900,1631333593100,1931333593100,-1631048951200,1931048951200,-1100
1346,1731469521300,1631053025500,1931053025500,100416495800,199583504200,-500
1347,1731564155900,1631223502700,1931223502700,100340653200,199659346800,-700
1348,1731674613300,1631257416900,1931257416900,100417196400,199582803600,100
1349,1731769634000,1631428308600,1931428308600,100341325400,199658674600,-1600
1350,1816517726700,1631334969200,1931334969200,185182757500,114817242500,800
1351,801800,1631458529400,1931458529400,-1631457727600,1931457727600,-1400
1352,1058192686900,1630554309000,1930554309000,-572361622100,872361622100,-1000
1353,1058553075200,1630913241300,1930913241300,-572360166100,872360166100,-2300
1354,1058913575700,1631272689600,1931272689600,-572359113900,872359113900,-2600
1355,1059274139700,1631632195900,1931632195900,-572358056200,872358056200,-1900
1356,1059634914000,1631991608300,1931991608300,-572356694300,872356694300,-1300
1357,39331400,1632101735500,1932101735500,-1632062404100,1932062404100,-2500
1358,177276500,1632293080800,1932293080800,-1632115804300,1932115804300,-1800
1359,231604400,1632495377700,1932495377700,-1632263773300,1932263773300,-2700
1360,380576500,1632697684700,1932697684700,-1632317108200,1932317108200,-2700
1361,434851800,1632899607300,1932899607300,-1632464755500,1932464755500,-2300
1362,116336469700,1632907167800,1932907167800,-1516570698100,1816570698100,-1800
1363,116477483600,1633324336900,1933324336900,-1516846853300,1816846853300,-1900
1364,116755190500,1633741534500,1933741534500,-1516986344000,1816986344000,-2500
1365,116896112300,1634158997700,1934158997700,-1517262885400,1817262885400,-1700
1366,117174273300,1634277994800,1934277994800,-1517103721500,1817103721500,1200
1367,117314500600,1634576208300,1934576208300,-1517261707700,1817261707700,-2300
1368,117592493600,1634695013800,1934695013800,-1517102520200,1817102520200,200
1369,1063598864300,1634945263800,1934945263800,-571346399500,871346399500,-1800
1370,1063929780900,1635064099500,1935064099500,-571134318600,871134318600,500
1371,1064032143800,1635377475200,1935377475200,-571345331400,871345331400,-1200
1372,1064363157400,1635496414500,1935496414500,-571133257100,871133257100,1500
1373,1064919920400,1635809882700,1935809882700,-570889962300,870889962300,-700
1374,1065023266500,1635928932700,1935928932700,-570905666200,870905666200,1300
1375,1227916103800,1636022452100,1936022452100,-408106348300,708106348300,-1100
1376,1228362325400,1636141706900,1936141706900,-407779381500,707779381500,1100
1377,1228808458400,1636467703800,1936467703800,-407659245400,707659245400,-1800
1378,1229260794200,1636586858200,1936586858200,-407326064000,707326064000,1800
1379,1229706614000,1636912705300,1936912705300,-407206091300,707206091300,-1300
1380,1230152373500,1637031861100,1937031861100,-406879487600,706879487600,1900
1381,88859000,1637325754400,1937325754400,-1637236895400,1937236895400,-1400
1382,143431200,1637445120500,1937445120500,-1637301689300,1937301689300,1500
1383,74258400,1637310101300,1937310101300,-1637235842900,1937235842900,-1300
1384,128732000,1637429361900,1937429361900,-1637300629900,1937300629900,2100
1385,1123696886100,1636446833400,1936446833400,-512749947300,812749947300,-1400
1386,1124154677200,1636566391500,1936566391500,-512411714300,812411714300,1500
1387,1124194969800,1636903711400,1936903711400,-512708741600,812708741600,-1400
1388,1696426153600,1636723674400,1936723674400,59702479200,240297520800,1600
1389,1697850260300,1637060648400,1937060648400,60789611900,239210388100,-1400
1390,1699273382800,1638146437700,1938146437700,61126945100,238873054900,1300
1391,1700697104100,1638483076300,1938483076300,62214027800,237785972200,-2300
1392,1702121398200,1639569313800,1939569313800,62552084400,237447915600,2200
1393,1718039374700,1639905922900,1939905922900,78133451800,221866548200,-1900
1394,1718226476400,1640092111300,1940092111300,78134365100,221865634900,-2300
1395,1718293461400,1640278165600,1940278165600,78015295800,221984704200,-1600
1396,1718413500500,1640464734400,1940464734400,77948766100,222051233900,-1400
1397,1718480510000,1640651126400,1940651126400,77829383600,222170616400,-1400
1398,1059002664500,1640301563800,1940301563800,-581298899300,881298899300,-1800
1399,1059395192600,1640455700700,1940455700700,-581060508100,881060508100,2300
1400,1059788098700,1640692896200,1940692896200,-580904797500,880904797500,-2200
1401,1061131809700,1640847503600,1940847503600,-579715693900,879715693900,2400
1402,37922900,1640475163800,1940475163800,-1640437240900,1940437240900,-1800
1403,40904300,1640629930700,1940629930700,-1640589026400,1940589026400,2300
1404,277859000,1640713912100,1940713912100,-1640436053100,1940436053100,-1100
1405,280638300,1640868894800,1940868894800,-1640588256500,1940588256500,3200
1406,60242700,1640495398100,1940495398100,-1640435155400,1940435155400,-1100
1407,62894900,1640650157400,1940650157400,-1640587262500,1940587262500,2600
1408,525702700,1640749732000,1940749732000,-1640224029300,1940224029300,-1000
1409,1727568201300,1640809109700,1940809109700,86759091600,213240908400,2300
1410,1727718071500,1640908795600,1940908795600,86809275900,213190724100,-1600
1411,1727774855300,1641015126900,1941015126900,86759728400,213240271600,2100
1412,1727924304800,1641114401300,1941114401300,86809903500,213190096500,-1300
1413,52918600,1641053815300,1941053815300,-1641000896700,1941000896700,2700
1414,55802100,1641153325800,1941153325800,-1641097523700,1941097523700,-1800
1415,1239128277100,1640236736100,1940236736100,-401108459000,701108459000,1900
1416,1239546697100,1640335963900,1940335963900,-400789266800,700789266800,-900
1417,1239965036200,1640654210500,1940654210500,-400689174300,700689174300,2500
1418,1240383899400,1640753495300,1940753495300,-400369595900,700369595900,-1300
1419,1240802417900,1641071929000,1941071929000,-400269511100,700269511100,2000
1420,113098600,1639997790900,1939997790900,-1639884692300,1939884692300,-900
1421,145470100,1640199307700,1940199307700,-1640053837600,1940053837600,-700
1422,315471400,1640315763600,1940315763600,-1640000292200,1940000292200,1400
1423,348201000,1640401181600,1940401181600,-1640052980600,1940052980600,-600
1424,518295700,1640517653600,1940517653600,-1639999357900,1939999357900,1400
1425,250891900,1640303027400,1940303027400,-1640052135500,1940052135500,-400
1426,421626800,1640419835700,1940419835700,-1639998208900,1939998208900,2300
1427,438962100,1640490234400,1940490234400,-1640051272300,1940051272300,-1400
1428,609505100,1640606865800,1940606865800,-1639997360700,1939997360700,2200
1429,217315100,1639790876400,1939790876400,-1639573561300,1939573561300,-400
1430,386899700,1639906910200,1939906910200,-1639520010500,1939520010500,2800
1431,486074700,1640058745100,1940058745100,-1639572670400,1939572670400,-1100
1432,1824052932300,1640126950500,1940126950500,183925981800,116074018200,2500
1433,1826701373900,1640278707000,1940278707000,186422666900,113577333100,-1000
1434,115994031300,1645442887800,1945442887800,-1529448856500,1829448856500,2200
1435,116108482900,1645594354800,1945594354800,-1529485871900,1829485871900,-800
1436,116318980200,1645766670700,1945766670700,-1529447690500,1829447690500,2300
1437,45840900,1643776971000,1943776971000,-1643731130100,1943731130100,-1000
1438,187757000,1643949171400,1943949171400,-1643761414400,1943761414400,2600
1439,251644500,1643981792900,1943981792900,-1643730148400,1943730148400,-900
1440,393427500,1644153974700,1944153974700,-1643760547200,1943760547200,3300
1441,457190900,1644186482200,1944186482200,-1643729291300,1943729291300,-200
1442,599163900,1644358853500,1944358853500,-1643759689600,1943759689600,2500
1443,112351919800,1643617286400,1943617286400,-1531265366600,1831265366600,-400
1444,112657846000,1643789241100,1943789241100,-1531131395100,1831131395100,2900
1445,112772303300,1644036171300,1944036171300,-1531263868000,1831263868000,-300
1446,128553400,1644034060300,1944034060300,-1643905506900,1943905506900,2700
1447,243614600,1644267388900,1944267388900,-1644023774300,1944023774300,3100
1448,362696600,1644280814500,1944280814500,-1643918117900,1943918117900,500
1449,55836200,1644077774500,1944077774500,-1644021938300,1944021938300,3500
1450,175024900,1644091223000,1944091223000,-1643916198100,1943916198100,0
1451,290275400,1644311349900,1944311349900,-1644021074500,1944021074500,3100
1452,409246300,1644324605900,1944324605900,-1643915359600,1943915359600,100
1453,525102600,1644545104200,1944545104200,-1644020001600,1944020001600,2800
1454,176635145400,1643915182600,1943915182600,-1467280037200,1767280037200,-600
1455,176649004300,1644135826400,1944135826400,-1467486822100,1767486822100,3600
1456,18384700,1643580140000,1943580140000,-1643561755300,1943561755300,0
1457,85596300,1643800842900,1943800842900,-1643715246600,1943715246600,3100
1458,250806200,1643811637100,1943811637100,-1643560830900,1943560830900,900
1459,1119090573600,1643103490600,1943103490600,-524012917000,824012917000,2400
1460,1119319233500,1643114585100,1943114585100,-523795351600,823795351600,-100
1461,120794200,1643204924100,1943204924100,-1643084129900,1943084129900,2900
1462,176733100,1643215780700,1943215780700,-1643039047600,1943039047600,-700
1463,373835100,1643456983800,1943456983800,-1643083148700,1943083148700,2200
1464,429851000,1643467984900,1943467984900,-1643038133900,1943038133900,-900
1465,627034100,1643709235000,1943709235000,-1643082200900,1943082200900,3000
1466,1021032630700,1642582022700,1942582022700,-621549392000,921549392000,-700
1467,1021480650700,1642823162200,1942823162200,-621342511500,921342511500,2800
1468,1021928840900,1643028581800,1943028581800,-621099740900,921099740900,-800
1469,140371100,1643015490100,1943015490100,-1642875119000,1942875119000,2900
1470,323533300,1643197668200,1943197668200,-1642874134900,1942874134900,2800
1471,1032732871200,1642796510200,1942796510200,-610063639000,910063639000,-1200
1472,1032915025200,1642955460600,1942955460600,-610040435400,910040435400,3400
1473,1033062299000,1642977510700,1942977510700,-609915211700,909915211700,-1700
1474,1033097498100,1643136816200,1943136816200,-610039318100,910039318100,2800
1475,1704876759500,1642850495500,1942850495500,62026264000,237973736000,-1500
1476,1704943418600,1643010247600,1943010247600,61933171000,238066829000,3400
1477,1705058894600,1643031752800,1943031752800,62027141800,237972858200,-1800
1478,1820665645500,1642624057300,1942624057300,178041588200,121958411800,2700
1479,1820896257100,1642645516000,1942645516000,178250741100,121749258900,-1000
1480,1821126711100,1642853902600,1942853902600,178272808500,121727191500,3400
1481,1821357072400,1642875358000,1942875358000,178481714400,121518285600,-1000
1482,1821587635700,1643083471600,1943083471600,178504164100,121495835900,3400
1483,1821817745100,1643105146100,1943105146100,178712599000,121287401000,-1100
1484,1822048100800,1643312821800,1943312821800,178735279000,121264721000,3200
1485,55182772600,1642798149500,1942798149500,-1587615376900,1887615376900,-1500
1486,55487049700,1643005529400,1943005529400,-1587518479700,1887518479700,3600
1487,1254843356300,1641655551500,1941655551500,-386812195200,686812195200,-1500
1488,1255048186000,1641859643900,1941859643900,-386811457900,686811457900,-900
1489,1255666280000,1641862759600,1941862759600,-386196479600,686196479600,2400
1490,1255726943700,1642063387900,1942063387900,-386336444200,686336444200,-900
1491,1255870879300,1642066548100,1942066548100,-386195668800,686195668800,1900
1492,1255931452600,1642267145300,1942267145300,-386335692700,686335692700,-1300
1493,1256075726300,1642270674600,1942270674600,-386194948300,686194948300,2400
1494,1697418323000,1641794647600,1941794647600,55623675400,244376324600,-1600
1495,1697808632100,1641798241300,1941798241300,56010390800,243989609200,1700
1496,1698198934200,1642183664000,1942183664000,56015270200,243984729800,-1000
1497,1698588847400,1642187362900,1942187362900,56401484500,243598515500,2100
1498,1698979304000,1642572809200,1942572809200,56406494800,243593505200,-1200
1499,1699369956800,1642576638700,1942576638700,56793318100,243206681900,2300
1500,102478663600,1642073056800,1942073056800,-1539594393200,1839594393200,-1800
1501,102608172300,1642076507300,1942076507300,-1539468335000,1839468335000,1700
1502,102914316700,1642507411000,1942507411000,-1539593094300,1839593094300,-2000
1503,68412446500,1641690287100,1941690287100,-1573277840600,1873277840600,1900
1504,68537104400,1641887854300,1941887854300,-1573350749900,1873350749900,1700
1505,68611186300,1642085602600,1942085602600,-1573474416300,1873474416300,2400
1506,68736356600,1642120902500,1942120902500,-1573384545900,1873384545900,-2500
1507,68810496300,1642283477400,1942283477400,-1573472981100,1873472981100,1600
1508,1050159777900,1642286990200,1942286990200,-592127212300,892127212300,-2200
1509,1050326859900,1642449884900,1942449884900,-592123025000,892123025000,2100
1510,1057737986700,1642528894800,1942528894800,-584790908100,884790908100,-1800
1511,1104489848300,1642691755500,1942691755500,-538201907200,838201907200,1500
1512,66562396800,1642660117300,1942660117300,-1576097720500,1876097720500,-2300
1513,66629927300,1642822700500,1942822700500,-1576192773200,1876192773200,1500
1514,66762619400,1642859212900,1942859212900,-1576096593500,1876096593500,-2900
1515,66830496400,1643022006700,1943022006700,-1576191510300,1876191510300,1300
1516,66962886700,1643058186900,1943058186900,-1576095300200,1876095300200,-2900
1517,67031114500,1643221137700,1943221137700,-1576190023200,1876190023200,2300
1518,70702082200,1642044940000,1942044940000,-1571342857800,1871342857800,-2000
1519,70803794400,1642207807800,1942207807800,-1571404013400,1871404013400,2200
1520,62601211000,1640123221300,1940123221300,-1577522010300,1877522010300,-2300
1521,62754795200,1640285960400,1940285960400,-1577531165200,1877531165200,1600
1522,62821826200,1640342458700,1940342458700,-1577520632500,1877520632500,-2700
1523,69006585700,1640446893300,1940446893300,-1571440307600,1871440307600,2700
1524,69086619500,1640503336500,1940503336500,-1571416717000,1871416717000,-2500
1525,69227467000,1640666317000,1940666317000,-1571438850000,1871438850000,2000
1526,69448294700,1640722728800,1940722728800,-1571274434100,1871274434100,-2800
1527,69515163400,1640885733600,1940885733600,-1571370570200,1871370570200,2400
1528,72669428700,1640529658600,1940529658600,-1567860229900,1867860229900,-2600
1529,72828017900,1640692269700,1940692269700,-1567864251800,1867864251800,2300
1530,72917490500,1640776561800,1940776561800,-1567859071300,1867859071300,-2800
1531,51819259400,1640718053400,1940718053400,-1588898794000,1888898794000,1600
1532,51857583200,1640802195800,1940802195800,-1588944612600,1888944612600,-1800
1533,52028820100,1640926337500,1940926337500,-1588897517400,1888897517400,2500
1534,52066869300,1641010330200,1941010330200,-1588943460900,1888943460900,-2200
1535,55555495000,1641102691200,1941102691200,-1585547196200,1885547196200,1800
1536,55565012100,1641186780100,1941186780100,-1585621768000,1885621768000,-2100
1537,55757353500,1641303182500,1941303182500,-1585545829000,1885545829000,1500
1538,55766398800,1641386899300,1941386899300,-1585620500500,1885620500500,-1300
1539,55958904300,1641503276800,1941503276800,-1585544372500,1885544372500,2200
1540,55968183700,1641587330300,1941587330300,-1585619146600,1885619146600,-2300
1541,45234009100,1640817713600,1940817713600,-1595583704500,1895583704500,2400
1542,46079597500,1640873935700,1940873935700,-1594794338200,1894794338200,-1700
1543,46200479000,1640990672000,1940990672000,-1594790193000,1894790193000,2000
1544,1693765405100,1639720356400,1939720356400,54045048700,245954951300,-1400
1545,1693881303500,1639837075800,1939837075800,54044227700,245955772300,1200
1546,57314647900,1638010685500,1938010685500,-1580696037600,1880696037600,-1500
1547,57350250300,1638126982500,1938126982500,-1580776732200,1880776732200,1500
1548,57504100000,1638198828600,1938198828600,-1580694728600,1880694728600,-1600
1549,57539856500,1638315256100,1938315256100,-1580775399600,1880775399600,900
1550,57693684500,1638387052000,1938387052000,-1580693367500,1880693367500,-2000
1551,68754295700,1638016075800,1938016075800,-1569261780100,1869261780100,1200
1552,68903396800,1638087643100,1938087643100,-1569184246300,1869184246300,-2100
1553,66616183300,1638148413200,1938148413200,-1571532229900,1871532229900,1800
1554,66697654100,1638219997100,1938219997100,-1571522343000,1871522343000,-2100
1555,66826786800,1638357580100,1938357580100,-1571530793300,1871530793300,900
1556,1823487380500,1638397830800,1938397830800,185089549700,114910450300,-1800
1557,1824522481100,1638535482800,1938535482800,185986998300,114013001700,1200
1558,69565998400,1653273963100,1953273963100,-1583707964700,1883707964700,-2100
1559,69751059500,1653411616300,1953411616300,-1583660556800,1883660556800,700
1560,69798154100,1653505016200,1953505016200,-1583706862100,1883706862100,-2200
1561,69983188900,1653642417200,1953642417200,-1583659228300,1883659228300,800
1562,63708601200,1653565243900,1953565243900,-1589856642700,1889856642700,-1900
1563,63775207000,1653702598300,1953702598300,-1589927391300,1889927391300,700
1564,63967155600,1653822197100,1953822197100,-1589855041500,1889855041500,-2100
1565,64034095200,1653960131100,1953960131100,-1589926035900,1889926035900,-100
1566,1838113574000,1653999969200,1953999969200,184113604800,115886395200,-1200
1567,1838321381700,1654137890900,1954137890900,184183490800,115816509200,100
1568,1838529490500,1654207433400,1954207433400,184322057100,115677942900,-1400
1569,1838737647700,1654345489700,1954345489700,184392158000,115607842000,300
1570,1838946028300,1654415035300,1954415035300,184530993000,115469007000,-1300
1571,56353843400,1654030049100,1954030049100,-1597676205700,1897676205700,-100
1572,56420472700,1654099135600,1954099135600,-1597678662900,1897678662900,-1600
1573,49635567800,1653248683500,1953248683500,-1603613115700,1903613115700,-500
1574,49644384600,1653318437400,1953318437400,-1603674052800,1903674052800,-1400
1575,49843951600,1653455768400,1953455768400,-1603611816800,1903611816800,-400
1576,49852590100,1653525531900,1953525531900,-1603672941800,1903672941800,-1900
1577,50052553100,1653663112700,1953663112700,-1603610559600,1903610559600,-700
1578,50061067400,1653732855000,1953732855000,-1603671787600,1903671787600,-2000
1579,68133086000,1653030216300,1953030216300,-1584897130300,1884897130300,-1300
1580,68136835300,1653099758400,1953099758400,-1584962923100,1884962923100,-1400
1581,68337313000,1653233017700,1953233017700,-1584895704700,1884895704700,-700
1582,68341299200,1653302429600,1953302429600,-1584961130400,1884961130400,-1600
1583,1116892123600,1653236345100,1953236345100,-536344221500,836344221500,-1100
1584,1116973090300,1653305393400,1953305393400,-536332303100,836332303100,-1400
1585,1192615366600,1653622055000,1953622055000,-461006688400,761006688400,-1000
1586,78298461600,1653330938500,1953330938500,-1575032476900,1875032476900,-1500
1587,78360971800,1653549854100,1953549854100,-1575188882300,1875188882300,-1100
1588,78518818700,1653647452000,1953647452000,-1575128633300,1875128633300,-1000
1589,78581378900,1653769113800,1953769113800,-1575187734900,1875187734900,-1800
1590,54811216400,1653739521400,1953739521400,-1598928305000,1898928305000,-400
1591,54879066200,1653860776700,1953860776700,-1598981710500,1898981710500,-1700
1592,55004335700,1653931064900,1953931064900,-1598926729200,1898926729200,-900
1593,55072190200,1654052331700,1954052331700,-1598980141500,1898980141500,-2700
1594,55197140000,1654122294400,1954122294400,-1598925154400,1898925154400,-400
1595,1677877420100,1653957321000,1953957321000,23920099100,276079900900,-2000
1596,1678098207100,1654027378900,1954027378900,24070828200,275929171800,100
1597,1678319034600,1654176979300,1954176979300,24142055300,275857944700,-3300
1598,1699357428500,1653994533500,1953994533500,45362895000,254637105000,-500
1599,1699560423700,1654144315100,1954144315100,45416108600,254583891400,-2100
1600,1723137415600,1677773536200,1977773536200,45363879400,254636120600,-200
1601,1723340545100,1677923669100,1977923669100,45416876000,254583124000,-2100
1602,1746917045800,1701552364000,2001552364000,45364681800,254635318200,0
1603,1747120526100,1701702791900,2001702791900,45417734200,254582265800,-1900
1604,1773722106400,1725331264500,2025331264500,48390841900,251609158100,-500
1605,57668507300,1725221152100,2025221152100,-1667552644800,1967552644800,-3100
1606,57769992800,1725420962500,2025420962500,-1667650969700,1967650969700,-2500
1607,57869453000,1725620305100,2025620305100,-1667750852100,1967750852100,-2100
1608,57970503500,1725819939200,2025819939200,-1667849435700,1967849435700,-1200
1609,1251560448500,1725916811100,2025916811100,-474356362600,774356362600,-2100
1610,1251780828100,1726140332400,2026140332400,-474359504300,774359504300,-1400
1611,1251784500900,1726363987000,2026363987000,-474579486100,774579486100,-2000
1612,42975580700,1725902576900,2025902576900,-1682926996200,1982926996200,-1900
1613,43139615800,1726081400700,2026081400700,-1682941784900,1982941784900,-1700
1614,43155526900,1726260387500,2026260387500,-1683104860600,1983104860600,-1500
1615,43319838200,1726439008000,2026439008000,-1683119169800,1983119169800,-2000
1616,43335250700,1726617753500,2026617753500,-1683282502800,1983282502800,-1500
1617,43499972800,1726796855100,2026796855100,-1683296882300,1983296882300,-2100
1618,34750686500,1725327077700,2025327077700,-1690576391200,1990576391200,-2700
1619,34844019800,1725539000600,2025539000600,-1690694980800,1990694980800,-2600
1620,34963990600,1725751095300,2025751095300,-1690787104700,1990787104700,-2300
1621,35057314500,1725963486200,2025963486200,-1690906171700,1990906171700,-2200
1622,35177768100,1726175357000,2026175357000,-1690997588900,1990997588900,-2000
1623,1096394052700,1726308781000,2026308781000,-629914728300,929914728300,-2000
1624,1102866239700,1726541422800,2026541422800,-623675183100,923675183100,-1800
1625,1103099948200,1726774335000,2026774335000,-623674386800,923674386800,-1000
1626,38121936400,1726784447000,2026784447000,-1688662510600,1988662510600,-2000
1627,38129521100,1726970052800,2026970052800,-1688840531700,1988840531700,-1800
1628,38308948200,1727155687700,2027155687700,-1688846739500,1988846739500,-1700
1629,38316209200,1727341252400,2027341252400,-1689025043200,1989025043200,-1400
1630,38495821100,1727526759900,2027526759900,-1689030938800,1989030938800,-1900
1631,38502904100,1727712437300,2027712437300,-1689209533200,1989209533200,-1300
1632,40408349300,1727722449100,2027722449100,-1687314099800,1987314099800,-2100
1633,40445846500,1727922639700,2027922639700,-1687476793200,1987476793200,-1700
1634,40609948800,1728123066900,2028123066900,-1687513118100,1987513118100,-2900
1635,40647683800,1728323452400,2028323452400,-1687675768600,1987675768600,-2400
1636,40811639300,1728523928200,2028523928200,-1687712288900,1987712288900,-2200
1637,45124737000,1728423596000,2028423596000,-1683298859000,1983298859000,-3000
1638,45307886600,1728607002600,2028607002600,-1683299116000,1983299116000,-3600
1639,45312048900,1728790734400,2028790734400,-1683478685500,1983478685500,-3400
1640,53304550900,1728345982600,2028345982600,-1675041431700,1975041431700,-3600
1641,53406268200,1728604894200,2028604894200,-1675198626000,1975198626000,-3200
1642,53564936500,1728863827600,2028863827600,-1675298891100,1975298891100,-3600
1643,53666413100,1729122787700,2029122787700,-1675456374600,1975456374600,-3700
1644,1211177174800,1729349876300,2029349876300,-518172701500,818172701500,-3300
1645,1211391959900,1729563517100,2029563517100,-518171557200,818171557200,-4100
1646,1211607020000,1729777565700,2029777565700,-518170545700,818170545700,-3700
1647,1211821737300,1729991145500,2029991145500,-518169408200,818169408200,-3500
1648,1212036361800,1730204773700,2030204773700,-518168411900,818168411900,-4700
1649,58532019100,1729913118000,2029913118000,-1671381098900,1971381098900,-5000
1650,58689879800,1730128119900,2030128119900,-1671438240100,1971438240100,-4900
1651,35139684700,1729862975000,2029862975000,-1694723290300,1994723290300,-5000
1652,35207662200,1730103316300,2030103316300,-1694895654100,1994895654100,-4300
1653,35381223200,1730343414800,2030343414800,-1694962191600,1994962191600,-4800
1654,32165358300,1729252741400,2029252741400,-1697087383100,1997087383100,-5400
1655,32285602500,1729434753400,2029434753400,-1697149150900,1997149150900,-5400
1656,32348536400,1729616798900,2029616798900,-1697268262500,1997268262500,-4900
1657,32468827700,1729798915400,2029798915400,-1697330087700,1997330087700,-5400
1658,67591198800,1729129145000,2029129145000,-1661537946200,1961537946200,-5000
1659,67594873400,1729328257700,2029328257700,-1661733384300,1961733384300,-5700
1660,67791805700,1729527334500,2029527334500,-1661735528800,1961735528800,-5500
1661,67795536500,1729726194300,2029726194300,-1661930657800,1961930657800,-5300
1662,1690839782700,1729703966200,2029703966200,-38864183500,338864183500,-5200
1663,1002083049000,1728464354500,2028464354500,-726381305500,1026381305500,-5500
1664,1002385572400,1728856329500,2028856329500,-726470757100,1026470757100,-4500
1665,1002476043200,1729248337800,2029248337800,-726772294600,1026772294600,-4800
1666,1002778939300,1729640645300,2029640645300,-726861706000,1026861706000,-5300
1667,1002869684500,1730032803400,2030032803400,-727163118900,1027163118900,-4400
1668,1003172443900,1730425070400,2030425070400,-727252626500,1027252626500,-4400
1669,1003263050100,1730817322100,2030817322100,-727554272000,1027554272000,-5100
1670,80654494400,1730705570600,2030705570600,-1650051076200,1950051076200,-4600
1671,80864621700,1731106827600,2031106827600,-1650242205900,1950242205900,-5600
1672,81057273500,1731507979800,2031507979800,-1650450706300,1950450706300,-4800
1673,134760450600,1731909090800,2031909090800,-1597148640200,1897148640200,-5800
1674,134953010300,1732310409900,2032310409900,-1597357399600,1897357399600,-4900
1675,135162978900,1732712093200,2032712093200,-1597549114300,1897549114300,-4200
1676,30236945700,1732940255400,2032940255400,-1702703309700,2002703309700,-5400
1677,30371156000,1733141076200,2033141076200,-1702769920200,2002769920200,-5200
1678,30439044400,1733341594400,2033341594400,-1702902550000,2002902550000,-5400
1679,53637266800,1733071414900,2033071414900,-1679434148100,1979434148100,-4900
1680,53726388600,1733308461800,2033308461800,-1679582073200,1979582073200,-5800
1681,53875786400,1733545592600,2033545592600,-1679669806200,1979669806200,-5600
1682,53964798100,1733782465200,2033782465200,-1679817667100,1979817667100,-5200
1683,54113892800,1734019500500,2034019500500,-1679905607700,1979905607700,-5500
1684,1832418068000,1733942415300,2033942415300,98475652700,201524347300,-5300
1685,56912275500,1737966340700,2037966340700,-1681054065200,1981054065200,-5700
1686,56916279500,1738197416300,2038197416300,-1681281136800,1981281136800,-5300
1687,57144907400,1738352330100,2038352330100,-1681207422700,1981207422700,900
1688,57148918300,1738428555800,2038428555800,-1681279637500,1981279637500,-4800
1689,37960036300,1738332845300,2038332845300,-1700372809000,2000372809000,700
1690,37963991400,1738409046200,2038409046200,-1700445054800,2000445054800,-5200
1691,38372005000,1738559618300,2038559618300,-1700187613300,2000187613300,-300
1692,38376326800,1738635732500,2038635732500,-1700259405700,2000259405700,-5500
1693,38600128600,1738786235500,2038786235500,-1700186106900,2000186106900,500
1694,63181236200,1738750578300,2038750578300,-1675569342100,1975569342100,-5300
1695,63184889200,1738901303200,2038901303200,-1675716414000,1975716414000,800
1696,63374403600,1738942356700,2038942356700,-1675567953100,1975567953100,-5700
1697,63378536600,1739093004400,2039093004400,-1675714467800,1975714467800,-400
1698,33582489400,1738728887500,2038728887500,-1705146398100,2005146398100,-5500
1699,33746964200,1738879541600,2038879541600,-1705132577400,2005132577400,-600
1700,33757947600,1738903295500,2038903295500,-1705145347900,2005145347900,-5500
1701,33922434200,1739053830800,2039053830800,-1705131396600,2005131396600,-800
1702,33933045000,1739077387300,2039077387300,-1705144342300,2005144342300,-5300
1703,24782666200,1739038947700,2039038947700,-1714256281500,2014256281500,-700
1704,25017230200,1739061930500,2039061930500,-1714044700300,2014044700300,-5500
1705,25143849500,1739272196300,2039272196300,-1714128346800,2014128346800,-1300
1706,25252335100,1739295695700,2039295695700,-1714043360600,2014043360600,-5700
1707,59524380700,1738876429900,2038876429900,-1679352049200,1979352049200,-900
1708,59548190900,1738899932900,2038899932900,-1679351742000,1979351742000,-5900
1709,60681563200,1739315003900,2039315003900,-1678633440700,1978633440700,-900
1710,60685538500,1739338743300,2039338743300,-1678653204800,1978653204800,-5300
1711,61516050100,1739754081400,2039754081400,-1678238031300,1978238031300,-400
1712,61519890800,1739777651200,2039777651200,-1678257760400,1978257760400,-5200
1713,45703376900,1739910214900,2039910214900,-1694206838000,1994206838000,100
1714,45804506000,1739933657000,2039933657000,-1694129151000,1994129151000,-5000
1715,45906328900,1740111758000,2040111758000,-1694205429100,1994205429100,0
1716,46007370900,1740135113100,2040135113100,-1694127742200,1994127742200,-5100
1717,46109127600,1740313146300,2040313146300,-1694204018700,1994204018700,-300
1718,29892981700,1739478456700,2039478456700,-1709585475000,2009585475000,-4700
1719,29930708500,1739656494600,2039656494600,-1709725786100,2009725786100,400
1720,24666349400,1738848083700,2038848083700,-1714181734300,2014181734300,-4700
1721,24786715300,1739026052000,2039026052000,-1714239336700,2014239336700,0
1722,56159010000,1738349648500,2038349648500,-1682190638500,1982190638500,-4500
1723,56183220400,1738527903700,2038527903700,-1682344683300,1982344683300,300
1724,56370492100,1738559822600,2038559822600,-1682189330500,1982189330500,-4600
1725,56394436500,1738738056200,2038738056200,-1682343619700,1982343619700,-200
1726,1657259900400,1738186720700,2038186720700,-80926820300,380926820300,-3700
1727,60621013000,1737907289900,2037907289900,-1677286276900,1977286276900,100
1728,20272754400,1735087796300,2035087796300,-1714815041900,2014815041900,-4300
1729,20393341000,1735317377200,2035317377200,-1714924036200,2014924036200,-4200
1730,20503524900,1735496397000,2035496397000,-1714992872100,2014992872100,0
1731,20623936100,1735546848800,2035546848800,-1714922912700,2014922912700,-3800
1732,20734164100,1735725763800,2035725763800,-1714991599700,2014991599700,200
1733,18583411000,1733504833000,2033504833000,-1714921422000,2014921422000,-4000
1734,35642075800,1733306119500,2033306119500,-1697664043700,1997664043700,500
1735,316311628800,1732643126900,2032643126900,-1416331498100,1716331498100,-3900
1736,316751306900,1732835830900,2032835830900,-1416084524000,1716084524000,100
1737,317191163200,1733081718100,2033081718100,-1415890554900,1715890554900,-4100
1738,317631305100,1733274596700,2033274596700,-1415643291600,1715643291600,300
1739,318071067300,1733520517000,2033520517000,-1415449449700,1715449449700,-4000
1740,318511333300,1733713301000,2033713301000,-1415201967700,1715201967700,1000
1741,318951492600,1733959459500,2033959459500,-1415007966900,1715007966900,-3500
1742,18286066700,1734010836100,2034010836100,-1715724769400,2015724769400,900
1743,18459833900,1734191167000,2034191167000,-1715731333100,2015731333100,1000
1744,18467576900,1734256836100,2034256836100,-1715789259200,2015789259200,-4100
1745,1658525400500,1734277094700,2034277094700,-75751694200,375751694200,300
1746,17765193200,1734110085300,2034110085300,-1716344892100,2016344892100,-4300
1747,17938860000,1734302358000,2034302358000,-1716363498000,2016363498000,-4000
1748,980984807400,1732237486400,2032237486400,-751252679000,1051252679000,600
1749,981383187800,1732241611300,2032241611300,-750858423500,1050858423500,-3300
1750,981781786200,1732634488200,2032634488200,-750852702000,1050852702000,800
1751,982180257400,1732638757700,2032638757700,-750458500300,1050458500300,-3700
1752,1748724043400,1732888665600,2032888665600,15835377800,284164622200,400
1753,1760490845700,1732892789100,2032892789100,27598056600,272401943400,-4100
1754,1767719322100,1740116459100,2040116459100,27602863000,272397137000,900
1755,1779516360400,1740120517500,2040120517500,39395842900,260604157100,-4500
1756,1780551861300,1747344282100,2047344282100,33207579200,266792420800,900
1757,1786744884200,1747348235700,2047348235700,39396648500,260603351500,-4700
1758,1787780440600,1754571977100,2054571977100,33208463500,266791536500,900
1759,984496286400,1754231590900,2054231590900,-769735304500,1069735304500,-3900
1760,984947546500,1754681616200,2054681616200,-769734069700,1069734069700,-4200
1761,985398727700,1755131687200,2055131687200,-769732959500,1069732959500,-4200
1762,24278522400,1754655916800,2054655916800,-1730377394400,2030377394400,-3800
1763,24420139400,1754842068800,2054842068800,-1730421929400,2030421929400,-4800
1764,24465799600,1755027878100,2055027878100,-1730562078500,2030562078500,-4100
1765,24607211800,1755214015800,2055214015800,-1730606804000,2030606804000,-3800
1766,24653028700,1755399862000,2055399862000,-1730746833300,2030746833300,-4000
1767,1194642230400,1754314946400,2054314946400,-559672716000,859672716000,-4400
1768,980851718800,1754283486000,2054283486000,-773431767200,1073431767200,-4000
1769,981256647300,1754687360300,2054687360300,-773430713000,1073430713000,-4300
1770,981661671200,1755091018700,2055091018700,-773429347500,1073429347500,-4700
1771,131119692400,1755383260800,2055383260800,-1624263568400,1924263568400,-4800
1772,131123103500,1755837230800,2055837230800,-1624714127300,1924714127300,-4800
1773,131575051700,1756291174800,2056291174800,-1624716123100,1924716123100,-4800
1774,131578509000,1756745013800,2056745013800,-1625166504800,1925166504800,-3800
1775,132030041700,1757198879500,2057198879500,-1625168837800,1925168837800,-4500
1776,132033607500,1757652432800,2057652432800,-1625618825300,1925618825300,-4800
1777,17456914000,1758026648100,2058026648100,-1740569734100,2040569734100,-4100
1778,17466673800,1758219927500,2058219927500,-1740753253700,2040753253700,-4500
1779,17651521100,1758413559400,2058413559400,-1740762038300,2040762038300,-4400
1780,17661588800,1758607219300,2058607219300,-1740945630500,2040945630500,-4300
1781,1222947197500,1758524334600,2058524334600,-535577137100,835577137100,-4600
1782,1223103123100,1758557735900,2058557735900,-535454612800,835454612800,1100
1783,1223323575500,1758899979600,2058899979600,-535576404100,835576404100,-3600
1784,1180868711600,1758831683800,2058831683800,-577962972200,877962972200,1200
1785,1181057283100,1759019366700,2059019366700,-577962083600,877962083600,300
1786,1181245906500,1759173884000,2059173884000,-577927977500,877927977500,-4000
1787,1181434633300,1759207204100,2059207204100,-577772570800,877772570800,900
1788,1634734574300,1759043854900,2059043854900,-124309280600,424309280600,-4900
1789,1634978401300,1759076915400,2059076915400,-124098514100,424098514100,600
1790,1635222340500,1759286459300,2059286459300,-124064118800,424064118800,-5300
1791,1635466411200,1759319619200,2059319619200,-123853208000,423853208000,800
1792,35680250800,1759529315900,2059529315900,-1723849065100,2023849065100,-4900
1793,35829693300,1759562685200,2059562685200,-1723732991900,2023732991900,800
1794,35896977200,1759744844600,2059744844600,-1723847867400,2023847867400,-4600
1795,36046437300,1759778161600,2059778161600,-1723731724300,2023731724300,400
1796,36113544800,1759960347000,2059960347000,-1723846802200,2023846802200,-5000
1797,36263122800,1759993655600,2059993655600,-1723730532800,2023730532800,400
1798,36103870500,1759949459800,2059949459800,-1723845589300,2023845589300,-4800
1799,36253369900,1759982781500,2059982781500,-1723729411600,2023729411600,-500
1800,36338119900,1760182511800,2060182511800,-1723844391900,2023844391900,-4800
1801,7415866700,1759520205500,2059520205500,-1752104338800,2052104338800,500
1802,7509355700,1759719810400,2059719810400,-1752210454700,2052210454700,-4400
1803,31111276000,1759278125300,2059278125300,-1728166849300,2028166849300,-300
1804,31272620100,1759477659800,2059477659800,-1728205039700,2028205039700,-4800
1805,31353872600,1759519484500,2059519484500,-1728165611900,2028165611900,500
1806,31514891100,1759718615600,2059718615600,-1728203724500,2028203724500,-4600
1807,31596706800,1759761037300,2059761037300,-1728164330500,2028164330500,700
1808,31757456000,1759959810100,2059959810100,-1728202354100,2028202354100,-4100
1809,31839123100,1760002245600,2060002245600,-1728163122500,2028163122500,400
1810,49648801300,1759776120800,2059776120800,-1710127319500,2010127319500,-4800
1811,49794075300,1759818250100,2059818250100,-1710024174800,2010024174800,900
1812,50098568800,1760224638600,2060224638600,-1710126069800,2010126069800,-4600
1813,129899052200,1759808539000,2059808539000,-1629909486800,1929909486800,1000
1814,129902450000,1759996785600,2059996785600,-1630094335600,1930094335600,1400
1815,130088406700,1760185333500,2060185333500,-1630096926800,1930096926800,500
1816,130092080200,1760214833400,2060214833400,-1630122753200,1930122753200,-3400
1817,130278482100,1760373958100,2060373958100,-1630095476000,1930095476000,900
1818,1206822315500,1760164263400,2060164263400,-553341947900,853341947900,-3400
1819,1207249511200,1760323557900,2060323557900,-553074046700,853074046700,1100
1820,1207676980500,1760590705800,2060590705800,-552913725300,852913725300,-3800
1821,1641551129100,1760574569900,2060574569900,-119023440800,419023440800,100
1822,1642020746600,1760841787300,2060841787300,-118821040700,418821040700,-4300
1823,1642490874900,1761042899900,2061042899900,-118552025000,418552025000,100
1824,1642961155200,1761310573000,2061310573000,-118349417800,418349417800,-5000
1825,1643431112000,1761511836500,2061511836500,-118080724500,418080724500,500
1826,1643901200400,1761779147000,2061779147000,-117877946600,417877946600,-4000
1827,18759606700,1760042774100,2060042774100,-1741283167400,2041283167400,-100
1828,18794705100,1760208547500,2060208547500,-1741413842400,2041413842400,-500
1829,41628435600,1760150513400,2060150513400,-1718522077800,2018522077800,-4400
1830,41632797900,1760214984200,2060214984200,-1718582186300,2018582186300,-200
1831,131569846300,1760349062200,2060349062200,-1628779215900,1928779215900,-5200
1832,131641636700,1760413396400,2060413396400,-1628771759700,1928771759700,-400
1833,132039431700,1760817561300,2060817561300,-1628778129600,1928778129600,-5300
1834,8946429200,1760517488800,2060517488800,-1751571059600,2051571059600,-800
1835,8984541500,1760714634900,2060714634900,-1751730093400,2051730093400,-900
1836,17184258200,1760420819700,2060420819700,-1743236561500,2043236561500,-700
1837,17346169700,1760430809800,2060430809800,-1743084640100,2043084640100,-4800
1838,17381388000,1760616782800,2060616782800,-1743235394800,2043235394800,-800
1839,14760877400,1760499978500,2060499978500,-1745739101100,2045739101100,-5500
1840,15341716900,1760685752300,2060685752300,-1745344035400,2045344035400,-300
1841,15361979200,1760696842500,2060696842500,-1745334863300,2045334863300,-5500
1842,52501103700,1760819007100,2060819007100,-1708317903400,2008317903400,-100
1843,52686720200,1760830049000,2060830049000,-1708143328800,2008143328800,-5000
1844,52755248200,1761003307700,2061003307700,-1708248059500,2008248059500,-700
1845,52872217400,1761014457700,2061014457700,-1708142240300,2008142240300,-5700
1846,52941156100,1761187870700,2061187870700,-1708246714600,2008246714600,-700
1847,35648196500,1761119497100,2061119497100,-1725471300600,2025471300600,-5100
1848,27431595600,1760619182900,2060619182900,-1733187587300,2033187587300,100
1849,15685429200,1760563298300,2060563298300,-1744877869100,2044877869100,-5300
1850,15731128200,1760754281700,2060754281700,-1745023153500,2045023153500,-700
1851,15892907600,1760769387700,2060769387700,-1744876480100,2044876480100,-4700
1852,15938581200,1760960451900,2060960451900,-1745021870700,2045021870700,100
1853,16100124600,1760975297300,2060975297300,-1744875172700,2044875172700,-4300
1854,15440826000,1761103601500,2061103601500,-1745662775500,2045662775500,-500
1855,15486293000,1761118731100,2061118731100,-1745632438100,2045632438100,-4100
1856,8039562500,1760585903000,2060585903000,-1752546340500,2052546340500,0
1857,8204109800,1760601249400,2060601249400,-1752397139600,2052397139600,-4400
1858,8221032100,1760766104000,2060766104000,-1752545071900,2052545071900,0
1859,8385839700,1760781522700,2060781522700,-1752395683000,2052395683000,-4700
1860,8402402900,1760946308700,2060946308700,-1752543905800,2052543905800,300
1861,8566956100,1760961476600,2060961476600,-1752394520500,2052394520500,-4600
1862,1212497190900,1761095187700,2061095187700,-548597996800,848597996800,-700
1863,1212703647000,1761110174700,2061110174700,-548406527700,848406527700,-4700
1864,1212910300000,1761300692600,2061300692600,-548390392600,848390392600,-600
1865,1213116445700,1761316053400,2061316053400,-548199607700,848199607700,-4400
1866,1213322725900,1761506074500,2061506074500,-548183348600,848183348600,500
1867,1213529098600,1761521542300,2061521542300,-547992443700,847992443700,-4300
1868,1213736400000,1761711683400,2061711683400,-547975283400,847975283400,-400
1869,1213943257700,1761727523700,2061727523700,-547784266000,847784266000,-4700
1870,17419354000,1761805399500,2061805399500,-1744386045500,2044386045500,500
1871,17487306600,1761821299700,2061821299700,-1744333993100,2044333993100,-5700
1872,959794758800,1760377061300,2060377061300,-800582302500,1100582302500,-300
1873,960176425000,1760392870500,2060392870500,-800216445500,1100216445500,-5500
1874,960558251300,1760757533400,2060757533400,-800199282100,1100199282100,-400
1875,960940318000,1760773344400,2060773344400,-799833026400,1099833026400,-5400
1876,961321909300,1761138304300,2061138304300,-799816395000,1099816395000,-300
1877,961703831600,1761153671500,2061153671500,-799449839900,1099449839900,-5500
1878,962085392500,1761518993300,2061518993300,-799433600800,1099433600800,700
1879,1255100,1761533999600,2061533999600,-1761532744500,2061532744500,-5600
1880,155394700,1761715958500,2061715958500,-1761560563800,2061560563800,-5500
1881,964592017600,1761507156100,2061507156100,-796915138500,1096915138500,-6100
1882,964991152500,1761508234400,2061508234400,-796517081900,1096517081900,600
1883,965389830100,1761904785700,2061904785700,-796514955600,1096514955600,-6700
1884,45438099700,1761054724400,2061054724400,-1715616624700,2015616624700,-400
1885,45639936200,1761451199600,2061451199600,-1715811263400,2015811263400,-6600
1886,45881809300,1761496886800,2061496886800,-1715615077500,2015615077500,200
1887,46083633800,1761893396900,2061893396900,-1715809763100,2015809763100,-5900
1888,1657384112000,1761015572700,2061015572700,-103631460700,403631460700,300
1889,1657533819600,1761208675500,2061208675500,-103674855900,403674855900,500
1890,1657577938900,1761401608300,2061401608300,-103823669400,403823669400,-300
1891,1657727392300,1761412057700,2061412057700,-103684665400,403684665400,-6700
1892,1657771677800,1761594574200,2061594574200,-103822896400,403822896400,-200
1893,117920982000,1761589178800,2061589178800,-1643668196800,1943668196800,-5800
1894,14015805400,1761523246800,2061523246800,-1747507441400,2047507441400,-800
1895,14140990300,1761755423300,2061755423300,-1747614433000,2047614433000,-300
1896,14249459100,1761765005000,2061765005000,-1747515545900,2047515545900,-6000
1897,14374436600,1761987518000,2061987518000,-1747613081400,2047613081400,0
1898,20204800,1761045799600,2061045799600,-1761025594800,2061025594800,-5600
1899,27339300,1761267965700,2061267965700,-1761240626400,2061240626400,-700
1900,261608400,1761285860700,2061285860700,-1761024252300,2061024252300,-5700
1901,268487500,1761507976800,2061507976800,-1761239489300,2061239489300,-800
1902,502735100,1761525691200,2061525691200,-1761022956100,2061022956100,-5200
1903,34400100,1761272827700,2061272827700,-1761238427600,2061238427600,-700
1904,231101300,1761290881300,2061290881300,-1761059780000,2061059780000,-5300
1905,269446200,1761468108000,2061468108000,-1761198661800,2061198661800,-1000
1906,428054100,1761486297100,2061486297100,-1761058243000,2061058243000,-4100
1907,466214600,1761663572700,2061663572700,-1761197358100,2061197358100,-1700
1908,1646230871400,1761567399000,2061567399000,-115336527600,415336527600,-5000
1909,1646346014300,1761745099500,2061745099500,-115399085200,415399085200,-1500
1910,1646686078300,1762021361300,2062021361300,-115335283000,415335283000,-4300
1911,1646800798800,1762198956000,2062198956000,-115398157200,415398157200,-2000
1912,1647140898700,1762475113100,2062475113100,-115334214400,415334214400,-5100
1913,3350158200,1762239271700,2062239271700,-1758889113500,2058889113500,-1700
1914,3359747600,1762495318600,2062495318600,-1759135571000,2059135571000,-1600
1915,3607495800,1762515582600,2062515582600,-1758908086800,2058908086800,-4600
1916,3617244700,1762751524000,2062751524000,-1759134279300,2059134279300,-2000
1917,1632776589900,1762269894600,2062269894600,-129493304700,429493304700,-4600
1918,3021973300,1761531583800,2061531583800,-1758509610500,2058509610500,-4800
1919,3030914800,1761559177600,2061559177600,-1758528262800,2058528262800,-1600
1920,3228233900,1761736517400,2061736517400,-1758508283500,2058508283500,-5400
1921,3237147200,1761764315900,2061764315900,-1758527168700,2058527168700,-1900
1922,1613296840700,1759044413700,2059044413700,-145747573000,445747573000,-5700
1923,1613538882400,1759072219400,2059072219400,-145533337000,445533337000,-2400
1924,1613781021000,1759285169900,2059285169900,-145504148900,445504148900,-5900
1925,8702580600,1758739637100,2058739637100,-1750037056500,2050037056500,-2100
1926,8775746700,1758952667900,2058952667900,-1750176921200,2050176921200,-4900
1927,8918249700,1758954155700,2058954155700,-1750035906000,2050035906000,-2700
1928,8991525400,1759167026200,2059167026200,-1750175500800,2050175500800,-5200
1929,964834874200,1759009861900,2059009861900,-794174987700,1094174987700,-2900
1930,964925299600,1759222867500,2059222867500,-794297567900,1094297567900,-5500
1931,965255470300,1759429072100,2059429072100,-794173601800,1094173601800,-2100
1932,1641533928200,1759412366500,2059412366500,-117878438300,417878438300,-5500
1933,1641874220200,1759618440300,2059618440300,-117744220100,417744220100,-2300
1934,1641995088100,1759872502000,2059872502000,-117877413900,417877413900,-5000
1935,1642335743200,1760078990800,2060078990800,-117743247600,417743247600,-2800
1936,1642456199400,1760332645200,2060332645200,-117876445800,417876445800,-4200
1937,1642797288900,1760539390300,2060539390300,-117742101400,417742101400,-2300
1938,116196365600,1760657927000,2060657927000,-1644461561400,1944461561400,-4000
1939,116446746400,1760864372000,2060864372000,-1644417625600,1944417625600,-3000
1940,116585233600,1761045543300,2061045543300,-1644460309700,1944460309700,-4300
1941,116835638700,1761252094800,2061252094800,-1644416456100,1944416456100,-2800
1942,1265700,1761367633900,2061367633900,-1761366368200,2061366368200,-4900
1943,9230700,1761567139800,2061567139800,-1761557909100,2061557909100,-4800
1944,209640000,1761574777400,2061574777400,-1761365137400,2061365137400,-2400
1945,410025900,1761766450800,2061766450800,-1761356424900,2061356424900,-4800
1946,135390500,1761707325100,2061707325100,-1761571934600,2061571934600,-2100
1947,967527337300,1761424913900,2061424913900,-793897576600,1093897576600,-4900
1948,967560975300,1761457366800,2061457366800,-793896391500,1093896391500,-2800
1949,967724729600,1761621273000,2061621273000,-793896543400,1093896543400,-4000
1950,967758554200,1761653909300,2061653909300,-793895355100,1093895355100,-2300
1951,967922686800,1761818132600,2061818132600,-793895445800,1093895445800,-3600
1952,17536717900,1761611097200,2061611097200,-1744074379300,2044074379300,-2200
1953,17540694200,1761774981200,2061774981200,-1744234287000,2044234287000,-4200
1954,17734369400,1761807472100,2061807472100,-1744073102700,2044073102700,-3100
1955,17738397100,1761971619800,2061971619800,-1744233222700,2044233222700,-4800
1956,5191400,1761765646400,2061765646400,-1761760455000,2061760455000,-2400
1957,9105800,1761929814300,2061929814300,-1761920708500,2061920708500,-4300
1958,143923200,1761472663100,2061472663100,-1761328739900,2061328739900,-3100
1959,169417500,1761636566200,2061636566200,-1761467148700,2061467148700,-4200
1960,335270800,1761662395600,2061662395600,-1761327124800,2061327124800,-2600
1961,344408300,1761810468000,2061810468000,-1761466059700,2061466059700,-5000
1962,20751428700,1761772666500,2061772666500,-1741021237800,2041021237800,-2500
1963,58789200,1761345765500,2061345765500,-1761286976300,2061286976300,-4500
1964,78943500,1761384535200,2061384535200,-1761305591700,2061305591700,-2200
1965,225773500,1761511476300,2061511476300,-1761285702800,2061285702800,-5300
1966,251144500,1761550062300,2061550062300,-1761298917800,2061298917800,-2300
1967,392498100,1761676986100,2061676986100,-1761284488000,2061284488000,-5100
1968,4896085100,1761229062000,2061229062000,-1756332976900,2056332976900,-3000
1969,4970382600,1761356232500,2061356232500,-1756385849900,2056385849900,-5500
1970,5085727600,1761417638600,2061417638600,-1756331911000,2056331911000,-2600
1971,5159778100,1761544609100,2061544609100,-1756384831000,2056384831000,-5100
1972,5276201300,1761606560400,2061606560400,-1756330359100,2056330359100,-2400
1973,5349662200,1761733234500,2061733234500,-1756383572300,2056383572300,-4500
1974,949402516300,1761271049500,2061271049500,-811868533200,1111868533200,-2500
1975,949792623800,1761397533400,2061397533400,-811604909600,1111604909600,-4400
1976,950183531200,1761659928000,2061659928000,-811476396800,1111476396800,-3000
1977,5038528400,1761451596100,2061451596100,-1756413067700,2056413067700,-4100
1978,5111796900,1761680393300,2061680393300,-1756568596400,2056568596400,-4300
1979,5268593400,1761713967300,2061713967300,-1756445373900,2056445373900,-3300
1980,5342114100,1761909196600,2061909196600,-1756567082500,2056567082500,-4600
1981,5498909400,1761942757300,2061942757300,-1756443847900,2056443847900,-3300
1982,1054214589600,1761921988400,2061921988400,-707707398800,1007707398800,-4400
1983,1054413940400,1761955247000,2061955247000,-707541306600,1007541306600,-3000
1984,1062234322400,1762120082100,2062120082100,-699885759700,999885759700,-4100
1985,1062434280600,1762153529200,2062153529200,-699719248600,999719248600,-3200
1986,1062634178200,1762318349000,2062318349000,-699684170800,999684170800,-5000
1987,1062833765100,1762351969000,2062351969000,-699518203900,999518203900,-3000
1988,1063033258900,1762516720000,2062516720000,-699483461100,999483461100,-4000
1989,33350203800,1761948842800,2061948842800,-1728598639000,2028598639000,-2800
1990,33551861600,1762113815700,2062113815700,-1728561954100,2028561954100,-3700
1991,33806513500,1762403532200,2062403532200,-1728597018700,2028597018700,-2200
1992,34008096300,1762568700600,2062568700600,-1728560604300,2028560604300,-3600
1993,34262482600,1762858201200,2062858201200,-1728595718600,2028595718600,-2200
1994,34463864400,1763023220700,2063023220700,-1728559356300,2028559356300,-3700
1995,34718248800,1763312771000,2063312771000,-1728594522200,2028594522200,-2000
1996,6454140400,1763398087900,2063398087900,-1756943947500,2056943947500,-3900
1997,6555795100,1763578594500,2063578594500,-1757022799400,2057022799400,-3500
1998,6635913800,1763687673800,2063687673800,-1757051760000,2057051760000,-1800
1999,112710500500,1763065944600,2063065944600,-1650355444100,1950355444100,-3600
2000,113573802000,1763175083900,2063175083900,-1649601281900,1949601281900,-900
2001,113589370000,1763479056000,2063479056000,-1649889686000,1949889686000,-4000
2002,113988067700,1763588198400,2063588198400,-1649600130700,1949600130700,-1400
2003,102524552400,1762122959300,2062122959300,-1659598406900,1959598406900,-4300
2004,102543909700,1762232066600,2062232066600,-1659688156900,1959688156900,-1600
2005,102933497100,1762530609800,2062530609800,-1659597112700,1959597112700,-3800
2006,102952325900,1762639512900,2062639512900,-1659687187000,1959687187000,-900
2007,941476895000,1762317487800,2062317487800,-820840592800,1120840592800,-3800
2008,941945186300,1762426428100,2062426428100,-820481241800,1120481241800,-1100
2009,1643103500600,1762673181700,2062673181700,-119569681100,419569681100,-3700
2010,1643305504700,1762782064900,2062782064900,-119476560200,419476560200,-900
2011,1643344252500,1762913361700,2062913361700,-119569109200,419569109200,-3700
2012,1643547214200,1763022888200,2063022888200,-119475674000,419475674000,-200
2013,1629635545200,1761383289600,2061383289600,-131747744400,431747744400,-3600
2014,1629751164400,1761492718800,2061492718800,-131741554400,431741554400,200
2015,1630069628100,1761816763400,2061816763400,-131747135300,431747135300,-3400
2016,1630185200300,1761926312000,2061926312000,-131741111700,431741111700,0
2017,1630504043400,1762250250300,2062250250300,-131746206900,431746206900,-3300
2018,1630619470200,1762359734600,2062359734600,-131740264400,431740264400,400
2019,9756899000,1762668308200,2062668308200,-1752911409200,2052911409200,-3200
2020,9760809600,1762777687000,2062777687000,-1753016877400,2053016877400,-1000
2021,9934414300,1762844152500,2062844152500,-1752909738200,2052909738200,-2500
2022,9938360700,1762953370500,2062953370500,-1753015009800,2053015009800,-500
2023,1618342995100,1762769001000,2062769001000,-144426005900,444426005900,-2000
2024,1618553379900,1762877965400,2062877965400,-144324585500,444324585500,-400
2025,1618763814000,1762978055800,2062978055800,-144214241800,444214241800,-1800
2026,1618974246900,1763087261600,2063087261600,-144113014700,444113014700,400
2027,1619184440300,1763187213400,2063187213400,-144002773100,444002773100,-2400
2028,1619394796800,1763296288700,2063296288700,-143901491900,443901491900,-700
2029,1619604871300,1763396493300,2063396493300,-143791622000,443791622000,-2300
2030,62090700,1761761788500,2061761788500,-1761699697800,2061699697800,-500
2031,86079300,1761007035800,2061007035800,-1760920956500,2060920956500,-2800
2032,152915800,1761113869800,2061113869800,-1760960954000,2060960954000,-800
2033,313232900,1761232916500,2061232916500,-1760919683600,2060919683600,-2500
2034,379937400,1761339657600,2061339657600,-1760959720200,2060959720200,-600
2035,540536400,1761458978700,2061458978700,-1760918442300,2060918442300,-2700
2036,149306500,1761107715500,2061107715500,-1760958409000,2060958409000,-1500
2037,310278000,1761227395200,2061227395200,-1760917117200,2060917117200,-3200
2038,333722200,1761291008300,2061291008300,-1760957286100,2060957286100,-1300
2039,494622800,1761410418800,2061410418800,-1760915796000,2060915796000,-2800
2040,1629361577700,1760812114200,2060812114200,-131450536500,431450536500,-1200
2041,1629702477400,1760931772800,2060931772800,-131229295400,431229295400,-2800
2042,1629797974300,1761247861100,2061247861100,-131449886800,431449886800,-1100
2043,1630139463600,1761367746700,2061367746700,-131228283100,431228283100,-2700
2044,1610006625800,1761524418600,2061524418600,-151517792800,451517792800,-600
2045,1610410789500,1761644308900,2061644308900,-151233519400,451233519400,-2900
2046,1610814890400,1761927154200,2061927154200,-151112263800,451112263800,-1200
2047,55646900,1761224889700,2061224889700,-1761169242800,2061169242800,-2700
2048,184965300,1761426380200,2061426380200,-1761241414900,2061241414900,-3200
2049,258180800,1761508262900,2061508262900,-1761250082100,2061250082100,-900
2050,388245200,1761628180800,2061628180800,-1761239935600,2061239935600,-3800
2051,460740500,1761709785400,2061709785400,-1761249044900,2061249044900,-1400
2052,13605853700,1759872822100,2059872822100,-1746266968400,2046266968400,-4100
2053,13668276200,1759954603000,2059954603000,-1746286326800,2046286326800,-1000
2054,13811765800,1760077526300,2060077526300,-1746265760500,2046265760500,-4300
2055,13874608000,1760159674300,2060159674300,-1746285066300,2046285066300,-300
2056,14017942100,1760282424900,2060282424900,-1746264482800,2046264482800,-3900
2057,14080689600,1760364673800,2060364673800,-1746283984200,2046283984200,-800
2058,14224056500,1760487203400,2060487203400,-1746263146900,2046263146900,-3400
2059,28334100,1759482185100,2059482185100,-1759453851000,2059453851000,-1100
2060,4398818700,1759189472600,2059189472600,-1754790653900,2054790653900,-3600
2061,12659700,1759185948200,2059185948200,-1759173288500,2059173288500,-1200
2062,193574300,1759318053700,2059318053700,-1759124479400,2059124479400,-2700
2063,197313900,1759365510300,2059365510300,-1759168196400,2059168196400,-1300
2064,1627436245400,1758103103600,2058103103600,-130666858200,430666858200,-2600
2065,1627645936500,1758150595500,2058150595500,-130504659000,430504659000,-1500
2066,1627761115700,1758311686900,2058311686900,-130550571200,430550571200,-2900
2067,1627855784400,1758359341200,2058359341200,-130503556800,430503556800,-1200
2068,94130900,1757989476500,2057989476500,-1757895345600,2057895345600,-3500
2069,98255900,1758037110700,2058037110700,-1757938854800,2057938854800,-1700
2070,306484700,1758200429700,2058200429700,-1757893945000,2057893945000,-3700
2071,310374500,1758248004000,2058248004000,-1757937629500,2057937629500,-2000
2072,14044300,1757906719700,2057906719700,-1757892675400,2057892675400,-3700
2073,18010900,1757953950800,2057953950800,-1757935939900,2057935939900,-1800
2074,372261600,1758263204500,2058263204500,-1757890942900,2057890942900,-3500
2075,600569000,1758310210600,2058310210600,-1757709641600,2057709641600,-2600
2076,729974900,1758619681800,2058619681800,-1757889706900,2057889706900,-3800
2077,937588100,1758645700700,2058645700700,-1757708112600,2057708112600,-2700
2078,1066808100,1758853370300,2058853370300,-1757786562200,2057786562200,-2300
2079,1146448400,1758955000400,2058955000400,-1757808552000,2057808552000,-4400
2080,1722429100,1759060991100,2059060991100,-1757338562000,2057338562000,-2100
2081,770600,1758807931900,2058807931900,-1758807161300,2058807161300,-4900
2082,75882892600,1758846910500,2058846910500,-1682964017900,1982964017900,-2500
2083,76092390100,1758963856700,2058963856700,-1682871466600,1982871466600,-4700
2084,76325548600,1759288299400,2059288299400,-1682962750800,1982962750800,-2400
2085,76534674100,1759404877800,2059404877800,-1682870203700,1982870203700,-4800
2086,81348200,1758956563300,2058956563300,-1758875215100,2058875215100,-2300
2087,160441400,1759073466000,2059073466000,-1758913024600,2058913024600,-5000
2088,304880900,1759178807900,2059178807900,-1758873927000,2058873927000,-2900
2089,383463800,1759295394400,2059295394400,-1758911930600,2058911930600,-4400
2090,19676900,1758484087300,2058484087300,-1758464410400,2058464410400,-2300
2091,178448600,1758600770800,2058600770800,-1758422322200,2058422322200,-3800
2092,202976800,1758666299900,2058666299900,-1758463323100,2058463323100,-2900
2093,361554200,1758782717200,2058782717200,-1758421163000,2058421163000,-4200
2094,386107500,1758848314500,2058848314500,-1758462207000,2058462207000,-2500
2095,162587900,1758159920300,2058159920300,-1757997332400,2057997332400,-4300
2096,186648300,1758225415400,2058225415400,-1758038767100,2058038767100,-2400
2097,34031600,1757566387700,2057566387700,-1757532356100,2057532356100,-4700
2098,265216800,1757631775000,2057631775000,-1757366558200,2057366558200,-2000
2099,269288700,1757795967300,2057795967300,-1757526678600,2057526678600,-4300
2100,496486300,1757861682200,2057861682200,-1757365195900,2057365195900,-2200
2101,500488100,1758025384200,2058025384200,-1757524896100,2057524896100,-5200
2102,1064100,1758082338200,2058082338200,-1758081274100,2058081274100,-2200
2103,2376014000,1758242017100,2058242017100,-1755866003100,2055866003100,-5100
2104,2379907800,1758332873600,2058332873600,-1755952965800,2055952965800,-2600
2105,234037600,1757528202700,2057528202700,-1757294165100,2057294165100,-5700
2106,237803400,1757619010100,2057619010100,-1757381206700,2057381206700,-3100
2107,430791200,1757723544200,2057723544200,-1757292753000,2057292753000,-5200
2108,434616600,1757814354600,2057814354600,-1757379738000,2057379738000,-2600
2109,1761463912300,1757119136500,2057119136500,4344775800,295655224200,-5500
2110,1761468846700,1757209550300,2057209550300,4259296400,295740703600,-2300
2111,954854523800,1761767895900,2061767895900,-806913372100,1106913372100,-4900
2112,954958471700,1761857842500,2061857842500,-806899370800,1106899370800,-2500
2113,959190335300,1762000817100,2062000817100,-802810481800,1102810481800,-5100
2114,959424342600,1762090530200,2062090530200,-802666187600,1102666187600,-3200
2115,959658445700,1762233494900,2062233494900,-802575049200,1102575049200,-4900
2116,959892605000,1762323378500,2062323378500,-802430773500,1102430773500,-3500
2117,959959205100,1762466746200,2062466746200,-802507541100,1102507541100,-5200
2118,960126417300,1762556038500,2062556038500,-802429621200,1102429621200,-3500
2119,949770599300,1762629930400,2062629930400,-812859331100,1112859331100,-4400
2120,950037467800,1762719004300,2062719004300,-812681536500,1112681536500,-3300
2121,950305074100,1762895750500,2062895750500,-812590676400,1112590676400,-5500
2122,950571977000,1762984903800,2062984903800,-812412926800,1112412926800,-3800
2123,939326618500,1761828958300,2061828958300,-822502339800,1122502339800,-5300
2124,939387672600,1761918019900,2061918019900,-822530347300,1122530347300,-2900
2125,939798219500,1762299196500,2062299196500,-822500977000,1122500977000,-5500
2126,939858899400,1762388247300,2062388247300,-822529347900,1122529347900,-2300
2127,969100,1762197988000,2062197988000,-1762197018900,2062197018900,-6000
2128,144302700,1762286740500,2062286740500,-1762142437800,2062142437800,-2500
2129,221671600,1762417580300,2062417580300,-1762195908700,2062195908700,-6300
2130,365016600,1762506430600,2062506430600,-1762141414000,2062141414000,-2600
2131,1612017288400,1761644617200,2061644617200,-149627328800,449627328800,-6200
2132,1612256595700,1761733390000,2061733390000,-149476794300,449476794300,-2000
2133,1612358873600,1761882947600,2061882947600,-149524074000,449524074000,-5600
2134,1612496099700,1761972032800,2061972032800,-149475933100,449475933100,-1800
2135,1612598089300,1762121385100,2062121385100,-149523295800,449523295800,-6100
2136,1612735354700,1762210417700,2062210417700,-149475063000,449475063000,-2700
2137,1612837189100,1762359768300,2062359768300,-149522579200,449522579200,-6300
2138,25300400,1762417561900,2062417561900,-1762392261500,2062392261500,-2900
2139,206954200,1762566861400,2062566861400,-1762359907200,2062359907200,-6400
2140,352196000,1762597619200,2062597619200,-1762245423200,2062245423200,-3200
2141,388178300,1762747038100,2062747038100,-1762358859800,2062358859800,-6100
2142,533407100,1762777505600,2062777505600,-1762244098500,2062244098500,-2600
2143,922870583600,1761115620400,2061115620400,-838245036800,1138245036800,-6400
2144,923266751400,1761145980700,2061145980700,-837879229300,1137879229300,-2700
2145,923662850000,1761510751700,2061510751700,-837847901700,1137847901700,-6700
2146,924058971300,1761540911900,2061540911900,-837481940600,1137481940600,-3900
2147,72494900,1761431056700,2061431056700,-1761358561800,2061358561800,-6700
2148,212825500,1761461333800,2061461333800,-1761248508300,2061248508300,-3800
2149,288366400,1761645956000,2061645956000,-1761357589600,2061357589600,-6000
2150,428875800,1761676098200,2061676098200,-1761247222400,2061247222400,-3200
