overlay,level,k,policy,family,promise_s,b0_base_s,eta,gam_base_s,realised_promise_s,p99_dl_s,harm_s,gap_closed,fcfs_p99_dl_s,sjf_p99_dl_s
0,0,7,SJF,reference,-1.0,-1.0,-1.0,-1.0,inf,20.5380938,551.0178420000001,1.0,46.810330779999894,20.5380938
0,0,7,SPJF-E,reference,-1.0,-1.0,-1.0,-1.0,inf,26.712738659999996,213.298946,0.7649745293976858,46.810330779999894,20.5380938
0,0,7,FIX-B15,fixed,-1.0,15.0,0.0,0.0,166.60714285714286,41.98753183999975,66.635225,0.18357016738512102,46.810330779999894,20.5380938
0,0,7,FIX-B17.99,fixed,-1.0,17.99,0.0,0.0,167.35464285714286,41.39956495999983,66.635225,0.2059499472435136,46.810330779999894,20.5380938
0,0,7,FIX-B21.576,fixed,-1.0,21.576,0.0,0.0,168.25114285714287,40.724799199999985,66.635225,0.2316335523553858,46.810330779999894,20.5380938
0,0,7,FIX-B25.877,fixed,-1.0,25.877,0.0,0.0,169.32639285714285,40.14178155999996,66.635225,0.25382494932108207,46.810330779999894,20.5380938
0,0,7,FIX-B30,fixed,-1.0,30.0,0.0,0.0,170.35714285714286,39.556391879999936,71.31791199999999,0.2761066332311984,46.810330779999894,20.5380938
0,0,7,FIX-B31.035,fixed,-1.0,31.035,0.0,0.0,170.61589285714285,39.44627009999991,71.31791199999999,0.28029819788874394,46.810330779999894,20.5380938
0,0,7,FIX-B37.222,fixed,-1.0,37.222,0.0,0.0,172.16264285714286,38.63717057999988,71.31791199999999,0.3110949481089845,46.810330779999894,20.5380938
0,0,7,FIX-B44.641,fixed,-1.0,44.641,0.0,0.0,174.01739285714285,37.807403719999975,71.31791199999999,0.342678359168788,46.810330779999894,20.5380938
0,0,7,FIX-B53.54,fixed,-1.0,53.54,0.0,0.0,176.24214285714285,36.974818359999986,71.565831,0.3743690507773407,46.810330779999894,20.5380938
0,0,7,FIX-B60,fixed,-1.0,60.0,0.0,0.0,177.85714285714286,36.37626653999999,82.73418500000001,0.39715172514403635,46.810330779999894,20.5380938
0,0,7,FIX-B64.212,fixed,-1.0,64.212,0.0,0.0,178.91014285714286,35.98474536,90.037377,0.4120541934910614,46.810330779999894,20.5380938
0,0,7,FIX-B77.012,fixed,-1.0,77.012,0.0,0.0,182.11014285714288,35.286639159999936,92.97118200000001,0.4386262056319197,46.810330779999894,20.5380938
0,0,7,FIX-B92.363,fixed,-1.0,92.363,0.0,0.0,185.94789285714285,34.52030489999981,92.97118200000001,0.4677951820149932,46.810330779999894,20.5380938
0,0,7,FIX-B110.774,fixed,-1.0,110.774,0.0,0.0,190.55064285714286,33.71842391999996,93.024713,0.49831717299011624,46.810330779999894,20.5380938
0,0,7,FIX-B120,fixed,-1.0,120.0,0.0,0.0,192.85714285714286,33.354321299999974,93.024713,0.5121760088508449,46.810330779999894,20.5380938
0,0,7,FIX-B132.855,fixed,-1.0,132.855,0.0,0.0,196.07089285714287,32.72683556,93.026459,0.5360599948425082,46.810330779999894,20.5380938
0,0,7,FIX-B159.338,fixed,-1.0,159.338,0.0,0.0,202.69164285714285,31.875176819999993,93.064231,0.5684766764006237,46.810330779999894,20.5380938
0,0,7,FIX-B191.099,fixed,-1.0,191.099,0.0,0.0,210.63189285714287,31.270774219999986,93.37913,0.5914820489716811,46.810330779999894,20.5380938
0,0,7,FIX-B229.192,fixed,-1.0,229.192,0.0,0.0,220.15514285714286,30.540761779999976,93.38233600000001,0.6192685081359974,46.810330779999894,20.5380938
0,0,7,FIX-B240,fixed,-1.0,240.0,0.0,0.0,222.85714285714286,30.380202259999983,93.38233600000001,0.6253798841913452,46.810330779999894,20.5380938
0,0,7,FIX-B274.878,fixed,-1.0,274.878,0.0,0.0,231.57664285714287,29.737650419999937,104.21192900000001,0.6498373310577539,46.810330779999894,20.5380938
0,0,7,FIX-B329.671,fixed,-1.0,329.671,0.0,0.0,245.27489285714285,29.171883519999945,114.97379000000001,0.6713721132093724,46.810330779999894,20.5380938
0,0,7,FIX-B360,fixed,-1.0,360.0,0.0,0.0,252.85714285714286,28.943230859999947,117.04125,0.6800753180477751,46.810330779999894,20.5380938
0,0,7,FIX-B395.386,fixed,-1.0,395.386,0.0,0.0,261.7036428571429,28.742759699999965,117.237031,0.6877058506191962,46.810330779999894,20.5380938
0,0,7,FIX-B474.201,fixed,-1.0,474.201,0.0,0.0,281.4073928571429,28.35882289999991,156.545771,0.7023196347553674,46.810330779999894,20.5380938
0,0,7,FIX-B480,fixed,-1.0,480.0,0.0,0.0,282.8571428571429,28.33063129999998,156.545771,0.7033926914585859,46.810330779999894,20.5380938
0,0,7,FIX-B568.726,fixed,-1.0,568.726,0.0,0.0,305.03864285714286,27.751996679999955,162.625707,0.725417257560076,46.810330779999894,20.5380938
0,0,7,FIX-B600,fixed,-1.0,600.0,0.0,0.0,312.8571428571429,27.843395879999907,163.03044799999998,0.7219383303537811,46.810330779999894,20.5380938
0,0,7,FIX-B682.093,fixed,-1.0,682.093,0.0,0.0,333.38039285714285,27.517864999999993,193.361656,0.7343290103041685,46.810330779999894,20.5380938
0,0,7,FIX-B818.058,fixed,-1.0,818.058,0.0,0.0,367.3716428571429,27.35969685999998,208.941052,0.7403493632767921,46.810330779999894,20.5380938
0,0,7,FIX-B981.126,fixed,-1.0,981.126,0.0,0.0,408.1386428571428,27.334313539999997,213.298946,0.7413155284350658,46.810330779999894,20.5380938
0,0,7,FIX-B1176.7,fixed,-1.0,1176.699,0.0,0.0,457.0318928571429,27.08608725999997,213.298946,0.7507637638551783,46.810330779999894,20.5380938
0,0,7,FIX-B1411.26,fixed,-1.0,1411.256,0.0,0.0,515.6711428571429,27.12618389999995,213.298946,0.7492375656852049,46.810330779999894,20.5380938
0,0,7,FIX-B1692.57,fixed,-1.0,1692.569,0.0,0.0,585.9993928571429,26.98175813999993,213.298946,0.7547348425295776,46.810330779999894,20.5380938
0,0,7,FIX-B2029.96,fixed,-1.0,2029.958,0.0,0.0,670.3466428571429,26.914481639999984,213.298946,0.7572955875491646,46.810330779999894,20.5380938
0,0,7,FIX-B2434.6,fixed,-1.0,2434.6,0.0,0.0,771.5071428571429,26.867232679999997,213.298946,0.7590940244327826,46.810330779999894,20.5380938
0,0,7,FIX-B2919.9,fixed,-1.0,2919.901,0.0,0.0,892.832392857143,26.83207221999999,213.298946,0.760432336812759,46.810330779999894,20.5380938
0,0,7,FIX-B3501.94,fixed,-1.0,3501.94,0.0,0.0,1038.3421428571428,26.708849459999996,213.298946,0.7651225639941672,46.810330779999894,20.5380938
0,0,7,FIX-B4200,fixed,-1.0,4200.0,0.0,0.0,1212.857142857143,26.719738179999947,213.298946,0.7647081067095348,46.810330779999894,20.5380938
0,0,7,FIXEQ-G300,fixed,300.0,inf,0.0,0.0,300.0,27.97587237999994,162.625707,0.7168958781217581,46.810330779999894,20.5380938
0,0,7,CAP-G300-B0-e0,capped,300.0,0.0,0.0,0.0,162.85714285714286,46.810330779999894,0.0,0.0,46.810330779999894,20.5380938
0,0,7,CAP-G300-B0-e0.25,capped,300.0,0.0,0.25,0.0,217.14285714285714,33.55164637999999,93.192052,0.5046652255037615,46.810330779999894,20.5380938
0,0,7,CAP-G300-B0-e0.5,capped,300.0,0.0,0.5,0.0,300.0,29.7000572,93.37913,0.6512682415671466,46.810330779999894,20.5380938
0,0,7,CAP-G300-B0-e0.75,capped,300.0,0.0,0.75,0.0,300.0,28.236803299999895,99.959845,0.7069640660648484,46.810330779999894,20.5380938
0,0,7,CAP-G300-B0-e0.9,capped,300.0,0.0,0.9,0.0,300.0,28.07240169999996,120.62225699999999,0.7132216831883954,46.810330779999894,20.5380938
0,0,7,CAP-G300-B0-e0.95,capped,300.0,0.0,0.95,0.0,300.0,28.00306519999999,120.62225699999999,0.7158608379757382,46.810330779999894,20.5380938
0,0,7,CAP-G300-B15-e0,capped,300.0,15.0,0.0,0.0,166.60714285714286,41.98753183999975,66.635225,0.18357016738512102,46.810330779999894,20.5380938
0,0,7,CAP-G300-B15-e0.25,capped,300.0,15.0,0.25,0.0,222.14285714285714,32.56589165999993,93.024713,0.542186001551514,46.810330779999894,20.5380938
0,0,7,CAP-G300-B15-e0.5,capped,300.0,15.0,0.5,0.0,300.0,29.65875483999998,93.37913,0.6528403330503143,46.810330779999894,20.5380938
0,0,7,CAP-G300-B15-e0.75,capped,300.0,15.0,0.75,0.0,300.0,28.17605321999998,99.979555,0.7092763959987692,46.810330779999894,20.5380938
0,0,7,CAP-G300-B15-e0.9,capped,300.0,15.0,0.9,0.0,300.0,28.024654159999987,120.62225699999999,0.7150390975195894,46.810330779999894,20.5380938
0,0,7,CAP-G300-B15-e0.95,capped,300.0,15.0,0.95,0.0,300.0,27.97662945999995,153.130538,0.7168670613902182,46.810330779999894,20.5380938
0,0,7,CAP-G300-B30-e0,capped,300.0,30.0,0.0,0.0,170.35714285714286,39.556391879999936,71.31791199999999,0.2761066332311984,46.810330779999894,20.5380938
0,0,7,CAP-G300-B30-e0.25,capped,300.0,30.0,0.25,0.0,227.14285714285714,31.87001923999991,93.024713,0.5686729893375088,46.810330779999894,20.5380938
0,0,7,CAP-G300-B30-e0.5,capped,300.0,30.0,0.5,0.0,300.0,29.226110919999996,93.38233600000001,0.6693080560055137,46.810330779999894,20.5380938
0,0,7,CAP-G300-B30-e0.75,capped,300.0,30.0,0.75,0.0,300.0,28.088372339999946,113.648885,0.7126137928130101,46.810330779999894,20.5380938
0,0,7,CAP-G300-B30-e0.9,capped,300.0,30.0,0.9,0.0,300.0,27.95613399999998,154.446606,0.717647179962366,46.810330779999894,20.5380938
0,0,7,CAP-G300-B30-e0.95,capped,300.0,30.0,0.95,0.0,300.0,27.97587237999994,162.625707,0.7168958781217581,46.810330779999894,20.5380938
0,0,7,CAP-G300-B60-e0,capped,300.0,60.0,0.0,0.0,177.85714285714286,36.37626653999999,82.73418500000001,0.39715172514403635,46.810330779999894,20.5380938
0,0,7,CAP-G300-B60-e0.25,capped,300.0,60.0,0.25,0.0,237.14285714285714,31.13083919999998,93.064231,0.5968083948061272,46.810330779999894,20.5380938
0,0,7,CAP-G300-B60-e0.5,capped,300.0,60.0,0.5,0.0,300.0,28.752292459999957,98.19573500000001,0.6873430052319819,46.810330779999894,20.5380938
0,0,7,CAP-G300-B60-e0.75,capped,300.0,60.0,0.75,0.0,300.0,27.99237383999994,117.703871,0.7162677831478677,46.810330779999894,20.5380938
0,0,7,CAP-G300-B60-e0.9,capped,300.0,60.0,0.9,0.0,300.0,27.97587237999994,162.625707,0.7168958781217581,46.810330779999894,20.5380938
0,0,7,CAP-G300-B60-e0.95,capped,300.0,60.0,0.95,0.0,300.0,27.97587237999994,162.625707,0.7168958781217581,46.810330779999894,20.5380938
0,0,7,CAP-G300-B120-e0,capped,300.0,120.0,0.0,0.0,192.85714285714286,33.354321299999974,93.024713,0.5121760088508449,46.810330779999894,20.5380938
0,0,7,CAP-G300-B120-e0.25,capped,300.0,120.0,0.25,0.0,257.14285714285717,29.828065959999968,93.38233600000001,0.6463958448961887,46.810330779999894,20.5380938
0,0,7,CAP-G300-B120-e0.5,capped,300.0,120.0,0.5,0.0,300.0,28.00009893999998,113.63677600000001,0.7159737427124864,46.810330779999894,20.5380938
0,0,7,CAP-G300-B120-e0.75,capped,300.0,120.0,0.75,0.0,300.0,27.97587237999994,162.625707,0.7168958781217581,46.810330779999894,20.5380938
0,0,7,CAP-G300-B120-e0.9,capped,300.0,120.0,0.9,0.0,300.0,27.97587237999994,162.625707,0.7168958781217581,46.810330779999894,20.5380938
0,0,7,CAP-G300-B120-e0.95,capped,300.0,120.0,0.95,0.0,300.0,27.97587237999994,162.625707,0.7168958781217581,46.810330779999894,20.5380938
0,0,7,CAP-G300-B240-e0,capped,300.0,240.0,0.0,0.0,222.85714285714286,30.380202259999983,93.38233600000001,0.6253798841913452,46.810330779999894,20.5380938
0,0,7,CAP-G300-B240-e0.25,capped,300.0,240.0,0.25,0.0,297.14285714285717,28.177626,115.476169,0.7092165312829775,46.810330779999894,20.5380938
0,0,7,CAP-G300-B240-e0.5,capped,300.0,240.0,0.5,0.0,300.0,27.98554955999998,162.625707,0.7165275356769406,46.810330779999894,20.5380938
0,0,7,CAP-G300-B240-e0.75,capped,300.0,240.0,0.75,0.0,300.0,27.97587237999994,162.625707,0.7168958781217581,46.810330779999894,20.5380938
0,0,7,CAP-G300-B240-e0.9,capped,300.0,240.0,0.9,0.0,300.0,27.97587237999994,162.625707,0.7168958781217581,46.810330779999894,20.5380938
0,0,7,CAP-G300-B240-e0.95,capped,300.0,240.0,0.95,0.0,300.0,27.97587237999994,162.625707,0.7168958781217581,46.810330779999894,20.5380938
0,0,7,CAP-G300-B360-e0,capped,300.0,360.0,0.0,0.0,252.85714285714286,28.943230859999947,117.04125,0.6800753180477751,46.810330779999894,20.5380938
0,0,7,CAP-G300-B360-e0.25,capped,300.0,360.0,0.25,0.0,300.0,27.971535,156.759135,0.7170609717909133,46.810330779999894,20.5380938
0,0,7,CAP-G300-B360-e0.5,capped,300.0,360.0,0.5,0.0,300.0,27.97587237999994,162.625707,0.7168958781217581,46.810330779999894,20.5380938
0,0,7,CAP-G300-B360-e0.75,capped,300.0,360.0,0.75,0.0,300.0,27.97587237999994,162.625707,0.7168958781217581,46.810330779999894,20.5380938
0,0,7,CAP-G300-B360-e0.9,capped,300.0,360.0,0.9,0.0,300.0,27.97587237999994,162.625707,0.7168958781217581,46.810330779999894,20.5380938
0,0,7,CAP-G300-B360-e0.95,capped,300.0,360.0,0.95,0.0,300.0,27.97587237999994,162.625707,0.7168958781217581,46.810330779999894,20.5380938
0,0,7,CAP-G300-B480-e0,capped,300.0,480.0,0.0,0.0,282.8571428571429,28.33063129999998,156.545771,0.7033926914585859,46.810330779999894,20.5380938
0,0,7,CAP-G300-B480-e0.25,capped,300.0,480.0,0.25,0.0,300.0,27.97587237999994,162.625707,0.7168958781217581,46.810330779999894,20.5380938
0,0,7,CAP-G300-B480-e0.5,capped,300.0,480.0,0.5,0.0,300.0,27.97587237999994,162.625707,0.7168958781217581,46.810330779999894,20.5380938
0,0,7,CAP-G300-B480-e0.75,capped,300.0,480.0,0.75,0.0,300.0,27.97587237999994,162.625707,0.7168958781217581,46.810330779999894,20.5380938
0,0,7,CAP-G300-B480-e0.9,capped,300.0,480.0,0.9,0.0,300.0,27.97587237999994,162.625707,0.7168958781217581,46.810330779999894,20.5380938
0,0,7,CAP-G300-B480-e0.95,capped,300.0,480.0,0.95,0.0,300.0,27.97587237999994,162.625707,0.7168958781217581,46.810330779999894,20.5380938
0,0,7,HYB-G300-B0-g1-e0,hybrid,300.0,0.0,0.0,1.0,300.0,33.44992919999985,45.124669,0.5085368859214704,46.810330779999894,20.5380938
0,0,7,HYB-G300-B0-g1-e0.9,hybrid,300.0,0.0,0.9,1.0,300.0,27.98554955999998,120.62225699999999,0.7165275356769406,46.810330779999894,20.5380938
0,0,7,HYB-G300-B0-g4-e0,hybrid,300.0,0.0,0.0,4.0,300.0,29.65832565999989,66.329398,0.6528566689261065,46.810330779999894,20.5380938
0,0,7,HYB-G300-B0-g4-e0.9,hybrid,300.0,0.0,0.9,4.0,300.0,27.987119939999992,153.07089499999998,0.716467762312335,46.810330779999894,20.5380938
0,0,7,HYB-G300-B0-g16-e0,hybrid,300.0,0.0,0.0,16.0,300.0,28.084304299999964,92.34762900000001,0.7127686345953478,46.810330779999894,20.5380938
0,0,7,HYB-G300-B0-g16-e0.9,hybrid,300.0,0.0,0.9,16.0,300.0,27.977122379999987,162.625707,0.7168482993791868,46.810330779999894,20.5380938
0,0,7,HYB-G300-B30-g1-e0,hybrid,300.0,30.0,0.0,1.0,300.0,31.732598799999987,71.31791199999999,0.5739036227283592,46.810330779999894,20.5380938
0,0,7,HYB-G300-B30-g1-e0.9,hybrid,300.0,30.0,0.9,1.0,300.0,27.97587237999994,153.130538,0.7168958781217581,46.810330779999894,20.5380938
0,0,7,HYB-G300-B30-g4-e0,hybrid,300.0,30.0,0.0,4.0,300.0,29.269177339999988,71.31791199999999,0.6676688191170532,46.810330779999894,20.5380938
0,0,7,HYB-G300-B30-g4-e0.9,hybrid,300.0,30.0,0.9,4.0,300.0,27.97587237999994,162.625707,0.7168958781217581,46.810330779999894,20.5380938
0,0,7,HYB-G300-B30-g16-e0,hybrid,300.0,30.0,0.0,16.0,300.0,28.093673379999906,107.15525600000001,0.7124120193590026,46.810330779999894,20.5380938
0,0,7,HYB-G300-B30-g16-e0.9,hybrid,300.0,30.0,0.9,16.0,300.0,27.97587237999994,162.625707,0.7168958781217581,46.810330779999894,20.5380938
0,0,7,HYB-G300-B120-g1-e0,hybrid,300.0,120.0,0.0,1.0,300.0,30.115717919999977,93.024713,0.6354469500525944,46.810330779999894,20.5380938
0,0,7,HYB-G300-B120-g1-e0.9,hybrid,300.0,120.0,0.9,1.0,300.0,27.97587237999994,162.625707,0.7168958781217581,46.810330779999894,20.5380938
0,0,7,HYB-G300-B120-g4-e0,hybrid,300.0,120.0,0.0,4.0,300.0,28.72335043999996,93.024713,0.6884446251672021,46.810330779999894,20.5380938
0,0,7,HYB-G300-B120-g4-e0.9,hybrid,300.0,120.0,0.9,4.0,300.0,27.97587237999994,162.625707,0.7168958781217581,46.810330779999894,20.5380938
0,0,7,HYB-G300-B120-g16-e0,hybrid,300.0,120.0,0.0,16.0,300.0,28.080938,124.65938700000001,0.7128967660522362,46.810330779999894,20.5380938
0,0,7,HYB-G300-B120-g16-e0.9,hybrid,300.0,120.0,0.9,16.0,300.0,27.97587237999994,162.625707,0.7168958781217581,46.810330779999894,20.5380938
0,0,7,FIXEQ-G600,fixed,600.0,inf,0.0,0.0,600.0,26.938176279999894,213.298946,0.7563936986076958,46.810330779999894,20.5380938
0,0,7,CAP-G600-B0-e0,capped,600.0,0.0,0.0,0.0,162.85714285714286,46.810330779999894,0.0,0.0,46.810330779999894,20.5380938
0,0,7,CAP-G600-B0-e0.25,capped,600.0,0.0,0.25,0.0,217.14285714285714,33.575225259999996,93.192052,0.5037677427344808,46.810330779999894,20.5380938
0,0,7,CAP-G600-B0-e0.5,capped,600.0,0.0,0.5,0.0,325.7142857142857,29.306359579999878,93.37913,0.6662535517369593,46.810330779999894,20.5380938
0,0,7,CAP-G600-B0-e0.75,capped,600.0,0.0,0.75,0.0,600.0,27.44354285999999,99.959845,0.7371579334771965,46.810330779999894,20.5380938
0,0,7,CAP-G600-B0-e0.9,capped,600.0,0.0,0.9,0.0,600.0,27.09862011999991,120.62225699999999,0.7502867256794995,46.810330779999894,20.5380938
0,0,7,CAP-G600-B0-e0.95,capped,600.0,0.0,0.95,0.0,600.0,26.968951499999996,120.62225699999999,0.7552223015917686,46.810330779999894,20.5380938
0,0,7,CAP-G600-B15-e0,capped,600.0,15.0,0.0,0.0,166.60714285714286,41.98753183999975,66.635225,0.18357016738512102,46.810330779999894,20.5380938
0,0,7,CAP-G600-B15-e0.25,capped,600.0,15.0,0.25,0.0,222.14285714285714,32.51648645999998,93.024713,0.5440665113854332,46.810330779999894,20.5380938
0,0,7,CAP-G600-B15-e0.5,capped,600.0,15.0,0.5,0.0,333.2142857142857,29.219841639999967,93.37913,0.6695466835728884,46.810330779999894,20.5380938
0,0,7,CAP-G600-B15-e0.75,capped,600.0,15.0,0.75,0.0,600.0,27.271621979999974,99.979555,0.7437017569106898,46.810330779999894,20.5380938
0,0,7,CAP-G600-B15-e0.9,capped,600.0,15.0,0.9,0.0,600.0,26.97239001999998,120.62225699999999,0.7550914212254488,46.810330779999894,20.5380938
0,0,7,CAP-G600-B15-e0.95,capped,600.0,15.0,0.95,0.0,600.0,26.94194611999999,153.543343,0.7562502072101811,46.810330779999894,20.5380938
0,0,7,CAP-G600-B30-e0,capped,600.0,30.0,0.0,0.0,170.35714285714286,39.556391879999936,71.31791199999999,0.2761066332311984,46.810330779999894,20.5380938
0,0,7,CAP-G600-B30-e0.25,capped,600.0,30.0,0.25,0.0,227.14285714285714,31.875247,93.024713,0.5684740051397006,46.810330779999894,20.5380938
0,0,7,CAP-G600-B30-e0.5,capped,600.0,30.0,0.5,0.0,340.7142857142857,28.96616977999999,93.38233600000001,0.679202194072169,46.810330779999894,20.5380938
0,0,7,CAP-G600-B30-e0.75,capped,600.0,30.0,0.75,0.0,600.0,27.153188379999907,113.648885,0.748209694323489,46.810330779999894,20.5380938
0,0,7,CAP-G600-B30-e0.9,capped,600.0,30.0,0.9,0.0,600.0,26.948534079999984,154.97592500000002,0.755999449727862,46.810330779999894,20.5380938
0,0,7,CAP-G600-B30-e0.95,capped,600.0,30.0,0.95,0.0,600.0,26.941694119999973,193.74176,0.7562597990846839,46.810330779999894,20.5380938
0,0,7,CAP-G600-B60-e0,capped,600.0,60.0,0.0,0.0,177.85714285714286,36.37626653999999,82.73418500000001,0.39715172514403635,46.810330779999894,20.5380938
0,0,7,CAP-G600-B60-e0.25,capped,600.0,60.0,0.25,0.0,237.14285714285714,31.09443409999998,93.064231,0.5981940819110249,46.810330779999894,20.5380938
0,0,7,CAP-G600-B60-e0.5,capped,600.0,60.0,0.5,0.0,355.7142857142857,28.173198,98.19573500000001,0.7093850742206562,46.810330779999894,20.5380938
0,0,7,CAP-G600-B60-e0.75,capped,600.0,60.0,0.75,0.0,600.0,27.00752021999999,117.703871,0.7537542606316725,46.810330779999894,20.5380938
0,0,7,CAP-G600-B60-e0.9,capped,600.0,60.0,0.9,0.0,600.0,26.94357359999996,193.839104,0.7561882604486164,46.810330779999894,20.5380938
0,0,7,CAP-G600-B60-e0.95,capped,600.0,60.0,0.95,0.0,600.0,26.938176279999894,213.298946,0.7563936986076958,46.810330779999894,20.5380938
0,0,7,CAP-G600-B120-e0,capped,600.0,120.0,0.0,0.0,192.85714285714286,33.354321299999974,93.024713,0.5121760088508449,46.810330779999894,20.5380938
0,0,7,CAP-G600-B120-e0.25,capped,600.0,120.0,0.25,0.0,257.14285714285717,29.72114949999993,93.38233600000001,0.6504654054776279,46.810330779999894,20.5380938
0,0,7,CAP-G600-B120-e0.5,capped,600.0,120.0,0.5,0.0,385.7142857142857,27.32816973999995,113.63677600000001,0.741549379857947,46.810330779999894,20.5380938
0,0,7,CAP-G600-B120-e0.75,capped,600.0,120.0,0.75,0.0,600.0,27.019207999999963,163.03044799999998,0.7533093887310089,46.810330779999894,20.5380938
0,0,7,CAP-G600-B120-e0.9,capped,600.0,120.0,0.9,0.0,600.0,26.938176279999894,213.298946,0.7563936986076958,46.810330779999894,20.5380938
0,0,7,CAP-G600-B120-e0.95,capped,600.0,120.0,0.95,0.0,600.0,26.938176279999894,213.298946,0.7563936986076958,46.810330779999894,20.5380938
0,0,7,CAP-G600-B240-e0,capped,600.0,240.0,0.0,0.0,222.85714285714286,30.380202259999983,93.38233600000001,0.6253798841913452,46.810330779999894,20.5380938
0,0,7,CAP-G600-B240-e0.25,capped,600.0,240.0,0.25,0.0,297.14285714285717,27.993288979999967,115.476169,0.7162329501794865,46.810330779999894,20.5380938
0,0,7,CAP-G600-B240-e0.5,capped,600.0,240.0,0.5,0.0,445.7142857142857,27.145320959999978,162.625707,0.7485091518841801,46.810330779999894,20.5380938
0,0,7,CAP-G600-B240-e0.75,capped,600.0,240.0,0.75,0.0,600.0,26.876180119999944,213.298946,0.7587534580772508,46.810330779999894,20.5380938
0,0,7,CAP-G600-B240-e0.9,capped,600.0,240.0,0.9,0.0,600.0,26.938176279999894,213.298946,0.7563936986076958,46.810330779999894,20.5380938
0,0,7,CAP-G600-B240-e0.95,capped,600.0,240.0,0.95,0.0,600.0,26.938176279999894,213.298946,0.7563936986076958,46.810330779999894,20.5380938
0,0,7,CAP-G600-B360-e0,capped,600.0,360.0,0.0,0.0,252.85714285714286,28.943230859999947,117.04125,0.6800753180477751,46.810330779999894,20.5380938
0,0,7,CAP-G600-B360-e0.25,capped,600.0,360.0,0.25,0.0,337.14285714285717,27.50780713999999,156.759135,0.7347118425695619,46.810330779999894,20.5380938
0,0,7,CAP-G600-B360-e0.5,capped,600.0,360.0,0.5,0.0,505.7142857142857,27.170319279999955,193.55199,0.7475576409786182,46.810330779999894,20.5380938
0,0,7,CAP-G600-B360-e0.75,capped,600.0,360.0,0.75,0.0,600.0,26.938176279999894,213.298946,0.7563936986076958,46.810330779999894,20.5380938
0,0,7,CAP-G600-B360-e0.9,capped,600.0,360.0,0.9,0.0,600.0,26.938176279999894,213.298946,0.7563936986076958,46.810330779999894,20.5380938
0,0,7,CAP-G600-B360-e0.95,capped,600.0,360.0,0.95,0.0,600.0,26.938176279999894,213.298946,0.7563936986076958,46.810330779999894,20.5380938
0,0,7,CAP-G600-B480-e0,capped,600.0,480.0,0.0,0.0,282.8571428571429,28.33063129999998,156.545771,0.7033926914585859,46.810330779999894,20.5380938
0,0,7,CAP-G600-B480-e0.25,capped,600.0,480.0,0.25,0.0,377.14285714285717,27.297652839999976,193.361656,0.7427109444412447,46.810330779999894,20.5380938
0,0,7,CAP-G600-B480-e0.5,capped,600.0,480.0,0.5,0.0,565.7142857142858,26.97239001999998,213.298946,0.7550914212254488,46.810330779999894,20.5380938
0,0,7,CAP-G600-B480-e0.75,capped,600.0,480.0,0.75,0.0,600.0,26.938176279999894,213.298946,0.7563936986076958,46.810330779999894,20.5380938
0,0,7,CAP-G600-B480-e0.9,capped,600.0,480.0,0.9,0.0,600.0,26.938176279999894,213.298946,0.7563936986076958,46.810330779999894,20.5380938
0,0,7,CAP-G600-B480-e0.95,capped,600.0,480.0,0.95,0.0,600.0,26.938176279999894,213.298946,0.7563936986076958,46.810330779999894,20.5380938
0,0,7,CAP-G600-B600-e0,capped,600.0,600.0,0.0,0.0,312.8571428571429,27.843395879999907,163.03044799999998,0.7219383303537811,46.810330779999894,20.5380938
0,0,7,CAP-G600-B600-e0.25,capped,600.0,600.0,0.25,0.0,417.14285714285717,27.10315435999999,207.126912,0.7501141389293292,46.810330779999894,20.5380938
0,0,7,CAP-G600-B600-e0.5,capped,600.0,600.0,0.5,0.0,600.0,26.910522019999817,213.298946,0.7574463025416938,46.810330779999894,20.5380938
0,0,7,CAP-G600-B600-e0.75,capped,600.0,600.0,0.75,0.0,600.0,26.938176279999894,213.298946,0.7563936986076958,46.810330779999894,20.5380938
0,0,7,CAP-G600-B600-e0.9,capped,600.0,600.0,0.9,0.0,600.0,26.938176279999894,213.298946,0.7563936986076958,46.810330779999894,20.5380938
0,0,7,CAP-G600-B600-e0.95,capped,600.0,600.0,0.95,0.0,600.0,26.938176279999894,213.298946,0.7563936986076958,46.810330779999894,20.5380938
0,0,7,HYB-G600-B0-g1-e0,hybrid,600.0,0.0,0.0,1.0,600.0,33.37128571999991,45.124669,0.5115302922332287,46.810330779999894,20.5380938
0,0,7,HYB-G600-B0-g1-e0.9,hybrid,600.0,0.0,0.9,1.0,600.0,26.884304,120.62225699999999,0.7584442388810994,46.810330779999894,20.5380938
0,0,7,HYB-G600-B0-g4-e0,hybrid,600.0,0.0,0.0,4.0,600.0,29.22570197999998,66.329398,0.6693236214863035,46.810330779999894,20.5380938
0,0,7,HYB-G600-B0-g4-e0.9,hybrid,600.0,0.0,0.9,4.0,600.0,26.940459459999946,211.286304,0.7563067939409257,46.810330779999894,20.5380938
0,0,7,HYB-G600-B0-g16-e0,hybrid,600.0,0.0,0.0,16.0,600.0,26.978972019999976,92.34762900000001,0.7548408905985743,46.810330779999894,20.5380938
0,0,7,HYB-G600-B0-g16-e0.9,hybrid,600.0,0.0,0.9,16.0,600.0,26.935205279999987,213.298946,0.7565067837630317,46.810330779999894,20.5380938
0,0,7,HYB-G600-B30-g1-e0,hybrid,600.0,30.0,0.0,1.0,600.0,31.681008939999995,71.31791199999999,0.575867287262874,46.810330779999894,20.5380938
0,0,7,HYB-G600-B30-g1-e0.9,hybrid,600.0,30.0,0.9,1.0,600.0,26.95434643999991,153.470946,0.7557782139037352,46.810330779999894,20.5380938
0,0,7,HYB-G600-B30-g4-e0,hybrid,600.0,30.0,0.0,4.0,600.0,28.690488039999966,71.31791199999999,0.6896954665030584,46.810330779999894,20.5380938
0,0,7,HYB-G600-B30-g4-e0.9,hybrid,600.0,30.0,0.9,4.0,600.0,26.939247819999956,213.515621,0.756352912587043,46.810330779999894,20.5380938
0,0,7,HYB-G600-B30-g16-e0,hybrid,600.0,30.0,0.0,16.0,600.0,26.966737459999955,107.15525600000001,0.7553065745831293,46.810330779999894,20.5380938
0,0,7,HYB-G600-B30-g16-e0.9,hybrid,600.0,30.0,0.9,16.0,600.0,26.938176279999894,213.298946,0.7563936986076958,46.810330779999894,20.5380938
0,0,7,HYB-G600-B120-g1-e0,hybrid,600.0,120.0,0.0,1.0,600.0,30.03661387999991,93.024713,0.6384578866568998,46.810330779999894,20.5380938
0,0,7,HYB-G600-B120-g1-e0.9,hybrid,600.0,120.0,0.9,1.0,600.0,26.938176279999894,213.298946,0.7563936986076958,46.810330779999894,20.5380938
0,0,7,HYB-G600-B120-g4-e0,hybrid,600.0,120.0,0.0,4.0,600.0,28.173198,93.024713,0.7093850742206562,46.810330779999894,20.5380938
0,0,7,HYB-G600-B120-g4-e0.9,hybrid,600.0,120.0,0.9,4.0,600.0,26.938176279999894,213.298946,0.7563936986076958,46.810330779999894,20.5380938
0,0,7,HYB-G600-B120-g16-e0,hybrid,600.0,120.0,0.0,16.0,600.0,27.064514239999987,124.65938700000001,0.7515848975872014,46.810330779999894,20.5380938
0,0,7,HYB-G600-B120-g16-e0.9,hybrid,600.0,120.0,0.9,16.0,600.0,26.938176279999894,213.298946,0.7563936986076958,46.810330779999894,20.5380938
0,0,7,CAP-G1200-B0-e0,capped,1200.0,0.0,0.0,0.0,162.85714285714286,46.810330779999894,0.0,0.0,46.810330779999894,20.5380938
0,0,7,CAP-G1200-B0-e0.25,capped,1200.0,0.0,0.25,0.0,217.14285714285714,33.575225259999996,93.192052,0.5037677427344808,46.810330779999894,20.5380938
0,0,7,CAP-G1200-B0-e0.5,capped,1200.0,0.0,0.5,0.0,325.7142857142857,29.309175399999976,93.37913,0.6661463731970336,46.810330779999894,20.5380938
0,0,7,CAP-G1200-B0-e0.75,capped,1200.0,0.0,0.75,0.0,651.4285714285714,27.371266179999953,99.959845,0.7399090003184045,46.810330779999894,20.5380938
0,0,7,CAP-G1200-B0-e0.9,capped,1200.0,0.0,0.9,0.0,1200.0,26.910522019999817,120.62225699999999,0.7574463025416938,46.810330779999894,20.5380938
0,0,7,CAP-G1200-B0-e0.95,capped,1200.0,0.0,0.95,0.0,1200.0,26.71119559999997,120.62225699999999,0.7650332628812944,46.810330779999894,20.5380938
0,0,7,CAP-G1200-B15-e0.25,capped,1200.0,15.0,0.25,0.0,222.14285714285714,32.51648645999998,93.024713,0.5440665113854332,46.810330779999894,20.5380938
0,0,7,CAP-G1200-B15-e0.5,capped,1200.0,15.0,0.5,0.0,333.2142857142857,29.214071,93.37913,0.6697663314089047,46.810330779999894,20.5380938
0,0,7,CAP-G1200-B15-e0.75,capped,1200.0,15.0,0.75,0.0,666.4285714285714,27.205648659999895,99.979555,0.7462128989976885,46.810330779999894,20.5380938
0,0,7,CAP-G1200-B15-e0.9,capped,1200.0,15.0,0.9,0.0,1200.0,26.876180119999944,120.62225699999999,0.7587534580772508,46.810330779999894,20.5380938
0,0,7,CAP-G1200-B15-e0.95,capped,1200.0,15.0,0.95,0.0,1200.0,26.724530719999958,153.543343,0.7645256882880026,46.810330779999894,20.5380938
0,0,7,CAP-G1200-B30-e0.25,capped,1200.0,30.0,0.25,0.0,227.14285714285714,31.875247,93.024713,0.5684740051397006,46.810330779999894,20.5380938
0,0,7,CAP-G1200-B30-e0.5,capped,1200.0,30.0,0.5,0.0,340.7142857142857,28.96055123999978,93.38233600000001,0.6794160525267987,46.810330779999894,20.5380938
0,0,7,CAP-G1200-B30-e0.75,capped,1200.0,30.0,0.75,0.0,681.4285714285714,27.086484379999973,113.648885,0.7507486482789788,46.810330779999894,20.5380938
0,0,7,CAP-G1200-B30-e0.9,capped,1200.0,30.0,0.9,0.0,1200.0,26.73889289999994,154.97592500000002,0.7639790207160363,46.810330779999894,20.5380938
0,0,7,CAP-G1200-B30-e0.95,capped,1200.0,30.0,0.95,0.0,1200.0,26.724293,193.74176,0.764534736622948,46.810330779999894,20.5380938
0,0,7,CAP-G1200-B60-e0.25,capped,1200.0,60.0,0.25,0.0,237.14285714285714,31.09443409999998,93.064231,0.5981940819110249,46.810330779999894,20.5380938
0,0,7,CAP-G1200-B60-e0.5,capped,1200.0,60.0,0.5,0.0,355.7142857142857,28.162555259999998,98.19573500000001,0.7097901687700128,46.810330779999894,20.5380938
0,0,7,CAP-G1200-B60-e0.75,capped,1200.0,60.0,0.75,0.0,711.4285714285714,26.96374714,117.703871,0.7554203951155123,46.810330779999894,20.5380938
0,0,7,CAP-G1200-B60-e0.9,capped,1200.0,60.0,0.9,0.0,1200.0,26.72929127999994,193.839104,0.7643444871210214,46.810330779999894,20.5380938
0,0,7,CAP-G1200-B60-e0.95,capped,1200.0,60.0,0.95,0.0,1200.0,26.719738179999947,213.298946,0.7647081067095348,46.810330779999894,20.5380938
0,0,7,CAP-G1200-B120-e0.25,capped,1200.0,120.0,0.25,0.0,257.14285714285717,29.72114949999993,93.38233600000001,0.6504654054776279,46.810330779999894,20.5380938
0,0,7,CAP-G1200-B120-e0.5,capped,1200.0,120.0,0.5,0.0,385.7142857142857,27.31479,113.63677600000001,0.7420586528220321,46.810330779999894,20.5380938
0,0,7,CAP-G1200-B120-e0.75,capped,1200.0,120.0,0.75,0.0,771.4285714285714,27.00284469999998,163.03044799999998,0.7539322249216402,46.810330779999894,20.5380938
0,0,7,CAP-G1200-B120-e0.9,capped,1200.0,120.0,0.9,0.0,1200.0,26.735723,213.298946,0.7640996766008912,46.810330779999894,20.5380938
0,0,7,CAP-G1200-B120-e0.95,capped,1200.0,120.0,0.95,0.0,1200.0,26.719738179999947,213.298946,0.7647081067095348,46.810330779999894,20.5380938
0,0,7,CAP-G1200-B240-e0.25,capped,1200.0,240.0,0.25,0.0,297.14285714285717,27.993288979999967,115.476169,0.7162329501794865,46.810330779999894,20.5380938
0,0,7,CAP-G1200-B240-e0.5,capped,1200.0,240.0,0.5,0.0,445.7142857142857,27.134499279999982,162.625707,0.7489210574256928,46.810330779999894,20.5380938
0,0,7,CAP-G1200-B240-e0.75,capped,1200.0,240.0,0.75,0.0,891.4285714285714,26.787793319999974,213.298946,0.7621177243202532,46.810330779999894,20.5380938
0,0,7,CAP-G1200-B240-e0.9,capped,1200.0,240.0,0.9,0.0,1200.0,26.719738179999947,213.298946,0.7647081067095348,46.810330779999894,20.5380938
0,0,7,CAP-G1200-B240-e0.95,capped,1200.0,240.0,0.95,0.0,1200.0,26.719738179999947,213.298946,0.7647081067095348,46.810330779999894,20.5380938
0,0,7,CAP-G1200-B360-e0.25,capped,1200.0,360.0,0.25,0.0,337.14285714285717,27.50780713999999,156.759135,0.7347118425695619,46.810330779999894,20.5380938
0,0,7,CAP-G1200-B360-e0.5,capped,1200.0,360.0,0.5,0.0,505.7142857142857,27.11929,193.55199,0.7494999681599238,46.810330779999894,20.5380938
0,0,7,CAP-G1200-B360-e0.75,capped,1200.0,360.0,0.75,0.0,1011.4285714285714,26.737244159999953,213.298946,0.7640417766968551,46.810330779999894,20.5380938
0,0,7,CAP-G1200-B360-e0.9,capped,1200.0,360.0,0.9,0.0,1200.0,26.719738179999947,213.298946,0.7647081067095348,46.810330779999894,20.5380938
0,0,7,CAP-G1200-B360-e0.95,capped,1200.0,360.0,0.95,0.0,1200.0,26.719738179999947,213.298946,0.7647081067095348,46.810330779999894,20.5380938
0,0,7,CAP-G1200-B480-e0.25,capped,1200.0,480.0,0.25,0.0,377.14285714285717,27.297652839999976,193.361656,0.7427109444412447,46.810330779999894,20.5380938
0,0,7,CAP-G1200-B480-e0.5,capped,1200.0,480.0,0.5,0.0,565.7142857142858,26.924892139999987,213.298946,0.7568993327495475,46.810330779999894,20.5380938
0,0,7,CAP-G1200-B480-e0.75,capped,1200.0,480.0,0.75,0.0,1131.4285714285716,26.748247559999985,213.298946,0.7636229543480614,46.810330779999894,20.5380938
0,0,7,CAP-G1200-B480-e0.9,capped,1200.0,480.0,0.9,0.0,1200.0,26.719738179999947,213.298946,0.7647081067095348,46.810330779999894,20.5380938
0,0,7,CAP-G1200-B480-e0.95,capped,1200.0,480.0,0.95,0.0,1200.0,26.719738179999947,213.298946,0.7647081067095348,46.810330779999894,20.5380938
0,0,7,CAP-G1200-B600-e0.25,capped,1200.0,600.0,0.25,0.0,417.14285714285717,27.10315435999999,207.126912,0.7501141389293292,46.810330779999894,20.5380938
0,0,7,CAP-G1200-B600-e0.5,capped,1200.0,600.0,0.5,0.0,625.7142857142858,26.86097021999999,213.298946,0.7593323924105371,46.810330779999894,20.5380938
0,0,7,CAP-G1200-B600-e0.75,capped,1200.0,600.0,0.75,0.0,1200.0,26.723404739999996,213.298946,0.7645685464580481,46.810330779999894,20.5380938
0,0,7,CAP-G1200-B600-e0.9,capped,1200.0,600.0,0.9,0.0,1200.0,26.719738179999947,213.298946,0.7647081067095348,46.810330779999894,20.5380938
0,0,7,CAP-G1200-B600-e0.95,capped,1200.0,600.0,0.95,0.0,1200.0,26.719738179999947,213.298946,0.7647081067095348,46.810330779999894,20.5380938
0,0,7,HYB-G1200-B0-g1-e0,hybrid,1200.0,0.0,0.0,1.0,1200.0,33.37128571999991,45.124669,0.5115302922332287,46.810330779999894,20.5380938
0,0,7,HYB-G1200-B0-g1-e0.9,hybrid,1200.0,0.0,0.9,1.0,1200.0,26.698522199999996,120.62225699999999,0.7655156504301591,46.810330779999894,20.5380938
0,0,7,HYB-G1200-B0-g4-e0,hybrid,1200.0,0.0,0.0,4.0,1200.0,29.22570197999998,66.329398,0.6693236214863035,46.810330779999894,20.5380938
0,0,7,HYB-G1200-B0-g4-e0.9,hybrid,1200.0,0.0,0.9,4.0,1200.0,26.724530719999958,211.286304,0.7645256882880026,46.810330779999894,20.5380938
0,0,7,HYB-G1200-B0-g16-e0,hybrid,1200.0,0.0,0.0,16.0,1200.0,26.912926319999997,92.34762900000001,0.7573547876850788,46.810330779999894,20.5380938
0,0,7,HYB-G1200-B0-g16-e0.9,hybrid,1200.0,0.0,0.9,16.0,1200.0,26.71748117999998,213.298946,0.7647940148871174,46.810330779999894,20.5380938
0,0,7,HYB-G1200-B30-g1-e0,hybrid,1200.0,30.0,0.0,1.0,1200.0,31.681008939999995,71.31791199999999,0.575867287262874,46.810330779999894,20.5380938
0,0,7,HYB-G1200-B30-g1-e0.9,hybrid,1200.0,30.0,0.9,1.0,1200.0,26.757545819999958,153.470946,0.7632690347329539,46.810330779999894,20.5380938
0,0,7,HYB-G1200-B30-g4-e0,hybrid,1200.0,30.0,0.0,4.0,1200.0,28.690488039999966,71.31791199999999,0.6896954665030584,46.810330779999894,20.5380938
0,0,7,HYB-G1200-B30-g4-e0.9,hybrid,1200.0,30.0,0.9,4.0,1200.0,26.735723,213.515621,0.7640996766008912,46.810330779999894,20.5380938
0,0,7,HYB-G1200-B30-g16-e0,hybrid,1200.0,30.0,0.0,16.0,1200.0,26.863988559999935,107.15525600000001,0.7592175053530611,46.810330779999894,20.5380938
0,0,7,HYB-G1200-B30-g16-e0.9,hybrid,1200.0,30.0,0.9,16.0,1200.0,26.719738179999947,213.298946,0.7647081067095348,46.810330779999894,20.5380938
0,0,7,HYB-G1200-B120-g1-e0,hybrid,1200.0,120.0,0.0,1.0,1200.0,30.03661387999991,93.024713,0.6384578866568998,46.810330779999894,20.5380938
0,0,7,HYB-G1200-B120-g1-e0.9,hybrid,1200.0,120.0,0.9,1.0,1200.0,26.719738179999947,213.298946,0.7647081067095348,46.810330779999894,20.5380938
0,0,7,HYB-G1200-B120-g4-e0,hybrid,1200.0,120.0,0.0,4.0,1200.0,28.173198,93.024713,0.7093850742206562,46.810330779999894,20.5380938
0,0,7,HYB-G1200-B120-g4-e0.9,hybrid,1200.0,120.0,0.9,4.0,1200.0,26.719738179999947,213.298946,0.7647081067095348,46.810330779999894,20.5380938
0,0,7,HYB-G1200-B120-g16-e0,hybrid,1200.0,120.0,0.0,16.0,1200.0,26.992099099999972,124.65938700000001,0.7543412346305656,46.810330779999894,20.5380938
0,0,7,HYB-G1200-B120-g16-e0.9,hybrid,1200.0,120.0,0.9,16.0,1200.0,26.719738179999947,213.298946,0.7647081067095348,46.810330779999894,20.5380938
0,1,5,SJF,reference,-1.0,-1.0,-1.0,-1.0,inf,37.57602465999998,590.27143,1.0,130.62713595999958,37.57602465999998
0,1,5,SPJF-E,reference,-1.0,-1.0,-1.0,-1.0,inf,49.74780167999984,441.24273400000004,0.8691925668597585,130.62713595999958,37.57602465999998
0,1,5,FIX-B15,fixed,-1.0,15.0,0.0,0.0,159.75,127.9069540799998,65.85234100000001,0.02923320143087622,130.62713595999958,37.57602465999998
0,1,5,FIX-B17.99,fixed,-1.0,17.99,0.0,0.0,160.4975,127.42720118,65.85234100000001,0.034389001219801596,130.62713595999958,37.57602465999998
0,1,5,FIX-B21.576,fixed,-1.0,21.576,0.0,0.0,161.394,125.9375885599997,65.85234100000001,0.050397543183344023,130.62713595999958,37.57602465999998
0,1,5,FIX-B25.877,fixed,-1.0,25.877,0.0,0.0,162.46925,124.35819611999983,65.85234100000001,0.06737092929270339,130.62713595999958,37.57602465999998
0,1,5,FIX-B30,fixed,-1.0,30.0,0.0,0.0,163.5,122.98077315999971,65.85234100000001,0.08217379344721373,130.62713595999958,37.57602465999998
0,1,5,FIX-B31.035,fixed,-1.0,31.035,0.0,0.0,163.75875,122.81116249999991,65.85234100000001,0.08399656222052773,130.62713595999958,37.57602465999998
0,1,5,FIX-B37.222,fixed,-1.0,37.222,0.0,0.0,165.3055,122.07993705999941,65.85234100000001,0.0918548825542098,130.62713595999958,37.57602465999998
0,1,5,FIX-B44.641,fixed,-1.0,44.641,0.0,0.0,167.16025,120.42791705999987,65.85234100000001,0.10960878121183439,130.62713595999958,37.57602465999998
0,1,5,FIX-B53.54,fixed,-1.0,53.54,0.0,0.0,169.385,118.49287819999958,65.85234100000001,0.13040422183544678,130.62713595999958,37.57602465999998
0,1,5,FIX-B60,fixed,-1.0,60.0,0.0,0.0,171.0,116.45777615999994,65.973826,0.15227501963213738,130.62713595999958,37.57602465999998
0,1,5,FIX-B64.212,fixed,-1.0,64.212,0.0,0.0,172.053,115.45111605999988,65.973826,0.16309337618840203,130.62713595999958,37.57602465999998
0,1,5,FIX-B77.012,fixed,-1.0,77.012,0.0,0.0,175.253,114.02223079999996,76.298144,0.17844929445780502,130.62713595999958,37.57602465999998
0,1,5,FIX-B92.363,fixed,-1.0,92.363,0.0,0.0,179.09075,110.55765805999977,85.63387,0.21568230211990919,130.62713595999958,37.57602465999998
0,1,5,FIX-B110.774,fixed,-1.0,110.774,0.0,0.0,183.6935,107.61757677999954,89.013834,0.2472787144456182,130.62713595999958,37.57602465999998
0,1,5,FIX-B120,fixed,-1.0,120.0,0.0,0.0,186.0,105.41399033999986,97.153991,0.2709601773450268,130.62713595999958,37.57602465999998
0,1,5,FIX-B132.855,fixed,-1.0,132.855,0.0,0.0,189.21375,103.25808928000001,97.153991,0.2941291758650892,130.62713595999958,37.57602465999998
0,1,5,FIX-B159.338,fixed,-1.0,159.338,0.0,0.0,195.8345,99.3184684399998,97.176955,0.3364674218565717,130.62713595999958,37.57602465999998
0,1,5,FIX-B191.099,fixed,-1.0,191.099,0.0,0.0,203.77474999999998,97.45428911999996,98.158628,0.35650135045727027,130.62713595999958,37.57602465999998
0,1,5,FIX-B229.192,fixed,-1.0,229.192,0.0,0.0,213.298,93.36922903999917,99.862234,0.40040260024278257,130.62713595999958,37.57602465999998
0,1,5,FIX-B240,fixed,-1.0,240.0,0.0,0.0,216.0,92.02984569999937,99.862234,0.4147966608970566,130.62713595999958,37.57602465999998
0,1,5,FIX-B274.878,fixed,-1.0,274.878,0.0,0.0,224.71949999999998,87.62998306,110.828402,0.4620810251408546,130.62713595999958,37.57602465999998
0,1,5,FIX-B329.671,fixed,-1.0,329.671,0.0,0.0,238.41775,79.70409759999981,114.97299299999999,0.5472587876551237,130.62713595999958,37.57602465999998
0,1,5,FIX-B360,fixed,-1.0,360.0,0.0,0.0,246.0,76.45232129999982,128.32934899999998,0.582204918384462,130.62713595999958,37.57602465999998
0,1,5,FIX-B395.386,fixed,-1.0,395.386,0.0,0.0,254.8465,72.34487519999993,131.969253,0.6263467458448279,130.62713595999958,37.57602465999998
0,1,5,FIX-B474.201,fixed,-1.0,474.201,0.0,0.0,274.55025,67.60917037999998,156.99185300000002,0.6772403327546274,130.62713595999958,37.57602465999998
0,1,5,FIX-B480,fixed,-1.0,480.0,0.0,0.0,276.0,67.33043309999985,156.99185300000002,0.680235861514101,130.62713595999958,37.57602465999998
0,1,5,FIX-B568.726,fixed,-1.0,568.726,0.0,0.0,298.1815,62.72929339999978,169.468868,0.7296833064260252,130.62713595999958,37.57602465999998
0,1,5,FIX-B600,fixed,-1.0,600.0,0.0,0.0,306.0,61.44129997999997,178.041718,0.7435250908174796,130.62713595999958,37.57602465999998
0,1,5,FIX-B682.093,fixed,-1.0,682.093,0.0,0.0,326.52324999999996,59.2387297799999,204.79638699999998,0.7671956324072401,130.62713595999958,37.57602465999998
0,1,5,FIX-B818.058,fixed,-1.0,818.058,0.0,0.0,360.5145,57.03849101999981,240.508781,0.790841118519775,130.62713595999958,37.57602465999998
0,1,5,FIX-B981.126,fixed,-1.0,981.126,0.0,0.0,401.2815,55.94578867999988,255.781286,0.8025841522647137,130.62713595999958,37.57602465999998
0,1,5,FIX-B1176.7,fixed,-1.0,1176.699,0.0,0.0,450.17475,55.191364179999944,304.64232599999997,0.8106917878368204,130.62713595999958,37.57602465999998
0,1,5,FIX-B1411.26,fixed,-1.0,1411.256,0.0,0.0,508.814,53.98880761999995,357.18379999999996,0.8236154009264363,130.62713595999958,37.57602465999998
0,1,5,FIX-B1692.57,fixed,-1.0,1692.569,0.0,0.0,579.14225,52.925462639999864,431.898586,0.8350429375258847,130.62713595999958,37.57602465999998
0,1,5,FIX-B2029.96,fixed,-1.0,2029.958,0.0,0.0,663.4895,52.52169445999997,441.24273400000004,0.8393821461001718,130.62713595999958,37.57602465999998
0,1,5,FIX-B2434.6,fixed,-1.0,2434.6,0.0,0.0,764.65,51.9492872799999,441.24273400000004,0.8455336812296621,130.62713595999958,37.57602465999998
0,1,5,FIX-B2919.9,fixed,-1.0,2919.901,0.0,0.0,885.97525,51.62173409999999,441.24273400000004,0.8490538238203709,130.62713595999958,37.57602465999998
0,1,5,FIX-B3501.94,fixed,-1.0,3501.94,0.0,0.0,1031.4850000000001,51.207976739999985,441.24273400000004,0.8535003839336192,130.62713595999958,37.57602465999998
0,1,5,FIX-B4200,fixed,-1.0,4200.0,0.0,0.0,1206.0,50.77594605999992,441.24273400000004,0.8581433234317537,130.62713595999958,37.57602465999998
0,1,5,FIXEQ-G300,fixed,300.0,inf,0.0,0.0,300.0,62.212049359999966,169.468868,0.7352420153202394,130.62713595999958,37.57602465999998
0,1,5,CAP-G300-B0-e0,capped,300.0,0.0,0.0,0.0,156.0,130.62713595999958,0.0,0.0,130.62713595999958,37.57602465999998
0,1,5,CAP-G300-B0-e0.25,capped,300.0,0.0,0.25,0.0,208.0,89.70276603999993,76.365035,0.439805278499665,130.62713595999958,37.57602465999998
0,1,5,CAP-G300-B0-e0.5,capped,300.0,0.0,0.5,0.0,300.0,68.67013283999992,95.712245,0.6658384005780263,130.62713595999958,37.57602465999998
0,1,5,CAP-G300-B0-e0.75,capped,300.0,0.0,0.75,0.0,300.0,62.50160413999995,102.042735,0.7321302332474122,130.62713595999958,37.57602465999998
0,1,5,CAP-G300-B0-e0.9,capped,300.0,0.0,0.9,0.0,300.0,61.791815199999924,109.269591,0.739758180190589,130.62713595999958,37.57602465999998
0,1,5,CAP-G300-B0-e0.95,capped,300.0,0.0,0.95,0.0,300.0,62.22696873999975,120.865791,0.7350816799970891,130.62713595999958,37.57602465999998
0,1,5,CAP-G300-B15-e0,capped,300.0,15.0,0.0,0.0,159.75,127.9069540799998,65.85234100000001,0.02923320143087622,130.62713595999958,37.57602465999998
0,1,5,CAP-G300-B15-e0.25,capped,300.0,15.0,0.25,0.0,213.0,85.3337630599999,88.83828,0.48675800070750874,130.62713595999958,37.57602465999998
0,1,5,CAP-G300-B15-e0.5,capped,300.0,15.0,0.5,0.0,300.0,69.17308993999977,93.79832,0.6604332303122109,130.62713595999958,37.57602465999998
0,1,5,CAP-G300-B15-e0.75,capped,300.0,15.0,0.75,0.0,300.0,61.653585419999885,102.025262,0.7412437054902749,130.62713595999958,37.57602465999998
0,1,5,CAP-G300-B15-e0.9,capped,300.0,15.0,0.9,0.0,300.0,62.28481325999988,168.27208000000002,0.7344600375557254,130.62713595999958,37.57602465999998
0,1,5,CAP-G300-B15-e0.95,capped,300.0,15.0,0.95,0.0,300.0,62.249238959999786,149.171089,0.7348423467995711,130.62713595999958,37.57602465999998
0,1,5,CAP-G300-B30-e0,capped,300.0,30.0,0.0,0.0,163.5,122.98077315999971,65.85234100000001,0.08217379344721373,130.62713595999958,37.57602465999998
0,1,5,CAP-G300-B30-e0.25,capped,300.0,30.0,0.25,0.0,218.0,83.56987823999984,89.899107,0.5057140861895321,130.62713595999958,37.57602465999998
0,1,5,CAP-G300-B30-e0.5,capped,300.0,30.0,0.5,0.0,300.0,67.56833593999993,93.851712,0.6776791715758899,130.62713595999958,37.57602465999998
0,1,5,CAP-G300-B30-e0.75,capped,300.0,30.0,0.75,0.0,300.0,62.054446399999804,109.269591,0.7369357399603681,130.62713595999958,37.57602465999998
0,1,5,CAP-G300-B30-e0.9,capped,300.0,30.0,0.9,0.0,300.0,62.29090443999992,142.104067,0.7343945769726659,130.62713595999958,37.57602465999998
0,1,5,CAP-G300-B30-e0.95,capped,300.0,30.0,0.95,0.0,300.0,62.212049359999966,169.468868,0.7352420153202394,130.62713595999958,37.57602465999998
0,1,5,CAP-G300-B60-e0,capped,300.0,60.0,0.0,0.0,171.0,116.45777615999994,65.973826,0.15227501963213738,130.62713595999958,37.57602465999998
0,1,5,CAP-G300-B60-e0.25,capped,300.0,60.0,0.25,0.0,228.0,80.98655509999993,97.131453,0.5334764965885996,130.62713595999958,37.57602465999998
0,1,5,CAP-G300-B60-e0.5,capped,300.0,60.0,0.5,0.0,300.0,65.83374377999992,94.07780100000001,0.6963204552292105,130.62713595999958,37.57602465999998
0,1,5,CAP-G300-B60-e0.75,capped,300.0,60.0,0.75,0.0,300.0,62.329989999999896,114.230905,0.733974532983358,130.62713595999958,37.57602465999998
0,1,5,CAP-G300-B60-e0.9,capped,300.0,60.0,0.9,0.0,300.0,62.212049359999966,169.468868,0.7352420153202394,130.62713595999958,37.57602465999998
0,1,5,CAP-G300-B60-e0.95,capped,300.0,60.0,0.95,0.0,300.0,62.212049359999966,169.468868,0.7352420153202394,130.62713595999958,37.57602465999998
0,1,5,CAP-G300-B120-e0,capped,300.0,120.0,0.0,0.0,186.0,105.41399033999986,97.153991,0.2709601773450268,130.62713595999958,37.57602465999998
0,1,5,CAP-G300-B120-e0.25,capped,300.0,120.0,0.25,0.0,248.0,76.14316409999996,93.913897,0.5855273633900151,130.62713595999958,37.57602465999998
0,1,5,CAP-G300-B120-e0.5,capped,300.0,120.0,0.5,0.0,300.0,63.89736793999999,102.042735,0.7171302640853026,130.62713595999958,37.57602465999998
0,1,5,CAP-G300-B120-e0.75,capped,300.0,120.0,0.75,0.0,300.0,62.22159131999992,157.347905,0.7351394699570873,130.62713595999958,37.57602465999998
0,1,5,CAP-G300-B120-e0.9,capped,300.0,120.0,0.9,0.0,300.0,62.212049359999966,169.468868,0.7352420153202394,130.62713595999958,37.57602465999998
0,1,5,CAP-G300-B120-e0.95,capped,300.0,120.0,0.95,0.0,300.0,62.212049359999966,169.468868,0.7352420153202394,130.62713595999958,37.57602465999998
0,1,5,CAP-G300-B240-e0,capped,300.0,240.0,0.0,0.0,216.0,92.02984569999937,99.862234,0.4147966608970566,130.62713595999958,37.57602465999998
0,1,5,CAP-G300-B240-e0.25,capped,300.0,240.0,0.25,0.0,288.0,66.01129721999992,115.05473199999999,0.6944123271314432,130.62713595999958,37.57602465999998
0,1,5,CAP-G300-B240-e0.5,capped,300.0,240.0,0.5,0.0,300.0,62.2576789199999,157.249395,0.7347516443900866,130.62713595999958,37.57602465999998
0,1,5,CAP-G300-B240-e0.75,capped,300.0,240.0,0.75,0.0,300.0,62.212049359999966,169.468868,0.7352420153202394,130.62713595999958,37.57602465999998
0,1,5,CAP-G300-B240-e0.9,capped,300.0,240.0,0.9,0.0,300.0,62.212049359999966,169.468868,0.7352420153202394,130.62713595999958,37.57602465999998
0,1,5,CAP-G300-B240-e0.95,capped,300.0,240.0,0.95,0.0,300.0,62.212049359999966,169.468868,0.7352420153202394,130.62713595999958,37.57602465999998
0,1,5,CAP-G300-B360-e0,capped,300.0,360.0,0.0,0.0,246.0,76.45232129999982,128.32934899999998,0.582204918384462,130.62713595999958,37.57602465999998
0,1,5,CAP-G300-B360-e0.25,capped,300.0,360.0,0.25,0.0,300.0,62.56176461999998,157.149328,0.7314837016890081,130.62713595999958,37.57602465999998
0,1,5,CAP-G300-B360-e0.5,capped,300.0,360.0,0.5,0.0,300.0,62.212049359999966,169.468868,0.7352420153202394,130.62713595999958,37.57602465999998
0,1,5,CAP-G300-B360-e0.75,capped,300.0,360.0,0.75,0.0,300.0,62.212049359999966,169.468868,0.7352420153202394,130.62713595999958,37.57602465999998
0,1,5,CAP-G300-B360-e0.9,capped,300.0,360.0,0.9,0.0,300.0,62.212049359999966,169.468868,0.7352420153202394,130.62713595999958,37.57602465999998
0,1,5,CAP-G300-B360-e0.95,capped,300.0,360.0,0.95,0.0,300.0,62.212049359999966,169.468868,0.7352420153202394,130.62713595999958,37.57602465999998
0,1,5,CAP-G300-B480-e0,capped,300.0,480.0,0.0,0.0,276.0,67.33043309999985,156.99185300000002,0.680235861514101,130.62713595999958,37.57602465999998
0,1,5,CAP-G300-B480-e0.25,capped,300.0,480.0,0.25,0.0,300.0,62.212049359999966,169.468868,0.7352420153202394,130.62713595999958,37.57602465999998
0,1,5,CAP-G300-B480-e0.5,capped,300.0,480.0,0.5,0.0,300.0,62.212049359999966,169.468868,0.7352420153202394,130.62713595999958,37.57602465999998
0,1,5,CAP-G300-B480-e0.75,capped,300.0,480.0,0.75,0.0,300.0,62.212049359999966,169.468868,0.7352420153202394,130.62713595999958,37.57602465999998
0,1,5,CAP-G300-B480-e0.9,capped,300.0,480.0,0.9,0.0,300.0,62.212049359999966,169.468868,0.7352420153202394,130.62713595999958,37.57602465999998
0,1,5,CAP-G300-B480-e0.95,capped,300.0,480.0,0.95,0.0,300.0,62.212049359999966,169.468868,0.7352420153202394,130.62713595999958,37.57602465999998
0,1,5,HYB-G300-B0-g1-e0,hybrid,300.0,0.0,0.0,1.0,300.0,92.36493877999997,63.109643999999996,0.41119548864538674,130.62713595999958,37.57602465999998
0,1,5,HYB-G300-B0-g1-e0.9,hybrid,300.0,0.0,0.9,1.0,300.0,62.1975806599996,120.41051399999999,0.735397507283723,130.62713595999958,37.57602465999998
0,1,5,HYB-G300-B0-g4-e0,hybrid,300.0,0.0,0.0,4.0,300.0,74.06180631999968,65.85234100000001,0.6078952615367651,130.62713595999958,37.57602465999998
0,1,5,HYB-G300-B0-g4-e0.9,hybrid,300.0,0.0,0.9,4.0,300.0,62.24259872,183.316271,0.7349137080107057,130.62713595999958,37.57602465999998
0,1,5,HYB-G300-B0-g16-e0,hybrid,300.0,0.0,0.0,16.0,300.0,63.85463345999988,100.80716299999999,0.7175895222220734,130.62713595999958,37.57602465999998
0,1,5,HYB-G300-B0-g16-e0.9,hybrid,300.0,0.0,0.9,16.0,300.0,62.21268459999993,178.003489,0.7352351885344967,130.62713595999958,37.57602465999998
0,1,5,HYB-G300-B30-g1-e0,hybrid,300.0,30.0,0.0,1.0,300.0,88.69653471999952,65.85234100000001,0.45061902705078427,130.62713595999958,37.57602465999998
0,1,5,HYB-G300-B30-g1-e0.9,hybrid,300.0,30.0,0.9,1.0,300.0,62.24257112,147.139601,0.7349140046218864,130.62713595999958,37.57602465999998
0,1,5,HYB-G300-B30-g4-e0,hybrid,300.0,30.0,0.0,4.0,300.0,71.31817359999987,96.847341,0.6373804840308228,130.62713595999958,37.57602465999998
0,1,5,HYB-G300-B30-g4-e0.9,hybrid,300.0,30.0,0.9,4.0,300.0,62.216907379999995,157.347905,0.735189807238765,130.62713595999958,37.57602465999998
0,1,5,HYB-G300-B30-g16-e0,hybrid,300.0,30.0,0.0,16.0,300.0,62.996937239999795,109.126309,0.7268069964469094,130.62713595999958,37.57602465999998
0,1,5,HYB-G300-B30-g16-e0.9,hybrid,300.0,30.0,0.9,16.0,300.0,62.212049359999966,169.468868,0.7352420153202394,130.62713595999958,37.57602465999998
0,1,5,HYB-G300-B120-g1-e0,hybrid,300.0,120.0,0.0,1.0,300.0,80.7477586599998,97.15335,0.5360427898511297,130.62713595999958,37.57602465999998
0,1,5,HYB-G300-B120-g1-e0.9,hybrid,300.0,120.0,0.9,1.0,300.0,62.212049359999966,169.468868,0.7352420153202394,130.62713595999958,37.57602465999998
0,1,5,HYB-G300-B120-g4-e0,hybrid,300.0,120.0,0.0,4.0,300.0,66.3287870599999,93.79832,0.6910003330610406,130.62713595999958,37.57602465999998
0,1,5,HYB-G300-B120-g4-e0.9,hybrid,300.0,120.0,0.9,4.0,300.0,62.212049359999966,169.468868,0.7352420153202394,130.62713595999958,37.57602465999998
0,1,5,HYB-G300-B120-g16-e0,hybrid,300.0,120.0,0.0,16.0,300.0,62.72326735999997,109.269591,0.7297480669637085,130.62713595999958,37.57602465999998
0,1,5,HYB-G300-B120-g16-e0.9,hybrid,300.0,120.0,0.9,16.0,300.0,62.212049359999966,169.468868,0.7352420153202394,130.62713595999958,37.57602465999998
0,1,5,FIXEQ-G600,fixed,600.0,inf,0.0,0.0,600.0,52.56458333999999,441.24273400000004,0.8389212286602742,130.62713595999958,37.57602465999998
0,1,5,CAP-G600-B0-e0,capped,600.0,0.0,0.0,0.0,156.0,130.62713595999958,0.0,0.0,130.62713595999958,37.57602465999998
0,1,5,CAP-G600-B0-e0.25,capped,600.0,0.0,0.25,0.0,208.0,88.71755929999978,76.365035,0.45039308047468724,130.62713595999958,37.57602465999998
0,1,5,CAP-G600-B0-e0.5,capped,600.0,0.0,0.5,0.0,312.0,63.78908321999987,95.712245,0.7182939763557665,130.62713595999958,37.57602465999998
0,1,5,CAP-G600-B0-e0.75,capped,600.0,0.0,0.75,0.0,600.0,55.30081877999981,102.042735,0.8095155031211334,130.62713595999958,37.57602465999998
0,1,5,CAP-G600-B0-e0.9,capped,600.0,0.0,0.9,0.0,600.0,52.87914031999998,109.269591,0.8355407533966758,130.62713595999958,37.57602465999998
0,1,5,CAP-G600-B0-e0.95,capped,600.0,0.0,0.95,0.0,600.0,52.685726179999996,120.865791,0.8376193329783469,130.62713595999958,37.57602465999998
0,1,5,CAP-G600-B15-e0,capped,600.0,15.0,0.0,0.0,159.75,127.9069540799998,65.85234100000001,0.02923320143087622,130.62713595999958,37.57602465999998
0,1,5,CAP-G600-B15-e0.25,capped,600.0,15.0,0.25,0.0,213.0,83.80440081999996,88.83828,0.5031937231683532,130.62713595999958,37.57602465999998
0,1,5,CAP-G600-B15-e0.5,capped,600.0,15.0,0.5,0.0,319.5,63.68733503999999,93.79832,0.7193874418563754,130.62713595999958,37.57602465999998
0,1,5,CAP-G600-B15-e0.75,capped,600.0,15.0,0.75,0.0,600.0,54.175720579999926,102.025262,0.8216066881084092,130.62713595999958,37.57602465999998
0,1,5,CAP-G600-B15-e0.9,capped,600.0,15.0,0.9,0.0,600.0,52.950978659999926,208.65995,0.8347687224236299,130.62713595999958,37.57602465999998
0,1,5,CAP-G600-B15-e0.95,capped,600.0,15.0,0.95,0.0,600.0,52.626277359999996,244.529051,0.8382582164819339,130.62713595999958,37.57602465999998
0,1,5,CAP-G600-B30-e0,capped,600.0,30.0,0.0,0.0,163.5,122.98077315999971,65.85234100000001,0.08217379344721373,130.62713595999958,37.57602465999998
0,1,5,CAP-G600-B30-e0.25,capped,600.0,30.0,0.25,0.0,218.0,81.79829925999995,89.899107,0.5247528591310853,130.62713595999958,37.57602465999998
0,1,5,CAP-G600-B30-e0.5,capped,600.0,30.0,0.5,0.0,327.0,62.26290777999994,93.851712,0.7346954509720071,130.62713595999958,37.57602465999998
0,1,5,CAP-G600-B30-e0.75,capped,600.0,30.0,0.75,0.0,600.0,54.220736539999976,109.269591,0.8211229114036377,130.62713595999958,37.57602465999998
0,1,5,CAP-G600-B30-e0.9,capped,600.0,30.0,0.9,0.0,600.0,52.793976019999924,142.104067,0.8364559955556382,130.62713595999958,37.57602465999998
0,1,5,CAP-G600-B30-e0.95,capped,600.0,30.0,0.95,0.0,600.0,52.56878799999997,232.089194,0.8388760420962317,130.62713595999958,37.57602465999998
0,1,5,CAP-G600-B60-e0,capped,600.0,60.0,0.0,0.0,171.0,116.45777615999994,65.973826,0.15227501963213738,130.62713595999958,37.57602465999998
0,1,5,CAP-G600-B60-e0.25,capped,600.0,60.0,0.25,0.0,228.0,79.00029623999993,97.131453,0.5548223873818461,130.62713595999958,37.57602465999998
0,1,5,CAP-G600-B60-e0.5,capped,600.0,60.0,0.5,0.0,342.0,59.84039765999998,94.07780100000001,0.7607296389161975,130.62713595999958,37.57602465999998
0,1,5,CAP-G600-B60-e0.75,capped,600.0,60.0,0.75,0.0,600.0,54.184882979999955,114.230905,0.8215082217937998,130.62713595999958,37.57602465999998
0,1,5,CAP-G600-B60-e0.9,capped,600.0,60.0,0.9,0.0,600.0,52.711149619999986,232.089194,0.8373461128131623,130.62713595999958,37.57602465999998
0,1,5,CAP-G600-B60-e0.95,capped,600.0,60.0,0.95,0.0,600.0,52.56458333999999,334.526504,0.8389212286602742,130.62713595999958,37.57602465999998
0,1,5,CAP-G600-B120-e0,capped,600.0,120.0,0.0,0.0,186.0,105.41399033999986,97.153991,0.2709601773450268,130.62713595999958,37.57602465999998
0,1,5,CAP-G600-B120-e0.25,capped,600.0,120.0,0.25,0.0,248.0,73.69929567999985,93.913897,0.6117910843263618,130.62713595999958,37.57602465999998
0,1,5,CAP-G600-B120-e0.5,capped,600.0,120.0,0.5,0.0,372.0,57.294944359999946,102.042735,0.7880850704036669,130.62713595999958,37.57602465999998
0,1,5,CAP-G600-B120-e0.75,capped,600.0,120.0,0.75,0.0,600.0,53.66414945999985,157.347905,0.8271044313685704,130.62713595999958,37.57602465999998
0,1,5,CAP-G600-B120-e0.9,capped,600.0,120.0,0.9,0.0,600.0,52.566654979999846,319.896497,0.8388989651969914,130.62713595999958,37.57602465999998
0,1,5,CAP-G600-B120-e0.95,capped,600.0,120.0,0.95,0.0,600.0,52.56458333999999,441.24273400000004,0.8389212286602742,130.62713595999958,37.57602465999998
0,1,5,CAP-G600-B240-e0,capped,600.0,240.0,0.0,0.0,216.0,92.02984569999937,99.862234,0.4147966608970566,130.62713595999958,37.57602465999998
0,1,5,CAP-G600-B240-e0.25,capped,600.0,240.0,0.25,0.0,288.0,63.00511699999995,115.05473199999999,0.7267190903500785,130.62713595999958,37.57602465999998
0,1,5,CAP-G600-B240-e0.5,capped,600.0,240.0,0.5,0.0,432.0,54.59531769999996,157.249395,0.8170973693680105,130.62713595999958,37.57602465999998
0,1,5,CAP-G600-B240-e0.75,capped,600.0,240.0,0.75,0.0,600.0,52.59876245999998,256.013372,0.8385539131116204,130.62713595999958,37.57602465999998
0,1,5,CAP-G600-B240-e0.9,capped,600.0,240.0,0.9,0.0,600.0,52.56458333999999,441.24273400000004,0.8389212286602742,130.62713595999958,37.57602465999998
0,1,5,CAP-G600-B240-e0.95,capped,600.0,240.0,0.95,0.0,600.0,52.56458333999999,441.24273400000004,0.8389212286602742,130.62713595999958,37.57602465999998
0,1,5,CAP-G600-B360-e0,capped,600.0,360.0,0.0,0.0,246.0,76.45232129999982,128.32934899999998,0.582204918384462,130.62713595999958,37.57602465999998
0,1,5,CAP-G600-B360-e0.25,capped,600.0,360.0,0.25,0.0,328.0,58.217969559999965,157.149328,0.778165519878105,130.62713595999958,37.57602465999998
0,1,5,CAP-G600-B360-e0.5,capped,600.0,360.0,0.5,0.0,492.0,53.47661903999996,232.089194,0.8291197798945572,130.62713595999958,37.57602465999998
0,1,5,CAP-G600-B360-e0.75,capped,600.0,360.0,0.75,0.0,600.0,52.56458333999999,367.524469,0.8389212286602742,130.62713595999958,37.57602465999998
0,1,5,CAP-G600-B360-e0.9,capped,600.0,360.0,0.9,0.0,600.0,52.56458333999999,441.24273400000004,0.8389212286602742,130.62713595999958,37.57602465999998
0,1,5,CAP-G600-B360-e0.95,capped,600.0,360.0,0.95,0.0,600.0,52.56458333999999,441.24273400000004,0.8389212286602742,130.62713595999958,37.57602465999998
0,1,5,CAP-G600-B480-e0,capped,600.0,480.0,0.0,0.0,276.0,67.33043309999985,156.99185300000002,0.680235861514101,130.62713595999958,37.57602465999998
0,1,5,CAP-G600-B480-e0.25,capped,600.0,480.0,0.25,0.0,368.0,55.666874,192.47668199999998,0.805581587503296,130.62713595999958,37.57602465999998
0,1,5,CAP-G600-B480-e0.5,capped,600.0,480.0,0.5,0.0,552.0,53.21147533999999,256.013372,0.831969221414338,130.62713595999958,37.57602465999998
0,1,5,CAP-G600-B480-e0.75,capped,600.0,480.0,0.75,0.0,600.0,52.56458333999999,441.24273400000004,0.8389212286602742,130.62713595999958,37.57602465999998
0,1,5,CAP-G600-B480-e0.9,capped,600.0,480.0,0.9,0.0,600.0,52.56458333999999,441.24273400000004,0.8389212286602742,130.62713595999958,37.57602465999998
0,1,5,CAP-G600-B480-e0.95,capped,600.0,480.0,0.95,0.0,600.0,52.56458333999999,441.24273400000004,0.8389212286602742,130.62713595999958,37.57602465999998
0,1,5,CAP-G600-B600-e0,capped,600.0,600.0,0.0,0.0,306.0,61.44129997999997,178.041718,0.7435250908174796,130.62713595999958,37.57602465999998
0,1,5,CAP-G600-B600-e0.25,capped,600.0,600.0,0.25,0.0,408.0,54.39957447999995,232.089194,0.819200979064502,130.62713595999958,37.57602465999998
0,1,5,CAP-G600-B600-e0.5,capped,600.0,600.0,0.5,0.0,600.0,52.685772,307.493763,0.8376188405607995,130.62713595999958,37.57602465999998
0,1,5,CAP-G600-B600-e0.75,capped,600.0,600.0,0.75,0.0,600.0,52.56458333999999,441.24273400000004,0.8389212286602742,130.62713595999958,37.57602465999998
0,1,5,CAP-G600-B600-e0.9,capped,600.0,600.0,0.9,0.0,600.0,52.56458333999999,441.24273400000004,0.8389212286602742,130.62713595999958,37.57602465999998
0,1,5,CAP-G600-B600-e0.95,capped,600.0,600.0,0.95,0.0,600.0,52.56458333999999,441.24273400000004,0.8389212286602742,130.62713595999958,37.57602465999998
0,1,5,HYB-G600-B0-g1-e0,hybrid,600.0,0.0,0.0,1.0,600.0,90.03540837999996,63.109643999999996,0.4362304438163092,130.62713595999958,37.57602465999998
0,1,5,HYB-G600-B0-g1-e0.9,hybrid,600.0,0.0,0.9,1.0,600.0,52.821866959999944,120.41051399999999,0.8361562577060804,130.62713595999958,37.57602465999998
0,1,5,HYB-G600-B0-g4-e0,hybrid,600.0,0.0,0.0,4.0,600.0,67.85085939999995,65.85234100000001,0.6746429535656701,130.62713595999958,37.57602465999998
0,1,5,HYB-G600-B0-g4-e0.9,hybrid,600.0,0.0,0.9,4.0,600.0,52.62957653999998,234.01005,0.8382227609139787,130.62713595999958,37.57602465999998
0,1,5,HYB-G600-B0-g16-e0,hybrid,600.0,0.0,0.0,16.0,600.0,54.98155665999996,100.80716299999999,0.8129465434981853,130.62713595999958,37.57602465999998
0,1,5,HYB-G600-B0-g16-e0.9,hybrid,600.0,0.0,0.9,16.0,600.0,52.569582539999985,440.72618900000003,0.8388675033481295,130.62713595999958,37.57602465999998
0,1,5,HYB-G600-B30-g1-e0,hybrid,600.0,30.0,0.0,1.0,600.0,85.8691792999998,65.85234100000001,0.4810039991429954,130.62713595999958,37.57602465999998
0,1,5,HYB-G600-B30-g1-e0.9,hybrid,600.0,30.0,0.9,1.0,600.0,52.68356835999988,147.139601,0.8376425225992978,130.62713595999958,37.57602465999998
0,1,5,HYB-G600-B30-g4-e0,hybrid,600.0,30.0,0.0,4.0,600.0,65.07696203999983,96.847341,0.7044534235455179,130.62713595999958,37.57602465999998
0,1,5,HYB-G600-B30-g4-e0.9,hybrid,600.0,30.0,0.9,4.0,600.0,52.566654979999846,233.160822,0.8388989651969914,130.62713595999958,37.57602465999998
0,1,5,HYB-G600-B30-g16-e0,hybrid,600.0,30.0,0.0,16.0,600.0,54.260495479999996,109.126309,0.820695630746324,130.62713595999958,37.57602465999998
0,1,5,HYB-G600-B30-g16-e0.9,hybrid,600.0,30.0,0.9,16.0,600.0,52.56458333999999,441.187759,0.8389212286602742,130.62713595999958,37.57602465999998
0,1,5,HYB-G600-B120-g1-e0,hybrid,600.0,120.0,0.0,1.0,600.0,78.47286377999998,97.15335,0.5604905890038502,130.62713595999958,37.57602465999998
0,1,5,HYB-G600-B120-g1-e0.9,hybrid,600.0,120.0,0.9,1.0,600.0,52.56458333999999,358.5516,0.8389212286602742,130.62713595999958,37.57602465999998
0,1,5,HYB-G600-B120-g4-e0,hybrid,600.0,120.0,0.0,4.0,600.0,60.011023099999896,93.79832,0.7588959645235315,130.62713595999958,37.57602465999998
0,1,5,HYB-G600-B120-g4-e0.9,hybrid,600.0,120.0,0.9,4.0,600.0,52.56458333999999,437.902238,0.8389212286602742,130.62713595999958,37.57602465999998
0,1,5,HYB-G600-B120-g16-e0,hybrid,600.0,120.0,0.0,16.0,600.0,53.66006749999983,109.269591,0.8271482993024725,130.62713595999958,37.57602465999998
0,1,5,HYB-G600-B120-g16-e0.9,hybrid,600.0,120.0,0.9,16.0,600.0,52.56458333999999,441.24273400000004,0.8389212286602742,130.62713595999958,37.57602465999998
0,1,5,CAP-G1200-B0-e0,capped,1200.0,0.0,0.0,0.0,156.0,130.62713595999958,0.0,0.0,130.62713595999958,37.57602465999998
0,1,5,CAP-G1200-B0-e0.25,capped,1200.0,0.0,0.25,0.0,208.0,88.71755929999978,76.365035,0.45039308047468724,130.62713595999958,37.57602465999998
0,1,5,CAP-G1200-B0-e0.5,capped,1200.0,0.0,0.5,0.0,312.0,63.55393901999997,95.712245,0.7208210197915164,130.62713595999958,37.57602465999998
0,1,5,CAP-G1200-B0-e0.75,capped,1200.0,0.0,0.75,0.0,624.0,53.72222103999982,102.042735,0.8264803487629071,130.62713595999958,37.57602465999998
0,1,5,CAP-G1200-B0-e0.9,capped,1200.0,0.0,0.9,0.0,1200.0,51.152643079999926,109.269591,0.8540950427101452,130.62713595999958,37.57602465999998
0,1,5,CAP-G1200-B0-e0.95,capped,1200.0,0.0,0.95,0.0,1200.0,50.99501779999996,120.865791,0.8557890072184442,130.62713595999958,37.57602465999998
0,1,5,CAP-G1200-B15-e0.25,capped,1200.0,15.0,0.25,0.0,213.0,83.80440081999996,88.83828,0.5031937231683532,130.62713595999958,37.57602465999998
0,1,5,CAP-G1200-B15-e0.5,capped,1200.0,15.0,0.5,0.0,319.5,63.33905994,93.79832,0.7231302784021653,130.62713595999958,37.57602465999998
0,1,5,CAP-G1200-B15-e0.75,capped,1200.0,15.0,0.75,0.0,639.0,52.826576979999984,102.025262,0.8361056401483291,130.62713595999958,37.57602465999998
0,1,5,CAP-G1200-B15-e0.9,capped,1200.0,15.0,0.9,0.0,1200.0,51.14434289999997,208.65995,0.8541842429344522,130.62713595999958,37.57602465999998
0,1,5,CAP-G1200-B15-e0.95,capped,1200.0,15.0,0.95,0.0,1200.0,50.831466439999964,244.529051,0.8575466580161086,130.62713595999958,37.57602465999998
0,1,5,CAP-G1200-B30-e0.25,capped,1200.0,30.0,0.25,0.0,218.0,81.79829925999995,89.899107,0.5247528591310853,130.62713595999958,37.57602465999998
0,1,5,CAP-G1200-B30-e0.5,capped,1200.0,30.0,0.5,0.0,327.0,61.863886699999995,93.851712,0.7389836434978706,130.62713595999958,37.57602465999998
0,1,5,CAP-G1200-B30-e0.75,capped,1200.0,30.0,0.75,0.0,654.0,52.860961299999985,109.269591,0.8357361193600267,130.62713595999958,37.57602465999998
0,1,5,CAP-G1200-B30-e0.9,capped,1200.0,30.0,0.9,0.0,1200.0,50.92493829999967,142.104067,0.8565421363215923,130.62713595999958,37.57602465999998
0,1,5,CAP-G1200-B30-e0.95,capped,1200.0,30.0,0.95,0.0,1200.0,50.842278199999924,232.089194,0.857430466389282,130.62713595999958,37.57602465999998
0,1,5,CAP-G1200-B60-e0.25,capped,1200.0,60.0,0.25,0.0,228.0,79.00029623999993,97.131453,0.5548223873818461,130.62713595999958,37.57602465999998
0,1,5,CAP-G1200-B60-e0.5,capped,1200.0,60.0,0.5,0.0,342.0,59.455648239999945,94.07780100000001,0.7648644570244906,130.62713595999958,37.57602465999998
0,1,5,CAP-G1200-B60-e0.75,capped,1200.0,60.0,0.75,0.0,684.0,52.77658769999997,114.230905,0.8366428640385292,130.62713595999958,37.57602465999998
0,1,5,CAP-G1200-B60-e0.9,capped,1200.0,60.0,0.9,0.0,1200.0,50.769204119999834,232.089194,0.858215777590612,130.62713595999958,37.57602465999998
0,1,5,CAP-G1200-B60-e0.95,capped,1200.0,60.0,0.95,0.0,1200.0,50.75724119999986,334.526504,0.8583443404829068,130.62713595999958,37.57602465999998
0,1,5,CAP-G1200-B120-e0.25,capped,1200.0,120.0,0.25,0.0,248.0,73.69929567999985,93.913897,0.6117910843263618,130.62713595999958,37.57602465999998
0,1,5,CAP-G1200-B120-e0.5,capped,1200.0,120.0,0.5,0.0,372.0,56.790277079999726,102.042735,0.7935086196009802,130.62713595999958,37.57602465999998
0,1,5,CAP-G1200-B120-e0.75,capped,1200.0,120.0,0.75,0.0,744.0,52.071995739999984,157.347905,0.8442149601710338,130.62713595999958,37.57602465999998
0,1,5,CAP-G1200-B120-e0.9,capped,1200.0,120.0,0.9,0.0,1200.0,50.80942681999997,319.896497,0.8577835130057168,130.62713595999958,37.57602465999998
0,1,5,CAP-G1200-B120-e0.95,capped,1200.0,120.0,0.95,0.0,1200.0,50.77594605999992,441.24273400000004,0.8581433234317537,130.62713595999958,37.57602465999998
0,1,5,CAP-G1200-B240-e0.25,capped,1200.0,240.0,0.25,0.0,288.0,63.00511699999995,115.05473199999999,0.7267190903500785,130.62713595999958,37.57602465999998
0,1,5,CAP-G1200-B240-e0.5,capped,1200.0,240.0,0.5,0.0,432.0,54.10982408,157.249395,0.8223148634228068,130.62713595999958,37.57602465999998
0,1,5,CAP-G1200-B240-e0.75,capped,1200.0,240.0,0.75,0.0,864.0,50.735760199999945,256.013372,0.8585751921052014,130.62713595999958,37.57602465999998
0,1,5,CAP-G1200-B240-e0.9,capped,1200.0,240.0,0.9,0.0,1200.0,50.80579517999991,441.24273400000004,0.8578225414487878,130.62713595999958,37.57602465999998
0,1,5,CAP-G1200-B240-e0.95,capped,1200.0,240.0,0.95,0.0,1200.0,50.77594605999992,441.24273400000004,0.8581433234317537,130.62713595999958,37.57602465999998
0,1,5,CAP-G1200-B360-e0.25,capped,1200.0,360.0,0.25,0.0,328.0,58.217969559999965,157.149328,0.778165519878105,130.62713595999958,37.57602465999998
0,1,5,CAP-G1200-B360-e0.5,capped,1200.0,360.0,0.5,0.0,492.0,53.04719621999999,232.089194,0.8337346932900083,130.62713595999958,37.57602465999998
0,1,5,CAP-G1200-B360-e0.75,capped,1200.0,360.0,0.75,0.0,984.0,50.76661705999996,367.524469,0.8582435801602292,130.62713595999958,37.57602465999998
0,1,5,CAP-G1200-B360-e0.9,capped,1200.0,360.0,0.9,0.0,1200.0,50.77594605999992,441.24273400000004,0.8581433234317537,130.62713595999958,37.57602465999998
0,1,5,CAP-G1200-B360-e0.95,capped,1200.0,360.0,0.95,0.0,1200.0,50.77594605999992,441.24273400000004,0.8581433234317537,130.62713595999958,37.57602465999998
0,1,5,CAP-G1200-B480-e0.25,capped,1200.0,480.0,0.25,0.0,368.0,55.666874,192.47668199999998,0.805581587503296,130.62713595999958,37.57602465999998
0,1,5,CAP-G1200-B480-e0.5,capped,1200.0,480.0,0.5,0.0,552.0,52.45913673999993,256.013372,0.8400544402740516,130.62713595999958,37.57602465999998
0,1,5,CAP-G1200-B480-e0.75,capped,1200.0,480.0,0.75,0.0,1104.0,50.746381099999965,441.24273400000004,0.8584610516091703,130.62713595999958,37.57602465999998
0,1,5,CAP-G1200-B480-e0.9,capped,1200.0,480.0,0.9,0.0,1200.0,50.77594605999992,441.24273400000004,0.8581433234317537,130.62713595999958,37.57602465999998
0,1,5,CAP-G1200-B480-e0.95,capped,1200.0,480.0,0.95,0.0,1200.0,50.77594605999992,441.24273400000004,0.8581433234317537,130.62713595999958,37.57602465999998
0,1,5,CAP-G1200-B600-e0.25,capped,1200.0,600.0,0.25,0.0,408.0,54.39957447999995,232.089194,0.819200979064502,130.62713595999958,37.57602465999998
0,1,5,CAP-G1200-B600-e0.5,capped,1200.0,600.0,0.5,0.0,612.0,51.62151157999998,307.493763,0.8490562151942825,130.62713595999958,37.57602465999998
0,1,5,CAP-G1200-B600-e0.75,capped,1200.0,600.0,0.75,0.0,1200.0,50.68371455999997,441.24273400000004,0.8591345152478577,130.62713595999958,37.57602465999998
0,1,5,CAP-G1200-B600-e0.9,capped,1200.0,600.0,0.9,0.0,1200.0,50.77594605999992,441.24273400000004,0.8581433234317537,130.62713595999958,37.57602465999998
0,1,5,CAP-G1200-B600-e0.95,capped,1200.0,600.0,0.95,0.0,1200.0,50.77594605999992,441.24273400000004,0.8581433234317537,130.62713595999958,37.57602465999998
0,1,5,HYB-G1200-B0-g1-e0,hybrid,1200.0,0.0,0.0,1.0,1200.0,90.03540837999996,63.109643999999996,0.4362304438163092,130.62713595999958,37.57602465999998
0,1,5,HYB-G1200-B0-g1-e0.9,hybrid,1200.0,0.0,0.9,1.0,1200.0,50.94575735999995,120.41051399999999,0.8563183984241138,130.62713595999958,37.57602465999998
0,1,5,HYB-G1200-B0-g4-e0,hybrid,1200.0,0.0,0.0,4.0,1200.0,67.45614041999983,65.85234100000001,0.678884912361063,130.62713595999958,37.57602465999998
0,1,5,HYB-G1200-B0-g4-e0.9,hybrid,1200.0,0.0,0.9,4.0,1200.0,50.789196739999994,234.01005,0.8580009212635801,130.62713595999958,37.57602465999998
0,1,5,HYB-G1200-B0-g16-e0,hybrid,1200.0,0.0,0.0,16.0,1200.0,54.13614893999998,100.80716299999999,0.8220319558934697,130.62713595999958,37.57602465999998
0,1,5,HYB-G1200-B0-g16-e0.9,hybrid,1200.0,0.0,0.9,16.0,1200.0,50.78959965999997,440.72618900000003,0.8579965911702115,130.62713595999958,37.57602465999998
0,1,5,HYB-G1200-B30-g1-e0,hybrid,1200.0,30.0,0.0,1.0,1200.0,85.8691792999998,65.85234100000001,0.4810039991429954,130.62713595999958,37.57602465999998
0,1,5,HYB-G1200-B30-g1-e0.9,hybrid,1200.0,30.0,0.9,1.0,1200.0,50.89309277999983,147.139601,0.8568843731799696,130.62713595999958,37.57602465999998
0,1,5,HYB-G1200-B30-g4-e0,hybrid,1200.0,30.0,0.0,4.0,1200.0,64.7214054799999,96.847341,0.7082745123539428,130.62713595999958,37.57602465999998
0,1,5,HYB-G1200-B30-g4-e0.9,hybrid,1200.0,30.0,0.9,4.0,1200.0,50.82752601999993,233.160822,0.8575890048504985,130.62713595999958,37.57602465999998
0,1,5,HYB-G1200-B30-g16-e0,hybrid,1200.0,30.0,0.0,16.0,1200.0,53.45440033999997,109.126309,0.8293585594178705,130.62713595999958,37.57602465999998
0,1,5,HYB-G1200-B30-g16-e0.9,hybrid,1200.0,30.0,0.9,16.0,1200.0,50.77594605999992,441.187759,0.8581433234317537,130.62713595999958,37.57602465999998
0,1,5,HYB-G1200-B120-g1-e0,hybrid,1200.0,120.0,0.0,1.0,1200.0,78.47286377999998,97.15335,0.5604905890038502,130.62713595999958,37.57602465999998
0,1,5,HYB-G1200-B120-g1-e0.9,hybrid,1200.0,120.0,0.9,1.0,1200.0,50.817964099999976,358.5516,0.8576917647194175,130.62713595999958,37.57602465999998
0,1,5,HYB-G1200-B120-g4-e0,hybrid,1200.0,120.0,0.0,4.0,1200.0,59.75942103999997,93.79832,0.7615998769914734,130.62713595999958,37.57602465999998
0,1,5,HYB-G1200-B120-g4-e0.9,hybrid,1200.0,120.0,0.9,4.0,1200.0,50.77989949999984,437.902238,0.8581008366742642,130.62713595999958,37.57602465999998
0,1,5,HYB-G1200-B120-g16-e0,hybrid,1200.0,120.0,0.0,16.0,1200.0,52.809605439999935,109.269591,0.8362880295874552,130.62713595999958,37.57602465999998
0,1,5,HYB-G1200-B120-g16-e0.9,hybrid,1200.0,120.0,0.9,16.0,1200.0,50.77594605999992,441.24273400000004,0.8581433234317537,130.62713595999958,37.57602465999998
0,2,4,SJF,reference,-1.0,-1.0,-1.0,-1.0,inf,46.225154939999946,197.658855,1.0,248.57689573999897,46.225154939999946
0,2,4,SPJF-E,reference,-1.0,-1.0,-1.0,-1.0,inf,75.60453239999995,675.133006,0.8548103547622155,248.57689573999897,46.225154939999946
0,2,4,FIX-B15,fixed,-1.0,15.0,0.0,0.0,153.75,249.55161371999964,53.237856,-0.00481694882459181,248.57689573999897,46.225154939999946
0,2,4,FIX-B17.99,fixed,-1.0,17.99,0.0,0.0,154.4975,249.3829627999996,53.237856,-0.003983494566509965,248.57689573999897,46.225154939999946
0,2,4,FIX-B21.576,fixed,-1.0,21.576,0.0,0.0,155.394,249.40266887999996,53.237856,-0.0040808798418846826,248.57689573999897,46.225154939999946
0,2,4,FIX-B25.877,fixed,-1.0,25.877,0.0,0.0,156.46925,249.9662196399999,53.237856,-0.00686588558372777,248.57689573999897,46.225154939999946
0,2,4,FIX-B30,fixed,-1.0,30.0,0.0,0.0,157.5,249.6219762799998,53.237856,-0.005164672840812271,248.57689573999897,46.225154939999946
0,2,4,FIX-B31.035,fixed,-1.0,31.035,0.0,0.0,157.75875,249.63656455999924,53.237856,-0.005236766512661866,248.57689573999897,46.225154939999946
0,2,4,FIX-B37.222,fixed,-1.0,37.222,0.0,0.0,159.3055,249.71239753999913,53.237856,-0.005611524741575942,248.57689573999897,46.225154939999946
0,2,4,FIX-B44.641,fixed,-1.0,44.641,0.0,0.0,161.16025,250.0513599399997,55.015554,-0.007286639562236699,248.57689573999897,46.225154939999946
0,2,4,FIX-B53.54,fixed,-1.0,53.54,0.0,0.0,163.385,249.32296300000002,59.435355,-0.003686982168037987,248.57689573999897,46.225154939999946
0,2,4,FIX-B60,fixed,-1.0,60.0,0.0,0.0,165.0,248.52702105999947,59.526211,0.0002464751714135237,248.57689573999897,46.225154939999946
0,2,4,FIX-B64.212,fixed,-1.0,64.212,0.0,0.0,166.053,248.42001291999986,59.526211,0.0007752976049470806,248.57689573999897,46.225154939999946
0,2,4,FIX-B77.012,fixed,-1.0,77.012,0.0,0.0,169.253,247.92204159999997,62.701541,0.003236216982418992,248.57689573999897,46.225154939999946
0,2,4,FIX-B92.363,fixed,-1.0,92.363,0.0,0.0,173.09075,246.30326832,102.641448,0.011236016112390097,248.57689573999897,46.225154939999946
0,2,4,FIX-B110.774,fixed,-1.0,110.774,0.0,0.0,177.6935,246.1057071399992,102.641448,0.012212341688931937,248.57689573999897,46.225154939999946
0,2,4,FIX-B120,fixed,-1.0,120.0,0.0,0.0,180.0,245.55901497999974,102.641448,0.014914034087712896,248.57689573999897,46.225154939999946
0,2,4,FIX-B132.855,fixed,-1.0,132.855,0.0,0.0,183.21375,244.03626191999965,102.641448,0.02243931187371011,248.57689573999897,46.225154939999946
0,2,4,FIX-B159.338,fixed,-1.0,159.338,0.0,0.0,189.8345,239.50473679999996,102.728126,0.044833609555975006,248.57689573999897,46.225154939999946
0,2,4,FIX-B191.099,fixed,-1.0,191.099,0.0,0.0,197.77474999999998,235.04302559999968,102.728126,0.06688289454043264,248.57689573999897,46.225154939999946
0,2,4,FIX-B229.192,fixed,-1.0,229.192,0.0,0.0,207.298,228.78462559999986,102.761467,0.09781121754500476,248.57689573999897,46.225154939999946
0,2,4,FIX-B240,fixed,-1.0,240.0,0.0,0.0,210.0,226.7627623799993,102.761467,0.10780304273023478,248.57689573999897,46.225154939999946
0,2,4,FIX-B274.878,fixed,-1.0,274.878,0.0,0.0,218.71949999999998,221.59286169999987,105.849404,0.13335212206881708,248.57689573999897,46.225154939999946
0,2,4,FIX-B329.671,fixed,-1.0,329.671,0.0,0.0,232.41775,212.89730845999873,123.724104,0.17632458776455667,248.57689573999897,46.225154939999946
0,2,4,FIX-B360,fixed,-1.0,360.0,0.0,0.0,240.0,208.23132995999973,151.17616,0.19938333923144308,248.57689573999897,46.225154939999946
0,2,4,FIX-B395.386,fixed,-1.0,395.386,0.0,0.0,248.8465,201.78828195999952,151.328698,0.23122417230027445,248.57689573999897,46.225154939999946
0,2,4,FIX-B474.201,fixed,-1.0,474.201,0.0,0.0,268.55025,187.86713913999907,151.524922,0.3000209257404135,248.57689573999897,46.225154939999946
0,2,4,FIX-B480,fixed,-1.0,480.0,0.0,0.0,270.0,186.80729313999925,163.36240199999997,0.30525856785710453,248.57689573999897,46.225154939999946
0,2,4,FIX-B568.726,fixed,-1.0,568.726,0.0,0.0,292.1815,177.20996757999976,183.229591,0.35268749296571195,248.57689573999897,46.225154939999946
0,2,4,FIX-B600,fixed,-1.0,600.0,0.0,0.0,300.0,174.12944383999906,186.1135,0.3679111017561371,248.57689573999897,46.225154939999946
0,2,4,FIX-B682.093,fixed,-1.0,682.093,0.0,0.0,320.52324999999996,163.16555211999938,199.319692,0.422093446205727,248.57689573999897,46.225154939999946
0,2,4,FIX-B818.058,fixed,-1.0,818.058,0.0,0.0,354.5145,141.69957929999958,237.66894499999998,0.5281759179212354,248.57689573999897,46.225154939999946
0,2,4,FIX-B981.126,fixed,-1.0,981.126,0.0,0.0,395.2815,125.49666881999941,271.141589,0.608248915642638,248.57689573999897,46.225154939999946
0,2,4,FIX-B1176.7,fixed,-1.0,1176.699,0.0,0.0,444.17475,116.25675591999996,315.62681299999997,0.653911546779239,248.57689573999897,46.225154939999946
0,2,4,FIX-B1411.26,fixed,-1.0,1411.256,0.0,0.0,502.814,108.01640553999971,370.39739799999995,0.6946344501129191,248.57689573999897,46.225154939999946
0,2,4,FIX-B1692.57,fixed,-1.0,1692.569,0.0,0.0,573.14225,99.28277741999983,435.793169,0.7377950776690322,248.57689573999897,46.225154939999946
0,2,4,FIX-B2029.96,fixed,-1.0,2029.958,0.0,0.0,657.4895,93.16463559999991,542.622737,0.7680302602071799,248.57689573999897,46.225154939999946
0,2,4,FIX-B2434.6,fixed,-1.0,2434.6,0.0,0.0,758.65,90.28508865999974,625.783771,0.7822606638034911,248.57689573999897,46.225154939999946
0,2,4,FIX-B2919.9,fixed,-1.0,2919.901,0.0,0.0,879.97525,87.52952987999994,675.133006,0.7958783315789484,248.57689573999897,46.225154939999946
0,2,4,FIX-B3501.94,fixed,-1.0,3501.94,0.0,0.0,1025.4850000000001,85.25811067999936,675.133006,0.8071034349114945,248.57689573999897,46.225154939999946
0,2,4,FIX-B4200,fixed,-1.0,4200.0,0.0,0.0,1200.0,84.00853797999973,675.133006,0.813278685468072,248.57689573999897,46.225154939999946
0,2,4,FIXEQ-G300,fixed,300.0,inf,0.0,0.0,300.0,174.12944383999906,186.1135,0.3679111017561371,248.57689573999897,46.225154939999946
0,2,4,CAP-G300-B0-e0,capped,300.0,0.0,0.0,0.0,150.0,248.57689573999897,0.0,0.0,248.57689573999897,46.225154939999946
0,2,4,CAP-G300-B0-e0.25,capped,300.0,0.0,0.25,0.0,200.0,206.95624559999993,59.435355,0.2056846655998684,248.57689573999897,46.225154939999946
0,2,4,CAP-G300-B0-e0.5,capped,300.0,0.0,0.5,0.0,300.0,167.36142025999976,102.761467,0.40135792832279704,248.57689573999897,46.225154939999946
0,2,4,CAP-G300-B0-e0.75,capped,300.0,0.0,0.75,0.0,300.0,167.33359953999985,150.53197200000002,0.4014954152546609,248.57689573999897,46.225154939999946
0,2,4,CAP-G300-B0-e0.9,capped,300.0,0.0,0.9,0.0,300.0,172.57684749999896,183.280484,0.37558386174259384,248.57689573999897,46.225154939999946
0,2,4,CAP-G300-B0-e0.95,capped,300.0,0.0,0.95,0.0,300.0,173.69761963999943,183.280484,0.370045129357246,248.57689573999897,46.225154939999946
0,2,4,CAP-G300-B15-e0,capped,300.0,15.0,0.0,0.0,153.75,249.55161371999964,53.237856,-0.00481694882459181,248.57689573999897,46.225154939999946
0,2,4,CAP-G300-B15-e0.25,capped,300.0,15.0,0.25,0.0,205.0,193.8606577999999,62.701541,0.27040161712312455,248.57689573999897,46.225154939999946
0,2,4,CAP-G300-B15-e0.5,capped,300.0,15.0,0.5,0.0,300.0,164.39503687999988,102.761467,0.4160174680345498,248.57689573999897,46.225154939999946
0,2,4,CAP-G300-B15-e0.75,capped,300.0,15.0,0.75,0.0,300.0,167.0377373799992,156.77094200000002,0.40295753343971324,248.57689573999897,46.225154939999946
0,2,4,CAP-G300-B15-e0.9,capped,300.0,15.0,0.9,0.0,300.0,173.6215594799996,183.280484,0.37042101028468016,248.57689573999897,46.225154939999946
0,2,4,CAP-G300-B15-e0.95,capped,300.0,15.0,0.95,0.0,300.0,173.91061875999955,183.280484,0.36899251118278387,248.57689573999897,46.225154939999946
0,2,4,CAP-G300-B30-e0,capped,300.0,30.0,0.0,0.0,157.5,249.6219762799998,53.237856,-0.005164672840812271,248.57689573999897,46.225154939999946
0,2,4,CAP-G300-B30-e0.25,capped,300.0,30.0,0.25,0.0,210.0,189.62179399999974,74.92306699999999,0.291349614818829,248.57689573999897,46.225154939999946
0,2,4,CAP-G300-B30-e0.5,capped,300.0,30.0,0.5,0.0,300.0,165.71856655999983,102.761467,0.40947673023428494,248.57689573999897,46.225154939999946
0,2,4,CAP-G300-B30-e0.75,capped,300.0,30.0,0.75,0.0,300.0,167.56724165999918,152.54721099999998,0.4003407816494563,248.57689573999897,46.225154939999946
0,2,4,CAP-G300-B30-e0.9,capped,300.0,30.0,0.9,0.0,300.0,173.70108411999965,183.280484,0.3700280082789369,248.57689573999897,46.225154939999946
0,2,4,CAP-G300-B30-e0.95,capped,300.0,30.0,0.95,0.0,300.0,174.12944383999906,186.1135,0.3679111017561371,248.57689573999897,46.225154939999946
0,2,4,CAP-G300-B60-e0,capped,300.0,60.0,0.0,0.0,165.0,248.52702105999947,59.526211,0.0002464751714135237,248.57689573999897,46.225154939999946
0,2,4,CAP-G300-B60-e0.25,capped,300.0,60.0,0.25,0.0,220.0,185.78214255999984,102.728126,0.31032474903225266,248.57689573999897,46.225154939999946
0,2,4,CAP-G300-B60-e0.5,capped,300.0,60.0,0.5,0.0,300.0,162.7212225399999,105.849404,0.424289274016463,248.57689573999897,46.225154939999946
0,2,4,CAP-G300-B60-e0.75,capped,300.0,60.0,0.75,0.0,300.0,171.13264397999956,151.524922,0.3827209563595699,248.57689573999897,46.225154939999946
0,2,4,CAP-G300-B60-e0.9,capped,300.0,60.0,0.9,0.0,300.0,174.12944383999906,186.1135,0.3679111017561371,248.57689573999897,46.225154939999946
0,2,4,CAP-G300-B60-e0.95,capped,300.0,60.0,0.95,0.0,300.0,174.12944383999906,186.1135,0.3679111017561371,248.57689573999897,46.225154939999946
0,2,4,CAP-G300-B120-e0,capped,300.0,120.0,0.0,0.0,180.0,245.55901497999974,102.641448,0.014914034087712896,248.57689573999897,46.225154939999946
0,2,4,CAP-G300-B120-e0.25,capped,300.0,120.0,0.25,0.0,240.0,180.00681519999995,102.761467,0.33886578029379305,248.57689573999897,46.225154939999946
0,2,4,CAP-G300-B120-e0.5,capped,300.0,120.0,0.5,0.0,300.0,167.02270541999994,145.666115,0.4030318197292199,248.57689573999897,46.225154939999946
0,2,4,CAP-G300-B120-e0.75,capped,300.0,120.0,0.75,0.0,300.0,173.75276733999857,183.280484,0.36977259550218194,248.57689573999897,46.225154939999946
0,2,4,CAP-G300-B120-e0.9,capped,300.0,120.0,0.9,0.0,300.0,174.12944383999906,186.1135,0.3679111017561371,248.57689573999897,46.225154939999946
0,2,4,CAP-G300-B120-e0.95,capped,300.0,120.0,0.95,0.0,300.0,174.12944383999906,186.1135,0.3679111017561371,248.57689573999897,46.225154939999946
0,2,4,CAP-G300-B240-e0,capped,300.0,240.0,0.0,0.0,210.0,226.7627623799993,102.761467,0.10780304273023478,248.57689573999897,46.225154939999946
0,2,4,CAP-G300-B240-e0.25,capped,300.0,240.0,0.25,0.0,280.0,170.41093533999992,151.328698,0.3862875609123469,248.57689573999897,46.225154939999946
0,2,4,CAP-G300-B240-e0.5,capped,300.0,240.0,0.5,0.0,300.0,172.6638336599996,183.280484,0.3751539857274099,248.57689573999897,46.225154939999946
0,2,4,CAP-G300-B240-e0.75,capped,300.0,240.0,0.75,0.0,300.0,174.12944383999906,186.1135,0.3679111017561371,248.57689573999897,46.225154939999946
0,2,4,CAP-G300-B240-e0.9,capped,300.0,240.0,0.9,0.0,300.0,174.12944383999906,186.1135,0.3679111017561371,248.57689573999897,46.225154939999946
0,2,4,CAP-G300-B240-e0.95,capped,300.0,240.0,0.95,0.0,300.0,174.12944383999906,186.1135,0.3679111017561371,248.57689573999897,46.225154939999946
0,2,4,CAP-G300-B360-e0,capped,300.0,360.0,0.0,0.0,240.0,208.23132995999973,151.17616,0.19938333923144308,248.57689573999897,46.225154939999946
0,2,4,CAP-G300-B360-e0.25,capped,300.0,360.0,0.25,0.0,300.0,170.01528127999998,163.389502,0.3882428396682188,248.57689573999897,46.225154939999946
0,2,4,CAP-G300-B360-e0.5,capped,300.0,360.0,0.5,0.0,300.0,174.12944383999906,186.1135,0.3679111017561371,248.57689573999897,46.225154939999946
0,2,4,CAP-G300-B360-e0.75,capped,300.0,360.0,0.75,0.0,300.0,174.12944383999906,186.1135,0.3679111017561371,248.57689573999897,46.225154939999946
0,2,4,CAP-G300-B360-e0.9,capped,300.0,360.0,0.9,0.0,300.0,174.12944383999906,186.1135,0.3679111017561371,248.57689573999897,46.225154939999946
0,2,4,CAP-G300-B360-e0.95,capped,300.0,360.0,0.95,0.0,300.0,174.12944383999906,186.1135,0.3679111017561371,248.57689573999897,46.225154939999946
0,2,4,CAP-G300-B480-e0,capped,300.0,480.0,0.0,0.0,270.0,186.80729313999925,163.36240199999997,0.30525856785710453,248.57689573999897,46.225154939999946
0,2,4,CAP-G300-B480-e0.25,capped,300.0,480.0,0.25,0.0,300.0,174.12944383999906,186.1135,0.3679111017561371,248.57689573999897,46.225154939999946
0,2,4,CAP-G300-B480-e0.5,capped,300.0,480.0,0.5,0.0,300.0,174.12944383999906,186.1135,0.3679111017561371,248.57689573999897,46.225154939999946
0,2,4,CAP-G300-B480-e0.75,capped,300.0,480.0,0.75,0.0,300.0,174.12944383999906,186.1135,0.3679111017561371,248.57689573999897,46.225154939999946
0,2,4,CAP-G300-B480-e0.9,capped,300.0,480.0,0.9,0.0,300.0,174.12944383999906,186.1135,0.3679111017561371,248.57689573999897,46.225154939999946
0,2,4,CAP-G300-B480-e0.95,capped,300.0,480.0,0.95,0.0,300.0,174.12944383999906,186.1135,0.3679111017561371,248.57689573999897,46.225154939999946
0,2,4,HYB-G300-B0-g1-e0,hybrid,300.0,0.0,0.0,1.0,300.0,213.33389847999982,57.05051,0.1741670080062851,248.57689573999897,46.225154939999946
0,2,4,HYB-G300-B0-g1-e0.9,hybrid,300.0,0.0,0.9,1.0,300.0,173.67466149999967,183.280484,0.37015858595469847,248.57689573999897,46.225154939999946
0,2,4,HYB-G300-B0-g4-e0,hybrid,300.0,0.0,0.0,4.0,300.0,186.47144159999976,53.237856,0.30691830915051616,248.57689573999897,46.225154939999946
0,2,4,HYB-G300-B0-g4-e0.9,hybrid,300.0,0.0,0.9,4.0,300.0,173.86416625999982,183.280484,0.3692220743178282,248.57689573999897,46.225154939999946
0,2,4,HYB-G300-B0-g16-e0,hybrid,300.0,0.0,0.0,16.0,300.0,177.06030605999996,98.035865,0.3534271037019878,248.57689573999897,46.225154939999946
0,2,4,HYB-G300-B0-g16-e0.9,hybrid,300.0,0.0,0.9,16.0,300.0,174.1200238999998,186.1135,0.3679576540613558,248.57689573999897,46.225154939999946
0,2,4,HYB-G300-B30-g1-e0,hybrid,300.0,30.0,0.0,1.0,300.0,208.18875591999986,53.237856,0.1995937354446486,248.57689573999897,46.225154939999946
0,2,4,HYB-G300-B30-g1-e0.9,hybrid,300.0,30.0,0.9,1.0,300.0,173.91633815999964,183.280484,0.36896424653837073,248.57689573999897,46.225154939999946
0,2,4,HYB-G300-B30-g4-e0,hybrid,300.0,30.0,0.0,4.0,300.0,181.8969990799999,56.101136,0.32952469989326333,248.57689573999897,46.225154939999946
0,2,4,HYB-G300-B30-g4-e0.9,hybrid,300.0,30.0,0.9,4.0,300.0,174.0002466799996,183.280484,0.3685495798808553,248.57689573999897,46.225154939999946
0,2,4,HYB-G300-B30-g16-e0,hybrid,300.0,30.0,0.0,16.0,300.0,176.96714703999922,98.04715499999999,0.353887485310925,248.57689573999897,46.225154939999946
0,2,4,HYB-G300-B30-g16-e0.9,hybrid,300.0,30.0,0.9,16.0,300.0,174.12944383999906,186.1135,0.3679111017561371,248.57689573999897,46.225154939999946
0,2,4,HYB-G300-B120-g1-e0,hybrid,300.0,120.0,0.0,1.0,300.0,194.26849679999975,102.641448,0.2683861217367866,248.57689573999897,46.225154939999946
0,2,4,HYB-G300-B120-g1-e0.9,hybrid,300.0,120.0,0.9,1.0,300.0,174.12944383999906,186.1135,0.3679111017561371,248.57689573999897,46.225154939999946
0,2,4,HYB-G300-B120-g4-e0,hybrid,300.0,120.0,0.0,4.0,300.0,176.7760203199998,102.641448,0.35483201249534063,248.57689573999897,46.225154939999946
0,2,4,HYB-G300-B120-g4-e0.9,hybrid,300.0,120.0,0.9,4.0,300.0,174.12944383999906,186.1135,0.3679111017561371,248.57689573999897,46.225154939999946
0,2,4,HYB-G300-B120-g16-e0,hybrid,300.0,120.0,0.0,16.0,300.0,176.79956017999936,118.98673699999999,0.35471568110176577,248.57689573999897,46.225154939999946
0,2,4,HYB-G300-B120-g16-e0.9,hybrid,300.0,120.0,0.9,16.0,300.0,174.12944383999906,186.1135,0.3679111017561371,248.57689573999897,46.225154939999946
0,2,4,FIXEQ-G600,fixed,600.0,inf,0.0,0.0,600.0,96.41016999999987,490.534049,0.7519911869223703,248.57689573999897,46.225154939999946
0,2,4,CAP-G600-B0-e0,capped,600.0,0.0,0.0,0.0,150.0,248.57689573999897,0.0,0.0,248.57689573999897,46.225154939999946
0,2,4,CAP-G600-B0-e0.25,capped,600.0,0.0,0.25,0.0,200.0,203.049800559999,59.435355,0.22498988642256443,248.57689573999897,46.225154939999946
0,2,4,CAP-G600-B0-e0.5,capped,600.0,0.0,0.5,0.0,300.0,132.87903499999993,102.761467,0.5717660756590813,248.57689573999897,46.225154939999946
0,2,4,CAP-G600-B0-e0.75,capped,600.0,0.0,0.75,0.0,600.0,105.79591973999761,150.53197200000002,0.7056078461965081,248.57689573999897,46.225154939999946
0,2,4,CAP-G600-B0-e0.9,capped,600.0,0.0,0.9,0.0,600.0,96.8327341599998,223.60054300000002,0.7499029214183064,248.57689573999897,46.225154939999946
0,2,4,CAP-G600-B0-e0.95,capped,600.0,0.0,0.95,0.0,600.0,96.75683041999987,223.60054300000002,0.7502780293353416,248.57689573999897,46.225154939999946
0,2,4,CAP-G600-B15-e0,capped,600.0,15.0,0.0,0.0,153.75,249.55161371999964,53.237856,-0.00481694882459181,248.57689573999897,46.225154939999946
0,2,4,CAP-G600-B15-e0.25,capped,600.0,15.0,0.25,0.0,205.0,190.13471073999975,62.701541,0.28881483682298775,248.57689573999897,46.225154939999946
0,2,4,CAP-G600-B15-e0.5,capped,600.0,15.0,0.5,0.0,307.5,132.08169027999998,102.761467,0.5757064653826767,248.57689573999897,46.225154939999946
0,2,4,CAP-G600-B15-e0.75,capped,600.0,15.0,0.75,0.0,600.0,102.74600405999999,156.77094200000002,0.7206801933279918,248.57689573999897,46.225154939999946
0,2,4,CAP-G600-B15-e0.9,capped,600.0,15.0,0.9,0.0,600.0,97.75400329999971,223.60054300000002,0.7453501108699134,248.57689573999897,46.225154939999946
0,2,4,CAP-G600-B15-e0.95,capped,600.0,15.0,0.95,0.0,600.0,96.81705087999983,223.60054300000002,0.7499804264594687,248.57689573999897,46.225154939999946
0,2,4,CAP-G600-B30-e0,capped,600.0,30.0,0.0,0.0,157.5,249.6219762799998,53.237856,-0.005164672840812271,248.57689573999897,46.225154939999946
0,2,4,CAP-G600-B30-e0.25,capped,600.0,30.0,0.25,0.0,210.0,183.3602603599994,74.92306699999999,0.32229342392689664,248.57689573999897,46.225154939999946
0,2,4,CAP-G600-B30-e0.5,capped,600.0,30.0,0.5,0.0,315.0,130.19451055999969,102.761467,0.585032699555604,248.57689573999897,46.225154939999946
0,2,4,CAP-G600-B30-e0.75,capped,600.0,30.0,0.75,0.0,600.0,102.40344549999999,152.54721099999998,0.7223730799750041,248.57689573999897,46.225154939999946
0,2,4,CAP-G600-B30-e0.9,capped,600.0,30.0,0.9,0.0,600.0,98.02664521999988,223.60054300000002,0.744002744551629,248.57689573999897,46.225154939999946
0,2,4,CAP-G600-B30-e0.95,capped,600.0,30.0,0.95,0.0,600.0,96.27022611999942,428.917531,0.7526827741528394,248.57689573999897,46.225154939999946
0,2,4,CAP-G600-B60-e0,capped,600.0,60.0,0.0,0.0,165.0,248.52702105999947,59.526211,0.0002464751714135237,248.57689573999897,46.225154939999946
0,2,4,CAP-G600-B60-e0.25,capped,600.0,60.0,0.25,0.0,220.0,178.73405526,102.728126,0.3451556196347747,248.57689573999897,46.225154939999946
0,2,4,CAP-G600-B60-e0.5,capped,600.0,60.0,0.5,0.0,330.0,127.19887567999992,105.849404,0.5998367969562812,248.57689573999897,46.225154939999946
0,2,4,CAP-G600-B60-e0.75,capped,600.0,60.0,0.75,0.0,600.0,101.0030451399999,151.524922,0.7292937042032098,248.57689573999897,46.225154939999946
0,2,4,CAP-G600-B60-e0.9,capped,600.0,60.0,0.9,0.0,600.0,97.16797897999984,265.16774,0.7482461784682599,248.57689573999897,46.225154939999946
0,2,4,CAP-G600-B60-e0.95,capped,600.0,60.0,0.95,0.0,600.0,96.47643833999983,360.842306,0.7516636960901295,248.57689573999897,46.225154939999946
0,2,4,CAP-G600-B120-e0,capped,600.0,120.0,0.0,0.0,180.0,245.55901497999974,102.641448,0.014914034087712896,248.57689573999897,46.225154939999946
0,2,4,CAP-G600-B120-e0.25,capped,600.0,120.0,0.25,0.0,240.0,168.55810255999987,102.761467,0.39544405629348306,248.57689573999897,46.225154939999946
0,2,4,CAP-G600-B120-e0.5,capped,600.0,120.0,0.5,0.0,360.0,120.74532015999944,145.666115,0.6317295570308242,248.57689573999897,46.225154939999946
0,2,4,CAP-G600-B120-e0.75,capped,600.0,120.0,0.75,0.0,600.0,99.24589803999956,219.727394,0.7379773315001802,248.57689573999897,46.225154939999946
0,2,4,CAP-G600-B120-e0.9,capped,600.0,120.0,0.9,0.0,600.0,96.49509067999983,360.842306,0.7515715182816943,248.57689573999897,46.225154939999946
0,2,4,CAP-G600-B120-e0.95,capped,600.0,120.0,0.95,0.0,600.0,96.41016999999987,490.534049,0.7519911869223703,248.57689573999897,46.225154939999946
0,2,4,CAP-G600-B240-e0,capped,600.0,240.0,0.0,0.0,210.0,226.7627623799993,102.761467,0.10780304273023478,248.57689573999897,46.225154939999946
0,2,4,CAP-G600-B240-e0.25,capped,600.0,240.0,0.25,0.0,280.0,152.61246491999978,151.328698,0.47424563999599484,248.57689573999897,46.225154939999946
0,2,4,CAP-G600-B240-e0.5,capped,600.0,240.0,0.5,0.0,420.0,111.40512369999998,183.304946,0.677887778467778,248.57689573999897,46.225154939999946
0,2,4,CAP-G600-B240-e0.75,capped,600.0,240.0,0.75,0.0,600.0,96.72500129999996,296.768915,0.750435325338203,248.57689573999897,46.225154939999946
0,2,4,CAP-G600-B240-e0.9,capped,600.0,240.0,0.9,0.0,600.0,96.41016999999987,490.534049,0.7519911869223703,248.57689573999897,46.225154939999946
0,2,4,CAP-G600-B240-e0.95,capped,600.0,240.0,0.95,0.0,600.0,96.41016999999987,490.534049,0.7519911869223703,248.57689573999897,46.225154939999946
0,2,4,CAP-G600-B360-e0,capped,600.0,360.0,0.0,0.0,240.0,208.23132995999973,151.17616,0.19938333923144308,248.57689573999897,46.225154939999946
0,2,4,CAP-G600-B360-e0.25,capped,600.0,360.0,0.25,0.0,320.0,139.88643289999993,163.389502,0.537136287586608,248.57689573999897,46.225154939999946
0,2,4,CAP-G600-B360-e0.5,capped,600.0,360.0,0.5,0.0,480.0,101.42826451999981,223.60054300000002,0.7271923168945621,248.57689573999897,46.225154939999946
0,2,4,CAP-G600-B360-e0.75,capped,600.0,360.0,0.75,0.0,600.0,96.21624849999998,429.891983,0.7529495256015101,248.57689573999897,46.225154939999946
0,2,4,CAP-G600-B360-e0.9,capped,600.0,360.0,0.9,0.0,600.0,96.41016999999987,490.534049,0.7519911869223703,248.57689573999897,46.225154939999946
0,2,4,CAP-G600-B360-e0.95,capped,600.0,360.0,0.95,0.0,600.0,96.41016999999987,490.534049,0.7519911869223703,248.57689573999897,46.225154939999946
0,2,4,CAP-G600-B480-e0,capped,600.0,480.0,0.0,0.0,270.0,186.80729313999925,163.36240199999997,0.30525856785710453,248.57689573999897,46.225154939999946
0,2,4,CAP-G600-B480-e0.25,capped,600.0,480.0,0.25,0.0,360.0,124.96399799999976,199.319692,0.6108813161245599,248.57689573999897,46.225154939999946
0,2,4,CAP-G600-B480-e0.5,capped,600.0,480.0,0.5,0.0,540.0,99.15194931999991,281.969267,0.7384416157194719,248.57689573999897,46.225154939999946
0,2,4,CAP-G600-B480-e0.75,capped,600.0,480.0,0.75,0.0,600.0,96.41016999999987,490.534049,0.7519911869223703,248.57689573999897,46.225154939999946
0,2,4,CAP-G600-B480-e0.9,capped,600.0,480.0,0.9,0.0,600.0,96.41016999999987,490.534049,0.7519911869223703,248.57689573999897,46.225154939999946
0,2,4,CAP-G600-B480-e0.95,capped,600.0,480.0,0.95,0.0,600.0,96.41016999999987,490.534049,0.7519911869223703,248.57689573999897,46.225154939999946
0,2,4,CAP-G600-B600-e0,capped,600.0,600.0,0.0,0.0,300.0,174.12944383999906,186.1135,0.3679111017561371,248.57689573999897,46.225154939999946
0,2,4,CAP-G600-B600-e0.25,capped,600.0,600.0,0.25,0.0,400.0,111.85626571999934,232.28968500000002,0.675658284329424,248.57689573999897,46.225154939999946
0,2,4,CAP-G600-B600-e0.5,capped,600.0,600.0,0.5,0.0,600.0,96.3966973399999,333.049134,0.7520577673231453,248.57689573999897,46.225154939999946
0,2,4,CAP-G600-B600-e0.75,capped,600.0,600.0,0.75,0.0,600.0,96.41016999999987,490.534049,0.7519911869223703,248.57689573999897,46.225154939999946
0,2,4,CAP-G600-B600-e0.9,capped,600.0,600.0,0.9,0.0,600.0,96.41016999999987,490.534049,0.7519911869223703,248.57689573999897,46.225154939999946
0,2,4,CAP-G600-B600-e0.95,capped,600.0,600.0,0.95,0.0,600.0,96.41016999999987,490.534049,0.7519911869223703,248.57689573999897,46.225154939999946
0,2,4,HYB-G600-B0-g1-e0,hybrid,600.0,0.0,0.0,1.0,600.0,198.7484339199989,57.05051,0.24624676626453973,248.57689573999897,46.225154939999946
0,2,4,HYB-G600-B0-g1-e0.9,hybrid,600.0,0.0,0.9,1.0,600.0,96.70319841999999,223.60054300000002,0.7505430727680685,248.57689573999897,46.225154939999946
0,2,4,HYB-G600-B0-g4-e0,hybrid,600.0,0.0,0.0,4.0,600.0,153.74298859999985,53.237856,0.46865871657477526,248.57689573999897,46.225154939999946
0,2,4,HYB-G600-B0-g4-e0.9,hybrid,600.0,0.0,0.9,4.0,600.0,96.45086079999996,223.60054300000002,0.7517900974736746,248.57689573999897,46.225154939999946
0,2,4,HYB-G600-B0-g16-e0,hybrid,600.0,0.0,0.0,16.0,600.0,108.35987241999996,98.035865,0.6929370746485799,248.57689573999897,46.225154939999946
0,2,4,HYB-G600-B0-g16-e0.9,hybrid,600.0,0.0,0.9,16.0,600.0,96.41460737999991,371.412029,0.7519692578794944,248.57689573999897,46.225154939999946
0,2,4,HYB-G600-B30-g1-e0,hybrid,600.0,30.0,0.0,1.0,600.0,193.2897368599999,53.237856,0.2732230454821931,248.57689573999897,46.225154939999946
0,2,4,HYB-G600-B30-g1-e0.9,hybrid,600.0,30.0,0.9,1.0,600.0,96.8756338,223.60054300000002,0.7496909161257865,248.57689573999897,46.225154939999946
0,2,4,HYB-G600-B30-g4-e0,hybrid,600.0,30.0,0.0,4.0,600.0,149.1094517399999,56.101136,0.4915571450324758,248.57689573999897,46.225154939999946
0,2,4,HYB-G600-B30-g4-e0.9,hybrid,600.0,30.0,0.9,4.0,600.0,96.39678259999991,243.596596,0.7520573459776225,248.57689573999897,46.225154939999946
0,2,4,HYB-G600-B30-g16-e0,hybrid,600.0,30.0,0.0,16.0,600.0,107.05704915999942,98.04715499999999,0.6993754836034514,248.57689573999897,46.225154939999946
0,2,4,HYB-G600-B30-g16-e0.9,hybrid,600.0,30.0,0.9,16.0,600.0,96.42103917999997,469.184788,0.7519374726328014,248.57689573999897,46.225154939999946
0,2,4,HYB-G600-B120-g1-e0,hybrid,600.0,120.0,0.0,1.0,600.0,177.99930219999987,102.641448,0.34878668827344944,248.57689573999897,46.225154939999946
0,2,4,HYB-G600-B120-g1-e0.9,hybrid,600.0,120.0,0.9,1.0,600.0,96.45214913999996,362.874168,0.7517837306393944,248.57689573999897,46.225154939999946
0,2,4,HYB-G600-B120-g4-e0,hybrid,600.0,120.0,0.0,4.0,600.0,140.06125719999974,102.641448,0.5362723251649919,248.57689573999897,46.225154939999946
0,2,4,HYB-G600-B120-g4-e0.9,hybrid,600.0,120.0,0.9,4.0,600.0,96.4530135199999,467.64487699999995,0.7517794589687059,248.57689573999897,46.225154939999946
0,2,4,HYB-G600-B120-g16-e0,hybrid,600.0,120.0,0.0,16.0,600.0,103.63504253999987,118.98673699999999,0.7162866631488837,248.57689573999897,46.225154939999946
0,2,4,HYB-G600-B120-g16-e0.9,hybrid,600.0,120.0,0.9,16.0,600.0,96.43477989999984,465.093697,0.7518695675090523,248.57689573999897,46.225154939999946
0,2,4,CAP-G1200-B0-e0,capped,1200.0,0.0,0.0,0.0,150.0,248.57689573999897,0.0,0.0,248.57689573999897,46.225154939999946
0,2,4,CAP-G1200-B0-e0.25,capped,1200.0,0.0,0.25,0.0,200.0,203.049800559999,59.435355,0.22498988642256443,248.57689573999897,46.225154939999946
0,2,4,CAP-G1200-B0-e0.5,capped,1200.0,0.0,0.5,0.0,300.0,129.53208947999943,102.761467,0.5883063115214876,248.57689573999897,46.225154939999946
0,2,4,CAP-G1200-B0-e0.75,capped,1200.0,0.0,0.75,0.0,600.0,96.95861307999995,150.53197200000002,0.7492808416699311,248.57689573999897,46.225154939999946
0,2,4,CAP-G1200-B0-e0.9,capped,1200.0,0.0,0.9,0.0,1200.0,85.59544227999945,223.60054300000002,0.8054363793246908,248.57689573999897,46.225154939999946
0,2,4,CAP-G1200-B0-e0.95,capped,1200.0,0.0,0.95,0.0,1200.0,84.61242047999963,223.60054300000002,0.8102943647124786,248.57689573999897,46.225154939999946
0,2,4,CAP-G1200-B15-e0.25,capped,1200.0,15.0,0.25,0.0,205.0,190.13471073999975,62.701541,0.28881483682298775,248.57689573999897,46.225154939999946
0,2,4,CAP-G1200-B15-e0.5,capped,1200.0,15.0,0.5,0.0,307.5,127.19053447999929,102.761467,0.5998780182473245,248.57689573999897,46.225154939999946
0,2,4,CAP-G1200-B15-e0.75,capped,1200.0,15.0,0.75,0.0,615.0,93.75663049999972,156.77094200000002,0.765104686660546,248.57689573999897,46.225154939999946
0,2,4,CAP-G1200-B15-e0.9,capped,1200.0,15.0,0.9,0.0,1200.0,85.53026053999996,223.60054300000002,0.8057585002994933,248.57689573999897,46.225154939999946
0,2,4,CAP-G1200-B15-e0.95,capped,1200.0,15.0,0.95,0.0,1200.0,84.29078331999992,223.60054300000002,0.811883860106628,248.57689573999897,46.225154939999946
0,2,4,CAP-G1200-B30-e0.25,capped,1200.0,30.0,0.25,0.0,210.0,183.3602603599994,74.92306699999999,0.32229342392689664,248.57689573999897,46.225154939999946
0,2,4,CAP-G1200-B30-e0.5,capped,1200.0,30.0,0.5,0.0,315.0,125.21186723999988,102.761467,0.6096563736604123,248.57689573999897,46.225154939999946
0,2,4,CAP-G1200-B30-e0.75,capped,1200.0,30.0,0.75,0.0,630.0,93.41085865999976,152.54721099999998,0.7668134529831531,248.57689573999897,46.225154939999946
0,2,4,CAP-G1200-B30-e0.9,capped,1200.0,30.0,0.9,0.0,1200.0,84.75030577999979,223.60054300000002,0.8096129507574762,248.57689573999897,46.225154939999946
0,2,4,CAP-G1200-B30-e0.95,capped,1200.0,30.0,0.95,0.0,1200.0,84.37045207999985,428.917531,0.8114901458757301,248.57689573999897,46.225154939999946
0,2,4,CAP-G1200-B60-e0.25,capped,1200.0,60.0,0.25,0.0,220.0,178.73405526,102.728126,0.3451556196347747,248.57689573999897,46.225154939999946
0,2,4,CAP-G1200-B60-e0.5,capped,1200.0,60.0,0.5,0.0,330.0,120.36776561999993,105.849404,0.6335953899537673,248.57689573999897,46.225154939999946
0,2,4,CAP-G1200-B60-e0.75,capped,1200.0,60.0,0.75,0.0,660.0,92.77085833999989,151.524922,0.7699762640243114,248.57689573999897,46.225154939999946
0,2,4,CAP-G1200-B60-e0.9,capped,1200.0,60.0,0.9,0.0,1200.0,84.83704693999978,265.16774,0.8091842855052918,248.57689573999897,46.225154939999946
0,2,4,CAP-G1200-B60-e0.95,capped,1200.0,60.0,0.95,0.0,1200.0,84.13116701999955,360.842306,0.8126726662684595,248.57689573999897,46.225154939999946
0,2,4,CAP-G1200-B120-e0.25,capped,1200.0,120.0,0.25,0.0,240.0,168.55810255999987,102.761467,0.39544405629348306,248.57689573999897,46.225154939999946
0,2,4,CAP-G1200-B120-e0.5,capped,1200.0,120.0,0.5,0.0,360.0,113.99100675999968,145.666115,0.6651086293990507,248.57689573999897,46.225154939999946
0,2,4,CAP-G1200-B120-e0.75,capped,1200.0,120.0,0.75,0.0,720.0,90.35277999999965,219.727394,0.7819261406620925,248.57689573999897,46.225154939999946
0,2,4,CAP-G1200-B120-e0.9,capped,1200.0,120.0,0.9,0.0,1200.0,84.1569955199999,360.842306,0.8125450246682527,248.57689573999897,46.225154939999946
0,2,4,CAP-G1200-B120-e0.95,capped,1200.0,120.0,0.95,0.0,1200.0,84.09600389999994,637.8393400000001,0.8128464385318489,248.57689573999897,46.225154939999946
0,2,4,CAP-G1200-B240-e0.25,capped,1200.0,240.0,0.25,0.0,280.0,152.56762585999977,151.328698,0.47446722968839256,248.57689573999897,46.225154939999946
0,2,4,CAP-G1200-B240-e0.5,capped,1200.0,240.0,0.5,0.0,420.0,103.39833663999987,183.304946,0.7174564376171644,248.57689573999897,46.225154939999946
0,2,4,CAP-G1200-B240-e0.75,capped,1200.0,240.0,0.75,0.0,840.0,85.96413793999942,296.768915,0.8036143260102871,248.57689573999897,46.225154939999946
0,2,4,CAP-G1200-B240-e0.9,capped,1200.0,240.0,0.9,0.0,1200.0,83.99543815999988,637.8393400000001,0.8133434233346605,248.57689573999897,46.225154939999946
0,2,4,CAP-G1200-B240-e0.95,capped,1200.0,240.0,0.95,0.0,1200.0,84.00853797999973,675.133006,0.813278685468072,248.57689573999897,46.225154939999946
0,2,4,CAP-G1200-B360-e0.25,capped,1200.0,360.0,0.25,0.0,320.0,139.9972078399995,163.389502,0.5365888500426481,248.57689573999897,46.225154939999946
0,2,4,CAP-G1200-B360-e0.5,capped,1200.0,360.0,0.5,0.0,480.0,94.51766029999997,223.60054300000002,0.76134376126899,248.57689573999897,46.225154939999946
0,2,4,CAP-G1200-B360-e0.75,capped,1200.0,360.0,0.75,0.0,960.0,84.6613199399998,429.891983,0.8100527089708139,248.57689573999897,46.225154939999946
0,2,4,CAP-G1200-B360-e0.9,capped,1200.0,360.0,0.9,0.0,1200.0,84.00853797999973,675.133006,0.813278685468072,248.57689573999897,46.225154939999946
0,2,4,CAP-G1200-B360-e0.95,capped,1200.0,360.0,0.95,0.0,1200.0,84.00853797999973,675.133006,0.813278685468072,248.57689573999897,46.225154939999946
0,2,4,CAP-G1200-B480-e0.25,capped,1200.0,480.0,0.25,0.0,360.0,124.51626007999965,199.319692,0.6130939875759147,248.57689573999897,46.225154939999946
0,2,4,CAP-G1200-B480-e0.5,capped,1200.0,480.0,0.5,0.0,540.0,89.89071417999995,281.969267,0.7842096190160366,248.57689573999897,46.225154939999946
0,2,4,CAP-G1200-B480-e0.75,capped,1200.0,480.0,0.75,0.0,1080.0,83.40906023999995,542.738661,0.8162412383852338,248.57689573999897,46.225154939999946
0,2,4,CAP-G1200-B480-e0.9,capped,1200.0,480.0,0.9,0.0,1200.0,84.00853797999973,675.133006,0.813278685468072,248.57689573999897,46.225154939999946
0,2,4,CAP-G1200-B480-e0.95,capped,1200.0,480.0,0.95,0.0,1200.0,84.00853797999973,675.133006,0.813278685468072,248.57689573999897,46.225154939999946
0,2,4,CAP-G1200-B600-e0.25,capped,1200.0,600.0,0.25,0.0,400.0,110.73368865999997,232.28968500000002,0.6812059364304696,248.57689573999897,46.225154939999946
0,2,4,CAP-G1200-B600-e0.5,capped,1200.0,600.0,0.5,0.0,600.0,86.97505999999991,333.049134,0.7986184606127186,248.57689573999897,46.225154939999946
0,2,4,CAP-G1200-B600-e0.75,capped,1200.0,600.0,0.75,0.0,1200.0,83.20475117999953,637.8393400000001,0.8172509112409881,248.57689573999897,46.225154939999946
0,2,4,CAP-G1200-B600-e0.9,capped,1200.0,600.0,0.9,0.0,1200.0,84.00853797999973,675.133006,0.813278685468072,248.57689573999897,46.225154939999946
0,2,4,CAP-G1200-B600-e0.95,capped,1200.0,600.0,0.95,0.0,1200.0,84.00853797999973,675.133006,0.813278685468072,248.57689573999897,46.225154939999946
0,2,4,HYB-G1200-B0-g1-e0,hybrid,1200.0,0.0,0.0,1.0,1200.0,198.14154725999967,57.05051,0.2492459332477339,248.57689573999897,46.225154939999946
0,2,4,HYB-G1200-B0-g1-e0.9,hybrid,1200.0,0.0,0.9,1.0,1200.0,84.65324305999972,223.60054300000002,0.8100926240215475,248.57689573999897,46.225154939999946
0,2,4,HYB-G1200-B0-g4-e0,hybrid,1200.0,0.0,0.0,4.0,1200.0,148.59330241999967,53.237856,0.494107898082386,248.57689573999897,46.225154939999946
0,2,4,HYB-G1200-B0-g4-e0.9,hybrid,1200.0,0.0,0.9,4.0,1200.0,84.08485653999979,223.60054300000002,0.8129015275563173,248.57689573999897,46.225154939999946
0,2,4,HYB-G1200-B0-g16-e0,hybrid,1200.0,0.0,0.0,16.0,1200.0,99.79119523999967,98.035865,0.7352825328399647,248.57689573999897,46.225154939999946
0,2,4,HYB-G1200-B0-g16-e0.9,hybrid,1200.0,0.0,0.9,16.0,1200.0,84.1365980799997,371.412029,0.8126458265685454,248.57689573999897,46.225154939999946
0,2,4,HYB-G1200-B30-g1-e0,hybrid,1200.0,30.0,0.0,1.0,1200.0,192.3385537799992,53.237856,0.2779236874249814,248.57689573999897,46.225154939999946
0,2,4,HYB-G1200-B30-g1-e0.9,hybrid,1200.0,30.0,0.9,1.0,1200.0,84.39210703999987,223.60054300000002,0.8113831294502009,248.57689573999897,46.225154939999946
0,2,4,HYB-G1200-B30-g4-e0,hybrid,1200.0,30.0,0.0,4.0,1200.0,143.7077057599993,56.101136,0.5182519782898758,248.57689573999897,46.225154939999946
0,2,4,HYB-G1200-B30-g4-e0.9,hybrid,1200.0,30.0,0.9,4.0,1200.0,84.05301789999966,243.596596,0.8130588706059707,248.57689573999897,46.225154939999946
0,2,4,HYB-G1200-B30-g16-e0,hybrid,1200.0,30.0,0.0,16.0,1200.0,99.54425589999992,98.04715499999999,0.7365028798408032,248.57689573999897,46.225154939999946
0,2,4,HYB-G1200-B30-g16-e0.9,hybrid,1200.0,30.0,0.9,16.0,1200.0,84.10428291999982,477.785022,0.8128055245275159,248.57689573999897,46.225154939999946
0,2,4,HYB-G1200-B120-g1-e0,hybrid,1200.0,120.0,0.0,1.0,1200.0,177.22011713999996,102.641448,0.3526373349588667,248.57689573999897,46.225154939999946
0,2,4,HYB-G1200-B120-g1-e0.9,hybrid,1200.0,120.0,0.9,1.0,1200.0,83.98772265999985,362.874168,0.8133815524852649,248.57689573999897,46.225154939999946
0,2,4,HYB-G1200-B120-g4-e0,hybrid,1200.0,120.0,0.0,4.0,1200.0,133.75653091999985,102.641448,0.567429587539282,248.57689573999897,46.225154939999946
0,2,4,HYB-G1200-B120-g4-e0.9,hybrid,1200.0,120.0,0.9,4.0,1200.0,84.00530265999997,577.5971930000001,0.8132946740629167,248.57689573999897,46.225154939999946
0,2,4,HYB-G1200-B120-g16-e0,hybrid,1200.0,120.0,0.0,16.0,1200.0,96.2269669599999,118.98673699999999,0.7528965561535698,248.57689573999897,46.225154939999946
0,2,4,HYB-G1200-B120-g16-e0.9,hybrid,1200.0,120.0,0.9,16.0,1200.0,84.01692987999971,672.258107,0.8132372136232201,248.57689573999897,46.225154939999946
1,0,8,SJF,reference,-1.0,-1.0,-1.0,-1.0,inf,12.574429899999942,137.286266,1.0,29.32145933999998,12.574429899999942
1,0,8,SPJF-E,reference,-1.0,-1.0,-1.0,-1.0,inf,17.142592619999995,165.888129,0.7272254917586123,29.32145933999998,12.574429899999942
1,0,8,FIX-B15,fixed,-1.0,15.0,0.0,0.0,168.75,25.56198841999998,44.916724,0.22448583693419422,29.32145933999998,12.574429899999942
1,0,8,FIX-B17.99,fixed,-1.0,17.99,0.0,0.0,169.4975,25.009024319999824,44.916724,0.25750447477568567,29.32145933999998,12.574429899999942
1,0,8,FIX-B21.576,fixed,-1.0,21.576,0.0,0.0,170.394,24.477762039999973,52.649819,0.2892272517555206,29.32145933999998,12.574429899999942
1,0,8,FIX-B25.877,fixed,-1.0,25.877,0.0,0.0,171.46925,23.83578017999997,53.383381,0.32756132540721195,29.32145933999998,12.574429899999942
1,0,8,FIX-B30,fixed,-1.0,30.0,0.0,0.0,172.5,23.322891,59.809385999999996,0.35818700632796924,29.32145933999998,12.574429899999942
1,0,8,FIX-B31.035,fixed,-1.0,31.035,0.0,0.0,172.75875,23.228498879999812,59.809385999999996,0.36382335636475444,29.32145933999998,12.574429899999942
1,0,8,FIX-B37.222,fixed,-1.0,37.222,0.0,0.0,174.3055,22.82763559999994,65.79373,0.3877597375263242,29.32145933999998,12.574429899999942
1,0,8,FIX-B44.641,fixed,-1.0,44.641,0.0,0.0,176.16025,22.46916194,80.544101,0.4091649462103032,29.32145933999998,12.574429899999942
1,0,8,FIX-B53.54,fixed,-1.0,53.54,0.0,0.0,178.385,22.10111245999998,96.276594,0.4311419470461014,29.32145933999998,12.574429899999942
1,0,8,FIX-B60,fixed,-1.0,60.0,0.0,0.0,180.0,21.701142959999984,96.276594,0.4550249587427714,29.32145933999998,12.574429899999942
1,0,8,FIX-B64.212,fixed,-1.0,64.212,0.0,0.0,181.053,21.596990199999997,96.276594,0.4612441369184077,29.32145933999998,12.574429899999942
1,0,8,FIX-B77.012,fixed,-1.0,77.012,0.0,0.0,184.253,21.15101199999996,96.284759,0.4878744238954417,29.32145933999998,12.574429899999942
1,0,8,FIX-B92.363,fixed,-1.0,92.363,0.0,0.0,188.09075,20.562549819999987,96.284759,0.5230127260109464,29.32145933999998,12.574429899999942
1,0,8,FIX-B110.774,fixed,-1.0,110.774,0.0,0.0,192.6935,19.83673197999989,96.311797,0.5663528205990942,29.32145933999998,12.574429899999942
1,0,8,FIX-B120,fixed,-1.0,120.0,0.0,0.0,195.0,19.586300739999928,96.311797,0.5813065914094452,29.32145933999998,12.574429899999942
1,0,8,FIX-B132.855,fixed,-1.0,132.855,0.0,0.0,198.21375,19.48718227999985,96.385259,0.5872251610492247,29.32145933999998,12.574429899999942
1,0,8,FIX-B159.338,fixed,-1.0,159.338,0.0,0.0,204.8345,19.235508679999803,96.390488,0.602253115762132,29.32145933999998,12.574429899999942
1,0,8,FIX-B191.099,fixed,-1.0,191.099,0.0,0.0,212.77474999999998,18.94254939999998,96.407605,0.6197463243965,29.32145933999998,12.574429899999942
1,0,8,FIX-B229.192,fixed,-1.0,229.192,0.0,0.0,222.298,18.669379259999992,98.434778,0.63605788227479,29.32145933999998,12.574429899999942
1,0,8,FIX-B240,fixed,-1.0,240.0,0.0,0.0,225.0,18.604959599999937,99.057,0.6399045143136751,29.32145933999998,12.574429899999942
1,0,8,FIX-B274.878,fixed,-1.0,274.878,0.0,0.0,233.71949999999998,18.321125679999973,102.624432,0.6568528287008243,29.32145933999998,12.574429899999942
1,0,8,FIX-B329.671,fixed,-1.0,329.671,0.0,0.0,247.41775,17.85075188,102.624432,0.6849398277525183,29.32145933999998,12.574429899999942
1,0,8,FIX-B360,fixed,-1.0,360.0,0.0,0.0,255.0,17.77997713999999,102.624432,0.6891659348513073,29.32145933999998,12.574429899999942
1,0,8,FIX-B395.386,fixed,-1.0,395.386,0.0,0.0,263.8465,17.74172103999992,102.81141000000001,0.6914502862425274,29.32145933999998,12.574429899999942
1,0,8,FIX-B474.201,fixed,-1.0,474.201,0.0,0.0,283.55025,17.676600019999945,145.709776,0.6953387979474411,29.32145933999998,12.574429899999942
1,0,8,FIX-B480,fixed,-1.0,480.0,0.0,0.0,285.0,17.66696389999996,145.709776,0.6959141907378168,29.32145933999998,12.574429899999942
1,0,8,FIX-B568.726,fixed,-1.0,568.726,0.0,0.0,307.1815,17.56234315999995,145.780778,0.7021613129737235,29.32145933999998,12.574429899999942
1,0,8,FIX-B600,fixed,-1.0,600.0,0.0,0.0,315.0,17.46077483999995,150.272534,0.7082261688554125,29.32145933999998,12.574429899999942
1,0,8,FIX-B682.093,fixed,-1.0,682.093,0.0,0.0,335.52324999999996,17.38015909999993,165.888129,0.7130399025559976,29.32145933999998,12.574429899999942
1,0,8,FIX-B818.058,fixed,-1.0,818.058,0.0,0.0,369.5145,17.337546259999993,165.888129,0.715584403964597,29.32145933999998,12.574429899999942
1,0,8,FIX-B981.126,fixed,-1.0,981.126,0.0,0.0,410.2815,17.338943259999922,165.888129,0.715500986185645,29.32145933999998,12.574429899999942
1,0,8,FIX-B1176.7,fixed,-1.0,1176.699,0.0,0.0,459.17475,17.238771719999875,165.888129,0.7214824374250385,29.32145933999998,12.574429899999942
1,0,8,FIX-B1411.26,fixed,-1.0,1411.256,0.0,0.0,517.8140000000001,17.255409239999953,165.888129,0.7204889764617264,29.32145933999998,12.574429899999942
1,0,8,FIX-B1692.57,fixed,-1.0,1692.569,0.0,0.0,588.14225,17.190384219999952,165.888129,0.7243717558067421,29.32145933999998,12.574429899999942
1,0,8,FIX-B2029.96,fixed,-1.0,2029.958,0.0,0.0,672.4895,17.17058505999999,165.888129,0.725554004877892,29.32145933999998,12.574429899999942
1,0,8,FIX-B2434.6,fixed,-1.0,2434.6,0.0,0.0,773.65,17.142592619999995,165.888129,0.7272254917586123,29.32145933999998,12.574429899999942
1,0,8,FIX-B2919.9,fixed,-1.0,2919.901,0.0,0.0,894.97525,17.142592619999995,165.888129,0.7272254917586123,29.32145933999998,12.574429899999942
1,0,8,FIX-B3501.94,fixed,-1.0,3501.94,0.0,0.0,1040.4850000000001,17.142592619999995,165.888129,0.7272254917586123,29.32145933999998,12.574429899999942
1,0,8,FIX-B4200,fixed,-1.0,4200.0,0.0,0.0,1215.0,17.142592619999995,165.888129,0.7272254917586123,29.32145933999998,12.574429899999942
1,0,8,FIXEQ-G300,fixed,300.0,inf,0.0,0.0,300.0,17.58555457999997,145.735828,0.7007753107526621,29.32145933999998,12.574429899999942
1,0,8,CAP-G300-B0-e0,capped,300.0,0.0,0.0,0.0,165.0,29.32145933999998,0.0,0.0,29.32145933999998,12.574429899999942
1,0,8,CAP-G300-B0-e0.25,capped,300.0,0.0,0.25,0.0,220.0,20.647915,96.173269,0.5179153933582599,29.32145933999998,12.574429899999942
1,0,8,CAP-G300-B0-e0.5,capped,300.0,0.0,0.5,0.0,300.0,18.78222903999997,96.407605,0.6293193869252545,29.32145933999998,12.574429899999942
1,0,8,CAP-G300-B0-e0.75,capped,300.0,0.0,0.75,0.0,300.0,17.734216779999933,99.057,0.6918983812331568,29.32145933999998,12.574429899999942
1,0,8,CAP-G300-B0-e0.9,capped,300.0,0.0,0.9,0.0,300.0,17.62794435999979,99.057,0.6982441287211448,29.32145933999998,12.574429899999942
1,0,8,CAP-G300-B0-e0.95,capped,300.0,0.0,0.95,0.0,300.0,17.655404,99.057,0.6966044564378548,29.32145933999998,12.574429899999942
1,0,8,CAP-G300-B15-e0,capped,300.0,15.0,0.0,0.0,168.75,25.56198841999998,44.916724,0.22448583693419422,29.32145933999998,12.574429899999942
1,0,8,CAP-G300-B15-e0.25,capped,300.0,15.0,0.25,0.0,225.0,20.085723,96.311797,0.5514850483238869,29.32145933999998,12.574429899999942
1,0,8,CAP-G300-B15-e0.5,capped,300.0,15.0,0.5,0.0,300.0,18.748133519999982,96.447787,0.631355301421144,29.32145933999998,12.574429899999942
1,0,8,CAP-G300-B15-e0.75,capped,300.0,15.0,0.75,0.0,300.0,17.847045,99.057,0.6851611732761098,29.32145933999998,12.574429899999942
1,0,8,CAP-G300-B15-e0.9,capped,300.0,15.0,0.9,0.0,300.0,17.547873159999927,99.057,0.7030253468044316,29.32145933999998,12.574429899999942
1,0,8,CAP-G300-B15-e0.95,capped,300.0,15.0,0.95,0.0,300.0,17.587543259999986,102.81141000000001,0.7006565625288569,29.32145933999998,12.574429899999942
1,0,8,CAP-G300-B30-e0,capped,300.0,30.0,0.0,0.0,172.5,23.322891,59.809385999999996,0.35818700632796924,29.32145933999998,12.574429899999942
1,0,8,CAP-G300-B30-e0.25,capped,300.0,30.0,0.25,0.0,230.0,20.078847279999955,96.385259,0.5518956118823186,29.32145933999998,12.574429899999942
1,0,8,CAP-G300-B30-e0.5,capped,300.0,30.0,0.5,0.0,300.0,18.37050021999992,97.265678,0.6539045721054179,29.32145933999998,12.574429899999942
1,0,8,CAP-G300-B30-e0.75,capped,300.0,30.0,0.75,0.0,300.0,17.65079863999995,99.057,0.6968794520731434,29.32145933999998,12.574429899999942
1,0,8,CAP-G300-B30-e0.9,capped,300.0,30.0,0.9,0.0,300.0,17.58670263999998,102.81141000000001,0.7007067576994701,29.32145933999998,12.574429899999942
1,0,8,CAP-G300-B30-e0.95,capped,300.0,30.0,0.95,0.0,300.0,17.58555457999997,145.735828,0.7007753107526621,29.32145933999998,12.574429899999942
1,0,8,CAP-G300-B60-e0,capped,300.0,60.0,0.0,0.0,180.0,21.701142959999984,96.276594,0.4550249587427714,29.32145933999998,12.574429899999942
1,0,8,CAP-G300-B60-e0.25,capped,300.0,60.0,0.25,0.0,240.0,19.227379199999973,96.390488,0.6027385439408401,29.32145933999998,12.574429899999942
1,0,8,CAP-G300-B60-e0.5,capped,300.0,60.0,0.5,0.0,300.0,17.85394915999999,99.057,0.6847489115060614,29.32145933999998,12.574429899999942
1,0,8,CAP-G300-B60-e0.75,capped,300.0,60.0,0.75,0.0,300.0,17.5445419599999,99.057,0.7032242596929508,29.32145933999998,12.574429899999942
1,0,8,CAP-G300-B60-e0.9,capped,300.0,60.0,0.9,0.0,300.0,17.58555457999997,145.735828,0.7007753107526621,29.32145933999998,12.574429899999942
1,0,8,CAP-G300-B60-e0.95,capped,300.0,60.0,0.95,0.0,300.0,17.58555457999997,145.735828,0.7007753107526621,29.32145933999998,12.574429899999942
1,0,8,CAP-G300-B120-e0,capped,300.0,120.0,0.0,0.0,195.0,19.586300739999928,96.311797,0.5813065914094452,29.32145933999998,12.574429899999942
1,0,8,CAP-G300-B120-e0.25,capped,300.0,120.0,0.25,0.0,260.0,18.519662119999975,96.447787,0.6449978044583876,29.32145933999998,12.574429899999942
1,0,8,CAP-G300-B120-e0.5,capped,300.0,120.0,0.5,0.0,300.0,17.50396193999996,99.057,0.7056473771864339,29.32145933999998,12.574429899999942
1,0,8,CAP-G300-B120-e0.75,capped,300.0,120.0,0.75,0.0,300.0,17.58555457999997,145.735828,0.7007753107526621,29.32145933999998,12.574429899999942
1,0,8,CAP-G300-B120-e0.9,capped,300.0,120.0,0.9,0.0,300.0,17.58555457999997,145.735828,0.7007753107526621,29.32145933999998,12.574429899999942
1,0,8,CAP-G300-B120-e0.95,capped,300.0,120.0,0.95,0.0,300.0,17.58555457999997,145.735828,0.7007753107526621,29.32145933999998,12.574429899999942
1,0,8,CAP-G300-B240-e0,capped,300.0,240.0,0.0,0.0,225.0,18.604959599999937,99.057,0.6399045143136751,29.32145933999998,12.574429899999942
1,0,8,CAP-G300-B240-e0.25,capped,300.0,240.0,0.25,0.0,300.0,17.541453319999995,102.624432,0.703408688818783,29.32145933999998,12.574429899999942
1,0,8,CAP-G300-B240-e0.5,capped,300.0,240.0,0.5,0.0,300.0,17.58555457999997,145.735828,0.7007753107526621,29.32145933999998,12.574429899999942
1,0,8,CAP-G300-B240-e0.75,capped,300.0,240.0,0.75,0.0,300.0,17.58555457999997,145.735828,0.7007753107526621,29.32145933999998,12.574429899999942
1,0,8,CAP-G300-B240-e0.9,capped,300.0,240.0,0.9,0.0,300.0,17.58555457999997,145.735828,0.7007753107526621,29.32145933999998,12.574429899999942
1,0,8,CAP-G300-B240-e0.95,capped,300.0,240.0,0.95,0.0,300.0,17.58555457999997,145.735828,0.7007753107526621,29.32145933999998,12.574429899999942
1,0,8,CAP-G300-B360-e0,capped,300.0,360.0,0.0,0.0,255.0,17.77997713999999,102.624432,0.6891659348513073,29.32145933999998,12.574429899999942
1,0,8,CAP-G300-B360-e0.25,capped,300.0,360.0,0.25,0.0,300.0,17.57025121999998,145.726033,0.7016891062442636,29.32145933999998,12.574429899999942
1,0,8,CAP-G300-B360-e0.5,capped,300.0,360.0,0.5,0.0,300.0,17.58555457999997,145.735828,0.7007753107526621,29.32145933999998,12.574429899999942
1,0,8,CAP-G300-B360-e0.75,capped,300.0,360.0,0.75,0.0,300.0,17.58555457999997,145.735828,0.7007753107526621,29.32145933999998,12.574429899999942
1,0,8,CAP-G300-B360-e0.9,capped,300.0,360.0,0.9,0.0,300.0,17.58555457999997,145.735828,0.7007753107526621,29.32145933999998,12.574429899999942
1,0,8,CAP-G300-B360-e0.95,capped,300.0,360.0,0.95,0.0,300.0,17.58555457999997,145.735828,0.7007753107526621,29.32145933999998,12.574429899999942
1,0,8,CAP-G300-B480-e0,capped,300.0,480.0,0.0,0.0,285.0,17.66696389999996,145.709776,0.6959141907378168,29.32145933999998,12.574429899999942
1,0,8,CAP-G300-B480-e0.25,capped,300.0,480.0,0.25,0.0,300.0,17.58555457999997,145.735828,0.7007753107526621,29.32145933999998,12.574429899999942
1,0,8,CAP-G300-B480-e0.5,capped,300.0,480.0,0.5,0.0,300.0,17.58555457999997,145.735828,0.7007753107526621,29.32145933999998,12.574429899999942
1,0,8,CAP-G300-B480-e0.75,capped,300.0,480.0,0.75,0.0,300.0,17.58555457999997,145.735828,0.7007753107526621,29.32145933999998,12.574429899999942
1,0,8,CAP-G300-B480-e0.9,capped,300.0,480.0,0.9,0.0,300.0,17.58555457999997,145.735828,0.7007753107526621,29.32145933999998,12.574429899999942
1,0,8,CAP-G300-B480-e0.95,capped,300.0,480.0,0.95,0.0,300.0,17.58555457999997,145.735828,0.7007753107526621,29.32145933999998,12.574429899999942
1,0,8,HYB-G300-B0-g1-e0,hybrid,300.0,0.0,0.0,1.0,300.0,20.694868419999963,45.4472,0.5151117068795215,29.32145933999998,12.574429899999942
1,0,8,HYB-G300-B0-g1-e0.9,hybrid,300.0,0.0,0.9,1.0,300.0,17.593486260000002,99.057,0.7003016936238186,29.32145933999998,12.574429899999942
1,0,8,HYB-G300-B0-g4-e0,hybrid,300.0,0.0,0.0,4.0,300.0,18.29065723999998,59.980269,0.6586721626972893,29.32145933999998,12.574429899999942
1,0,8,HYB-G300-B0-g4-e0.9,hybrid,300.0,0.0,0.9,4.0,300.0,17.585786419999998,146.203584,0.700761467103503,29.32145933999998,12.574429899999942
1,0,8,HYB-G300-B0-g16-e0,hybrid,300.0,0.0,0.0,16.0,300.0,17.542789759999955,96.311797,0.7033288872035325,29.32145933999998,12.574429899999942
1,0,8,HYB-G300-B0-g16-e0.9,hybrid,300.0,0.0,0.9,16.0,300.0,17.58555457999997,145.735828,0.7007753107526621,29.32145933999998,12.574429899999942
1,0,8,HYB-G300-B30-g1-e0,hybrid,300.0,30.0,0.0,1.0,300.0,19.442268579999958,65.527635,0.5899070515994745,29.32145933999998,12.574429899999942
1,0,8,HYB-G300-B30-g1-e0.9,hybrid,300.0,30.0,0.9,1.0,300.0,17.585786419999998,146.203584,0.700761467103503,29.32145933999998,12.574429899999942
1,0,8,HYB-G300-B30-g4-e0,hybrid,300.0,30.0,0.0,4.0,300.0,17.84355081999997,96.276594,0.6853698180398007,29.32145933999998,12.574429899999942
1,0,8,HYB-G300-B30-g4-e0.9,hybrid,300.0,30.0,0.9,4.0,300.0,17.58555457999997,145.735828,0.7007753107526621,29.32145933999998,12.574429899999942
1,0,8,HYB-G300-B30-g16-e0,hybrid,300.0,30.0,0.0,16.0,300.0,17.559861019999975,103.358034,0.7023095267216524,29.32145933999998,12.574429899999942
1,0,8,HYB-G300-B30-g16-e0.9,hybrid,300.0,30.0,0.9,16.0,300.0,17.58555457999997,145.735828,0.7007753107526621,29.32145933999998,12.574429899999942
1,0,8,HYB-G300-B120-g1-e0,hybrid,300.0,120.0,0.0,1.0,300.0,18.25880673999997,96.385259,0.6605740223742024,29.32145933999998,12.574429899999942
1,0,8,HYB-G300-B120-g1-e0.9,hybrid,300.0,120.0,0.9,1.0,300.0,17.58555457999997,145.735828,0.7007753107526621,29.32145933999998,12.574429899999942
1,0,8,HYB-G300-B120-g4-e0,hybrid,300.0,120.0,0.0,4.0,300.0,17.773147279999968,96.385259,0.6895737600136437,29.32145933999998,12.574429899999942
1,0,8,HYB-G300-B120-g4-e0.9,hybrid,300.0,120.0,0.9,4.0,300.0,17.58555457999997,145.735828,0.7007753107526621,29.32145933999998,12.574429899999942
1,0,8,HYB-G300-B120-g16-e0,hybrid,300.0,120.0,0.0,16.0,300.0,17.58053889999988,102.63095700000001,0.7010748074495576,29.32145933999998,12.574429899999942
1,0,8,HYB-G300-B120-g16-e0.9,hybrid,300.0,120.0,0.9,16.0,300.0,17.58555457999997,145.735828,0.7007753107526621,29.32145933999998,12.574429899999942
1,0,8,FIXEQ-G600,fixed,600.0,inf,0.0,0.0,600.0,17.200408059999962,165.888129,0.7237732114478203,29.32145933999998,12.574429899999942
1,0,8,CAP-G600-B0-e0,capped,600.0,0.0,0.0,0.0,165.0,29.32145933999998,0.0,0.0,29.32145933999998,12.574429899999942
1,0,8,CAP-G600-B0-e0.25,capped,600.0,0.0,0.25,0.0,220.0,20.646395379999948,96.173269,0.5180061330327494,29.32145933999998,12.574429899999942
1,0,8,CAP-G600-B0-e0.5,capped,600.0,0.0,0.5,0.0,330.0,18.7898114999999,96.407605,0.6288666224497934,29.32145933999998,12.574429899999942
1,0,8,CAP-G600-B0-e0.75,capped,600.0,0.0,0.75,0.0,600.0,17.44249335999998,99.057,0.7093177940935161,29.32145933999998,12.574429899999942
1,0,8,CAP-G600-B0-e0.9,capped,600.0,0.0,0.9,0.0,600.0,17.25063908,99.057,0.7207738126481703,29.32145933999998,12.574429899999942
1,0,8,CAP-G600-B0-e0.95,capped,600.0,0.0,0.95,0.0,600.0,17.291480619999984,99.057,0.7183350792509247,29.32145933999998,12.574429899999942
1,0,8,CAP-G600-B15-e0,capped,600.0,15.0,0.0,0.0,168.75,25.56198841999998,44.916724,0.22448583693419422,29.32145933999998,12.574429899999942
1,0,8,CAP-G600-B15-e0.25,capped,600.0,15.0,0.25,0.0,225.0,20.085723,96.311797,0.5514850483238869,29.32145933999998,12.574429899999942
1,0,8,CAP-G600-B15-e0.5,capped,600.0,15.0,0.5,0.0,337.5,18.7121612,96.447787,0.6335032835530714,29.32145933999998,12.574429899999942
1,0,8,CAP-G600-B15-e0.75,capped,600.0,15.0,0.75,0.0,600.0,17.52838065999995,99.057,0.7041892845684281,29.32145933999998,12.574429899999942
1,0,8,CAP-G600-B15-e0.9,capped,600.0,15.0,0.9,0.0,600.0,17.190839159999985,99.057,0.7243445903920239,29.32145933999998,12.574429899999942
1,0,8,CAP-G600-B15-e0.95,capped,600.0,15.0,0.95,0.0,600.0,17.21292515999996,102.81141000000001,0.723025789342614,29.32145933999998,12.574429899999942
1,0,8,CAP-G600-B30-e0,capped,600.0,30.0,0.0,0.0,172.5,23.322891,59.809385999999996,0.35818700632796924,29.32145933999998,12.574429899999942
1,0,8,CAP-G600-B30-e0.25,capped,600.0,30.0,0.25,0.0,230.0,20.078847279999955,96.385259,0.5518956118823186,29.32145933999998,12.574429899999942
1,0,8,CAP-G600-B30-e0.5,capped,600.0,30.0,0.5,0.0,345.0,18.276943519999993,97.265678,0.6594910374744025,29.32145933999998,12.574429899999942
1,0,8,CAP-G600-B30-e0.75,capped,600.0,30.0,0.75,0.0,600.0,17.315017,99.057,0.7169296729916032,29.32145933999998,12.574429899999942
1,0,8,CAP-G600-B30-e0.9,capped,600.0,30.0,0.9,0.0,600.0,17.240600039999986,102.81141000000001,0.7213732646307431,29.32145933999998,12.574429899999942
1,0,8,CAP-G600-B30-e0.95,capped,600.0,30.0,0.95,0.0,600.0,17.20790674,161.817056,0.723325449650607,29.32145933999998,12.574429899999942
1,0,8,CAP-G600-B60-e0,capped,600.0,60.0,0.0,0.0,180.0,21.701142959999984,96.276594,0.4550249587427714,29.32145933999998,12.574429899999942
1,0,8,CAP-G600-B60-e0.25,capped,600.0,60.0,0.25,0.0,240.0,19.223824239999978,96.390488,0.6029508180048903,29.32145933999998,12.574429899999942
1,0,8,CAP-G600-B60-e0.5,capped,600.0,60.0,0.5,0.0,360.0,17.7842203599999,99.057,0.6889125633495067,29.32145933999998,12.574429899999942
1,0,8,CAP-G600-B60-e0.75,capped,600.0,60.0,0.75,0.0,600.0,17.24040972,99.057,0.7213846290342434,29.32145933999998,12.574429899999942
1,0,8,CAP-G600-B60-e0.9,capped,600.0,60.0,0.9,0.0,600.0,17.210861,161.817056,0.7231490446343869,29.32145933999998,12.574429899999942
1,0,8,CAP-G600-B60-e0.95,capped,600.0,60.0,0.95,0.0,600.0,17.200408059999962,165.888129,0.7237732114478203,29.32145933999998,12.574429899999942
1,0,8,CAP-G600-B120-e0,capped,600.0,120.0,0.0,0.0,195.0,19.586300739999928,96.311797,0.5813065914094452,29.32145933999998,12.574429899999942
1,0,8,CAP-G600-B120-e0.25,capped,600.0,120.0,0.25,0.0,260.0,18.51330363999999,96.447787,0.645377482539373,29.32145933999998,12.574429899999942
1,0,8,CAP-G600-B120-e0.5,capped,600.0,120.0,0.5,0.0,390.0,17.366874099999958,99.057,0.7138331775691913,29.32145933999998,12.574429899999942
1,0,8,CAP-G600-B120-e0.75,capped,600.0,120.0,0.75,0.0,600.0,17.237198139999975,145.764521,0.7215763991634792,29.32145933999998,12.574429899999942
1,0,8,CAP-G600-B120-e0.9,capped,600.0,120.0,0.9,0.0,600.0,17.200408059999962,165.888129,0.7237732114478203,29.32145933999998,12.574429899999942
1,0,8,CAP-G600-B120-e0.95,capped,600.0,120.0,0.95,0.0,600.0,17.200408059999962,165.888129,0.7237732114478203,29.32145933999998,12.574429899999942
1,0,8,CAP-G600-B240-e0,capped,600.0,240.0,0.0,0.0,225.0,18.604959599999937,99.057,0.6399045143136751,29.32145933999998,12.574429899999942
1,0,8,CAP-G600-B240-e0.25,capped,600.0,240.0,0.25,0.0,300.0,17.52795241999998,102.624432,0.7042148556705452,29.32145933999998,12.574429899999942
1,0,8,CAP-G600-B240-e0.5,capped,600.0,240.0,0.5,0.0,450.0,17.291066039999958,145.735828,0.7183598346860012,29.32145933999998,12.574429899999942
1,0,8,CAP-G600-B240-e0.75,capped,600.0,240.0,0.75,0.0,600.0,17.210975719999993,165.888129,0.7231421944643073,29.32145933999998,12.574429899999942
1,0,8,CAP-G600-B240-e0.9,capped,600.0,240.0,0.9,0.0,600.0,17.200408059999962,165.888129,0.7237732114478203,29.32145933999998,12.574429899999942
1,0,8,CAP-G600-B240-e0.95,capped,600.0,240.0,0.95,0.0,600.0,17.200408059999962,165.888129,0.7237732114478203,29.32145933999998,12.574429899999942
1,0,8,CAP-G600-B360-e0,capped,600.0,360.0,0.0,0.0,255.0,17.77997713999999,102.624432,0.6891659348513073,29.32145933999998,12.574429899999942
1,0,8,CAP-G600-B360-e0.25,capped,600.0,360.0,0.25,0.0,340.0,17.40308237999996,145.726033,0.7116711057743259,29.32145933999998,12.574429899999942
1,0,8,CAP-G600-B360-e0.5,capped,600.0,360.0,0.5,0.0,510.0,17.259121719999957,165.888129,0.7202672965504738,29.32145933999998,12.574429899999942
1,0,8,CAP-G600-B360-e0.75,capped,600.0,360.0,0.75,0.0,600.0,17.200408059999962,165.888129,0.7237732114478203,29.32145933999998,12.574429899999942
1,0,8,CAP-G600-B360-e0.9,capped,600.0,360.0,0.9,0.0,600.0,17.200408059999962,165.888129,0.7237732114478203,29.32145933999998,12.574429899999942
1,0,8,CAP-G600-B360-e0.95,capped,600.0,360.0,0.95,0.0,600.0,17.200408059999962,165.888129,0.7237732114478203,29.32145933999998,12.574429899999942
1,0,8,CAP-G600-B480-e0,capped,600.0,480.0,0.0,0.0,285.0,17.66696389999996,145.709776,0.6959141907378168,29.32145933999998,12.574429899999942
1,0,8,CAP-G600-B480-e0.25,capped,600.0,480.0,0.25,0.0,380.0,17.330847679999938,161.811848,0.7159843901247728,29.32145933999998,12.574429899999942
1,0,8,CAP-G600-B480-e0.5,capped,600.0,480.0,0.5,0.0,570.0,17.21579146,165.888129,0.7228546366011496,29.32145933999998,12.574429899999942
1,0,8,CAP-G600-B480-e0.75,capped,600.0,480.0,0.75,0.0,600.0,17.200408059999962,165.888129,0.7237732114478203,29.32145933999998,12.574429899999942
1,0,8,CAP-G600-B480-e0.9,capped,600.0,480.0,0.9,0.0,600.0,17.200408059999962,165.888129,0.7237732114478203,29.32145933999998,12.574429899999942
1,0,8,CAP-G600-B480-e0.95,capped,600.0,480.0,0.95,0.0,600.0,17.200408059999962,165.888129,0.7237732114478203,29.32145933999998,12.574429899999942
1,0,8,CAP-G600-B600-e0,capped,600.0,600.0,0.0,0.0,315.0,17.46077483999995,150.272534,0.7082261688554125,29.32145933999998,12.574429899999942
1,0,8,CAP-G600-B600-e0.25,capped,600.0,600.0,0.25,0.0,420.0,17.25258896,165.888129,0.7206573812531586,29.32145933999998,12.574429899999942
1,0,8,CAP-G600-B600-e0.5,capped,600.0,600.0,0.5,0.0,600.0,17.1707604,165.888129,0.7255435349613831,29.32145933999998,12.574429899999942
1,0,8,CAP-G600-B600-e0.75,capped,600.0,600.0,0.75,0.0,600.0,17.200408059999962,165.888129,0.7237732114478203,29.32145933999998,12.574429899999942
1,0,8,CAP-G600-B600-e0.9,capped,600.0,600.0,0.9,0.0,600.0,17.200408059999962,165.888129,0.7237732114478203,29.32145933999998,12.574429899999942
1,0,8,CAP-G600-B600-e0.95,capped,600.0,600.0,0.95,0.0,600.0,17.200408059999962,165.888129,0.7237732114478203,29.32145933999998,12.574429899999942
1,0,8,HYB-G600-B0-g1-e0,hybrid,600.0,0.0,0.0,1.0,600.0,20.633398139999894,45.4472,0.5187822252971489,29.32145933999998,12.574429899999942
1,0,8,HYB-G600-B0-g1-e0.9,hybrid,600.0,0.0,0.9,1.0,600.0,17.218740459999992,99.057,0.7226785456704827,29.32145933999998,12.574429899999942
1,0,8,HYB-G600-B0-g4-e0,hybrid,600.0,0.0,0.0,4.0,600.0,18.12686753999995,59.980269,0.6684523867416098,29.32145933999998,12.574429899999942
1,0,8,HYB-G600-B0-g4-e0.9,hybrid,600.0,0.0,0.9,4.0,600.0,17.20967355999997,165.653934,0.7232199491493807,29.32145933999998,12.574429899999942
1,0,8,HYB-G600-B0-g16-e0,hybrid,600.0,0.0,0.0,16.0,600.0,17.139193,96.311797,0.7274284901477998,29.32145933999998,12.574429899999942
1,0,8,HYB-G600-B0-g16-e0.9,hybrid,600.0,0.0,0.9,16.0,600.0,17.200408059999962,165.888129,0.7237732114478203,29.32145933999998,12.574429899999942
1,0,8,HYB-G600-B30-g1-e0,hybrid,600.0,30.0,0.0,1.0,600.0,19.436464459999986,65.527635,0.590253627690522,29.32145933999998,12.574429899999942
1,0,8,HYB-G600-B30-g1-e0.9,hybrid,600.0,30.0,0.9,1.0,600.0,17.21019823999995,150.49985800000002,0.723188619414047,29.32145933999998,12.574429899999942
1,0,8,HYB-G600-B30-g4-e0,hybrid,600.0,30.0,0.0,4.0,600.0,17.771187859999998,96.276594,0.6896907610619185,29.32145933999998,12.574429899999942
1,0,8,HYB-G600-B30-g4-e0.9,hybrid,600.0,30.0,0.9,4.0,600.0,17.200408059999962,164.712789,0.7237732114478203,29.32145933999998,12.574429899999942
1,0,8,HYB-G600-B30-g16-e0,hybrid,600.0,30.0,0.0,16.0,600.0,17.25278937999997,103.358034,0.7206454137576283,29.32145933999998,12.574429899999942
1,0,8,HYB-G600-B30-g16-e0.9,hybrid,600.0,30.0,0.9,16.0,600.0,17.200408059999962,165.888129,0.7237732114478203,29.32145933999998,12.574429899999942
1,0,8,HYB-G600-B120-g1-e0,hybrid,600.0,120.0,0.0,1.0,600.0,18.25817861999998,96.385259,0.6606115287273283,29.32145933999998,12.574429899999942
1,0,8,HYB-G600-B120-g1-e0.9,hybrid,600.0,120.0,0.9,1.0,600.0,17.200408059999962,165.888129,0.7237732114478203,29.32145933999998,12.574429899999942
1,0,8,HYB-G600-B120-g4-e0,hybrid,600.0,120.0,0.0,4.0,600.0,17.667885139999992,96.385259,0.695859181579128,29.32145933999998,12.574429899999942
1,0,8,HYB-G600-B120-g4-e0.9,hybrid,600.0,120.0,0.9,4.0,600.0,17.200408059999962,165.888129,0.7237732114478203,29.32145933999998,12.574429899999942
1,0,8,HYB-G600-B120-g16-e0,hybrid,600.0,120.0,0.0,16.0,600.0,17.153859,102.63095700000001,0.7265527527489646,29.32145933999998,12.574429899999942
1,0,8,HYB-G600-B120-g16-e0.9,hybrid,600.0,120.0,0.9,16.0,600.0,17.200408059999962,165.888129,0.7237732114478203,29.32145933999998,12.574429899999942
1,0,8,CAP-G1200-B0-e0,capped,1200.0,0.0,0.0,0.0,165.0,29.32145933999998,0.0,0.0,29.32145933999998,12.574429899999942
1,0,8,CAP-G1200-B0-e0.25,capped,1200.0,0.0,0.25,0.0,220.0,20.646395379999948,96.173269,0.5180061330327494,29.32145933999998,12.574429899999942
1,0,8,CAP-G1200-B0-e0.5,capped,1200.0,0.0,0.5,0.0,330.0,18.7898114999999,96.407605,0.6288666224497934,29.32145933999998,12.574429899999942
1,0,8,CAP-G1200-B0-e0.75,capped,1200.0,0.0,0.75,0.0,660.0,17.426384699999982,99.057,0.7102796757249846,29.32145933999998,12.574429899999942
1,0,8,CAP-G1200-B0-e0.9,capped,1200.0,0.0,0.9,0.0,1200.0,17.22732637999998,99.057,0.7221658625089258,29.32145933999998,12.574429899999942
1,0,8,CAP-G1200-B0-e0.95,capped,1200.0,0.0,0.95,0.0,1200.0,17.234079039999955,99.057,0.7217626471193447,29.32145933999998,12.574429899999942
1,0,8,CAP-G1200-B15-e0.25,capped,1200.0,15.0,0.25,0.0,225.0,20.085723,96.311797,0.5514850483238869,29.32145933999998,12.574429899999942
1,0,8,CAP-G1200-B15-e0.5,capped,1200.0,15.0,0.5,0.0,337.5,18.7121612,96.447787,0.6335032835530714,29.32145933999998,12.574429899999942
1,0,8,CAP-G1200-B15-e0.75,capped,1200.0,15.0,0.75,0.0,675.0,17.516488139999975,99.057,0.7048994117012777,29.32145933999998,12.574429899999942
1,0,8,CAP-G1200-B15-e0.9,capped,1200.0,15.0,0.9,0.0,1200.0,17.148290599999868,99.057,0.7268852535079847,29.32145933999998,12.574429899999942
1,0,8,CAP-G1200-B15-e0.95,capped,1200.0,15.0,0.95,0.0,1200.0,17.152269259999933,102.81141000000001,0.7266476794346651,29.32145933999998,12.574429899999942
1,0,8,CAP-G1200-B30-e0.25,capped,1200.0,30.0,0.25,0.0,230.0,20.078847279999955,96.385259,0.5518956118823186,29.32145933999998,12.574429899999942
1,0,8,CAP-G1200-B30-e0.5,capped,1200.0,30.0,0.5,0.0,345.0,18.276943519999993,97.265678,0.6594910374744025,29.32145933999998,12.574429899999942
1,0,8,CAP-G1200-B30-e0.75,capped,1200.0,30.0,0.75,0.0,690.0,17.292768,99.057,0.7182582071104279,29.32145933999998,12.574429899999942
1,0,8,CAP-G1200-B30-e0.9,capped,1200.0,30.0,0.9,0.0,1200.0,17.20821119999995,102.81141000000001,0.7233072697100364,29.32145933999998,12.574429899999942
1,0,8,CAP-G1200-B30-e0.95,capped,1200.0,30.0,0.95,0.0,1200.0,17.146722519999997,161.817056,0.7269788868299711,29.32145933999998,12.574429899999942
1,0,8,CAP-G1200-B60-e0.25,capped,1200.0,60.0,0.25,0.0,240.0,19.223824239999978,96.390488,0.6029508180048903,29.32145933999998,12.574429899999942
1,0,8,CAP-G1200-B60-e0.5,capped,1200.0,60.0,0.5,0.0,360.0,17.7842203599999,99.057,0.6889125633495067,29.32145933999998,12.574429899999942
1,0,8,CAP-G1200-B60-e0.75,capped,1200.0,60.0,0.75,0.0,720.0,17.227815299999943,99.057,0.7221366680776558,29.32145933999998,12.574429899999942
1,0,8,CAP-G1200-B60-e0.9,capped,1200.0,60.0,0.9,0.0,1200.0,17.150549999999964,161.817056,0.7267503400292576,29.32145933999998,12.574429899999942
1,0,8,CAP-G1200-B60-e0.95,capped,1200.0,60.0,0.95,0.0,1200.0,17.142592619999995,165.888129,0.7272254917586123,29.32145933999998,12.574429899999942
1,0,8,CAP-G1200-B120-e0.25,capped,1200.0,120.0,0.25,0.0,260.0,18.51330363999999,96.447787,0.645377482539373,29.32145933999998,12.574429899999942
1,0,8,CAP-G1200-B120-e0.5,capped,1200.0,120.0,0.5,0.0,390.0,17.366874099999958,99.057,0.7138331775691913,29.32145933999998,12.574429899999942
1,0,8,CAP-G1200-B120-e0.75,capped,1200.0,120.0,0.75,0.0,780.0,17.20967355999997,145.764521,0.7232199491493807,29.32145933999998,12.574429899999942
1,0,8,CAP-G1200-B120-e0.9,capped,1200.0,120.0,0.9,0.0,1200.0,17.142592619999995,165.888129,0.7272254917586123,29.32145933999998,12.574429899999942
1,0,8,CAP-G1200-B120-e0.95,capped,1200.0,120.0,0.95,0.0,1200.0,17.142592619999995,165.888129,0.7272254917586123,29.32145933999998,12.574429899999942
1,0,8,CAP-G1200-B240-e0.25,capped,1200.0,240.0,0.25,0.0,300.0,17.52795241999998,102.624432,0.7042148556705452,29.32145933999998,12.574429899999942
1,0,8,CAP-G1200-B240-e0.5,capped,1200.0,240.0,0.5,0.0,450.0,17.291066039999958,145.735828,0.7183598346860012,29.32145933999998,12.574429899999942
1,0,8,CAP-G1200-B240-e0.75,capped,1200.0,240.0,0.75,0.0,900.0,17.180406439999985,165.888129,0.7249675498271512,29.32145933999998,12.574429899999942
1,0,8,CAP-G1200-B240-e0.9,capped,1200.0,240.0,0.9,0.0,1200.0,17.142592619999995,165.888129,0.7272254917586123,29.32145933999998,12.574429899999942
1,0,8,CAP-G1200-B240-e0.95,capped,1200.0,240.0,0.95,0.0,1200.0,17.142592619999995,165.888129,0.7272254917586123,29.32145933999998,12.574429899999942
1,0,8,CAP-G1200-B360-e0.25,capped,1200.0,360.0,0.25,0.0,340.0,17.40308237999996,145.726033,0.7116711057743259,29.32145933999998,12.574429899999942
1,0,8,CAP-G1200-B360-e0.5,capped,1200.0,360.0,0.5,0.0,510.0,17.259121719999957,165.888129,0.7202672965504738,29.32145933999998,12.574429899999942
1,0,8,CAP-G1200-B360-e0.75,capped,1200.0,360.0,0.75,0.0,1020.0,17.142592619999995,165.888129,0.7272254917586123,29.32145933999998,12.574429899999942
1,0,8,CAP-G1200-B360-e0.9,capped,1200.0,360.0,0.9,0.0,1200.0,17.142592619999995,165.888129,0.7272254917586123,29.32145933999998,12.574429899999942
1,0,8,CAP-G1200-B360-e0.95,capped,1200.0,360.0,0.95,0.0,1200.0,17.142592619999995,165.888129,0.7272254917586123,29.32145933999998,12.574429899999942
1,0,8,CAP-G1200-B480-e0.25,capped,1200.0,480.0,0.25,0.0,380.0,17.330847679999938,161.811848,0.7159843901247728,29.32145933999998,12.574429899999942
1,0,8,CAP-G1200-B480-e0.5,capped,1200.0,480.0,0.5,0.0,570.0,17.21579146,165.888129,0.7228546366011496,29.32145933999998,12.574429899999942
1,0,8,CAP-G1200-B480-e0.75,capped,1200.0,480.0,0.75,0.0,1140.0,17.142592619999995,165.888129,0.7272254917586123,29.32145933999998,12.574429899999942
1,0,8,CAP-G1200-B480-e0.9,capped,1200.0,480.0,0.9,0.0,1200.0,17.142592619999995,165.888129,0.7272254917586123,29.32145933999998,12.574429899999942
1,0,8,CAP-G1200-B480-e0.95,capped,1200.0,480.0,0.95,0.0,1200.0,17.142592619999995,165.888129,0.7272254917586123,29.32145933999998,12.574429899999942
1,0,8,CAP-G1200-B600-e0.25,capped,1200.0,600.0,0.25,0.0,420.0,17.25258896,165.888129,0.7206573812531586,29.32145933999998,12.574429899999942
1,0,8,CAP-G1200-B600-e0.5,capped,1200.0,600.0,0.5,0.0,630.0,17.172506459999973,165.888129,0.725439274082985,29.32145933999998,12.574429899999942
1,0,8,CAP-G1200-B600-e0.75,capped,1200.0,600.0,0.75,0.0,1200.0,17.142592619999995,165.888129,0.7272254917586123,29.32145933999998,12.574429899999942
1,0,8,CAP-G1200-B600-e0.9,capped,1200.0,600.0,0.9,0.0,1200.0,17.142592619999995,165.888129,0.7272254917586123,29.32145933999998,12.574429899999942
1,0,8,CAP-G1200-B600-e0.95,capped,1200.0,600.0,0.95,0.0,1200.0,17.142592619999995,165.888129,0.7272254917586123,29.32145933999998,12.574429899999942
1,0,8,HYB-G1200-B0-g1-e0,hybrid,1200.0,0.0,0.0,1.0,1200.0,20.633398139999894,45.4472,0.5187822252971489,29.32145933999998,12.574429899999942
1,0,8,HYB-G1200-B0-g1-e0.9,hybrid,1200.0,0.0,0.9,1.0,1200.0,17.188769199999985,99.057,0.7244681920138767,29.32145933999998,12.574429899999942
1,0,8,HYB-G1200-B0-g4-e0,hybrid,1200.0,0.0,0.0,4.0,1200.0,18.12686753999995,59.980269,0.6684523867416098,29.32145933999998,12.574429899999942
1,0,8,HYB-G1200-B0-g4-e0.9,hybrid,1200.0,0.0,0.9,4.0,1200.0,17.147518059999996,165.653934,0.7269313834800278,29.32145933999998,12.574429899999942
1,0,8,HYB-G1200-B0-g16-e0,hybrid,1200.0,0.0,0.0,16.0,1200.0,17.139193,96.311797,0.7274284901477998,29.32145933999998,12.574429899999942
1,0,8,HYB-G1200-B0-g16-e0.9,hybrid,1200.0,0.0,0.9,16.0,1200.0,17.142592619999995,165.888129,0.7272254917586123,29.32145933999998,12.574429899999942
1,0,8,HYB-G1200-B30-g1-e0,hybrid,1200.0,30.0,0.0,1.0,1200.0,19.436464459999986,65.527635,0.590253627690522,29.32145933999998,12.574429899999942
1,0,8,HYB-G1200-B30-g1-e0.9,hybrid,1200.0,30.0,0.9,1.0,1200.0,17.148290599999868,150.49985800000002,0.7268852535079847,29.32145933999998,12.574429899999942
1,0,8,HYB-G1200-B30-g4-e0,hybrid,1200.0,30.0,0.0,4.0,1200.0,17.771187859999998,96.276594,0.6896907610619185,29.32145933999998,12.574429899999942
1,0,8,HYB-G1200-B30-g4-e0.9,hybrid,1200.0,30.0,0.9,4.0,1200.0,17.142592619999995,164.712789,0.7272254917586123,29.32145933999998,12.574429899999942
1,0,8,HYB-G1200-B30-g16-e0,hybrid,1200.0,30.0,0.0,16.0,1200.0,17.244832959999986,103.358034,0.7211205081633848,29.32145933999998,12.574429899999942
1,0,8,HYB-G1200-B30-g16-e0.9,hybrid,1200.0,30.0,0.9,16.0,1200.0,17.142592619999995,165.888129,0.7272254917586123,29.32145933999998,12.574429899999942
1,0,8,HYB-G1200-B120-g1-e0,hybrid,1200.0,120.0,0.0,1.0,1200.0,18.25817861999998,96.385259,0.6606115287273283,29.32145933999998,12.574429899999942
1,0,8,HYB-G1200-B120-g1-e0.9,hybrid,1200.0,120.0,0.9,1.0,1200.0,17.142592619999995,165.888129,0.7272254917586123,29.32145933999998,12.574429899999942
1,0,8,HYB-G1200-B120-g4-e0,hybrid,1200.0,120.0,0.0,4.0,1200.0,17.667885139999992,96.385259,0.695859181579128,29.32145933999998,12.574429899999942
1,0,8,HYB-G1200-B120-g4-e0.9,hybrid,1200.0,120.0,0.9,4.0,1200.0,17.142592619999995,165.888129,0.7272254917586123,29.32145933999998,12.574429899999942
1,0,8,HYB-G1200-B120-g16-e0,hybrid,1200.0,120.0,0.0,16.0,1200.0,17.138195219999893,102.63095700000001,0.7274880696692714,29.32145933999998,12.574429899999942
1,0,8,HYB-G1200-B120-g16-e0.9,hybrid,1200.0,120.0,0.9,16.0,1200.0,17.142592619999995,165.888129,0.7272254917586123,29.32145933999998,12.574429899999942
1,1,5,SJF,reference,-1.0,-1.0,-1.0,-1.0,inf,35.62784165999994,175.972602,1.0,120.81065365999947,35.62784165999994
1,1,5,SPJF-E,reference,-1.0,-1.0,-1.0,-1.0,inf,47.40626821999999,486.90642,0.8617276621485552,120.81065365999947,35.62784165999994
1,1,5,FIX-B15,fixed,-1.0,15.0,0.0,0.0,159.75,120.0624041999999,61.245051000000004,0.008784042724482664,120.81065365999947,35.62784165999994
1,1,5,FIX-B17.99,fixed,-1.0,17.99,0.0,0.0,160.4975,119.70867879999979,61.245051000000004,0.012936587019452845,120.81065365999947,35.62784165999994
1,1,5,FIX-B21.576,fixed,-1.0,21.576,0.0,0.0,161.394,119.17653393999983,61.245051000000004,0.019183678979741298,120.81065365999947,35.62784165999994
1,1,5,FIX-B25.877,fixed,-1.0,25.877,0.0,0.0,162.46925,118.00406245999996,61.245051000000004,0.032947858072583144,120.81065365999947,35.62784165999994
1,1,5,FIX-B30,fixed,-1.0,30.0,0.0,0.0,163.5,116.62482763999988,61.245051000000004,0.049139326604991845,120.81065365999947,35.62784165999994
1,1,5,FIX-B31.035,fixed,-1.0,31.035,0.0,0.0,163.75875,116.12461431999989,61.245051000000004,0.055011559608992566,120.81065365999947,35.62784165999994
1,1,5,FIX-B37.222,fixed,-1.0,37.222,0.0,0.0,165.3055,114.58874969999994,61.245051000000004,0.07304177701951858,120.81065365999947,35.62784165999994
1,1,5,FIX-B44.641,fixed,-1.0,44.641,0.0,0.0,167.16025,112.5386107599998,68.38566300000001,0.0971092959457563,120.81065365999947,35.62784165999994
1,1,5,FIX-B53.54,fixed,-1.0,53.54,0.0,0.0,169.385,110.69893839999949,74.157028,0.11870605140389165,120.81065365999947,35.62784165999994
1,1,5,FIX-B60,fixed,-1.0,60.0,0.0,0.0,171.0,109.54727263999986,74.157028,0.13222598263132798,120.81065365999947,35.62784165999994
1,1,5,FIX-B64.212,fixed,-1.0,64.212,0.0,0.0,172.053,108.72971917999983,74.157028,0.14182361671741603,120.81065365999947,35.62784165999994
1,1,5,FIX-B77.012,fixed,-1.0,77.012,0.0,0.0,175.253,106.02134889999958,74.360889,0.17361841447544576,120.81065365999947,35.62784165999994
1,1,5,FIX-B92.363,fixed,-1.0,92.363,0.0,0.0,179.09075,101.6550355199997,74.360889,0.22487656476989606,120.81065365999947,35.62784165999994
1,1,5,FIX-B110.774,fixed,-1.0,110.774,0.0,0.0,183.6935,97.49862387999984,76.60037799999999,0.2736705825114081,120.81065365999947,35.62784165999994
1,1,5,FIX-B120,fixed,-1.0,120.0,0.0,0.0,186.0,94.86013825999996,77.045612,0.3046449722744497,120.81065365999947,35.62784165999994
1,1,5,FIX-B132.855,fixed,-1.0,132.855,0.0,0.0,189.21375,92.54556843999983,86.461211,0.3318167662743959,120.81065365999947,35.62784165999994
1,1,5,FIX-B159.338,fixed,-1.0,159.338,0.0,0.0,195.8345,88.60979167999977,105.336494,0.37802065022225234,120.81065365999947,35.62784165999994
1,1,5,FIX-B191.099,fixed,-1.0,191.099,0.0,0.0,203.77474999999998,85.18091331999986,105.48542,0.4182738219536567,120.81065365999947,35.62784165999994
1,1,5,FIX-B229.192,fixed,-1.0,229.192,0.0,0.0,213.298,81.15279163999989,105.837695,0.4655617851638873,120.81065365999947,35.62784165999994
1,1,5,FIX-B240,fixed,-1.0,240.0,0.0,0.0,216.0,80.14034563999995,106.582376,0.4774473519376156,120.81065365999947,35.62784165999994
1,1,5,FIX-B274.878,fixed,-1.0,274.878,0.0,0.0,224.71949999999998,77.45849043999972,109.952673,0.508930877041251,120.81065365999947,35.62784165999994
1,1,5,FIX-B329.671,fixed,-1.0,329.671,0.0,0.0,238.41775,70.42586703999986,128.180369,0.5914900604596135,120.81065365999947,35.62784165999994
1,1,5,FIX-B360,fixed,-1.0,360.0,0.0,0.0,246.0,67.94471209999998,132.758393,0.6206174733935736,120.81065365999947,35.62784165999994
1,1,5,FIX-B395.386,fixed,-1.0,395.386,0.0,0.0,254.8465,64.38469671999974,147.630627,0.6624101225960942,120.81065365999947,35.62784165999994
1,1,5,FIX-B474.201,fixed,-1.0,474.201,0.0,0.0,274.55025,61.310813679999825,154.990658,0.6984958418606794,120.81065365999947,35.62784165999994
1,1,5,FIX-B480,fixed,-1.0,480.0,0.0,0.0,276.0,61.12022057999999,163.077267,0.7007333014552257,120.81065365999947,35.62784165999994
1,1,5,FIX-B568.726,fixed,-1.0,568.726,0.0,0.0,298.1815,59.094783119999995,174.03817700000002,0.7245108384071639,120.81065365999947,35.62784165999994
1,1,5,FIX-B600,fixed,-1.0,600.0,0.0,0.0,306.0,58.37276117999988,176.570357,0.7329869842756535,120.81065365999947,35.62784165999994
1,1,5,FIX-B682.093,fixed,-1.0,682.093,0.0,0.0,326.52324999999996,56.06417329999988,222.34808,0.760088553545285,120.81065365999947,35.62784165999994
1,1,5,FIX-B818.058,fixed,-1.0,818.058,0.0,0.0,360.5145,54.103572999999955,240.71541100000002,0.7831049374138985,120.81065365999947,35.62784165999994
1,1,5,FIX-B981.126,fixed,-1.0,981.126,0.0,0.0,401.2815,53.08463621999995,285.070066,0.7950667024234878,120.81065365999947,35.62784165999994
1,1,5,FIX-B1176.7,fixed,-1.0,1176.699,0.0,0.0,450.17475,51.71810425999997,328.222626,0.8111090462709766,120.81065365999947,35.62784165999994
1,1,5,FIX-B1411.26,fixed,-1.0,1411.256,0.0,0.0,508.814,50.81116079999999,404.872507,0.821756070461725,120.81065365999947,35.62784165999994
1,1,5,FIX-B1692.57,fixed,-1.0,1692.569,0.0,0.0,579.14225,49.883201479999904,465.726735,0.8326498094474735,120.81065365999947,35.62784165999994
1,1,5,FIX-B2029.96,fixed,-1.0,2029.958,0.0,0.0,663.4895,49.21214095999996,486.90642,0.840527695892452,120.81065365999947,35.62784165999994
1,1,5,FIX-B2434.6,fixed,-1.0,2434.6,0.0,0.0,764.65,49.116691,486.90642,0.8416482266398985,120.81065365999947,35.62784165999994
1,1,5,FIX-B2919.9,fixed,-1.0,2919.901,0.0,0.0,885.97525,48.54347525999994,486.90642,0.8483774684498551,120.81065365999947,35.62784165999994
1,1,5,FIX-B3501.94,fixed,-1.0,3501.94,0.0,0.0,1031.4850000000001,47.98505089999993,486.90642,0.8549330674831437,120.81065365999947,35.62784165999994
1,1,5,FIX-B4200,fixed,-1.0,4200.0,0.0,0.0,1206.0,47.921485179999934,486.90642,0.8556792945506417,120.81065365999947,35.62784165999994
1,1,5,FIXEQ-G300,fixed,300.0,inf,0.0,0.0,300.0,58.96582741999994,176.570357,0.7260247083648739,120.81065365999947,35.62784165999994
1,1,5,CAP-G300-B0-e0,capped,300.0,0.0,0.0,0.0,156.0,120.81065365999947,0.0,0.0,120.81065365999947,35.62784165999994
1,1,5,CAP-G300-B0-e0.25,capped,300.0,0.0,0.25,0.0,208.0,85.60657161999991,100.61480999999999,0.4132768244373026,120.81065365999947,35.62784165999994
1,1,5,CAP-G300-B0-e0.5,capped,300.0,0.0,0.5,0.0,300.0,65.10593163999994,98.80301,0.6539432159154343,120.81065365999947,35.62784165999994
1,1,5,CAP-G300-B0-e0.75,capped,300.0,0.0,0.75,0.0,300.0,58.05276577999986,154.966592,0.7367435566696244,120.81065365999947,35.62784165999994
1,1,5,CAP-G300-B0-e0.9,capped,300.0,0.0,0.9,0.0,300.0,58.34661697999995,176.310936,0.7332939030000544,120.81065365999947,35.62784165999994
1,1,5,CAP-G300-B0-e0.95,capped,300.0,0.0,0.95,0.0,300.0,58.70790887999985,176.310936,0.72905253210002,120.81065365999947,35.62784165999994
1,1,5,CAP-G300-B15-e0,capped,300.0,15.0,0.0,0.0,159.75,120.0624041999999,61.245051000000004,0.008784042724482664,120.81065365999947,35.62784165999994
1,1,5,CAP-G300-B15-e0.25,capped,300.0,15.0,0.25,0.0,213.0,77.10581691999987,74.360889,0.5130710728356778,120.81065365999947,35.62784165999994
1,1,5,CAP-G300-B15-e0.5,capped,300.0,15.0,0.5,0.0,300.0,63.49407515999994,107.082736,0.6728655365357022,120.81065365999947,35.62784165999994
1,1,5,CAP-G300-B15-e0.75,capped,300.0,15.0,0.75,0.0,300.0,57.9790298999999,151.881836,0.7376091758980664,120.81065365999947,35.62784165999994
1,1,5,CAP-G300-B15-e0.9,capped,300.0,15.0,0.9,0.0,300.0,58.85674073999992,176.570357,0.7273053268070077,120.81065365999947,35.62784165999994
1,1,5,CAP-G300-B15-e0.95,capped,300.0,15.0,0.95,0.0,300.0,58.9772888799999,176.570357,0.7258901570424785,120.81065365999947,35.62784165999994
1,1,5,CAP-G300-B30-e0,capped,300.0,30.0,0.0,0.0,163.5,116.62482763999988,61.245051000000004,0.049139326604991845,120.81065365999947,35.62784165999994
1,1,5,CAP-G300-B30-e0.25,capped,300.0,30.0,0.25,0.0,218.0,74.86690913999999,76.60037799999999,0.5393546355337475,120.81065365999947,35.62784165999994
1,1,5,CAP-G300-B30-e0.5,capped,300.0,30.0,0.5,0.0,300.0,62.344265559999876,108.27998,0.6863636774517367,120.81065365999947,35.62784165999994
1,1,5,CAP-G300-B30-e0.75,capped,300.0,30.0,0.75,0.0,300.0,58.81631105999999,162.52364,0.7277799493165338,120.81065365999947,35.62784165999994
1,1,5,CAP-G300-B30-e0.9,capped,300.0,30.0,0.9,0.0,300.0,58.99751111999991,176.570357,0.7256527589157294,120.81065365999947,35.62784165999994
1,1,5,CAP-G300-B30-e0.95,capped,300.0,30.0,0.95,0.0,300.0,58.96582741999994,176.570357,0.7260247083648739,120.81065365999947,35.62784165999994
1,1,5,CAP-G300-B60-e0,capped,300.0,60.0,0.0,0.0,171.0,109.54727263999986,74.157028,0.13222598263132798,120.81065365999947,35.62784165999994
1,1,5,CAP-G300-B60-e0.25,capped,300.0,60.0,0.25,0.0,228.0,72.09815651999969,86.461211,0.5718582892051046,120.81065365999947,35.62784165999994
1,1,5,CAP-G300-B60-e0.5,capped,300.0,60.0,0.5,0.0,300.0,61.99754801999987,108.68576900000001,0.6904339532721687,120.81065365999947,35.62784165999994
1,1,5,CAP-G300-B60-e0.75,capped,300.0,60.0,0.75,0.0,300.0,58.99407877999988,176.570357,0.7256930527252368,120.81065365999947,35.62784165999994
1,1,5,CAP-G300-B60-e0.9,capped,300.0,60.0,0.9,0.0,300.0,58.96582741999994,176.570357,0.7260247083648739,120.81065365999947,35.62784165999994
1,1,5,CAP-G300-B60-e0.95,capped,300.0,60.0,0.95,0.0,300.0,58.96582741999994,176.570357,0.7260247083648739,120.81065365999947,35.62784165999994
1,1,5,CAP-G300-B120-e0,capped,300.0,120.0,0.0,0.0,186.0,94.86013825999996,77.045612,0.3046449722744497,120.81065365999947,35.62784165999994
1,1,5,CAP-G300-B120-e0.25,capped,300.0,120.0,0.25,0.0,248.0,68.67673615999975,105.761087,0.6120239080625798,120.81065365999947,35.62784165999994
1,1,5,CAP-G300-B120-e0.5,capped,300.0,120.0,0.5,0.0,300.0,59.67316861999958,147.630627,0.7177209064194808,120.81065365999947,35.62784165999994
1,1,5,CAP-G300-B120-e0.75,capped,300.0,120.0,0.75,0.0,300.0,58.96582741999994,176.570357,0.7260247083648739,120.81065365999947,35.62784165999994
1,1,5,CAP-G300-B120-e0.9,capped,300.0,120.0,0.9,0.0,300.0,58.96582741999994,176.570357,0.7260247083648739,120.81065365999947,35.62784165999994
1,1,5,CAP-G300-B120-e0.95,capped,300.0,120.0,0.95,0.0,300.0,58.96582741999994,176.570357,0.7260247083648739,120.81065365999947,35.62784165999994
1,1,5,CAP-G300-B240-e0,capped,300.0,240.0,0.0,0.0,216.0,80.14034563999995,106.582376,0.4774473519376156,120.81065365999947,35.62784165999994
1,1,5,CAP-G300-B240-e0.25,capped,300.0,240.0,0.25,0.0,288.0,61.26171795999997,142.049588,0.6990721989783553,120.81065365999947,35.62784165999994
1,1,5,CAP-G300-B240-e0.5,capped,300.0,240.0,0.5,0.0,300.0,59.12418085999999,176.570357,0.7241657248882536,120.81065365999947,35.62784165999994
1,1,5,CAP-G300-B240-e0.75,capped,300.0,240.0,0.75,0.0,300.0,58.96582741999994,176.570357,0.7260247083648739,120.81065365999947,35.62784165999994
1,1,5,CAP-G300-B240-e0.9,capped,300.0,240.0,0.9,0.0,300.0,58.96582741999994,176.570357,0.7260247083648739,120.81065365999947,35.62784165999994
1,1,5,CAP-G300-B240-e0.95,capped,300.0,240.0,0.95,0.0,300.0,58.96582741999994,176.570357,0.7260247083648739,120.81065365999947,35.62784165999994
1,1,5,CAP-G300-B360-e0,capped,300.0,360.0,0.0,0.0,246.0,67.94471209999998,132.758393,0.6206174733935736,120.81065365999947,35.62784165999994
1,1,5,CAP-G300-B360-e0.25,capped,300.0,360.0,0.25,0.0,300.0,58.868344879999846,173.750809,0.7271691004988186,120.81065365999947,35.62784165999994
1,1,5,CAP-G300-B360-e0.5,capped,300.0,360.0,0.5,0.0,300.0,58.96582741999994,176.570357,0.7260247083648739,120.81065365999947,35.62784165999994
1,1,5,CAP-G300-B360-e0.75,capped,300.0,360.0,0.75,0.0,300.0,58.96582741999994,176.570357,0.7260247083648739,120.81065365999947,35.62784165999994
1,1,5,CAP-G300-B360-e0.9,capped,300.0,360.0,0.9,0.0,300.0,58.96582741999994,176.570357,0.7260247083648739,120.81065365999947,35.62784165999994
1,1,5,CAP-G300-B360-e0.95,capped,300.0,360.0,0.95,0.0,300.0,58.96582741999994,176.570357,0.7260247083648739,120.81065365999947,35.62784165999994
1,1,5,CAP-G300-B480-e0,capped,300.0,480.0,0.0,0.0,276.0,61.12022057999999,163.077267,0.7007333014552257,120.81065365999947,35.62784165999994
1,1,5,CAP-G300-B480-e0.25,capped,300.0,480.0,0.25,0.0,300.0,58.96582741999994,176.570357,0.7260247083648739,120.81065365999947,35.62784165999994
1,1,5,CAP-G300-B480-e0.5,capped,300.0,480.0,0.5,0.0,300.0,58.96582741999994,176.570357,0.7260247083648739,120.81065365999947,35.62784165999994
1,1,5,CAP-G300-B480-e0.75,capped,300.0,480.0,0.75,0.0,300.0,58.96582741999994,176.570357,0.7260247083648739,120.81065365999947,35.62784165999994
1,1,5,CAP-G300-B480-e0.9,capped,300.0,480.0,0.9,0.0,300.0,58.96582741999994,176.570357,0.7260247083648739,120.81065365999947,35.62784165999994
1,1,5,CAP-G300-B480-e0.95,capped,300.0,480.0,0.95,0.0,300.0,58.96582741999994,176.570357,0.7260247083648739,120.81065365999947,35.62784165999994
1,1,5,HYB-G300-B0-g1-e0,hybrid,300.0,0.0,0.0,1.0,300.0,84.42425093999996,46.421614999999996,0.4271566277948151,120.81065365999947,35.62784165999994
1,1,5,HYB-G300-B0-g1-e0.9,hybrid,300.0,0.0,0.9,1.0,300.0,58.901216459999965,176.310936,0.7267832059829141,120.81065365999947,35.62784165999994
1,1,5,HYB-G300-B0-g4-e0,hybrid,300.0,0.0,0.0,4.0,300.0,67.64762849999997,50.41305,0.62410507368552,120.81065365999947,35.62784165999994
1,1,5,HYB-G300-B0-g4-e0.9,hybrid,300.0,0.0,0.9,4.0,300.0,58.974963699999776,176.570357,0.7259174533942369,120.81065365999947,35.62784165999994
1,1,5,HYB-G300-B0-g16-e0,hybrid,300.0,0.0,0.0,16.0,300.0,59.61600135999999,86.760341,0.7183920190378291,120.81065365999947,35.62784165999994
1,1,5,HYB-G300-B0-g16-e0.9,hybrid,300.0,0.0,0.9,16.0,300.0,58.96582741999994,176.570357,0.7260247083648739,120.81065365999947,35.62784165999994
1,1,5,HYB-G300-B30-g1-e0,hybrid,300.0,30.0,0.0,1.0,300.0,79.9228868999997,62.859118,0.48000019957077733,120.81065365999947,35.62784165999994
1,1,5,HYB-G300-B30-g1-e0.9,hybrid,300.0,30.0,0.9,1.0,300.0,58.96983343999987,176.570357,0.7259776798633972,120.81065365999947,35.62784165999994
1,1,5,HYB-G300-B30-g4-e0,hybrid,300.0,30.0,0.0,4.0,300.0,65.24865997999994,68.38566300000001,0.6522676626359768,120.81065365999947,35.62784165999994
1,1,5,HYB-G300-B30-g4-e0.9,hybrid,300.0,30.0,0.9,4.0,300.0,58.96582741999994,176.570357,0.7260247083648739,120.81065365999947,35.62784165999994
1,1,5,HYB-G300-B30-g16-e0,hybrid,300.0,30.0,0.0,16.0,300.0,59.620623939999916,93.726146,0.718337752456445,120.81065365999947,35.62784165999994
1,1,5,HYB-G300-B30-g16-e0.9,hybrid,300.0,30.0,0.9,16.0,300.0,58.96630835999999,176.570357,0.72601906239019,120.81065365999947,35.62784165999994
1,1,5,HYB-G300-B120-g1-e0,hybrid,300.0,120.0,0.0,1.0,300.0,73.02561739999996,78.70902,0.5609704016345431,120.81065365999947,35.62784165999994
1,1,5,HYB-G300-B120-g1-e0.9,hybrid,300.0,120.0,0.9,1.0,300.0,58.96582741999994,176.570357,0.7260247083648739,120.81065365999947,35.62784165999994
1,1,5,HYB-G300-B120-g4-e0,hybrid,300.0,120.0,0.0,4.0,300.0,62.3770405199999,86.760341,0.6859789172022156,120.81065365999947,35.62784165999994
1,1,5,HYB-G300-B120-g4-e0.9,hybrid,300.0,120.0,0.9,4.0,300.0,58.96582741999994,176.570357,0.7260247083648739,120.81065365999947,35.62784165999994
1,1,5,HYB-G300-B120-g16-e0,hybrid,300.0,120.0,0.0,16.0,300.0,59.34390913999998,115.434863,0.7215862340867526,120.81065365999947,35.62784165999994
1,1,5,HYB-G300-B120-g16-e0.9,hybrid,300.0,120.0,0.9,16.0,300.0,58.96582741999994,176.570357,0.7260247083648739,120.81065365999947,35.62784165999994
1,1,5,FIXEQ-G600,fixed,600.0,inf,0.0,0.0,600.0,49.87604933999997,465.742681,0.8327337716909355,120.81065365999947,35.62784165999994
1,1,5,CAP-G600-B0-e0,capped,600.0,0.0,0.0,0.0,156.0,120.81065365999947,0.0,0.0,120.81065365999947,35.62784165999994
1,1,5,CAP-G600-B0-e0.25,capped,600.0,0.0,0.25,0.0,208.0,84.9299911399999,100.61480999999999,0.42121951221802556,120.81065365999947,35.62784165999994
1,1,5,CAP-G600-B0-e0.5,capped,600.0,0.0,0.5,0.0,312.0,61.06738231999989,98.80301,0.7013535939621236,120.81065365999947,35.62784165999994
1,1,5,CAP-G600-B0-e0.75,capped,600.0,0.0,0.75,0.0,600.0,52.41480825999992,154.966592,0.8029301192827485,120.81065365999947,35.62784165999994
1,1,5,CAP-G600-B0-e0.9,capped,600.0,0.0,0.9,0.0,600.0,50.08025661999988,222.32424,0.8303364890090735,120.81065365999947,35.62784165999994
1,1,5,CAP-G600-B0-e0.95,capped,600.0,0.0,0.95,0.0,600.0,49.848113539999936,328.35399,0.8330617228273697,120.81065365999947,35.62784165999994
1,1,5,CAP-G600-B15-e0,capped,600.0,15.0,0.0,0.0,159.75,120.0624041999999,61.245051000000004,0.008784042724482664,120.81065365999947,35.62784165999994
1,1,5,CAP-G600-B15-e0.25,capped,600.0,15.0,0.25,0.0,213.0,76.74906063999971,74.360889,0.5172591980175532,120.81065365999947,35.62784165999994
1,1,5,CAP-G600-B15-e0.5,capped,600.0,15.0,0.5,0.0,319.5,59.45319357999995,107.082736,0.7203032940495069,120.81065365999947,35.62784165999994
1,1,5,CAP-G600-B15-e0.75,capped,600.0,15.0,0.75,0.0,600.0,51.61400559999995,151.881836,0.8123311080643816,120.81065365999947,35.62784165999994
1,1,5,CAP-G600-B15-e0.9,capped,600.0,15.0,0.9,0.0,600.0,50.30937872,247.938655,0.8276467198570513,120.81065365999947,35.62784165999994
1,1,5,CAP-G600-B15-e0.95,capped,600.0,15.0,0.95,0.0,600.0,49.89632305999999,405.033357,0.8324957692169153,120.81065365999947,35.62784165999994
1,1,5,CAP-G600-B30-e0,capped,600.0,30.0,0.0,0.0,163.5,116.62482763999988,61.245051000000004,0.049139326604991845,120.81065365999947,35.62784165999994
1,1,5,CAP-G600-B30-e0.25,capped,600.0,30.0,0.25,0.0,218.0,74.17896731999991,76.60037799999999,0.5474306992823836,120.81065365999947,35.62784165999994
1,1,5,CAP-G600-B30-e0.5,capped,600.0,30.0,0.5,0.0,327.0,58.86659993999996,108.27998,0.7271895851477627,120.81065365999947,35.62784165999994
1,1,5,CAP-G600-B30-e0.75,capped,600.0,30.0,0.75,0.0,600.0,51.77996233999993,162.52364,0.8103828659706599,120.81065365999947,35.62784165999994
1,1,5,CAP-G600-B30-e0.9,capped,600.0,30.0,0.9,0.0,600.0,50.02099193999987,253.002523,0.8310322242003468,120.81065365999947,35.62784165999994
1,1,5,CAP-G600-B30-e0.95,capped,600.0,30.0,0.95,0.0,600.0,49.89502007999998,465.742681,0.8325110654952302,120.81065365999947,35.62784165999994
1,1,5,CAP-G600-B60-e0,capped,600.0,60.0,0.0,0.0,171.0,109.54727263999986,74.157028,0.13222598263132798,120.81065365999947,35.62784165999994
1,1,5,CAP-G600-B60-e0.25,capped,600.0,60.0,0.25,0.0,228.0,71.39578639999986,86.461211,0.5801037333681809,120.81065365999947,35.62784165999994
1,1,5,CAP-G600-B60-e0.5,capped,600.0,60.0,0.5,0.0,342.0,57.814089799999984,108.68576900000001,0.7395454831897289,120.81065365999947,35.62784165999994
1,1,5,CAP-G600-B60-e0.75,capped,600.0,60.0,0.75,0.0,600.0,50.95877397999995,176.570357,0.8200231718107629,120.81065365999947,35.62784165999994
1,1,5,CAP-G600-B60-e0.9,capped,600.0,60.0,0.9,0.0,600.0,49.901458259999934,328.35399,0.8324354847548344,120.81065365999947,35.62784165999994
1,1,5,CAP-G600-B60-e0.95,capped,600.0,60.0,0.95,0.0,600.0,49.88030373999998,465.742681,0.8326838273430076,120.81065365999947,35.62784165999994
1,1,5,CAP-G600-B120-e0,capped,600.0,120.0,0.0,0.0,186.0,94.86013825999996,77.045612,0.3046449722744497,120.81065365999947,35.62784165999994
1,1,5,CAP-G600-B120-e0.25,capped,600.0,120.0,0.25,0.0,248.0,67.49327721999978,105.761087,0.6259170739749703,120.81065365999947,35.62784165999994
1,1,5,CAP-G600-B120-e0.5,capped,600.0,120.0,0.5,0.0,372.0,54.442861439999966,147.630627,0.7791218751970745,120.81065365999947,35.62784165999994
1,1,5,CAP-G600-B120-e0.75,capped,600.0,120.0,0.75,0.0,600.0,50.67010725999998,232.577727,0.8234119624977851,120.81065365999947,35.62784165999994
1,1,5,CAP-G600-B120-e0.9,capped,600.0,120.0,0.9,0.0,600.0,49.87604933999997,465.742681,0.8327337716909355,120.81065365999947,35.62784165999994
1,1,5,CAP-G600-B120-e0.95,capped,600.0,120.0,0.95,0.0,600.0,49.87604933999997,465.742681,0.8327337716909355,120.81065365999947,35.62784165999994
1,1,5,CAP-G600-B240-e0,capped,600.0,240.0,0.0,0.0,216.0,80.14034563999995,106.582376,0.4774473519376156,120.81065365999947,35.62784165999994
1,1,5,CAP-G600-B240-e0.25,capped,600.0,240.0,0.25,0.0,288.0,59.44222805999981,142.049588,0.7204320233053588,120.81065365999947,35.62784165999994
1,1,5,CAP-G600-B240-e0.5,capped,600.0,240.0,0.5,0.0,432.0,52.34688265999988,176.570357,0.8037275289761504,120.81065365999947,35.62784165999994
1,1,5,CAP-G600-B240-e0.75,capped,600.0,240.0,0.75,0.0,600.0,49.92721399999982,328.35399,0.832133126340089,120.81065365999947,35.62784165999994
1,1,5,CAP-G600-B240-e0.9,capped,600.0,240.0,0.9,0.0,600.0,49.87604933999997,465.742681,0.8327337716909355,120.81065365999947,35.62784165999994
1,1,5,CAP-G600-B240-e0.95,capped,600.0,240.0,0.95,0.0,600.0,49.87604933999997,465.742681,0.8327337716909355,120.81065365999947,35.62784165999994
1,1,5,CAP-G600-B360-e0,capped,600.0,360.0,0.0,0.0,246.0,67.94471209999998,132.758393,0.6206174733935736,120.81065365999947,35.62784165999994
1,1,5,CAP-G600-B360-e0.25,capped,600.0,360.0,0.25,0.0,328.0,55.50491411999994,173.750809,0.7666539529124713,120.81065365999947,35.62784165999994
1,1,5,CAP-G600-B360-e0.5,capped,600.0,360.0,0.5,0.0,492.0,50.886447319999995,232.577727,0.8208722475609265,120.81065365999947,35.62784165999994
1,1,5,CAP-G600-B360-e0.75,capped,600.0,360.0,0.75,0.0,600.0,49.87766954,465.734173,0.8327147514219168,120.81065365999947,35.62784165999994
1,1,5,CAP-G600-B360-e0.9,capped,600.0,360.0,0.9,0.0,600.0,49.87604933999997,465.742681,0.8327337716909355,120.81065365999947,35.62784165999994
1,1,5,CAP-G600-B360-e0.95,capped,600.0,360.0,0.95,0.0,600.0,49.87604933999997,465.742681,0.8327337716909355,120.81065365999947,35.62784165999994
1,1,5,CAP-G600-B480-e0,capped,600.0,480.0,0.0,0.0,276.0,61.12022057999999,163.077267,0.7007333014552257,120.81065365999947,35.62784165999994
1,1,5,CAP-G600-B480-e0.25,capped,600.0,480.0,0.25,0.0,368.0,53.35995797999996,213.00124,0.7918345743270354,120.81065365999947,35.62784165999994
1,1,5,CAP-G600-B480-e0.5,capped,600.0,480.0,0.5,0.0,552.0,50.20010693999988,290.204862,0.828929511272767,120.81065365999947,35.62784165999994
1,1,5,CAP-G600-B480-e0.75,capped,600.0,480.0,0.75,0.0,600.0,49.87604933999997,465.742681,0.8327337716909355,120.81065365999947,35.62784165999994
1,1,5,CAP-G600-B480-e0.9,capped,600.0,480.0,0.9,0.0,600.0,49.87604933999997,465.742681,0.8327337716909355,120.81065365999947,35.62784165999994
1,1,5,CAP-G600-B480-e0.95,capped,600.0,480.0,0.95,0.0,600.0,49.87604933999997,465.742681,0.8327337716909355,120.81065365999947,35.62784165999994
1,1,5,CAP-G600-B600-e0,capped,600.0,600.0,0.0,0.0,306.0,58.37276117999988,176.570357,0.7329869842756535,120.81065365999947,35.62784165999994
1,1,5,CAP-G600-B600-e0.25,capped,600.0,600.0,0.25,0.0,408.0,52.01882207999969,246.766088,0.8075787822078492,120.81065365999947,35.62784165999994
1,1,5,CAP-G600-B600-e0.5,capped,600.0,600.0,0.5,0.0,600.0,49.87495207999999,332.661489,0.8327466529280564,120.81065365999947,35.62784165999994
1,1,5,CAP-G600-B600-e0.75,capped,600.0,600.0,0.75,0.0,600.0,49.87604933999997,465.742681,0.8327337716909355,120.81065365999947,35.62784165999994
1,1,5,CAP-G600-B600-e0.9,capped,600.0,600.0,0.9,0.0,600.0,49.87604933999997,465.742681,0.8327337716909355,120.81065365999947,35.62784165999994
1,1,5,CAP-G600-B600-e0.95,capped,600.0,600.0,0.95,0.0,600.0,49.87604933999997,465.742681,0.8327337716909355,120.81065365999947,35.62784165999994
1,1,5,HYB-G600-B0-g1-e0,hybrid,600.0,0.0,0.0,1.0,600.0,82.85259371999989,46.421614999999996,0.44560703091135095,120.81065365999947,35.62784165999994
1,1,5,HYB-G600-B0-g1-e0.9,hybrid,600.0,0.0,0.9,1.0,600.0,49.934592659999936,222.32424,0.832046504874715,120.81065365999947,35.62784165999994
1,1,5,HYB-G600-B0-g4-e0,hybrid,600.0,0.0,0.0,4.0,600.0,62.838985099999995,50.41305,0.680555938444481,120.81065365999947,35.62784165999994
1,1,5,HYB-G600-B0-g4-e0.9,hybrid,600.0,0.0,0.9,4.0,600.0,49.904444659999974,247.938655,0.8324004260389983,120.81065365999947,35.62784165999994
1,1,5,HYB-G600-B0-g16-e0,hybrid,600.0,0.0,0.0,16.0,600.0,51.713976039999864,86.760341,0.81115750933416,120.81065365999947,35.62784165999994
1,1,5,HYB-G600-B0-g16-e0.9,hybrid,600.0,0.0,0.9,16.0,600.0,49.863152599999964,370.95635300000004,0.832885172421872,120.81065365999947,35.62784165999994
1,1,5,HYB-G600-B30-g1-e0,hybrid,600.0,30.0,0.0,1.0,600.0,78.24847065999985,62.859118,0.49965693783388904,120.81065365999947,35.62784165999994
1,1,5,HYB-G600-B30-g1-e0.9,hybrid,600.0,30.0,0.9,1.0,600.0,49.91490077999995,290.204862,0.8322776768627914,120.81065365999947,35.62784165999994
1,1,5,HYB-G600-B30-g4-e0,hybrid,600.0,30.0,0.0,4.0,600.0,60.556897539999966,68.38566300000001,0.7073464083341113,120.81065365999947,35.62784165999994
1,1,5,HYB-G600-B30-g4-e0.9,hybrid,600.0,30.0,0.9,4.0,600.0,49.886601399999975,290.204862,0.8326098962311774,120.81065365999947,35.62784165999994
1,1,5,HYB-G600-B30-g16-e0,hybrid,600.0,30.0,0.0,16.0,600.0,51.76367849999997,93.726146,0.810574029418046,120.81065365999947,35.62784165999994
1,1,5,HYB-G600-B30-g16-e0.9,hybrid,600.0,30.0,0.9,16.0,600.0,49.858027059999905,405.033357,0.8329453434807947,120.81065365999947,35.62784165999994
1,1,5,HYB-G600-B120-g1-e0,hybrid,600.0,120.0,0.0,1.0,600.0,71.25934923999988,78.70902,0.5817054316074922,120.81065365999947,35.62784165999994
1,1,5,HYB-G600-B120-g1-e0.9,hybrid,600.0,120.0,0.9,1.0,600.0,49.877530179999994,465.742681,0.832716387432712,120.81065365999947,35.62784165999994
1,1,5,HYB-G600-B120-g4-e0,hybrid,600.0,120.0,0.0,4.0,600.0,57.33369845999986,86.760341,0.7451850169022357,120.81065365999947,35.62784165999994
1,1,5,HYB-G600-B120-g4-e0.9,hybrid,600.0,120.0,0.9,4.0,600.0,49.87604933999997,465.742681,0.8327337716909355,120.81065365999947,35.62784165999994
1,1,5,HYB-G600-B120-g16-e0,hybrid,600.0,120.0,0.0,16.0,600.0,50.98995897999989,115.434863,0.8196570768290669,120.81065365999947,35.62784165999994
1,1,5,HYB-G600-B120-g16-e0.9,hybrid,600.0,120.0,0.9,16.0,600.0,49.87604933999997,465.742681,0.8327337716909355,120.81065365999947,35.62784165999994
1,1,5,CAP-G1200-B0-e0,capped,1200.0,0.0,0.0,0.0,156.0,120.81065365999947,0.0,0.0,120.81065365999947,35.62784165999994
1,1,5,CAP-G1200-B0-e0.25,capped,1200.0,0.0,0.25,0.0,208.0,84.9299911399999,100.61480999999999,0.42121951221802556,120.81065365999947,35.62784165999994
1,1,5,CAP-G1200-B0-e0.5,capped,1200.0,0.0,0.5,0.0,312.0,61.016260579999944,98.80301,0.7019537354554563,120.81065365999947,35.62784165999994
1,1,5,CAP-G1200-B0-e0.75,capped,1200.0,0.0,0.75,0.0,624.0,51.398147299999984,154.966592,0.8148651674002013,120.81065365999947,35.62784165999994
1,1,5,CAP-G1200-B0-e0.9,capped,1200.0,0.0,0.9,0.0,1200.0,48.50064329999998,222.32424,0.8488802924233106,120.81065365999947,35.62784165999994
1,1,5,CAP-G1200-B0-e0.95,capped,1200.0,0.0,0.95,0.0,1200.0,47.92965237999992,328.35399,0.8555834160534634,120.81065365999947,35.62784165999994
1,1,5,CAP-G1200-B15-e0.25,capped,1200.0,15.0,0.25,0.0,213.0,76.74906063999971,74.360889,0.5172591980175532,120.81065365999947,35.62784165999994
1,1,5,CAP-G1200-B15-e0.5,capped,1200.0,15.0,0.5,0.0,319.5,59.31126463999996,107.082736,0.7219694628066499,120.81065365999947,35.62784165999994
1,1,5,CAP-G1200-B15-e0.75,capped,1200.0,15.0,0.75,0.0,639.0,50.42091163999999,151.881836,0.8263373838844376,120.81065365999947,35.62784165999994
1,1,5,CAP-G1200-B15-e0.9,capped,1200.0,15.0,0.9,0.0,1200.0,48.79762101999991,247.938655,0.8453939351051238,120.81065365999947,35.62784165999994
1,1,5,CAP-G1200-B15-e0.95,capped,1200.0,15.0,0.95,0.0,1200.0,47.97310769999999,405.033357,0.8550732741717882,120.81065365999947,35.62784165999994
1,1,5,CAP-G1200-B30-e0.25,capped,1200.0,30.0,0.25,0.0,218.0,74.17896731999991,76.60037799999999,0.5474306992823836,120.81065365999947,35.62784165999994
1,1,5,CAP-G1200-B30-e0.5,capped,1200.0,30.0,0.5,0.0,327.0,58.41917219999995,108.27998,0.7324421440794872,120.81065365999947,35.62784165999994
1,1,5,CAP-G1200-B30-e0.75,capped,1200.0,30.0,0.75,0.0,654.0,50.753921599999934,162.52364,0.8224280276166503,120.81065365999947,35.62784165999994
1,1,5,CAP-G1200-B30-e0.9,capped,1200.0,30.0,0.9,0.0,1200.0,48.26978551999997,253.002523,0.8515904375169008,120.81065365999947,35.62784165999994
1,1,5,CAP-G1200-B30-e0.95,capped,1200.0,30.0,0.95,0.0,1200.0,47.87922807999988,486.90642,0.8561753699795682,120.81065365999947,35.62784165999994
1,1,5,CAP-G1200-B60-e0.25,capped,1200.0,60.0,0.25,0.0,228.0,71.39578639999986,86.461211,0.5801037333681809,120.81065365999947,35.62784165999994
1,1,5,CAP-G1200-B60-e0.5,capped,1200.0,60.0,0.5,0.0,342.0,57.50975143999999,108.68576900000001,0.7431182504282652,120.81065365999947,35.62784165999994
1,1,5,CAP-G1200-B60-e0.75,capped,1200.0,60.0,0.75,0.0,684.0,49.911077499999955,176.570357,0.8323225600958081,120.81065365999947,35.62784165999994
1,1,5,CAP-G1200-B60-e0.9,capped,1200.0,60.0,0.9,0.0,1200.0,48.085832079999975,328.35399,0.8537499511051584,120.81065365999947,35.62784165999994
1,1,5,CAP-G1200-B60-e0.95,capped,1200.0,60.0,0.95,0.0,1200.0,47.923492839999994,486.90642,0.855655725711425,120.81065365999947,35.62784165999994
1,1,5,CAP-G1200-B120-e0.25,capped,1200.0,120.0,0.25,0.0,248.0,67.49327721999978,105.761087,0.6259170739749703,120.81065365999947,35.62784165999994
1,1,5,CAP-G1200-B120-e0.5,capped,1200.0,120.0,0.5,0.0,372.0,54.21478943999996,147.630627,0.7817993167447898,120.81065365999947,35.62784165999994
1,1,5,CAP-G1200-B120-e0.75,capped,1200.0,120.0,0.75,0.0,744.0,49.42241179999994,232.577727,0.8380592303057562,120.81065365999947,35.62784165999994
1,1,5,CAP-G1200-B120-e0.9,capped,1200.0,120.0,0.9,0.0,1200.0,48.00741317999964,465.742681,0.8546705464478002,120.81065365999947,35.62784165999994
1,1,5,CAP-G1200-B120-e0.95,capped,1200.0,120.0,0.95,0.0,1200.0,47.87922807999988,486.90642,0.8561753699795682,120.81065365999947,35.62784165999994
1,1,5,CAP-G1200-B240-e0.25,capped,1200.0,240.0,0.25,0.0,288.0,59.44222805999981,142.049588,0.7204320233053588,120.81065365999947,35.62784165999994
1,1,5,CAP-G1200-B240-e0.5,capped,1200.0,240.0,0.5,0.0,432.0,51.97548553999995,176.570357,0.8080875296767605,120.81065365999947,35.62784165999994
1,1,5,CAP-G1200-B240-e0.75,capped,1200.0,240.0,0.75,0.0,864.0,48.440830039999945,328.35399,0.8495824676461716,120.81065365999947,35.62784165999994
1,1,5,CAP-G1200-B240-e0.9,capped,1200.0,240.0,0.9,0.0,1200.0,47.85109535999997,486.90642,0.8565056328499688,120.81065365999947,35.62784165999994
1,1,5,CAP-G1200-B240-e0.95,capped,1200.0,240.0,0.95,0.0,1200.0,47.921485179999934,486.90642,0.8556792945506417,120.81065365999947,35.62784165999994
1,1,5,CAP-G1200-B360-e0.25,capped,1200.0,360.0,0.25,0.0,328.0,55.50491411999994,173.750809,0.7666539529124713,120.81065365999947,35.62784165999994
1,1,5,CAP-G1200-B360-e0.5,capped,1200.0,360.0,0.5,0.0,492.0,50.314679399999974,232.577727,0.8275844927495454,120.81065365999947,35.62784165999994
1,1,5,CAP-G1200-B360-e0.75,capped,1200.0,360.0,0.75,0.0,984.0,48.23330427999995,465.734173,0.8520187074829125,120.81065365999947,35.62784165999994
1,1,5,CAP-G1200-B360-e0.9,capped,1200.0,360.0,0.9,0.0,1200.0,47.921485179999934,486.90642,0.8556792945506417,120.81065365999947,35.62784165999994
1,1,5,CAP-G1200-B360-e0.95,capped,1200.0,360.0,0.95,0.0,1200.0,47.921485179999934,486.90642,0.8556792945506417,120.81065365999947,35.62784165999994
1,1,5,CAP-G1200-B480-e0.25,capped,1200.0,480.0,0.25,0.0,368.0,53.35995797999996,213.00124,0.7918345743270354,120.81065365999947,35.62784165999994
1,1,5,CAP-G1200-B480-e0.5,capped,1200.0,480.0,0.5,0.0,552.0,49.790281179999944,290.204862,0.8337406433588965,120.81065365999947,35.62784165999994
1,1,5,CAP-G1200-B480-e0.75,capped,1200.0,480.0,0.75,0.0,1104.0,48.014703999999945,486.90642,0.8545849561763696,120.81065365999947,35.62784165999994
1,1,5,CAP-G1200-B480-e0.9,capped,1200.0,480.0,0.9,0.0,1200.0,47.921485179999934,486.90642,0.8556792945506417,120.81065365999947,35.62784165999994
1,1,5,CAP-G1200-B480-e0.95,capped,1200.0,480.0,0.95,0.0,1200.0,47.921485179999934,486.90642,0.8556792945506417,120.81065365999947,35.62784165999994
1,1,5,CAP-G1200-B600-e0.25,capped,1200.0,600.0,0.25,0.0,408.0,52.01150549999997,246.766088,0.8076646748876978,120.81065365999947,35.62784165999994
1,1,5,CAP-G1200-B600-e0.5,capped,1200.0,600.0,0.5,0.0,612.0,48.96028295999997,332.661489,0.8434843721759255,120.81065365999947,35.62784165999994
1,1,5,CAP-G1200-B600-e0.75,capped,1200.0,600.0,0.75,0.0,1200.0,47.974251,486.90642,0.8550598524500443,120.81065365999947,35.62784165999994
1,1,5,CAP-G1200-B600-e0.9,capped,1200.0,600.0,0.9,0.0,1200.0,47.921485179999934,486.90642,0.8556792945506417,120.81065365999947,35.62784165999994
1,1,5,CAP-G1200-B600-e0.95,capped,1200.0,600.0,0.95,0.0,1200.0,47.921485179999934,486.90642,0.8556792945506417,120.81065365999947,35.62784165999994
1,1,5,HYB-G1200-B0-g1-e0,hybrid,1200.0,0.0,0.0,1.0,1200.0,82.67889404,46.421614999999996,0.4476461709200171,120.81065365999947,35.62784165999994
1,1,5,HYB-G1200-B0-g1-e0.9,hybrid,1200.0,0.0,0.9,1.0,1200.0,48.06629443999993,222.32424,0.853979312399313,120.81065365999947,35.62784165999994
1,1,5,HYB-G1200-B0-g4-e0,hybrid,1200.0,0.0,0.0,4.0,1200.0,62.10464209999998,50.41305,0.6891767268730201,120.81065365999947,35.62784165999994
1,1,5,HYB-G1200-B0-g4-e0.9,hybrid,1200.0,0.0,0.9,4.0,1200.0,47.98505089999993,247.938655,0.8549330674831437,120.81065365999947,35.62784165999994
1,1,5,HYB-G1200-B0-g16-e0,hybrid,1200.0,0.0,0.0,16.0,1200.0,51.10485079999985,86.760341,0.8183083091927044,120.81065365999947,35.62784165999994
1,1,5,HYB-G1200-B0-g16-e0.9,hybrid,1200.0,0.0,0.9,16.0,1200.0,47.90923261999999,370.95635300000004,0.8558231329578542,120.81065365999947,35.62784165999994
1,1,5,HYB-G1200-B30-g1-e0,hybrid,1200.0,30.0,0.0,1.0,1200.0,78.11751617999994,62.859118,0.5011942723844309,120.81065365999947,35.62784165999994
1,1,5,HYB-G1200-B30-g1-e0.9,hybrid,1200.0,30.0,0.9,1.0,1200.0,48.014703999999945,290.204862,0.8545849561763696,120.81065365999947,35.62784165999994
1,1,5,HYB-G1200-B30-g4-e0,hybrid,1200.0,30.0,0.0,4.0,1200.0,60.27082191999998,68.38566300000001,0.7107047809128422,120.81065365999947,35.62784165999994
1,1,5,HYB-G1200-B30-g4-e0.9,hybrid,1200.0,30.0,0.9,4.0,1200.0,47.947048,290.204862,0.8553792009120323,120.81065365999947,35.62784165999994
1,1,5,HYB-G1200-B30-g16-e0,hybrid,1200.0,30.0,0.0,16.0,1200.0,51.0103916599999,93.726146,0.8194172082508847,120.81065365999947,35.62784165999994
1,1,5,HYB-G1200-B30-g16-e0.9,hybrid,1200.0,30.0,0.9,16.0,1200.0,47.90914539999999,405.033357,0.8558241568733359,120.81065365999947,35.62784165999994
1,1,5,HYB-G1200-B120-g1-e0,hybrid,1200.0,120.0,0.0,1.0,1200.0,71.08008025999995,78.70902,0.5838099521767349,120.81065365999947,35.62784165999994
1,1,5,HYB-G1200-B120-g1-e0.9,hybrid,1200.0,120.0,0.9,1.0,1200.0,47.909116,472.413897,0.855824502013386,120.81065365999947,35.62784165999994
1,1,5,HYB-G1200-B120-g4-e0,hybrid,1200.0,120.0,0.0,4.0,1200.0,57.04400415999985,86.760341,0.7485858708209817,120.81065365999947,35.62784165999994
1,1,5,HYB-G1200-B120-g4-e0.9,hybrid,1200.0,120.0,0.9,4.0,1200.0,47.86866981999995,486.90642,0.856299318223962,120.81065365999947,35.62784165999994
1,1,5,HYB-G1200-B120-g16-e0,hybrid,1200.0,120.0,0.0,16.0,1200.0,50.49881089999998,115.434863,0.8254228888334877,120.81065365999947,35.62784165999994
1,1,5,HYB-G1200-B120-g16-e0.9,hybrid,1200.0,120.0,0.9,16.0,1200.0,47.921485179999934,486.90642,0.8556792945506417,120.81065365999947,35.62784165999994
1,2,4,SJF,reference,-1.0,-1.0,-1.0,-1.0,inf,46.17291578,621.200488,1.0,261.18647754,46.17291578
1,2,4,SPJF-E,reference,-1.0,-1.0,-1.0,-1.0,inf,72.46194035999966,633.537584,0.8777331794105913,261.18647754,46.17291578
1,2,4,FIX-B15,fixed,-1.0,15.0,0.0,0.0,153.75,261.88688645999997,48.506433,-0.0032575104298852324,261.18647754,46.17291578
1,2,4,FIX-B17.99,fixed,-1.0,17.99,0.0,0.0,154.4975,262.27461891999957,62.108482,-0.005060803472546362,261.18647754,46.17291578
1,2,4,FIX-B21.576,fixed,-1.0,21.576,0.0,0.0,155.394,262.4486698999999,62.108482,-0.005870291853537987,261.18647754,46.17291578
1,2,4,FIX-B25.877,fixed,-1.0,25.877,0.0,0.0,156.46925,262.72735775999996,62.108482,-0.007166432700277327,261.18647754,46.17291578
1,2,4,FIX-B30,fixed,-1.0,30.0,0.0,0.0,157.5,262.6621122599999,62.108482,-0.006862984399314397,261.18647754,46.17291578
1,2,4,FIX-B31.035,fixed,-1.0,31.035,0.0,0.0,157.75875,262.6446045599998,62.108482,-0.006781558372710242,261.18647754,46.17291578
1,2,4,FIX-B37.222,fixed,-1.0,37.222,0.0,0.0,159.3055,263.0734275799999,62.108482,-0.008775958244466942,261.18647754,46.17291578
1,2,4,FIX-B44.641,fixed,-1.0,44.641,0.0,0.0,161.16025,263.75899473999993,62.108482,-0.011964441586579557,261.18647754,46.17291578
1,2,4,FIX-B53.54,fixed,-1.0,53.54,0.0,0.0,163.385,263.744101,64.275168,-0.011895172746614203,261.18647754,46.17291578
1,2,4,FIX-B60,fixed,-1.0,60.0,0.0,0.0,165.0,263.8840713199999,66.572484,-0.012546156428081488,261.18647754,46.17291578
1,2,4,FIX-B64.212,fixed,-1.0,64.212,0.0,0.0,166.053,263.4844628399996,67.30644,-0.010687629567127615,261.18647754,46.17291578
1,2,4,FIX-B77.012,fixed,-1.0,77.012,0.0,0.0,169.253,263.36439988,67.522805,-0.010129232417585942,261.18647754,46.17291578
1,2,4,FIX-B92.363,fixed,-1.0,92.363,0.0,0.0,173.09075,263.01605733999986,71.193385,-0.008509136749439346,261.18647754,46.17291578
1,2,4,FIX-B110.774,fixed,-1.0,110.774,0.0,0.0,177.6935,261.1033807799998,73.905808,0.00038647218026633193,261.18647754,46.17291578
1,2,4,FIX-B120,fixed,-1.0,120.0,0.0,0.0,180.0,259.9619079399998,81.52461,0.005695313309432536,261.18647754,46.17291578
1,2,4,FIX-B132.855,fixed,-1.0,132.855,0.0,0.0,183.21375,257.33733957999954,84.238423,0.017901838044508574,261.18647754,46.17291578
1,2,4,FIX-B159.338,fixed,-1.0,159.338,0.0,0.0,189.8345,253.1525971799999,87.58372299999999,0.03736452851735735,261.18647754,46.17291578
1,2,4,FIX-B191.099,fixed,-1.0,191.099,0.0,0.0,197.77474999999998,247.80306471999998,104.915454,0.06224450546490969,261.18647754,46.17291578
1,2,4,FIX-B229.192,fixed,-1.0,229.192,0.0,0.0,207.298,239.35927533999975,104.953513,0.10151546730975022,261.18647754,46.17291578
1,2,4,FIX-B240,fixed,-1.0,240.0,0.0,0.0,210.0,234.59759461999943,104.953513,0.12366142257426213,261.18647754,46.17291578
1,2,4,FIX-B274.878,fixed,-1.0,274.878,0.0,0.0,218.71949999999998,224.54407683999955,114.42264700000001,0.1704190210145954,261.18647754,46.17291578
1,2,4,FIX-B329.671,fixed,-1.0,329.671,0.0,0.0,232.41775,213.87065367999946,131.80208199999998,0.22005971843215574,261.18647754,46.17291578
1,2,4,FIX-B360,fixed,-1.0,360.0,0.0,0.0,240.0,207.37110611999975,137.97494,0.2502882654447138,261.18647754,46.17291578
1,2,4,FIX-B395.386,fixed,-1.0,395.386,0.0,0.0,248.8465,201.76656743999928,150.233713,0.2763542430236365,261.18647754,46.17291578
1,2,4,FIX-B474.201,fixed,-1.0,474.201,0.0,0.0,268.55025,187.8364110399991,171.631136,0.3411415814871942,261.18647754,46.17291578
1,2,4,FIX-B480,fixed,-1.0,480.0,0.0,0.0,270.0,186.126948,171.631136,0.3490920708703114,261.18647754,46.17291578
1,2,4,FIX-B568.726,fixed,-1.0,568.726,0.0,0.0,292.1815,176.38303025999966,191.5462,0.3944097599511359,261.18647754,46.17291578
1,2,4,FIX-B600,fixed,-1.0,600.0,0.0,0.0,300.0,172.03719,212.065268,0.4146216955352295,261.18647754,46.17291578
1,2,4,FIX-B682.093,fixed,-1.0,682.093,0.0,0.0,320.52324999999996,159.08919981999944,216.809921,0.47484110715752165,261.18647754,46.17291578
1,2,4,FIX-B818.058,fixed,-1.0,818.058,0.0,0.0,354.5145,138.8372406399999,254.899924,0.5690303248711697,261.18647754,46.17291578
1,2,4,FIX-B981.126,fixed,-1.0,981.126,0.0,0.0,395.2815,127.07232555999936,288.18680500000005,0.6237474086853183,261.18647754,46.17291578
1,2,4,FIX-B1176.7,fixed,-1.0,1176.699,0.0,0.0,444.17475,115.68842787999998,345.441058,0.6766924303240286,261.18647754,46.17291578
1,2,4,FIX-B1411.26,fixed,-1.0,1411.256,0.0,0.0,502.814,105.59124829999996,371.387639,0.7236530940949518,261.18647754,46.17291578
1,2,4,FIX-B1692.57,fixed,-1.0,1692.569,0.0,0.0,573.14225,95.86086193999934,455.927273,0.7689078504942798,261.18647754,46.17291578
1,2,4,FIX-B2029.96,fixed,-1.0,2029.958,0.0,0.0,657.4895,92.37116805999945,534.187735,0.7851379610577014,261.18647754,46.17291578
1,2,4,FIX-B2434.6,fixed,-1.0,2434.6,0.0,0.0,758.65,88.95290401999993,609.604291,0.8010358607623488,261.18647754,46.17291578
1,2,4,FIX-B2919.9,fixed,-1.0,2919.901,0.0,0.0,879.97525,84.86660343999996,633.537584,0.8200407111845801,261.18647754,46.17291578
1,2,4,FIX-B3501.94,fixed,-1.0,3501.94,0.0,0.0,1025.4850000000001,81.96633373999991,633.537584,0.8335294868518439,261.18647754,46.17291578
1,2,4,FIX-B4200,fixed,-1.0,4200.0,0.0,0.0,1200.0,80.14174037999996,633.537584,0.8420154323199563,261.18647754,46.17291578
1,2,4,FIXEQ-G300,fixed,300.0,inf,0.0,0.0,300.0,172.03719,212.065268,0.4146216955352295,261.18647754,46.17291578
1,2,4,CAP-G300-B0-e0,capped,300.0,0.0,0.0,0.0,150.0,261.18647754,0.0,0.0,261.18647754,46.17291578
1,2,4,CAP-G300-B0-e0.25,capped,300.0,0.0,0.25,0.0,200.0,208.58348597999992,88.071859,0.24464964502432637,261.18647754,46.17291578
1,2,4,CAP-G300-B0-e0.5,capped,300.0,0.0,0.5,0.0,300.0,164.45294397999876,86.145206,0.4498950334489879,261.18647754,46.17291578
1,2,4,CAP-G300-B0-e0.75,capped,300.0,0.0,0.75,0.0,300.0,165.2669174599989,173.432647,0.4461093490794192,261.18647754,46.17291578
1,2,4,CAP-G300-B0-e0.9,capped,300.0,0.0,0.9,0.0,300.0,171.13919143999948,212.065268,0.4187981695801685,261.18647754,46.17291578
1,2,4,CAP-G300-B0-e0.95,capped,300.0,0.0,0.95,0.0,300.0,171.7061382199998,212.065268,0.41616137413638554,261.18647754,46.17291578
1,2,4,CAP-G300-B15-e0,capped,300.0,15.0,0.0,0.0,153.75,261.88688645999997,48.506433,-0.0032575104298852324,261.18647754,46.17291578
1,2,4,CAP-G300-B15-e0.25,capped,300.0,15.0,0.25,0.0,205.0,194.39833047999983,70.935653,0.31062295100506115,261.18647754,46.17291578
1,2,4,CAP-G300-B15-e0.5,capped,300.0,15.0,0.5,0.0,300.0,165.50952769999867,93.832522,0.4449810005324072,261.18647754,46.17291578
1,2,4,CAP-G300-B15-e0.75,capped,300.0,15.0,0.75,0.0,300.0,165.1468787599999,212.065268,0.44666763339886584,261.18647754,46.17291578
1,2,4,CAP-G300-B15-e0.9,capped,300.0,15.0,0.9,0.0,300.0,171.5433341599999,212.065268,0.41691855456104,261.18647754,46.17291578
1,2,4,CAP-G300-B15-e0.95,capped,300.0,15.0,0.95,0.0,300.0,171.8757186999996,212.065268,0.4153726774671536,261.18647754,46.17291578
1,2,4,CAP-G300-B30-e0,capped,300.0,30.0,0.0,0.0,157.5,262.6621122599999,62.108482,-0.006862984399314397,261.18647754,46.17291578
1,2,4,CAP-G300-B30-e0.25,capped,300.0,30.0,0.25,0.0,210.0,188.86866863999978,67.229342,0.3363406861783071,261.18647754,46.17291578
1,2,4,CAP-G300-B30-e0.5,capped,300.0,30.0,0.5,0.0,300.0,163.909268,101.31038,0.45242359944058624,261.18647754,46.17291578
1,2,4,CAP-G300-B30-e0.75,capped,300.0,30.0,0.75,0.0,300.0,167.2567330599999,212.065268,0.4368549765472249,261.18647754,46.17291578
1,2,4,CAP-G300-B30-e0.9,capped,300.0,30.0,0.9,0.0,300.0,171.89650419999964,212.065268,0.4152760068207539,261.18647754,46.17291578
1,2,4,CAP-G300-B30-e0.95,capped,300.0,30.0,0.95,0.0,300.0,172.03719,212.065268,0.4146216955352295,261.18647754,46.17291578
1,2,4,CAP-G300-B60-e0,capped,300.0,60.0,0.0,0.0,165.0,263.8840713199999,66.572484,-0.012546156428081488,261.18647754,46.17291578
1,2,4,CAP-G300-B60-e0.25,capped,300.0,60.0,0.25,0.0,220.0,184.98322631999972,77.486474,0.35441137106067294,261.18647754,46.17291578
1,2,4,CAP-G300-B60-e0.5,capped,300.0,60.0,0.5,0.0,300.0,164.7524016399998,116.207409,0.44850229497449445,261.18647754,46.17291578
1,2,4,CAP-G300-B60-e0.75,capped,300.0,60.0,0.75,0.0,300.0,168.8073009599994,212.065268,0.4296434877122543,261.18647754,46.17291578
1,2,4,CAP-G300-B60-e0.9,capped,300.0,60.0,0.9,0.0,300.0,172.03719,212.065268,0.4146216955352295,261.18647754,46.17291578
1,2,4,CAP-G300-B60-e0.95,capped,300.0,60.0,0.95,0.0,300.0,172.03719,212.065268,0.4146216955352295,261.18647754,46.17291578
1,2,4,CAP-G300-B120-e0,capped,300.0,120.0,0.0,0.0,180.0,259.9619079399998,81.52461,0.005695313309432536,261.18647754,46.17291578
1,2,4,CAP-G300-B120-e0.25,capped,300.0,120.0,0.25,0.0,240.0,176.6571567399997,104.953513,0.393134833487167,261.18647754,46.17291578
1,2,4,CAP-G300-B120-e0.5,capped,300.0,120.0,0.5,0.0,300.0,166.3694994,171.631136,0.44098138444790536,261.18647754,46.17291578
1,2,4,CAP-G300-B120-e0.75,capped,300.0,120.0,0.75,0.0,300.0,171.8472137999995,212.065268,0.41550525003498034,261.18647754,46.17291578
1,2,4,CAP-G300-B120-e0.9,capped,300.0,120.0,0.9,0.0,300.0,172.03719,212.065268,0.4146216955352295,261.18647754,46.17291578
1,2,4,CAP-G300-B120-e0.95,capped,300.0,120.0,0.95,0.0,300.0,172.03719,212.065268,0.4146216955352295,261.18647754,46.17291578
1,2,4,CAP-G300-B240-e0,capped,300.0,240.0,0.0,0.0,210.0,234.59759461999943,104.953513,0.12366142257426213,261.18647754,46.17291578
1,2,4,CAP-G300-B240-e0.25,capped,300.0,240.0,0.25,0.0,280.0,169.79556643999982,150.008849,0.4250471940091458,261.18647754,46.17291578
1,2,4,CAP-G300-B240-e0.5,capped,300.0,240.0,0.5,0.0,300.0,170.8531733999999,212.065268,0.42012840213693553,261.18647754,46.17291578
1,2,4,CAP-G300-B240-e0.75,capped,300.0,240.0,0.75,0.0,300.0,172.03719,212.065268,0.4146216955352295,261.18647754,46.17291578
1,2,4,CAP-G300-B240-e0.9,capped,300.0,240.0,0.9,0.0,300.0,172.03719,212.065268,0.4146216955352295,261.18647754,46.17291578
1,2,4,CAP-G300-B240-e0.95,capped,300.0,240.0,0.95,0.0,300.0,172.03719,212.065268,0.4146216955352295,261.18647754,46.17291578
1,2,4,CAP-G300-B360-e0,capped,300.0,360.0,0.0,0.0,240.0,207.37110611999975,137.97494,0.2502882654447138,261.18647754,46.17291578
1,2,4,CAP-G300-B360-e0.25,capped,300.0,360.0,0.25,0.0,300.0,168.7981471799992,177.464769,0.4296860607477655,261.18647754,46.17291578
1,2,4,CAP-G300-B360-e0.5,capped,300.0,360.0,0.5,0.0,300.0,172.03719,212.065268,0.4146216955352295,261.18647754,46.17291578
1,2,4,CAP-G300-B360-e0.75,capped,300.0,360.0,0.75,0.0,300.0,172.03719,212.065268,0.4146216955352295,261.18647754,46.17291578
1,2,4,CAP-G300-B360-e0.9,capped,300.0,360.0,0.9,0.0,300.0,172.03719,212.065268,0.4146216955352295,261.18647754,46.17291578
1,2,4,CAP-G300-B360-e0.95,capped,300.0,360.0,0.95,0.0,300.0,172.03719,212.065268,0.4146216955352295,261.18647754,46.17291578
1,2,4,CAP-G300-B480-e0,capped,300.0,480.0,0.0,0.0,270.0,186.126948,171.631136,0.3490920708703114,261.18647754,46.17291578
1,2,4,CAP-G300-B480-e0.25,capped,300.0,480.0,0.25,0.0,300.0,172.03719,212.065268,0.4146216955352295,261.18647754,46.17291578
1,2,4,CAP-G300-B480-e0.5,capped,300.0,480.0,0.5,0.0,300.0,172.03719,212.065268,0.4146216955352295,261.18647754,46.17291578
1,2,4,CAP-G300-B480-e0.75,capped,300.0,480.0,0.75,0.0,300.0,172.03719,212.065268,0.4146216955352295,261.18647754,46.17291578
1,2,4,CAP-G300-B480-e0.9,capped,300.0,480.0,0.9,0.0,300.0,172.03719,212.065268,0.4146216955352295,261.18647754,46.17291578
1,2,4,CAP-G300-B480-e0.95,capped,300.0,480.0,0.95,0.0,300.0,172.03719,212.065268,0.4146216955352295,261.18647754,46.17291578
1,2,4,HYB-G300-B0-g1-e0,hybrid,300.0,0.0,0.0,1.0,300.0,203.58120401999997,48.506433,0.26791460523917804,261.18647754,46.17291578
1,2,4,HYB-G300-B0-g1-e0.9,hybrid,300.0,0.0,0.9,1.0,300.0,171.86419995999967,212.065268,0.41542624962281505,261.18647754,46.17291578
1,2,4,HYB-G300-B0-g4-e0,hybrid,300.0,0.0,0.0,4.0,300.0,179.31962119999997,52.387859,0.3807520589393357,261.18647754,46.17291578
1,2,4,HYB-G300-B0-g4-e0.9,hybrid,300.0,0.0,0.9,4.0,300.0,171.8520522999998,212.065268,0.41548274680327396,261.18647754,46.17291578
1,2,4,HYB-G300-B0-g16-e0,hybrid,300.0,0.0,0.0,16.0,300.0,172.192086,84.20897099999999,0.4139012944650269,261.18647754,46.17291578
1,2,4,HYB-G300-B0-g16-e0.9,hybrid,300.0,0.0,0.9,16.0,300.0,172.03719,212.065268,0.4146216955352295,261.18647754,46.17291578
1,2,4,HYB-G300-B30-g1-e0,hybrid,300.0,30.0,0.0,1.0,300.0,200.19541087999988,64.089812,0.2836614870278688,261.18647754,46.17291578
1,2,4,HYB-G300-B30-g1-e0.9,hybrid,300.0,30.0,0.9,1.0,300.0,171.90148475999962,212.065268,0.41525284288653874,261.18647754,46.17291578
1,2,4,HYB-G300-B30-g4-e0,hybrid,300.0,30.0,0.0,4.0,300.0,176.7681617199999,64.160909,0.39261856381984195,261.18647754,46.17291578
1,2,4,HYB-G300-B30-g4-e0.9,hybrid,300.0,30.0,0.9,4.0,300.0,172.00667055999975,212.065268,0.4147636374655452,261.18647754,46.17291578
1,2,4,HYB-G300-B30-g16-e0,hybrid,300.0,30.0,0.0,16.0,300.0,171.6758582599997,104.915454,0.4163022022764909,261.18647754,46.17291578
1,2,4,HYB-G300-B30-g16-e0.9,hybrid,300.0,30.0,0.9,16.0,300.0,172.03719,212.065268,0.4146216955352295,261.18647754,46.17291578
1,2,4,HYB-G300-B120-g1-e0,hybrid,300.0,120.0,0.0,1.0,300.0,189.42940649999932,81.52461,0.3337327676107079,261.18647754,46.17291578
1,2,4,HYB-G300-B120-g1-e0.9,hybrid,300.0,120.0,0.9,1.0,300.0,172.03719,212.065268,0.4146216955352295,261.18647754,46.17291578
1,2,4,HYB-G300-B120-g4-e0,hybrid,300.0,120.0,0.0,4.0,300.0,172.77833331999992,84.239632,0.4111747347299051,261.18647754,46.17291578
1,2,4,HYB-G300-B120-g4-e0.9,hybrid,300.0,120.0,0.9,4.0,300.0,172.03719,212.065268,0.4146216955352295,261.18647754,46.17291578
1,2,4,HYB-G300-B120-g16-e0,hybrid,300.0,120.0,0.0,16.0,300.0,172.192086,116.869479,0.4139012944650269,261.18647754,46.17291578
1,2,4,HYB-G300-B120-g16-e0.9,hybrid,300.0,120.0,0.9,16.0,300.0,172.03719,212.065268,0.4146216955352295,261.18647754,46.17291578
1,2,4,FIXEQ-G600,fixed,600.0,inf,0.0,0.0,600.0,94.27459493999946,470.221494,0.7762853711818839,261.18647754,46.17291578
1,2,4,CAP-G600-B0-e0,capped,600.0,0.0,0.0,0.0,150.0,261.18647754,0.0,0.0,261.18647754,46.17291578
1,2,4,CAP-G600-B0-e0.25,capped,600.0,0.0,0.25,0.0,200.0,205.24795771999996,88.071859,0.2601627514195551,261.18647754,46.17291578
1,2,4,CAP-G600-B0-e0.5,capped,600.0,0.0,0.5,0.0,300.0,126.08146009999989,94.446748,0.6283557945559056,261.18647754,46.17291578
1,2,4,CAP-G600-B0-e0.75,capped,600.0,0.0,0.75,0.0,600.0,100.40159783999998,173.432647,0.747789480737357,261.18647754,46.17291578
1,2,4,CAP-G600-B0-e0.9,capped,600.0,0.0,0.9,0.0,600.0,94.5712342999998,358.921846,0.7749057402526897,261.18647754,46.17291578
1,2,4,CAP-G600-B0-e0.95,capped,600.0,0.0,0.95,0.0,600.0,94.27439135999943,366.843384,0.7762863180058813,261.18647754,46.17291578
1,2,4,CAP-G600-B15-e0,capped,600.0,15.0,0.0,0.0,153.75,261.88688645999997,48.506433,-0.0032575104298852324,261.18647754,46.17291578
1,2,4,CAP-G600-B15-e0.25,capped,600.0,15.0,0.25,0.0,205.0,186.56068005999984,70.935653,0.34707483969452174,261.18647754,46.17291578
1,2,4,CAP-G600-B15-e0.5,capped,600.0,15.0,0.5,0.0,307.5,125.17065233999944,93.832522,0.6325918425174623,261.18647754,46.17291578
1,2,4,CAP-G600-B15-e0.75,capped,600.0,15.0,0.75,0.0,600.0,98.34872285999971,212.083511,0.7573371342118465,261.18647754,46.17291578
1,2,4,CAP-G600-B15-e0.9,capped,600.0,15.0,0.9,0.0,600.0,95.26039449999986,358.921846,0.771700546150704,261.18647754,46.17291578
1,2,4,CAP-G600-B15-e0.95,capped,600.0,15.0,0.95,0.0,600.0,94.09951873999995,470.221494,0.7770996277272219,261.18647754,46.17291578
1,2,4,CAP-G600-B30-e0,capped,600.0,30.0,0.0,0.0,157.5,262.6621122599999,62.108482,-0.006862984399314397,261.18647754,46.17291578
1,2,4,CAP-G600-B30-e0.25,capped,600.0,30.0,0.25,0.0,210.0,182.16654671999981,67.229342,0.3675113800877496,261.18647754,46.17291578
1,2,4,CAP-G600-B30-e0.5,capped,600.0,30.0,0.5,0.0,315.0,124.19766143999959,101.31038,0.6371170961434912,261.18647754,46.17291578
1,2,4,CAP-G600-B30-e0.75,capped,600.0,30.0,0.75,0.0,600.0,98.26257962,216.809921,0.7577377751727915,261.18647754,46.17291578
1,2,4,CAP-G600-B30-e0.9,capped,600.0,30.0,0.9,0.0,600.0,95.54575931999966,358.921846,0.7703733516348608,261.18647754,46.17291578
1,2,4,CAP-G600-B30-e0.95,capped,600.0,30.0,0.95,0.0,600.0,94.38704563999993,470.221494,0.7757623776596149,261.18647754,46.17291578
1,2,4,CAP-G600-B60-e0,capped,600.0,60.0,0.0,0.0,165.0,263.8840713199999,66.572484,-0.012546156428081488,261.18647754,46.17291578
1,2,4,CAP-G600-B60-e0.25,capped,600.0,60.0,0.25,0.0,220.0,175.09723237999975,77.486474,0.40038983799586464,261.18647754,46.17291578
1,2,4,CAP-G600-B60-e0.5,capped,600.0,60.0,0.5,0.0,330.0,120.25255267999927,116.207409,0.6554652818472557,261.18647754,46.17291578
1,2,4,CAP-G600-B60-e0.75,capped,600.0,60.0,0.75,0.0,600.0,98.12363859999999,254.958484,0.7583839717143617,261.18647754,46.17291578
1,2,4,CAP-G600-B60-e0.9,capped,600.0,60.0,0.9,0.0,600.0,94.88842047999962,358.921846,0.773430548746612,261.18647754,46.17291578
1,2,4,CAP-G600-B60-e0.95,capped,600.0,60.0,0.95,0.0,600.0,94.31607327999976,470.221494,0.7760924608386444,261.18647754,46.17291578
1,2,4,CAP-G600-B120-e0,capped,600.0,120.0,0.0,0.0,180.0,259.9619079399998,81.52461,0.005695313309432536,261.18647754,46.17291578
1,2,4,CAP-G600-B120-e0.25,capped,600.0,120.0,0.25,0.0,240.0,163.255953,104.953513,0.45546208219791684,261.18647754,46.17291578
1,2,4,CAP-G600-B120-e0.5,capped,600.0,120.0,0.5,0.0,360.0,114.37798915999996,171.631136,0.68278710969808,261.18647754,46.17291578
1,2,4,CAP-G600-B120-e0.75,capped,600.0,120.0,0.75,0.0,600.0,97.0838833399996,293.45379,0.7632197376608882,261.18647754,46.17291578
1,2,4,CAP-G600-B120-e0.9,capped,600.0,120.0,0.9,0.0,600.0,94.33095441999993,470.221494,0.7760232505996326,261.18647754,46.17291578
1,2,4,CAP-G600-B120-e0.95,capped,600.0,120.0,0.95,0.0,600.0,94.27459493999946,470.221494,0.7762853711818839,261.18647754,46.17291578
1,2,4,CAP-G600-B240-e0,capped,600.0,240.0,0.0,0.0,210.0,234.59759461999943,104.953513,0.12366142257426213,261.18647754,46.17291578
1,2,4,CAP-G600-B240-e0.25,capped,600.0,240.0,0.25,0.0,280.0,147.23254035999972,150.008849,0.5299848821033747,261.18647754,46.17291578
1,2,4,CAP-G600-B240-e0.5,capped,600.0,240.0,0.5,0.0,420.0,102.27050923999968,216.809921,0.7390974178521059,261.18647754,46.17291578
1,2,4,CAP-G600-B240-e0.75,capped,600.0,240.0,0.75,0.0,600.0,94.70506699999972,358.921846,0.7742833018404126,261.18647754,46.17291578
1,2,4,CAP-G600-B240-e0.9,capped,600.0,240.0,0.9,0.0,600.0,94.27459493999946,470.221494,0.7762853711818839,261.18647754,46.17291578
1,2,4,CAP-G600-B240-e0.95,capped,600.0,240.0,0.95,0.0,600.0,94.27459493999946,470.221494,0.7762853711818839,261.18647754,46.17291578
1,2,4,CAP-G600-B360-e0,capped,600.0,360.0,0.0,0.0,240.0,207.37110611999975,137.97494,0.2502882654447138,261.18647754,46.17291578
1,2,4,CAP-G600-B360-e0.25,capped,600.0,360.0,0.25,0.0,320.0,134.74235909999905,177.464769,0.5880750842178921,261.18647754,46.17291578
1,2,4,CAP-G600-B360-e0.5,capped,600.0,360.0,0.5,0.0,480.0,99.26094463999988,283.58979500000004,0.7530945098279094,261.18647754,46.17291578
1,2,4,CAP-G600-B360-e0.75,capped,600.0,360.0,0.75,0.0,600.0,94.43560525999989,470.221494,0.7755365332077466,261.18647754,46.17291578
1,2,4,CAP-G600-B360-e0.9,capped,600.0,360.0,0.9,0.0,600.0,94.27459493999946,470.221494,0.7762853711818839,261.18647754,46.17291578
1,2,4,CAP-G600-B360-e0.95,capped,600.0,360.0,0.95,0.0,600.0,94.27459493999946,470.221494,0.7762853711818839,261.18647754,46.17291578
1,2,4,CAP-G600-B480-e0,capped,600.0,480.0,0.0,0.0,270.0,186.126948,171.631136,0.3490920708703114,261.18647754,46.17291578
1,2,4,CAP-G600-B480-e0.25,capped,600.0,480.0,0.25,0.0,360.0,120.98386695999942,217.42814099999998,0.6520640346235272,261.18647754,46.17291578
1,2,4,CAP-G600-B480-e0.5,capped,600.0,480.0,0.5,0.0,540.0,96.20831277999967,328.40301000000005,0.767291902006397,261.18647754,46.17291578
1,2,4,CAP-G600-B480-e0.75,capped,600.0,480.0,0.75,0.0,600.0,94.27459493999946,470.221494,0.7762853711818839,261.18647754,46.17291578
1,2,4,CAP-G600-B480-e0.9,capped,600.0,480.0,0.9,0.0,600.0,94.27459493999946,470.221494,0.7762853711818839,261.18647754,46.17291578
1,2,4,CAP-G600-B480-e0.95,capped,600.0,480.0,0.95,0.0,600.0,94.27459493999946,470.221494,0.7762853711818839,261.18647754,46.17291578
1,2,4,CAP-G600-B600-e0,capped,600.0,600.0,0.0,0.0,300.0,172.03719,212.065268,0.4146216955352295,261.18647754,46.17291578
1,2,4,CAP-G600-B600-e0.25,capped,600.0,600.0,0.25,0.0,400.0,111.80325787999983,283.453074,0.6947618486816335,261.18647754,46.17291578
1,2,4,CAP-G600-B600-e0.5,capped,600.0,600.0,0.5,0.0,600.0,94.67873904000001,358.921846,0.774405749744555,261.18647754,46.17291578
1,2,4,CAP-G600-B600-e0.75,capped,600.0,600.0,0.75,0.0,600.0,94.27459493999946,470.221494,0.7762853711818839,261.18647754,46.17291578
1,2,4,CAP-G600-B600-e0.9,capped,600.0,600.0,0.9,0.0,600.0,94.27459493999946,470.221494,0.7762853711818839,261.18647754,46.17291578
1,2,4,CAP-G600-B600-e0.95,capped,600.0,600.0,0.95,0.0,600.0,94.27459493999946,470.221494,0.7762853711818839,261.18647754,46.17291578
1,2,4,HYB-G600-B0-g1-e0,hybrid,600.0,0.0,0.0,1.0,600.0,191.2068198599999,48.506433,0.3254662501619874,261.18647754,46.17291578
1,2,4,HYB-G600-B0-g1-e0.9,hybrid,600.0,0.0,0.9,1.0,600.0,94.72279577999977,358.921846,0.7742008475995965,261.18647754,46.17291578
1,2,4,HYB-G600-B0-g4-e0,hybrid,600.0,0.0,0.0,4.0,600.0,141.98546855999976,71.044501,0.5543883279002346,261.18647754,46.17291578
1,2,4,HYB-G600-B0-g4-e0.9,hybrid,600.0,0.0,0.9,4.0,600.0,94.3872148999999,358.921846,0.7757615904534565,261.18647754,46.17291578
1,2,4,HYB-G600-B0-g16-e0,hybrid,600.0,0.0,0.0,16.0,600.0,103.46033987999985,84.20897099999999,0.7335636709095374,261.18647754,46.17291578
1,2,4,HYB-G600-B0-g16-e0.9,hybrid,600.0,0.0,0.9,16.0,600.0,94.30108345999898,458.01410500000003,0.7761621765341478,261.18647754,46.17291578
1,2,4,HYB-G600-B30-g1-e0,hybrid,600.0,30.0,0.0,1.0,600.0,187.2061473999999,64.089812,0.34407285537912985,261.18647754,46.17291578
1,2,4,HYB-G600-B30-g1-e0.9,hybrid,600.0,30.0,0.9,1.0,600.0,94.61489921999997,358.921846,0.7747026604113867,261.18647754,46.17291578
1,2,4,HYB-G600-B30-g4-e0,hybrid,600.0,30.0,0.0,4.0,600.0,139.36344071999972,78.896813,0.5665830370085223,261.18647754,46.17291578
1,2,4,HYB-G600-B30-g4-e0.9,hybrid,600.0,30.0,0.9,4.0,600.0,94.32331687999995,358.921846,0.7760587718008883,261.18647754,46.17291578
1,2,4,HYB-G600-B30-g16-e0,hybrid,600.0,30.0,0.0,16.0,600.0,103.02410209999972,104.915454,0.73559255586186,261.18647754,46.17291578
1,2,4,HYB-G600-B30-g16-e0.9,hybrid,600.0,30.0,0.9,16.0,600.0,94.27119438,451.641116,0.7763011867424078,261.18647754,46.17291578
1,2,4,HYB-G600-B120-g1-e0,hybrid,600.0,120.0,0.0,1.0,600.0,175.22131333999965,81.52461,0.3998127536529784,261.18647754,46.17291578
1,2,4,HYB-G600-B120-g1-e0.9,hybrid,600.0,120.0,0.9,1.0,600.0,94.3113915199999,470.221494,0.7761142350930751,261.18647754,46.17291578
1,2,4,HYB-G600-B120-g4-e0,hybrid,600.0,120.0,0.0,4.0,600.0,133.00367401999972,94.146947,0.5961614814933349,261.18647754,46.17291578
1,2,4,HYB-G600-B120-g4-e0.9,hybrid,600.0,120.0,0.9,4.0,600.0,94.28625375999987,470.221494,0.7762311475324315,261.18647754,46.17291578
1,2,4,HYB-G600-B120-g16-e0,hybrid,600.0,120.0,0.0,16.0,600.0,99.95863153999997,116.869479,0.7498496591576114,261.18647754,46.17291578
1,2,4,HYB-G600-B120-g16-e0.9,hybrid,600.0,120.0,0.9,16.0,600.0,94.27459493999946,470.221494,0.7762853711818839,261.18647754,46.17291578
1,2,4,CAP-G1200-B0-e0,capped,1200.0,0.0,0.0,0.0,150.0,261.18647754,0.0,0.0,261.18647754,46.17291578
1,2,4,CAP-G1200-B0-e0.25,capped,1200.0,0.0,0.25,0.0,200.0,205.24795771999996,88.071859,0.2601627514195551,261.18647754,46.17291578
1,2,4,CAP-G1200-B0-e0.5,capped,1200.0,0.0,0.5,0.0,300.0,123.01908235999997,94.446748,0.6425985135496879,261.18647754,46.17291578
1,2,4,CAP-G1200-B0-e0.75,capped,1200.0,0.0,0.75,0.0,600.0,88.40271005999989,173.432647,0.8035947410278372,261.18647754,46.17291578
1,2,4,CAP-G1200-B0-e0.9,capped,1200.0,0.0,0.9,0.0,1200.0,80.2649529199998,358.921846,0.8414423868850949,261.18647754,46.17291578
1,2,4,CAP-G1200-B0-e0.95,capped,1200.0,0.0,0.95,0.0,1200.0,80.65133881999948,366.843384,0.8396453565171643,261.18647754,46.17291578
1,2,4,CAP-G1200-B15-e0.25,capped,1200.0,15.0,0.25,0.0,205.0,186.56068005999984,70.935653,0.34707483969452174,261.18647754,46.17291578
1,2,4,CAP-G1200-B15-e0.5,capped,1200.0,15.0,0.5,0.0,307.5,121.59738684,93.832522,0.6492106337730014,261.18647754,46.17291578
1,2,4,CAP-G1200-B15-e0.75,capped,1200.0,15.0,0.75,0.0,615.0,86.94885693999977,212.083511,0.8103564220497206,261.18647754,46.17291578
1,2,4,CAP-G1200-B15-e0.9,capped,1200.0,15.0,0.9,0.0,1200.0,81.89687799999972,358.921846,0.8338525164292886,261.18647754,46.17291578
1,2,4,CAP-G1200-B15-e0.95,capped,1200.0,15.0,0.95,0.0,1200.0,80.53392765999972,470.221494,0.8401914204911697,261.18647754,46.17291578
1,2,4,CAP-G1200-B30-e0.25,capped,1200.0,30.0,0.25,0.0,210.0,182.16654671999981,67.229342,0.3675113800877496,261.18647754,46.17291578
1,2,4,CAP-G1200-B30-e0.5,capped,1200.0,30.0,0.5,0.0,315.0,120.37504637999925,101.31038,0.6548955796433701,261.18647754,46.17291578
1,2,4,CAP-G1200-B30-e0.75,capped,1200.0,30.0,0.75,0.0,630.0,86.6341052199997,216.809921,0.8118202912002228,261.18647754,46.17291578
1,2,4,CAP-G1200-B30-e0.9,capped,1200.0,30.0,0.9,0.0,1200.0,81.2756739799998,358.921846,0.8367416552115824,261.18647754,46.17291578
1,2,4,CAP-G1200-B30-e0.95,capped,1200.0,30.0,0.95,0.0,1200.0,80.38110955999979,542.577248,0.8409021575197974,261.18647754,46.17291578
1,2,4,CAP-G1200-B60-e0.25,capped,1200.0,60.0,0.25,0.0,220.0,175.09723237999975,77.486474,0.40038983799586464,261.18647754,46.17291578
1,2,4,CAP-G1200-B60-e0.5,capped,1200.0,60.0,0.5,0.0,330.0,117.40602229999988,116.207409,0.6687041229542958,261.18647754,46.17291578
1,2,4,CAP-G1200-B60-e0.75,capped,1200.0,60.0,0.75,0.0,660.0,86.67351183999995,254.958484,0.8116370161561852,261.18647754,46.17291578
1,2,4,CAP-G1200-B60-e0.9,capped,1200.0,60.0,0.9,0.0,1200.0,80.8370949399999,358.921846,0.83878142905845,261.18647754,46.17291578
1,2,4,CAP-G1200-B60-e0.95,capped,1200.0,60.0,0.95,0.0,1200.0,80.4439452799997,541.311937,0.8406099167909542,261.18647754,46.17291578
1,2,4,CAP-G1200-B120-e0.25,capped,1200.0,120.0,0.25,0.0,240.0,163.255953,104.953513,0.45546208219791684,261.18647754,46.17291578
1,2,4,CAP-G1200-B120-e0.5,capped,1200.0,120.0,0.5,0.0,360.0,110.26676365999978,171.631136,0.7019078826686203,261.18647754,46.17291578
1,2,4,CAP-G1200-B120-e0.75,capped,1200.0,120.0,0.75,0.0,720.0,84.17075405999996,293.45379,0.8232770157892947,261.18647754,46.17291578
1,2,4,CAP-G1200-B120-e0.9,capped,1200.0,120.0,0.9,0.0,1200.0,80.49001697999978,482.199897,0.840395643330141,261.18647754,46.17291578
1,2,4,CAP-G1200-B120-e0.95,capped,1200.0,120.0,0.95,0.0,1200.0,80.2234888199999,631.66711,0.8416352309999523,261.18647754,46.17291578
1,2,4,CAP-G1200-B240-e0.25,capped,1200.0,240.0,0.25,0.0,280.0,147.23254035999972,150.008849,0.5299848821033747,261.18647754,46.17291578
1,2,4,CAP-G1200-B240-e0.5,capped,1200.0,240.0,0.5,0.0,420.0,97.04579563999962,216.809921,0.7633968785802246,261.18647754,46.17291578
1,2,4,CAP-G1200-B240-e0.75,capped,1200.0,240.0,0.75,0.0,840.0,81.5092271999998,358.921846,0.8356554296819542,261.18647754,46.17291578
1,2,4,CAP-G1200-B240-e0.9,capped,1200.0,240.0,0.9,0.0,1200.0,80.1683288199998,613.154853,0.8418917729573459,261.18647754,46.17291578
1,2,4,CAP-G1200-B240-e0.95,capped,1200.0,240.0,0.95,0.0,1200.0,80.14174037999996,633.537584,0.8420154323199563,261.18647754,46.17291578
1,2,4,CAP-G1200-B360-e0.25,capped,1200.0,360.0,0.25,0.0,320.0,134.74235909999905,177.464769,0.5880750842178921,261.18647754,46.17291578
1,2,4,CAP-G1200-B360-e0.5,capped,1200.0,360.0,0.5,0.0,480.0,92.91563351999993,283.58979500000004,0.7826057232977027,261.18647754,46.17291578
1,2,4,CAP-G1200-B360-e0.75,capped,1200.0,360.0,0.75,0.0,960.0,80.10486361999966,470.221494,0.8421869413154748,261.18647754,46.17291578
1,2,4,CAP-G1200-B360-e0.9,capped,1200.0,360.0,0.9,0.0,1200.0,80.14174037999996,633.537584,0.8420154323199563,261.18647754,46.17291578
1,2,4,CAP-G1200-B360-e0.95,capped,1200.0,360.0,0.95,0.0,1200.0,80.14174037999996,633.537584,0.8420154323199563,261.18647754,46.17291578
1,2,4,CAP-G1200-B480-e0.25,capped,1200.0,480.0,0.25,0.0,360.0,121.28900063999951,217.42814099999998,0.6506448977211737,261.18647754,46.17291578
1,2,4,CAP-G1200-B480-e0.5,capped,1200.0,480.0,0.5,0.0,540.0,87.8457251399999,328.40301000000005,0.8061852051615448,261.18647754,46.17291578
1,2,4,CAP-G1200-B480-e0.75,capped,1200.0,480.0,0.75,0.0,1080.0,80.11372553999992,541.311937,0.8421457256827133,261.18647754,46.17291578
1,2,4,CAP-G1200-B480-e0.9,capped,1200.0,480.0,0.9,0.0,1200.0,80.14174037999996,633.537584,0.8420154323199563,261.18647754,46.17291578
1,2,4,CAP-G1200-B480-e0.95,capped,1200.0,480.0,0.95,0.0,1200.0,80.14174037999996,633.537584,0.8420154323199563,261.18647754,46.17291578
1,2,4,CAP-G1200-B600-e0.25,capped,1200.0,600.0,0.25,0.0,400.0,111.77582431999981,283.453074,0.6948894385870118,261.18647754,46.17291578
1,2,4,CAP-G1200-B600-e0.5,capped,1200.0,600.0,0.5,0.0,600.0,83.94641513999994,358.921846,0.8243203868127953,261.18647754,46.17291578
1,2,4,CAP-G1200-B600-e0.75,capped,1200.0,600.0,0.75,0.0,1200.0,79.31316071999974,607.877517,0.8458690481254796,261.18647754,46.17291578
1,2,4,CAP-G1200-B600-e0.9,capped,1200.0,600.0,0.9,0.0,1200.0,80.14174037999996,633.537584,0.8420154323199563,261.18647754,46.17291578
1,2,4,CAP-G1200-B600-e0.95,capped,1200.0,600.0,0.95,0.0,1200.0,80.14174037999996,633.537584,0.8420154323199563,261.18647754,46.17291578
1,2,4,HYB-G1200-B0-g1-e0,hybrid,1200.0,0.0,0.0,1.0,1200.0,189.85405273999956,48.506433,0.3317577933973407,261.18647754,46.17291578
1,2,4,HYB-G1200-B0-g1-e0.9,hybrid,1200.0,0.0,0.9,1.0,1200.0,80.17864561999984,358.921846,0.8418437908676787,261.18647754,46.17291578
1,2,4,HYB-G1200-B0-g4-e0,hybrid,1200.0,0.0,0.0,4.0,1200.0,137.71317471999967,71.044501,0.5742582086883538,261.18647754,46.17291578
1,2,4,HYB-G1200-B0-g4-e0.9,hybrid,1200.0,0.0,0.9,4.0,1200.0,80.32382885999934,358.921846,0.8411685625759788,261.18647754,46.17291578
1,2,4,HYB-G1200-B0-g16-e0,hybrid,1200.0,0.0,0.0,16.0,1200.0,93.05943289999989,84.20897099999999,0.781936931158161,261.18647754,46.17291578
1,2,4,HYB-G1200-B0-g16-e0.9,hybrid,1200.0,0.0,0.9,16.0,1200.0,80.27260513999985,458.08508900000004,0.8414067974090759,261.18647754,46.17291578
1,2,4,HYB-G1200-B30-g1-e0,hybrid,1200.0,30.0,0.0,1.0,1200.0,185.4455855999997,64.089812,0.35226099842270847,261.18647754,46.17291578
1,2,4,HYB-G1200-B30-g1-e0.9,hybrid,1200.0,30.0,0.9,1.0,1200.0,79.87472923999995,358.921846,0.8432572662666821,261.18647754,46.17291578
1,2,4,HYB-G1200-B30-g4-e0,hybrid,1200.0,30.0,0.0,4.0,1200.0,134.01834197999997,78.896813,0.591442393303294,261.18647754,46.17291578
1,2,4,HYB-G1200-B30-g4-e0.9,hybrid,1200.0,30.0,0.9,4.0,1200.0,80.05322591999966,358.921846,0.842427101515498,261.18647754,46.17291578
1,2,4,HYB-G1200-B30-g16-e0,hybrid,1200.0,30.0,0.0,16.0,1200.0,92.2552087199997,104.915454,0.7856772728064606,261.18647754,46.17291578
1,2,4,HYB-G1200-B30-g16-e0.9,hybrid,1200.0,30.0,0.9,16.0,1200.0,80.28759043999997,526.723892,0.8413371027355052,261.18647754,46.17291578
1,2,4,HYB-G1200-B120-g1-e0,hybrid,1200.0,120.0,0.0,1.0,1200.0,173.44060915999958,81.52461,0.40809457627581236,261.18647754,46.17291578
1,2,4,HYB-G1200-B120-g1-e0.9,hybrid,1200.0,120.0,0.9,1.0,1200.0,79.82950589999983,488.842183,0.8434675941159114,261.18647754,46.17291578
1,2,4,HYB-G1200-B120-g4-e0,hybrid,1200.0,120.0,0.0,4.0,1200.0,127.68515963999968,94.146947,0.6208971974010441,261.18647754,46.17291578
1,2,4,HYB-G1200-B120-g4-e0.9,hybrid,1200.0,120.0,0.9,4.0,1200.0,79.95388443999953,540.779285,0.8428891257673032,261.18647754,46.17291578
1,2,4,HYB-G1200-B120-g16-e0,hybrid,1200.0,120.0,0.0,16.0,1200.0,91.34312189999973,116.869479,0.7899192695090594,261.18647754,46.17291578
1,2,4,HYB-G1200-B120-g16-e0.9,hybrid,1200.0,120.0,0.9,16.0,1200.0,80.14174037999996,633.537584,0.8420154323199563,261.18647754,46.17291578
2,0,8,SJF,reference,-1.0,-1.0,-1.0,-1.0,inf,10.516682879999966,170.339788,1.0,26.189175059999922,10.516682879999966
2,0,8,SPJF-E,reference,-1.0,-1.0,-1.0,-1.0,inf,14.559358,121.556327,0.7420528226417629,26.189175059999922,10.516682879999966
2,0,8,FIX-B15,fixed,-1.0,15.0,0.0,0.0,168.75,20.919539399999888,46.085105999999996,0.33623469703974346,26.189175059999922,10.516682879999966
2,0,8,FIX-B17.99,fixed,-1.0,17.99,0.0,0.0,169.4975,20.34847181999994,46.085105999999996,0.37267227017368965,26.189175059999922,10.516682879999966
2,0,8,FIX-B21.576,fixed,-1.0,21.576,0.0,0.0,170.394,19.99498971999991,46.085105999999996,0.39522657078780105,26.189175059999922,10.516682879999966
2,0,8,FIX-B25.877,fixed,-1.0,25.877,0.0,0.0,171.46925,19.504095139999993,51.916278,0.4265486205525704,26.189175059999922,10.516682879999966
2,0,8,FIX-B30,fixed,-1.0,30.0,0.0,0.0,172.5,19.191109819999987,55.40266,0.446518981131178,26.189175059999922,10.516682879999966
2,0,8,FIX-B31.035,fixed,-1.0,31.035,0.0,0.0,172.75875,19.148578519999997,55.835415999999995,0.4492327358749363,26.189175059999922,10.516682879999966
2,0,8,FIX-B37.222,fixed,-1.0,37.222,0.0,0.0,174.3055,18.757039499999944,56.307748,0.4742152986673239,26.189175059999922,10.516682879999966
2,0,8,FIX-B44.641,fixed,-1.0,44.641,0.0,0.0,176.16025,18.69522304,56.991096,0.47815956351620553,26.189175059999922,10.516682879999966
2,0,8,FIX-B53.54,fixed,-1.0,53.54,0.0,0.0,178.385,18.446197939999983,58.512288,0.494048874363513,26.189175059999922,10.516682879999966
2,0,8,FIX-B60,fixed,-1.0,60.0,0.0,0.0,180.0,18.17713565999999,58.512288,0.5112166787503195,26.189175059999922,10.516682879999966
2,0,8,FIX-B64.212,fixed,-1.0,64.212,0.0,0.0,181.053,17.977778,58.512288,0.5239369058661061,26.189175059999922,10.516682879999966
2,0,8,FIX-B77.012,fixed,-1.0,77.012,0.0,0.0,184.253,17.51295313999996,61.230595,0.5535955494731014,26.189175059999922,10.516682879999966
2,0,8,FIX-B92.363,fixed,-1.0,92.363,0.0,0.0,188.09075,17.07581325999992,65.86533600000001,0.5814877235434057,26.189175059999922,10.516682879999966
2,0,8,FIX-B110.774,fixed,-1.0,110.774,0.0,0.0,192.6935,16.768994799999994,69.30815100000001,0.601064601073545,26.189175059999922,10.516682879999966
2,0,8,FIX-B120,fixed,-1.0,120.0,0.0,0.0,195.0,16.545184499999994,72.179012,0.615345054841173,26.189175059999922,10.516682879999966
2,0,8,FIX-B132.855,fixed,-1.0,132.855,0.0,0.0,198.21375,16.300528,74.468731,0.630955622528181,26.189175059999922,10.516682879999966
2,0,8,FIX-B159.338,fixed,-1.0,159.338,0.0,0.0,204.8345,15.991416239999994,78.19726700000001,0.6506788264991787,26.189175059999922,10.516682879999966
2,0,8,FIX-B191.099,fixed,-1.0,191.099,0.0,0.0,212.77474999999998,15.87759399999999,78.19726700000001,0.6579413753454469,26.189175059999922,10.516682879999966
2,0,8,FIX-B229.192,fixed,-1.0,229.192,0.0,0.0,222.298,15.658104959999974,78.898721,0.6719461065317295,26.189175059999922,10.516682879999966
2,0,8,FIX-B240,fixed,-1.0,240.0,0.0,0.0,225.0,15.580594859999954,99.216295,0.6768917207397195,26.189175059999922,10.516682879999966
2,0,8,FIX-B274.878,fixed,-1.0,274.878,0.0,0.0,233.71949999999998,15.32189235999998,100.230566,0.6933985083666491,26.189175059999922,10.516682879999966
2,0,8,FIX-B329.671,fixed,-1.0,329.671,0.0,0.0,247.41775,15.12462,100.40765099999999,0.7059856807023752,26.189175059999922,10.516682879999966
2,0,8,FIX-B360,fixed,-1.0,360.0,0.0,0.0,255.0,15.08023057999998,100.537438,0.7088179947651422,26.189175059999922,10.516682879999966
2,0,8,FIX-B395.386,fixed,-1.0,395.386,0.0,0.0,263.8465,15.03174,103.765089,0.7119119876951155,26.189175059999922,10.516682879999966
2,0,8,FIX-B474.201,fixed,-1.0,474.201,0.0,0.0,283.55025,14.972521359999991,119.50349299999999,0.7156904958812979,26.189175059999922,10.516682879999966
2,0,8,FIX-B480,fixed,-1.0,480.0,0.0,0.0,285.0,14.960628959999916,120.96709299999999,0.7164493030871646,26.189175059999922,10.516682879999966
2,0,8,FIX-B568.726,fixed,-1.0,568.726,0.0,0.0,307.1815,14.851608539999933,121.556327,0.7234054667111673,26.189175059999922,10.516682879999966
2,0,8,FIX-B600,fixed,-1.0,600.0,0.0,0.0,315.0,14.863089,121.556327,0.722672943774278,26.189175059999922,10.516682879999966
2,0,8,FIX-B682.093,fixed,-1.0,682.093,0.0,0.0,335.52324999999996,14.795807839999966,121.556327,0.7269658896074809,26.189175059999922,10.516682879999966
2,0,8,FIX-B818.058,fixed,-1.0,818.058,0.0,0.0,369.5145,14.834881,121.556327,0.7244727851572585,26.189175059999922,10.516682879999966
2,0,8,FIX-B981.126,fixed,-1.0,981.126,0.0,0.0,410.2815,14.834846259999996,121.556327,0.7244750017798355,26.189175059999922,10.516682879999966
2,0,8,FIX-B1176.7,fixed,-1.0,1176.699,0.0,0.0,459.17475,14.766741239999984,121.556327,0.7288205148748698,26.189175059999922,10.516682879999966
2,0,8,FIX-B1411.26,fixed,-1.0,1411.256,0.0,0.0,517.8140000000001,14.68661768,121.556327,0.7339328836723628,26.189175059999922,10.516682879999966
2,0,8,FIX-B1692.57,fixed,-1.0,1692.569,0.0,0.0,588.14225,14.674852759999965,121.556327,0.7346835568815061,26.189175059999922,10.516682879999966
2,0,8,FIX-B2029.96,fixed,-1.0,2029.958,0.0,0.0,672.4895,14.667343439999994,121.556327,0.7351626970152975,26.189175059999922,10.516682879999966
2,0,8,FIX-B2434.6,fixed,-1.0,2434.6,0.0,0.0,773.65,14.66022307999999,121.556327,0.7356170191434074,26.189175059999922,10.516682879999966
2,0,8,FIX-B2919.9,fixed,-1.0,2919.901,0.0,0.0,894.97525,14.613665519999962,121.556327,0.73858767368037,26.189175059999922,10.516682879999966
2,0,8,FIX-B3501.94,fixed,-1.0,3501.94,0.0,0.0,1040.4850000000001,14.59311693999999,121.556327,0.7398987976397232,26.189175059999922,10.516682879999966
2,0,8,FIX-B4200,fixed,-1.0,4200.0,0.0,0.0,1215.0,14.559358,121.556327,0.7420528226417629,26.189175059999922,10.516682879999966
2,0,8,FIXEQ-G300,fixed,300.0,inf,0.0,0.0,300.0,14.884994199999987,121.556327,0.7212752592357629,26.189175059999922,10.516682879999966
2,0,8,CAP-G300-B0-e0,capped,300.0,0.0,0.0,0.0,165.0,26.189175059999922,0.0,0.0,26.189175059999922,10.516682879999966
2,0,8,CAP-G300-B0-e0.25,capped,300.0,0.0,0.25,0.0,220.0,17.2631783999999,58.512288,0.5695326918963596,26.189175059999922,10.516682879999966
2,0,8,CAP-G300-B0-e0.5,capped,300.0,0.0,0.5,0.0,300.0,15.754878759999968,82.224051,0.665771351496695,26.189175059999922,10.516682879999966
2,0,8,CAP-G300-B0-e0.75,capped,300.0,0.0,0.75,0.0,300.0,15.09950475999995,78.19726700000001,0.7075881852505733,26.189175059999922,10.516682879999966
2,0,8,CAP-G300-B0-e0.9,capped,300.0,0.0,0.9,0.0,300.0,14.978708919999976,78.19726700000001,0.7152956920473625,26.189175059999922,10.516682879999966
2,0,8,CAP-G300-B0-e0.95,capped,300.0,0.0,0.95,0.0,300.0,14.916863799999968,78.19726700000001,0.7192417855779709,26.189175059999922,10.516682879999966
2,0,8,CAP-G300-B15-e0,capped,300.0,15.0,0.0,0.0,168.75,20.919539399999888,46.085105999999996,0.33623469703974346,26.189175059999922,10.516682879999966
2,0,8,CAP-G300-B15-e0.25,capped,300.0,15.0,0.25,0.0,225.0,16.927669239999982,61.051439,0.5909402099953681,26.189175059999922,10.516682879999966
2,0,8,CAP-G300-B15-e0.5,capped,300.0,15.0,0.5,0.0,300.0,15.844415439999997,78.19726700000001,0.6600583685855094,26.189175059999922,10.516682879999966
2,0,8,CAP-G300-B15-e0.75,capped,300.0,15.0,0.75,0.0,300.0,15.023439,78.19726700000001,0.7124416418116823,26.189175059999922,10.516682879999966
2,0,8,CAP-G300-B15-e0.9,capped,300.0,15.0,0.9,0.0,300.0,14.892429799999993,78.19726700000001,0.7208008228848234,26.189175059999922,10.516682879999966
2,0,8,CAP-G300-B15-e0.95,capped,300.0,15.0,0.95,0.0,300.0,14.884994199999987,109.88670599999999,0.7212752592357629,26.189175059999922,10.516682879999966
2,0,8,CAP-G300-B30-e0,capped,300.0,30.0,0.0,0.0,172.5,19.191109819999987,55.40266,0.446518981131178,26.189175059999922,10.516682879999966
2,0,8,CAP-G300-B30-e0.25,capped,300.0,30.0,0.25,0.0,230.0,16.852605979999925,66.22549000000001,0.5957297009798236,26.189175059999922,10.516682879999966
2,0,8,CAP-G300-B30-e0.5,capped,300.0,30.0,0.5,0.0,300.0,15.513694499999984,78.19726700000001,0.6811603692246965,26.189175059999922,10.516682879999966
2,0,8,CAP-G300-B30-e0.75,capped,300.0,30.0,0.75,0.0,300.0,14.935767759999983,78.19726700000001,0.7180355983434902,26.189175059999922,10.516682879999966
2,0,8,CAP-G300-B30-e0.9,capped,300.0,30.0,0.9,0.0,300.0,14.884994199999987,100.60345299999999,0.7212752592357629,26.189175059999922,10.516682879999966
2,0,8,CAP-G300-B30-e0.95,capped,300.0,30.0,0.95,0.0,300.0,14.884994199999987,121.556327,0.7212752592357629,26.189175059999922,10.516682879999966
2,0,8,CAP-G300-B60-e0,capped,300.0,60.0,0.0,0.0,180.0,18.17713565999999,58.512288,0.5112166787503195,26.189175059999922,10.516682879999966
2,0,8,CAP-G300-B60-e0.25,capped,300.0,60.0,0.25,0.0,240.0,16.117649799999917,75.40926300000001,0.6426243602056169,26.189175059999922,10.516682879999966
2,0,8,CAP-G300-B60-e0.5,capped,300.0,60.0,0.5,0.0,300.0,15.14929521999999,78.19726700000001,0.7044112520973651,26.189175059999922,10.516682879999966
2,0,8,CAP-G300-B60-e0.75,capped,300.0,60.0,0.75,0.0,300.0,14.892716359999957,100.537438,0.7207825386198404,26.189175059999922,10.516682879999966
2,0,8,CAP-G300-B60-e0.9,capped,300.0,60.0,0.9,0.0,300.0,14.884994199999987,121.556327,0.7212752592357629,26.189175059999922,10.516682879999966
2,0,8,CAP-G300-B60-e0.95,capped,300.0,60.0,0.95,0.0,300.0,14.884994199999987,121.556327,0.7212752592357629,26.189175059999922,10.516682879999966
2,0,8,CAP-G300-B120-e0,capped,300.0,120.0,0.0,0.0,195.0,16.545184499999994,72.179012,0.615345054841173,26.189175059999922,10.516682879999966
2,0,8,CAP-G300-B120-e0.25,capped,300.0,120.0,0.25,0.0,260.0,15.43984533999991,78.19726700000001,0.6858723932698777,26.189175059999922,10.516682879999966
2,0,8,CAP-G300-B120-e0.5,capped,300.0,120.0,0.5,0.0,300.0,14.90870768,100.40765099999999,0.7197621954723448,26.189175059999922,10.516682879999966
2,0,8,CAP-G300-B120-e0.75,capped,300.0,120.0,0.75,0.0,300.0,14.884994199999987,121.556327,0.7212752592357629,26.189175059999922,10.516682879999966
2,0,8,CAP-G300-B120-e0.9,capped,300.0,120.0,0.9,0.0,300.0,14.884994199999987,121.556327,0.7212752592357629,26.189175059999922,10.516682879999966
2,0,8,CAP-G300-B120-e0.95,capped,300.0,120.0,0.95,0.0,300.0,14.884994199999987,121.556327,0.7212752592357629,26.189175059999922,10.516682879999966
2,0,8,CAP-G300-B240-e0,capped,300.0,240.0,0.0,0.0,225.0,15.580594859999954,99.216295,0.6768917207397195,26.189175059999922,10.516682879999966
2,0,8,CAP-G300-B240-e0.25,capped,300.0,240.0,0.25,0.0,300.0,14.906703099999946,100.46990299999999,0.7198900998271232,26.189175059999922,10.516682879999966
2,0,8,CAP-G300-B240-e0.5,capped,300.0,240.0,0.5,0.0,300.0,14.884994199999987,121.556327,0.7212752592357629,26.189175059999922,10.516682879999966
2,0,8,CAP-G300-B240-e0.75,capped,300.0,240.0,0.75,0.0,300.0,14.884994199999987,121.556327,0.7212752592357629,26.189175059999922,10.516682879999966
2,0,8,CAP-G300-B240-e0.9,capped,300.0,240.0,0.9,0.0,300.0,14.884994199999987,121.556327,0.7212752592357629,26.189175059999922,10.516682879999966
2,0,8,CAP-G300-B240-e0.95,capped,300.0,240.0,0.95,0.0,300.0,14.884994199999987,121.556327,0.7212752592357629,26.189175059999922,10.516682879999966
2,0,8,CAP-G300-B360-e0,capped,300.0,360.0,0.0,0.0,255.0,15.08023057999998,100.537438,0.7088179947651422,26.189175059999922,10.516682879999966
2,0,8,CAP-G300-B360-e0.25,capped,300.0,360.0,0.25,0.0,300.0,14.88346,121.15925999999999,0.7213731504953256,26.189175059999922,10.516682879999966
2,0,8,CAP-G300-B360-e0.5,capped,300.0,360.0,0.5,0.0,300.0,14.884994199999987,121.556327,0.7212752592357629,26.189175059999922,10.516682879999966
2,0,8,CAP-G300-B360-e0.75,capped,300.0,360.0,0.75,0.0,300.0,14.884994199999987,121.556327,0.7212752592357629,26.189175059999922,10.516682879999966
2,0,8,CAP-G300-B360-e0.9,capped,300.0,360.0,0.9,0.0,300.0,14.884994199999987,121.556327,0.7212752592357629,26.189175059999922,10.516682879999966
2,0,8,CAP-G300-B360-e0.95,capped,300.0,360.0,0.95,0.0,300.0,14.884994199999987,121.556327,0.7212752592357629,26.189175059999922,10.516682879999966
2,0,8,CAP-G300-B480-e0,capped,300.0,480.0,0.0,0.0,285.0,14.960628959999916,120.96709299999999,0.7164493030871646,26.189175059999922,10.516682879999966
2,0,8,CAP-G300-B480-e0.25,capped,300.0,480.0,0.25,0.0,300.0,14.884994199999987,121.556327,0.7212752592357629,26.189175059999922,10.516682879999966
2,0,8,CAP-G300-B480-e0.5,capped,300.0,480.0,0.5,0.0,300.0,14.884994199999987,121.556327,0.7212752592357629,26.189175059999922,10.516682879999966
2,0,8,CAP-G300-B480-e0.75,capped,300.0,480.0,0.75,0.0,300.0,14.884994199999987,121.556327,0.7212752592357629,26.189175059999922,10.516682879999966
2,0,8,CAP-G300-B480-e0.9,capped,300.0,480.0,0.9,0.0,300.0,14.884994199999987,121.556327,0.7212752592357629,26.189175059999922,10.516682879999966
2,0,8,CAP-G300-B480-e0.95,capped,300.0,480.0,0.95,0.0,300.0,14.884994199999987,121.556327,0.7212752592357629,26.189175059999922,10.516682879999966
2,0,8,HYB-G300-B0-g1-e0,hybrid,300.0,0.0,0.0,1.0,300.0,17.301866119999914,45.283992,0.5670641808544856,26.189175059999922,10.516682879999966
2,0,8,HYB-G300-B0-g1-e0.9,hybrid,300.0,0.0,0.9,1.0,300.0,14.895554519999992,78.19726700000001,0.7206014468083124,26.189175059999922,10.516682879999966
2,0,8,HYB-G300-B0-g4-e0,hybrid,300.0,0.0,0.0,4.0,300.0,15.429066879999954,56.405519,0.6865601243515821,26.189175059999922,10.516682879999966
2,0,8,HYB-G300-B0-g4-e0.9,hybrid,300.0,0.0,0.9,4.0,300.0,14.88513655999999,108.455748,0.7212661758048465,26.189175059999922,10.516682879999966
2,0,8,HYB-G300-B0-g16-e0,hybrid,300.0,0.0,0.0,16.0,300.0,14.853329919999998,58.512288,0.7232956322330069,26.189175059999922,10.516682879999966
2,0,8,HYB-G300-B0-g16-e0.9,hybrid,300.0,0.0,0.9,16.0,300.0,14.884994199999987,121.556327,0.7212752592357629,26.189175059999922,10.516682879999966
2,0,8,HYB-G300-B30-g1-e0,hybrid,300.0,30.0,0.0,1.0,300.0,16.332090859999997,56.275709,0.6289417207416945,26.189175059999922,10.516682879999966
2,0,8,HYB-G300-B30-g1-e0.9,hybrid,300.0,30.0,0.9,1.0,300.0,14.884994199999987,112.43886499999999,0.7212752592357629,26.189175059999922,10.516682879999966
2,0,8,HYB-G300-B30-g4-e0,hybrid,300.0,30.0,0.0,4.0,300.0,15.12881485999996,57.453642,0.7057180232072059,26.189175059999922,10.516682879999966
2,0,8,HYB-G300-B30-g4-e0.9,hybrid,300.0,30.0,0.9,4.0,300.0,14.884994199999987,121.556327,0.7212752592357629,26.189175059999922,10.516682879999966
2,0,8,HYB-G300-B30-g16-e0,hybrid,300.0,30.0,0.0,16.0,300.0,14.862641819999979,58.512288,0.722701476568864,26.189175059999922,10.516682879999966
2,0,8,HYB-G300-B30-g16-e0.9,hybrid,300.0,30.0,0.9,16.0,300.0,14.884994199999987,121.556327,0.7212752592357629,26.189175059999922,10.516682879999966
2,0,8,HYB-G300-B120-g1-e0,hybrid,300.0,120.0,0.0,1.0,300.0,15.354175219999966,73.097081,0.6913386662158785,26.189175059999922,10.516682879999966
2,0,8,HYB-G300-B120-g1-e0.9,hybrid,300.0,120.0,0.9,1.0,300.0,14.884994199999987,121.556327,0.7212752592357629,26.189175059999922,10.516682879999966
2,0,8,HYB-G300-B120-g4-e0,hybrid,300.0,120.0,0.0,4.0,300.0,14.884994199999987,73.88744799999999,0.7212752592357629,26.189175059999922,10.516682879999966
2,0,8,HYB-G300-B120-g4-e0.9,hybrid,300.0,120.0,0.9,4.0,300.0,14.884994199999987,121.556327,0.7212752592357629,26.189175059999922,10.516682879999966
2,0,8,HYB-G300-B120-g16-e0,hybrid,300.0,120.0,0.0,16.0,300.0,14.867187779999842,99.354008,0.7224114167655059,26.189175059999922,10.516682879999966
2,0,8,HYB-G300-B120-g16-e0.9,hybrid,300.0,120.0,0.9,16.0,300.0,14.884994199999987,121.556327,0.7212752592357629,26.189175059999922,10.516682879999966
2,0,8,FIXEQ-G600,fixed,600.0,inf,0.0,0.0,600.0,14.679430239999983,121.556327,0.7343914859110794,26.189175059999922,10.516682879999966
2,0,8,CAP-G600-B0-e0,capped,600.0,0.0,0.0,0.0,165.0,26.189175059999922,0.0,0.0,26.189175059999922,10.516682879999966
2,0,8,CAP-G600-B0-e0.25,capped,600.0,0.0,0.25,0.0,220.0,17.256528,58.512288,0.5699570277277973,26.189175059999922,10.516682879999966
2,0,8,CAP-G600-B0-e0.5,capped,600.0,0.0,0.5,0.0,330.0,15.64829961999997,82.224051,0.6725717466588637,26.189175059999922,10.516682879999966
2,0,8,CAP-G600-B0-e0.75,capped,600.0,0.0,0.75,0.0,600.0,14.88536543999997,78.19726700000001,0.7212515718734902,26.189175059999922,10.516682879999966
2,0,8,CAP-G600-B0-e0.9,capped,600.0,0.0,0.9,0.0,600.0,14.775215799999968,78.19726700000001,0.7282797865782688,26.189175059999922,10.516682879999966
2,0,8,CAP-G600-B0-e0.95,capped,600.0,0.0,0.95,0.0,600.0,14.729986279999935,78.19726700000001,0.7311657041133084,26.189175059999922,10.516682879999966
2,0,8,CAP-G600-B15-e0,capped,600.0,15.0,0.0,0.0,168.75,20.919539399999888,46.085105999999996,0.33623469703974346,26.189175059999922,10.516682879999966
2,0,8,CAP-G600-B15-e0.25,capped,600.0,15.0,0.25,0.0,225.0,16.924182899999963,61.051439,0.5911626596198426,26.189175059999922,10.516682879999966
2,0,8,CAP-G600-B15-e0.5,capped,600.0,15.0,0.5,0.0,337.5,15.675736,78.19726700000001,0.6708211393090611,26.189175059999922,10.516682879999966
2,0,8,CAP-G600-B15-e0.75,capped,600.0,15.0,0.75,0.0,600.0,14.838326319999979,78.19726700000001,0.7242529528574296,26.189175059999922,10.516682879999966
2,0,8,CAP-G600-B15-e0.9,capped,600.0,15.0,0.9,0.0,600.0,14.687167259999937,78.19726700000001,0.7338978171370839,26.189175059999922,10.516682879999966
2,0,8,CAP-G600-B15-e0.95,capped,600.0,15.0,0.95,0.0,600.0,14.679430239999983,109.88670599999999,0.7343914859110794,26.189175059999922,10.516682879999966
2,0,8,CAP-G600-B30-e0,capped,600.0,30.0,0.0,0.0,172.5,19.191109819999987,55.40266,0.446518981131178,26.189175059999922,10.516682879999966
2,0,8,CAP-G600-B30-e0.25,capped,600.0,30.0,0.25,0.0,230.0,16.824913519999978,66.22549000000001,0.5974966477858514,26.189175059999922,10.516682879999966
2,0,8,CAP-G600-B30-e0.5,capped,600.0,30.0,0.5,0.0,345.0,15.386368119999993,78.19726700000001,0.6892845640583984,26.189175059999922,10.516682879999966
2,0,8,CAP-G600-B30-e0.75,capped,600.0,30.0,0.75,0.0,600.0,14.743176,78.19726700000001,0.7303241200277284,26.189175059999922,10.516682879999966
2,0,8,CAP-G600-B30-e0.9,capped,600.0,30.0,0.9,0.0,600.0,14.670833519999954,100.60345299999999,0.7349400087561568,26.189175059999922,10.516682879999966
2,0,8,CAP-G600-B30-e0.95,capped,600.0,30.0,0.95,0.0,600.0,14.679430239999983,121.556327,0.7343914859110794,26.189175059999922,10.516682879999966
2,0,8,CAP-G600-B60-e0,capped,600.0,60.0,0.0,0.0,180.0,18.17713565999999,58.512288,0.5112166787503195,26.189175059999922,10.516682879999966
2,0,8,CAP-G600-B60-e0.25,capped,600.0,60.0,0.25,0.0,240.0,16.109893599999953,75.40926300000001,0.6431192527798726,26.189175059999922,10.516682879999966
2,0,8,CAP-G600-B60-e0.5,capped,600.0,60.0,0.5,0.0,360.0,15.003776459999989,78.19726700000001,0.7136962310483006,26.189175059999922,10.516682879999966
2,0,8,CAP-G600-B60-e0.75,capped,600.0,60.0,0.75,0.0,600.0,14.651103759999899,100.537438,0.7361988870362324,26.189175059999922,10.516682879999966
2,0,8,CAP-G600-B60-e0.9,capped,600.0,60.0,0.9,0.0,600.0,14.679430239999983,121.556327,0.7343914859110794,26.189175059999922,10.516682879999966
2,0,8,CAP-G600-B60-e0.95,capped,600.0,60.0,0.95,0.0,600.0,14.679430239999983,121.556327,0.7343914859110794,26.189175059999922,10.516682879999966
2,0,8,CAP-G600-B120-e0,capped,600.0,120.0,0.0,0.0,195.0,16.545184499999994,72.179012,0.615345054841173,26.189175059999922,10.516682879999966
2,0,8,CAP-G600-B120-e0.25,capped,600.0,120.0,0.25,0.0,260.0,15.417241859999868,78.19726700000001,0.6873146323050253,26.189175059999922,10.516682879999966
2,0,8,CAP-G600-B120-e0.5,capped,600.0,120.0,0.5,0.0,390.0,14.747002359999906,100.40765099999999,0.7300799750662277,26.189175059999922,10.516682879999966
2,0,8,CAP-G600-B120-e0.75,capped,600.0,120.0,0.75,0.0,600.0,14.700840039999962,121.556327,0.733025410895435,26.189175059999922,10.516682879999966
2,0,8,CAP-G600-B120-e0.9,capped,600.0,120.0,0.9,0.0,600.0,14.679430239999983,121.556327,0.7343914859110794,26.189175059999922,10.516682879999966
2,0,8,CAP-G600-B120-e0.95,capped,600.0,120.0,0.95,0.0,600.0,14.679430239999983,121.556327,0.7343914859110794,26.189175059999922,10.516682879999966
2,0,8,CAP-G600-B240-e0,capped,600.0,240.0,0.0,0.0,225.0,15.580594859999954,99.216295,0.6768917207397195,26.189175059999922,10.516682879999966
2,0,8,CAP-G600-B240-e0.25,capped,600.0,240.0,0.25,0.0,300.0,14.861961299999958,100.46990299999999,0.7227448978698419,26.189175059999922,10.516682879999966
2,0,8,CAP-G600-B240-e0.5,capped,600.0,240.0,0.5,0.0,450.0,14.703675259999963,121.556327,0.7328445066737299,26.189175059999922,10.516682879999966
2,0,8,CAP-G600-B240-e0.75,capped,600.0,240.0,0.75,0.0,600.0,14.679430239999983,121.556327,0.7343914859110794,26.189175059999922,10.516682879999966
2,0,8,CAP-G600-B240-e0.9,capped,600.0,240.0,0.9,0.0,600.0,14.679430239999983,121.556327,0.7343914859110794,26.189175059999922,10.516682879999966
2,0,8,CAP-G600-B240-e0.95,capped,600.0,240.0,0.95,0.0,600.0,14.679430239999983,121.556327,0.7343914859110794,26.189175059999922,10.516682879999966
2,0,8,CAP-G600-B360-e0,capped,600.0,360.0,0.0,0.0,255.0,15.08023057999998,100.537438,0.7088179947651422,26.189175059999922,10.516682879999966
2,0,8,CAP-G600-B360-e0.25,capped,600.0,360.0,0.25,0.0,340.0,14.74921275999995,121.15925999999999,0.7299389381478706,26.189175059999922,10.516682879999966
2,0,8,CAP-G600-B360-e0.5,capped,600.0,360.0,0.5,0.0,510.0,14.666813379999956,121.556327,0.7351965180562622,26.189175059999922,10.516682879999966
2,0,8,CAP-G600-B360-e0.75,capped,600.0,360.0,0.75,0.0,600.0,14.679430239999983,121.556327,0.7343914859110794,26.189175059999922,10.516682879999966
2,0,8,CAP-G600-B360-e0.9,capped,600.0,360.0,0.9,0.0,600.0,14.679430239999983,121.556327,0.7343914859110794,26.189175059999922,10.516682879999966
2,0,8,CAP-G600-B360-e0.95,capped,600.0,360.0,0.95,0.0,600.0,14.679430239999983,121.556327,0.7343914859110794,26.189175059999922,10.516682879999966
2,0,8,CAP-G600-B480-e0,capped,600.0,480.0,0.0,0.0,285.0,14.960628959999916,120.96709299999999,0.7164493030871646,26.189175059999922,10.516682879999966
2,0,8,CAP-G600-B480-e0.25,capped,600.0,480.0,0.25,0.0,380.0,14.746147319999974,121.556327,0.730134531801054,26.189175059999922,10.516682879999966
2,0,8,CAP-G600-B480-e0.5,capped,600.0,480.0,0.5,0.0,570.0,14.644605919999876,121.556327,0.7366134886149344,26.189175059999922,10.516682879999966
2,0,8,CAP-G600-B480-e0.75,capped,600.0,480.0,0.75,0.0,600.0,14.679430239999983,121.556327,0.7343914859110794,26.189175059999922,10.516682879999966
2,0,8,CAP-G600-B480-e0.9,capped,600.0,480.0,0.9,0.0,600.0,14.679430239999983,121.556327,0.7343914859110794,26.189175059999922,10.516682879999966
2,0,8,CAP-G600-B480-e0.95,capped,600.0,480.0,0.95,0.0,600.0,14.679430239999983,121.556327,0.7343914859110794,26.189175059999922,10.516682879999966
2,0,8,CAP-G600-B600-e0,capped,600.0,600.0,0.0,0.0,315.0,14.863089,121.556327,0.722672943774278,26.189175059999922,10.516682879999966
2,0,8,CAP-G600-B600-e0.25,capped,600.0,600.0,0.25,0.0,420.0,14.735485859999956,121.556327,0.730814797573566,26.189175059999922,10.516682879999966
2,0,8,CAP-G600-B600-e0.5,capped,600.0,600.0,0.5,0.0,600.0,14.649636159999996,121.556327,0.7362925288120934,26.189175059999922,10.516682879999966
2,0,8,CAP-G600-B600-e0.75,capped,600.0,600.0,0.75,0.0,600.0,14.679430239999983,121.556327,0.7343914859110794,26.189175059999922,10.516682879999966
2,0,8,CAP-G600-B600-e0.9,capped,600.0,600.0,0.9,0.0,600.0,14.679430239999983,121.556327,0.7343914859110794,26.189175059999922,10.516682879999966
2,0,8,CAP-G600-B600-e0.95,capped,600.0,600.0,0.95,0.0,600.0,14.679430239999983,121.556327,0.7343914859110794,26.189175059999922,10.516682879999966
2,0,8,HYB-G600-B0-g1-e0,hybrid,600.0,0.0,0.0,1.0,600.0,17.30625615999998,45.283992,0.5667840696922247,26.189175059999922,10.516682879999966
2,0,8,HYB-G600-B0-g1-e0.9,hybrid,600.0,0.0,0.9,1.0,600.0,14.691890719999988,78.19726700000001,0.7335964317577963,26.189175059999922,10.516682879999966
2,0,8,HYB-G600-B0-g4-e0,hybrid,600.0,0.0,0.0,4.0,600.0,15.332589,56.405519,0.692715997896893,26.189175059999922,10.516682879999966
2,0,8,HYB-G600-B0-g4-e0.9,hybrid,600.0,0.0,0.9,4.0,600.0,14.679768999999963,108.455748,0.7343698709696846,26.189175059999922,10.516682879999966
2,0,8,HYB-G600-B0-g16-e0,hybrid,600.0,0.0,0.0,16.0,600.0,14.592863479999956,58.512288,0.7399149699240749,26.189175059999922,10.516682879999966
2,0,8,HYB-G600-B0-g16-e0.9,hybrid,600.0,0.0,0.9,16.0,600.0,14.679430239999983,121.556327,0.7343914859110794,26.189175059999922,10.516682879999966
2,0,8,HYB-G600-B30-g1-e0,hybrid,600.0,30.0,0.0,1.0,600.0,16.325229939999968,56.275709,0.6293794890252089,26.189175059999922,10.516682879999966
2,0,8,HYB-G600-B30-g1-e0.9,hybrid,600.0,30.0,0.9,1.0,600.0,14.679430239999983,112.43886499999999,0.7343914859110794,26.189175059999922,10.516682879999966
2,0,8,HYB-G600-B30-g4-e0,hybrid,600.0,30.0,0.0,4.0,600.0,15.024540639999982,57.453642,0.7123713505020853,26.189175059999922,10.516682879999966
2,0,8,HYB-G600-B30-g4-e0.9,hybrid,600.0,30.0,0.9,4.0,600.0,14.679430239999983,121.556327,0.7343914859110794,26.189175059999922,10.516682879999966
2,0,8,HYB-G600-B30-g16-e0,hybrid,600.0,30.0,0.0,16.0,600.0,14.561947799999997,58.512288,0.741887577703673,26.189175059999922,10.516682879999966
2,0,8,HYB-G600-B30-g16-e0.9,hybrid,600.0,30.0,0.9,16.0,600.0,14.679430239999983,121.556327,0.7343914859110794,26.189175059999922,10.516682879999966
2,0,8,HYB-G600-B120-g1-e0,hybrid,600.0,120.0,0.0,1.0,600.0,15.355047699999963,73.097081,0.6912829967033354,26.189175059999922,10.516682879999966
2,0,8,HYB-G600-B120-g1-e0.9,hybrid,600.0,120.0,0.9,1.0,600.0,14.679430239999983,121.556327,0.7343914859110794,26.189175059999922,10.516682879999966
2,0,8,HYB-G600-B120-g4-e0,hybrid,600.0,120.0,0.0,4.0,600.0,14.742584379999997,73.88744799999999,0.7303618689698371,26.189175059999922,10.516682879999966
2,0,8,HYB-G600-B120-g4-e0.9,hybrid,600.0,120.0,0.9,4.0,600.0,14.679430239999983,121.556327,0.7343914859110794,26.189175059999922,10.516682879999966
2,0,8,HYB-G600-B120-g16-e0,hybrid,600.0,120.0,0.0,16.0,600.0,14.553223899999974,99.354008,0.7424442154036526,26.189175059999922,10.516682879999966
2,0,8,HYB-G600-B120-g16-e0.9,hybrid,600.0,120.0,0.9,16.0,600.0,14.679430239999983,121.556327,0.7343914859110794,26.189175059999922,10.516682879999966
2,0,8,CAP-G1200-B0-e0,capped,1200.0,0.0,0.0,0.0,165.0,26.189175059999922,0.0,0.0,26.189175059999922,10.516682879999966
2,0,8,CAP-G1200-B0-e0.25,capped,1200.0,0.0,0.25,0.0,220.0,17.256528,58.512288,0.5699570277277973,26.189175059999922,10.516682879999966
2,0,8,CAP-G1200-B0-e0.5,capped,1200.0,0.0,0.5,0.0,330.0,15.645340099999984,82.224051,0.672760581974013,26.189175059999922,10.516682879999966
2,0,8,CAP-G1200-B0-e0.75,capped,1200.0,0.0,0.75,0.0,660.0,14.849722759999997,78.19726700000001,0.7235257909058314,26.189175059999922,10.516682879999966
2,0,8,CAP-G1200-B0-e0.9,capped,1200.0,0.0,0.9,0.0,1200.0,14.667309,78.19726700000001,0.7351648944960555,26.189175059999922,10.516682879999966
2,0,8,CAP-G1200-B0-e0.95,capped,1200.0,0.0,0.95,0.0,1200.0,14.597054299999984,78.19726700000001,0.7396475702053896,26.189175059999922,10.516682879999966
2,0,8,CAP-G1200-B15-e0.25,capped,1200.0,15.0,0.25,0.0,225.0,16.924182899999963,61.051439,0.5911626596198426,26.189175059999922,10.516682879999966
2,0,8,CAP-G1200-B15-e0.5,capped,1200.0,15.0,0.5,0.0,337.5,15.668839839999986,78.19726700000001,0.6712611561181819,26.189175059999922,10.516682879999966
2,0,8,CAP-G1200-B15-e0.75,capped,1200.0,15.0,0.75,0.0,675.0,14.78350289999997,78.19726700000001,0.7277510193659567,26.189175059999922,10.516682879999966
2,0,8,CAP-G1200-B15-e0.9,capped,1200.0,15.0,0.9,0.0,1200.0,14.58077907999995,78.19726700000001,0.7406860278937466,26.189175059999922,10.516682879999966
2,0,8,CAP-G1200-B15-e0.95,capped,1200.0,15.0,0.95,0.0,1200.0,14.559358,109.88670599999999,0.7420528226417629,26.189175059999922,10.516682879999966
2,0,8,CAP-G1200-B30-e0.25,capped,1200.0,30.0,0.25,0.0,230.0,16.824913519999978,66.22549000000001,0.5974966477858514,26.189175059999922,10.516682879999966
2,0,8,CAP-G1200-B30-e0.5,capped,1200.0,30.0,0.5,0.0,345.0,15.376868919999994,78.19726700000001,0.6898906705978626,26.189175059999922,10.516682879999966
2,0,8,CAP-G1200-B30-e0.75,capped,1200.0,30.0,0.75,0.0,690.0,14.726110139999966,78.19726700000001,0.7314130253405549,26.189175059999922,10.516682879999966
2,0,8,CAP-G1200-B30-e0.9,capped,1200.0,30.0,0.9,0.0,1200.0,14.562137979999994,100.60345299999999,0.7418754430668959,26.189175059999922,10.516682879999966
2,0,8,CAP-G1200-B30-e0.95,capped,1200.0,30.0,0.95,0.0,1200.0,14.559358,121.556327,0.7420528226417629,26.189175059999922,10.516682879999966
2,0,8,CAP-G1200-B60-e0.25,capped,1200.0,60.0,0.25,0.0,240.0,16.109893599999953,75.40926300000001,0.6431192527798726,26.189175059999922,10.516682879999966
2,0,8,CAP-G1200-B60-e0.5,capped,1200.0,60.0,0.5,0.0,360.0,15.006925,78.19726700000001,0.7134953351114036,26.189175059999922,10.516682879999966
2,0,8,CAP-G1200-B60-e0.75,capped,1200.0,60.0,0.75,0.0,720.0,14.598015,100.537438,0.7395862717220991,26.189175059999922,10.516682879999966
2,0,8,CAP-G1200-B60-e0.9,capped,1200.0,60.0,0.9,0.0,1200.0,14.550419419999981,121.556327,0.7426231582270264,26.189175059999922,10.516682879999966
2,0,8,CAP-G1200-B60-e0.95,capped,1200.0,60.0,0.95,0.0,1200.0,14.559358,121.556327,0.7420528226417629,26.189175059999922,10.516682879999966
2,0,8,CAP-G1200-B120-e0.25,capped,1200.0,120.0,0.25,0.0,260.0,15.417241859999868,78.19726700000001,0.6873146323050253,26.189175059999922,10.516682879999966
2,0,8,CAP-G1200-B120-e0.5,capped,1200.0,120.0,0.5,0.0,390.0,14.746474,100.40765099999999,0.7301136876368793,26.189175059999922,10.516682879999966
2,0,8,CAP-G1200-B120-e0.75,capped,1200.0,120.0,0.75,0.0,780.0,14.617256,121.556327,0.7383585792926493,26.189175059999922,10.516682879999966
2,0,8,CAP-G1200-B120-e0.9,capped,1200.0,120.0,0.9,0.0,1200.0,14.559358,121.556327,0.7420528226417629,26.189175059999922,10.516682879999966
2,0,8,CAP-G1200-B120-e0.95,capped,1200.0,120.0,0.95,0.0,1200.0,14.559358,121.556327,0.7420528226417629,26.189175059999922,10.516682879999966
2,0,8,CAP-G1200-B240-e0.25,capped,1200.0,240.0,0.25,0.0,300.0,14.861961299999958,100.46990299999999,0.7227448978698419,26.189175059999922,10.516682879999966
2,0,8,CAP-G1200-B240-e0.5,capped,1200.0,240.0,0.5,0.0,450.0,14.672893,121.556327,0.7348086014486022,26.189175059999922,10.516682879999966
2,0,8,CAP-G1200-B240-e0.75,capped,1200.0,240.0,0.75,0.0,900.0,14.598086399999987,121.556327,0.7395817159693084,26.189175059999922,10.516682879999966
2,0,8,CAP-G1200-B240-e0.9,capped,1200.0,240.0,0.9,0.0,1200.0,14.559358,121.556327,0.7420528226417629,26.189175059999922,10.516682879999966
2,0,8,CAP-G1200-B240-e0.95,capped,1200.0,240.0,0.95,0.0,1200.0,14.559358,121.556327,0.7420528226417629,26.189175059999922,10.516682879999966
2,0,8,CAP-G1200-B360-e0.25,capped,1200.0,360.0,0.25,0.0,340.0,14.74921275999995,121.15925999999999,0.7299389381478706,26.189175059999922,10.516682879999966
2,0,8,CAP-G1200-B360-e0.5,capped,1200.0,360.0,0.5,0.0,510.0,14.633112279999942,121.556327,0.7373468525157058,26.189175059999922,10.516682879999966
2,0,8,CAP-G1200-B360-e0.75,capped,1200.0,360.0,0.75,0.0,1020.0,14.56832475999998,121.556327,0.7414806890016885,26.189175059999922,10.516682879999966
2,0,8,CAP-G1200-B360-e0.9,capped,1200.0,360.0,0.9,0.0,1200.0,14.559358,121.556327,0.7420528226417629,26.189175059999922,10.516682879999966
2,0,8,CAP-G1200-B360-e0.95,capped,1200.0,360.0,0.95,0.0,1200.0,14.559358,121.556327,0.7420528226417629,26.189175059999922,10.516682879999966
2,0,8,CAP-G1200-B480-e0.25,capped,1200.0,480.0,0.25,0.0,380.0,14.746147319999974,121.556327,0.730134531801054,26.189175059999922,10.516682879999966
2,0,8,CAP-G1200-B480-e0.5,capped,1200.0,480.0,0.5,0.0,570.0,14.605446519999951,121.556327,0.7391120956998942,26.189175059999922,10.516682879999966
2,0,8,CAP-G1200-B480-e0.75,capped,1200.0,480.0,0.75,0.0,1140.0,14.582155139999994,121.556327,0.7405982269247469,26.189175059999922,10.516682879999966
2,0,8,CAP-G1200-B480-e0.9,capped,1200.0,480.0,0.9,0.0,1200.0,14.559358,121.556327,0.7420528226417629,26.189175059999922,10.516682879999966
2,0,8,CAP-G1200-B480-e0.95,capped,1200.0,480.0,0.95,0.0,1200.0,14.559358,121.556327,0.7420528226417629,26.189175059999922,10.516682879999966
2,0,8,CAP-G1200-B600-e0.25,capped,1200.0,600.0,0.25,0.0,420.0,14.735485859999956,121.556327,0.730814797573566,26.189175059999922,10.516682879999966
2,0,8,CAP-G1200-B600-e0.5,capped,1200.0,600.0,0.5,0.0,630.0,14.592907739999982,121.556327,0.739912145867791,26.189175059999922,10.516682879999966
2,0,8,CAP-G1200-B600-e0.75,capped,1200.0,600.0,0.75,0.0,1200.0,14.559358,121.556327,0.7420528226417629,26.189175059999922,10.516682879999966
2,0,8,CAP-G1200-B600-e0.9,capped,1200.0,600.0,0.9,0.0,1200.0,14.559358,121.556327,0.7420528226417629,26.189175059999922,10.516682879999966
2,0,8,CAP-G1200-B600-e0.95,capped,1200.0,600.0,0.95,0.0,1200.0,14.559358,121.556327,0.7420528226417629,26.189175059999922,10.516682879999966
2,0,8,HYB-G1200-B0-g1-e0,hybrid,1200.0,0.0,0.0,1.0,1200.0,17.30625615999998,45.283992,0.5667840696922247,26.189175059999922,10.516682879999966
2,0,8,HYB-G1200-B0-g1-e0.9,hybrid,1200.0,0.0,0.9,1.0,1200.0,14.590376259999921,78.19726700000001,0.7400736696363777,26.189175059999922,10.516682879999966
2,0,8,HYB-G1200-B0-g4-e0,hybrid,1200.0,0.0,0.0,4.0,1200.0,15.332589,56.405519,0.692715997896893,26.189175059999922,10.516682879999966
2,0,8,HYB-G1200-B0-g4-e0.9,hybrid,1200.0,0.0,0.9,4.0,1200.0,14.559358,108.455748,0.7420528226417629,26.189175059999922,10.516682879999966
2,0,8,HYB-G1200-B0-g16-e0,hybrid,1200.0,0.0,0.0,16.0,1200.0,14.591584,58.512288,0.7399966085036487,26.189175059999922,10.516682879999966
2,0,8,HYB-G1200-B0-g16-e0.9,hybrid,1200.0,0.0,0.9,16.0,1200.0,14.559358,121.556327,0.7420528226417629,26.189175059999922,10.516682879999966
2,0,8,HYB-G1200-B30-g1-e0,hybrid,1200.0,30.0,0.0,1.0,1200.0,16.325229939999968,56.275709,0.6293794890252089,26.189175059999922,10.516682879999966
2,0,8,HYB-G1200-B30-g1-e0.9,hybrid,1200.0,30.0,0.9,1.0,1200.0,14.598086399999987,112.43886499999999,0.7395817159693084,26.189175059999922,10.516682879999966
2,0,8,HYB-G1200-B30-g4-e0,hybrid,1200.0,30.0,0.0,4.0,1200.0,15.024540639999982,57.453642,0.7123713505020853,26.189175059999922,10.516682879999966
2,0,8,HYB-G1200-B30-g4-e0.9,hybrid,1200.0,30.0,0.9,4.0,1200.0,14.559358,121.556327,0.7420528226417629,26.189175059999922,10.516682879999966
2,0,8,HYB-G1200-B30-g16-e0,hybrid,1200.0,30.0,0.0,16.0,1200.0,14.543786439999876,58.512288,0.7430463825568857,26.189175059999922,10.516682879999966
2,0,8,HYB-G1200-B30-g16-e0.9,hybrid,1200.0,30.0,0.9,16.0,1200.0,14.559358,121.556327,0.7420528226417629,26.189175059999922,10.516682879999966
2,0,8,HYB-G1200-B120-g1-e0,hybrid,1200.0,120.0,0.0,1.0,1200.0,15.355047699999963,73.097081,0.6912829967033354,26.189175059999922,10.516682879999966
2,0,8,HYB-G1200-B120-g1-e0.9,hybrid,1200.0,120.0,0.9,1.0,1200.0,14.559358,121.556327,0.7420528226417629,26.189175059999922,10.516682879999966
2,0,8,HYB-G1200-B120-g4-e0,hybrid,1200.0,120.0,0.0,4.0,1200.0,14.742584379999997,73.88744799999999,0.7303618689698371,26.189175059999922,10.516682879999966
2,0,8,HYB-G1200-B120-g4-e0.9,hybrid,1200.0,120.0,0.9,4.0,1200.0,14.559358,121.556327,0.7420528226417629,26.189175059999922,10.516682879999966
2,0,8,HYB-G1200-B120-g16-e0,hybrid,1200.0,120.0,0.0,16.0,1200.0,14.532019,99.354008,0.7437972165572938,26.189175059999922,10.516682879999966
2,0,8,HYB-G1200-B120-g16-e0.9,hybrid,1200.0,120.0,0.9,16.0,1200.0,14.559358,121.556327,0.7420528226417629,26.189175059999922,10.516682879999966
2,1,5,SJF,reference,-1.0,-1.0,-1.0,-1.0,inf,37.2474281599999,483.744702,1.0,109.03421522,37.2474281599999
2,1,5,SPJF-E,reference,-1.0,-1.0,-1.0,-1.0,inf,47.974251,261.70396,0.8505738551715022,109.03421522,37.2474281599999
2,1,5,FIX-B15,fixed,-1.0,15.0,0.0,0.0,159.75,105.8854118999999,60.274625,0.04386327134780803,109.03421522,37.2474281599999
2,1,5,FIX-B17.99,fixed,-1.0,17.99,0.0,0.0,160.4975,105.20824893999989,60.274625,0.05329624624100146,109.03421522,37.2474281599999
2,1,5,FIX-B21.576,fixed,-1.0,21.576,0.0,0.0,161.394,104.64396277999981,61.407599,0.06115683149784607,109.03421522,37.2474281599999
2,1,5,FIX-B25.877,fixed,-1.0,25.877,0.0,0.0,162.46925,103.86483429999993,61.809605,0.07201020036848071,109.03421522,37.2474281599999
2,1,5,FIX-B30,fixed,-1.0,30.0,0.0,0.0,163.5,102.76574929999937,61.821694,0.08732060838384335,109.03421522,37.2474281599999
2,1,5,FIX-B31.035,fixed,-1.0,31.035,0.0,0.0,163.75875,102.54678901999986,61.786253,0.09037075575729382,109.03421522,37.2474281599999
2,1,5,FIX-B37.222,fixed,-1.0,37.222,0.0,0.0,165.3055,101.16472093999994,61.460501,0.10962315771874084,109.03421522,37.2474281599999
2,1,5,FIX-B44.641,fixed,-1.0,44.641,0.0,0.0,167.16025,99.97606345999966,61.836468,0.12618132292826306,109.03421522,37.2474281599999
2,1,5,FIX-B53.54,fixed,-1.0,53.54,0.0,0.0,169.385,97.92705869999993,65.85234100000001,0.15472424626995204,109.03421522,37.2474281599999
2,1,5,FIX-B60,fixed,-1.0,60.0,0.0,0.0,171.0,96.60721651999988,65.85234100000001,0.17310983272748376,109.03421522,37.2474281599999
2,1,5,FIX-B64.212,fixed,-1.0,64.212,0.0,0.0,172.053,95.24601301999999,65.85234100000001,0.19207158816671496,109.03421522,37.2474281599999
2,1,5,FIX-B77.012,fixed,-1.0,77.012,0.0,0.0,175.253,92.8337177199998,71.48988800000001,0.22567519962217647,109.03421522,37.2474281599999
2,1,5,FIX-B92.363,fixed,-1.0,92.363,0.0,0.0,179.09075,89.5527554799996,75.493024,0.2713794632390721,109.03421522,37.2474281599999
2,1,5,FIX-B110.774,fixed,-1.0,110.774,0.0,0.0,183.6935,86.09910951999986,75.57947800000001,0.31948923526596545,109.03421522,37.2474281599999
2,1,5,FIX-B120,fixed,-1.0,120.0,0.0,0.0,186.0,85.0452952799996,81.04129999999999,0.3341690152527681,109.03421522,37.2474281599999
2,1,5,FIX-B132.855,fixed,-1.0,132.855,0.0,0.0,189.21375,81.57986075999997,81.04129999999999,0.3824430035718607,109.03421522,37.2474281599999
2,1,5,FIX-B159.338,fixed,-1.0,159.338,0.0,0.0,195.8345,75.94706621999983,83.24675699999999,0.4609086205842533,109.03421522,37.2474281599999
2,1,5,FIX-B191.099,fixed,-1.0,191.099,0.0,0.0,203.77474999999998,73.9201951399999,83.60618600000001,0.4891432186629477,109.03421522,37.2474281599999
2,1,5,FIX-B229.192,fixed,-1.0,229.192,0.0,0.0,213.298,71.74959113999992,90.162307,0.5193800364520733,109.03421522,37.2474281599999
2,1,5,FIX-B240,fixed,-1.0,240.0,0.0,0.0,216.0,70.94597227999994,90.162307,0.530574559746845,109.03421522,37.2474281599999
2,1,5,FIX-B274.878,fixed,-1.0,274.878,0.0,0.0,224.71949999999998,69.07703815999987,109.38652499999999,0.5566090738481376,109.03421522,37.2474281599999
2,1,5,FIX-B329.671,fixed,-1.0,329.671,0.0,0.0,238.41775,64.2359885399999,120.633816,0.6240455732133172,109.03421522,37.2474281599999
2,1,5,FIX-B360,fixed,-1.0,360.0,0.0,0.0,246.0,62.07635473999997,120.655885,0.6541295745796811,109.03421522,37.2474281599999
2,1,5,FIX-B395.386,fixed,-1.0,395.386,0.0,0.0,254.8465,60.49803417999997,120.83705,0.6761158010795637,109.03421522,37.2474281599999
2,1,5,FIX-B474.201,fixed,-1.0,474.201,0.0,0.0,274.55025,57.87920375999988,154.626514,0.7125964756891021,109.03421522,37.2474281599999
2,1,5,FIX-B480,fixed,-1.0,480.0,0.0,0.0,276.0,57.919036399999804,154.626514,0.7120416014339467,109.03421522,37.2474281599999
2,1,5,FIX-B568.726,fixed,-1.0,568.726,0.0,0.0,298.1815,55.97126793999997,162.145322,0.739174288934947,109.03421522,37.2474281599999
2,1,5,FIX-B600,fixed,-1.0,600.0,0.0,0.0,306.0,55.48804197999995,162.15048499999997,0.7459056942504703,109.03421522,37.2474281599999
2,1,5,FIX-B682.093,fixed,-1.0,682.093,0.0,0.0,326.52324999999996,54.21009251999998,194.345002,0.7637077092498579,109.03421522,37.2474281599999
2,1,5,FIX-B818.058,fixed,-1.0,818.058,0.0,0.0,360.5145,53.25909485999998,214.03850599999998,0.7769552398741933,109.03421522,37.2474281599999
2,1,5,FIX-B981.126,fixed,-1.0,981.126,0.0,0.0,401.2815,52.419099879999884,245.77620399999998,0.7886564876163165,109.03421522,37.2474281599999
2,1,5,FIX-B1176.7,fixed,-1.0,1176.699,0.0,0.0,450.17475,51.67501589999994,261.70396,0.7990216816927421,109.03421522,37.2474281599999
2,1,5,FIX-B1411.26,fixed,-1.0,1411.256,0.0,0.0,508.814,50.82124697999991,261.70396,0.810914802348587,109.03421522,37.2474281599999
2,1,5,FIX-B1692.57,fixed,-1.0,1692.569,0.0,0.0,579.14225,50.158871779999956,261.70396,0.820141781673436,109.03421522,37.2474281599999
2,1,5,FIX-B2029.96,fixed,-1.0,2029.958,0.0,0.0,663.4895,49.82189511999986,261.70396,0.8248359137526228,109.03421522,37.2474281599999
2,1,5,FIX-B2434.6,fixed,-1.0,2434.6,0.0,0.0,764.65,49.69058919999999,261.70396,0.8266650236122146,109.03421522,37.2474281599999
2,1,5,FIX-B2919.9,fixed,-1.0,2919.901,0.0,0.0,885.97525,49.570549259999986,261.70396,0.8283371967922133,109.03421522,37.2474281599999
2,1,5,FIX-B3501.94,fixed,-1.0,3501.94,0.0,0.0,1031.4850000000001,49.215518819999986,261.70396,0.833282820555863,109.03421522,37.2474281599999
2,1,5,FIX-B4200,fixed,-1.0,4200.0,0.0,0.0,1206.0,49.04873301999999,261.70396,0.8356061701140567,109.03421522,37.2474281599999
2,1,5,FIXEQ-G300,fixed,300.0,inf,0.0,0.0,300.0,55.71543485999983,162.145322,0.7427380795777335,109.03421522,37.2474281599999
2,1,5,CAP-G300-B0-e0,capped,300.0,0.0,0.0,0.0,156.0,109.03421522,0.0,0.0,109.03421522,37.2474281599999
2,1,5,CAP-G300-B0-e0.25,capped,300.0,0.0,0.25,0.0,208.0,77.8804248399999,88.99304099999999,0.4339766641730525,109.03421522,37.2474281599999
2,1,5,CAP-G300-B0-e0.5,capped,300.0,0.0,0.5,0.0,300.0,60.88797933999999,110.86093000000001,0.6706838103752841,109.03421522,37.2474281599999
2,1,5,CAP-G300-B0-e0.75,capped,300.0,0.0,0.75,0.0,300.0,56.28795177999995,83.60618600000001,0.7347628386810822,109.03421522,37.2474281599999
2,1,5,CAP-G300-B0-e0.9,capped,300.0,0.0,0.9,0.0,300.0,55.909317559999714,154.601406,0.7400372664066713,109.03421522,37.2474281599999
2,1,5,CAP-G300-B0-e0.95,capped,300.0,0.0,0.95,0.0,300.0,55.77442235999989,154.601406,0.7419163754394671,109.03421522,37.2474281599999
2,1,5,CAP-G300-B15-e0,capped,300.0,15.0,0.0,0.0,159.75,105.8854118999999,60.274625,0.04386327134780803,109.03421522,37.2474281599999
2,1,5,CAP-G300-B15-e0.25,capped,300.0,15.0,0.25,0.0,213.0,71.76633415999999,75.493024,0.5191468038380259,109.03421522,37.2474281599999
2,1,5,CAP-G300-B15-e0.5,capped,300.0,15.0,0.5,0.0,300.0,59.80981893999992,83.60618600000001,0.6857027357814167,109.03421522,37.2474281599999
2,1,5,CAP-G300-B15-e0.75,capped,300.0,15.0,0.75,0.0,300.0,55.77415313999994,115.56306699999999,0.74192012571178,109.03421522,37.2474281599999
2,1,5,CAP-G300-B15-e0.9,capped,300.0,15.0,0.9,0.0,300.0,55.78077353999996,154.601406,0.7418279026123608,109.03421522,37.2474281599999
2,1,5,CAP-G300-B15-e0.95,capped,300.0,15.0,0.95,0.0,300.0,55.74106583999968,154.601406,0.7423810364358191,109.03421522,37.2474281599999
2,1,5,CAP-G300-B30-e0,capped,300.0,30.0,0.0,0.0,163.5,102.76574929999937,61.821694,0.08732060838384335,109.03421522,37.2474281599999
2,1,5,CAP-G300-B30-e0.25,capped,300.0,30.0,0.25,0.0,218.0,70.66339699999992,75.493024,0.5345108729818117,109.03421522,37.2474281599999
2,1,5,CAP-G300-B30-e0.5,capped,300.0,30.0,0.5,0.0,300.0,59.08911181999995,83.60618600000001,0.6957422869232947,109.03421522,37.2474281599999
2,1,5,CAP-G300-B30-e0.75,capped,300.0,30.0,0.75,0.0,300.0,55.9082956999999,115.591116,0.7400515010596161,109.03421522,37.2474281599999
2,1,5,CAP-G300-B30-e0.9,capped,300.0,30.0,0.9,0.0,300.0,55.74392177999994,154.601406,0.7423412527915411,109.03421522,37.2474281599999
2,1,5,CAP-G300-B30-e0.95,capped,300.0,30.0,0.95,0.0,300.0,55.71543485999983,162.145322,0.7427380795777335,109.03421522,37.2474281599999
2,1,5,CAP-G300-B60-e0,capped,300.0,60.0,0.0,0.0,171.0,96.60721651999988,65.85234100000001,0.17310983272748376,109.03421522,37.2474281599999
2,1,5,CAP-G300-B60-e0.25,capped,300.0,60.0,0.25,0.0,228.0,66.79614495999996,77.766018,0.588382235643128,109.03421522,37.2474281599999
2,1,5,CAP-G300-B60-e0.5,capped,300.0,60.0,0.5,0.0,300.0,58.23700471999991,83.60618600000001,0.7076122581937436,109.03421522,37.2474281599999
2,1,5,CAP-G300-B60-e0.75,capped,300.0,60.0,0.75,0.0,300.0,55.99139963999996,121.59243699999999,0.7388938515337973,109.03421522,37.2474281599999
2,1,5,CAP-G300-B60-e0.9,capped,300.0,60.0,0.9,0.0,300.0,55.71543485999983,162.145322,0.7427380795777335,109.03421522,37.2474281599999
2,1,5,CAP-G300-B60-e0.95,capped,300.0,60.0,0.95,0.0,300.0,55.71543485999983,162.145322,0.7427380795777335,109.03421522,37.2474281599999
2,1,5,CAP-G300-B120-e0,capped,300.0,120.0,0.0,0.0,186.0,85.0452952799996,81.04129999999999,0.3341690152527681,109.03421522,37.2474281599999
2,1,5,CAP-G300-B120-e0.25,capped,300.0,120.0,0.25,0.0,248.0,63.67733069999997,83.60618600000001,0.6318277551841163,109.03421522,37.2474281599999
2,1,5,CAP-G300-B120-e0.5,capped,300.0,120.0,0.5,0.0,300.0,57.246917479999965,115.56306699999999,0.7214043121433433,109.03421522,37.2474281599999
2,1,5,CAP-G300-B120-e0.75,capped,300.0,120.0,0.75,0.0,300.0,55.76667609999998,154.87564,0.7420242819264009,109.03421522,37.2474281599999
2,1,5,CAP-G300-B120-e0.9,capped,300.0,120.0,0.9,0.0,300.0,55.71543485999983,162.145322,0.7427380795777335,109.03421522,37.2474281599999
2,1,5,CAP-G300-B120-e0.95,capped,300.0,120.0,0.95,0.0,300.0,55.71543485999983,162.145322,0.7427380795777335,109.03421522,37.2474281599999
2,1,5,CAP-G300-B240-e0,capped,300.0,240.0,0.0,0.0,216.0,70.94597227999994,90.162307,0.530574559746845,109.03421522,37.2474281599999
2,1,5,CAP-G300-B240-e0.25,capped,300.0,240.0,0.25,0.0,288.0,58.37637713999995,120.655885,0.7056707808591535,109.03421522,37.2474281599999
2,1,5,CAP-G300-B240-e0.5,capped,300.0,240.0,0.5,0.0,300.0,55.77397001999997,154.849036,0.741922676599032,109.03421522,37.2474281599999
2,1,5,CAP-G300-B240-e0.75,capped,300.0,240.0,0.75,0.0,300.0,55.71543485999983,162.145322,0.7427380795777335,109.03421522,37.2474281599999
2,1,5,CAP-G300-B240-e0.9,capped,300.0,240.0,0.9,0.0,300.0,55.71543485999983,162.145322,0.7427380795777335,109.03421522,37.2474281599999
2,1,5,CAP-G300-B240-e0.95,capped,300.0,240.0,0.95,0.0,300.0,55.71543485999983,162.145322,0.7427380795777335,109.03421522,37.2474281599999
2,1,5,CAP-G300-B360-e0,capped,300.0,360.0,0.0,0.0,246.0,62.07635473999997,120.655885,0.6541295745796811,109.03421522,37.2474281599999
2,1,5,CAP-G300-B360-e0.25,capped,300.0,360.0,0.25,0.0,300.0,55.897912779999935,154.658667,0.7401961365897073,109.03421522,37.2474281599999
2,1,5,CAP-G300-B360-e0.5,capped,300.0,360.0,0.5,0.0,300.0,55.71543485999983,162.145322,0.7427380795777335,109.03421522,37.2474281599999
2,1,5,CAP-G300-B360-e0.75,capped,300.0,360.0,0.75,0.0,300.0,55.71543485999983,162.145322,0.7427380795777335,109.03421522,37.2474281599999
2,1,5,CAP-G300-B360-e0.9,capped,300.0,360.0,0.9,0.0,300.0,55.71543485999983,162.145322,0.7427380795777335,109.03421522,37.2474281599999
2,1,5,CAP-G300-B360-e0.95,capped,300.0,360.0,0.95,0.0,300.0,55.71543485999983,162.145322,0.7427380795777335,109.03421522,37.2474281599999
2,1,5,CAP-G300-B480-e0,capped,300.0,480.0,0.0,0.0,276.0,57.919036399999804,154.626514,0.7120416014339467,109.03421522,37.2474281599999
2,1,5,CAP-G300-B480-e0.25,capped,300.0,480.0,0.25,0.0,300.0,55.71543485999983,162.145322,0.7427380795777335,109.03421522,37.2474281599999
2,1,5,CAP-G300-B480-e0.5,capped,300.0,480.0,0.5,0.0,300.0,55.71543485999983,162.145322,0.7427380795777335,109.03421522,37.2474281599999
2,1,5,CAP-G300-B480-e0.75,capped,300.0,480.0,0.75,0.0,300.0,55.71543485999983,162.145322,0.7427380795777335,109.03421522,37.2474281599999
2,1,5,CAP-G300-B480-e0.9,capped,300.0,480.0,0.9,0.0,300.0,55.71543485999983,162.145322,0.7427380795777335,109.03421522,37.2474281599999
2,1,5,CAP-G300-B480-e0.95,capped,300.0,480.0,0.95,0.0,300.0,55.71543485999983,162.145322,0.7427380795777335,109.03421522,37.2474281599999
2,1,5,HYB-G300-B0-g1-e0,hybrid,300.0,0.0,0.0,1.0,300.0,76.01082415999991,61.797733,0.46002046354851917,109.03421522,37.2474281599999
2,1,5,HYB-G300-B0-g1-e0.9,hybrid,300.0,0.0,0.9,1.0,300.0,55.7071938399997,154.601406,0.7428528781407789,109.03421522,37.2474281599999
2,1,5,HYB-G300-B0-g4-e0,hybrid,300.0,0.0,0.0,4.0,300.0,63.045081899999985,61.364897,0.640635069536708,109.03421522,37.2474281599999
2,1,5,HYB-G300-B0-g4-e0.9,hybrid,300.0,0.0,0.9,4.0,300.0,55.70985091999997,157.41101300000003,0.7428158646441579,109.03421522,37.2474281599999
2,1,5,HYB-G300-B0-g16-e0,hybrid,300.0,0.0,0.0,16.0,300.0,56.794327899999885,62.566662,0.7277089483937692,109.03421522,37.2474281599999
2,1,5,HYB-G300-B0-g16-e0.9,hybrid,300.0,0.0,0.9,16.0,300.0,55.71721047999991,162.24167899999998,0.7427133449423946,109.03421522,37.2474281599999
2,1,5,HYB-G300-B30-g1-e0,hybrid,300.0,30.0,0.0,1.0,300.0,72.53043948,61.831383,0.5085027096907093,109.03421522,37.2474281599999
2,1,5,HYB-G300-B30-g1-e0.9,hybrid,300.0,30.0,0.9,1.0,300.0,55.71721047999991,156.61183200000002,0.7427133449423946,109.03421522,37.2474281599999
2,1,5,HYB-G300-B30-g4-e0,hybrid,300.0,30.0,0.0,4.0,300.0,60.758760359999904,61.756521,0.67248384886833,109.03421522,37.2474281599999
2,1,5,HYB-G300-B30-g4-e0.9,hybrid,300.0,30.0,0.9,4.0,300.0,55.71543485999983,154.87564,0.7427380795777335,109.03421522,37.2474281599999
2,1,5,HYB-G300-B30-g16-e0,hybrid,300.0,30.0,0.0,16.0,300.0,56.740632619999985,79.405704,0.7284569311660727,109.03421522,37.2474281599999
2,1,5,HYB-G300-B30-g16-e0.9,hybrid,300.0,30.0,0.9,16.0,300.0,55.71543485999983,162.145322,0.7427380795777335,109.03421522,37.2474281599999
2,1,5,HYB-G300-B120-g1-e0,hybrid,300.0,120.0,0.0,1.0,300.0,66.40846569999998,81.04129999999999,0.5937826620429885,109.03421522,37.2474281599999
2,1,5,HYB-G300-B120-g1-e0.9,hybrid,300.0,120.0,0.9,1.0,300.0,55.71543485999983,162.145322,0.7427380795777335,109.03421522,37.2474281599999
2,1,5,HYB-G300-B120-g4-e0,hybrid,300.0,120.0,0.0,4.0,300.0,57.95800365999996,81.04129999999999,0.7114987820434148,109.03421522,37.2474281599999
2,1,5,HYB-G300-B120-g4-e0.9,hybrid,300.0,120.0,0.9,4.0,300.0,55.71543485999983,162.145322,0.7427380795777335,109.03421522,37.2474281599999
2,1,5,HYB-G300-B120-g16-e0,hybrid,300.0,120.0,0.0,16.0,300.0,56.259295,94.212581,0.7351620316408672,109.03421522,37.2474281599999
2,1,5,HYB-G300-B120-g16-e0.9,hybrid,300.0,120.0,0.9,16.0,300.0,55.71543485999983,162.145322,0.7427380795777335,109.03421522,37.2474281599999
2,1,5,FIXEQ-G600,fixed,600.0,inf,0.0,0.0,600.0,50.13540131999992,261.70396,0.8204687284690966,109.03421522,37.2474281599999
2,1,5,CAP-G600-B0-e0,capped,600.0,0.0,0.0,0.0,156.0,109.03421522,0.0,0.0,109.03421522,37.2474281599999
2,1,5,CAP-G600-B0-e0.25,capped,600.0,0.0,0.25,0.0,208.0,77.24949265999994,88.99304099999999,0.4427656378246051,109.03421522,37.2474281599999
2,1,5,CAP-G600-B0-e0.5,capped,600.0,0.0,0.5,0.0,312.0,57.83069231999997,110.86093000000001,0.7132722468440275,109.03421522,37.2474281599999
2,1,5,CAP-G600-B0-e0.75,capped,600.0,0.0,0.75,0.0,600.0,51.91631059999993,83.60618600000001,0.795660412719967,109.03421522,37.2474281599999
2,1,5,CAP-G600-B0-e0.9,capped,600.0,0.0,0.9,0.0,600.0,50.676318979999984,154.601406,0.8129336696908293,109.03421522,37.2474281599999
2,1,5,CAP-G600-B0-e0.95,capped,600.0,0.0,0.95,0.0,600.0,50.21256421999995,154.601406,0.8193938384627291,109.03421522,37.2474281599999
2,1,5,CAP-G600-B15-e0,capped,600.0,15.0,0.0,0.0,159.75,105.8854118999999,60.274625,0.04386327134780803,109.03421522,37.2474281599999
2,1,5,CAP-G600-B15-e0.25,capped,600.0,15.0,0.25,0.0,213.0,71.07553555999988,75.493024,0.5287697251065698,109.03421522,37.2474281599999
2,1,5,CAP-G600-B15-e0.5,capped,600.0,15.0,0.5,0.0,319.5,56.79378491999999,83.60618600000001,0.7277165121812311,109.03421522,37.2474281599999
2,1,5,CAP-G600-B15-e0.75,capped,600.0,15.0,0.75,0.0,600.0,51.48740035999997,115.56306699999999,0.8016351924470703,109.03421522,37.2474281599999
2,1,5,CAP-G600-B15-e0.9,capped,600.0,15.0,0.9,0.0,600.0,50.43296233999996,154.601406,0.8163236617766517,109.03421522,37.2474281599999
2,1,5,CAP-G600-B15-e0.95,capped,600.0,15.0,0.95,0.0,600.0,50.12230687999999,154.601406,0.8206511358526306,109.03421522,37.2474281599999
2,1,5,CAP-G600-B30-e0,capped,600.0,30.0,0.0,0.0,163.5,102.76574929999937,61.821694,0.08732060838384335,109.03421522,37.2474281599999
2,1,5,CAP-G600-B30-e0.25,capped,600.0,30.0,0.25,0.0,218.0,69.62535271999954,75.493024,0.5489709752166808,109.03421522,37.2474281599999
2,1,5,CAP-G600-B30-e0.5,capped,600.0,30.0,0.5,0.0,327.0,55.92422981999999,83.60618600000001,0.7398295365358832,109.03421522,37.2474281599999
2,1,5,CAP-G600-B30-e0.75,capped,600.0,30.0,0.75,0.0,600.0,51.33761221999998,115.591116,0.8037217622203461,109.03421522,37.2474281599999
2,1,5,CAP-G600-B30-e0.9,capped,600.0,30.0,0.9,0.0,600.0,50.27638151999997,154.601406,0.8185048545338803,109.03421522,37.2474281599999
2,1,5,CAP-G600-B30-e0.95,capped,600.0,30.0,0.95,0.0,600.0,50.137123919999794,243.774554,0.8204447324097879,109.03421522,37.2474281599999
2,1,5,CAP-G600-B60-e0,capped,600.0,60.0,0.0,0.0,171.0,96.60721651999988,65.85234100000001,0.17310983272748376,109.03421522,37.2474281599999
2,1,5,CAP-G600-B60-e0.25,capped,600.0,60.0,0.25,0.0,228.0,65.83644271999992,77.766018,0.6017510222862454,109.03421522,37.2474281599999
2,1,5,CAP-G600-B60-e0.5,capped,600.0,60.0,0.5,0.0,342.0,55.28956267999989,83.60618600000001,0.7486705387034497,109.03421522,37.2474281599999
2,1,5,CAP-G600-B60-e0.75,capped,600.0,60.0,0.75,0.0,600.0,51.11423573999999,121.59243699999999,0.8068334278784468,109.03421522,37.2474281599999
2,1,5,CAP-G600-B60-e0.9,capped,600.0,60.0,0.9,0.0,600.0,50.12039183999997,202.13237,0.8206778126280994,109.03421522,37.2474281599999
2,1,5,CAP-G600-B60-e0.95,capped,600.0,60.0,0.95,0.0,600.0,50.13540131999992,261.70396,0.8204687284690966,109.03421522,37.2474281599999
2,1,5,CAP-G600-B120-e0,capped,600.0,120.0,0.0,0.0,186.0,85.0452952799996,81.04129999999999,0.3341690152527681,109.03421522,37.2474281599999
2,1,5,CAP-G600-B120-e0.25,capped,600.0,120.0,0.25,0.0,248.0,62.40673189999992,83.60618600000001,0.6495273744599876,109.03421522,37.2474281599999
2,1,5,CAP-G600-B120-e0.5,capped,600.0,120.0,0.5,0.0,372.0,53.69778747999998,115.56306699999999,0.7708441902233246,109.03421522,37.2474281599999
2,1,5,CAP-G600-B120-e0.75,capped,600.0,120.0,0.75,0.0,600.0,50.64143149999993,154.87564,0.8134196571744436,109.03421522,37.2474281599999
2,1,5,CAP-G600-B120-e0.9,capped,600.0,120.0,0.9,0.0,600.0,50.14409499999971,261.70396,0.8203476242888451,109.03421522,37.2474281599999
2,1,5,CAP-G600-B120-e0.95,capped,600.0,120.0,0.95,0.0,600.0,50.13540131999992,261.70396,0.8204687284690966,109.03421522,37.2474281599999
2,1,5,CAP-G600-B240-e0,capped,600.0,240.0,0.0,0.0,216.0,70.94597227999994,90.162307,0.530574559746845,109.03421522,37.2474281599999
2,1,5,CAP-G600-B240-e0.25,capped,600.0,240.0,0.25,0.0,288.0,56.49019663999996,120.655885,0.7319455394498048,109.03421522,37.2474281599999
2,1,5,CAP-G600-B240-e0.5,capped,600.0,240.0,0.5,0.0,432.0,51.637830359999995,154.849036,0.7995396814740788,109.03421522,37.2474281599999
2,1,5,CAP-G600-B240-e0.75,capped,600.0,240.0,0.75,0.0,600.0,50.071422259999984,243.774554,0.8213599657374042,109.03421522,37.2474281599999
2,1,5,CAP-G600-B240-e0.9,capped,600.0,240.0,0.9,0.0,600.0,50.13540131999992,261.70396,0.8204687284690966,109.03421522,37.2474281599999
2,1,5,CAP-G600-B240-e0.95,capped,600.0,240.0,0.95,0.0,600.0,50.13540131999992,261.70396,0.8204687284690966,109.03421522,37.2474281599999
2,1,5,CAP-G600-B360-e0,capped,600.0,360.0,0.0,0.0,246.0,62.07635473999997,120.655885,0.6541295745796811,109.03421522,37.2474281599999
2,1,5,CAP-G600-B360-e0.25,capped,600.0,360.0,0.25,0.0,328.0,53.66232459999999,154.658667,0.7713381931095431,109.03421522,37.2474281599999
2,1,5,CAP-G600-B360-e0.5,capped,600.0,360.0,0.5,0.0,492.0,50.73594773999997,213.948795,0.8121030327109328,109.03421522,37.2474281599999
2,1,5,CAP-G600-B360-e0.75,capped,600.0,360.0,0.75,0.0,600.0,50.15206935999999,261.70396,0.8202365403369527,109.03421522,37.2474281599999
2,1,5,CAP-G600-B360-e0.9,capped,600.0,360.0,0.9,0.0,600.0,50.13540131999992,261.70396,0.8204687284690966,109.03421522,37.2474281599999
2,1,5,CAP-G600-B360-e0.95,capped,600.0,360.0,0.95,0.0,600.0,50.13540131999992,261.70396,0.8204687284690966,109.03421522,37.2474281599999
2,1,5,CAP-G600-B480-e0,capped,600.0,480.0,0.0,0.0,276.0,57.919036399999804,154.626514,0.7120416014339467,109.03421522,37.2474281599999
2,1,5,CAP-G600-B480-e0.25,capped,600.0,480.0,0.25,0.0,368.0,52.14339543999995,162.24177699999998,0.7924970890875802,109.03421522,37.2474281599999
2,1,5,CAP-G600-B480-e0.5,capped,600.0,480.0,0.5,0.0,552.0,50.499154959999935,243.774554,0.8154015893074569,109.03421522,37.2474281599999
2,1,5,CAP-G600-B480-e0.75,capped,600.0,480.0,0.75,0.0,600.0,50.13540131999992,261.70396,0.8204687284690966,109.03421522,37.2474281599999
2,1,5,CAP-G600-B480-e0.9,capped,600.0,480.0,0.9,0.0,600.0,50.13540131999992,261.70396,0.8204687284690966,109.03421522,37.2474281599999
2,1,5,CAP-G600-B480-e0.95,capped,600.0,480.0,0.95,0.0,600.0,50.13540131999992,261.70396,0.8204687284690966,109.03421522,37.2474281599999
2,1,5,CAP-G600-B600-e0,capped,600.0,600.0,0.0,0.0,306.0,55.48804197999995,162.15048499999997,0.7459056942504703,109.03421522,37.2474281599999
2,1,5,CAP-G600-B600-e0.25,capped,600.0,600.0,0.25,0.0,408.0,51.38195085999999,214.03850599999998,0.8031041187539663,109.03421522,37.2474281599999
2,1,5,CAP-G600-B600-e0.5,capped,600.0,600.0,0.5,0.0,600.0,50.097705699999985,261.70396,0.8209938337362878,109.03421522,37.2474281599999
2,1,5,CAP-G600-B600-e0.75,capped,600.0,600.0,0.75,0.0,600.0,50.13540131999992,261.70396,0.8204687284690966,109.03421522,37.2474281599999
2,1,5,CAP-G600-B600-e0.9,capped,600.0,600.0,0.9,0.0,600.0,50.13540131999992,261.70396,0.8204687284690966,109.03421522,37.2474281599999
2,1,5,CAP-G600-B600-e0.95,capped,600.0,600.0,0.95,0.0,600.0,50.13540131999992,261.70396,0.8204687284690966,109.03421522,37.2474281599999
2,1,5,HYB-G600-B0-g1-e0,hybrid,600.0,0.0,0.0,1.0,600.0,73.8457451599999,61.797733,0.4901803173136755,109.03421522,37.2474281599999
2,1,5,HYB-G600-B0-g1-e0.9,hybrid,600.0,0.0,0.9,1.0,600.0,50.192085979999995,154.601406,0.8196791032146232,109.03421522,37.2474281599999
2,1,5,HYB-G600-B0-g4-e0,hybrid,600.0,0.0,0.0,4.0,600.0,59.69662877999983,61.364897,0.687279490566465,109.03421522,37.2474281599999
2,1,5,HYB-G600-B0-g4-e0.9,hybrid,600.0,0.0,0.9,4.0,600.0,50.13416221999999,157.592229,0.820485989305675,109.03421522,37.2474281599999
2,1,5,HYB-G600-B0-g16-e0,hybrid,600.0,0.0,0.0,16.0,600.0,51.23770493999998,62.566662,0.8051134846262604,109.03421522,37.2474281599999
2,1,5,HYB-G600-B0-g16-e0.9,hybrid,600.0,0.0,0.9,16.0,600.0,50.135979,243.945721,0.8204606813057712,109.03421522,37.2474281599999
2,1,5,HYB-G600-B30-g1-e0,hybrid,600.0,30.0,0.0,1.0,600.0,70.53860237999947,61.831383,0.5362492795202759,109.03421522,37.2474281599999
2,1,5,HYB-G600-B30-g1-e0.9,hybrid,600.0,30.0,0.9,1.0,600.0,50.153074339999996,156.79881400000002,0.82022254082477,109.03421522,37.2474281599999
2,1,5,HYB-G600-B30-g4-e0,hybrid,600.0,30.0,0.0,4.0,600.0,57.305149859999986,61.756521,0.7205931269324584,109.03421522,37.2474281599999
2,1,5,HYB-G600-B30-g4-e0.9,hybrid,600.0,30.0,0.9,4.0,600.0,50.14757809999996,211.39843000000002,0.8202991042179114,109.03421522,37.2474281599999
2,1,5,HYB-G600-B30-g16-e0,hybrid,600.0,30.0,0.0,16.0,600.0,51.05132049999997,79.405704,0.8077098459851304,109.03421522,37.2474281599999
2,1,5,HYB-G600-B30-g16-e0.9,hybrid,600.0,30.0,0.9,16.0,600.0,50.13540131999992,245.973031,0.8204687284690966,109.03421522,37.2474281599999
2,1,5,HYB-G600-B120-g1-e0,hybrid,600.0,120.0,0.0,1.0,600.0,64.53991847999984,81.04129999999999,0.6198117865730832,109.03421522,37.2474281599999
2,1,5,HYB-G600-B120-g1-e0.9,hybrid,600.0,120.0,0.9,1.0,600.0,50.13540131999992,261.70396,0.8204687284690966,109.03421522,37.2474281599999
2,1,5,HYB-G600-B120-g4-e0,hybrid,600.0,120.0,0.0,4.0,600.0,54.656593179999895,81.04129999999999,0.7574878925080009,109.03421522,37.2474281599999
2,1,5,HYB-G600-B120-g4-e0.9,hybrid,600.0,120.0,0.9,4.0,600.0,50.13540131999992,261.70396,0.8204687284690966,109.03421522,37.2474281599999
2,1,5,HYB-G600-B120-g16-e0,hybrid,600.0,120.0,0.0,16.0,600.0,50.754794759999925,94.212581,0.8118404910821481,109.03421522,37.2474281599999
2,1,5,HYB-G600-B120-g16-e0.9,hybrid,600.0,120.0,0.9,16.0,600.0,50.13540131999992,261.70396,0.8204687284690966,109.03421522,37.2474281599999
2,1,5,CAP-G1200-B0-e0,capped,1200.0,0.0,0.0,0.0,156.0,109.03421522,0.0,0.0,109.03421522,37.2474281599999
2,1,5,CAP-G1200-B0-e0.25,capped,1200.0,0.0,0.25,0.0,208.0,77.24949265999994,88.99304099999999,0.4427656378246051,109.03421522,37.2474281599999
2,1,5,CAP-G1200-B0-e0.5,capped,1200.0,0.0,0.5,0.0,312.0,57.37335088,110.86093000000001,0.7196430771699163,109.03421522,37.2474281599999
2,1,5,CAP-G1200-B0-e0.75,capped,1200.0,0.0,0.75,0.0,624.0,51.36057805999998,83.60618600000001,0.8034018448519757,109.03421522,37.2474281599999
2,1,5,CAP-G1200-B0-e0.9,capped,1200.0,0.0,0.9,0.0,1200.0,49.88532525999997,154.601406,0.8239523230168081,109.03421522,37.2474281599999
2,1,5,CAP-G1200-B0-e0.95,capped,1200.0,0.0,0.95,0.0,1200.0,49.14552205999996,154.601406,0.8342578852281616,109.03421522,37.2474281599999
2,1,5,CAP-G1200-B15-e0.25,capped,1200.0,15.0,0.25,0.0,213.0,71.07553555999988,75.493024,0.5287697251065698,109.03421522,37.2474281599999
2,1,5,CAP-G1200-B15-e0.5,capped,1200.0,15.0,0.5,0.0,319.5,56.378494239999924,83.60618600000001,0.7335015695296393,109.03421522,37.2474281599999
2,1,5,CAP-G1200-B15-e0.75,capped,1200.0,15.0,0.75,0.0,639.0,50.84485041999992,115.56306699999999,0.8105860031228983,109.03421522,37.2474281599999
2,1,5,CAP-G1200-B15-e0.9,capped,1200.0,15.0,0.9,0.0,1200.0,49.46107839999995,154.601406,0.8298621412072424,109.03421522,37.2474281599999
2,1,5,CAP-G1200-B15-e0.95,capped,1200.0,15.0,0.95,0.0,1200.0,49.09138491999995,154.601406,0.8350120231721645,109.03421522,37.2474281599999
2,1,5,CAP-G1200-B30-e0.25,capped,1200.0,30.0,0.25,0.0,218.0,69.62535271999954,75.493024,0.5489709752166808,109.03421522,37.2474281599999
2,1,5,CAP-G1200-B30-e0.5,capped,1200.0,30.0,0.5,0.0,327.0,55.41612463999985,83.60618600000001,0.7469075128712144,109.03421522,37.2474281599999
2,1,5,CAP-G1200-B30-e0.75,capped,1200.0,30.0,0.75,0.0,654.0,50.76911625999998,115.591116,0.8116409905809195,109.03421522,37.2474281599999
2,1,5,CAP-G1200-B30-e0.9,capped,1200.0,30.0,0.9,0.0,1200.0,49.227155159999874,154.601406,0.8331207247095875,109.03421522,37.2474281599999
2,1,5,CAP-G1200-B30-e0.95,capped,1200.0,30.0,0.95,0.0,1200.0,49.06073673999997,243.774554,0.8354389566129156,109.03421522,37.2474281599999
2,1,5,CAP-G1200-B60-e0.25,capped,1200.0,60.0,0.25,0.0,228.0,65.83644271999992,77.766018,0.6017510222862454,109.03421522,37.2474281599999
2,1,5,CAP-G1200-B60-e0.5,capped,1200.0,60.0,0.5,0.0,342.0,54.757278719999945,83.60618600000001,0.7560853288312633,109.03421522,37.2474281599999
2,1,5,CAP-G1200-B60-e0.75,capped,1200.0,60.0,0.75,0.0,684.0,50.42619641999998,121.59243699999999,0.8164179119900555,109.03421522,37.2474281599999
2,1,5,CAP-G1200-B60-e0.9,capped,1200.0,60.0,0.9,0.0,1200.0,49.03778267999997,202.13237,0.8357587098842356,109.03421522,37.2474281599999
2,1,5,CAP-G1200-B60-e0.95,capped,1200.0,60.0,0.95,0.0,1200.0,49.04375137999999,261.70396,0.8356755650571099,109.03421522,37.2474281599999
2,1,5,CAP-G1200-B120-e0.25,capped,1200.0,120.0,0.25,0.0,248.0,62.40673189999992,83.60618600000001,0.6495273744599876,109.03421522,37.2474281599999
2,1,5,CAP-G1200-B120-e0.5,capped,1200.0,120.0,0.5,0.0,372.0,53.05432951999998,115.56306699999999,0.7798076497449521,109.03421522,37.2474281599999
2,1,5,CAP-G1200-B120-e0.75,capped,1200.0,120.0,0.75,0.0,744.0,49.78670861999982,154.87564,0.8253260666267251,109.03421522,37.2474281599999
2,1,5,CAP-G1200-B120-e0.9,capped,1200.0,120.0,0.9,0.0,1200.0,49.07989283999993,261.70396,0.8351721094564333,109.03421522,37.2474281599999
2,1,5,CAP-G1200-B120-e0.95,capped,1200.0,120.0,0.95,0.0,1200.0,49.04873301999999,261.70396,0.8356061701140567,109.03421522,37.2474281599999
2,1,5,CAP-G1200-B240-e0.25,capped,1200.0,240.0,0.25,0.0,288.0,56.49472134,120.655885,0.7318825097449615,109.03421522,37.2474281599999
2,1,5,CAP-G1200-B240-e0.5,capped,1200.0,240.0,0.5,0.0,432.0,51.05430483999988,154.849036,0.8076682737108702,109.03421522,37.2474281599999
2,1,5,CAP-G1200-B240-e0.75,capped,1200.0,240.0,0.75,0.0,864.0,49.11808171999989,243.774554,0.8346401330083434,109.03421522,37.2474281599999
2,1,5,CAP-G1200-B240-e0.9,capped,1200.0,240.0,0.9,0.0,1200.0,49.04932134,261.70396,0.8355979747340417,109.03421522,37.2474281599999
2,1,5,CAP-G1200-B240-e0.95,capped,1200.0,240.0,0.95,0.0,1200.0,49.04873301999999,261.70396,0.8356061701140567,109.03421522,37.2474281599999
2,1,5,CAP-G1200-B360-e0.25,capped,1200.0,360.0,0.25,0.0,328.0,53.61838945999999,154.658667,0.7719502157643985,109.03421522,37.2474281599999
2,1,5,CAP-G1200-B360-e0.5,capped,1200.0,360.0,0.5,0.0,492.0,50.179659999999984,213.948795,0.8198521988567172,109.03421522,37.2474281599999
2,1,5,CAP-G1200-B360-e0.75,capped,1200.0,360.0,0.75,0.0,984.0,49.11004201999992,261.70396,0.8347521271555846,109.03421522,37.2474281599999
2,1,5,CAP-G1200-B360-e0.9,capped,1200.0,360.0,0.9,0.0,1200.0,49.04873301999999,261.70396,0.8356061701140567,109.03421522,37.2474281599999
2,1,5,CAP-G1200-B360-e0.95,capped,1200.0,360.0,0.95,0.0,1200.0,49.04873301999999,261.70396,0.8356061701140567,109.03421522,37.2474281599999
2,1,5,CAP-G1200-B480-e0.25,capped,1200.0,480.0,0.25,0.0,368.0,52.15743485999991,162.24177699999998,0.7923015180002682,109.03421522,37.2474281599999
2,1,5,CAP-G1200-B480-e0.5,capped,1200.0,480.0,0.5,0.0,552.0,49.892922799999795,243.774554,0.823846488220309,109.03421522,37.2474281599999
2,1,5,CAP-G1200-B480-e0.75,capped,1200.0,480.0,0.75,0.0,1104.0,49.110907379999965,261.70396,0.83474007256956,109.03421522,37.2474281599999
2,1,5,CAP-G1200-B480-e0.9,capped,1200.0,480.0,0.9,0.0,1200.0,49.04873301999999,261.70396,0.8356061701140567,109.03421522,37.2474281599999
2,1,5,CAP-G1200-B480-e0.95,capped,1200.0,480.0,0.95,0.0,1200.0,49.04873301999999,261.70396,0.8356061701140567,109.03421522,37.2474281599999
2,1,5,CAP-G1200-B600-e0.25,capped,1200.0,600.0,0.25,0.0,408.0,51.395860399999954,214.03850599999998,0.8029103569132484,109.03421522,37.2474281599999
2,1,5,CAP-G1200-B600-e0.5,capped,1200.0,600.0,0.5,0.0,612.0,49.32635885999999,261.70396,0.8317388032716326,109.03421522,37.2474281599999
2,1,5,CAP-G1200-B600-e0.75,capped,1200.0,600.0,0.75,0.0,1200.0,49.04984736,261.70396,0.8355906472017542,109.03421522,37.2474281599999
2,1,5,CAP-G1200-B600-e0.9,capped,1200.0,600.0,0.9,0.0,1200.0,49.04873301999999,261.70396,0.8356061701140567,109.03421522,37.2474281599999
2,1,5,CAP-G1200-B600-e0.95,capped,1200.0,600.0,0.95,0.0,1200.0,49.04873301999999,261.70396,0.8356061701140567,109.03421522,37.2474281599999
2,1,5,HYB-G1200-B0-g1-e0,hybrid,1200.0,0.0,0.0,1.0,1200.0,73.84290347999996,61.797733,0.49021990231415136,109.03421522,37.2474281599999
2,1,5,HYB-G1200-B0-g1-e0.9,hybrid,1200.0,0.0,0.9,1.0,1200.0,49.12988527999997,154.601406,0.8344757077640402,109.03421522,37.2474281599999
2,1,5,HYB-G1200-B0-g4-e0,hybrid,1200.0,0.0,0.0,4.0,1200.0,59.225041019999864,61.364897,0.6938487741256498,109.03421522,37.2474281599999
2,1,5,HYB-G1200-B0-g4-e0.9,hybrid,1200.0,0.0,0.9,4.0,1200.0,49.129515999999974,157.592229,0.8344808518861707,109.03421522,37.2474281599999
2,1,5,HYB-G1200-B0-g16-e0,hybrid,1200.0,0.0,0.0,16.0,1200.0,50.462607479999946,62.566662,0.8159107008236116,109.03421522,37.2474281599999
2,1,5,HYB-G1200-B0-g16-e0.9,hybrid,1200.0,0.0,0.9,16.0,1200.0,49.04984736,243.945721,0.8355906472017542,109.03421522,37.2474281599999
2,1,5,HYB-G1200-B30-g1-e0,hybrid,1200.0,30.0,0.0,1.0,1200.0,70.53340623999993,61.831383,0.536321662478371,109.03421522,37.2474281599999
2,1,5,HYB-G1200-B30-g1-e0.9,hybrid,1200.0,30.0,0.9,1.0,1200.0,49.03845249999996,156.79881400000002,0.835749379197804,109.03421522,37.2474281599999
2,1,5,HYB-G1200-B30-g4-e0,hybrid,1200.0,30.0,0.0,4.0,1200.0,57.00953447999998,61.756521,0.7247110905871478,109.03421522,37.2474281599999
2,1,5,HYB-G1200-B30-g4-e0.9,hybrid,1200.0,30.0,0.9,4.0,1200.0,49.06099429999999,211.39843000000002,0.835435368766035,109.03421522,37.2474281599999
2,1,5,HYB-G1200-B30-g16-e0,hybrid,1200.0,30.0,0.0,16.0,1200.0,50.35535343999999,79.405704,0.8174047646254964,109.03421522,37.2474281599999
2,1,5,HYB-G1200-B30-g16-e0.9,hybrid,1200.0,30.0,0.9,16.0,1200.0,49.05052841999998,245.973031,0.8355811599405482,109.03421522,37.2474281599999
2,1,5,HYB-G1200-B120-g1-e0,hybrid,1200.0,120.0,0.0,1.0,1200.0,64.52988173999995,81.04129999999999,0.6199515997672788,109.03421522,37.2474281599999
2,1,5,HYB-G1200-B120-g1-e0.9,hybrid,1200.0,120.0,0.9,1.0,1200.0,49.04407267999998,261.70396,0.8356710893031007,109.03421522,37.2474281599999
2,1,5,HYB-G1200-B120-g4-e0,hybrid,1200.0,120.0,0.0,4.0,1200.0,54.28847679999997,81.04129999999999,0.7626158052489939,109.03421522,37.2474281599999
2,1,5,HYB-G1200-B120-g4-e0.9,hybrid,1200.0,120.0,0.9,4.0,1200.0,49.04984736,261.70396,0.8355906472017542,109.03421522,37.2474281599999
2,1,5,HYB-G1200-B120-g16-e0,hybrid,1200.0,120.0,0.0,16.0,1200.0,50.008161939999965,94.212581,0.8222411908568282,109.03421522,37.2474281599999
2,1,5,HYB-G1200-B120-g16-e0.9,hybrid,1200.0,120.0,0.9,16.0,1200.0,49.04873301999999,261.70396,0.8356061701140567,109.03421522,37.2474281599999
2,2,4,SJF,reference,-1.0,-1.0,-1.0,-1.0,inf,45.121356399999996,297.164113,1.0,212.460601,45.121356399999996
2,2,4,SPJF-E,reference,-1.0,-1.0,-1.0,-1.0,inf,67.80555321999998,1333.805004,0.8644418595636473,212.460601,45.121356399999996
2,2,4,FIX-B15,fixed,-1.0,15.0,0.0,0.0,153.75,213.62159341999964,56.667794,-0.006937956620844243,212.460601,45.121356399999996
2,2,4,FIX-B17.99,fixed,-1.0,17.99,0.0,0.0,154.4975,214.27243923999958,62.077527,-0.010827336076068244,212.460601,45.121356399999996
2,2,4,FIX-B21.576,fixed,-1.0,21.576,0.0,0.0,155.394,214.04091911999967,62.077527,-0.00944379857682036,212.460601,45.121356399999996
2,2,4,FIX-B25.877,fixed,-1.0,25.877,0.0,0.0,156.46925,214.18637303999984,62.077527,-0.010313014404511297,212.460601,45.121356399999996
2,2,4,FIX-B30,fixed,-1.0,30.0,0.0,0.0,157.5,214.18267473999992,62.077527,-0.010290913790822311,212.460601,45.121356399999996
2,2,4,FIX-B31.035,fixed,-1.0,31.035,0.0,0.0,157.75875,214.20979025999972,62.077527,-0.010452953006815022,212.460601,45.121356399999996
2,2,4,FIX-B37.222,fixed,-1.0,37.222,0.0,0.0,159.3055,214.60110055999994,62.077527,-0.012791378167843948,212.460601,45.121356399999996
2,2,4,FIX-B44.641,fixed,-1.0,44.641,0.0,0.0,161.16025,214.54763411999963,62.077527,-0.012471868897151885,212.460601,45.121356399999996
2,2,4,FIX-B53.54,fixed,-1.0,53.54,0.0,0.0,163.385,214.8041043999999,73.95731400000001,-0.014004505671109557,212.460601,45.121356399999996
2,2,4,FIX-B60,fixed,-1.0,60.0,0.0,0.0,165.0,214.30508207999992,73.95731400000001,-0.011022405918043227,212.460601,45.121356399999996
2,2,4,FIX-B64.212,fixed,-1.0,64.212,0.0,0.0,166.053,213.28451155999988,73.95731400000001,-0.004923594354506175,212.460601,45.121356399999996
2,2,4,FIX-B77.012,fixed,-1.0,77.012,0.0,0.0,169.253,212.0821106399997,77.015882,0.002261814680142789,212.460601,45.121356399999996
2,2,4,FIX-B92.363,fixed,-1.0,92.363,0.0,0.0,173.09075,211.25673835999956,77.015882,0.007194144104558946,212.460601,45.121356399999996
2,2,4,FIX-B110.774,fixed,-1.0,110.774,0.0,0.0,177.6935,209.67863805999934,77.191123,0.01662468924519487,212.460601,45.121356399999996
2,2,4,FIX-B120,fixed,-1.0,120.0,0.0,0.0,180.0,207.97799537999984,81.280832,0.026787533496491937,212.460601,45.121356399999996
2,2,4,FIX-B132.855,fixed,-1.0,132.855,0.0,0.0,183.21375,204.10178927999962,84.30562,0.049951293493531015,212.460601,45.121356399999996
2,2,4,FIX-B159.338,fixed,-1.0,159.338,0.0,0.0,189.8345,196.589155879999,113.689918,0.09484592307046305,212.460601,45.121356399999996
2,2,4,FIX-B191.099,fixed,-1.0,191.099,0.0,0.0,197.77474999999998,192.58998943999907,122.158704,0.11874447985885628,212.460601,45.121356399999996
2,2,4,FIX-B229.192,fixed,-1.0,229.192,0.0,0.0,207.298,182.02776351999978,122.564115,0.18186312214295855,212.460601,45.121356399999996
2,2,4,FIX-B240,fixed,-1.0,240.0,0.0,0.0,210.0,179.5093062799998,122.564115,0.19691313175678213,212.460601,45.121356399999996
2,2,4,FIX-B274.878,fixed,-1.0,274.878,0.0,0.0,218.71949999999998,174.76688479999996,127.572451,0.2252532948269329,212.460601,45.121356399999996
2,2,4,FIX-B329.671,fixed,-1.0,329.671,0.0,0.0,232.41775,164.75817745999996,127.68386400000001,0.2850641740018948,212.460601,45.121356399999996
2,2,4,FIX-B360,fixed,-1.0,360.0,0.0,0.0,240.0,160.35687943999986,133.232268,0.3113658226708652,212.460601,45.121356399999996
2,2,4,FIX-B395.386,fixed,-1.0,395.386,0.0,0.0,248.8465,157.92986303999862,144.640751,0.32586939238520607,212.460601,45.121356399999996
2,2,4,FIX-B474.201,fixed,-1.0,474.201,0.0,0.0,268.55025,145.87049355999974,175.827809,0.39793479168125906,212.460601,45.121356399999996
2,2,4,FIX-B480,fixed,-1.0,480.0,0.0,0.0,270.0,144.72389485999994,175.827809,0.4047867330936909,212.460601,45.121356399999996
2,2,4,FIX-B568.726,fixed,-1.0,568.726,0.0,0.0,292.1815,132.40795161999995,184.18730499999998,0.47838538754823595,212.460601,45.121356399999996
2,2,4,FIX-B600,fixed,-1.0,600.0,0.0,0.0,300.0,127.6831514799998,184.18730499999998,0.5066202475256076,212.460601,45.121356399999996
2,2,4,FIX-B682.093,fixed,-1.0,682.093,0.0,0.0,320.52324999999996,116.53805907999964,195.62473599999998,0.5732220325799198,212.460601,45.121356399999996
2,2,4,FIX-B818.058,fixed,-1.0,818.058,0.0,0.0,354.5145,106.53088339999982,234.080625,0.6330237587316094,212.460601,45.121356399999996
2,2,4,FIX-B981.126,fixed,-1.0,981.126,0.0,0.0,395.2815,100.60762307999973,267.859679,0.6684204783364982,212.460601,45.121356399999996
2,2,4,FIX-B1176.7,fixed,-1.0,1176.699,0.0,0.0,444.17475,92.15994511999985,325.602777,0.7189028262172528,212.460601,45.121356399999996
2,2,4,FIX-B1411.26,fixed,-1.0,1411.256,0.0,0.0,502.814,87.40577549999988,384.615241,0.7473131948152713,212.460601,45.121356399999996
2,2,4,FIX-B1692.57,fixed,-1.0,1692.569,0.0,0.0,573.14225,81.18107943999986,442.813732,0.7845112595900899,212.460601,45.121356399999996
2,2,4,FIX-B2029.96,fixed,-1.0,2029.958,0.0,0.0,657.4895,78.51217544,527.14289,0.800460321666828,212.460601,45.121356399999996
2,2,4,FIX-B2434.6,fixed,-1.0,2434.6,0.0,0.0,758.65,76.37761173999998,629.580981,0.813216227820835,212.460601,45.121356399999996
2,2,4,FIX-B2919.9,fixed,-1.0,2919.901,0.0,0.0,879.97525,75.99997436,751.028293,0.815472945191005,212.460601,45.121356399999996
2,2,4,FIX-B3501.94,fixed,-1.0,3501.94,0.0,0.0,1025.4850000000001,74.23494947999967,924.041389,0.8260205300341145,212.460601,45.121356399999996
2,2,4,FIX-B4200,fixed,-1.0,4200.0,0.0,0.0,1200.0,72.93165553999995,1075.190317,0.8338088641043145,212.460601,45.121356399999996
2,2,4,FIXEQ-G300,fixed,300.0,inf,0.0,0.0,300.0,127.6831514799998,184.18730499999998,0.5066202475256076,212.460601,45.121356399999996
2,2,4,CAP-G300-B0-e0,capped,300.0,0.0,0.0,0.0,150.0,212.460601,0.0,0.0,212.460601,45.121356399999996
2,2,4,CAP-G300-B0-e0.25,capped,300.0,0.0,0.25,0.0,200.0,171.81340711999977,88.804363,0.24290293635041443,212.460601,45.121356399999996
2,2,4,CAP-G300-B0-e0.5,capped,300.0,0.0,0.5,0.0,300.0,128.32637313999967,104.99974800000001,0.5027764291700425,212.460601,45.121356399999996
2,2,4,CAP-G300-B0-e0.75,capped,300.0,0.0,0.75,0.0,300.0,124.07411103999992,161.810163,0.5281874563930001,212.460601,45.121356399999996
2,2,4,CAP-G300-B0-e0.9,capped,300.0,0.0,0.9,0.0,300.0,124.9872051799999,187.36818200000002,0.5227309112640759,212.460601,45.121356399999996
2,2,4,CAP-G300-B0-e0.95,capped,300.0,0.0,0.95,0.0,300.0,126.81308207999987,187.36818200000002,0.5118196817771468,212.460601,45.121356399999996
2,2,4,CAP-G300-B15-e0,capped,300.0,15.0,0.0,0.0,153.75,213.62159341999964,56.667794,-0.006937956620844243,212.460601,45.121356399999996
2,2,4,CAP-G300-B15-e0.25,capped,300.0,15.0,0.25,0.0,205.0,160.55460527999932,73.959759,0.3101842358860551,212.460601,45.121356399999996
2,2,4,CAP-G300-B15-e0.5,capped,300.0,15.0,0.5,0.0,300.0,126.3839366399998,124.486727,0.5143842053652977,212.460601,45.121356399999996
2,2,4,CAP-G300-B15-e0.75,capped,300.0,15.0,0.75,0.0,300.0,123.02991903999897,161.810163,0.5344274271930174,212.460601,45.121356399999996
2,2,4,CAP-G300-B15-e0.9,capped,300.0,15.0,0.9,0.0,300.0,126.34030569999985,184.867978,0.5146449388238732,212.460601,45.121356399999996
2,2,4,CAP-G300-B15-e0.95,capped,300.0,15.0,0.95,0.0,300.0,127.53925837999985,184.18730499999998,0.5074801360732337,212.460601,45.121356399999996
2,2,4,CAP-G300-B30-e0,capped,300.0,30.0,0.0,0.0,157.5,214.18267473999992,62.077527,-0.010290913790822311,212.460601,45.121356399999996
2,2,4,CAP-G300-B30-e0.25,capped,300.0,30.0,0.25,0.0,210.0,157.248793839999,77.191123,0.3299393832688605,212.460601,45.121356399999996
2,2,4,CAP-G300-B30-e0.5,capped,300.0,30.0,0.5,0.0,300.0,126.94256951999957,122.74050100000001,0.5110458797899966,212.460601,45.121356399999996
2,2,4,CAP-G300-B30-e0.75,capped,300.0,30.0,0.75,0.0,300.0,123.97566565999958,177.51556499999998,0.5287757546145898,212.460601,45.121356399999996
2,2,4,CAP-G300-B30-e0.9,capped,300.0,30.0,0.9,0.0,300.0,127.28456731999977,184.18730499999998,0.5090021404339495,212.460601,45.121356399999996
2,2,4,CAP-G300-B30-e0.95,capped,300.0,30.0,0.95,0.0,300.0,127.6831514799998,184.18730499999998,0.5066202475256076,212.460601,45.121356399999996
2,2,4,CAP-G300-B60-e0,capped,300.0,60.0,0.0,0.0,165.0,214.30508207999992,73.95731400000001,-0.011022405918043227,212.460601,45.121356399999996
2,2,4,CAP-G300-B60-e0.25,capped,300.0,60.0,0.25,0.0,220.0,151.23382825999974,77.401459,0.3658841229166171,212.460601,45.121356399999996
2,2,4,CAP-G300-B60-e0.5,capped,300.0,60.0,0.5,0.0,300.0,126.76332531999962,122.75569800000001,0.5121170224285833,212.460601,45.121356399999996
2,2,4,CAP-G300-B60-e0.75,capped,300.0,60.0,0.75,0.0,300.0,124.49987055999972,180.683709,0.5256431666717365,212.460601,45.121356399999996
2,2,4,CAP-G300-B60-e0.9,capped,300.0,60.0,0.9,0.0,300.0,127.6831514799998,184.18730499999998,0.5066202475256076,212.460601,45.121356399999996
2,2,4,CAP-G300-B60-e0.95,capped,300.0,60.0,0.95,0.0,300.0,127.6831514799998,184.18730499999998,0.5066202475256076,212.460601,45.121356399999996
2,2,4,CAP-G300-B120-e0,capped,300.0,120.0,0.0,0.0,180.0,207.97799537999984,81.280832,0.026787533496491937,212.460601,45.121356399999996
2,2,4,CAP-G300-B120-e0.25,capped,300.0,120.0,0.25,0.0,240.0,144.49382967999898,122.564115,0.4061615760395336,212.460601,45.121356399999996
2,2,4,CAP-G300-B120-e0.5,capped,300.0,120.0,0.5,0.0,300.0,125.40960351999996,159.604942,0.5202067075663137,212.460601,45.121356399999996
2,2,4,CAP-G300-B120-e0.75,capped,300.0,120.0,0.75,0.0,300.0,127.60880229999952,184.18730499999998,0.5070645496388267,212.460601,45.121356399999996
2,2,4,CAP-G300-B120-e0.9,capped,300.0,120.0,0.9,0.0,300.0,127.6831514799998,184.18730499999998,0.5066202475256076,212.460601,45.121356399999996
2,2,4,CAP-G300-B120-e0.95,capped,300.0,120.0,0.95,0.0,300.0,127.6831514799998,184.18730499999998,0.5066202475256076,212.460601,45.121356399999996
2,2,4,CAP-G300-B240-e0,capped,300.0,240.0,0.0,0.0,210.0,179.5093062799998,122.564115,0.19691313175678213,212.460601,45.121356399999996
2,2,4,CAP-G300-B240-e0.25,capped,300.0,240.0,0.25,0.0,280.0,132.75898059999946,139.29513699999998,0.4762876789035089,212.460601,45.121356399999996
2,2,4,CAP-G300-B240-e0.5,capped,300.0,240.0,0.5,0.0,300.0,127.66912767999975,184.18730499999998,0.5067040521348227,212.460601,45.121356399999996
2,2,4,CAP-G300-B240-e0.75,capped,300.0,240.0,0.75,0.0,300.0,127.6831514799998,184.18730499999998,0.5066202475256076,212.460601,45.121356399999996
2,2,4,CAP-G300-B240-e0.9,capped,300.0,240.0,0.9,0.0,300.0,127.6831514799998,184.18730499999998,0.5066202475256076,212.460601,45.121356399999996
2,2,4,CAP-G300-B240-e0.95,capped,300.0,240.0,0.95,0.0,300.0,127.6831514799998,184.18730499999998,0.5066202475256076,212.460601,45.121356399999996
2,2,4,CAP-G300-B360-e0,capped,300.0,360.0,0.0,0.0,240.0,160.35687943999986,133.232268,0.3113658226708652,212.460601,45.121356399999996
2,2,4,CAP-G300-B360-e0.25,capped,300.0,360.0,0.25,0.0,300.0,128.52171579999995,182.959608,0.5016090839936781,212.460601,45.121356399999996
2,2,4,CAP-G300-B360-e0.5,capped,300.0,360.0,0.5,0.0,300.0,127.6831514799998,184.18730499999998,0.5066202475256076,212.460601,45.121356399999996
2,2,4,CAP-G300-B360-e0.75,capped,300.0,360.0,0.75,0.0,300.0,127.6831514799998,184.18730499999998,0.5066202475256076,212.460601,45.121356399999996
2,2,4,CAP-G300-B360-e0.9,capped,300.0,360.0,0.9,0.0,300.0,127.6831514799998,184.18730499999998,0.5066202475256076,212.460601,45.121356399999996
2,2,4,CAP-G300-B360-e0.95,capped,300.0,360.0,0.95,0.0,300.0,127.6831514799998,184.18730499999998,0.5066202475256076,212.460601,45.121356399999996
2,2,4,CAP-G300-B480-e0,capped,300.0,480.0,0.0,0.0,270.0,144.72389485999994,175.827809,0.4047867330936909,212.460601,45.121356399999996
2,2,4,CAP-G300-B480-e0.25,capped,300.0,480.0,0.25,0.0,300.0,127.6831514799998,184.18730499999998,0.5066202475256076,212.460601,45.121356399999996
2,2,4,CAP-G300-B480-e0.5,capped,300.0,480.0,0.5,0.0,300.0,127.6831514799998,184.18730499999998,0.5066202475256076,212.460601,45.121356399999996
2,2,4,CAP-G300-B480-e0.75,capped,300.0,480.0,0.75,0.0,300.0,127.6831514799998,184.18730499999998,0.5066202475256076,212.460601,45.121356399999996
2,2,4,CAP-G300-B480-e0.9,capped,300.0,480.0,0.9,0.0,300.0,127.6831514799998,184.18730499999998,0.5066202475256076,212.460601,45.121356399999996
2,2,4,CAP-G300-B480-e0.95,capped,300.0,480.0,0.95,0.0,300.0,127.6831514799998,184.18730499999998,0.5066202475256076,212.460601,45.121356399999996
2,2,4,HYB-G300-B0-g1-e0,hybrid,300.0,0.0,0.0,1.0,300.0,173.23213371999967,53.992453000000005,0.23442479003517822,212.460601,45.121356399999996
2,2,4,HYB-G300-B0-g1-e0.9,hybrid,300.0,0.0,0.9,1.0,300.0,126.91106728,187.36818200000002,0.511234133538093,212.460601,45.121356399999996
2,2,4,HYB-G300-B0-g4-e0,hybrid,300.0,0.0,0.0,4.0,300.0,144.96988407999967,53.930136000000005,0.40331672992385625,212.460601,45.121356399999996
2,2,4,HYB-G300-B0-g4-e0.9,hybrid,300.0,0.0,0.9,4.0,300.0,127.40769009999985,184.18730499999998,0.5082663729199131,212.460601,45.121356399999996
2,2,4,HYB-G300-B0-g16-e0,hybrid,300.0,0.0,0.0,16.0,300.0,129.84479471999995,77.191123,0.4937025171679306,212.460601,45.121356399999996
2,2,4,HYB-G300-B0-g16-e0.9,hybrid,300.0,0.0,0.9,16.0,300.0,127.66995011999985,184.18730499999998,0.5066991373283642,212.460601,45.121356399999996
2,2,4,HYB-G300-B30-g1-e0,hybrid,300.0,30.0,0.0,1.0,300.0,169.14450595999992,62.077527,0.2588519814556404,212.460601,45.121356399999996
2,2,4,HYB-G300-B30-g1-e0.9,hybrid,300.0,30.0,0.9,1.0,300.0,127.5606462599998,184.18730499999998,0.5073523245724045,212.460601,45.121356399999996
2,2,4,HYB-G300-B30-g4-e0,hybrid,300.0,30.0,0.0,4.0,300.0,142.36944285999994,62.077527,0.4188566663339656,212.460601,45.121356399999996
2,2,4,HYB-G300-B30-g4-e0.9,hybrid,300.0,30.0,0.9,4.0,300.0,127.6363905399996,184.18730499999998,0.506899685502706,212.460601,45.121356399999996
2,2,4,HYB-G300-B30-g16-e0,hybrid,300.0,30.0,0.0,16.0,300.0,130.37265959999993,88.804363,0.49054805760728326,212.460601,45.121356399999996
2,2,4,HYB-G300-B30-g16-e0.9,hybrid,300.0,30.0,0.9,16.0,300.0,127.6831514799998,184.18730499999998,0.5066202475256076,212.460601,45.121356399999996
2,2,4,HYB-G300-B120-g1-e0,hybrid,300.0,120.0,0.0,1.0,300.0,158.28229725999992,81.280832,0.3237632861885172,212.460601,45.121356399999996
2,2,4,HYB-G300-B120-g1-e0.9,hybrid,300.0,120.0,0.9,1.0,300.0,127.6831514799998,184.18730499999998,0.5066202475256076,212.460601,45.121356399999996
2,2,4,HYB-G300-B120-g4-e0,hybrid,300.0,120.0,0.0,4.0,300.0,132.80101211999903,98.09079700000001,0.47603650339414144,212.460601,45.121356399999996
2,2,4,HYB-G300-B120-g4-e0.9,hybrid,300.0,120.0,0.9,4.0,300.0,127.6831514799998,184.18730499999998,0.5066202475256076,212.460601,45.121356399999996
2,2,4,HYB-G300-B120-g16-e0,hybrid,300.0,120.0,0.0,16.0,300.0,128.4819618399999,122.476381,0.50184664906752,212.460601,45.121356399999996
2,2,4,HYB-G300-B120-g16-e0.9,hybrid,300.0,120.0,0.9,16.0,300.0,127.6831514799998,184.18730499999998,0.5066202475256076,212.460601,45.121356399999996
2,2,4,FIXEQ-G600,fixed,600.0,inf,0.0,0.0,600.0,81.0491607999997,470.72132,0.7852995901476676,212.460601,45.121356399999996
2,2,4,CAP-G600-B0-e0,capped,600.0,0.0,0.0,0.0,150.0,212.460601,0.0,0.0,212.460601,45.121356399999996
2,2,4,CAP-G600-B0-e0.25,capped,600.0,0.0,0.25,0.0,200.0,168.58373189999887,88.804363,0.26220310247534806,212.460601,45.121356399999996
2,2,4,CAP-G600-B0-e0.5,capped,600.0,0.0,0.5,0.0,300.0,109.83014921999971,104.99974800000001,0.6133077272179839,212.460601,45.121356399999996
2,2,4,CAP-G600-B0-e0.75,capped,600.0,0.0,0.75,0.0,600.0,88.36048291999994,161.810163,0.7416079735309147,212.460601,45.121356399999996
2,2,4,CAP-G600-B0-e0.9,capped,600.0,0.0,0.9,0.0,600.0,81.32412823999992,198.775983,0.7836564164817561,212.460601,45.121356399999996
2,2,4,CAP-G600-B0-e0.95,capped,600.0,0.0,0.95,0.0,600.0,81.30142419999953,441.653011,0.7837920932027469,212.460601,45.121356399999996
2,2,4,CAP-G600-B15-e0,capped,600.0,15.0,0.0,0.0,153.75,213.62159341999964,56.667794,-0.006937956620844243,212.460601,45.121356399999996
2,2,4,CAP-G600-B15-e0.25,capped,600.0,15.0,0.25,0.0,205.0,156.03937583999996,73.959759,0.3371667255631918,212.460601,45.121356399999996
2,2,4,CAP-G600-B15-e0.5,capped,600.0,15.0,0.5,0.0,307.5,106.8722042999996,124.486727,0.6309840644517909,212.460601,45.121356399999996
2,2,4,CAP-G600-B15-e0.75,capped,600.0,15.0,0.75,0.0,600.0,87.20572897999998,161.810163,0.7485086497157525,212.460601,45.121356399999996
2,2,4,CAP-G600-B15-e0.9,capped,600.0,15.0,0.9,0.0,600.0,82.00838407999966,262.24012500000003,0.7795673826054809,212.460601,45.121356399999996
2,2,4,CAP-G600-B15-e0.95,capped,600.0,15.0,0.95,0.0,600.0,81.45744555999988,482.606574,0.7828597275740309,212.460601,45.121356399999996
2,2,4,CAP-G600-B30-e0,capped,600.0,30.0,0.0,0.0,157.5,214.18267473999992,62.077527,-0.010290913790822311,212.460601,45.121356399999996
2,2,4,CAP-G600-B30-e0.25,capped,600.0,30.0,0.25,0.0,210.0,151.73505451999986,77.191123,0.3628888526726392,212.460601,45.121356399999996
2,2,4,CAP-G600-B30-e0.5,capped,600.0,30.0,0.5,0.0,315.0,105.69018103999984,122.74050100000001,0.6380476989436592,212.460601,45.121356399999996
2,2,4,CAP-G600-B30-e0.75,capped,600.0,30.0,0.75,0.0,600.0,86.64928005999998,177.51556499999998,0.751833924198317,212.460601,45.121356399999996
2,2,4,CAP-G600-B30-e0.9,capped,600.0,30.0,0.9,0.0,600.0,82.41732275999996,276.363314,0.7771236122814434,212.460601,45.121356399999996
2,2,4,CAP-G600-B30-e0.95,capped,600.0,30.0,0.95,0.0,600.0,81.22982783999994,470.72132,0.7842199447815607,212.460601,45.121356399999996
2,2,4,CAP-G600-B60-e0,capped,600.0,60.0,0.0,0.0,165.0,214.30508207999992,73.95731400000001,-0.011022405918043227,212.460601,45.121356399999996
2,2,4,CAP-G600-B60-e0.25,capped,600.0,60.0,0.25,0.0,220.0,144.9749552399999,77.401459,0.4032864252573547,212.460601,45.121356399999996
2,2,4,CAP-G600-B60-e0.5,capped,600.0,60.0,0.5,0.0,330.0,103.51065071999965,122.75569800000001,0.6510723204256675,212.460601,45.121356399999996
2,2,4,CAP-G600-B60-e0.75,capped,600.0,60.0,0.75,0.0,600.0,86.10623645999972,180.683709,0.755079090036721,212.460601,45.121356399999996
2,2,4,CAP-G600-B60-e0.9,capped,600.0,60.0,0.9,0.0,600.0,81.39588957999977,384.634906,0.7832275790015142,212.460601,45.121356399999996
2,2,4,CAP-G600-B60-e0.95,capped,600.0,60.0,0.95,0.0,600.0,81.06007776,470.72132,0.7852343516554872,212.460601,45.121356399999996
2,2,4,CAP-G600-B120-e0,capped,600.0,120.0,0.0,0.0,180.0,207.97799537999984,81.280832,0.026787533496491937,212.460601,45.121356399999996
2,2,4,CAP-G600-B120-e0.25,capped,600.0,120.0,0.25,0.0,240.0,135.45456208,122.564115,0.4601791952872244,212.460601,45.121356399999996
2,2,4,CAP-G600-B120-e0.5,capped,600.0,120.0,0.5,0.0,360.0,97.28999241999972,159.604942,0.6882462560130397,212.460601,45.121356399999996
2,2,4,CAP-G600-B120-e0.75,capped,600.0,120.0,0.75,0.0,600.0,83.95355029999995,219.525838,0.7679432939187538,212.460601,45.121356399999996
2,2,4,CAP-G600-B120-e0.9,capped,600.0,120.0,0.9,0.0,600.0,81.09235603999996,470.72132,0.785041460381972,212.460601,45.121356399999996
2,2,4,CAP-G600-B120-e0.95,capped,600.0,120.0,0.95,0.0,600.0,81.0491607999997,470.72132,0.7852995901476676,212.460601,45.121356399999996
2,2,4,CAP-G600-B240-e0,capped,600.0,240.0,0.0,0.0,210.0,179.5093062799998,122.564115,0.19691313175678213,212.460601,45.121356399999996
2,2,4,CAP-G600-B240-e0.25,capped,600.0,240.0,0.25,0.0,280.0,118.83691287999986,139.29513699999998,0.5594843477619006,212.460601,45.121356399999996
2,2,4,CAP-G600-B240-e0.5,capped,600.0,240.0,0.5,0.0,420.0,91.16814811999983,184.18730499999998,0.7248296905482754,212.460601,45.121356399999996
2,2,4,CAP-G600-B240-e0.75,capped,600.0,240.0,0.75,0.0,600.0,80.78183835999968,325.78961200000003,0.786897078176486,212.460601,45.121356399999996
2,2,4,CAP-G600-B240-e0.9,capped,600.0,240.0,0.9,0.0,600.0,81.0491607999997,470.72132,0.7852995901476676,212.460601,45.121356399999996
2,2,4,CAP-G600-B240-e0.95,capped,600.0,240.0,0.95,0.0,600.0,81.0491607999997,470.72132,0.7852995901476676,212.460601,45.121356399999996
2,2,4,CAP-G600-B360-e0,capped,600.0,360.0,0.0,0.0,240.0,160.35687943999986,133.232268,0.3113658226708652,212.460601,45.121356399999996
2,2,4,CAP-G600-B360-e0.25,capped,600.0,360.0,0.25,0.0,320.0,106.05427781999991,182.959608,0.6358718986353072,212.460601,45.121356399999996
2,2,4,CAP-G600-B360-e0.5,capped,600.0,360.0,0.5,0.0,480.0,85.86689795999978,219.589019,0.7565093492719174,212.460601,45.121356399999996
2,2,4,CAP-G600-B360-e0.75,capped,600.0,360.0,0.75,0.0,600.0,81.24480293999997,439.48038,0.7841304553134096,212.460601,45.121356399999996
2,2,4,CAP-G600-B360-e0.9,capped,600.0,360.0,0.9,0.0,600.0,81.0491607999997,470.72132,0.7852995901476676,212.460601,45.121356399999996
2,2,4,CAP-G600-B360-e0.95,capped,600.0,360.0,0.95,0.0,600.0,81.0491607999997,470.72132,0.7852995901476676,212.460601,45.121356399999996
2,2,4,CAP-G600-B480-e0,capped,600.0,480.0,0.0,0.0,270.0,144.72389485999994,175.827809,0.4047867330936909,212.460601,45.121356399999996
2,2,4,CAP-G600-B480-e0.25,capped,600.0,480.0,0.25,0.0,360.0,98.79659653999975,195.62473599999998,0.6792429637871106,212.460601,45.121356399999996
2,2,4,CAP-G600-B480-e0.5,capped,600.0,480.0,0.5,0.0,540.0,83.24454571999988,295.587786,0.7721802234070807,212.460601,45.121356399999996
2,2,4,CAP-G600-B480-e0.75,capped,600.0,480.0,0.75,0.0,600.0,81.0491607999997,470.72132,0.7852995901476676,212.460601,45.121356399999996
2,2,4,CAP-G600-B480-e0.9,capped,600.0,480.0,0.9,0.0,600.0,81.0491607999997,470.72132,0.7852995901476676,212.460601,45.121356399999996
2,2,4,CAP-G600-B480-e0.95,capped,600.0,480.0,0.95,0.0,600.0,81.0491607999997,470.72132,0.7852995901476676,212.460601,45.121356399999996
2,2,4,CAP-G600-B600-e0,capped,600.0,600.0,0.0,0.0,300.0,127.6831514799998,184.18730499999998,0.5066202475256076,212.460601,45.121356399999996
2,2,4,CAP-G600-B600-e0.25,capped,600.0,600.0,0.25,0.0,400.0,91.83423022,238.997132,0.7208492608433826,212.460601,45.121356399999996
2,2,4,CAP-G600-B600-e0.5,capped,600.0,600.0,0.5,0.0,600.0,81.95209657999987,341.031498,0.7799037502049302,212.460601,45.121356399999996
2,2,4,CAP-G600-B600-e0.75,capped,600.0,600.0,0.75,0.0,600.0,81.0491607999997,470.72132,0.7852995901476676,212.460601,45.121356399999996
2,2,4,CAP-G600-B600-e0.9,capped,600.0,600.0,0.9,0.0,600.0,81.0491607999997,470.72132,0.7852995901476676,212.460601,45.121356399999996
2,2,4,CAP-G600-B600-e0.95,capped,600.0,600.0,0.95,0.0,600.0,81.0491607999997,470.72132,0.7852995901476676,212.460601,45.121356399999996
2,2,4,HYB-G600-B0-g1-e0,hybrid,600.0,0.0,0.0,1.0,600.0,164.77756825999958,53.992453000000005,0.28494829682050815,212.460601,45.121356399999996
2,2,4,HYB-G600-B0-g1-e0.9,hybrid,600.0,0.0,0.9,1.0,600.0,81.63221615999987,227.00843,0.7818153186523953,212.460601,45.121356399999996
2,2,4,HYB-G600-B0-g4-e0,hybrid,600.0,0.0,0.0,4.0,600.0,125.26143437999963,53.930136000000005,0.5210921492351493,212.460601,45.121356399999996
2,2,4,HYB-G600-B0-g4-e0.9,hybrid,600.0,0.0,0.9,4.0,600.0,81.01824183999996,228.41841100000002,0.7854843582818469,212.460601,45.121356399999996
2,2,4,HYB-G600-B0-g16-e0,hybrid,600.0,0.0,0.0,16.0,600.0,88.13738229999983,77.191123,0.7429411970705178,212.460601,45.121356399999996
2,2,4,HYB-G600-B0-g16-e0.9,hybrid,600.0,0.0,0.9,16.0,600.0,81.02806579999995,357.286508,0.7854256514314398,212.460601,45.121356399999996
2,2,4,HYB-G600-B30-g1-e0,hybrid,600.0,30.0,0.0,1.0,600.0,160.52037565999987,62.077527,0.31038878814205023,212.460601,45.121356399999996
2,2,4,HYB-G600-B30-g1-e0.9,hybrid,600.0,30.0,0.9,1.0,600.0,81.26639197999984,295.665256,0.7840014417036526,212.460601,45.121356399999996
2,2,4,HYB-G600-B30-g4-e0,hybrid,600.0,30.0,0.0,4.0,600.0,121.11433905999978,62.077527,0.5458747119263632,212.460601,45.121356399999996
2,2,4,HYB-G600-B30-g4-e0.9,hybrid,600.0,30.0,0.9,4.0,600.0,81.02663281999986,303.194268,0.7854342147544279,212.460601,45.121356399999996
2,2,4,HYB-G600-B30-g16-e0,hybrid,600.0,30.0,0.0,16.0,600.0,88.0139879599999,88.804363,0.7436785873957513,212.460601,45.121356399999996
2,2,4,HYB-G600-B30-g16-e0.9,hybrid,600.0,30.0,0.9,16.0,600.0,81.04320611999974,435.061064,0.7853351746276512,212.460601,45.121356399999996
2,2,4,HYB-G600-B120-g1-e0,hybrid,600.0,120.0,0.0,1.0,600.0,149.48838371999986,81.280832,0.37631469790918454,212.460601,45.121356399999996
2,2,4,HYB-G600-B120-g1-e0.9,hybrid,600.0,120.0,0.9,1.0,600.0,81.06007776,470.72132,0.7852343516554872,212.460601,45.121356399999996
2,2,4,HYB-G600-B120-g4-e0,hybrid,600.0,120.0,0.0,4.0,600.0,111.37119055999938,98.09079700000001,0.6040986421424339,212.460601,45.121356399999996
2,2,4,HYB-G600-B120-g4-e0.9,hybrid,600.0,120.0,0.9,4.0,600.0,81.0491607999997,470.72132,0.7852995901476676,212.460601,45.121356399999996
2,2,4,HYB-G600-B120-g16-e0,hybrid,600.0,120.0,0.0,16.0,600.0,86.21259207999985,122.476381,0.7544435211344329,212.460601,45.121356399999996
2,2,4,HYB-G600-B120-g16-e0.9,hybrid,600.0,120.0,0.9,16.0,600.0,81.0491607999997,470.72132,0.7852995901476676,212.460601,45.121356399999996
2,2,4,CAP-G1200-B0-e0,capped,1200.0,0.0,0.0,0.0,150.0,212.460601,0.0,0.0,212.460601,45.121356399999996
2,2,4,CAP-G1200-B0-e0.25,capped,1200.0,0.0,0.25,0.0,200.0,168.53994695999975,88.804363,0.2624647562201332,212.460601,45.121356399999996
2,2,4,CAP-G1200-B0-e0.5,capped,1200.0,0.0,0.5,0.0,300.0,106.48980351999991,104.99974800000001,0.6332692473502423,212.460601,45.121356399999996
2,2,4,CAP-G1200-B0-e0.75,capped,1200.0,0.0,0.75,0.0,600.0,81.06241353999987,161.810163,0.7852203933039634,212.460601,45.121356399999996
2,2,4,CAP-G1200-B0-e0.9,capped,1200.0,0.0,0.9,0.0,1200.0,74.48345625999991,198.775983,0.8245354822164656,212.460601,45.121356399999996
2,2,4,CAP-G1200-B0-e0.95,capped,1200.0,0.0,0.95,0.0,1200.0,73.41152533999993,441.653011,0.8309412175988757,212.460601,45.121356399999996
2,2,4,CAP-G1200-B15-e0.25,capped,1200.0,15.0,0.25,0.0,205.0,155.98095431999988,73.959759,0.33751584581970867,212.460601,45.121356399999996
2,2,4,CAP-G1200-B15-e0.5,capped,1200.0,15.0,0.5,0.0,307.5,103.41062367999997,124.486727,0.6516700704647499,212.460601,45.121356399999996
2,2,4,CAP-G1200-B15-e0.75,capped,1200.0,15.0,0.75,0.0,615.0,80.40386313999998,161.810163,0.7891558144394779,212.460601,45.121356399999996
2,2,4,CAP-G1200-B15-e0.9,capped,1200.0,15.0,0.9,0.0,1200.0,74.19211413999993,262.24012500000003,0.826276509078971,212.460601,45.121356399999996
2,2,4,CAP-G1200-B15-e0.95,capped,1200.0,15.0,0.95,0.0,1200.0,73.25341817999988,482.771065,0.8318860477275044,212.460601,45.121356399999996
2,2,4,CAP-G1200-B30-e0.25,capped,1200.0,30.0,0.25,0.0,210.0,151.63794187999997,77.191123,0.3634691865939021,212.460601,45.121356399999996
2,2,4,CAP-G1200-B30-e0.5,capped,1200.0,30.0,0.5,0.0,315.0,102.71728665999996,122.74050100000001,0.6558133724239367,212.460601,45.121356399999996
2,2,4,CAP-G1200-B30-e0.75,capped,1200.0,30.0,0.75,0.0,630.0,79.50231706,177.51556499999998,0.7945433496955083,212.460601,45.121356399999996
2,2,4,CAP-G1200-B30-e0.9,capped,1200.0,30.0,0.9,0.0,1200.0,74.32466188,276.363314,0.8254844190924475,212.460601,45.121356399999996
2,2,4,CAP-G1200-B30-e0.95,capped,1200.0,30.0,0.95,0.0,1200.0,73.21396361999975,547.114617,0.832121823621524,212.460601,45.121356399999996
2,2,4,CAP-G1200-B60-e0.25,capped,1200.0,60.0,0.25,0.0,220.0,144.66422409999998,77.401459,0.4051433186641743,212.460601,45.121356399999996
2,2,4,CAP-G1200-B60-e0.5,capped,1200.0,60.0,0.5,0.0,330.0,99.52389117999985,122.75569800000001,0.6748967350125121,212.460601,45.121356399999996
2,2,4,CAP-G1200-B60-e0.75,capped,1200.0,60.0,0.75,0.0,660.0,78.64043645999998,180.683709,0.7996938486239588,212.460601,45.121356399999996
2,2,4,CAP-G1200-B60-e0.9,capped,1200.0,60.0,0.9,0.0,1200.0,73.10815596,384.634906,0.8327541179781326,212.460601,45.121356399999996
2,2,4,CAP-G1200-B60-e0.95,capped,1200.0,60.0,0.95,0.0,1200.0,73.06014661999997,720.5155749999999,0.8330410162494545,212.460601,45.121356399999996
2,2,4,CAP-G1200-B120-e0.25,capped,1200.0,120.0,0.25,0.0,240.0,135.0817633799998,122.564115,0.46240699726452683,212.460601,45.121356399999996
2,2,4,CAP-G1200-B120-e0.5,capped,1200.0,120.0,0.5,0.0,360.0,93.5167906,159.604942,0.710794474328588,212.460601,45.121356399999996
2,2,4,CAP-G1200-B120-e0.75,capped,1200.0,120.0,0.75,0.0,720.0,76.90717763999999,219.525838,0.8100516031611154,212.460601,45.121356399999996
2,2,4,CAP-G1200-B120-e0.9,capped,1200.0,120.0,0.9,0.0,1200.0,72.98174959999982,526.9075039999999,0.8335095077870345,212.460601,45.121356399999996
2,2,4,CAP-G1200-B120-e0.95,capped,1200.0,120.0,0.95,0.0,1200.0,73.09591411999997,1016.1460179999999,0.8328272738001832,212.460601,45.121356399999996
2,2,4,CAP-G1200-B240-e0.25,capped,1200.0,240.0,0.25,0.0,280.0,118.49968743999995,139.29513699999998,0.5614995680457378,212.460601,45.121356399999996
2,2,4,CAP-G1200-B240-e0.5,capped,1200.0,240.0,0.5,0.0,420.0,86.9462666599999,184.18730499999998,0.7500591665752033,212.460601,45.121356399999996
2,2,4,CAP-G1200-B240-e0.75,capped,1200.0,240.0,0.75,0.0,840.0,73.03304203999996,325.78961200000003,0.8332029900892719,212.460601,45.121356399999996
2,2,4,CAP-G1200-B240-e0.9,capped,1200.0,240.0,0.9,0.0,1200.0,73.13603625999993,823.1257529999999,0.8325875085251824,212.460601,45.121356399999996
2,2,4,CAP-G1200-B240-e0.95,capped,1200.0,240.0,0.95,0.0,1200.0,72.93165553999995,1075.190317,0.8338088641043145,212.460601,45.121356399999996
2,2,4,CAP-G1200-B360-e0.25,capped,1200.0,360.0,0.25,0.0,320.0,105.17948947999942,182.959608,0.6410995327273072,212.460601,45.121356399999996
2,2,4,CAP-G1200-B360-e0.5,capped,1200.0,360.0,0.5,0.0,480.0,81.27921271999992,219.589019,0.783924826442058,212.460601,45.121356399999996
2,2,4,CAP-G1200-B360-e0.75,capped,1200.0,360.0,0.75,0.0,960.0,72.50077707999982,439.48038,0.8363837440198424,212.460601,45.121356399999996
2,2,4,CAP-G1200-B360-e0.9,capped,1200.0,360.0,0.9,0.0,1200.0,72.93165553999995,1075.190317,0.8338088641043145,212.460601,45.121356399999996
2,2,4,CAP-G1200-B360-e0.95,capped,1200.0,360.0,0.95,0.0,1200.0,72.93165553999995,1075.190317,0.8338088641043145,212.460601,45.121356399999996
2,2,4,CAP-G1200-B480-e0.25,capped,1200.0,480.0,0.25,0.0,360.0,97.5744359199997,195.62473599999998,0.6865464545069442,212.460601,45.121356399999996
2,2,4,CAP-G1200-B480-e0.5,capped,1200.0,480.0,0.5,0.0,540.0,78.32498297999992,295.587786,0.8015789621892443,212.460601,45.121356399999996
2,2,4,CAP-G1200-B480-e0.75,capped,1200.0,480.0,0.75,0.0,1080.0,72.72240361999997,594.086778,0.83505932941208,212.460601,45.121356399999996
2,2,4,CAP-G1200-B480-e0.9,capped,1200.0,480.0,0.9,0.0,1200.0,72.93165553999995,1075.190317,0.8338088641043145,212.460601,45.121356399999996
2,2,4,CAP-G1200-B480-e0.95,capped,1200.0,480.0,0.95,0.0,1200.0,72.93165553999995,1075.190317,0.8338088641043145,212.460601,45.121356399999996
2,2,4,CAP-G1200-B600-e0.25,capped,1200.0,600.0,0.25,0.0,400.0,90.43547271999999,238.997132,0.7292080741232174,212.460601,45.121356399999996
2,2,4,CAP-G1200-B600-e0.5,capped,1200.0,600.0,0.5,0.0,600.0,76.02111425999999,341.031498,0.8153466155900169,212.460601,45.121356399999996
2,2,4,CAP-G1200-B600-e0.75,capped,1200.0,600.0,0.75,0.0,1200.0,72.85900415999996,692.888281,0.8342430203608081,212.460601,45.121356399999996
2,2,4,CAP-G1200-B600-e0.9,capped,1200.0,600.0,0.9,0.0,1200.0,72.93165553999995,1075.190317,0.8338088641043145,212.460601,45.121356399999996
2,2,4,CAP-G1200-B600-e0.95,capped,1200.0,600.0,0.95,0.0,1200.0,72.93165553999995,1075.190317,0.8338088641043145,212.460601,45.121356399999996
2,2,4,HYB-G1200-B0-g1-e0,hybrid,1200.0,0.0,0.0,1.0,1200.0,164.54155917999975,53.992453000000005,0.28635865982629305,212.460601,45.121356399999996
2,2,4,HYB-G1200-B0-g1-e0.9,hybrid,1200.0,0.0,0.9,1.0,1200.0,73.32749107999989,227.00843,0.8314433966316596,212.460601,45.121356399999996
2,2,4,HYB-G1200-B0-g4-e0,hybrid,1200.0,0.0,0.0,4.0,1200.0,122.69947679999986,53.930136000000005,0.5364021118570302,212.460601,45.121356399999996
2,2,4,HYB-G1200-B0-g4-e0.9,hybrid,1200.0,0.0,0.9,4.0,1200.0,72.96732429999986,228.41841100000002,0.8335957117138805,212.460601,45.121356399999996
2,2,4,HYB-G1200-B0-g16-e0,hybrid,1200.0,0.0,0.0,16.0,1200.0,82.97272343999992,77.191123,0.7738046019600597,212.460601,45.121356399999996
2,2,4,HYB-G1200-B0-g16-e0.9,hybrid,1200.0,0.0,0.9,16.0,1200.0,72.99490096,357.286508,0.8334309167785021,212.460601,45.121356399999996
2,2,4,HYB-G1200-B30-g1-e0,hybrid,1200.0,30.0,0.0,1.0,1200.0,160.07315099999988,62.077527,0.3130613510609819,212.460601,45.121356399999996
2,2,4,HYB-G1200-B30-g1-e0.9,hybrid,1200.0,30.0,0.9,1.0,1200.0,72.92525211999998,295.665256,0.8338471302027141,212.460601,45.121356399999996
2,2,4,HYB-G1200-B30-g4-e0,hybrid,1200.0,30.0,0.0,4.0,1200.0,117.73867299999992,62.077527,0.5660473024508925,212.460601,45.121356399999996
2,2,4,HYB-G1200-B30-g4-e0.9,hybrid,1200.0,30.0,0.9,4.0,1200.0,72.93094255999995,303.194268,0.8338131247904537,212.460601,45.121356399999996
2,2,4,HYB-G1200-B30-g16-e0,hybrid,1200.0,30.0,0.0,16.0,1200.0,82.78721353999994,88.804363,0.7749131876982315,212.460601,45.121356399999996
2,2,4,HYB-G1200-B30-g16-e0.9,hybrid,1200.0,30.0,0.9,16.0,1200.0,72.98174959999982,435.061064,0.8335095077870345,212.460601,45.121356399999996
2,2,4,HYB-G1200-B120-g1-e0,hybrid,1200.0,120.0,0.0,1.0,1200.0,149.01878415999943,81.280832,0.379120970646479,212.460601,45.121356399999996
2,2,4,HYB-G1200-B120-g1-e0.9,hybrid,1200.0,120.0,0.9,1.0,1200.0,72.68057975999989,526.9075039999999,0.8353092639692729,212.460601,45.121356399999996
2,2,4,HYB-G1200-B120-g4-e0,hybrid,1200.0,120.0,0.0,4.0,1200.0,108.51659453999967,98.09079700000001,0.6211573782854302,212.460601,45.121356399999996
2,2,4,HYB-G1200-B120-g4-e0.9,hybrid,1200.0,120.0,0.9,4.0,1200.0,73.06393965999986,528.137249,0.833018349480467,212.460601,45.121356399999996
2,2,4,HYB-G1200-B120-g16-e0,hybrid,1200.0,120.0,0.0,16.0,1200.0,81.54548809999977,122.476381,0.7823335955228773,212.460601,45.121356399999996
2,2,4,HYB-G1200-B120-g16-e0.9,hybrid,1200.0,120.0,0.9,16.0,1200.0,73.0107914399999,618.4879669999999,0.8333359571051876,212.460601,45.121356399999996
3,0,7,SJF,reference,-1.0,-1.0,-1.0,-1.0,inf,18.08073911999994,172.112489,1.0,40.93883561999998,18.08073911999994
3,0,7,SPJF-E,reference,-1.0,-1.0,-1.0,-1.0,inf,24.081449079999985,218.777525,0.7374798920811261,40.93883561999998,18.08073911999994
3,0,7,FIX-B15,fixed,-1.0,15.0,0.0,0.0,166.60714285714286,36.97307085999989,62.24257,0.17349496971456385,40.93883561999998,18.08073911999994
3,0,7,FIX-B17.99,fixed,-1.0,17.99,0.0,0.0,167.35464285714286,36.65194485999998,62.24257,0.18754364607744095,40.93883561999998,18.08073911999994
3,0,7,FIX-B21.576,fixed,-1.0,21.576,0.0,0.0,168.25114285714287,36.17394837999997,62.24257,0.20845511961155644,40.93883561999998,18.08073911999994
3,0,7,FIX-B25.877,fixed,-1.0,25.877,0.0,0.0,169.32639285714285,35.68870493999997,62.24257,0.22968363441811512,40.93883561999998,18.08073911999994
3,0,7,FIX-B30,fixed,-1.0,30.0,0.0,0.0,170.35714285714286,35.09277367999996,62.24257,0.25575453931608044,40.93883561999998,18.08073911999994
3,0,7,FIX-B31.035,fixed,-1.0,31.035,0.0,0.0,170.61589285714285,34.87889407999994,62.24257,0.26511138143108415,40.93883561999998,18.08073911999994
3,0,7,FIX-B37.222,fixed,-1.0,37.222,0.0,0.0,172.16264285714286,34.29237703999991,62.24257,0.2907704313874103,40.93883561999998,18.08073911999994
3,0,7,FIX-B44.641,fixed,-1.0,44.641,0.0,0.0,174.01739285714285,33.75945543999994,64.353453,0.3140847786691261,40.93883561999998,18.08073911999994
3,0,7,FIX-B53.54,fixed,-1.0,53.54,0.0,0.0,176.24214285714285,33.01001154,67.63767800000001,0.34687158136723956,40.93883561999998,18.08073911999994
3,0,7,FIX-B60,fixed,-1.0,60.0,0.0,0.0,177.85714285714286,32.487620919999884,70.514779,0.3697252174956948,40.93883561999998,18.08073911999994
3,0,7,FIX-B64.212,fixed,-1.0,64.212,0.0,0.0,178.91014285714286,32.17515355999999,70.514779,0.3833950941628045,40.93883561999998,18.08073911999994
3,0,7,FIX-B77.012,fixed,-1.0,77.012,0.0,0.0,182.11014285714288,31.66124529999988,70.566773,0.4058776425237369,40.93883561999998,18.08073911999994
3,0,7,FIX-B92.363,fixed,-1.0,92.363,0.0,0.0,185.94789285714285,30.96647043999998,70.566773,0.43627277450683527,40.93883561999998,18.08073911999994
3,0,7,FIX-B110.774,fixed,-1.0,110.774,0.0,0.0,190.55064285714286,30.274044779999976,70.662674,0.46656513327782934,40.93883561999998,18.08073911999994
3,0,7,FIX-B120,fixed,-1.0,120.0,0.0,0.0,192.85714285714286,29.568680759999868,70.83930400000001,0.49742352168301024,40.93883561999998,18.08073911999994
3,0,7,FIX-B132.855,fixed,-1.0,132.855,0.0,0.0,196.07089285714287,28.889029919999988,84.491692,0.5271570053963142,40.93883561999998,18.08073911999994
3,0,7,FIX-B159.338,fixed,-1.0,159.338,0.0,0.0,202.69164285714285,28.233411,84.509385,0.555839136474026,40.93883561999998,18.08073911999994
3,0,7,FIX-B191.099,fixed,-1.0,191.099,0.0,0.0,210.63189285714287,27.564982219999933,84.533655,0.5850816755454691,40.93883561999998,18.08073911999994
3,0,7,FIX-B229.192,fixed,-1.0,229.192,0.0,0.0,220.15514285714286,26.97563815999987,87.864319,0.610864402466762,40.93883561999998,18.08073911999994
3,0,7,FIX-B240,fixed,-1.0,240.0,0.0,0.0,222.85714285714286,26.71144652,88.721301,0.6224223044994125,40.93883561999998,18.08073911999994
3,0,7,FIX-B274.878,fixed,-1.0,274.878,0.0,0.0,231.57664285714287,26.03710831999991,105.44733599999999,0.6519233699096529,40.93883561999998,18.08073911999994
3,0,7,FIX-B329.671,fixed,-1.0,329.671,0.0,0.0,245.27489285714285,25.65213725999986,107.499358,0.6687651511139648,40.93883561999998,18.08073911999994
3,0,7,FIX-B360,fixed,-1.0,360.0,0.0,0.0,252.85714285714286,25.367773499999988,108.373821,0.6812055465773348,40.93883561999998,18.08073911999994
3,0,7,FIX-B395.386,fixed,-1.0,395.386,0.0,0.0,261.7036428571429,25.099087379999997,113.01068,0.6929600739064146,40.93883561999998,18.08073911999994
3,0,7,FIX-B474.201,fixed,-1.0,474.201,0.0,0.0,281.4073928571429,24.981374599999846,160.323028,0.6981097931754775,40.93883561999998,18.08073911999994
3,0,7,FIX-B480,fixed,-1.0,480.0,0.0,0.0,282.8571428571429,25.006477599999997,160.323028,0.6970115827448692,40.93883561999998,18.08073911999994
3,0,7,FIX-B568.726,fixed,-1.0,568.726,0.0,0.0,305.03864285714286,24.690923,161.082597,0.7108165205269804,40.93883561999998,18.08073911999994
3,0,7,FIX-B600,fixed,-1.0,600.0,0.0,0.0,312.8571428571429,24.644863679999943,163.649994,0.7128315317069384,40.93883561999998,18.08073911999994
3,0,7,FIX-B682.093,fixed,-1.0,682.093,0.0,0.0,333.38039285714285,24.457181339999963,206.563188,0.7210422915136432,40.93883561999998,18.08073911999994
3,0,7,FIX-B818.058,fixed,-1.0,818.058,0.0,0.0,367.3716428571429,24.55994647999998,218.777525,0.7165465042113184,40.93883561999998,18.08073911999994
3,0,7,FIX-B981.126,fixed,-1.0,981.126,0.0,0.0,408.1386428571428,24.528796139999972,218.777525,0.7179092747289775,40.93883561999998,18.08073911999994
3,0,7,FIX-B1176.7,fixed,-1.0,1176.699,0.0,0.0,457.0318928571429,24.409428919999975,218.777525,0.7231313727282573,40.93883561999998,18.08073911999994
3,0,7,FIX-B1411.26,fixed,-1.0,1411.256,0.0,0.0,515.6711428571429,24.248145259999998,218.777525,0.7301872384693079,40.93883561999998,18.08073911999994
3,0,7,FIX-B1692.57,fixed,-1.0,1692.569,0.0,0.0,585.9993928571429,24.24333155999997,218.777525,0.7303978290580749,40.93883561999998,18.08073911999994
3,0,7,FIX-B2029.96,fixed,-1.0,2029.958,0.0,0.0,670.3466428571429,24.139399859999976,218.777525,0.7349446512311283,40.93883561999998,18.08073911999994
3,0,7,FIX-B2434.6,fixed,-1.0,2434.6,0.0,0.0,771.5071428571429,24.146441719999995,218.777525,0.7346365827093239,40.93883561999998,18.08073911999994
3,0,7,FIX-B2919.9,fixed,-1.0,2919.901,0.0,0.0,892.832392857143,24.081908,218.777525,0.7374598151687719,40.93883561999998,18.08073911999994
3,0,7,FIX-B3501.94,fixed,-1.0,3501.94,0.0,0.0,1038.3421428571428,24.081449079999985,218.777525,0.7374798920811261,40.93883561999998,18.08073911999994
3,0,7,FIX-B4200,fixed,-1.0,4200.0,0.0,0.0,1212.857142857143,24.081449079999985,218.777525,0.7374798920811261,40.93883561999998,18.08073911999994
3,0,7,FIXEQ-G300,fixed,300.0,inf,0.0,0.0,300.0,24.83601001999999,161.055937,0.7044692282229171,40.93883561999998,18.08073911999994
3,0,7,CAP-G300-B0-e0,capped,300.0,0.0,0.0,0.0,162.85714285714286,40.93883561999998,0.0,0.0,40.93883561999998,18.08073911999994
3,0,7,CAP-G300-B0-e0.25,capped,300.0,0.0,0.25,0.0,217.14285714285714,30.40334009999999,70.514779,0.4609086990248715,40.93883561999998,18.08073911999994
3,0,7,CAP-G300-B0-e0.5,capped,300.0,0.0,0.5,0.0,300.0,26.90933819999996,81.697248,0.6137649047023663,40.93883561999998,18.08073911999994
3,0,7,CAP-G300-B0-e0.75,capped,300.0,0.0,0.75,0.0,300.0,25.066713099999966,77.57711800000001,0.694376389565071,40.93883561999998,18.08073911999994
3,0,7,CAP-G300-B0-e0.9,capped,300.0,0.0,0.9,0.0,300.0,24.883306479999874,161.055937,0.7024000944260638,40.93883561999998,18.08073911999994
3,0,7,CAP-G300-B0-e0.95,capped,300.0,0.0,0.95,0.0,300.0,24.84274677999999,161.055937,0.7041745072692277,40.93883561999998,18.08073911999994
3,0,7,CAP-G300-B15-e0,capped,300.0,15.0,0.0,0.0,166.60714285714286,36.97307085999989,62.24257,0.17349496971456385,40.93883561999998,18.08073911999994
3,0,7,CAP-G300-B15-e0.25,capped,300.0,15.0,0.25,0.0,222.14285714285714,29.59533087999994,70.566773,0.4962576275762954,40.93883561999998,18.08073911999994
3,0,7,CAP-G300-B15-e0.5,capped,300.0,15.0,0.5,0.0,300.0,26.819477,77.57711800000001,0.6176961681826811,40.93883561999998,18.08073911999994
3,0,7,CAP-G300-B15-e0.75,capped,300.0,15.0,0.75,0.0,300.0,25.057611519999995,107.975674,0.6947745670773573,40.93883561999998,18.08073911999994
3,0,7,CAP-G300-B15-e0.9,capped,300.0,15.0,0.9,0.0,300.0,24.847005279999983,161.055937,0.7039882056670803,40.93883561999998,18.08073911999994
3,0,7,CAP-G300-B15-e0.95,capped,300.0,15.0,0.95,0.0,300.0,24.835937019999996,161.055937,0.7044724218396731,40.93883561999998,18.08073911999994
3,0,7,CAP-G300-B30-e0,capped,300.0,30.0,0.0,0.0,170.35714285714286,35.09277367999996,62.24257,0.25575453931608044,40.93883561999998,18.08073911999994
3,0,7,CAP-G300-B30-e0.25,capped,300.0,30.0,0.25,0.0,227.14285714285714,28.887608439999962,70.662674,0.5272191925517505,40.93883561999998,18.08073911999994
3,0,7,CAP-G300-B30-e0.5,capped,300.0,30.0,0.5,0.0,300.0,26.356885459999955,77.57711800000001,0.6379337037097554,40.93883561999998,18.08073911999994
3,0,7,CAP-G300-B30-e0.75,capped,300.0,30.0,0.75,0.0,300.0,24.939676139999953,107.975674,0.6999340246901136,40.93883561999998,18.08073911999994
3,0,7,CAP-G300-B30-e0.9,capped,300.0,30.0,0.9,0.0,300.0,24.834266899999964,161.055937,0.7045454865412781,40.93883561999998,18.08073911999994
3,0,7,CAP-G300-B30-e0.95,capped,300.0,30.0,0.95,0.0,300.0,24.83601001999999,161.055937,0.7044692282229171,40.93883561999998,18.08073911999994
3,0,7,CAP-G300-B60-e0,capped,300.0,60.0,0.0,0.0,177.85714285714286,32.487620919999884,70.514779,0.3697252174956948,40.93883561999998,18.08073911999994
3,0,7,CAP-G300-B60-e0.25,capped,300.0,60.0,0.25,0.0,237.14285714285714,28.21100695999994,74.171014,0.556819272330923,40.93883561999998,18.08073911999994
3,0,7,CAP-G300-B60-e0.5,capped,300.0,60.0,0.5,0.0,300.0,25.451351359999897,77.57711800000001,0.6775491677533191,40.93883561999998,18.08073911999994
3,0,7,CAP-G300-B60-e0.75,capped,300.0,60.0,0.75,0.0,300.0,24.792575959999994,116.485394,0.7063693890696435,40.93883561999998,18.08073911999994
3,0,7,CAP-G300-B60-e0.9,capped,300.0,60.0,0.9,0.0,300.0,24.83601001999999,161.055937,0.7044692282229171,40.93883561999998,18.08073911999994
3,0,7,CAP-G300-B60-e0.95,capped,300.0,60.0,0.95,0.0,300.0,24.83601001999999,161.055937,0.7044692282229171,40.93883561999998,18.08073911999994
3,0,7,CAP-G300-B120-e0,capped,300.0,120.0,0.0,0.0,192.85714285714286,29.568680759999868,70.83930400000001,0.49742352168301024,40.93883561999998,18.08073911999994
3,0,7,CAP-G300-B120-e0.25,capped,300.0,120.0,0.25,0.0,257.14285714285717,26.441581279999998,84.533655,0.6342284161762969,40.93883561999998,18.08073911999994
3,0,7,CAP-G300-B120-e0.5,capped,300.0,120.0,0.5,0.0,300.0,24.84149229999988,107.975674,0.7042293884794856,40.93883561999998,18.08073911999994
3,0,7,CAP-G300-B120-e0.75,capped,300.0,120.0,0.75,0.0,300.0,24.83601001999999,161.055937,0.7044692282229171,40.93883561999998,18.08073911999994
3,0,7,CAP-G300-B120-e0.9,capped,300.0,120.0,0.9,0.0,300.0,24.83601001999999,161.055937,0.7044692282229171,40.93883561999998,18.08073911999994
3,0,7,CAP-G300-B120-e0.95,capped,300.0,120.0,0.95,0.0,300.0,24.83601001999999,161.055937,0.7044692282229171,40.93883561999998,18.08073911999994
3,0,7,CAP-G300-B240-e0,capped,300.0,240.0,0.0,0.0,222.85714285714286,26.71144652,88.721301,0.6224223044994125,40.93883561999998,18.08073911999994
3,0,7,CAP-G300-B240-e0.25,capped,300.0,240.0,0.25,0.0,297.14285714285717,24.978471979999934,107.975674,0.6982367775024494,40.93883561999998,18.08073911999994
3,0,7,CAP-G300-B240-e0.5,capped,300.0,240.0,0.5,0.0,300.0,24.834266899999964,161.055937,0.7045454865412781,40.93883561999998,18.08073911999994
3,0,7,CAP-G300-B240-e0.75,capped,300.0,240.0,0.75,0.0,300.0,24.83601001999999,161.055937,0.7044692282229171,40.93883561999998,18.08073911999994
3,0,7,CAP-G300-B240-e0.9,capped,300.0,240.0,0.9,0.0,300.0,24.83601001999999,161.055937,0.7044692282229171,40.93883561999998,18.08073911999994
3,0,7,CAP-G300-B240-e0.95,capped,300.0,240.0,0.95,0.0,300.0,24.83601001999999,161.055937,0.7044692282229171,40.93883561999998,18.08073911999994
3,0,7,CAP-G300-B360-e0,capped,300.0,360.0,0.0,0.0,252.85714285714286,25.367773499999988,108.373821,0.6812055465773348,40.93883561999998,18.08073911999994
3,0,7,CAP-G300-B360-e0.25,capped,300.0,360.0,0.25,0.0,300.0,24.871532339999934,161.047707,0.7029151915602428,40.93883561999998,18.08073911999994
3,0,7,CAP-G300-B360-e0.5,capped,300.0,360.0,0.5,0.0,300.0,24.83601001999999,161.055937,0.7044692282229171,40.93883561999998,18.08073911999994
3,0,7,CAP-G300-B360-e0.75,capped,300.0,360.0,0.75,0.0,300.0,24.83601001999999,161.055937,0.7044692282229171,40.93883561999998,18.08073911999994
3,0,7,CAP-G300-B360-e0.9,capped,300.0,360.0,0.9,0.0,300.0,24.83601001999999,161.055937,0.7044692282229171,40.93883561999998,18.08073911999994
3,0,7,CAP-G300-B360-e0.95,capped,300.0,360.0,0.95,0.0,300.0,24.83601001999999,161.055937,0.7044692282229171,40.93883561999998,18.08073911999994
3,0,7,CAP-G300-B480-e0,capped,300.0,480.0,0.0,0.0,282.8571428571429,25.006477599999997,160.323028,0.6970115827448692,40.93883561999998,18.08073911999994
3,0,7,CAP-G300-B480-e0.25,capped,300.0,480.0,0.25,0.0,300.0,24.83601001999999,161.055937,0.7044692282229171,40.93883561999998,18.08073911999994
3,0,7,CAP-G300-B480-e0.5,capped,300.0,480.0,0.5,0.0,300.0,24.83601001999999,161.055937,0.7044692282229171,40.93883561999998,18.08073911999994
3,0,7,CAP-G300-B480-e0.75,capped,300.0,480.0,0.75,0.0,300.0,24.83601001999999,161.055937,0.7044692282229171,40.93883561999998,18.08073911999994
3,0,7,CAP-G300-B480-e0.9,capped,300.0,480.0,0.9,0.0,300.0,24.83601001999999,161.055937,0.7044692282229171,40.93883561999998,18.08073911999994
3,0,7,CAP-G300-B480-e0.95,capped,300.0,480.0,0.95,0.0,300.0,24.83601001999999,161.055937,0.7044692282229171,40.93883561999998,18.08073911999994
3,0,7,HYB-G300-B0-g1-e0,hybrid,300.0,0.0,0.0,1.0,300.0,29.65420312,59.134347999999996,0.49368207453319485,40.93883561999998,18.08073911999994
3,0,7,HYB-G300-B0-g1-e0.9,hybrid,300.0,0.0,0.9,1.0,300.0,24.826212559999757,161.055937,0.7048978492150558,40.93883561999998,18.08073911999994
3,0,7,HYB-G300-B0-g4-e0,hybrid,300.0,0.0,0.0,4.0,300.0,26.447913619999984,62.24257,0.6339513878594384,40.93883561999998,18.08073911999994
3,0,7,HYB-G300-B0-g4-e0.9,hybrid,300.0,0.0,0.9,4.0,300.0,24.83619729999998,161.055937,0.7044610350647513,40.93883561999998,18.08073911999994
3,0,7,HYB-G300-B0-g16-e0,hybrid,300.0,0.0,0.0,16.0,300.0,24.92232659999999,66.96598,0.7006930353977621,40.93883561999998,18.08073911999994
3,0,7,HYB-G300-B0-g16-e0.9,hybrid,300.0,0.0,0.9,16.0,300.0,24.83601001999999,161.055937,0.7044692282229171,40.93883561999998,18.08073911999994
3,0,7,HYB-G300-B30-g1-e0,hybrid,300.0,30.0,0.0,1.0,300.0,28.361594259999965,62.24257,0.5502313528162763,40.93883561999998,18.08073911999994
3,0,7,HYB-G300-B30-g1-e0.9,hybrid,300.0,30.0,0.9,1.0,300.0,24.835129399999897,161.055937,0.7045077537405643,40.93883561999998,18.08073911999994
3,0,7,HYB-G300-B30-g4-e0,hybrid,300.0,30.0,0.0,4.0,300.0,26.01144667999996,65.25648699999999,0.6530460198205915,40.93883561999998,18.08073911999994
3,0,7,HYB-G300-B30-g4-e0.9,hybrid,300.0,30.0,0.9,4.0,300.0,24.83601001999999,161.055937,0.7044692282229171,40.93883561999998,18.08073911999994
3,0,7,HYB-G300-B30-g16-e0,hybrid,300.0,30.0,0.0,16.0,300.0,24.970721219999973,84.491692,0.6985758591053275,40.93883561999998,18.08073911999994
3,0,7,HYB-G300-B30-g16-e0.9,hybrid,300.0,30.0,0.9,16.0,300.0,24.83601001999999,161.055937,0.7044692282229171,40.93883561999998,18.08073911999994
3,0,7,HYB-G300-B120-g1-e0,hybrid,300.0,120.0,0.0,1.0,300.0,26.49548421999998,84.491692,0.6318702609379557,40.93883561999998,18.08073911999994
3,0,7,HYB-G300-B120-g1-e0.9,hybrid,300.0,120.0,0.9,1.0,300.0,24.83601001999999,161.055937,0.7044692282229171,40.93883561999998,18.08073911999994
3,0,7,HYB-G300-B120-g4-e0,hybrid,300.0,120.0,0.0,4.0,300.0,25.297361879999993,84.491692,0.6842859264331113,40.93883561999998,18.08073911999994
3,0,7,HYB-G300-B120-g4-e0.9,hybrid,300.0,120.0,0.9,4.0,300.0,24.83601001999999,161.055937,0.7044692282229171,40.93883561999998,18.08073911999994
3,0,7,HYB-G300-B120-g16-e0,hybrid,300.0,120.0,0.0,16.0,300.0,24.88451601999997,84.899777,0.7023471792587795,40.93883561999998,18.08073911999994
3,0,7,HYB-G300-B120-g16-e0.9,hybrid,300.0,120.0,0.9,16.0,300.0,24.83601001999999,161.055937,0.7044692282229171,40.93883561999998,18.08073911999994
3,0,7,FIXEQ-G600,fixed,600.0,inf,0.0,0.0,600.0,24.208157759999967,218.777525,0.7319366186068899,40.93883561999998,18.08073911999994
3,0,7,CAP-G600-B0-e0,capped,600.0,0.0,0.0,0.0,162.85714285714286,40.93883561999998,0.0,0.0,40.93883561999998,18.08073911999994
3,0,7,CAP-G600-B0-e0.25,capped,600.0,0.0,0.25,0.0,217.14285714285714,30.419767959999998,70.514779,0.4601900101349193,40.93883561999998,18.08073911999994
3,0,7,CAP-G600-B0-e0.5,capped,600.0,0.0,0.5,0.0,325.7142857142857,26.630581779999975,81.697248,0.6259599892755715,40.93883561999998,18.08073911999994
3,0,7,CAP-G600-B0-e0.75,capped,600.0,0.0,0.75,0.0,600.0,24.54101201999998,77.57711800000001,0.717374852276084,40.93883561999998,18.08073911999994
3,0,7,CAP-G600-B0-e0.9,capped,600.0,0.0,0.9,0.0,600.0,24.256394299999936,161.082597,0.7298263580259193,40.93883561999998,18.08073911999994
3,0,7,CAP-G600-B0-e0.95,capped,600.0,0.0,0.95,0.0,600.0,24.227417539999983,218.777525,0.7310940383859158,40.93883561999998,18.08073911999994
3,0,7,CAP-G600-B15-e0,capped,600.0,15.0,0.0,0.0,166.60714285714286,36.97307085999989,62.24257,0.17349496971456385,40.93883561999998,18.08073911999994
3,0,7,CAP-G600-B15-e0.25,capped,600.0,15.0,0.25,0.0,222.14285714285714,29.609159,70.566773,0.4956526725661501,40.93883561999998,18.08073911999994
3,0,7,CAP-G600-B15-e0.5,capped,600.0,15.0,0.5,0.0,333.2142857142857,26.468598039999982,77.57711800000001,0.6330464822387976,40.93883561999998,18.08073911999994
3,0,7,CAP-G600-B15-e0.75,capped,600.0,15.0,0.75,0.0,600.0,24.475558179999794,107.975674,0.7202383383060859,40.93883561999998,18.08073911999994
3,0,7,CAP-G600-B15-e0.9,capped,600.0,15.0,0.9,0.0,600.0,24.20019949999994,213.489003,0.7322847779560302,40.93883561999998,18.08073911999994
3,0,7,CAP-G600-B15-e0.95,capped,600.0,15.0,0.95,0.0,600.0,24.212360499999974,218.777525,0.7317527564029654,40.93883561999998,18.08073911999994
3,0,7,CAP-G600-B30-e0,capped,600.0,30.0,0.0,0.0,170.35714285714286,35.09277367999996,62.24257,0.25575453931608044,40.93883561999998,18.08073911999994
3,0,7,CAP-G600-B30-e0.25,capped,600.0,30.0,0.25,0.0,227.14285714285714,28.885516579999976,70.662674,0.5273107076085702,40.93883561999998,18.08073911999994
3,0,7,CAP-G600-B30-e0.5,capped,600.0,30.0,0.5,0.0,340.7142857142857,25.992223439999975,77.57711800000001,0.6538870014832591,40.93883561999998,18.08073911999994
3,0,7,CAP-G600-B30-e0.75,capped,600.0,30.0,0.75,0.0,600.0,24.288282199999987,107.975674,0.728431320604494,40.93883561999998,18.08073911999994
3,0,7,CAP-G600-B30-e0.9,capped,600.0,30.0,0.9,0.0,600.0,24.238270779999922,218.777525,0.7306192289458585,40.93883561999998,18.08073911999994
3,0,7,CAP-G600-B30-e0.95,capped,600.0,30.0,0.95,0.0,600.0,24.21608309999997,218.777525,0.7315898994476631,40.93883561999998,18.08073911999994
3,0,7,CAP-G600-B60-e0,capped,600.0,60.0,0.0,0.0,177.85714285714286,32.487620919999884,70.514779,0.3697252174956948,40.93883561999998,18.08073911999994
3,0,7,CAP-G600-B60-e0.25,capped,600.0,60.0,0.25,0.0,237.14285714285714,28.166238719999985,74.171014,0.5587778011174278,40.93883561999998,18.08073911999994
3,0,7,CAP-G600-B60-e0.5,capped,600.0,60.0,0.5,0.0,355.7142857142857,25.059742459999995,77.57711800000001,0.6946813423418681,40.93883561999998,18.08073911999994
3,0,7,CAP-G600-B60-e0.75,capped,600.0,60.0,0.75,0.0,600.0,24.138676839999984,116.485394,0.7349762820364314,40.93883561999998,18.08073911999994
3,0,7,CAP-G600-B60-e0.9,capped,600.0,60.0,0.9,0.0,600.0,24.209351659999964,218.777525,0.731884387661063,40.93883561999998,18.08073911999994
3,0,7,CAP-G600-B60-e0.95,capped,600.0,60.0,0.95,0.0,600.0,24.208157759999967,218.777525,0.7319366186068899,40.93883561999998,18.08073911999994
3,0,7,CAP-G600-B120-e0,capped,600.0,120.0,0.0,0.0,192.85714285714286,29.568680759999868,70.83930400000001,0.49742352168301024,40.93883561999998,18.08073911999994
3,0,7,CAP-G600-B120-e0.25,capped,600.0,120.0,0.25,0.0,257.14285714285717,26.36529971999993,84.533655,0.6375655951929342,40.93883561999998,18.08073911999994
3,0,7,CAP-G600-B120-e0.5,capped,600.0,120.0,0.5,0.0,385.7142857142857,24.399896459999812,107.975674,0.7235484004540859,40.93883561999998,18.08073911999994
3,0,7,CAP-G600-B120-e0.75,capped,600.0,120.0,0.75,0.0,600.0,24.22183676,210.407731,0.7313381873245636,40.93883561999998,18.08073911999994
3,0,7,CAP-G600-B120-e0.9,capped,600.0,120.0,0.9,0.0,600.0,24.208157759999967,218.777525,0.7319366186068899,40.93883561999998,18.08073911999994
3,0,7,CAP-G600-B120-e0.95,capped,600.0,120.0,0.95,0.0,600.0,24.208157759999967,218.777525,0.7319366186068899,40.93883561999998,18.08073911999994
3,0,7,CAP-G600-B240-e0,capped,600.0,240.0,0.0,0.0,222.85714285714286,26.71144652,88.721301,0.6224223044994125,40.93883561999998,18.08073911999994
3,0,7,CAP-G600-B240-e0.25,capped,600.0,240.0,0.25,0.0,297.14285714285717,24.810903299999996,107.975674,0.7055676013967285,40.93883561999998,18.08073911999994
3,0,7,CAP-G600-B240-e0.5,capped,600.0,240.0,0.5,0.0,445.7142857142857,24.256394299999936,161.055937,0.7298263580259193,40.93883561999998,18.08073911999994
3,0,7,CAP-G600-B240-e0.75,capped,600.0,240.0,0.75,0.0,600.0,24.1949717399999,218.777525,0.7325134829140322,40.93883561999998,18.08073911999994
3,0,7,CAP-G600-B240-e0.9,capped,600.0,240.0,0.9,0.0,600.0,24.208157759999967,218.777525,0.7319366186068899,40.93883561999998,18.08073911999994
3,0,7,CAP-G600-B240-e0.95,capped,600.0,240.0,0.95,0.0,600.0,24.208157759999967,218.777525,0.7319366186068899,40.93883561999998,18.08073911999994
3,0,7,CAP-G600-B360-e0,capped,600.0,360.0,0.0,0.0,252.85714285714286,25.367773499999988,108.373821,0.6812055465773348,40.93883561999998,18.08073911999994
3,0,7,CAP-G600-B360-e0.25,capped,600.0,360.0,0.25,0.0,337.14285714285717,24.52982505999993,161.047707,0.7178642613570216,40.93883561999998,18.08073911999994
3,0,7,CAP-G600-B360-e0.5,capped,600.0,360.0,0.5,0.0,505.7142857142857,24.223564979999992,213.489003,0.7312625808540076,40.93883561999998,18.08073911999994
3,0,7,CAP-G600-B360-e0.75,capped,600.0,360.0,0.75,0.0,600.0,24.208157759999967,218.777525,0.7319366186068899,40.93883561999998,18.08073911999994
3,0,7,CAP-G600-B360-e0.9,capped,600.0,360.0,0.9,0.0,600.0,24.208157759999967,218.777525,0.7319366186068899,40.93883561999998,18.08073911999994
3,0,7,CAP-G600-B360-e0.95,capped,600.0,360.0,0.95,0.0,600.0,24.208157759999967,218.777525,0.7319366186068899,40.93883561999998,18.08073911999994
3,0,7,CAP-G600-B480-e0,capped,600.0,480.0,0.0,0.0,282.8571428571429,25.006477599999997,160.323028,0.6970115827448692,40.93883561999998,18.08073911999994
3,0,7,CAP-G600-B480-e0.25,capped,600.0,480.0,0.25,0.0,377.14285714285717,24.323813839999943,182.15362,0.7268768762088308,40.93883561999998,18.08073911999994
3,0,7,CAP-G600-B480-e0.5,capped,600.0,480.0,0.5,0.0,565.7142857142858,24.187266899999962,218.777525,0.732850555600725,40.93883561999998,18.08073911999994
3,0,7,CAP-G600-B480-e0.75,capped,600.0,480.0,0.75,0.0,600.0,24.208157759999967,218.777525,0.7319366186068899,40.93883561999998,18.08073911999994
3,0,7,CAP-G600-B480-e0.9,capped,600.0,480.0,0.9,0.0,600.0,24.208157759999967,218.777525,0.7319366186068899,40.93883561999998,18.08073911999994
3,0,7,CAP-G600-B480-e0.95,capped,600.0,480.0,0.95,0.0,600.0,24.208157759999967,218.777525,0.7319366186068899,40.93883561999998,18.08073911999994
3,0,7,CAP-G600-B600-e0,capped,600.0,600.0,0.0,0.0,312.8571428571429,24.644863679999943,163.649994,0.7128315317069384,40.93883561999998,18.08073911999994
3,0,7,CAP-G600-B600-e0.25,capped,600.0,600.0,0.25,0.0,417.14285714285717,24.416438,218.777525,0.7228247382716207,40.93883561999998,18.08073911999994
3,0,7,CAP-G600-B600-e0.5,capped,600.0,600.0,0.5,0.0,600.0,24.180529779999972,218.777525,0.7331452923037567,40.93883561999998,18.08073911999994
3,0,7,CAP-G600-B600-e0.75,capped,600.0,600.0,0.75,0.0,600.0,24.208157759999967,218.777525,0.7319366186068899,40.93883561999998,18.08073911999994
3,0,7,CAP-G600-B600-e0.9,capped,600.0,600.0,0.9,0.0,600.0,24.208157759999967,218.777525,0.7319366186068899,40.93883561999998,18.08073911999994
3,0,7,CAP-G600-B600-e0.95,capped,600.0,600.0,0.95,0.0,600.0,24.208157759999967,218.777525,0.7319366186068899,40.93883561999998,18.08073911999994
3,0,7,HYB-G600-B0-g1-e0,hybrid,600.0,0.0,0.0,1.0,600.0,29.621423719999864,59.134347999999996,0.4951161134524082,40.93883561999998,18.08073911999994
3,0,7,HYB-G600-B0-g1-e0.9,hybrid,600.0,0.0,0.9,1.0,600.0,24.201826819999994,161.082597,0.7322135856763032,40.93883561999998,18.08073911999994
3,0,7,HYB-G600-B0-g4-e0,hybrid,600.0,0.0,0.0,4.0,600.0,26.150104519999918,62.24257,0.6469799924066308,40.93883561999998,18.08073911999994
3,0,7,HYB-G600-B0-g4-e0.9,hybrid,600.0,0.0,0.9,4.0,600.0,24.20172275999999,161.082597,0.7322181381113673,40.93883561999998,18.08073911999994
3,0,7,HYB-G600-B0-g16-e0,hybrid,600.0,0.0,0.0,16.0,600.0,24.287655,66.96598,0.728458759459693,40.93883561999998,18.08073911999994
3,0,7,HYB-G600-B0-g16-e0.9,hybrid,600.0,0.0,0.9,16.0,600.0,24.208157759999967,213.489003,0.7319366186068899,40.93883561999998,18.08073911999994
3,0,7,HYB-G600-B30-g1-e0,hybrid,600.0,30.0,0.0,1.0,600.0,28.281818639999976,62.24257,0.5537213905803565,40.93883561999998,18.08073911999994
3,0,7,HYB-G600-B30-g1-e0.9,hybrid,600.0,30.0,0.9,1.0,600.0,24.208157759999967,218.777525,0.7319366186068899,40.93883561999998,18.08073911999994
3,0,7,HYB-G600-B30-g4-e0,hybrid,600.0,30.0,0.0,4.0,600.0,25.70336135999997,65.25648699999999,0.6665241902360497,40.93883561999998,18.08073911999994
3,0,7,HYB-G600-B30-g4-e0.9,hybrid,600.0,30.0,0.9,4.0,600.0,24.208157759999967,218.777525,0.7319366186068899,40.93883561999998,18.08073911999994
3,0,7,HYB-G600-B30-g16-e0,hybrid,600.0,30.0,0.0,16.0,600.0,24.375397399999972,84.491692,0.7246201896120256,40.93883561999998,18.08073911999994
3,0,7,HYB-G600-B30-g16-e0.9,hybrid,600.0,30.0,0.9,16.0,600.0,24.208157759999967,218.777525,0.7319366186068899,40.93883561999998,18.08073911999994
3,0,7,HYB-G600-B120-g1-e0,hybrid,600.0,120.0,0.0,1.0,600.0,26.441601,84.491692,0.634227553462291,40.93883561999998,18.08073911999994
3,0,7,HYB-G600-B120-g1-e0.9,hybrid,600.0,120.0,0.9,1.0,600.0,24.208157759999967,218.777525,0.7319366186068899,40.93883561999998,18.08073911999994
3,0,7,HYB-G600-B120-g4-e0,hybrid,600.0,120.0,0.0,4.0,600.0,25.021816039999948,84.491692,0.6963405539914491,40.93883561999998,18.08073911999994
3,0,7,HYB-G600-B120-g4-e0.9,hybrid,600.0,120.0,0.9,4.0,600.0,24.208157759999967,218.777525,0.7319366186068899,40.93883561999998,18.08073911999994
3,0,7,HYB-G600-B120-g16-e0,hybrid,600.0,120.0,0.0,16.0,600.0,24.183015159999965,84.899777,0.7330365614652115,40.93883561999998,18.08073911999994
3,0,7,HYB-G600-B120-g16-e0.9,hybrid,600.0,120.0,0.9,16.0,600.0,24.208157759999967,218.777525,0.7319366186068899,40.93883561999998,18.08073911999994
3,0,7,CAP-G1200-B0-e0,capped,1200.0,0.0,0.0,0.0,162.85714285714286,40.93883561999998,0.0,0.0,40.93883561999998,18.08073911999994
3,0,7,CAP-G1200-B0-e0.25,capped,1200.0,0.0,0.25,0.0,217.14285714285714,30.419767959999998,70.514779,0.4601900101349193,40.93883561999998,18.08073911999994
3,0,7,CAP-G1200-B0-e0.5,capped,1200.0,0.0,0.5,0.0,325.7142857142857,26.630581779999975,81.697248,0.6259599892755715,40.93883561999998,18.08073911999994
3,0,7,CAP-G1200-B0-e0.75,capped,1200.0,0.0,0.75,0.0,651.4285714285714,24.521215079999994,77.57711800000001,0.7182409322666022,40.93883561999998,18.08073911999994
3,0,7,CAP-G1200-B0-e0.9,capped,1200.0,0.0,0.9,0.0,1200.0,24.14628697999998,161.082597,0.7346433523018843,40.93883561999998,18.08073911999994
3,0,7,CAP-G1200-B0-e0.95,capped,1200.0,0.0,0.95,0.0,1200.0,24.133134979999987,218.777525,0.7352187282961188,40.93883561999998,18.08073911999994
3,0,7,CAP-G1200-B15-e0.25,capped,1200.0,15.0,0.25,0.0,222.14285714285714,29.609159,70.566773,0.4956526725661501,40.93883561999998,18.08073911999994
3,0,7,CAP-G1200-B15-e0.5,capped,1200.0,15.0,0.5,0.0,333.2142857142857,26.468598039999982,77.57711800000001,0.6330464822387976,40.93883561999998,18.08073911999994
3,0,7,CAP-G1200-B15-e0.75,capped,1200.0,15.0,0.75,0.0,666.4285714285714,24.469634919999987,107.975674,0.7204974701196123,40.93883561999998,18.08073911999994
3,0,7,CAP-G1200-B15-e0.9,capped,1200.0,15.0,0.9,0.0,1200.0,24.163387379999985,213.489003,0.7338952410144898,40.93883561999998,18.08073911999994
3,0,7,CAP-G1200-B15-e0.95,capped,1200.0,15.0,0.95,0.0,1200.0,24.094991599999968,218.777525,0.736887431549691,40.93883561999998,18.08073911999994
3,0,7,CAP-G1200-B30-e0.25,capped,1200.0,30.0,0.25,0.0,227.14285714285714,28.885516579999976,70.662674,0.5273107076085702,40.93883561999998,18.08073911999994
3,0,7,CAP-G1200-B30-e0.5,capped,1200.0,30.0,0.5,0.0,340.7142857142857,25.992223439999975,77.57711800000001,0.6538870014832591,40.93883561999998,18.08073911999994
3,0,7,CAP-G1200-B30-e0.75,capped,1200.0,30.0,0.75,0.0,681.4285714285714,24.26671559999999,107.975674,0.7293748199899305,40.93883561999998,18.08073911999994
3,0,7,CAP-G1200-B30-e0.9,capped,1200.0,30.0,0.9,0.0,1200.0,24.108560839999928,218.777525,0.7362938020670279,40.93883561999998,18.08073911999994
3,0,7,CAP-G1200-B30-e0.95,capped,1200.0,30.0,0.95,0.0,1200.0,24.081953779999992,218.777525,0.7374578123773323,40.93883561999998,18.08073911999994
3,0,7,CAP-G1200-B60-e0.25,capped,1200.0,60.0,0.25,0.0,237.14285714285714,28.166238719999985,74.171014,0.5587778011174278,40.93883561999998,18.08073911999994
3,0,7,CAP-G1200-B60-e0.5,capped,1200.0,60.0,0.5,0.0,355.7142857142857,25.059742459999995,77.57711800000001,0.6946813423418681,40.93883561999998,18.08073911999994
3,0,7,CAP-G1200-B60-e0.75,capped,1200.0,60.0,0.75,0.0,711.4285714285714,24.093137,116.485394,0.7369685669145701,40.93883561999998,18.08073911999994
3,0,7,CAP-G1200-B60-e0.9,capped,1200.0,60.0,0.9,0.0,1200.0,24.11422485999986,218.777525,0.7360460115303166,40.93883561999998,18.08073911999994
3,0,7,CAP-G1200-B60-e0.95,capped,1200.0,60.0,0.95,0.0,1200.0,24.08130685999999,218.777525,0.7374861139465378,40.93883561999998,18.08073911999994
3,0,7,CAP-G1200-B120-e0.25,capped,1200.0,120.0,0.25,0.0,257.14285714285717,26.36529971999993,84.533655,0.6375655951929342,40.93883561999998,18.08073911999994
3,0,7,CAP-G1200-B120-e0.5,capped,1200.0,120.0,0.5,0.0,385.7142857142857,24.399896459999812,107.975674,0.7235484004540859,40.93883561999998,18.08073911999994
3,0,7,CAP-G1200-B120-e0.75,capped,1200.0,120.0,0.75,0.0,771.4285714285714,24.181918459999995,210.407731,0.733084540088452,40.93883561999998,18.08073911999994
3,0,7,CAP-G1200-B120-e0.9,capped,1200.0,120.0,0.9,0.0,1200.0,24.082895639999844,218.777525,0.7374166077214743,40.93883561999998,18.08073911999994
3,0,7,CAP-G1200-B120-e0.95,capped,1200.0,120.0,0.95,0.0,1200.0,24.081449079999985,218.777525,0.7374798920811261,40.93883561999998,18.08073911999994
3,0,7,CAP-G1200-B240-e0.25,capped,1200.0,240.0,0.25,0.0,297.14285714285717,24.810903299999996,107.975674,0.7055676013967285,40.93883561999998,18.08073911999994
3,0,7,CAP-G1200-B240-e0.5,capped,1200.0,240.0,0.5,0.0,445.7142857142857,24.256394299999936,161.055937,0.7298263580259193,40.93883561999998,18.08073911999994
3,0,7,CAP-G1200-B240-e0.75,capped,1200.0,240.0,0.75,0.0,891.4285714285714,24.14708805999998,218.777525,0.7346083065140604,40.93883561999998,18.08073911999994
3,0,7,CAP-G1200-B240-e0.9,capped,1200.0,240.0,0.9,0.0,1200.0,24.081449079999985,218.777525,0.7374798920811261,40.93883561999998,18.08073911999994
3,0,7,CAP-G1200-B240-e0.95,capped,1200.0,240.0,0.95,0.0,1200.0,24.081449079999985,218.777525,0.7374798920811261,40.93883561999998,18.08073911999994
3,0,7,CAP-G1200-B360-e0.25,capped,1200.0,360.0,0.25,0.0,337.14285714285717,24.52982505999993,161.047707,0.7178642613570216,40.93883561999998,18.08073911999994
3,0,7,CAP-G1200-B360-e0.5,capped,1200.0,360.0,0.5,0.0,505.7142857142857,24.22183676,213.489003,0.7313381873245636,40.93883561999998,18.08073911999994
3,0,7,CAP-G1200-B360-e0.75,capped,1200.0,360.0,0.75,0.0,1011.4285714285714,24.098497919999993,218.777525,0.7367340364496211,40.93883561999998,18.08073911999994
3,0,7,CAP-G1200-B360-e0.9,capped,1200.0,360.0,0.9,0.0,1200.0,24.081449079999985,218.777525,0.7374798920811261,40.93883561999998,18.08073911999994
3,0,7,CAP-G1200-B360-e0.95,capped,1200.0,360.0,0.95,0.0,1200.0,24.081449079999985,218.777525,0.7374798920811261,40.93883561999998,18.08073911999994
3,0,7,CAP-G1200-B480-e0.25,capped,1200.0,480.0,0.25,0.0,377.14285714285717,24.323813839999943,182.15362,0.7268768762088308,40.93883561999998,18.08073911999994
3,0,7,CAP-G1200-B480-e0.5,capped,1200.0,480.0,0.5,0.0,565.7142857142858,24.168948279999967,218.777525,0.7336519617895559,40.93883561999998,18.08073911999994
3,0,7,CAP-G1200-B480-e0.75,capped,1200.0,480.0,0.75,0.0,1131.4285714285716,24.09696419999996,218.777525,0.7368011339001911,40.93883561999998,18.08073911999994
3,0,7,CAP-G1200-B480-e0.9,capped,1200.0,480.0,0.9,0.0,1200.0,24.081449079999985,218.777525,0.7374798920811261,40.93883561999998,18.08073911999994
3,0,7,CAP-G1200-B480-e0.95,capped,1200.0,480.0,0.95,0.0,1200.0,24.081449079999985,218.777525,0.7374798920811261,40.93883561999998,18.08073911999994
3,0,7,CAP-G1200-B600-e0.25,capped,1200.0,600.0,0.25,0.0,417.14285714285717,24.416438,218.777525,0.7228247382716207,40.93883561999998,18.08073911999994
3,0,7,CAP-G1200-B600-e0.5,capped,1200.0,600.0,0.5,0.0,625.7142857142858,24.128208,218.777525,0.735434274678119,40.93883561999998,18.08073911999994
3,0,7,CAP-G1200-B600-e0.75,capped,1200.0,600.0,0.75,0.0,1200.0,24.081449079999985,218.777525,0.7374798920811261,40.93883561999998,18.08073911999994
3,0,7,CAP-G1200-B600-e0.9,capped,1200.0,600.0,0.9,0.0,1200.0,24.081449079999985,218.777525,0.7374798920811261,40.93883561999998,18.08073911999994
3,0,7,CAP-G1200-B600-e0.95,capped,1200.0,600.0,0.95,0.0,1200.0,24.081449079999985,218.777525,0.7374798920811261,40.93883561999998,18.08073911999994
3,0,7,HYB-G1200-B0-g1-e0,hybrid,1200.0,0.0,0.0,1.0,1200.0,29.621423719999864,59.134347999999996,0.4951161134524082,40.93883561999998,18.08073911999994
3,0,7,HYB-G1200-B0-g1-e0.9,hybrid,1200.0,0.0,0.9,1.0,1200.0,24.091485879999993,161.082597,0.7370408004008538,40.93883561999998,18.08073911999994
3,0,7,HYB-G1200-B0-g4-e0,hybrid,1200.0,0.0,0.0,4.0,1200.0,26.150104519999918,62.24257,0.6469799924066308,40.93883561999998,18.08073911999994
3,0,7,HYB-G1200-B0-g4-e0.9,hybrid,1200.0,0.0,0.9,4.0,1200.0,24.071410079999975,161.082597,0.7379190800073827,40.93883561999998,18.08073911999994
3,0,7,HYB-G1200-B0-g16-e0,hybrid,1200.0,0.0,0.0,16.0,1200.0,24.258708659999993,66.96598,0.729725109000216,40.93883561999998,18.08073911999994
3,0,7,HYB-G1200-B0-g16-e0.9,hybrid,1200.0,0.0,0.9,16.0,1200.0,24.081449079999985,213.489003,0.7374798920811261,40.93883561999998,18.08073911999994
3,0,7,HYB-G1200-B30-g1-e0,hybrid,1200.0,30.0,0.0,1.0,1200.0,28.281818639999976,62.24257,0.5537213905803565,40.93883561999998,18.08073911999994
3,0,7,HYB-G1200-B30-g1-e0.9,hybrid,1200.0,30.0,0.9,1.0,1200.0,24.026270039999957,218.777525,0.7398938743652601,40.93883561999998,18.08073911999994
3,0,7,HYB-G1200-B30-g4-e0,hybrid,1200.0,30.0,0.0,4.0,1200.0,25.70278673999999,65.25648699999999,0.6665493288122203,40.93883561999998,18.08073911999994
3,0,7,HYB-G1200-B30-g4-e0.9,hybrid,1200.0,30.0,0.9,4.0,1200.0,24.081449079999985,218.777525,0.7374798920811261,40.93883561999998,18.08073911999994
3,0,7,HYB-G1200-B30-g16-e0,hybrid,1200.0,30.0,0.0,16.0,1200.0,24.329403679999903,84.491692,0.7266323309117209,40.93883561999998,18.08073911999994
3,0,7,HYB-G1200-B30-g16-e0.9,hybrid,1200.0,30.0,0.9,16.0,1200.0,24.081449079999985,218.777525,0.7374798920811261,40.93883561999998,18.08073911999994
3,0,7,HYB-G1200-B120-g1-e0,hybrid,1200.0,120.0,0.0,1.0,1200.0,26.441601,84.491692,0.634227553462291,40.93883561999998,18.08073911999994
3,0,7,HYB-G1200-B120-g1-e0.9,hybrid,1200.0,120.0,0.9,1.0,1200.0,24.081449079999985,218.777525,0.7374798920811261,40.93883561999998,18.08073911999994
3,0,7,HYB-G1200-B120-g4-e0,hybrid,1200.0,120.0,0.0,4.0,1200.0,25.021816039999948,84.491692,0.6963405539914491,40.93883561999998,18.08073911999994
3,0,7,HYB-G1200-B120-g4-e0.9,hybrid,1200.0,120.0,0.9,4.0,1200.0,24.081449079999985,218.777525,0.7374798920811261,40.93883561999998,18.08073911999994
3,0,7,HYB-G1200-B120-g16-e0,hybrid,1200.0,120.0,0.0,16.0,1200.0,24.183015159999965,84.899777,0.7330365614652115,40.93883561999998,18.08073911999994
3,0,7,HYB-G1200-B120-g16-e0.9,hybrid,1200.0,120.0,0.9,16.0,1200.0,24.081449079999985,218.777525,0.7374798920811261,40.93883561999998,18.08073911999994
3,1,5,SJF,reference,-1.0,-1.0,-1.0,-1.0,inf,36.279852299999995,367.327468,1.0,109.85287419999999,36.279852299999995
3,1,5,SPJF-E,reference,-1.0,-1.0,-1.0,-1.0,inf,48.14368333999995,335.45869,0.8387475363438898,109.85287419999999,36.279852299999995
3,1,5,FIX-B15,fixed,-1.0,15.0,0.0,0.0,159.75,109.53922607999993,63.712931,0.004263086004899484,109.85287419999999,36.279852299999995
3,1,5,FIX-B17.99,fixed,-1.0,17.99,0.0,0.0,160.4975,109.07945587999984,63.712931,0.010512254356649538,109.85287419999999,36.279852299999995
3,1,5,FIX-B21.576,fixed,-1.0,21.576,0.0,0.0,161.394,108.65288707999999,63.712931,0.016310151316484164,109.85287419999999,36.279852299999995
3,1,5,FIX-B25.877,fixed,-1.0,25.877,0.0,0.0,162.46925,108.41244623999995,63.712931,0.019578208462850112,109.85287419999999,36.279852299999995
3,1,5,FIX-B30,fixed,-1.0,30.0,0.0,0.0,163.5,107.90914915999998,63.712931,0.026418991497208087,109.85287419999999,36.279852299999995
3,1,5,FIX-B31.035,fixed,-1.0,31.035,0.0,0.0,163.75875,107.71438497999945,63.712931,0.029066214283099023,109.85287419999999,36.279852299999995
3,1,5,FIX-B37.222,fixed,-1.0,37.222,0.0,0.0,165.3055,107.00955323999993,63.712931,0.038646244052129346,109.85287419999999,36.279852299999995
3,1,5,FIX-B44.641,fixed,-1.0,44.641,0.0,0.0,167.16025,106.47047237999999,73.152249,0.045973398028931564,109.85287419999999,36.279852299999995
3,1,5,FIX-B53.54,fixed,-1.0,53.54,0.0,0.0,169.385,104.8944162399999,73.152249,0.06739505639362749,109.85287419999999,36.279852299999995
3,1,5,FIX-B60,fixed,-1.0,60.0,0.0,0.0,171.0,104.01707389999994,73.152249,0.07931983965443244,109.85287419999999,36.279852299999995
3,1,5,FIX-B64.212,fixed,-1.0,64.212,0.0,0.0,172.053,103.04261389999988,66.987395,0.09256464019184335,109.85287419999999,36.279852299999995
3,1,5,FIX-B77.012,fixed,-1.0,77.012,0.0,0.0,175.253,99.34930223999986,73.177405,0.14276390569190597,109.85287419999999,36.279852299999995
3,1,5,FIX-B92.363,fixed,-1.0,92.363,0.0,0.0,179.09075,94.4726439999999,73.177405,0.20904714530965987,109.85287419999999,36.279852299999995
3,1,5,FIX-B110.774,fixed,-1.0,110.774,0.0,0.0,183.6935,90.48853999999979,73.177405,0.2631988424550522,109.85287419999999,36.279852299999995
3,1,5,FIX-B120,fixed,-1.0,120.0,0.0,0.0,186.0,89.09878809999998,73.177405,0.2820882650193279,109.85287419999999,36.279852299999995
3,1,5,FIX-B132.855,fixed,-1.0,132.855,0.0,0.0,189.21375,86.3103730999998,115.042103,0.3199882306315897,109.85287419999999,36.279852299999995
3,1,5,FIX-B159.338,fixed,-1.0,159.338,0.0,0.0,195.8345,83.01455561999964,116.249557,0.3647847796231454,109.85287419999999,36.279852299999995
3,1,5,FIX-B191.099,fixed,-1.0,191.099,0.0,0.0,203.77474999999998,78.80044631999996,116.373926,0.42206269469543195,109.85287419999999,36.279852299999995
3,1,5,FIX-B229.192,fixed,-1.0,229.192,0.0,0.0,213.298,77.46122925999991,118.55851200000001,0.44026525081471585,109.85287419999999,36.279852299999995
3,1,5,FIX-B240,fixed,-1.0,240.0,0.0,0.0,216.0,76.29433043999994,118.55851200000001,0.4561256679875488,109.85287419999999,36.279852299999995
3,1,5,FIX-B274.878,fixed,-1.0,274.878,0.0,0.0,224.71949999999998,73.1012620799997,118.615489,0.4995256572436682,109.85287419999999,36.279852299999995
3,1,5,FIX-B329.671,fixed,-1.0,329.671,0.0,0.0,238.41775,67.92199957999986,118.721056,0.5699218753987341,109.85287419999999,36.279852299999995
3,1,5,FIX-B360,fixed,-1.0,360.0,0.0,0.0,246.0,64.80180457999992,122.637176,0.6123313744164703,109.85287419999999,36.279852299999995
3,1,5,FIX-B395.386,fixed,-1.0,395.386,0.0,0.0,254.8465,62.24396259999987,131.42919300000003,0.6470974056864195,109.85287419999999,36.279852299999995
3,1,5,FIX-B474.201,fixed,-1.0,474.201,0.0,0.0,274.55025,59.593842039999736,152.230442,0.6831176817544892,109.85287419999999,36.279852299999995
3,1,5,FIX-B480,fixed,-1.0,480.0,0.0,0.0,276.0,59.20367647999993,163.824175,0.6884207881095621,109.85287419999999,36.279852299999995
3,1,5,FIX-B568.726,fixed,-1.0,568.726,0.0,0.0,298.1815,56.822853219999985,170.23615299999997,0.7207807917972717,109.85287419999999,36.279852299999995
3,1,5,FIX-B600,fixed,-1.0,600.0,0.0,0.0,306.0,56.142326979999964,170.23677999999998,0.730030462701438,109.85287419999999,36.279852299999995
3,1,5,FIX-B682.093,fixed,-1.0,682.093,0.0,0.0,326.52324999999996,54.773338579999965,204.36298100000002,0.7486376690475457,109.85287419999999,36.279852299999995
3,1,5,FIX-B818.058,fixed,-1.0,818.058,0.0,0.0,360.5145,53.10273339999994,232.040459,0.7713444321633887,109.85287419999999,36.279852299999995
3,1,5,FIX-B981.126,fixed,-1.0,981.126,0.0,0.0,401.2815,52.84002725999993,251.879259,0.7749151179013903,109.85287419999999,36.279852299999995
3,1,5,FIX-B1176.7,fixed,-1.0,1176.699,0.0,0.0,450.17475,51.79194129999984,301.753436,0.789160637970209,109.85287419999999,36.279852299999995
3,1,5,FIX-B1411.26,fixed,-1.0,1411.256,0.0,0.0,508.814,50.96099641999996,335.45869,0.8004547898011518,109.85287419999999,36.279852299999995
3,1,5,FIX-B1692.57,fixed,-1.0,1692.569,0.0,0.0,579.14225,50.22385515999999,335.45869,0.8104739685838568,109.85287419999999,36.279852299999995
3,1,5,FIX-B2029.96,fixed,-1.0,2029.958,0.0,0.0,663.4895,50.03561907999997,335.45869,0.8130324618350362,109.85287419999999,36.279852299999995
3,1,5,FIX-B2434.6,fixed,-1.0,2434.6,0.0,0.0,764.65,49.72280423999991,335.45869,0.8172842219492971,109.85287419999999,36.279852299999995
3,1,5,FIX-B2919.9,fixed,-1.0,2919.901,0.0,0.0,885.97525,49.61041191999997,335.45869,0.8188118514675287,109.85287419999999,36.279852299999995
3,1,5,FIX-B3501.94,fixed,-1.0,3501.94,0.0,0.0,1031.4850000000001,49.139998699999914,335.45869,0.8252056790941746,109.85287419999999,36.279852299999995
3,1,5,FIX-B4200,fixed,-1.0,4200.0,0.0,0.0,1206.0,48.84597787999997,335.45869,0.8292019920415968,109.85287419999999,36.279852299999995
3,1,5,FIXEQ-G300,fixed,300.0,inf,0.0,0.0,300.0,56.77111571999996,170.23615299999997,0.7214840047232046,109.85287419999999,36.279852299999995
3,1,5,CAP-G300-B0-e0,capped,300.0,0.0,0.0,0.0,156.0,109.85287419999999,0.0,0.0,109.85287419999999,36.279852299999995
3,1,5,CAP-G300-B0-e0.25,capped,300.0,0.0,0.25,0.0,208.0,81.44862863999992,74.236867,0.3860687630665347,109.85287419999999,36.279852299999995
3,1,5,CAP-G300-B0-e0.5,capped,300.0,0.0,0.5,0.0,300.0,62.418203899999924,118.55851200000001,0.6447291286264276,109.85287419999999,36.279852299999995
3,1,5,CAP-G300-B0-e0.75,capped,300.0,0.0,0.75,0.0,300.0,56.87729805999998,130.45657500000002,0.7200407808721531,109.85287419999999,36.279852299999995
3,1,5,CAP-G300-B0-e0.9,capped,300.0,0.0,0.9,0.0,300.0,56.34554313999995,143.939274,0.727268361121919,109.85287419999999,36.279852299999995
3,1,5,CAP-G300-B0-e0.95,capped,300.0,0.0,0.95,0.0,300.0,56.67319775999998,143.939274,0.7228148996283109,109.85287419999999,36.279852299999995
3,1,5,CAP-G300-B15-e0,capped,300.0,15.0,0.0,0.0,159.75,109.53922607999993,63.712931,0.004263086004899484,109.85287419999999,36.279852299999995
3,1,5,CAP-G300-B15-e0.25,capped,300.0,15.0,0.25,0.0,213.0,75.19130737999984,73.177405,0.4711178897492065,109.85287419999999,36.279852299999995
3,1,5,CAP-G300-B15-e0.5,capped,300.0,15.0,0.5,0.0,300.0,61.91238515999999,118.55851200000001,0.6516041859088026,109.85287419999999,36.279852299999995
3,1,5,CAP-G300-B15-e0.75,capped,300.0,15.0,0.75,0.0,300.0,56.42753695999964,143.674754,0.7261539061507593,109.85287419999999,36.279852299999995
3,1,5,CAP-G300-B15-e0.9,capped,300.0,15.0,0.9,0.0,300.0,56.78842297999999,143.939274,0.7212487655070752,109.85287419999999,36.279852299999995
3,1,5,CAP-G300-B15-e0.95,capped,300.0,15.0,0.95,0.0,300.0,56.774522419999656,143.939274,0.721437701065808,109.85287419999999,36.279852299999995
3,1,5,CAP-G300-B30-e0,capped,300.0,30.0,0.0,0.0,163.5,107.90914915999998,63.712931,0.026418991497208087,109.85287419999999,36.279852299999995
3,1,5,CAP-G300-B30-e0.25,capped,300.0,30.0,0.25,0.0,218.0,73.63293731999998,73.177405,0.49229915999957063,109.85287419999999,36.279852299999995
3,1,5,CAP-G300-B30-e0.5,capped,300.0,30.0,0.5,0.0,300.0,61.47397689999974,118.615489,0.6575630040826181,109.85287419999999,36.279852299999995
3,1,5,CAP-G300-B30-e0.75,capped,300.0,30.0,0.75,0.0,300.0,56.62716477999996,143.55492700000002,0.723440577068373,109.85287419999999,36.279852299999995
3,1,5,CAP-G300-B30-e0.9,capped,300.0,30.0,0.9,0.0,300.0,56.77912585999981,143.939274,0.7213751313917444,109.85287419999999,36.279852299999995
3,1,5,CAP-G300-B30-e0.95,capped,300.0,30.0,0.95,0.0,300.0,56.77111571999996,170.23615299999997,0.7214840047232046,109.85287419999999,36.279852299999995
3,1,5,CAP-G300-B60-e0,capped,300.0,60.0,0.0,0.0,171.0,104.01707389999994,73.152249,0.07931983965443244,109.85287419999999,36.279852299999995
3,1,5,CAP-G300-B60-e0.25,capped,300.0,60.0,0.25,0.0,228.0,69.94833137999997,73.18311,0.5423800978874843,109.85287419999999,36.279852299999995
3,1,5,CAP-G300-B60-e0.5,capped,300.0,60.0,0.5,0.0,300.0,59.6879156,118.615489,0.6818390396983273,109.85287419999999,36.279852299999995
3,1,5,CAP-G300-B60-e0.75,capped,300.0,60.0,0.75,0.0,300.0,56.73336085999997,143.939274,0.7219971664640844,109.85287419999999,36.279852299999995
3,1,5,CAP-G300-B60-e0.9,capped,300.0,60.0,0.9,0.0,300.0,56.77111571999996,170.23615299999997,0.7214840047232046,109.85287419999999,36.279852299999995
3,1,5,CAP-G300-B60-e0.95,capped,300.0,60.0,0.95,0.0,300.0,56.77111571999996,170.23615299999997,0.7214840047232046,109.85287419999999,36.279852299999995
3,1,5,CAP-G300-B120-e0,capped,300.0,120.0,0.0,0.0,186.0,89.09878809999998,73.177405,0.2820882650193279,109.85287419999999,36.279852299999995
3,1,5,CAP-G300-B120-e0.25,capped,300.0,120.0,0.25,0.0,248.0,67.28792491999985,118.55851200000001,0.5785401792773194,109.85287419999999,36.279852299999995
3,1,5,CAP-G300-B120-e0.5,capped,300.0,120.0,0.5,0.0,300.0,58.02373927999999,124.560895,0.7044584221434571,109.85287419999999,36.279852299999995
3,1,5,CAP-G300-B120-e0.75,capped,300.0,120.0,0.75,0.0,300.0,56.76801435999998,163.824175,0.7215261582180577,109.85287419999999,36.279852299999995
3,1,5,CAP-G300-B120-e0.9,capped,300.0,120.0,0.9,0.0,300.0,56.77111571999996,170.23615299999997,0.7214840047232046,109.85287419999999,36.279852299999995
3,1,5,CAP-G300-B120-e0.95,capped,300.0,120.0,0.95,0.0,300.0,56.77111571999996,170.23615299999997,0.7214840047232046,109.85287419999999,36.279852299999995
3,1,5,CAP-G300-B240-e0,capped,300.0,240.0,0.0,0.0,216.0,76.29433043999994,118.55851200000001,0.4561256679875488,109.85287419999999,36.279852299999995
3,1,5,CAP-G300-B240-e0.25,capped,300.0,240.0,0.25,0.0,288.0,59.38179973999976,122.947848,0.6859997476874093,109.85287419999999,36.279852299999995
3,1,5,CAP-G300-B240-e0.5,capped,300.0,240.0,0.5,0.0,300.0,56.80549975999999,163.824175,0.7210166589609663,109.85287419999999,36.279852299999995
3,1,5,CAP-G300-B240-e0.75,capped,300.0,240.0,0.75,0.0,300.0,56.77111571999996,170.23615299999997,0.7214840047232046,109.85287419999999,36.279852299999995
3,1,5,CAP-G300-B240-e0.9,capped,300.0,240.0,0.9,0.0,300.0,56.77111571999996,170.23615299999997,0.7214840047232046,109.85287419999999,36.279852299999995
3,1,5,CAP-G300-B240-e0.95,capped,300.0,240.0,0.95,0.0,300.0,56.77111571999996,170.23615299999997,0.7214840047232046,109.85287419999999,36.279852299999995
3,1,5,CAP-G300-B360-e0,capped,300.0,360.0,0.0,0.0,246.0,64.80180457999992,122.637176,0.6123313744164703,109.85287419999999,36.279852299999995
3,1,5,CAP-G300-B360-e0.25,capped,300.0,360.0,0.25,0.0,300.0,56.80812879999988,163.824175,0.720980925210578,109.85287419999999,36.279852299999995
3,1,5,CAP-G300-B360-e0.5,capped,300.0,360.0,0.5,0.0,300.0,56.77111571999996,170.23615299999997,0.7214840047232046,109.85287419999999,36.279852299999995
3,1,5,CAP-G300-B360-e0.75,capped,300.0,360.0,0.75,0.0,300.0,56.77111571999996,170.23615299999997,0.7214840047232046,109.85287419999999,36.279852299999995
3,1,5,CAP-G300-B360-e0.9,capped,300.0,360.0,0.9,0.0,300.0,56.77111571999996,170.23615299999997,0.7214840047232046,109.85287419999999,36.279852299999995
3,1,5,CAP-G300-B360-e0.95,capped,300.0,360.0,0.95,0.0,300.0,56.77111571999996,170.23615299999997,0.7214840047232046,109.85287419999999,36.279852299999995
3,1,5,CAP-G300-B480-e0,capped,300.0,480.0,0.0,0.0,276.0,59.20367647999993,163.824175,0.6884207881095621,109.85287419999999,36.279852299999995
3,1,5,CAP-G300-B480-e0.25,capped,300.0,480.0,0.25,0.0,300.0,56.77111571999996,170.23615299999997,0.7214840047232046,109.85287419999999,36.279852299999995
3,1,5,CAP-G300-B480-e0.5,capped,300.0,480.0,0.5,0.0,300.0,56.77111571999996,170.23615299999997,0.7214840047232046,109.85287419999999,36.279852299999995
3,1,5,CAP-G300-B480-e0.75,capped,300.0,480.0,0.75,0.0,300.0,56.77111571999996,170.23615299999997,0.7214840047232046,109.85287419999999,36.279852299999995
3,1,5,CAP-G300-B480-e0.9,capped,300.0,480.0,0.9,0.0,300.0,56.77111571999996,170.23615299999997,0.7214840047232046,109.85287419999999,36.279852299999995
3,1,5,CAP-G300-B480-e0.95,capped,300.0,480.0,0.95,0.0,300.0,56.77111571999996,170.23615299999997,0.7214840047232046,109.85287419999999,36.279852299999995
3,1,5,HYB-G300-B0-g1-e0,hybrid,300.0,0.0,0.0,1.0,300.0,78.4076954599996,53.104383,0.42740094028950565,109.85287419999999,36.279852299999995
3,1,5,HYB-G300-B0-g1-e0.9,hybrid,300.0,0.0,0.9,1.0,300.0,56.72299432,143.939274,0.7221380678397824,109.85287419999999,36.279852299999995
3,1,5,HYB-G300-B0-g4-e0,hybrid,300.0,0.0,0.0,4.0,300.0,65.85847787999998,61.020513,0.5979691357492007,109.85287419999999,36.279852299999995
3,1,5,HYB-G300-B0-g4-e0.9,hybrid,300.0,0.0,0.9,4.0,300.0,56.75111601999988,161.72399199999998,0.7217558394186351,109.85287419999999,36.279852299999995
3,1,5,HYB-G300-B0-g16-e0,hybrid,300.0,0.0,0.0,16.0,300.0,57.55844367999993,73.152249,0.7107826913930263,109.85287419999999,36.279852299999995
3,1,5,HYB-G300-B0-g16-e0.9,hybrid,300.0,0.0,0.9,16.0,300.0,56.76043985999991,169.51443799999998,0.7216291103573671,109.85287419999999,36.279852299999995
3,1,5,HYB-G300-B30-g1-e0,hybrid,300.0,30.0,0.0,1.0,300.0,74.50285289999975,63.712931,0.4804753208050605,109.85287419999999,36.279852299999995
3,1,5,HYB-G300-B30-g1-e0.9,hybrid,300.0,30.0,0.9,1.0,300.0,56.774522419999656,161.68880800000002,0.721437701065808,109.85287419999999,36.279852299999995
3,1,5,HYB-G300-B30-g4-e0,hybrid,300.0,30.0,0.0,4.0,300.0,63.20139683999987,78.296097,0.6340840182344083,109.85287419999999,36.279852299999995
3,1,5,HYB-G300-B30-g4-e0.9,hybrid,300.0,30.0,0.9,4.0,300.0,56.774967719999836,164.004189,0.7214316485755244,109.85287419999999,36.279852299999995
3,1,5,HYB-G300-B30-g16-e0,hybrid,300.0,30.0,0.0,16.0,300.0,57.361906659999946,115.349664,0.7134540105114271,109.85287419999999,36.279852299999995
3,1,5,HYB-G300-B30-g16-e0.9,hybrid,300.0,30.0,0.9,16.0,300.0,56.77111571999996,169.89474399999997,0.7214840047232046,109.85287419999999,36.279852299999995
3,1,5,HYB-G300-B120-g1-e0,hybrid,300.0,120.0,0.0,1.0,300.0,69.62102133999997,76.032477,0.5468288758708717,109.85287419999999,36.279852299999995
3,1,5,HYB-G300-B120-g1-e0.9,hybrid,300.0,120.0,0.9,1.0,300.0,56.77111571999996,170.23615299999997,0.7214840047232046,109.85287419999999,36.279852299999995
3,1,5,HYB-G300-B120-g4-e0,hybrid,300.0,120.0,0.0,4.0,300.0,59.96025569999998,116.249557,0.6781374097670442,109.85287419999999,36.279852299999995
3,1,5,HYB-G300-B120-g4-e0.9,hybrid,300.0,120.0,0.9,4.0,300.0,56.77111571999996,170.23615299999997,0.7214840047232046,109.85287419999999,36.279852299999995
3,1,5,HYB-G300-B120-g16-e0,hybrid,300.0,120.0,0.0,16.0,300.0,56.9962006599999,119.324794,0.7184246640275639,109.85287419999999,36.279852299999995
3,1,5,HYB-G300-B120-g16-e0.9,hybrid,300.0,120.0,0.9,16.0,300.0,56.77111571999996,170.23615299999997,0.7214840047232046,109.85287419999999,36.279852299999995
3,1,5,FIXEQ-G600,fixed,600.0,inf,0.0,0.0,600.0,50.25068139999999,335.45869,0.810109347975552,109.85287419999999,36.279852299999995
3,1,5,CAP-G600-B0-e0,capped,600.0,0.0,0.0,0.0,156.0,109.85287419999999,0.0,0.0,109.85287419999999,36.279852299999995
3,1,5,CAP-G600-B0-e0.25,capped,600.0,0.0,0.25,0.0,208.0,80.50377317999997,74.236867,0.39891118051248653,109.85287419999999,36.279852299999995
3,1,5,CAP-G600-B0-e0.5,capped,600.0,0.0,0.5,0.0,312.0,59.82453131999958,118.55851200000001,0.6799821672133929,109.85287419999999,36.279852299999995
3,1,5,CAP-G600-B0-e0.75,capped,600.0,0.0,0.75,0.0,600.0,52.594333379999995,130.45657500000002,0.7782545740451637,109.85287419999999,36.279852299999995
3,1,5,CAP-G600-B0-e0.9,capped,600.0,0.0,0.9,0.0,600.0,50.77974009999989,143.939274,0.8029184145826163,109.85287419999999,36.279852299999995
3,1,5,CAP-G600-B0-e0.95,capped,600.0,0.0,0.95,0.0,600.0,50.33875335999992,143.939274,0.8089122792983997,109.85287419999999,36.279852299999995
3,1,5,CAP-G600-B15-e0,capped,600.0,15.0,0.0,0.0,159.75,109.53922607999993,63.712931,0.004263086004899484,109.85287419999999,36.279852299999995
3,1,5,CAP-G600-B15-e0.25,capped,600.0,15.0,0.25,0.0,213.0,74.51906337999982,73.177405,0.4802549889554037,109.85287419999999,36.279852299999995
3,1,5,CAP-G600-B15-e0.5,capped,600.0,15.0,0.5,0.0,319.5,58.91286263999992,118.55851200000001,0.6923735119815715,109.85287419999999,36.279852299999995
3,1,5,CAP-G600-B15-e0.75,capped,600.0,15.0,0.75,0.0,600.0,51.62635243999999,143.674754,0.7914113115965407,109.85287419999999,36.279852299999995
3,1,5,CAP-G600-B15-e0.9,capped,600.0,15.0,0.9,0.0,600.0,50.73766533999999,143.939274,0.8034902921392714,109.85287419999999,36.279852299999995
3,1,5,CAP-G600-B15-e0.95,capped,600.0,15.0,0.95,0.0,600.0,50.31769627999995,143.939274,0.809198485837919,109.85287419999999,36.279852299999995
3,1,5,CAP-G600-B30-e0,capped,600.0,30.0,0.0,0.0,163.5,107.90914915999998,63.712931,0.026418991497208087,109.85287419999999,36.279852299999995
3,1,5,CAP-G600-B30-e0.25,capped,600.0,30.0,0.25,0.0,218.0,72.79841808,73.177405,0.5036418943123497,109.85287419999999,36.279852299999995
3,1,5,CAP-G600-B30-e0.5,capped,600.0,30.0,0.5,0.0,327.0,58.70550851999999,118.615489,0.6951918564595484,109.85287419999999,36.279852299999995
3,1,5,CAP-G600-B30-e0.75,capped,600.0,30.0,0.75,0.0,600.0,51.79411493999994,143.55492700000002,0.7891310939886792,109.85287419999999,36.279852299999995
3,1,5,CAP-G600-B30-e0.9,capped,600.0,30.0,0.9,0.0,600.0,50.47733693999993,143.939274,0.8070286597810667,109.85287419999999,36.279852299999995
3,1,5,CAP-G600-B30-e0.95,capped,600.0,30.0,0.95,0.0,600.0,50.25044796,204.778413,0.8101125208777105,109.85287419999999,36.279852299999995
3,1,5,CAP-G600-B60-e0,capped,600.0,60.0,0.0,0.0,171.0,104.01707389999994,73.152249,0.07931983965443244,109.85287419999999,36.279852299999995
3,1,5,CAP-G600-B60-e0.25,capped,600.0,60.0,0.25,0.0,228.0,68.92325947999997,73.18311,0.5563128122646819,109.85287419999999,36.279852299999995
3,1,5,CAP-G600-B60-e0.5,capped,600.0,60.0,0.5,0.0,342.0,56.513861419999756,118.615489,0.7249805893863963,109.85287419999999,36.279852299999995
3,1,5,CAP-G600-B60-e0.75,capped,600.0,60.0,0.75,0.0,600.0,51.20187305999998,143.939274,0.7971808092879221,109.85287419999999,36.279852299999995
3,1,5,CAP-G600-B60-e0.9,capped,600.0,60.0,0.9,0.0,600.0,50.296564259999926,204.50888,0.8094857109573214,109.85287419999999,36.279852299999995
3,1,5,CAP-G600-B60-e0.95,capped,600.0,60.0,0.95,0.0,600.0,50.250911459999976,318.097412,0.8101062210141463,109.85287419999999,36.279852299999995
3,1,5,CAP-G600-B120-e0,capped,600.0,120.0,0.0,0.0,186.0,89.09878809999998,73.177405,0.2820882650193279,109.85287419999999,36.279852299999995
3,1,5,CAP-G600-B120-e0.25,capped,600.0,120.0,0.25,0.0,248.0,66.04231687999969,118.55851200000001,0.5954704073396271,109.85287419999999,36.279852299999995
3,1,5,CAP-G600-B120-e0.5,capped,600.0,120.0,0.5,0.0,372.0,54.589650759999955,124.560895,0.7511343426278382,109.85287419999999,36.279852299999995
3,1,5,CAP-G600-B120-e0.75,capped,600.0,120.0,0.75,0.0,600.0,51.14079957999993,163.864045,0.7980109162812581,109.85287419999999,36.279852299999995
3,1,5,CAP-G600-B120-e0.9,capped,600.0,120.0,0.9,0.0,600.0,50.24946395999992,318.097412,0.8101258953453436,109.85287419999999,36.279852299999995
3,1,5,CAP-G600-B120-e0.95,capped,600.0,120.0,0.95,0.0,600.0,50.25068139999999,335.45869,0.810109347975552,109.85287419999999,36.279852299999995
3,1,5,CAP-G600-B240-e0,capped,600.0,240.0,0.0,0.0,216.0,76.29433043999994,118.55851200000001,0.4561256679875488,109.85287419999999,36.279852299999995
3,1,5,CAP-G600-B240-e0.25,capped,600.0,240.0,0.25,0.0,288.0,58.184452379999996,122.947848,0.702274019547918,109.85287419999999,36.279852299999995
3,1,5,CAP-G600-B240-e0.5,capped,600.0,240.0,0.5,0.0,432.0,52.050900439999964,163.824175,0.7856408812263295,109.85287419999999,36.279852299999995
3,1,5,CAP-G600-B240-e0.75,capped,600.0,240.0,0.75,0.0,600.0,50.26963465999999,285.835117,0.8098517364284042,109.85287419999999,36.279852299999995
3,1,5,CAP-G600-B240-e0.9,capped,600.0,240.0,0.9,0.0,600.0,50.25068139999999,335.45869,0.810109347975552,109.85287419999999,36.279852299999995
3,1,5,CAP-G600-B240-e0.95,capped,600.0,240.0,0.95,0.0,600.0,50.25068139999999,335.45869,0.810109347975552,109.85287419999999,36.279852299999995
3,1,5,CAP-G600-B360-e0,capped,600.0,360.0,0.0,0.0,246.0,64.80180457999992,122.637176,0.6123313744164703,109.85287419999999,36.279852299999995
3,1,5,CAP-G600-B360-e0.25,capped,600.0,360.0,0.25,0.0,328.0,54.86101363999998,163.824175,0.7474459950108426,109.85287419999999,36.279852299999995
3,1,5,CAP-G600-B360-e0.5,capped,600.0,360.0,0.5,0.0,492.0,51.04011719999997,209.55133099999998,0.7993793850134084,109.85287419999999,36.279852299999995
3,1,5,CAP-G600-B360-e0.75,capped,600.0,360.0,0.75,0.0,600.0,50.265874599999904,335.45869,0.8099028429332478,109.85287419999999,36.279852299999995
3,1,5,CAP-G600-B360-e0.9,capped,600.0,360.0,0.9,0.0,600.0,50.25068139999999,335.45869,0.810109347975552,109.85287419999999,36.279852299999995
3,1,5,CAP-G600-B360-e0.95,capped,600.0,360.0,0.95,0.0,600.0,50.25068139999999,335.45869,0.810109347975552,109.85287419999999,36.279852299999995
3,1,5,CAP-G600-B480-e0,capped,600.0,480.0,0.0,0.0,276.0,59.20367647999993,163.824175,0.6884207881095621,109.85287419999999,36.279852299999995
3,1,5,CAP-G600-B480-e0.25,capped,600.0,480.0,0.25,0.0,368.0,52.85776087999998,204.36298100000002,0.7746740836262975,109.85287419999999,36.279852299999995
3,1,5,CAP-G600-B480-e0.5,capped,600.0,480.0,0.5,0.0,552.0,50.68584249999998,241.171437,0.8041946650012485,109.85287419999999,36.279852299999995
3,1,5,CAP-G600-B480-e0.75,capped,600.0,480.0,0.75,0.0,600.0,50.25068139999999,335.45869,0.810109347975552,109.85287419999999,36.279852299999995
3,1,5,CAP-G600-B480-e0.9,capped,600.0,480.0,0.9,0.0,600.0,50.25068139999999,335.45869,0.810109347975552,109.85287419999999,36.279852299999995
3,1,5,CAP-G600-B480-e0.95,capped,600.0,480.0,0.95,0.0,600.0,50.25068139999999,335.45869,0.810109347975552,109.85287419999999,36.279852299999995
3,1,5,CAP-G600-B600-e0,capped,600.0,600.0,0.0,0.0,306.0,56.142326979999964,170.23677999999998,0.730030462701438,109.85287419999999,36.279852299999995
3,1,5,CAP-G600-B600-e0.25,capped,600.0,600.0,0.25,0.0,408.0,51.367611799999985,232.075891,0.7949280985018234,109.85287419999999,36.279852299999995
3,1,5,CAP-G600-B600-e0.5,capped,600.0,600.0,0.5,0.0,600.0,50.49555262,301.92868200000004,0.8067810733760278,109.85287419999999,36.279852299999995
3,1,5,CAP-G600-B600-e0.75,capped,600.0,600.0,0.75,0.0,600.0,50.25068139999999,335.45869,0.810109347975552,109.85287419999999,36.279852299999995
3,1,5,CAP-G600-B600-e0.9,capped,600.0,600.0,0.9,0.0,600.0,50.25068139999999,335.45869,0.810109347975552,109.85287419999999,36.279852299999995
3,1,5,CAP-G600-B600-e0.95,capped,600.0,600.0,0.95,0.0,600.0,50.25068139999999,335.45869,0.810109347975552,109.85287419999999,36.279852299999995
3,1,5,HYB-G600-B0-g1-e0,hybrid,600.0,0.0,0.0,1.0,600.0,77.1099798799998,53.104383,0.44503941083871934,109.85287419999999,36.279852299999995
3,1,5,HYB-G600-B0-g1-e0.9,hybrid,600.0,0.0,0.9,1.0,600.0,50.32812549999983,143.939274,0.8090567325195075,109.85287419999999,36.279852299999995
3,1,5,HYB-G600-B0-g4-e0,hybrid,600.0,0.0,0.0,4.0,600.0,62.592694999999964,61.020513,0.642357456300161,109.85287419999999,36.279852299999995
3,1,5,HYB-G600-B0-g4-e0.9,hybrid,600.0,0.0,0.9,4.0,600.0,50.246542579999684,209.343782,0.8101656025630818,109.85287419999999,36.279852299999995
3,1,5,HYB-G600-B0-g16-e0,hybrid,600.0,0.0,0.0,16.0,600.0,51.62178391999996,73.152249,0.7914734066401048,109.85287419999999,36.279852299999995
3,1,5,HYB-G600-B0-g16-e0.9,hybrid,600.0,0.0,0.9,16.0,600.0,50.25038676,225.66378699999999,0.8101133527043559,109.85287419999999,36.279852299999995
3,1,5,HYB-G600-B30-g1-e0,hybrid,600.0,30.0,0.0,1.0,600.0,73.07664361999993,63.712931,0.499860269841656,109.85287419999999,36.279852299999995
3,1,5,HYB-G600-B30-g1-e0.9,hybrid,600.0,30.0,0.9,1.0,600.0,50.26718985999989,161.961716,0.8098849660000185,109.85287419999999,36.279852299999995
3,1,5,HYB-G600-B30-g4-e0,hybrid,600.0,30.0,0.0,4.0,600.0,60.05335907999997,78.296097,0.6768719543379259,109.85287419999999,36.279852299999995
3,1,5,HYB-G600-B30-g4-e0.9,hybrid,600.0,30.0,0.9,4.0,600.0,50.23678083999999,215.60644299999998,0.8102982835342802,109.85287419999999,36.279852299999995
3,1,5,HYB-G600-B30-g16-e0,hybrid,600.0,30.0,0.0,16.0,600.0,51.59132813999998,115.349664,0.7918873597334191,109.85287419999999,36.279852299999995
3,1,5,HYB-G600-B30-g16-e0.9,hybrid,600.0,30.0,0.9,16.0,600.0,50.25129249999996,286.514751,0.8101010419418431,109.85287419999999,36.279852299999995
3,1,5,HYB-G600-B120-g1-e0,hybrid,600.0,120.0,0.0,1.0,600.0,68.40812913999994,76.032477,0.5633144322429966,109.85287419999999,36.279852299999995
3,1,5,HYB-G600-B120-g1-e0.9,hybrid,600.0,120.0,0.9,1.0,600.0,50.250911459999976,318.097412,0.8101062210141463,109.85287419999999,36.279852299999995
3,1,5,HYB-G600-B120-g4-e0,hybrid,600.0,120.0,0.0,4.0,600.0,56.96434839999997,116.249557,0.7188575979913641,109.85287419999999,36.279852299999995
3,1,5,HYB-G600-B120-g4-e0.9,hybrid,600.0,120.0,0.9,4.0,600.0,50.250911459999976,335.49546300000003,0.8101062210141463,109.85287419999999,36.279852299999995
3,1,5,HYB-G600-B120-g16-e0,hybrid,600.0,120.0,0.0,16.0,600.0,51.09247471999997,119.324794,0.7986677448136738,109.85287419999999,36.279852299999995
3,1,5,HYB-G600-B120-g16-e0.9,hybrid,600.0,120.0,0.9,16.0,600.0,50.250911459999976,335.34816,0.8101062210141463,109.85287419999999,36.279852299999995
3,1,5,CAP-G1200-B0-e0,capped,1200.0,0.0,0.0,0.0,156.0,109.85287419999999,0.0,0.0,109.85287419999999,36.279852299999995
3,1,5,CAP-G1200-B0-e0.25,capped,1200.0,0.0,0.25,0.0,208.0,80.50377317999997,74.236867,0.39891118051248653,109.85287419999999,36.279852299999995
3,1,5,CAP-G1200-B0-e0.5,capped,1200.0,0.0,0.5,0.0,312.0,59.63070621999999,118.55851200000001,0.6826166260815231,109.85287419999999,36.279852299999995
3,1,5,CAP-G1200-B0-e0.75,capped,1200.0,0.0,0.75,0.0,624.0,51.638996399999996,130.45657500000002,0.7912394556679206,109.85287419999999,36.279852299999995
3,1,5,CAP-G1200-B0-e0.9,capped,1200.0,0.0,0.9,0.0,1200.0,49.43620869999991,143.939274,0.8211796109464968,109.85287419999999,36.279852299999995
3,1,5,CAP-G1200-B0-e0.95,capped,1200.0,0.0,0.95,0.0,1200.0,48.999272139999974,143.939274,0.827118425864196,109.85287419999999,36.279852299999995
3,1,5,CAP-G1200-B15-e0.25,capped,1200.0,15.0,0.25,0.0,213.0,74.51906337999982,73.177405,0.4802549889554037,109.85287419999999,36.279852299999995
3,1,5,CAP-G1200-B15-e0.5,capped,1200.0,15.0,0.5,0.0,319.5,58.79316307999977,118.55851200000001,0.6940004610575908,109.85287419999999,36.279852299999995
3,1,5,CAP-G1200-B15-e0.75,capped,1200.0,15.0,0.75,0.0,639.0,50.44269627999998,143.674754,0.8074994935066004,109.85287419999999,36.279852299999995
3,1,5,CAP-G1200-B15-e0.9,capped,1200.0,15.0,0.9,0.0,1200.0,49.24983093999991,143.939274,0.8237128460262428,109.85287419999999,36.279852299999995
3,1,5,CAP-G1200-B15-e0.95,capped,1200.0,15.0,0.95,0.0,1200.0,48.885672599999936,143.939274,0.8286624638426068,109.85287419999999,36.279852299999995
3,1,5,CAP-G1200-B30-e0.25,capped,1200.0,30.0,0.25,0.0,218.0,72.79841808,73.177405,0.5036418943123497,109.85287419999999,36.279852299999995
3,1,5,CAP-G1200-B30-e0.5,capped,1200.0,30.0,0.5,0.0,327.0,58.494643559999986,118.615489,0.698057920059418,109.85287419999999,36.279852299999995
3,1,5,CAP-G1200-B30-e0.75,capped,1200.0,30.0,0.75,0.0,654.0,50.407493619999855,143.55492700000002,0.807977965901658,109.85287419999999,36.279852299999995
3,1,5,CAP-G1200-B30-e0.9,capped,1200.0,30.0,0.9,0.0,1200.0,49.02197679999998,143.939274,0.8268098255183944,109.85287419999999,36.279852299999995
3,1,5,CAP-G1200-B30-e0.95,capped,1200.0,30.0,0.95,0.0,1200.0,48.87845367999994,204.778413,0.8287605829603698,109.85287419999999,36.279852299999995
3,1,5,CAP-G1200-B60-e0.25,capped,1200.0,60.0,0.25,0.0,228.0,68.92325947999997,73.18311,0.5563128122646819,109.85287419999999,36.279852299999995
3,1,5,CAP-G1200-B60-e0.5,capped,1200.0,60.0,0.5,0.0,342.0,56.39911829999997,118.615489,0.7265401708340055,109.85287419999999,36.279852299999995
3,1,5,CAP-G1200-B60-e0.75,capped,1200.0,60.0,0.75,0.0,684.0,49.89201181999999,143.939274,0.8149843629027287,109.85287419999999,36.279852299999995
3,1,5,CAP-G1200-B60-e0.9,capped,1200.0,60.0,0.9,0.0,1200.0,48.940134659999956,204.50888,0.8279222188643042,109.85287419999999,36.279852299999995
3,1,5,CAP-G1200-B60-e0.95,capped,1200.0,60.0,0.95,0.0,1200.0,48.84575354,318.097412,0.8292050412571134,109.85287419999999,36.279852299999995
3,1,5,CAP-G1200-B120-e0.25,capped,1200.0,120.0,0.25,0.0,248.0,66.04231687999969,118.55851200000001,0.5954704073396271,109.85287419999999,36.279852299999995
3,1,5,CAP-G1200-B120-e0.5,capped,1200.0,120.0,0.5,0.0,372.0,54.263796659999926,124.560895,0.7555633315640672,109.85287419999999,36.279852299999995
3,1,5,CAP-G1200-B120-e0.75,capped,1200.0,120.0,0.75,0.0,744.0,49.65585701999998,163.864045,0.8181941644563606,109.85287419999999,36.279852299999995
3,1,5,CAP-G1200-B120-e0.9,capped,1200.0,120.0,0.9,0.0,1200.0,48.78277221999994,318.097412,0.8300610794946844,109.85287419999999,36.279852299999995
3,1,5,CAP-G1200-B120-e0.95,capped,1200.0,120.0,0.95,0.0,1200.0,48.84951033999996,335.45869,0.8291539790619915,109.85287419999999,36.279852299999995
3,1,5,CAP-G1200-B240-e0.25,capped,1200.0,240.0,0.25,0.0,288.0,58.184452379999996,122.947848,0.702274019547918,109.85287419999999,36.279852299999995
3,1,5,CAP-G1200-B240-e0.5,capped,1200.0,240.0,0.5,0.0,432.0,51.802267819999976,163.824175,0.7890202805438935,109.85287419999999,36.279852299999995
3,1,5,CAP-G1200-B240-e0.75,capped,1200.0,240.0,0.75,0.0,864.0,48.70832025999999,285.835117,0.8310730259674166,109.85287419999999,36.279852299999995
3,1,5,CAP-G1200-B240-e0.9,capped,1200.0,240.0,0.9,0.0,1200.0,48.847605959999896,335.45869,0.8291798632781197,109.85287419999999,36.279852299999995
3,1,5,CAP-G1200-B240-e0.95,capped,1200.0,240.0,0.95,0.0,1200.0,48.84597787999997,335.45869,0.8292019920415968,109.85287419999999,36.279852299999995
3,1,5,CAP-G1200-B360-e0.25,capped,1200.0,360.0,0.25,0.0,328.0,54.86101363999998,163.824175,0.7474459950108426,109.85287419999999,36.279852299999995
3,1,5,CAP-G1200-B360-e0.5,capped,1200.0,360.0,0.5,0.0,492.0,50.6781380799999,209.55133099999998,0.8042993830052276,109.85287419999999,36.279852299999995
3,1,5,CAP-G1200-B360-e0.75,capped,1200.0,360.0,0.75,0.0,984.0,48.64154951999975,335.45869,0.8319805697691514,109.85287419999999,36.279852299999995
3,1,5,CAP-G1200-B360-e0.9,capped,1200.0,360.0,0.9,0.0,1200.0,48.84597787999997,335.45869,0.8292019920415968,109.85287419999999,36.279852299999995
3,1,5,CAP-G1200-B360-e0.95,capped,1200.0,360.0,0.95,0.0,1200.0,48.84597787999997,335.45869,0.8292019920415968,109.85287419999999,36.279852299999995
3,1,5,CAP-G1200-B480-e0.25,capped,1200.0,480.0,0.25,0.0,368.0,52.85776087999998,204.36298100000002,0.7746740836262975,109.85287419999999,36.279852299999995
3,1,5,CAP-G1200-B480-e0.5,capped,1200.0,480.0,0.5,0.0,552.0,49.96287535999972,241.171437,0.8140211900144919,109.85287419999999,36.279852299999995
3,1,5,CAP-G1200-B480-e0.75,capped,1200.0,480.0,0.75,0.0,1104.0,48.89682005999985,335.45869,0.8285109482501786,109.85287419999999,36.279852299999995
3,1,5,CAP-G1200-B480-e0.9,capped,1200.0,480.0,0.9,0.0,1200.0,48.84597787999997,335.45869,0.8292019920415968,109.85287419999999,36.279852299999995
3,1,5,CAP-G1200-B480-e0.95,capped,1200.0,480.0,0.95,0.0,1200.0,48.84597787999997,335.45869,0.8292019920415968,109.85287419999999,36.279852299999995
3,1,5,CAP-G1200-B600-e0.25,capped,1200.0,600.0,0.25,0.0,408.0,51.37654897999955,232.075891,0.7948066248995606,109.85287419999999,36.279852299999995
3,1,5,CAP-G1200-B600-e0.5,capped,1200.0,600.0,0.5,0.0,612.0,49.580283879999975,301.92868200000004,0.8192213499388697,109.85287419999999,36.279852299999995
3,1,5,CAP-G1200-B600-e0.75,capped,1200.0,600.0,0.75,0.0,1200.0,48.757993699999886,335.45869,0.8303978676183764,109.85287419999999,36.279852299999995
3,1,5,CAP-G1200-B600-e0.9,capped,1200.0,600.0,0.9,0.0,1200.0,48.84597787999997,335.45869,0.8292019920415968,109.85287419999999,36.279852299999995
3,1,5,CAP-G1200-B600-e0.95,capped,1200.0,600.0,0.95,0.0,1200.0,48.84597787999997,335.45869,0.8292019920415968,109.85287419999999,36.279852299999995
3,1,5,HYB-G1200-B0-g1-e0,hybrid,1200.0,0.0,0.0,1.0,1200.0,77.1099798799998,53.104383,0.44503941083871934,109.85287419999999,36.279852299999995
3,1,5,HYB-G1200-B0-g1-e0.9,hybrid,1200.0,0.0,0.9,1.0,1200.0,48.877891659999875,143.939274,0.8287682219017312,109.85287419999999,36.279852299999995
3,1,5,HYB-G1200-B0-g4-e0,hybrid,1200.0,0.0,0.0,4.0,1200.0,62.476293479999875,61.020513,0.6439395786188323,109.85287419999999,36.279852299999995
3,1,5,HYB-G1200-B0-g4-e0.9,hybrid,1200.0,0.0,0.9,4.0,1200.0,48.80823077999999,209.343782,0.8297150483090325,109.85287419999999,36.279852299999995
3,1,5,HYB-G1200-B0-g16-e0,hybrid,1200.0,0.0,0.0,16.0,1200.0,51.03420729999996,73.152249,0.7994597120116393,109.85287419999999,36.279852299999995
3,1,5,HYB-G1200-B0-g16-e0.9,hybrid,1200.0,0.0,0.9,16.0,1200.0,48.75120019999993,225.66378699999999,0.8304902044535983,109.85287419999999,36.279852299999995
3,1,5,HYB-G1200-B30-g1-e0,hybrid,1200.0,30.0,0.0,1.0,1200.0,73.07664361999993,63.712931,0.499860269841656,109.85287419999999,36.279852299999995
3,1,5,HYB-G1200-B30-g1-e0.9,hybrid,1200.0,30.0,0.9,1.0,1200.0,48.84019719999995,161.961716,0.8292805626895156,109.85287419999999,36.279852299999995
3,1,5,HYB-G1200-B30-g4-e0,hybrid,1200.0,30.0,0.0,4.0,1200.0,59.827139939999824,78.296097,0.679946711010387,109.85287419999999,36.279852299999995
3,1,5,HYB-G1200-B30-g4-e0.9,hybrid,1200.0,30.0,0.9,4.0,1200.0,48.759100279999956,215.60644299999998,0.8303828270509036,109.85287419999999,36.279852299999995
3,1,5,HYB-G1200-B30-g16-e0,hybrid,1200.0,30.0,0.0,16.0,1200.0,50.87462011999994,115.349664,0.8016288111716131,109.85287419999999,36.279852299999995
3,1,5,HYB-G1200-B30-g16-e0.9,hybrid,1200.0,30.0,0.9,16.0,1200.0,48.81226802,286.514751,0.8296601743906349,109.85287419999999,36.279852299999995
3,1,5,HYB-G1200-B120-g1-e0,hybrid,1200.0,120.0,0.0,1.0,1200.0,68.40812913999994,76.032477,0.5633144322429966,109.85287419999999,36.279852299999995
3,1,5,HYB-G1200-B120-g1-e0.9,hybrid,1200.0,120.0,0.9,1.0,1200.0,48.84575354,318.097412,0.8292050412571134,109.85287419999999,36.279852299999995
3,1,5,HYB-G1200-B120-g4-e0,hybrid,1200.0,120.0,0.0,4.0,1200.0,56.85024215999993,116.249557,0.7204085230050891,109.85287419999999,36.279852299999995
3,1,5,HYB-G1200-B120-g4-e0.9,hybrid,1200.0,120.0,0.9,4.0,1200.0,48.7762281199999,335.49546300000003,0.830150026500408,109.85287419999999,36.279852299999995
3,1,5,HYB-G1200-B120-g16-e0,hybrid,1200.0,120.0,0.0,16.0,1200.0,50.42017257999998,119.324794,0.8078056342551837,109.85287419999999,36.279852299999995
3,1,5,HYB-G1200-B120-g16-e0.9,hybrid,1200.0,120.0,0.9,16.0,1200.0,48.84597787999997,335.34816,0.8292019920415968,109.85287419999999,36.279852299999995
3,2,4,SJF,reference,-1.0,-1.0,-1.0,-1.0,inf,45.94748959999989,439.963315,1.0,213.26275069999951,45.94748959999989
3,2,4,SPJF-E,reference,-1.0,-1.0,-1.0,-1.0,inf,71.08388641999998,676.302143,0.8497662636704921,213.26275069999951,45.94748959999989
3,2,4,FIX-B15,fixed,-1.0,15.0,0.0,0.0,153.75,213.85607521999972,53.941545,-0.003546147052572782,213.26275069999951,45.94748959999989
3,2,4,FIX-B17.99,fixed,-1.0,17.99,0.0,0.0,154.4975,214.08758149999977,53.941545,-0.004929800154376106,213.26275069999951,45.94748959999989
3,2,4,FIX-B21.576,fixed,-1.0,21.576,0.0,0.0,155.394,213.99275587999998,53.941545,-0.004363051972671862,213.26275069999951,45.94748959999989
3,2,4,FIX-B25.877,fixed,-1.0,25.877,0.0,0.0,156.46925,213.7384717,53.941545,-0.0028432612594505116,213.26275069999951,45.94748959999989
3,2,4,FIX-B30,fixed,-1.0,30.0,0.0,0.0,157.5,213.84809022,53.941545,-0.00349842277477984,213.26275069999951,45.94748959999989
3,2,4,FIX-B31.035,fixed,-1.0,31.035,0.0,0.0,157.75875,213.82849659999957,53.941545,-0.003381316780553105,213.26275069999951,45.94748959999989
3,2,4,FIX-B37.222,fixed,-1.0,37.222,0.0,0.0,159.3055,214.27342323999997,53.941545,-0.006040528122514812,213.26275069999951,45.94748959999989
3,2,4,FIX-B44.641,fixed,-1.0,44.641,0.0,0.0,161.16025,214.30466149999984,62.111421,-0.006227231115382851,213.26275069999951,45.94748959999989
3,2,4,FIX-B53.54,fixed,-1.0,53.54,0.0,0.0,163.385,214.48826221999994,62.111421,-0.007324565087149883,213.26275069999951,45.94748959999989
3,2,4,FIX-B60,fixed,-1.0,60.0,0.0,0.0,165.0,214.5152771599998,74.356469,-0.007486026389736781,213.26275069999951,45.94748959999989
3,2,4,FIX-B64.212,fixed,-1.0,64.212,0.0,0.0,166.053,213.88643782,83.568793,-0.0037276164523194484,213.26275069999951,45.94748959999989
3,2,4,FIX-B77.012,fixed,-1.0,77.012,0.0,0.0,169.253,213.09435999999968,83.568793,0.001006427619888125,213.26275069999951,45.94748959999989
3,2,4,FIX-B92.363,fixed,-1.0,92.363,0.0,0.0,173.09075,212.13456913999997,83.568793,0.006742849113597979,213.26275069999951,45.94748959999989
3,2,4,FIX-B110.774,fixed,-1.0,110.774,0.0,0.0,177.6935,210.24001587999976,83.59552099999999,0.01806610347512264,213.26275069999951,45.94748959999989
3,2,4,FIX-B120,fixed,-1.0,120.0,0.0,0.0,180.0,209.50297421999974,83.608058,0.022471210667105012,213.26275069999951,45.94748959999989
3,2,4,FIX-B132.855,fixed,-1.0,132.855,0.0,0.0,183.21375,209.14986499999998,91.794619,0.024581653059976293,213.26275069999951,45.94748959999989
3,2,4,FIX-B159.338,fixed,-1.0,159.338,0.0,0.0,189.8345,206.40119124,99.151175,0.04100976453007805,213.26275069999951,45.94748959999989
3,2,4,FIX-B191.099,fixed,-1.0,191.099,0.0,0.0,197.77474999999998,202.53898075999996,99.260814,0.06409319669644636,213.26275069999951,45.94748959999989
3,2,4,FIX-B229.192,fixed,-1.0,229.192,0.0,0.0,207.298,197.4834173799994,100.462496,0.09430899020364471,213.26275069999951,45.94748959999989
3,2,4,FIX-B240,fixed,-1.0,240.0,0.0,0.0,210.0,196.22322781999995,103.310769,0.10184081695820636,213.26275069999951,45.94748959999989
3,2,4,FIX-B274.878,fixed,-1.0,274.878,0.0,0.0,218.71949999999998,188.04034713999957,122.46979400000001,0.15074777634853778,213.26275069999951,45.94748959999989
3,2,4,FIX-B329.671,fixed,-1.0,329.671,0.0,0.0,232.41775,175.7934888999997,128.163503,0.2239440775077027,213.26275069999951,45.94748959999989
3,2,4,FIX-B360,fixed,-1.0,360.0,0.0,0.0,240.0,172.86146209999973,133.93771099999998,0.2414680426303317,213.26275069999951,45.94748959999989
3,2,4,FIX-B395.386,fixed,-1.0,395.386,0.0,0.0,248.8465,167.77613627999983,133.93771099999998,0.2718617185363242,213.26275069999951,45.94748959999989
3,2,4,FIX-B474.201,fixed,-1.0,474.201,0.0,0.0,268.55025,156.00294619999946,178.891097,0.3422270277292726,213.26275069999951,45.94748959999989
3,2,4,FIX-B480,fixed,-1.0,480.0,0.0,0.0,270.0,154.00360359999965,178.891097,0.3541765808474718,213.26275069999951,45.94748959999989
3,2,4,FIX-B568.726,fixed,-1.0,568.726,0.0,0.0,292.1815,140.48033207999995,194.48369,0.43500167373554505,213.26275069999951,45.94748959999989
3,2,4,FIX-B600,fixed,-1.0,600.0,0.0,0.0,300.0,138.6748565999996,194.48369,0.44579253326700924,213.26275069999951,45.94748959999989
3,2,4,FIX-B682.093,fixed,-1.0,682.093,0.0,0.0,320.52324999999996,129.0701036399999,209.089991,0.5031976551719334,213.26275069999951,45.94748959999989
3,2,4,FIX-B818.058,fixed,-1.0,818.058,0.0,0.0,354.5145,116.12115443999983,264.673346,0.580590172237432,213.26275069999951,45.94748959999989
3,2,4,FIX-B981.126,fixed,-1.0,981.126,0.0,0.0,395.2815,107.30225039999982,270.773712,0.6332984785928768,213.26275069999951,45.94748959999989
3,2,4,FIX-B1176.7,fixed,-1.0,1176.699,0.0,0.0,444.17475,99.34003175999979,327.596405,0.6808865980964601,213.26275069999951,45.94748959999989
3,2,4,FIX-B1411.26,fixed,-1.0,1411.256,0.0,0.0,502.814,92.35916813999985,382.58788,0.7226094127046725,213.26275069999951,45.94748959999989
3,2,4,FIX-B1692.57,fixed,-1.0,1692.569,0.0,0.0,573.14225,86.02438169999994,448.451451,0.7604707912684234,213.26275069999951,45.94748959999989
3,2,4,FIX-B2029.96,fixed,-1.0,2029.958,0.0,0.0,657.4895,81.79285393999977,560.338925,0.7857615372062439,213.26275069999951,45.94748959999989
3,2,4,FIX-B2434.6,fixed,-1.0,2434.6,0.0,0.0,758.65,80.37676721999999,625.872694,0.7942251209265204,213.26275069999951,45.94748959999989
3,2,4,FIX-B2919.9,fixed,-1.0,2919.901,0.0,0.0,879.97525,78.67817471999996,676.302143,0.80437716855704,213.26275069999951,45.94748959999989
3,2,4,FIX-B3501.94,fixed,-1.0,3501.94,0.0,0.0,1025.4850000000001,77.16080127999997,676.302143,0.8134461167810343,213.26275069999951,45.94748959999989
3,2,4,FIX-B4200,fixed,-1.0,4200.0,0.0,0.0,1200.0,76.62723813999985,676.302143,0.8166350855367369,213.26275069999951,45.94748959999989
3,2,4,FIXEQ-G300,fixed,300.0,inf,0.0,0.0,300.0,138.6748565999996,194.48369,0.44579253326700924,213.26275069999951,45.94748959999989
3,2,4,CAP-G300-B0-e0,capped,300.0,0.0,0.0,0.0,150.0,213.26275069999951,0.0,0.0,213.26275069999951,45.94748959999989
3,2,4,CAP-G300-B0-e0.25,capped,300.0,0.0,0.25,0.0,200.0,185.05307073999992,57.246009,0.16860195402701167,213.26275069999951,45.94748959999989
3,2,4,CAP-G300-B0-e0.5,capped,300.0,0.0,0.5,0.0,300.0,137.31493789999976,99.796966,0.45392041527286553,213.26275069999951,45.94748959999989
3,2,4,CAP-G300-B0-e0.75,capped,300.0,0.0,0.75,0.0,300.0,133.97624609999949,132.714107,0.47387491182058233,213.26275069999951,45.94748959999989
3,2,4,CAP-G300-B0-e0.9,capped,300.0,0.0,0.9,0.0,300.0,134.51166917999967,194.48369,0.470674826685012,213.26275069999951,45.94748959999989
3,2,4,CAP-G300-B0-e0.95,capped,300.0,0.0,0.95,0.0,300.0,137.08742749999905,194.48369,0.4552801860343906,213.26275069999951,45.94748959999989
3,2,4,CAP-G300-B15-e0,capped,300.0,15.0,0.0,0.0,153.75,213.85607521999972,53.941545,-0.003546147052572782,213.26275069999951,45.94748959999989
3,2,4,CAP-G300-B15-e0.25,capped,300.0,15.0,0.25,0.0,205.0,173.8263839599997,83.59552099999999,0.23570095447796485,213.26275069999951,45.94748959999989
3,2,4,CAP-G300-B15-e0.5,capped,300.0,15.0,0.5,0.0,300.0,135.86591013999967,99.283138,0.46258087906124673,213.26275069999951,45.94748959999989
3,2,4,CAP-G300-B15-e0.75,capped,300.0,15.0,0.75,0.0,300.0,132.2741877599997,132.714107,0.48404767387952274,213.26275069999951,45.94748959999989
3,2,4,CAP-G300-B15-e0.9,capped,300.0,15.0,0.9,0.0,300.0,135.70205989999982,194.48369,0.46356016952717694,213.26275069999951,45.94748959999989
3,2,4,CAP-G300-B15-e0.95,capped,300.0,15.0,0.95,0.0,300.0,138.47674027999975,194.48369,0.44697662322208775,213.26275069999951,45.94748959999989
3,2,4,CAP-G300-B30-e0,capped,300.0,30.0,0.0,0.0,157.5,213.84809022,53.941545,-0.00349842277477984,213.26275069999951,45.94748959999989
3,2,4,CAP-G300-B30-e0.25,capped,300.0,30.0,0.25,0.0,210.0,171.81971567999975,83.608058,0.24769429128900822,213.26275069999951,45.94748959999989
3,2,4,CAP-G300-B30-e0.5,capped,300.0,30.0,0.5,0.0,300.0,138.39905695999974,101.373199,0.4474409163145964,213.26275069999951,45.94748959999989
3,2,4,CAP-G300-B30-e0.75,capped,300.0,30.0,0.75,0.0,300.0,132.20870606,180.352999,0.4844390410481193,213.26275069999951,45.94748959999989
3,2,4,CAP-G300-B30-e0.9,capped,300.0,30.0,0.9,0.0,300.0,137.10481411999993,194.48369,0.45517627070779954,213.26275069999951,45.94748959999989
3,2,4,CAP-G300-B30-e0.95,capped,300.0,30.0,0.95,0.0,300.0,138.6748565999996,194.48369,0.44579253326700924,213.26275069999951,45.94748959999989
3,2,4,CAP-G300-B60-e0,capped,300.0,60.0,0.0,0.0,165.0,214.5152771599998,74.356469,-0.007486026389736781,213.26275069999951,45.94748959999989
3,2,4,CAP-G300-B60-e0.25,capped,300.0,60.0,0.25,0.0,220.0,166.8690399399999,92.818999,0.2772831985258738,213.26275069999951,45.94748959999989
3,2,4,CAP-G300-B60-e0.5,capped,300.0,60.0,0.5,0.0,300.0,138.20064109999953,106.626941,0.4486267965427103,213.26275069999951,45.94748959999989
3,2,4,CAP-G300-B60-e0.75,capped,300.0,60.0,0.75,0.0,300.0,134.01322949999968,179.721546,0.4736538716132692,213.26275069999951,45.94748959999989
3,2,4,CAP-G300-B60-e0.9,capped,300.0,60.0,0.9,0.0,300.0,138.6748565999996,194.48369,0.44579253326700924,213.26275069999951,45.94748959999989
3,2,4,CAP-G300-B60-e0.95,capped,300.0,60.0,0.95,0.0,300.0,138.6748565999996,194.48369,0.44579253326700924,213.26275069999951,45.94748959999989
3,2,4,CAP-G300-B120-e0,capped,300.0,120.0,0.0,0.0,180.0,209.50297421999974,83.608058,0.022471210667105012,213.26275069999951,45.94748959999989
3,2,4,CAP-G300-B120-e0.25,capped,300.0,120.0,0.25,0.0,240.0,157.42624475999995,99.283138,0.33372034070835693,213.26275069999951,45.94748959999989
3,2,4,CAP-G300-B120-e0.5,capped,300.0,120.0,0.5,0.0,300.0,135.0151968999992,133.93771099999998,0.4676653718589002,213.26275069999951,45.94748959999989
3,2,4,CAP-G300-B120-e0.75,capped,300.0,120.0,0.75,0.0,300.0,138.63906519999998,194.48369,0.4460064491989112,213.26275069999951,45.94748959999989
3,2,4,CAP-G300-B120-e0.9,capped,300.0,120.0,0.9,0.0,300.0,138.6748565999996,194.48369,0.44579253326700924,213.26275069999951,45.94748959999989
3,2,4,CAP-G300-B120-e0.95,capped,300.0,120.0,0.95,0.0,300.0,138.6748565999996,194.48369,0.44579253326700924,213.26275069999951,45.94748959999989
3,2,4,CAP-G300-B240-e0,capped,300.0,240.0,0.0,0.0,210.0,196.22322781999995,103.310769,0.10184081695820636,213.26275069999951,45.94748959999989
3,2,4,CAP-G300-B240-e0.25,capped,300.0,240.0,0.25,0.0,280.0,144.48040053999972,133.93771099999998,0.4110943001122326,213.26275069999951,45.94748959999989
3,2,4,CAP-G300-B240-e0.5,capped,300.0,240.0,0.5,0.0,300.0,137.06471789999992,194.48369,0.45541591543438575,213.26275069999951,45.94748959999989
3,2,4,CAP-G300-B240-e0.75,capped,300.0,240.0,0.75,0.0,300.0,138.6748565999996,194.48369,0.44579253326700924,213.26275069999951,45.94748959999989
3,2,4,CAP-G300-B240-e0.9,capped,300.0,240.0,0.9,0.0,300.0,138.6748565999996,194.48369,0.44579253326700924,213.26275069999951,45.94748959999989
3,2,4,CAP-G300-B240-e0.95,capped,300.0,240.0,0.95,0.0,300.0,138.6748565999996,194.48369,0.44579253326700924,213.26275069999951,45.94748959999989
3,2,4,CAP-G300-B360-e0,capped,300.0,360.0,0.0,0.0,240.0,172.86146209999973,133.93771099999998,0.2414680426303317,213.26275069999951,45.94748959999989
3,2,4,CAP-G300-B360-e0.25,capped,300.0,360.0,0.25,0.0,300.0,137.88309513999957,178.922257,0.4505246865373963,213.26275069999951,45.94748959999989
3,2,4,CAP-G300-B360-e0.5,capped,300.0,360.0,0.5,0.0,300.0,138.6748565999996,194.48369,0.44579253326700924,213.26275069999951,45.94748959999989
3,2,4,CAP-G300-B360-e0.75,capped,300.0,360.0,0.75,0.0,300.0,138.6748565999996,194.48369,0.44579253326700924,213.26275069999951,45.94748959999989
3,2,4,CAP-G300-B360-e0.9,capped,300.0,360.0,0.9,0.0,300.0,138.6748565999996,194.48369,0.44579253326700924,213.26275069999951,45.94748959999989
3,2,4,CAP-G300-B360-e0.95,capped,300.0,360.0,0.95,0.0,300.0,138.6748565999996,194.48369,0.44579253326700924,213.26275069999951,45.94748959999989
3,2,4,CAP-G300-B480-e0,capped,300.0,480.0,0.0,0.0,270.0,154.00360359999965,178.891097,0.3541765808474718,213.26275069999951,45.94748959999989
3,2,4,CAP-G300-B480-e0.25,capped,300.0,480.0,0.25,0.0,300.0,138.6748565999996,194.48369,0.44579253326700924,213.26275069999951,45.94748959999989
3,2,4,CAP-G300-B480-e0.5,capped,300.0,480.0,0.5,0.0,300.0,138.6748565999996,194.48369,0.44579253326700924,213.26275069999951,45.94748959999989
3,2,4,CAP-G300-B480-e0.75,capped,300.0,480.0,0.75,0.0,300.0,138.6748565999996,194.48369,0.44579253326700924,213.26275069999951,45.94748959999989
3,2,4,CAP-G300-B480-e0.9,capped,300.0,480.0,0.9,0.0,300.0,138.6748565999996,194.48369,0.44579253326700924,213.26275069999951,45.94748959999989
3,2,4,CAP-G300-B480-e0.95,capped,300.0,480.0,0.95,0.0,300.0,138.6748565999996,194.48369,0.44579253326700924,213.26275069999951,45.94748959999989
3,2,4,HYB-G300-B0-g1-e0,hybrid,300.0,0.0,0.0,1.0,300.0,184.1840892199994,44.802672,0.1737956316048218,213.26275069999951,45.94748959999989
3,2,4,HYB-G300-B0-g1-e0.9,hybrid,300.0,0.0,0.9,1.0,300.0,138.20935043999992,194.48369,0.44857474307225503,213.26275069999951,45.94748959999989
3,2,4,HYB-G300-B0-g4-e0,hybrid,300.0,0.0,0.0,4.0,300.0,154.88735171999926,62.086069,0.3488946471243345,213.26275069999951,45.94748959999989
3,2,4,HYB-G300-B0-g4-e0.9,hybrid,300.0,0.0,0.9,4.0,300.0,138.52291883999996,194.48369,0.4467006259239536,213.26275069999951,45.94748959999989
3,2,4,HYB-G300-B0-g16-e0,hybrid,300.0,0.0,0.0,16.0,300.0,142.4894229399994,145.308175,0.422993857791017,213.26275069999951,45.94748959999989
3,2,4,HYB-G300-B0-g16-e0.9,hybrid,300.0,0.0,0.9,16.0,300.0,138.6771069999999,194.48369,0.44577908320880477,213.26275069999951,45.94748959999989
3,2,4,HYB-G300-B30-g1-e0,hybrid,300.0,30.0,0.0,1.0,300.0,181.0634807799999,53.941545,0.1924467003685636,213.26275069999951,45.94748959999989
3,2,4,HYB-G300-B30-g1-e0.9,hybrid,300.0,30.0,0.9,1.0,300.0,138.55604371999974,194.48369,0.4465026470917658,213.26275069999951,45.94748959999989
3,2,4,HYB-G300-B30-g4-e0,hybrid,300.0,30.0,0.0,4.0,300.0,154.58197979999943,62.111421,0.35071977603362936,213.26275069999951,45.94748959999989
3,2,4,HYB-G300-B30-g4-e0.9,hybrid,300.0,30.0,0.9,4.0,300.0,138.66500084,194.48369,0.4458514385930076,213.26275069999951,45.94748959999989
3,2,4,HYB-G300-B30-g16-e0,hybrid,300.0,30.0,0.0,16.0,300.0,140.71507623999995,151.66588099999998,0.43359866866322416,213.26275069999951,45.94748959999989
3,2,4,HYB-G300-B30-g16-e0.9,hybrid,300.0,30.0,0.9,16.0,300.0,138.6748565999996,194.48369,0.44579253326700924,213.26275069999951,45.94748959999989
3,2,4,HYB-G300-B120-g1-e0,hybrid,300.0,120.0,0.0,1.0,300.0,168.23496641999967,86.156663,0.2691194095742887,213.26275069999951,45.94748959999989
3,2,4,HYB-G300-B120-g1-e0.9,hybrid,300.0,120.0,0.9,1.0,300.0,138.6748565999996,194.48369,0.44579253326700924,213.26275069999951,45.94748959999989
3,2,4,HYB-G300-B120-g4-e0,hybrid,300.0,120.0,0.0,4.0,300.0,146.5065202399999,99.151175,0.39898470719955004,213.26275069999951,45.94748959999989
3,2,4,HYB-G300-B120-g4-e0.9,hybrid,300.0,120.0,0.9,4.0,300.0,138.6748565999996,194.48369,0.44579253326700924,213.26275069999951,45.94748959999989
3,2,4,HYB-G300-B120-g16-e0,hybrid,300.0,120.0,0.0,16.0,300.0,139.4032801999999,152.154055,0.4414389339885493,213.26275069999951,45.94748959999989
3,2,4,HYB-G300-B120-g16-e0.9,hybrid,300.0,120.0,0.9,16.0,300.0,138.6748565999996,194.48369,0.44579253326700924,213.26275069999951,45.94748959999989
3,2,4,FIXEQ-G600,fixed,600.0,inf,0.0,0.0,600.0,84.30124845999998,465.920456,0.7707695125486663,213.26275069999951,45.94748959999989
3,2,4,CAP-G600-B0-e0,capped,600.0,0.0,0.0,0.0,150.0,213.26275069999951,0.0,0.0,213.26275069999951,45.94748959999989
3,2,4,CAP-G600-B0-e0.25,capped,600.0,0.0,0.25,0.0,200.0,181.9194095599999,57.246009,0.18733103563856365,213.26275069999951,45.94748959999989
3,2,4,CAP-G600-B0-e0.5,capped,600.0,0.0,0.5,0.0,300.0,117.65115847999992,99.796966,0.5714457341871237,213.26275069999951,45.94748959999989
3,2,4,CAP-G600-B0-e0.75,capped,600.0,0.0,0.75,0.0,600.0,93.52344989999979,132.714107,0.715650802041512,213.26275069999951,45.94748959999989
3,2,4,CAP-G600-B0-e0.9,capped,600.0,0.0,0.9,0.0,600.0,85.78007971999999,210.804637,0.7619309209564974,213.26275069999951,45.94748959999989
3,2,4,CAP-G600-B0-e0.95,capped,600.0,0.0,0.95,0.0,600.0,84.30353499999988,382.685236,0.7707558464910402,213.26275069999951,45.94748959999989
3,2,4,CAP-G600-B15-e0,capped,600.0,15.0,0.0,0.0,153.75,213.85607521999972,53.941545,-0.003546147052572782,213.26275069999951,45.94748959999989
3,2,4,CAP-G600-B15-e0.25,capped,600.0,15.0,0.25,0.0,205.0,169.1551782799999,83.59552099999999,0.263619541517123,213.26275069999951,45.94748959999989
3,2,4,CAP-G600-B15-e0.5,capped,600.0,15.0,0.5,0.0,307.5,114.42708399999978,99.283138,0.5907151926860302,213.26275069999951,45.94748959999989
3,2,4,CAP-G600-B15-e0.75,capped,600.0,15.0,0.75,0.0,600.0,91.08376745999995,132.714107,0.7302321523855294,213.26275069999951,45.94748959999989
3,2,4,CAP-G600-B15-e0.9,capped,600.0,15.0,0.9,0.0,600.0,85.62937423999989,210.804637,0.7628316485949046,213.26275069999951,45.94748959999989
3,2,4,CAP-G600-B15-e0.95,capped,600.0,15.0,0.95,0.0,600.0,84.58449782,382.685236,0.7690766044532671,213.26275069999951,45.94748959999989
3,2,4,CAP-G600-B30-e0,capped,600.0,30.0,0.0,0.0,157.5,213.84809022,53.941545,-0.00349842277477984,213.26275069999951,45.94748959999989
3,2,4,CAP-G600-B30-e0.25,capped,600.0,30.0,0.25,0.0,210.0,166.89463211999913,83.608058,0.277130240691478,213.26275069999951,45.94748959999989
3,2,4,CAP-G600-B30-e0.5,capped,600.0,30.0,0.5,0.0,315.0,114.69633919999994,101.373199,0.5891059240620568,213.26275069999951,45.94748959999989
3,2,4,CAP-G600-B30-e0.75,capped,600.0,30.0,0.75,0.0,600.0,90.75398217999995,180.352999,0.7322031936272658,213.26275069999951,45.94748959999989
3,2,4,CAP-G600-B30-e0.9,capped,600.0,30.0,0.9,0.0,600.0,85.43927127999994,269.490604,0.7639678447718112,213.26275069999951,45.94748959999989
3,2,4,CAP-G600-B30-e0.95,capped,600.0,30.0,0.95,0.0,600.0,84.42517451999997,465.920456,0.7700288385707801,213.26275069999951,45.94748959999989
3,2,4,CAP-G600-B60-e0,capped,600.0,60.0,0.0,0.0,165.0,214.5152771599998,74.356469,-0.007486026389736781,213.26275069999951,45.94748959999989
3,2,4,CAP-G600-B60-e0.25,capped,600.0,60.0,0.25,0.0,220.0,159.63746617999996,92.818999,0.320504442735497,213.26275069999951,45.94748959999989
3,2,4,CAP-G600-B60-e0.5,capped,600.0,60.0,0.5,0.0,330.0,112.15656019999994,106.626941,0.6042855256315874,213.26275069999951,45.94748959999989
3,2,4,CAP-G600-B60-e0.75,capped,600.0,60.0,0.75,0.0,600.0,90.24255393999987,179.721546,0.7352598678160861,213.26275069999951,45.94748959999989
3,2,4,CAP-G600-B60-e0.9,capped,600.0,60.0,0.9,0.0,600.0,84.89035377999964,382.685236,0.7672485825622045,213.26275069999951,45.94748959999989
3,2,4,CAP-G600-B60-e0.95,capped,600.0,60.0,0.95,0.0,600.0,84.30206677999989,465.920456,0.7707646216618784,213.26275069999951,45.94748959999989
3,2,4,CAP-G600-B120-e0,capped,600.0,120.0,0.0,0.0,180.0,209.50297421999974,83.608058,0.022471210667105012,213.26275069999951,45.94748959999989
3,2,4,CAP-G600-B120-e0.25,capped,600.0,120.0,0.25,0.0,240.0,147.4109260799987,99.283138,0.39357930763197413,213.26275069999951,45.94748959999989
3,2,4,CAP-G600-B120-e0.5,capped,600.0,120.0,0.5,0.0,360.0,105.25951975999988,133.93771099999998,0.6455073507935964,213.26275069999951,45.94748959999989
3,2,4,CAP-G600-B120-e0.75,capped,600.0,120.0,0.75,0.0,600.0,88.7191912799998,210.804637,0.744364612057495,213.26275069999951,45.94748959999989
3,2,4,CAP-G600-B120-e0.9,capped,600.0,120.0,0.9,0.0,600.0,84.31223785999991,465.920456,0.7707038317498695,213.26275069999951,45.94748959999989
3,2,4,CAP-G600-B120-e0.95,capped,600.0,120.0,0.95,0.0,600.0,84.30124845999998,465.920456,0.7707695125486663,213.26275069999951,45.94748959999989
3,2,4,CAP-G600-B240-e0,capped,600.0,240.0,0.0,0.0,210.0,196.22322781999995,103.310769,0.10184081695820636,213.26275069999951,45.94748959999989
3,2,4,CAP-G600-B240-e0.25,capped,600.0,240.0,0.25,0.0,280.0,129.12756653999986,133.93771099999998,0.5028542142949795,213.26275069999951,45.94748959999989
3,2,4,CAP-G600-B240-e0.5,capped,600.0,240.0,0.5,0.0,420.0,98.55177467999995,194.566909,0.6855978065948213,213.26275069999951,45.94748959999989
3,2,4,CAP-G600-B240-e0.75,capped,600.0,240.0,0.75,0.0,600.0,85.5047237399999,336.931331,0.7635766523631233,213.26275069999951,45.94748959999989
3,2,4,CAP-G600-B240-e0.9,capped,600.0,240.0,0.9,0.0,600.0,84.30124845999998,465.920456,0.7707695125486663,213.26275069999951,45.94748959999989
3,2,4,CAP-G600-B240-e0.95,capped,600.0,240.0,0.95,0.0,600.0,84.30124845999998,465.920456,0.7707695125486663,213.26275069999951,45.94748959999989
3,2,4,CAP-G600-B360-e0,capped,600.0,360.0,0.0,0.0,240.0,172.86146209999973,133.93771099999998,0.2414680426303317,213.26275069999951,45.94748959999989
3,2,4,CAP-G600-B360-e0.25,capped,600.0,360.0,0.25,0.0,320.0,116.0739365999999,178.922257,0.5808723810430694,213.26275069999951,45.94748959999989
3,2,4,CAP-G600-B360-e0.5,capped,600.0,360.0,0.5,0.0,480.0,90.05142467999993,220.796352,0.7364021979223978,213.26275069999951,45.94748959999989
3,2,4,CAP-G600-B360-e0.75,capped,600.0,360.0,0.75,0.0,600.0,84.34090253999996,448.451451,0.7705325103783964,213.26275069999951,45.94748959999989
3,2,4,CAP-G600-B360-e0.9,capped,600.0,360.0,0.9,0.0,600.0,84.30124845999998,465.920456,0.7707695125486663,213.26275069999951,45.94748959999989
3,2,4,CAP-G600-B360-e0.95,capped,600.0,360.0,0.95,0.0,600.0,84.30124845999998,465.920456,0.7707695125486663,213.26275069999951,45.94748959999989
3,2,4,CAP-G600-B480-e0,capped,600.0,480.0,0.0,0.0,270.0,154.00360359999965,178.891097,0.3541765808474718,213.26275069999951,45.94748959999989
3,2,4,CAP-G600-B480-e0.25,capped,600.0,480.0,0.25,0.0,360.0,107.16503677999994,210.626202,0.6341185688769178,213.26275069999951,45.94748959999989
3,2,4,CAP-G600-B480-e0.5,capped,600.0,480.0,0.5,0.0,540.0,87.76799535999992,270.80837199999996,0.7500496638199364,213.26275069999951,45.94748959999989
3,2,4,CAP-G600-B480-e0.75,capped,600.0,480.0,0.75,0.0,600.0,84.30124845999998,465.920456,0.7707695125486663,213.26275069999951,45.94748959999989
3,2,4,CAP-G600-B480-e0.9,capped,600.0,480.0,0.9,0.0,600.0,84.30124845999998,465.920456,0.7707695125486663,213.26275069999951,45.94748959999989
3,2,4,CAP-G600-B480-e0.95,capped,600.0,480.0,0.95,0.0,600.0,84.30124845999998,465.920456,0.7707695125486663,213.26275069999951,45.94748959999989
3,2,4,CAP-G600-B600-e0,capped,600.0,600.0,0.0,0.0,300.0,138.6748565999996,194.48369,0.44579253326700924,213.26275069999951,45.94748959999989
3,2,4,CAP-G600-B600-e0.25,capped,600.0,600.0,0.25,0.0,400.0,98.03898919999922,264.677637,0.6886625926557548,213.26275069999951,45.94748959999989
3,2,4,CAP-G600-B600-e0.5,capped,600.0,600.0,0.5,0.0,600.0,86.3220101799998,382.544103,0.7586919428953395,213.26275069999951,45.94748959999989
3,2,4,CAP-G600-B600-e0.75,capped,600.0,600.0,0.75,0.0,600.0,84.30124845999998,465.920456,0.7707695125486663,213.26275069999951,45.94748959999989
3,2,4,CAP-G600-B600-e0.9,capped,600.0,600.0,0.9,0.0,600.0,84.30124845999998,465.920456,0.7707695125486663,213.26275069999951,45.94748959999989
3,2,4,CAP-G600-B600-e0.95,capped,600.0,600.0,0.95,0.0,600.0,84.30124845999998,465.920456,0.7707695125486663,213.26275069999951,45.94748959999989
3,2,4,HYB-G600-B0-g1-e0,hybrid,600.0,0.0,0.0,1.0,600.0,175.9115569399995,44.802672,0.22323841539879763,213.26275069999951,45.94748959999989
3,2,4,HYB-G600-B0-g1-e0.9,hybrid,600.0,0.0,0.9,1.0,600.0,85.03283047999994,210.804637,0.7663970362115393,213.26275069999951,45.94748959999989
3,2,4,HYB-G600-B0-g4-e0,hybrid,600.0,0.0,0.0,4.0,600.0,132.5219931799999,62.086069,0.48256660503755927,213.26275069999951,45.94748959999989
3,2,4,HYB-G600-B0-g4-e0.9,hybrid,600.0,0.0,0.9,4.0,600.0,84.59891073999985,210.804637,0.7689904621617326,213.26275069999951,45.94748959999989
3,2,4,HYB-G600-B0-g16-e0,hybrid,600.0,0.0,0.0,16.0,600.0,95.75876101999903,145.308175,0.7022909261682452,213.26275069999951,45.94748959999989
3,2,4,HYB-G600-B0-g16-e0.9,hybrid,600.0,0.0,0.9,16.0,600.0,84.31749393999988,387.18519499999996,0.7706724175204358,213.26275069999951,45.94748959999989
3,2,4,HYB-G600-B30-g1-e0,hybrid,600.0,30.0,0.0,1.0,600.0,171.8533712399999,53.941545,0.24749314071984388,213.26275069999951,45.94748959999989
3,2,4,HYB-G600-B30-g1-e0.9,hybrid,600.0,30.0,0.9,1.0,600.0,84.7265834599999,269.490604,0.7682273953669843,213.26275069999951,45.94748959999989
3,2,4,HYB-G600-B30-g4-e0,hybrid,600.0,30.0,0.0,4.0,600.0,128.79924031999994,62.111421,0.5048165351128259,213.26275069999951,45.94748959999989
3,2,4,HYB-G600-B30-g4-e0.9,hybrid,600.0,30.0,0.9,4.0,600.0,84.36128393999985,269.490604,0.7704106960270581,213.26275069999951,45.94748959999989
3,2,4,HYB-G600-B30-g16-e0,hybrid,600.0,30.0,0.0,16.0,600.0,92.85123101999986,151.66588099999998,0.7196684802591503,213.26275069999951,45.94748959999989
3,2,4,HYB-G600-B30-g16-e0.9,hybrid,600.0,30.0,0.9,16.0,600.0,84.3085553399997,387.18519499999996,0.7707258412185576,213.26275069999951,45.94748959999989
3,2,4,HYB-G600-B120-g1-e0,hybrid,600.0,120.0,0.0,1.0,600.0,159.09477813999968,86.156663,0.32374794865619083,213.26275069999951,45.94748959999989
3,2,4,HYB-G600-B120-g1-e0.9,hybrid,600.0,120.0,0.9,1.0,600.0,84.30663245999997,465.920456,0.770737333774509,213.26275069999951,45.94748959999989
3,2,4,HYB-G600-B120-g4-e0,hybrid,600.0,120.0,0.0,4.0,600.0,119.35771926,99.151175,0.5612460622099208,213.26275069999951,45.94748959999989
3,2,4,HYB-G600-B120-g4-e0.9,hybrid,600.0,120.0,0.9,4.0,600.0,84.30663245999997,465.920456,0.770737333774509,213.26275069999951,45.94748959999989
3,2,4,HYB-G600-B120-g16-e0,hybrid,600.0,120.0,0.0,16.0,600.0,90.67853243999998,152.154055,0.7326541371903571,213.26275069999951,45.94748959999989
3,2,4,HYB-G600-B120-g16-e0.9,hybrid,600.0,120.0,0.9,16.0,600.0,84.30124845999998,465.920456,0.7707695125486663,213.26275069999951,45.94748959999989
3,2,4,CAP-G1200-B0-e0,capped,1200.0,0.0,0.0,0.0,150.0,213.26275069999951,0.0,0.0,213.26275069999951,45.94748959999989
3,2,4,CAP-G1200-B0-e0.25,capped,1200.0,0.0,0.25,0.0,200.0,181.9194095599999,57.246009,0.18733103563856365,213.26275069999951,45.94748959999989
3,2,4,CAP-G1200-B0-e0.5,capped,1200.0,0.0,0.5,0.0,300.0,115.13975235999999,99.796966,0.5864557583982383,213.26275069999951,45.94748959999989
3,2,4,CAP-G1200-B0-e0.75,capped,1200.0,0.0,0.75,0.0,600.0,86.61480921999997,132.714107,0.7569419588348587,213.26275069999951,45.94748959999989
3,2,4,CAP-G1200-B0-e0.9,capped,1200.0,0.0,0.9,0.0,1200.0,78.0626120599998,210.804637,0.8080562272152473,213.26275069999951,45.94748959999989
3,2,4,CAP-G1200-B0-e0.95,capped,1200.0,0.0,0.95,0.0,1200.0,76.61753389999986,382.685236,0.8166930852669242,213.26275069999951,45.94748959999989
3,2,4,CAP-G1200-B15-e0.25,capped,1200.0,15.0,0.25,0.0,205.0,169.1551782799999,83.59552099999999,0.263619541517123,213.26275069999951,45.94748959999989
3,2,4,CAP-G1200-B15-e0.5,capped,1200.0,15.0,0.5,0.0,307.5,110.76973524,99.283138,0.6125742193878078,213.26275069999951,45.94748959999989
3,2,4,CAP-G1200-B15-e0.75,capped,1200.0,15.0,0.75,0.0,615.0,84.64981395999992,132.714107,0.7686862267939282,213.26275069999951,45.94748959999989
3,2,4,CAP-G1200-B15-e0.9,capped,1200.0,15.0,0.9,0.0,1200.0,77.22976879999999,210.804637,0.8130339157687262,213.26275069999951,45.94748959999989
3,2,4,CAP-G1200-B15-e0.95,capped,1200.0,15.0,0.95,0.0,1200.0,76.78564495999993,382.685236,0.8156883289829197,213.26275069999951,45.94748959999989
3,2,4,CAP-G1200-B30-e0.25,capped,1200.0,30.0,0.25,0.0,210.0,166.89463211999913,83.608058,0.277130240691478,213.26275069999951,45.94748959999989
3,2,4,CAP-G1200-B30-e0.5,capped,1200.0,30.0,0.5,0.0,315.0,110.3484666799998,101.373199,0.6150920325103563,213.26275069999951,45.94748959999989
3,2,4,CAP-G1200-B30-e0.75,capped,1200.0,30.0,0.75,0.0,630.0,84.84373413999973,180.352999,0.7675272160813075,213.26275069999951,45.94748959999989
3,2,4,CAP-G1200-B30-e0.9,capped,1200.0,30.0,0.9,0.0,1200.0,77.76539447999967,269.490604,0.8098326197454093,213.26275069999951,45.94748959999989
3,2,4,CAP-G1200-B30-e0.95,capped,1200.0,30.0,0.95,0.0,1200.0,76.58160084,465.920456,0.8169078478639736,213.26275069999951,45.94748959999989
3,2,4,CAP-G1200-B60-e0.25,capped,1200.0,60.0,0.25,0.0,220.0,159.63746617999996,92.818999,0.320504442735497,213.26275069999951,45.94748959999989
3,2,4,CAP-G1200-B60-e0.5,capped,1200.0,60.0,0.5,0.0,330.0,107.20588429999995,106.626941,0.6338744338247326,213.26275069999951,45.94748959999989
3,2,4,CAP-G1200-B60-e0.75,capped,1200.0,60.0,0.75,0.0,660.0,84.24396883999971,179.721546,0.7711118580085108,213.26275069999951,45.94748959999989
3,2,4,CAP-G1200-B60-e0.9,capped,1200.0,60.0,0.9,0.0,1200.0,76.91207479999984,382.685236,0.8149326905601677,213.26275069999951,45.94748959999989
3,2,4,CAP-G1200-B60-e0.95,capped,1200.0,60.0,0.95,0.0,1200.0,76.58728629999962,465.920456,0.8168738673414425,213.26275069999951,45.94748959999989
3,2,4,CAP-G1200-B120-e0.25,capped,1200.0,120.0,0.25,0.0,240.0,147.4109260799987,99.283138,0.39357930763197413,213.26275069999951,45.94748959999989
3,2,4,CAP-G1200-B120-e0.5,capped,1200.0,120.0,0.5,0.0,360.0,100.23631645999997,133.93771099999998,0.6755297364802056,213.26275069999951,45.94748959999989
3,2,4,CAP-G1200-B120-e0.75,capped,1200.0,120.0,0.75,0.0,720.0,81.8528788999999,210.804637,0.7854027835599506,213.26275069999951,45.94748959999989
3,2,4,CAP-G1200-B120-e0.9,capped,1200.0,120.0,0.9,0.0,1200.0,76.53581067999957,465.920456,0.8171815237958605,213.26275069999951,45.94748959999989
3,2,4,CAP-G1200-B120-e0.95,capped,1200.0,120.0,0.95,0.0,1200.0,76.62723813999985,647.7200740000001,0.8166350855367369,213.26275069999951,45.94748959999989
3,2,4,CAP-G1200-B240-e0.25,capped,1200.0,240.0,0.25,0.0,280.0,129.12756653999986,133.93771099999998,0.5028542142949795,213.26275069999951,45.94748959999989
3,2,4,CAP-G1200-B240-e0.5,capped,1200.0,240.0,0.5,0.0,420.0,92.93332637999977,194.566909,0.719177817545778,213.26275069999951,45.94748959999989
3,2,4,CAP-G1200-B240-e0.75,capped,1200.0,240.0,0.75,0.0,840.0,78.31503229999998,336.931331,0.8065475767888566,213.26275069999951,45.94748959999989
3,2,4,CAP-G1200-B240-e0.9,capped,1200.0,240.0,0.9,0.0,1200.0,76.63552983999992,647.7200740000001,0.8165855281924423,213.26275069999951,45.94748959999989
3,2,4,CAP-G1200-B240-e0.95,capped,1200.0,240.0,0.95,0.0,1200.0,76.62723813999985,676.302143,0.8166350855367369,213.26275069999951,45.94748959999989
3,2,4,CAP-G1200-B360-e0.25,capped,1200.0,360.0,0.25,0.0,320.0,116.0739365999999,178.922257,0.5808723810430694,213.26275069999951,45.94748959999989
3,2,4,CAP-G1200-B360-e0.5,capped,1200.0,360.0,0.5,0.0,480.0,84.3036724599999,220.796352,0.7707550249282066,213.26275069999951,45.94748959999989
3,2,4,CAP-G1200-B360-e0.75,capped,1200.0,360.0,0.75,0.0,960.0,76.94024273999983,448.451451,0.8147643380750759,213.26275069999951,45.94748959999989
3,2,4,CAP-G1200-B360-e0.9,capped,1200.0,360.0,0.9,0.0,1200.0,76.62723813999985,676.302143,0.8166350855367369,213.26275069999951,45.94748959999989
3,2,4,CAP-G1200-B360-e0.95,capped,1200.0,360.0,0.95,0.0,1200.0,76.62723813999985,676.302143,0.8166350855367369,213.26275069999951,45.94748959999989
3,2,4,CAP-G1200-B480-e0.25,capped,1200.0,480.0,0.25,0.0,360.0,107.03784753999933,210.626202,0.6348787460368756,213.26275069999951,45.94748959999989
3,2,4,CAP-G1200-B480-e0.5,capped,1200.0,480.0,0.5,0.0,540.0,81.72962969999988,270.80837199999996,0.7861394121208466,213.26275069999951,45.94748959999989
3,2,4,CAP-G1200-B480-e0.75,capped,1200.0,480.0,0.75,0.0,1080.0,76.8075608399995,501.718211,0.8155573434418788,213.26275069999951,45.94748959999989
3,2,4,CAP-G1200-B480-e0.9,capped,1200.0,480.0,0.9,0.0,1200.0,76.62723813999985,676.302143,0.8166350855367369,213.26275069999951,45.94748959999989
3,2,4,CAP-G1200-B480-e0.95,capped,1200.0,480.0,0.95,0.0,1200.0,76.62723813999985,676.302143,0.8166350855367369,213.26275069999951,45.94748959999989
3,2,4,CAP-G1200-B600-e0.25,capped,1200.0,600.0,0.25,0.0,400.0,97.32216073999976,264.677637,0.6929468907842503,213.26275069999951,45.94748959999989
3,2,4,CAP-G1200-B600-e0.5,capped,1200.0,600.0,0.5,0.0,600.0,79.80101443999978,382.544103,0.7976662462381923,213.26275069999951,45.94748959999989
3,2,4,CAP-G1200-B600-e0.75,capped,1200.0,600.0,0.75,0.0,1200.0,76.25764342,647.7200740000001,0.818844057495242,213.26275069999951,45.94748959999989
3,2,4,CAP-G1200-B600-e0.9,capped,1200.0,600.0,0.9,0.0,1200.0,76.62723813999985,676.302143,0.8166350855367369,213.26275069999951,45.94748959999989
3,2,4,CAP-G1200-B600-e0.95,capped,1200.0,600.0,0.95,0.0,1200.0,76.62723813999985,676.302143,0.8166350855367369,213.26275069999951,45.94748959999989
3,2,4,HYB-G1200-B0-g1-e0,hybrid,1200.0,0.0,0.0,1.0,1200.0,175.23738921999993,44.802672,0.2272677413285863,213.26275069999951,45.94748959999989
3,2,4,HYB-G1200-B0-g1-e0.9,hybrid,1200.0,0.0,0.9,1.0,1200.0,77.30341693999996,210.804637,0.8125937399024258,213.26275069999951,45.94748959999989
3,2,4,HYB-G1200-B0-g4-e0,hybrid,1200.0,0.0,0.0,4.0,1200.0,128.42414351999975,62.086069,0.507058391579081,213.26275069999951,45.94748959999989
3,2,4,HYB-G1200-B0-g4-e0.9,hybrid,1200.0,0.0,0.9,4.0,1200.0,76.4822291799998,210.804637,0.8175017665498536,213.26275069999951,45.94748959999989
3,2,4,HYB-G1200-B0-g16-e0,hybrid,1200.0,0.0,0.0,16.0,1200.0,89.21792645999984,145.308175,0.7413838010022383,213.26275069999951,45.94748959999989
3,2,4,HYB-G1200-B0-g16-e0.9,hybrid,1200.0,0.0,0.9,16.0,1200.0,76.69882105999976,387.18519499999996,0.81620725295572,213.26275069999951,45.94748959999989
3,2,4,HYB-G1200-B30-g1-e0,hybrid,1200.0,30.0,0.0,1.0,1200.0,171.08868835999994,53.941545,0.25206345232783833,213.26275069999951,45.94748959999989
3,2,4,HYB-G1200-B30-g1-e0.9,hybrid,1200.0,30.0,0.9,1.0,1200.0,76.88247761999996,269.490604,0.8151095852427287,213.26275069999951,45.94748959999989
3,2,4,HYB-G1200-B30-g4-e0,hybrid,1200.0,30.0,0.0,4.0,1200.0,124.6113235999998,62.111421,0.5298466291548578,213.26275069999951,45.94748959999989
3,2,4,HYB-G1200-B30-g4-e0.9,hybrid,1200.0,30.0,0.9,4.0,1200.0,76.32252137999984,269.490604,0.8184562987243247,213.26275069999951,45.94748959999989
3,2,4,HYB-G1200-B30-g16-e0,hybrid,1200.0,30.0,0.0,16.0,1200.0,87.22728313999998,151.66588099999998,0.7532813607760005,213.26275069999951,45.94748959999989
3,2,4,HYB-G1200-B30-g16-e0.9,hybrid,1200.0,30.0,0.9,16.0,1200.0,76.62129179999975,387.18519499999996,0.8166706252714927,213.26275069999951,45.94748959999989
3,2,4,HYB-G1200-B120-g1-e0,hybrid,1200.0,120.0,0.0,1.0,1200.0,158.14135783999987,86.156663,0.32944629496203065,213.26275069999951,45.94748959999989
3,2,4,HYB-G1200-B120-g1-e0.9,hybrid,1200.0,120.0,0.9,1.0,1200.0,76.50400355999997,465.920456,0.8173716267176769,213.26275069999951,45.94748959999989
3,2,4,HYB-G1200-B120-g4-e0,hybrid,1200.0,120.0,0.0,4.0,1200.0,115.89142707999999,99.151175,0.5819631931949317,213.26275069999951,45.94748959999989
3,2,4,HYB-G1200-B120-g4-e0.9,hybrid,1200.0,120.0,0.9,4.0,1200.0,76.60611689999962,465.920456,0.816761321720223,213.26275069999951,45.94748959999989
3,2,4,HYB-G1200-B120-g16-e0,hybrid,1200.0,120.0,0.0,16.0,1200.0,84.74407485999966,152.154055,0.7681228537974659,213.26275069999951,45.94748959999989
3,2,4,HYB-G1200-B120-g16-e0.9,hybrid,1200.0,120.0,0.9,16.0,1200.0,76.62394143999994,465.920456,0.8166547890591666,213.26275069999951,45.94748959999989
4,0,8,SJF,reference,-1.0,-1.0,-1.0,-1.0,inf,11.367655799999998,423.114209,1.0,28.127597119999916,11.367655799999998
4,0,8,SPJF-E,reference,-1.0,-1.0,-1.0,-1.0,inf,15.914540519999965,186.769968,0.7287052124356728,28.127597119999916,11.367655799999998
4,0,8,FIX-B15,fixed,-1.0,15.0,0.0,0.0,168.75,24.545424099999998,46.580559,0.21373422207184284,28.127597119999916,11.367655799999998
4,0,8,FIX-B17.99,fixed,-1.0,17.99,0.0,0.0,169.4975,23.970365459999996,46.580559,0.24804571690469018,28.127597119999916,11.367655799999998
4,0,8,FIX-B21.576,fixed,-1.0,21.576,0.0,0.0,170.394,23.304631259999947,46.580559,0.28776746695673944,28.127597119999916,11.367655799999998
4,0,8,FIX-B25.877,fixed,-1.0,25.877,0.0,0.0,171.46925,22.881969939999966,52.052471000000004,0.31298601109899205,28.127597119999916,11.367655799999998
4,0,8,FIX-B30,fixed,-1.0,30.0,0.0,0.0,172.5,22.227532959999948,56.830372000000004,0.3520337003184684,28.127597119999916,11.367655799999998
4,0,8,FIX-B31.035,fixed,-1.0,31.035,0.0,0.0,172.75875,22.08648629999999,57.025615,0.36044940162117195,28.127597119999916,11.367655799999998
4,0,8,FIX-B37.222,fixed,-1.0,37.222,0.0,0.0,174.3055,21.499229,58.550975,0.3954887426777666,28.127597119999916,11.367655799999998
4,0,8,FIX-B44.641,fixed,-1.0,44.641,0.0,0.0,176.16025,21.075833899999942,60.435496,0.4207510685962239,28.127597119999916,11.367655799999998
4,0,8,FIX-B53.54,fixed,-1.0,53.54,0.0,0.0,178.385,20.694520739999955,60.435496,0.44350253011506346,28.127597119999916,11.367655799999998
4,0,8,FIX-B60,fixed,-1.0,60.0,0.0,0.0,180.0,20.47074213999982,60.435496,0.4568545219703748,28.127597119999916,11.367655799999998
4,0,8,FIX-B64.212,fixed,-1.0,64.212,0.0,0.0,181.053,20.280746719999858,60.435496,0.46819080390432394,28.127597119999916,11.367655799999998
4,0,8,FIX-B77.012,fixed,-1.0,77.012,0.0,0.0,184.253,19.716907239999863,60.435496,0.5018328954388066,28.127597119999916,11.367655799999998
4,0,8,FIX-B92.363,fixed,-1.0,92.363,0.0,0.0,188.09075,19.071565119999935,60.435496,0.5403379300137088,28.127597119999916,11.367655799999998
4,0,8,FIX-B110.774,fixed,-1.0,110.774,0.0,0.0,192.6935,18.38215304,60.435496,0.5814724463486346,28.127597119999916,11.367655799999998
4,0,8,FIX-B120,fixed,-1.0,120.0,0.0,0.0,195.0,18.11600007999999,60.435496,0.5973527501586727,28.127597119999916,11.367655799999998
4,0,8,FIX-B132.855,fixed,-1.0,132.855,0.0,0.0,198.21375,17.99468667999998,60.435496,0.604591045191081,28.127597119999916,11.367655799999998
4,0,8,FIX-B159.338,fixed,-1.0,159.338,0.0,0.0,204.8345,17.709432819999993,63.408035,0.621611024829052,28.127597119999916,11.367655799999998
4,0,8,FIX-B191.099,fixed,-1.0,191.099,0.0,0.0,212.77474999999998,17.457281579999986,83.591887,0.6366559008930934,28.127597119999916,11.367655799999998
4,0,8,FIX-B229.192,fixed,-1.0,229.192,0.0,0.0,222.298,17.306254139999975,95.11926299999999,0.6456671162139841,28.127597119999916,11.367655799999998
4,0,8,FIX-B240,fixed,-1.0,240.0,0.0,0.0,225.0,17.115848799999995,95.11926299999999,0.6570278564674578,28.127597119999916,11.367655799999998
4,0,8,FIX-B274.878,fixed,-1.0,274.878,0.0,0.0,233.71949999999998,16.794987519999896,95.17521599999999,0.6761723912766107,28.127597119999916,11.367655799999998
4,0,8,FIX-B329.671,fixed,-1.0,329.671,0.0,0.0,247.41775,16.53573675999998,112.565642,0.6916408678691001,28.127597119999916,11.367655799999998
4,0,8,FIX-B360,fixed,-1.0,360.0,0.0,0.0,255.0,16.517018599999993,113.76608,0.6927577071015651,28.127597119999916,11.367655799999998
4,0,8,FIX-B395.386,fixed,-1.0,395.386,0.0,0.0,263.8465,16.334120519999978,126.74327,0.7036705185791184,28.127597119999916,11.367655799999998
4,0,8,FIX-B474.201,fixed,-1.0,474.201,0.0,0.0,283.55025,16.289396319999973,145.671253,0.706339036275337,28.127597119999916,11.367655799999998
4,0,8,FIX-B480,fixed,-1.0,480.0,0.0,0.0,285.0,16.274672999999975,146.786361,0.7072175190646789,28.127597119999916,11.367655799999998
4,0,8,FIX-B568.726,fixed,-1.0,568.726,0.0,0.0,307.1815,16.17894569999992,178.317061,0.7129291918069826,28.127597119999916,11.367655799999998
4,0,8,FIX-B600,fixed,-1.0,600.0,0.0,0.0,315.0,16.169577719999847,179.431495,0.7134881424513322,28.127597119999916,11.367655799999998
4,0,8,FIX-B682.093,fixed,-1.0,682.093,0.0,0.0,335.52324999999996,16.056529299999994,186.769968,0.7202332985256527,28.127597119999916,11.367655799999998
4,0,8,FIX-B818.058,fixed,-1.0,818.058,0.0,0.0,369.5145,16.03487977999999,186.769968,0.7215250405184583,28.127597119999916,11.367655799999998
4,0,8,FIX-B981.126,fixed,-1.0,981.126,0.0,0.0,410.2815,16.057503079999954,186.769968,0.7201751968902491,28.127597119999916,11.367655799999998
4,0,8,FIX-B1176.7,fixed,-1.0,1176.699,0.0,0.0,459.17475,15.970017339999957,186.769968,0.7253951280540651,28.127597119999916,11.367655799999998
4,0,8,FIX-B1411.26,fixed,-1.0,1411.256,0.0,0.0,517.8140000000001,15.954647779999986,186.769968,0.7263121694509602,28.127597119999916,11.367655799999998
4,0,8,FIX-B1692.57,fixed,-1.0,1692.569,0.0,0.0,588.14225,15.966944259999984,186.769968,0.7255784866912643,28.127597119999916,11.367655799999998
4,0,8,FIX-B2029.96,fixed,-1.0,2029.958,0.0,0.0,672.4895,15.934336359999996,186.769968,0.7275240722620847,28.127597119999916,11.367655799999998
4,0,8,FIX-B2434.6,fixed,-1.0,2434.6,0.0,0.0,773.65,15.919906439999986,186.769968,0.7283850490235481,28.127597119999916,11.367655799999998
4,0,8,FIX-B2919.9,fixed,-1.0,2919.901,0.0,0.0,894.97525,15.914540519999965,186.769968,0.7287052124356728,28.127597119999916,11.367655799999998
4,0,8,FIX-B3501.94,fixed,-1.0,3501.94,0.0,0.0,1040.4850000000001,15.914540519999965,186.769968,0.7287052124356728,28.127597119999916,11.367655799999998
4,0,8,FIX-B4200,fixed,-1.0,4200.0,0.0,0.0,1215.0,15.914540519999965,186.769968,0.7287052124356728,28.127597119999916,11.367655799999998
4,0,8,FIXEQ-G300,fixed,300.0,inf,0.0,0.0,300.0,16.237844379999977,168.741508,0.7094149384527796,28.127597119999916,11.367655799999998
4,0,8,CAP-G300-B0-e0,capped,300.0,0.0,0.0,0.0,165.0,28.127597119999916,0.0,0.0,28.127597119999916,11.367655799999998
4,0,8,CAP-G300-B0-e0.25,capped,300.0,0.0,0.25,0.0,220.0,19.83050197999998,76.870467,0.49505514259163147,28.127597119999916,11.367655799999998
4,0,8,CAP-G300-B0-e0.5,capped,300.0,0.0,0.5,0.0,300.0,17.586361419999992,60.435496,0.6289542128301422,28.127597119999916,11.367655799999998
4,0,8,CAP-G300-B0-e0.75,capped,300.0,0.0,0.75,0.0,300.0,16.456937719999942,72.681537,0.6963424976955725,28.127597119999916,11.367655799999998
4,0,8,CAP-G300-B0-e0.9,capped,300.0,0.0,0.9,0.0,300.0,16.34303753999978,168.741508,0.7031384749502329,28.127597119999916,11.367655799999998
4,0,8,CAP-G300-B0-e0.95,capped,300.0,0.0,0.95,0.0,300.0,16.252628,168.741508,0.7085328577988107,28.127597119999916,11.367655799999998
4,0,8,CAP-G300-B15-e0,capped,300.0,15.0,0.0,0.0,168.75,24.545424099999998,46.580559,0.21373422207184284,28.127597119999916,11.367655799999998
4,0,8,CAP-G300-B15-e0.25,capped,300.0,15.0,0.25,0.0,225.0,19.076686059999798,60.435496,0.5400323835978778,28.127597119999916,11.367655799999998
4,0,8,CAP-G300-B15-e0.5,capped,300.0,15.0,0.5,0.0,300.0,17.44245757999997,60.435496,0.6375403908633731,28.127597119999916,11.367655799999998
4,0,8,CAP-G300-B15-e0.75,capped,300.0,15.0,0.75,0.0,300.0,16.475038639999966,98.010064,0.6952624867543395,28.127597119999916,11.367655799999998
4,0,8,CAP-G300-B15-e0.9,capped,300.0,15.0,0.9,0.0,300.0,16.23993481999999,168.741508,0.709290210092453,28.127597119999916,11.367655799999998
4,0,8,CAP-G300-B15-e0.95,capped,300.0,15.0,0.95,0.0,300.0,16.237844379999977,168.741508,0.7094149384527796,28.127597119999916,11.367655799999998
4,0,8,CAP-G300-B30-e0,capped,300.0,30.0,0.0,0.0,172.5,22.227532959999948,56.830372000000004,0.3520337003184684,28.127597119999916,11.367655799999998
4,0,8,CAP-G300-B30-e0.25,capped,300.0,30.0,0.25,0.0,230.0,18.82438367999995,60.435496,0.5550862775932446,28.127597119999916,11.367655799999998
4,0,8,CAP-G300-B30-e0.5,capped,300.0,30.0,0.5,0.0,300.0,17.190183459999982,60.435496,0.6525925986953268,28.127597119999916,11.367655799999998
4,0,8,CAP-G300-B30-e0.75,capped,300.0,30.0,0.75,0.0,300.0,16.30267,128.609077,0.7055470478222399,28.127597119999916,11.367655799999998
4,0,8,CAP-G300-B30-e0.9,capped,300.0,30.0,0.9,0.0,300.0,16.239275619999972,168.741508,0.7093295419724059,28.127597119999916,11.367655799999998
4,0,8,CAP-G300-B30-e0.95,capped,300.0,30.0,0.95,0.0,300.0,16.237844379999977,168.741508,0.7094149384527796,28.127597119999916,11.367655799999998
4,0,8,CAP-G300-B60-e0,capped,300.0,60.0,0.0,0.0,180.0,20.47074213999982,60.435496,0.4568545219703748,28.127597119999916,11.367655799999998
4,0,8,CAP-G300-B60-e0.25,capped,300.0,60.0,0.25,0.0,240.0,17.868167639999868,60.435496,0.6121399403563126,28.127597119999916,11.367655799999998
4,0,8,CAP-G300-B60-e0.5,capped,300.0,60.0,0.5,0.0,300.0,16.514986719999996,72.54794,0.6928789414162445,28.127597119999916,11.367655799999998
4,0,8,CAP-G300-B60-e0.75,capped,300.0,60.0,0.75,0.0,300.0,16.174698159999853,129.049843,0.7131826258685326,28.127597119999916,11.367655799999998
4,0,8,CAP-G300-B60-e0.9,capped,300.0,60.0,0.9,0.0,300.0,16.237844379999977,168.741508,0.7094149384527796,28.127597119999916,11.367655799999998
4,0,8,CAP-G300-B60-e0.95,capped,300.0,60.0,0.95,0.0,300.0,16.237844379999977,168.741508,0.7094149384527796,28.127597119999916,11.367655799999998
4,0,8,CAP-G300-B120-e0,capped,300.0,120.0,0.0,0.0,195.0,18.11600007999999,60.435496,0.5973527501586727,28.127597119999916,11.367655799999998
4,0,8,CAP-G300-B120-e0.25,capped,300.0,120.0,0.25,0.0,260.0,17.07854669999999,74.408838,0.6592535265511288,28.127597119999916,11.367655799999998
4,0,8,CAP-G300-B120-e0.5,capped,300.0,120.0,0.5,0.0,300.0,16.260637199999973,113.571997,0.7080549802306826,28.127597119999916,11.367655799999998
4,0,8,CAP-G300-B120-e0.75,capped,300.0,120.0,0.75,0.0,300.0,16.237844379999977,168.741508,0.7094149384527796,28.127597119999916,11.367655799999998
4,0,8,CAP-G300-B120-e0.9,capped,300.0,120.0,0.9,0.0,300.0,16.237844379999977,168.741508,0.7094149384527796,28.127597119999916,11.367655799999998
4,0,8,CAP-G300-B120-e0.95,capped,300.0,120.0,0.95,0.0,300.0,16.237844379999977,168.741508,0.7094149384527796,28.127597119999916,11.367655799999998
4,0,8,CAP-G300-B240-e0,capped,300.0,240.0,0.0,0.0,225.0,17.115848799999995,95.11926299999999,0.6570278564674578,28.127597119999916,11.367655799999998
4,0,8,CAP-G300-B240-e0.25,capped,300.0,240.0,0.25,0.0,300.0,16.256713579999953,113.76608,0.7082890872555884,28.127597119999916,11.367655799999998
4,0,8,CAP-G300-B240-e0.5,capped,300.0,240.0,0.5,0.0,300.0,16.239485,168.741508,0.709317049088569,28.127597119999916,11.367655799999998
4,0,8,CAP-G300-B240-e0.75,capped,300.0,240.0,0.75,0.0,300.0,16.237844379999977,168.741508,0.7094149384527796,28.127597119999916,11.367655799999998
4,0,8,CAP-G300-B240-e0.9,capped,300.0,240.0,0.9,0.0,300.0,16.237844379999977,168.741508,0.7094149384527796,28.127597119999916,11.367655799999998
4,0,8,CAP-G300-B240-e0.95,capped,300.0,240.0,0.95,0.0,300.0,16.237844379999977,168.741508,0.7094149384527796,28.127597119999916,11.367655799999998
4,0,8,CAP-G300-B360-e0,capped,300.0,360.0,0.0,0.0,255.0,16.517018599999993,113.76608,0.6927577071015651,28.127597119999916,11.367655799999998
4,0,8,CAP-G300-B360-e0.25,capped,300.0,360.0,0.25,0.0,300.0,16.237419579999997,164.668053,0.7094402846035727,28.127597119999916,11.367655799999998
4,0,8,CAP-G300-B360-e0.5,capped,300.0,360.0,0.5,0.0,300.0,16.237844379999977,168.741508,0.7094149384527796,28.127597119999916,11.367655799999998
4,0,8,CAP-G300-B360-e0.75,capped,300.0,360.0,0.75,0.0,300.0,16.237844379999977,168.741508,0.7094149384527796,28.127597119999916,11.367655799999998
4,0,8,CAP-G300-B360-e0.9,capped,300.0,360.0,0.9,0.0,300.0,16.237844379999977,168.741508,0.7094149384527796,28.127597119999916,11.367655799999998
4,0,8,CAP-G300-B360-e0.95,capped,300.0,360.0,0.95,0.0,300.0,16.237844379999977,168.741508,0.7094149384527796,28.127597119999916,11.367655799999998
4,0,8,CAP-G300-B480-e0,capped,300.0,480.0,0.0,0.0,285.0,16.274672999999975,146.786361,0.7072175190646789,28.127597119999916,11.367655799999998
4,0,8,CAP-G300-B480-e0.25,capped,300.0,480.0,0.25,0.0,300.0,16.237844379999977,168.741508,0.7094149384527796,28.127597119999916,11.367655799999998
4,0,8,CAP-G300-B480-e0.5,capped,300.0,480.0,0.5,0.0,300.0,16.237844379999977,168.741508,0.7094149384527796,28.127597119999916,11.367655799999998
4,0,8,CAP-G300-B480-e0.75,capped,300.0,480.0,0.75,0.0,300.0,16.237844379999977,168.741508,0.7094149384527796,28.127597119999916,11.367655799999998
4,0,8,CAP-G300-B480-e0.9,capped,300.0,480.0,0.9,0.0,300.0,16.237844379999977,168.741508,0.7094149384527796,28.127597119999916,11.367655799999998
4,0,8,CAP-G300-B480-e0.95,capped,300.0,480.0,0.95,0.0,300.0,16.237844379999977,168.741508,0.7094149384527796,28.127597119999916,11.367655799999998
4,0,8,HYB-G300-B0-g1-e0,hybrid,300.0,0.0,0.0,1.0,300.0,19.463356279999996,38.129924,0.5169612873083712,28.127597119999916,11.367655799999998
4,0,8,HYB-G300-B0-g1-e0.9,hybrid,300.0,0.0,0.9,1.0,300.0,16.24006253999999,168.741508,0.7092825895407123,28.127597119999916,11.367655799999998
4,0,8,HYB-G300-B0-g4-e0,hybrid,300.0,0.0,0.0,4.0,300.0,16.99982129999995,46.580559,0.6639507625674682,28.127597119999916,11.367655799999998
4,0,8,HYB-G300-B0-g4-e0.9,hybrid,300.0,0.0,0.9,4.0,300.0,16.238012,168.741508,0.7094049372244444,28.127597119999916,11.367655799999998
4,0,8,HYB-G300-B0-g16-e0,hybrid,300.0,0.0,0.0,16.0,300.0,16.217278459999946,60.435496,0.7106420262812727,28.127597119999916,11.367655799999998
4,0,8,HYB-G300-B0-g16-e0.9,hybrid,300.0,0.0,0.9,16.0,300.0,16.23756349999998,168.741508,0.7094316974613366,28.127597119999916,11.367655799999998
4,0,8,HYB-G300-B30-g1-e0,hybrid,300.0,30.0,0.0,1.0,300.0,18.031960559999995,57.685919000000005,0.6023670588841877,28.127597119999916,11.367655799999998
4,0,8,HYB-G300-B30-g1-e0.9,hybrid,300.0,30.0,0.9,1.0,300.0,16.237844379999977,168.741508,0.7094149384527796,28.127597119999916,11.367655799999998
4,0,8,HYB-G300-B30-g4-e0,hybrid,300.0,30.0,0.0,4.0,300.0,16.66389329999999,60.110708,0.683994269497835,28.127597119999916,11.367655799999998
4,0,8,HYB-G300-B30-g4-e0.9,hybrid,300.0,30.0,0.9,4.0,300.0,16.237844379999977,168.741508,0.7094149384527796,28.127597119999916,11.367655799999998
4,0,8,HYB-G300-B30-g16-e0,hybrid,300.0,30.0,0.0,16.0,300.0,16.252585659999994,60.795335,0.7085353840606394,28.127597119999916,11.367655799999998
4,0,8,HYB-G300-B30-g16-e0.9,hybrid,300.0,30.0,0.9,16.0,300.0,16.237844379999977,168.741508,0.7094149384527796,28.127597119999916,11.367655799999998
4,0,8,HYB-G300-B120-g1-e0,hybrid,300.0,120.0,0.0,1.0,300.0,16.932678479999936,60.435496,0.6679569114386394,28.127597119999916,11.367655799999998
4,0,8,HYB-G300-B120-g1-e0.9,hybrid,300.0,120.0,0.9,1.0,300.0,16.237844379999977,168.741508,0.7094149384527796,28.127597119999916,11.367655799999998
4,0,8,HYB-G300-B120-g4-e0,hybrid,300.0,120.0,0.0,4.0,300.0,16.456501739999986,60.435496,0.6963685109131389,28.127597119999916,11.367655799999998
4,0,8,HYB-G300-B120-g4-e0.9,hybrid,300.0,120.0,0.9,4.0,300.0,16.237844379999977,168.741508,0.7094149384527796,28.127597119999916,11.367655799999998
4,0,8,HYB-G300-B120-g16-e0,hybrid,300.0,120.0,0.0,16.0,300.0,16.241788,95.26848,0.7091796381062732,28.127597119999916,11.367655799999998
4,0,8,HYB-G300-B120-g16-e0.9,hybrid,300.0,120.0,0.9,16.0,300.0,16.237844379999977,168.741508,0.7094149384527796,28.127597119999916,11.367655799999998
4,0,8,FIXEQ-G600,fixed,600.0,inf,0.0,0.0,600.0,15.962939179999976,186.769968,0.7258174541150482,28.127597119999916,11.367655799999998
4,0,8,CAP-G600-B0-e0,capped,600.0,0.0,0.0,0.0,165.0,28.127597119999916,0.0,0.0,28.127597119999916,11.367655799999998
4,0,8,CAP-G600-B0-e0.25,capped,600.0,0.0,0.25,0.0,220.0,19.83050197999998,76.870467,0.49505514259163147,28.127597119999916,11.367655799999998
4,0,8,CAP-G600-B0-e0.5,capped,600.0,0.0,0.5,0.0,330.0,17.485205459999964,60.435496,0.6349897924344287,28.127597119999916,11.367655799999998
4,0,8,CAP-G600-B0-e0.75,capped,600.0,0.0,0.75,0.0,600.0,16.298855699999944,72.681537,0.7057746321512794,28.127597119999916,11.367655799999998
4,0,8,CAP-G600-B0-e0.9,capped,600.0,0.0,0.9,0.0,600.0,16.115594639999955,185.599465,0.7167091012225584,28.127597119999916,11.367655799999998
4,0,8,CAP-G600-B0-e0.95,capped,600.0,0.0,0.95,0.0,600.0,15.993663839999938,186.769968,0.7239842340927741,28.127597119999916,11.367655799999998
4,0,8,CAP-G600-B15-e0,capped,600.0,15.0,0.0,0.0,168.75,24.545424099999998,46.580559,0.21373422207184284,28.127597119999916,11.367655799999998
4,0,8,CAP-G600-B15-e0.25,capped,600.0,15.0,0.25,0.0,225.0,19.076686059999798,60.435496,0.5400323835978778,28.127597119999916,11.367655799999998
4,0,8,CAP-G600-B15-e0.5,capped,600.0,15.0,0.5,0.0,337.5,17.33446279999998,60.435496,0.6439840160490484,28.127597119999916,11.367655799999998
4,0,8,CAP-G600-B15-e0.75,capped,600.0,15.0,0.75,0.0,600.0,16.224626559999958,98.010064,0.7102035939586462,28.127597119999916,11.367655799999998
4,0,8,CAP-G600-B15-e0.9,capped,600.0,15.0,0.9,0.0,600.0,15.998489139999995,186.769968,0.7236963273568299,28.127597119999916,11.367655799999998
4,0,8,CAP-G600-B15-e0.95,capped,600.0,15.0,0.95,0.0,600.0,15.969701919999991,186.769968,0.7254139479290244,28.127597119999916,11.367655799999998
4,0,8,CAP-G600-B30-e0,capped,600.0,30.0,0.0,0.0,172.5,22.227532959999948,56.830372000000004,0.3520337003184684,28.127597119999916,11.367655799999998
4,0,8,CAP-G600-B30-e0.25,capped,600.0,30.0,0.25,0.0,230.0,18.82438367999995,60.435496,0.5550862775932446,28.127597119999916,11.367655799999998
4,0,8,CAP-G600-B30-e0.5,capped,600.0,30.0,0.5,0.0,345.0,17.088252439999998,60.435496,0.6586744230915942,28.127597119999916,11.367655799999998
4,0,8,CAP-G600-B30-e0.75,capped,600.0,30.0,0.75,0.0,600.0,16.06411167999991,128.609077,0.7197808876338037,28.127597119999916,11.367655799999998
4,0,8,CAP-G600-B30-e0.9,capped,600.0,30.0,0.9,0.0,600.0,15.973990019999972,186.769968,0.7251580938112737,28.127597119999916,11.367655799999998
4,0,8,CAP-G600-B30-e0.95,capped,600.0,30.0,0.95,0.0,600.0,15.962939179999976,186.769968,0.7258174541150482,28.127597119999916,11.367655799999998
4,0,8,CAP-G600-B60-e0,capped,600.0,60.0,0.0,0.0,180.0,20.47074213999982,60.435496,0.4568545219703748,28.127597119999916,11.367655799999998
4,0,8,CAP-G600-B60-e0.25,capped,600.0,60.0,0.25,0.0,240.0,17.868167639999868,60.435496,0.6121399403563126,28.127597119999916,11.367655799999998
4,0,8,CAP-G600-B60-e0.5,capped,600.0,60.0,0.5,0.0,360.0,16.412576619999985,72.54794,0.6989893506381315,28.127597119999916,11.367655799999998
4,0,8,CAP-G600-B60-e0.75,capped,600.0,60.0,0.75,0.0,600.0,15.877679,129.049843,0.7309045948378043,28.127597119999916,11.367655799999998
4,0,8,CAP-G600-B60-e0.9,capped,600.0,60.0,0.9,0.0,600.0,15.962939179999976,186.769968,0.7258174541150482,28.127597119999916,11.367655799999998
4,0,8,CAP-G600-B60-e0.95,capped,600.0,60.0,0.95,0.0,600.0,15.962939179999976,186.769968,0.7258174541150482,28.127597119999916,11.367655799999998
4,0,8,CAP-G600-B120-e0,capped,600.0,120.0,0.0,0.0,195.0,18.11600007999999,60.435496,0.5973527501586727,28.127597119999916,11.367655799999998
4,0,8,CAP-G600-B120-e0.25,capped,600.0,120.0,0.25,0.0,260.0,17.063413379999993,74.408838,0.6601564724332804,28.127597119999916,11.367655799999998
4,0,8,CAP-G600-B120-e0.5,capped,600.0,120.0,0.5,0.0,390.0,16.081015539999992,113.571997,0.718772300570321,28.127597119999916,11.367655799999998
4,0,8,CAP-G600-B120-e0.75,capped,600.0,120.0,0.75,0.0,600.0,15.989959679999977,186.769968,0.7242052467997542,28.127597119999916,11.367655799999998
4,0,8,CAP-G600-B120-e0.9,capped,600.0,120.0,0.9,0.0,600.0,15.962939179999976,186.769968,0.7258174541150482,28.127597119999916,11.367655799999998
4,0,8,CAP-G600-B120-e0.95,capped,600.0,120.0,0.95,0.0,600.0,15.962939179999976,186.769968,0.7258174541150482,28.127597119999916,11.367655799999998
4,0,8,CAP-G600-B240-e0,capped,600.0,240.0,0.0,0.0,225.0,17.115848799999995,95.11926299999999,0.6570278564674578,28.127597119999916,11.367655799999998
4,0,8,CAP-G600-B240-e0.25,capped,600.0,240.0,0.25,0.0,300.0,16.241797659999996,113.76608,0.7091790617319403,28.127597119999916,11.367655799999998
4,0,8,CAP-G600-B240-e0.5,capped,600.0,240.0,0.5,0.0,450.0,15.952368219999963,178.351292,0.7264481818603415,28.127597119999916,11.367655799999998
4,0,8,CAP-G600-B240-e0.75,capped,600.0,240.0,0.75,0.0,600.0,15.962939179999976,186.769968,0.7258174541150482,28.127597119999916,11.367655799999998
4,0,8,CAP-G600-B240-e0.9,capped,600.0,240.0,0.9,0.0,600.0,15.962939179999976,186.769968,0.7258174541150482,28.127597119999916,11.367655799999998
4,0,8,CAP-G600-B240-e0.95,capped,600.0,240.0,0.95,0.0,600.0,15.962939179999976,186.769968,0.7258174541150482,28.127597119999916,11.367655799999998
4,0,8,CAP-G600-B360-e0,capped,600.0,360.0,0.0,0.0,255.0,16.517018599999993,113.76608,0.6927577071015651,28.127597119999916,11.367655799999998
4,0,8,CAP-G600-B360-e0.25,capped,600.0,360.0,0.25,0.0,340.0,16.103448319999995,164.668053,0.7174338245236755,28.127597119999916,11.367655799999998
4,0,8,CAP-G600-B360-e0.5,capped,600.0,360.0,0.5,0.0,510.0,15.927646739999966,186.769968,0.7279232156643379,28.127597119999916,11.367655799999998
4,0,8,CAP-G600-B360-e0.75,capped,600.0,360.0,0.75,0.0,600.0,15.962939179999976,186.769968,0.7258174541150482,28.127597119999916,11.367655799999998
4,0,8,CAP-G600-B360-e0.9,capped,600.0,360.0,0.9,0.0,600.0,15.962939179999976,186.769968,0.7258174541150482,28.127597119999916,11.367655799999998
4,0,8,CAP-G600-B360-e0.95,capped,600.0,360.0,0.95,0.0,600.0,15.962939179999976,186.769968,0.7258174541150482,28.127597119999916,11.367655799999998
4,0,8,CAP-G600-B480-e0,capped,600.0,480.0,0.0,0.0,285.0,16.274672999999975,146.786361,0.7072175190646789,28.127597119999916,11.367655799999998
4,0,8,CAP-G600-B480-e0.25,capped,600.0,480.0,0.25,0.0,380.0,16.014383779999925,185.599465,0.7227479564946383,28.127597119999916,11.367655799999998
4,0,8,CAP-G600-B480-e0.5,capped,600.0,480.0,0.5,0.0,570.0,15.94688449999999,186.769968,0.7267753739366902,28.127597119999916,11.367655799999998
4,0,8,CAP-G600-B480-e0.75,capped,600.0,480.0,0.75,0.0,600.0,15.962939179999976,186.769968,0.7258174541150482,28.127597119999916,11.367655799999998
4,0,8,CAP-G600-B480-e0.9,capped,600.0,480.0,0.9,0.0,600.0,15.962939179999976,186.769968,0.7258174541150482,28.127597119999916,11.367655799999998
4,0,8,CAP-G600-B480-e0.95,capped,600.0,480.0,0.95,0.0,600.0,15.962939179999976,186.769968,0.7258174541150482,28.127597119999916,11.367655799999998
4,0,8,CAP-G600-B600-e0,capped,600.0,600.0,0.0,0.0,315.0,16.169577719999847,179.431495,0.7134881424513322,28.127597119999916,11.367655799999998
4,0,8,CAP-G600-B600-e0.25,capped,600.0,600.0,0.25,0.0,420.0,15.951810259999984,186.769968,0.7264814731463506,28.127597119999916,11.367655799999998
4,0,8,CAP-G600-B600-e0.5,capped,600.0,600.0,0.5,0.0,600.0,15.946166419999964,186.769968,0.7268182189554355,28.127597119999916,11.367655799999998
4,0,8,CAP-G600-B600-e0.75,capped,600.0,600.0,0.75,0.0,600.0,15.962939179999976,186.769968,0.7258174541150482,28.127597119999916,11.367655799999998
4,0,8,CAP-G600-B600-e0.9,capped,600.0,600.0,0.9,0.0,600.0,15.962939179999976,186.769968,0.7258174541150482,28.127597119999916,11.367655799999998
4,0,8,CAP-G600-B600-e0.95,capped,600.0,600.0,0.95,0.0,600.0,15.962939179999976,186.769968,0.7258174541150482,28.127597119999916,11.367655799999998
4,0,8,HYB-G600-B0-g1-e0,hybrid,600.0,0.0,0.0,1.0,600.0,19.429068099999995,38.129924,0.5190071286001354,28.127597119999916,11.367655799999998
4,0,8,HYB-G600-B0-g1-e0.9,hybrid,600.0,0.0,0.9,1.0,600.0,15.973496999999997,185.599465,0.7251875103820459,28.127597119999916,11.367655799999998
4,0,8,HYB-G600-B0-g4-e0,hybrid,600.0,0.0,0.0,4.0,600.0,16.948543959999977,46.580559,0.6670102804393347,28.127597119999916,11.367655799999998
4,0,8,HYB-G600-B0-g4-e0.9,hybrid,600.0,0.0,0.9,4.0,600.0,15.963191739999989,186.769968,0.7258023848498765,28.127597119999916,11.367655799999998
4,0,8,HYB-G600-B0-g16-e0,hybrid,600.0,0.0,0.0,16.0,600.0,15.928456,60.435496,0.7278749302924156,28.127597119999916,11.367655799999998
4,0,8,HYB-G600-B0-g16-e0.9,hybrid,600.0,0.0,0.9,16.0,600.0,15.962658899999981,186.769968,0.7258341773239569,28.127597119999916,11.367655799999998
4,0,8,HYB-G600-B30-g1-e0,hybrid,600.0,30.0,0.0,1.0,600.0,17.942504019999834,57.685919000000005,0.6077045799585252,28.127597119999916,11.367655799999998
4,0,8,HYB-G600-B30-g1-e0.9,hybrid,600.0,30.0,0.9,1.0,600.0,15.962939179999976,186.769968,0.7258174541150482,28.127597119999916,11.367655799999998
4,0,8,HYB-G600-B30-g4-e0,hybrid,600.0,30.0,0.0,4.0,600.0,16.55164689999995,60.110708,0.6906915721826656,28.127597119999916,11.367655799999998
4,0,8,HYB-G600-B30-g4-e0.9,hybrid,600.0,30.0,0.9,4.0,600.0,15.962939179999976,186.769968,0.7258174541150482,28.127597119999916,11.367655799999998
4,0,8,HYB-G600-B30-g16-e0,hybrid,600.0,30.0,0.0,16.0,600.0,15.897182999999986,60.795335,0.7297408676130132,28.127597119999916,11.367655799999998
4,0,8,HYB-G600-B30-g16-e0.9,hybrid,600.0,30.0,0.9,16.0,600.0,15.962939179999976,186.769968,0.7258174541150482,28.127597119999916,11.367655799999998
4,0,8,HYB-G600-B120-g1-e0,hybrid,600.0,120.0,0.0,1.0,600.0,16.90109114,60.435496,0.6698416041948274,28.127597119999916,11.367655799999998
4,0,8,HYB-G600-B120-g1-e0.9,hybrid,600.0,120.0,0.9,1.0,600.0,15.962939179999976,186.769968,0.7258174541150482,28.127597119999916,11.367655799999998
4,0,8,HYB-G600-B120-g4-e0,hybrid,600.0,120.0,0.0,4.0,600.0,16.309855719999874,60.435496,0.7051183040776959,28.127597119999916,11.367655799999998
4,0,8,HYB-G600-B120-g4-e0.9,hybrid,600.0,120.0,0.9,4.0,600.0,15.962939179999976,186.769968,0.7258174541150482,28.127597119999916,11.367655799999998
4,0,8,HYB-G600-B120-g16-e0,hybrid,600.0,120.0,0.0,16.0,600.0,15.928916739999918,95.26848,0.72784743974271,28.127597119999916,11.367655799999998
4,0,8,HYB-G600-B120-g16-e0.9,hybrid,600.0,120.0,0.9,16.0,600.0,15.962939179999976,186.769968,0.7258174541150482,28.127597119999916,11.367655799999998
4,0,8,CAP-G1200-B0-e0,capped,1200.0,0.0,0.0,0.0,165.0,28.127597119999916,0.0,0.0,28.127597119999916,11.367655799999998
4,0,8,CAP-G1200-B0-e0.25,capped,1200.0,0.0,0.25,0.0,220.0,19.83050197999998,76.870467,0.49505514259163147,28.127597119999916,11.367655799999998
4,0,8,CAP-G1200-B0-e0.5,capped,1200.0,0.0,0.5,0.0,330.0,17.485205459999964,60.435496,0.6349897924344287,28.127597119999916,11.367655799999998
4,0,8,CAP-G1200-B0-e0.75,capped,1200.0,0.0,0.75,0.0,660.0,16.27163193999994,72.681537,0.7073989671939994,28.127597119999916,11.367655799999998
4,0,8,CAP-G1200-B0-e0.9,capped,1200.0,0.0,0.9,0.0,1200.0,16.08300669999995,185.599465,0.7186534958584226,28.127597119999916,11.367655799999998
4,0,8,CAP-G1200-B0-e0.95,capped,1200.0,0.0,0.95,0.0,1200.0,15.946457,186.769968,0.7268008811858999,28.127597119999916,11.367655799999998
4,0,8,CAP-G1200-B15-e0.25,capped,1200.0,15.0,0.25,0.0,225.0,19.076686059999798,60.435496,0.5400323835978778,28.127597119999916,11.367655799999998
4,0,8,CAP-G1200-B15-e0.5,capped,1200.0,15.0,0.5,0.0,337.5,17.33446279999998,60.435496,0.6439840160490484,28.127597119999916,11.367655799999998
4,0,8,CAP-G1200-B15-e0.75,capped,1200.0,15.0,0.75,0.0,675.0,16.185628119999944,98.010064,0.712530478000506,28.127597119999916,11.367655799999998
4,0,8,CAP-G1200-B15-e0.9,capped,1200.0,15.0,0.9,0.0,1200.0,15.955306199999992,186.769968,0.7262728841105504,28.127597119999916,11.367655799999998
4,0,8,CAP-G1200-B15-e0.95,capped,1200.0,15.0,0.95,0.0,1200.0,15.923781839999956,186.769968,0.7281538190970241,28.127597119999916,11.367655799999998
4,0,8,CAP-G1200-B30-e0.25,capped,1200.0,30.0,0.25,0.0,230.0,18.82438367999995,60.435496,0.5550862775932446,28.127597119999916,11.367655799999998
4,0,8,CAP-G1200-B30-e0.5,capped,1200.0,30.0,0.5,0.0,345.0,17.088252439999998,60.435496,0.6586744230915942,28.127597119999916,11.367655799999998
4,0,8,CAP-G1200-B30-e0.75,capped,1200.0,30.0,0.75,0.0,690.0,16.051631999999948,128.609077,0.7205255012193579,28.127597119999916,11.367655799999998
4,0,8,CAP-G1200-B30-e0.9,capped,1200.0,30.0,0.9,0.0,1200.0,15.917782519999944,186.769968,0.7285117750042356,28.127597119999916,11.367655799999998
4,0,8,CAP-G1200-B30-e0.95,capped,1200.0,30.0,0.95,0.0,1200.0,15.914540519999965,186.769968,0.7287052124356728,28.127597119999916,11.367655799999998
4,0,8,CAP-G1200-B60-e0.25,capped,1200.0,60.0,0.25,0.0,240.0,17.868167639999868,60.435496,0.6121399403563126,28.127597119999916,11.367655799999998
4,0,8,CAP-G1200-B60-e0.5,capped,1200.0,60.0,0.5,0.0,360.0,16.412576619999985,72.54794,0.6989893506381315,28.127597119999916,11.367655799999998
4,0,8,CAP-G1200-B60-e0.75,capped,1200.0,60.0,0.75,0.0,720.0,15.881416,129.049843,0.730681622696754,28.127597119999916,11.367655799999998
4,0,8,CAP-G1200-B60-e0.9,capped,1200.0,60.0,0.9,0.0,1200.0,15.914540519999965,186.769968,0.7287052124356728,28.127597119999916,11.367655799999998
4,0,8,CAP-G1200-B60-e0.95,capped,1200.0,60.0,0.95,0.0,1200.0,15.914540519999965,186.769968,0.7287052124356728,28.127597119999916,11.367655799999998
4,0,8,CAP-G1200-B120-e0.25,capped,1200.0,120.0,0.25,0.0,260.0,17.063413379999993,74.408838,0.6601564724332804,28.127597119999916,11.367655799999998
4,0,8,CAP-G1200-B120-e0.5,capped,1200.0,120.0,0.5,0.0,390.0,16.081015539999992,113.571997,0.718772300570321,28.127597119999916,11.367655799999998
4,0,8,CAP-G1200-B120-e0.75,capped,1200.0,120.0,0.75,0.0,780.0,15.961573839999977,186.769968,0.7258989186007483,28.127597119999916,11.367655799999998
4,0,8,CAP-G1200-B120-e0.9,capped,1200.0,120.0,0.9,0.0,1200.0,15.914540519999965,186.769968,0.7287052124356728,28.127597119999916,11.367655799999998
4,0,8,CAP-G1200-B120-e0.95,capped,1200.0,120.0,0.95,0.0,1200.0,15.914540519999965,186.769968,0.7287052124356728,28.127597119999916,11.367655799999998
4,0,8,CAP-G1200-B240-e0.25,capped,1200.0,240.0,0.25,0.0,300.0,16.241797659999996,113.76608,0.7091790617319403,28.127597119999916,11.367655799999998
4,0,8,CAP-G1200-B240-e0.5,capped,1200.0,240.0,0.5,0.0,450.0,15.952368219999963,178.351292,0.7264481818603415,28.127597119999916,11.367655799999998
4,0,8,CAP-G1200-B240-e0.75,capped,1200.0,240.0,0.75,0.0,900.0,15.914959,186.769968,0.7286802433745022,28.127597119999916,11.367655799999998
4,0,8,CAP-G1200-B240-e0.9,capped,1200.0,240.0,0.9,0.0,1200.0,15.914540519999965,186.769968,0.7287052124356728,28.127597119999916,11.367655799999998
4,0,8,CAP-G1200-B240-e0.95,capped,1200.0,240.0,0.95,0.0,1200.0,15.914540519999965,186.769968,0.7287052124356728,28.127597119999916,11.367655799999998
4,0,8,CAP-G1200-B360-e0.25,capped,1200.0,360.0,0.25,0.0,340.0,16.103448319999995,164.668053,0.7174338245236755,28.127597119999916,11.367655799999998
4,0,8,CAP-G1200-B360-e0.5,capped,1200.0,360.0,0.5,0.0,510.0,15.927646739999966,186.769968,0.7279232156643379,28.127597119999916,11.367655799999998
4,0,8,CAP-G1200-B360-e0.75,capped,1200.0,360.0,0.75,0.0,1020.0,15.914959,186.769968,0.7286802433745022,28.127597119999916,11.367655799999998
4,0,8,CAP-G1200-B360-e0.9,capped,1200.0,360.0,0.9,0.0,1200.0,15.914540519999965,186.769968,0.7287052124356728,28.127597119999916,11.367655799999998
4,0,8,CAP-G1200-B360-e0.95,capped,1200.0,360.0,0.95,0.0,1200.0,15.914540519999965,186.769968,0.7287052124356728,28.127597119999916,11.367655799999998
4,0,8,CAP-G1200-B480-e0.25,capped,1200.0,480.0,0.25,0.0,380.0,16.014383779999925,185.599465,0.7227479564946383,28.127597119999916,11.367655799999998
4,0,8,CAP-G1200-B480-e0.5,capped,1200.0,480.0,0.5,0.0,570.0,15.94688449999999,186.769968,0.7267753739366902,28.127597119999916,11.367655799999998
4,0,8,CAP-G1200-B480-e0.75,capped,1200.0,480.0,0.75,0.0,1140.0,15.914540519999965,186.769968,0.7287052124356728,28.127597119999916,11.367655799999998
4,0,8,CAP-G1200-B480-e0.9,capped,1200.0,480.0,0.9,0.0,1200.0,15.914540519999965,186.769968,0.7287052124356728,28.127597119999916,11.367655799999998
4,0,8,CAP-G1200-B480-e0.95,capped,1200.0,480.0,0.95,0.0,1200.0,15.914540519999965,186.769968,0.7287052124356728,28.127597119999916,11.367655799999998
4,0,8,CAP-G1200-B600-e0.25,capped,1200.0,600.0,0.25,0.0,420.0,15.951810259999984,186.769968,0.7264814731463506,28.127597119999916,11.367655799999998
4,0,8,CAP-G1200-B600-e0.5,capped,1200.0,600.0,0.5,0.0,630.0,15.916591,186.769968,0.7285828683319027,28.127597119999916,11.367655799999998
4,0,8,CAP-G1200-B600-e0.75,capped,1200.0,600.0,0.75,0.0,1200.0,15.914540519999965,186.769968,0.7287052124356728,28.127597119999916,11.367655799999998
4,0,8,CAP-G1200-B600-e0.9,capped,1200.0,600.0,0.9,0.0,1200.0,15.914540519999965,186.769968,0.7287052124356728,28.127597119999916,11.367655799999998
4,0,8,CAP-G1200-B600-e0.95,capped,1200.0,600.0,0.95,0.0,1200.0,15.914540519999965,186.769968,0.7287052124356728,28.127597119999916,11.367655799999998
4,0,8,HYB-G1200-B0-g1-e0,hybrid,1200.0,0.0,0.0,1.0,1200.0,19.429068099999995,38.129924,0.5190071286001354,28.127597119999916,11.367655799999998
4,0,8,HYB-G1200-B0-g1-e0.9,hybrid,1200.0,0.0,0.9,1.0,1200.0,15.911790639999971,185.599465,0.7288692869958094,28.127597119999916,11.367655799999998
4,0,8,HYB-G1200-B0-g4-e0,hybrid,1200.0,0.0,0.0,4.0,1200.0,16.948543959999977,46.580559,0.6670102804393347,28.127597119999916,11.367655799999998
4,0,8,HYB-G1200-B0-g4-e0.9,hybrid,1200.0,0.0,0.9,4.0,1200.0,15.914959,186.769968,0.7286802433745022,28.127597119999916,11.367655799999998
4,0,8,HYB-G1200-B0-g16-e0,hybrid,1200.0,0.0,0.0,16.0,1200.0,15.928456,60.435496,0.7278749302924156,28.127597119999916,11.367655799999998
4,0,8,HYB-G1200-B0-g16-e0.9,hybrid,1200.0,0.0,0.9,16.0,1200.0,15.914016079999957,186.769968,0.7287365037146811,28.127597119999916,11.367655799999998
4,0,8,HYB-G1200-B30-g1-e0,hybrid,1200.0,30.0,0.0,1.0,1200.0,17.942504019999834,57.685919000000005,0.6077045799585252,28.127597119999916,11.367655799999998
4,0,8,HYB-G1200-B30-g1-e0.9,hybrid,1200.0,30.0,0.9,1.0,1200.0,15.914540519999965,186.769968,0.7287052124356728,28.127597119999916,11.367655799999998
4,0,8,HYB-G1200-B30-g4-e0,hybrid,1200.0,30.0,0.0,4.0,1200.0,16.55164689999995,60.110708,0.6906915721826656,28.127597119999916,11.367655799999998
4,0,8,HYB-G1200-B30-g4-e0.9,hybrid,1200.0,30.0,0.9,4.0,1200.0,15.914540519999965,186.769968,0.7287052124356728,28.127597119999916,11.367655799999998
4,0,8,HYB-G1200-B30-g16-e0,hybrid,1200.0,30.0,0.0,16.0,1200.0,15.897182999999986,60.795335,0.7297408676130132,28.127597119999916,11.367655799999998
4,0,8,HYB-G1200-B30-g16-e0.9,hybrid,1200.0,30.0,0.9,16.0,1200.0,15.914540519999965,186.769968,0.7287052124356728,28.127597119999916,11.367655799999998
4,0,8,HYB-G1200-B120-g1-e0,hybrid,1200.0,120.0,0.0,1.0,1200.0,16.90109114,60.435496,0.6698416041948274,28.127597119999916,11.367655799999998
4,0,8,HYB-G1200-B120-g1-e0.9,hybrid,1200.0,120.0,0.9,1.0,1200.0,15.914540519999965,186.769968,0.7287052124356728,28.127597119999916,11.367655799999998
4,0,8,HYB-G1200-B120-g4-e0,hybrid,1200.0,120.0,0.0,4.0,1200.0,16.309855719999874,60.435496,0.7051183040776959,28.127597119999916,11.367655799999998
4,0,8,HYB-G1200-B120-g4-e0.9,hybrid,1200.0,120.0,0.9,4.0,1200.0,15.914540519999965,186.769968,0.7287052124356728,28.127597119999916,11.367655799999998
4,0,8,HYB-G1200-B120-g16-e0,hybrid,1200.0,120.0,0.0,16.0,1200.0,15.928916739999918,95.26848,0.72784743974271,28.127597119999916,11.367655799999998
4,0,8,HYB-G1200-B120-g16-e0.9,hybrid,1200.0,120.0,0.9,16.0,1200.0,15.914540519999965,186.769968,0.7287052124356728,28.127597119999916,11.367655799999998
4,1,5,SJF,reference,-1.0,-1.0,-1.0,-1.0,inf,35.78610539999999,157.503418,1.0,119.59158805999992,35.78610539999999
4,1,5,SPJF-E,reference,-1.0,-1.0,-1.0,-1.0,inf,47.861299499999916,410.190118,0.855914031913769,119.59158805999992,35.78610539999999
4,1,5,FIX-B15,fixed,-1.0,15.0,0.0,0.0,159.75,118.32047229999995,62.067358,0.015167453484599658,119.59158805999992,35.78610539999999
4,1,5,FIX-B17.99,fixed,-1.0,17.99,0.0,0.0,160.4975,117.83978059999993,62.067358,0.02090325602093485,119.59158805999992,35.78610539999999
4,1,5,FIX-B21.576,fixed,-1.0,21.576,0.0,0.0,161.394,117.39803055999988,62.067358,0.02617439134500704,119.59158805999992,35.78610539999999
4,1,5,FIX-B25.877,fixed,-1.0,25.877,0.0,0.0,162.46925,116.66371989999931,62.067358,0.03493647512155043,119.59158805999992,35.78610539999999
4,1,5,FIX-B30,fixed,-1.0,30.0,0.0,0.0,163.5,115.70889546,62.405616,0.046329816102271826,119.59158805999992,35.78610539999999
4,1,5,FIX-B31.035,fixed,-1.0,31.035,0.0,0.0,163.75875,115.47424711999996,62.405616,0.04912973243891542,119.59158805999992,35.78610539999999
4,1,5,FIX-B37.222,fixed,-1.0,37.222,0.0,0.0,165.3055,114.27657019999998,71.175179,0.0634208847834341,119.59158805999992,35.78610539999999
4,1,5,FIX-B44.641,fixed,-1.0,44.641,0.0,0.0,167.16025,112.88727961999992,71.175179,0.07999844672692218,119.59158805999992,35.78610539999999
4,1,5,FIX-B53.54,fixed,-1.0,53.54,0.0,0.0,169.385,111.1988927399998,71.175179,0.1001449434286943,119.59158805999992,35.78610539999999
4,1,5,FIX-B60,fixed,-1.0,60.0,0.0,0.0,171.0,110.27409573999984,71.175179,0.1111799851783121,119.59158805999992,35.78610539999999
4,1,5,FIX-B64.212,fixed,-1.0,64.212,0.0,0.0,172.053,109.54304577999999,71.175179,0.11990316099922743,119.59158805999992,35.78610539999999
4,1,5,FIX-B77.012,fixed,-1.0,77.012,0.0,0.0,175.253,106.4936232599999,71.185338,0.1562900705809268,119.59158805999992,35.78610539999999
4,1,5,FIX-B92.363,fixed,-1.0,92.363,0.0,0.0,179.09075,103.40130079999999,71.63768999999999,0.19318887912959304,119.59158805999992,35.78610539999999
4,1,5,FIX-B110.774,fixed,-1.0,110.774,0.0,0.0,183.6935,98.2210594799999,75.281879,0.25500155719764267,119.59158805999992,35.78610539999999
4,1,5,FIX-B120,fixed,-1.0,120.0,0.0,0.0,186.0,95.74816957999978,76.161908,0.2845090526682274,119.59158805999992,35.78610539999999
4,1,5,FIX-B132.855,fixed,-1.0,132.855,0.0,0.0,189.21375,93.29384091999977,83.248699,0.3137950681185203,119.59158805999992,35.78610539999999
4,1,5,FIX-B159.338,fixed,-1.0,159.338,0.0,0.0,195.8345,88.29850866,114.28797,0.37340133851333335,119.59158805999992,35.78610539999999
4,1,5,FIX-B191.099,fixed,-1.0,191.099,0.0,0.0,203.77474999999998,83.87785565999994,114.334088,0.42615030981792823,119.59158805999992,35.78610539999999
4,1,5,FIX-B229.192,fixed,-1.0,229.192,0.0,0.0,213.298,79.88096637999993,118.668152,0.4738427656470467,119.59158805999992,35.78610539999999
4,1,5,FIX-B240,fixed,-1.0,240.0,0.0,0.0,216.0,78.91793273999991,118.668152,0.4853340620328341,119.59158805999992,35.78610539999999
4,1,5,FIX-B274.878,fixed,-1.0,274.878,0.0,0.0,224.71949999999998,77.1841610999997,118.781854,0.5060221075516953,119.59158805999992,35.78610539999999
4,1,5,FIX-B329.671,fixed,-1.0,329.671,0.0,0.0,238.41775,70.52618093999999,120.541514,0.5854677470095722,119.59158805999992,35.78610539999999
4,1,5,FIX-B360,fixed,-1.0,360.0,0.0,0.0,246.0,67.34490747999985,121.686006,0.6234279538961146,119.59158805999992,35.78610539999999
4,1,5,FIX-B395.386,fixed,-1.0,395.386,0.0,0.0,254.8465,64.98885663999955,134.833775,0.6515412797218106,119.59158805999992,35.78610539999999
4,1,5,FIX-B474.201,fixed,-1.0,474.201,0.0,0.0,274.55025,61.0768780599999,155.66594800000001,0.6982205476626756,119.59158805999992,35.78610539999999
4,1,5,FIX-B480,fixed,-1.0,480.0,0.0,0.0,276.0,60.925802399999924,155.66594800000001,0.700023241892275,119.59158805999992,35.78610539999999
4,1,5,FIX-B568.726,fixed,-1.0,568.726,0.0,0.0,298.1815,58.36642768,176.392422,0.7305627082704277,119.59158805999992,35.78610539999999
4,1,5,FIX-B600,fixed,-1.0,600.0,0.0,0.0,306.0,57.65170147999997,177.223264,0.7390911025629548,119.59158805999992,35.78610539999999
4,1,5,FIX-B682.093,fixed,-1.0,682.093,0.0,0.0,326.52324999999996,55.59953243999998,216.321798,0.7635783911610728,119.59158805999992,35.78610539999999
4,1,5,FIX-B818.058,fixed,-1.0,818.058,0.0,0.0,360.5145,53.80743605999993,227.57574400000001,0.7849623904307939,119.59158805999992,35.78610539999999
4,1,5,FIX-B981.126,fixed,-1.0,981.126,0.0,0.0,401.2815,52.90700143999997,255.183201,0.7957067306746539,119.59158805999992,35.78610539999999
4,1,5,FIX-B1176.7,fixed,-1.0,1176.699,0.0,0.0,450.17475,52.011701719999984,294.87374700000004,0.8063897992709204,119.59158805999992,35.78610539999999
4,1,5,FIX-B1411.26,fixed,-1.0,1411.256,0.0,0.0,508.814,50.48087909999997,353.955832,0.8246561772143608,119.59158805999992,35.78610539999999
4,1,5,FIX-B1692.57,fixed,-1.0,1692.569,0.0,0.0,579.14225,49.90243369999994,410.190118,0.8315584153691935,119.59158805999992,35.78610539999999
4,1,5,FIX-B2029.96,fixed,-1.0,2029.958,0.0,0.0,663.4895,49.61622179999995,410.190118,0.8349736083961362,119.59158805999992,35.78610539999999
4,1,5,FIX-B2434.6,fixed,-1.0,2434.6,0.0,0.0,764.65,49.24699885999995,410.190118,0.839379321820614,119.59158805999992,35.78610539999999
4,1,5,FIX-B2919.9,fixed,-1.0,2919.901,0.0,0.0,885.97525,48.86980929999994,410.190118,0.8438800960901242,119.59158805999992,35.78610539999999
4,1,5,FIX-B3501.94,fixed,-1.0,3501.94,0.0,0.0,1031.4850000000001,48.59258939999983,410.190118,0.8471879930343468,119.59158805999992,35.78610539999999
4,1,5,FIX-B4200,fixed,-1.0,4200.0,0.0,0.0,1206.0,48.493416499999974,410.190118,0.8483713631057559,119.59158805999992,35.78610539999999
4,1,5,FIXEQ-G300,fixed,300.0,inf,0.0,0.0,300.0,58.243925859999926,176.58095500000002,0.7320244481961682,119.59158805999992,35.78610539999999
4,1,5,CAP-G300-B0-e0,capped,300.0,0.0,0.0,0.0,156.0,119.59158805999992,0.0,0.0,119.59158805999992,35.78610539999999
4,1,5,CAP-G300-B0-e0.25,capped,300.0,0.0,0.25,0.0,208.0,86.3471529799999,73.584698,0.3966856824257331,119.59158805999992,35.78610539999999
4,1,5,CAP-G300-B0-e0.5,capped,300.0,0.0,0.5,0.0,300.0,63.57813271999988,118.668152,0.668374592713074,119.59158805999992,35.78610539999999
4,1,5,CAP-G300-B0-e0.75,capped,300.0,0.0,0.75,0.0,300.0,58.090800779999896,127.06196800000001,0.7338515969117392,119.59158805999992,35.78610539999999
4,1,5,CAP-G300-B0-e0.9,capped,300.0,0.0,0.9,0.0,300.0,58.15188067999989,176.64438900000002,0.733122767507489,119.59158805999992,35.78610539999999
4,1,5,CAP-G300-B0-e0.95,capped,300.0,0.0,0.95,0.0,300.0,58.257240579999944,176.64438900000002,0.7318655717172385,119.59158805999992,35.78610539999999
4,1,5,CAP-G300-B15-e0,capped,300.0,15.0,0.0,0.0,159.75,118.32047229999995,62.067358,0.015167453484599658,119.59158805999992,35.78610539999999
4,1,5,CAP-G300-B15-e0.25,capped,300.0,15.0,0.25,0.0,213.0,78.96292759999997,71.449708,0.48479716565598713,119.59158805999992,35.78610539999999
4,1,5,CAP-G300-B15-e0.5,capped,300.0,15.0,0.5,0.0,300.0,62.47165163999993,118.668152,0.6815775604054021,119.59158805999992,35.78610539999999
4,1,5,CAP-G300-B15-e0.75,capped,300.0,15.0,0.75,0.0,300.0,57.840982579999924,134.125601,0.7368325259878653,119.59158805999992,35.78610539999999
4,1,5,CAP-G300-B15-e0.9,capped,300.0,15.0,0.9,0.0,300.0,58.257240579999944,176.58095500000002,0.7318655717172385,119.59158805999992,35.78610539999999
4,1,5,CAP-G300-B15-e0.95,capped,300.0,15.0,0.95,0.0,300.0,58.25488671999991,176.58095500000002,0.7318936589010996,119.59158805999992,35.78610539999999
4,1,5,CAP-G300-B30-e0,capped,300.0,30.0,0.0,0.0,163.5,115.70889546,62.405616,0.046329816102271826,119.59158805999992,35.78610539999999
4,1,5,CAP-G300-B30-e0.25,capped,300.0,30.0,0.25,0.0,218.0,77.53606325999984,71.65973,0.5018230724906145,119.59158805999992,35.78610539999999
4,1,5,CAP-G300-B30-e0.5,capped,300.0,30.0,0.5,0.0,300.0,61.50699973999993,118.781854,0.6930881665063611,119.59158805999992,35.78610539999999
4,1,5,CAP-G300-B30-e0.75,capped,300.0,30.0,0.75,0.0,300.0,58.216781899999816,133.947137,0.7323483406091531,119.59158805999992,35.78610539999999
4,1,5,CAP-G300-B30-e0.9,capped,300.0,30.0,0.9,0.0,300.0,58.2557638,176.58095500000002,0.7318831932373715,119.59158805999992,35.78610539999999
4,1,5,CAP-G300-B30-e0.95,capped,300.0,30.0,0.95,0.0,300.0,58.243925859999926,176.58095500000002,0.7320244481961682,119.59158805999992,35.78610539999999
4,1,5,CAP-G300-B60-e0,capped,300.0,60.0,0.0,0.0,171.0,110.27409573999984,71.175179,0.1111799851783121,119.59158805999992,35.78610539999999
4,1,5,CAP-G300-B60-e0.25,capped,300.0,60.0,0.25,0.0,228.0,73.7571011399998,81.782254,0.5469151356833215,119.59158805999992,35.78610539999999
4,1,5,CAP-G300-B60-e0.5,capped,300.0,60.0,0.5,0.0,300.0,59.66537173999996,118.781854,0.7150631965586487,119.59158805999992,35.78610539999999
4,1,5,CAP-G300-B60-e0.75,capped,300.0,60.0,0.75,0.0,300.0,58.252145919999975,176.58095500000002,0.7319263632053162,119.59158805999992,35.78610539999999
4,1,5,CAP-G300-B60-e0.9,capped,300.0,60.0,0.9,0.0,300.0,58.243925859999926,176.58095500000002,0.7320244481961682,119.59158805999992,35.78610539999999
4,1,5,CAP-G300-B60-e0.95,capped,300.0,60.0,0.95,0.0,300.0,58.243925859999926,176.58095500000002,0.7320244481961682,119.59158805999992,35.78610539999999
4,1,5,CAP-G300-B120-e0,capped,300.0,120.0,0.0,0.0,186.0,95.74816957999978,76.161908,0.2845090526682274,119.59158805999992,35.78610539999999
4,1,5,CAP-G300-B120-e0.25,capped,300.0,120.0,0.25,0.0,248.0,67.25784657999999,118.668152,0.6244667988169542,119.59158805999992,35.78610539999999
4,1,5,CAP-G300-B120-e0.5,capped,300.0,120.0,0.5,0.0,300.0,59.00300797999995,123.614128,0.722966781610324,119.59158805999992,35.78610539999999
4,1,5,CAP-G300-B120-e0.75,capped,300.0,120.0,0.75,0.0,300.0,58.243925859999926,176.58095500000002,0.7320244481961682,119.59158805999992,35.78610539999999
4,1,5,CAP-G300-B120-e0.9,capped,300.0,120.0,0.9,0.0,300.0,58.243925859999926,176.58095500000002,0.7320244481961682,119.59158805999992,35.78610539999999
4,1,5,CAP-G300-B120-e0.95,capped,300.0,120.0,0.95,0.0,300.0,58.243925859999926,176.58095500000002,0.7320244481961682,119.59158805999992,35.78610539999999
4,1,5,CAP-G300-B240-e0,capped,300.0,240.0,0.0,0.0,216.0,78.91793273999991,118.668152,0.4853340620328341,119.59158805999992,35.78610539999999
4,1,5,CAP-G300-B240-e0.25,capped,300.0,240.0,0.25,0.0,288.0,60.40415163999998,122.38247,0.7062477840516024,119.59158805999992,35.78610539999999
4,1,5,CAP-G300-B240-e0.5,capped,300.0,240.0,0.5,0.0,300.0,58.2482390399999,176.58095500000002,0.7319729816349949,119.59158805999992,35.78610539999999
4,1,5,CAP-G300-B240-e0.75,capped,300.0,240.0,0.75,0.0,300.0,58.243925859999926,176.58095500000002,0.7320244481961682,119.59158805999992,35.78610539999999
4,1,5,CAP-G300-B240-e0.9,capped,300.0,240.0,0.9,0.0,300.0,58.243925859999926,176.58095500000002,0.7320244481961682,119.59158805999992,35.78610539999999
4,1,5,CAP-G300-B240-e0.95,capped,300.0,240.0,0.95,0.0,300.0,58.243925859999926,176.58095500000002,0.7320244481961682,119.59158805999992,35.78610539999999
4,1,5,CAP-G300-B360-e0,capped,300.0,360.0,0.0,0.0,246.0,67.34490747999985,121.686006,0.6234279538961146,119.59158805999992,35.78610539999999
4,1,5,CAP-G300-B360-e0.25,capped,300.0,360.0,0.25,0.0,300.0,58.31330947999999,176.241038,0.7311965355370221,119.59158805999992,35.78610539999999
4,1,5,CAP-G300-B360-e0.5,capped,300.0,360.0,0.5,0.0,300.0,58.243925859999926,176.58095500000002,0.7320244481961682,119.59158805999992,35.78610539999999
4,1,5,CAP-G300-B360-e0.75,capped,300.0,360.0,0.75,0.0,300.0,58.243925859999926,176.58095500000002,0.7320244481961682,119.59158805999992,35.78610539999999
4,1,5,CAP-G300-B360-e0.9,capped,300.0,360.0,0.9,0.0,300.0,58.243925859999926,176.58095500000002,0.7320244481961682,119.59158805999992,35.78610539999999
4,1,5,CAP-G300-B360-e0.95,capped,300.0,360.0,0.95,0.0,300.0,58.243925859999926,176.58095500000002,0.7320244481961682,119.59158805999992,35.78610539999999
4,1,5,CAP-G300-B480-e0,capped,300.0,480.0,0.0,0.0,276.0,60.925802399999924,155.66594800000001,0.700023241892275,119.59158805999992,35.78610539999999
4,1,5,CAP-G300-B480-e0.25,capped,300.0,480.0,0.25,0.0,300.0,58.243925859999926,176.58095500000002,0.7320244481961682,119.59158805999992,35.78610539999999
4,1,5,CAP-G300-B480-e0.5,capped,300.0,480.0,0.5,0.0,300.0,58.243925859999926,176.58095500000002,0.7320244481961682,119.59158805999992,35.78610539999999
4,1,5,CAP-G300-B480-e0.75,capped,300.0,480.0,0.75,0.0,300.0,58.243925859999926,176.58095500000002,0.7320244481961682,119.59158805999992,35.78610539999999
4,1,5,CAP-G300-B480-e0.9,capped,300.0,480.0,0.9,0.0,300.0,58.243925859999926,176.58095500000002,0.7320244481961682,119.59158805999992,35.78610539999999
4,1,5,CAP-G300-B480-e0.95,capped,300.0,480.0,0.95,0.0,300.0,58.243925859999926,176.58095500000002,0.7320244481961682,119.59158805999992,35.78610539999999
4,1,5,HYB-G300-B0-g1-e0,hybrid,300.0,0.0,0.0,1.0,300.0,84.61101549999984,45.679707,0.4174019580785278,119.59158805999992,35.78610539999999
4,1,5,HYB-G300-B0-g1-e0.9,hybrid,300.0,0.0,0.9,1.0,300.0,58.23470037999985,176.51555100000002,0.7321345302541346,119.59158805999992,35.78610539999999
4,1,5,HYB-G300-B0-g4-e0,hybrid,300.0,0.0,0.0,4.0,300.0,67.97176641999997,62.067358,0.6159480263292835,119.59158805999992,35.78610539999999
4,1,5,HYB-G300-B0-g4-e0.9,hybrid,300.0,0.0,0.9,4.0,300.0,58.2576544,176.58095500000002,0.7318606338541427,119.59158805999992,35.78610539999999
4,1,5,HYB-G300-B0-g16-e0,hybrid,300.0,0.0,0.0,16.0,300.0,59.48838671999992,80.26790799999999,0.7171750514681666,119.59158805999992,35.78610539999999
4,1,5,HYB-G300-B0-g16-e0.9,hybrid,300.0,0.0,0.9,16.0,300.0,58.25649791999997,176.58095500000002,0.7318744334286255,119.59158805999992,35.78610539999999
4,1,5,HYB-G300-B30-g1-e0,hybrid,300.0,30.0,0.0,1.0,300.0,80.47189075999998,62.405616,0.46679162339186236,119.59158805999992,35.78610539999999
4,1,5,HYB-G300-B30-g1-e0.9,hybrid,300.0,30.0,0.9,1.0,300.0,58.25488671999991,176.58095500000002,0.7318936589010996,119.59158805999992,35.78610539999999
4,1,5,HYB-G300-B30-g4-e0,hybrid,300.0,30.0,0.0,4.0,300.0,65.58962147999996,71.175179,0.6443727172252766,119.59158805999992,35.78610539999999
4,1,5,HYB-G300-B30-g4-e0.9,hybrid,300.0,30.0,0.9,4.0,300.0,58.245074359999904,176.58095500000002,0.7320107438421865,119.59158805999992,35.78610539999999
4,1,5,HYB-G300-B30-g16-e0,hybrid,300.0,30.0,0.0,16.0,300.0,59.635249059999964,88.46402499999999,0.715422632230921,119.59158805999992,35.78610539999999
4,1,5,HYB-G300-B30-g16-e0.9,hybrid,300.0,30.0,0.9,16.0,300.0,58.243925859999926,176.58095500000002,0.7320244481961682,119.59158805999992,35.78610539999999
4,1,5,HYB-G300-B120-g1-e0,hybrid,300.0,120.0,0.0,1.0,300.0,72.68417917999996,83.248699,0.5597176627489159,119.59158805999992,35.78610539999999
4,1,5,HYB-G300-B120-g1-e0.9,hybrid,300.0,120.0,0.9,1.0,300.0,58.243925859999926,176.58095500000002,0.7320244481961682,119.59158805999992,35.78610539999999
4,1,5,HYB-G300-B120-g4-e0,hybrid,300.0,120.0,0.0,4.0,300.0,61.6416843599999,86.69444299999999,0.6914810566165894,119.59158805999992,35.78610539999999
4,1,5,HYB-G300-B120-g4-e0.9,hybrid,300.0,120.0,0.9,4.0,300.0,58.243925859999926,176.58095500000002,0.7320244481961682,119.59158805999992,35.78610539999999
4,1,5,HYB-G300-B120-g16-e0,hybrid,300.0,120.0,0.0,16.0,300.0,58.75354913999986,114.28797,0.7259434226615086,119.59158805999992,35.78610539999999
4,1,5,HYB-G300-B120-g16-e0.9,hybrid,300.0,120.0,0.9,16.0,300.0,58.243925859999926,176.58095500000002,0.7320244481961682,119.59158805999992,35.78610539999999
4,1,5,FIXEQ-G600,fixed,600.0,inf,0.0,0.0,600.0,49.94892181999994,410.190118,0.8310037008263683,119.59158805999992,35.78610539999999
4,1,5,CAP-G600-B0-e0,capped,600.0,0.0,0.0,0.0,156.0,119.59158805999992,0.0,0.0,119.59158805999992,35.78610539999999
4,1,5,CAP-G600-B0-e0.25,capped,600.0,0.0,0.25,0.0,208.0,85.78214117999987,73.584698,0.4034276255786924,119.59158805999992,35.78610539999999
4,1,5,CAP-G600-B0-e0.5,capped,600.0,0.0,0.5,0.0,312.0,60.096753019999994,118.668152,0.7099157853594298,119.59158805999992,35.78610539999999
4,1,5,CAP-G600-B0-e0.75,capped,600.0,0.0,0.75,0.0,600.0,51.81176833999999,127.06196800000001,0.8087754830430801,119.59158805999992,35.78610539999999
4,1,5,CAP-G600-B0-e0.9,capped,600.0,0.0,0.9,0.0,600.0,50.29936999999983,187.849258,0.8268220152268514,119.59158805999992,35.78610539999999
4,1,5,CAP-G600-B0-e0.95,capped,600.0,0.0,0.95,0.0,600.0,50.015415999999995,253.13811,0.8302102661024156,119.59158805999992,35.78610539999999
4,1,5,CAP-G600-B15-e0,capped,600.0,15.0,0.0,0.0,159.75,118.32047229999995,62.067358,0.015167453484599658,119.59158805999992,35.78610539999999
4,1,5,CAP-G600-B15-e0.25,capped,600.0,15.0,0.25,0.0,213.0,78.35186595999953,71.449708,0.4920885936223355,119.59158805999992,35.78610539999999
4,1,5,CAP-G600-B15-e0.5,capped,600.0,15.0,0.5,0.0,319.5,58.48143657999994,118.668152,0.7291903768149007,119.59158805999992,35.78610539999999
4,1,5,CAP-G600-B15-e0.75,capped,600.0,15.0,0.75,0.0,600.0,51.32665289999993,134.125601,0.8145640713860193,119.59158805999992,35.78610539999999
4,1,5,CAP-G600-B15-e0.9,capped,600.0,15.0,0.9,0.0,600.0,50.36292763999998,249.74937500000001,0.8260636204538266,119.59158805999992,35.78610539999999
4,1,5,CAP-G600-B15-e0.95,capped,600.0,15.0,0.95,0.0,600.0,49.993216579999945,255.183201,0.83047515831824,119.59158805999992,35.78610539999999
4,1,5,CAP-G600-B30-e0,capped,600.0,30.0,0.0,0.0,163.5,115.70889546,62.405616,0.046329816102271826,119.59158805999992,35.78610539999999
4,1,5,CAP-G600-B30-e0.25,capped,600.0,30.0,0.25,0.0,218.0,76.74475359999995,71.65973,0.5112652907665981,119.59158805999992,35.78610539999999
4,1,5,CAP-G600-B30-e0.5,capped,600.0,30.0,0.5,0.0,327.0,57.714051679999905,118.781854,0.7383471154391901,119.59158805999992,35.78610539999999
4,1,5,CAP-G600-B30-e0.75,capped,600.0,30.0,0.75,0.0,600.0,51.49674969999997,133.947137,0.812534409428339,119.59158805999992,35.78610539999999
4,1,5,CAP-G600-B30-e0.9,capped,600.0,30.0,0.9,0.0,600.0,49.955103539999904,255.183201,0.8309299381105678,119.59158805999992,35.78610539999999
4,1,5,CAP-G600-B30-e0.95,capped,600.0,30.0,0.95,0.0,600.0,49.96637459999998,255.183201,0.8307954473870217,119.59158805999992,35.78610539999999
4,1,5,CAP-G600-B60-e0,capped,600.0,60.0,0.0,0.0,171.0,110.27409573999984,71.175179,0.1111799851783121,119.59158805999992,35.78610539999999
4,1,5,CAP-G600-B60-e0.25,capped,600.0,60.0,0.25,0.0,228.0,72.6477900799996,81.782254,0.5601518718107262,119.59158805999992,35.78610539999999
4,1,5,CAP-G600-B60-e0.5,capped,600.0,60.0,0.5,0.0,342.0,55.61734499999992,118.781854,0.7633658446851793,119.59158805999992,35.78610539999999
4,1,5,CAP-G600-B60-e0.75,capped,600.0,60.0,0.75,0.0,600.0,50.93187381999983,176.58095500000002,0.8192747307303693,119.59158805999992,35.78610539999999
4,1,5,CAP-G600-B60-e0.9,capped,600.0,60.0,0.9,0.0,600.0,49.951115639999976,255.183201,0.8309775233027696,119.59158805999992,35.78610539999999
4,1,5,CAP-G600-B60-e0.95,capped,600.0,60.0,0.95,0.0,600.0,49.95018411999996,318.147398,0.8309886385660011,119.59158805999992,35.78610539999999
4,1,5,CAP-G600-B120-e0,capped,600.0,120.0,0.0,0.0,186.0,95.74816957999978,76.161908,0.2845090526682274,119.59158805999992,35.78610539999999
4,1,5,CAP-G600-B120-e0.25,capped,600.0,120.0,0.25,0.0,248.0,65.8207790199998,118.668152,0.6416144544880085,119.59158805999992,35.78610539999999
4,1,5,CAP-G600-B120-e0.5,capped,600.0,120.0,0.5,0.0,372.0,54.805521979999874,123.614128,0.7730528364455349,119.59158805999992,35.78610539999999
4,1,5,CAP-G600-B120-e0.75,capped,600.0,120.0,0.75,0.0,600.0,50.477024719999925,221.910582,0.8247021691933781,119.59158805999992,35.78610539999999
4,1,5,CAP-G600-B120-e0.9,capped,600.0,120.0,0.9,0.0,600.0,49.95018411999996,314.91661500000004,0.8309886385660011,119.59158805999992,35.78610539999999
4,1,5,CAP-G600-B120-e0.95,capped,600.0,120.0,0.95,0.0,600.0,49.94892181999994,410.190118,0.8310037008263683,119.59158805999992,35.78610539999999
4,1,5,CAP-G600-B240-e0,capped,600.0,240.0,0.0,0.0,216.0,78.91793273999991,118.668152,0.4853340620328341,119.59158805999992,35.78610539999999
4,1,5,CAP-G600-B240-e0.25,capped,600.0,240.0,0.25,0.0,288.0,58.81797979999995,122.38247,0.7251746106702754,119.59158805999992,35.78610539999999
4,1,5,CAP-G600-B240-e0.5,capped,600.0,240.0,0.5,0.0,432.0,52.19285067999999,176.58095500000002,0.8042282585906412,119.59158805999992,35.78610539999999
4,1,5,CAP-G600-B240-e0.75,capped,600.0,240.0,0.75,0.0,600.0,49.9938188,255.183201,0.8304679723922012,119.59158805999992,35.78610539999999
4,1,5,CAP-G600-B240-e0.9,capped,600.0,240.0,0.9,0.0,600.0,49.94892181999994,410.190118,0.8310037008263683,119.59158805999992,35.78610539999999
4,1,5,CAP-G600-B240-e0.95,capped,600.0,240.0,0.95,0.0,600.0,49.94892181999994,410.190118,0.8310037008263683,119.59158805999992,35.78610539999999
4,1,5,CAP-G600-B360-e0,capped,600.0,360.0,0.0,0.0,246.0,67.34490747999985,121.686006,0.6234279538961146,119.59158805999992,35.78610539999999
4,1,5,CAP-G600-B360-e0.25,capped,600.0,360.0,0.25,0.0,328.0,55.71565809999985,176.241038,0.7621927340857357,119.59158805999992,35.78610539999999
4,1,5,CAP-G600-B360-e0.5,capped,600.0,360.0,0.5,0.0,492.0,50.72319053999993,221.910582,0.8217648217527733,119.59158805999992,35.78610539999999
4,1,5,CAP-G600-B360-e0.75,capped,600.0,360.0,0.75,0.0,600.0,49.950774099999975,370.96786299999997,0.8309815986924596,119.59158805999992,35.78610539999999
4,1,5,CAP-G600-B360-e0.9,capped,600.0,360.0,0.9,0.0,600.0,49.94892181999994,410.190118,0.8310037008263683,119.59158805999992,35.78610539999999
4,1,5,CAP-G600-B360-e0.95,capped,600.0,360.0,0.95,0.0,600.0,49.94892181999994,410.190118,0.8310037008263683,119.59158805999992,35.78610539999999
4,1,5,CAP-G600-B480-e0,capped,600.0,480.0,0.0,0.0,276.0,60.925802399999924,155.66594800000001,0.700023241892275,119.59158805999992,35.78610539999999
4,1,5,CAP-G600-B480-e0.25,capped,600.0,480.0,0.25,0.0,368.0,53.0376367,219.926614,0.7941479393419912,119.59158805999992,35.78610539999999
4,1,5,CAP-G600-B480-e0.5,capped,600.0,480.0,0.5,0.0,552.0,50.48709691999996,255.183201,0.8245819837391534,119.59158805999992,35.78610539999999
4,1,5,CAP-G600-B480-e0.75,capped,600.0,480.0,0.75,0.0,600.0,49.94892181999994,410.190118,0.8310037008263683,119.59158805999992,35.78610539999999
4,1,5,CAP-G600-B480-e0.9,capped,600.0,480.0,0.9,0.0,600.0,49.94892181999994,410.190118,0.8310037008263683,119.59158805999992,35.78610539999999
4,1,5,CAP-G600-B480-e0.95,capped,600.0,480.0,0.95,0.0,600.0,49.94892181999994,410.190118,0.8310037008263683,119.59158805999992,35.78610539999999
4,1,5,CAP-G600-B600-e0,capped,600.0,600.0,0.0,0.0,306.0,57.65170147999997,177.223264,0.7390911025629548,119.59158805999992,35.78610539999999
4,1,5,CAP-G600-B600-e0.25,capped,600.0,600.0,0.25,0.0,408.0,51.585742819999886,249.401442,0.8114725084980507,119.59158805999992,35.78610539999999
4,1,5,CAP-G600-B600-e0.5,capped,600.0,600.0,0.5,0.0,600.0,50.00788475999999,307.848377,0.8303001318219482,119.59158805999992,35.78610539999999
4,1,5,CAP-G600-B600-e0.75,capped,600.0,600.0,0.75,0.0,600.0,49.94892181999994,410.190118,0.8310037008263683,119.59158805999992,35.78610539999999
4,1,5,CAP-G600-B600-e0.9,capped,600.0,600.0,0.9,0.0,600.0,49.94892181999994,410.190118,0.8310037008263683,119.59158805999992,35.78610539999999
4,1,5,CAP-G600-B600-e0.95,capped,600.0,600.0,0.95,0.0,600.0,49.94892181999994,410.190118,0.8310037008263683,119.59158805999992,35.78610539999999
4,1,5,HYB-G600-B0-g1-e0,hybrid,600.0,0.0,0.0,1.0,600.0,82.78738891999986,45.679707,0.43916218810307717,119.59158805999992,35.78610539999999
4,1,5,HYB-G600-B0-g1-e0.9,hybrid,600.0,0.0,0.9,1.0,600.0,50.05732449999997,187.849258,0.8297101973876991,119.59158805999992,35.78610539999999
4,1,5,HYB-G600-B0-g4-e0,hybrid,600.0,0.0,0.0,4.0,600.0,64.06511271999992,62.067358,0.6625637557064342,119.59158805999992,35.78610539999999
4,1,5,HYB-G600-B0-g4-e0.9,hybrid,600.0,0.0,0.9,4.0,600.0,49.941048939999895,249.74937500000001,0.8310976431288305,119.59158805999992,35.78610539999999
4,1,5,HYB-G600-B0-g16-e0,hybrid,600.0,0.0,0.0,16.0,600.0,51.92035945999987,80.26790799999999,0.807479731064174,119.59158805999992,35.78610539999999
4,1,5,HYB-G600-B0-g16-e0.9,hybrid,600.0,0.0,0.9,16.0,600.0,49.94892181999994,399.809342,0.8310037008263683,119.59158805999992,35.78610539999999
4,1,5,HYB-G600-B30-g1-e0,hybrid,600.0,30.0,0.0,1.0,600.0,78.41924839999993,62.405616,0.4912845598304919,119.59158805999992,35.78610539999999
4,1,5,HYB-G600-B30-g1-e0.9,hybrid,600.0,30.0,0.9,1.0,600.0,49.9754052199998,255.183201,0.8306876904752638,119.59158805999992,35.78610539999999
4,1,5,HYB-G600-B30-g4-e0,hybrid,600.0,30.0,0.0,4.0,600.0,60.884845479999974,71.175179,0.7005119559799453,119.59158805999992,35.78610539999999
4,1,5,HYB-G600-B30-g4-e0.9,hybrid,600.0,30.0,0.9,4.0,600.0,49.955103539999904,255.183201,0.8309299381105678,119.59158805999992,35.78610539999999
4,1,5,HYB-G600-B30-g16-e0,hybrid,600.0,30.0,0.0,16.0,600.0,51.69707561999999,88.46402499999999,0.810144041714418,119.59158805999992,35.78610539999999
4,1,5,HYB-G600-B30-g16-e0.9,hybrid,600.0,30.0,0.9,16.0,600.0,49.95015917999996,409.199192,0.830988936159896,119.59158805999992,35.78610539999999
4,1,5,HYB-G600-B120-g1-e0,hybrid,600.0,120.0,0.0,1.0,600.0,70.77338633999994,83.248699,0.5825179948912904,119.59158805999992,35.78610539999999
4,1,5,HYB-G600-B120-g1-e0.9,hybrid,600.0,120.0,0.9,1.0,600.0,49.95018411999996,340.660232,0.8309886385660011,119.59158805999992,35.78610539999999
4,1,5,HYB-G600-B120-g4-e0,hybrid,600.0,120.0,0.0,4.0,600.0,57.165565499999786,86.69444299999999,0.7448918683907999,119.59158805999992,35.78610539999999
4,1,5,HYB-G600-B120-g4-e0.9,hybrid,600.0,120.0,0.9,4.0,600.0,49.94892181999994,400.63117800000003,0.8310037008263683,119.59158805999992,35.78610539999999
4,1,5,HYB-G600-B120-g16-e0,hybrid,600.0,120.0,0.0,16.0,600.0,50.98367245999984,114.28797,0.8186566489729962,119.59158805999992,35.78610539999999
4,1,5,HYB-G600-B120-g16-e0.9,hybrid,600.0,120.0,0.9,16.0,600.0,49.94892181999994,410.190118,0.8310037008263683,119.59158805999992,35.78610539999999
4,1,5,CAP-G1200-B0-e0,capped,1200.0,0.0,0.0,0.0,156.0,119.59158805999992,0.0,0.0,119.59158805999992,35.78610539999999
4,1,5,CAP-G1200-B0-e0.25,capped,1200.0,0.0,0.25,0.0,208.0,85.78214117999987,73.584698,0.4034276255786924,119.59158805999992,35.78610539999999
4,1,5,CAP-G1200-B0-e0.5,capped,1200.0,0.0,0.5,0.0,312.0,59.74634239999981,118.668152,0.7140970227782488,119.59158805999992,35.78610539999999
4,1,5,CAP-G1200-B0-e0.75,capped,1200.0,0.0,0.75,0.0,624.0,50.85851175999992,127.06196800000001,0.8201501157012732,119.59158805999992,35.78610539999999
4,1,5,CAP-G1200-B0-e0.9,capped,1200.0,0.0,0.9,0.0,1200.0,48.798512099999996,187.849258,0.8447308423389012,119.59158805999992,35.78610539999999
4,1,5,CAP-G1200-B0-e0.95,capped,1200.0,0.0,0.95,0.0,1200.0,48.54558451999992,253.13811,0.8477488737608573,119.59158805999992,35.78610539999999
4,1,5,CAP-G1200-B15-e0.25,capped,1200.0,15.0,0.25,0.0,213.0,78.35186595999953,71.449708,0.4920885936223355,119.59158805999992,35.78610539999999
4,1,5,CAP-G1200-B15-e0.5,capped,1200.0,15.0,0.5,0.0,319.5,58.30149803999997,118.668152,0.7313374742873893,119.59158805999992,35.78610539999999
4,1,5,CAP-G1200-B15-e0.75,capped,1200.0,15.0,0.75,0.0,639.0,50.21443807999997,134.125601,0.8278354563204899,119.59158805999992,35.78610539999999
4,1,5,CAP-G1200-B15-e0.9,capped,1200.0,15.0,0.9,0.0,1200.0,48.9833772,249.74937500000001,0.8425249592136885,119.59158805999992,35.78610539999999
4,1,5,CAP-G1200-B15-e0.95,capped,1200.0,15.0,0.95,0.0,1200.0,48.561419499999964,255.183201,0.8475599245477816,119.59158805999992,35.78610539999999
4,1,5,CAP-G1200-B30-e0.25,capped,1200.0,30.0,0.25,0.0,218.0,76.74475359999995,71.65973,0.5112652907665981,119.59158805999992,35.78610539999999
4,1,5,CAP-G1200-B30-e0.5,capped,1200.0,30.0,0.5,0.0,327.0,57.43869973999999,118.781854,0.7416327231495713,119.59158805999992,35.78610539999999
4,1,5,CAP-G1200-B30-e0.75,capped,1200.0,30.0,0.75,0.0,654.0,50.38898705999993,133.947137,0.8257526691989346,119.59158805999992,35.78610539999999
4,1,5,CAP-G1200-B30-e0.9,capped,1200.0,30.0,0.9,0.0,1200.0,48.59626417999999,255.183201,0.8471441441132078,119.59158805999992,35.78610539999999
4,1,5,CAP-G1200-B30-e0.95,capped,1200.0,30.0,0.95,0.0,1200.0,48.53882145999998,255.183201,0.8478295732543185,119.59158805999992,35.78610539999999
4,1,5,CAP-G1200-B60-e0.25,capped,1200.0,60.0,0.25,0.0,228.0,72.6477900799996,81.782254,0.5601518718107262,119.59158805999992,35.78610539999999
4,1,5,CAP-G1200-B60-e0.5,capped,1200.0,60.0,0.5,0.0,342.0,55.29290207999979,118.781854,0.7672372252882408,119.59158805999992,35.78610539999999
4,1,5,CAP-G1200-B60-e0.75,capped,1200.0,60.0,0.75,0.0,684.0,49.87267721999994,176.58095500000002,0.831913481398951,119.59158805999992,35.78610539999999
4,1,5,CAP-G1200-B60-e0.9,capped,1200.0,60.0,0.9,0.0,1200.0,48.492134419999935,255.183201,0.8483866613888675,119.59158805999992,35.78610539999999
4,1,5,CAP-G1200-B60-e0.95,capped,1200.0,60.0,0.95,0.0,1200.0,48.493416499999974,318.147398,0.8483713631057559,119.59158805999992,35.78610539999999
4,1,5,CAP-G1200-B120-e0.25,capped,1200.0,120.0,0.25,0.0,248.0,65.8207790199998,118.668152,0.6416144544880085,119.59158805999992,35.78610539999999
4,1,5,CAP-G1200-B120-e0.5,capped,1200.0,120.0,0.5,0.0,372.0,54.418493539999844,123.614128,0.7776710121032089,119.59158805999992,35.78610539999999
4,1,5,CAP-G1200-B120-e0.75,capped,1200.0,120.0,0.75,0.0,744.0,49.46134793999997,221.910582,0.8368216242428834,119.59158805999992,35.78610539999999
4,1,5,CAP-G1200-B120-e0.9,capped,1200.0,120.0,0.9,0.0,1200.0,48.43571671999996,314.91661500000004,0.8490598595879504,119.59158805999992,35.78610539999999
4,1,5,CAP-G1200-B120-e0.95,capped,1200.0,120.0,0.95,0.0,1200.0,48.493416499999974,410.190118,0.8483713631057559,119.59158805999992,35.78610539999999
4,1,5,CAP-G1200-B240-e0.25,capped,1200.0,240.0,0.25,0.0,288.0,58.81797979999995,122.38247,0.7251746106702754,119.59158805999992,35.78610539999999
4,1,5,CAP-G1200-B240-e0.5,capped,1200.0,240.0,0.5,0.0,432.0,51.73649912,176.58095500000002,0.8096736249976508,119.59158805999992,35.78610539999999
4,1,5,CAP-G1200-B240-e0.75,capped,1200.0,240.0,0.75,0.0,864.0,48.55736459999995,255.183201,0.8476083092103514,119.59158805999992,35.78610539999999
4,1,5,CAP-G1200-B240-e0.9,capped,1200.0,240.0,0.9,0.0,1200.0,48.493416499999974,410.190118,0.8483713631057559,119.59158805999992,35.78610539999999
4,1,5,CAP-G1200-B240-e0.95,capped,1200.0,240.0,0.95,0.0,1200.0,48.493416499999974,410.190118,0.8483713631057559,119.59158805999992,35.78610539999999
4,1,5,CAP-G1200-B360-e0.25,capped,1200.0,360.0,0.25,0.0,328.0,55.71565809999985,176.241038,0.7621927340857357,119.59158805999992,35.78610539999999
4,1,5,CAP-G1200-B360-e0.5,capped,1200.0,360.0,0.5,0.0,492.0,50.08533159999993,221.910582,0.8293760056485551,119.59158805999992,35.78610539999999
4,1,5,CAP-G1200-B360-e0.75,capped,1200.0,360.0,0.75,0.0,984.0,48.47027677999999,370.96786299999997,0.8486474753512264,119.59158805999992,35.78610539999999
4,1,5,CAP-G1200-B360-e0.9,capped,1200.0,360.0,0.9,0.0,1200.0,48.493416499999974,410.190118,0.8483713631057559,119.59158805999992,35.78610539999999
4,1,5,CAP-G1200-B360-e0.95,capped,1200.0,360.0,0.95,0.0,1200.0,48.493416499999974,410.190118,0.8483713631057559,119.59158805999992,35.78610539999999
4,1,5,CAP-G1200-B480-e0.25,capped,1200.0,480.0,0.25,0.0,368.0,53.0376367,219.926614,0.7941479393419912,119.59158805999992,35.78610539999999
4,1,5,CAP-G1200-B480-e0.5,capped,1200.0,480.0,0.5,0.0,552.0,49.76075201999989,255.183201,0.8332490169325169,119.59158805999992,35.78610539999999
4,1,5,CAP-G1200-B480-e0.75,capped,1200.0,480.0,0.75,0.0,1104.0,48.43054735999999,410.190118,0.8491215424258256,119.59158805999992,35.78610539999999
4,1,5,CAP-G1200-B480-e0.9,capped,1200.0,480.0,0.9,0.0,1200.0,48.493416499999974,410.190118,0.8483713631057559,119.59158805999992,35.78610539999999
4,1,5,CAP-G1200-B480-e0.95,capped,1200.0,480.0,0.95,0.0,1200.0,48.493416499999974,410.190118,0.8483713631057559,119.59158805999992,35.78610539999999
4,1,5,CAP-G1200-B600-e0.25,capped,1200.0,600.0,0.25,0.0,408.0,51.57579655999998,249.401442,0.8115911911866316,119.59158805999992,35.78610539999999
4,1,5,CAP-G1200-B600-e0.5,capped,1200.0,600.0,0.5,0.0,612.0,49.233759219999996,307.848377,0.8395373024154358,119.59158805999992,35.78610539999999
4,1,5,CAP-G1200-B600-e0.75,capped,1200.0,600.0,0.75,0.0,1200.0,48.488985639999974,410.190118,0.8484242338710015,119.59158805999992,35.78610539999999
4,1,5,CAP-G1200-B600-e0.9,capped,1200.0,600.0,0.9,0.0,1200.0,48.493416499999974,410.190118,0.8483713631057559,119.59158805999992,35.78610539999999
4,1,5,CAP-G1200-B600-e0.95,capped,1200.0,600.0,0.95,0.0,1200.0,48.493416499999974,410.190118,0.8483713631057559,119.59158805999992,35.78610539999999
4,1,5,HYB-G1200-B0-g1-e0,hybrid,1200.0,0.0,0.0,1.0,1200.0,82.8169487199999,45.679707,0.43880946893648076,119.59158805999992,35.78610539999999
4,1,5,HYB-G1200-B0-g1-e0.9,hybrid,1200.0,0.0,0.9,1.0,1200.0,48.564146659999984,187.849258,0.8475273830014116,119.59158805999992,35.78610539999999
4,1,5,HYB-G1200-B0-g4-e0,hybrid,1200.0,0.0,0.0,4.0,1200.0,63.69844667999997,62.067358,0.6669389591938661,119.59158805999992,35.78610539999999
4,1,5,HYB-G1200-B0-g4-e0.9,hybrid,1200.0,0.0,0.9,4.0,1200.0,48.526074619999974,249.74937500000001,0.8479816735656039,119.59158805999992,35.78610539999999
4,1,5,HYB-G1200-B0-g16-e0,hybrid,1200.0,0.0,0.0,16.0,1200.0,50.98752176,80.26790799999999,0.8186107176105364,119.59158805999992,35.78610539999999
4,1,5,HYB-G1200-B0-g16-e0.9,hybrid,1200.0,0.0,0.9,16.0,1200.0,48.500471199999964,399.809342,0.8482871836490418,119.59158805999992,35.78610539999999
4,1,5,HYB-G1200-B30-g1-e0,hybrid,1200.0,30.0,0.0,1.0,1200.0,78.4496821599999,62.405616,0.4909214122292373,119.59158805999992,35.78610539999999
4,1,5,HYB-G1200-B30-g1-e0.9,hybrid,1200.0,30.0,0.9,1.0,1200.0,48.40467897999996,255.183201,0.8494302141162564,119.59158805999992,35.78610539999999
4,1,5,HYB-G1200-B30-g4-e0,hybrid,1200.0,30.0,0.0,4.0,1200.0,60.390490639999996,71.175179,0.706410792479767,119.59158805999992,35.78610539999999
4,1,5,HYB-G1200-B30-g4-e0.9,hybrid,1200.0,30.0,0.9,4.0,1200.0,48.55736459999995,255.183201,0.8476083092103514,119.59158805999992,35.78610539999999
4,1,5,HYB-G1200-B30-g16-e0,hybrid,1200.0,30.0,0.0,16.0,1200.0,50.725586079999914,88.46402499999999,0.8217362372267502,119.59158805999992,35.78610539999999
4,1,5,HYB-G1200-B30-g16-e0.9,hybrid,1200.0,30.0,0.9,16.0,1200.0,48.489460799999954,409.199192,0.8484185640748868,119.59158805999992,35.78610539999999
4,1,5,HYB-G1200-B120-g1-e0,hybrid,1200.0,120.0,0.0,1.0,1200.0,70.64602177999988,83.248699,0.5840377589443988,119.59158805999992,35.78610539999999
4,1,5,HYB-G1200-B120-g1-e0.9,hybrid,1200.0,120.0,0.9,1.0,1200.0,48.52019573999999,340.660232,0.8480518226753445,119.59158805999992,35.78610539999999
4,1,5,HYB-G1200-B120-g4-e0,hybrid,1200.0,120.0,0.0,4.0,1200.0,56.80929047999991,86.69444299999999,0.7491430821382976,119.59158805999992,35.78610539999999
4,1,5,HYB-G1200-B120-g4-e0.9,hybrid,1200.0,120.0,0.9,4.0,1200.0,48.493416499999974,400.63117800000003,0.8483713631057559,119.59158805999992,35.78610539999999
4,1,5,HYB-G1200-B120-g16-e0,hybrid,1200.0,120.0,0.0,16.0,1200.0,50.21671655999994,114.28797,0.8278082686004548,119.59158805999992,35.78610539999999
4,1,5,HYB-G1200-B120-g16-e0.9,hybrid,1200.0,120.0,0.9,16.0,1200.0,48.493416499999974,410.190118,0.8483713631057559,119.59158805999992,35.78610539999999
4,2,4,SJF,reference,-1.0,-1.0,-1.0,-1.0,inf,46.03885543999998,302.66943,1.0,262.24376681999996,46.03885543999998
4,2,4,SPJF-E,reference,-1.0,-1.0,-1.0,-1.0,inf,73.33575379999988,1515.027163,0.873745243871805,262.24376681999996,46.03885543999998
4,2,4,FIX-B15,fixed,-1.0,15.0,0.0,0.0,153.75,261.9066904799995,58.911680999999994,0.0015590595877261186,262.24376681999996,46.03885543999998
4,2,4,FIX-B17.99,fixed,-1.0,17.99,0.0,0.0,154.4975,262.1673330599998,58.911680999999994,0.00035352462398884836,262.24376681999996,46.03885543999998
4,2,4,FIX-B21.576,fixed,-1.0,21.576,0.0,0.0,155.394,262.29479327999996,58.911680999999994,-0.00023600971723680727,262.24376681999996,46.03885543999998
4,2,4,FIX-B25.877,fixed,-1.0,25.877,0.0,0.0,156.46925,262.3732963999996,58.911680999999994,-0.0005991056316569749,262.24376681999996,46.03885543999998
4,2,4,FIX-B30,fixed,-1.0,30.0,0.0,0.0,157.5,262.31025501999994,58.911680999999994,-0.0003075240038517051,262.24376681999996,46.03885543999998
4,2,4,FIX-B31.035,fixed,-1.0,31.035,0.0,0.0,157.75875,262.17366511999876,58.911680999999994,0.0003242373152106281,262.24376681999996,46.03885543999998
4,2,4,FIX-B37.222,fixed,-1.0,37.222,0.0,0.0,159.3055,262.0205013999999,66.21117,0.0010326565598117506,262.24376681999996,46.03885543999998
4,2,4,FIX-B44.641,fixed,-1.0,44.641,0.0,0.0,161.16025,261.45550101999993,71.526399,0.003645919951441731,262.24376681999996,46.03885543999998
4,2,4,FIX-B53.54,fixed,-1.0,53.54,0.0,0.0,163.385,261.0695466199994,71.526399,0.005431052386856965,262.24376681999996,46.03885543999998
4,2,4,FIX-B60,fixed,-1.0,60.0,0.0,0.0,165.0,260.87894353999934,74.83200099999999,0.006312637725429923,262.24376681999996,46.03885543999998
4,2,4,FIX-B64.212,fixed,-1.0,64.212,0.0,0.0,166.053,260.69969425999983,74.83200099999999,0.007141708993309047,262.24376681999996,46.03885543999998
4,2,4,FIX-B77.012,fixed,-1.0,77.012,0.0,0.0,169.253,260.2614613599999,74.83200099999999,0.009168642133739476,262.24376681999996,46.03885543999998
4,2,4,FIX-B92.363,fixed,-1.0,92.363,0.0,0.0,173.09075,260.23734282,75.066239,0.009280196213829328,262.24376681999996,46.03885543999998
4,2,4,FIX-B110.774,fixed,-1.0,110.774,0.0,0.0,177.6935,258.7400519399996,75.066239,0.01620552862391853,262.24376681999996,46.03885543999998
4,2,4,FIX-B120,fixed,-1.0,120.0,0.0,0.0,180.0,258.1123983599985,101.644038,0.019108578216986912,262.24376681999996,46.03885543999998
4,2,4,FIX-B132.855,fixed,-1.0,132.855,0.0,0.0,183.21375,256.6339364999991,101.644038,0.025946821856146805,262.24376681999996,46.03885543999998
4,2,4,FIX-B159.338,fixed,-1.0,159.338,0.0,0.0,189.8345,253.8931969199999,101.644038,0.03862340520712396,262.24376681999996,46.03885543999998
4,2,4,FIX-B191.099,fixed,-1.0,191.099,0.0,0.0,197.77474999999998,248.44042565999973,101.644038,0.06384379092915049,262.24376681999996,46.03885543999998
4,2,4,FIX-B229.192,fixed,-1.0,229.192,0.0,0.0,207.298,240.686568639999,112.752677,0.09970725476310854,262.24376681999996,46.03885543999998
4,2,4,FIX-B240,fixed,-1.0,240.0,0.0,0.0,210.0,237.63055215999944,112.752677,0.11384207002004934,262.24376681999996,46.03885543999998
4,2,4,FIX-B274.878,fixed,-1.0,274.878,0.0,0.0,218.71949999999998,230.40274351999994,118.96727,0.14727243288213973,262.24376681999996,46.03885543999998
4,2,4,FIX-B329.671,fixed,-1.0,329.671,0.0,0.0,232.41775,221.00427139999985,129.665201,0.1907426392711214,262.24376681999996,46.03885543999998
4,2,4,FIX-B360,fixed,-1.0,360.0,0.0,0.0,240.0,213.16395717999964,129.768527,0.22700598856303522,262.24376681999996,46.03885543999998
4,2,4,FIX-B395.386,fixed,-1.0,395.386,0.0,0.0,248.8465,208.22758127999901,137.628038,0.2498379208650933,262.24376681999996,46.03885543999998
4,2,4,FIX-B474.201,fixed,-1.0,474.201,0.0,0.0,268.55025,193.27670919999966,166.85725,0.31898931980682144,262.24376681999996,46.03885543999998
4,2,4,FIX-B480,fixed,-1.0,480.0,0.0,0.0,270.0,191.82468515999992,166.85725,0.3257052821350207,262.24376681999996,46.03885543999998
4,2,4,FIX-B568.726,fixed,-1.0,568.726,0.0,0.0,292.1815,178.4169264199999,180.755686,0.3877194087079118,262.24376681999996,46.03885543999998
4,2,4,FIX-B600,fixed,-1.0,600.0,0.0,0.0,300.0,173.59807241999957,184.234399,0.41000777380212905,262.24376681999996,46.03885543999998
4,2,4,FIX-B682.093,fixed,-1.0,682.093,0.0,0.0,320.52324999999996,156.8405413799999,206.67636099999999,0.48751540733847715,262.24376681999996,46.03885543999998
4,2,4,FIX-B818.058,fixed,-1.0,818.058,0.0,0.0,354.5145,140.56573911999993,226.288901,0.5627903035289504,262.24376681999996,46.03885543999998
4,2,4,FIX-B981.126,fixed,-1.0,981.126,0.0,0.0,395.2815,128.06763713999936,277.067935,0.6205970476044077,262.24376681999996,46.03885543999998
4,2,4,FIX-B1176.7,fixed,-1.0,1176.699,0.0,0.0,444.17475,114.63596235999918,314.778586,0.6827217916459192,262.24376681999996,46.03885543999998
4,2,4,FIX-B1411.26,fixed,-1.0,1411.256,0.0,0.0,502.814,103.53773017999926,379.685182,0.7340537993656411,262.24376681999996,46.03885543999998
4,2,4,FIX-B1692.57,fixed,-1.0,1692.569,0.0,0.0,573.14225,96.19429741999977,447.742607,0.7680189517441304,262.24376681999996,46.03885543999998
4,2,4,FIX-B2029.96,fixed,-1.0,2029.958,0.0,0.0,657.4895,91.72821709999964,538.334839,0.7886756532570325,262.24376681999996,46.03885543999998
4,2,4,FIX-B2434.6,fixed,-1.0,2434.6,0.0,0.0,758.65,87.94659979999979,634.849609,0.8061665477786344,262.24376681999996,46.03885543999998
4,2,4,FIX-B2919.9,fixed,-1.0,2919.901,0.0,0.0,879.97525,86.60209763999997,748.920118,0.812385195409801,262.24376681999996,46.03885543999998
4,2,4,FIX-B3501.94,fixed,-1.0,3501.94,0.0,0.0,1025.4850000000001,83.5369029799999,893.695468,0.8265624619688048,262.24376681999996,46.03885543999998
4,2,4,FIX-B4200,fixed,-1.0,4200.0,0.0,0.0,1200.0,80.86075143999985,1093.309521,0.8389403100154502,262.24376681999996,46.03885543999998
4,2,4,FIXEQ-G300,fixed,300.0,inf,0.0,0.0,300.0,173.59807241999957,184.234399,0.41000777380212905,262.24376681999996,46.03885543999998
4,2,4,CAP-G300-B0-e0,capped,300.0,0.0,0.0,0.0,150.0,262.24376681999996,0.0,0.0,262.24376681999996,46.03885543999998
4,2,4,CAP-G300-B0-e0.25,capped,300.0,0.0,0.25,0.0,200.0,220.47105963999974,73.94386700000001,0.19320887260780517,262.24376681999996,46.03885543999998
4,2,4,CAP-G300-B0-e0.5,capped,300.0,0.0,0.5,0.0,300.0,167.2253288399999,86.128293,0.4394832539812032,262.24376681999996,46.03885543999998
4,2,4,CAP-G300-B0-e0.75,capped,300.0,0.0,0.75,0.0,300.0,168.08941387999997,143.047238,0.4354866517093826,262.24376681999996,46.03885543999998
4,2,4,CAP-G300-B0-e0.9,capped,300.0,0.0,0.9,0.0,300.0,173.2514120599998,184.332717,0.41161116180005697,262.24376681999996,46.03885543999998
4,2,4,CAP-G300-B0-e0.95,capped,300.0,0.0,0.95,0.0,300.0,173.45853071999915,184.332717,0.4106531879100221,262.24376681999996,46.03885543999998
4,2,4,CAP-G300-B15-e0,capped,300.0,15.0,0.0,0.0,153.75,261.9066904799995,58.911680999999994,0.0015590595877261186,262.24376681999996,46.03885543999998
4,2,4,CAP-G300-B15-e0.25,capped,300.0,15.0,0.25,0.0,205.0,195.9299633799996,101.644038,0.30671737758744877,262.24376681999996,46.03885543999998
4,2,4,CAP-G300-B15-e0.5,capped,300.0,15.0,0.5,0.0,300.0,168.11416033999967,95.604564,0.4353721933474437,262.24376681999996,46.03885543999998
4,2,4,CAP-G300-B15-e0.75,capped,300.0,15.0,0.75,0.0,300.0,168.17645403999956,156.364484,0.435084069920449,262.24376681999996,46.03885543999998
4,2,4,CAP-G300-B15-e0.9,capped,300.0,15.0,0.9,0.0,300.0,173.13817657999914,184.234399,0.41213490327881386,262.24376681999996,46.03885543999998
4,2,4,CAP-G300-B15-e0.95,capped,300.0,15.0,0.95,0.0,300.0,173.67023465999947,184.234399,0.40967400599112375,262.24376681999996,46.03885543999998
4,2,4,CAP-G300-B30-e0,capped,300.0,30.0,0.0,0.0,157.5,262.31025501999994,58.911680999999994,-0.0003075240038517051,262.24376681999996,46.03885543999998
4,2,4,CAP-G300-B30-e0.25,capped,300.0,30.0,0.25,0.0,210.0,192.2020123199999,101.644038,0.32396005277093465,262.24376681999996,46.03885543999998
4,2,4,CAP-G300-B30-e0.5,capped,300.0,30.0,0.5,0.0,300.0,165.37234601999978,102.241565,0.4480537476308286,262.24376681999996,46.03885543999998
4,2,4,CAP-G300-B30-e0.75,capped,300.0,30.0,0.75,0.0,300.0,168.68187408,181.691074,0.4327463800096397,262.24376681999996,46.03885543999998
4,2,4,CAP-G300-B30-e0.9,capped,300.0,30.0,0.9,0.0,300.0,173.54182057999913,184.234399,0.41026795216552236,262.24376681999996,46.03885543999998
4,2,4,CAP-G300-B30-e0.95,capped,300.0,30.0,0.95,0.0,300.0,173.59807241999957,184.234399,0.41000777380212905,262.24376681999996,46.03885543999998
4,2,4,CAP-G300-B60-e0,capped,300.0,60.0,0.0,0.0,165.0,260.87894353999934,74.83200099999999,0.006312637725429923,262.24376681999996,46.03885543999998
4,2,4,CAP-G300-B60-e0.25,capped,300.0,60.0,0.25,0.0,220.0,184.9513358199996,101.644038,0.357496185015667,262.24376681999996,46.03885543999998
4,2,4,CAP-G300-B60-e0.5,capped,300.0,60.0,0.5,0.0,300.0,166.93614777999937,116.753269,0.44082078631640653,262.24376681999996,46.03885543999998
4,2,4,CAP-G300-B60-e0.75,capped,300.0,60.0,0.75,0.0,300.0,171.1558239599999,181.163095,0.42130376353895416,262.24376681999996,46.03885543999998
4,2,4,CAP-G300-B60-e0.9,capped,300.0,60.0,0.9,0.0,300.0,173.59807241999957,184.234399,0.41000777380212905,262.24376681999996,46.03885543999998
4,2,4,CAP-G300-B60-e0.95,capped,300.0,60.0,0.95,0.0,300.0,173.59807241999957,184.234399,0.41000777380212905,262.24376681999996,46.03885543999998
4,2,4,CAP-G300-B120-e0,capped,300.0,120.0,0.0,0.0,180.0,258.1123983599985,101.644038,0.019108578216986912,262.24376681999996,46.03885543999998
4,2,4,CAP-G300-B120-e0.25,capped,300.0,120.0,0.25,0.0,240.0,178.09613553999984,101.644038,0.3892031441048207,262.24376681999996,46.03885543999998
4,2,4,CAP-G300-B120-e0.5,capped,300.0,120.0,0.5,0.0,300.0,168.97858469999997,132.686089,0.43137402163856425,262.24376681999996,46.03885543999998
4,2,4,CAP-G300-B120-e0.75,capped,300.0,120.0,0.75,0.0,300.0,173.57898501999912,184.234399,0.41009605764304,262.24376681999996,46.03885543999998
4,2,4,CAP-G300-B120-e0.9,capped,300.0,120.0,0.9,0.0,300.0,173.59807241999957,184.234399,0.41000777380212905,262.24376681999996,46.03885543999998
4,2,4,CAP-G300-B120-e0.95,capped,300.0,120.0,0.95,0.0,300.0,173.59807241999957,184.234399,0.41000777380212905,262.24376681999996,46.03885543999998
4,2,4,CAP-G300-B240-e0,capped,300.0,240.0,0.0,0.0,210.0,237.63055215999944,112.752677,0.11384207002004934,262.24376681999996,46.03885543999998
4,2,4,CAP-G300-B240-e0.25,capped,300.0,240.0,0.25,0.0,280.0,171.87542011999994,137.628038,0.4179754572789022,262.24376681999996,46.03885543999998
4,2,4,CAP-G300-B240-e0.5,capped,300.0,240.0,0.5,0.0,300.0,172.5612267399998,184.234399,0.41480343581268075,262.24376681999996,46.03885543999998
4,2,4,CAP-G300-B240-e0.75,capped,300.0,240.0,0.75,0.0,300.0,173.59807241999957,184.234399,0.41000777380212905,262.24376681999996,46.03885543999998
4,2,4,CAP-G300-B240-e0.9,capped,300.0,240.0,0.9,0.0,300.0,173.59807241999957,184.234399,0.41000777380212905,262.24376681999996,46.03885543999998
4,2,4,CAP-G300-B240-e0.95,capped,300.0,240.0,0.95,0.0,300.0,173.59807241999957,184.234399,0.41000777380212905,262.24376681999996,46.03885543999998
4,2,4,CAP-G300-B360-e0,capped,300.0,360.0,0.0,0.0,240.0,213.16395717999964,129.768527,0.22700598856303522,262.24376681999996,46.03885543999998
4,2,4,CAP-G300-B360-e0.25,capped,300.0,360.0,0.25,0.0,300.0,171.85017535999918,167.79826699999998,0.4180922203988499,262.24376681999996,46.03885543999998
4,2,4,CAP-G300-B360-e0.5,capped,300.0,360.0,0.5,0.0,300.0,173.59807241999957,184.234399,0.41000777380212905,262.24376681999996,46.03885543999998
4,2,4,CAP-G300-B360-e0.75,capped,300.0,360.0,0.75,0.0,300.0,173.59807241999957,184.234399,0.41000777380212905,262.24376681999996,46.03885543999998
4,2,4,CAP-G300-B360-e0.9,capped,300.0,360.0,0.9,0.0,300.0,173.59807241999957,184.234399,0.41000777380212905,262.24376681999996,46.03885543999998
4,2,4,CAP-G300-B360-e0.95,capped,300.0,360.0,0.95,0.0,300.0,173.59807241999957,184.234399,0.41000777380212905,262.24376681999996,46.03885543999998
4,2,4,CAP-G300-B480-e0,capped,300.0,480.0,0.0,0.0,270.0,191.82468515999992,166.85725,0.3257052821350207,262.24376681999996,46.03885543999998
4,2,4,CAP-G300-B480-e0.25,capped,300.0,480.0,0.25,0.0,300.0,173.59807241999957,184.234399,0.41000777380212905,262.24376681999996,46.03885543999998
4,2,4,CAP-G300-B480-e0.5,capped,300.0,480.0,0.5,0.0,300.0,173.59807241999957,184.234399,0.41000777380212905,262.24376681999996,46.03885543999998
4,2,4,CAP-G300-B480-e0.75,capped,300.0,480.0,0.75,0.0,300.0,173.59807241999957,184.234399,0.41000777380212905,262.24376681999996,46.03885543999998
4,2,4,CAP-G300-B480-e0.9,capped,300.0,480.0,0.9,0.0,300.0,173.59807241999957,184.234399,0.41000777380212905,262.24376681999996,46.03885543999998
4,2,4,CAP-G300-B480-e0.95,capped,300.0,480.0,0.95,0.0,300.0,173.59807241999957,184.234399,0.41000777380212905,262.24376681999996,46.03885543999998
4,2,4,HYB-G300-B0-g1-e0,hybrid,300.0,0.0,0.0,1.0,300.0,206.4221059199999,60.263253999999996,0.25818868102347764,262.24376681999996,46.03885543999998
4,2,4,HYB-G300-B0-g1-e0.9,hybrid,300.0,0.0,0.9,1.0,300.0,173.49770329999987,184.332717,0.41047200525440763,262.24376681999996,46.03885543999998
4,2,4,HYB-G300-B0-g4-e0,hybrid,300.0,0.0,0.0,4.0,300.0,179.78425047999932,68.659387,0.3813952042702234,262.24376681999996,46.03885543999998
4,2,4,HYB-G300-B0-g4-e0.9,hybrid,300.0,0.0,0.9,4.0,300.0,173.5594714399997,184.262371,0.41018631266950945,262.24376681999996,46.03885543999998
4,2,4,HYB-G300-B0-g16-e0,hybrid,300.0,0.0,0.0,16.0,300.0,173.39823607999992,85.170772,0.4109320652010807,262.24376681999996,46.03885543999998
4,2,4,HYB-G300-B0-g16-e0.9,hybrid,300.0,0.0,0.9,16.0,300.0,173.5833732999997,184.242024,0.41007576078681895,262.24376681999996,46.03885543999998
4,2,4,HYB-G300-B30-g1-e0,hybrid,300.0,30.0,0.0,1.0,300.0,204.61789767999957,66.21117,0.2665335804454397,262.24376681999996,46.03885543999998
4,2,4,HYB-G300-B30-g1-e0.9,hybrid,300.0,30.0,0.9,1.0,300.0,173.70108175999988,184.234399,0.4095313306938628,262.24376681999996,46.03885543999998
4,2,4,HYB-G300-B30-g4-e0,hybrid,300.0,30.0,0.0,4.0,300.0,177.0281260999995,69.69462899999999,0.394142946041712,262.24376681999996,46.03885543999998
4,2,4,HYB-G300-B30-g4-e0.9,hybrid,300.0,30.0,0.9,4.0,300.0,173.59807241999957,184.234399,0.41000777380212905,262.24376681999996,46.03885543999998
4,2,4,HYB-G300-B30-g16-e0,hybrid,300.0,30.0,0.0,16.0,300.0,173.60388181999903,85.839583,0.4099809039222434,262.24376681999996,46.03885543999998
4,2,4,HYB-G300-B30-g16-e0.9,hybrid,300.0,30.0,0.9,16.0,300.0,173.59807241999957,184.234399,0.41000777380212905,262.24376681999996,46.03885543999998
4,2,4,HYB-G300-B120-g1-e0,hybrid,300.0,120.0,0.0,1.0,300.0,195.86091877999993,101.644038,0.30703672555951367,262.24376681999996,46.03885543999998
4,2,4,HYB-G300-B120-g1-e0.9,hybrid,300.0,120.0,0.9,1.0,300.0,173.59807241999957,184.234399,0.41000777380212905,262.24376681999996,46.03885543999998
4,2,4,HYB-G300-B120-g4-e0,hybrid,300.0,120.0,0.0,4.0,300.0,173.98899305999987,93.311452,0.4081996713057282,262.24376681999996,46.03885543999998
4,2,4,HYB-G300-B120-g4-e0.9,hybrid,300.0,120.0,0.9,4.0,300.0,173.59807241999957,184.234399,0.41000777380212905,262.24376681999996,46.03885543999998
4,2,4,HYB-G300-B120-g16-e0,hybrid,300.0,120.0,0.0,16.0,300.0,174.1594407199994,105.64633599999999,0.40741130965884614,262.24376681999996,46.03885543999998
4,2,4,HYB-G300-B120-g16-e0.9,hybrid,300.0,120.0,0.9,16.0,300.0,173.59807241999957,184.234399,0.41000777380212905,262.24376681999996,46.03885543999998
4,2,4,FIXEQ-G600,fixed,600.0,inf,0.0,0.0,600.0,93.19889569999934,482.360035,0.7818734090775982,262.24376681999996,46.03885543999998
4,2,4,CAP-G600-B0-e0,capped,600.0,0.0,0.0,0.0,150.0,262.24376681999996,0.0,0.0,262.24376681999996,46.03885543999998
4,2,4,CAP-G600-B0-e0.25,capped,600.0,0.0,0.25,0.0,200.0,211.2717667799999,73.94386700000001,0.23575782675173412,262.24376681999996,46.03885543999998
4,2,4,CAP-G600-B0-e0.5,capped,600.0,0.0,0.5,0.0,300.0,131.2317250799996,86.128293,0.6059623757100256,262.24376681999996,46.03885543999998
4,2,4,CAP-G600-B0-e0.75,capped,600.0,0.0,0.75,0.0,600.0,97.70214523999995,143.047238,0.7610447909335557,262.24376681999996,46.03885543999998
4,2,4,CAP-G600-B0-e0.9,capped,600.0,0.0,0.9,0.0,600.0,92.45546401999994,203.889255,0.7853119603817948,262.24376681999996,46.03885543999998
4,2,4,CAP-G600-B0-e0.95,capped,600.0,0.0,0.95,0.0,600.0,93.20754647999989,441.311129,0.7818333971280762,262.24376681999996,46.03885543999998
4,2,4,CAP-G600-B15-e0,capped,600.0,15.0,0.0,0.0,153.75,261.9066904799995,58.911680999999994,0.0015590595877261186,262.24376681999996,46.03885543999998
4,2,4,CAP-G600-B15-e0.25,capped,600.0,15.0,0.25,0.0,205.0,191.51842817999974,101.644038,0.3271217947296948,262.24376681999996,46.03885543999998
4,2,4,CAP-G600-B15-e0.5,capped,600.0,15.0,0.5,0.0,307.5,129.2108740199997,95.604564,0.6153093005652528,262.24376681999996,46.03885543999998
4,2,4,CAP-G600-B15-e0.75,capped,600.0,15.0,0.75,0.0,600.0,97.50636045999946,156.364484,0.7619503428877218,262.24376681999996,46.03885543999998
4,2,4,CAP-G600-B15-e0.9,capped,600.0,15.0,0.9,0.0,600.0,93.07991675999963,223.397551,0.7824237154477925,262.24376681999996,46.03885543999998
4,2,4,CAP-G600-B15-e0.95,capped,600.0,15.0,0.95,0.0,600.0,93.73335053999944,482.360035,0.7794014261953004,262.24376681999996,46.03885543999998
4,2,4,CAP-G600-B30-e0,capped,600.0,30.0,0.0,0.0,157.5,262.31025501999994,58.911680999999994,-0.0003075240038517051,262.24376681999996,46.03885543999998
4,2,4,CAP-G600-B30-e0.25,capped,600.0,30.0,0.25,0.0,210.0,186.90855243999997,101.644038,0.34844358483416427,262.24376681999996,46.03885543999998
4,2,4,CAP-G600-B30-e0.5,capped,600.0,30.0,0.5,0.0,315.0,124.6943659599999,102.241565,0.6361992425706017,262.24376681999996,46.03885543999998
4,2,4,CAP-G600-B30-e0.75,capped,600.0,30.0,0.75,0.0,600.0,96.04666671999995,181.691074,0.7687017794331846,262.24376681999996,46.03885543999998
4,2,4,CAP-G600-B30-e0.9,capped,600.0,30.0,0.9,0.0,600.0,94.12581911999919,266.13155,0.7775861641020635,262.24376681999996,46.03885543999998
4,2,4,CAP-G600-B30-e0.95,capped,600.0,30.0,0.95,0.0,600.0,93.42625177999943,482.360035,0.7808218322260415,262.24376681999996,46.03885543999998
4,2,4,CAP-G600-B60-e0,capped,600.0,60.0,0.0,0.0,165.0,260.87894353999934,74.83200099999999,0.006312637725429923,262.24376681999996,46.03885543999998
4,2,4,CAP-G600-B60-e0.25,capped,600.0,60.0,0.25,0.0,220.0,177.4934285,101.644038,0.39199080991755764,262.24376681999996,46.03885543999998
4,2,4,CAP-G600-B60-e0.5,capped,600.0,60.0,0.5,0.0,330.0,122.18318369999989,116.753269,0.6478140678027,262.24376681999996,46.03885543999998
4,2,4,CAP-G600-B60-e0.75,capped,600.0,60.0,0.75,0.0,600.0,96.95691287999982,181.163095,0.7644916708182142,262.24376681999996,46.03885543999998
4,2,4,CAP-G600-B60-e0.9,capped,600.0,60.0,0.9,0.0,600.0,93.9032469199993,347.587854,0.7786156143517329,262.24376681999996,46.03885543999998
4,2,4,CAP-G600-B60-e0.95,capped,600.0,60.0,0.95,0.0,600.0,93.2308822399999,482.360035,0.7817254635947857,262.24376681999996,46.03885543999998
4,2,4,CAP-G600-B120-e0,capped,600.0,120.0,0.0,0.0,180.0,258.1123983599985,101.644038,0.019108578216986912,262.24376681999996,46.03885543999998
4,2,4,CAP-G600-B120-e0.25,capped,600.0,120.0,0.25,0.0,240.0,165.94732211999948,101.644038,0.44539434412176987,262.24376681999996,46.03885543999998
4,2,4,CAP-G600-B120-e0.5,capped,600.0,120.0,0.5,0.0,360.0,117.12718657999991,132.686089,0.6711992771752734,262.24376681999996,46.03885543999998
4,2,4,CAP-G600-B120-e0.75,capped,600.0,120.0,0.75,0.0,600.0,95.06218925999977,223.397551,0.7732552257620235,262.24376681999996,46.03885543999998
4,2,4,CAP-G600-B120-e0.9,capped,600.0,120.0,0.9,0.0,600.0,93.17482691999966,482.360035,0.7819847330056537,262.24376681999996,46.03885543999998
4,2,4,CAP-G600-B120-e0.95,capped,600.0,120.0,0.95,0.0,600.0,93.19889569999934,482.360035,0.7818734090775982,262.24376681999996,46.03885543999998
4,2,4,CAP-G600-B240-e0,capped,600.0,240.0,0.0,0.0,210.0,237.63055215999944,112.752677,0.11384207002004934,262.24376681999996,46.03885543999998
4,2,4,CAP-G600-B240-e0.25,capped,600.0,240.0,0.25,0.0,280.0,152.19038317999997,137.628038,0.509023513561961,262.24376681999996,46.03885543999998
4,2,4,CAP-G600-B240-e0.5,capped,600.0,240.0,0.5,0.0,420.0,108.78857137999908,184.234399,0.7097673890038939,262.24376681999996,46.03885543999998
4,2,4,CAP-G600-B240-e0.75,capped,600.0,240.0,0.75,0.0,600.0,93.65375239999989,347.587854,0.7797695868420289,262.24376681999996,46.03885543999998
4,2,4,CAP-G600-B240-e0.9,capped,600.0,240.0,0.9,0.0,600.0,93.19889569999934,482.360035,0.7818734090775982,262.24376681999996,46.03885543999998
4,2,4,CAP-G600-B240-e0.95,capped,600.0,240.0,0.95,0.0,600.0,93.19889569999934,482.360035,0.7818734090775982,262.24376681999996,46.03885543999998
4,2,4,CAP-G600-B360-e0,capped,600.0,360.0,0.0,0.0,240.0,213.16395717999964,129.768527,0.22700598856303522,262.24376681999996,46.03885543999998
4,2,4,CAP-G600-B360-e0.25,capped,600.0,360.0,0.25,0.0,320.0,137.72026773999954,167.79826699999998,0.5759512967822407,262.24376681999996,46.03885543999998
4,2,4,CAP-G600-B360-e0.5,capped,600.0,360.0,0.5,0.0,480.0,100.12746461999927,223.397551,0.7498271022856942,262.24376681999996,46.03885543999998
4,2,4,CAP-G600-B360-e0.75,capped,600.0,360.0,0.75,0.0,600.0,92.89356571999997,482.163584,0.7832856340730922,262.24376681999996,46.03885543999998
4,2,4,CAP-G600-B360-e0.9,capped,600.0,360.0,0.9,0.0,600.0,93.19889569999934,482.360035,0.7818734090775982,262.24376681999996,46.03885543999998
4,2,4,CAP-G600-B360-e0.95,capped,600.0,360.0,0.95,0.0,600.0,93.19889569999934,482.360035,0.7818734090775982,262.24376681999996,46.03885543999998
4,2,4,CAP-G600-B480-e0,capped,600.0,480.0,0.0,0.0,270.0,191.82468515999992,166.85725,0.3257052821350207,262.24376681999996,46.03885543999998
4,2,4,CAP-G600-B480-e0.25,capped,600.0,480.0,0.25,0.0,360.0,117.25715125999967,201.97807,0.6705981591008957,262.24376681999996,46.03885543999998
4,2,4,CAP-G600-B480-e0.5,capped,600.0,480.0,0.5,0.0,540.0,96.72360285999976,292.853573,0.7655707860821132,262.24376681999996,46.03885543999998
4,2,4,CAP-G600-B480-e0.75,capped,600.0,480.0,0.75,0.0,600.0,93.19889569999934,482.360035,0.7818734090775982,262.24376681999996,46.03885543999998
4,2,4,CAP-G600-B480-e0.9,capped,600.0,480.0,0.9,0.0,600.0,93.19889569999934,482.360035,0.7818734090775982,262.24376681999996,46.03885543999998
4,2,4,CAP-G600-B480-e0.95,capped,600.0,480.0,0.95,0.0,600.0,93.19889569999934,482.360035,0.7818734090775982,262.24376681999996,46.03885543999998
4,2,4,CAP-G600-B600-e0,capped,600.0,600.0,0.0,0.0,300.0,173.59807241999957,184.234399,0.41000777380212905,262.24376681999996,46.03885543999998
4,2,4,CAP-G600-B600-e0.25,capped,600.0,600.0,0.25,0.0,400.0,112.36780745999982,226.288901,0.69321255656667,262.24376681999996,46.03885543999998
4,2,4,CAP-G600-B600-e0.5,capped,600.0,600.0,0.5,0.0,600.0,93.82720353999949,347.587854,0.7789673333738145,262.24376681999996,46.03885543999998
4,2,4,CAP-G600-B600-e0.75,capped,600.0,600.0,0.75,0.0,600.0,93.19889569999934,482.360035,0.7818734090775982,262.24376681999996,46.03885543999998
4,2,4,CAP-G600-B600-e0.9,capped,600.0,600.0,0.9,0.0,600.0,93.19889569999934,482.360035,0.7818734090775982,262.24376681999996,46.03885543999998
4,2,4,CAP-G600-B600-e0.95,capped,600.0,600.0,0.95,0.0,600.0,93.19889569999934,482.360035,0.7818734090775982,262.24376681999996,46.03885543999998
4,2,4,HYB-G600-B0-g1-e0,hybrid,600.0,0.0,0.0,1.0,600.0,193.70093757999928,60.263253999999996,0.3170271609581078,262.24376681999996,46.03885543999998
4,2,4,HYB-G600-B0-g1-e0.9,hybrid,600.0,0.0,0.9,1.0,600.0,93.4203968399997,215.897189,0.7808489127394413,262.24376681999996,46.03885543999998
4,2,4,HYB-G600-B0-g4-e0,hybrid,600.0,0.0,0.0,4.0,600.0,140.3831625799998,68.659387,0.5636347641789642,262.24376681999996,46.03885543999998
4,2,4,HYB-G600-B0-g4-e0.9,hybrid,600.0,0.0,0.9,4.0,600.0,93.23592489999986,223.397551,0.7817021400728186,262.24376681999996,46.03885543999998
4,2,4,HYB-G600-B0-g16-e0,hybrid,600.0,0.0,0.0,16.0,600.0,102.34194763999986,85.170772,0.7395845827894166,262.24376681999996,46.03885543999998
4,2,4,HYB-G600-B0-g16-e0.9,hybrid,600.0,0.0,0.9,16.0,600.0,93.22229921999897,401.093742,0.7817651621379231,262.24376681999996,46.03885543999998
4,2,4,HYB-G600-B30-g1-e0,hybrid,600.0,30.0,0.0,1.0,600.0,191.4445552599999,66.21117,0.32746347484939387,262.24376681999996,46.03885543999998
4,2,4,HYB-G600-B30-g1-e0.9,hybrid,600.0,30.0,0.9,1.0,600.0,93.83159795999991,266.139036,0.7789470081186093,262.24376681999996,46.03885543999998
4,2,4,HYB-G600-B30-g4-e0,hybrid,600.0,30.0,0.0,4.0,600.0,139.70343441999972,69.69462899999999,0.5667786712977317,262.24376681999996,46.03885543999998
4,2,4,HYB-G600-B30-g4-e0.9,hybrid,600.0,30.0,0.9,4.0,600.0,93.20842139999999,292.94555,0.7818293504114937,262.24376681999996,46.03885543999998
4,2,4,HYB-G600-B30-g16-e0,hybrid,600.0,30.0,0.0,16.0,600.0,100.77253609999991,85.839583,0.7468434906929543,262.24376681999996,46.03885543999998
4,2,4,HYB-G600-B30-g16-e0.9,hybrid,600.0,30.0,0.9,16.0,600.0,93.02883837999998,441.408103,0.7826599653075836,262.24376681999996,46.03885543999998
4,2,4,HYB-G600-B120-g1-e0,hybrid,600.0,120.0,0.0,1.0,600.0,180.36197087999997,101.644038,0.3787231077100058,262.24376681999996,46.03885543999998
4,2,4,HYB-G600-B120-g1-e0.9,hybrid,600.0,120.0,0.9,1.0,600.0,93.22229921999897,482.360035,0.7817651621379231,262.24376681999996,46.03885543999998
4,2,4,HYB-G600-B120-g4-e0,hybrid,600.0,120.0,0.0,4.0,600.0,130.8870619999999,93.311452,0.6075565258049508,262.24376681999996,46.03885543999998
4,2,4,HYB-G600-B120-g4-e0.9,hybrid,600.0,120.0,0.9,4.0,600.0,93.20585585999986,482.360035,0.7818412166544192,262.24376681999996,46.03885543999998
4,2,4,HYB-G600-B120-g16-e0,hybrid,600.0,120.0,0.0,16.0,600.0,99.01955091999993,105.64633599999999,0.7549514710751343,262.24376681999996,46.03885543999998
4,2,4,HYB-G600-B120-g16-e0.9,hybrid,600.0,120.0,0.9,16.0,600.0,93.19889569999934,482.360035,0.7818734090775982,262.24376681999996,46.03885543999998
4,2,4,CAP-G1200-B0-e0,capped,1200.0,0.0,0.0,0.0,150.0,262.24376681999996,0.0,0.0,262.24376681999996,46.03885543999998
4,2,4,CAP-G1200-B0-e0.25,capped,1200.0,0.0,0.25,0.0,200.0,211.2717667799999,73.94386700000001,0.23575782675173412,262.24376681999996,46.03885543999998
4,2,4,CAP-G1200-B0-e0.5,capped,1200.0,0.0,0.5,0.0,300.0,126.83990563999957,86.128293,0.6262756026944071,262.24376681999996,46.03885543999998
4,2,4,CAP-G1200-B0-e0.75,capped,1200.0,0.0,0.75,0.0,600.0,89.51505987999998,143.047238,0.7989120406076873,262.24376681999996,46.03885543999998
4,2,4,CAP-G1200-B0-e0.9,capped,1200.0,0.0,0.9,0.0,1200.0,81.88302603999982,203.889255,0.8342120427736239,262.24376681999996,46.03885543999998
4,2,4,CAP-G1200-B0-e0.95,capped,1200.0,0.0,0.95,0.0,1200.0,80.72346547999996,441.311129,0.8395752907803348,262.24376681999996,46.03885543999998
4,2,4,CAP-G1200-B15-e0.25,capped,1200.0,15.0,0.25,0.0,205.0,191.51842817999974,101.644038,0.3271217947296948,262.24376681999996,46.03885543999998
4,2,4,CAP-G1200-B15-e0.5,capped,1200.0,15.0,0.5,0.0,307.5,124.2247152999997,95.604564,0.6383714904487952,262.24376681999996,46.03885543999998
4,2,4,CAP-G1200-B15-e0.75,capped,1200.0,15.0,0.75,0.0,615.0,87.98692095999999,156.364484,0.805980052662761,262.24376681999996,46.03885543999998
4,2,4,CAP-G1200-B15-e0.9,capped,1200.0,15.0,0.9,0.0,1200.0,81.19474047999967,223.397551,0.8373955299368292,262.24376681999996,46.03885543999998
4,2,4,CAP-G1200-B15-e0.95,capped,1200.0,15.0,0.95,0.0,1200.0,81.11178157999983,504.633396,0.8377792349112921,262.24376681999996,46.03885543999998
4,2,4,CAP-G1200-B30-e0.25,capped,1200.0,30.0,0.25,0.0,210.0,186.90855243999997,101.644038,0.34844358483416427,262.24376681999996,46.03885543999998
4,2,4,CAP-G1200-B30-e0.5,capped,1200.0,30.0,0.5,0.0,315.0,120.15263815999994,102.241565,0.6572058319723451,262.24376681999996,46.03885543999998
4,2,4,CAP-G1200-B30-e0.75,capped,1200.0,30.0,0.75,0.0,630.0,87.2375741999998,181.691074,0.8094459626424059,262.24376681999996,46.03885543999998
4,2,4,CAP-G1200-B30-e0.9,capped,1200.0,30.0,0.9,0.0,1200.0,81.33317835999985,266.13155,0.8367552212633742,262.24376681999996,46.03885543999998
4,2,4,CAP-G1200-B30-e0.95,capped,1200.0,30.0,0.95,0.0,1200.0,80.81214069999972,583.959065,0.8391651464434936,262.24376681999996,46.03885543999998
4,2,4,CAP-G1200-B60-e0.25,capped,1200.0,60.0,0.25,0.0,220.0,177.4934285,101.644038,0.39199080991755764,262.24376681999996,46.03885543999998
4,2,4,CAP-G1200-B60-e0.5,capped,1200.0,60.0,0.5,0.0,330.0,117.7746634999992,116.753269,0.668204539840832,262.24376681999996,46.03885543999998
4,2,4,CAP-G1200-B60-e0.75,capped,1200.0,60.0,0.75,0.0,660.0,87.26193209999946,181.163095,0.8093333014644327,262.24376681999996,46.03885543999998
4,2,4,CAP-G1200-B60-e0.9,capped,1200.0,60.0,0.9,0.0,1200.0,80.41856291999996,347.587854,0.8409855388549685,262.24376681999996,46.03885543999998
4,2,4,CAP-G1200-B60-e0.95,capped,1200.0,60.0,0.95,0.0,1200.0,80.77108505999966,729.043192,0.8393550387069856,262.24376681999996,46.03885543999998
4,2,4,CAP-G1200-B120-e0.25,capped,1200.0,120.0,0.25,0.0,240.0,165.94732211999948,101.644038,0.44539434412176987,262.24376681999996,46.03885543999998
4,2,4,CAP-G1200-B120-e0.5,capped,1200.0,120.0,0.5,0.0,360.0,109.89681797999994,132.686089,0.7046414804714416,262.24376681999996,46.03885543999998
4,2,4,CAP-G1200-B120-e0.75,capped,1200.0,120.0,0.75,0.0,720.0,84.78368019999989,223.397551,0.820795815817975,262.24376681999996,46.03885543999998
4,2,4,CAP-G1200-B120-e0.9,capped,1200.0,120.0,0.9,0.0,1200.0,80.54699498,504.633396,0.8403915095187232,262.24376681999996,46.03885543999998
4,2,4,CAP-G1200-B120-e0.95,capped,1200.0,120.0,0.95,0.0,1200.0,80.75903761999996,980.163501,0.8394107610304186,262.24376681999996,46.03885543999998
4,2,4,CAP-G1200-B240-e0.25,capped,1200.0,240.0,0.25,0.0,280.0,152.14213321999986,137.628038,0.5092466812952569,262.24376681999996,46.03885543999998
4,2,4,CAP-G1200-B240-e0.5,capped,1200.0,240.0,0.5,0.0,420.0,101.46561781999984,184.234399,0.7436378201298941,262.24376681999996,46.03885543999998
4,2,4,CAP-G1200-B240-e0.75,capped,1200.0,240.0,0.75,0.0,840.0,80.7683262599999,347.587854,0.8393677988241456,262.24376681999996,46.03885543999998
4,2,4,CAP-G1200-B240-e0.9,capped,1200.0,240.0,0.9,0.0,1200.0,80.71810485999954,781.84191,0.8396000849441964,262.24376681999996,46.03885543999998
4,2,4,CAP-G1200-B240-e0.95,capped,1200.0,240.0,0.95,0.0,1200.0,80.86075143999985,1093.309521,0.8389403100154502,262.24376681999996,46.03885543999998
4,2,4,CAP-G1200-B360-e0.25,capped,1200.0,360.0,0.25,0.0,320.0,138.2114089999999,167.79826699999998,0.5736796496819714,262.24376681999996,46.03885543999998
4,2,4,CAP-G1200-B360-e0.5,capped,1200.0,360.0,0.5,0.0,480.0,93.17768813999984,223.397551,0.7819714991712234,262.24376681999996,46.03885543999998
4,2,4,CAP-G1200-B360-e0.75,capped,1200.0,360.0,0.75,0.0,960.0,80.81031051999997,482.163584,0.839173611468585,262.24376681999996,46.03885543999998
4,2,4,CAP-G1200-B360-e0.9,capped,1200.0,360.0,0.9,0.0,1200.0,80.86527623999987,1093.309521,0.8389193817212169,262.24376681999996,46.03885543999998
4,2,4,CAP-G1200-B360-e0.95,capped,1200.0,360.0,0.95,0.0,1200.0,80.86075143999985,1093.309521,0.8389403100154502,262.24376681999996,46.03885543999998
4,2,4,CAP-G1200-B480-e0.25,capped,1200.0,480.0,0.25,0.0,360.0,117.39600955999951,201.97807,0.6699559058832719,262.24376681999996,46.03885543999998
4,2,4,CAP-G1200-B480-e0.5,capped,1200.0,480.0,0.5,0.0,540.0,88.81969063999992,292.853573,0.8021282915039395,262.24376681999996,46.03885543999998
4,2,4,CAP-G1200-B480-e0.75,capped,1200.0,480.0,0.75,0.0,1080.0,80.54822231999978,583.959065,0.8403858327744164,262.24376681999996,46.03885543999998
4,2,4,CAP-G1200-B480-e0.9,capped,1200.0,480.0,0.9,0.0,1200.0,80.86075143999985,1093.309521,0.8389403100154502,262.24376681999996,46.03885543999998
4,2,4,CAP-G1200-B480-e0.95,capped,1200.0,480.0,0.95,0.0,1200.0,80.86075143999985,1093.309521,0.8389403100154502,262.24376681999996,46.03885543999998
4,2,4,CAP-G1200-B600-e0.25,capped,1200.0,600.0,0.25,0.0,400.0,111.98356697999996,226.288901,0.6949897617076046,262.24376681999996,46.03885543999998
4,2,4,CAP-G1200-B600-e0.5,capped,1200.0,600.0,0.5,0.0,600.0,85.13346497999942,347.587854,0.8191779766219691,262.24376681999996,46.03885543999998
4,2,4,CAP-G1200-B600-e0.75,capped,1200.0,600.0,0.75,0.0,1200.0,80.43174807999988,695.460722,0.8409245543013996,262.24376681999996,46.03885543999998
4,2,4,CAP-G1200-B600-e0.9,capped,1200.0,600.0,0.9,0.0,1200.0,80.86075143999985,1093.309521,0.8389403100154502,262.24376681999996,46.03885543999998
4,2,4,CAP-G1200-B600-e0.95,capped,1200.0,600.0,0.95,0.0,1200.0,80.86075143999985,1093.309521,0.8389403100154502,262.24376681999996,46.03885543999998
4,2,4,HYB-G1200-B0-g1-e0,hybrid,1200.0,0.0,0.0,1.0,1200.0,192.5279474999996,60.263253999999996,0.3224525237424805,262.24376681999996,46.03885543999998
4,2,4,HYB-G1200-B0-g1-e0.9,hybrid,1200.0,0.0,0.9,1.0,1200.0,81.11985827999989,215.897189,0.8377418782206022,262.24376681999996,46.03885543999998
4,2,4,HYB-G1200-B0-g4-e0,hybrid,1200.0,0.0,0.0,4.0,1200.0,138.5516328199994,68.659387,0.5721060322380941,262.24376681999996,46.03885543999998
4,2,4,HYB-G1200-B0-g4-e0.9,hybrid,1200.0,0.0,0.9,4.0,1200.0,80.69734853999998,223.397551,0.8396960879436983,262.24376681999996,46.03885543999998
4,2,4,HYB-G1200-B0-g16-e0,hybrid,1200.0,0.0,0.0,16.0,1200.0,94.39095267999994,85.170772,0.7763598572697697,262.24376681999996,46.03885543999998
4,2,4,HYB-G1200-B0-g16-e0.9,hybrid,1200.0,0.0,0.9,16.0,1200.0,80.80480033999972,401.093742,0.839199097383614,262.24376681999996,46.03885543999998
4,2,4,HYB-G1200-B30-g1-e0,hybrid,1200.0,30.0,0.0,1.0,1200.0,191.10940587999997,66.21117,0.3290136217811205,262.24376681999996,46.03885543999998
4,2,4,HYB-G1200-B30-g1-e0.9,hybrid,1200.0,30.0,0.9,1.0,1200.0,81.12581927999976,266.139036,0.8377143071540534,262.24376681999996,46.03885543999998
4,2,4,HYB-G1200-B30-g4-e0,hybrid,1200.0,30.0,0.0,4.0,1200.0,136.2968885599999,69.69462899999999,0.5825347697057485,262.24376681999996,46.03885543999998
4,2,4,HYB-G1200-B30-g4-e0.9,hybrid,1200.0,30.0,0.9,4.0,1200.0,80.80183973999983,292.94555,0.8392127908745758,262.24376681999996,46.03885543999998
4,2,4,HYB-G1200-B30-g16-e0,hybrid,1200.0,30.0,0.0,16.0,1200.0,91.33726465999985,85.839583,0.7904839028361212,262.24376681999996,46.03885543999998
4,2,4,HYB-G1200-B30-g16-e0.9,hybrid,1200.0,30.0,0.9,16.0,1200.0,80.81031051999997,441.408103,0.839173611468585,262.24376681999996,46.03885543999998
4,2,4,HYB-G1200-B120-g1-e0,hybrid,1200.0,120.0,0.0,1.0,1200.0,179.39974359999877,101.644038,0.38317364157558476,262.24376681999996,46.03885543999998
4,2,4,HYB-G1200-B120-g1-e0.9,hybrid,1200.0,120.0,0.9,1.0,1200.0,80.71419927999985,538.334839,0.8396181491961819,262.24376681999996,46.03885543999998
4,2,4,HYB-G1200-B120-g4-e0,hybrid,1200.0,120.0,0.0,4.0,1200.0,126.54538071999986,93.311452,0.6276378516744133,262.24376681999996,46.03885543999998
4,2,4,HYB-G1200-B120-g4-e0.9,hybrid,1200.0,120.0,0.9,4.0,1200.0,80.80480033999972,546.519279,0.839199097383614,262.24376681999996,46.03885543999998
4,2,4,HYB-G1200-B120-g16-e0,hybrid,1200.0,120.0,0.0,16.0,1200.0,89.40187551999968,105.64633599999999,0.79943554564408,262.24376681999996,46.03885543999998
4,2,4,HYB-G1200-B120-g16-e0.9,hybrid,1200.0,120.0,0.9,16.0,1200.0,80.82305991999978,608.149392,0.8391146424103967,262.24376681999996,46.03885543999998
