## 2026-09-20 00:40:36 k1_rep0_L0_main  k=1 n=3,209,347 argv=--trace k1 --rep 0 --level 0 --workers 4
   jobs FCFS would start within 1 s: 2,851,036 (88.8%)
                    w_p99_dl     gap   w_mean     w_p99  max_excess  harm_wf1s  max_heavy  qw_forced_frac  guar_excess_max  used_over_allowed   usedA   usedB  bound_viol  bound_violA  bound_violB  sec
policy                                                                                                                                                                                                  
FCFS                221.2744  0.0000   6.5935  152.9751      0.0000     0.0000  1423.5232          0.0000              inf                NaN     NaN     NaN          -1           -1           -1  1.3
SJF-ref              45.3248  1.0000   1.8713   37.3543   2054.5023   777.9388  2366.6592          0.0000              inf                NaN     NaN     NaN          -1           -1           -1  0.3
SPJF-M4              64.7433  0.8896   2.5205   44.3935   2520.2899   400.1355  2698.2165          0.0000              inf                NaN     NaN     NaN          -1           -1           -1  0.3
SPJF-M4refit         64.7030  0.8899   2.5224   44.3792   2520.2899   400.1355  2698.2165          0.0000              inf                NaN     NaN     NaN          -1           -1           -1  0.3
SPJF-tweedie         60.9289  0.9113   2.4449   42.9115   2520.2899   656.3650  2698.2165          0.0000              inf                NaN     NaN     NaN          -1           -1           -1  0.1
SPJF-tweedie_itr     61.4683  0.9082   2.4497   42.9557   2325.4278   375.1261  2505.3230          0.0000              inf                NaN     NaN     NaN          -1           -1           -1  0.1
SPJF-r1s             60.7581  0.9123   2.4221   43.0387   2325.4278   362.0655  2505.3230          0.0000              inf                NaN     NaN     NaN          -1           -1           -1  0.1
FIX-G300             83.2414  0.7845   3.0711   48.1329    295.1349   246.3363  1669.1453          0.0633            300.0             0.9838  0.9838     NaN           0            0           -1  0.7
FIXSEL-G300         178.4326  0.2435   4.4732   82.4204     88.8598    81.7982  1453.7055          0.3191             90.0             0.9873  0.9873     NaN           0            0           -1  0.8
CAP-G300             90.5643  0.7429   3.2017   51.7851    295.0482    54.3597  1669.1453          0.0905            300.0             0.9835  0.9835  0.7942           0            0            0  0.8
SKIP-G300           220.3199  0.0054   6.2841  149.2818     95.0859    81.7982  1424.6451          0.7318            300.0             0.3170  0.3170     NaN           0            0           -1  0.2
SKIPC-G300          220.5256  0.0043   6.3384  150.0498     74.9490    54.3597  1424.4687          0.7475            300.0             0.2498  0.2498     NaN           0            0           -1  0.7
FIX-G600             68.3147  0.8693   2.6920   45.3305    592.5319   563.3744  1976.0429          0.0226            600.0             0.9876  0.9876     NaN           0            0           -1  0.7
FIXSEL-G600         100.1300  0.6885   3.3812   51.0295    207.9295   183.3834  1582.3699          0.1049            210.0             0.9901  0.9901     NaN           0            0           -1  0.7
CAP-G600             70.5637  0.8566   2.7003   45.5870    592.5319   165.6877  1976.0429          0.0252            600.0             0.9876  0.9876  0.7433           0            0            0  0.8
SKIP-G600           219.8854  0.0079   6.0441  145.5928    100.8546    83.2046  1425.7212          0.6700            600.0             0.1681  0.1681     NaN           0            0           -1  0.2
SKIPC-G600          219.9527  0.0075   6.0887  146.3942    100.6759    82.7963  1425.5247          0.6807            600.0             0.1678  0.1678     NaN           0            0           -1  0.7
FIX-G1200            63.1619  0.8986   2.5530   43.8651   1171.6655   656.3650  2153.4042          0.0044           1200.0             0.9764  0.9764     NaN           0            0           -1  0.7
FIXSEL-G1200        100.1300  0.6885   3.3812   51.0295    207.9295   183.3834  1582.3699          0.1049            210.0             0.9901  0.9901     NaN           0            0           -1  0.8
CAP-G1200            63.2590  0.8981   2.5469   43.8989   1176.8402   338.8617  2153.4042          0.0052           1200.0             0.9807  0.9807  0.6370           0            0            0  0.9
SKIP-G1200          217.4201  0.0219   5.6772  137.1011    166.8670    97.6901  1428.1674          0.5866           1200.0             0.1391  0.1391     NaN           0            0           -1  0.2
SKIPC-G1200         217.8311  0.0196   5.7090  137.9752    140.3013    97.2817  1427.9854          0.5934           1200.0             0.1169  0.1169     NaN           0            0           -1  0.9
SPJF-reversed       415.3743 -1.1032  11.4145  264.9028   2696.1870  2487.0641  1724.7092          0.0000              inf                NaN     NaN     NaN          -1           -1           -1  0.2
CAP-G600-reversed   383.6358 -0.9228  10.4113  264.2414    596.1245   177.8721  1658.2656          0.2629            600.0             0.9935  0.9935  0.7437           0            0            0  0.8
SPJF-random         159.7873  0.3495   5.1441   93.1757   2662.5581  1600.2566  2588.7401          0.0000              inf                NaN     NaN     NaN          -1           -1           -1  0.2
CAP-G600-random     185.9139  0.2010   5.5494  107.4571    596.9447   165.8422  1960.5797          0.1022            600.0             0.9949  0.9949  0.7352           0            0            0  0.9
SPJF-top1short      382.2755 -0.9150   9.8718  227.0893   2660.1561  1669.1669  2495.3681          0.0000              inf                NaN     NaN     NaN          -1           -1           -1  0.1
CAP-G600-top1short  379.5558 -0.8996   9.5627  240.8899    597.0194   177.8721  1956.1859          0.2348            600.0             0.9950  0.9950  0.7383           0            0            0  0.8
   per-job bound checks 57,768,246; violations combined 0, Theorem A form 0, Theorem B (eta) form 0
## done in 6 s
## 2026-09-20 00:40:43 primary_rep0_L2_main  k=4 n=17,634,760 argv=--trace primary --rep 0 --level 2 --workers 4
   jobs FCFS would start within 1 s: 15,184,765 (86.1%)
                    w_p99_dl     gap   w_mean     w_p99  max_excess  harm_wf1s  max_heavy  qw_forced_frac  guar_excess_max  used_over_allowed   usedA   usedB  bound_viol  bound_violA  bound_violB  sec
policy                                                                                                                                                                                                  
FCFS                263.1202  0.0000  10.0987  210.5271      0.0000     0.0000  1542.7545          0.0000              inf                NaN     NaN     NaN          -1           -1           -1  0.9
SJF-ref              42.8808  1.0000   1.6498   34.6279   4755.4670  1101.4794  5299.5324          0.0000              inf                NaN     NaN     NaN          -1           -1           -1  1.2
SPJF-M4              66.5706  0.8924   2.2955   43.1336   5882.9188   483.2014  6264.1391          0.0000              inf                NaN     NaN     NaN          -1           -1           -1  1.2
SPJF-M4refit         66.7525  0.8916   2.3003   43.2184   5896.5786   479.3118  6278.3016          0.0000              inf                NaN     NaN     NaN          -1           -1           -1  1.3
SPJF-tweedie         62.2255  0.9122   2.2402   41.6820   5904.5174   462.7203  6286.2405          0.0000              inf                NaN     NaN     NaN          -1           -1           -1  0.9
SPJF-tweedie_itr     62.1832  0.9124   2.2401   41.6739   5448.9042   355.7582  6085.5346          0.0000              inf                NaN     NaN     NaN          -1           -1           -1  0.9
SPJF-r1s             61.2577  0.9166   2.2516   41.4442   5368.1557   372.5808  5964.3655          0.0000              inf                NaN     NaN     NaN          -1           -1           -1  0.9
FIX-G300            163.9905  0.4501   5.3885   66.2707    214.1944   198.7915  1692.8864          0.2787            300.0             0.7140  0.7140     NaN           0            0           -1  5.0
FIXSEL-G300         246.6677  0.0747   7.4152  161.0593    105.4014   100.0030  1572.8140          0.5794            180.0             0.5856  0.5856     NaN           0            0           -1  5.9
CAP-G300            159.1120  0.4723   5.4914   71.2431    212.8382   103.3366  1692.8690          0.2907            300.0             0.7095  0.7095  0.4850           0            0            0  5.8
SKIP-G300           262.8515  0.0012   9.8735  209.0547     65.4711    45.8400  1543.5620          0.9013            300.0             0.2182  0.2182     NaN           0            0           -1  1.1
SKIPC-G300          262.8425  0.0013   9.9118  209.3537     63.8906    45.8400  1543.5149          0.9082            300.0             0.2130  0.2130     NaN           0            0           -1  5.7
FIX-G600             85.8167  0.8050   3.8242   49.5912    510.6829   450.3380  1992.9409          0.0793            600.0             0.8511  0.8511     NaN           0            0           -1  5.7
FIXSEL-G600         163.9905  0.4501   5.3885   66.2707    214.1944   198.7915  1692.8864          0.2787            300.0             0.7140  0.7140     NaN           0            0           -1  5.9
CAP-G600             88.0497  0.7949   3.7637   49.7824    510.6834   259.3807  1992.9672          0.0781            600.0             0.8511  0.8511  0.4778           0            0            0  5.4
SKIP-G600           262.5456  0.0026   9.6076  207.1616    100.4235    62.5342  1544.7401          0.8587            600.0             0.1674  0.1674     NaN           0            0           -1  1.1
SKIPC-G600          262.5130  0.0028   9.6381  207.3028     94.7538    62.5119  1544.6484          0.8630            600.0             0.1579  0.1579     NaN           0            0           -1  4.9
FIX-G1200            72.2769  0.8665   2.9910   45.5384   1107.6817   462.7203  2597.9366          0.0082           1200.0             0.9231  0.9231     NaN           0            0           -1  5.4
FIXSEL-G1200        163.9905  0.4501   5.3885   66.2707    214.1944   198.7915  1692.8864          0.2787            300.0             0.7140  0.7140     NaN           0            0           -1  5.4
CAP-G1200            71.9845  0.8679   2.9237   45.2922   1114.6896   318.5154  2596.9028          0.0093           1200.0             0.9289  0.9289  0.4650           0            0            0  5.9
SKIP-G1200          262.8495  0.0012   9.1808  203.8070    118.8931    84.7016  1547.4760          0.8014           1200.0             0.0991  0.0991     NaN           0            0           -1  1.1
SKIPC-G1200         262.7231  0.0018   9.2033  203.9605    118.6860    84.6495  1547.4251          0.8039           1200.0             0.0989  0.0989     NaN           0            0           -1  5.1
SPJF-reversed       521.0554 -1.1712  18.7076  397.0939   6295.6521  5248.8356  2654.8304          0.0000              inf                NaN     NaN     NaN          -1           -1           -1  0.9
CAP-G600-reversed   505.4991 -1.1005  16.4704  414.7932    530.9414   278.3106  1994.3181          0.4416            600.0             0.8849  0.8849  0.5416           0            0            0  6.9
SPJF-random         183.8038  0.3601   6.6550  107.1877   6235.4935  6173.5747  6199.5512          0.0000              inf                NaN     NaN     NaN          -1           -1           -1  1.2
CAP-G600-random     248.4216  0.0667   8.1231  153.8936    520.7344   328.1226  2007.5660          0.2526            600.0             0.8679  0.8679  0.5263           0            0            0  5.9
SPJF-top1short      493.4949 -1.0460  15.3477  318.5068   6108.8603  3244.2250  6021.3177          0.0000              inf                NaN     NaN     NaN          -1           -1           -1  0.8
CAP-G600-top1short  509.2204 -1.1174  14.6918  365.7939    522.9176   316.6096  1462.5606          0.4050            600.0             0.8715  0.8715  0.5216           0            0            0  5.9
   per-job bound checks 317,425,680; violations combined 0, Theorem A form 0, Theorem B (eta) form 0
## done in 32 s
## 2026-09-20 00:41:16 primary_rep1_L2_main  k=4 n=17,634,760 argv=--trace primary --rep 1 --level 2 --workers 4
   jobs FCFS would start within 1 s: 15,176,210 (86.1%)
                    w_p99_dl     gap   w_mean     w_p99  max_excess  harm_wf1s  max_heavy  qw_forced_frac  guar_excess_max  used_over_allowed   usedA   usedB  bound_viol  bound_violA  bound_violB  sec
policy                                                                                                                                                                                                  
FCFS                277.8373  0.0000  10.8652  260.3769      0.0000     0.0000  1268.6875          0.0000              inf                NaN     NaN     NaN          -1           -1           -1  1.0
SJF-ref              43.3656  1.0000   1.6852   34.9175   4030.3125   379.8092  4497.8479          0.0000              inf                NaN     NaN     NaN          -1           -1           -1  1.2
SPJF-M4              65.0198  0.9076   2.3102   42.8232   5103.4421   352.1729  5393.3568          0.0000              inf                NaN     NaN     NaN          -1           -1           -1  1.2
SPJF-M4refit         65.1128  0.9073   2.3144   42.9101   5103.3779   352.0779  5393.3555          0.0000              inf                NaN     NaN     NaN          -1           -1           -1  1.2
SPJF-tweedie         60.6784  0.9262   2.2662   41.4512   5099.8912   646.8714  5389.8970          0.0000              inf                NaN     NaN     NaN          -1           -1           -1  0.9
SPJF-tweedie_itr     61.2449  0.9237   2.2781   41.5904   4678.8165   493.0048  5196.7672          0.0000              inf                NaN     NaN     NaN          -1           -1           -1  1.0
SPJF-r1s             60.6976  0.9261   2.2765   41.1441   4605.3305   622.0065  5109.5123          0.0000              inf                NaN     NaN     NaN          -1           -1           -1  0.9
FIX-G300            171.5761  0.4532   6.0214   73.4889    215.5266   208.1596  1419.0196          0.3229            300.0             0.7184  0.7184     NaN           0            0           -1  6.8
FIXSEL-G300         274.6003  0.0138   8.2488  199.1982    113.4302    98.0633  1299.1468          0.6303            180.0             0.6302  0.6302     NaN           0            0           -1  5.4
CAP-G300            167.6592  0.4699   6.1489   80.0911    217.9603    98.2421  1419.1923          0.3269            300.0             0.7265  0.7265  0.5215           0            0            0  5.8
SKIP-G300           277.5520  0.0012  10.6457  259.0952     65.4817    52.7216  1269.6252          0.9147            300.0             0.2183  0.2183     NaN           0            0           -1  1.5
SKIPC-G300          277.6375  0.0009  10.6833  259.2954     63.8906    52.4757  1269.3061          0.9207            300.0             0.2130  0.2130     NaN           0            0           -1  5.4
FIX-G600             84.6555  0.8239   4.1010   50.6675    515.8403   450.9349  1718.9898          0.0784            600.0             0.8597  0.8597     NaN           0            0           -1  6.1
FIXSEL-G600         171.5761  0.4532   6.0214   73.4889    215.5266   208.1596  1419.0196          0.3229            300.0             0.7184  0.7184     NaN           0            0           -1  6.0
CAP-G600             86.6803  0.8153   4.0375   50.5678    515.8429   233.1097  1718.9746          0.0752            600.0             0.8597  0.8597  0.4966           0            0            0  5.9
SKIP-G600           277.5881  0.0011  10.3904  257.3354    107.2558    54.1412  1270.8339          0.8779            600.0             0.1788  0.1788     NaN           0            0           -1  1.0
SKIPC-G600          277.5815  0.0011  10.4193  257.4676    107.1589    54.0703  1270.6203          0.8814            600.0             0.1786  0.1786     NaN           0            0           -1  6.6
FIX-G1200            69.7913  0.8873   3.0938   45.7814   1116.4944   646.8714  2323.9605          0.0077           1200.0             0.9304  0.9304     NaN           0            0           -1  5.3
FIXSEL-G1200        171.5761  0.4532   6.0214   73.4889    215.5266   208.1596  1419.0196          0.3229            300.0             0.7184  0.7184     NaN           0            0           -1  5.4
CAP-G1200            69.6330  0.8880   2.9868   45.6848   1110.6406   450.9349  2338.0569          0.0084           1200.0             0.9255  0.9255  0.4472           0            0            0  6.0
SKIP-G1200          277.8684 -0.0001   9.9806  253.7699    144.4814    84.8390  1273.0608          0.8281           1200.0             0.1204  0.1204     NaN           0            0           -1  1.1
SKIPC-G1200         277.8483 -0.0000  10.0021  254.0624    135.6561    84.7347  1272.8708          0.8302           1200.0             0.1130  0.1130     NaN           0            0           -1  5.4
SPJF-reversed       567.1998 -1.2341  20.1704  455.9261   5432.9949  3749.2119  2237.5788          0.0000              inf                NaN     NaN     NaN          -1           -1           -1  1.0
CAP-G600-reversed   565.7295 -1.2278  17.6078  515.2776    525.0135   289.9067  1720.5948          0.4786            600.0             0.8750  0.8750  0.5542           0            0            0  5.9
SPJF-random         191.8163  0.3669   7.3465  111.1757   5420.3787  3772.1538  4809.0101          0.0000              inf                NaN     NaN     NaN          -1           -1           -1  1.0
CAP-G600-random     264.1506  0.0584   9.0006  175.2531    510.8985   331.1086  1729.0544          0.2818            600.0             0.8515  0.8515  0.5434           0            0            0  6.0
SPJF-top1short      537.8297 -1.1088  16.5830  346.7818   5458.6544  3399.0374  5153.4591          0.0000              inf                NaN     NaN     NaN          -1           -1           -1  0.9
CAP-G600-top1short  565.7118 -1.2278  15.6793  434.5997    523.1898   296.3080  1540.0082          0.4346            600.0             0.8720  0.8720  0.5478           0            0            0  6.0
   per-job bound checks 317,425,680; violations combined 0, Theorem A form 0, Theorem B (eta) form 0
## done in 33 s
## 2026-09-20 00:41:49 primary_rep2_L2_main  k=4 n=17,634,760 argv=--trace primary --rep 2 --level 2 --workers 4
   jobs FCFS would start within 1 s: 15,170,667 (86.0%)
                    w_p99_dl     gap   w_mean     w_p99  max_excess  harm_wf1s  max_heavy  qw_forced_frac  guar_excess_max  used_over_allowed   usedA   usedB  bound_viol  bound_violA  bound_violB  sec
policy                                                                                                                                                                                                  
FCFS                264.6694  0.0000  10.3078  227.5138      0.0000     0.0000  1127.7464          0.0000              inf                NaN     NaN     NaN          -1           -1           -1  0.9
SJF-ref              44.5242  1.0000   1.7451   35.6598   3571.4015   960.8376  3995.1573          0.0000              inf                NaN     NaN     NaN          -1           -1           -1  1.2
SPJF-M4              70.0352  0.8841   2.4213   44.4777   4196.5655   455.6722  4522.4868          0.0000              inf                NaN     NaN     NaN          -1           -1           -1  1.2
SPJF-M4refit         70.2667  0.8831   2.4217   44.4347   4196.5476   455.8806  4522.5062          0.0000              inf                NaN     NaN     NaN          -1           -1           -1  1.2
SPJF-tweedie         64.9651  0.9071   2.3549   42.5555   4196.4788   708.7601  4522.2726          0.0000              inf                NaN     NaN     NaN          -1           -1           -1  0.9
SPJF-tweedie_itr     65.0259  0.9069   2.3615   42.7334   3860.0983   529.0085  4378.8023          0.0000              inf                NaN     NaN     NaN          -1           -1           -1  0.9
SPJF-r1s             65.0526  0.9068   2.3632   42.7141   3603.9892   879.1565  4122.4716          0.0000              inf                NaN     NaN     NaN          -1           -1           -1  0.9
FIX-G300            165.1739  0.4520   5.5085   72.9638    212.0101   202.3430  1277.9082          0.2782            300.0             0.7067  0.7067     NaN           0            0           -1  5.3
FIXSEL-G300         256.3981  0.0376   7.6266  176.8856    107.0504   102.1978  1157.8680          0.5903            180.0             0.5947  0.5947     NaN           0            0           -1  5.4
CAP-G300            163.0583  0.4616   5.5710   77.4690    229.2769   112.9626  1277.9442          0.2874            300.0             0.7643  0.7643  0.5192           0            0            0  6.0
SKIP-G300           264.5754  0.0004  10.0831  226.2982     80.4702    46.0040  1128.7680          0.9042            300.0             0.2682  0.2682     NaN           0            0           -1  1.0
SKIPC-G300          264.7069 -0.0002  10.1196  226.5594     74.5620    45.2810  1128.3803          0.9108            300.0             0.2485  0.2485     NaN           0            0           -1  5.3
FIX-G600             88.2014  0.8016   3.8903   50.9326    510.4146   460.8261  1577.8584          0.0732            600.0             0.8507  0.8507     NaN           0            0           -1  5.3
FIXSEL-G600         165.1739  0.4520   5.5085   72.9638    212.0101   202.3430  1277.9082          0.2782            300.0             0.7067  0.7067     NaN           0            0           -1  5.5
CAP-G600             91.5526  0.7864   3.8893   51.4463    510.8701   339.0565  1578.0043          0.0716            600.0             0.8515  0.8515  0.5091           0            0            0  5.7
SKIP-G600           263.9189  0.0034   9.8159  225.1483    107.4236    63.2299  1129.9263          0.8636            600.0             0.1790  0.1790     NaN           0            0           -1  1.1
SKIPC-G600          263.9631  0.0032   9.8453  225.2469    107.4236    63.0005  1129.6601          0.8676            600.0             0.1790  0.1790     NaN           0            0           -1  5.4
FIX-G1200            75.2248  0.8605   3.0995   46.7603   1096.9930   708.7601  2174.0653          0.0066           1200.0             0.9142  0.9142     NaN           0            0           -1  5.8
FIXSEL-G1200        165.1739  0.4520   5.5085   72.9638    212.0101   202.3430  1277.9082          0.2782            300.0             0.7067  0.7067     NaN           0            0           -1  5.2
CAP-G1200            75.5689  0.8590   3.1306   46.9024   1103.5368   423.8312  2174.0617          0.0074           1200.0             0.9196  0.9196  0.4477           0            0            0  5.9
SKIP-G1200          263.7461  0.0042   9.3870  222.0438    142.6720    96.9087  1132.1413          0.8076           1200.0             0.1189  0.1189     NaN           0            0           -1  1.2
SKIPC-G1200         263.8269  0.0038   9.4087  222.2996    142.4009    95.9634  1131.9050          0.8100           1200.0             0.1187  0.1187     NaN           0            0           -1  5.3
SPJF-reversed       542.8002 -1.2634  18.7597  428.9508   4594.5523  3626.8357  1905.4207          0.0000              inf                NaN     NaN     NaN          -1           -1           -1  0.9
CAP-G600-reversed   526.6558 -1.1901  16.7482  453.8062    526.6140   259.6761  1567.1727          0.4331            600.0             0.8777  0.8777  0.5533           0            0            0  7.2
SPJF-random         203.8521  0.2763   6.9219  115.2251   4528.7565  3637.0265  4547.6007          0.0000              inf                NaN     NaN     NaN          -1           -1           -1  1.3
CAP-G600-random     266.4885 -0.0083   8.3119  167.3314    513.1294   332.8642  1572.0820          0.2462            600.0             0.8552  0.8552  0.5480           0            0            0  5.9
SPJF-top1short      510.2246 -1.1154  15.4356  342.3986   4622.2762  3320.6186  4310.6006          0.0000              inf                NaN     NaN     NaN          -1           -1           -1  0.9
CAP-G600-top1short  522.3496 -1.1705  14.8587  395.3585    527.2780   324.5892  1286.0101          0.3838            600.0             0.8788  0.8788  0.5436           0            0            0  5.7
   per-job bound checks 317,425,680; violations combined 0, Theorem A form 0, Theorem B (eta) form 0
## done in 32 s
## 2026-09-20 00:42:30 primary_rep3_L2_main  k=4 n=17,634,760 argv=--trace primary --rep 3 --level 2 --workers 4
   jobs FCFS would start within 1 s: 15,192,423 (86.2%)
                    w_p99_dl     gap   w_mean     w_p99  max_excess  harm_wf1s  max_heavy  qw_forced_frac  guar_excess_max  used_over_allowed   usedA   usedB  bound_viol  bound_violA  bound_violB  sec
policy                                                                                                                                                                                                  
FCFS                264.6523  0.0000  10.1174  228.9444      0.0000     0.0000  1177.1330          0.0000              inf                NaN     NaN     NaN          -1           -1           -1  1.0
SJF-ref              43.4878  1.0000   1.6810   34.4326   3430.8254  1362.1930  3890.5726          0.0000              inf                NaN     NaN     NaN          -1           -1           -1  1.2
SPJF-M4              66.5516  0.8957   2.3238   42.7896   4022.8309   551.1004  4345.4156          0.0000              inf                NaN     NaN     NaN          -1           -1           -1  1.2
SPJF-M4refit         66.3424  0.8967   2.3195   42.6193   4015.7920   551.0830  4349.2042          0.0000              inf                NaN     NaN     NaN          -1           -1           -1  1.2
SPJF-tweedie         62.4468  0.9143   2.2617   41.1117   3980.5764   611.5342  4283.5027          0.0000              inf                NaN     NaN     NaN          -1           -1           -1  0.9
SPJF-tweedie_itr     63.0130  0.9117   2.2681   41.1831   3614.8625   488.4971  4101.2473          0.0000              inf                NaN     NaN     NaN          -1           -1           -1  0.9
SPJF-r1s             62.2558  0.9151   2.2718   40.9988   3628.1885   607.0501  4166.6979          0.0000              inf                NaN     NaN     NaN          -1           -1           -1  0.9
FIX-G300            167.1172  0.4410   5.4954   69.7266    227.8946   201.9140  1328.3095          0.3044            300.0             0.7596  0.7596     NaN           0            0           -1  5.3
FIXSEL-G300         261.2051  0.0156   7.5098  175.7614    100.8186   100.2114  1208.4073          0.6011            180.0             0.5601  0.5601     NaN           0            0           -1  5.7
CAP-G300            166.3802  0.4443   5.5592   74.2114    219.5227   109.0781  1328.3872          0.3143            300.0             0.7317  0.7317  0.5126           0            0            0  6.3
SKIP-G300           264.6807 -0.0001   9.8924  227.8252     81.2808    81.2808  1177.8807          0.9044            300.0             0.2709  0.2709     NaN           0            0           -1  1.2
SKIPC-G300          264.6431  0.0000   9.9315  228.0399     57.3832    57.3467  1177.7738          0.9112            300.0             0.1913  0.1913     NaN           0            0           -1  5.4
FIX-G600             84.0604  0.8166   3.8489   49.0182    523.5029   520.4700  1628.3077          0.0792            600.0             0.8725  0.8725     NaN           0            0           -1  5.6
FIXSEL-G600         167.1172  0.4410   5.4954   69.7266    227.8946   201.9140  1328.3095          0.3044            300.0             0.7596  0.7596     NaN           0            0           -1  5.4
CAP-G600             87.7518  0.7999   3.8375   49.4894    512.4737   299.7823  1628.3590          0.0803            600.0             0.8541  0.8541  0.5081           0            0            0  5.5
SKIP-G600           264.8481 -0.0009   9.6257  225.9877     95.7374    82.3517  1178.9331          0.8637            600.0             0.1596  0.1596     NaN           0            0           -1  1.1
SKIPC-G600          264.8091 -0.0007   9.6569  226.2346     95.3622    82.3439  1178.8839          0.8679            600.0             0.1589  0.1589     NaN           0            0           -1  5.2
FIX-G1200            71.3955  0.8738   3.0682   45.0422   1113.7313   611.5342  2228.3216          0.0070           1200.0             0.9281  0.9281     NaN           0            0           -1  5.5
FIXSEL-G1200        167.1172  0.4410   5.4954   69.7266    227.8946   201.9140  1328.3095          0.3044            300.0             0.7596  0.7596     NaN           0            0           -1  5.7
CAP-G1200            71.5425  0.8732   3.0576   45.0423   1113.7313   575.9669  2228.3181          0.0080           1200.0             0.9281  0.9281  0.4429           0            0            0  5.8
SKIP-G1200          265.2775 -0.0028   9.2024  221.9633    135.1905   105.0331  1181.2963          0.8094           1200.0             0.1127  0.1127     NaN           0            0           -1  1.0
SKIPC-G1200         265.2584 -0.0027   9.2252  222.2104    135.2072   104.6214  1181.1190          0.8119           1200.0             0.1127  0.1127     NaN           0            0           -1  5.3
SPJF-reversed       542.8863 -1.2580  18.3700  416.4918   4577.7924  4071.0367  2044.4072          0.0000              inf                NaN     NaN     NaN          -1           -1           -1  0.9
CAP-G600-reversed   536.9220 -1.2311  16.4015  442.2581    525.8061   284.2155  1621.6661          0.4410            600.0             0.8763  0.8763  0.5580           0            0            0  5.7
SPJF-random         194.1559  0.3188   6.7514  106.6402   4576.9471  4291.9881  4127.4768          0.0000              inf                NaN     NaN     NaN          -1           -1           -1  1.1
CAP-G600-random     259.2036  0.0246   8.1609  155.3546    512.2228   328.2974  1637.0832          0.2590            600.0             0.8537  0.8537  0.5689           0            0            0  6.2
SPJF-top1short      510.0429 -1.1095  15.1148  330.7300   4168.4933  3142.0874  4113.0347          0.0000              inf                NaN     NaN     NaN          -1           -1           -1  1.0
CAP-G600-top1short  527.6472 -1.1891  14.5687  382.1440    514.8479   263.7678  1424.0916          0.3972            600.0             0.8581  0.8581  0.5555           0            0            0  5.9
   per-job bound checks 317,425,680; violations combined 0, Theorem A form 0, Theorem B (eta) form 0
## done in 32 s
## 2026-09-20 00:43:02 primary_rep4_L2_main  k=4 n=17,634,760 argv=--trace primary --rep 4 --level 2 --workers 4
   jobs FCFS would start within 1 s: 15,208,397 (86.2%)
                    w_p99_dl     gap   w_mean     w_p99  max_excess  harm_wf1s  max_heavy  qw_forced_frac  guar_excess_max  used_over_allowed   usedA   usedB  bound_viol  bound_violA  bound_violB  sec
policy                                                                                                                                                                                                  
FCFS                297.2077  0.0000   9.9611  226.6531      0.0000     0.0000  1149.9378          0.0000              inf                NaN     NaN     NaN          -1           -1           -1  1.0
SJF-ref              43.8874  1.0000   1.7165   34.9223   3324.4413  1365.9006  3682.7016          0.0000              inf                NaN     NaN     NaN          -1           -1           -1  1.2
SPJF-M4              68.2583  0.9038   2.4088   43.8058   3921.9325   392.7954  4078.1799          0.0000              inf                NaN     NaN     NaN          -1           -1           -1  1.2
SPJF-M4refit         68.3012  0.9036   2.4041   43.8170   3932.6674   392.7956  4055.8714          0.0000              inf                NaN     NaN     NaN          -1           -1           -1  1.2
SPJF-tweedie         64.2397  0.9197   2.3347   42.0091   3911.2700   387.0397  4078.2168          0.0000              inf                NaN     NaN     NaN          -1           -1           -1  0.9
SPJF-tweedie_itr     64.6794  0.9179   2.3438   42.0415   3476.8846   462.8597  3886.9412          0.0000              inf                NaN     NaN     NaN          -1           -1           -1  0.9
SPJF-r1s             64.2876  0.9195   2.3470   42.0929   3436.4305   368.9498  3860.4005          0.0000              inf                NaN     NaN     NaN          -1           -1           -1  0.9
FIX-G300            182.8327  0.4515   5.2334   68.1626    224.3724   175.9449  1300.1602          0.2361            300.0             0.7479  0.7479     NaN           0            0           -1  5.4
FIXSEL-G300         287.0907  0.0399   7.2890  170.8906    102.1696    73.3433  1180.1277          0.5566            180.0             0.5676  0.5676     NaN           0            0           -1  5.4
CAP-G300            173.8889  0.4868   5.3108   72.3179    212.2180   113.7532  1300.1914          0.2439            300.0             0.7074  0.7074  0.4970           0            0            0  6.1
SKIP-G300           296.0676  0.0045   9.7295  225.5827     72.6530    54.2813  1150.6896          0.8936            300.0             0.2422  0.2422     NaN           0            0           -1  1.0
SKIPC-G300          296.2934  0.0036   9.7677  225.7816     67.8710    54.1558  1150.6229          0.9009            300.0             0.2262  0.2262     NaN           0            0           -1  5.5
FIX-G600             90.4884  0.8160   3.6688   49.3727    513.9782   387.0397  1600.2521          0.0500            600.0             0.8566  0.8566     NaN           0            0           -1  5.8
FIXSEL-G600         182.8327  0.4515   5.2334   68.1626    224.3724   175.9449  1300.1602          0.2361            300.0             0.7479  0.7479     NaN           0            0           -1  5.5
CAP-G600             94.0004  0.8022   3.6716   49.9470    512.8403   174.8079  1600.2994          0.0515            600.0             0.8547  0.8547  0.5383           0            0            0  5.8
SKIP-G600           295.7882  0.0056   9.4550  224.1380    112.4402    62.4084  1151.9145          0.8486            600.0             0.1874  0.1874     NaN           0            0           -1  1.1
SKIPC-G600          295.6778  0.0060   9.4857  224.2897    112.4096    62.4010  1151.6829          0.8532            600.0             0.1873  0.1873     NaN           0            0           -1  5.5
FIX-G1200            76.6215  0.8708   3.0202   45.9814   1109.4167   387.0397  2184.9047          0.0051           1200.0             0.9245  0.9245     NaN           0            0           -1  5.3
FIXSEL-G1200        182.8327  0.4515   5.2334   68.1626    224.3724   175.9449  1300.1602          0.2361            300.0             0.7479  0.7479     NaN           0            0           -1  5.3
CAP-G1200            76.6858  0.8705   3.0221   45.9222   1106.2261   322.7153  2186.2538          0.0061           1200.0             0.9219  0.9219  0.4670           0            0            0  5.6
SKIP-G1200          295.5717  0.0065   9.0194  219.6005    144.5266    75.1005  1153.9878          0.7881           1200.0             0.1204  0.1204     NaN           0            0           -1  1.0
SKIPC-G1200         295.5803  0.0064   9.0419  219.9462    142.6086    75.0674  1153.8777          0.7908           1200.0             0.1188  0.1188     NaN           0            0           -1  5.0
SPJF-reversed       613.2645 -1.2477  18.4399  409.2160   4058.6230  3166.5694  2115.1172          0.0000              inf                NaN     NaN     NaN          -1           -1           -1  0.9
CAP-G600-reversed   597.5872 -1.1858  16.2056  433.8727    534.7906   309.0970  1608.9539          0.4173            600.0             0.8913  0.8913  0.5572           0            0            0  5.6
SPJF-random         200.2482  0.3828   6.8027  106.5040   4057.0287  3427.7513  3932.4813          0.0000              inf                NaN     NaN     NaN          -1           -1           -1  1.1
CAP-G600-random     271.3987  0.1019   7.9589  153.2701    512.3368   330.3172  1606.1221          0.2218            600.0             0.8539  0.8539  0.5626           0            0            0  5.9
SPJF-top1short      565.9989 -1.0611  15.3270  327.9639   4002.2431  3034.4355  3846.4378          0.0000              inf                NaN     NaN     NaN          -1           -1           -1  1.0
CAP-G600-top1short  593.1499 -1.1683  14.5125  378.4933    534.7269   215.5476  1547.6667          0.3785            600.0             0.8912  0.8912  0.5675           0            0            0  5.6
   per-job bound checks 317,425,680; violations combined 0, Theorem A form 0, Theorem B (eta) form 0
## done in 31 s
## 2026-09-20 00:43:34 primary_rep0_L1_main  k=5 n=17,634,760 argv=--trace primary --rep 0 --level 1 --workers 4
   jobs FCFS would start within 1 s: 16,013,840 (90.8%)
                    w_p99_dl     gap  w_mean     w_p99  max_excess  harm_wf1s  max_heavy  qw_forced_frac  guar_excess_max  used_over_allowed   usedA   usedB  bound_viol  bound_violA  bound_violB  sec
policy                                                                                                                                                                                                 
FCFS                109.7080  0.0000  4.1060   79.8259      0.0000     0.0000  1022.8812          0.0000              inf                NaN     NaN     NaN          -1           -1           -1  1.0
SJF-ref              34.1863  1.0000  0.9655   26.1768   2667.4241   774.8472  3072.2622          0.0000              inf                NaN     NaN     NaN          -1           -1           -1  1.2
SPJF-M4              44.6934  0.8609  1.2398   30.7196   3055.1176   241.4443  3346.7394          0.0000              inf                NaN     NaN     NaN          -1           -1           -1  1.2
SPJF-M4refit         44.7664  0.8599  1.2418   30.7623   3055.1233   241.4295  3346.7451          0.0000              inf                NaN     NaN     NaN          -1           -1           -1  1.2
SPJF-tweedie         43.8625  0.8719  1.2304   30.4846   3044.4703   249.1842  3312.7708          0.0000              inf                NaN     NaN     NaN          -1           -1           -1  0.9
SPJF-tweedie_itr     43.8706  0.8718  1.2302   30.3434   2691.2412   222.6900  3131.8871          0.0000              inf                NaN     NaN     NaN          -1           -1           -1  0.9
SPJF-r1s             43.1173  0.8817  1.2284   30.0292   2657.6554   250.5962  3098.1727          0.0000              inf                NaN     NaN     NaN          -1           -1           -1  0.9
FIX-G300             53.5977  0.7430  2.0493   35.2679    214.1233   177.0591  1166.8651          0.1144            300.0             0.7137  0.7137     NaN           0            0           -1  5.2
FIXSEL-G300          84.5645  0.3329  2.8428   45.7379    104.2954    86.4671  1053.0366          0.3967            186.0             0.5607  0.5607     NaN           0            0           -1  5.1
CAP-G300             56.5136  0.7044  2.0860   36.6569    199.5435    86.6265  1166.8668          0.1298            300.0             0.6651  0.6651  0.4422           0            0            0  5.6
SKIP-G300           109.3178  0.0052  3.9592   78.1237     57.4421    53.1605  1023.6761          0.8018            300.0             0.1915  0.1915     NaN           0            0           -1  1.3
SKIPC-G300          109.3147  0.0052  3.9843   78.4626     57.4078    52.9888  1023.4945          0.8134            300.0             0.1914  0.1914     NaN           0            0           -1  5.1
FIX-G600             47.4309  0.8246  1.5509   32.6308    507.9580   249.1842  1460.8056          0.0118            600.0             0.8466  0.8466     NaN           0            0           -1  5.1
FIXSEL-G600          53.1781  0.7485  2.0180   35.0460    224.7916   183.9358  1172.9694          0.1086            306.0             0.7346  0.7346     NaN           0            0           -1  5.2
CAP-G600             47.8387  0.8192  1.5309   32.5962    513.8331   188.8502  1466.8131          0.0123            600.0             0.8564  0.8564  0.4970           0            0            0  5.4
SKIP-G600           108.9690  0.0098  3.7963   75.2527     76.3636    54.1788  1024.8908          0.7337            600.0             0.1273  0.1273     NaN           0            0           -1  1.0
SKIPC-G600          109.0173  0.0091  3.8146   75.5782     76.3619    54.0513  1024.8385          0.7405            600.0             0.1273  0.1273     NaN           0            0           -1  5.1
FIX-G1200            45.8177  0.8460  1.3869   31.5660   1103.9312   249.1842  2063.6457          0.0024           1200.0             0.9199  0.9199     NaN           0            0           -1  5.3
FIXSEL-G1200         53.1781  0.7485  2.0180   35.0460    224.7916   183.9358  1172.9694          0.1086            306.0             0.7346  0.7346     NaN           0            0           -1  5.0
CAP-G1200            45.7327  0.8471  1.3628   31.5218   1091.0432   249.1842  2063.6422          0.0024           1200.0             0.9092  0.9092  0.4284           0            0            0  5.5
SKIP-G1200          107.5325  0.0288  3.5585   68.5982    103.3365    60.8476  1027.0167          0.6512           1200.0             0.0861  0.0861     NaN           0            0           -1  1.0
SKIPC-G1200         107.5864  0.0281  3.5705   68.9389    103.3365    60.8411  1026.9663          0.6550           1200.0             0.0861  0.0861     NaN           0            0           -1  5.2
SPJF-reversed       218.0718 -1.4349  7.6156  150.1273   3387.8909  3387.8909  1989.7746          0.0000              inf                NaN     NaN     NaN          -1           -1           -1  0.9
CAP-G600-reversed   220.5381 -1.4675  6.9289  158.8842    512.4809   314.0001  1463.3962          0.3143            600.0             0.8541  0.8541  0.5104           0            0            0  5.4
SPJF-random          75.4636  0.4534  2.7737   45.9339   3319.4227  3257.8537  3311.2105          0.0000              inf                NaN     NaN     NaN          -1           -1           -1  1.0
CAP-G600-random      84.0051  0.3403  3.1923   50.1019    501.2349   337.5131  1467.3227          0.1382            600.0             0.8354  0.8354  0.4978           0            0            0  5.8
SPJF-top1short      207.0599 -1.2891  6.4524  124.8362   3292.0641  3181.7069  3101.9555          0.0000              inf                NaN     NaN     NaN          -1           -1           -1  0.9
CAP-G600-top1short  211.9869 -1.3543  6.1584  134.4186    512.2293   308.4754  1196.0840          0.2763            600.0             0.8537  0.8537  0.5064           0            0            0  5.3
   per-job bound checks 317,425,680; violations combined 0, Theorem A form 0, Theorem B (eta) form 0
## done in 30 s
## 2026-09-20 00:44:05 primary_rep1_L1_main  k=5 n=17,634,760 argv=--trace primary --rep 1 --level 1 --workers 4
   jobs FCFS would start within 1 s: 16,023,981 (90.9%)
                    w_p99_dl     gap  w_mean     w_p99  max_excess  harm_wf1s  max_heavy  qw_forced_frac  guar_excess_max  used_over_allowed   usedA   usedB  bound_viol  bound_violA  bound_violB  sec
policy                                                                                                                                                                                                 
FCFS                111.4636  0.0000  4.2733   86.7541      0.0000     0.0000   848.2843          0.0000              inf                NaN     NaN     NaN          -1           -1           -1  1.0
SJF-ref              32.2131  1.0000  0.9177   24.7005   2410.5084   255.4372  2755.8509          0.0000              inf                NaN     NaN     NaN          -1           -1           -1  1.2
SPJF-M4              42.6237  0.8686  1.1919   29.2300   2814.9300   390.8841  3017.1815          0.0000              inf                NaN     NaN     NaN          -1           -1           -1  1.2
SPJF-M4refit         42.6273  0.8686  1.1924   29.2011   2814.9129   390.4717  3017.1814          0.0000              inf                NaN     NaN     NaN          -1           -1           -1  1.2
SPJF-tweedie         41.2068  0.8865  1.1733   28.6418   2846.3936   264.4993  3048.7158          0.0000              inf                NaN     NaN     NaN          -1           -1           -1  0.9
SPJF-tweedie_itr     41.0501  0.8885  1.1723   28.5407   2512.3208   208.3600  2834.2860          0.0000              inf                NaN     NaN     NaN          -1           -1           -1  0.8
SPJF-r1s             40.8208  0.8914  1.1714   28.2627   2483.0791   266.3374  2864.0596          0.0000              inf                NaN     NaN     NaN          -1           -1           -1  0.9
FIX-G300             50.9633  0.7634  2.0794   33.9654    198.2737   174.0038   986.8700          0.1205            300.0             0.6609  0.6609     NaN           0            0           -1  5.2
FIXSEL-G300          89.2851  0.2799  2.9855   46.1318    109.7156   109.5163   878.4351          0.4395            186.0             0.5899  0.5899     NaN           0            0           -1  5.3
CAP-G300             54.2960  0.7214  2.0987   35.4061    197.6537   109.5862   992.2464          0.1296            300.0             0.6588  0.6588  0.4369           0            0            0  5.6
SKIP-G300           111.1096  0.0045  4.1297   84.9782     64.1504    58.7767   848.9821          0.8225            300.0             0.2138  0.2138     NaN           0            0           -1  1.1
SKIPC-G300          111.0932  0.0047  4.1551   85.3871     63.8906    58.7084   848.9774          0.8328            300.0             0.2130  0.2130     NaN           0            0           -1  5.0
FIX-G600             44.9646  0.8391  1.5114   30.9008    511.3087   264.4993  1291.5840          0.0122            600.0             0.8522  0.8522     NaN           0            0           -1  5.0
FIXSEL-G600          50.3250  0.7715  2.0494   33.8169    201.2638   174.0720   993.3873          0.1127            306.0             0.6577  0.6577     NaN           0            0           -1  5.6
CAP-G600             45.3351  0.8344  1.4751   30.9058    489.4102   206.8726  1292.4336          0.0129            600.0             0.8157  0.8157  0.4860           0            0            0  5.7
SKIP-G600           110.6205  0.0106  3.9693   81.7256     97.5376    63.5414   850.1495          0.7633            600.0             0.1626  0.1626     NaN           0            0           -1  0.9
SKIPC-G600          110.6866  0.0098  3.9883   82.2219     97.5376    63.3953   850.1311          0.7688            600.0             0.1626  0.1626     NaN           0            0           -1  5.4
FIX-G1200            43.3750  0.8592  1.3378   29.9533   1110.9289   264.4993  1892.4068          0.0024           1200.0             0.9258  0.9258     NaN           0            0           -1  5.2
FIXSEL-G1200         50.3250  0.7715  2.0494   33.8169    201.2638   174.0720   993.3873          0.1127            306.0             0.6577  0.6577     NaN           0            0           -1  5.2
CAP-G1200            43.3569  0.8594  1.3392   29.9237   1110.9281   264.4993  1892.3531          0.0029           1200.0             0.9258  0.9258  0.4491           0            0            0  5.3
SKIP-G1200          109.1059  0.0298  3.7368   75.6822    113.9551    83.5539   852.2125          0.6910           1200.0             0.0950  0.0950     NaN           0            0           -1  1.0
SKIPC-G1200         109.2976  0.0273  3.7486   76.0608    113.8946    83.5464   852.0482          0.6942           1200.0             0.0949  0.0949     NaN           0            0           -1  5.1
SPJF-reversed       218.5583 -1.3513  8.1292  154.5593   3076.3412  1820.9504  1565.2841          0.0000              inf                NaN     NaN     NaN          -1           -1           -1  0.8
CAP-G600-reversed   227.3489 -1.4623  7.3205  168.5305    513.5491   323.4062  1264.9372          0.3736            600.0             0.8559  0.8559  0.5390           0            0            0  5.6
SPJF-random          74.6205  0.4649  2.9548   45.0080   3074.0481  2161.8949  2970.0419          0.0000              inf                NaN     NaN     NaN          -1           -1           -1  1.1
CAP-G600-random      84.9322  0.3348  3.4326   50.6668    504.5105   325.9795  1290.8751          0.1657            600.0             0.8409  0.8409  0.5356           0            0            0  5.6
SPJF-top1short      204.3433 -1.1720  6.8203  127.1803   2948.2476  1539.1425  2815.7493          0.0000              inf                NaN     NaN     NaN          -1           -1           -1  0.9
CAP-G600-top1short  218.4433 -1.3499  6.5232  141.3676    508.8908   305.6148  1127.4087          0.3376            600.0             0.8482  0.8482  0.5351           0            0            0  5.5
   per-job bound checks 317,425,680; violations combined 0, Theorem A form 0, Theorem B (eta) form 0
## done in 30 s
## 2026-09-20 00:44:36 primary_rep2_L1_main  k=5 n=17,634,760 argv=--trace primary --rep 2 --level 1 --workers 4
   jobs FCFS would start within 1 s: 16,018,471 (90.8%)
                    w_p99_dl     gap  w_mean     w_p99  max_excess  harm_wf1s  max_heavy  qw_forced_frac  guar_excess_max  used_over_allowed   usedA   usedB  bound_viol  bound_violA  bound_violB  sec
policy                                                                                                                                                                                                 
FCFS                120.1386  0.0000  4.1611   87.4381      0.0000     0.0000   803.9387          0.0000              inf                NaN     NaN     NaN          -1           -1           -1  0.9
SJF-ref              33.3534  1.0000  0.9491   25.0601   1837.9739   578.0904  2130.3496          0.0000              inf                NaN     NaN     NaN          -1           -1           -1  1.2
SPJF-M4              45.1012  0.8646  1.2504   29.9469   2438.9160   259.3722  2680.0773          0.0000              inf                NaN     NaN     NaN          -1           -1           -1  1.2
SPJF-M4refit         45.0807  0.8649  1.2477   29.8975   2438.9186   259.3623  2680.0712          0.0000              inf                NaN     NaN     NaN          -1           -1           -1  1.2
SPJF-tweedie         44.2265  0.8747  1.2304   29.3319   2418.9025   469.2562  2691.1867          0.0000              inf                NaN     NaN     NaN          -1           -1           -1  0.9
SPJF-tweedie_itr     44.3295  0.8735  1.2325   29.3593   2144.3708   235.3579  2489.9747          0.0000              inf                NaN     NaN     NaN          -1           -1           -1  0.9
SPJF-r1s             43.6326  0.8816  1.2302   29.1949   2104.9821   380.4443  2477.9829          0.0000              inf                NaN     NaN     NaN          -1           -1           -1  0.8
FIX-G300             54.8679  0.7521  2.0194   34.5154    210.9248   175.2516   948.2587          0.0974            300.0             0.7031  0.7031     NaN           0            0           -1  5.2
FIXSEL-G300          93.9517  0.3017  2.8444   47.0723    106.5818    75.8867   834.1300          0.4046            186.0             0.5730  0.5730     NaN           0            0           -1  6.0
CAP-G300             57.6033  0.7206  2.0484   35.8870    207.2867   107.0725   951.0169          0.1186            300.0             0.6910  0.6910  0.4311           0            0            0  6.0
SKIP-G300           120.1986 -0.0007  4.0118   85.7918     64.1504    57.3012   804.7524          0.8069            300.0             0.2138  0.2138     NaN           0            0           -1  1.3
SKIPC-G300          120.2242 -0.0010  4.0386   86.1354     63.8906    57.3012   804.5403          0.8179            300.0             0.2130  0.2130     NaN           0            0           -1  5.4
FIX-G600             47.7314  0.8343  1.5184   31.4984    502.5814   446.7270  1252.0705          0.0101            600.0             0.8376  0.8376     NaN           0            0           -1  5.5
FIXSEL-G600          54.5824  0.7554  1.9944   34.3533    231.1885   175.2516   954.1448          0.0896            306.0             0.7555  0.7555     NaN           0            0           -1  5.2
CAP-G600             48.2667  0.8282  1.5395   31.6607    492.1145   162.1491  1289.6136          0.0119            600.0             0.8202  0.8202  0.4638           0            0            0  7.2
SKIP-G600           119.5309  0.0070  3.8437   82.7481     97.5376    60.9545   805.9143          0.7436            600.0             0.1626  0.1626     NaN           0            0           -1  1.0
SKIPC-G600          119.5417  0.0069  3.8627   83.1224     97.5376    60.8722   805.8681          0.7498            600.0             0.1626  0.1626     NaN           0            0           -1  5.1
FIX-G1200            45.9034  0.8554  1.3911   30.5576   1095.4009   469.2562  1797.0438          0.0019           1200.0             0.9128  0.9128     NaN           0            0           -1  5.4
FIXSEL-G1200         54.5824  0.7554  1.9944   34.3533    231.1885   175.2516   954.1448          0.0896            306.0             0.7555  0.7555     NaN           0            0           -1  5.5
CAP-G1200            45.8323  0.8562  1.3740   30.5527   1094.0155   309.8263  1797.0450          0.0023           1200.0             0.9117  0.9117  0.4263           0            0            0  5.6
SKIP-G1200          118.3514  0.0206  3.5969   75.5581    128.6483    66.8189   807.9408          0.6644           1200.0             0.1072  0.1072     NaN           0            0           -1  1.2
SKIPC-G1200         118.2910  0.0213  3.6094   75.9493    128.6483    66.7003   807.6864          0.6679           1200.0             0.1072  0.1072     NaN           0            0           -1  5.1
SPJF-reversed       231.2665 -1.2805  7.6455  157.5642   2708.6386  2484.8489  1463.7090          0.0000              inf                NaN     NaN     NaN          -1           -1           -1  0.9
CAP-G600-reversed   234.4914 -1.3177  7.0237  168.0650    506.4097   300.9574  1254.4731          0.3033            600.0             0.8440  0.8440  0.5157           0            0            0  5.5
SPJF-random          83.1431  0.4263  2.8693   47.3273   2678.5732  2451.9623  2692.2197          0.0000              inf                NaN     NaN     NaN          -1           -1           -1  1.1
CAP-G600-random      92.9081  0.3138  3.2361   52.0578    493.1651   352.3067  1265.9985          0.1225            600.0             0.8219  0.8219  0.5128           0            0            0  5.4
SPJF-top1short      216.6067 -1.1116  6.4124  130.2577   2627.7651  1956.2024  2451.1172          0.0000              inf                NaN     NaN     NaN          -1           -1           -1  0.9
CAP-G600-top1short  224.9229 -1.2074  6.1699  141.8131    507.8832   293.3508  1060.1662          0.2592            600.0             0.8465  0.8465  0.4979           0            0            0  5.7
   per-job bound checks 317,425,680; violations combined 0, Theorem A form 0, Theorem B (eta) form 0
## done in 32 s
## 2026-09-20 00:45:08 primary_rep3_L1_main  k=5 n=17,634,760 argv=--trace primary --rep 3 --level 1 --workers 4
   jobs FCFS would start within 1 s: 16,012,654 (90.8%)
                    w_p99_dl     gap  w_mean     w_p99  max_excess  harm_wf1s  max_heavy  qw_forced_frac  guar_excess_max  used_over_allowed   usedA   usedB  bound_viol  bound_violA  bound_violB  sec
policy                                                                                                                                                                                                 
FCFS                124.2571  0.0000  4.2194   85.2533      0.0000     0.0000   813.6108          0.0000              inf                NaN     NaN     NaN          -1           -1           -1  1.0
SJF-ref              34.3595  1.0000  0.9922   26.0802   2181.6360   289.6859  2483.4574          0.0000              inf                NaN     NaN     NaN          -1           -1           -1  1.2
SPJF-M4              44.9226  0.8825  1.2938   30.9598   2538.7714   355.7907  2775.1187          0.0000              inf                NaN     NaN     NaN          -1           -1           -1  1.2
SPJF-M4refit         44.9177  0.8826  1.2942   30.9212   2538.7652   355.7894  2775.1108          0.0000              inf                NaN     NaN     NaN          -1           -1           -1  1.2
SPJF-tweedie         43.9630  0.8932  1.2676   30.3204   2545.1898   342.3372  2785.5031          0.0000              inf                NaN     NaN     NaN          -1           -1           -1  0.9
SPJF-tweedie_itr     43.8945  0.8939  1.2700   30.3775   2233.7284   330.4255  2595.4660          0.0000              inf                NaN     NaN     NaN          -1           -1           -1  0.9
SPJF-r1s             43.3546  0.8999  1.2722   30.1280   2208.6250   889.8689  2562.1190          0.0000              inf                NaN     NaN     NaN          -1           -1           -1  0.9
FIX-G300             53.5883  0.7861  2.1344   35.5388    202.2040   165.5106   957.7442          0.1304            300.0             0.6740  0.6740     NaN           0            0           -1  5.0
FIXSEL-G300          94.9350  0.3262  2.9401   46.7062     99.0621    80.3437   843.8282          0.4272            186.0             0.5326  0.5326     NaN           0            0           -1  5.2
CAP-G300             57.1701  0.7463  2.1965   37.0634    202.2039    90.9793   957.7662          0.1453            300.0             0.6740  0.6740  0.4306           0            0            0  6.1
SKIP-G300           124.2182  0.0004  4.0704   83.2361     56.4338    45.9192   814.3904          0.8112            300.0             0.1881  0.1881     NaN           0            0           -1  1.0
SKIPC-G300          123.9118  0.0038  4.0965   83.6651     56.4062    45.7458   814.1919          0.8221            300.0             0.1880  0.1880     NaN           0            0           -1  5.1
FIX-G600             47.1954  0.8572  1.6145   32.4534    497.2890   342.3372  1261.4819          0.0125            600.0             0.8288  0.8288     NaN           0            0           -1  5.5
FIXSEL-G600          53.3996  0.7882  2.1090   35.3589    208.7415   174.1090   963.7158          0.1226            306.0             0.6822  0.6822     NaN           0            0           -1  5.8
CAP-G600             47.8641  0.8498  1.5843   32.5620    501.9244   160.3543  1261.5139          0.0126            600.0             0.8365  0.8365  0.4717           0            0            0  5.8
SKIP-G600           123.3119  0.0105  3.9056   80.2723     73.7130    51.2391   815.5066          0.7480            600.0             0.1229  0.1229     NaN           0            0           -1  1.0
SKIPC-G600          123.2342  0.0114  3.9250   80.6195     73.7130    50.9055   815.3627          0.7541            600.0             0.1229  0.1229     NaN           0            0           -1  5.2
FIX-G1200            45.6094  0.8749  1.4320   31.5339   1099.6003   342.3372  1837.7284          0.0019           1200.0             0.9163  0.9163     NaN           0            0           -1  5.3
FIXSEL-G1200         53.3996  0.7882  2.1090   35.3589    208.7415   174.1090   963.7158          0.1226            306.0             0.6822  0.6822     NaN           0            0           -1  5.6
CAP-G1200            45.6188  0.8748  1.4137   31.5218   1099.6003   320.1511  1840.6460          0.0024           1200.0             0.9163  0.9163  0.4358           0            0            0  5.4
SKIP-G1200          123.0029  0.0140  3.6687   73.1938    130.6746    60.2005   817.8134          0.6721           1200.0             0.1089  0.1089     NaN           0            0           -1  1.0
SKIPC-G1200         123.0311  0.0136  3.6812   73.6640    130.6746    60.2005   817.6714          0.6752           1200.0             0.1089  0.1089     NaN           0            0           -1  5.4
SPJF-reversed       229.7790 -1.1738  7.6856  156.5377   2838.4636  2838.4636  1457.5826          0.0000              inf                NaN     NaN     NaN          -1           -1           -1  0.8
CAP-G600-reversed   232.7538 -1.2069  7.0715  165.2874    507.8345   277.6430  1242.7338          0.3236            600.0             0.8464  0.8464  0.5010           0            0            0  5.9
SPJF-random          79.8602  0.4939  2.9004   46.6013   2827.7744  2581.2233  2658.1216          0.0000              inf                NaN     NaN     NaN          -1           -1           -1  1.1
CAP-G600-random      89.2888  0.3890  3.3045   51.2455    496.8879   327.1372  1261.9022          0.1368            600.0             0.8281  0.8281  0.5003           0            0            0  5.8
SPJF-top1short      212.1353 -0.9775  6.5096  129.7884   2743.5025  2743.5025  2558.3271          0.0000              inf                NaN     NaN     NaN          -1           -1           -1  0.9
CAP-G600-top1short  220.9177 -1.0752  6.2755  140.0945    502.5355   260.7419  1168.6440          0.2746            600.0             0.8376  0.8376  0.5034           0            0            0  6.2
   per-job bound checks 317,425,680; violations combined 0, Theorem A form 0, Theorem B (eta) form 0
## done in 32 s
## 2026-09-20 00:45:40 primary_rep4_L1_main  k=5 n=17,634,760 argv=--trace primary --rep 4 --level 1 --workers 4
   jobs FCFS would start within 1 s: 16,027,735 (90.9%)
                    w_p99_dl     gap  w_mean     w_p99  max_excess  harm_wf1s  max_heavy  qw_forced_frac  guar_excess_max  used_over_allowed   usedA   usedB  bound_viol  bound_violA  bound_violB  sec
policy                                                                                                                                                                                                 
FCFS                131.1919  0.0000  4.0410   83.3211      0.0000     0.0000   823.6250          0.0000              inf                NaN     NaN     NaN          -1           -1           -1  1.0
SJF-ref              33.6506  1.0000  0.9696   25.2329   2004.8767  1242.3067  2260.9257          0.0000              inf                NaN     NaN     NaN          -1           -1           -1  1.2
SPJF-M4              44.6315  0.8874  1.2778   29.8592   2439.2210   356.2940  2550.7989          0.0000              inf                NaN     NaN     NaN          -1           -1           -1  1.2
SPJF-M4refit         44.6418  0.8873  1.2785   29.8730   2459.4810   297.6268  2581.0310          0.0000              inf                NaN     NaN     NaN          -1           -1           -1  1.2
SPJF-tweedie         43.6878  0.8971  1.2469   29.2723   2459.7067   292.8259  2580.9163          0.0000              inf                NaN     NaN     NaN          -1           -1           -1  0.9
SPJF-tweedie_itr     44.0501  0.8934  1.2533   29.3934   2133.6127   281.7843  2358.4506          0.0000              inf                NaN     NaN     NaN          -1           -1           -1  0.9
SPJF-r1s             43.1957  0.9021  1.2489   29.1100   2066.3010   266.3269  2349.5674          0.0000              inf                NaN     NaN     NaN          -1           -1           -1  0.8
FIX-G300             56.8373  0.7623  1.9912   34.4687    209.7195   186.3498   977.1902          0.0834            300.0             0.6991  0.6991     NaN           0            0           -1  5.0
FIXSEL-G300          98.6684  0.3334  2.7235   44.9873     99.1333    86.2459   853.9906          0.3496            186.0             0.5330  0.5330     NaN           0            0           -1  5.6
CAP-G300             58.2394  0.7479  2.0152   35.7348    201.6411   109.5110   977.9581          0.1012            300.0             0.6721  0.6721  0.4794           0            0            0  5.7
SKIP-G300           131.1853  0.0001  3.8887   81.0439     58.9943    46.4402   824.6773          0.7840            300.0             0.1966  0.1966     NaN           0            0           -1  1.0
SKIPC-G300          131.2002 -0.0001  3.9157   81.5779     64.1551    46.2746   824.5573          0.7968            300.0             0.2139  0.2139     NaN           0            0           -1  5.2
FIX-G600             47.9073  0.8538  1.5013   31.3980    512.8666   292.8259  1276.0572          0.0091            600.0             0.8548  0.8548     NaN           0            0           -1  5.4
FIXSEL-G600          56.4537  0.7662  1.9803   34.4557    209.7234   200.2789   981.3531          0.0793            306.0             0.6854  0.6854     NaN           0            0           -1  5.6
CAP-G600             47.8848  0.8541  1.4945   31.2478    508.8523   313.2108  1274.3991          0.0113            600.0             0.8481  0.8481  0.5088           0            0            0  5.9
SKIP-G600           130.8910  0.0031  3.7194   78.1361     89.8707    52.9825   825.7731          0.7128            600.0             0.1498  0.1498     NaN           0            0           -1  1.0
SKIPC-G600          130.8897  0.0031  3.7389   78.5997     89.3073    53.0571   825.6913          0.7198            600.0             0.1488  0.1488     NaN           0            0           -1  5.5
FIX-G1200            46.2242  0.8711  1.3872   30.4839   1092.7912   292.8259  1833.3316          0.0018           1200.0             0.9107  0.9107     NaN           0            0           -1  5.2
FIXSEL-G1200         56.4537  0.7662  1.9803   34.4557    209.7234   200.2789   981.3531          0.0793            306.0             0.6854  0.6854     NaN           0            0           -1  6.1
CAP-G1200            46.2631  0.8707  1.3764   30.4351   1103.7552   292.8259  1833.2127          0.0024           1200.0             0.9198  0.9198  0.4645           0            0            0  5.9
SKIP-G1200          129.2821  0.0196  3.4769   71.4207    133.1564    61.5931   827.9353          0.6261           1200.0             0.1110  0.1110     NaN           0            0           -1  0.9
SKIPC-G1200         129.4121  0.0182  3.4892   71.8291    133.0937    61.3973   827.7803          0.6299           1200.0             0.1109  0.1109     NaN           0            0           -1  4.9
SPJF-reversed       242.9095 -1.1453  7.6205  153.8847   2577.9734  2471.5452  1561.6405          0.0000              inf                NaN     NaN     NaN          -1           -1           -1  0.9
CAP-G600-reversed   246.9160 -1.1864  6.9339  163.4256    512.5868   302.8401  1273.2554          0.2996            600.0             0.8543  0.8543  0.4952           0            0            0  5.5
SPJF-random          79.4984  0.5300  2.8636   45.1780   2581.2754  2152.5145  2469.6009          0.0000              inf                NaN     NaN     NaN          -1           -1           -1  1.2
CAP-G600-random      90.8225  0.4139  3.1941   49.2205    501.6599   325.9159  1275.0378          0.1187            600.0             0.8361  0.8361  0.5029           0            0            0  6.2
SPJF-top1short      222.6286 -0.9374  6.3744  127.9172   2522.2754  2131.0384  2354.8059          0.0000              inf                NaN     NaN     NaN          -1           -1           -1  0.9
CAP-G600-top1short  236.6451 -1.0811  6.1182  139.3945    516.2130   303.9713  1164.7539          0.2580            600.0             0.8604  0.8604  0.4818           0            0            0  5.4
   per-job bound checks 317,425,680; violations combined 0, Theorem A form 0, Theorem B (eta) form 0
## done in 31 s
## 2026-09-20 00:46:12 primary_rep0_L0_main  k=8 n=17,634,760 argv=--trace primary --rep 0 --level 0 --workers 4
   jobs FCFS would start within 1 s: 17,156,990 (97.3%)
                    w_p99_dl     gap  w_mean    w_p99  max_excess  harm_wf1s  max_heavy  qw_forced_frac  guar_excess_max  used_over_allowed   usedA   usedB  bound_viol  bound_violA  bound_violB  sec
policy                                                                                                                                                                                                
FCFS                 22.1704  0.0000  0.6024  11.8318      0.0000     0.0000   435.0229          0.0000              inf                NaN     NaN     NaN          -1           -1           -1  0.9
SJF-ref               8.3100  1.0000  0.1884   3.7444   1034.0367   595.9372  1185.8986          0.0000              inf                NaN     NaN     NaN          -1           -1           -1  1.1
SPJF-M4              11.9787  0.7353  0.2402   5.0483   1244.8206   140.7798  1365.8096          0.0000              inf                NaN     NaN     NaN          -1           -1           -1  1.1
SPJF-M4refit         11.9157  0.7399  0.2398   5.0442   1234.3419   142.1805  1380.6951          0.0000              inf                NaN     NaN     NaN          -1           -1           -1  1.1
SPJF-tweedie         12.1893  0.7201  0.2397   5.0884   1242.4782   238.0610  1369.4833          0.0000              inf                NaN     NaN     NaN          -1           -1           -1  0.8
SPJF-tweedie_itr     12.1660  0.7218  0.2401   5.1111   1019.2273   244.9642  1179.1338          0.0000              inf                NaN     NaN     NaN          -1           -1           -1  0.8
SPJF-r1s             12.1829  0.7206  0.2385   5.0028    990.6786   242.7750  1178.7786          0.0000              inf                NaN     NaN     NaN          -1           -1           -1  0.8
FIX-G300             12.6130  0.6895  0.2867   5.2513    187.5548   181.7761   584.5137          0.0047            300.0             0.6252  0.6252     NaN           0            0           -1  5.4
FIXSEL-G300          14.0496  0.5859  0.3681   5.7794     83.2459    64.3176   464.8269          0.0692            195.0             0.4269  0.4269     NaN           0            0           -1  5.8
CAP-G300             13.0878  0.6553  0.2824   5.3442    187.0773    96.6418   585.1194          0.0122            300.0             0.6236  0.6236  0.3969           0            0            0  5.9
SKIP-G300            21.1383  0.0745  0.5588  10.1619     46.2844    46.2844   435.7579          0.4202            300.0             0.1543  0.1543     NaN           0            0           -1  1.0
SKIPC-G300           21.3110  0.0620  0.5664  10.4475     46.1460    46.1460   435.5074          0.4362            300.0             0.1538  0.1538     NaN           0            0           -1  5.1
FIX-G600             12.3215  0.7106  0.2542   5.1423    488.1709   238.0610   865.9007          0.0008            600.0             0.8136  0.8136     NaN           0            0           -1  5.2
FIXSEL-G600          12.5289  0.6956  0.2806   5.2071    201.6844   196.3645   597.2671          0.0038            315.0             0.6403  0.6403     NaN           0            0           -1  5.5
CAP-G600             12.3144  0.7111  0.2593   5.1475    489.0894   238.0610   861.9830          0.0011            600.0             0.8151  0.8151  0.4838           0            0            0  5.7
SKIP-G600            19.6420  0.1824  0.5211   8.3060     70.2223    59.8118   436.7991          0.3409            600.0             0.1170  0.1170     NaN           0            0           -1  0.9
SKIPC-G600           19.8009  0.1710  0.5254   8.5393     68.9035    59.7114   436.5176          0.3479            600.0             0.1148  0.1148     NaN           0            0           -1  5.0
FIX-G1200            12.2175  0.7181  0.2409   5.0951   1062.1160   238.0610  1201.5089          0.0000           1200.0             0.8851  0.8851     NaN           0            0           -1  5.0
FIXSEL-G1200         12.5289  0.6956  0.2806   5.2071    201.6844   196.3645   597.2671          0.0038            315.0             0.6403  0.6403     NaN           0            0           -1  5.4
CAP-G1200            12.2276  0.7174  0.2412   5.0991   1074.9827   238.0610  1225.0962          0.0001           1200.0             0.8958  0.8958  0.4104           0            0            0  5.6
SKIP-G1200           16.9696  0.3752  0.4766   6.8722     73.9846    64.8169   438.9376          0.2593           1200.0             0.0617  0.0617     NaN           0            0           -1  0.9
SKIPC-G1200          17.0918  0.3664  0.4786   6.9198     73.9846    64.7948   438.6410          0.2626           1200.0             0.0617  0.0617     NaN           0            0           -1  5.1
SPJF-reversed        33.2242 -0.7975  1.1428  15.9771   1217.5678   812.1861   996.6542          0.0000              inf                NaN     NaN     NaN          -1           -1           -1  0.8
CAP-G600-reversed    33.6592 -0.8289  1.0809  16.1472    486.0615   264.6864   845.4978          0.1488            600.0             0.8101  0.8101  0.4431           0            0            0  5.3
SPJF-random          12.8886  0.6697  0.4265   5.6520   1307.6556  1250.2017  1379.1109          0.0000              inf                NaN     NaN     NaN          -1           -1           -1  1.1
CAP-G600-random      13.1412  0.6514  0.4506   5.7724    482.1683   261.9240   870.4545          0.0243            600.0             0.8036  0.8036  0.4735           0            0            0  5.9
SPJF-top1short       29.7510 -0.5469  0.9878  12.4291   1307.3153   826.5737  1172.7351          0.0000              inf                NaN     NaN     NaN          -1           -1           -1  0.8
CAP-G600-top1short   30.0296 -0.5670  0.9589  12.5575    494.1345   270.0305   801.8803          0.1343            600.0             0.8236  0.8236  0.4571           0            0            0  5.4
   per-job bound checks 317,425,680; violations combined 0, Theorem A form 0, Theorem B (eta) form 0
## done in 30 s
## 2026-09-20 00:46:43 primary_rep1_L0_main  k=8 n=17,634,760 argv=--trace primary --rep 1 --level 0 --workers 4
   jobs FCFS would start within 1 s: 17,182,836 (97.4%)
                    w_p99_dl     gap  w_mean    w_p99  max_excess  harm_wf1s  max_heavy  qw_forced_frac  guar_excess_max  used_over_allowed   usedA   usedB  bound_viol  bound_violA  bound_violB  sec
policy                                                                                                                                                                                                
FCFS                 21.2035  0.0000  0.5806  11.2052      0.0000     0.0000   349.0400          0.0000              inf                NaN     NaN     NaN          -1           -1           -1  1.0
SJF-ref               7.5627  1.0000  0.1767   3.2490    854.0661   442.0649   960.3062          0.0000              inf                NaN     NaN     NaN          -1           -1           -1  1.1
SPJF-M4              10.8169  0.7614  0.2249   4.3504   1077.8610   148.0077  1183.9198          0.0000              inf                NaN     NaN     NaN          -1           -1           -1  1.1
SPJF-M4refit         10.8041  0.7624  0.2253   4.3471   1077.9504   147.9171  1183.9332          0.0000              inf                NaN     NaN     NaN          -1           -1           -1  1.1
SPJF-tweedie         10.8987  0.7554  0.2234   4.3779   1083.2970    89.7864  1189.3064          0.0000              inf                NaN     NaN     NaN          -1           -1           -1  0.8
SPJF-tweedie_itr     10.8415  0.7596  0.2220   4.3308    864.3125   123.4612  1007.6234          0.0000              inf                NaN     NaN     NaN          -1           -1           -1  0.8
SPJF-r1s             11.2011  0.7333  0.2238   4.4063    862.9927   152.3750  1005.0293          0.0000              inf                NaN     NaN     NaN          -1           -1           -1  0.8
FIX-G300             11.2226  0.7317  0.2668   4.5415    183.9105    89.7864   499.8975          0.0050            300.0             0.6130  0.6130     NaN           0            0           -1  5.2
FIXSEL-G300          12.5576  0.6338  0.3482   4.9741     85.4875    60.1238   379.6233          0.0685            195.0             0.4384  0.4384     NaN           0            0           -1  5.0
CAP-G300             11.7046  0.6964  0.2631   4.5982    183.9468    76.8776   497.7277          0.0134            300.0             0.6132  0.6132  0.4024           0            0            0  5.7
SKIP-G300            19.9478  0.0921  0.5372   9.3733     46.2082    46.2082   350.0099          0.4280            300.0             0.1540  0.1540     NaN           0            0           -1  0.9
SKIPC-G300           20.2300  0.0714  0.5452   9.7306     52.1487    46.1732   349.7994          0.4444            300.0             0.1738  0.1738     NaN           0            0           -1  5.1
FIX-G600             10.9913  0.7487  0.2367   4.4195    491.2094    89.7864   792.6403          0.0007            600.0             0.8187  0.8187     NaN           0            0           -1  5.5
FIXSEL-G600          11.2122  0.7325  0.2626   4.5090    205.1539    89.7864   506.5717          0.0041            315.0             0.6513  0.6513     NaN           0            0           -1  5.5
CAP-G600             10.9632  0.7507  0.2379   4.3841    489.2681    89.7864   794.0087          0.0008            600.0             0.8154  0.8154  0.4254           0            0            0  5.8
SKIP-G600            17.9716  0.2369  0.4985   7.3376     71.0109    50.6830   351.3344          0.3501            600.0             0.1184  0.1184     NaN           0            0           -1  1.0
SKIPC-G600           18.2274  0.2182  0.5030   7.5663     71.0109    50.6413   351.1334          0.3574            600.0             0.1184  0.1184     NaN           0            0           -1  5.0
FIX-G1200            10.9020  0.7552  0.2235   4.3820   1065.2785    89.7864  1171.6704          0.0000           1200.0             0.8877  0.8877     NaN           0            0           -1  5.0
FIXSEL-G1200         11.2122  0.7325  0.2626   4.5090    205.1539    89.7864   506.5717          0.0041            315.0             0.6513  0.6513     NaN           0            0           -1  5.5
CAP-G1200            10.8773  0.7570  0.2229   4.3579   1059.1967    89.7864  1165.2039          0.0000           1200.0             0.8827  0.8827  0.3863           0            0            0  5.4
SKIP-G1200           15.4574  0.4212  0.4549   5.9741     85.6100    54.6639   353.5454          0.2688           1200.0             0.0713  0.0713     NaN           0            0           -1  0.9
SKIPC-G1200          15.5708  0.4129  0.4571   6.0232     85.4875    54.6639   353.2236          0.2726           1200.0             0.0712  0.0712     NaN           0            0           -1  4.9
SPJF-reversed        31.7388 -0.7723  1.1506  14.9354   1114.7644   958.2591   782.2699          0.0000              inf                NaN     NaN     NaN          -1           -1           -1  0.9
CAP-G600-reversed    32.1638 -0.8035  1.0975  15.1527    489.8949   230.9364   620.9047          0.1324            600.0             0.8165  0.8165  0.4776           0            0            0  5.5
SPJF-random          12.2006  0.6600  0.4118   4.9527   1113.3099   950.6230  1181.1275          0.0000              inf                NaN     NaN     NaN          -1           -1           -1  1.0
CAP-G600-random      12.3839  0.6466  0.4255   5.0583    489.9349   269.0737   798.0292          0.0183            600.0             0.8166  0.8166  0.4822           0            0            0  5.6
SPJF-top1short       28.4836 -0.5337  0.9788  11.2763   1096.7220  1076.4828   991.9014          0.0000              inf                NaN     NaN     NaN          -1           -1           -1  0.8
CAP-G600-top1short   28.9600 -0.5686  0.9526  11.4331    493.6506   227.9034   719.2093          0.1180            600.0             0.8228  0.8228  0.4626           0            0            0  5.4
   per-job bound checks 317,425,680; violations combined 0, Theorem A form 0, Theorem B (eta) form 0
## done in 30 s
## 2026-09-20 00:47:14 primary_rep2_L0_main  k=8 n=17,634,760 argv=--trace primary --rep 2 --level 0 --workers 4
   jobs FCFS would start within 1 s: 17,130,247 (97.1%)
                    w_p99_dl     gap  w_mean    w_p99  max_excess  harm_wf1s  max_heavy  qw_forced_frac  guar_excess_max  used_over_allowed   usedA   usedB  bound_viol  bound_violA  bound_violB  sec
policy                                                                                                                                                                                                
FCFS                 26.8419  0.0000  0.6604  14.4935      0.0000     0.0000   370.7709          0.0000              inf                NaN     NaN     NaN          -1           -1           -1  1.0
SJF-ref              10.4898  1.0000  0.2211   4.8161    695.6382   476.8432   806.2394          0.0000              inf                NaN     NaN     NaN          -1           -1           -1  1.1
SPJF-M4              14.6350  0.7465  0.2854   6.3816    869.3420   396.4446   983.3879          0.0000              inf                NaN     NaN     NaN          -1           -1           -1  1.1
SPJF-M4refit         14.6416  0.7461  0.2859   6.3916    863.6946   396.4730   976.6091          0.0000              inf                NaN     NaN     NaN          -1           -1           -1  1.1
SPJF-tweedie         14.6193  0.7475  0.2826   6.3558    861.4499   229.0067   974.4251          0.0000              inf                NaN     NaN     NaN          -1           -1           -1  0.8
SPJF-tweedie_itr     14.6602  0.7450  0.2823   6.3374    649.9013   248.7665   774.4240          0.0000              inf                NaN     NaN     NaN          -1           -1           -1  0.8
SPJF-r1s             14.8562  0.7330  0.2817   6.4088    658.6688   236.5741   780.6262          0.0000              inf                NaN     NaN     NaN          -1           -1           -1  0.8
FIX-G300             15.0617  0.7204  0.3284   6.6235    201.1524   187.8596   552.7699          0.0067            300.0             0.6705  0.6705     NaN           0            0           -1  5.3
FIXSEL-G300          16.8369  0.6118  0.4140   7.3156     90.1403    74.7029   400.9226          0.0776            195.0             0.4623  0.4623     NaN           0            0           -1  5.5
CAP-G300             15.8387  0.6729  0.3335   6.8470    193.0746    97.2351   552.8260          0.0206            300.0             0.6436  0.6436  0.4116           0            0            0  5.8
SKIP-G300            25.4283  0.0864  0.6125  12.5367     51.6510    36.8592   371.4881          0.4436            300.0             0.1722  0.1722     NaN           0            0           -1  0.9
SKIPC-G300           25.6290  0.0742  0.6211  12.9051     51.6510    36.8295   371.2896          0.4601            300.0             0.1722  0.1722     NaN           0            0           -1  5.4
FIX-G600             14.7698  0.7383  0.2926   6.4004    472.7865   229.0067   684.1182          0.0005            600.0             0.7880  0.7880     NaN           0            0           -1  5.4
FIXSEL-G600          15.0648  0.7202  0.3241   6.6050    206.0698   187.9926   552.9094          0.0058            315.0             0.6542  0.6542     NaN           0            0           -1  5.2
CAP-G600             14.7903  0.7370  0.2954   6.3978    488.6210   229.0067   684.6513          0.0015            600.0             0.8144  0.8144  0.4609           0            0            0  5.7
SKIP-G600            24.0128  0.1730  0.5712  10.6727     63.0977    40.2699   372.5236          0.3609            600.0             0.1052  0.1052     NaN           0            0           -1  0.9
SKIPC-G600           24.2075  0.1611  0.5758  10.9052     62.9807    40.2170   372.3406          0.3682            600.0             0.1050  0.1050     NaN           0            0           -1  4.9
FIX-G1200            14.6193  0.7475  0.2826   6.3558    861.4499   229.0067   974.4251          0.0000           1200.0             0.7179  0.7179     NaN           0            0           -1  5.1
FIXSEL-G1200         15.0648  0.7202  0.3241   6.6050    206.0698   187.9926   552.9094          0.0058            315.0             0.6542  0.6542     NaN           0            0           -1  5.3
CAP-G1200            14.6188  0.7475  0.2826   6.3553    861.4535   229.0067   974.4251          0.0000           1200.0             0.7179  0.7179  0.3586           0            0            0  5.4
SKIP-G1200           20.7839  0.3705  0.5236   8.8395     78.2332    57.6752   374.6569          0.2765           1200.0             0.0652  0.0652     NaN           0            0           -1  0.9
SKIPC-G1200          20.9425  0.3608  0.5260   8.8968     78.1927    57.3033   374.5898          0.2798           1200.0             0.0652  0.0652     NaN           0            0           -1  5.1
SPJF-reversed        40.1379 -0.8131  1.1833  19.8558    861.2511   618.1519   711.9966          0.0000              inf                NaN     NaN     NaN          -1           -1           -1  0.8
CAP-G600-reversed    40.6574 -0.8449  1.1420  20.0545    497.1223   231.9390   606.7762          0.1155            600.0             0.8285  0.8285  0.4620           0            0            0  5.6
SPJF-random          16.7078  0.6197  0.4784   7.2906    956.7599   956.7599   956.7674          0.0000              inf                NaN     NaN     NaN          -1           -1           -1  1.1
CAP-G600-random      16.9205  0.6067  0.4908   7.3969    476.8967   323.9798   744.6054          0.0206            600.0             0.7948  0.7948  0.4782           0            0            0  5.8
SPJF-top1short       35.4042 -0.5236  1.0025  15.6036    919.7150   498.9730   756.8132          0.0000              inf                NaN     NaN     NaN          -1           -1           -1  0.8
CAP-G600-top1short   35.7166 -0.5427  0.9903  15.7871    495.7049   228.8678   714.3832          0.0970            600.0             0.8262  0.8262  0.4652           0            0            0  5.4
   per-job bound checks 317,425,680; violations combined 0, Theorem A form 0, Theorem B (eta) form 0
## done in 30 s
## 2026-09-20 00:47:45 primary_rep3_L0_main  k=8 n=17,634,760 argv=--trace primary --rep 3 --level 0 --workers 4
   jobs FCFS would start within 1 s: 17,162,678 (97.3%)
                    w_p99_dl     gap  w_mean    w_p99  max_excess  harm_wf1s  max_heavy  qw_forced_frac  guar_excess_max  used_over_allowed   usedA   usedB  bound_viol  bound_violA  bound_violB  sec
policy                                                                                                                                                                                                
FCFS                 24.0551  0.0000  0.6490  12.8730      0.0000     0.0000   392.3049          0.0000              inf                NaN     NaN     NaN          -1           -1           -1  1.0
SJF-ref               9.3150  1.0000  0.1986   3.7794    796.5416    67.1412   910.3930          0.0000              inf                NaN     NaN     NaN          -1           -1           -1  1.1
SPJF-M4              13.2031  0.7362  0.2607   5.0774    939.2336   146.2166  1081.5288          0.0000              inf                NaN     NaN     NaN          -1           -1           -1  1.1
SPJF-M4refit         13.2184  0.7352  0.2609   5.0830    939.2408   146.2178  1081.5232          0.0000              inf                NaN     NaN     NaN          -1           -1           -1  1.1
SPJF-tweedie         13.1167  0.7421  0.2575   5.0808    932.9352    89.3280  1069.1785          0.0000              inf                NaN     NaN     NaN          -1           -1           -1  0.8
SPJF-tweedie_itr     13.0740  0.7450  0.2573   5.0774    745.4318   122.8558   867.0929          0.0000              inf                NaN     NaN     NaN          -1           -1           -1  0.8
SPJF-r1s             13.3740  0.7246  0.2555   5.0495    742.3197    69.9567   876.8564          0.0000              inf                NaN     NaN     NaN          -1           -1           -1  0.8
FIX-G300             13.4386  0.7202  0.3080   5.2787    191.5020    89.3280   520.7119          0.0064            300.0             0.6383  0.6383     NaN           0            0           -1  5.1
FIXSEL-G300          15.2239  0.5991  0.4039   5.9412     87.3903    71.6824   422.3976          0.0925            195.0             0.4482  0.4482     NaN           0            0           -1  5.5
CAP-G300             14.0421  0.6793  0.3026   5.4235    173.8609    86.9934   525.3501          0.0177            300.0             0.5795  0.5795  0.3808           0            0            0  5.4
SKIP-G300            22.8064  0.0847  0.6032  10.8169     59.6172    59.6172   393.0041          0.4546            300.0             0.1987  0.1987     NaN           0            0           -1  1.0
SKIPC-G300           23.0797  0.0662  0.6117  11.2085     58.3498    51.3864   392.8278          0.4705            300.0             0.1945  0.1945     NaN           0            0           -1  5.1
FIX-G600             13.2129  0.7356  0.2688   5.1147    485.6461    89.3280   754.4169          0.0005            600.0             0.8094  0.8094     NaN           0            0           -1  6.2
FIXSEL-G600          13.4111  0.7221  0.3027   5.2365    197.5673    89.3280   539.8396          0.0051            315.0             0.6272  0.6272     NaN           0            0           -1  5.5
CAP-G600             13.2172  0.7353  0.2718   5.1308    481.2218    89.3280   783.8715          0.0012            600.0             0.8020  0.8020  0.4413           0            0            0  5.4
SKIP-G600            21.1523  0.1969  0.5617   8.8083     70.7684    63.4131   394.0273          0.3785            600.0             0.1179  0.1179     NaN           0            0           -1  0.9
SKIPC-G600           21.3438  0.1839  0.5664   9.0385     70.7684    63.3653   393.8965          0.3856            600.0             0.1179  0.1179     NaN           0            0           -1  4.9
FIX-G1200            13.1167  0.7421  0.2575   5.0808    932.9352    89.3280  1069.1785          0.0000           1200.0             0.7774  0.7774     NaN           0            0           -1  5.3
FIXSEL-G1200         13.4111  0.7221  0.3027   5.2365    197.5673    89.3280   539.8396          0.0051            315.0             0.6272  0.6272     NaN           0            0           -1  5.5
CAP-G1200            13.1167  0.7421  0.2575   5.0808    932.9352    89.3280  1069.1785          0.0000           1200.0             0.7774  0.7774  0.3708           0            0            0  5.5
SKIP-G1200           18.3744  0.3854  0.5141   7.1773    102.2701    67.6604   396.0849          0.2993           1200.0             0.0852  0.0852     NaN           0            0           -1  1.0
SKIPC-G1200          18.5576  0.3730  0.5167   7.2514    102.2186    67.5980   395.9336          0.3026           1200.0             0.0852  0.0852     NaN           0            0           -1  5.1
SPJF-reversed        37.5868 -0.9180  1.1506  17.1837   1103.3870   535.4726   743.7262          0.0000              inf                NaN     NaN     NaN          -1           -1           -1  0.8
CAP-G600-reversed    38.0084 -0.9466  1.1118  17.3114    478.8339   245.9769   659.6863          0.1134            600.0             0.7981  0.7981  0.4427           0            0            0  5.8
SPJF-random          14.8162  0.6268  0.4560   5.7588   1111.8037   912.9409   970.8587          0.0000              inf                NaN     NaN     NaN          -1           -1           -1  1.0
CAP-G600-random      14.9940  0.6147  0.4739   5.8629    478.3856   255.8511   772.1052          0.0198            600.0             0.7973  0.7973  0.4701           0            0            0  6.2
SPJF-top1short       33.0454 -0.6099  0.9869  13.2286   1080.2970   623.2950   859.0441          0.0000              inf                NaN     NaN     NaN          -1           -1           -1  0.8
CAP-G600-top1short   33.3399 -0.6299  0.9758  13.3561    482.1630   262.2217   729.0705          0.1070            600.0             0.8036  0.8036  0.4456           0            0            0  5.7
   per-job bound checks 317,425,680; violations combined 0, Theorem A form 0, Theorem B (eta) form 0
## done in 31 s
## 2026-09-20 00:48:16 primary_rep4_L0_main  k=7 n=17,634,760 argv=--trace primary --rep 4 --level 0 --workers 4
   jobs FCFS would start within 1 s: 16,901,952 (95.8%)
                    w_p99_dl     gap  w_mean    w_p99  max_excess  harm_wf1s  max_heavy  qw_forced_frac  guar_excess_max  used_over_allowed   usedA   usedB  bound_viol  bound_violA  bound_violB  sec
policy                                                                                                                                                                                                
FCFS                 43.9520  0.0000  1.1022  25.5334      0.0000     0.0000   486.8657          0.0000              inf                NaN     NaN     NaN          -1           -1           -1  1.0
SJF-ref              17.2601  1.0000  0.3560   9.9074   1002.8059   543.7981  1162.9413          0.0000              inf                NaN     NaN     NaN          -1           -1           -1  1.1
SPJF-M4              23.0052  0.7848  0.4642  12.3120   1168.7664   136.8996  1332.7685          0.0000              inf                NaN     NaN     NaN          -1           -1           -1  1.1
SPJF-M4refit         23.0398  0.7835  0.4652  12.3543   1168.7595   136.9276  1332.7781          0.0000              inf                NaN     NaN     NaN          -1           -1           -1  1.1
SPJF-tweedie         22.8015  0.7924  0.4582  12.2254   1161.8977   126.0128  1307.0038          0.0000              inf                NaN     NaN     NaN          -1           -1           -1  0.8
SPJF-tweedie_itr     22.6866  0.7967  0.4546  11.9916    960.9838   116.8039  1156.7573          0.0000              inf                NaN     NaN     NaN          -1           -1           -1  0.9
SPJF-r1s             22.7536  0.7942  0.4512  12.1109    953.5226   118.3931  1149.2610          0.0000              inf                NaN     NaN     NaN          -1           -1           -1  0.9
FIX-G300             24.2032  0.7399  0.5505  12.9032    199.9340   126.0128   630.2783          0.0157         300.0000             0.6664  0.6664     NaN           0            0           -1  5.2
FIXSEL-G300          28.7151  0.5708  0.6993  14.4575     94.0403    68.2797   516.3890          0.1178         192.8571             0.4876  0.4876     NaN           0            0           -1  5.4
CAP-G300             25.3701  0.6962  0.5541  13.2604    178.6599    68.2797   630.3877          0.0347         300.0000             0.5955  0.5955  0.3919           0            0            0  5.8
SKIP-G300            42.6104  0.0503  1.0325  23.2612     62.1354    44.6721   487.6180          0.5241         300.0000             0.2071  0.2071     NaN           0            0           -1  0.9
SKIPC-G300           42.8704  0.0405  1.0452  23.6842     62.1093    44.8742   487.3919          0.5416         300.0000             0.2070  0.2070     NaN           0            0           -1  5.0
FIX-G600             23.4961  0.7664  0.4941  12.5405    498.2089   126.0128   924.1957          0.0024         600.0000             0.8303  0.8303     NaN           0            0           -1  5.7
FIXSEL-G600          24.0307  0.7463  0.5419  12.8217    202.2463   126.0128   653.2682          0.0140         312.8571             0.6464  0.6464     NaN           0            0           -1  5.5
CAP-G600             23.6146  0.7619  0.4927  12.5721    493.8966   126.0128   925.8330          0.0036         600.0000             0.8232  0.8232  0.4845           0            0            0  5.6
SKIP-G600            40.4328  0.1318  0.9659  21.0273    100.1878    46.9734   488.7422          0.4327         600.0000             0.1670  0.1670     NaN           0            0           -1  0.9
SKIPC-G600           40.6500  0.1237  0.9737  21.2762    100.1759    46.9361   488.3814          0.4414         600.0000             0.1670  0.1670     NaN           0            0           -1  5.0
FIX-G1200            22.9151  0.7881  0.4616  12.2638   1073.2942   126.0128  1249.6682          0.0001        1200.0000             0.8944  0.8944     NaN           0            0           -1  5.2
FIXSEL-G1200         24.0307  0.7463  0.5419  12.8217    202.2463   126.0128   653.2682          0.0140         312.8571             0.6464  0.6464     NaN           0            0           -1  5.6
CAP-G1200            22.9109  0.7883  0.4609  12.2586   1078.6581   126.0128  1247.2101          0.0005        1200.0000             0.8989  0.8989  0.4187           0            0            0  5.8
SKIP-G1200           36.5433  0.2776  0.8847  17.7556    101.9684    53.9614   490.7360          0.3364        1200.0000             0.0850  0.0850     NaN           0            0           -1  0.8
SKIPC-G1200          36.7196  0.2710  0.8888  17.9001    101.9684    53.9139   490.6059          0.3408        1200.0000             0.0850  0.0850     NaN           0            0           -1  4.7
SPJF-reversed        70.9272 -1.0106  2.0430  37.3476   1240.1266  1240.1266   964.8314          0.0000              inf                NaN     NaN     NaN          -1           -1           -1  0.9
CAP-G600-reversed    72.4638 -1.0682  1.9323  37.8232    489.0946   287.0839   855.9517          0.1473         600.0000             0.8152  0.8152  0.4879           0            0            0  5.1
SPJF-random          27.4959  0.6165  0.8135  14.6602   1275.9909  1275.9909  1305.0771          0.0000              inf                NaN     NaN     NaN          -1           -1           -1  1.1
CAP-G600-random      28.1757  0.5911  0.8495  14.9856    488.1438   295.1385   944.0795          0.0333         600.0000             0.8136  0.8136  0.4751           0            0            0  5.9
SPJF-top1short       64.5963 -0.7734  1.7273  30.9203   1238.5434  1238.5434  1113.1527          0.0000              inf                NaN     NaN     NaN          -1           -1           -1  0.8
CAP-G600-top1short   65.6411 -0.8126  1.6825  31.3927    497.1095   273.4239   850.5179          0.1147         600.0000             0.8285  0.8285  0.4639           0            0            0  5.9
   per-job bound checks 317,425,680; violations combined 0, Theorem A form 0, Theorem B (eta) form 0
## done in 30 s
## 2026-09-20 00:48:53 valid_rep1_L2_grid  k=4 n=17,646,125 argv=--trace valid --rep 1 --level 2 --set grid --workers 4
   jobs FCFS would start within 1 s: 15,214,306 (86.2%)
                     w_p99_dl     gap  w_mean     w_p99  max_excess  harm_wf1s  max_heavy  qw_forced_frac  guar_excess_max  used_over_allowed   usedA   usedB  bound_viol  bound_violA  bound_violB  sec
policy                                                                                                                                                                                                  
FCFS                 261.1865  0.0000  8.8831  199.2422      0.0000     0.0000  1059.5462          0.0000              inf                NaN     NaN     NaN          -1           -1           -1  0.9
SJF-ref               46.1729  1.0000  1.7711   36.1638   2253.1549   621.2005  2739.9941          0.0000              inf                NaN     NaN     NaN          -1           -1           -1  1.2
SPJF-tweedie          72.1720  0.8791  2.3972   43.7610   2959.7349   633.5771  3430.1342          0.0000              inf                NaN     NaN     NaN          -1           -1           -1  1.2
CAP-G300-B30-e0.5    164.4202  0.4500  4.4640   70.3540    220.1806   101.3104  1209.6280          0.1884            300.0             0.7339  0.7339  0.4914           0            0            0  5.8
CAP-G600-B120-e0.75   96.7614  0.7647  3.2753   50.8803    515.4923   293.2911  1518.2643          0.0376            600.0             0.8592  0.8592  0.5179           0            0            0  5.7
CAP-G1200-B120-e0.9   79.7521  0.8438  2.7516   46.6343   1099.1648   497.4670  1985.9144          0.0030           1200.0             0.9160  0.9160  0.4607           0            0            0  5.8
CAP-G600-B30-e0.9     95.5056  0.7706  3.2820   50.4964    506.9642   358.9207  1502.9062          0.0322            600.0             0.8449  0.8449  0.2462           0            0            0  5.5
FIXSEL-G300          259.9622  0.0057  6.1535  147.3920    111.5208    81.5246  1089.6767          0.4867            180.0             0.6196  0.6196     NaN           0            0           -1  5.9
FIXSEL-G600          172.2202  0.4138  4.4059   66.0192    220.1804   212.0439  1202.8756          0.1749            300.0             0.7339  0.7339     NaN           0            0           -1  5.7
FIX-G300             172.2202  0.4138  4.4059   66.0192    220.1804   212.0439  1202.8756          0.1749            300.0             0.7339  0.7339     NaN           0            0           -1  5.3
FIX-G600              94.0532  0.7773  3.2981   50.1900    506.9649   473.0284  1502.8314          0.0322            600.0             0.8449  0.8449     NaN           0            0           -1  5.5
FIX-G1200             79.4313  0.8453  2.7704   46.6597   1099.1705   633.5771  1985.9134          0.0021           1200.0             0.9160  0.9160     NaN           0            0           -1  5.4
   per-job bound checks 158,815,125; violations combined 0, Theorem A form 0, Theorem B (eta) form 0
## done in 20 s
## 2026-09-20 00:49:13 valid_rep1_L0_grid  k=8 n=17,646,125 argv=--trace valid --rep 1 --level 0 --set grid --workers 4
   jobs FCFS would start within 1 s: 17,090,461 (96.9%)
                     w_p99_dl     gap  w_mean    w_p99  max_excess  harm_wf1s  max_heavy  qw_forced_frac  guar_excess_max  used_over_allowed   usedA   usedB  bound_viol  bound_violA  bound_violB  sec
policy                                                                                                                                                                                                 
FCFS                  29.3215  0.0000  0.6714  16.2810      0.0000     0.0000   399.0623          0.0000              inf                NaN     NaN     NaN          -1           -1           -1  0.9
SJF-ref               12.5744  1.0000  0.2580   6.3409    582.3123   137.2863   614.2293          0.0000              inf                NaN     NaN     NaN          -1           -1           -1  1.1
SPJF-tweedie          17.1419  0.7273  0.3296   8.1033    619.7311   165.8880   787.5423          0.0000              inf                NaN     NaN     NaN          -1           -1           -1  1.1
CAP-G300-B30-e0.5     18.4169  0.6511  0.3555   8.5341    176.8451    97.2657   531.7903          0.0214            300.0             0.5895  0.5895  0.4244           0            0            0  5.7
CAP-G600-B120-e0.75   17.2372  0.7216  0.3341   8.1325    489.8502   145.7642   702.8496          0.0019            600.0             0.8164  0.8164  0.4635           0            0            0  5.4
CAP-G1200-B120-e0.9   17.1419  0.7273  0.3296   8.1033    619.7311   165.8880   787.5423          0.0000           1200.0             0.5164  0.5164  0.2388           0            0            0  5.6
CAP-G600-B30-e0.9     17.2464  0.7210  0.3341   8.1666    489.8763   102.8085   702.8419          0.0009            600.0             0.8165  0.8165  0.2117           0            0            0  5.8
FIXSEL-G300           19.6123  0.5798  0.4312   9.1363     96.3118    96.3118   429.2650          0.0592            195.0             0.4939  0.4939     NaN           0            0           -1  5.3
FIXSEL-G600           17.4593  0.7083  0.3505   8.3079    204.2903   150.2708   543.8274          0.0053            315.0             0.6485  0.6485     NaN           0            0           -1  5.1
FIX-G300              17.5852  0.7008  0.3537   8.3380    184.6593   145.7360   532.4036          0.0062            300.0             0.6155  0.6155     NaN           0            0           -1  5.2
FIX-G600              17.2001  0.7238  0.3333   8.1572    494.3631   165.8880   656.4250          0.0003            600.0             0.8239  0.8239     NaN           0            0           -1  5.1
FIX-G1200             17.1419  0.7273  0.3296   8.1033    619.7311   165.8880   787.5423          0.0000           1200.0             0.5164  0.5164     NaN           0            0           -1  5.1
   per-job bound checks 158,815,125; violations combined 0, Theorem A form 0, Theorem B (eta) form 0
## done in 19 s
## 2026-09-20 00:49:33 valid_rep0_L2_grid  k=4 n=17,646,125 argv=--trace valid --rep 0 --level 2 --set grid --workers 4
   jobs FCFS would start within 1 s: 15,199,383 (86.1%)
                     w_p99_dl     gap  w_mean     w_p99  max_excess  harm_wf1s  max_heavy  qw_forced_frac  guar_excess_max  used_over_allowed   usedA   usedB  bound_viol  bound_violA  bound_violB  sec
policy                                                                                                                                                                                                  
FCFS                 248.5769  0.0000  8.4074  174.8241      0.0000     0.0000  1137.1265          0.0000              inf                NaN     NaN     NaN          -1           -1           -1  0.9
SJF-ref               46.2252  1.0000  1.7928   35.9044   1635.4256   197.6589  2489.8979          0.0000              inf                NaN     NaN     NaN          -1           -1           -1  1.2
SPJF-tweedie          75.4841  0.8554  2.4390   43.5371   2806.8079   678.5047  3124.4751          0.0000              inf                NaN     NaN     NaN          -1           -1           -1  1.2
CAP-G300-B30-e0.5    165.5635  0.4102  4.1567   67.2370    218.5683   102.7618  1287.1120          0.1570            300.0             0.7286  0.7286  0.4902           0            0            0  5.6
CAP-G600-B120-e0.75   99.2666  0.7379  3.1293   49.1316    514.0414   219.7274  1628.1368          0.0281            600.0             0.8567  0.8567  0.5069           0            0            0  5.7
CAP-G1200-B120-e0.9   84.0647  0.8130  2.7292   45.8278   1102.3097   360.8555  2188.7365          0.0039           1200.0             0.9186  0.9186  0.4386           0            0            0  5.6
CAP-G600-B30-e0.9     98.1530  0.7434  3.1336   48.8860    514.0292   223.6005  1628.0925          0.0260            600.0             0.8567  0.8567  0.2754           0            0            0  8.3
FIXSEL-G300          245.4610  0.0154  5.6405  130.3648    102.6526   102.6526  1167.1733          0.4169            180.0             0.5703  0.5703     NaN           0            0           -1  6.0
FIXSEL-G600          173.8463  0.3693  4.0608   62.0469    218.5683   186.1175  1287.1662          0.1382            300.0             0.7286  0.7286     NaN           0            0           -1  5.2
FIX-G300             173.8463  0.3693  4.0608   62.0469    218.5683   186.1175  1287.1662          0.1382            300.0             0.7286  0.7286     NaN           0            0           -1  5.4
FIX-G600              96.3888  0.7521  3.1446   48.7429    514.0292   490.5264  1627.8165          0.0262            600.0             0.8567  0.8567     NaN           0            0           -1  5.6
FIX-G1200             83.8082  0.8143  2.7418   45.7965   1102.3376   678.5047  2188.7330          0.0028           1200.0             0.9186  0.9186     NaN           0            0           -1  5.3
   per-job bound checks 158,815,125; violations combined 0, Theorem A form 0, Theorem B (eta) form 0
## done in 20 s
## 2026-09-20 00:49:53 valid_rep1_L1_grid  k=5 n=17,646,125 argv=--trace valid --rep 1 --level 1 --set grid --workers 4
   jobs FCFS would start within 1 s: 15,998,125 (90.7%)
                     w_p99_dl     gap  w_mean    w_p99  max_excess  harm_wf1s  max_heavy  qw_forced_frac  guar_excess_max  used_over_allowed   usedA   usedB  bound_viol  bound_violA  bound_violB  sec
policy                                                                                                                                                                                                 
FCFS                 120.8107  0.0000  3.7918  82.2300      0.0000     0.0000   789.4974          0.0000              inf                NaN     NaN     NaN          -1           -1           -1  0.9
SJF-ref               35.6278  1.0000  1.0390  26.9689   1293.3232   175.9726  1650.3624          0.0000              inf                NaN     NaN     NaN          -1           -1           -1  1.1
SPJF-tweedie          47.5315  0.8603  1.3410  31.6603   1754.0521   488.6251  2110.9956          0.0000              inf                NaN     NaN     NaN          -1           -1           -1  1.1
CAP-G300-B30-e0.5     62.3821  0.6859  1.8909  37.7518    223.7852   108.2800   929.4972          0.0802            300.0             0.7460  0.7460  0.5201           0            0            0  5.7
CAP-G600-B120-e0.75   50.6537  0.8236  1.5028  33.3117    497.0502   232.5542  1229.4245          0.0077            600.0             0.8284  0.8284  0.4936           0            0            0  5.7
CAP-G1200-B120-e0.9   48.1201  0.8533  1.3917  32.1963   1095.7966   465.7481  1663.3700          0.0015           1200.0             0.9132  0.9132  0.4322           0            0            0  5.9
CAP-G600-B30-e0.9     50.0339  0.8309  1.5025  33.1766    495.4324   253.0025  1150.3434          0.0066            600.0             0.8257  0.8257  0.2663           0            0            0  5.6
FIXSEL-G300           94.8679  0.3046  2.4695  46.5280    100.8329    77.0456   819.4276          0.2998            186.0             0.5421  0.5421     NaN           0            0           -1  5.3
FIXSEL-G600           58.2118  0.7349  1.8172  36.0050    226.3956   176.5704   935.4100          0.0505            306.0             0.7399  0.7399     NaN           0            0           -1  5.3
FIX-G300              58.9350  0.7264  1.8450  36.2715    226.3956   176.5704   929.4682          0.0537            300.0             0.7547  0.7547     NaN           0            0           -1  5.0
FIX-G600              49.9141  0.8323  1.5154  33.1913    495.4324   465.7481  1150.3382          0.0062            600.0             0.8257  0.8257     NaN           0            0           -1  6.0
FIX-G1200             48.0110  0.8546  1.3921  32.1249   1082.7986   488.6251  1675.0341          0.0006           1200.0             0.9023  0.9023     NaN           0            0           -1  5.4
   per-job bound checks 158,815,125; violations combined 0, Theorem A form 0, Theorem B (eta) form 0
## done in 19 s
## 2026-09-20 00:58:59 valid_rep0_L0_fixgrid  k=7 n=17,646,125 argv=--trace valid --rep 0 --level 0 --set fixgrid --workers 4
   jobs FCFS would start within 1 s: 16,834,032 (95.4%)
              w_p99_dl     gap  w_mean    w_p99  max_excess  harm_wf1s  max_heavy  qw_forced_frac  guar_excess_max  used_over_allowed   usedA  usedB  bound_viol  bound_violA  bound_violB  sec
policy                                                                                                                                                                                         
FCFS           46.8103  0.0000  1.1117  27.4513      0.0000     0.0000   492.2358          0.0000              inf                NaN     NaN    NaN          -1           -1           -1  0.9
SJF-ref        20.5381  1.0000  0.4140  11.8702    775.8893   551.0178   836.5065          0.0000              inf                NaN     NaN    NaN          -1           -1           -1  1.2
SPJF-tweedie   26.6946  0.7657  0.5280  14.2783   1098.8544   213.3007  1249.5831          0.0000              inf                NaN     NaN    NaN          -1           -1           -1  1.2
FIXG-B30       39.5370  0.2768  0.8368  18.8005     76.0416    71.3179   499.8224          0.2430         170.3571             0.4464  0.4464    NaN           0            0           -1  5.6
FIXG-B60       36.3851  0.3968  0.7755  17.4857     88.1678    82.7342   507.2761          0.1668         177.8571             0.4957  0.4957    NaN           0            0           -1  5.2
FIXG-B90       34.6988  0.4610  0.7371  16.8437     92.9712    92.9712   514.8400          0.1284         185.3571             0.5016  0.5016    NaN           0            0           -1  5.3
FIXG-B120      33.3576  0.5121  0.7187  16.4402     93.0247    93.0247   522.2320          0.1072         192.8571             0.4824  0.4824    NaN           0            0           -1  5.5
FIXG-B180      31.5387  0.5813  0.6798  15.7712     97.7339    93.0642   537.2090          0.0805         207.8571             0.4702  0.4702    NaN           0            0           -1  5.2
FIXG-B240      30.4077  0.6243  0.6637  15.4485    120.6024    93.3823   568.0279          0.0606         222.8571             0.5412  0.5412    NaN           0            0           -1  5.3
FIXG-B300      29.5331  0.6576  0.6583  15.2431    135.7967   113.0521   584.5446          0.0479         237.8571             0.5709  0.5709    NaN           0            0           -1  5.4
FIXG-B360      28.9399  0.6802  0.6406  15.0942    157.1610   117.0412   598.1877          0.0383         252.8571             0.6215  0.6215    NaN           0            0           -1  5.0
FIXG-B420      28.5668  0.6944  0.6242  14.9783    161.2392   117.7047   609.0668          0.0315         267.8571             0.6020  0.6020    NaN           0            0           -1  5.3
FIXG-B480      28.3217  0.7037  0.6089  14.8786    171.7949   156.5458   633.9416          0.0266         282.8571             0.6074  0.6074    NaN           0            0           -1  5.4
FIXG-B540      27.9870  0.7165  0.5910  14.7884    181.0594   157.9228   638.8756          0.0212         297.8571             0.6079  0.6079    NaN           0            0           -1  5.3
FIXG-B600      27.8345  0.7223  0.5849  14.7280    202.3844   163.0304   653.8837          0.0173         312.8571             0.6469  0.6469    NaN           0            0           -1  5.2
FIXG-B900      27.4202  0.7380  0.5657  14.5887    270.7267   213.3007   738.7822          0.0084         387.8571             0.6980  0.6980    NaN           0            0           -1  5.3
FIXG-B1200     27.1094  0.7499  0.5523  14.4329    357.4878   213.3007   778.9213          0.0057         462.8571             0.7724  0.7724    NaN           0            0           -1  5.3
FIXG-B2400     26.8654  0.7592  0.5360  14.3447    647.2884   213.3007   900.1459          0.0004         762.8571             0.8485  0.8485    NaN           0            0           -1  5.0
FIXG-B4800     26.6946  0.7657  0.5280  14.2783   1098.8544   213.3007  1249.5831          0.0000        1362.8571             0.8063  0.8063    NaN           0            0           -1  5.1
   per-job bound checks 282,338,000; violations combined 0, Theorem A form 0, Theorem B (eta) form 0
## done in 25 s
## 2026-09-20 00:59:25 valid_rep0_L1_fixgrid  k=5 n=17,646,125 argv=--trace valid --rep 0 --level 1 --set fixgrid --workers 4
   jobs FCFS would start within 1 s: 15,981,322 (90.6%)
              w_p99_dl     gap  w_mean    w_p99  max_excess  harm_wf1s  max_heavy  qw_forced_frac  guar_excess_max  used_over_allowed   usedA  usedB  bound_viol  bound_violA  bound_violB  sec
policy                                                                                                                                                                                         
FCFS          130.6271  0.0000  3.7579  77.2546      0.0000     0.0000   840.7671          0.0000              inf                NaN     NaN    NaN          -1           -1           -1  0.9
SJF-ref        37.5760  1.0000  1.1071  27.8736   1191.7443   590.2714  1565.2794          0.0000              inf                NaN     NaN    NaN          -1           -1           -1  1.1
SPJF-tweedie   49.7242  0.8694  1.4308  32.4099   1811.9476   441.2419  2040.3618          0.0000              inf                NaN     NaN    NaN          -1           -1           -1  1.1
FIXG-B30      123.0107  0.0819  2.9691  61.4074     67.4335    65.8523   847.8574          0.4683            163.5             0.4124  0.4124    NaN           0            0           -1  5.2
FIXG-B60      116.4434  0.1524  2.6957  52.3331     97.1199    65.9738   855.0878          0.3637            171.0             0.5680  0.5680    NaN           0            0           -1  5.1
FIXG-B90      111.1232  0.2096  2.5412  47.7672    101.3297    85.6339   862.3695          0.2981            178.5             0.5677  0.5677    NaN           0            0           -1  5.2
FIXG-B120     105.3478  0.2717  2.4486  46.0232    106.1456    97.1540   870.2163          0.2540            186.0             0.5707  0.5707    NaN           0            0           -1  5.1
FIXG-B180      98.3183  0.3472  2.3125  43.6640    113.3831    97.2916   885.1517          0.1926            201.0             0.5641  0.5641    NaN           0            0           -1  5.0
FIXG-B240      91.9767  0.4154  2.2057  41.5334    127.4268    99.8622   900.0569          0.1503            216.0             0.5899  0.5899    NaN           0            0           -1  5.3
FIXG-B300      83.5252  0.5062  2.1035  39.5144    139.6762   115.1261   915.1983          0.1209            231.0             0.6047  0.6047    NaN           0            0           -1  5.1
FIXG-B360      76.4591  0.5821  2.0442  38.4155    157.5034   128.7188   930.1759          0.0997            246.0             0.6403  0.6403    NaN           0            0           -1  5.2
FIXG-B420      70.5887  0.6452  1.9928  37.6904    178.7666   131.9973   945.1795          0.0847            261.0             0.6849  0.6849    NaN           0            0           -1  5.1
FIXG-B480      67.1832  0.6818  1.9473  37.0683    183.2979   156.9919   968.4764          0.0725            276.0             0.6641  0.6641    NaN           0            0           -1  5.7
FIXG-B540      64.1346  0.7146  1.8951  36.6274    198.8491   162.7706   975.0547          0.0618            291.0             0.6833  0.6833    NaN           0            0           -1  5.2
FIXG-B600      61.3306  0.7447  1.8421  35.9660    208.3111   178.0279   989.2289          0.0538            306.0             0.6808  0.6808    NaN           0            0           -1  5.1
FIXG-B900      56.3624  0.7981  1.7374  34.9692    280.5739   255.6871  1060.2359          0.0301            381.0             0.7364  0.7364    NaN           0            0           -1  6.8
FIXG-B1200     55.0223  0.8125  1.6774  34.3732    349.4580   307.2728  1142.2613          0.0186            456.0             0.7664  0.7664    NaN           0            0           -1  5.2
FIXG-B2400     51.8857  0.8462  1.5269  33.4255    651.9294   441.2419  1419.6789          0.0038            756.0             0.8623  0.8623    NaN           0            0           -1  4.9
FIXG-B4800     50.4511  0.8616  1.4591  32.7915   1256.2002   441.2419  1731.1300          0.0003           1356.0             0.9264  0.9264    NaN           0            0           -1  6.4
   per-job bound checks 282,338,000; violations combined 0, Theorem A form 0, Theorem B (eta) form 0
## done in 26 s
## 2026-09-20 00:59:52 valid_rep0_L2_fixgrid  k=4 n=17,646,125 argv=--trace valid --rep 0 --level 2 --set fixgrid --workers 4
   jobs FCFS would start within 1 s: 15,199,383 (86.1%)
              w_p99_dl     gap  w_mean     w_p99  max_excess  harm_wf1s  max_heavy  qw_forced_frac  guar_excess_max  used_over_allowed   usedA  usedB  bound_viol  bound_violA  bound_violB  sec
policy                                                                                                                                                                                          
FCFS          248.5769  0.0000  8.4074  174.8241      0.0000     0.0000  1137.1265          0.0000              inf                NaN     NaN    NaN          -1           -1           -1  0.9
SJF-ref        46.2252  1.0000  1.7928   35.9044   1635.4256   197.6589  2489.8979          0.0000              inf                NaN     NaN    NaN          -1           -1           -1  1.2
SPJF-tweedie   75.4841  0.8554  2.4390   43.5371   2806.8079   678.5047  3124.4751          0.0000              inf                NaN     NaN    NaN          -1           -1           -1  1.2
FIXG-B30      249.6160 -0.0051  6.9946  163.5732     68.3548    53.2379  1144.7238          0.6404            157.5             0.4340  0.4340    NaN           0            0           -1  5.5
FIXG-B60      248.4912  0.0004  6.3465  152.3541     86.6979    59.5262  1151.9498          0.5332            165.0             0.5254  0.5254    NaN           0            0           -1  5.3
FIXG-B90      246.2603  0.0114  5.9314  140.9950     89.2512    74.9231  1159.7291          0.4658            172.5             0.5174  0.5174    NaN           0            0           -1  5.3
FIXG-B120     245.4610  0.0154  5.6405  130.3648    102.6526   102.6526  1167.1733          0.4169            180.0             0.5703  0.5703    NaN           0            0           -1  5.4
FIXG-B180     236.2853  0.0607  5.2524  111.5094    112.5857   102.7166  1182.1454          0.3419            195.0             0.5774  0.5774    NaN           0            0           -1  5.2
FIXG-B240     226.7864  0.1077  4.9463   97.2767    154.2084   102.7618  1197.1651          0.2863            210.0             0.7343  0.7343    NaN           0            0           -1  5.1
FIXG-B300     217.5188  0.1535  4.7355   88.1836    154.2173   110.0173  1212.1050          0.2435            225.0             0.6854  0.6854    NaN           0            0           -1  5.4
FIXG-B360     208.2830  0.1991  4.5423   79.1040    183.9460   151.1865  1227.1939          0.2124            240.0             0.7664  0.7664    NaN           0            0           -1  5.4
FIXG-B420     198.6084  0.2469  4.4069   73.2294    183.5463   151.3118  1242.1951          0.1894            255.0             0.7198  0.7198    NaN           0            0           -1  5.6
FIXG-B480     186.5223  0.3067  4.2574   67.9775    191.9405   163.3624  1257.2976          0.1653            270.0             0.7109  0.7109    NaN           0            0           -1  5.3
FIXG-B540     179.3177  0.3423  4.1695   65.1344    218.5548   183.2296  1272.0619          0.1517            285.0             0.7669  0.7669    NaN           0            0           -1  5.2
FIXG-B600     173.8463  0.3693  4.0608   62.0469    218.5683   186.1175  1287.1662          0.1382            300.0             0.7286  0.7286    NaN           0            0           -1  5.2
FIXG-B900     131.3044  0.5795  3.6775   54.6134    298.1974   247.4113  1362.1803          0.0880            375.0             0.7952  0.7952    NaN           0            0           -1  5.1
FIXG-B1200    114.6246  0.6620  3.4404   51.7764    359.1389   333.0164  1441.2715          0.0579            450.0             0.7981  0.7981    NaN           0            0           -1  5.5
FIXG-B2400     90.6611  0.7804  2.9679   47.6321    647.5108   625.6836  1738.6994          0.0120            750.0             0.8633  0.8633    NaN           0            0           -1  5.4
FIXG-B4800     83.8534  0.8140  2.7251   45.8142   1263.5047   678.5047  2338.5141          0.0023           1350.0             0.9359  0.9359    NaN           0            0           -1  5.3
   per-job bound checks 282,338,000; violations combined 0, Theorem A form 0, Theorem B (eta) form 0
## done in 25 s
## 2026-09-20 01:00:17 valid_rep1_L0_fixgrid  k=8 n=17,646,125 argv=--trace valid --rep 1 --level 0 --set fixgrid --workers 4
   jobs FCFS would start within 1 s: 17,090,461 (96.9%)
              w_p99_dl     gap  w_mean    w_p99  max_excess  harm_wf1s  max_heavy  qw_forced_frac  guar_excess_max  used_over_allowed   usedA  usedB  bound_viol  bound_violA  bound_violB  sec
policy                                                                                                                                                                                         
FCFS           29.3215  0.0000  0.6714  16.2810      0.0000     0.0000   399.0623          0.0000              inf                NaN     NaN    NaN          -1           -1           -1  0.9
SJF-ref        12.5744  1.0000  0.2580   6.3409    582.3123   137.2863   614.2293          0.0000              inf                NaN     NaN    NaN          -1           -1           -1  1.1
SPJF-tweedie   17.1419  0.7273  0.3296   8.1033    619.7311   165.8880   787.5423          0.0000              inf                NaN     NaN    NaN          -1           -1           -1  1.1
FIXG-B30       23.2573  0.3621  0.5040  10.6211     63.5822    59.8094   406.8025          0.1793            172.5             0.3686  0.3686    NaN           0            0           -1  5.8
FIXG-B60       21.7133  0.4543  0.4678   9.7516     96.2766    96.2766   414.3553          0.1133            180.0             0.5349  0.5349    NaN           0            0           -1  5.2
FIXG-B90       20.6522  0.5177  0.4533   9.4720     96.2848    96.2848   421.8055          0.0809            187.5             0.5135  0.5135    NaN           0            0           -1  5.1
FIXG-B120      19.6123  0.5798  0.4312   9.1363     96.3118    96.3118   429.2650          0.0592            195.0             0.4939  0.4939    NaN           0            0           -1  4.9
FIXG-B180      19.0479  0.6135  0.4094   8.8931    115.5236    96.4076   443.8910          0.0376            210.0             0.5501  0.5501    NaN           0            0           -1  5.0
FIXG-B240      18.5941  0.6406  0.3914   8.6830    124.4720    99.0570   459.3576          0.0254            225.0             0.5532  0.5532    NaN           0            0           -1  5.3
FIXG-B300      17.9979  0.6762  0.3832   8.5309    127.4386   102.6245   474.5164          0.0199            240.0             0.5310  0.5310    NaN           0            0           -1  5.5
FIXG-B360      17.8073  0.6875  0.3789   8.4594    135.6792   102.6245   496.0509          0.0151            255.0             0.5321  0.5321    NaN           0            0           -1  5.5
FIXG-B420      17.7055  0.6936  0.3731   8.4357    158.5441   105.2813   516.9294          0.0103            270.0             0.5872  0.5872    NaN           0            0           -1  5.1
FIXG-B480      17.6687  0.6958  0.3626   8.3906    176.6228   145.7095   519.8438          0.0075            285.0             0.6197  0.6197    NaN           0            0           -1  5.4
FIXG-B540      17.5852  0.7008  0.3537   8.3380    184.6593   145.7360   532.4036          0.0062            300.0             0.6155  0.6155    NaN           0            0           -1  5.1
FIXG-B600      17.4593  0.7083  0.3505   8.3079    204.2903   150.2708   543.8274          0.0053            315.0             0.6485  0.6485    NaN           0            0           -1  5.4
FIXG-B900      17.2746  0.7193  0.3393   8.2078    272.0266   165.8880   573.9630          0.0034            390.0             0.6975  0.6975    NaN           0            0           -1  5.2
FIXG-B1200     17.2392  0.7215  0.3342   8.1890    338.7045   165.8880   620.5881          0.0026            465.0             0.7284  0.7284    NaN           0            0           -1  5.2
FIXG-B2400     17.1419  0.7273  0.3296   8.1033    619.7311   165.8880   787.5423          0.0000            765.0             0.8101  0.8101    NaN           0            0           -1  5.0
FIXG-B4800     17.1419  0.7273  0.3296   8.1033    619.7311   165.8880   787.5423          0.0000           1365.0             0.4540  0.4540    NaN           0            0           -1  5.4
   per-job bound checks 282,338,000; violations combined 0, Theorem A form 0, Theorem B (eta) form 0
## done in 25 s
## 2026-09-20 01:00:43 valid_rep1_L1_fixgrid  k=5 n=17,646,125 argv=--trace valid --rep 1 --level 1 --set fixgrid --workers 4
   jobs FCFS would start within 1 s: 15,998,125 (90.7%)
              w_p99_dl     gap  w_mean    w_p99  max_excess  harm_wf1s  max_heavy  qw_forced_frac  guar_excess_max  used_over_allowed   usedA  usedB  bound_viol  bound_violA  bound_violB  sec
policy                                                                                                                                                                                         
FCFS          120.8107  0.0000  3.7918  82.2300      0.0000     0.0000   789.4974          0.0000              inf                NaN     NaN    NaN          -1           -1           -1  1.0
SJF-ref        35.6278  1.0000  1.0390  26.9689   1293.3232   175.9726  1650.3624          0.0000              inf                NaN     NaN    NaN          -1           -1           -1  1.2
SPJF-tweedie   47.5315  0.8603  1.3410  31.6603   1754.0521   488.6251  2110.9956          0.0000              inf                NaN     NaN    NaN          -1           -1           -1  1.2
FIXG-B30      116.6568  0.0488  3.0139  64.3345     79.3191    61.2451   797.0236          0.5115            163.5             0.4851  0.4851    NaN           0            0           -1  5.5
FIXG-B60      109.5218  0.1325  2.7405  53.7484     85.3799    74.1570   804.6052          0.4090            171.0             0.4993  0.4993    NaN           0            0           -1  5.2
FIXG-B90      102.8615  0.2107  2.5749  48.6980    100.3743    74.3609   812.0508          0.3466            178.5             0.5623  0.5623    NaN           0            0           -1  5.8
FIXG-B120      94.8679  0.3046  2.4695  46.5280    100.8329    77.0456   819.4276          0.2998            186.0             0.5421  0.5421    NaN           0            0           -1  5.9
FIXG-B180      86.2661  0.4055  2.3186  43.8462    118.2045   105.4854   834.4512          0.2305            201.0             0.5881  0.5881    NaN           0            0           -1  5.4
FIXG-B240      80.0019  0.4791  2.1939  41.5858    134.5145   106.5824   849.5530          0.1769            216.0             0.6228  0.6228    NaN           0            0           -1  5.3
FIXG-B300      74.4960  0.5437  2.0974  39.7515    140.9119   111.4814   864.7064          0.1351            231.0             0.6100  0.6100    NaN           0            0           -1  5.3
FIXG-B360      67.7760  0.6226  2.0200  38.4815    152.0838   132.7584   879.7146          0.1062            246.0             0.6182  0.6182    NaN           0            0           -1  5.7
FIXG-B420      63.4719  0.6731  1.9498  37.5321    186.0377   154.8480   894.7078          0.0880            261.0             0.7128  0.7128    NaN           0            0           -1  5.4
FIXG-B480      60.9471  0.7028  1.9137  37.0297    186.0931   163.2473   905.5171          0.0739            276.0             0.6743  0.6743    NaN           0            0           -1  5.3
FIXG-B540      59.6482  0.7180  1.8635  36.4575    202.4141   173.7508   920.4982          0.0603            291.0             0.6956  0.6956    NaN           0            0           -1  5.4
FIXG-B600      58.2118  0.7349  1.8172  36.0050    226.3956   176.5704   935.4100          0.0505            306.0             0.7399  0.7399    NaN           0            0           -1  5.4
FIXG-B900      53.3310  0.7922  1.6836  34.6003    288.6310   247.9387  1010.5438          0.0248            381.0             0.7576  0.7576    NaN           0            0           -1  5.1
FIXG-B1200     51.7311  0.8110  1.6191  33.9431    354.9242   328.2935  1085.4487          0.0136            456.0             0.7783  0.7783    NaN           0            0           -1  5.2
FIXG-B2400     49.1530  0.8412  1.4631  32.7961    640.4727   488.6251  1232.9903          0.0023            756.0             0.8472  0.8472    NaN           0            0           -1  5.1
FIXG-B4800     47.8701  0.8563  1.3822  32.0627   1242.4870   488.6251  1858.5228          0.0005           1356.0             0.9163  0.9163    NaN           0            0           -1  5.2
   per-job bound checks 282,338,000; violations combined 0, Theorem A form 0, Theorem B (eta) form 0
## done in 26 s
## 2026-09-20 01:01:10 valid_rep1_L2_fixgrid  k=4 n=17,646,125 argv=--trace valid --rep 1 --level 2 --set fixgrid --workers 4
   jobs FCFS would start within 1 s: 15,214,306 (86.2%)
              w_p99_dl     gap  w_mean     w_p99  max_excess  harm_wf1s  max_heavy  qw_forced_frac  guar_excess_max  used_over_allowed   usedA  usedB  bound_viol  bound_violA  bound_violB  sec
policy                                                                                                                                                                                          
FCFS          261.1865  0.0000  8.8831  199.2422      0.0000     0.0000  1059.5462          0.0000              inf                NaN     NaN    NaN          -1           -1           -1  1.0
SJF-ref        46.1729  1.0000  1.7711   36.1638   2253.1549   621.2005  2739.9941          0.0000              inf                NaN     NaN    NaN          -1           -1           -1  1.2
SPJF-tweedie   72.1720  0.8791  2.3972   43.7610   2959.7349   633.5771  3430.1342          0.0000              inf                NaN     NaN    NaN          -1           -1           -1  1.2
FIXG-B30      262.6038 -0.0066  7.5078  185.5616     72.6243    62.1085  1067.1418          0.6878            157.5             0.4611  0.4611    NaN           0            0           -1  5.8
FIXG-B60      263.9522 -0.0129  6.8650  172.0093     90.4771    66.5725  1074.6637          0.5950            165.0             0.5483  0.5483    NaN           0            0           -1  5.4
FIXG-B90      263.1420 -0.0091  6.4505  158.8711     97.5744    66.6853  1082.0793          0.5333            172.5             0.5656  0.5656    NaN           0            0           -1  5.8
FIXG-B120     259.9622  0.0057  6.1535  147.3920    111.5208    81.5246  1089.6767          0.4867            180.0             0.6196  0.6196    NaN           0            0           -1  5.7
FIXG-B180     249.6711  0.0536  5.7452  126.0145    127.3413   104.9123  1104.7819          0.4136            195.0             0.6530  0.6530    NaN           0            0           -1  5.9
FIXG-B240     234.6267  0.1235  5.4219  108.3409    131.8361   104.9536  1119.6309          0.3604            210.0             0.6278  0.6278    NaN           0            0           -1  5.8
FIXG-B300     221.0355  0.1867  5.1698   97.2009    145.7200   131.7991  1134.7348          0.3155            225.0             0.6476  0.6476    NaN           0            0           -1  5.7
FIXG-B360     208.0513  0.2471  4.9695   88.1750    170.2847   137.9797  1149.7045          0.2796            240.0             0.7095  0.7095    NaN           0            0           -1  6.2
FIXG-B420     198.2200  0.2928  4.7966   80.3596    192.3488   171.5541  1164.6070          0.2460            255.0             0.7543  0.7543    NaN           0            0           -1  5.5
FIXG-B480     186.3231  0.3482  4.6444   73.7820    194.4974   171.6147  1179.7774          0.2190            270.0             0.7204  0.7204    NaN           0            0           -1  5.5
FIXG-B540     178.4202  0.3849  4.5250   69.7182    199.7787   177.9114  1187.8764          0.1969            285.0             0.7010  0.7010    NaN           0            0           -1  5.4
FIXG-B600     172.2202  0.4138  4.4059   66.0192    220.1804   212.0439  1202.8756          0.1749            300.0             0.7339  0.7339    NaN           0            0           -1  5.6
FIXG-B900     133.2882  0.5948  3.9555   57.8797    296.2560   283.4579  1277.8480          0.1076            375.0             0.7900  0.7900    NaN           0            0           -1  5.1
FIXG-B1200    114.4339  0.6825  3.6691   53.9391    366.1223   345.6231  1352.9028          0.0686            450.0             0.8136  0.8136    NaN           0            0           -1  5.2
FIXG-B2400     88.6614  0.8024  3.0689   49.0555    656.9256   603.6291  1537.1489          0.0136            750.0             0.8759  0.8759    NaN           0            0           -1  5.1
FIXG-B4800     78.9650  0.8475  2.7677   46.6093   1251.9364   633.5771  2162.3337          0.0019           1350.0             0.9274  0.9274    NaN           0            0           -1  5.1
   per-job bound checks 282,338,000; violations combined 0, Theorem A form 0, Theorem B (eta) form 0
## done in 27 s
## 2026-09-20 01:01:38 valid_rep2_L0_fixgrid  k=8 n=17,646,125 argv=--trace valid --rep 2 --level 0 --set fixgrid --workers 4
   jobs FCFS would start within 1 s: 17,123,126 (97.0%)
              w_p99_dl     gap  w_mean    w_p99  max_excess  harm_wf1s  max_heavy  qw_forced_frac  guar_excess_max  used_over_allowed   usedA  usedB  bound_viol  bound_violA  bound_violB  sec
policy                                                                                                                                                                                         
FCFS           26.1892  0.0000  0.6412  13.5358      0.0000     0.0000   594.7875          0.0000              inf                NaN     NaN    NaN          -1           -1           -1  1.0
SJF-ref        10.5167  1.0000  0.2220   4.6054    644.9932   170.3398   932.9601          0.0000              inf                NaN     NaN    NaN          -1           -1           -1  1.1
SPJF-tweedie   14.5701  0.7414  0.2846   6.0601   1019.5449   121.5563  1276.3113          0.0000              inf                NaN     NaN    NaN          -1           -1           -1  1.1
FIXG-B30       19.1891  0.4467  0.4846   7.9634     62.0598    55.4027   602.1943          0.1937            172.5             0.3598  0.3598    NaN           0            0           -1  5.2
FIXG-B60       18.1741  0.5114  0.4484   7.2287     75.4944    58.5064   609.8857          0.1230            180.0             0.4194  0.4194    NaN           0            0           -1  5.2
FIXG-B90       17.1265  0.5783  0.4280   6.9566     76.7716    63.9515   617.4296          0.0875            187.5             0.4094  0.4094    NaN           0            0           -1  5.4
FIXG-B120      16.5389  0.6157  0.4120   6.8340     84.2823    72.1790   624.8549          0.0652            195.0             0.4322  0.4322    NaN           0            0           -1  5.4
FIXG-B180      15.9703  0.6520  0.3925   6.5787    100.7509    78.1973   646.4540          0.0432            210.0             0.4798  0.4798    NaN           0            0           -1  5.5
FIXG-B240      15.5782  0.6770  0.3831   6.4725    114.7046    99.2163   662.6423          0.0321            225.0             0.5098  0.5098    NaN           0            0           -1  5.7
FIXG-B300      15.2156  0.7002  0.3673   6.3653    134.3420   100.2643   676.3059          0.0238            240.0             0.5598  0.5598    NaN           0            0           -1  5.8
FIXG-B360      15.0807  0.7088  0.3526   6.3237    142.0306   100.5374   694.6801          0.0165            255.0             0.5570  0.5570    NaN           0            0           -1  5.7
FIXG-B420      15.0234  0.7124  0.3489   6.3054    154.6506   109.3859   713.8680          0.0125            270.0             0.5728  0.5728    NaN           0            0           -1  5.3
FIXG-B480      14.9614  0.7164  0.3394   6.2800    156.1180   120.9671   724.5206          0.0093            285.0             0.5478  0.5478    NaN           0            0           -1  5.7
FIXG-B540      14.8868  0.7212  0.3276   6.2124    181.4389   121.5563   762.1915          0.0077            300.0             0.6048  0.6048    NaN           0            0           -1  5.6
FIXG-B600      14.8806  0.7216  0.3263   6.2148    204.3668   121.5563   752.3216          0.0065            315.0             0.6488  0.6488    NaN           0            0           -1  5.8
FIXG-B900      14.8255  0.7251  0.3142   6.1681    286.0935   121.5563   845.4897          0.0043            390.0             0.7336  0.7336    NaN           0            0           -1  5.1
FIXG-B1200     14.7507  0.7298  0.3015   6.1013    338.9720   121.5563   797.2862          0.0028            465.0             0.7290  0.7290    NaN           0            0           -1  5.0
FIXG-B2400     14.6672  0.7352  0.2914   6.0792    645.0315   121.5563  1032.9877          0.0003            765.0             0.8432  0.8432    NaN           0            0           -1  5.0
FIXG-B4800     14.5701  0.7414  0.2846   6.0601   1019.5449   121.5563  1276.3113          0.0000           1365.0             0.7469  0.7469    NaN           0            0           -1  5.1
   per-job bound checks 282,338,000; violations combined 0, Theorem A form 0, Theorem B (eta) form 0
## done in 26 s
## 2026-09-20 01:02:04 valid_rep2_L1_fixgrid  k=5 n=17,646,125 argv=--trace valid --rep 2 --level 1 --set fixgrid --workers 4
   jobs FCFS would start within 1 s: 15,977,919 (90.5%)
              w_p99_dl     gap  w_mean    w_p99  max_excess  harm_wf1s  max_heavy  qw_forced_frac  guar_excess_max  used_over_allowed   usedA  usedB  bound_viol  bound_violA  bound_violB  sec
policy                                                                                                                                                                                         
FCFS          109.0342  0.0000  3.7019  73.5202      0.0000     0.0000  1160.7403          0.0000              inf                NaN     NaN    NaN          -1           -1           -1  1.0
SJF-ref        37.2474  1.0000  1.0891  28.1862   1373.9181   483.7447  1995.5555          0.0000              inf                NaN     NaN    NaN          -1           -1           -1  1.2
SPJF-tweedie   47.9743  0.8506  1.3774  32.6370   2015.3040   261.7017  2451.4769          0.0000              inf                NaN     NaN    NaN          -1           -1           -1  1.2
FIXG-B30      102.7579  0.0874  2.9519  57.1643     83.2454    61.8217  1168.2620          0.4912            163.5             0.5091  0.5091    NaN           0            0           -1  5.8
FIXG-B60       96.6210  0.1729  2.7143  49.6037     95.9133    65.8523  1175.7713          0.3966            171.0             0.5609  0.5609    NaN           0            0           -1  5.9
FIXG-B90       89.8523  0.2672  2.5801  46.3457     92.9060    75.4415  1183.2664          0.3393            178.5             0.5205  0.5205    NaN           0            0           -1  5.7
FIXG-B120      85.0176  0.3346  2.4910  44.7904    100.4031    81.0413  1190.7672          0.2948            186.0             0.5398  0.5398    NaN           0            0           -1  5.4
FIXG-B180      74.8328  0.4764  2.3379  42.4967    134.9987    83.2654  1205.8596          0.2294            201.0             0.6716  0.6716    NaN           0            0           -1  5.3
FIXG-B240      70.9133  0.5310  2.2377  40.6508    135.2550    90.1763  1220.8462          0.1813            216.0             0.6262  0.6262    NaN           0            0           -1  5.8
FIXG-B300      66.7673  0.5888  2.1576  39.4110    150.1630   116.8075  1235.7986          0.1439            231.0             0.6501  0.6501    NaN           0            0           -1  5.7
FIXG-B360      62.0085  0.6551  2.0920  38.4413    182.6054   120.6479  1250.8602          0.1141            246.0             0.7423  0.7423    NaN           0            0           -1  5.9
FIXG-B420      59.5759  0.6890  2.0309  37.7661    182.7758   124.6154  1265.8963          0.0929            261.0             0.7003  0.7003    NaN           0            0           -1  6.7
FIXG-B480      57.9952  0.7110  1.9879  37.3116    188.5010   154.6419  1280.9146          0.0780            276.0             0.6830  0.6830    NaN           0            0           -1  6.9
FIXG-B540      56.6032  0.7304  1.9464  36.8306    206.0220   162.0278  1295.9349          0.0674            291.0             0.7080  0.7080    NaN           0            0           -1  6.8
FIXG-B600      55.4451  0.7465  1.8984  36.2936    216.7346   162.2086  1318.0638          0.0597            306.0             0.7083  0.7083    NaN           0            0           -1  6.8
FIXG-B900      52.8196  0.7831  1.7832  35.4679    288.2214   242.6483  1386.0670          0.0323            381.0             0.7565  0.7565    NaN           0            0           -1  6.4
FIXG-B1200     51.5162  0.8012  1.7054  34.7963    355.4963   261.7017  1468.7927          0.0191            456.0             0.7796  0.7796    NaN           0            0           -1  6.6
FIXG-B2400     49.7446  0.8259  1.5418  33.8366    647.4367   261.7017  1733.4486          0.0032            756.0             0.8564  0.8564    NaN           0            0           -1  6.4
FIXG-B4800     48.9767  0.8366  1.4424  33.1216   1246.8782   261.7017  2084.4675          0.0007           1356.0             0.9195  0.9195    NaN           0            0           -1  6.4
   per-job bound checks 282,338,000; violations combined 0, Theorem A form 0, Theorem B (eta) form 0
## done in 29 s
## 2026-09-20 01:02:34 valid_rep2_L2_fixgrid  k=4 n=17,646,125 argv=--trace valid --rep 2 --level 2 --set fixgrid --workers 4
   jobs FCFS would start within 1 s: 15,207,278 (86.2%)
              w_p99_dl     gap  w_mean     w_p99  max_excess  harm_wf1s  max_heavy  qw_forced_frac  guar_excess_max  used_over_allowed   usedA  usedB  bound_viol  bound_violA  bound_violB  sec
policy                                                                                                                                                                                          
FCFS          212.4606  0.0000  8.1651  162.7654      0.0000     0.0000  1536.3720          0.0000              inf                NaN     NaN    NaN          -1           -1           -1  1.0
SJF-ref        45.1214  1.0000  1.7251   35.3285   2122.3331   297.1641  3013.5891          0.0000              inf                NaN     NaN    NaN          -1           -1           -1  1.3
SPJF-tweedie   67.6752  0.8652  2.3160   42.7372   2985.8313  1339.3417  3573.3036          0.0000              inf                NaN     NaN    NaN          -1           -1           -1  1.3
FIXG-B30      214.1774 -0.0103  6.8072  150.4618     66.9800    62.0775  1543.8465          0.6563            157.5             0.4253  0.4253    NaN           0            0           -1  6.1
FIXG-B60      214.2643 -0.0108  6.2098  139.5466     95.3599    73.9573  1551.4563          0.5626            165.0             0.5779  0.5779    NaN           0            0           -1  6.2
FIXG-B90      211.3289  0.0068  5.8492  128.4695    102.0610    77.0159  1558.9291          0.5039            172.5             0.5917  0.5917    NaN           0            0           -1  6.4
FIXG-B120     207.9215  0.0271  5.6050  116.5583    103.2432    81.2808  1566.6221          0.4605            180.0             0.5736  0.5736    NaN           0            0           -1  6.1
FIXG-B180     194.1652  0.1093  5.2599   99.7127    127.7829   121.1666  1581.5693          0.3934            195.0             0.6553  0.6553    NaN           0            0           -1  5.4
FIXG-B240     179.2656  0.1984  4.9719   87.3161    132.5285   122.5641  1596.4260          0.3382            210.0             0.6311  0.6311    NaN           0            0           -1  5.5
FIXG-B300     170.0252  0.2536  4.7474   78.8231    154.6159   127.6047  1611.5692          0.2939            225.0             0.6872  0.6872    NaN           0            0           -1  5.5
FIXG-B360     160.8066  0.3087  4.5879   72.4527    162.5815   133.2323  1626.4941          0.2562            240.0             0.6774  0.6774    NaN           0            0           -1  5.6
FIXG-B420     154.5648  0.3460  4.4562   67.4991    164.7814   153.2195  1641.5828          0.2270            255.0             0.6462  0.6462    NaN           0            0           -1  5.2
FIXG-B480     144.9937  0.4032  4.3169   63.5471    192.2755   175.8333  1656.5323          0.2018            270.0             0.7121  0.7121    NaN           0            0           -1  5.2
FIXG-B540     135.5738  0.4595  4.2051   60.6816    214.5311   183.2940  1671.5162          0.1805            285.0             0.7527  0.7527    NaN           0            0           -1  5.3
FIXG-B600     128.1828  0.5036  4.0936   58.1710    217.8928   184.1842  1686.5704          0.1631            300.0             0.7263  0.7263    NaN           0            0           -1  5.3
FIXG-B900     102.9704  0.6543  3.7529   52.9643    292.1530   259.5723  1761.2889          0.1049            375.0             0.7791  0.7791    NaN           0            0           -1  5.2
FIXG-B1200     91.4848  0.7229  3.5114   50.3628    364.8920   325.6489  1857.9448          0.0712            450.0             0.8109  0.8109    NaN           0            0           -1  5.6
FIXG-B2400     76.4432  0.8128  2.9857   46.6480    650.1093   619.6722  2140.0565          0.0121            750.0             0.8668  0.8668    NaN           0            0           -1  5.4
FIXG-B4800     71.9947  0.8394  2.7117   44.9289   1251.3563  1231.2957  2692.5070          0.0028           1350.0             0.9269  0.9269    NaN           0            0           -1  5.3
   per-job bound checks 282,338,000; violations combined 0, Theorem A form 0, Theorem B (eta) form 0
## done in 27 s
## 2026-09-20 01:03:02 valid_rep3_L0_fixgrid  k=7 n=17,646,125 argv=--trace valid --rep 3 --level 0 --set fixgrid --workers 4
   jobs FCFS would start within 1 s: 16,871,964 (95.6%)
              w_p99_dl     gap  w_mean    w_p99  max_excess  harm_wf1s  max_heavy  qw_forced_frac  guar_excess_max  used_over_allowed   usedA  usedB  bound_viol  bound_violA  bound_violB  sec
policy                                                                                                                                                                                         
FCFS           40.9388  0.0000  1.0275  25.2315      0.0000     0.0000   458.1325          0.0000              inf                NaN     NaN    NaN          -1           -1           -1  1.0
SJF-ref        18.0807  1.0000  0.3709  10.5863    596.7495   172.1125   645.0202          0.0000              inf                NaN     NaN    NaN          -1           -1           -1  1.2
SPJF-tweedie   24.0887  0.7372  0.4736  12.9073    838.2449   218.7796   997.1940          0.0000              inf                NaN     NaN    NaN          -1           -1           -1  1.2
FIXG-B30       35.0583  0.2573  0.7738  17.1997     70.2791    62.2426   465.8004          0.2420         170.3571             0.4125  0.4125    NaN           0            0           -1  5.3
FIXG-B60       32.4705  0.3705  0.7131  16.0020     87.4369    70.5148   473.1050          0.1616         177.8571             0.4916  0.4916    NaN           0            0           -1  5.3
FIXG-B90       31.1150  0.4298  0.6839  15.3814     89.5457    70.5668   480.8536          0.1198         185.3571             0.4831  0.4831    NaN           0            0           -1  5.4
FIXG-B120      29.5675  0.4975  0.6559  14.9142     89.5464    70.8393   478.5900          0.0902         192.8571             0.4643  0.4643    NaN           0            0           -1  5.3
FIXG-B180      27.9358  0.5689  0.6303  14.4388    107.5017    84.5129   490.7160          0.0607         207.8571             0.5172  0.5172    NaN           0            0           -1  5.2
FIXG-B240      26.6861  0.6235  0.6060  14.0354    138.1840    88.7213   505.6073          0.0429         222.8571             0.6201  0.6201    NaN           0            0           -1  5.2
FIXG-B300      25.8370  0.6607  0.5869  13.8018    140.6641   105.6636   520.6428          0.0311         237.8571             0.5914  0.5914    NaN           0            0           -1  5.3
FIXG-B360      25.3713  0.6811  0.5683  13.6702    141.7984   108.3738   535.5814          0.0235         252.8571             0.5608  0.5608    NaN           0            0           -1  5.5
FIXG-B420      25.0956  0.6931  0.5544  13.5482    160.2071   160.2071   559.6342          0.0167         267.8571             0.5981  0.5981    NaN           0            0           -1  5.1
FIXG-B480      25.0074  0.6970  0.5469  13.5179    192.3811   160.3230   575.4032          0.0124         282.8571             0.6801  0.6801    NaN           0            0           -1  5.4
FIXG-B540      24.8530  0.7037  0.5393  13.4161    200.9417   161.0477   576.2017          0.0101         297.8571             0.6746  0.6746    NaN           0            0           -1  5.2
FIXG-B600      24.6588  0.7122  0.5274  13.3043    205.0909   163.6500   611.4116          0.0087         312.8571             0.6555  0.6555    NaN           0            0           -1  5.3
FIXG-B900      24.5616  0.7165  0.5077  13.2452    281.5922   218.7796   647.4744          0.0049         387.8571             0.7260  0.7260    NaN           0            0           -1  5.3
FIXG-B1200     24.3928  0.7239  0.4968  13.1153    357.1740   218.7796   652.6492          0.0037         462.8571             0.7717  0.7717    NaN           0            0           -1  5.5
FIXG-B2400     24.1439  0.7347  0.4828  12.9466    635.6232   218.7796   813.7323          0.0003         762.8571             0.8332  0.8332    NaN           0            0           -1  5.3
FIXG-B4800     24.0887  0.7372  0.4736  12.9073    838.2449   218.7796   997.1940          0.0000        1362.8571             0.6151  0.6151    NaN           0            0           -1  5.3
   per-job bound checks 282,338,000; violations combined 0, Theorem A form 0, Theorem B (eta) form 0
## done in 25 s
## 2026-09-20 01:03:28 valid_rep3_L1_fixgrid  k=5 n=17,646,125 argv=--trace valid --rep 3 --level 1 --set fixgrid --workers 4
   jobs FCFS would start within 1 s: 16,007,520 (90.7%)
              w_p99_dl     gap  w_mean    w_p99  max_excess  harm_wf1s  max_heavy  qw_forced_frac  guar_excess_max  used_over_allowed   usedA  usedB  bound_viol  bound_violA  bound_violB  sec
policy                                                                                                                                                                                         
FCFS          109.8529  0.0000  3.5811  74.6817      0.0000     0.0000   753.0580          0.0000              inf                NaN     NaN    NaN          -1           -1           -1  1.0
SJF-ref        36.2799  1.0000  1.0419  27.1717   1104.3792   367.3275  1401.2640          0.0000              inf                NaN     NaN    NaN          -1           -1           -1  1.2
SPJF-tweedie   48.1448  0.8387  1.3459  31.9190   1652.7468   335.4583  1910.3735          0.0000              inf                NaN     NaN    NaN          -1           -1           -1  1.3
FIXG-B30      107.8432  0.0273  2.8205  57.8909     69.4794    63.7129   761.3405          0.4713            163.5             0.4250  0.4250    NaN           0            0           -1  5.7
FIXG-B60      103.9576  0.0801  2.5694  49.7927     86.0210    73.1522   769.0038          0.3694            171.0             0.5030  0.5030    NaN           0            0           -1  5.6
FIXG-B90       95.2061  0.1991  2.4228  46.1973     92.1566    73.1774   776.5171          0.3072            178.5             0.5163  0.5163    NaN           0            0           -1  6.8
FIXG-B120      88.9848  0.2836  2.3279  44.3885     99.4115    73.1774   783.9761          0.2614            186.0             0.5345  0.5345    NaN           0            0           -1  5.7
FIXG-B180      80.2490  0.4024  2.1759  41.7365    116.3739   116.3739   799.0010          0.1972            201.0             0.5790  0.5790    NaN           0            0           -1  5.4
FIXG-B240      76.2338  0.4569  2.0886  40.0863    133.4326   118.5585   813.9643          0.1489            216.0             0.6177  0.6177    NaN           0            0           -1  5.3
FIXG-B300      71.5449  0.5207  1.9949  38.6146    142.3220   118.6155   829.1361          0.1127            231.0             0.6161  0.6161    NaN           0            0           -1  5.2
FIXG-B360      64.8379  0.6118  1.9559  37.5005    164.8318   122.6372   844.1011          0.0892            246.0             0.6700  0.6700    NaN           0            0           -1  5.2
FIXG-B420      61.4925  0.6573  1.9059  36.9528    178.3198   141.8470   859.0875          0.0711            261.0             0.6832  0.6832    NaN           0            0           -1  5.4
FIXG-B480      59.2975  0.6871  1.8535  36.4215    189.5644   163.8766   874.1031          0.0591            276.0             0.6868  0.6868    NaN           0            0           -1  5.6
FIXG-B540      57.4418  0.7124  1.8106  35.9353    198.8203   163.8766   891.1986          0.0508            291.0             0.6832  0.6832    NaN           0            0           -1  5.5
FIXG-B600      56.0475  0.7313  1.7753  35.4722    204.2391   170.3619   904.0650          0.0438            306.0             0.6674  0.6674    NaN           0            0           -1  5.4
FIXG-B900      53.0069  0.7726  1.6428  34.3028    285.1194   234.1348   979.0695          0.0214            381.0             0.7483  0.7483    NaN           0            0           -1  5.2
FIXG-B1200     51.6461  0.7911  1.5745  33.8334    351.2953   301.9134  1054.2819          0.0129            456.0             0.7704  0.7704    NaN           0            0           -1  5.3
FIXG-B2400     49.7863  0.8164  1.4587  32.9358    648.5088   335.4583  1268.1955          0.0019            756.0             0.8578  0.8578    NaN           0            0           -1  5.4
FIXG-B4800     48.4955  0.8340  1.3698  32.1731   1253.1979   335.4583  1714.9063          0.0003           1356.0             0.9242  0.9242    NaN           0            0           -1  5.3
   per-job bound checks 282,338,000; violations combined 0, Theorem A form 0, Theorem B (eta) form 0
## done in 27 s
## 2026-09-20 01:03:56 valid_rep3_L2_fixgrid  k=4 n=17,646,125 argv=--trace valid --rep 3 --level 2 --set fixgrid --workers 4
   jobs FCFS would start within 1 s: 15,219,197 (86.2%)
              w_p99_dl     gap  w_mean     w_p99  max_excess  harm_wf1s  max_heavy  qw_forced_frac  guar_excess_max  used_over_allowed   usedA  usedB  bound_viol  bound_violA  bound_violB  sec
policy                                                                                                                                                                                          
FCFS          213.2628  0.0000  8.0028  161.4361      0.0000     0.0000  1027.8293          0.0000              inf                NaN     NaN    NaN          -1           -1           -1  0.9
SJF-ref        45.9475  1.0000  1.7254   35.4134   1799.4353   439.9633  2433.9755          0.0000              inf                NaN     NaN    NaN          -1           -1           -1  1.2
SPJF-tweedie   70.9774  0.8504  2.3259   42.7838   2685.5602   676.3017  3005.9057          0.0000              inf                NaN     NaN    NaN          -1           -1           -1  1.2
FIXG-B30      213.8380 -0.0034  6.6460  151.7035     68.9852    53.9415  1035.4616          0.6394            157.5             0.4380  0.4380    NaN           0            0           -1  6.2
FIXG-B60      214.5546 -0.0077  6.0259  141.5316     90.1775    74.3812  1042.8982          0.5366            165.0             0.5465  0.5465    NaN           0            0           -1  5.4
FIXG-B90      211.9901  0.0076  5.6450  129.6111     90.1775    83.5627  1050.4756          0.4717            172.5             0.5228  0.5228    NaN           0            0           -1  5.5
FIXG-B120     209.4381  0.0229  5.3763  118.4883    105.7283    83.6007  1057.9849          0.4239            180.0             0.5874  0.5874    NaN           0            0           -1  5.3
FIXG-B180     204.1284  0.0546  5.0108  100.1566    131.6887    99.2608  1072.9907          0.3534            195.0             0.6753  0.6753    NaN           0            0           -1  6.0
FIXG-B240     196.4342  0.1006  4.7398   89.5676    137.3118   103.3129  1087.9636          0.2981            210.0             0.6539  0.6539    NaN           0            0           -1  5.3
FIXG-B300     182.0915  0.1863  4.4944   79.4191    144.8141   126.3244  1102.9327          0.2537            225.0             0.6436  0.6436    NaN           0            0           -1  5.6
FIXG-B360     172.6141  0.2429  4.3322   72.2195    148.8699   133.9377  1117.9780          0.2165            240.0             0.6203  0.6203    NaN           0            0           -1  5.8
FIXG-B420     164.4764  0.2916  4.1780   66.5939    185.3184   139.1216  1132.9218          0.1898            255.0             0.7267  0.7267    NaN           0            0           -1  5.8
FIXG-B480     154.0089  0.3541  4.0460   63.0411    192.3400   178.8845  1147.9259          0.1636            270.0             0.7124  0.7124    NaN           0            0           -1  5.4
FIXG-B540     145.3059  0.4062  3.9163   59.9276    205.8077   178.9157  1162.9319          0.1449            285.0             0.7221  0.7221    NaN           0            0           -1  5.5
FIXG-B600     138.2790  0.4482  3.8238   58.1287    236.4196   194.4837  1177.9254          0.1271            300.0             0.7881  0.7881    NaN           0            0           -1  5.5
FIXG-B900     112.7405  0.6008  3.4990   52.7038    290.5046   264.6741  1261.7595          0.0747            375.0             0.7747  0.7747    NaN           0            0           -1  5.5
FIXG-B1200     98.5773  0.6854  3.2859   50.1007    359.4465   327.5535  1331.6518          0.0415            450.0             0.7988  0.7988    NaN           0            0           -1  5.6
FIXG-B2400     80.2114  0.7952  2.7910   46.4526    649.8677   608.9410  1620.7076          0.0073            750.0             0.8665  0.8665    NaN           0            0           -1  5.8
FIXG-B4800     75.9878  0.8205  2.5484   44.7823   1244.8769   676.3017  2187.3180          0.0016           1350.0             0.9221  0.9221    NaN           0            0           -1  5.6
   per-job bound checks 282,338,000; violations combined 0, Theorem A form 0, Theorem B (eta) form 0
## done in 26 s
## 2026-09-20 01:04:23 valid_rep4_L0_fixgrid  k=8 n=17,646,125 argv=--trace valid --rep 4 --level 0 --set fixgrid --workers 4
   jobs FCFS would start within 1 s: 17,081,262 (96.8%)
              w_p99_dl     gap  w_mean    w_p99  max_excess  harm_wf1s  max_heavy  qw_forced_frac  guar_excess_max  used_over_allowed   usedA  usedB  bound_viol  bound_violA  bound_violB  sec
policy                                                                                                                                                                                         
FCFS           28.1276  0.0000  0.6498  15.2692      0.0000     0.0000   389.6091          0.0000              inf                NaN     NaN    NaN          -1           -1           -1  1.0
SJF-ref        11.3677  1.0000  0.2323   5.1400    566.1046   423.1142   598.6741          0.0000              inf                NaN     NaN    NaN          -1           -1           -1  1.1
SPJF-tweedie   15.9149  0.7287  0.2993   6.7692    718.1255   186.7735   867.7948          0.0000              inf                NaN     NaN    NaN          -1           -1           -1  1.1
FIXG-B30       22.2210  0.3524  0.4756   8.9208     62.9583    56.8304   397.8036          0.1716            172.5             0.3650  0.3650    NaN           0            0           -1  5.2
FIXG-B60       20.4596  0.4575  0.4435   8.1456     71.3213    60.4355   405.4288          0.1062            180.0             0.3962  0.3962    NaN           0            0           -1  5.2
FIXG-B90       19.0889  0.5393  0.4240   7.7107     73.5903    60.4355   412.8578          0.0741            187.5             0.3925  0.3925    NaN           0            0           -1  5.1
FIXG-B120      18.1247  0.5968  0.4048   7.5327     87.0248    60.4355   420.3828          0.0554            195.0             0.4463  0.4463    NaN           0            0           -1  5.0
FIXG-B180      17.5566  0.6307  0.3848   7.3050    104.8075    71.0473   435.3871          0.0334            210.0             0.4991  0.4991    NaN           0            0           -1  5.1
FIXG-B240      17.1274  0.6563  0.3815   7.2011    104.0185    95.1193   458.9906          0.0266            225.0             0.4623  0.4623    NaN           0            0           -1  5.2
FIXG-B300      16.6876  0.6826  0.3700   7.0935    130.8708   103.5494   476.3081          0.0206            240.0             0.5453  0.5453    NaN           0            0           -1  5.3
FIXG-B360      16.5230  0.6924  0.3556   7.0223    145.0117   113.7166   488.0368          0.0151            255.0             0.5687  0.5687    NaN           0            0           -1  5.4
FIXG-B420      16.3003  0.7057  0.3433   6.9619    147.1894   128.6806   491.5961          0.0095            270.0             0.5451  0.5451    NaN           0            0           -1  4.9
FIXG-B480      16.2750  0.7072  0.3419   6.9443    172.8510   146.7864   534.9237          0.0078            285.0             0.6065  0.6065    NaN           0            0           -1  5.3
FIXG-B540      16.2375  0.7094  0.3365   6.9199    190.5187   168.7412   538.8006          0.0064            300.0             0.6351  0.6351    NaN           0            0           -1  4.9
FIXG-B600      16.1685  0.7136  0.3271   6.8790    195.8030   179.4419   539.1661          0.0053            315.0             0.6216  0.6216    NaN           0            0           -1  5.1
FIXG-B900      16.0960  0.7179  0.3127   6.8298    272.4041   186.7735   565.6323          0.0029            390.0             0.6985  0.6985    NaN           0            0           -1  4.9
FIXG-B1200     15.9972  0.7238  0.3062   6.7935    349.9706   186.7735   598.7418          0.0021            465.0             0.7526  0.7526    NaN           0            0           -1  4.8
FIXG-B2400     15.9184  0.7285  0.2997   6.7643    625.4199   186.7735   795.9678          0.0000            765.0             0.8175  0.8175    NaN           0            0           -1  5.0
FIXG-B4800     15.9149  0.7287  0.2993   6.7692    718.1255   186.7735   867.7948          0.0000           1365.0             0.5261  0.5261    NaN           0            0           -1  4.8
   per-job bound checks 282,338,000; violations combined 0, Theorem A form 0, Theorem B (eta) form 0
## done in 24 s
## 2026-09-20 01:04:47 valid_rep4_L1_fixgrid  k=5 n=17,646,125 argv=--trace valid --rep 4 --level 1 --set fixgrid --workers 4
   jobs FCFS would start within 1 s: 15,999,358 (90.7%)
              w_p99_dl     gap  w_mean    w_p99  max_excess  harm_wf1s  max_heavy  qw_forced_frac  guar_excess_max  used_over_allowed   usedA  usedB  bound_viol  bound_violA  bound_violB  sec
policy                                                                                                                                                                                         
FCFS          119.5916  0.0000  3.7295  79.1857      0.0000     0.0000   821.6593          0.0000              inf                NaN     NaN    NaN          -1           -1           -1  0.9
SJF-ref        35.7861  1.0000  1.0408  27.0930   1042.7584   157.5034  1524.9138          0.0000              inf                NaN     NaN    NaN          -1           -1           -1  1.2
SPJF-tweedie   47.8878  0.8556  1.3412  31.6444   1885.4607   410.1963  2126.6169          0.0000              inf                NaN     NaN    NaN          -1           -1           -1  1.1
FIXG-B30      115.6951  0.0465  2.9300  61.6623     68.3868    62.4056   828.9080          0.4781            163.5             0.4183  0.4183    NaN           0            0           -1  5.5
FIXG-B60      110.2538  0.1114  2.6626  51.9630     82.7240    71.1752   836.5086          0.3749            171.0             0.4838  0.4838    NaN           0            0           -1  6.1
FIXG-B90      104.2147  0.1835  2.5147  47.3374    101.5127    71.4497   844.3692          0.3149            178.5             0.5687  0.5687    NaN           0            0           -1  5.2
FIXG-B120      95.6785  0.2853  2.4112  45.2189    111.4802    76.1619   851.8445          0.2695            186.0             0.5994  0.5994    NaN           0            0           -1  6.2
FIXG-B180      85.9233  0.4017  2.2682  42.7062    114.3341   114.3341   866.7618          0.2052            201.0             0.5688  0.5688    NaN           0            0           -1  5.2
FIXG-B240      78.9347  0.4851  2.1451  40.2983    125.6565   118.6682   881.8031          0.1597            216.0             0.5817  0.5817    NaN           0            0           -1  5.2
FIXG-B300      73.7871  0.5466  2.0615  38.9957    145.8377   118.7819   896.8558          0.1239            231.0             0.6313  0.6313    NaN           0            0           -1  5.1
FIXG-B360      67.7135  0.6190  1.9889  37.8808    169.6136   121.6860   911.7904          0.0986            246.0             0.6895  0.6895    NaN           0            0           -1  5.1
FIXG-B420      63.0804  0.6743  1.9208  37.0811    167.2127   134.8607   931.1641          0.0792            261.0             0.6407  0.6407    NaN           0            0           -1  5.1
FIXG-B480      60.9954  0.6992  1.8860  36.4146    182.4003   155.6659   944.8460          0.0671            276.0             0.6609  0.6609    NaN           0            0           -1  5.4
FIXG-B540      58.3887  0.7303  1.8317  35.8806    196.3858   176.2410   976.1958          0.0573            291.0             0.6749  0.6749    NaN           0            0           -1  5.4
FIXG-B600      57.6324  0.7393  1.8053  35.6255    216.4939   177.2233   992.1670          0.0496            306.0             0.7075  0.7075    NaN           0            0           -1  6.0
FIXG-B900      53.2809  0.7912  1.6654  34.2117    290.1843   249.7494  1045.0188          0.0254            381.0             0.7616  0.7616    NaN           0            0           -1  5.0
FIXG-B1200     51.8352  0.8085  1.5956  33.5830    354.6346   302.5434  1129.5760          0.0150            456.0             0.7777  0.7777    NaN           0            0           -1  5.1
FIXG-B2400     49.3683  0.8379  1.4615  32.6396    644.4582   410.1963  1405.9847          0.0030            756.0             0.8525  0.8525    NaN           0            0           -1  4.9
FIXG-B4800     48.3203  0.8504  1.3825  31.9794   1240.4193   410.1963  1748.6123          0.0005           1356.0             0.9148  0.9148    NaN           0            0           -1  7.9
   per-job bound checks 282,338,000; violations combined 0, Theorem A form 0, Theorem B (eta) form 0
## done in 29 s
## 2026-09-20 01:05:17 valid_rep4_L2_fixgrid  k=4 n=17,646,125 argv=--trace valid --rep 4 --level 2 --set fixgrid --workers 4
   jobs FCFS would start within 1 s: 15,219,320 (86.2%)
              w_p99_dl     gap  w_mean     w_p99  max_excess  harm_wf1s  max_heavy  qw_forced_frac  guar_excess_max  used_over_allowed   usedA  usedB  bound_viol  bound_violA  bound_violB  sec
policy                                                                                                                                                                                          
FCFS          262.2438  0.0000  8.6520  185.3534      0.0000     0.0000  1121.4200          0.0000              inf                NaN     NaN    NaN          -1           -1           -1  1.0
SJF-ref        46.0389  1.0000  1.7298   35.5414   2486.7759   302.6694  3065.4098          0.0000              inf                NaN     NaN    NaN          -1           -1           -1  1.2
SPJF-tweedie   73.2540  0.8741  2.3725   43.0712   4070.9296  1515.0461  4085.7108          0.0000              inf                NaN     NaN    NaN          -1           -1           -1  1.2
FIXG-B30      262.3112 -0.0003  7.2232  173.4775     73.6521    58.9117  1129.2954          0.6586            157.5             0.4676  0.4676    NaN           0            0           -1  5.5
FIXG-B60      260.8551  0.0064  6.5581  162.2128     89.1908    74.8320  1136.9144          0.5546            165.0             0.5406  0.5406    NaN           0            0           -1  5.3
FIXG-B90      260.1140  0.0099  6.1394  150.2203     94.2847    74.8320  1144.2691          0.4884            172.5             0.5466  0.5466    NaN           0            0           -1  5.1
FIXG-B120     258.0096  0.0196  5.8348  137.1795    108.1439   101.6440  1151.8229          0.4391            180.0             0.6008  0.6008    NaN           0            0           -1  5.3
FIXG-B180     250.0985  0.0562  5.4245  114.5037    121.3868   101.6384  1166.7147          0.3658            195.0             0.6225  0.6225    NaN           0            0           -1  6.5
FIXG-B240     237.6603  0.1137  5.1096  100.0727    137.2842   112.7472  1181.7150          0.3114            210.0             0.6537  0.6537    NaN           0            0           -1  5.3
FIXG-B300     225.7918  0.1686  4.8951   90.8127    151.9719   121.7049  1196.7136          0.2697            225.0             0.6754  0.6754    NaN           0            0           -1  5.6
FIXG-B360     213.1663  0.2270  4.6834   81.0154    156.5807   129.7685  1211.7079          0.2334            240.0             0.6524  0.6524    NaN           0            0           -1  5.2
FIXG-B420     202.4340  0.2766  4.5218   74.2742    165.6699   157.5086  1226.6516          0.2082            255.0             0.6497  0.6497    NaN           0            0           -1  5.3
FIXG-B480     192.0863  0.3245  4.3893   70.8310    204.4844   166.8592  1241.6816          0.1820            270.0             0.7573  0.7573    NaN           0            0           -1  5.2
FIXG-B540     182.7944  0.3675  4.2628   66.6732    218.0632   178.6479  1256.6724          0.1640            285.0             0.7651  0.7651    NaN           0            0           -1  5.5
FIXG-B600     174.4423  0.4061  4.1353   63.0499    224.8578   184.2344  1271.6760          0.1468            300.0             0.7495  0.7495    NaN           0            0           -1  5.2
FIXG-B900     136.8932  0.5798  3.7674   55.7601    292.7935   261.4361  1346.7558          0.0897            375.0             0.7808  0.7808    NaN           0            0           -1  5.2
FIXG-B1200    113.1461  0.6896  3.4933   52.2520    369.9549   325.9541  1429.2039          0.0600            450.0             0.8221  0.8221    NaN           0            0           -1  5.0
FIXG-B2400     87.3312  0.8090  2.9366   47.5006    685.6627   621.5835  1739.9523          0.0114            750.0             0.9142  0.9142    NaN           0            0           -1  6.3
FIXG-B4800     80.2315  0.8419  2.6467   45.2730   1280.1992  1226.0418  2327.1242          0.0021           1350.0             0.9483  0.9483    NaN           0            0           -1  5.2
   per-job bound checks 282,338,000; violations combined 0, Theorem A form 0, Theorem B (eta) form 0
## done in 26 s
## 2026-09-20 01:06:33 primary_rep0_L2_fixgrid  k=4 n=17,634,760 argv=--trace primary --rep 0 --level 2 --set fixgrid --workers 4
   jobs FCFS would start within 1 s: 15,184,765 (86.1%)
              w_p99_dl     gap   w_mean     w_p99  max_excess  harm_wf1s  max_heavy  qw_forced_frac  guar_excess_max  used_over_allowed   usedA  usedB  bound_viol  bound_violA  bound_violB  sec
policy                                                                                                                                                                                           
FCFS          263.1202  0.0000  10.0987  210.5271      0.0000     0.0000  1542.7545          0.0000              inf                NaN     NaN    NaN          -1           -1           -1  1.0
SJF-ref        42.8808  1.0000   1.6498   34.6279   4755.4670  1101.4794  5299.5324          0.0000              inf                NaN     NaN    NaN          -1           -1           -1  1.2
SPJF-tweedie   62.2255  0.9122   2.2402   41.6820   5904.5174   462.7203  6286.2405          0.0000              inf                NaN     NaN    NaN          -1           -1           -1  1.2
FIXG-B30      261.5079  0.0073   8.7649  198.3499     70.4669    63.0940  1550.4010          0.7459            157.5             0.4474  0.4474    NaN           0            0           -1  5.5
FIXG-B60      257.8275  0.0240   8.1322  185.3282     99.9380    99.9380  1557.8183          0.6696            165.0             0.6057  0.6057    NaN           0            0           -1  5.4
FIXG-B90      254.2009  0.0405   7.7175  172.3623     99.9380    99.9380  1565.3516          0.6188            172.5             0.5794  0.5794    NaN           0            0           -1  5.5
FIXG-B120     246.6677  0.0747   7.4152  161.0593    105.4014   100.0030  1572.8140          0.5794            180.0             0.5856  0.5856    NaN           0            0           -1  5.7
FIXG-B180     234.4073  0.1304   6.9808  139.3063    126.5598   103.2411  1587.8798          0.5178            195.0             0.6490  0.6490    NaN           0            0           -1  5.4
FIXG-B240     226.8491  0.1647   6.6550  119.4169    145.0069   103.3366  1602.8432          0.4679            210.0             0.6905  0.6905    NaN           0            0           -1  5.1
FIXG-B300     213.9807  0.2231   6.3714  105.0768    145.9660   109.4448  1617.9878          0.4286            225.0             0.6487  0.6487    NaN           0            0           -1  5.2
FIXG-B360     205.2552  0.2627   6.1719   94.7161    165.1217   132.3532  1632.9500          0.3914            240.0             0.6880  0.6880    NaN           0            0           -1  5.2
FIXG-B420     196.5254  0.3024   5.9424   83.9713    172.7645   143.7045  1647.8982          0.3596            255.0             0.6775  0.6775    NaN           0            0           -1  5.0
FIXG-B480     186.3923  0.3484   5.7537   77.2966    183.8823   163.7443  1662.9915          0.3300            270.0             0.6810  0.6810    NaN           0            0           -1  5.3
FIXG-B540     175.5997  0.3974   5.5614   71.2568    207.2648   177.6618  1677.8205          0.3025            285.0             0.7272  0.7272    NaN           0            0           -1  5.6
FIXG-B600     163.9905  0.4501   5.3885   66.2707    214.1944   198.7915  1692.8864          0.2787            300.0             0.7140  0.7140    NaN           0            0           -1  5.2
FIXG-B900     120.5243  0.6475   4.7697   56.8136    288.9215   267.3062  1767.9717          0.1871            375.0             0.7705  0.7705    NaN           0            0           -1  5.2
FIXG-B1200    103.2866  0.7257   4.3434   53.2675    369.2736   318.3774  1842.8581          0.1323            450.0             0.8206  0.8206    NaN           0            0           -1  5.3
FIXG-B2400     79.5541  0.8335   3.4352   47.6843    675.1636   462.7203  2142.9437          0.0443            750.0             0.9002  0.9002    NaN           0            0           -1  5.9
FIXG-B4800     72.4357  0.8658   2.9361   45.4888   1257.1225   462.7203  2741.4357          0.0060           1350.0             0.9312  0.9312    NaN           0            0           -1  5.4
   per-job bound checks 282,156,160; violations combined 0, Theorem A form 0, Theorem B (eta) form 0
## done in 26 s
## 2026-09-20 01:06:59 primary_rep0_L1_fixgrid  k=5 n=17,634,760 argv=--trace primary --rep 0 --level 1 --set fixgrid --workers 4
   jobs FCFS would start within 1 s: 16,013,840 (90.8%)
              w_p99_dl     gap  w_mean    w_p99  max_excess  harm_wf1s  max_heavy  qw_forced_frac  guar_excess_max  used_over_allowed   usedA  usedB  bound_viol  bound_violA  bound_violB  sec
policy                                                                                                                                                                                         
FCFS          109.7080  0.0000  4.1060  79.8259      0.0000     0.0000  1022.8812          0.0000              inf                NaN     NaN    NaN          -1           -1           -1  1.0
SJF-ref        34.1863  1.0000  0.9655  26.1768   2667.4241   774.8472  3072.2622          0.0000              inf                NaN     NaN    NaN          -1           -1           -1  1.2
SPJF-tweedie   43.8625  0.8719  1.2304  30.4846   3044.4703   249.1842  3312.7708          0.0000              inf                NaN     NaN    NaN          -1           -1           -1  1.2
FIXG-B30      105.3643  0.0575  3.3745  61.7666     84.8599    51.8107  1030.6195          0.5848            163.5             0.5190  0.5190    NaN           0            0           -1  5.6
FIXG-B60       99.0013  0.1418  3.1167  52.6093     93.5057    66.6544  1038.1263          0.4979            171.0             0.5468  0.5468    NaN           0            0           -1  5.6
FIXG-B90       90.5253  0.2540  2.9589  48.1414     93.4704    80.2571  1045.6063          0.4404            178.5             0.5236  0.5236    NaN           0            0           -1  5.7
FIXG-B120      84.5645  0.3329  2.8428  45.7379    104.2954    86.4671  1053.0366          0.3967            186.0             0.5607  0.5607    NaN           0            0           -1  5.5
FIXG-B180      77.5606  0.4257  2.6855  42.7321    119.7304    86.5828  1068.0059          0.3306            201.0             0.5957  0.5957    NaN           0            0           -1  6.0
FIXG-B240      69.8529  0.5277  2.5241  40.2039    131.1231    96.2418  1083.1734          0.2743            216.0             0.6071  0.6071    NaN           0            0           -1  6.0
FIXG-B300      65.0810  0.5909  2.4123  38.6235    145.8983   119.2712  1097.9957          0.2295            231.0             0.6316  0.6316    NaN           0            0           -1  6.0
FIXG-B360      59.9417  0.6590  2.3117  37.3088    162.4143   128.4242  1112.8373          0.1955            246.0             0.6602  0.6602    NaN           0            0           -1  6.0
FIXG-B420      57.5533  0.6906  2.2204  36.7080    194.8646   132.7003  1127.9092          0.1688            261.0             0.7466  0.7466    NaN           0            0           -1  5.4
FIXG-B480      56.0455  0.7106  2.1431  36.0107    194.9418   158.3095  1142.9166          0.1426            276.0             0.7063  0.7063    NaN           0            0           -1  5.4
FIXG-B540      54.2630  0.7342  2.0827  35.5108    212.5682   164.3792  1157.9077          0.1239            291.0             0.7305  0.7305    NaN           0            0           -1  5.8
FIXG-B600      53.1781  0.7485  2.0180  35.0460    224.7916   183.9358  1172.9694          0.1086            306.0             0.7346  0.7346    NaN           0            0           -1  5.4
FIXG-B900      49.9415  0.7914  1.8181  33.8775    284.5203   226.7272  1261.4693          0.0644            381.0             0.7468  0.7468    NaN           0            0           -1  5.7
FIXG-B1200     48.6505  0.8085  1.7185  33.3076    352.0659   249.1842  1326.2074          0.0385            456.0             0.7721  0.7721    NaN           0            0           -1  5.6
FIXG-B2400     46.7812  0.8332  1.4668  32.1496    656.0661   249.1842  1621.6324          0.0061            756.0             0.8678  0.8678    NaN           0            0           -1  5.5
FIXG-B4800     45.4936  0.8503  1.3642  31.4146   1245.7230   249.1842  2201.2931          0.0021           1356.0             0.9187  0.9187    NaN           0            0           -1  5.5
   per-job bound checks 282,156,160; violations combined 0, Theorem A form 0, Theorem B (eta) form 0
## done in 27 s
## 2026-09-20 01:07:27 primary_rep0_L0_fixgrid  k=8 n=17,634,760 argv=--trace primary --rep 0 --level 0 --set fixgrid --workers 4
   jobs FCFS would start within 1 s: 17,156,990 (97.3%)
              w_p99_dl     gap  w_mean    w_p99  max_excess  harm_wf1s  max_heavy  qw_forced_frac  guar_excess_max  used_over_allowed   usedA  usedB  bound_viol  bound_violA  bound_violB  sec
policy                                                                                                                                                                                         
FCFS           22.1704  0.0000  0.6024  11.8318      0.0000     0.0000   435.0229          0.0000              inf                NaN     NaN    NaN          -1           -1           -1  1.0
SJF-ref         8.3100  1.0000  0.1884   3.7444   1034.0367   595.9372  1185.8986          0.0000              inf                NaN     NaN    NaN          -1           -1           -1  1.1
SPJF-tweedie   12.1893  0.7201  0.2397   5.0884   1242.4782   238.0610  1369.4833          0.0000              inf                NaN     NaN    NaN          -1           -1           -1  1.1
FIXG-B30       16.8436  0.3843  0.4562   6.8358     67.8873    59.6308   442.4389          0.2150            172.5             0.3935  0.3935    NaN           0            0           -1  5.3
FIXG-B60       15.5325  0.4789  0.4156   6.2055     75.9557    60.7842   450.0795          0.1390            180.0             0.4220  0.4220    NaN           0            0           -1  5.4
FIXG-B90       14.7655  0.5342  0.3913   5.9598     76.5238    59.8005   457.5618          0.0996            187.5             0.4081  0.4081    NaN           0            0           -1  5.9
FIXG-B120      14.0496  0.5859  0.3681   5.7794     83.2459    64.3176   464.8269          0.0692            195.0             0.4269  0.4269    NaN           0            0           -1  5.7
FIXG-B180      13.5893  0.6191  0.3469   5.6060     93.8107    93.0189   487.6116          0.0396            210.0             0.4467  0.4467    NaN           0            0           -1  5.5
FIXG-B240      13.1886  0.6480  0.3372   5.4662    130.3229   130.3229   502.6126          0.0281            225.0             0.5792  0.5792    NaN           0            0           -1  5.8
FIXG-B300      12.9882  0.6625  0.3235   5.3871    142.9591   132.0932   542.7807          0.0207            240.0             0.5957  0.5957    NaN           0            0           -1  5.6
FIXG-B360      12.8088  0.6754  0.3158   5.3371    146.1424   132.2143   546.5354          0.0164            255.0             0.5731  0.5731    NaN           0            0           -1  5.6
FIXG-B420      12.7491  0.6797  0.2991   5.3082    149.6203   141.9704   553.4107          0.0090            270.0             0.5541  0.5541    NaN           0            0           -1  5.6
FIXG-B480      12.7156  0.6821  0.2952   5.2946    181.5367   181.5367   563.6385          0.0064            285.0             0.6370  0.6370    NaN           0            0           -1  5.6
FIXG-B540      12.6130  0.6895  0.2867   5.2513    187.5548   181.7761   584.5137          0.0047            300.0             0.6252  0.6252    NaN           0            0           -1  5.4
FIXG-B600      12.5289  0.6956  0.2806   5.2071    201.6844   196.3645   597.2671          0.0038            315.0             0.6403  0.6403    NaN           0            0           -1  5.7
FIXG-B900      12.5016  0.6976  0.2680   5.2130    282.5992   238.0610   667.7577          0.0019            390.0             0.7246  0.7246    NaN           0            0           -1  5.4
FIXG-B1200     12.4210  0.7034  0.2680   5.1826    360.5980   238.0610   739.5364          0.0017            465.0             0.7755  0.7755    NaN           0            0           -1  5.3
FIXG-B2400     12.2921  0.7127  0.2502   5.1332    640.6973   238.0610   989.7989          0.0006            765.0             0.8375  0.8375    NaN           0            0           -1  5.2
FIXG-B4800     12.1959  0.7196  0.2400   5.0932   1241.6692   238.0610  1367.3765          0.0000           1365.0             0.9096  0.9096    NaN           0            0           -1  5.5
   per-job bound checks 282,156,160; violations combined 0, Theorem A form 0, Theorem B (eta) form 0
## done in 26 s
## 2026-09-20 01:07:54 primary_rep1_L2_fixgrid  k=4 n=17,634,760 argv=--trace primary --rep 1 --level 2 --set fixgrid --workers 4
   jobs FCFS would start within 1 s: 15,176,210 (86.1%)
              w_p99_dl     gap   w_mean     w_p99  max_excess  harm_wf1s  max_heavy  qw_forced_frac  guar_excess_max  used_over_allowed   usedA  usedB  bound_viol  bound_violA  bound_violB  sec
policy                                                                                                                                                                                           
FCFS          277.8373  0.0000  10.8652  260.3769      0.0000     0.0000  1268.6875          0.0000              inf                NaN     NaN    NaN          -1           -1           -1  1.0
SJF-ref        43.3656  1.0000   1.6852   34.9175   4030.3125   379.8092  4497.8479          0.0000              inf                NaN     NaN    NaN          -1           -1           -1  1.2
SPJF-tweedie   60.6784  0.9262   2.2662   41.4512   5099.8912   646.8714  5389.8970          0.0000              inf                NaN     NaN    NaN          -1           -1           -1  1.2
FIXG-B30      277.3079  0.0023   9.5782  245.8706     67.6940    53.1831  1276.3577          0.7800            157.5             0.4298  0.4298    NaN           0            0           -1  5.8
FIXG-B60      278.3042 -0.0020   8.9668  229.1431     93.2171    74.7199  1284.1426          0.7133            165.0             0.5650  0.5650    NaN           0            0           -1  5.8
FIXG-B90      278.0712 -0.0010   8.5583  213.4971    106.4197    98.0633  1291.6562          0.6671            172.5             0.6169  0.6169    NaN           0            0           -1  5.6
FIXG-B120     274.6003  0.0138   8.2488  199.1982    113.4302    98.0633  1299.1468          0.6303            180.0             0.6302  0.6302    NaN           0            0           -1  5.5
FIXG-B180     263.8121  0.0598   7.7940  172.1661    132.4874    98.1793  1313.9704          0.5682            195.0             0.6794  0.6794    NaN           0            0           -1  5.7
FIXG-B240     249.3675  0.1214   7.4139  148.7875    142.0184   105.2124  1328.9266          0.5182            210.0             0.6763  0.6763    NaN           0            0           -1  5.5
FIXG-B300     235.1313  0.1821   7.0917  127.9366    150.4639   150.4639  1343.9699          0.4746            225.0             0.6687  0.6687    NaN           0            0           -1  5.7
FIXG-B360     218.9204  0.2513   6.8220  110.5977    170.3841   150.4970  1358.9366          0.4363            240.0             0.7099  0.7099    NaN           0            0           -1  5.5
FIXG-B420     202.1576  0.3228   6.5700   96.5780    189.1770   151.0229  1373.9575          0.4015            255.0             0.7419  0.7419    NaN           0            0           -1  5.5
FIXG-B480     190.6460  0.3719   6.3794   87.3616    189.7709   153.4562  1389.0460          0.3707            270.0             0.7029  0.7029    NaN           0            0           -1  5.6
FIXG-B540     181.5932  0.4105   6.1958   80.1738    204.4589   174.2768  1404.0457          0.3466            285.0             0.7174  0.7174    NaN           0            0           -1  5.6
FIXG-B600     171.5761  0.4532   6.0214   73.4889    215.5266   208.1596  1419.0196          0.3229            300.0             0.7184  0.7184    NaN           0            0           -1  5.5
FIXG-B900     120.7818  0.6698   5.2888   59.7379    300.5110   277.3485  1494.0351          0.2221            375.0             0.8014  0.8014    NaN           0            0           -1  5.6
FIXG-B1200    102.3553  0.7484   4.7636   55.1793    363.9509   321.0254  1569.0708          0.1534            450.0             0.8088  0.8088    NaN           0            0           -1  5.3
FIXG-B2400     77.7024  0.8536   3.6243   48.5176    670.9492   604.4960  1869.0270          0.0404            750.0             0.8946  0.8946    NaN           0            0           -1  5.3
FIXG-B4800     69.2883  0.8894   3.0082   45.6849   1254.8277   646.8714  2486.5938          0.0061           1350.0             0.9295  0.9295    NaN           0            0           -1  5.5
   per-job bound checks 282,156,160; violations combined 0, Theorem A form 0, Theorem B (eta) form 0
## done in 26 s
## 2026-09-20 01:08:21 primary_rep1_L1_fixgrid  k=5 n=17,634,760 argv=--trace primary --rep 1 --level 1 --set fixgrid --workers 4
   jobs FCFS would start within 1 s: 16,023,981 (90.9%)
              w_p99_dl     gap  w_mean    w_p99  max_excess  harm_wf1s  max_heavy  qw_forced_frac  guar_excess_max  used_over_allowed   usedA  usedB  bound_viol  bound_violA  bound_violB  sec
policy                                                                                                                                                                                         
FCFS          111.4636  0.0000  4.2733  86.7541      0.0000     0.0000   848.2843          0.0000              inf                NaN     NaN    NaN          -1           -1           -1  1.0
SJF-ref        32.2131  1.0000  0.9177  24.7005   2410.5084   255.4372  2755.8509          0.0000              inf                NaN     NaN    NaN          -1           -1           -1  1.2
SPJF-tweedie   41.2068  0.8865  1.1733  28.6418   2846.3936   264.4993  3048.7158          0.0000              inf                NaN     NaN    NaN          -1           -1           -1  1.2
FIXG-B30      108.0609  0.0429  3.5544  68.1473     79.3688    61.4657   855.8093          0.6318            163.5             0.4854  0.4854    NaN           0            0           -1  5.7
FIXG-B60      103.8034  0.0967  3.2858  55.3791     93.0735    83.4623   863.4140          0.5475            171.0             0.5443  0.5443    NaN           0            0           -1  5.8
FIXG-B90       95.5570  0.2007  3.1110  49.0639    109.6278   109.4904   870.3190          0.4887            178.5             0.6142  0.6142    NaN           0            0           -1  5.8
FIXG-B120      89.2851  0.2799  2.9855  46.1318    109.7156   109.5163   878.4351          0.4395            186.0             0.5899  0.5899    NaN           0            0           -1  6.0
FIXG-B180      76.1102  0.4461  2.7554  42.1025    116.8512   109.5494   893.1419          0.3646            201.0             0.5813  0.5813    NaN           0            0           -1  5.5
FIXG-B240      70.4004  0.5181  2.6279  40.0748    152.8736   109.5862   908.0293          0.3028            216.0             0.7077  0.7077    NaN           0            0           -1  5.6
FIXG-B300      64.4271  0.5935  2.4979  38.3140    150.7793   117.4476   923.1967          0.2516            231.0             0.6527  0.6527    NaN           0            0           -1  5.8
FIXG-B360      58.9517  0.6626  2.3691  36.7798    172.8341   154.9642   937.9515          0.2103            246.0             0.7026  0.7026    NaN           0            0           -1  5.6
FIXG-B420      55.8610  0.7016  2.2970  35.8121    179.6110   154.9642   950.3645          0.1790            261.0             0.6882  0.6882    NaN           0            0           -1  6.1
FIXG-B480      53.4397  0.7322  2.1877  34.8146    183.9893   160.7981   965.3150          0.1520            276.0             0.6666  0.6666    NaN           0            0           -1  5.4
FIXG-B540      51.7206  0.7539  2.1092  34.1437    189.2654   160.8816   978.0851          0.1309            291.0             0.6504  0.6504    NaN           0            0           -1  5.5
FIXG-B600      50.3250  0.7715  2.0494  33.8169    201.2638   174.0720   993.3873          0.1127            306.0             0.6577  0.6577    NaN           0            0           -1  5.3
FIXG-B900      48.2111  0.7981  1.8257  32.6223    291.0583   237.2425  1068.0664          0.0567            381.0             0.7639  0.7639    NaN           0            0           -1  5.5
FIXG-B1200     46.5107  0.8196  1.7002  31.8579    351.7361   264.4993  1143.1815          0.0373            456.0             0.7714  0.7714    NaN           0            0           -1  5.5
FIXG-B2400     44.2904  0.8476  1.4330  30.5499    653.3014   264.4993  1465.7239          0.0061            756.0             0.8642  0.8642    NaN           0            0           -1  5.6
FIXG-B4800     42.9944  0.8640  1.3185  29.7486   1246.5872   264.4993  2053.4267          0.0019           1356.0             0.9193  0.9193    NaN           0            0           -1  5.4
   per-job bound checks 282,156,160; violations combined 0, Theorem A form 0, Theorem B (eta) form 0
## done in 26 s
## 2026-09-20 01:08:48 primary_rep1_L0_fixgrid  k=8 n=17,634,760 argv=--trace primary --rep 1 --level 0 --set fixgrid --workers 4
   jobs FCFS would start within 1 s: 17,182,836 (97.4%)
              w_p99_dl     gap  w_mean    w_p99  max_excess  harm_wf1s  max_heavy  qw_forced_frac  guar_excess_max  used_over_allowed   usedA  usedB  bound_viol  bound_violA  bound_violB  sec
policy                                                                                                                                                                                         
FCFS           21.2035  0.0000  0.5806  11.2052      0.0000     0.0000   349.0400          0.0000              inf                NaN     NaN    NaN          -1           -1           -1  1.0
SJF-ref         7.5627  1.0000  0.1767   3.2490    854.0661   442.0649   960.3062          0.0000              inf                NaN     NaN    NaN          -1           -1           -1  1.1
SPJF-tweedie   10.8987  0.7554  0.2234   4.3779   1083.2970    89.7864  1189.3064          0.0000              inf                NaN     NaN    NaN          -1           -1           -1  1.1
FIXG-B30       15.5675  0.4132  0.4320   5.9233     68.9356    53.5868   356.6965          0.2194            172.5             0.3996  0.3996    NaN           0            0           -1  5.5
FIXG-B60       14.0216  0.5265  0.3921   5.3336     76.0987    54.6639   364.5635          0.1401            180.0             0.4228  0.4228    NaN           0            0           -1  5.5
FIXG-B90       12.9792  0.6029  0.3660   5.0880     85.4875    54.6639   372.0096          0.0967            187.5             0.4559  0.4559    NaN           0            0           -1  5.4
FIXG-B120      12.5576  0.6338  0.3482   4.9741     85.4875    60.1238   379.6233          0.0685            195.0             0.4384  0.4384    NaN           0            0           -1  5.3
FIXG-B180      11.9949  0.6751  0.3146   4.7684     90.6212    76.0604   394.4746          0.0373            210.0             0.4315  0.4315    NaN           0            0           -1  5.1
FIXG-B240      11.7092  0.6960  0.3063   4.6597    115.4485    89.7864   415.8223          0.0218            225.0             0.5131  0.5131    NaN           0            0           -1  5.2
FIXG-B300      11.4742  0.7132  0.2952   4.6359    125.4598    89.7864   454.1184          0.0165            240.0             0.5227  0.5227    NaN           0            0           -1  5.5
FIXG-B360      11.3903  0.7194  0.2809   4.5884    146.8024    89.7864   469.2007          0.0116            255.0             0.5757  0.5757    NaN           0            0           -1  5.5
FIXG-B420      11.3288  0.7239  0.2805   4.5844    160.4475    89.7864   463.0280          0.0086            270.0             0.5942  0.5942    NaN           0            0           -1  5.5
FIXG-B480      11.2633  0.7287  0.2696   4.5376    163.5662    89.7864   483.4463          0.0060            285.0             0.5739  0.5739    NaN           0            0           -1  5.5
FIXG-B540      11.2226  0.7317  0.2668   4.5415    183.9105    89.7864   499.8975          0.0050            300.0             0.6130  0.6130    NaN           0            0           -1  5.6
FIXG-B600      11.2122  0.7325  0.2626   4.5090    205.1539    89.7864   506.5717          0.0041            315.0             0.6513  0.6513    NaN           0            0           -1  5.6
FIXG-B900      11.0230  0.7463  0.2437   4.4101    271.1669    89.7864   586.6683          0.0017            390.0             0.6953  0.6953    NaN           0            0           -1  5.7
FIXG-B1200     11.0094  0.7473  0.2400   4.4230    344.1239    89.7864   643.9187          0.0012            465.0             0.7401  0.7401    NaN           0            0           -1  5.7
FIXG-B2400     10.9091  0.7547  0.2271   4.3845    653.5496    89.7864   835.3565          0.0002            765.0             0.8543  0.8543    NaN           0            0           -1  6.0
FIXG-B4800     10.8987  0.7554  0.2234   4.3779   1083.2970    89.7864  1189.3064          0.0000           1365.0             0.7936  0.7936    NaN           0            0           -1  5.8
   per-job bound checks 282,156,160; violations combined 0, Theorem A form 0, Theorem B (eta) form 0
## done in 26 s
## 2026-09-20 01:09:15 primary_rep2_L2_fixgrid  k=4 n=17,634,760 argv=--trace primary --rep 2 --level 2 --set fixgrid --workers 4
   jobs FCFS would start within 1 s: 15,170,667 (86.0%)
              w_p99_dl     gap   w_mean     w_p99  max_excess  harm_wf1s  max_heavy  qw_forced_frac  guar_excess_max  used_over_allowed   usedA  usedB  bound_viol  bound_violA  bound_violB  sec
policy                                                                                                                                                                                           
FCFS          264.6694  0.0000  10.3078  227.5138      0.0000     0.0000  1127.7464          0.0000              inf                NaN     NaN    NaN          -1           -1           -1  1.1
SJF-ref        44.5242  1.0000   1.7451   35.6598   3571.4015   960.8376  3995.1573          0.0000              inf                NaN     NaN    NaN          -1           -1           -1  1.3
SPJF-tweedie   64.9651  0.9071   2.3549   42.5555   4196.4788   708.7601  4522.2726          0.0000              inf                NaN     NaN    NaN          -1           -1           -1  1.3
FIXG-B30      263.3316  0.0061   8.9693  216.9029     73.4542    61.9479  1135.5996          0.7543            157.5             0.4664  0.4664    NaN           0            0           -1  5.8
FIXG-B60      260.8568  0.0173   8.3332  202.9964     88.0665    73.8233  1142.6923          0.6800            165.0             0.5337  0.5337    NaN           0            0           -1  6.0
FIXG-B90      259.8356  0.0220   7.9284  189.8217    102.1978   102.1978  1150.2208          0.6303            172.5             0.5925  0.5925    NaN           0            0           -1  6.3
FIXG-B120     256.3981  0.0376   7.6266  176.8856    107.0504   102.1978  1157.8680          0.5903            180.0             0.5947  0.5947    NaN           0            0           -1  5.7
FIXG-B180     246.5204  0.0824   7.1635  152.6291    114.3134   106.3758  1172.9467          0.5286            195.0             0.5862  0.5862    NaN           0            0           -1  5.7
FIXG-B240     233.2726  0.1426   6.7981  130.8596    132.0768   113.9665  1187.7832          0.4777            210.0             0.6289  0.6289    NaN           0            0           -1  5.6
FIXG-B300     222.2556  0.1927   6.4847  115.0889    154.1889   121.1797  1202.9179          0.4326            225.0             0.6853  0.6853    NaN           0            0           -1  5.5
FIXG-B360     210.1298  0.2477   6.2454  102.3933    165.6772   158.4349  1217.8580          0.3938            240.0             0.6903  0.6903    NaN           0            0           -1  5.5
FIXG-B420     199.2371  0.2972   6.0075   90.9410    184.3277   158.6021  1232.7660          0.3590            255.0             0.7229  0.7229    NaN           0            0           -1  5.5
FIXG-B480     187.1921  0.3519   5.8149   83.4612    202.7126   164.4031  1247.7635          0.3289            270.0             0.7508  0.7508    NaN           0            0           -1  5.5
FIXG-B540     174.9195  0.4077   5.6640   77.4448    227.7300   185.0628  1262.8787          0.3024            285.0             0.7991  0.7991    NaN           0            0           -1  5.9
FIXG-B600     165.1739  0.4520   5.5085   72.9638    212.0101   202.3430  1277.9082          0.2782            300.0             0.7067  0.7067    NaN           0            0           -1  5.4
FIXG-B900     123.4407  0.6415   4.8231   59.5423    290.0319   270.4601  1352.8241          0.1832            375.0             0.7734  0.7734    NaN           0            0           -1  5.8
FIXG-B1200    105.4858  0.7231   4.3975   54.8933    362.8542   355.6844  1427.7123          0.1279            450.0             0.8063  0.8063    NaN           0            0           -1  6.0
FIXG-B2400     82.5963  0.8271   3.5362   49.1790    653.2548   606.4385  1727.8822          0.0368            750.0             0.8710  0.8710    NaN           0            0           -1  5.5
FIXG-B4800     75.0022  0.8616   3.0162   46.5705   1256.1113   708.7601  2333.7229          0.0052           1350.0             0.9305  0.9305    NaN           0            0           -1  5.6
   per-job bound checks 282,156,160; violations combined 0, Theorem A form 0, Theorem B (eta) form 0
## done in 27 s
## 2026-09-20 01:09:43 primary_rep2_L1_fixgrid  k=5 n=17,634,760 argv=--trace primary --rep 2 --level 1 --set fixgrid --workers 4
   jobs FCFS would start within 1 s: 16,018,471 (90.8%)
              w_p99_dl     gap  w_mean    w_p99  max_excess  harm_wf1s  max_heavy  qw_forced_frac  guar_excess_max  used_over_allowed   usedA  usedB  bound_viol  bound_violA  bound_violB  sec
policy                                                                                                                                                                                         
FCFS          120.1386  0.0000  4.1611  87.4381      0.0000     0.0000   803.9387          0.0000              inf                NaN     NaN    NaN          -1           -1           -1  1.0
SJF-ref        33.3534  1.0000  0.9491  25.0601   1837.9739   578.0904  2130.3496          0.0000              inf                NaN     NaN    NaN          -1           -1           -1  1.2
SPJF-tweedie   44.2265  0.8747  1.2304  29.3319   2418.9025   469.2562  2691.1867          0.0000              inf                NaN     NaN    NaN          -1           -1           -1  1.2
FIXG-B30      116.9512  0.0367  3.4050  67.8242     74.3385    59.2768   811.3099          0.6018            163.5             0.4547  0.4547    NaN           0            0           -1  5.7
FIXG-B60      108.9903  0.1285  3.1251  55.6749     87.1995    75.1859   819.3640          0.5133            171.0             0.5099  0.5099    NaN           0            0           -1  5.5
FIXG-B90      101.9735  0.2093  2.9590  49.6324     93.4625    75.2096   826.7215          0.4522            178.5             0.5236  0.5236    NaN           0            0           -1  5.5
FIXG-B120      93.9517  0.3017  2.8444  47.0723    106.5818    75.8867   834.1300          0.4046            186.0             0.5730  0.5730    NaN           0            0           -1  5.7
FIXG-B180      84.3772  0.4121  2.6583  43.5683    123.8957    90.6109   849.3232          0.3309            201.0             0.6164  0.6164    NaN           0            0           -1  5.5
FIXG-B240      76.2533  0.5057  2.5039  40.8700    148.1148   106.7792   864.2939          0.2700            216.0             0.6857  0.6857    NaN           0            0           -1  5.8
FIXG-B300      68.9326  0.5900  2.3729  38.7023    141.0687   110.9330   879.2804          0.2222            231.0             0.6107  0.6107    NaN           0            0           -1  5.8
FIXG-B360      62.9622  0.6588  2.2606  37.2248    161.4700   116.8413   894.2841          0.1824            246.0             0.6564  0.6564    NaN           0            0           -1  5.8
FIXG-B420      60.4235  0.6881  2.1948  36.3503    174.6891   132.0739   911.7817          0.1507            261.0             0.6693  0.6693    NaN           0            0           -1  5.3
FIXG-B480      57.2630  0.7245  2.1245  35.5816    198.3439   161.9332   924.2359          0.1272            276.0             0.7186  0.7186    NaN           0            0           -1  5.4
FIXG-B540      55.3883  0.7461  2.0507  34.7807    198.4642   161.9482   942.9794          0.1079            291.0             0.6820  0.6820    NaN           0            0           -1  5.6
FIXG-B600      54.5824  0.7554  1.9944  34.3533    231.1885   175.2516   954.1448          0.0896            306.0             0.7555  0.7555    NaN           0            0           -1  5.7
FIXG-B900      50.3940  0.8036  1.7972  32.9203    296.5058   249.2723  1031.9393          0.0502            381.0             0.7782  0.7782    NaN           0            0           -1  5.4
FIXG-B1200     49.3332  0.8159  1.6831  32.4208    361.2269   304.5567  1108.2836          0.0269            456.0             0.7922  0.7922    NaN           0            0           -1  5.4
FIXG-B2400     47.0209  0.8425  1.4614  31.1231    653.2101   469.2562  1418.1410          0.0044            756.0             0.8640  0.8640    NaN           0            0           -1  5.3
FIXG-B4800     45.4705  0.8604  1.3577  30.3111   1251.1434   469.2562  1940.9268          0.0015           1356.0             0.9227  0.9227    NaN           0            0           -1  5.5
   per-job bound checks 282,156,160; violations combined 0, Theorem A form 0, Theorem B (eta) form 0
## done in 27 s
## 2026-09-20 01:10:11 primary_rep2_L0_fixgrid  k=8 n=17,634,760 argv=--trace primary --rep 2 --level 0 --set fixgrid --workers 4
   jobs FCFS would start within 1 s: 17,130,247 (97.1%)
              w_p99_dl     gap  w_mean    w_p99  max_excess  harm_wf1s  max_heavy  qw_forced_frac  guar_excess_max  used_over_allowed   usedA  usedB  bound_viol  bound_violA  bound_violB  sec
policy                                                                                                                                                                                         
FCFS           26.8419  0.0000  0.6604  14.4935      0.0000     0.0000   370.7709          0.0000              inf                NaN     NaN    NaN          -1           -1           -1  1.0
SJF-ref        10.4898  1.0000  0.2211   4.8161    695.6382   476.8432   806.2394          0.0000              inf                NaN     NaN    NaN          -1           -1           -1  1.1
SPJF-tweedie   14.6193  0.7475  0.2826   6.3558    861.4499   229.0067   974.4251          0.0000              inf                NaN     NaN    NaN          -1           -1           -1  1.1
FIXG-B30       20.7940  0.3699  0.5015   8.8543     79.0920    55.5822   378.4103          0.2322            172.5             0.4585  0.4585    NaN           0            0           -1  5.9
FIXG-B60       18.9393  0.4833  0.4557   7.9488     79.1454    67.2554   385.8609          0.1495            180.0             0.4397  0.4397    NaN           0            0           -1  5.4
FIXG-B90       17.6395  0.5628  0.4361   7.5758     89.2934    74.7029   393.3972          0.1077            187.5             0.4762  0.4762    NaN           0            0           -1  5.4
FIXG-B120      16.8369  0.6118  0.4140   7.3156     90.1403    74.7029   400.9226          0.0776            195.0             0.4623  0.4623    NaN           0            0           -1  5.7
FIXG-B180      16.2449  0.6481  0.3812   7.0400     99.8045    77.8088   418.3547          0.0435            210.0             0.4753  0.4753    NaN           0            0           -1  5.7
FIXG-B240      15.9017  0.6690  0.3806   6.9559    110.8959    97.2464   443.3828          0.0315            225.0             0.4929  0.4929    NaN           0            0           -1  5.8
FIXG-B300      15.5447  0.6909  0.3642   6.8188    119.7148   116.4256   463.7069          0.0218            240.0             0.4988  0.4988    NaN           0            0           -1  6.8
FIXG-B360      15.4110  0.6991  0.3506   6.7419    150.0046   134.3625   484.2992          0.0154            255.0             0.5883  0.5883    NaN           0            0           -1  5.6
FIXG-B420      15.2560  0.7085  0.3446   6.6875    155.6486   139.6370   481.4539          0.0114            270.0             0.5765  0.5765    NaN           0            0           -1  5.6
FIXG-B480      15.1734  0.7136  0.3306   6.6464    173.0011   173.0011   511.8980          0.0075            285.0             0.6070  0.6070    NaN           0            0           -1  5.5
FIXG-B540      15.0617  0.7204  0.3284   6.6235    201.1524   187.8596   552.7699          0.0067            300.0             0.6705  0.6705    NaN           0            0           -1  5.6
FIXG-B600      15.0648  0.7202  0.3241   6.6050    206.0698   187.9926   552.9094          0.0058            315.0             0.6542  0.6542    NaN           0            0           -1  5.5
FIXG-B900      14.8232  0.7350  0.3068   6.5004    261.8670   229.0067   606.6154          0.0032            390.0             0.6715  0.6715    NaN           0            0           -1  5.5
FIXG-B1200     14.8654  0.7324  0.3044   6.4782    342.3313   229.0067   649.2306          0.0026            465.0             0.7362  0.7362    NaN           0            0           -1  5.6
FIXG-B2400     14.6745  0.7441  0.2859   6.3741    637.3747   229.0067   796.7441          0.0002            765.0             0.8332  0.8332    NaN           0            0           -1  5.3
FIXG-B4800     14.6193  0.7475  0.2826   6.3558    861.4499   229.0067   974.4251          0.0000           1365.0             0.6311  0.6311    NaN           0            0           -1  5.2
   per-job bound checks 282,156,160; violations combined 0, Theorem A form 0, Theorem B (eta) form 0
## done in 27 s
## 2026-09-20 01:10:38 primary_rep3_L2_fixgrid  k=4 n=17,634,760 argv=--trace primary --rep 3 --level 2 --set fixgrid --workers 4
   jobs FCFS would start within 1 s: 15,192,423 (86.2%)
              w_p99_dl     gap   w_mean     w_p99  max_excess  harm_wf1s  max_heavy  qw_forced_frac  guar_excess_max  used_over_allowed   usedA  usedB  bound_viol  bound_violA  bound_violB  sec
policy                                                                                                                                                                                           
FCFS          264.6523  0.0000  10.1174  228.9444      0.0000     0.0000  1177.1330          0.0000              inf                NaN     NaN    NaN          -1           -1           -1  1.0
SJF-ref        43.4878  1.0000   1.6810   34.4326   3430.8254  1362.1930  3890.5726          0.0000              inf                NaN     NaN    NaN          -1           -1           -1  1.3
SPJF-tweedie   62.4468  0.9143   2.2617   41.1117   3980.5764   611.5342  4283.5027          0.0000              inf                NaN     NaN    NaN          -1           -1           -1  1.3
FIXG-B30      265.6907 -0.0047   8.7961  215.8453     68.9193    61.8642  1184.7818          0.7578            157.5             0.4376  0.4376    NaN           0            0           -1  5.7
FIXG-B60      265.3659 -0.0032   8.1998  205.1180     88.1386    83.3770  1193.4274          0.6872            165.0             0.5342  0.5342    NaN           0            0           -1  5.7
FIXG-B90      264.0034  0.0029   7.8075  191.1585    100.8274    85.6652  1200.8963          0.6397            172.5             0.5845  0.5845    NaN           0            0           -1  5.9
FIXG-B120     261.2051  0.0156   7.5098  175.7614    100.8186   100.2114  1208.4073          0.6011            180.0             0.5601  0.5601    NaN           0            0           -1  6.0
FIXG-B180     252.9714  0.0528   7.0468  147.3432    116.2408   106.4371  1223.3275          0.5419            195.0             0.5961  0.5961    NaN           0            0           -1  5.6
FIXG-B240     245.4514  0.0868   6.7406  128.0158    130.5564   109.0781  1238.3594          0.4931            210.0             0.6217  0.6217    NaN           0            0           -1  5.4
FIXG-B300     229.8551  0.1573   6.4572  112.3202    148.0868   137.8100  1253.3226          0.4527            225.0             0.6582  0.6582    NaN           0            0           -1  5.9
FIXG-B360     212.5360  0.2356   6.2049   98.7024    162.7933   146.6170  1268.3466          0.4204            240.0             0.6783  0.6783    NaN           0            0           -1  5.8
FIXG-B420     201.7174  0.2846   6.0049   86.9251    187.9550   168.8886  1283.3070          0.3888            255.0             0.7371  0.7371    NaN           0            0           -1  5.6
FIXG-B480     192.2201  0.3275   5.8428   81.3057    205.0554   179.0974  1298.3171          0.3564            270.0             0.7595  0.7595    NaN           0            0           -1  5.4
FIXG-B540     181.0275  0.3781   5.6668   74.8912    215.8849   185.3990  1313.3188          0.3291            285.0             0.7575  0.7575    NaN           0            0           -1  5.4
FIXG-B600     167.1172  0.4410   5.4954   69.7266    227.8946   201.9140  1328.3095          0.3044            300.0             0.7596  0.7596    NaN           0            0           -1  5.6
FIXG-B900     118.7130  0.6599   4.8432   57.5132    305.0132   288.4411  1403.3179          0.2126            375.0             0.8134  0.8134    NaN           0            0           -1  5.8
FIXG-B1200    102.0602  0.7352   4.4366   53.0673    358.2661   345.7011  1478.3466          0.1552            450.0             0.7961  0.7961    NaN           0            0           -1  5.7
FIXG-B2400     77.4706  0.8463   3.5282   47.2335    665.8573   600.3942  1778.3444          0.0465            750.0             0.8878  0.8878    NaN           0            0           -1  5.7
FIXG-B4800     71.7391  0.8723   2.9847   44.7885   1264.4562   611.5342  2378.7662          0.0051           1350.0             0.9366  0.9366    NaN           0            0           -1  5.5
   per-job bound checks 282,156,160; violations combined 0, Theorem A form 0, Theorem B (eta) form 0
## done in 27 s
## 2026-09-20 01:11:06 primary_rep3_L1_fixgrid  k=5 n=17,634,760 argv=--trace primary --rep 3 --level 1 --set fixgrid --workers 4
   jobs FCFS would start within 1 s: 16,012,654 (90.8%)
              w_p99_dl     gap  w_mean    w_p99  max_excess  harm_wf1s  max_heavy  qw_forced_frac  guar_excess_max  used_over_allowed   usedA  usedB  bound_viol  bound_violA  bound_violB  sec
policy                                                                                                                                                                                         
FCFS          124.2571  0.0000  4.2194  85.2533      0.0000     0.0000   813.6108          0.0000              inf                NaN     NaN    NaN          -1           -1           -1  1.0
SJF-ref        34.3595  1.0000  0.9922  26.0802   2181.6360   289.6859  2483.4574          0.0000              inf                NaN     NaN    NaN          -1           -1           -1  1.1
SPJF-tweedie   43.9630  0.8932  1.2676  30.3204   2545.1898   342.3372  2785.5031          0.0000              inf                NaN     NaN    NaN          -1           -1           -1  1.2
FIXG-B30      120.7529  0.0390  3.4943  64.8912     65.7265    51.3609   821.1039          0.6120            163.5             0.4020  0.4020    NaN           0            0           -1  5.4
FIXG-B60      111.7041  0.1396  3.2320  54.2651     86.4811    68.4903   828.6371          0.5285            171.0             0.5057  0.5057    NaN           0            0           -1  5.2
FIXG-B90      103.0862  0.2355  3.0669  49.3973    100.2720    80.0914   836.2882          0.4707            178.5             0.5617  0.5617    NaN           0            0           -1  5.6
FIXG-B120      94.9350  0.3262  2.9401  46.7062     99.0621    80.3437   843.8282          0.4272            186.0             0.5326  0.5326    NaN           0            0           -1  5.5
FIXG-B180      81.9084  0.4711  2.7684  43.8058    117.0553    84.9302   858.9266          0.3574            201.0             0.5824  0.5824    NaN           0            0           -1  5.6
FIXG-B240      74.4444  0.5541  2.6458  41.5376    129.6640   100.8760   873.6484          0.2999            216.0             0.6003  0.6003    NaN           0            0           -1  5.4
FIXG-B300      67.3222  0.6333  2.5113  39.3975    143.6400   113.9887   888.7338          0.2534            231.0             0.6218  0.6218    NaN           0            0           -1  7.4
FIXG-B360      61.3040  0.7003  2.3983  38.0145    162.3997   117.8662   903.5907          0.2141            246.0             0.6602  0.6602    NaN           0            0           -1  5.3
FIXG-B420      58.2831  0.7339  2.3055  37.1675    177.7767   129.3446   918.7934          0.1811            261.0             0.6811  0.6811    NaN           0            0           -1  5.4
FIXG-B480      55.9304  0.7601  2.2405  36.5592    197.3290   155.2260   933.6304          0.1564            276.0             0.7150  0.7150    NaN           0            0           -1  5.5
FIXG-B540      54.3523  0.7776  2.1703  35.7481    200.6743   165.2562   948.6371          0.1374            291.0             0.6896  0.6896    NaN           0            0           -1  5.4
FIXG-B600      53.3996  0.7882  2.1090  35.3589    208.7415   174.1090   963.7158          0.1226            306.0             0.6822  0.6822    NaN           0            0           -1  5.4
FIXG-B900      50.4653  0.8208  1.8839  33.9206    286.1354   257.1475  1038.6582          0.0652            381.0             0.7510  0.7510    NaN           0            0           -1  5.9
FIXG-B1200     48.7102  0.8404  1.7880  33.4193    362.3400   309.5341  1129.1864          0.0394            456.0             0.7946  0.7946    NaN           0            0           -1  5.6
FIXG-B2400     46.5977  0.8639  1.5325  32.1309    658.2420   342.3372  1419.9023          0.0050            756.0             0.8707  0.8707    NaN           0            0           -1  5.4
FIXG-B4800     45.0857  0.8807  1.3858  31.2469   1249.3035   342.3372  2010.2079          0.0014           1356.0             0.9213  0.9213    NaN           0            0           -1  5.3
   per-job bound checks 282,156,160; violations combined 0, Theorem A form 0, Theorem B (eta) form 0
## done in 27 s
## 2026-09-20 01:11:34 primary_rep3_L0_fixgrid  k=8 n=17,634,760 argv=--trace primary --rep 3 --level 0 --set fixgrid --workers 4
   jobs FCFS would start within 1 s: 17,162,678 (97.3%)
              w_p99_dl     gap  w_mean    w_p99  max_excess  harm_wf1s  max_heavy  qw_forced_frac  guar_excess_max  used_over_allowed   usedA  usedB  bound_viol  bound_violA  bound_violB  sec
policy                                                                                                                                                                                         
FCFS           24.0551  0.0000  0.6490  12.8730      0.0000     0.0000   392.3049          0.0000              inf                NaN     NaN    NaN          -1           -1           -1  1.0
SJF-ref         9.3150  1.0000  0.1986   3.7794    796.5416    67.1412   910.3930          0.0000              inf                NaN     NaN    NaN          -1           -1           -1  1.1
SPJF-tweedie   13.1167  0.7421  0.2575   5.0808    932.9352    89.3280  1069.1785          0.0000              inf                NaN     NaN    NaN          -1           -1           -1  1.1
FIXG-B30       17.7385  0.4285  0.4894   7.0401     65.7727    59.6172   399.8805          0.2574            172.5             0.3813  0.3813    NaN           0            0           -1  5.5
FIXG-B60       16.7979  0.4923  0.4515   6.4108     75.2898    60.1429   407.3218          0.1758            180.0             0.4183  0.4183    NaN           0            0           -1  5.6
FIXG-B90       15.8182  0.5588  0.4233   6.1108     77.5473    64.5982   414.9292          0.1236            187.5             0.4136  0.4136    NaN           0            0           -1  5.3
FIXG-B120      15.2239  0.5991  0.4039   5.9412     87.3903    71.6824   422.3976          0.0925            195.0             0.4482  0.4482    NaN           0            0           -1  5.5
FIXG-B180      14.6273  0.6396  0.3686   5.6684     96.7046    81.2789   437.3593          0.0511            210.0             0.4605  0.4605    NaN           0            0           -1  5.4
FIXG-B240      14.2240  0.6670  0.3555   5.5407    111.5095    89.3280   439.7562          0.0327            225.0             0.4956  0.4956    NaN           0            0           -1  5.6
FIXG-B300      13.8225  0.6942  0.3514   5.4535    130.9780    89.3280   454.7840          0.0246            240.0             0.5457  0.5457    NaN           0            0           -1  5.6
FIXG-B360      13.6209  0.7079  0.3350   5.3586    138.6110    89.3280   469.9293          0.0168            255.0             0.5436  0.5436    NaN           0            0           -1  5.7
FIXG-B420      13.5658  0.7116  0.3224   5.3549    151.6967    89.3280   493.1046          0.0116            270.0             0.5618  0.5618    NaN           0            0           -1  5.2
FIXG-B480      13.5335  0.7138  0.3140   5.3162    169.3087    89.3280   508.5005          0.0085            285.0             0.5941  0.5941    NaN           0            0           -1  5.5
FIXG-B540      13.4386  0.7202  0.3080   5.2787    191.5020    89.3280   520.7119          0.0064            300.0             0.6383  0.6383    NaN           0            0           -1  5.7
FIXG-B600      13.4111  0.7221  0.3027   5.2365    197.5673    89.3280   539.8396          0.0051            315.0             0.6272  0.6272    NaN           0            0           -1  5.5
FIXG-B900      13.3883  0.7237  0.2924   5.2155    278.2611    89.3280   627.0543          0.0035            390.0             0.7135  0.7135    NaN           0            0           -1  5.9
FIXG-B1200     13.3551  0.7259  0.2847   5.1856    339.8518    89.3280   659.1170          0.0025            465.0             0.7309  0.7309    NaN           0            0           -1  5.6
FIXG-B2400     13.1873  0.7373  0.2659   5.0997    647.0745    89.3280   874.0109          0.0004            765.0             0.8458  0.8458    NaN           0            0           -1  5.5
FIXG-B4800     13.1167  0.7421  0.2575   5.0808    932.9352    89.3280  1069.1785          0.0000           1365.0             0.6835  0.6835    NaN           0            0           -1  5.7
   per-job bound checks 282,156,160; violations combined 0, Theorem A form 0, Theorem B (eta) form 0
## done in 26 s
## 2026-09-20 01:12:01 primary_rep4_L2_fixgrid  k=4 n=17,634,760 argv=--trace primary --rep 4 --level 2 --set fixgrid --workers 4
   jobs FCFS would start within 1 s: 15,208,397 (86.2%)
              w_p99_dl     gap  w_mean     w_p99  max_excess  harm_wf1s  max_heavy  qw_forced_frac  guar_excess_max  used_over_allowed   usedA  usedB  bound_viol  bound_violA  bound_violB  sec
policy                                                                                                                                                                                          
FCFS          297.2077  0.0000  9.9611  226.6531      0.0000     0.0000  1149.9378          0.0000              inf                NaN     NaN    NaN          -1           -1           -1  0.9
SJF-ref        43.8874  1.0000  1.7165   34.9223   3324.4413  1365.9006  3682.7016          0.0000              inf                NaN     NaN    NaN          -1           -1           -1  1.2
SPJF-tweedie   64.2397  0.9197  2.3347   42.0091   3911.2700   387.0397  4078.2168          0.0000              inf                NaN     NaN    NaN          -1           -1           -1  1.2
FIXG-B30      294.7548  0.0097  8.6200  214.3677     79.6585    65.9416  1157.6029          0.7310            157.5             0.5058  0.5058    NaN           0            0           -1  5.6
FIXG-B60      293.8327  0.0133  7.9965  200.8066     79.9631    63.0880  1165.0859          0.6516            165.0             0.4846  0.4846    NaN           0            0           -1  5.6
FIXG-B90      292.5084  0.0186  7.6030  187.4255     96.2631    66.0281  1172.7159          0.5991            172.5             0.5580  0.5580    NaN           0            0           -1  5.7
FIXG-B120     287.0907  0.0399  7.2890  170.8906    102.1696    73.3433  1180.1277          0.5566            180.0             0.5676  0.5676    NaN           0            0           -1  5.6
FIXG-B180     278.8646  0.0724  6.8410  144.1095    122.1054    99.3379  1195.0774          0.4879            195.0             0.6262  0.6262    NaN           0            0           -1  5.4
FIXG-B240     267.2539  0.1182  6.4971  122.1286    132.4500   103.3698  1231.5357          0.4333            210.0             0.6307  0.6307    NaN           0            0           -1  5.6
FIXG-B300     253.3468  0.1731  6.2111  106.9441    159.0469   117.5157  1249.1950          0.3844            225.0             0.7069  0.7069    NaN           0            0           -1  5.7
FIXG-B360     237.0560  0.2375  5.9958   96.3569    168.0317   127.2380  1247.4872          0.3458            240.0             0.7001  0.7001    NaN           0            0           -1  5.6
FIXG-B420     216.9191  0.3169  5.7575   84.7822    175.4568   141.9046  1259.9022          0.3145            255.0             0.6881  0.6881    NaN           0            0           -1  5.5
FIXG-B480     206.6942  0.3573  5.5834   77.4743    194.3006   154.8247  1273.9126          0.2871            270.0             0.7196  0.7196    NaN           0            0           -1  6.2
FIXG-B540     194.0842  0.4071  5.3985   72.4471    195.1016   166.7150  1285.7199          0.2596            285.0             0.6846  0.6846    NaN           0            0           -1  5.8
FIXG-B600     182.8327  0.4515  5.2334   68.1626    224.3724   175.9449  1300.1602          0.2361            300.0             0.7479  0.7479    NaN           0            0           -1  5.6
FIXG-B900     133.4091  0.6466  4.6557   57.1509    290.2919   262.5248  1375.2785          0.1639            375.0             0.7741  0.7741    NaN           0            0           -1  5.7
FIXG-B1200    112.7858  0.7280  4.2907   53.7140    361.5721   322.5978  1468.1457          0.1147            450.0             0.8035  0.8035    NaN           0            0           -1  6.0
FIXG-B2400     82.1681  0.8489  3.3114   47.6682    666.4555   387.0397  1755.5682          0.0227            750.0             0.8886  0.8886    NaN           0            0           -1  5.6
FIXG-B4800     75.4850  0.8753  2.9499   45.8029   1258.5381   387.0397  2334.7806          0.0045           1350.0             0.9323  0.9323    NaN           0            0           -1  5.8
   per-job bound checks 282,156,160; violations combined 0, Theorem A form 0, Theorem B (eta) form 0
## done in 27 s
## 2026-09-20 01:12:28 primary_rep4_L1_fixgrid  k=5 n=17,634,760 argv=--trace primary --rep 4 --level 1 --set fixgrid --workers 4
   jobs FCFS would start within 1 s: 16,027,735 (90.9%)
              w_p99_dl     gap  w_mean    w_p99  max_excess  harm_wf1s  max_heavy  qw_forced_frac  guar_excess_max  used_over_allowed   usedA  usedB  bound_viol  bound_violA  bound_violB  sec
policy                                                                                                                                                                                         
FCFS          131.1919  0.0000  4.0410  83.3211      0.0000     0.0000   823.6250          0.0000              inf                NaN     NaN    NaN          -1           -1           -1  1.0
SJF-ref        33.6506  1.0000  0.9696  25.2329   2004.8767  1242.3067  2260.9257          0.0000              inf                NaN     NaN    NaN          -1           -1           -1  1.2
SPJF-tweedie   43.6878  0.8971  1.2469  29.2723   2459.7067   292.8259  2580.9163          0.0000              inf                NaN     NaN    NaN          -1           -1           -1  1.2
FIXG-B30      127.3365  0.0395  3.2994  64.6570     74.6162    60.6914   831.3247          0.5571            163.5             0.4564  0.4564    NaN           0            0           -1  5.6
FIXG-B60      118.6471  0.1286  3.0237  52.6865     99.4327    61.7906   838.6631          0.4612            171.0             0.5815  0.5815    NaN           0            0           -1  5.6
FIXG-B90      108.5101  0.2325  2.8451  47.4370     99.1333    83.1929   846.3388          0.3978            178.5             0.5554  0.5554    NaN           0            0           -1  5.5
FIXG-B120      98.6684  0.3334  2.7235  44.9873     99.1333    86.2459   853.9906          0.3496            186.0             0.5330  0.5330    NaN           0            0           -1  5.4
FIXG-B180      86.8654  0.4544  2.5486  42.1343    114.3174    97.0365   869.1470          0.2795            201.0             0.5687  0.5687    NaN           0            0           -1  5.2
FIXG-B240      77.9638  0.5457  2.4069  39.7932    144.8320   109.4078   884.0306          0.2230            216.0             0.6705  0.6705    NaN           0            0           -1  5.5
FIXG-B300      71.4828  0.6121  2.3037  38.1549    171.6314   152.2305   904.1831          0.1803            231.0             0.7430  0.7430    NaN           0            0           -1  5.9
FIXG-B360      66.4853  0.6634  2.2332  37.0392    162.4116   152.3911   914.6608          0.1497            246.0             0.6602  0.6602    NaN           0            0           -1  5.6
FIXG-B420      62.1461  0.7079  2.1575  35.8337    175.3329   152.4536   929.0684          0.1298            261.0             0.6718  0.6718    NaN           0            0           -1  5.5
FIXG-B480      59.9440  0.7304  2.0884  35.3078    192.0508   160.4364   945.0950          0.1078            276.0             0.6958  0.6958    NaN           0            0           -1  5.6
FIXG-B540      57.1456  0.7591  2.0276  34.6696    203.7387   179.1459   967.5816          0.0924            291.0             0.7001  0.7001    NaN           0            0           -1  5.8
FIXG-B600      56.4537  0.7662  1.9803  34.4557    209.7234   200.2789   981.3531          0.0793            306.0             0.6854  0.6854    NaN           0            0           -1  5.5
FIXG-B900      51.8916  0.8130  1.7675  32.6923    290.3218   266.3755  1048.2216          0.0398            381.0             0.7620  0.7620    NaN           0            0           -1  5.4
FIXG-B1200     49.7968  0.8345  1.6438  32.2065    359.8060   292.8259  1129.0671          0.0217            456.0             0.7890  0.7890    NaN           0            0           -1  5.8
FIXG-B2400     47.3159  0.8599  1.4634  31.1287    656.6588   292.8259  1430.1604          0.0044            756.0             0.8686  0.8686    NaN           0            0           -1  5.6
FIXG-B4800     45.6491  0.8770  1.3516  30.2725   1257.2741   292.8259  1853.8844          0.0013           1356.0             0.9272  0.9272    NaN           0            0           -1  5.9
   per-job bound checks 282,156,160; violations combined 0, Theorem A form 0, Theorem B (eta) form 0
## done in 27 s
## 2026-09-20 01:12:56 primary_rep4_L0_fixgrid  k=7 n=17,634,760 argv=--trace primary --rep 4 --level 0 --set fixgrid --workers 4
   jobs FCFS would start within 1 s: 16,901,952 (95.8%)
              w_p99_dl     gap  w_mean    w_p99  max_excess  harm_wf1s  max_heavy  qw_forced_frac  guar_excess_max  used_over_allowed   usedA  usedB  bound_viol  bound_violA  bound_violB  sec
policy                                                                                                                                                                                         
FCFS           43.9520  0.0000  1.1022  25.5334      0.0000     0.0000   486.8657          0.0000              inf                NaN     NaN    NaN          -1           -1           -1  1.0
SJF-ref        17.2601  1.0000  0.3560   9.9074   1002.8059   543.7981  1162.9413          0.0000              inf                NaN     NaN    NaN          -1           -1           -1  1.2
SPJF-tweedie   22.8015  0.7924  0.4582  12.2254   1161.8977   126.0128  1307.0038          0.0000              inf                NaN     NaN    NaN          -1           -1           -1  1.2
FIXG-B30       35.0142  0.3349  0.8394  16.7807     77.4696    53.2554   494.3438          0.2816         170.3571             0.4547  0.4547    NaN           0            0           -1  5.5
FIXG-B60       31.3422  0.4724  0.7659  15.4278     89.0298    65.3994   501.2338          0.1953         177.8571             0.5006  0.5006    NaN           0            0           -1  5.5
FIXG-B90       29.9742  0.5237  0.7323  14.8050     87.0120    67.8218   508.9094          0.1478         185.3571             0.4694  0.4694    NaN           0            0           -1  5.3
FIXG-B120      28.7151  0.5708  0.6993  14.4575     94.0403    68.2797   516.3890          0.1178         192.8571             0.4876  0.4876    NaN           0            0           -1  5.6
FIXG-B180      27.4499  0.6182  0.6692  13.9256    118.7319    68.2797   542.8953          0.0831         207.8571             0.5712  0.5712    NaN           0            0           -1  5.4
FIXG-B240      26.5793  0.6509  0.6532  13.7266    116.3979    95.0857   564.4931          0.0624         222.8571             0.5223  0.5223    NaN           0            0           -1  5.4
FIXG-B300      25.6720  0.6849  0.6199  13.4116    131.3440    95.1638   566.3644          0.0479         237.8571             0.5522  0.5522    NaN           0            0           -1  5.9
FIXG-B360      24.8782  0.7146  0.5950  13.1394    143.1435    95.3047   580.7656          0.0345         252.8571             0.5661  0.5661    NaN           0            0           -1  5.7
FIXG-B420      24.5925  0.7253  0.5682  13.0252    153.4940   107.6834   595.9756          0.0247         267.8571             0.5730  0.5730    NaN           0            0           -1  5.5
FIXG-B480      24.6680  0.7225  0.5687  13.0767    168.4947   123.2921   613.1703          0.0198         282.8571             0.5957  0.5957    NaN           0            0           -1  5.9
FIXG-B540      24.2899  0.7366  0.5510  12.9591    182.3383   126.0128   628.4332          0.0159         297.8571             0.6122  0.6122    NaN           0            0           -1  5.8
FIXG-B600      24.0307  0.7463  0.5419  12.8217    202.2463   126.0128   653.2682          0.0140         312.8571             0.6464  0.6464    NaN           0            0           -1  5.9
FIXG-B900      23.7179  0.7581  0.5143  12.6966    278.9254   126.0128   718.5070          0.0082         387.8571             0.7191  0.7191    NaN           0            0           -1  5.6
FIXG-B1200     23.6919  0.7590  0.5094  12.6552    351.1070   126.0128   783.8895          0.0063         462.8571             0.7586  0.7586    NaN           0            0           -1  5.5
FIXG-B2400     23.1827  0.7781  0.4728  12.3570    655.7132   126.0128  1018.9377          0.0005         762.8571             0.8595  0.8595    NaN           0            0           -1  5.8
FIXG-B4800     22.8015  0.7924  0.4582  12.2254   1161.8977   126.0128  1307.0038          0.0000        1362.8571             0.8525  0.8525    NaN           0            0           -1  5.5
   per-job bound checks 282,156,160; violations combined 0, Theorem A form 0, Theorem B (eta) form 0
## done in 27 s
