resample,overlay,level,k,policy,jobs,p99_dl_s,harm_s,gap_closed
-1,0,0,8,FCFS,17634760,22.170393000000068,0.0,0.0
-1,0,0,8,SJF,17634760,8.310025650000071,595.937164,1.0
-1,0,0,8,SPJF-E,17634760,12.135950700000043,237.038507,0.7239665476831699
-1,0,0,8,Guard(300),17634760,12.76878855000015,132.113597,0.6783084612833095
-1,0,0,8,Guard(600),17634760,12.269782950000051,237.038507,0.7143107971088529
-1,0,0,8,Guard(1200),17634760,12.14001445000026,93.198044,0.7236733555983139
-1,0,1,5,FCFS,17634760,109.70798725000037,0.0,0.0
-1,0,1,5,SJF,17634760,34.18627585000001,774.8472429999999,1.0
-1,0,1,5,SPJF-E,17634760,43.768337600000216,249.16022999999998,0.8731217609827607
-1,0,1,5,Guard(300),17634760,55.666874,98.121386,0.7155705590909069
-1,0,1,5,Guard(600),17634760,47.70680730000011,189.04181,0.8209715961230186
-1,0,1,5,Guard(1200),17634760,46.803228800000255,117.69523299999999,0.8329360826693318
-1,0,2,4,FCFS,17634760,263.1202411500015,0.0,0.0
-1,0,2,4,SJF,17634760,42.88080230000007,1101.479383,1.0
-1,0,2,4,SPJF-E,17634760,61.81080275000139,462.67527,0.9140480898932277
-1,0,2,4,Guard(300),17634760,156.16865185000225,103.3366,0.4856150644882492
-1,0,2,4,Guard(600),17634760,87.54104590000027,259.306429,0.7972195904911611
-1,0,2,4,Guard(1200),17634760,77.36347495000032,103.29948900000001,0.8434309820709025
-1,1,0,8,FCFS,17634760,21.203488500000063,0.0,0.0
-1,1,0,8,SJF,17634760,7.562710100000011,442.06485799999996,1.0
-1,1,0,8,SPJF-E,17634760,10.868973,90.58367100000001,0.7576191912919004
-1,1,0,8,Guard(300),17634760,11.31225365000004,90.58367100000001,0.7251224644188916
-1,1,0,8,Guard(600),17634760,10.969563450000015,90.58367100000001,0.7502449456989939
-1,1,0,8,Guard(1200),17634760,10.82892880000006,83.68967400000001,0.7605548155521655
-1,1,1,5,FCFS,17634760,111.46362210000021,0.0,0.0
-1,1,1,5,SJF,17634760,32.21314600000004,255.43716,1.0
-1,1,1,5,SPJF-E,17634760,41.066799900000056,264.51710199999997,0.8882826408660527
-1,1,1,5,Guard(300),17634760,53.13661525000016,114.105582,0.7359830466684089
-1,1,1,5,Guard(600),17634760,45.35191445000004,206.886674,0.8342121196417649
-1,1,1,5,Guard(1200),17634760,44.21137380000016,109.931414,0.8486037133094259
-1,1,2,4,FCFS,17634760,277.8373296000014,0.0,0.0
-1,1,2,4,SJF,17634760,43.36564245000002,379.809196,1.0
-1,1,2,4,SPJF-E,17634760,60.83440330000001,646.886821,0.9254973550865249
-1,1,2,4,Guard(300),17634760,164.08781155000037,104.82023000000001,0.4851311449694593
-1,1,2,4,Guard(600),17634760,86.54079355000005,232.972891,0.8158619847675721
-1,1,2,4,Guard(1200),17634760,76.90934830000073,123.391351,0.8569392055061157
-1,2,0,8,FCFS,17634760,26.84188375000003,0.0,0.0
-1,2,0,8,SJF,17634760,10.489823450000008,476.843204,1.0
-1,2,0,8,SPJF-E,17634760,14.619660650000059,181.269423,0.7474423941550629
-1,2,0,8,Guard(300),17634760,15.414581600000067,75.09537,0.6988295016255505
-1,2,0,8,Guard(600),17634760,14.768175850000029,148.380033,0.7383600401718178
-1,2,0,8,Guard(1200),17634760,14.696703050000016,105.99631000000001,0.7427309144646439
-1,2,1,5,FCFS,17634760,120.13861590000032,0.0,0.0
-1,2,1,5,SJF,17634760,33.353391050000006,578.090433,1.0
-1,2,1,5,SPJF-E,17634760,44.18500275000011,469.22679700000003,0.8751906016407578
-1,2,1,5,Guard(300),17634760,56.26406595000036,110.936319,0.7360071954690538
-1,2,1,5,Guard(600),17634760,48.399371900000155,162.109173,0.8266296955961612
-1,2,1,5,Guard(1200),17634760,47.281037200000256,110.936319,0.8395159294214792
-1,2,2,4,FCFS,17634760,264.66936870000046,0.0,0.0
-1,2,2,4,SJF,17634760,44.52423450000003,960.837633,1.0
-1,2,2,4,SPJF-E,17634760,64.7792388000001,708.755315,0.9079924960703492
-1,2,2,4,Guard(300),17634760,163.1398152000002,118.736578,0.46119372053783986
-1,2,2,4,Guard(600),17634760,91.3761106500002,339.882,0.787177325902486
-1,2,2,4,Guard(1200),17634760,81.93640785000002,118.304794,0.8300567782887662
-1,3,0,8,FCFS,17634760,24.055061800000054,0.0,0.0
-1,3,0,8,SJF,17634760,9.31504630000002,67.14124799999999,1.0
-1,3,0,8,SPJF-E,17634760,13.095212700000001,89.87118,0.7435439331797193
-1,3,0,8,Guard(300),17634760,13.733133100000067,89.87118,0.7002657968711066
-1,3,0,8,Guard(600),17634760,13.263675650000017,89.87118,0.7321149797976815
-1,3,0,8,Guard(1200),17634760,13.13108900000009,85.784308,0.7411099940837877
-1,3,1,5,FCFS,17634760,124.2571381000004,0.0,0.0
-1,3,1,5,SJF,17634760,34.35950585000007,289.68593899999996,1.0
-1,3,1,5,SPJF-E,17634760,44.0104619,342.336485,0.8926450473894445
-1,3,1,5,Guard(300),17634760,55.86635860000027,102.739274,0.7607628564655537
-1,3,1,5,Guard(600),17634760,47.76817820000048,159.40927599999998,0.8508450999831494
-1,3,1,5,Guard(1200),17634760,46.630633950000025,107.326867,0.863498873186397
-1,3,2,4,FCFS,17634760,264.65226980000097,0.0,0.0
-1,3,2,4,SJF,17634760,43.48783930000001,1362.192955,1.0
-1,3,2,4,SPJF-E,17634760,62.36789335000037,611.512196,0.9146334064328655
-1,3,2,4,Guard(300),17634760,161.26820715000048,134.822787,0.4674533893912025
-1,3,2,4,Guard(600),17634760,87.3109949000006,196.599251,0.8018526057697131
-1,3,2,4,Guard(1200),17634760,79.66891590000084,92.00132,0.8364064396874131
-1,4,0,7,FCFS,17634760,43.952033300000124,0.0,0.0
-1,4,0,7,SJF,17634760,17.260137350000072,543.798145,1.0
-1,4,0,7,SPJF-E,17634760,22.666534,126.012783,0.7974517561387423
-1,4,0,7,Guard(300),17634760,24.646691,68.187231,0.7232660555909325
-1,4,0,7,Guard(600),17634760,23.56597470000003,126.012783,0.7637546106948635
-1,4,0,7,Guard(1200),17634760,23.113712900000017,95.129236,0.7806983977097388
-1,4,1,5,FCFS,17634760,131.19192735000004,0.0,0.0
-1,4,1,5,SJF,17634760,33.65059720000002,1242.306748,1.0
-1,4,1,5,SPJF-E,17634760,43.63385225000014,292.833252,0.8976510261378663
-1,4,1,5,Guard(300),17634760,58.77463960000002,110.906527,0.7424266989043106
-1,4,1,5,Guard(600),17634760,48.13385015000028,319.640469,0.8515167577915149
-1,4,1,5,Guard(1200),17634760,46.62373295000023,106.72848400000001,0.8669985766028616
-1,4,2,4,FCFS,17634760,297.2077258500002,0.0,0.0
-1,4,2,4,SJF,17634760,43.88741290000011,1365.9005769999999,1.0
-1,4,2,4,SPJF-E,17634760,64.14990965000023,387.145169,0.9200123491320671
-1,4,2,4,Guard(300),17634760,172.3311328500004,113.189601,0.49295925599400203
-1,4,2,4,Guard(600),17634760,93.42182815000045,174.800952,0.8044593634313985
-1,4,2,4,Guard(1200),17634760,80.72903245000012,117.184899,0.854565079598367
0,0,0,7,FCFS,15423858,47.687418,0.0,0.0
0,0,0,7,SJF,15423858,24.875425450000183,196.743758,1.0
0,0,0,7,SPJF-E,15423858,29.405222500000033,162.994298,0.8014291368861645
0,0,0,7,Guard(300),15423858,29.939904350000138,82.581434,0.777990507015136
0,0,0,7,Guard(600),15423858,29.411295200000033,147.647153,0.8011629304166205
0,0,0,7,Guard(1200),15423858,29.52363195000015,131.652589,0.7962384701901016
0,0,1,5,FCFS,15423858,120.32617890000006,0.0,0.0
0,0,1,5,SJF,15423858,34.84067465,203.97596000000001,1.0
0,0,1,5,SPJF-E,15423858,44.230825,405.374237,0.8901550569025274
0,0,1,5,Guard(300),15423858,48.49968855000003,94.85793299999999,0.8402183619335669
0,0,1,5,Guard(600),15423858,44.4902138,163.944253,0.8871207553296969
0,0,1,5,Guard(1200),15423858,45.36566560000003,113.713914,0.8768798167322032
0,0,2,4,FCFS,15423858,234.57342205000103,0.0,0.0
0,0,2,4,SJF,15423858,41.687755400000086,214.178,1.0
0,0,2,4,SPJF-E,15423858,56.639571450000034,434.141879,0.9224835297008843
0,0,2,4,Guard(300),15423858,81.16569415000001,111.837775,0.795329847802355
0,0,2,4,Guard(600),15423858,61.20315405000006,178.384938,0.8988240080824074
0,0,2,4,Guard(1200),15423858,61.95794905000003,141.80901400000002,0.8949108349933484
0,1,0,7,FCFS,15423858,48.71546570000065,0.0,0.0
0,1,0,7,SJF,15423858,24.572456,153.767416,1.0
0,1,0,7,SPJF-E,15423858,29.109834850000173,253.11200000000002,0.8120624186304307
0,1,0,7,Guard(300),15423858,30.104264200000003,82.573495,0.7708732975408673
0,1,0,7,Guard(600),15423858,29.13055095000004,148.777227,0.8112043607388387
0,1,0,7,Guard(1200),15423858,29.181370450000095,84.942038,0.8090994243356506
0,1,1,5,FCFS,15423858,128.97141955,0.0,0.0
0,1,1,5,SJF,15423858,35.31957715000019,259.02195,1.0
0,1,1,5,SPJF-E,15423858,45.0548414,656.653494,0.8960483424509774
0,1,1,5,Guard(300),15423858,49.524782200000104,125.922671,0.8483190006094322
0,1,1,5,Guard(600),15423858,45.41619525000003,166.62549800000002,0.8921898614991918
0,1,1,5,Guard(1200),15423858,46.30547840000005,120.386021,0.8826942325055648
0,1,2,4,FCFS,15423858,246.46329425000087,0.0,0.0
0,1,2,4,SJF,15423858,41.70250560000011,236.712533,1.0
0,1,2,4,SPJF-E,15423858,57.40753620000002,412.726848,0.9233005952773281
0,1,2,4,Guard(300),15423858,85.46726820000005,84.149349,0.7862639478557225
0,1,2,4,Guard(600),15423858,62.956312400000385,172.024129,0.8962017731025174
0,1,2,4,Guard(1200),15423858,63.81964630000025,116.016727,0.8919854682831626
0,2,0,8,FCFS,15423858,36.51925405000028,0.0,0.0
0,2,0,8,SJF,15423858,21.84598595000027,168.674533,1.0
0,2,0,8,SPJF-E,15423858,25.219151,152.752839,0.7701149446046223
0,2,0,8,Guard(300),15423858,25.665174,81.285078,0.7397179671241931
0,2,0,8,Guard(600),15423858,25.226933700000327,142.85201,0.769584544700028
0,2,0,8,Guard(1200),15423858,25.268995950000022,84.344632,0.7667179542640709
0,2,1,5,FCFS,15423858,130.12998135000007,0.0,0.0
0,2,1,5,SJF,15423858,34.40893550000002,618.739626,1.0
0,2,1,5,SPJF-E,15423858,44.01577470000021,827.5689639999999,0.8996371266664321
0,2,1,5,Guard(300),15423858,49.385862150000044,84.48795199999999,0.8435356977454085
0,2,1,5,Guard(600),15423858,44.745235400000055,162.568535,0.8920164337088672
0,2,1,5,Guard(1200),15423858,45.29411625000018,121.088384,0.8862822626587489
0,2,2,4,FCFS,15423858,247.73390430000046,0.0,0.0
0,2,2,4,SJF,15423858,42.56949065000001,108.839688,1.0
0,2,2,4,SPJF-E,15423858,57.195446700000026,550.8899809999999,0.928711047935676
0,2,2,4,Guard(300),15423858,89.28507785000002,83.224592,0.7723017049160664
0,2,2,4,Guard(600),15423858,63.08028055000012,168.099497,0.9000275460295448
0,2,2,4,Guard(1200),15423858,64.4465158500002,150.372507,0.8933683244048296
0,3,0,8,FCFS,15423858,34.83073950000002,0.0,0.0
0,3,0,8,SJF,15423858,21.168554,88.08156799999999,1.0
0,3,0,8,SPJF-E,15423858,23.995520050000017,130.372228,0.7930809788814526
0,3,0,8,Guard(300),15423858,24.456527350000094,83.061195,0.7593376733173408
0,3,0,8,Guard(600),15423858,23.998268,130.372228,0.7928798434189028
0,3,0,8,Guard(1200),15423858,24.082431900000447,83.071738,0.7867194893525313
0,3,1,5,FCFS,15423858,123.42359995000031,0.0,0.0
0,3,1,5,SJF,15423858,35.31071565,206.599266,1.0
0,3,1,5,SPJF-E,15423858,44.677485850000096,261.58367,0.8936957940440493
0,3,1,5,Guard(300),15423858,49.58008770000008,83.018747,0.8380557830632719
0,3,1,5,Guard(600),15423858,45.110763450000235,167.030349,0.8887784927498941
0,3,1,5,Guard(1200),15423858,45.78940120000024,112.813081,0.8810765799661809
0,3,2,4,FCFS,15423858,235.07858395000036,0.0,0.0
0,3,2,4,SJF,15423858,42.01909035000065,235.462449,1.0
0,3,2,4,SPJF-E,15423858,57.413240750000085,815.875653,0.9202621424466461
0,3,2,4,Guard(300),15423858,83.83283060000056,83.403918,0.7834152598751043
0,3,2,4,Guard(600),15423858,61.871813300000085,172.166835,0.8971678492478992
0,3,2,4,Guard(1200),15423858,63.01309680000001,112.180671,0.8912562855184067
0,4,0,8,FCFS,15423858,37.88648415000003,0.0,0.0
0,4,0,8,SJF,15423858,21.012114050000093,106.370817,1.0
0,4,0,8,SPJF-E,15423858,24.4887945,261.612919,0.7939668011667043
0,4,0,8,Guard(300),15423858,24.844347750000022,82.395358,0.7728961924332842
0,4,0,8,Guard(600),15423858,24.4808259500005,148.623781,0.7944390291640918
0,4,0,8,Guard(1200),15423858,24.612886400000008,83.981905,0.7866129325917814
0,4,1,5,FCFS,15423858,133.18742600000022,0.0,0.0
0,4,1,5,SJF,15423858,35.59953690000006,363.61478400000004,1.0
0,4,1,5,SPJF-E,15423858,45.801316700000186,387.318815,0.8954605956324543
0,4,1,5,Guard(300),15423858,50.85975485000009,140.249703,0.84362590388278
0,4,1,5,Guard(600),15423858,46.28307765000002,192.172491,0.890523907745844
0,4,1,5,Guard(1200),15423858,47.24351655000003,140.249703,0.8806821240075378
0,4,2,4,FCFS,15423858,249.08025165000038,0.0,0.0
0,4,2,4,SJF,15423858,42.38489340000002,270.506699,1.0
0,4,2,4,SPJF-E,15423858,58.95569255000013,532.176245,0.9198298438324989
0,4,2,4,Guard(300),15423858,93.23744730000014,91.147729,0.7539734112534187
0,4,2,4,Guard(600),15423858,65.42706150000026,234.258519,0.8885211148663992
0,4,2,4,Guard(1200),15423858,66.7286003500002,133.557771,0.8822242204367444
1,0,0,8,FCFS,13861387,43.70370904999992,0.0,0.0
1,0,0,8,SJF,13861387,19.827703199999956,94.472306,1.0
1,0,0,8,SPJF-E,13861387,27.313633649999776,224.621142,0.6864663839911134
1,0,0,8,Guard(300),13861387,28.808400749999915,80.56102700000001,0.6238609754738366
1,0,0,8,Guard(600),13861387,27.47166869999995,173.18855299999998,0.6798473937381782
1,0,0,8,Guard(1200),13861387,27.513342,117.349592,0.6781019887377832
1,0,1,5,FCFS,13861387,165.68112274999956,0.0,0.0
1,0,1,5,SJF,13861387,40.14936254999955,162.763555,1.0
1,0,1,5,SPJF-E,13861387,60.29886664999964,509.409444,0.8394868034360592
1,0,1,5,Guard(300),13861387,84.4559810499998,95.477455,0.6470485363273011
1,0,1,5,Guard(600),13861387,65.02343765,157.42113799999998,0.8018503440056085
1,0,1,5,Guard(1200),13861387,68.43937744999991,96.25626700000001,0.7746385866419138
1,0,2,4,FCFS,13861387,333.58929374999985,0.0,0.0
1,0,2,4,SJF,13861387,50.53655929999986,305.224991,1.0
1,0,2,4,SPJF-E,13861387,97.20725194999882,1271.433053,0.8351166161998582
1,0,2,4,Guard(300),13861387,198.29192979999996,97.40540299999999,0.4779934884320984
1,0,2,4,Guard(600),13861387,122.49462764999981,182.170376,0.7457785790700036
1,0,2,4,Guard(1200),13861387,122.55831804999934,101.052,0.745553566582054
1,1,0,8,FCFS,13861387,41.698487249999964,0.0,0.0
1,1,0,8,SJF,13861387,20.370592399999794,105.68798100000001,1.0
1,1,0,8,SPJF-E,13861387,26.556856249999573,262.44807099999997,0.7099449386117107
1,1,0,8,Guard(300),13861387,28.217957399999936,61.922856,0.632060967329831
1,1,0,8,Guard(600),13861387,26.743002949999934,154.03281700000002,0.7012170870675458
1,1,0,8,Guard(1200),13861387,26.750889399999863,133.532504,0.7008473154583271
1,1,1,5,FCFS,13861387,163.56415019999983,0.0,0.0
1,1,1,5,SJF,13861387,40.47975379999999,535.539184,1.0
1,1,1,5,SPJF-E,13861387,59.35273614999993,584.691471,0.8466663289417573
1,1,1,5,Guard(300),13861387,80.34501844999859,143.949333,0.6761143912958357
1,1,1,5,Guard(600),13861387,64.92956724999978,207.116956,0.8013573274508107
1,1,1,5,Guard(1200),13861387,65.64452579999991,143.802707,0.7955486419398003
1,1,2,4,FCFS,13861387,332.37671439999946,0.0,0.0
1,1,2,4,SJF,13861387,50.72902249999956,780.35179,1.0
1,1,2,4,SPJF-E,13861387,96.24772194999974,476.831276,0.8383842624701437
1,1,2,4,Guard(300),13861387,191.90719739999847,98.735242,0.498741942646117
1,1,2,4,Guard(600),13861387,120.68919534999932,259.563302,0.7516039546496996
1,1,2,4,Guard(1200),13861387,119.80629534999878,119.639008,0.7547387220395707
1,2,0,8,FCFS,13861387,45.15042934999995,0.0,0.0
1,2,0,8,SJF,13861387,20.674459099999908,169.892201,1.0
1,2,0,8,SPJF-E,13861387,27.487849299999894,247.73017199999998,0.7216294132405242
1,2,0,8,Guard(300),13861387,29.553865899999952,58.665119000000004,0.6372194152344164
1,2,0,8,Guard(600),13861387,27.75047294999961,145.56859699999998,0.7108995566784655
1,2,0,8,Guard(1200),13861387,27.976959249999823,130.157315,0.7016461420972718
1,2,1,5,FCFS,13861387,182.683142949999,0.0,0.0
1,2,1,5,SJF,13861387,40.669418649999734,98.636274,1.0
1,2,1,5,SPJF-E,13861387,60.74868864999949,553.6039380000001,0.8586103554499919
1,2,1,5,Guard(300),13861387,86.33613389999937,127.09310699999999,0.678434493038643
1,2,1,5,Guard(600),13861387,66.3977939999993,243.233702,0.8188317680082157
1,2,1,5,Guard(1200),13861387,68.23826164999997,158.073902,0.8058719807829138
1,2,2,4,FCFS,13861387,371.93793834999843,0.0,0.0
1,2,2,4,SJF,13861387,50.677993549999954,643.9222219999999,1.0
1,2,2,4,SPJF-E,13861387,96.70141109999886,609.689665,0.8567408782359999
1,2,2,4,Guard(300),13861387,214.01375014999985,98.69578700000001,0.4915775861765613
1,2,2,4,Guard(600),13861387,131.28558079999937,219.278999,0.7490892078059033
1,2,2,4,Guard(1200),13861387,124.76543939999789,100.193694,0.7693847395257403
1,3,0,7,FCFS,13861387,58.66075014999998,0.0,0.0
1,3,0,7,SJF,13861387,26.06623879999994,118.486157,1.0
1,3,0,7,SPJF-E,13861387,35.01023099999994,394.95659,0.725598211798319
1,3,0,7,Guard(300),13861387,37.68447874999999,57.320332,0.64355225868419
1,3,0,7,Guard(600),13861387,35.658169,175.374915,0.7057194661701824
1,3,0,7,Guard(1200),13861387,35.843119049999835,92.465625,0.7000451964131108
1,3,1,5,FCFS,13861387,157.64292724999973,0.0,0.0
1,3,1,5,SJF,13861387,40.42790429999982,340.121917,1.0
1,3,1,5,SPJF-E,13861387,58.804574549999266,436.313394,0.8432225683405928
1,3,1,5,Guard(300),13861387,79.70258854999999,74.453614,0.6649347220044187
1,3,1,5,Guard(600),13861387,65.57206639999983,153.28355399999998,0.7854868645060482
1,3,1,5,Guard(1200),13861387,65.66027874999935,92.23554,0.784734295869542
1,3,2,4,FCFS,13861387,315.33258724999865,0.0,0.0
1,3,2,4,SJF,13861387,50.23113979999964,302.939832,1.0
1,3,2,4,SPJF-E,13861387,93.63618734999953,573.332838,0.8362700469291607
1,3,2,4,Guard(300),13861387,183.339481599999,113.040605,0.4978965860791649
1,3,2,4,Guard(600),13861387,120.03846124999886,231.255673,0.736676950950388
1,3,2,4,Guard(1200),13861387,115.45135159999987,137.228903,0.75398017465634
1,4,0,7,FCFS,13861387,67.31271184999976,0.0,0.0
1,4,0,7,SJF,13861387,27.194403499999922,114.865777,1.0
1,4,0,7,SPJF-E,13861387,36.350921899999705,389.98571699999997,0.7717621012302773
1,4,0,7,Guard(300),13861387,40.46948104999993,64.903041,0.669101761864292
1,4,0,7,Guard(600),13861387,37.11526099999996,148.223932,0.7527099743725839
1,4,0,7,Guard(1200),13861387,37.33873459999999,92.727214,0.7471396098883589
1,4,1,5,FCFS,13861387,171.3177241499993,0.0,0.0
1,4,1,5,SJF,13861387,40.641712549999774,127.818955,1.0
1,4,1,5,SPJF-E,13861387,59.69803794999945,371.499612,0.8541712042885785
1,4,1,5,Guard(300),13861387,81.8537238,112.6036,0.6846245095377522
1,4,1,5,Guard(600),13861387,66.81338919999988,158.697182,0.7997208796813309
1,4,1,5,Guard(1200),13861387,66.46604554999847,146.27966999999998,0.8023789318038935
1,4,2,4,FCFS,13861387,336.17590765,0.0,0.0
1,4,2,4,SJF,13861387,51.179040099999945,388.357073,1.0
1,4,2,4,SPJF-E,13861387,97.93572359999936,519.727366,0.8359396582076595
1,4,2,4,Guard(300),13861387,190.2298573999991,118.047513,0.5120970328714087
1,4,2,4,Guard(600),13861387,122.0008599499997,166.308762,0.7514996552108605
1,4,2,4,Guard(1200),13861387,119.78573739999997,99.299592,0.7592721004627758
2,0,0,7,FCFS,14346468,70.85272785999959,0.0,0.0
2,0,0,7,SJF,14346468,26.115534,151.60893800000002,1.0
2,0,0,7,SPJF-E,14346468,34.224624139999996,389.637904,0.8187394103131154
2,0,0,7,Guard(300),14346468,38.74466007999986,89.134042,0.7177041072463909
2,0,0,7,Guard(600),14346468,35.05669196999989,142.367495,0.8001403932937698
2,0,0,7,Guard(1200),14346468,34.94759961,100.024361,0.8025789092262015
2,0,1,5,FCFS,14346468,189.35623250999905,0.0,0.0
2,0,1,5,SJF,14346468,40.465017259999996,155.428334,1.0
2,0,1,5,SPJF-E,14346468,61.494922799999934,630.485235,0.8587565726783195
2,0,1,5,Guard(300),14346468,94.12359359999958,101.552811,0.6396122078129124
2,0,1,5,Guard(600),14346468,70.89668812999989,170.032875,0.7956113742580251
2,0,1,5,Guard(1200),14346468,69.74633248999952,122.481859,0.8033375227622792
2,0,2,4,FCFS,14346468,381.32089717999935,0.0,0.0
2,0,2,4,SJF,14346468,51.944506,1420.4736440000001,1.0
2,0,2,4,SPJF-E,14346468,102.42988436999985,683.367599,0.8467243563233701
2,0,2,4,Guard(300),14346468,307.093925229998,88.995244,0.22535607875258254
2,0,2,4,Guard(600),14346468,164.57526835999954,194.04586,0.6580484655973764
2,0,2,4,Guard(1200),14346468,134.79698108999696,95.644114,0.7484565460409113
2,1,0,7,FCFS,14346468,64.88496939999973,0.0,0.0
2,1,0,7,SJF,14346468,26.30561236999997,243.81763600000002,1.0
2,1,0,7,SPJF-E,14346468,34.20418134999989,235.221588,0.7952643696509016
2,1,0,7,Guard(300),14346468,36.60474052999992,79.50805,0.7330404404616897
2,1,0,7,Guard(600),14346468,34.51121698999991,163.69858200000002,0.7873058222919795
2,1,0,7,Guard(1200),14346468,34.410980719999394,151.15913,0.7899040063395407
2,1,1,5,FCFS,14346468,179.0486091299997,0.0,0.0
2,1,1,5,SJF,14346468,41.06518449999979,610.747613,1.0
2,1,1,5,SPJF-E,14346468,60.82732598999993,512.477886,0.8567788736727475
2,1,1,5,Guard(300),14346468,88.41861947999972,91.573709,0.6568179467426807
2,1,1,5,Guard(600),14346468,68.53895997999996,165.467065,0.8008907551492463
2,1,1,5,Guard(1200),14346468,67.5935814599997,114.151479,0.8077421470648715
2,1,2,4,FCFS,14346468,357.6788474299999,0.0,0.0
2,1,2,4,SJF,14346468,50.47973284999975,925.5311379999999,1.0
2,1,2,4,SPJF-E,14346468,98.99727201999987,649.926336,0.8420648469760962
2,1,2,4,Guard(300),14346468,286.71747477999884,90.437773,0.2309947173741657
2,1,2,4,Guard(600),14346468,145.1719800699991,156.806461,0.6917561193186975
2,1,2,4,Guard(1200),14346468,125.91567824999956,106.216996,0.7544395741402604
2,2,0,8,FCFS,14346468,48.449100799999904,0.0,0.0
2,2,0,8,SJF,14346468,21.570858389999973,362.40238200000005,1.0
2,2,0,8,SPJF-E,14346468,27.617426319999964,273.723222,0.7750385669655843
2,2,0,8,Guard(300),14346468,29.190579909999958,117.183095,0.7165096808128681
2,2,0,8,Guard(600),14346468,27.937416229999904,270.434549,0.7631334019953894
2,2,0,8,Guard(1200),14346468,27.793184729999954,148.370586,0.7684995080747917
2,2,1,5,FCFS,14346468,188.34179223999905,0.0,0.0
2,2,1,5,SJF,14346468,40.47382018999993,766.223485,1.0
2,2,1,5,SPJF-E,14346468,60.836538859999784,537.441547,0.8622912156858785
2,2,1,5,Guard(300),14346468,95.40057277999765,87.487994,0.6285419227131542
2,2,1,5,Guard(600),14346468,70.75144829999996,161.339926,0.7952387681372801
2,2,1,5,Guard(1200),14346468,69.71840422999959,99.96645,0.8022250279451246
2,2,2,4,FCFS,14346468,381.51754804999814,0.0,0.0
2,2,2,4,SJF,14346468,50.749007259999814,1146.425041,1.0
2,2,2,4,SPJF-E,14346468,99.33679514999986,755.898913,0.8531063813567206
2,2,2,4,Guard(300),14346468,315.2536231499997,92.548021,0.20033321410112193
2,2,2,4,Guard(600),14346468,164.4506316899986,180.89629,0.656250185829532
2,2,2,4,Guard(1200),14346468,137.82412726999908,122.46931900000001,0.7367490880419538
2,3,0,8,FCFS,14346468,49.45854867999998,0.0,0.0
2,3,0,8,SJF,14346468,21.833855809999925,337.25234700000004,1.0
2,3,0,8,SPJF-E,14346468,28.283422,302.504129,0.7665289449424361
2,3,0,8,Guard(300),14346468,29.79591273999988,112.72721100000001,0.7117775402076374
2,3,0,8,Guard(600),14346468,28.586839719999926,274.222909,0.7555453759511793
2,3,0,8,Guard(1200),14346468,28.4359419,156.124251,0.7610078012063682
2,3,1,5,FCFS,14346468,198.7969769799981,0.0,0.0
2,3,1,5,SJF,14346468,40.95899103999986,863.771904,1.0
2,3,1,5,SPJF-E,14346468,63.310987749999896,546.944028,0.8583864550926473
2,3,1,5,Guard(300),14346468,101.38390317999973,109.78269,0.6171712925748415
2,3,1,5,Guard(600),14346468,71.70947803999977,310.730686,0.8051768918814661
2,3,1,5,Guard(1200),14346468,70.29638820999944,103.521965,0.8141296786367249
2,3,2,4,FCFS,14346468,408.0795628299996,0.0,0.0
2,3,2,4,SJF,14346468,52.01153666999998,1359.399342,1.0
2,3,2,4,SPJF-E,14346468,106.64798031999989,740.290462,0.8465561644519889
2,3,2,4,Guard(300),14346468,340.14438929999983,76.542671,0.19079268156324997
2,3,2,4,Guard(600),14346468,179.78850294999887,156.746289,0.6411445092163873
2,3,2,4,Guard(1200),14346468,142.85601473999904,117.11422900000001,0.744867633722389
2,4,0,8,FCFS,14346468,45.086325,0.0,0.0
2,4,0,8,SJF,14346468,20.487390609999963,225.195177,1.0
2,4,0,8,SPJF-E,14346468,26.683865279999882,301.448382,0.7480998740937774
2,4,0,8,Guard(300),14346468,28.157115369999943,101.182446,0.6882090647342075
2,4,0,8,Guard(600),14346468,26.821592,292.381339,0.742500984409511
2,4,0,8,Guard(1200),14346468,26.657686559999927,148.595713,0.7491640958029339
2,4,1,5,FCFS,14346468,177.95412703999997,0.0,0.0
2,4,1,5,SJF,14346468,40.36061389999978,464.475782,1.0
2,4,1,5,SPJF-E,14346468,60.03841946999999,621.913348,0.8569859499845882
2,4,1,5,Guard(300),14346468,92.70991375999996,132.970744,0.6195365706903986
2,4,1,5,Guard(600),14346468,68.23152336999956,268.847066,0.7974402365782943
2,4,1,5,Guard(1200),14346468,66.60228646999998,139.984092,0.80928117924208
2,4,2,4,FCFS,14346468,381.0645248299993,0.0,0.0
2,4,2,4,SJF,14346468,50.46551351999993,1608.5687599999999,1.0
2,4,2,4,SPJF-E,14346468,100.14327243999988,754.576717,0.8497340971373396
2,4,2,4,Guard(300),14346468,322.18226128,128.871438,0.17810780291410497
2,4,2,4,Guard(600),14346468,167.69846293999996,302.946236,0.6453923169477604
2,4,2,4,Guard(1200),14346468,130.77653820999976,117.006715,0.7570742139494998
3,0,0,8,FCFS,17478160,89.56397773000097,0.0,0.0
3,0,0,8,SJF,17478160,25.340846270000068,198.96050300000002,1.0
3,0,0,8,SPJF-E,17478160,35.82273595000011,277.441243,0.8367894955958616
3,0,0,8,Guard(300),17478160,42.38188585000001,106.468914,0.7346588496605254
3,0,0,8,Guard(600),17478160,36.66753268000014,277.441243,0.8236354074846927
3,0,0,8,Guard(1200),17478160,36.0133290500002,115.99896600000001,0.8338218249814382
3,0,1,5,FCFS,17478160,264.27628984,0.0,0.0
3,0,1,5,SJF,17478160,44.80998450000004,553.258914,1.0
3,0,1,5,SPJF-E,17478160,78.90916202000086,736.942546,0.8446268211096281
3,0,1,5,Guard(300),17478160,170.4881362500004,106.302712,0.42734648238918416
3,0,1,5,Guard(600),17478160,95.21706787000055,219.923284,0.7703197158583901
3,0,1,5,Guard(1200),17478160,87.18453463000002,102.070087,0.8069200187046809
3,0,2,4,FCFS,17478160,419.4958447800024,0.0,0.0
3,0,2,4,SJF,17478160,56.36073469000023,625.31352,1.0
3,0,2,4,SPJF-E,17478160,140.4236186000006,425.171913,0.76850796969435
3,0,2,4,Guard(300),17478160,378.1631378600018,141.71662,0.11382184143460096
3,0,2,4,Guard(600),17478160,216.6397637900023,266.757801,0.5586242567944552
3,0,2,4,Guard(1200),17478160,177.9256765100014,124.71364600000001,0.6652349540371583
3,1,0,7,FCFS,17478160,121.15129904000028,0.0,0.0
3,1,0,7,SJF,17478160,32.26979866000027,344.785364,1.0
3,1,0,7,SPJF-E,17478160,45.3950542400005,281.896761,0.8523286001711821
3,1,0,7,Guard(300),17478160,55.30117470000013,104.507608,0.7408754809321114
3,1,0,7,Guard(600),17478160,46.95833072000011,164.722191,0.8347402778170808
3,1,0,7,Guard(1200),17478160,45.87718828000013,107.72352599999999,0.846904141336235
3,1,1,5,FCFS,17478160,254.280446,0.0,0.0
3,1,1,5,SJF,17478160,45.236887,842.3576710000001,1.0
3,1,1,5,SPJF-E,17478160,81.6536265200001,410.282196,0.8257935346383951
3,1,1,5,Guard(300),17478160,150.4158478000031,101.17382,0.4968562470752658
3,1,1,5,Guard(600),17478160,94.4315338100003,167.28750000000002,0.7646679618098144
3,1,1,5,Guard(1200),17478160,91.92811181000187,98.219992,0.7766435615937736
3,1,2,4,FCFS,17478160,413.20726606,0.0,0.0
3,1,2,4,SJF,17478160,57.07140805000044,854.2353949999999,1.0
3,1,2,4,SPJF-E,17478160,146.8498146000023,898.44619,0.7479096683730144
3,1,2,4,Guard(300),17478160,353.76186565000035,147.631,0.16691776206464037
3,1,2,4,Guard(600),17478160,219.10064596000106,215.087107,0.5450353165351545
3,1,2,4,Guard(1200),17478160,185.65148187000028,153.284466,0.638957799592341
3,2,0,8,FCFS,17478160,80.33943859000019,0.0,0.0
3,2,0,8,SJF,17478160,25.822283420000215,354.12320300000005,1.0
3,2,0,8,SPJF-E,17478160,35.264377320000115,318.202439,0.8268050878561662
3,2,0,8,Guard(300),17478160,40.37235321000023,89.64694200000001,0.7331102522751094
3,2,0,8,Guard(600),17478160,36.034567790000146,166.41727400000002,0.8126775995894296
3,2,0,8,Guard(1200),17478160,35.544192500000044,116.15293700000001,0.8216724799802163
3,2,1,5,FCFS,17478160,230.71874493000192,0.0,0.0
3,2,1,5,SJF,17478160,45.054398900000294,334.83556699999997,1.0
3,2,1,5,SPJF-E,17478160,74.42917290000052,415.470972,0.8417855951984796
3,2,1,5,Guard(300),17478160,145.86475269000024,105.742007,0.45702900990096423
3,2,1,5,Guard(600),17478160,87.29172692000151,209.308762,0.7725070595235551
3,2,1,5,Guard(1200),17478160,81.25387215000066,116.479911,0.8050273301038052
3,2,2,4,FCFS,17478160,384.6668598600011,0.0,0.0
3,2,2,4,SJF,17478160,56.21713478000118,1947.186949,1.0
3,2,2,4,SPJF-E,17478160,136.65869258000058,1248.894422,0.7550871513732995
3,2,2,4,Guard(300),17478160,344.26083338000007,106.315835,0.12302043020483404
3,2,2,4,Guard(600),17478160,186.2794606500017,209.066151,0.6040114637382586
3,2,2,4,Guard(1200),17478160,167.2339953900013,97.249178,0.6619974013284379
3,3,0,8,FCFS,17478160,85.69030930000018,0.0,0.0
3,3,0,8,SJF,17478160,26.300130950000003,255.587887,1.0
3,3,0,8,SPJF-E,17478160,36.87175843000011,251.13428100000002,0.8219970410309422
3,3,0,8,Guard(300),17478160,42.72997980000017,77.911005,0.7233574758241129
3,3,0,8,Guard(600),17478160,37.80574684000003,168.76373600000002,0.8062707301164386
3,3,0,8,Guard(1200),17478160,37.052048370000165,95.023724,0.8189613549123123
3,3,1,5,FCFS,17478160,250.65027909000113,0.0,0.0
3,3,1,5,SJF,17478160,45.308637740000094,585.974396,1.0
3,3,1,5,SPJF-E,17478160,77.02476321000002,370.38196899999997,0.8455445994222848
3,3,1,5,Guard(300),17478160,160.10895610000014,142.198834,0.44093016104646293
3,3,1,5,Guard(600),17478160,91.88221022000023,171.230155,0.7731898305000087
3,3,1,5,Guard(1200),17478160,85.11476030000063,91.870907,0.8061468570217974
3,3,2,4,FCFS,17478160,411.67420673000106,0.0,0.0
3,3,2,4,SJF,17478160,57.14151894000055,200.45081000000002,1.0
3,3,2,4,SPJF-E,17478160,140.18798761000488,685.360632,0.7657579356428904
3,3,2,4,Guard(300),17478160,370.17322608000416,91.939403,0.11705826311445527
3,3,2,4,Guard(600),17478160,206.1908320700014,180.443145,0.5795893629467338
3,3,2,4,Guard(1200),17478160,178.00582062000112,92.51490700000001,0.6590884117529049
3,4,0,7,FCFS,17478160,124.64707099000081,0.0,0.0
3,4,0,7,SJF,17478160,31.2377646200003,421.51211,1.0
3,4,0,7,SPJF-E,17478160,44.01154090000006,268.23217,0.86324942581843
3,4,0,7,Guard(300),17478160,54.459882240000994,66.452437,0.75139396145373
3,4,0,7,Guard(600),17478160,45.85041518000008,180.65866,0.843563225894023
3,4,0,7,Guard(1200),17478160,44.799683,102.03707800000001,0.854811914283144
3,4,1,5,FCFS,17478160,258.2404106,0.0,0.0
3,4,1,5,SJF,17478160,45.92377022000015,698.8682259999999,1.0
3,4,1,5,SPJF-E,17478160,81.3097908600003,397.144743,0.8333337388126197
3,4,1,5,Guard(300),17478160,172.06784878000076,80.129588,0.40586814893910067
3,4,1,5,Guard(600),17478160,95.81170565000139,174.313581,0.7650304971823554
3,4,1,5,Guard(1200),17478160,89.73964472000236,113.413899,0.79362957881407
3,4,2,4,FCFS,17478160,411.5034026400001,0.0,0.0
3,4,2,4,SJF,17478160,57.700814800000174,447.093805,1.0
3,4,2,4,SPJF-E,17478160,145.93733998000235,1410.80745,0.7506052012827409
3,4,2,4,Guard(300),17478160,397.95012538000304,106.32572,0.03830745654728296
3,4,2,4,Guard(600),17478160,213.9987902900043,207.18821899999998,0.5582339393156538
3,4,2,4,Guard(1200),17478160,181.71667499000247,144.263899,0.6494772382894893
4,0,0,9,FCFS,14270548,28.41166692999997,0.0,0.0
4,0,0,9,SJF,14270548,13.435148669999982,73.452196,1.0
4,0,0,9,SPJF-E,14270548,15.714778179999985,71.77851399999999,0.8477864166808017
4,0,0,9,Guard(300),14270548,16.637983969999993,71.77851399999999,0.78614286415593
4,0,0,9,Guard(600),14270548,15.879617,71.77851399999999,0.8367799319199027
4,0,0,9,Guard(1200),14270548,15.700656379999977,67.877344,0.8487293461224014
4,0,1,5,FCFS,14270548,171.949295,0.0,0.0
4,0,1,5,SJF,14270548,33.256868,648.353773,1.0
4,0,1,5,SPJF-E,14270548,43.58943256999997,372.049354,0.9255001531554424
4,0,1,5,Guard(300),14270548,63.684818659999955,76.39836299999999,0.7806084202420082
4,0,1,5,Guard(600),14270548,48.694407459999994,161.115529,0.8886922682519645
4,0,1,5,Guard(1200),14270548,47.25772702999997,100.1262,0.899051020067592
4,0,2,4,FCFS,14270548,328.85128080999976,0.0,0.0
4,0,2,4,SJF,14270548,41.4128387,402.073234,1.0
4,0,2,4,SPJF-E,14270548,60.537585819999975,683.9266210000001,0.9334648943279442
4,0,2,4,Guard(300),14270548,164.40395681999996,90.396413,0.5721131898114988
4,0,2,4,Guard(600),14270548,90.54290356999994,214.651838,0.8290762206010066
4,0,2,4,Guard(1200),14270548,84.14136752999998,103.446523,0.8513472014517522
4,1,0,7,FCFS,14270548,49.61777341999997,0.0,0.0
4,1,0,7,SJF,14270548,22.022278599999986,188.90511800000002,1.0
4,1,0,7,SPJF-E,14270548,25.535596609999992,266.172686,0.8726850874421099
4,1,0,7,Guard(300),14270548,27.661178609999975,78.588595,0.7956586737515876
4,1,0,7,Guard(600),14270548,25.85612869999999,156.15089,0.8610697099288324
4,1,0,7,Guard(1200),14270548,25.613197919999994,94.890235,0.8698729867529873
4,1,1,5,FCFS,14270548,140.43244289999998,0.0,0.0
4,1,1,5,SJF,14270548,33.053229,883.527722,1.0
4,1,1,5,SPJF-E,14270548,42.12974710999999,388.247323,0.9154722987779297
4,1,1,5,Guard(300),14270548,55.714823039999935,124.625783,0.7889573482899194
4,1,1,5,Guard(600),14270548,45.33213,300.616843,0.8856491814939613
4,1,1,5,Guard(1200),14270548,44.991201520000004,95.683877,0.8888241766128258
4,1,2,4,FCFS,14270548,282.30285736999997,0.0,0.0
4,1,2,4,SJF,14270548,40.53144097,433.803415,1.0
4,1,2,4,SPJF-E,14270548,56.66219629999997,515.666244,0.9332809660869408
4,1,2,4,Guard(300),14270548,126.75348913999987,109.312478,0.6433736896865039
4,1,2,4,Guard(600),14270548,74.74762533999991,167.10448599999998,0.8584771315009763
4,1,2,4,Guard(1200),14270548,73.97689985,109.16990299999999,0.8616649586704411
4,2,0,8,FCFS,14270548,48.79653081999999,0.0,0.0
4,2,0,8,SJF,14270548,19.546175,105.224473,1.0
4,2,0,8,SPJF-E,14270548,23.597718069999996,97.58311599999999,0.8614873919848269
4,2,0,8,Guard(300),14270548,25.382031049999984,72.62449099999999,0.8004859808915656
4,2,0,8,Guard(600),14270548,23.844845269999997,97.58311599999999,0.853038701598947
4,2,0,8,Guard(1200),14270548,23.45760872,95.510724,0.866277396963303
4,2,1,5,FCFS,14270548,207.58699763999996,0.0,0.0
4,2,1,5,SJF,14270548,34.546479,307.368287,1.0
4,2,1,5,SPJF-E,14270548,45.62152078999997,274.068166,0.935997407560706
4,2,1,5,Guard(300),14270548,74.87223594,125.267798,0.7669577203250574
4,2,1,5,Guard(600),14270548,51.69043061,186.479937,0.9009252182971844
4,2,1,5,Guard(1200),14270548,49.985037469999995,119.412707,0.9107806738483087
4,2,2,4,FCFS,14270548,421.75334576999995,0.0,0.0
4,2,2,4,SJF,14270548,42.91449041999999,411.225835,1.0
4,2,2,4,SPJF-E,14270548,65.14379956999996,569.187526,0.9413225205491057
4,2,2,4,Guard(300),14270548,246.06381417999998,86.98551599999999,0.4637579517224671
4,2,2,4,Guard(600),14270548,121.8041512899999,217.67969599999998,0.7917593199432628
4,2,2,4,Guard(1200),14270548,98.95917795999996,86.94161,0.8520619341217741
4,3,0,8,FCFS,14270548,41.04326681,0.0,0.0
4,3,0,8,SJF,14270548,18.431676589999977,130.93042699999998,1.0
4,3,0,8,SPJF-E,14270548,21.841211399999988,59.133725999999996,0.8492129577430486
4,3,0,8,Guard(300),14270548,23.305006259999995,58.058841,0.7844764732340875
4,3,0,8,Guard(600),14270548,21.98227520999998,59.133725999999996,0.8429743956327544
4,3,0,8,Guard(1200),14270548,21.872324069999994,58.058841,0.8478369965790042
4,3,1,5,FCFS,14270548,166.39712921,0.0,0.0
4,3,1,5,SJF,14270548,34.40958823,269.21579099999997,1.0
4,3,1,5,SPJF-E,14270548,43.74461793999998,274.024078,0.9292734023174618
4,3,1,5,Guard(300),14270548,64.67670893999997,83.75859299999999,0.7706819864566888
4,3,1,5,Guard(600),14270548,49.36087930999999,164.64605300000002,0.8867219514130841
4,3,1,5,Guard(1200),14270548,47.974251,98.041307,0.8972277029386019
4,3,2,4,FCFS,14270548,325.8208447299999,0.0,0.0
4,3,2,4,SJF,14270548,41.977484319999995,797.300302,1.0
4,3,2,4,SPJF-E,14270548,61.54843625999998,393.033197,0.931050168262768
4,3,2,4,Guard(300),14270548,173.0517546099996,123.85133,0.5382161833883721
4,3,2,4,Guard(600),14270548,90.17970665999995,199.393015,0.8301802012547559
4,3,2,4,Guard(1200),14270548,82.56131936999999,123.283612,0.8570203122194638
4,4,0,8,FCFS,14270548,38.01939688999998,0.0,0.0
4,4,0,8,SJF,14270548,17.513547099999993,206.39799000000002,1.0
4,4,0,8,SPJF-E,14270548,20.658125589999997,278.85706600000003,0.846649686689234
4,4,0,8,Guard(300),14270548,21.948371,59.684702,0.7837288410177118
4,4,0,8,Guard(600),14270548,20.792397429999998,153.53468099999998,0.8401017093376453
4,4,0,8,Guard(1200),14270548,20.685942629999992,93.443561,0.8452931450055257
4,4,1,5,FCFS,14270548,143.52359459999994,0.0,0.0
4,4,1,5,SJF,14270548,33.61882353999999,739.705585,1.0
4,4,1,5,SPJF-E,14270548,43.62944965999999,630.193267,0.9089154545025627
4,4,1,5,Guard(300),14270548,59.45135441999995,84.628465,0.7649553278638169
4,4,1,5,Guard(600),14270548,48.14437844999993,165.657197,0.867835083318903
4,4,1,5,Guard(1200),14270548,46.93977827,98.12173200000001,0.8787954826571838
4,4,2,4,FCFS,14270548,296.39529310999995,0.0,0.0
4,4,2,4,SJF,14270548,41.474751629999986,415.91213,1.0
4,4,2,4,SPJF-E,14270548,60.31696225999996,820.307224,0.9260859461516628
4,4,2,4,Guard(300),14270548,145.07720821999987,137.607317,0.5935892180813992
4,4,2,4,Guard(600),14270548,84.95384828999994,164.69606499999998,0.8294405919288731
4,4,2,4,Guard(1200),14270548,79.71944173999997,136.96810900000003,0.8499740747137848
5,0,0,7,FCFS,12464640,40.72343844999996,0.0,0.0
5,0,0,7,SJF,12464640,16.20533596999999,478.59947700000004,1.0
5,0,0,7,SPJF-E,12464640,19.994505,435.508355,0.8454542298658336
5,0,0,7,Guard(300),12464640,21.68672433999995,92.794714,0.7764350493896798
5,0,0,7,Guard(600),12464640,20.181817,209.811316,0.8378144869390393
5,0,0,7,Guard(1200),12464640,20.175868069999986,92.60466,0.8380571211316675
5,0,1,5,FCFS,12464640,114.7478241199998,0.0,0.0
5,0,1,5,SJF,12464640,27.871220359999935,307.77293299999997,1.0
5,0,1,5,SPJF-E,12464640,36.399464379999934,137.313293,0.901834974539755
5,0,1,5,Guard(300),12464640,44.201471329999926,74.961641,0.8120293581559315
5,0,1,5,Guard(600),12464640,38.901393539999766,130.710012,0.8730363216030965
5,0,1,5,Guard(1200),12464640,37.59977101999997,80.342503,0.888018750285456
5,0,2,4,FCFS,12464640,247.8297370799989,0.0,0.0
5,0,2,4,SJF,12464640,35.322758799999974,369.57230300000003,1.0
5,0,2,4,SPJF-E,12464640,49.30179087999999,193.609151,0.9342184798205484
5,0,2,4,Guard(300),12464640,97.25295861999967,92.148815,0.7085733357028843
5,0,2,4,Guard(600),12464640,64.54435617999978,155.271715,0.8624911162140874
5,0,2,4,Guard(1200),12464640,56.73825860999997,103.196924,0.899224486728229
5,1,0,8,FCFS,12464640,26.905006879999945,0.0,0.0
5,1,0,8,SJF,12464640,12.357542919999984,270.574667,1.0
5,1,0,8,SPJF-E,12464640,15.11040798999998,386.410216,0.8107666685018546
5,1,0,8,Guard(300),12464640,15.919046,94.668916,0.7551804843928257
5,1,0,8,Guard(600),12464640,15.160286,226.937038,0.8073380289714757
5,1,0,8,Guard(1200),12464640,15.232471989999997,121.339031,0.8023759276596262
5,1,1,5,FCFS,12464640,114.78319138999971,0.0,0.0
5,1,1,5,SJF,12464640,28.675235,355.773747,1.0
5,1,1,5,SPJF-E,12464640,36.80718870999991,273.726517,0.9055609487099111
5,1,1,5,Guard(300),12464640,44.922766659999944,66.704707,0.8113120745031772
5,1,1,5,Guard(600),12464640,39.627261,151.41384200000002,0.8728105222890655
5,1,1,5,Guard(1200),12464640,38.551874589999976,97.929937,0.8852993381323935
5,1,2,4,FCFS,12464640,260.12507340999815,0.0,0.0
5,1,2,4,SJF,12464640,36.24509730999997,437.334762,1.0
5,1,2,4,SPJF-E,12464640,50.13480231999999,259.10264800000004,0.9379591455566528
5,1,2,4,Guard(300),12464640,96.36263076999995,90.51758500000001,0.7314742724773747
5,1,2,4,Guard(600),12464640,65.81512351999997,151.481359,0.867920183282527
5,1,2,4,Guard(1200),12464640,57.283295919999965,78.294092,0.9060291189212782
5,2,0,8,FCFS,12464640,25.403705889999973,0.0,0.0
5,2,0,8,SJF,12464640,11.306847789999962,210.60753,1.0
5,2,0,8,SPJF-E,12464640,13.891925769999991,231.545122,0.8166202737048174
5,2,0,8,Guard(300),12464640,14.782535239999966,88.810912,0.7534424035948832
5,2,0,8,Guard(600),12464640,13.955776429999974,222.118952,0.8120908488111964
5,2,0,8,Guard(1200),12464640,13.918935959999951,113.69371100000001,0.8147042304412508
5,2,1,5,FCFS,12464640,120.8919446399999,0.0,0.0
5,2,1,5,SJF,12464640,28.756708019999998,248.975577,1.0
5,2,1,5,SPJF-E,12464640,36.57129069999998,179.325205,0.9151835609623467
5,2,1,5,Guard(300),12464640,45.499831,80.194318,0.8182766594603225
5,2,1,5,Guard(600),12464640,40.17427642999996,152.305881,0.8760781561012289
5,2,1,5,Guard(1200),12464640,38.241553,79.451188,0.8970551840104448
5,2,2,4,FCFS,12464640,270.63367565999766,0.0,0.0
5,2,2,4,SJF,12464640,35.88829202999999,897.2512439999999,1.0
5,2,2,4,SPJF-E,12464640,48.88098729999979,550.583708,0.9446519668711412
5,2,2,4,Guard(300),12464640,95.52572319999999,64.568117,0.7459484389094541
5,2,2,4,Guard(600),12464640,63.96168488999973,148.86834,0.8804091802535781
5,2,2,4,Guard(1200),12464640,57.249100929999955,88.576295,0.9090043494373098
5,3,0,8,FCFS,12464640,24.88265526999996,0.0,0.0
5,3,0,8,SJF,12464640,10.260713899999994,244.45554099999998,1.0
5,3,0,8,SPJF-E,12464640,12.641181,248.989247,0.8371989710693245
5,3,0,8,Guard(300),12464640,13.689564559999887,116.752513,0.7654996300946116
5,3,0,8,Guard(600),12464640,12.906572,221.00684,0.8190487820291394
5,3,0,8,Guard(1200),12464640,12.726185469999896,124.441491,0.8313854838005066
5,3,1,5,FCFS,12464640,115.32633531999974,0.0,0.0
5,3,1,5,SJF,12464640,29.337567579999973,114.420225,1.0
5,3,1,5,SPJF-E,12464640,37.18888053999999,273.43582100000003,0.9086937379572683
5,3,1,5,Guard(300),12464640,46.330719849999994,71.395144,0.8023793953952053
5,3,1,5,Guard(600),12464640,40.25519839999998,153.39846999999997,0.8730342217135714
5,3,1,5,Guard(1200),12464640,38.63956336999981,103.321904,0.8918231295263369
5,3,2,4,FCFS,12464640,258.29907814999933,0.0,0.0
5,3,2,4,SJF,12464640,37.04903929999996,334.475938,1.0
5,3,2,4,SPJF-E,12464640,50.66819115999994,365.98161400000004,0.9384445221759561
5,3,2,4,Guard(300),12464640,101.58618338999922,64.749584,0.7083067445978916
5,3,2,4,Guard(600),12464640,67.58987423999994,160.18952499999997,0.861962352193277
5,3,2,4,Guard(1200),12464640,60.087168649999924,99.53490000000001,0.8958728799789315
5,4,0,9,FCFS,12464640,15.923887779999985,0.0,0.0
5,4,0,9,SJF,12464640,7.250094489999966,229.949255,1.0
5,4,0,9,SPJF-E,12464640,9.30049073,246.352606,0.7636102024285121
5,4,0,9,Guard(300),12464640,9.721478839999964,51.315085,0.7150745622622517
5,4,0,9,Guard(600),12464640,9.31010621999999,164.938396,0.7625016343916099
5,4,0,9,Guard(1200),12464640,9.310925,121.392041,0.7624072373991253
5,4,1,6,FCFS,12464640,59.41594521,0.0,0.0
5,4,1,6,SJF,12464640,21.81324514,181.575068,1.0
5,4,1,6,SPJF-E,12464640,26.380948739999955,521.41851,0.8785272442804143
5,4,1,6,Guard(300),12464640,29.60080942999996,74.389425,0.7928988004716981
5,4,1,6,Guard(600),12464640,27.32574458999997,131.703124,0.8534014993673839
5,4,1,6,Guard(1200),12464640,26.947518419999962,74.37671200000001,0.8634599837128143
5,4,2,4,FCFS,12464640,244.28331180999857,0.0,0.0
5,4,2,4,SJF,12464640,36.09431036999995,357.15779399999997,1.0
5,4,2,4,SPJF-E,12464640,49.77758933999996,239.95322099999998,0.9342747269291091
5,4,2,4,Guard(300),12464640,87.27487447999972,67.69871,0.7541629780824406
5,4,2,4,Guard(600),12464640,64.29646674999971,155.516563,0.8645358007150643
5,4,2,4,Guard(1200),12464640,56.024163749999936,96.49306399999999,0.9042703829589966
6,0,0,7,FCFS,16614047,112.69460276999858,0.0,0.0
6,0,0,7,SJF,16614047,33.199877309999984,119.066513,1.0
6,0,0,7,SPJF-E,16614047,47.7898813999999,443.081325,0.8164657591359122
6,0,0,7,Guard(300),16614047,55.79099740999966,94.46048400000001,0.7158161127134476
6,0,0,7,Guard(600),16614047,49.09679339999992,195.612494,0.8000255237311413
6,0,0,7,Guard(1200),16614047,49.56850178999968,108.30352,0.7940916911747018
6,0,1,5,FCFS,16614047,252.6672499999994,0.0,0.0
6,0,1,5,SJF,16614047,47.373585339999984,346.086771,1.0
6,0,1,5,SPJF-E,16614047,90.3779591999994,504.744263,0.7905226450547228
6,0,1,5,Guard(300),16614047,156.9226555899999,121.79630200000001,0.4663787095844801
6,0,1,5,Guard(600),16614047,103.87059084999979,260.508596,0.7247990793891849
6,0,1,5,Guard(1200),16614047,102.0060588099999,101.698646,0.7338813471887677
6,0,2,4,FCFS,16614047,454.37460860999994,0.0,0.0
6,0,2,4,SJF,16614047,60.592774689999686,1120.021384,1.0
6,0,2,4,SPJF-E,16614047,160.474039509999,933.357128,0.7463538024958994
6,0,2,4,Guard(300),16614047,396.52061512999404,110.260735,0.14691889898547064
6,0,2,4,Guard(600),16614047,241.90832450999807,213.138938,0.539553290168195
6,0,2,4,Guard(1200),16614047,213.29829570999996,122.211148,0.6122078067953141
6,1,0,8,FCFS,16614047,70.698387,0.0,0.0
6,1,0,8,SJF,16614047,26.42480348999935,97.961579,1.0
6,1,0,8,SPJF-E,16614047,36.550353489999964,227.253537,0.7712959015907663
6,1,0,8,Guard(300),16614047,40.107294309999716,88.919984,0.6909558762753025
6,1,0,8,Guard(600),16614047,37.314769409999805,174.53462199999998,0.7540301675029174
6,1,0,8,Guard(1200),16614047,36.734366919999864,133.774551,0.7671396211315996
6,1,1,5,FCFS,16614047,239.72104353999958,0.0,0.0
6,1,1,5,SJF,16614047,46.27965497999999,379.64376899999996,1.0
6,1,1,5,SPJF-E,16614047,79.84808448999995,543.889779,0.8264671807833509
6,1,1,5,Guard(300),16614047,136.4527875099996,125.330988,0.5338477809673565
6,1,1,5,Guard(600),16614047,93.71961884999926,259.388219,0.7547579438756723
6,1,1,5,Guard(1200),16614047,95.26981423999942,123.198768,0.7467441708070442
6,1,2,4,FCFS,16614047,442.2429489499971,0.0,0.0
6,1,2,4,SJF,16614047,56.26017467999995,521.893489,1.0
6,1,2,4,SPJF-E,16614047,136.57738584999998,581.892459,0.7919150373435636
6,1,2,4,Guard(300),16614047,383.4361860399996,121.265956,0.15235592578248544
6,1,2,4,Guard(600),16614047,225.07405255999606,233.041465,0.5626388296750522
6,1,2,4,Guard(1200),16614047,185.18809414999927,138.490488,0.6659749396489557
6,2,0,7,FCFS,16614047,105.10139066999963,0.0,0.0
6,2,0,7,SJF,16614047,31.682985359999915,163.591983,1.0
6,2,0,7,SPJF-E,16614047,44.80213818999982,251.976551,0.8213097550320525
6,2,0,7,Guard(300),16614047,51.24001475999998,95.248298,0.733622252929316
6,2,0,7,Guard(600),16614047,46.25139138999995,187.233203,0.8015701108123117
6,2,0,7,Guard(1200),16614047,45.921146629999974,136.301448,0.8060682303043595
6,2,1,5,FCFS,16614047,242.51472395999954,0.0,0.0
6,2,1,5,SJF,16614047,46.593108259999845,500.702507,1.0
6,2,1,5,SPJF-E,16614047,84.84520840999983,477.930413,0.8047581426208091
6,2,1,5,Guard(300),16614047,144.46627458999993,106.704019,0.500447329508215
6,2,1,5,Guard(600),16614047,97.24936445999893,205.829147,0.7414463125009888
6,2,1,5,Guard(1200),16614047,98.90273515999988,92.411271,0.7330073728051635
6,2,2,4,FCFS,16614047,425.6491033599999,0.0,0.0
6,2,2,4,SJF,16614047,58.03919211999973,629.9901199999999,1.0
6,2,2,4,SPJF-E,16614047,151.00924019999965,719.01233,0.7470959154327509
6,2,2,4,Guard(300),16614047,384.16299971999916,151.915837,0.11285360479009464
6,2,2,4,Guard(600),16614047,220.92964923999864,273.014745,0.5568931844885618
6,2,2,4,Guard(1200),16614047,196.23458891999667,104.564964,0.6240705362544651
6,3,0,8,FCFS,16614047,71.6248918099997,0.0,0.0
6,3,0,8,SJF,16614047,27.27364475999988,154.660125,1.0
6,3,0,8,SPJF-E,16614047,37.269318,294.751705,0.7746247534205432
6,3,0,8,Guard(300),16614047,40.22542519999975,86.81449300000001,0.7079725757113763
6,3,0,8,Guard(600),16614047,37.76356154999908,178.528883,0.763480905549887
6,3,0,8,Guard(1200),16614047,37.752024859999906,132.40654099999998,0.7637410265333212
6,3,1,5,FCFS,16614047,243.18938435999934,0.0,0.0
6,3,1,5,SJF,16614047,46.58406707999991,427.989401,1.0
6,3,1,5,SPJF-E,16614047,83.36621030999996,533.49672,0.8129137922672964
6,3,1,5,Guard(300),16614047,141.6841702899995,106.098117,0.5162892615230702
6,3,1,5,Guard(600),16614047,97.32329368999987,280.86364499999996,0.7419234265279882
6,3,1,5,Guard(1200),16614047,98.560989059998,99.66166000000001,0.735628096436608
6,3,2,4,FCFS,16614047,435.85404314999965,0.0,0.0
6,3,2,4,SJF,16614047,57.112915459999805,762.749945,1.0
6,3,2,4,SPJF-E,16614047,148.5384436099995,678.831527,0.758606812237113
6,3,2,4,Guard(300),16614047,388.4989927699977,98.471874,0.1250327649094453
6,3,2,4,Guard(600),16614047,232.39672064999903,223.717988,0.5371936333952375
6,3,2,4,Guard(1200),16614047,203.5496368799995,136.83617099999998,0.6133593351397043
6,4,0,8,FCFS,16614047,74.99897653999976,0.0,0.0
6,4,0,8,SJF,16614047,26.79876264999997,137.846695,1.0
6,4,0,8,SPJF-E,16614047,36.87059114999982,210.97683800000001,0.7910418297523474
6,4,0,8,Guard(300),16614047,41.02728731999997,99.874469,0.7048037026874683
6,4,0,8,Guard(600),16614047,37.50722634999999,157.468715,0.7778336891940281
6,4,0,8,Guard(1200),16614047,37.094682559999974,92.252597,0.7863926510057226
6,4,1,5,FCFS,16614047,258.0797934599998,0.0,0.0
6,4,1,5,SJF,16614047,47.06198523999949,533.4542809999999,1.0
6,4,1,5,SPJF-E,16614047,85.07268176999969,468.436082,0.8198697216569918
6,4,1,5,Guard(300),16614047,157.08097992999805,119.445121,0.4786269669937225
6,4,1,5,Guard(600),16614047,99.22681762999984,274.30064,0.7527941701696806
6,4,1,5,Guard(1200),16614047,96.56357983999882,99.743972,0.765415085022632
6,4,2,4,FCFS,16614047,492.066360959999,0.0,0.0
6,4,2,4,SJF,16614047,58.06910171999989,361.249456,1.0
6,4,2,4,SPJF-E,16614047,150.3119044099997,661.6785199999999,0.7874576377474545
6,4,2,4,Guard(300),16614047,447.68484929999886,114.009974,0.1022621934012198
6,4,2,4,Guard(600),16614047,254.01563283999812,282.902092,0.5485074457310329
6,4,2,4,Guard(1200),16614047,221.99807497999655,113.971131,0.6222810864127036
7,0,0,7,FCFS,13260465,77.972889,0.0,0.0
7,0,0,7,SJF,13260465,23.99182453,131.84904400000002,1.0
7,0,0,7,SPJF-E,13260465,30.52479651999999,239.692396,0.8789765994030981
7,0,0,7,Guard(300),13260465,32.588322459999986,46.471457,0.8407497515211563
7,0,0,7,Guard(600),13260465,31.14144297,156.34895999999998,0.867553214998689
7,0,0,7,Guard(1200),13260465,30.74349147999999,93.020462,0.8749252721062544
7,0,1,5,FCFS,13260465,182.60675096999992,0.0,0.0
7,0,1,5,SJF,13260465,34.538533019999946,192.364308,1.0
7,0,1,5,SPJF-E,13260465,47.20762070999998,76.299605,0.9144374946534566
7,0,1,5,Guard(300),13260465,68.44505829999993,74.718205,0.7710074062520993
7,0,1,5,Guard(600),13260465,51.80188428999993,76.299605,0.8834094749770709
7,0,1,5,Guard(1200),13260465,50.13349729,74.718205,0.8946771664715638
7,0,2,4,FCFS,13260465,349.48345286,0.0,0.0
7,0,2,4,SJF,13260465,42.84734152999998,415.734489,1.0
7,0,2,4,SPJF-E,13260465,69.0625415499999,189.315781,0.9145071338587799
7,0,2,4,Guard(300),13260465,245.2257245099999,94.542044,0.340004730355449
7,0,2,4,Guard(600),13260465,122.37299120999992,160.60350300000002,0.7406513885952105
7,0,2,4,Guard(1200),13260465,98.80541091999983,127.558964,0.8175098518328845
7,1,0,7,FCFS,13260465,70.53335347,0.0,0.0
7,1,0,7,SJF,13260465,23.671290549999934,107.43583,1.0
7,1,0,7,SPJF-E,13260465,30.325418659999986,290.990424,0.8580060779364419
7,1,0,7,Guard(300),13260465,32.18852531,61.867243,0.8182488300922615
7,1,0,7,Guard(600),13260465,30.66232818999996,152.824342,0.8508166904232389
7,1,0,7,Guard(1200),13260465,30.663075079999977,93.438305,0.8508007523711457
7,1,1,5,FCFS,13260465,174.70846410999985,0.0,0.0
7,1,1,5,SJF,13260465,34.812178,342.210624,1.0
7,1,1,5,SPJF-E,13260465,47.655912339999986,362.30005400000005,0.9081910271020276
7,1,1,5,Guard(300),13260465,64.34515863,63.487369,0.7888937479957235
7,1,1,5,Guard(600),13260465,50.989592999999985,162.433167,0.8843613690553604
7,1,1,5,Guard(1200),13260465,50.670704569999984,100.30035,0.88664083221244
7,1,2,4,FCFS,13260465,339.3852620999999,0.0,0.0
7,1,2,4,SJF,13260465,43.34614809999995,330.052446,1.0
7,1,2,4,SPJF-E,13260465,70.55336304999992,180.796841,0.9080958776616256
7,1,2,4,Guard(300),13260465,214.96319435999973,67.23093800000001,0.42028928562460227
7,1,2,4,Guard(600),13260465,111.85798098,160.513207,0.7685716865103168
7,1,2,4,Guard(1200),13260465,96.91814906999981,90.38544,0.8190374229737768
7,2,0,7,FCFS,13260465,75.47151426999996,0.0,0.0
7,2,0,7,SJF,13260465,23.702918,170.597683,1.0
7,2,0,7,SPJF-E,13260465,30.07518785999999,249.978814,0.8769085832120054
7,2,0,7,Guard(300),13260465,31.995810849999998,55.017557,0.8398084273572286
7,2,0,7,Guard(600),13260465,30.489363569999995,153.055155,0.868908062822388
7,2,0,7,Guard(1200),13260465,30.269129189999997,92.42401799999999,0.8731622708919163
7,2,1,5,FCFS,13260465,189.20270798999996,0.0,0.0
7,2,1,5,SJF,13260465,34.848482839999996,301.06973999999997,1.0
7,2,1,5,SPJF-E,13260465,47.58570226999996,373.96174,0.9174805910390723
7,2,1,5,Guard(300),13260465,67.99020260999997,70.007698,0.7852879003616963
7,2,1,5,Guard(600),13260465,50.97583953999998,157.137454,0.895517231975169
7,2,1,5,Guard(1200),13260465,50.16701507999996,129.225892,0.9007572858785462
7,2,2,4,FCFS,13260465,367.25790909999995,0.0,0.0
7,2,2,4,SJF,13260465,43.39900556,734.870979,1.0
7,2,2,4,SPJF-E,13260465,70.6767934199997,356.02992500000005,0.9157726171433461
7,2,2,4,Guard(300),13260465,245.43582513999993,114.76857799999999,0.3761578966284424
7,2,2,4,Guard(600),13260465,118.05134625999985,163.554832,0.7694911583902787
7,2,2,4,Guard(1200),13260465,101.64488527999976,94.325121,0.820150444890252
7,3,0,7,FCFS,13260465,73.99997503999998,0.0,0.0
7,3,0,7,SJF,13260465,23.82991250999993,302.300358,1.0
7,3,0,7,SPJF-E,13260465,30.348552,330.951481,0.8700691376236149
7,3,0,7,Guard(300),13260465,32.01204387,62.484804,0.8369120757003756
7,3,0,7,Guard(600),13260465,30.76698065999991,155.267141,0.8617289315545134
7,3,0,7,Guard(1200),13260465,30.705335479999995,93.98925299999999,0.8629576559549076
7,3,1,5,FCFS,13260465,186.10749893999997,0.0,0.0
7,3,1,5,SJF,13260465,35.26055121999999,145.428125,1.0
7,3,1,5,SPJF-E,13260465,47.7366510499999,413.620991,0.9172929912167804
7,3,1,5,Guard(300),13260465,65.94082844999996,74.226487,0.7966132050152698
7,3,1,5,Guard(600),13260465,51.29147319999999,163.82221900000002,0.8937272366308905
7,3,1,5,Guard(1200),13260465,49.74828347999998,86.126508,0.9039574053106337
7,3,2,4,FCFS,13260465,356.99563440999975,0.0,0.0
7,3,2,4,SJF,13260465,43.38801256,390.54647,1.0
7,3,2,4,SPJF-E,13260465,68.77776819999998,206.872421,0.9190397366931853
7,3,2,4,Guard(300),13260465,229.35858490999942,68.77756600000001,0.4069960058593532
7,3,2,4,Guard(600),13260465,113.35671224999989,165.065501,0.7768909464723842
7,3,2,4,Guard(1200),13260465,89.98232858999995,68.77756600000001,0.8514247971553246
7,4,0,7,FCFS,13260465,75.62781233999995,0.0,0.0
7,4,0,7,SJF,13260465,24.143973,94.375961,1.0
7,4,0,7,SPJF-E,13260465,30.57765922999998,225.74536099999997,0.8750348398162027
7,4,0,7,Guard(300),13260465,32.60364211999998,46.403273000000006,0.8356830176527392
7,4,0,7,Guard(600),13260465,31.158336559999977,148.846681,0.8637560125678073
7,4,0,7,Guard(1200),13260465,30.83384409999998,101.683042,0.8700588148482871
7,4,1,5,FCFS,13260465,193.21445922,0.0,0.0
7,4,1,5,SJF,13260465,34.70314972999999,86.753662,1.0
7,4,1,5,SPJF-E,13260465,46.94526889,285.773885,0.9227681658842625
7,4,1,5,Guard(300),13260465,67.34987274999995,58.762519,0.7940416798962882
7,4,1,5,Guard(600),13260465,50.99728374,159.200308,0.8972052274224133
7,4,1,5,Guard(1200),13260465,49.72302023999995,92.55048199999999,0.9052441711678149
7,4,2,4,FCFS,13260465,386.52766548999966,0.0,0.0
7,4,2,4,SJF,13260465,43.16403801999998,321.036054,1.0
7,4,2,4,SPJF-E,13260465,67.97567771999994,236.023254,0.9277394641860609
7,4,2,4,Guard(300),13260465,239.86823000999993,96.047946,0.4271257167237774
7,4,2,4,Guard(600),13260465,120.23872237999996,175.868826,0.775530434228261
7,4,2,4,Guard(1200),13260465,94.77259632999989,94.826382,0.8496970727788893
8,0,0,8,FCFS,12628736,48.026019250000004,0.0,0.0
8,0,0,8,SJF,12628736,18.76548675,46.923288,1.0
8,0,0,8,SPJF-E,12628736,23.659129749999998,59.454367,0.8327561878786726
8,0,0,8,Guard(300),12628736,26.479884000000002,59.454367,0.7363548578618656
8,0,0,8,Guard(600),12628736,24.15315175,59.454367,0.8158726263782111
8,0,0,8,Guard(1200),12628736,23.948031,59.445965,0.8228827773383823
8,0,1,5,FCFS,12628736,197.47752350000002,0.0,0.0
8,0,1,5,SJF,12628736,35.3294955,129.099164,1.0
8,0,1,5,SPJF-E,12628736,46.3920405,128.277049,0.9317750259657799
8,0,1,5,Guard(300),12628736,93.19673925,75.527477,0.643120891053945
8,0,1,5,Guard(600),12628736,54.78444975,128.277049,0.8800173243550025
8,0,1,5,Guard(1200),12628736,50.982499250000004,75.488494,0.90346472946313
8,0,2,4,FCFS,12628736,369.8806165,0.0,0.0
8,0,2,4,SJF,12628736,43.202955,124.968339,1.0
8,0,2,4,SPJF-E,12628736,68.33667375,189.942562,0.9230626341740236
8,0,2,4,Guard(300),12628736,247.2027365,76.56373799999999,0.3755318910901411
8,0,2,4,Guard(600),12628736,125.03606525000001,189.942562,0.7494989101053057
8,0,2,4,Guard(1200),12628736,108.190135,76.37086,0.801066348701042
8,1,0,8,FCFS,12628736,48.387504250000006,0.0,0.0
8,1,0,8,SJF,12628736,18.076777999999997,50.644352000000005,1.0
8,1,0,8,SPJF-E,12628736,22.750477,65.035168,0.8458070927944196
8,1,0,8,Guard(300),12628736,25.32007875,65.035168,0.7610317651164824
8,1,0,8,Guard(600),12628736,23.12029875,65.035168,0.8336060736914873
8,1,0,8,Guard(1200),12628736,22.880736749999997,65.035168,0.8415096124593848
8,1,1,5,FCFS,12628736,210.58383225,0.0,0.0
8,1,1,5,SJF,12628736,36.1947695,146.614431,1.0
8,1,1,5,SPJF-E,12628736,47.06424425,99.148028,0.9376711212354973
8,1,1,5,Guard(300),12628736,97.86469575000001,64.696704,0.6463658598910613
8,1,1,5,Guard(600),12628736,55.54511925,99.148028,0.8890392009403698
8,1,1,5,Guard(1200),12628736,52.246021,63.819945,0.9079572351219602
8,1,2,4,FCFS,12628736,384.410799,0.0,0.0
8,1,2,4,SJF,12628736,43.90105775,110.173187,1.0
8,1,2,4,SPJF-E,12628736,69.69073475,134.754542,0.924261558846079
8,1,2,4,Guard(300),12628736,252.9738625,95.913639,0.386000517980776
8,1,2,4,Guard(600),12628736,124.699112,122.80560799999999,0.7627144117716191
8,1,2,4,Guard(1200),12628736,103.95132125,101.927302,0.8236459747684238
8,2,0,8,FCFS,12628736,44.0518815,0.0,0.0
8,2,0,8,SJF,12628736,18.4069195,63.912275,1.0
8,2,0,8,SPJF-E,12628736,23.262522,51.41763,0.8106605695106899
8,2,0,8,Guard(300),12628736,25.3877415,51.41763,0.7277897311760493
8,2,0,8,Guard(600),12628736,23.58807475,51.41763,0.797965961111582
8,2,0,8,Guard(1200),12628736,23.24375175,51.41763,0.8113924968966614
8,2,1,5,FCFS,12628736,180.79299825,0.0,0.0
8,2,1,5,SJF,12628736,34.00244875,137.172347,1.0
8,2,1,5,SPJF-E,12628736,44.124007999999996,195.127568,0.9310476097781759
8,2,1,5,Guard(300),12628736,80.74659125,79.277523,0.6815589105755069
8,2,1,5,Guard(600),12628736,50.60175025,160.125615,0.8869184592840563
8,2,1,5,Guard(1200),12628736,47.82957825,89.420178,0.9058036805019251
8,2,2,4,FCFS,12628736,359.21594575,0.0,0.0
8,2,2,4,SJF,12628736,42.29003725,816.03014,1.0
8,2,2,4,SPJF-E,12628736,64.15802400000001,120.738156,0.9309996874237879
8,2,2,4,Guard(300),12628736,219.26744275000001,93.36081399999999,0.44158113693630063
8,2,2,4,Guard(600),12628736,111.50533200000001,120.738156,0.7816041765799655
8,2,2,4,Guard(1200),12628736,95.18379374999999,81.593482,0.8331037157853568
8,3,0,7,FCFS,12628736,75.10236925000001,0.0,0.0
8,3,0,7,SJF,12628736,23.05796025,108.855981,1.0
8,3,0,7,SPJF-E,12628736,28.71716325,90.231688,0.8912620373881084
8,3,0,7,Guard(300),12628736,33.43304275,84.881577,0.8006494319111205
8,3,0,7,Guard(600),12628736,29.68341125,90.231688,0.8726962006620155
8,3,0,7,Guard(1200),12628736,29.2667445,84.574154,0.8807021855123766
8,3,1,5,FCFS,12628736,201.283904,0.0,0.0
8,3,1,5,SJF,12628736,34.561982,109.560081,1.0
8,3,1,5,SPJF-E,12628736,45.31250575,120.987238,0.9355182352684249
8,3,1,5,Guard(300),12628736,90.16238025,92.26947,0.6665081737121529
8,3,1,5,Guard(600),12628736,53.00372125,120.987238,0.8893862365022399
8,3,1,5,Guard(1200),12628736,50.015035749999996,78.017174,0.9073124064032805
8,3,2,4,FCFS,12628736,385.1846185,0.0,0.0
8,3,2,4,SJF,12628736,42.95071,105.58434,1.0
8,3,2,4,SPJF-E,12628736,67.782834,122.38244499999999,0.9274410764589682
8,3,2,4,Guard(300),12628736,238.69221725,116.321023,0.4280475943838277
8,3,2,4,Guard(600),12628736,122.477722,122.38244499999999,0.7676238092579304
8,3,2,4,Guard(1200),12628736,102.6600155,79.311606,0.8255307144703927
8,4,0,8,FCFS,12628736,46.580102,0.0,0.0
8,4,0,8,SJF,12628736,18.951956,260.274827,1.0
8,4,0,8,SPJF-E,12628736,23.7146005,260.04834600000004,0.8276162106570596
8,4,0,8,Guard(300),12628736,26.983579250000002,108.297787,0.709295612886945
8,4,0,8,Guard(600),12628736,24.30556525,255.42013,0.806226257454988
8,4,0,8,Guard(1200),12628736,23.8941725,76.826397,0.8211166069558196
8,4,1,5,FCFS,12628736,216.76267625,0.0,0.0
8,4,1,5,SJF,12628736,34.723228500000005,136.54524800000002,1.0
8,4,1,5,SPJF-E,12628736,46.397349750000004,96.92879599999999,0.9358703764799791
8,4,1,5,Guard(300),12628736,103.11582349999999,74.537943,0.6242979428616731
8,4,1,5,Guard(600),12628736,57.4979565,96.92879599999999,0.8748912486744236
8,4,1,5,Guard(1200),12628736,51.3385555,85.64154,0.9087267776003237
8,4,2,4,FCFS,12628736,412.696897,0.0,0.0
8,4,2,4,SJF,12628736,43.6225,104.36783199999999,1.0
8,4,2,4,SPJF-E,12628736,69.028177,121.970144,0.9311638054373087
8,4,2,4,Guard(300),12628736,272.17574,82.203182,0.38073937976250344
8,4,2,4,Guard(600),12628736,134.44782974999998,121.970144,0.7539105110290271
8,4,2,4,Guard(1200),12628736,110.05041475,89.371811,0.8200148390407043
9,0,0,7,FCFS,13282750,76.84044309999986,0.0,0.0
9,0,0,7,SJF,13282750,27.08698118999994,219.848848,1.0
9,0,0,7,SPJF-E,13282750,35.36466515999984,159.382656,0.8336259698878126
9,0,0,7,Guard(300),13282750,37.57662457999979,73.634802,0.7891675676966
9,0,0,7,Guard(600),13282750,35.594823,126.682632,0.8290000035497013
9,0,0,7,Guard(1200),13282750,35.526908,95.395395,0.8303650341906414
9,0,1,5,FCFS,13282750,186.29510286999846,0.0,0.0
9,0,1,5,SJF,13282750,39.53071258999993,136.828284,1.0
9,0,1,5,SPJF-E,13282750,56.42068424999998,169.686113,0.8849177812971035
9,0,1,5,Guard(300),13282750,84.68060358999936,91.208102,0.6923648106065644
9,0,1,5,Guard(600),13282750,62.150044799999755,126.22187100000001,0.8458799701559319
9,0,1,5,Guard(1200),13282750,61.27416368999966,91.310746,0.8518479103921778
9,0,2,4,FCFS,13282750,372.698194889996,0.0,0.0
9,0,2,4,SJF,13282750,48.777324709999995,232.887505,1.0
9,0,2,4,SPJF-E,13282750,95.0163454399997,167.90127,0.8572521100467975
9,0,2,4,Guard(300),13282750,229.823560709998,85.565849,0.4410788168746447
9,0,2,4,Guard(600),13282750,131.2268248499972,130.752568,0.7454640693753949
9,0,2,4,Guard(1200),13282750,119.6356933899998,78.65253700000001,0.7812479058832322
9,1,0,8,FCFS,13282750,53.90613301999964,0.0,0.0
9,1,0,8,SJF,13282750,23.132066739999964,151.18751699999999,1.0
9,1,0,8,SPJF-E,13282750,29.789394,157.898041,0.7836708610611303
9,1,0,8,Guard(300),13282750,31.377325979999732,64.248795,0.7320711808124483
9,1,0,8,Guard(600),13282750,30.062636489999978,157.898041,0.7747918755051149
9,1,0,8,Guard(1200),13282750,29.885277609999708,115.783405,0.7805551333855184
9,1,1,5,FCFS,13282750,193.96265805999795,0.0,0.0
9,1,1,5,SJF,13282750,39.94423843999988,203.669423,1.0
9,1,1,5,SPJF-E,13282750,55.81812082999999,182.913925,0.8969351689936506
9,1,1,5,Guard(300),13282750,87.0616986599993,89.072052,0.6940790566722476
9,1,1,5,Guard(600),13282750,64.52236984999986,144.472163,0.8404208310237152
9,1,1,5,Guard(1200),13282750,61.092804669999865,76.097463,0.8626880714515913
9,1,2,4,FCFS,13282750,404.15392484999984,0.0,0.0
9,1,2,4,SJF,13282750,48.24257622999998,135.71139,1.0
9,1,2,4,SPJF-E,13282750,92.3834973399998,180.789756,0.875977764459744
9,1,2,4,Guard(300),13282750,272.430005769999,115.813855,0.3701031720138828
9,1,2,4,Guard(600),13282750,137.2257899799971,130.378881,0.7499848934432184
9,1,2,4,Guard(1200),13282750,120.40167132999963,72.107222,0.7972554250383215
9,2,0,7,FCFS,13282750,82.65016786999982,0.0,0.0
9,2,0,7,SJF,13282750,28.207596899999913,137.312751,1.0
9,2,0,7,SPJF-E,13282750,36.215902,161.770959,0.852903620139229
9,2,0,7,Guard(300),13282750,39.15000019999968,74.00837,0.7990101660329473
9,2,0,7,Guard(600),13282750,36.601833189999915,126.748722,0.8458148441478716
9,2,0,7,Guard(1200),13282750,36.33308806,83.959641,0.8507511490506654
9,2,1,5,FCFS,13282750,195.8501229499999,0.0,0.0
9,2,1,5,SJF,13282750,40.259341389999825,1226.830664,1.0
9,2,1,5,SPJF-E,13282750,57.29081696999981,612.552387,0.890536730973151
9,2,1,5,Guard(300),13282750,87.84750989999908,153.649796,0.6941453212531878
9,2,1,5,Guard(600),13282750,64.51140850999971,328.716216,0.844129151631984
9,2,1,5,Guard(1200),13282750,62.06235989999962,153.804554,0.8598694711126447
9,2,2,4,FCFS,13282750,398.1926734399991,0.0,0.0
9,2,2,4,SJF,13282750,49.02424220999996,135.700807,1.0
9,2,2,4,SPJF-E,13282750,95.85027715999966,170.856917,0.8658927017398227
9,2,2,4,Guard(300),13282750,259.67846568999784,61.475082,0.39669739690402084
9,2,2,4,Guard(600),13282750,139.8591252999994,128.755368,0.7398536781517743
9,2,2,4,Guard(1200),13282750,122.01761407999935,74.75465200000001,0.7909508267604002
9,3,0,8,FCFS,13282750,53.68449584999977,0.0,0.0
9,3,0,8,SJF,13282750,22.787037919999754,168.623242,1.0
9,3,0,8,SPJF-E,13282750,29.564564219999795,150.544225,0.7806445334320086
9,3,0,8,Guard(300),13282750,31.309982,102.328827,0.7241538737811547
9,3,0,8,Guard(600),13282750,29.830783689999862,125.806653,0.7720283077669975
9,3,0,8,Guard(1200),13282750,29.691390489999844,102.186626,0.7765397857117469
9,3,1,5,FCFS,13282750,179.70062447999996,0.0,0.0
9,3,1,5,SJF,13282750,38.637083269999955,137.475783,1.0
9,3,1,5,SPJF-E,13282750,55.15198809999978,188.861174,0.8829257745244447
9,3,1,5,Guard(300),13282750,80.94711991999986,86.290252,0.7000639833150555
9,3,1,5,Guard(600),13282750,61.00064685999949,144.882906,0.8414646095073772
9,3,1,5,Guard(1200),13282750,59.94267222999929,76.559883,0.8489645958321583
9,3,2,4,FCFS,13282750,348.0202023799999,0.0,0.0
9,3,2,4,SJF,13282750,48.08083489999984,202.393836,1.0
9,3,2,4,SPJF-E,13282750,91.96600683999962,152.909971,0.8536865223504678
9,3,2,4,Guard(300),13282750,222.69064492999988,69.639363,0.4178496424226706
9,3,2,4,Guard(600),13282750,128.20524883999923,124.905365,0.7328646298977674
9,3,2,4,Guard(1200),13282750,114.95567484999901,77.087599,0.7770388045028521
9,4,0,8,FCFS,13282750,55.04193434999936,0.0,0.0
9,4,0,8,SJF,13282750,22.283985,121.602041,1.0
9,4,0,8,SPJF-E,13282750,29.174035519999876,160.07860300000002,0.7896678315732236
9,4,0,8,Guard(300),13282750,30.165249199999973,69.368618,0.7594091096547798
9,4,0,8,Guard(600),13282750,29.393668,125.91142400000001,0.7829631237280077
9,4,0,8,Guard(1200),13282750,29.340532769999704,115.413172,0.7845851797801915
9,4,1,5,FCFS,13282750,181.70799324999868,0.0,0.0
9,4,1,5,SJF,13282750,38.83964259,726.5965160000001,1.0
9,4,1,5,SPJF-E,13282750,55.847217899999734,272.784474,0.8809563123572782
9,4,1,5,Guard(300),13282750,80.68581876999988,78.052362,0.7070997461181143
9,4,1,5,Guard(600),13282750,62.74532153999996,199.587571,0.8326733748967872
9,4,1,5,Guard(1200),13282750,59.672915779999826,85.70888500000001,0.8541785280381705
9,4,2,4,FCFS,13282750,368.2334148899991,0.0,0.0
9,4,2,4,SJF,13282750,48.37107573999994,105.422604,1.0
9,4,2,4,SPJF-E,13282750,91.3750190199998,83.913111,0.8655548402657269
9,4,2,4,Guard(300),13282750,214.6707456699992,54.306028000000005,0.48008987124922764
9,4,2,4,Guard(600),13282750,122.49514944999964,83.913111,0.7682625784986856
9,4,2,4,Guard(1200),13282750,112.39435663999994,67.795889,0.7998411408165924
10,0,0,7,FCFS,12808957,106.157071,0.0,0.0
10,0,0,7,SJF,12808957,30.139316,119.68350799999999,1.0
10,0,0,7,SPJF-E,12808957,43.650415,50.493194,0.8222639040050578
10,0,0,7,Guard(300),12808957,52.02535563000013,50.493194,0.7120930547080728
10,0,0,7,Guard(600),12808957,44.57601669000018,50.493194,0.8100877789668983
10,0,0,7,Guard(1200),12808957,43.852984,50.493194,0.8195991449629104
10,0,1,5,FCFS,12808957,272.0889916300002,0.0,0.0
10,0,1,5,SJF,12808957,43.92506733000004,190.994974,1.0
10,0,1,5,SPJF-E,12808957,77.01121208000038,234.24457700000002,0.8549895876330686
10,0,1,5,Guard(300),12808957,139.64610627000027,88.953477,0.5804725079406422
10,0,1,5,Guard(600),12808957,85.94906274000022,166.738993,0.8158166522646887
10,0,1,5,Guard(1200),12808957,80.14119454000016,110.801861,0.8412714572599062
10,0,2,4,FCFS,12808957,467.94292470000016,0.0,0.0
10,0,2,4,SJF,12808957,54.96233641000031,257.858345,1.0
10,0,2,4,SPJF-E,12808957,132.3409400400007,299.40013700000003,0.8126337996892381
10,0,2,4,Guard(300),12808957,314.11186225000006,52.207816,0.3724898138359426
10,0,2,4,Guard(600),12808957,171.34863012000045,161.97163600000002,0.7181797474018989
10,0,2,4,Guard(1200),12808957,153.27446150000054,140.82993299999998,0.7619449245857428
10,1,0,8,FCFS,12808957,82.94904464000011,0.0,0.0
10,1,0,8,SJF,12808957,26.40907,73.79562999999999,1.0
10,1,0,8,SPJF-E,12808957,36.466565100000146,199.484538,0.8221170921275085
10,1,0,8,Guard(300),12808957,42.585706,58.319691,0.7138902855369238
10,1,0,8,Guard(600),12808957,37.11581776000002,149.160784,0.8106340190604656
10,1,0,8,Guard(1200),12808957,36.54090770000003,86.104462,0.820802224187202
10,1,1,5,FCFS,12808957,281.55536667000035,0.0,0.0
10,1,1,5,SJF,12808957,44.10906556000014,174.178641,1.0
10,1,1,5,SPJF-E,12808957,76.83892062000038,227.935026,0.8621589180080018
10,1,1,5,Guard(300),12808957,149.51517447000035,78.049508,0.5560844350185544
10,1,1,5,Guard(600),12808957,90.4640955300007,161.541186,0.8047767863584199
10,1,1,5,Guard(1200),12808957,81.96517946000003,97.495677,0.8405697889458277
10,1,2,4,FCFS,12808957,522.45315056,0.0,0.0
10,1,2,4,SJF,12808957,55.9594028700001,212.483989,1.0
10,1,2,4,SPJF-E,12808957,134.80330887000017,289.375741,0.8309861463515383
10,1,2,4,Guard(300),12808957,357.7747899700026,53.68297,0.35301300693837273
10,1,2,4,Guard(600),12808957,186.8612714300004,161.39271200000002,0.7193920192752749
10,1,2,4,Guard(1200),12808957,157.17805707000102,95.11056199999999,0.7830224848645474
10,2,0,7,FCFS,12808957,99.80416563000023,0.0,0.0
10,2,0,7,SJF,12808957,29.61114532000018,128.75629600000002,1.0
10,2,0,7,SPJF-E,12808957,43.2830982800001,227.176097,0.8052234695184908
10,2,0,7,Guard(300),12808957,50.393567510000125,58.488192000000005,0.7039246623351356
10,2,0,7,Guard(600),12808957,44.0224260000001,160.202672,0.7946906883853405
10,2,0,7,Guard(1200),12808957,43.48129861000009,93.00862,0.8023998222509325
10,2,1,5,FCFS,12808957,251.78425127000008,0.0,0.0
10,2,1,5,SJF,12808957,43.045066440000035,100.667757,1.0
10,2,1,5,SPJF-E,12808957,76.289802,323.59345,0.8407355303841254
10,2,1,5,Guard(300),12808957,131.6551425700005,88.015363,0.5754986003123195
10,2,1,5,Guard(600),12808957,83.81254811000011,156.188378,0.8046965561200133
10,2,1,5,Guard(1200),12808957,78.95531244000018,112.585726,0.8279659565153236
10,2,2,4,FCFS,12808957,451.4237850400001,0.0,0.0
10,2,2,4,SJF,12808957,54.61234465000003,252.80766200000002,1.0
10,2,2,4,SPJF-E,12808957,131.50482480000005,289.028234,0.8062241348827357
10,2,2,4,Guard(300),12808957,304.3580442300006,57.789008,0.3706187015814317
10,2,2,4,Guard(600),12808957,171.13098034000095,162.722208,0.7063627107739575
10,2,2,4,Guard(1200),12808957,146.2964601800004,109.017169,0.7689479027119529
10,3,0,8,FCFS,12808957,87.436198,0.0,0.0
10,3,0,8,SJF,12808957,27.10966581000003,100.833161,1.0
10,3,0,8,SPJF-E,12808957,38.84616000000019,155.639872,0.8054505411808561
10,3,0,8,Guard(300),12808957,44.951234540000044,51.338053,0.7042500524676683
10,3,0,8,Guard(600),12808957,39.62005778000003,152.70595600000001,0.7926220600481693
10,3,0,8,Guard(1200),12808957,39.035195,92.69896899999999,0.8023170111545579
10,3,1,5,FCFS,12808957,309.5524329900002,0.0,0.0
10,3,1,5,SJF,12808957,45.264049680000014,280.63173,1.0
10,3,1,5,SPJF-E,12808957,83.79679433000017,339.310159,0.8542018980652558
10,3,1,5,Guard(300),12808957,163.32002045000075,60.056146,0.5533062433866963
10,3,1,5,Guard(600),12808957,97.03426486000001,165.32872,0.804114677566908
10,3,1,5,Guard(1200),12808957,87.84412454000024,93.969978,0.8388878303059754
10,3,2,4,FCFS,12808957,540.4243244500011,0.0,0.0
10,3,2,4,SJF,12808957,57.19113217000003,264.984688,1.0
10,3,2,4,SPJF-E,12808957,143.586246470001,427.044471,0.8212144453646288
10,3,2,4,Guard(300),12808957,375.5906451100002,78.509966,0.34110587180958984
10,3,2,4,Guard(600),12808957,204.73625657000073,174.24493600000002,0.694670964749234
10,3,2,4,Guard(1200),12808957,171.16175402000064,102.78841600000001,0.7641498480014131
10,4,0,8,FCFS,12808957,82.79293532000017,0.0,0.0
10,4,0,8,SJF,12808957,27.044979,98.20369500000001,1.0
10,4,0,8,SPJF-E,12808957,37.33294808000007,84.80528799999999,0.8154556730125521
10,4,0,8,Guard(300),12808957,43.4849196300001,84.80528799999999,0.7051023622169608
10,4,0,8,Guard(600),12808957,37.876138,84.80528799999999,0.8057119988788861
10,4,0,8,Guard(1200),12808957,37.40613958000001,84.80528799999999,0.8141427728664049
10,4,1,5,FCFS,12808957,279.8441708000013,0.0,0.0
10,4,1,5,SJF,12808957,44.34976136000003,256.25654000000003,1.0
10,4,1,5,SPJF-E,12808957,79.02440848000151,234.19414,0.852758087962866
10,4,1,5,Guard(300),12808957,147.03226031000077,90.55259199999999,0.5639705452279029
10,4,1,5,Guard(600),12808957,87.67591217000037,162.27662800000002,0.8160204698148519
10,4,1,5,Guard(1200),12808957,83.55663169000009,96.120043,0.8335125219183215
10,4,2,4,FCFS,12808957,490.7024291000003,0.0,0.0
10,4,2,4,SJF,12808957,55.85213231000002,311.900959,1.0
10,4,2,4,SPJF-E,12808957,135.8747793500001,361.926143,0.8159765610585636
10,4,2,4,Guard(300),12808957,340.7629553100044,57.128726,0.3448071092438631
10,4,2,4,Guard(600),12808957,186.37724370000055,159.475839,0.6998389736571015
10,4,2,4,Guard(1200),12808957,157.76560201000044,97.209562,0.7656355061677308
11,0,0,8,FCFS,16589475,58.765961800000156,0.0,0.0
11,0,0,8,SJF,16589475,20.846724320000003,540.578568,1.0
11,0,0,8,SPJF-E,16589475,24.59430280000009,204.60342500000002,0.9011694662379041
11,0,0,8,Guard(300),16589475,26.116228,86.613106,0.8610335009299883
11,0,0,8,Guard(600),16589475,24.94749292000011,173.184753,0.8918551934974172
11,0,0,8,Guard(1200),16589475,24.686739,93.22748399999999,0.8987317537166895
11,0,1,5,FCFS,16589475,245.66838716000012,0.0,0.0
11,0,1,5,SJF,16589475,36.87172668000006,289.033705,1.0
11,0,1,5,SPJF-E,16589475,45.78285972000014,253.792311,0.9573214771753801
11,0,1,5,Guard(300),16589475,83.04354860000001,86.071739,0.7788670479027006
11,0,1,5,Guard(600),16589475,52.59240220000014,149.841093,0.9247082042219448
11,0,1,5,Guard(1200),16589475,51.02715504000002,88.856996,0.9322047185646637
11,0,2,4,FCFS,16589475,442.21941396,0.0,0.0
11,0,2,4,SJF,16589475,44.926070560000014,1019.91522,1.0
11,0,2,4,SPJF-E,16589475,62.50321712000001,168.251847,0.9557577622379062
11,0,2,4,Guard(300),16589475,292.6830150400018,95.88450900000001,0.37638787914310223
11,0,2,4,Guard(600),16589475,122.01286340000013,134.93027700000002,0.8059700870387145
11,0,2,4,Guard(1200),16589475,104.1532118400003,108.098115,0.8509233988842103
11,1,0,7,FCFS,16589475,95.91619020000006,0.0,0.0
11,1,0,7,SJF,16589475,25.694224920000142,129.34945499999998,1.0
11,1,0,7,SPJF-E,16589475,30.59378520000006,292.432167,0.930227525526185
11,1,0,7,Guard(300),16589475,34.12251652000006,146.07402,0.8799764209618268
11,1,0,7,Guard(600),16589475,31.465325,170.019284,0.9178163120757383
11,1,0,7,Guard(1200),16589475,30.93963060000027,115.791769,0.9253024938979586
11,1,1,5,FCFS,16589475,251.33527132000057,0.0,0.0
11,1,1,5,SJF,16589475,36.65025588000003,318.420027,1.0
11,1,1,5,SPJF-E,16589475,45.76963908000002,353.390358,0.9575220320742477
11,1,1,5,Guard(300),16589475,82.1973718400002,76.92344,0.7878421283076018
11,1,1,5,Guard(600),16589475,52.111981200000066,155.851143,0.9279794852551262
11,1,1,5,Guard(1200),16589475,50.05349160000023,88.39447,0.9375679029459506
11,1,2,4,FCFS,16589475,438.0671280800004,0.0,0.0
11,1,2,4,SJF,16589475,44.32182568000007,207.297632,1.0
11,1,2,4,SPJF-E,16589475,61.83677156000011,182.528788,0.9555170670653313
11,1,2,4,Guard(300),16589475,268.2420369200037,136.786385,0.4313069644891248
11,1,2,4,Guard(600),16589475,112.60096688000009,182.528788,0.8265905884239955
11,1,2,4,Guard(1200),16589475,97.41892880000069,162.330666,0.8651486054656214
11,2,0,7,FCFS,16589475,84.9024413200007,0.0,0.0
11,2,0,7,SJF,16589475,25.49297,78.295106,1.0
11,2,0,7,SPJF-E,16589475,30.412374280000037,281.69989400000003,0.9171949493793277
11,2,0,7,Guard(300),16589475,33.092035400000114,98.58077399999999,0.8720900012883666
11,2,0,7,Guard(600),16589475,30.920018440000057,249.194224,0.9086501138721126
11,2,0,7,Guard(1200),16589475,30.65758468000013,98.685496,0.9130674862904997
11,2,1,5,FCFS,16589475,223.6329033200012,0.0,0.0
11,2,1,5,SJF,16589475,36.543277,860.505578,1.0
11,2,1,5,SPJF-E,16589475,45.53611360000001,244.074856,0.9519330025032041
11,2,1,5,Guard(300),16589475,67.9332543200001,86.319014,0.8322195733807809
11,2,1,5,Guard(600),16589475,49.685519680000034,154.11334200000002,0.9297542951017428
11,2,1,5,Guard(1200),16589475,48.83384228000017,87.97058399999999,0.9343065378783847
11,2,2,4,FCFS,16589475,397.72514260000014,0.0,0.0
11,2,2,4,SJF,16589475,44.185352400000056,1379.746962,1.0
11,2,2,4,SPJF-E,16589475,61.63420336000023,159.411129,0.9506452980861666
11,2,2,4,Guard(300),16589475,222.2149670800005,139.091346,0.49643683790362675
11,2,2,4,Guard(600),16589475,94.57619532000132,142.447425,0.8574676901530807
11,2,2,4,Guard(1200),16589475,94.89448132000044,131.604499,0.8565674067654059
11,3,0,7,FCFS,16589475,84.51703828000012,0.0,0.0
11,3,0,7,SJF,16589475,25.047849360000008,129.078884,1.0
11,3,0,7,SPJF-E,16589475,29.742818520000238,200.406811,0.9210520734305615
11,3,0,7,Guard(300),16589475,32.7021892800001,146.161805,0.871288980747712
11,3,0,7,Guard(600),16589475,30.285317440000007,148.695428,0.9119297206651732
11,3,0,7,Guard(1200),16589475,30.077698960000273,107.609199,0.9154209147401255
11,3,1,5,FCFS,16589475,232.2926609600004,0.0,0.0
11,3,1,5,SJF,16589475,36.19977284000019,465.32884299999995,1.0
11,3,1,5,SPJF-E,16589475,45.38996464000008,229.83137000000002,0.9531334772611646
11,3,1,5,Guard(300),16589475,74.94228944000004,136.138817,0.8024277322271313
11,3,1,5,Guard(600),16589475,50.195376280000346,196.110922,0.9286276846948398
11,3,1,5,Guard(1200),16589475,49.09946396000026,93.36952799999999,0.9342164254722688
11,3,2,4,FCFS,16589475,419.3683308400004,0.0,0.0
11,3,2,4,SJF,16589475,44.46817364000004,1347.6039970000002,1.0
11,3,2,4,SPJF-E,16589475,61.17075632000002,321.801172,0.9554479176409373
11,3,2,4,Guard(300),16589475,253.86585744000035,100.50465799999999,0.44145746599862956
11,3,2,4,Guard(600),16589475,108.88622088000066,145.89308400000002,0.8281727921345332
11,3,2,4,Guard(1200),16589475,96.52009024000064,117.11326799999999,0.8611579227153214
11,4,0,7,FCFS,16589475,88.50973412000066,0.0,0.0
11,4,0,7,SJF,16589475,25.271005200000094,548.035496,1.0
11,4,0,7,SPJF-E,16589475,29.94242216000003,299.220673,0.9261304419019954
11,4,0,7,Guard(300),16589475,33.062973120000144,139.011705,0.8767848745053495
11,4,0,7,Guard(600),16589475,30.796837920000122,218.033794,0.9126194846991561
11,4,0,7,Guard(1200),16589475,30.33500388000001,125.952968,0.9199225100427608
11,4,1,5,FCFS,16589475,231.18313464000036,0.0,0.0
11,4,1,5,SJF,16589475,37.28804768000001,376.280218,1.0
11,4,1,5,SPJF-E,16589475,45.82845824,126.79744699999999,0.9559534452682555
11,4,1,5,Guard(300),16589475,75.82156112000035,110.46642,0.8012661690187661
11,4,1,5,Guard(600),16589475,50.506784880000325,126.79744699999999,0.9318253112688344
11,4,1,5,Guard(1200),16589475,49.606599160000115,91.36572699999999,0.9364679545359426
11,4,2,4,FCFS,16589475,410.2982360800003,0.0,0.0
11,4,2,4,SJF,16589475,43.9397322,1085.651644,1.0
11,4,2,4,SPJF-E,16589475,61.269624360000066,168.74482400000002,0.9526969021423985
11,4,2,4,Guard(300),16589475,240.50188812000025,86.611064,0.46347046994060326
11,4,2,4,Guard(600),16589475,105.53490640000042,168.74482400000002,0.8318718589914983
11,4,2,4,Guard(1200),16589475,99.2004061600023,103.856744,0.8491623003840447
12,0,0,8,FCFS,12496645,42.21329224000016,0.0,0.0
12,0,0,8,SJF,12496645,16.401219680000036,327.836814,1.0
12,0,0,8,SPJF-E,12496645,21.189869000000073,172.74835099999999,0.8144802472227355
12,0,0,8,Guard(300),12496645,23.275121880000015,127.38046100000001,0.7336942942484915
12,0,0,8,Guard(600),12496645,21.59341,164.449051,0.7988464386991504
12,0,0,8,Guard(1200),12496645,21.3138999600001,127.714564,0.8096750941412958
12,0,1,5,FCFS,12496645,219.9845479600061,0.0,0.0
12,0,1,5,SJF,12496645,34.461835,446.994424,1.0
12,0,1,5,SPJF-E,12496645,45.35944760000002,306.642963,0.9412599545029872
12,0,1,5,Guard(300),12496645,92.36602036000045,114.28596399999999,0.687886273135284
12,0,1,5,Guard(600),12496645,58.03053556000035,277.069433,0.8729605653994444
12,0,1,5,Guard(1200),12496645,51.74370976000042,114.30325099999999,0.9068476604062709
12,0,2,4,FCFS,12496645,470.16172300000153,0.0,0.0
12,0,2,4,SJF,12496645,43.28115068,452.85311,1.0
12,0,2,4,SPJF-E,12496645,67.37180508000027,2526.1498450000004,0.9435658215386263
12,0,2,4,Guard(300),12496645,303.8705245200003,84.52520299999999,0.38954969905574605
12,0,2,4,Guard(600),12496645,154.1573522800027,197.405351,0.7402641188437904
12,0,2,4,Guard(1200),12496645,109.28894404000022,97.33653799999999,0.8453717558490366
12,1,0,7,FCFS,12496645,64.57754932000003,0.0,0.0
12,1,0,7,SJF,12496645,21.5529953600002,601.564727,1.0
12,1,0,7,SPJF-E,12496645,27.265643400000087,81.774835,0.8672235383239307
12,1,0,7,Guard(300),12496645,30.76167412000001,48.138247,0.7859668976798417
12,1,0,7,Guard(600),12496645,27.980073680000032,81.774835,0.8506183625755859
12,1,0,7,Guard(1200),12496645,27.349868,70.471041,0.865265944525789
12,1,1,5,FCFS,12496645,202.04441668000146,0.0,0.0
12,1,1,5,SJF,12496645,34.295048000000065,270.367767,1.0
12,1,1,5,SPJF-E,12496645,46.13662828000014,188.06181700000002,0.9294090918303898
12,1,1,5,Guard(300),12496645,83.35456132000137,73.108135,0.7075427841782987
12,1,1,5,Guard(600),12496645,55.58797328000048,151.687167,0.8730670318013608
12,1,1,5,Guard(1200),12496645,51.46458296000034,88.410407,0.8976476925361616
12,1,2,4,FCFS,12496645,430.56117724000046,0.0,0.0
12,1,2,4,SJF,12496645,42.79654908000009,162.004456,1.0
12,1,2,4,SPJF-E,12496645,66.16462664000011,242.09989800000002,0.939736438388192
12,1,2,4,Guard(300),12496645,261.1376361600001,100.798316,0.43692366135596156
12,1,2,4,Guard(600),12496645,135.66124156000066,171.659563,0.7605127292794676
12,1,2,4,Guard(1200),12496645,106.55270468000029,77.79177399999999,0.8355802696534431
12,2,0,8,FCFS,12496645,43.12676548000086,0.0,0.0
12,2,0,8,SJF,12496645,16.09465172000011,443.371689,1.0
12,2,0,8,SPJF-E,12496645,20.632525,214.503152,0.8321302832516725
12,2,0,8,Guard(300),12496645,22.238966000000005,73.824988,0.772703150979943
12,2,0,8,Guard(600),12496645,21.005513360000077,164.377052,0.8183323108359163
12,2,0,8,Guard(1200),12496645,20.68672312000006,74.768225,0.830125330162127
12,2,1,5,FCFS,12496645,209.4079204400023,0.0,0.0
12,2,1,5,SJF,12496645,34.482978,835.445559,1.0
12,2,1,5,SPJF-E,12496645,45.990352000000314,171.76585500000002,0.9342153620891015
12,2,1,5,Guard(300),12496645,85.08237756000001,107.55498,0.7107365087322801
12,2,1,5,Guard(600),12496645,57.32276424000006,171.76585500000002,0.8694309346545368
12,2,1,5,Guard(1200),12496645,51.63136884000017,139.206051,0.9019671488765423
12,2,2,4,FCFS,12496645,440.6664171600003,0.0,0.0
12,2,2,4,SJF,12496645,43.59246972000001,1746.105082,1.0
12,2,2,4,SPJF-E,12496645,67.99989380000044,787.8708369999999,0.9385317917799466
12,2,2,4,Guard(300),12496645,274.5311190400003,112.78162400000001,0.4183988881443898
12,2,2,4,Guard(600),12496645,139.32644412000022,264.183494,0.7589013960316144
12,2,2,4,Guard(1200),12496645,107.8558281200004,85.029831,0.8381577063559152
12,3,0,7,FCFS,12496645,66.8867243200007,0.0,0.0
12,3,0,7,SJF,12496645,22.776096,522.0866060000001,1.0
12,3,0,7,SPJF-E,12496645,28.553965800000228,238.797073,0.8690141124700229
12,3,0,7,Guard(300),12496645,33.484834720000386,111.010184,0.7572299663855656
12,3,0,7,Guard(600),12496645,29.810553440000124,238.797073,0.8405269272301308
12,3,0,7,Guard(1200),12496645,29.464621040000058,200.53515,0.8483693092857774
12,3,1,5,FCFS,12496645,211.68734268000014,0.0,0.0
12,3,1,5,SJF,12496645,34.05538,366.709392,1.0
12,3,1,5,SPJF-E,12496645,45.250231360000065,484.67695599999996,0.9369772692307221
12,3,1,5,Guard(300),12496645,93.0208605200016,110.04480199999999,0.6680469008484327
12,3,1,5,Guard(600),12496645,58.834365840000025,303.576148,0.8605037884728055
12,3,1,5,Guard(1200),12496645,52.23452036000004,110.04480199999999,0.8976583938739149
12,3,2,4,FCFS,12496645,444.70703648000284,0.0,0.0
12,3,2,4,SJF,12496645,43.80397464000022,103.148289,1.0
12,3,2,4,SPJF-E,12496645,70.50370440000046,200.125739,0.933401033064058
12,3,2,4,Guard(300),12496645,295.69726536000024,110.25585000000001,0.3716852907934918
12,3,2,4,Guard(600),12496645,146.4834125200009,183.832638,0.7438796366165462
12,3,2,4,Guard(1200),12496645,113.22301940000185,71.190243,0.8268433160839608
12,4,0,7,FCFS,12496645,64.58838320000059,0.0,0.0
12,4,0,7,SJF,12496645,21.180362,554.2398430000001,1.0
12,4,0,7,SPJF-E,12496645,26.968433960000212,211.55902400000002,0.8666589307692254
12,4,0,7,Guard(300),12496645,31.092978640000094,104.552301,0.7716409003228196
12,4,0,7,Guard(600),12496645,28.437008160000108,159.776604,0.832827068376017
12,4,0,7,Guard(1200),12496645,27.56870176000003,114.28903100000001,0.852830431256794
12,4,1,5,FCFS,12496645,201.93379084000057,0.0,0.0
12,4,1,5,SJF,12496645,33.56002628000017,871.413213,1.0
12,4,1,5,SPJF-E,12496645,44.9879433200005,107.869123,0.9321276858668327
12,4,1,5,Guard(300),12496645,83.91286748000138,72.259156,0.7009460391196644
12,4,1,5,Guard(600),12496645,57.25199808000027,119.75388000000001,0.8592894097134866
12,4,1,5,Guard(1200),12496645,50.6370314800002,64.18914799999999,0.8985768047378034
12,4,2,4,FCFS,12496645,445.25672928000137,0.0,0.0
12,4,2,4,SJF,12496645,42.29433408000014,1443.3113680000001,1.0
12,4,2,4,SPJF-E,12496645,65.27448636000071,1638.83177,0.9429719682190323
12,4,2,4,Guard(300),12496645,288.14266520000143,106.045086,0.3898975833762849
12,4,2,4,Guard(600),12496645,139.09142640000016,298.34948599999996,0.759786289060653
12,4,2,4,Guard(1200),12496645,100.94926108000058,106.336876,0.85444069298107
13,0,0,8,FCFS,16097620,32.54811834000016,0.0,0.0
13,0,0,8,SJF,16097620,17.579491060000084,132.308947,1.0
13,0,0,8,SPJF-E,16097620,22.489531,196.354757,0.6719779410527288
13,0,0,8,Guard(300),16097620,22.646218470000033,63.993613999999994,0.6615102163195874
13,0,0,8,Guard(600),16097620,22.489531,165.25409000000002,0.6719779410527288
13,0,0,8,Guard(1200),16097620,22.53291298000022,104.111032,0.6690797474382627
13,0,1,5,FCFS,16097620,103.7994412,0.0,0.0
13,0,1,5,SJF,16097620,34.9908609700001,400.439259,1.0
13,0,1,5,SPJF-E,16097620,47.573240960000305,507.39272500000004,0.8171393749450682
13,0,1,5,Guard(300),16097620,52.210667770000235,81.805647,0.7497433206376135
13,0,1,5,Guard(600),16097620,47.93287067000008,162.972401,0.811912850741289
13,0,1,5,Guard(1200),16097620,48.97485421000008,128.345495,0.796769629699421
13,0,2,4,FCFS,16097620,193.72836841000026,0.0,0.0
13,0,2,4,SJF,16097620,43.10194550000001,662.060108,1.0
13,0,2,4,SPJF-E,16097620,70.05487930000012,732.729616,0.8210610510474342
13,0,2,4,Guard(300),16097620,102.82035691000004,71.019519,0.6035329641620583
13,0,2,4,Guard(600),16097620,77.53938563000021,166.422416,0.7713718518657467
13,0,2,4,Guard(1200),16097620,80.31025273000002,93.172787,0.7529762274695184
13,1,0,8,FCFS,16097620,31.538337840000224,0.0,0.0
13,1,0,8,SJF,16097620,17.032735,84.828597,1.0
13,1,0,8,SPJF-E,16097620,21.412146040000138,127.189558,0.698088311922921
13,1,0,8,Guard(300),16097620,21.584643350000057,73.145674,0.6861965407292243
13,1,0,8,Guard(600),16097620,21.42296885000005,127.189558,0.6973421995331576
13,1,0,8,Guard(1200),16097620,21.403764660000032,112.027099,0.698666114865174
13,1,1,5,FCFS,16097620,105.938067,0.0,0.0
13,1,1,5,SJF,16097620,34.449586630000056,405.036245,1.0
13,1,1,5,SPJF-E,16097620,46.621696790000044,537.4822379999999,0.8297332647581638
13,1,1,5,Guard(300),16097620,51.89315809000016,84.952842,0.7559946529885915
13,1,1,5,Guard(600),16097620,47.04798580000004,166.236864,0.8237702199739737
13,1,1,5,Guard(1200),16097620,48.36292739000002,94.60993900000001,0.8053764650194092
13,1,2,4,FCFS,16097620,198.4355030500002,0.0,0.0
13,1,2,4,SJF,16097620,42.090226810000026,559.217792,1.0
13,1,2,4,SPJF-E,16097620,68.42258206000004,721.727614,0.8315756261827948
13,1,2,4,Guard(300),16097620,103.75369491000133,65.079812,0.6055943001095608
13,1,2,4,Guard(600),16097620,75.81586061000026,148.164823,0.78428747825915
13,1,2,4,Guard(1200),16097620,79.38410261000017,115.594437,0.7614646460904158
13,2,0,7,FCFS,16097620,45.702599,0.0,0.0
13,2,0,7,SJF,16097620,22.378205750000063,217.815035,1.0
13,2,0,7,SPJF-E,16097620,27.967911530000027,307.022471,0.7603493595701583
13,2,0,7,Guard(300),16097620,28.636866020000035,88.619856,0.7316688926088146
13,2,0,7,Guard(600),16097620,28.003504970000265,162.770005,0.7588233417390089
13,2,0,7,Guard(1200),16097620,28.070981910000075,105.768239,0.7559303644479571
13,2,1,5,FCFS,16097620,107.35948328000015,0.0,0.0
13,2,1,5,SJF,16097620,33.44565746000003,91.457165,1.0
13,2,1,5,SPJF-E,16097620,46.140347010000035,449.247684,0.8282501357605957
13,2,1,5,Guard(300),16097620,50.95628293000001,83.63225,0.7630940453191665
13,2,1,5,Guard(600),16097620,46.67326529000003,171.283243,0.8210401412286147
13,2,1,5,Guard(1200),16097620,47.839640190000104,140.88384299999998,0.8052599419619645
13,2,2,4,FCFS,16097620,199.96142084000016,0.0,0.0
13,2,2,4,SJF,16097620,42.29258676000006,400.559235,1.0
13,2,2,4,SPJF-E,16097620,69.11672437000016,576.0968399999999,0.8298703877242493
13,2,2,4,Guard(300),16097620,103.34381869000055,80.327738,0.6127882070909239
13,2,2,4,Guard(600),16097620,76.72674221000054,170.672223,0.7816045532972685
13,2,2,4,Guard(1200),16097620,80.74900044000039,108.62269599999999,0.7560937524248591
13,3,0,8,FCFS,16097620,34.67150782000003,0.0,0.0
13,3,0,8,SJF,16097620,16.877851240000027,92.034113,1.0
13,3,0,8,SPJF-E,16097620,21.667875,93.02055800000001,0.7308016068274613
13,3,0,8,Guard(300),16097620,21.77251338000005,63.855635,0.7249209504525561
13,3,0,8,Guard(600),16097620,21.667875,93.02055800000001,0.7308016068274613
13,3,0,8,Guard(1200),16097620,21.66471021000011,63.638529999999996,0.7309794674029794
13,3,1,5,FCFS,16097620,116.73751002000047,0.0,0.0
13,3,1,5,SJF,16097620,34.04843650000001,443.130001,1.0
13,3,1,5,SPJF-E,16097620,47.16221261000023,626.563643,0.8414085978744421
13,3,1,5,Guard(300),16097620,53.88555250000076,78.690523,0.7600999121703469
13,3,1,5,Guard(600),16097620,47.94403174,157.47414,0.8319536711626236
13,3,1,5,Guard(1200),16097620,48.79906644000003,141.814015,0.8216133122300348
13,3,2,4,FCFS,16097620,224.29195382000057,0.0,0.0
13,3,2,4,SJF,16097620,43.0223636500001,812.101611,1.0
13,3,2,4,SPJF-E,16097620,71.54584816000026,818.613141,0.8426460583749876
13,3,2,4,Guard(300),16097620,117.94214491000032,85.461151,0.5866941543270549
13,3,2,4,Guard(600),16097620,83.20648598000022,164.36860800000002,0.7783184576502096
13,3,2,4,Guard(1200),16097620,82.9188576600002,150.055183,0.7799052010180866
13,4,0,8,FCFS,16097620,32.03095344000012,0.0,0.0
13,4,0,8,SJF,16097620,17.151263210000092,174.698543,1.0
13,4,0,8,SPJF-E,16097620,21.603484,134.32346700000002,0.7007853845624109
13,4,0,8,Guard(300),16097620,21.76550426000003,75.598095,0.6898966995497776
13,4,0,8,Guard(600),16097620,21.60344233000007,132.41677900000002,0.7007881850239317
13,4,0,8,Guard(1200),16097620,21.639248830000017,101.616183,0.6983817841213272
13,4,1,5,FCFS,16097620,107.08293117000031,0.0,0.0
13,4,1,5,SJF,16097620,34.22158315000017,324.317478,1.0
13,4,1,5,SPJF-E,16097620,47.00683883000002,391.940197,0.824526226491303
13,4,1,5,Guard(300),16097620,52.795349,88.368874,0.7450806723353319
13,4,1,5,Guard(600),16097620,47.5529789700001,162.107324,0.817030617984991
13,4,1,5,Guard(1200),16097620,48.42732932000001,119.079199,0.8050304234544161
13,4,2,4,FCFS,16097620,199.3187228400003,0.0,0.0
13,4,2,4,SJF,16097620,42.26478627000018,795.833809,1.0
13,4,2,4,SPJF-E,16097620,68.30095336000024,582.0918360000001,0.8342214932104199
13,4,2,4,Guard(300),16097620,107.08062618000056,150.427356,0.58730203568561
13,4,2,4,Guard(600),16097620,77.89124779000007,278.34387899999996,0.773157793443013
13,4,2,4,Guard(1200),16097620,77.58998008000097,156.49598799999998,0.7750760370514107
14,0,0,8,FCFS,18584584,41.22652070999995,0.0,0.0
14,0,0,8,SJF,18584584,21.275714789999952,141.205332,1.0
14,0,0,8,SPJF-E,18584584,27.39920592999994,155.62257200000002,0.6930704872497708
14,0,0,8,Guard(300),18584584,27.985588,139.134008,0.6636790896114312
14,0,0,8,Guard(600),18584584,27.416086129999997,146.417826,0.6922243961160219
14,0,0,8,Guard(1200),18584584,27.449908,136.71076,0.6905291327699885
14,0,1,5,FCFS,18584584,152.9800937899998,0.0,0.0
14,0,1,5,SJF,18584584,39.468542,682.7992,1.0
14,0,1,5,SPJF-E,18584584,58.85079566999972,293.861877,0.8292486239122382
14,0,1,5,Guard(300),18584584,77.73930181999982,101.008556,0.6628470035296318
14,0,1,5,Guard(600),18584584,62.23481766999982,166.872286,0.7994364863223948
14,0,1,5,Guard(1200),18584584,62.75613476999991,118.969095,0.7948438515484069
14,0,2,4,FCFS,18584584,295.09215052999997,0.0,0.0
14,0,2,4,SJF,18584584,48.990240629999825,1351.6163920000001,1.0
14,0,2,4,SPJF-E,18584584,97.37071557999943,492.734065,0.8034128423885117
14,0,2,4,Guard(300),18584584,214.00568910999993,131.447412,0.3294832675331464
14,0,2,4,Guard(600),18584584,132.60832281999947,209.211385,0.6602298526493491
14,0,2,4,Guard(1200),18584584,125.5916664999997,131.34915800000002,0.6887410345530203
14,1,0,7,FCFS,18584584,61.61062440999998,0.0,0.0
14,1,0,7,SJF,18584584,26.732306,123.99335,1.0
14,1,0,7,SPJF-E,18584584,35.139632349999985,167.098815,0.7589526464214652
14,1,0,7,Guard(300),18584584,36.71123765999988,96.947242,0.7138929823767302
14,1,0,7,Guard(600),18584584,35.19794568999995,152.793479,0.7572807384093162
14,1,0,7,Guard(1200),18584584,35.66040106999998,103.98795,0.7440216307148513
14,1,1,5,FCFS,18584584,161.53652114999983,0.0,0.0
14,1,1,5,SJF,18584584,39.62763605999997,434.00316,1.0
14,1,1,5,SPJF-E,18584584,59.788483419999984,291.577451,0.8346236425251846
14,1,1,5,Guard(300),18584584,79.77428304999998,129.635794,0.6706831748944178
14,1,1,5,Guard(600),18584584,63.58938308999997,211.54815699999997,0.8034454419601154
14,1,1,5,Guard(1200),18584584,64.32130649999998,147.904859,0.7974415858059093
14,1,2,4,FCFS,18584584,311.6169767099995,0.0,0.0
14,1,2,4,SJF,18584584,49.36593064999998,882.570889,1.0
14,1,2,4,SPJF-E,18584584,97.84388518999955,540.065143,0.8151467638801774
14,1,2,4,Guard(300),18584584,219.10331849999815,105.776982,0.35276754697419005
14,1,2,4,Guard(600),18584584,133.8619588799984,250.661453,0.6778048000210193
14,1,2,4,Guard(1200),18584584,124.8464256499998,116.520495,0.7121822919908168
14,2,0,8,FCFS,18584584,46.8547343999998,0.0,0.0
14,2,0,8,SJF,18584584,20.432456539999926,79.462401,1.0
14,2,0,8,SPJF-E,18584584,26.721631929999955,92.71222,0.7619745192551669
14,2,0,8,Guard(300),18584584,27.780178989999946,78.949031,0.7219118469296101
14,2,0,8,Guard(600),18584584,26.70238035999998,92.71222,0.7627031305468194
14,2,0,8,Guard(1200),18584584,26.906824359999913,78.949031,0.7549655690434852
14,2,1,5,FCFS,18584584,175.299603,0.0,0.0
14,2,1,5,SJF,18584584,38.89902450999997,626.117253,1.0
14,2,1,5,SPJF-E,18584584,57.77437399999987,359.09373,0.8616182592555228
14,2,1,5,Guard(300),18584584,82.37468935999992,142.21298,0.681264805975971
14,2,1,5,Guard(600),18584584,62.22934211999994,199.24809499999998,0.8289573411764497
14,2,1,5,Guard(1200),18584584,62.56814680999987,132.79605899999999,0.8264734463590626
14,2,2,4,FCFS,18584584,346.29006945999953,0.0,0.0
14,2,2,4,SJF,18584584,48.71528180999996,811.23094,1.0
14,2,2,4,SPJF-E,18584584,96.06269807999949,762.443295,0.8408890193826217
14,2,2,4,Guard(300),18584584,237.02550029999975,105.109348,0.36718355752811355
14,2,2,4,Guard(600),18584584,140.03405681999962,269.963615,0.6931232792564179
14,2,2,4,Guard(1200),18584584,127.64895937999978,118.44557300000001,0.7347433961279013
14,3,0,8,FCFS,18584584,47.87984203999998,0.0,0.0
14,3,0,8,SJF,18584584,21.537073,147.017033,1.0
14,3,0,8,SPJF-E,18584584,28.289762569999997,261.795982,0.7436606015204238
14,3,0,8,Guard(300),18584584,29.368749279999914,65.883833,0.7027010991855881
14,3,0,8,Guard(600),18584584,28.325317669999997,221.029506,0.7423108914749077
14,3,0,8,Guard(1200),18584584,28.388609939999927,146.521257,0.7399082484610383
14,3,1,5,FCFS,18584584,185.77376215999993,0.0,0.0
14,3,1,5,SJF,18584584,40.518084,483.333596,1.0
14,3,1,5,SPJF-E,18584584,60.380008849999854,455.722574,0.8632623171665493
14,3,1,5,Guard(300),18584584,88.6579626699999,100.528578,0.6685852196636777
14,3,1,5,Guard(600),18584584,65.86175653999972,263.061178,0.8255237050899756
14,3,1,5,Guard(1200),18584584,65.52048819999952,116.910291,0.8278731371006424
14,3,2,4,FCFS,18584584,357.5622527099999,0.0,0.0
14,3,2,4,SJF,18584584,49.381613929999986,1008.536214,1.0
14,3,2,4,SPJF-E,18584584,100.23416820999984,862.145573,0.8349910802920303
14,3,2,4,Guard(300),18584584,261.81717588999993,123.256319,0.3106784293751472
14,3,2,4,Guard(600),18584584,144.14247922999962,280.92259199999995,0.6925151895487948
14,3,2,4,Guard(1200),18584584,128.96583186999936,124.258261,0.7417611364067166
14,4,0,8,FCFS,18584584,42.126169259999884,0.0,0.0
14,4,0,8,SJF,18584584,21.63058464999998,83.493179,1.0
14,4,0,8,SPJF-E,18584584,27.636070489999963,95.484378,0.7069863605125041
14,4,0,8,Guard(300),18584584,28.282646169999996,95.30016,0.6754392886771116
14,4,0,8,Guard(600),18584584,27.741417199999905,95.484378,0.7018463895380463
14,4,0,8,Guard(1200),18584584,27.71558557999998,95.06270900000001,0.7031067400228683
14,4,1,5,FCFS,18584584,160.08787046999987,0.0,0.0
14,4,1,5,SJF,18584584,39.86259681999993,1016.965399,1.0
14,4,1,5,SPJF-E,18584584,58.866231919999954,383.95621800000004,0.8419331100437047
14,4,1,5,Guard(300),18584584,78.62873138999983,128.121022,0.6775541997695431
14,4,1,5,Guard(600),18584584,61.974511069999956,260.840424,0.8160793186100598
14,4,1,5,Guard(1200),18584584,62.510033299999655,127.172798,0.811624995373843
14,4,2,4,FCFS,18584584,301.91713548999985,0.0,0.0
14,4,2,4,SJF,18584584,49.19131991999999,1042.026326,1.0
14,4,2,4,SPJF-E,18584584,97.46628486999955,666.662344,0.8089828502833404
14,4,2,4,Guard(300),18584584,215.83914046999976,183.579606,0.340598346970843
14,4,2,4,Guard(600),18584584,129.22755196999992,208.281107,0.6833080472230921
14,4,2,4,Guard(1200),18584584,120.55369286999971,127.312572,0.7176292703258333
15,0,0,7,FCFS,17974316,58.32931372999993,0.0,0.0
15,0,0,7,SJF,17974316,23.24162683999992,400.146791,1.0
15,0,0,7,SPJF-E,17974316,31.71811753999998,239.12786,0.7584197919180629
15,0,0,7,Guard(300),17974316,33.96618410999999,91.054108,0.6943498354958083
15,0,0,7,Guard(600),17974316,32.44038802999991,209.019019,0.7378350639402896
15,0,0,7,Guard(1200),17974316,31.97708511999996,90.997796,0.7510392090710988
15,0,1,5,FCFS,17974316,152.93163169999966,0.0,0.0
15,0,1,5,SJF,17974316,38.29030091,223.532548,1.0
15,0,1,5,SPJF-E,17974316,54.46730357999993,218.012217,0.8588903098165092
15,0,1,5,Guard(300),17974316,76.2184321499999,115.610481,0.6691583133357308
15,0,1,5,Guard(600),17974316,62.18661844999994,189.10555300000001,0.7915558256753553
15,0,1,5,Guard(1200),17974316,59.526837209999954,142.297673,0.8147567185965321
15,0,2,4,FCFS,17974316,315.20718493999993,0.0,0.0
15,0,2,4,SJF,17974316,47.24488994999999,560.3023049999999,1.0
15,0,2,4,SPJF-E,17974316,84.23970495999974,358.288773,0.8619402218085185
15,0,2,4,Guard(300),17974316,190.7988940599999,127.865424,0.4642753596532782
15,0,2,4,Guard(600),17974316,119.73810233999993,193.69167000000002,0.729464877166001
15,0,2,4,Guard(1200),17974316,107.71762846999978,104.269597,0.7743237028095443
15,1,0,7,FCFS,17974316,55.160821069999976,0.0,0.0
15,1,0,7,SJF,17974316,22.655493009999986,116.39577,1.0
15,1,0,7,SPJF-E,17974316,30.305900909999934,224.649381,0.7646414186044074
15,1,0,7,Guard(300),17974316,32.96540502999998,100.517768,0.6828239357877136
15,1,0,7,Guard(600),17974316,30.867895139999987,224.33263,0.7473521228630232
15,1,0,7,Guard(1200),17974316,30.667803159999906,97.10905,0.7535077900087521
15,1,1,5,FCFS,17974316,145.97902682999984,0.0,0.0
15,1,1,5,SJF,17974316,37.46596538,139.93460399999998,1.0
15,1,1,5,SPJF-E,17974316,53.56028650999994,232.653537,0.8516830977309049
15,1,1,5,Guard(300),17974316,71.5267190099999,98.737019,0.6861137896685897
15,1,1,5,Guard(600),17974316,59.386332579999994,176.730472,0.7979932838767031
15,1,1,5,Guard(1200),17974316,57.897511569999885,145.089648,0.8117134848378207
15,1,2,4,FCFS,17974316,308.91449413,0.0,0.0
15,1,2,4,SJF,17974316,47.48090146,555.054919,1.0
15,1,2,4,SPJF-E,17974316,83.32869759999991,382.438966,0.8628799161810489
15,1,2,4,Guard(300),17974316,184.295151599999,123.182121,0.4766768541765187
15,1,2,4,Guard(600),17974316,116.34483443999989,199.227549,0.736591107987699
15,1,2,4,Guard(1200),17974316,104.01194911999995,119.289086,0.7837651730879227
15,2,0,8,FCFS,17974316,39.23003023999994,0.0,0.0
15,2,0,8,SJF,17974316,17.625076179999972,101.944755,1.0
15,2,0,8,SPJF-E,17974316,23.390941659999964,152.344859,0.733122992810474
15,2,0,8,Guard(300),17974316,24.502425939999956,100.109951,0.6816771865887506
15,2,0,8,Guard(600),17974316,23.74870397999999,152.344859,0.7165637203858962
15,2,0,8,Guard(1200),17974316,23.526239,98.397497,0.7268606633639824
15,2,1,5,FCFS,17974316,140.3435084899998,0.0,0.0
15,2,1,5,SJF,17974316,37.751981489999956,160.627473,1.0
15,2,1,5,SPJF-E,17974316,54.263066609999946,1245.359321,0.8390599535573731
15,2,1,5,Guard(300),17974316,73.13915578999999,100.349991,0.6550672815309584
15,2,1,5,Guard(600),17974316,61.627422709999976,197.457971,0.7672766755874484
15,2,1,5,Guard(1200),17974316,59.16593488999991,127.695119,0.7912697663618948
15,2,2,4,FCFS,17974316,307.4804211799999,0.0,0.0
15,2,2,4,SJF,17974316,46.71988298999996,282.104246,1.0
15,2,2,4,SPJF-E,17974316,82.26048793,252.011534,0.8637040512851534
15,2,2,4,Guard(300),17974316,194.41213439999996,127.874638,0.43360965414795294
15,2,2,4,Guard(600),17974316,118.16213388999996,230.429649,0.7260235333310117
15,2,2,4,Guard(1200),17974316,104.62261968999998,131.18966,0.7779467050424252
15,3,0,7,FCFS,17974316,59.52330599999972,0.0,0.0
15,3,0,7,SJF,17974316,24.195756119999924,271.05290099999996,1.0
15,3,0,7,SPJF-E,17974316,32.47106483999989,285.047668,0.7657548075621028
15,3,0,7,Guard(300),17974316,35.45815000999998,94.76854,0.6812008212215106
15,3,0,7,Guard(600),17974316,33.169080609999995,217.328412,0.7459964101535331
15,3,0,7,Guard(1200),17974316,32.63666512999996,102.832338,0.7610672396282218
15,3,1,5,FCFS,17974316,154.8576772599999,0.0,0.0
15,3,1,5,SJF,17974316,38.56401310999998,171.458152,1.0
15,3,1,5,SPJF-E,17974316,54.73819722999985,670.298943,0.860919472800016
15,3,1,5,Guard(300),17974316,75.36494533999984,84.046396,0.6835517007828334
15,3,1,5,Guard(600),17974316,61.36097992999991,208.646046,0.8039706893180738
15,3,1,5,Guard(1200),17974316,59.72644421999998,139.43436300000002,0.8180259323267697
15,3,2,4,FCFS,17974316,300.62844409999985,0.0,0.0
15,3,2,4,SJF,17974316,47.790192809999986,693.050507,1.0
15,3,2,4,SPJF-E,17974316,84.4089215199998,370.00549,0.8551693482961209
15,3,2,4,Guard(300),17974316,181.05239912,129.735897,0.4729349470260684
15,3,2,4,Guard(600),17974316,119.14271371999978,195.87850500000002,0.7177938047508482
15,3,2,4,Guard(1200),17974316,111.16975143999952,116.96983900000001,0.7493276499634361
15,4,0,8,FCFS,17974316,42.078613949999955,0.0,0.0
15,4,0,8,SJF,17974316,18.749962,374.220197,1.0
15,4,0,8,SPJF-E,17974316,24.806218,133.290303,0.7403940865087143
15,4,0,8,Guard(300),17974316,26.011378759999968,99.834932,0.68873397504651
15,4,0,8,Guard(600),17974316,25.04641044,133.290303,0.7300980590950944
15,4,0,8,Guard(1200),17974316,24.81861749999999,99.834452,0.7398625727278682
15,4,1,5,FCFS,17974316,152.42837308999998,0.0,0.0
15,4,1,5,SJF,17974316,38.636935029999975,180.537497,1.0
15,4,1,5,SPJF-E,17974316,55.64610791999997,235.30609099999998,0.8505232627341314
15,4,1,5,Guard(300),17974316,79.33194074999997,115.73861500000001,0.6423719884922948
15,4,1,5,Guard(600),17974316,64.1272975899999,178.15198999999998,0.7759905051330896
15,4,1,5,Guard(1200),17974316,62.26960894999999,110.88713200000001,0.7923158866527465
15,4,2,4,FCFS,17974316,319.9227936299997,0.0,0.0
15,4,2,4,SJF,17974316,48.00915058999996,465.15214499999996,1.0
15,4,2,4,SPJF-E,17974316,87.91153858999992,375.255346,0.8532534537293146
15,4,2,4,Guard(300),17974316,205.37274503999993,114.077327,0.42127363419256214
15,4,2,4,Guard(600),17974316,123.44566467999998,174.049516,0.7225717943144803
15,4,2,4,Guard(1200),17974316,111.65905228999985,128.029439,0.7659186902562417
16,0,0,7,FCFS,15914970,67.56563111000001,0.0,0.0
16,0,0,7,SJF,15914970,25.228434730000103,154.51409,1.0
16,0,0,7,SPJF-E,15914970,32.11566408000003,88.932227,0.8373243875625771
16,0,0,7,Guard(300),15914970,34.85552280000001,70.080106,0.7726092208942833
16,0,0,7,Guard(600),15914970,32.45410449000017,88.932227,0.8293304616785283
16,0,0,7,Guard(1200),15914970,32.533558290000194,74.44742400000001,0.8274537715149454
16,0,1,5,FCFS,15914970,166.23519663000064,0.0,0.0
16,0,1,5,SJF,15914970,38.00269499000006,381.001752,1.0
16,0,1,5,SPJF-E,15914970,55.45056912000014,262.485933,0.8639356332688325
16,0,1,5,Guard(300),15914970,74.99600255000048,88.750287,0.7115137965267551
16,0,1,5,Guard(600),15914970,59.62653513000002,152.821275,0.8313700515591075
16,0,1,5,Guard(1200),15914970,60.99180565,77.536249,0.8207232147389631
16,0,2,4,FCFS,15914970,295.15961961000045,0.0,0.0
16,0,2,4,SJF,15914970,47.96029380000004,119.551722,1.0
16,0,2,4,SPJF-E,15914970,93.99691045000073,510.497578,0.8137672240846449
16,0,2,4,Guard(300),15914970,214.13141685000014,88.06547900000001,0.32778488571720177
16,0,2,4,Guard(600),15914970,120.8933300700002,177.950196,0.7049626408526003
16,0,2,4,Guard(1200),15914970,116.76554073000086,113.417185,0.7216608633355047
16,1,0,7,FCFS,15914970,57.48562006000009,0.0,0.0
16,1,0,7,SJF,15914970,22.85256930000002,109.586801,1.0
16,1,0,7,SPJF-E,15914970,28.901571580000287,153.14802,0.8253401838053883
16,1,0,7,Guard(300),15914970,31.18502924000001,83.827879,0.7594072783901648
16,1,0,7,Guard(600),15914970,29.27667951000017,153.14802,0.8145092601134704
16,1,0,7,Guard(1200),15914970,29.054633960000025,85.569339,0.8209206372554633
16,1,1,5,FCFS,15914970,152.46121745000036,0.0,0.0
16,1,1,5,SJF,15914970,38.02217324000002,156.735198,1.0
16,1,1,5,SPJF-E,15914970,51.611968740000165,159.159581,0.8812486106135043
16,1,1,5,Guard(300),15914970,68.98577774000033,88.687722,0.7294314653381688
16,1,1,5,Guard(600),15914970,54.65999637000007,159.159581,0.8546141026879869
16,1,1,5,Guard(1200),15914970,56.493212810000074,159.159581,0.8385949507223694
16,1,2,4,FCFS,15914970,289.6730294000001,0.0,0.0
16,1,2,4,SJF,15914970,47.03660265000002,703.395991,1.0
16,1,2,4,SPJF-E,15914970,80.77664023000024,333.811953,0.8609440551366008
16,1,2,4,Guard(300),15914970,198.07347476000072,131.104022,0.37751773658610116
16,1,2,4,Guard(600),15914970,109.15744777000032,203.649807,0.7439756018827034
16,1,2,4,Guard(1200),15914970,105.42077804000054,116.69684,0.7593758852616284
16,2,0,8,FCFS,15914970,38.99290219000003,0.0,0.0
16,2,0,8,SJF,15914970,17.824264,217.485089,1.0
16,2,0,8,SPJF-E,15914970,21.737935830000286,221.824714,0.8151193385765795
16,2,0,8,Guard(300),15914970,22.77135279000004,72.012279,0.7663010371476318
16,2,0,8,Guard(600),15914970,21.848284030000094,215.179848,0.8099065233255759
16,2,0,8,Guard(1200),15914970,21.778898270000134,84.256015,0.8131842854270953
16,2,1,5,FCFS,15914970,143.7411434000003,0.0,0.0
16,2,1,5,SJF,15914970,36.48589293000021,166.530044,1.0
16,2,1,5,SPJF-E,15914970,50.143853490000495,119.68918,0.8726592824113492
16,2,1,5,Guard(300),15914970,64.55393101000053,109.17094399999999,0.7383061625700915
16,2,1,5,Guard(600),15914970,52.13910249000006,119.68918,0.8540564728401978
16,2,1,5,Guard(1200),15914970,53.29609722000013,89.49175,0.843269171286847
16,2,2,4,FCFS,15914970,265.6581935400008,0.0,0.0
16,2,2,4,SJF,15914970,46.35370256000003,778.754405,1.0
16,2,2,4,SPJF-E,15914970,77.3431126500002,275.30663999999996,0.858692314272642
16,2,2,4,Guard(300),15914970,163.4498124600004,136.94299900000001,0.46605694495021166
16,2,2,4,Guard(600),15914970,99.71242352000026,208.444832,0.7566911615828871
16,2,2,4,Guard(1200),15914970,95.90587715000046,122.00229999999999,0.7740485187121896
16,3,0,7,FCFS,15914970,65.3454334800007,0.0,0.0
16,3,0,7,SJF,15914970,24.73519178000007,95.440382,1.0
16,3,0,7,SPJF-E,15914970,31.060821790000144,123.199249,0.8442355980855937
16,3,0,7,Guard(300),15914970,33.78502283000006,123.199249,0.7771539722207599
16,3,0,7,Guard(600),15914970,31.30320783000003,123.199249,0.8382670042074666
16,3,0,7,Guard(1200),15914970,31.901553330000098,122.835889,0.8235331470583215
16,3,1,5,FCFS,15914970,164.79316888000042,0.0,0.0
16,3,1,5,SJF,15914970,38.44636739000005,204.668005,1.0
16,3,1,5,SPJF-E,15914970,54.027675230000035,181.186727,0.876678256542702
16,3,1,5,Guard(300),15914970,76.2984172500002,131.742187,0.7004114911211589
16,3,1,5,Guard(600),15914970,57.95692697000022,154.789056,0.8455793154245831
16,3,1,5,Guard(1200),15914970,58.68241106000007,113.714554,0.8398373094422845
16,3,2,4,FCFS,15914970,332.66046153000013,0.0,0.0
16,3,2,4,SJF,15914970,47.854653730000095,306.144565,1.0
16,3,2,4,SPJF-E,15914970,86.16916231000025,648.772534,0.8654714632543384
16,3,2,4,Guard(300),15914970,241.15474541000108,90.733186,0.3212916085765265
16,3,2,4,Guard(600),15914970,128.45250303000043,162.307344,0.7170077045739223
16,3,2,4,Guard(1200),15914970,121.60093988000014,108.83081,0.7410646688715453
16,4,0,7,FCFS,15914970,56.89541572000074,0.0,0.0
16,4,0,7,SJF,15914970,25.574134,93.2488,1.0
16,4,0,7,SPJF-E,15914970,31.46767568000002,84.09289500000001,0.8118358714472212
16,4,0,7,Guard(300),15914970,33.3159748600002,84.09289500000001,0.7528249025946944
16,4,0,7,Guard(600),15914970,31.73376987000001,84.09289500000001,0.8033402360393614
16,4,0,7,Guard(1200),15914970,31.61075312000014,66.974123,0.8072678131768358
16,4,1,5,FCFS,15914970,146.18046545000024,0.0,0.0
16,4,1,5,SJF,15914970,36.95668620000008,313.61199799999997,1.0
16,4,1,5,SPJF-E,15914970,51.38439397000007,218.929977,0.867906898396395
16,4,1,5,Guard(300),15914970,66.27349344000004,127.05062099999999,0.7315895179483096
16,4,1,5,Guard(600),15914970,53.705008670000005,171.269067,0.8466604746237079
16,4,1,5,Guard(1200),15914970,55.39292543000001,113.60531999999999,0.8312067266249633
16,4,2,4,FCFS,15914970,278.4839877400047,0.0,0.0
16,4,2,4,SJF,15914970,47.17107483,387.315782,1.0
16,4,2,4,SPJF-E,15914970,80.18311537000024,519.9183830000001,0.8572840568012562
16,4,2,4,Guard(300),15914970,180.4303853900011,84.815658,0.4239002531957765
16,4,2,4,Guard(600),15914970,107.00969604000002,215.801356,0.7413087732232181
16,4,2,4,Guard(1200),15914970,102.1303785100005,142.62831899999998,0.7624027859552176
17,0,0,8,FCFS,15382224,28.11715999999988,0.0,0.0
17,0,0,8,SJF,15382224,16.89012079999964,102.349971,1.0
17,0,0,8,SPJF-E,15382224,20.38946939999958,240.90491600000001,0.6883106456063799
17,0,0,8,Guard(300),15382224,20.664471149999937,61.66435,0.6638160531228736
17,0,0,8,Guard(600),15382224,20.379249699999974,126.128299,0.6892209212202395
17,0,0,8,Guard(1200),15382224,20.450699249999893,86.403762,0.6828568613174365
17,0,1,5,FCFS,15382224,99.44314754999978,0.0,0.0
17,0,1,5,SJF,15382224,32.95599644999995,201.013536,1.0
17,0,1,5,SPJF-E,15382224,41.915889549999974,293.01603800000004,0.8652387273065149
17,0,1,5,Guard(300),15382224,45.76747524999996,83.105094,0.8073089523608713
17,0,1,5,Guard(600),15382224,42.49894704999988,155.01875800000002,0.8564692509437367
17,0,1,5,Guard(1200),15382224,42.84574799999996,94.855817,0.8512531912350199
17,0,2,4,FCFS,15382224,191.79731419999945,0.0,0.0
17,0,2,4,SJF,15382224,39.94370369999985,113.1147,1.0
17,0,2,4,SPJF-E,15382224,56.3935600499999,387.451966,0.8916729322678824
17,0,2,4,Guard(300),15382224,78.33201049999937,87.193609,0.7472018829608293
17,0,2,4,Guard(600),15382224,61.04294124999997,173.649231,0.8610554106647325
17,0,2,4,Guard(1200),15382224,62.443363099999914,174.890599,0.8518332272382807
17,1,0,8,FCFS,15382224,28.600504749999992,0.0,0.0
17,1,0,8,SJF,15382224,16.85944799999988,44.272782,1.0
17,1,0,8,SPJF-E,15382224,20.503161699999943,269.24947899999995,0.6896604984044534
17,1,0,8,Guard(300),15382224,20.855033,74.575464,0.6596911943211516
17,1,0,8,Guard(600),15382224,20.507082,128.69904,0.6893266017132499
17,1,0,8,Guard(1200),15382224,20.507837349999704,87.990561,0.6892622676404498
17,1,1,5,FCFS,15382224,101.65254764999983,0.0,0.0
17,1,1,5,SJF,15382224,33.69069329999988,229.896404,1.0
17,1,1,5,SPJF-E,15382224,42.67247904999992,251.231763,0.8678407786852854
17,1,1,5,Guard(300),15382224,46.81125644999994,83.247181,0.8069422431820378
17,1,1,5,Guard(600),15382224,43.34166989999997,165.49836,0.8579942131905631
17,1,1,5,Guard(1200),15382224,43.69060369999997,94.995793,0.8528599536366227
17,1,2,4,FCFS,15382224,198.9792155999982,0.0,0.0
17,1,2,4,SJF,15382224,39.818070149999926,327.956607,1.0
17,1,2,4,SPJF-E,15382224,56.00489424999991,333.92377000000005,0.8982991479846746
17,1,2,4,Guard(300),15382224,79.7376483499998,83.112639,0.7491876670833528
17,1,2,4,Guard(600),15382224,62.388680099999846,164.233798,0.8581902015960884
17,1,2,4,Guard(1200),15382224,63.61666394999994,118.830452,0.850474852183842
17,2,0,9,FCFS,15382224,23.045798,0.0,0.0
17,2,0,9,SJF,15382224,13.34349754999992,65.178827,1.0
17,2,0,9,SPJF-E,15382224,16.584673699999858,49.463919,0.6659373550939757
17,2,0,9,Guard(300),15382224,16.785888249999772,46.684768999999996,0.6451985054740473
17,2,0,9,Guard(600),15382224,16.584673699999858,49.463919,0.6659373550939757
17,2,0,9,Guard(1200),15382224,16.606021999999893,49.463919,0.6637370212545887
17,2,1,5,FCFS,15382224,112.44611004999992,0.0,0.0
17,2,1,5,SJF,15382224,33.84688264999999,150.638878,1.0
17,2,1,5,SPJF-E,15382224,44.299200149999656,394.618479,0.8670175541700085
17,2,1,5,Guard(300),15382224,50.11075709999994,82.31985399999999,0.7930784437965103
17,2,1,5,Guard(600),15382224,45.52399174999987,167.685267,0.8514348106683821
17,2,1,5,Guard(1200),15382224,45.63133979999986,94.997131,0.8500690459713109
17,2,2,4,FCFS,15382224,220.53299119999963,0.0,0.0
17,2,2,4,SJF,15382224,40.556307,401.461909,1.0
17,2,2,4,SPJF-E,15382224,58.87697494999976,577.2949560000001,0.8982053256985174
17,2,2,4,Guard(300),15382224,94.18537289999973,82.748706,0.7020221472665633
17,2,2,4,Guard(600),15382224,68.04586809999968,157.953271,0.8472604314153727
17,2,2,4,Guard(1200),15382224,68.6986995999999,109.85943,0.8436331198949828
17,3,0,7,FCFS,15382224,44.398728,0.0,0.0
17,3,0,7,SJF,15382224,22.899313349999964,154.212823,1.0
17,3,0,7,SPJF-E,15382224,28.147962299999957,261.24781399999995,0.7558701464460575
17,3,0,7,Guard(300),15382224,28.940986399999368,82.19272,0.7189843003470147
17,3,0,7,Guard(600),15382224,28.17367,131.528017,0.7546744069146074
17,3,0,7,Guard(1200),15382224,28.263548399999898,94.367198,0.7504939024002718
17,3,1,5,FCFS,15382224,108.03183,0.0,0.0
17,3,1,5,SJF,15382224,33.33137044999992,221.550745,1.0
17,3,1,5,SPJF-E,15382224,42.83505479999946,721.002791,0.8727760925802828
17,3,1,5,Guard(300),15382224,47.351990849999424,83.032591,0.8123087798326739
17,3,1,5,Guard(600),15382224,43.452596499999956,166.37405900000002,0.8645091862758156
17,3,1,5,Guard(1200),15382224,43.975186,133.81518599999998,0.8575133859400728
17,3,2,4,FCFS,15382224,207.5485170499995,0.0,0.0
17,3,2,4,SJF,15382224,39.67692354999993,226.435395,1.0
17,3,2,4,SPJF-E,15382224,57.20679089999953,400.044577,0.8955757374758009
17,3,2,4,Guard(300),15382224,83.96883769999987,83.144462,0.7361559914542657
17,3,2,4,Guard(600),15382224,65.2308851499998,166.895275,0.8477767377599836
17,3,2,4,Guard(1200),15382224,65.0797352999993,118.597584,0.8486771274378865
17,4,0,8,FCFS,15382224,29.022088,0.0,0.0
17,4,0,8,SJF,15382224,15.936665,61.898056,1.0
17,4,0,8,SPJF-E,15382224,19.999887,246.026231,0.689484856546097
17,4,0,8,Guard(300),15382224,20.36897349999994,81.802466,0.6612789284687289
17,4,0,8,Guard(600),15382224,20.00349534999993,141.091897,0.6892091031371373
17,4,0,8,Guard(1200),15382224,20.049346149999963,81.802466,0.6857051430435254
17,4,1,5,FCFS,15382224,110.82076544999988,0.0,0.0
17,4,1,5,SJF,15382224,34.19647614999991,201.82819700000002,1.0
17,4,1,5,SPJF-E,15382224,43.50990559999995,275.623981,0.878453300708134
17,4,1,5,Guard(300),15382224,48.79315909999967,82.428454,0.8095031864784974
17,4,1,5,Guard(600),15382224,44.45035079999964,166.334217,0.8661798400523666
17,4,1,5,Guard(1200),15382224,44.577282049999816,92.899226,0.8645232994024009
17,4,2,4,FCFS,15382224,213.83917684999975,0.0,0.0
17,4,2,4,SJF,15382224,40.00790034999998,235.993283,1.0
17,4,2,4,SPJF-E,15382224,57.79106914999995,355.98715500000003,0.897698681399259
17,4,2,4,Guard(300),15382224,89.59826814999859,82.90216099999999,0.7147212584612259
17,4,2,4,Guard(600),15382224,67.36761629999984,166.365259,0.8426076336728742
17,4,2,4,Guard(1200),15382224,67.41580579999959,113.418637,0.8423304137101032
18,0,0,8,FCFS,15386814,37.77500541999998,0.0,0.0
18,0,0,8,SJF,15386814,19.56608271999999,418.715239,1.0
18,0,0,8,SPJF-E,15386814,24.081608209999978,174.90111399999998,0.75201578015376
18,0,0,8,Guard(300),15386814,25.55378269999996,119.15706899999999,0.6711667088355548
18,0,0,8,Guard(600),15386814,24.458490089999987,141.993845,0.7313181317420827
18,0,0,8,Guard(1200),15386814,24.16690472999989,109.953735,0.7473314547049013
18,0,1,5,FCFS,15386814,170.94483575,0.0,0.0
18,0,1,5,SJF,15386814,34.62403689999997,994.9461,1.0
18,0,1,5,SPJF-E,15386814,48.40833925999992,392.431803,0.8988833510639308
18,0,1,5,Guard(300),15386814,78.06176402999972,96.888239,0.681356568502828
18,0,1,5,Guard(600),15386814,56.79325617999998,150.73808300000002,0.8373746378614328
18,0,1,5,Guard(1200),15386814,53.28635902999988,96.888239,0.8630999650278244
18,0,2,4,FCFS,15386814,405.4092502699998,0.0,0.0
18,0,2,4,SJF,15386814,44.448446599999954,1559.412683,1.0
18,0,2,4,SPJF-E,15386814,78.71606980999974,742.210298,0.9050655282745653
18,0,2,4,Guard(300),15386814,280.46564165999877,98.672916,0.34614176204081115
18,0,2,4,Guard(600),15386814,129.2058492999995,195.275222,0.7651894559236214
18,0,2,4,Guard(1200),15386814,107.21416498999986,167.944627,0.8261148641297297
18,1,0,8,FCFS,15386814,30.181480829999977,0.0,0.0
18,1,0,8,SJF,15386814,13.749869899999966,186.564574,1.0
18,1,0,8,SPJF-E,15386814,17.29219093999996,160.17590199999998,0.7844203435018899
18,1,0,8,Guard(300),15386814,18.27256000999996,120.935585,0.724756743007912
18,1,0,8,Guard(600),15386814,17.57027064999993,144.782772,0.7674968835207223
18,1,0,8,Guard(1200),15386814,17.291769449999986,144.693899,0.784445994669129
18,1,1,5,FCFS,15386814,139.32634846000002,0.0,0.0
18,1,1,5,SJF,15386814,35.10293237999998,1058.671419,1.0
18,1,1,5,SPJF-E,15386814,47.64221567999998,368.330709,0.8796884253882536
18,1,1,5,Guard(300),15386814,67.21514966999929,107.40421500000001,0.691890570298036
18,1,1,5,Guard(600),15386814,53.468588369999964,157.147492,0.8237857030525382
18,1,1,5,Guard(1200),15386814,52.30254087999995,99.662146,0.8349736638185236
18,1,2,4,FCFS,15386814,301.0066334199999,0.0,0.0
18,1,2,4,SJF,15386814,43.62568844999997,1569.756166,1.0
18,1,2,4,SPJF-E,15386814,73.15347365999995,762.529658,0.8852759468520807
18,1,2,4,Guard(300),15386814,201.95205612999874,102.25996699999999,0.3848559080453562
18,1,2,4,Guard(600),15386814,110.99182718999968,192.18323900000001,0.7382629131777729
18,1,2,4,Guard(1200),15386814,97.75472543999979,114.017032,0.7896929122071992
18,2,0,7,FCFS,15386814,52.33879598999987,0.0,0.0
18,2,0,7,SJF,15386814,23.342486109999935,623.148582,1.0
18,2,0,7,SPJF-E,15386814,29.098590999999935,200.75585999999998,0.8014883647670545
18,2,0,7,Guard(300),15386814,31.889866039999827,81.852492,0.7052252522692412
18,2,0,7,Guard(600),15386814,30.096090389999986,144.793272,0.767087456716059
18,2,0,7,Guard(1200),15386814,29.50546776,92.00373300000001,0.7874563461521374
18,2,1,5,FCFS,15386814,167.2684428799997,0.0,0.0
18,2,1,5,SJF,15386814,34.63518607999992,1060.6733170000002,1.0
18,2,1,5,SPJF-E,15386814,48.65501770999985,387.698807,0.8942962574526787
18,2,1,5,Guard(300),15386814,75.94067921999999,105.757284,0.6885736342711888
18,2,1,5,Guard(600),15386814,57.08448655999994,157.710555,0.8307415423429454
18,2,1,5,Guard(1200),15386814,54.885321149999974,105.757284,0.8473223416315893
18,2,2,4,FCFS,15386814,353.8076756699977,0.0,0.0
18,2,2,4,SJF,15386814,43.65078112,1672.1589540000002,1.0
18,2,2,4,SPJF-E,15386814,78.34131204999997,781.897099,0.8881516692371711
18,2,2,4,Guard(300),15386814,240.74428201999933,129.764715,0.3645361287681206
18,2,2,4,Guard(600),15386814,124.10953031999954,197.125311,0.7405869396624698
18,2,2,4,Guard(1200),15386814,104.75088152999938,109.971394,0.8030026045410059
18,3,0,8,FCFS,15386814,35.254618769999745,0.0,0.0
18,3,0,8,SJF,15386814,17.664169149999992,224.2227,1.0
18,3,0,8,SPJF-E,15386814,21.413116889999998,181.620164,0.7868759570683413
18,3,0,8,Guard(300),15386814,22.978084579999884,81.85023000000001,0.697909061746884
18,3,0,8,Guard(600),15386814,21.813622579999883,147.025801,0.7641075970404928
18,3,0,8,Guard(1200),15386814,21.527765319999972,107.30225300000001,0.780358305019833
18,3,1,5,FCFS,15386814,167.65643372999946,0.0,0.0
18,3,1,5,SJF,15386814,35.202756369999996,1078.4608770000002,1.0
18,3,1,5,SPJF-E,15386814,47.92490564999999,509.522879,0.9039501995446897
18,3,1,5,Guard(300),15386814,76.74675769999993,146.96339200000003,0.6863507140153885
18,3,1,5,Guard(600),15386814,55.34154125999992,314.489233,0.8479560153300676
18,3,1,5,Guard(1200),15386814,53.592779649999954,146.849198,0.8611588319287111
18,3,2,4,FCFS,15386814,388.8716447999999,0.0,0.0
18,3,2,4,SJF,15386814,43.965465419999994,1223.312849,1.0
18,3,2,4,SPJF-E,15386814,75.15376758999997,794.955054,0.9095745334975912
18,3,2,4,Guard(300),15386814,297.57469868999993,86.551617,0.2647008130562186
18,3,2,4,Guard(600),15386814,130.41934801999983,160.997588,0.7493408707393747
18,3,2,4,Guard(1200),15386814,105.13658292999969,99.90476,0.8226441821948208
18,4,0,8,FCFS,15386814,31.326407,0.0,0.0
18,4,0,8,SJF,15386814,15.497815309999996,375.25019000000003,1.0
18,4,0,8,SPJF-E,15386814,19.059706939999995,93.59600900000001,0.774971033446375
18,4,0,8,Guard(300),15386814,20.296955559999994,93.59600900000001,0.6968056069680577
18,4,0,8,Guard(600),15386814,19.522882129999978,93.59600900000001,0.7457091004158702
18,4,0,8,Guard(1200),15386814,19.05544974999998,91.933954,0.7752399891490295
18,4,1,5,FCFS,15386814,144.81885169999984,0.0,0.0
18,4,1,5,SJF,15386814,34.392009629999976,1362.066434,1.0
18,4,1,5,SPJF-E,15386814,46.269394919999996,366.44851,0.892441139605614
18,4,1,5,Guard(300),15386814,68.90628744999997,119.975348,0.6874466644792641
18,4,1,5,Guard(600),15386814,53.233376199999896,164.187017,0.8293769321225691
18,4,1,5,Guard(1200),15386814,51.305518969999994,119.791729,0.8468351623305636
18,4,2,4,FCFS,15386814,308.77241856999996,0.0,0.0
18,4,2,4,SJF,15386814,43.09917204999999,2303.150052,1.0
18,4,2,4,SPJF-E,15386814,72.2680429399999,749.218385,0.8902077221847625
18,4,2,4,Guard(300),15386814,209.44622601999984,110.40715200000001,0.3738659946044767
18,4,2,4,Guard(600),15386814,111.24845312999966,188.038659,0.7434845925486541
18,4,2,4,Guard(1200),15386814,93.74477851999983,111.889343,0.8093688125040952
19,0,0,8,FCFS,15760122,35.53883249999993,0.0,0.0
19,0,0,8,SJF,15760122,17.05917204999999,141.602798,1.0
19,0,0,8,SPJF-E,15760122,21.807692399999976,157.43998200000001,0.7430407142572795
19,0,0,8,Guard(300),15760122,22.261565899999944,57.839865,0.7184800086518921
19,0,0,8,Guard(600),15760122,21.83100344999997,143.301265,0.7417792706250729
19,0,0,8,Guard(1200),15760122,21.782149949999702,102.62057,0.7444229068613797
19,0,1,5,FCFS,15760122,129.89820344999936,0.0,0.0
19,0,1,5,SJF,15760122,35.14535809999992,153.958687,1.0
19,0,1,5,SPJF-E,15760122,45.807786,265.415857,0.8874711586695361
19,0,1,5,Guard(300),15760122,56.3827954499996,92.476537,0.7758649117970808
19,0,1,5,Guard(600),15760122,47.686439599999886,153.60170499999998,0.8676442754444414
19,0,1,5,Guard(1200),15760122,47.65714044999995,98.43355700000001,0.8679534920161623
19,0,2,4,FCFS,15760122,295.8403046999997,0.0,0.0
19,0,2,4,SJF,15760122,43.88895884999997,188.872959,1.0
19,0,2,4,SPJF-E,15760122,69.82269764999958,488.769997,0.897068464895443
19,0,2,4,Guard(300),15760122,176.5768583999992,129.161204,0.47335903643477456
19,0,2,4,Guard(600),15760122,99.61371944999945,157.788208,0.7788272953573526
19,0,2,4,Guard(1200),15760122,91.51620219999865,128.165662,0.8109665055000193
19,1,0,7,FCFS,15760122,46.37076089999966,0.0,0.0
19,1,0,7,SJF,15760122,20.19213824999993,191.134277,1.0
19,1,0,7,SPJF-E,15760122,25.953064749999985,179.289972,0.7799377539062348
19,1,0,7,Guard(300),15760122,26.74073494999983,62.52119999999999,0.7498494558880099
19,1,0,7,Guard(600),15760122,25.986696,144.62910499999998,0.7786530701988582
19,1,0,7,Guard(1200),15760122,26.161009449999984,105.450013,0.7719944521221739
19,1,1,5,FCFS,15760122,118.14117084999931,0.0,0.0
19,1,1,5,SJF,15760122,34.493523999999994,188.583169,1.0
19,1,1,5,SPJF-E,15760122,45.05898289999997,268.388109,0.8736909010848036
19,1,1,5,Guard(300),15760122,52.75717014999983,69.047018,0.7816597736126276
19,1,1,5,Guard(600),15760122,46.090604399999805,149.498229,0.8613579600057822
19,1,1,5,Guard(1200),15760122,46.25420834999998,123.90470400000001,0.8594020896835296
19,1,2,4,FCFS,15760122,262.48600669999746,0.0,0.0
19,1,2,4,SJF,15760122,43.80652514999984,107.634433,1.0
19,1,2,4,SPJF-E,15760122,68.70080384999949,515.595737,0.8861608847636309
19,1,2,4,Guard(300),15760122,155.7932758999996,100.887719,0.4878954808368898
19,1,2,4,Guard(600),15760122,92.40539264999981,209.017681,0.7777621057287508
19,1,2,4,Guard(1200),15760122,83.65174744999968,126.890129,0.817791673834338
19,2,0,8,FCFS,15760122,34.70233644999934,0.0,0.0
19,2,0,8,SJF,15760122,16.539061749999984,65.40340599999999,1.0
19,2,0,8,SPJF-E,15760122,20.69394559999971,206.305718,0.7712480861174293
19,2,0,8,Guard(300),15760122,21.445016799999674,59.720895999999996,0.7298969964926059
19,2,0,8,Guard(600),15760122,20.72363774999989,156.712277,0.7696133506145753
19,2,0,8,Guard(1200),15760122,20.848501999999996,116.678487,0.7627388055745166
19,2,1,5,FCFS,15760122,138.76291539999963,0.0,0.0
19,2,1,5,SJF,15760122,34.19705099999999,101.974975,1.0
19,2,1,5,SPJF-E,15760122,45.366973799999975,184.15491200000002,0.8931781144440094
19,2,1,5,Guard(300),15760122,58.45213719999997,86.681677,0.7680401119507212
19,2,1,5,Guard(600),15760122,47.78218964999984,144.84472399999999,0.8700805590050675
19,2,1,5,Guard(1200),15760122,47.041833699999884,96.259361,0.8771608423675983
19,2,2,4,FCFS,15760122,309.37579829999777,0.0,0.0
19,2,2,4,SJF,15760122,43.524164199999916,240.67727100000002,1.0
19,2,2,4,SPJF-E,15760122,68.92140114999935,294.453582,0.9044683812609311
19,2,2,4,Guard(300),15760122,192.69158209999793,76.737325,0.43890727470988594
19,2,2,4,Guard(600),15760122,100.32453589999844,150.887217,0.7863455987686969
19,2,2,4,Guard(1200),15760122,90.62412339999992,100.130256,0.822833666757588
19,3,0,8,FCFS,15760122,30.36751614999992,0.0,0.0
19,3,0,8,SJF,15760122,15.091910849999998,108.61573299999999,1.0
19,3,0,8,SPJF-E,15760122,19.139620599999954,76.945835,0.735021318598748
19,3,0,8,Guard(300),15760122,19.5032817999998,46.803689,0.7112146547803362
19,3,0,8,Guard(600),15760122,19.143199549999917,76.945835,0.734787026737334
19,3,0,8,Guard(1200),15760122,19.20733449999999,76.945835,0.7305885057137464
19,3,1,5,FCFS,15760122,116.6752131999996,0.0,0.0
19,3,1,5,SJF,15760122,34.68159029999999,179.164261,1.0
19,3,1,5,SPJF-E,15760122,44.883541149999914,376.705668,0.8755762888725828
19,3,1,5,Guard(300),15760122,53.01230154999994,125.15501300000001,0.7764373544957721
19,3,1,5,Guard(600),15760122,45.97037914999987,210.320866,0.8623211360745966
19,3,1,5,Guard(1200),15760122,46.51796724999995,124.992255,0.8556427130383574
19,3,2,4,FCFS,15760122,259.34351384999917,0.0,0.0
19,3,2,4,SJF,15760122,43.28205274999995,151.465123,1.0
19,3,2,4,SPJF-E,15760122,67.50108069999972,389.584183,0.8879067658494147
19,3,2,4,Guard(300),15760122,147.31232064999995,67.06652399999999,0.5185153920075921
19,3,2,4,Guard(600),15760122,90.54217024999977,155.51748600000002,0.781265398931434
19,3,2,4,Guard(1200),15760122,81.85131394999974,110.190644,0.8214893993420286
19,4,0,8,FCFS,15760122,35.09852139999967,0.0,0.0
19,4,0,8,SJF,15760122,15.953331399999886,113.78079600000001,1.0
19,4,0,8,SPJF-E,15760122,20.12492259999982,77.41272599999999,0.782107610318833
19,4,0,8,Guard(300),15760122,20.617191499999937,59.859356,0.7563952042262259
19,4,0,8,Guard(600),15760122,20.14422604999996,77.41272599999999,0.7810993440127717
19,4,0,8,Guard(1200),15760122,20.11061249999988,77.35657099999999,0.7828550617674704
19,4,1,5,FCFS,15760122,149.92081904999904,0.0,0.0
19,4,1,5,SJF,15760122,34.588309149999915,171.570039,1.0
19,4,1,5,SPJF-E,15760122,45.4043120999999,239.302376,0.906218958042462
19,4,1,5,Guard(300),15760122,61.4659502499996,74.269092,0.7669552052296065
19,4,1,5,Guard(600),15760122,48.857840349999705,182.621576,0.8762748576930094
19,4,1,5,Guard(1200),15760122,47.65297524999997,106.517553,0.8867217395049498
19,4,2,4,FCFS,15760122,356.49729794999996,0.0,0.0
19,4,2,4,SJF,15760122,43.50972489999994,95.179772,1.0
19,4,2,4,SPJF-E,15760122,68.3858234999995,1627.22015,0.9205204910930262
19,4,2,4,Guard(300),15760122,249.82200814999942,83.355541,0.3408291542072153
19,4,2,4,Guard(600),15760122,120.8874949499998,194.226271,0.7527768617265878
19,4,2,4,Guard(1200),15760122,94.9933257499998,137.25920599999998,0.8355091215018452
20,0,0,8,FCFS,12403255,40.34864042000003,0.0,0.0
20,0,0,8,SJF,12403255,17.34002744,95.842968,1.0
20,0,0,8,SPJF-E,12403255,21.475199170000003,199.53030099999998,0.8202772268978381
20,0,0,8,Guard(300),12403255,22.264814,62.089469,0.7859589987331781
20,0,0,8,Guard(600),12403255,21.478409130000003,149.713351,0.8201377156633803
20,0,0,8,Guard(1200),12403255,21.561398790000005,99.772203,0.8165308202771987
20,0,1,5,FCFS,12403255,172.79492942000016,0.0,0.0
20,0,1,5,SJF,12403255,36.44685431000006,192.513992,1.0
20,0,1,5,SPJF-E,12403255,47.260560980000015,443.888411,0.9206904339406634
20,0,1,5,Guard(300),12403255,65.46737683,103.261703,0.7871585462677977
20,0,1,5,Guard(600),12403255,51.81728463000001,154.79546399999998,0.8872706467795772
20,0,1,5,Guard(1200),12403255,49.84364539000006,104.327867,0.9017456530340308
20,0,2,4,FCFS,12403255,382.46032051000003,0.0,0.0
20,0,2,4,SJF,12403255,44.808724980000015,226.802361,1.0
20,0,2,4,SPJF-E,12403255,67.57668193000002,599.0153750000001,0.9325696746249283
20,0,2,4,Guard(300),12403255,344.3689810400007,104.1956,0.11281255582461767
20,0,2,4,Guard(600),12403255,125.85996626000001,231.058048,0.7599559950167667
20,0,2,4,Guard(1200),12403255,87.01360386000049,110.987449,0.8750046514255235
20,1,0,9,FCFS,12403255,29.956960350000017,0.0,0.0
20,1,0,9,SJF,12403255,13.05974797000005,165.705233,1.0
20,1,0,9,SPJF-E,12403255,16.542900380000006,180.956652,0.793862305114735
20,1,0,9,Guard(300),12403255,16.83739122000002,74.16920800000001,0.776433936850359
20,1,0,9,Guard(600),12403255,16.5779961800001,140.341521,0.7917852879588381
20,1,0,9,Guard(1200),12403255,16.548493530000002,103.177667,0.7935312948939831
20,1,1,5,FCFS,12403255,209.32478159000013,0.0,0.0
20,1,1,5,SJF,12403255,36.00359643,204.605156,1.0
20,1,1,5,SPJF-E,12403255,46.817682540000014,464.750018,0.9376066687980636
20,1,1,5,Guard(300),12403255,73.75555642000009,83.338144,0.7821849651261635
20,1,1,5,Guard(600),12403255,54.53879615000004,164.973814,0.8930586604119433
20,1,1,5,Guard(1200),12403255,49.78315650000001,106.258027,0.9204969660386321
20,1,2,4,FCFS,12403255,445.99646325000015,0.0,0.0
20,1,2,4,SJF,12403255,45.026832020000036,869.432262,1.0
20,1,2,4,SPJF-E,12403255,69.68595293000001,385.21783700000003,0.938501275434859
20,1,2,4,Guard(300),12403255,408.2639608700003,96.087993,0.09410314258527007
20,1,2,4,Guard(600),12403255,146.93053067000045,171.14933200000002,0.7458568162945302
20,1,2,4,Guard(1200),12403255,97.49607686000004,92.311781,0.8691440928355416
20,2,0,8,FCFS,12403255,36.89638898000019,0.0,0.0
20,2,0,8,SJF,12403255,16.895473,76.147989,1.0
20,2,0,8,SPJF-E,12403255,20.54845406000007,121.079632,0.817359311760879
20,2,0,8,Guard(300),12403255,21.261992390000152,76.402898,0.7816840291531433
20,2,0,8,Guard(600),12403255,20.587107850000002,121.079632,0.815426710772075
20,2,0,8,Guard(1200),12403255,20.681541260000046,96.244793,0.8107052565099566
20,2,1,5,FCFS,12403255,161.75376364000002,0.0,0.0
20,2,1,5,SJF,12403255,36.06308269000003,129.400216,1.0
20,2,1,5,SPJF-E,12403255,46.2302051800001,255.249464,0.9191099736817834
20,2,1,5,Guard(300),12403255,62.81100178000011,83.33573100000001,0.7871925039483201
20,2,1,5,Guard(600),12403255,50.78127696000005,198.264353,0.8829014676445668
20,2,1,5,Guard(1200),12403255,47.96163441000003,91.525571,0.9053346546452933
20,2,2,4,FCFS,12403255,388.94859186000025,0.0,0.0
20,2,2,4,SJF,12403255,44.52880218000003,1434.427374,1.0
20,2,2,4,SPJF-E,12403255,66.0360762800001,443.33054,0.9375550571005735
20,2,2,4,Guard(300),12403255,321.58117385000025,142.783089,0.1955968269784699
20,2,2,4,Guard(600),12403255,122.18582045000024,222.454756,0.7745280015931977
20,2,2,4,Guard(1200),12403255,87.29866632000007,97.449814,0.8758205381295383
20,3,0,7,FCFS,12403255,52.022267500000076,0.0,0.0
20,3,0,7,SJF,12403255,23.193308020000053,96.323297,1.0
20,3,0,7,SPJF-E,12403255,28.22700989000001,189.419944,0.8253942576910531
20,3,0,7,Guard(300),12403255,29.32970205000005,104.19358,0.7871447967361743
20,3,0,7,Guard(600),12403255,28.24360210000004,144.549226,0.8248187180150013
20,3,0,7,Guard(1200),12403255,28.340114950000014,91.97765700000001,0.8214709437026148
20,3,1,5,FCFS,12403255,165.5595453200002,0.0,0.0
20,3,1,5,SJF,12403255,35.68738589000004,166.507091,1.0
20,3,1,5,SPJF-E,12403255,46.01410193,349.731817,0.9204855291132201
20,3,1,5,Guard(300),12403255,63.87659531000004,86.17846,0.7829464794939849
20,3,1,5,Guard(600),12403255,50.501484409999996,180.646358,0.885933223987204
20,3,1,5,Guard(1200),12403255,47.422315440000006,93.822456,0.9096424545375718
20,3,2,4,FCFS,12403255,424.3933343,0.0,0.0
20,3,2,4,SJF,12403255,45.41260196,178.801782,1.0
20,3,2,4,SPJF-E,12403255,67.36558718000013,477.832226,0.9420736112771423
20,3,2,4,Guard(300),12403255,357.6694024600007,92.55039500000001,0.17606154125043585
20,3,2,4,Guard(600),12403255,130.81565526000037,162.688878,0.774650672152426
20,3,2,4,Guard(1200),12403255,90.18157114000006,110.069653,0.881870065257471
20,4,0,8,FCFS,12403255,36.31074871000011,0.0,0.0
20,4,0,8,SJF,12403255,14.694261,77.129887,1.0
20,4,0,8,SPJF-E,12403255,18.567796950000012,99.746676,0.8208064139759366
20,4,0,8,Guard(300),12403255,19.029194920000027,80.454868,0.7994616896992649
20,4,0,8,Guard(600),12403255,18.567796950000012,99.746676,0.8208064139759366
20,4,0,8,Guard(1200),12403255,18.632649,86.08465,0.8178062943047846
20,4,1,5,FCFS,12403255,168.04501872,0.0,0.0
20,4,1,5,SJF,12403255,35.875748900000005,1244.572399,1.0
20,4,1,5,SPJF-E,12403255,45.218809630000045,218.03895,0.9293098861579225
20,4,1,5,Guard(300),12403255,60.24027898000008,84.015562,0.8156566188707716
20,4,1,5,Guard(600),12403255,48.710169250000106,170.98766600000002,0.9028940663175398
20,4,1,5,Guard(1200),12403255,46.422192020000004,110.69228100000001,0.9202050284883686
20,4,2,4,FCFS,12403255,465.64739182000034,0.0,0.0
20,4,2,4,SJF,12403255,43.550882,5469.553417,1.0
20,4,2,4,SPJF-E,12403255,63.536688800000064,370.147978,0.9526510967633378
20,4,2,4,Guard(300),12403255,407.8170341500002,101.711321,0.13700742916510117
20,4,2,4,Guard(600),12403255,136.5602944300001,212.711503,0.7796489422059821
20,4,2,4,Guard(1200),12403255,85.93738952000004,95.68198299999999,0.899581004500427
21,0,0,8,FCFS,11139425,20.41805878999969,0.0,0.0
21,0,0,8,SJF,11139425,9.373657179999995,429.68334300000004,1.0
21,0,0,8,SPJF-E,11139425,11.10218050999999,68.977498,0.843493256489788
21,0,0,8,Guard(300),11139425,11.947318029999597,68.977498,0.7669714538749309
21,0,0,8,Guard(600),11139425,11.20566074999996,68.977498,0.834123781922123
21,0,0,8,Guard(1200),11139425,11.07002916999955,68.977498,0.8464043549028817
21,0,1,5,FCFS,11139425,97.42668462999954,0.0,0.0
21,0,1,5,SJF,11139425,23.39056264999983,1281.6499489999999,1.0
21,0,1,5,SPJF-E,11139425,28.294725109999998,273.26187200000004,0.9337598684419885
21,0,1,5,Guard(300),11139425,36.307859939999865,87.38945700000001,0.8255270948215043
21,0,1,5,Guard(600),11139425,31.07035440999979,154.018114,0.8962696646634923
21,0,1,5,Guard(1200),11139425,30.016920169999885,79.838368,0.9104983170000434
21,0,2,4,FCFS,11139425,237.61966937999813,0.0,0.0
21,0,2,4,SJF,11139425,33.25687861999976,1117.611784,1.0
21,0,2,4,SPJF-E,11139425,41.29862009999993,234.759046,0.9606496786910474
21,0,2,4,Guard(300),11139425,80.63770693999969,76.317329,0.7681533505008574
21,0,2,4,Guard(600),11139425,51.75145387999996,155.68364200000002,0.9095012590539535
21,0,2,4,Guard(1200),11139425,48.38517112999884,97.819284,0.92597335134376
21,1,0,8,FCFS,11139425,23.14336275999996,0.0,0.0
21,1,0,8,SJF,11139425,10.572466,256.30829900000003,1.0
21,1,0,8,SPJF-E,11139425,11.83885652999981,258.756995,0.899260128041986
21,1,0,8,Guard(300),11139425,12.909135,106.296895,0.814120738988552
21,1,0,8,Guard(600),11139425,12.07178681999998,258.756995,0.8807307983969168
21,1,0,8,Guard(1200),11139425,11.977171779999892,87.69861300000001,0.8882573131560826
21,1,1,5,FCFS,11139425,110.99269709999986,0.0,0.0
21,1,1,5,SJF,11139425,24.570778,1089.3487969999999,1.0
21,1,1,5,SPJF-E,11139425,29.742343149999794,169.936205,0.9401591031088339
21,1,1,5,Guard(300),11139425,40.150988189999744,78.367188,0.8197192291926346
21,1,1,5,Guard(600),11139425,33.22433887999992,153.992408,0.8998684480729157
21,1,1,5,Guard(1200),11139425,31.414163419999944,91.675101,0.9208142391274442
21,1,2,4,FCFS,11139425,303.31991141999094,0.0,0.0
21,1,2,4,SJF,11139425,32.95101484999998,1578.58339,1.0
21,1,2,4,SPJF-E,11139425,41.3760920899995,145.033956,0.968838585551506
21,1,2,4,Guard(300),11139425,98.7466971899992,80.87270799999999,0.7566447798740542
21,1,2,4,Guard(600),11139425,55.76187688999978,145.033956,0.9156305983070256
21,1,2,4,Guard(1200),11139425,50.084099129999686,86.832039,0.9366307127137887
21,2,0,8,FCFS,11139425,18.423942,0.0,0.0
21,2,0,8,SJF,11139425,7.960563939999823,116.554107,1.0
21,2,0,8,SPJF-E,11139425,9.337409,197.83944899999997,0.868412949230647
21,2,0,8,Guard(300),11139425,10.083018419999767,76.35186499999999,0.797153991012353
21,2,0,8,Guard(600),11139425,9.577339759999983,169.624741,0.8454824234841675
21,2,0,8,Guard(1200),11139425,9.460135439999878,91.242423,0.8566838079059116
21,2,1,5,FCFS,11139425,95.76547517999964,0.0,0.0
21,2,1,5,SJF,11139425,24.790849019999822,700.080328,1.0
21,2,1,5,SPJF-E,11139425,30.000238489999653,245.53665800000002,0.9266020865223557
21,2,1,5,Guard(300),11139425,37.88508227999928,78.828492,0.815508246137418
21,2,1,5,Guard(600),11139425,32.18175038999981,167.752424,0.8958655822527547
21,2,1,5,Guard(1200),11139425,31.21531777999969,74.230615,0.9094821754253832
21,2,2,4,FCFS,11139425,252.90862750999995,0.0,0.0
21,2,2,4,SJF,11139425,32.32005904999987,1137.189605,1.0
21,2,2,4,SPJF-E,11139425,39.98448623999995,197.411221,0.9652546492163764
21,2,2,4,Guard(300),11139425,72.32822492999915,92.914677,0.8186299219433301
21,2,2,4,Guard(600),11139425,50.79021534999952,161.781043,0.9162687512369939
21,2,2,4,Guard(1200),11139425,47.59992861999952,92.461969,0.93073136256936
21,3,0,8,FCFS,11139425,23.83983099999987,0.0,0.0
21,3,0,8,SJF,11139425,9.328308,610.691115,1.0
21,3,0,8,SPJF-E,11139425,11.151245,78.17821799999999,0.8743800357825973
21,3,0,8,Guard(300),11139425,11.89893603999971,71.749726,0.8228560820253166
21,3,0,8,Guard(600),11139425,11.386524,78.17821799999999,0.8581667823563373
21,3,0,8,Guard(1200),11139425,10.976519,69.66531099999999,0.8864205362869207
21,3,1,5,FCFS,11139425,115.30646351999964,0.0,0.0
21,3,1,5,SJF,11139425,26.847670069999886,1274.526326,1.0
21,3,1,5,SPJF-E,11139425,32.59383240999997,185.419195,0.9350413665403653
21,3,1,5,Guard(300),11139425,42.680882209999545,79.25443,0.821010308613929
21,3,1,5,Guard(600),11139425,35.54846343999964,154.023175,0.901640153220971
21,3,1,5,Guard(1200),11139425,34.18505454999999,97.46777499999999,0.9170530798145301
21,3,2,4,FCFS,11139425,261.6390743199998,0.0,0.0
21,3,2,4,SJF,11139425,34.039309179999904,1740.014412,1.0
21,3,2,4,SPJF-E,11139425,43.49583949999997,237.215369,0.9584510541380251
21,3,2,4,Guard(300),11139425,92.48547844999473,79.178149,0.7432063726689536
21,3,2,4,Guard(600),11139425,56.55327862999932,156.58939700000002,0.9010808757375003
21,3,2,4,Guard(1200),11139425,51.87672848999994,87.968279,0.9216281295412235
21,4,0,8,FCFS,11139425,18.579694879999938,0.0,0.0
21,4,0,8,SJF,11139425,7.352628799999982,403.281252,1.0
21,4,0,8,SPJF-E,11139425,8.808167429999967,201.790562,0.8703544969248109
21,4,0,8,Guard(300),11139425,9.36399079999996,78.053669,0.8208470507194177
21,4,0,8,Guard(600),11139425,8.857415219999995,166.89568,0.8659679733531934
21,4,0,8,Guard(1200),11139425,8.797918709999715,73.199883,0.8712673551842371
21,4,1,5,FCFS,11139425,102.61749744,0.0,0.0
21,4,1,5,SJF,11139425,24.10452842999997,613.376252,1.0
21,4,1,5,SPJF-E,11139425,28.822496349999927,174.60188100000002,0.9399084255825425
21,4,1,5,Guard(300),11139425,36.279144179999705,77.98122599999999,0.8449349718458733
21,4,1,5,Guard(600),11139425,31.496456189999794,151.570628,0.9058508695670606
21,4,1,5,Guard(1200),11139425,30.217824879999625,91.471541,0.9221364759595193
21,4,2,4,FCFS,11139425,244.30439341999954,0.0,0.0
21,4,2,4,SJF,11139425,32.219559859999826,835.672322,1.0
21,4,2,4,SPJF-E,11139425,39.686364619999964,221.56654400000002,0.9647933110790418
21,4,2,4,Guard(300),11139425,74.04257776999826,87.07607399999999,0.8028005246392759
21,4,2,4,Guard(600),11139425,50.38545318999984,157.521654,0.9143460990346544
21,4,2,4,Guard(1200),11139425,46.20123798999991,82.059501,0.9340750684746884
22,0,0,8,FCFS,19397470,50.16597692,0.0,0.0
22,0,0,8,SJF,19397470,19.8145078399999,117.04898200000001,1.0
22,0,0,8,SPJF-E,19397470,24.240297359999964,145.990816,0.8541820328915675
22,0,0,8,Guard(300),19397470,24.692702479999774,82.338483,0.8392764901381882
22,0,0,8,Guard(600),19397470,24.28880847999995,137.201084,0.8525837208009032
22,0,0,8,Guard(1200),19397470,24.280058599999915,91.230238,0.8528720060228465
22,0,1,5,FCFS,19397470,174.07503107999938,0.0,0.0
22,0,1,5,SJF,19397470,37.48464539999995,320.915824,1.0
22,0,1,5,SPJF-E,19397470,47.78157999999988,292.621269,0.924614499411962
22,0,1,5,Guard(300),19397470,61.22980979999994,89.427497,0.8261578640269047
22,0,1,5,Guard(600),19397470,49.02981763999996,186.81696,0.9154759525531485
22,0,1,5,Guard(1200),19397470,49.4731583599996,143.80520800000002,0.9122301844283093
22,0,2,4,FCFS,19397470,336.9054992,0.0,0.0
22,0,2,4,SJF,19397470,45.98557243999989,549.720121,1.0
22,0,2,4,SPJF-E,19397470,71.90163011999994,596.351803,0.9109168699145865
22,0,2,4,Guard(300),19397470,215.0929273199994,128.35061,0.41871511943728823
22,0,2,4,Guard(600),19397470,107.04903283999917,248.11480699999998,0.7901021731991059
22,0,2,4,Guard(1200),19397470,91.63909307999906,134.687167,0.8430718680963305
22,1,0,7,FCFS,19397470,75.31911627999975,0.0,0.0
22,1,0,7,SJF,19397470,25.997867639999974,233.275602,1.0
22,1,0,7,SPJF-E,19397470,31.8087066399999,216.033733,0.8821838627319888
22,1,0,7,Guard(300),19397470,33.24155531999996,82.126086,0.8531325163141689
22,1,0,7,Guard(600),19397470,31.992240919999855,151.28759000000002,0.8784626617271319
22,1,0,7,Guard(1200),19397470,31.98339251999998,92.048639,0.8786420651332473
22,1,1,5,FCFS,19397470,184.81378123999988,0.0,0.0
22,1,1,5,SJF,19397470,38.51045731999982,286.903241,1.0
22,1,1,5,SPJF-E,19397470,49.33338807999993,354.16650699999997,0.9260240268640911
22,1,1,5,Guard(300),19397470,68.72463135999969,125.090118,0.793482654867628
22,1,1,5,Guard(600),19397470,52.35719063999977,223.187254,0.9053559895360173
22,1,1,5,Guard(1200),19397470,51.59811491999999,122.135866,0.9105443591482815
22,1,2,4,FCFS,19397470,373.45105519999964,0.0,0.0
22,1,2,4,SJF,19397470,46.40260019999994,345.223816,1.0
22,1,2,4,SPJF-E,19397470,75.68595527999926,457.223371,0.9104617232330317
22,1,2,4,Guard(300),19397470,256.71300907999955,104.792129,0.3569441907927686
22,1,2,4,Guard(600),19397470,123.45600543999865,255.12795599999998,0.7643975867734988
22,1,2,4,Guard(1200),19397470,96.88996935999874,139.181618,0.8456272506775827
22,2,0,8,FCFS,19397470,48.82718539999995,0.0,0.0
22,2,0,8,SJF,19397470,19.221629,223.527225,1.0
22,2,0,8,SPJF-E,19397470,23.65327976,161.337655,0.8503101681277637
22,2,0,8,Guard(300),19397470,23.87562,83.971036,0.8428000832978768
22,2,0,8,Guard(600),19397470,23.684491199999844,140.671928,0.8492559254856682
22,2,0,8,Guard(1200),19397470,23.719854639999788,92.01578400000001,0.8480614388993616
22,2,1,5,FCFS,19397470,168.30434123999993,0.0,0.0
22,2,1,5,SJF,19397470,37.86803275999994,244.20519099999999,1.0
22,2,1,5,SPJF-E,19397470,48.385604719999996,357.222134,0.9193662249218535
22,2,1,5,Guard(300),19397470,61.08729135999981,95.07110499999999,0.8219877665154859
22,2,1,5,Guard(600),19397470,50.54065103999998,176.647614,0.9028443964132645
22,2,1,5,Guard(1200),19397470,50.039963559999784,138.792822,0.9066829555218041
22,2,2,4,FCFS,19397470,331.69998843999986,0.0,0.0
22,2,2,4,SJF,19397470,45.88027715999981,338.19696500000003,1.0
22,2,2,4,SPJF-E,19397470,72.11997735999867,416.83234,0.9081949244071085
22,2,2,4,Guard(300),19397470,200.99067463999916,130.43116,0.4573138542987079
22,2,2,4,Guard(600),19397470,105.82186287999937,241.63870899999998,0.7902818337771027
22,2,2,4,Guard(1200),19397470,89.58907451999973,129.173372,0.8470756367212859
22,3,0,7,FCFS,19397470,68.73967427999979,0.0,0.0
22,3,0,7,SJF,19397470,25.358385679999987,125.93651200000001,1.0
22,3,0,7,SPJF-E,19397470,31.023842,145.750552,0.8694032265330163
22,3,0,7,Guard(300),19397470,32.11287879999932,82.31361799999999,0.8442993894838022
22,3,0,7,Guard(600),19397470,31.181402239999688,126.748722,0.865771240368371
22,3,0,7,Guard(1200),19397470,31.40036279999993,85.712998,0.8607238900690477
22,3,1,5,FCFS,19397470,163.30767215999975,0.0,0.0
22,3,1,5,SJF,19397470,37.74140359999994,245.69444199999998,1.0
22,3,1,5,SPJF-E,19397470,47.88307499999989,279.14787800000005,0.9192325174881348
22,3,1,5,Guard(300),19397470,59.92955143999986,122.562238,0.823295315736824
22,3,1,5,Guard(600),19397470,49.35576495999998,208.418976,0.9075041291487426
22,3,1,5,Guard(1200),19397470,49.421311319999866,138.651216,0.9069821230339511
22,3,2,4,FCFS,19397470,312.47960003999935,0.0,0.0
22,3,2,4,SJF,19397470,46.049870679999934,704.766569,1.0
22,3,2,4,SPJF-E,19397470,72.54885307999996,606.270757,0.900540444703171
22,3,2,4,Guard(300),19397470,188.4352919199998,115.258049,0.46557983006615256
22,3,2,4,Guard(600),19397470,102.42555779999995,274.741715,0.7884031663605179
22,3,2,4,Guard(1200),19397470,90.39621251999998,130.872939,0.8335533277516514
22,4,0,8,FCFS,19397470,52.368858999999894,0.0,0.0
22,4,0,8,SJF,19397470,19.72863751999999,209.774263,1.0
22,4,0,8,SPJF-E,19397470,24.264379,190.321877,0.8610382750380765
22,4,0,8,Guard(300),19397470,24.737128799999972,83.873149,0.8465546171900546
22,4,0,8,Guard(600),19397470,24.343022239999897,145.37128,0.858628878396939
22,4,0,8,Guard(1200),19397470,24.326381839999964,91.990992,0.8591386911140533
22,4,1,5,FCFS,19397470,192.13268615999985,0.0,0.0
22,4,1,5,SJF,19397470,38.74927391999999,246.424664,1.0
22,4,1,5,SPJF-E,19397470,50.04203839999999,419.76338699999997,0.9263755818502057
22,4,1,5,Guard(300),19397470,73.36865487999975,121.698884,0.7742951440809608
22,4,1,5,Guard(600),19397470,53.826663639999936,180.331446,0.901701301986891
22,4,1,5,Guard(1200),19397470,52.42358787999999,103.590947,0.9108488084839075
22,4,2,4,FCFS,19397470,378.58730823999997,0.0,0.0
22,4,2,4,SJF,19397470,46.238419879999995,400.921474,1.0
22,4,2,4,SPJF-E,19397470,74.77005055999993,635.944532,0.9141515687902811
22,4,2,4,Guard(300),19397470,264.17003727999946,123.246732,0.34426855322008426
22,4,2,4,Guard(600),19397470,130.21747667999904,204.453586,0.7473165708048555
22,4,2,4,Guard(1200),19397470,104.57459315999989,107.874588,0.824473090408504
23,0,0,8,FCFS,16401480,41.654565460000214,0.0,0.0
23,0,0,8,SJF,16401480,20.146028320000024,211.120223,1.0
23,0,0,8,SPJF-E,16401480,24.672630150000003,256.49871,0.7895439471063935
23,0,0,8,Guard(300),16401480,25.346720260000012,58.023669,0.7582033633366875
23,0,0,8,Guard(600),16401480,24.65488433000021,164.83020499999998,0.7903690064716252
23,0,0,8,Guard(1200),16401480,24.693865,124.506153,0.7885566716881828
23,0,1,5,FCFS,16401480,164.18198595000015,0.0,0.0
23,0,1,5,SJF,16401480,38.80817874000012,425.289636,1.0
23,0,1,5,SPJF-E,16401480,50.560400480000034,386.580477,0.9062625439752736
23,0,1,5,Guard(300),16401480,67.28884695000013,104.728415,0.7728339846751632
23,0,1,5,Guard(600),16401480,53.81265623000021,246.22074,0.8803220718593341
23,0,1,5,Guard(1200),16401480,54.831454050000126,103.561005,0.8721959900032297
23,0,2,4,FCFS,16401480,325.82987293000014,0.0,0.0
23,0,2,4,SJF,16401480,47.3424562,412.521272,1.0
23,0,2,4,SPJF-E,16401480,76.32243573000011,699.688497,0.8959379211086695
23,0,2,4,Guard(300),16401480,193.87677623000008,70.495548,0.47382067832505187
23,0,2,4,Guard(600),16401480,106.56208145000095,181.632144,0.7873525994626331
23,0,2,4,Guard(1200),16401480,100.51131937000025,109.715602,0.8090798363735455
23,1,0,7,FCFS,16401480,55.60809799000002,0.0,0.0
23,1,0,7,SJF,16401480,25.90315838000006,178.15754600000002,1.0
23,1,0,7,SPJF-E,16401480,31.918126380000075,293.073298,0.7975095024944903
23,1,0,7,Guard(300),16401480,33.934571120000285,81.905655,0.7296270302028655
23,1,0,7,Guard(600),16401480,32.16597037000005,170.712223,0.7891659746754153
23,1,0,7,Guard(1200),16401480,32.054330440000015,113.93052999999999,0.7929242698096849
23,1,1,5,FCFS,16401480,155.58613985000042,0.0,0.0
23,1,1,5,SJF,16401480,38.38840591000026,234.142742,1.0
23,1,1,5,SPJF-E,16401480,50.75868714000014,477.033406,0.8944494845238825
23,1,1,5,Guard(300),16401480,67.65771833000018,88.053785,0.7502570106433588
23,1,1,5,Guard(600),16401480,54.41165296000035,159.882033,0.8632802315256091
23,1,1,5,Guard(1200),16401480,55.871212450000066,137.647491,0.8508264114650016
23,1,2,4,FCFS,16401480,304.92395691000036,0.0,0.0
23,1,2,4,SJF,16401480,47.485342150000164,317.541994,1.0
23,1,2,4,SPJF-E,16401480,75.89874934000001,726.3985299999999,0.889630360167652
23,1,2,4,Guard(300),16401480,173.24870087000036,130.482446,0.5114821494932127
23,1,2,4,Guard(600),16401480,107.73397610000045,155.721981,0.7659689320261155
23,1,2,4,Guard(1200),16401480,98.78311673000059,92.30351399999999,0.8007378394736031
23,2,0,8,FCFS,16401480,42.75644493000001,0.0,0.0
23,2,0,8,SJF,16401480,21.160058400000008,159.220116,1.0
23,2,0,8,SPJF-E,16401480,25.921848680000124,217.198736,0.7795098604395966
23,2,0,8,Guard(300),16401480,27.090646390000085,61.473275,0.725389801587327
23,2,0,8,Guard(600),16401480,26.106693820000057,171.348576,0.7709507832188235
23,2,0,8,Guard(1200),16401480,26.005447940000007,104.521663,0.7756388767505543
23,2,1,5,FCFS,16401480,165.2892117700005,0.0,0.0
23,2,1,5,SJF,16401480,38.38307082000009,864.5296460000001,1.0
23,2,1,5,SPJF-E,16401480,50.95237458000015,459.381437,0.9009559059482217
23,2,1,5,Guard(300),16401480,70.70900735000001,82.830704,0.7452768141241015
23,2,1,5,Guard(600),16401480,55.53337,213.458394,0.8648583980915713
23,2,1,5,Guard(1200),16401480,55.630453730000035,118.635773,0.8640933938981312
23,2,2,4,FCFS,16401480,311.12812920000187,0.0,0.0
23,2,2,4,SJF,16401480,47.257634290000055,1290.9302699999998,1.0
23,2,2,4,SPJF-E,16401480,78.59678812000006,763.385083,0.8812328227879785
23,2,2,4,Guard(300),16401480,186.27707247000018,86.50545,0.473152774328121
23,2,2,4,Guard(600),16401480,107.30290877000103,197.358276,0.7724441510579628
23,2,2,4,Guard(1200),16401480,100.52063606000024,96.513026,0.7981471866031609
23,3,0,8,FCFS,16401480,43.38832962000007,0.0,0.0
23,3,0,8,SJF,16401480,21.624542,196.45334,1.0
23,3,0,8,SPJF-E,16401480,26.518239380000004,214.73186900000002,0.7751449579712455
23,3,0,8,Guard(300),16401480,27.698456390000086,68.232861,0.7209164831024911
23,3,0,8,Guard(600),16401480,26.67679930000036,160.154029,0.76785946507962
23,3,0,8,Guard(1200),16401480,26.656139,155.045681,0.7688087621579179
23,3,1,5,FCFS,16401480,169.4424481400003,0.0,0.0
23,3,1,5,SJF,16401480,38.96455067000009,669.909326,1.0
23,3,1,5,SPJF-E,16401480,52.8963195500001,785.041136,0.8932250660829107
23,3,1,5,Guard(300),16401480,72.36280810000059,84.716516,0.7440313027907312
23,3,1,5,Guard(600),16401480,57.266783780000004,188.358801,0.859729245604927
23,3,1,5,Guard(1200),16401480,57.57030311000008,133.97631199999998,0.8574030329981529
23,3,2,4,FCFS,16401480,317.85892551000063,0.0,0.0
23,3,2,4,SJF,16401480,48.37267987000012,325.952394,1.0
23,3,2,4,SPJF-E,16401480,81.1347953300002,1108.452542,0.8784275042231057
23,3,2,4,Guard(300),16401480,194.89665958000023,92.995426,0.45628401419144193
23,3,2,4,Guard(600),16401480,111.08919991000026,156.872398,0.7672737623730842
23,3,2,4,Guard(1200),16401480,106.14762722000023,92.331367,0.785610775003411
23,4,0,8,FCFS,16401480,43.93662270000004,0.0,0.0
23,4,0,8,SJF,16401480,20.385338280000013,435.011394,1.0
23,4,0,8,SPJF-E,16401480,25.387219420000026,341.876084,0.7876174797603669
23,4,0,8,Guard(300),16401480,26.254260370000083,81.13403100000001,0.7508024621784063
23,4,0,8,Guard(600),16401480,25.512724980000012,169.94310499999997,0.7822884472642281
23,4,0,8,Guard(1200),16401480,25.391960310000012,120.769952,0.7874161790620509
23,4,1,5,FCFS,16401480,169.75047688000026,0.0,0.0
23,4,1,5,SJF,16401480,39.6651368200001,798.1305319999999,1.0
23,4,1,5,SPJF-E,16401480,52.58439303000016,764.07377,0.900686301745906
23,4,1,5,Guard(300),16401480,74.29080485000041,100.71782499999999,0.7338234422569855
23,4,1,5,Guard(600),16401480,57.17597321000001,225.263437,0.8653896251343675
23,4,1,5,Guard(1200),16401480,57.535772730000126,112.646564,0.862623752209454
23,4,2,4,FCFS,16401480,337.4375898300014,0.0,0.0
23,4,2,4,SJF,16401480,47.75188629000016,485.283046,1.0
23,4,2,4,SPJF-E,16401480,80.39019274000005,749.084553,0.8873320082725692
23,4,2,4,Guard(300),16401480,208.79344870000105,115.74214500000001,0.444081773998338
23,4,2,4,Guard(600),16401480,115.10131107000007,191.207132,0.7675086345063628
23,4,2,4,Guard(1200),16401480,108.38734176000095,131.404921,0.7906853713213089
24,0,0,8,FCFS,11858210,12.52952805000001,0.0,0.0
24,0,0,8,SJF,11858210,5.164030300000028,119.42212,1.0
24,0,0,8,SPJF-E,11858210,6.546218500000064,99.821124,0.8123428657621897
24,0,0,8,Guard(300),11858210,7.044456050000138,89.918973,0.7446980755645314
24,0,0,8,Guard(600),11858210,6.596592,99.821124,0.8055037488810616
24,0,0,8,Guard(1200),11858210,6.58914005000004,89.908374,0.8065154863430627
24,0,1,5,FCFS,11858210,99.8248722500006,0.0,0.0
24,0,1,5,SJF,11858210,23.600176200000046,186.724387,1.0
24,0,1,5,SPJF-E,11858210,27.947466050000003,211.729683,0.9429674360767764
24,0,1,5,Guard(300),11858210,37.79148,95.405124,0.8138227564634566
24,0,1,5,Guard(600),11858210,31.88608910000008,156.138512,0.8912962159328942
24,0,1,5,Guard(1200),11858210,29.95364535000004,95.234651,0.9166481536924417
24,0,2,4,FCFS,11858210,369.4018818500004,0.0,0.0
24,0,2,4,SJF,11858210,31.489294450000056,642.9999829999999,1.0
24,0,2,4,SPJF-E,11858210,39.308926650000004,345.16139499999997,0.9768590088337149
24,0,2,4,Guard(300),11858210,113.75541305000066,75.331223,0.756546155226177
24,0,2,4,Guard(600),11858210,56.58716985000009,162.69004299999997,0.9257267224251381
24,0,2,4,Guard(1200),11858210,48.06288150000025,85.125512,0.9509530344000433
24,1,0,8,FCFS,11858210,11.50689410000005,0.0,0.0
24,1,0,8,SJF,11858210,4.402516550000004,51.325630999999994,1.0
24,1,0,8,SPJF-E,11858210,5.64222,253.550002,0.8255014684572911
24,1,0,8,Guard(300),11858210,6.0917797500002635,81.422299,0.7622222090378279
24,1,0,8,Guard(600),11858210,5.7587472000001165,223.155322,0.8090992996282829
24,1,0,8,Guard(1200),11858210,5.608221350000004,98.006787,0.8302870601239383
24,1,1,5,FCFS,11858210,90.25981475000042,0.0,0.0
24,1,1,5,SJF,11858210,24.047490350000178,335.772543,1.0
24,1,1,5,SPJF-E,11858210,28.222418800000025,156.74693,0.9369463542047191
24,1,1,5,Guard(300),11858210,37.31212640000012,71.366074,0.7996651504051427
24,1,1,5,Guard(600),11858210,32.48464335000003,141.913569,0.8725742816544314
24,1,1,5,Guard(1200),11858210,30.622146100000062,71.366074,0.900703444417972
24,1,2,4,FCFS,11858210,378.2241983500076,0.0,0.0
24,1,2,4,SJF,11858210,31.205249800000047,240.580015,1.0
24,1,2,4,SPJF-E,11858210,38.65995560000005,357.372942,0.9785178710524342
24,1,2,4,Guard(300),11858210,97.43571165000002,99.121291,0.8091445377068343
24,1,2,4,Guard(600),11858210,53.34274080000008,147.845797,0.9362066795127475
24,1,2,4,Guard(1200),11858210,46.641206800000106,92.35722200000001,0.9555184030598385
24,2,0,8,FCFS,11858210,10.106151300000096,0.0,0.0
24,2,0,8,SJF,11858210,3.9094586500001016,96.84232499999999,1.0
24,2,0,8,SPJF-E,11858210,4.991184,77.11234499999999,0.8254350488078671
24,2,0,8,Guard(300),11858210,5.3117612500000115,76.051852,0.773701443785515
24,2,0,8,Guard(600),11858210,5.065833700000078,77.11234499999999,0.8133883483796833
24,2,0,8,Guard(1200),11858210,4.945295150000006,75.999142,0.8328404265782159
24,2,1,5,FCFS,11858210,82.22554160000381,0.0,0.0
24,2,1,5,SJF,11858210,23.849377900000018,1144.740245,1.0
24,2,1,5,SPJF-E,11858210,28.066423000000075,91.24643900000001,0.927760838795925
24,2,1,5,Guard(300),11858210,38.22996365000009,84.585786,0.7536565468073207
24,2,1,5,Guard(600),11858210,32.61577170000003,91.24643900000001,0.84982922404681
24,2,1,5,Guard(1200),11858210,31.002145100000003,65.522111,0.8774710987046324
24,2,2,4,FCFS,11858210,337.5879178000022,0.0,0.0
24,2,2,4,SJF,11858210,30.999344500000024,412.286296,1.0
24,2,2,4,SPJF-E,11858210,38.81322205,802.2462459999999,0.9745134743089269
24,2,2,4,Guard(300),11858210,105.7406143000018,95.338204,0.7562163879902133
24,2,2,4,Guard(600),11858210,54.91715960000002,208.379025,0.9219872585512312
24,2,2,4,Guard(1200),11858210,47.61027775000001,94.096156,0.945820116284158
24,3,0,7,FCFS,11858210,21.70491020000021,0.0,0.0
24,3,0,7,SJF,11858210,9.035873450000047,348.983535,1.0
24,3,0,7,SPJF-E,11858210,10.933759,80.805204,0.8501949605600497
24,3,0,7,Guard(300),11858210,11.887876,74.627927,0.7748840258119927
24,3,0,7,Guard(600),11858210,11.149262750000458,79.407477,0.8331846894358101
24,3,0,7,Guard(1200),11858210,10.906173700000165,79.06065,0.8523723399886661
24,3,1,5,FCFS,11858210,87.53192675000007,0.0,0.0
24,3,1,5,SJF,11858210,22.865135750000224,189.314528,1.0
24,3,1,5,SPJF-E,11858210,26.98470930000004,112.459634,0.936295376865077
24,3,1,5,Guard(300),11858210,35.478694700000204,100.90683,0.8049453397184961
24,3,1,5,Guard(600),11858210,30.639635450000075,112.459634,0.8797760089873662
24,3,1,5,Guard(1200),11858210,28.473234600000023,89.78476500000001,0.9132769886478546
24,3,2,4,FCFS,11858210,353.6387390500005,0.0,0.0
24,3,2,4,SJF,11858210,31.217214050000035,242.597466,1.0
24,3,2,4,SPJF-E,11858210,39.567338950000014,1671.144903,0.9741018379588647
24,3,2,4,Guard(300),11858210,101.5959227000032,90.280305,0.7817183308403399
24,3,2,4,Guard(600),11858210,54.53432105000006,217.736312,0.9276812954718207
24,3,2,4,Guard(1200),11858210,47.1128926000002,75.306985,0.9506990777058073
24,4,0,8,FCFS,11858210,14.173953850000066,0.0,0.0
24,4,0,8,SJF,11858210,5.577509000000029,130.793253,1.0
24,4,0,8,SPJF-E,11858210,6.980412300000067,98.904038,0.8368042458854335
24,4,0,8,Guard(300),11858210,7.415976400000047,72.71126600000001,0.7861363119196874
24,4,0,8,Guard(600),11858210,7.03913,98.904038,0.8299737827085618
24,4,0,8,Guard(1200),11858210,6.8863028000000215,72.619794,0.8477517365798041
24,4,1,5,FCFS,11858210,122.20020600000001,0.0,0.0
24,4,1,5,SJF,11858210,25.44345550000003,157.392937,1.0
24,4,1,5,SPJF-E,11858210,30.627322450000065,1370.0163380000001,0.9464237180019802
24,4,1,5,Guard(300),11858210,42.8587435000001,89.88311399999999,0.8200095816570434
24,4,1,5,Guard(600),11858210,35.87300510000009,199.31274200000001,0.8922085586162791
24,4,1,5,Guard(1200),11858210,32.824999,89.85217899999999,0.9237102996756803
24,4,2,4,FCFS,11858210,409.02065220000674,0.0,0.0
24,4,2,4,SJF,11858210,32.74008180000004,254.69448,1.0
24,4,2,4,SPJF-E,11858210,41.446766950000054,272.71149699999995,0.976861188605236
24,4,2,4,Guard(300),11858210,128.1249872000013,90.197313,0.7465058977172223
24,4,2,4,Guard(600),11858210,61.543142800000446,155.595246,0.9234532333960768
24,4,2,4,Guard(1200),11858210,51.77751630000005,78.806291,0.9494062781935241
25,0,0,8,FCFS,14383292,32.3453393999997,0.0,0.0
25,0,0,8,SJF,14383292,11.841773299999986,140.95108,1.0
25,0,0,8,SPJF-E,14383292,14.110428949999987,65.713214,0.8893531184314307
25,0,0,8,Guard(300),14383292,15.082791149999991,65.713214,0.8419290656955499
25,0,0,8,Guard(600),14383292,14.38451539999995,65.713214,0.875985373100536
25,0,0,8,Guard(1200),14383292,14.164233,65.713214,0.8867289871101961
25,0,1,5,FCFS,14383292,161.1515146999996,0.0,0.0
25,0,1,5,SJF,14383292,29.16412269999983,313.909308,1.0
25,0,1,5,SPJF-E,14383292,35.11477044999987,178.89829500000002,0.9549150289294296
25,0,1,5,Guard(300),14383292,50.49196329999995,81.528856,0.8384100157081659
25,0,1,5,Guard(600),14383292,40.626914899999925,132.276868,0.9131523698869655
25,0,1,5,Guard(1200),14383292,37.47929679999999,89.752679,0.9370002393865001
25,0,2,4,FCFS,14383292,386.71719444999997,0.0,0.0
25,0,2,4,SJF,14383292,34.67238519999997,341.896987,1.0
25,0,2,4,SPJF-E,14383292,47.983731549999895,276.52925600000003,0.9621884885098616
25,0,2,4,Guard(300),14383292,214.88598754999936,126.911785,0.4880947038136186
25,0,2,4,Guard(600),14383292,87.54422429999995,215.143474,0.849815030045071
25,0,2,4,Guard(1200),14383292,65.82925954999911,91.916492,0.9114974187053742
25,1,0,8,FCFS,14383292,33.556588399999754,0.0,0.0
25,1,0,8,SJF,14383292,12.394548849999996,127.22596,1.0
25,1,0,8,SPJF-E,14383292,14.743997349999981,86.238649,0.8889781632602605
25,1,0,8,Guard(300),14383292,15.798138499999993,83.01595599999999,0.8391653298842816
25,1,0,8,Guard(600),14383292,14.741768599999999,86.238649,0.8890834815588448
25,1,0,8,Guard(1200),14383292,14.661038649999844,82.963933,0.8928983288853236
25,1,1,5,FCFS,14383292,157.32305889999984,0.0,0.0
25,1,1,5,SJF,14383292,28.36553894999995,314.452964,1.0
25,1,1,5,SPJF-E,14383292,34.27804534999996,173.148331,0.9541515190250833
25,1,1,5,Guard(300),14383292,47.95170219999993,84.372393,0.8481192623928093
25,1,1,5,Guard(600),14383292,38.954328299999965,136.218433,0.9178893223589787
25,1,1,5,Guard(1200),14383292,37.12666929999995,87.436573,0.9320618886483167
25,1,2,4,FCFS,14383292,351.90338374999953,0.0,0.0
25,1,2,4,SJF,14383292,35.36268789999998,297.40119,1.0
25,1,2,4,SPJF-E,14383292,47.68203729999987,198.23137499999999,0.9610813094129365
25,1,2,4,Guard(300),14383292,172.54070869999765,96.707395,0.5666338559355325
25,1,2,4,Guard(600),14383292,77.24491844999983,198.23137499999999,0.8676876904009626
25,1,2,4,Guard(1200),14383292,62.5612278499999,96.707395,0.9140756929311591
25,2,0,7,FCFS,14383292,52.17922794999996,0.0,0.0
25,2,0,7,SJF,14383292,17.065189899999986,106.047975,1.0
25,2,0,7,SPJF-E,14383292,19.824290149999864,410.663125,0.9214245810729286
25,2,0,7,Guard(300),14383292,22.189633,88.761008,0.8540628368431121
25,2,0,7,Guard(600),14383292,20.357656399999954,204.811023,0.9062350363888163
25,2,0,7,Guard(1200),14383292,19.86418984999997,88.725984,0.9202882919357096
25,2,1,5,FCFS,14383292,158.8664693499997,0.0,0.0
25,2,1,5,SJF,14383292,28.243769,354.151122,1.0
25,2,1,5,SPJF-E,14383292,34.50720344999998,195.229814,0.9520494184148903
25,2,1,5,Guard(300),14383292,49.02101694999992,81.768388,0.8409369283108686
25,2,1,5,Guard(600),14383292,38.84147969999998,153.752775,0.9188677720518429
25,2,1,5,Guard(1200),14383292,37.206504499999994,160.573926,0.9313845489644249
25,2,2,4,FCFS,14383292,342.69179899999915,0.0,0.0
25,2,2,4,SJF,14383292,35.60414179999997,542.412469,1.0
25,2,2,4,SPJF-E,14383292,48.92481544999998,165.734531,0.9566225690362913
25,2,2,4,Guard(300),14383292,151.92405179999992,81.768388,0.621215938600087
25,2,2,4,Guard(600),14383292,76.6540775999999,148.852114,0.8663250220660448
25,2,2,4,Guard(1200),14383292,64.90008754999987,105.160593,0.9046007058143659
25,3,0,7,FCFS,14383292,50.36557589999997,0.0,0.0
25,3,0,7,SJF,14383292,17.099921849999983,127.04364,1.0
25,3,0,7,SPJF-E,14383292,20.196197799999933,69.08246700000001,0.906922739431304
25,3,0,7,Guard(300),14383292,21.860962149999985,68.221981,0.8568781995735328
25,3,0,7,Guard(600),14383292,20.641957449999985,69.08246700000001,0.8935227428663769
25,3,0,7,Guard(1200),14383292,20.467040149999935,65.895753,0.8987809379927117
25,3,1,5,FCFS,14383292,154.30603154999986,0.0,0.0
25,3,1,5,SJF,14383292,28.319270499999988,208.55124,1.0
25,3,1,5,SPJF-E,14383292,34.73959029999997,223.71935200000001,0.9490397265038667
25,3,1,5,Guard(300),14383292,48.44790949999988,84.564919,0.8402321098483394
25,3,1,5,Guard(600),14383292,38.86752194999991,138.936429,0.9162749215704206
25,3,1,5,Guard(1200),14383292,37.80903949999994,86.880953,0.9246764586936735
25,3,2,4,FCFS,14383292,336.42656184999964,0.0,0.0
25,3,2,4,SJF,14383292,35.31284779999997,433.920342,1.0
25,3,2,4,SPJF-E,14383292,48.917799999999964,195.578449,0.9548178924931301
25,3,2,4,Guard(300),14383292,159.24082319999943,91.32342,0.5884346357621516
25,3,2,4,Guard(600),14383292,75.55963104999985,153.382326,0.8663402516322557
25,3,2,4,Guard(1200),14383292,65.82639939999997,92.839038,0.898664357761755
25,4,0,9,FCFS,14383292,21.704698999999952,0.0,0.0
25,4,0,9,SJF,14383292,8.604777399999987,90.370153,1.0
25,4,0,9,SPJF-E,14383292,10.58399509999999,103.21221,0.8489137751786233
25,4,0,9,Guard(300),14383292,11.063932749999951,95.79000500000001,0.8122770940858172
25,4,0,9,Guard(600),14383292,10.578222,103.21221,0.8493544724725667
25,4,0,9,Guard(1200),14383292,10.437772,95.771345,0.8600759106833114
25,4,1,5,FCFS,14383292,149.33777954999994,0.0,0.0
25,4,1,5,SJF,14383292,28.472224699999988,202.191722,1.0
25,4,1,5,SPJF-E,14383292,34.91171594999994,205.826652,0.9467218658120448
25,4,1,5,Guard(300),14383292,50.924716299999886,149.86749,0.8142358124457829
25,4,1,5,Guard(600),14383292,40.012350249999926,205.826652,0.9045209732059576
25,4,1,5,Guard(1200),14383292,38.348285399999945,103.719788,0.918288873018813
25,4,2,4,FCFS,14383292,337.5847047499997,0.0,0.0
25,4,2,4,SJF,14383292,35.82762804999986,121.52599,1.0
25,4,2,4,SPJF-E,14383292,49.21291079999977,175.641645,0.9556421910750837
25,4,2,4,Guard(300),14383292,164.05952294999912,138.03732200000002,0.5750492538490338
25,4,2,4,Guard(600),14383292,77.72930649999996,154.506575,0.8611410247334222
25,4,2,4,Guard(1200),14383292,67.29172664999984,96.783411,0.895730370455302
26,0,0,8,FCFS,14473140,27.963858599999966,0.0,0.0
26,0,0,8,SJF,14473140,13.060383399999974,146.123238,1.0
26,0,0,8,SPJF-E,14473140,15.733183549999987,58.063225,0.8206592681148612
26,0,0,8,Guard(300),14473140,16.511528049999956,58.063225,0.7684335630658825
26,0,0,8,Guard(600),14473140,15.767900399999903,58.063225,0.81832982149023
26,0,0,8,Guard(1200),14473140,15.710139999999974,58.063225,0.822205454470109
26,0,1,5,FCFS,14473140,118.16794519999964,0.0,0.0
26,0,1,5,SJF,14473140,30.746655399999998,130.157082,1.0
26,0,1,5,SPJF-E,14473140,38.30747834999998,135.35258800000003,0.9135127957126066
26,0,1,5,Guard(300),14473140,49.13922619999975,77.937424,0.7896099354965153
26,0,1,5,Guard(600),14473140,41.85989044999985,135.35258800000003,0.8728772467733609
26,0,1,5,Guard(1200),14473140,40.73795484999986,72.78593099999999,0.8857109123777774
26,0,2,4,FCFS,14473140,255.59307094999986,0.0,0.0
26,0,2,4,SJF,14473140,38.59072479999997,165.358184,1.0
26,0,2,4,SPJF-E,14473140,53.11141439999993,385.019073,0.933085103190715
26,0,2,4,Guard(300),14473140,119.25855609999998,98.63684500000001,0.6282628610649239
26,0,2,4,Guard(600),14473140,72.47896269999994,190.938306,0.843834693489557
26,0,2,4,Guard(1200),14473140,63.93819944999986,111.447335,0.8831926239521909
26,1,0,7,FCFS,14473140,43.91013394999976,0.0,0.0
26,1,0,7,SJF,14473140,20.355450999999988,77.372731,1.0
26,1,0,7,SPJF-E,14473140,24.476536,268.355959,0.8250417970495311
26,1,0,7,Guard(300),14473140,26.10142,75.32884,0.7560583170574976
26,1,0,7,Guard(600),14473140,24.677088499999922,143.466522,0.8165274604131331
26,1,0,7,Guard(1200),14473140,24.521436,92.127239,0.8231355943595898
26,1,1,5,FCFS,14473140,121.46995649999995,0.0,0.0
26,1,1,5,SJF,14473140,31.071089949999973,233.722987,1.0
26,1,1,5,SPJF-E,14473140,39.90905534999998,400.340238,0.9022336702074502
26,1,1,5,Guard(300),14473140,52.32354664999991,99.966507,0.7649035047552823
26,1,1,5,Guard(600),14473140,43.526632899999925,205.62871800000002,0.862215717681474
26,1,1,5,Guard(1200),14473140,42.91830519999988,140.62653699999998,0.8689450907722702
26,1,2,4,FCFS,14473140,266.4039853999998,0.0,0.0
26,1,2,4,SJF,14473140,39.563813249999924,308.831234,1.0
26,1,2,4,SPJF-E,14473140,58.19323479999987,587.774584,0.9178742399398239
26,1,2,4,Guard(300),14473140,127.55838719999974,102.07733200000001,0.6120855793928215
26,1,2,4,Guard(600),14473140,78.60329099999987,176.613028,0.8278987474750072
26,1,2,4,Guard(1200),14473140,76.11893544999974,115.918212,0.8388507562239572
26,2,0,8,FCFS,14473140,30.015738949999978,0.0,0.0
26,2,0,8,SJF,14473140,13.809215,233.206043,1.0
26,2,0,8,SPJF-E,14473140,16.764887899999966,260.583198,0.8176245005333196
26,2,0,8,Guard(300),14473140,17.78205539999999,55.572214,0.7548616586593824
26,2,0,8,Guard(600),14473140,17.050006,127.73448300000001,0.8000317026650244
26,2,0,8,Guard(1200),14473140,16.774948949999988,98.963295,0.8170036980693821
26,2,1,5,FCFS,14473140,130.35245449999994,0.0,0.0
26,2,1,5,SJF,14473140,30.82540735,865.550608,1.0
26,2,1,5,SPJF-E,14473140,38.84180554999999,397.0663,0.9194550784982272
26,2,1,5,Guard(300),14473140,53.20972344999992,82.408043,0.7750931355748563
26,2,1,5,Guard(600),14473140,43.217677699999975,131.86011,0.8754884154121118
26,2,1,5,Guard(1200),14473140,41.83714019999999,90.264938,0.8893593935987681
26,2,2,4,FCFS,14473140,283.00121355,0.0,0.0
26,2,2,4,SJF,14473140,38.390809749999995,359.796186,1.0
26,2,2,4,SPJF-E,14473140,54.43747424999986,406.626653,0.9343990923905262
26,2,2,4,Guard(300),14473140,139.6304521499993,105.324927,0.5861188206746286
26,2,2,4,Guard(600),14473140,81.82040844999993,170.516065,0.822454000216977
26,2,2,4,Guard(1200),14473140,70.4423042999999,105.324927,0.868969209599907
26,3,0,8,FCFS,14473140,27.025058599999962,0.0,0.0
26,3,0,8,SJF,14473140,12.551415449999991,219.76386200000002,1.0
26,3,0,8,SPJF-E,14473140,15.623690999999994,69.25053199999999,0.7877330870907917
26,3,0,8,Guard(300),14473140,16.54065614999995,69.25053199999999,0.7243789515426897
26,3,0,8,Guard(600),14473140,15.831705099999896,69.25053199999999,0.7733611630462293
26,3,0,8,Guard(1200),14473140,15.5556,68.68279799999999,0.7924375695278895
26,3,1,5,FCFS,14473140,111.64026924999996,0.0,0.0
26,3,1,5,SJF,14473140,30.287305999999973,108.176648,1.0
26,3,1,5,SPJF-E,14473140,37.9662034,428.56830199999996,0.9056101081849649
26,3,1,5,Guard(300),14473140,48.891744549999935,99.886648,0.7713120972271411
26,3,1,5,Guard(600),14473140,41.591678149999844,146.010875,0.8610453547308264
26,3,1,5,Guard(1200),14473140,40.67005719999997,103.151346,0.872374025662796
26,3,2,4,FCFS,14473140,235.3114967499998,0.0,0.0
26,3,2,4,SJF,14473140,38.344903349999974,175.34183,1.0
26,3,2,4,SPJF-E,14473140,53.66421689999988,573.907469,0.9222237980280776
26,3,2,4,Guard(300),14473140,107.34943659999963,91.75436300000001,0.6496637726283603
26,3,2,4,Guard(600),14473140,71.12241549999962,211.014478,0.833588470084188
26,3,2,4,Guard(1200),14473140,66.21233219999984,137.12963,0.8585169780877172
26,4,0,8,FCFS,14473140,24.478828699999866,0.0,0.0
26,4,0,8,SJF,14473140,10.987777,147.606282,1.0
26,4,0,8,SPJF-E,14473140,13.627591549999845,70.920625,0.8043284831530315
26,4,0,8,Guard(300),14473140,14.376419,70.920625,0.7488229920577627
26,4,0,8,Guard(600),14473140,13.705377649999921,70.920625,0.7985627280636729
26,4,0,8,Guard(1200),14473140,13.598381399999758,70.920625,0.8064936331094348
26,4,1,5,FCFS,14473140,109.81671484999994,0.0,0.0
26,4,1,5,SJF,14473140,30.373905049999905,199.689161,1.0
26,4,1,5,SPJF-E,14473140,37.88508404999998,260.295142,0.9054517454894947
26,4,1,5,Guard(300),14473140,48.293070399999976,82.54049400000001,0.7744394313958409
26,4,1,5,Guard(600),14473140,41.1991626999996,216.40099199999997,0.863735211817751
26,4,1,5,Guard(1200),14473140,40.14365814999991,94.924286,0.8770215564555724
26,4,2,4,FCFS,14473140,222.83805799999968,0.0,0.0
26,4,2,4,SJF,14473140,38.34797095,215.60317600000002,1.0
26,4,2,4,SPJF-E,14473140,52.608273999999994,920.140042,0.9227042315496592
26,4,2,4,Guard(300),14473140,108.09951619999995,107.35257800000001,0.62192253055257
26,4,2,4,Guard(600),14473140,69.11003479999988,207.13803399999998,0.8332589878302628
26,4,2,4,Guard(1200),14473140,63.87275339999995,107.33076,0.8616468621260809
27,0,0,8,FCFS,10106668,15.386321560000257,0.0,0.0
27,0,0,8,SJF,10106668,6.850471830000007,87.939908,1.0
27,0,0,8,SPJF-E,10106668,8.674207520000078,66.410189,0.7863439789022602
27,0,0,8,Guard(300),10106668,8.98392864000001,66.410189,0.750059235168853
27,0,0,8,Guard(600),10106668,8.671597520000079,66.410189,0.786649748108907
27,0,0,8,Guard(1200),10106668,8.60639578000002,66.410189,0.7942883244735892
27,0,1,5,FCFS,10106668,95.16205299000109,0.0,0.0
27,0,1,5,SJF,10106668,26.84908182000004,867.805718,1.0
27,0,1,5,SPJF-E,10106668,31.008404,214.71652699999999,0.9391137274698647
27,0,1,5,Guard(300),10106668,38.8468599500002,62.219668000000006,0.8243704244667831
27,0,1,5,Guard(600),10106668,34.23191210000003,172.72115399999998,0.8919263771791252
27,0,1,5,Guard(1200),10106668,32.97559432000012,81.94715099999999,0.910316995512406
27,0,2,4,FCFS,10106668,284.05926907002384,0.0,0.0
27,0,2,4,SJF,10106668,34.34518214000006,2778.830832,1.0
27,0,2,4,SPJF-E,10106668,42.158705740000215,354.444882,0.9687101208583812
27,0,2,4,Guard(300),10106668,84.43097057000034,58.718783,0.7994274610385294
27,0,2,4,Guard(600),10106668,55.507500440000015,170.445482,0.9152538066227311
27,0,2,4,Guard(1200),10106668,51.03716641000004,91.615357,0.9331556161880548
27,1,0,7,FCFS,10106668,27.73454448000019,0.0,0.0
27,1,0,7,SJF,10106668,12.289948,127.77306800000001,1.0
27,1,0,7,SPJF-E,10106668,14.745165150000082,84.938009,0.8410306702943364
27,1,0,7,Guard(300),10106668,15.579051740000109,47.150555000000004,0.7870385448878967
27,1,0,7,Guard(600),10106668,14.76225679,84.938009,0.8399240282385176
27,1,0,7,Guard(1200),10106668,14.743549090000002,69.675977,0.8411353062427196
27,1,1,5,FCFS,10106668,96.89838420000004,0.0,0.0
27,1,1,5,SJF,10106668,25.223612,1181.938349,1.0
27,1,1,5,SPJF-E,10106668,29.479351,233.18052799999998,0.940624310766906
27,1,1,5,Guard(300),10106668,36.882551830000075,74.15492499999999,0.8373355160799512
27,1,1,5,Guard(600),10106668,32.27356170000002,182.10297799999998,0.9016397334291073
27,1,1,5,Guard(1200),10106668,31.03960105,92.274573,0.9188558418606317
27,1,2,4,FCFS,10106668,315.5531696700009,0.0,0.0
27,1,2,4,SJF,10106668,33.761551830000066,2214.0610810000003,1.0
27,1,2,4,SPJF-E,10106668,41.93408641000001,380.327036,0.9709979500361141
27,1,2,4,Guard(300),10106668,85.33835304000007,66.098585,0.8169682916569757
27,1,2,4,Guard(600),10106668,55.21542345,152.089204,0.9238661824491129
27,1,2,4,Guard(1200),10106668,50.49406843000005,108.388129,0.9406209569743109
27,2,0,7,FCFS,10106668,28.410015090000158,0.0,0.0
27,2,0,7,SJF,10106668,11.919390080000065,465.625944,1.0
27,2,0,7,SPJF-E,10106668,14.344794820000049,194.706572,0.8529222064943449
27,2,0,7,Guard(300),10106668,15.566753070000122,56.308623,0.7788220284077615
27,2,0,7,Guard(600),10106668,14.605462,148.908557,0.8371152143493001
27,2,0,7,Guard(1200),10106668,14.496656490000001,110.49365499999999,0.8437132365548877
27,2,1,5,FCFS,10106668,96.74755249000007,0.0,0.0
27,2,1,5,SJF,10106668,26.601208370000077,202.835591,1.0
27,2,1,5,SPJF-E,10106668,30.705715960000052,363.23760100000004,0.9414865073655393
27,2,1,5,Guard(300),10106668,38.85387567000004,62.873993,0.8253270722271825
27,2,1,5,Guard(600),10106668,33.87862475000006,169.70546099999999,0.896253803796953
27,2,1,5,Guard(1200),10106668,32.733247990000066,91.823938,0.9125821923162546
27,2,2,4,FCFS,10106668,277.06657757000386,0.0,0.0
27,2,2,4,SJF,10106668,34.11150117000003,698.774937,1.0
27,2,2,4,SPJF-E,10106668,41.921970400000035,499.024851,0.9678522081294537
27,2,2,4,Guard(300),10106668,82.60687687000005,99.325597,0.8003936512931439
27,2,2,4,Guard(600),10106668,53.49584971000051,150.11663299999998,0.920214268303306
27,2,2,4,Guard(1200),10106668,50.36481324000004,104.148598,0.9331015745345432
27,3,0,8,FCFS,10106668,15.84202782000001,0.0,0.0
27,3,0,8,SJF,10106668,7.4042417400000575,132.042484,1.0
27,3,0,8,SPJF-E,10106668,9.104056480000041,71.91596299999999,0.7985473056695468
27,3,0,8,Guard(300),10106668,9.490893,62.436113,0.7527015688456571
27,3,0,8,Guard(600),10106668,9.218881,71.91596299999999,0.7849389350719411
27,3,0,8,Guard(1200),10106668,9.175203,62.634898,0.7901154114113366
27,3,1,5,FCFS,10106668,88.4248588200001,0.0,0.0
27,3,1,5,SJF,10106668,27.345436390000017,856.694452,1.0
27,3,1,5,SPJF-E,10106668,31.690836930000035,237.67215099999999,0.9288565548408705
27,3,1,5,Guard(300),10106668,39.009346140000076,84.967806,0.8090369999263262
27,3,1,5,Guard(600),10106668,34.60999211000004,151.971745,0.8810637784218481
27,3,1,5,Guard(1200),10106668,33.443684,92.979274,0.9001587217529953
27,3,2,4,FCFS,10106668,264.6972602300014,0.0,0.0
27,3,2,4,SJF,10106668,33.99898350000005,3322.56763,1.0
27,3,2,4,SPJF-E,10106668,41.472489240000044,392.276705,0.9676048480034958
27,3,2,4,Guard(300),10106668,75.04394637000006,57.535375,0.8220837907773488
27,3,2,4,Guard(600),10106668,52.432774760000186,172.09546699999999,0.9200956698884483
27,3,2,4,Guard(1200),10106668,49.30735982000006,93.270505,0.9336433000844814
27,4,0,8,FCFS,10106668,16.12807298000003,0.0,0.0
27,4,0,8,SJF,10106668,7.303609130000008,202.66566,1.0
27,4,0,8,SPJF-E,10106668,8.870672200000145,70.11640999999999,0.8224183251654283
27,4,0,8,Guard(300),10106668,9.27245731000016,57.726292,0.7768875012162755
27,4,0,8,Guard(600),10106668,8.904818,70.11640999999999,0.8185488776182149
27,4,0,8,Guard(1200),10106668,8.801430730000032,70.106007,0.8302648607937785
27,4,1,5,FCFS,10106668,100.24296509000283,0.0,0.0
27,4,1,5,SJF,10106668,25.484950140000006,882.7885620000001,1.0
27,4,1,5,SPJF-E,10106668,29.806998,234.573177,0.9421861607362032
27,4,1,5,Guard(300),10106668,36.84287696000016,63.416629,0.8480707810714853
27,4,1,5,Guard(600),10106668,32.388621520000015,171.31169899999998,0.907653093991098
27,4,1,5,Guard(1200),10106668,31.20341063000008,107.378249,0.9235070581552426
27,4,2,4,FCFS,10106668,313.7969253700001,0.0,0.0
27,4,2,4,SJF,10106668,35.062323070000026,1518.507637,1.0
27,4,2,4,SPJF-E,10106668,41.81986929000001,380.487946,0.975756342541473
27,4,2,4,Guard(300),10106668,86.56628368000003,84.267396,0.8152222214787433
27,4,2,4,Guard(600),10106668,53.89457853000016,151.72006,0.9324366070641955
27,4,2,4,Guard(1200),10106668,48.50806298000017,91.709297,0.951761497140823
28,0,0,8,FCFS,14253954,75.85427421999997,0.0,0.0
28,0,0,8,SJF,14253954,21.032063429999916,487.019953,1.0
28,0,0,8,SPJF-E,14253954,26.786857,231.918177,0.8950280645914813
28,0,0,8,Guard(300),14253954,31.010613929999998,64.64093899999999,0.8179834348851134
28,0,0,8,Guard(600),14253954,27.992409249999962,154.32048300000002,0.8730378487167894
28,0,0,8,Guard(1200),14253954,27.465512719999975,93.662291,0.882648853497649
28,0,1,5,FCFS,14253954,349.8056559499997,0.0,0.0
28,0,1,5,SJF,14253954,37.42286186999998,1368.1056820000001,1.0
28,0,1,5,SPJF-E,14253954,56.479349959999986,136.637426,0.9389963581505076
28,0,1,5,Guard(300),14253954,175.59705406999984,84.378739,0.5576766876455618
28,0,1,5,Guard(600),14253954,101.45246352999992,136.637426,0.7950283982554996
28,0,1,5,Guard(1200),14253954,76.74115666999948,96.861334,0.8741342495645573
28,0,2,4,FCFS,14253954,669.9487108299992,0.0,0.0
28,0,2,4,SJF,14253954,47.036866669999995,3147.728559,1.0
28,0,2,4,SPJF-E,14253954,93.37144656999979,474.04740400000003,0.9256161520536148
28,0,2,4,Guard(300),14253954,512.6082162199999,80.970013,0.2525887026954416
28,0,2,4,Guard(600),14253954,279.81308142,166.472666,0.6263095381275013
28,0,2,4,Guard(1200),14253954,183.51288580999923,78.483109,0.7809063667363106
28,1,0,7,FCFS,14253954,122.91389089999998,0.0,0.0
28,1,0,7,SJF,14253954,25.889004809999996,557.908497,1.0
28,1,0,7,SPJF-E,14253954,33.49773422999999,179.328869,0.9215796098648117
28,1,0,7,Guard(300),14253954,45.03865153999998,106.643873,0.8026315979156435
28,1,0,7,Guard(600),14253954,37.650661,151.180182,0.8787769131819445
28,1,0,7,Guard(1200),14253954,35.37003137999994,97.00828,0.9022825282041003
28,1,1,5,FCFS,14253954,366.7193233399991,0.0,0.0
28,1,1,5,SJF,14253954,37.474712199999985,1367.588359,1.0
28,1,1,5,SPJF-E,14253954,57.46618023999995,258.735614,0.9392808041085923
28,1,1,5,Guard(300),14253954,184.75666281,92.324829,0.5526670881566114
28,1,1,5,Guard(600),14253954,104.92893036999995,166.34396299999997,0.7951243061004345
28,1,1,5,Guard(1200),14253954,77.2401531999999,95.034759,0.8792221963411541
28,1,2,4,FCFS,14253954,740.4262263799995,0.0,0.0
28,1,2,4,SJF,14253954,46.02945118,3221.020025,1.0
28,1,2,4,SPJF-E,14253954,94.10143558999995,463.477716,0.9307715903545861
28,1,2,4,Guard(300),14253954,558.4618327999998,77.708742,0.26204671461440837
28,1,2,4,Guard(600),14253954,280.52714719999994,164.56569,0.6623001367590451
28,1,2,4,Guard(1200),14253954,170.38935608999947,92.54509900000001,0.8209094434890175
28,2,0,8,FCFS,14253954,73.36356450999988,0.0,0.0
28,2,0,8,SJF,14253954,22.466694,445.052726,1.0
28,2,0,8,SPJF-E,14253954,27.806581959999978,216.681905,0.8950841592716231
28,2,0,8,Guard(300),14253954,32.12304234999993,105.9516,0.8102761868609837
28,2,0,8,Guard(600),14253954,29.025544489999994,153.57844400000002,0.871134503471852
28,2,0,8,Guard(1200),14253954,28.239844459999954,96.075929,0.8865716024943875
28,2,1,5,FCFS,14253954,343.7240471,0.0,0.0
28,2,1,5,SJF,14253954,37.880801919999975,1319.4068770000001,1.0
28,2,1,5,SPJF-E,14253954,57.20695763999992,218.418588,0.9368102581156376
28,2,1,5,Guard(300),14253954,176.2548674899999,73.649787,0.5475654023728342
28,2,1,5,Guard(600),14253954,94.17677581999997,155.965269,0.81593193641773
28,2,1,5,Guard(1200),14253954,76.16030210999995,92.92925799999999,0.8748394780879626
28,2,2,4,FCFS,14253954,647.7044604499995,0.0,0.0
28,2,2,4,SJF,14253954,47.14199429,2725.2261710000002,1.0
28,2,2,4,SPJF-E,14253954,94.72688166999993,523.920583,0.9207661316494552
28,2,2,4,Guard(300),14253954,518.12990779,56.069795,0.21575532931403474
28,2,2,4,Guard(600),14253954,271.94910754999995,167.922538,0.6256723889233069
28,2,2,4,Guard(1200),14253954,173.00431095999937,93.770755,0.7904259360816137
28,3,0,8,FCFS,14253954,75.67100414999999,0.0,0.0
28,3,0,8,SJF,14253954,21.889638329999993,371.430127,1.0
28,3,0,8,SPJF-E,14253954,27.06856428999995,157.567931,0.9037040826123081
28,3,0,8,Guard(300),14253954,31.29097461,105.72939600000001,0.8251934264469001
28,3,0,8,Guard(600),14253954,28.13807893999997,151.354445,0.8838177403133869
28,3,0,8,Guard(1200),14253954,27.806173669999918,94.973585,0.8899891207709026
28,3,1,5,FCFS,14253954,353.57542656999976,0.0,0.0
28,3,1,5,SJF,14253954,37.149254729999996,1549.7213450000002,1.0
28,3,1,5,SPJF-E,14253954,55.16697224999996,224.105284,0.9430587001851712
28,3,1,5,Guard(300),14253954,172.18964209999936,63.651611,0.5732325597950784
28,3,1,5,Guard(600),14253954,95.65970362999992,161.771093,0.8150897299051938
28,3,1,5,Guard(1200),14253954,74.04379424999982,102.080964,0.8834023769100381
28,3,2,4,FCFS,14253954,689.3237414399997,0.0,0.0
28,3,2,4,SJF,14253954,46.13485867999998,3034.358355,1.0
28,3,2,4,SPJF-E,14253954,92.60083882999984,348.37910600000004,0.9277568667688894
28,3,2,4,Guard(300),14253954,534.9149705499999,65.548162,0.24006753696894365
28,3,2,4,Guard(600),14253954,275.43350961999994,162.505043,0.6434971793106058
28,3,2,4,Guard(1200),14253954,181.31549477999994,93.663434,0.78982746791281
28,4,0,8,FCFS,14253954,80.97729710999997,0.0,0.0
28,4,0,8,SJF,14253954,22.44998872999999,745.333921,1.0
28,4,0,8,SPJF-E,14253954,27.912132039999985,193.14383999999998,0.9066735945802262
28,4,0,8,Guard(300),14253954,33.31600502999997,86.540845,0.8143427982464143
28,4,0,8,Guard(600),14253954,29.671362959999993,151.174712,0.8766153026701001
28,4,0,8,Guard(1200),14253954,28.822034519999967,93.797103,0.8911269633548116
28,4,1,5,FCFS,14253954,338.4229606899999,0.0,0.0
28,4,1,5,SJF,14253954,37.764213419999976,1543.234181,1.0
28,4,1,5,SPJF-E,14253954,57.609600839999985,302.801355,0.933993646949582
28,4,1,5,Guard(300),14253954,184.45458879999987,114.12477,0.5121034172065253
28,4,1,5,Guard(600),14253954,104.40131616999999,279.15594999999996,0.7783630000621335
28,4,1,5,Guard(1200),14253954,78.70705867999996,156.150846,0.8638228701750287
28,4,2,4,FCFS,14253954,606.4463160799996,0.0,0.0
28,4,2,4,SJF,14253954,47.278704729999994,3005.8109759999998,1.0
28,4,2,4,SPJF-E,14253954,97.98717743999998,572.91551,0.9093143599866694
28,4,2,4,Guard(300),14253954,531.8816667099995,75.99071099999999,0.13334937120191653
28,4,2,4,Guard(600),14253954,279.12487931999993,167.397896,0.5853726684379068
28,4,2,4,Guard(1200),14253954,192.1428209399999,84.21385799999999,0.7409289929002609
29,0,0,9,FCFS,14967510,40.50653091999995,0.0,0.0
29,0,0,9,SJF,14967510,15.673466709999992,297.408573,1.0
29,0,0,9,SPJF-E,14967510,20.749627599999968,84.12161599999999,0.7955886214011451
29,0,0,9,Guard(300),14967510,22.194040319999992,65.44055900000001,0.7374237204535457
29,0,0,9,Guard(600),14967510,20.973290679999984,84.12161599999999,0.7865819568144224
29,0,0,9,Guard(1200),14967510,20.75979906999998,81.377944,0.795179027566329
29,0,1,6,FCFS,14967510,137.79086740999966,0.0,0.0
29,0,1,6,SJF,14967510,32.67726757999999,1067.6709779999999,1.0
29,0,1,6,SPJF-E,14967510,42.40801484,187.751208,0.9074263722702148
29,0,1,6,Guard(300),14967510,60.14836246999999,115.580339,0.7386532766984574
29,0,1,6,Guard(600),14967510,46.29848217,146.559956,0.8704143458883569
29,0,1,6,Guard(1200),14967510,44.204968989999934,115.431356,0.8903310187393095
29,0,2,4,FCFS,14967510,545.8390755299995,0.0,0.0
29,0,2,4,SJF,14967510,47.84773108999999,1401.940708,1.0
29,0,2,4,SPJF-E,14967510,91.26107280999999,399.849058,0.912823099829538
29,0,2,4,Guard(300),14967510,405.94859727999994,122.497471,0.2809094571860661
29,0,2,4,Guard(600),14967510,194.0048035299999,169.505989,0.7065068016305459
29,0,2,4,Guard(1200),14967510,151.77066246999945,131.42699399999998,0.7913157878338974
29,1,0,7,FCFS,14967510,71.86113484999997,0.0,0.0
29,1,0,7,SJF,14967510,24.268334029999945,609.9321950000001,1.0
29,1,0,7,SPJF-E,14967510,30.682983339999996,73.238393,0.8652180750138916
29,1,0,7,Guard(300),14967510,35.12912111999999,73.487286,0.7717976899263304
29,1,0,7,Guard(600),14967510,31.287779,73.238393,0.8525103618812395
29,1,0,7,Guard(1200),14967510,30.978578199999962,73.474576,0.8590071596042704
29,1,1,5,FCFS,14967510,191.03753332999992,0.0,0.0
29,1,1,5,SJF,14967510,38.62182023999998,932.787359,1.0
29,1,1,5,SPJF-E,14967510,52.43911315999996,168.278648,0.9093446952425369
29,1,1,5,Guard(300),14967510,92.2714696499997,118.065865,0.6480044719646448
29,1,1,5,Guard(600),14967510,60.184101489999975,149.343265,0.8585298010759055
29,1,1,5,Guard(1200),14967510,56.67404761999996,117.90736799999999,0.8815592761794822
29,1,2,4,FCFS,14967510,373.1134777099998,0.0,0.0
29,1,2,4,SJF,14967510,47.38110384999996,486.42231300000003,1.0
29,1,2,4,SPJF-E,14967510,83.76233798,713.320559,0.8883094311478027
29,1,2,4,Guard(300),14967510,253.76332347999943,136.95157700000001,0.36640556422339904
29,1,2,4,Guard(600),14967510,128.4286415099999,216.09003,0.7511836582297029
29,1,2,4,Guard(1200),14967510,115.15134865999991,136.381676,0.7919450129966891
29,2,0,8,FCFS,14967510,49.304749989999955,0.0,0.0
29,2,0,8,SJF,14967510,19.041133359999936,323.281765,1.0
29,2,0,8,SPJF-E,14967510,24.57235898999999,67.40557799999999,0.8172318365770929
29,2,0,8,Guard(300),14967510,26.83442308999997,67.40557799999999,0.7424865036694054
29,2,0,8,Guard(600),14967510,24.83766942999999,67.40557799999999,0.8084651897072339
29,2,0,8,Guard(1200),14967510,24.713923569999892,67.40557799999999,0.8125541213611405
29,2,1,5,FCFS,14967510,204.5878835599998,0.0,0.0
29,2,1,5,SJF,14967510,37.752897669999996,751.302541,1.0
29,2,1,5,SPJF-E,14967510,50.86547771999999,141.960729,0.9214038951119904
29,2,1,5,Guard(300),14967510,97.77392673999987,136.506622,0.6402371555953266
29,2,1,5,Guard(600),14967510,59.23983919,141.960729,0.871208419472837
29,2,1,5,Guard(1200),14967510,57.06533491999998,86.889987,0.8842422819951364
29,2,2,4,FCFS,14967510,439.90350035,0.0,0.0
29,2,2,4,SJF,14967510,46.427800549999965,691.726072,1.0
29,2,2,4,SPJF-E,14967510,79.74075419999997,210.037298,0.9153366938112502
29,2,2,4,Guard(300),14967510,284.47360188999977,111.07753000000001,0.3950177826457994
29,2,2,4,Guard(600),14967510,142.22831474999947,153.22476799999998,0.75652749522094
29,2,2,4,Guard(1200),14967510,114.62351203999982,98.285325,0.8266838040451722
29,3,0,9,FCFS,14967510,37.385446839999986,0.0,0.0
29,3,0,9,SJF,14967510,14.833963379999986,366.152071,1.0
29,3,0,9,SPJF-E,14967510,19.027014559999998,67.945606,0.8140676116745355
29,3,0,9,Guard(300),14967510,20.413164019999993,67.945606,0.7526016126657059
29,3,0,9,Guard(600),14967510,19.142426499999985,67.945606,0.8089499022251905
29,3,0,9,Guard(1200),14967510,18.94747271999994,67.945606,0.8175947339652327
29,3,1,5,FCFS,14967510,221.6387561199998,0.0,0.0
29,3,1,5,SJF,14967510,39.18060276,718.8242570000001,1.0
29,3,1,5,SPJF-E,14967510,53.58180828999999,172.912647,0.9210711866540399
29,3,1,5,Guard(300),14967510,104.11787588,121.062984,0.6440977181662294
29,3,1,5,Guard(600),14967510,64.29536670999995,172.19371600000002,0.8623532931386895
29,3,1,5,Guard(1200),14967510,60.379774149999946,120.918524,0.8838135155945986
29,3,2,4,FCFS,14967510,464.5306747199996,0.0,0.0
29,3,2,4,SJF,14967510,47.48646455,1091.037571,1.0
29,3,2,4,SPJF-E,14967510,83.44807011999988,748.7656179999999,0.9137702797616087
29,3,2,4,Guard(300),14967510,303.6329991699996,132.123278,0.38580484185217034
29,3,2,4,Guard(600),14967510,152.10906026999984,225.086592,0.749133081892319
29,3,2,4,Guard(1200),14967510,124.86261336999988,142.16999,0.8144653565902303
29,4,0,8,FCFS,14967510,43.436579,0.0,0.0
29,4,0,8,SJF,14967510,18.355785009999984,52.161867,1.0
29,4,0,8,SPJF-E,14967510,23.626549849999968,67.35417000000001,0.789848565316493
29,4,0,8,Guard(300),14967510,25.774868929999975,99.379365,0.7041926215351053
29,4,0,8,Guard(600),14967510,24.07461739,67.35417000000001,0.7719835989929116
29,4,0,8,Guard(1200),14967510,23.822942239999968,67.40296500000001,0.7820181756534582
29,4,1,5,FCFS,14967510,177.26190374999982,0.0,0.0
29,4,1,5,SJF,14967510,37.92428185999999,1054.7359729999998,1.0
29,4,1,5,SPJF-E,14967510,50.07530242,189.221035,0.9127944025799963
29,4,1,5,Guard(300),14967510,87.75190995999984,83.20636,0.6423964509790736
29,4,1,5,Guard(600),14967510,57.667828329999935,146.10175099999998,0.8583042669869412
29,4,1,5,Guard(1200),14967510,54.94345703999991,83.177361,0.8778565691796023
29,4,2,4,FCFS,14967510,361.6923518899997,0.0,0.0
29,4,2,4,SJF,14967510,45.69405940999998,1228.476101,1.0
29,4,2,4,SPJF-E,14967510,75.01381432999999,1285.176621,0.9072154640776873
29,4,2,4,Guard(300),14967510,234.7258625199999,117.85826899999999,0.40179485899606815
29,4,2,4,Guard(600),14967510,121.2485371099997,222.43614,0.760902259607046
29,4,2,4,Guard(1200),14967510,110.19031277999994,91.847206,0.7958968294928932
30,0,0,8,FCFS,16518364,95.460397,0.0,0.0
30,0,0,8,SJF,16518364,32.637465529999965,200.31266799999997,1.0
30,0,0,8,SPJF-E,16518364,45.59526844999994,457.30731000000003,0.7937408742827013
30,0,0,8,Guard(300),16518364,52.764454,90.39153900000001,0.6796235387453813
30,0,0,8,Guard(600),16518364,47.18164202999997,169.86954699999998,0.768489369093747
30,0,0,8,Guard(1200),16518364,47.00193821999998,99.162198,0.7713498502237275
30,0,1,5,FCFS,16518364,293.93182539,0.0,0.0
30,0,1,5,SJF,16518364,52.29942375999999,345.897454,1.0
30,0,1,5,SPJF-E,16518364,113.35895104,690.2244410000001,0.7473040582798266
30,0,1,5,Guard(300),16518364,184.60504886999968,128.022299,0.4524508128152743
30,0,1,5,Guard(600),16518364,132.59375328,165.24571600000002,0.667700486448209
30,0,1,5,Guard(1200),16518364,128.22884925999972,140.014208,0.6857647195169347
30,0,2,4,FCFS,16518364,549.8614303099997,0.0,0.0
30,0,2,4,SJF,16518364,68.06276844999972,873.605808,1.0
30,0,2,4,SPJF-E,16518364,191.79666054999876,698.67145,0.7431834044073096
30,0,2,4,Guard(300),16518364,478.77078756,86.13896199999999,0.14755259484439395
30,0,2,4,Guard(600),16518364,287.83759646999937,200.067844,0.5438450842276077
30,0,2,4,Guard(1200),16518364,251.39322120999964,147.941014,0.6194874181421623
30,1,0,8,FCFS,16518364,83.34701670999999,0.0,0.0
30,1,0,8,SJF,16518364,31.46709984999999,303.559632,1.0
30,1,0,8,SPJF-E,16518364,42.65654633999998,396.934824,0.7843202694369162
30,1,0,8,Guard(300),16518364,46.3640535,91.277958,0.7128570253842151
30,1,0,8,Guard(600),16518364,43.27132399999962,191.209771,0.772470257000338
30,1,0,8,Guard(1200),16518364,43.34495669999993,101.974298,0.7710509659826016
30,1,1,5,FCFS,16518364,243.80492273999997,0.0,0.0
30,1,1,5,SJF,16518364,50.732438439999946,749.478873,1.0
30,1,1,5,SPJF-E,16518364,97.82811207999947,647.183896,0.7560725765209438
30,1,1,5,Guard(300),16518364,153.21948046999958,121.94237,0.46917841554908907
30,1,1,5,Guard(600),16518364,113.71998801999999,184.18165000000002,0.6737621634259977
30,1,1,5,Guard(1200),16518364,113.73221042999937,296.344815,0.6736988586519193
30,1,2,4,FCFS,16518364,453.67862106999894,0.0,0.0
30,1,2,4,SJF,16518364,64.65386932,1729.913422,1.0
30,1,2,4,SPJF-E,16518364,170.07534200999737,1098.763583,0.7290108862848271
30,1,2,4,Guard(300),16518364,374.1272430799998,87.671164,0.20448924556122247
30,1,2,4,Guard(600),16518364,235.05121874999887,211.432848,0.5619884116281058
30,1,2,4,Guard(1200),16518364,209.34147124999876,122.318496,0.6280761024095964
30,2,0,8,FCFS,16518364,77.902831,0.0,0.0
30,2,0,8,SJF,16518364,30.73214170999984,336.811074,1.0
30,2,0,8,SPJF-E,16518364,41.35108909999999,333.509374,0.7748825054322179
30,2,0,8,Guard(300),16518364,44.96802993999998,101.830045,0.6982047868226076
30,2,0,8,Guard(600),16518364,42.20020117999992,171.249365,0.7568816643849378
30,2,0,8,Guard(1200),16518364,42.66523075,134.21938999999998,0.7470232209956302
30,2,1,5,FCFS,16518364,262.73851352999964,0.0,0.0
30,2,1,5,SJF,16518364,50.26834503999994,1174.173459,1.0
30,2,1,5,SPJF-E,16518364,98.93809635999999,1432.08821,0.7709337189973999
30,2,1,5,Guard(300),16518364,154.16637369999967,106.42937500000001,0.5109994527778149
30,2,1,5,Guard(600),16518364,111.02190808999933,229.601538,0.714060738588538
30,2,1,5,Guard(1200),16518364,115.33147420999921,112.88153,0.6937775800132544
30,2,2,4,FCFS,16518364,490.8354753799997,0.0,0.0
30,2,2,4,SJF,16518364,64.42105186999999,973.372716,1.0
30,2,2,4,SPJF-E,16518364,174.10820536999984,764.308638,0.7427686601285249
30,2,2,4,Guard(300),16518364,421.8648936199997,104.574018,0.16174542406955567
30,2,2,4,Guard(600),16518364,242.08968153999976,205.51566,0.5833428236138609
30,2,2,4,Guard(1200),16518364,218.05941578999975,149.714484,0.6396970753115323
30,3,0,8,FCFS,16518364,90.2410092499999,0.0,0.0
30,3,0,8,SJF,16518364,32.86848591,211.165727,1.0
30,3,0,8,SPJF-E,16518364,44.42246998999997,403.470961,0.7986146781181476
30,3,0,8,Guard(300),16518364,49.415532699999986,108.885731,0.7115858632896586
30,3,0,8,Guard(600),16518364,45.33003885999993,156.66934999999998,0.7827958014649186
30,3,0,8,Guard(1200),16518364,45.361349149999974,108.721067,0.7822500647920779
30,3,1,5,FCFS,16518364,281.1221636099993,0.0,0.0
30,3,1,5,SJF,16518364,51.585804939999996,1512.592479,1.0
30,3,1,5,SPJF-E,16518364,103.14090066999985,1114.803123,0.7753946432333199
30,3,1,5,Guard(300),16518364,171.3379016599999,114.948034,0.47828702426979974
30,3,1,5,Guard(600),16518364,117.67798386999932,208.802959,0.7120622662441947
30,3,1,5,Guard(1200),16518364,121.84463715999865,371.129329,0.6939097900345773
30,3,2,4,FCFS,16518364,513.2328708499996,0.0,0.0
30,3,2,4,SJF,16518364,67.49152288999937,2343.990702,1.0
30,3,2,4,SPJF-E,16518364,186.45894038999973,913.065182,0.7331021274008527
30,3,2,4,Guard(300),16518364,454.4330633999998,140.189405,0.1319146355147567
30,3,2,4,Guard(600),16518364,279.09580588999984,297.151206,0.5252756246005938
30,3,2,4,Guard(1200),16518364,236.15590867999973,122.26706999999999,0.6216092885214323
30,4,0,7,FCFS,16518364,110.28742297999977,0.0,0.0
30,4,0,7,SJF,16518364,36.28467341999998,196.898479,1.0
30,4,0,7,SPJF-E,16518364,50.84501584999985,375.75385600000004,0.8032459264477105
30,4,0,7,Guard(300),16518364,60.47830235999994,109.784626,0.6730712158149706
30,4,0,7,Guard(600),16518364,53.11699595999999,174.399031,0.7725446332726769
30,4,0,7,Guard(1200),16518364,53.27198483999988,97.72473,0.7704502667670887
30,4,1,5,FCFS,16518364,255.83563672999992,0.0,0.0
30,4,1,5,SJF,16518364,49.336612009999776,759.005615,1.0
30,4,1,5,SPJF-E,16518364,97.21585541999997,642.5273960000001,0.7681381620328644
30,4,1,5,Guard(300),16518364,147.68912501999992,107.290285,0.5237143945674317
30,4,1,5,Guard(600),16518364,106.69579475999987,210.908264,0.7222302486523818
30,4,1,5,Guard(1200),16518364,113.27012230999973,138.567858,0.6903931610006883
30,4,2,4,FCFS,16518364,455.25409967999974,0.0,0.0
30,4,2,4,SJF,16518364,62.83169397999991,539.879942,1.0
30,4,2,4,SPJF-E,16518364,169.6989438099999,1136.888611,0.7276729150075641
30,4,2,4,Guard(300),16518364,350.2534396699998,107.98945599999999,0.2675705017981851
30,4,2,4,Guard(600),16518364,219.22144109999982,298.98526499999997,0.6014759992079627
30,4,2,4,Guard(1200),16518364,214.0009458299992,152.58843099999999,0.6147792540531807
31,0,0,8,FCFS,15971520,40.44637667999989,0.0,0.0
31,0,0,8,SJF,15971520,19.305185969999936,530.9910470000001,1.0
31,0,0,8,SPJF-E,15971520,23.321192629999658,197.772759,0.810038766733223
31,0,0,8,Guard(300),15971520,24.768229419999994,80.862971,0.7415924426898058
31,0,0,8,Guard(600),15971520,23.734224809999983,162.653672,0.7905019210717835
31,0,0,8,Guard(1200),15971520,23.266665499999977,94.806399,0.8126179558975252
31,0,1,5,FCFS,15971520,161.14801903999987,0.0,0.0
31,0,1,5,SJF,15971520,35.90769934999995,495.07948400000004,1.0
31,0,1,5,SPJF-E,15971520,50.64872333999994,1213.218009,0.8822980967591938
31,0,1,5,Guard(300),15971520,83.79928641999955,147.01357800000002,0.6176024846587516
31,0,1,5,Guard(600),15971520,58.19667323999997,315.45844,0.8220303657386805
31,0,1,5,Guard(1200),15971520,54.941881759999816,146.96055,0.8480187334469117
31,0,2,4,FCFS,15971520,339.4892991699995,0.0,0.0
31,0,2,4,SJF,15971520,44.21382454999993,1542.043254,1.0
31,0,2,4,SPJF-E,15971520,80.92915365999998,632.531978,0.8756573699280297
31,0,2,4,Guard(300),15971520,275.3883104999998,148.100609,0.2170887668625155
31,0,2,4,Guard(600),15971520,135.56942487999993,176.025202,0.6906089120758547
31,0,2,4,Guard(1200),15971520,111.07239937999931,121.35776999999999,0.7735722043422603
31,1,0,7,FCFS,15971520,58.268615169999926,0.0,0.0
31,1,0,7,SJF,15971520,23.743209849999946,339.581839,1.0
31,1,0,7,SPJF-E,15971520,29.352003,315.544399,0.8375459144356237
31,1,0,7,Guard(300),15971520,31.840094969999875,97.582511,0.7654803746703724
31,1,0,7,Guard(600),15971520,30.20117731999983,162.405075,0.8129502779143656
31,1,0,7,Guard(1200),15971520,29.657691709999984,97.82664999999999,0.8286918920956483
31,1,1,5,FCFS,15971520,166.4199514,0.0,0.0
31,1,1,5,SJF,15971520,36.19066312999999,362.630491,1.0
31,1,1,5,SPJF-E,15971520,51.13771027999993,1005.311222,0.885225149053946
31,1,1,5,Guard(300),15971520,79.20639721999993,147.052323,0.6696923198964517
31,1,1,5,Guard(600),15971520,58.249597849999866,266.945406,0.8306146411990993
31,1,1,5,Guard(1200),15971520,55.79010334999988,162.428647,0.8495005195807794
31,1,2,4,FCFS,15971520,333.87250210999974,0.0,0.0
31,1,2,4,SJF,15971520,44.86645239999996,734.5389170000001,1.0
31,1,2,4,SPJF-E,15971520,82.57094205999996,850.68268,0.869537368861883
31,1,2,4,Guard(300),15971520,283.6547659699974,80.316683,0.1737601555067543
31,1,2,4,Guard(600),15971520,137.6213084199989,174.137901,0.6790556595162182
31,1,2,4,Guard(1200),15971520,112.27168246999985,124.348123,0.7667687920801761
31,2,0,8,FCFS,15971520,45.849700219999974,0.0,0.0
31,2,0,8,SJF,15971520,20.94887899999988,190.313634,1.0
31,2,0,8,SPJF-E,15971520,25.833579039999975,240.124862,0.8038337773343495
31,2,0,8,Guard(300),15971520,27.55827231999989,84.455061,0.7345712713004257
31,2,0,8,Guard(600),15971520,26.339472,162.669618,0.783517461035765
31,2,0,8,Guard(1200),15971520,25.929627679999935,101.480399,0.7999765294487731
31,2,1,5,FCFS,15971520,188.2421012799986,0.0,0.0
31,2,1,5,SJF,15971520,36.26276831999998,389.564757,1.0
31,2,1,5,SPJF-E,15971520,53.50733711999989,1125.241052,0.8865334617270709
31,2,1,5,Guard(300),15971520,91.28878057999978,113.20426,0.6379375327664927
31,2,1,5,Guard(600),15971520,63.33768940999959,221.124929,0.8218512967343672
31,2,1,5,Guard(1200),15971520,61.038153209999706,108.785371,0.8369818816317567
31,2,2,4,FCFS,15971520,400.4022887199967,0.0,0.0
31,2,2,4,SJF,15971520,45.03298021999998,161.262397,1.0
31,2,2,4,SPJF-E,15971520,90.89594225999952,555.181151,0.8709428165488299
31,2,2,4,Guard(300),15971520,347.365914989998,96.50303000000001,0.1492429775488032
31,2,2,4,Guard(600),15971520,167.83961847999885,203.432176,0.6544253110141615
31,2,2,4,Guard(1200),15971520,129.71763165999994,100.080394,0.7616995913421691
31,3,0,7,FCFS,15971520,61.96121392999999,0.0,0.0
31,3,0,7,SJF,15971520,22.047891419999935,244.217251,1.0
31,3,0,7,SPJF-E,15971520,28.013947219999782,212.337621,0.850524701407529
31,3,0,7,Guard(300),15971520,31.63310772999999,89.524507,0.7598492005370254
31,3,0,7,Guard(600),15971520,28.92155140999989,212.337621,0.8277853218489192
31,3,0,7,Guard(1200),15971520,28.35855819999993,87.820415,0.841890717606411
31,3,1,5,FCFS,15971520,176.77988385999998,0.0,0.0
31,3,1,5,SJF,15971520,34.96809253999991,498.022585,1.0
31,3,1,5,SPJF-E,15971520,50.63153997999981,839.376289,0.8895476370885468
31,3,1,5,Guard(300),15971520,81.89661279999986,93.063975,0.6690788556918714
31,3,1,5,Guard(600),15971520,57.4802197099993,198.775795,0.8412534884408837
31,3,1,5,Guard(1200),15971520,55.69780554999988,158.276594,0.8538223597837282
31,3,2,4,FCFS,15971520,357.7962053799996,0.0,0.0
31,3,2,4,SJF,15971520,43.48459655999993,389.01628400000004,1.0
31,3,2,4,SPJF-E,15971520,78.31976989999977,938.5825609999999,0.8891699435767603
31,3,2,4,Guard(300),15971520,272.1416926899995,81.27875399999999,0.2725146328879403
31,3,2,4,Guard(600),15971520,126.36223145999999,178.649388,0.7363201594394101
31,3,2,4,Guard(1200),15971520,109.03722129999925,95.614596,0.7914406502957386
31,4,0,8,FCFS,15971520,42.88205446999994,0.0,0.0
31,4,0,8,SJF,15971520,18.115437889999967,117.654944,1.0
31,4,0,8,SPJF-E,15971520,22.376412089999953,191.47931300000002,0.82795493335812
31,4,0,8,Guard(300),15971520,24.67625478999979,73.944267,0.7350943404478616
31,4,0,8,Guard(600),15971520,22.861407669999945,155.270364,0.8083722996772786
31,4,0,8,Guard(1200),15971520,22.506509,101.39824399999999,0.8227020192356029
31,4,1,5,FCFS,15971520,171.04640156999997,0.0,0.0
31,4,1,5,SJF,15971520,35.77283440999995,216.464798,1.0
31,4,1,5,SPJF-E,15971520,51.53323150999999,287.362969,0.8834924114822903
31,4,1,5,Guard(300),15971520,81.87121383999991,102.187932,0.6592210851106238
31,4,1,5,Guard(600),15971520,58.89671319999981,167.33912,0.8290584090042572
31,4,1,5,Guard(1200),15971520,57.24266431999986,120.610374,0.8412858449677338
31,4,2,4,FCFS,15971520,339.69037789999885,0.0,0.0
31,4,2,4,SJF,15971520,44.38891972999991,995.79243,1.0
31,4,2,4,SPJF-E,15971520,80.78319805999998,797.867141,0.8767555075564558
31,4,2,4,Guard(300),15971520,271.91530555999606,118.887307,0.2295114719717574
31,4,2,4,Guard(600),15971520,134.64090207999982,297.737373,0.6943733941942011
31,4,2,4,Guard(1200),15971520,113.40320326999911,121.980796,0.766292100392308
32,0,0,7,FCFS,13911300,116.11330681000014,0.0,0.0
32,0,0,7,SJF,13911300,32.79939340000001,120.851615,1.0
32,0,0,7,SPJF-E,13911300,40.150567640000006,88.954886,0.9117653469976403
32,0,0,7,Guard(300),13911300,46.11602120000001,73.480159,0.8401632181834153
32,0,0,7,Guard(600),13911300,40.71853432000002,88.954886,0.9049481581662266
32,0,0,7,Guard(1200),13911300,40.61140864000004,86.08981899999999,0.9062339659696939
32,0,1,5,FCFS,13911300,257.17266046000015,0.0,0.0
32,0,1,5,SJF,13911300,44.80681360000002,111.988547,1.0
32,0,1,5,SPJF-E,13911300,62.43349694000002,260.153064,0.9169985023457176
32,0,1,5,Guard(300),13911300,121.07528792000016,68.69136499999999,0.6408628061070512
32,0,1,5,Guard(600),13911300,69.0704689700003,209.007522,0.8857459627865876
32,0,1,5,Guard(1200),13911300,70.78202246000004,90.08128099999999,0.8776865054147625
32,0,2,4,FCFS,13911300,421.7580414800002,0.0,0.0
32,0,2,4,SJF,13911300,52.83394313000004,3233.962356,1.0
32,0,2,4,SPJF-E,13911300,113.05411593000007,517.3806639999999,0.8367681236619331
32,0,2,4,Guard(300),13911300,326.66064703000023,72.830012,0.25776953816603376
32,0,2,4,Guard(600),13911300,158.80892100000045,173.498402,0.7127458511277259
32,0,2,4,Guard(1200),13911300,143.93837063000063,112.644829,0.7530537367782102
32,1,0,8,FCFS,13911300,77.05025342000009,0.0,0.0
32,1,0,8,SJF,13911300,26.62378965000003,90.054155,1.0
32,1,0,8,SPJF-E,13911300,33.340081,107.24465400000001,0.86681018560743
32,1,0,8,Guard(300),13911300,36.50335432,104.138103,0.8040797642471698
32,1,0,8,Guard(600),13911300,33.601170270000075,107.24465400000001,0.8616325615886027
32,1,0,8,Guard(1200),13911300,33.5531693800001,92.56295399999999,0.8625844603816434
32,1,1,5,FCFS,13911300,248.83999613000006,0.0,0.0
32,1,1,5,SJF,13911300,44.276167840000035,167.70971899999998,1.0
32,1,1,5,SPJF-E,13911300,60.490125980000016,130.930071,0.92073888000857
32,1,1,5,Guard(300),13911300,124.35690640000003,108.473311,0.608529331752271
32,1,1,5,Guard(600),13911300,65.40803700000004,128.80865999999997,0.8966979189984536
32,1,1,5,Guard(1200),13911300,66.94898418000002,126.643541,0.8891650761059386
32,1,2,4,FCFS,13911300,394.6213586800005,0.0,0.0
32,1,2,4,SJF,13911300,52.81791021000001,156.85756,1.0
32,1,2,4,SPJF-E,13911300,107.14747871000009,374.22582,0.8410502622393277
32,1,2,4,Guard(300),13911300,311.40120947000077,110.362826,0.24347369689368084
32,1,2,4,Guard(600),13911300,156.2338912300002,208.407539,0.6974402058173593
32,1,2,4,Guard(1200),13911300,146.49419011000006,113.823834,0.7259352405035145
32,2,0,7,FCFS,13911300,94.06560422000014,0.0,0.0
32,2,0,7,SJF,13911300,31.435951000000006,196.74983,1.0
32,2,0,7,SPJF-E,13911300,38.5999931100001,155.039534,0.8856126173198683
32,2,0,7,Guard(300),13911300,43.514931310000115,61.624817,0.8071364012256288
32,2,0,7,Guard(600),13911300,39.04456877000002,155.039534,0.8785141322230684
32,2,0,7,Guard(1200),13911300,38.84271325,92.300801,0.8817371345809284
32,2,1,5,FCFS,13911300,230.35382925000005,0.0,0.0
32,2,1,5,SJF,13911300,43.87850383000002,231.247516,1.0
32,2,1,5,SPJF-E,13911300,58.79438688000004,273.80283,0.9200114920491231
32,2,1,5,Guard(300),13911300,110.28776102000049,83.25751199999999,0.6438710749509282
32,2,1,5,Guard(600),13911300,61.13018598000014,182.069569,0.9074854428533964
32,2,1,5,Guard(1200),13911300,65.35901154000013,109.172667,0.8848077746392486
32,2,2,4,FCFS,13911300,391.95025972000076,0.0,0.0
32,2,2,4,SJF,13911300,52.51636798000001,80.612141,1.0
32,2,2,4,SPJF-E,13911300,104.75642586000015,485.987059,0.8460965179045382
32,2,2,4,Guard(300),13911300,328.4159964900004,84.524386,0.18717713456458934
32,2,2,4,Guard(600),13911300,161.82351947000018,188.013759,0.6779721938499673
32,2,2,4,Guard(1200),13911300,146.17581593000043,92.132655,0.7240716079650008
32,3,0,7,FCFS,13911300,102.01243125000003,0.0,0.0
32,3,0,7,SJF,13911300,32.672534160000005,91.146774,1.0
32,3,0,7,SPJF-E,13911300,39.50731134000003,149.314653,0.9014308144829117
32,3,0,7,Guard(300),13911300,44.797581460000025,78.611462,0.8251360643892757
32,3,0,7,Guard(600),13911300,40.15256723000001,149.314653,0.8921251201124332
32,3,0,7,Guard(1200),13911300,40.00888363000001,95.548399,0.8941972835570011
32,3,1,5,FCFS,13911300,234.98629821000014,0.0,0.0
32,3,1,5,SJF,13911300,44.43974494000002,266.310499,1.0
32,3,1,5,SPJF-E,13911300,60.76443264000001,175.108495,0.9143270375672015
32,3,1,5,Guard(300),13911300,114.30927648000011,66.111767,0.6333204125660749
32,3,1,5,Guard(600),13911300,66.81549957000023,166.029616,0.8825706671361604
32,3,1,5,Guard(1200),13911300,67.31691179000003,104.45603700000001,0.8799392250481509
32,3,2,4,FCFS,13911300,400.37170945,0.0,0.0
32,3,2,4,SJF,13911300,52.319945,997.297798,1.0
32,3,2,4,SPJF-E,13911300,113.54212090000017,215.788756,0.824100371975574
32,3,2,4,Guard(300),13911300,319.9819635500006,73.542455,0.23097066043332168
32,3,2,4,Guard(600),13911300,155.10102491,177.28103199999998,0.7046959952281316
32,3,2,4,Guard(1200),13911300,148.25148445000013,115.034505,0.7243756554385136
32,4,0,8,FCFS,13911300,76.542151,0.0,0.0
32,4,0,8,SJF,13911300,27.081596980000008,59.114374000000005,1.0
32,4,0,8,SPJF-E,13911300,33.77150885000007,138.873032,0.8647424800924205
32,4,0,8,Guard(300),13911300,36.422711,96.776144,0.8111401255994263
32,4,0,8,Guard(600),13911300,34.01750279000001,138.873032,0.8597689421918853
32,4,0,8,Guard(1200),13911300,34.07047,89.671959,0.85869804415911
32,4,1,5,FCFS,13911300,248.94056019000007,0.0,0.0
32,4,1,5,SJF,13911300,44.27974811,561.756496,1.0
32,4,1,5,SPJF-E,13911300,62.28019553000007,260.52459500000003,0.9120474152474101
32,4,1,5,Guard(300),13911300,122.816538,71.378053,0.6162587791389166
32,4,1,5,Guard(600),13911300,69.38380930000001,185.607929,0.8773382117716454
32,4,1,5,Guard(1200),13911300,71.7927027200001,116.480483,0.8655680375232482
32,4,2,4,FCFS,13911300,418.6595311000001,0.0,0.0
32,4,2,4,SJF,13911300,52.55214834000001,851.333665,1.0
32,4,2,4,SPJF-E,13911300,114.25713680000008,318.15803800000003,0.8314565852378606
32,4,2,4,Guard(300),13911300,315.8370387700001,119.127805,0.28085337027307306
32,4,2,4,Guard(600),13911300,165.0605866500001,249.636171,0.6926900586876326
32,4,2,4,Guard(1200),13911300,149.47355041000034,118.934577,0.7352650980722323
33,0,0,7,FCFS,15534624,93.19266221999887,0.0,0.0
33,0,0,7,SJF,15534624,24.964586499999996,174.785703,1.0
33,0,0,7,SPJF-E,15534624,30.92928605999998,310.958805,0.9125770513523126
33,0,0,7,Guard(300),15534624,35.20908854999967,84.39101099999999,0.8498491721788831
33,0,0,7,Guard(600),15534624,31.93110347999971,184.670855,0.8978936910284617
33,0,0,7,Guard(1200),15534624,31.368684479999853,107.02299,0.9061369104665705
33,0,1,5,FCFS,15534624,241.59652381999996,0.0,0.0
33,0,1,5,SJF,15534624,37.40117221999987,422.679545,1.0
33,0,1,5,SPJF-E,15534624,49.01874399999999,139.637202,0.9431056011365142
33,0,1,5,Guard(300),15534624,92.178588189999,83.865603,0.7317401422667884
33,0,1,5,Guard(600),15534624,57.24700957999979,125.833837,0.9028095536725238
33,0,1,5,Guard(1200),15534624,55.1452463799998,87.225104,0.913102457911192
33,0,2,4,FCFS,15534624,448.081478549999,0.0,0.0
33,0,2,4,SJF,15534624,45.942015339999884,1440.365253,1.0
33,0,2,4,SPJF-E,15534624,69.87047889999982,164.140056,0.9404971017542131
33,0,2,4,Guard(300),15534624,339.4400164699991,105.753221,0.2701586688677377
33,0,2,4,Guard(600),15534624,158.10316655999983,159.409936,0.7210889219260014
33,0,2,4,Guard(1200),15534624,115.54174566999995,91.091064,0.8269263857507694
33,1,0,7,FCFS,15534624,94.1428477399999,0.0,0.0
33,1,0,7,SJF,15534624,25.50210835999998,329.37069,1.0
33,1,0,7,SPJF-E,15534624,31.873787729999975,345.886393,0.9071735032642068
33,1,0,7,Guard(300),15534624,37.04170019999995,88.775934,0.83188421418196
33,1,0,7,Guard(600),15534624,32.78877402999996,267.628841,0.8938434268654873
33,1,0,7,Guard(1200),15534624,32.35775580999993,94.82671599999999,0.9001227621974378
33,1,1,5,FCFS,15534624,249.74501394999956,0.0,0.0
33,1,1,5,SJF,15534624,37.19975237999999,174.21787799999998,1.0
33,1,1,5,SPJF-E,15534624,50.39532940999996,444.252887,0.937916390454773
33,1,1,5,Guard(300),15534624,94.75188770999985,107.422089,0.7292240960589672
33,1,1,5,Guard(600),15534624,57.757803209999864,274.821974,0.9032768329995006
33,1,1,5,Guard(1200),15534624,55.82137857999998,102.61178799999999,0.9123874789658993
33,1,2,4,FCFS,15534624,445.77448907999974,0.0,0.0
33,1,2,4,SJF,15534624,46.50122167999997,427.503058,1.0
33,1,2,4,SPJF-E,15534624,73.50626419999973,747.445778,0.9323645114138193
33,1,2,4,Guard(300),15534624,368.4891,161.530495,0.1935651479581119
33,1,2,4,Guard(600),15534624,163.89363711999997,356.404067,0.705984785296447
33,1,2,4,Guard(1200),15534624,124.3943495799995,95.2195,0.8049127395700032
33,2,0,7,FCFS,15534624,94.56342943999994,0.0,0.0
33,2,0,7,SJF,15534624,25.42071688999987,254.80306,1.0
33,2,0,7,SPJF-E,15534624,31.590165009999982,253.922945,0.9107722579507028
33,2,0,7,Guard(300),15534624,36.893980489999926,78.01286400000001,0.8340640224130165
33,2,0,7,Guard(600),15534624,32.707316629999916,253.922945,0.894615072633565
33,2,0,7,Guard(1200),15534624,32.126575,93.11007099999999,0.9030142460038599
33,2,1,5,FCFS,15534624,253.76252684999977,0.0,0.0
33,2,1,5,SJF,15534624,37.10612952999981,961.972382,1.0
33,2,1,5,SPJF-E,15534624,49.16155658999998,230.160145,0.9443569301016559
33,2,1,5,Guard(300),15534624,101.9965586799998,64.33933,0.7004915158163676
33,2,1,5,Guard(600),15534624,59.28969846999998,173.929602,0.897609444196401
33,2,1,5,Guard(1200),15534624,55.13992127999997,91.529622,0.91676316982524
33,2,2,4,FCFS,15534624,472.48979102999976,0.0,0.0
33,2,2,4,SJF,15534624,45.135150219999986,493.843755,1.0
33,2,2,4,SPJF-E,15534624,68.33907454,237.596605,0.9457033524287469
33,2,2,4,Guard(300),15534624,363.7610004999999,98.280596,0.2544228613591686
33,2,2,4,Guard(600),15534624,163.30050828999833,237.596605,0.723495788308207
33,2,2,4,Guard(1200),15534624,107.08138666999915,97.385289,0.8550472358681132
33,3,0,7,FCFS,15534624,96.97020001999988,0.0,0.0
33,3,0,7,SJF,15534624,25.142093369999948,120.239141,1.0
33,3,0,7,SPJF-E,15534624,31.364137459999995,210.90006000000002,0.9133759139675157
33,3,0,7,Guard(300),15534624,35.6930133299999,60.494828,0.8531087557213236
33,3,0,7,Guard(600),15534624,32.289309,155.84300900000002,0.900495558586465
33,3,0,7,Guard(1200),15534624,32.00099687999996,95.354383,0.9045094764446221
33,3,1,5,FCFS,15534624,250.42306663999966,0.0,0.0
33,3,1,5,SJF,15534624,37.60738756999991,136.225015,1.0
33,3,1,5,SPJF-E,15534624,49.65125977999997,176.85130800000002,0.943407025917303
33,3,1,5,Guard(300),15534624,93.84870325999981,69.93016999999999,0.7357275745106125
33,3,1,5,Guard(600),15534624,58.10409265999982,145.967027,0.903687993386718
33,3,1,5,Guard(1200),15534624,55.60561943999989,106.86422300000001,0.9154280739621634
33,3,2,4,FCFS,15534624,456.9557783499991,0.0,0.0
33,3,2,4,SJF,15534624,46.16128059999998,336.814695,1.0
33,3,2,4,SPJF-E,15534624,70.51893471999954,344.929935,0.9407059874136311
33,3,2,4,Guard(300),15534624,367.2843844899996,136.655321,0.21828771892307974
33,3,2,4,Guard(600),15534624,168.57088245999978,293.909177,0.7020174259137821
33,3,2,4,Guard(1200),15534624,118.00804583999975,123.00730800000001,0.8251029027080004
33,4,0,8,FCFS,15534624,58.89921883999996,0.0,0.0
33,4,0,8,SJF,15534624,19.735486759999972,176.95835,1.0
33,4,0,8,SPJF-E,15534624,23.636945179999866,193.711813,0.90038083163192
33,4,0,8,Guard(300),15534624,25.45415118999999,61.022753,0.8539806058748827
33,4,0,8,Guard(600),15534624,24.16657816999999,153.731803,0.8868572739454809
33,4,0,8,Guard(1200),15534624,23.915270869999965,92.159307,0.8932741113267264
33,4,1,5,FCFS,15534624,236.11135244999977,0.0,0.0
33,4,1,5,SJF,15534624,37.4534252,310.123636,1.0
33,4,1,5,SPJF-E,15534624,48.71204266999998,258.022998,0.9433266136123949
33,4,1,5,Guard(300),15534624,84.39310856999998,141.32307,0.7637160317749161
33,4,1,5,Guard(600),15534624,55.60081863999995,251.525688,0.9086500413489038
33,4,1,5,Guard(1200),15534624,53.873123819999876,88.778829,0.9173468743618943
33,4,2,4,FCFS,15534624,435.92007880999984,0.0,0.0
33,4,2,4,SJF,15534624,45.249156599999885,381.346488,1.0
33,4,2,4,SPJF-E,15534624,67.99662337999999,298.984321,0.9417733302204343
33,4,2,4,Guard(300),15534624,322.2630644299993,100.368971,0.2909277550964126
33,4,2,4,Guard(600),15534624,144.13443048999966,245.725568,0.7468834554396518
33,4,2,4,Guard(1200),15534624,106.92831503999943,88.039809,0.8421199149118019
34,0,0,8,FCFS,14893340,57.960294439999984,0.0,0.0
34,0,0,8,SJF,14893340,19.754709839999965,80.440354,1.0
34,0,0,8,SPJF-E,14893340,25.94904439999999,149.62342700000002,0.837868347655122
34,0,0,8,Guard(300),14893340,28.96258076,75.543353,0.7589914925683395
34,0,0,8,Guard(600),14893340,26.768388879999886,149.62342700000002,0.8164226745008393
34,0,0,8,Guard(1200),14893340,26.073472479999992,115.204594,0.834611544198174
34,0,1,5,FCFS,14893340,221.20069271999967,0.0,0.0
34,0,1,5,SJF,14893340,36.337209,825.164672,1.0
34,0,1,5,SPJF-E,14893340,54.69329851999999,184.105423,0.90070462186138
34,0,1,5,Guard(300),14893340,98.14477035999991,83.45300499999999,0.6656583543907694
34,0,1,5,Guard(600),14893340,69.31353475999995,184.105423,0.8216179577685175
34,0,1,5,Guard(1200),14893340,60.87893655999997,83.39556599999999,0.867244049142925
34,0,2,4,FCFS,14893340,444.54857675999983,0.0,0.0
34,0,2,4,SJF,14893340,44.13612539999999,1196.668986,1.0
34,0,2,4,SPJF-E,14893340,87.98209135999974,241.335643,0.8904979957264639
34,0,2,4,Guard(300),14893340,246.73987931999983,105.067905,0.49401235343242517
34,0,2,4,Guard(600),14893340,149.36493783999984,233.44995,0.7371989505256631
34,0,2,4,Guard(1200),14893340,116.15861759999969,103.648991,0.8201292393496369
34,1,0,7,FCFS,14893340,82.97300843999999,0.0,0.0
34,1,0,7,SJF,14893340,25.346558119999948,167.35547100000002,1.0
34,1,0,7,SPJF-E,14893340,32.673003040000005,206.173334,0.8728631578152695
34,1,0,7,Guard(300),14893340,38.523676319999986,112.577358,0.7713355910900738
34,1,0,7,Guard(600),14893340,34.41686152,160.44942,0.8426017332382508
34,1,0,7,Guard(1200),14893340,33.225381,83.552045,0.8632776644015222
34,1,1,5,FCFS,14893340,208.62655428,0.0,0.0
34,1,1,5,SJF,14893340,35.7524684,267.474915,1.0
34,1,1,5,SPJF-E,14893340,54.68880671999995,252.754909,0.890461672010549
34,1,1,5,Guard(300),14893340,99.00440423999996,112.72323399999999,0.6341155730888082
34,1,1,5,Guard(600),14893340,70.09162643999998,172.629898,0.8013631836998613
34,1,1,5,Guard(1200),14893340,62.10543915999997,75.57855300000001,0.8475597390675846
34,1,2,4,FCFS,14893340,405.2557588399989,0.0,0.0
34,1,2,4,SJF,14893340,44.60927848,123.358917,1.0
34,1,2,4,SPJF-E,14893340,89.71354651999995,178.57121899999999,0.8749349557079368
34,1,2,4,Guard(300),14893340,242.02524335999976,120.659878,0.4526053195280368
34,1,2,4,Guard(600),14893340,154.24051187999945,178.57121899999999,0.6960146864858765
34,1,2,4,Guard(1200),14893340,121.70807948,100.28575,0.7862205644623521
34,2,0,7,FCFS,14893340,84.96170499999998,0.0,0.0
34,2,0,7,SJF,14893340,25.429946559999994,110.05552,1.0
34,2,0,7,SPJF-E,14893340,32.97205967999998,112.292842,0.8733094180713404
34,2,0,7,Guard(300),14893340,40.167429319999925,96.75538300000001,0.7524433487908251
34,2,0,7,Guard(600),14893340,34.90974175999999,112.292842,0.8407607057407122
34,2,0,7,Guard(1200),14893340,33.48554848,87.268463,0.8646839580907227
34,2,1,5,FCFS,14893340,228.70620535999979,0.0,0.0
34,2,1,5,SJF,14893340,36.82165184,338.998041,1.0
34,2,1,5,SPJF-E,14893340,55.82989115999996,179.244876,0.9009391898862836
34,2,1,5,Guard(300),14893340,104.53468587999997,95.936932,0.6471157641516864
34,2,1,5,Guard(600),14893340,72.87466523999991,179.244876,0.8121109138873852
34,2,1,5,Guard(1200),14893340,64.67384,84.666015,0.8548492432086412
34,2,2,4,FCFS,14893340,458.7913973599996,0.0,0.0
34,2,2,4,SJF,14893340,45.197967359999964,755.630648,1.0
34,2,2,4,SPJF-E,14893340,92.68566111999988,237.671163,0.8851826689800174
34,2,2,4,Guard(300),14893340,287.4315545199994,114.461103,0.4143195476775353
34,2,2,4,Guard(600),14893340,173.80930347999967,231.412307,0.689039218732271
34,2,2,4,Guard(1200),14893340,130.18833184,103.433541,0.7945074599468369
34,3,0,7,FCFS,14893340,80.88036343999991,0.0,0.0
34,3,0,7,SJF,14893340,24.992864079999983,98.08054100000001,1.0
34,3,0,7,SPJF-E,14893340,31.463958039999994,95.837254,0.8842121398505166
34,3,0,7,Guard(300),14893340,36.92366987999994,79.488542,0.786521029986553
34,3,0,7,Guard(600),14893340,33.222718,95.837254,0.8527424913577305
34,3,0,7,Guard(1200),14893340,31.918969,85.788473,0.8760705882475535
34,3,1,5,FCFS,14893340,215.71489815999988,0.0,0.0
34,3,1,5,SJF,14893340,36.218391119999986,209.961424,1.0
34,3,1,5,SPJF-E,14893340,52.98463311999995,189.049315,0.906592934444882
34,3,1,5,Guard(300),14893340,95.87353195999992,126.479243,0.6676529152363612
34,3,1,5,Guard(600),14893340,68.43536679999987,189.049315,0.8205147486640479
34,3,1,5,Guard(1200),14893340,60.05836499999998,86.299021,0.8671841905275216
34,3,2,4,FCFS,14893340,436.66998515999995,0.0,0.0
34,3,2,4,SJF,14893340,44.24323131999997,142.042384,1.0
34,3,2,4,SPJF-E,14893340,85.93839163999992,188.232236,0.8937504644828577
34,3,2,4,Guard(300),14893340,244.82846391999988,122.734081,0.4888594352010403
34,3,2,4,Guard(600),14893340,152.16343655999987,188.232236,0.7249927427628926
34,3,2,4,Guard(1200),14893340,118.07796335999977,103.723262,0.8118509216879141
34,4,0,8,FCFS,14893340,59.85166587999984,0.0,0.0
34,4,0,8,SJF,14893340,21.865586479999983,110.571413,1.0
34,4,0,8,SPJF-E,14893340,27.480397879999998,128.725942,0.8521876569341337
34,4,0,8,Guard(300),14893340,30.72509892,94.265648,0.7667694960907165
34,4,0,8,Guard(600),14893340,28.26918275999998,128.725942,0.8314225531787832
34,4,0,8,Guard(1200),14893340,27.351817,81.427662,0.8555726043156737
34,4,1,5,FCFS,14893340,232.27159239999992,0.0,0.0
34,4,1,5,SJF,14893340,36.56156763999999,125.470949,1.0
34,4,1,5,SPJF-E,14893340,55.144279,174.262686,0.9050497725766063
34,4,1,5,Guard(300),14893340,101.76087331999985,114.838123,0.6668576085463478
34,4,1,5,Guard(600),14893340,72.54694151999998,174.262686,0.8161291230526949
34,4,1,5,Guard(1200),14893340,63.18498583999999,85.884135,0.8639649745451291
34,4,2,4,FCFS,14893340,478.48091195999655,0.0,0.0
34,4,2,4,SJF,14893340,45.09590436,152.243345,1.0
34,4,2,4,SPJF-E,14893340,90.20654667999997,213.26592,0.8959109301685029
34,4,2,4,Guard(300),14893340,289.65385715999935,115.05714499999999,0.43570278502637966
34,4,2,4,Guard(600),14893340,165.26027728,174.536257,0.7227306648528353
34,4,2,4,Guard(1200),14893340,125.67686583999992,100.116105,0.8140661073481941
35,0,0,7,FCFS,14354732,46.912386600000005,0.0,0.0
35,0,0,7,SJF,14354732,22.929247230000055,143.054613,1.0
35,0,0,7,SPJF-E,14354732,29.5956662300001,207.127713,0.7220372655491908
35,0,0,7,Guard(300),14354732,31.475319900000372,85.514644,0.6436633028664114
35,0,0,7,Guard(600),14354732,29.97985894000002,186.796114,0.7060179819986602
35,0,0,7,Guard(1200),14354732,29.838720770000094,145.894252,0.7119028733726591
35,0,1,5,FCFS,14354732,121.31923879000011,0.0,0.0
35,0,1,5,SJF,14354732,37.08911828000006,296.432446,1.0
35,0,1,5,SPJF-E,14354732,50.71401109000016,380.43888599999997,0.8382420358951934
35,0,1,5,Guard(300),14354732,63.039072400000244,95.511382,0.6919159801401527
35,0,1,5,Guard(600),14354732,54.35189791000061,202.88367399999998,0.7950521793691241
35,0,1,5,Guard(1200),14354732,54.24394733000004,112.731865,0.7963337942991152
35,0,2,4,FCFS,14354732,231.00912703000077,0.0,0.0
35,0,2,4,SJF,14354732,46.24209087000004,372.232882,1.0
35,0,2,4,SPJF-E,14354732,77.80256733000004,667.776342,0.8291877322063558
35,0,2,4,Guard(300),14354732,134.77861933000005,93.58410300000001,0.5208207573166299
35,0,2,4,Guard(600),14354732,95.20227218000083,241.002295,0.7350166873510745
35,0,2,4,Guard(1200),14354732,91.20531238000001,110.92567600000001,0.7566491163983188
35,1,0,8,FCFS,14354732,33.81649831000008,0.0,0.0
35,1,0,8,SJF,14354732,16.874632,238.906464,1.0
35,1,0,8,SPJF-E,14354732,22.6259859100003,187.05697899999998,0.6605241828283396
35,1,0,8,Guard(300),14354732,23.30653053000015,98.22479299999999,0.6203547819165786
35,1,0,8,Guard(600),14354732,22.64980252000019,143.746638,0.6591183985089442
35,1,0,8,Guard(1200),14354732,22.561981670000037,98.14753099999999,0.6643020570500529
35,1,1,5,FCFS,14354732,130.3519722400005,0.0,0.0
35,1,1,5,SJF,14354732,37.90443420000003,389.900033,1.0
35,1,1,5,SPJF-E,14354732,51.91919047000013,582.3753059999999,0.8484031422888064
35,1,1,5,Guard(300),14354732,65.51555542000021,87.508683,0.70133200077158
35,1,1,5,Guard(600),14354732,56.118345370000135,163.94589200000001,0.8029811117077098
35,1,1,5,Guard(1200),14354732,55.38121187000002,105.717704,0.8109546447582185
35,1,2,4,FCFS,14354732,257.9720706700007,0.0,0.0
35,1,2,4,SJF,14354732,47.30586027000003,573.995667,1.0
35,1,2,4,SPJF-E,14354732,78.0637625400004,611.527529,0.853996983134604
35,1,2,4,Guard(300),14354732,147.9946941500012,102.555794,0.5220456394558048
35,1,2,4,Guard(600),14354732,103.67403730000017,155.03462199999998,0.7324289599031019
35,1,2,4,Guard(1200),14354732,96.07093277000047,108.983325,0.7685197241294265
35,2,0,8,FCFS,14354732,35.85103002000003,0.0,0.0
35,2,0,8,SJF,14354732,18.168293900000087,79.816128,1.0
35,2,0,8,SPJF-E,14354732,24.390162,169.19996400000002,0.6481388367854051
35,2,0,8,Guard(300),14354732,24.80837691000006,95.473435,0.624487807489829
35,2,0,8,Guard(600),14354732,24.49297572000003,141.80407599999998,0.6423244809469022
35,2,0,8,Guard(1200),14354732,24.320178070000146,103.09578300000001,0.6520965913729827
35,2,1,5,FCFS,14354732,134.99113278000024,0.0,0.0
35,2,1,5,SJF,14354732,38.19452226000003,286.994667,1.0
35,2,1,5,SPJF-E,14354732,52.32415421000008,392.83772,0.8540276165240253
35,2,1,5,Guard(300),14354732,66.6883907000002,87.622121,0.7056315475621666
35,2,1,5,Guard(600),14354732,56.99520338000036,181.977305,0.8057712866287222
35,2,1,5,Guard(1200),14354732,56.48511532000005,105.356619,0.8110409759004857
35,2,2,4,FCFS,14354732,259.77867880000053,0.0,0.0
35,2,2,4,SJF,14354732,47.58488287000014,349.206416,1.0
35,2,2,4,SPJF-E,14354732,82.3917304800004,662.390135,0.8359667045992121
35,2,2,4,Guard(300),14354732,151.78264021000004,91.88456900000001,0.5089500289896638
35,2,2,4,Guard(600),14354732,107.42345812000073,179.22244,0.7180003544036676
35,2,2,4,Guard(1200),14354732,101.20959346,115.97135800000001,0.7472842674076585
35,3,0,8,FCFS,14354732,37.061035,0.0,0.0
35,3,0,8,SJF,14354732,19.155031760000124,79.81210399999999,1.0
35,3,0,8,SPJF-E,14354732,25.58642163000003,187.843008,0.6408249354254026
35,3,0,8,Guard(300),14354732,26.47606064000003,95.174506,0.5911410948678039
35,3,0,8,Guard(600),14354732,25.850111560000165,144.664256,0.6260985932894264
35,3,0,8,Guard(1200),14354732,25.61345716000013,141.982533,0.6393150769920193
35,3,1,5,FCFS,14354732,132.3376871700001,0.0,0.0
35,3,1,5,SJF,14354732,37.68083587000004,216.356209,1.0
35,3,1,5,SPJF-E,14354732,52.47059589000013,403.27623800000003,0.8437539405031943
35,3,1,5,Guard(300),14354732,69.3409420600002,106.628276,0.6655275793015931
35,3,1,5,Guard(600),14354732,57.47600161000046,233.311578,0.7908744536910198
35,3,1,5,Guard(1200),14354732,57.00209995000009,103.131126,0.7958809762352613
35,3,2,4,FCFS,14354732,249.78404349,0.0,0.0
35,3,2,4,SJF,14354732,47.41686198000029,306.19798299999997,1.0
35,3,2,4,SPJF-E,14354732,82.82795431000034,686.951586,0.8250156370920735
35,3,2,4,Guard(300),14354732,148.53639387000013,101.531028,0.5003165476957382
35,3,2,4,Guard(600),14354732,105.35545074000014,185.650169,0.7136957271051537
35,3,2,4,Guard(1200),14354732,102.28342648000037,119.49905,0.7288761740386797
35,4,0,9,FCFS,14354732,24.030282150000026,0.0,0.0
35,4,0,9,SJF,14354732,12.227055920000032,87.492505,1.0
35,4,0,9,SPJF-E,14354732,16.41188155,158.084599,0.6454506972539854
35,4,0,9,Guard(300),14354732,16.825999,62.256918999999996,0.6103655906966404
35,4,0,9,Guard(600),14354732,16.39187374000002,138.564192,0.6471458109127517
35,4,0,9,Guard(1200),14354732,16.407335,99.96604500000001,0.645835892785394
35,4,1,5,FCFS,14354732,135.49154552000059,0.0,0.0
35,4,1,5,SJF,14354732,38.1883678200001,303.026973,1.0
35,4,1,5,SPJF-E,14354732,52.36810980000004,401.768912,0.8542725703808144
35,4,1,5,Guard(300),14354732,69.87811054000001,91.57233799999999,0.6743195497920543
35,4,1,5,Guard(600),14354732,58.12725284000024,180.427331,0.795084955175107
35,4,1,5,Guard(1200),14354732,57.268201,106.198621,0.8039135655073287
35,4,2,4,FCFS,14354732,256.1385160300008,0.0,0.0
35,4,2,4,SJF,14354732,47.356748570000306,421.17508,1.0
35,4,2,4,SPJF-E,14354732,80.19391845000008,653.632959,0.8427201269560529
35,4,2,4,Guard(300),14354732,154.44678903000036,105.155167,0.48707187527513907
35,4,2,4,Guard(600),14354732,105.92073928000016,228.53029,0.7194966235678609
35,4,2,4,Guard(1200),14354732,99.3305068800003,122.075773,0.7510617955662369
36,0,0,8,FCFS,12192915,176.55880607999967,0.0,0.0
36,0,0,8,SJF,12192915,30.795328959999928,141.44582899999997,1.0
36,0,0,8,SPJF-E,12192915,50.126803919999915,63.682612000000006,0.8673777866585513
36,0,0,8,Guard(300),12192915,95.99380615999992,63.682612000000006,0.5527104698090773
36,0,0,8,Guard(600),12192915,56.99514935999976,63.682612000000006,0.82025798974025
36,0,0,8,Guard(1200),12192915,51.185982439999684,63.682612000000006,0.8601113675189487
36,0,1,5,FCFS,12192915,493.94267403999993,0.0,0.0
36,0,1,5,SJF,12192915,66.80679455999993,132.70019,1.0
36,0,1,5,SPJF-E,12192915,173.43477435999984,248.57018300000001,0.7503652001095998
36,0,1,5,Guard(300),12192915,465.6337581199999,87.089955,0.06627613665811356
36,0,1,5,Guard(600),12192915,280.1168349199998,157.76198100000002,0.5006037876759829
36,0,1,5,Guard(1200),12192915,218.0636628799997,92.053415,0.6458811455873443
36,0,2,4,FCFS,12192915,781.1109377599995,0.0,0.0
36,0,2,4,SJF,12192915,115.17503903999958,138.442554,1.0
36,0,2,4,SPJF-E,12192915,335.15521,478.162668,0.6696676491193433
36,0,2,4,Guard(300),12192915,760.11128992,90.39277799999999,0.03153403785614063
36,0,2,4,Guard(600),12192915,649.817064199999,149.717941,0.1971569242810928
36,0,2,4,Guard(1200),12192915,457.267009519998,100.765052,0.4862989498876156
36,1,0,7,FCFS,12192915,219.02123743999994,0.0,0.0
36,1,0,7,SJF,12192915,37.96958496,171.846562,1.0
36,1,0,7,SPJF-E,12192915,61.836457679999775,253.621907,0.8681764436111057
36,1,0,7,Guard(300),12192915,157.0304105199999,113.433425,0.3423930467955708
36,1,0,7,Guard(600),12192915,73.54768103999994,247.414349,0.8034920112981012
36,1,0,7,Guard(1200),12192915,64.20903131999975,91.696888,0.8550720415937748
36,1,1,5,FCFS,12192915,486.52029271999936,0.0,0.0
36,1,1,5,SJF,12192915,65.45333831999976,141.815791,1.0
36,1,1,5,SPJF-E,12192915,152.66320487999965,219.99130100000002,0.7928836123360244
36,1,1,5,Guard(300),12192915,443.6000939999998,83.763557,0.10193200456957925
36,1,1,5,Guard(600),12192915,238.4645600399995,155.762162,0.5891123254577588
36,1,1,5,Guard(1200),12192915,205.62072843999883,91.737311,0.6671137721559486
36,1,2,4,FCFS,12192915,817.7796017999998,0.0,0.0
36,1,2,4,SJF,12192915,113.83166807999969,253.507132,1.0
36,1,2,4,SPJF-E,12192915,314.7719730799998,2391.811072,0.7145523193197901
36,1,2,4,Guard(300),12192915,733.1678977199997,93.04876,0.12019596908662132
36,1,2,4,Guard(600),12192915,609.1387277599999,219.064881,0.2963867980085415
36,1,2,4,Guard(1200),12192915,437.5924355199963,119.50556700000001,0.5400785314773371
36,2,0,7,FCFS,12192915,185.69566419999984,0.0,0.0
36,2,0,7,SJF,12192915,37.35122351999993,177.02043700000002,1.0
36,2,0,7,SPJF-E,12192915,59.181193519999944,247.312992,0.8528426822068084
36,2,0,7,Guard(300),12192915,145.39753463999975,95.95124,0.2716524419471094
36,2,0,7,Guard(600),12192915,68.58768083999907,235.194986,0.7894329091348922
36,2,0,7,Guard(1200),12192915,61.249679759999914,104.70360600000001,0.838898875276679
36,2,1,5,FCFS,12192915,421.7874223199997,0.0,0.0
36,2,1,5,SJF,12192915,63.58649391999998,108.342726,1.0
36,2,1,5,SPJF-E,12192915,148.57599903999966,198.44181,0.7627323147943026
36,2,1,5,Guard(300),12192915,395.2607608399996,82.84909400000001,0.07405525607789046
36,2,1,5,Guard(600),12192915,221.5530651599996,154.587639,0.559000106600506
36,2,1,5,Guard(1200),12192915,189.61081119999972,107.914102,0.6481742304719279
36,2,2,4,FCFS,12192915,725.8941723199995,0.0,0.0
36,2,2,4,SJF,12192915,108.65036555999995,210.675656,1.0
36,2,2,4,SPJF-E,12192915,308.51523175999995,267.91282800000005,0.6761978589155571
36,2,2,4,Guard(300),12192915,689.08481448,98.556766,0.05963503794913238
36,2,2,4,Guard(600),12192915,575.3300983999994,145.40550000000002,0.24392966324009355
36,2,2,4,Guard(1200),12192915,420.93867743999994,113.846145,0.49406003193576664
36,3,0,8,FCFS,12192915,142.1479600399997,0.0,0.0
36,3,0,8,SJF,12192915,31.68046027999993,111.908546,1.0
36,3,0,8,SPJF-E,12192915,48.102096,88.398791,0.8513441894160952
36,3,0,8,Guard(300),12192915,87.4989883199998,81.32047700000001,0.4947063329823662
36,3,0,8,Guard(600),12192915,53.367435279999846,88.398791,0.8036800412146853
36,3,0,8,Guard(1200),12192915,48.80045615999992,78.871134,0.8450223285835683
36,3,1,5,FCFS,12192915,414.1927061999999,0.0,0.0
36,3,1,5,SJF,12192915,65.08636495999986,139.75715,1.0
36,3,1,5,SPJF-E,12192915,150.78674391999974,270.025934,0.7545149748480693
36,3,1,5,Guard(300),12192915,408.9758685199998,119.546045,0.01494340567252464
36,3,1,5,Guard(600),12192915,237.6427473599999,155.611484,0.5057197134056848
36,3,1,5,Guard(1200),12192915,193.96766923999874,107.93137800000001,0.630825083777562
36,3,2,4,FCFS,12192915,657.6783159999998,0.0,0.0
36,3,2,4,SJF,12192915,110.10961187999929,125.599802,1.0
36,3,2,4,SPJF-E,12192915,317.24582151999647,2866.36123,0.6217164931423784
36,3,2,4,Guard(300),12192915,669.0398023199997,82.561722,-0.020748969461757333
36,3,2,4,Guard(600),12192915,583.0250342399995,214.81152500000002,0.1363359176634753
36,3,2,4,Guard(1200),12192915,420.1573692399982,115.919564,0.43377378029981145
36,4,0,8,FCFS,12192915,164.52047787999976,0.0,0.0
36,4,0,8,SJF,12192915,30.903305319999998,115.819304,1.0
36,4,0,8,SPJF-E,12192915,51.32688019999997,78.321871,0.847148577621421
36,4,0,8,Guard(300),12192915,104.02530208,78.321871,0.45275000691123635
36,4,0,8,Guard(600),12192915,58.43906363999977,78.321871,0.7939205134157807
36,4,0,8,Guard(1200),12192915,52.795509559999886,78.134163,0.8361572556838128
36,4,1,5,FCFS,12192915,491.80519207999953,0.0,0.0
36,4,1,5,SJF,12192915,66.28962299999958,157.731576,1.0
36,4,1,5,SPJF-E,12192915,183.36650691999785,324.435788,0.7248587538803145
36,4,1,5,Guard(300),12192915,431.99487323999995,113.305008,0.1405596485442694
36,4,1,5,Guard(600),12192915,304.15761847999926,276.118758,0.4409887375113205
36,4,1,5,Guard(1200),12192915,244.00490947999958,80.273782,0.5823530338402535
36,4,2,4,FCFS,12192915,759.7556112799999,0.0,0.0
36,4,2,4,SJF,12192915,115.38899191999923,206.047339,1.0
36,4,2,4,SPJF-E,12192915,377.252012679999,251.69176,0.5936117531660968
36,4,2,4,Guard(300),12192915,729.806785519998,107.421064,0.04647792865146825
36,4,2,4,Guard(600),12192915,653.9550671599998,212.712705,0.16419308657714707
36,4,2,4,Guard(1200),12192915,469.1311759999996,89.345098,0.4510234182656064
37,0,0,8,FCFS,13808016,78.43352049999972,0.0,0.0
37,0,0,8,SJF,13808016,25.4445178499999,337.482733,1.0
37,0,0,8,SPJF-E,13808016,33.896805849999915,128.991783,0.8404897700032472
37,0,0,8,Guard(300),13808016,40.454944,94.40317499999999,0.7167256336348472
37,0,0,8,Guard(600),13808016,35.57161724999968,128.991783,0.8088829965928823
37,0,0,8,Guard(1200),13808016,34.27556607999997,94.390057,0.8333418673997235
37,0,1,5,FCFS,13808016,300.43477547999953,0.0,0.0
37,0,1,5,SJF,13808016,43.109476389999976,941.125813,1.0
37,0,1,5,SPJF-E,13808016,75.50720455999995,337.97288,0.8740981618030925
37,0,1,5,Guard(300),13808016,183.97447810999708,73.60631699999999,0.45258005249328576
37,0,1,5,Guard(600),13808016,108.62085185999976,153.817588,0.7454141675860361
37,0,1,5,Guard(1200),13808016,90.5992853499992,97.633955,0.815448348343745
37,0,2,4,FCFS,13808016,542.8011751799984,0.0,0.0
37,0,2,4,SJF,13808016,56.048466029999915,298.02862,1.0
37,0,2,4,SPJF-E,13808016,144.19945807999866,440.397402,0.8188998429943325
37,0,2,4,Guard(300),13808016,458.9976087699986,72.776383,0.17216866970569808
37,0,2,4,Guard(600),13808016,270.83150248999976,166.339244,0.5587430076453628
37,0,2,4,Guard(1200),13808016,204.03956934999994,72.76310199999999,0.6959624455333131
37,1,0,8,FCFS,13808016,74.88667778999968,0.0,0.0
37,1,0,8,SJF,13808016,24.570704529999833,89.21934200000001,1.0
37,1,0,8,SPJF-E,13808016,32.182029349999866,61.415188,0.8487294525603288
37,1,0,8,Guard(300),13808016,38.50465730999994,61.415188,0.7230709876563729
37,1,0,8,Guard(600),13808016,33.43326795999998,61.415188,0.823861830432967
37,1,0,8,Guard(1200),13808016,32.54506518999984,61.415188,0.8415143314669924
37,1,1,5,FCFS,13808016,295.3178853499994,0.0,0.0
37,1,1,5,SJF,13808016,43.0617940399999,1271.062972,1.0
37,1,1,5,SPJF-E,13808016,69.075289759999,558.086895,0.8968766399855498
37,1,1,5,Guard(300),13808016,185.02616068999896,153.028139,0.4372212543500568
37,1,1,5,Guard(600),13808016,108.09487967999966,343.109814,0.7421941912194299
37,1,1,5,Guard(1200),13808016,84.71527667999952,152.086519,0.8348762068591187
37,1,2,4,FCFS,13808016,546.2641451399988,0.0,0.0
37,1,2,4,SJF,13808016,54.32812029999993,365.400268,1.0
37,1,2,4,SPJF-E,13808016,132.50552721999992,445.692591,0.8410821672484201
37,1,2,4,Guard(300),13808016,444.21360242999873,88.659176,0.20744677672913225
37,1,2,4,Guard(600),13808016,273.9916921799977,184.417388,0.5534712629524482
37,1,2,4,Guard(1200),13808016,192.22462171999933,106.971228,0.7196861086462413
37,2,0,7,FCFS,13808016,94.5776316899997,0.0,0.0
37,2,0,7,SJF,13808016,29.07098036999994,350.302043,1.0
37,2,0,7,SPJF-E,13808016,38.79933201999997,227.936607,0.8514906279901706
37,2,0,7,Guard(300),13808016,48.376953569999294,128.136537,0.7052822452228593
37,2,0,7,Guard(600),13808016,41.293890409999996,223.97305699999998,0.8134096340798863
37,2,0,7,Guard(1200),13808016,39.697534,128.099549,0.8377790130335105
37,2,1,5,FCFS,13808016,234.18920768999857,0.0,0.0
37,2,1,5,SJF,13808016,42.05901715999994,940.004992,1.0
37,2,1,5,SPJF-E,13808016,68.39392522999925,289.88322500000004,0.8629319629707678
37,2,1,5,Guard(300),13808016,157.9028297499998,151.618626,0.39705565132455145
37,2,1,5,Guard(600),13808016,98.39463117999928,280.714786,0.7067841661708898
37,2,1,5,Guard(1200),13808016,81.72110877999998,101.04015199999999,0.7935665836244131
37,2,2,4,FCFS,13808016,456.3926901399996,0.0,0.0
37,2,2,4,SJF,13808016,53.05251808999992,474.204886,1.0
37,2,2,4,SPJF-E,13808016,126.3266104999988,781.937219,0.818331776778943
37,2,2,4,Guard(300),13808016,424.02347080999874,120.51706,0.08025290207390563
37,2,2,4,Guard(600),13808016,257.2061565199966,309.50001199999997,0.49384253645657444
37,2,2,4,Guard(1200),13808016,194.7998283099994,111.314313,0.6485663466161562
37,3,0,9,FCFS,13808016,56.45281617999985,0.0,0.0
37,3,0,9,SJF,13808016,22.053765,388.073841,1.0
37,3,0,9,SPJF-E,13808016,28.03034802999987,77.69706599999999,0.8262573290546237
37,3,0,9,Guard(300),13808016,32.36046783999999,77.74155499999999,0.7003782811895558
37,3,0,9,Guard(600),13808016,28.85508770999992,77.69706599999999,0.802281677061072
37,3,0,9,Guard(1200),13808016,28.338953829999927,75.800429,0.8172859827699481
37,3,1,5,FCFS,13808016,309.339031519999,0.0,0.0
37,3,1,5,SJF,13808016,44.006176799999984,280.478796,1.0
37,3,1,5,SPJF-E,13808016,75.69592244999981,344.10262800000004,0.8805660698014898
37,3,1,5,Guard(300),13808016,198.07792454999944,108.854306,0.41932653642690204
37,3,1,5,Guard(600),13808016,112.79800452999999,157.704753,0.7407338499312693
37,3,1,5,Guard(1200),13808016,91.5741269599994,94.322569,0.8207234825472443
37,3,2,4,FCFS,13808016,575.9859135899997,0.0,0.0
37,3,2,4,SJF,13808016,54.96747513999988,362.39684,1.0
37,3,2,4,SPJF-E,13808016,146.1910597399997,594.494522,0.824912943827123
37,3,2,4,Guard(300),13808016,517.4503348599984,93.58984699999999,0.1123483823415948
37,3,2,4,Guard(600),13808016,307.3429713499999,167.836266,0.5156111999398663
37,3,2,4,Guard(1200),13808016,219.9077885999977,100.465293,0.6834271087397868
37,4,0,8,FCFS,13808016,68.5844645799999,0.0,0.0
37,4,0,8,SJF,13808016,24.615742889999982,137.276687,1.0
37,4,0,8,SPJF-E,13808016,31.73553042999997,158.265081,0.8380715366210137
37,4,0,8,Guard(300),13808016,36.743283,74.26489799999999,0.7241780146463012
37,4,0,8,Guard(600),13808016,33.01385629999996,149.108819,0.8089980084203809
37,4,0,8,Guard(1200),13808016,32.008849,92.713792,0.831855332021593
37,4,1,5,FCFS,13808016,264.5872756799998,0.0,0.0
37,4,1,5,SJF,13808016,42.844966689999964,796.858846,1.0
37,4,1,5,SPJF-E,13808016,70.18787521999985,286.024144,0.8766906114825701
37,4,1,5,Guard(300),13808016,167.97271786999985,63.131448999999996,0.43570646598776547
37,4,1,5,Guard(600),13808016,100.14102749999684,154.932413,0.7416097042058816
37,4,1,5,Guard(1200),13808016,82.83824124999899,98.014967,0.8196407589414854
37,4,2,4,FCFS,13808016,502.8961340299998,0.0,0.0
37,4,2,4,SJF,13808016,55.06984807999988,1002.585924,1.0
37,4,2,4,SPJF-E,13808016,135.60597020999964,368.46453399999996,0.8201621372913522
37,4,2,4,Guard(300),13808016,430.5888562099997,90.147129,0.16146278163777392
37,4,2,4,Guard(600),13808016,257.73936143999737,247.199208,0.5474372101002002
37,4,2,4,Guard(1200),13808016,189.48819111999842,96.616681,0.6998426683354482
38,0,0,7,FCFS,15593150,112.4737015699978,0.0,0.0
38,0,0,7,SJF,15593150,25.019577839999958,70.529435,1.0
38,0,0,7,SPJF-E,15593150,29.204189339999992,169.51855799999998,0.9521507812150811
38,0,0,7,Guard(300),15593150,32.02055809999995,89.06050099999999,0.9199468251306877
38,0,0,7,Guard(600),15593150,29.339294289999913,137.45354,0.9506059146697705
38,0,0,7,Guard(1200),15593150,29.231033,114.10766,0.9518438355977094
38,0,1,5,FCFS,15593150,267.3608220599993,0.0,0.0
38,0,1,5,SJF,15593150,34.98624531999995,118.72324400000001,1.0
38,0,1,5,SPJF-E,15593150,42.54312446999991,256.84735,0.9674797507712937
38,0,1,5,Guard(300),15593150,56.04822720999987,96.31333099999999,0.9093619354342456
38,0,1,5,Guard(600),15593150,46.12761085999962,146.037639,0.9520542836643203
38,0,1,5,Guard(1200),15593150,44.809551619999986,120.640163,0.95772641552354
38,0,2,4,FCFS,15593150,467.18883732999916,0.0,0.0
38,0,2,4,SJF,15593150,40.76335594999999,355.801233,1.0
38,0,2,4,SPJF-E,15593150,52.81135496999979,301.91921,0.9717465312321159
38,0,2,4,Guard(300),15593150,144.67163602999813,82.855446,0.7563272257001858
38,0,2,4,Guard(600),15593150,78.80060318999969,149.241861,0.9107997788572496
38,0,2,4,Guard(1200),15593150,66.63743773999983,119.74063500000001,0.9393233216123341
38,1,0,8,FCFS,15593150,75.82102663999947,0.0,0.0
38,1,0,8,SJF,15593150,21.465319099999952,105.22698799999999,1.0
38,1,0,8,SPJF-E,15593150,24.393504869999948,167.196168,0.9461291941081774
38,1,0,8,Guard(300),15593150,25.75424657999983,62.497858,0.9210951770456907
38,1,0,8,Guard(600),15593150,24.468203,133.564291,0.9447549478076378
38,1,0,8,Guard(1200),15593150,24.542574329999894,94.270173,0.9433867137552125
38,1,1,5,FCFS,15593150,260.09784586,0.0,0.0
38,1,1,5,SJF,15593150,35.071871739999935,202.02322999999998,1.0
38,1,1,5,SPJF-E,15593150,42.838274,292.81033499999995,0.9654866408628079
38,1,1,5,Guard(300),15593150,55.732623709999935,82.972943,0.9081850348574331
38,1,1,5,Guard(600),15593150,45.576777669999636,180.97825699999999,0.9533169183198482
38,1,1,5,Guard(1200),15593150,44.91508892999999,124.051046,0.956257417711473
38,1,2,4,FCFS,15593150,449.4125145899992,0.0,0.0
38,1,2,4,SJF,15593150,41.06199703999991,419.502639,1.0
38,1,2,4,SPJF-E,15593150,52.49912487999969,389.965114,0.9719918860183657
38,1,2,4,Guard(300),15593150,141.68061599999749,97.910266,0.753597425163842
38,1,2,4,Guard(600),15593150,76.56668920999935,269.51752600000003,0.9130533925045113
38,1,2,4,Guard(1200),15593150,66.92227464999979,114.75137799999999,0.9366713730028922
38,2,0,8,FCFS,15593150,77.5522926799995,0.0,0.0
38,2,0,8,SJF,15593150,21.77494416999992,101.895708,1.0
38,2,0,8,SPJF-E,15593150,24.647976,148.670115,0.9484910648005254
38,2,0,8,Guard(300),15593150,26.104622129999964,61.72745,0.9223756941543423
38,2,0,8,Guard(600),15593150,24.834619,128.777296,0.9451448498049068
38,2,0,8,Guard(1200),15593150,24.91697196999999,74.357004,0.9436683907727027
38,2,1,5,FCFS,15593150,264.92622925999916,0.0,0.0
38,2,1,5,SJF,15593150,35.49510217999988,178.005451,1.0
38,2,1,5,SPJF-E,15593150,43.20110754999984,425.621638,0.9664125549655127
38,2,1,5,Guard(300),15593150,58.62258630999949,114.275452,0.899196397523099
38,2,1,5,Guard(600),15593150,46.506184829999924,190.809999,0.9520070236757341
38,2,1,5,Guard(1200),15593150,44.795211,134.72866100000002,0.959464485319129
38,2,2,4,FCFS,15593150,458.8712838399999,0.0,0.0
38,2,2,4,SJF,15593150,41.229518379999966,360.59582,1.0
38,2,2,4,SPJF-E,15593150,53.7650162599998,339.53619299999997,0.9699850471942312
38,2,2,4,Guard(300),15593150,144.4067781599984,125.76500100000001,0.7529527257257025
38,2,2,4,Guard(600),15593150,76.69661427999955,280.081269,0.9150777081383722
38,2,2,4,Guard(1200),15593150,68.34112309999998,114.549056,0.9350840673462371
38,3,0,7,FCFS,15593150,107.86493042999984,0.0,0.0
38,3,0,7,SJF,15593150,25.03303107999984,109.35952599999999,1.0
38,3,0,7,SPJF-E,15593150,29.057228479999697,157.757877,0.9514172989925548
38,3,0,7,Guard(300),15593150,31.335556619999917,63.426278,0.9239118553424783
38,3,0,7,Guard(600),15593150,29.133941019999998,137.37802499999998,0.9504911758370762
38,3,0,7,Guard(1200),15593150,29.237569999999934,92.15635,0.9492401000943594
38,3,1,5,FCFS,15593150,259.99834652999795,0.0,0.0
38,3,1,5,SJF,15593150,35.12428525999999,140.428336,1.0
38,3,1,5,SPJF-E,15593150,42.274796179999996,285.70559199999997,0.9682021533314389
38,3,1,5,Guard(300),15593150,56.092556309999985,123.11023999999999,0.906755492689643
38,3,1,5,Guard(600),15593150,44.85478529999982,150.049617,0.9567291132421147
38,3,1,5,Guard(1200),15593150,44.29603638999985,116.35705,0.9592138324971697
38,3,2,4,FCFS,15593150,454.9854483299974,0.0,0.0
38,3,2,4,SJF,15593150,41.45556185999994,312.091034,1.0
38,3,2,4,SPJF-E,15593150,52.08852275999994,490.42206600000003,0.9742873217924687
38,3,2,4,Guard(300),15593150,136.28841283999898,83.605957,0.7706747345650931
38,3,2,4,Guard(600),15593150,73.67285599999948,154.176911,0.9220919812712569
38,3,2,4,Guard(1200),15593150,66.61277069999976,118.86935799999999,0.939164714176408
38,4,0,7,FCFS,15593150,108.33090023999972,0.0,0.0
38,4,0,7,SJF,15593150,25.600787389999958,105.27444299999999,1.0
38,4,0,7,SPJF-E,15593150,29.241839069999987,154.77823,0.9559887983399502
38,4,0,7,Guard(300),15593150,31.697714749999747,81.558688,0.926303408154969
38,4,0,7,Guard(600),15593150,29.41538125999993,135.815079,0.9538911076198299
38,4,0,7,Guard(1200),15593150,29.27922706999992,82.318808,0.9555368709979952
38,4,1,5,FCFS,15593150,260.8869746899999,0.0,0.0
38,4,1,5,SJF,15593150,35.763555269999955,99.489548,1.0
38,4,1,5,SPJF-E,15593150,43.167959469999936,222.83065200000001,0.9671095782967564
38,4,1,5,Guard(300),15593150,57.124663839999755,82.681679,0.9051137876946174
38,4,1,5,Guard(600),15593150,46.210453119999926,147.919977,0.9535947975696398
38,4,1,5,Guard(1200),15593150,45.361066379999656,112.450008,0.957367780150433
38,4,2,4,FCFS,15593150,452.5597170199985,0.0,0.0
38,4,2,4,SJF,15593150,41.50053780999986,212.361588,1.0
38,4,2,4,SPJF-E,15593150,53.51787814999999,304.642333,0.9707649386078766
38,4,2,4,Guard(300),15593150,142.70641930999986,139.820136,0.7537924303393386
38,4,2,4,Guard(600),15593150,76.899484389999,208.910461,0.9138835759657984
38,4,2,4,Guard(1200),15593150,67.02353959999996,120.552854,0.937909179308313
39,0,0,7,FCFS,18338762,52.90702977999985,0.0,0.0
39,0,0,7,SJF,18338762,23.926607,593.5839880000001,1.0
39,0,0,7,SPJF-E,18338762,28.93014838,197.26737599999998,0.8273475367152658
39,0,0,7,Guard(300),18338762,30.553183049999994,135.51169199999998,0.771343016618337
39,0,0,7,Guard(600),18338762,29.224853919999997,197.26737599999998,0.8171784117774687
39,0,0,7,Guard(1200),18338762,29.121384,197.26737599999998,0.8207487503051526
39,0,1,5,FCFS,18338762,156.1803577199997,0.0,0.0
39,0,1,5,SJF,18338762,36.62685421,856.50095,1.0
39,0,1,5,SPJF-E,18338762,48.58685296999992,438.403343,0.8999611185882181
39,0,1,5,Guard(300),18338762,67.47327546,105.21067,0.7419864717940288
39,0,1,5,Guard(600),18338762,52.51796366999999,196.997966,0.8670795167565221
39,0,1,5,Guard(1200),18338762,52.03401135999998,101.313574,0.8711275144796464
39,0,2,4,FCFS,18338762,332.54843092000004,0.0,0.0
39,0,2,4,SJF,18338762,46.202762539999995,1201.877319,1.0
39,0,2,4,SPJF-E,18338762,72.60373091999998,671.599831,0.907800357067165
39,0,2,4,Guard(300),18338762,184.13953485,141.133263,0.5182858078825604
39,0,2,4,Guard(600),18338762,104.12825414999956,320.724887,0.7977078125968766
39,0,2,4,Guard(1200),18338762,92.80939127,96.14673,0.8372364806715014
39,1,0,8,FCFS,18338762,37.10629479999997,0.0,0.0
39,1,0,8,SJF,18338762,18.775825,369.357097,1.0
39,1,0,8,SPJF-E,18338762,22.901458259999895,107.084306,0.7749303042958615
39,1,0,8,Guard(300),18338762,23.822477,107.144873,0.7246850705375808
39,1,0,8,Guard(600),18338762,23.09600877999997,107.084306,0.7643167999982207
39,1,0,8,Guard(1200),18338762,22.861993599999973,106.966346,0.7770832583898107
39,1,1,5,FCFS,18338762,166.39991027999997,0.0,0.0
39,1,1,5,SJF,18338762,37.53254315999998,1086.726113,1.0
39,1,1,5,SPJF-E,18338762,50.04888561999999,212.09384,0.9028742284433815
39,1,1,5,Guard(300),18338762,72.38342036999984,123.627685,0.729560105177387
39,1,1,5,Guard(600),18338762,55.29938596999992,202.92446800000002,0.8621307844874675
39,1,1,5,Guard(1200),18338762,53.864408629999964,181.610888,0.8732660887314326
39,1,2,4,FCFS,18338762,395.1459009799997,0.0,0.0
39,1,2,4,SJF,18338762,45.483199139999996,1699.1760530000001,1.0
39,1,2,4,SPJF-E,18338762,73.18731101,579.561492,0.9207690390647472
39,1,2,4,Guard(300),18338762,213.8103504999998,139.992187,0.5186013536067003
39,1,2,4,Guard(600),18338762,114.06924459999982,292.650739,0.8038508393972665
39,1,2,4,Guard(1200),18338762,96.9261524399999,139.83732,0.8528783509671003
39,2,0,8,FCFS,18338762,38.58169213999996,0.0,0.0
39,2,0,8,SJF,18338762,19.871456849999998,626.893847,1.0
39,2,0,8,SPJF-E,18338762,24.095504749999993,126.210827,0.7742386541628572
39,2,0,8,Guard(300),18338762,25.165248349999974,119.5202,0.7170644079056909
39,2,0,8,Guard(600),18338762,24.387558429999988,126.210827,0.7586293539336886
39,2,0,8,Guard(1200),18338762,24.072598579999994,116.81908200000001,0.7754629129519619
39,2,1,5,FCFS,18338762,168.1786830699998,0.0,0.0
39,2,1,5,SJF,18338762,37.95548511999999,803.778489,1.0
39,2,1,5,SPJF-E,18338762,51.77808285999998,256.92354700000004,0.8938545669466105
39,2,1,5,Guard(300),18338762,76.35996521999984,82.43480699999999,0.7050872601458802
39,2,1,5,Guard(600),18338762,57.55306616999999,177.06662899999998,0.8495077577688989
39,2,1,5,Guard(1200),18338762,55.69928236999994,96.25164199999999,0.8637431922320568
39,2,2,4,FCFS,18338762,379.9246208399999,0.0,0.0
39,2,2,4,SJF,18338762,46.46885883999997,273.510648,1.0
39,2,2,4,SPJF-E,18338762,78.49789432999994,727.072877,0.9039481720216908
39,2,2,4,Guard(300),18338762,223.36842349999998,125.97584,0.46949615265607536
39,2,2,4,Guard(600),18338762,119.91487512999939,229.86691,0.7797428484981482
39,2,2,4,Guard(1200),18338762,105.93500197999971,93.057792,0.8216670697686137
39,3,0,7,FCFS,18338762,53.5729754399999,0.0,0.0
39,3,0,7,SJF,18338762,24.482124489999958,590.325229,1.0
39,3,0,7,SPJF-E,18338762,29.911419109999965,141.221203,0.8133676244352
39,3,0,7,Guard(300),18338762,31.621233699999895,123.403672,0.7545926304366167
39,3,0,7,Guard(600),18338762,30.319323849999968,141.221203,0.7993458709739111
39,3,0,7,Guard(1200),18338762,30.127103519999974,110.74647,0.8059534580235431
39,3,1,5,FCFS,18338762,158.62052508,0.0,0.0
39,3,1,5,SJF,18338762,39.03464682,759.8775880000001,1.0
39,3,1,5,SPJF-E,18338762,51.61472189,208.736096,0.8948030047272908
39,3,1,5,Guard(300),18338762,71.84752964999943,136.475572,0.7256123941435739
39,3,1,5,Guard(600),18338762,55.923828519999915,175.78702,0.8587694304232146
39,3,1,5,Guard(1200),18338762,54.88161427999999,118.040874,0.8674846253539571
39,3,2,4,FCFS,18338762,323.55191546999987,0.0,0.0
39,3,2,4,SJF,18338762,45.467837739999915,1012.169857,1.0
39,3,2,4,SPJF-E,18338762,75.95698027999998,644.064354,0.8903599846892246
39,3,2,4,Guard(300),18338762,174.24685745999932,144.09547,0.5369061732292535
39,3,2,4,Guard(600),18338762,104.24017568999999,289.570182,0.788652631859549
39,3,2,4,Guard(1200),18338762,95.69424582999983,122.40759899999999,0.8193840923939335
39,4,0,7,FCFS,18338762,53.692168409999844,0.0,0.0
39,4,0,7,SJF,18338762,25.902133949999985,534.110281,1.0
39,4,0,7,SPJF-E,18338762,31.002547549999974,140.752871,0.8164660930039014
39,4,0,7,Guard(300),18338762,33.180614599999984,123.103317,0.7380902617995517
39,4,0,7,Guard(600),18338762,31.354814019999957,140.752871,0.8037900932491323
39,4,0,7,Guard(1200),18338762,31.268190879999988,109.612859,0.8069071509168604
39,4,1,5,FCFS,18338762,160.0015839399997,0.0,0.0
39,4,1,5,SJF,18338762,36.97413934999993,1089.525116,1.0
39,4,1,5,SPJF-E,18338762,49.36253640999999,385.542681,0.8993037927327067
39,4,1,5,Guard(300),18338762,68.56711813999992,130.145931,0.7432038120007574
39,4,1,5,Guard(600),18338762,53.679490529999995,249.958095,0.864214434139698
39,4,1,5,Guard(1200),18338762,52.456480309999996,110.24058,0.8741553885671902
39,4,2,4,FCFS,18338762,340.6496628899997,0.0,0.0
39,4,2,4,SJF,18338762,45.878644099999995,1586.603377,1.0
39,4,2,4,SPJF-E,18338762,73.93035449999998,624.955023,0.9048355889423969
39,4,2,4,Guard(300),18338762,195.72713190999983,179.365075,0.4916444349749503
39,4,2,4,Guard(600),18338762,105.5299528099999,307.431831,0.7976350967104517
39,4,2,4,Guard(1200),18338762,94.6200945399997,126.787293,0.8346463955646738
40,0,0,8,FCFS,13504703,35.54390433000017,0.0,0.0
40,0,0,8,SJF,13504703,16.075906010000004,187.976082,1.0
40,0,0,8,SPJF-E,13504703,21.025219250000013,57.10749199999999,0.7457718477962162
40,0,0,8,Guard(300),13504703,22.256386970000026,47.366543,0.6825312567625098
40,0,0,8,Guard(600),13504703,21.332336970000057,57.10749199999999,0.7299963317440841
40,0,0,8,Guard(1200),13504703,21.255609930000126,47.366543,0.7339375196740782
40,0,1,5,FCFS,13504703,166.40290762000066,0.0,0.0
40,0,1,5,SJF,13504703,34.27878429000007,404.498866,1.0
40,0,1,5,SPJF-E,13504703,44.70548681000004,237.08466900000002,0.9210840363045766
40,0,1,5,Guard(300),13504703,65.26456904000007,91.74651899999999,0.765479732473924
40,0,1,5,Guard(600),13504703,50.16199788000007,200.72,0.8797856652541095
40,0,1,5,Guard(1200),13504703,48.91033207,73.84845899999999,0.8892590738827052
40,0,2,4,FCFS,13504703,338.1347295800006,0.0,0.0
40,0,2,4,SJF,13504703,42.48855936000002,642.579257,1.0
40,0,2,4,SPJF-E,13504703,61.873129980000115,187.45613,0.9344332091108254
40,0,2,4,Guard(300),13504703,208.6499143000013,79.929746,0.4379722395309405
40,0,2,4,Guard(600),13504703,100.25040418000067,147.059946,0.8046250868833578
40,0,2,4,Guard(1200),13504703,85.4966012400001,82.275876,0.854528669023528
40,1,0,8,FCFS,13504703,34.179932560000005,0.0,0.0
40,1,0,8,SJF,13504703,15.996272480000078,236.622411,1.0
40,1,0,8,SPJF-E,13504703,20.70013764000001,59.816042,0.7413136222682871
40,1,0,8,Guard(300),13504703,21.579495770000182,55.529847000000004,0.692953824178607
40,1,0,8,Guard(600),13504703,20.858114730000047,59.816042,0.7326257624367125
40,1,0,8,Guard(1200),13504703,20.832189560000053,55.529847000000004,0.7340515023529854
40,1,1,5,FCFS,13504703,161.88116021000027,0.0,0.0
40,1,1,5,SJF,13504703,33.693525460000025,384.428526,1.0
40,1,1,5,SPJF-E,13504703,43.86149926000001,146.872283,0.920678981090257
40,1,1,5,Guard(300),13504703,62.20079220000004,140.803119,0.7776129749519388
40,1,1,5,Guard(600),13504703,48.868165490000045,146.872283,0.8816216551651446
40,1,1,5,Guard(1200),13504703,47.50575157000007,140.719902,0.8922499339586261
40,1,2,4,FCFS,13504703,335.9640674300002,0.0,0.0
40,1,2,4,SJF,13504703,42.412036360000045,641.346517,1.0
40,1,2,4,SPJF-E,13504703,61.29117608000021,155.555999,0.9356872454563318
40,1,2,4,Guard(300),13504703,198.12197245000047,98.217278,0.46956614293406146
40,1,2,4,Guard(600),13504703,99.22696047000008,145.561453,0.806457056682902
40,1,2,4,Guard(1200),13504703,84.80743402000022,83.607992,0.8555779106502227
40,2,0,7,FCFS,13504703,54.06920324000001,0.0,0.0
40,2,0,7,SJF,13504703,20.938061000000005,317.720889,1.0
40,2,0,7,SPJF-E,13504703,26.312503120000013,70.877045,0.83778277002743
40,2,0,7,Guard(300),13504703,28.29102869000007,63.422985000000004,0.7780647694928352
40,2,0,7,Guard(600),13504703,26.695012130000045,70.877045,0.8262374690164006
40,2,0,7,Guard(1200),13504703,26.46116877000013,63.422985000000004,0.8332955824465373
40,2,1,5,FCFS,13504703,164.33302395000047,0.0,0.0
40,2,1,5,SJF,13504703,33.59003645000001,436.78150100000005,1.0
40,2,1,5,SPJF-E,13504703,42.72508336000003,148.174445,0.9301297370920182
40,2,1,5,Guard(300),13504703,59.997779050000105,82.684319,0.7980179044019474
40,2,1,5,Guard(600),13504703,46.555824,144.941555,0.9008299580885748
40,2,1,5,Guard(1200),13504703,45.623130050000036,75.847837,0.9079637552262603
40,2,2,4,FCFS,13504703,339.5078054900009,0.0,0.0
40,2,2,4,SJF,13504703,41.46698643000004,607.296167,1.0
40,2,2,4,SPJF-E,13504703,59.66040070000003,187.53019,0.9389566357810292
40,2,2,4,Guard(300),13504703,182.69028074000084,102.089873,0.5261612326948744
40,2,2,4,Guard(600),13504703,91.82766570000013,152.612902,0.8310275772666508
40,2,2,4,Guard(1200),13504703,78.42077102000002,101.97086599999999,0.8760109950491025
40,3,0,8,FCFS,13504703,33.46049415000001,0.0,0.0
40,3,0,8,SJF,13504703,14.653619320000004,288.878529,1.0
40,3,0,8,SPJF-E,13504703,19.49395024000004,57.370065999999994,0.7426297051608529
40,3,0,8,Guard(300),13504703,20.412434480000062,38.812259000000005,0.6937920195643661
40,3,0,8,Guard(600),13504703,19.596915520000014,57.370065999999994,0.7371548306306238
40,3,0,8,Guard(1200),13504703,19.44935664,47.515902,0.7450008380791677
40,3,1,5,FCFS,13504703,164.7389908200001,0.0,0.0
40,3,1,5,SJF,13504703,33.03746142000001,439.700959,1.0
40,3,1,5,SPJF-E,13504703,42.973582,150.82575300000002,0.9245557692058207
40,3,1,5,Guard(300),13504703,60.14854120000004,64.73048299999999,0.7941475706203909
40,3,1,5,Guard(600),13504703,47.976782470000046,141.326421,0.8865668370135112
40,3,1,5,Guard(1200),13504703,46.34343816000003,76.614511,0.8989686999033435
40,3,2,4,FCFS,13504703,350.61102383000036,0.0,0.0
40,3,2,4,SJF,13504703,42.20144585000002,627.356326,1.0
40,3,2,4,SPJF-E,13504703,59.67029967000011,172.197575,0.943358264245824
40,3,2,4,Guard(300),13504703,207.46565141000062,70.81738200000001,0.46414048927262047
40,3,2,4,Guard(600),13504703,96.11657288000006,148.98417600000002,0.8251833571994437
40,3,2,4,Guard(1200),13504703,83.28794100000012,70.81738200000001,0.8667794449864186
40,4,0,8,FCFS,13504703,34.324387,0.0,0.0
40,4,0,8,SJF,13504703,15.924980290000024,259.77090899999996,1.0
40,4,0,8,SPJF-E,13504703,20.616213480000084,70.859313,0.7450334533096439
40,4,0,8,Guard(300),13504703,21.556776430000003,63.428364,0.69391425339062
40,4,0,8,Guard(600),13504703,20.83077668000002,70.859313,0.7333720338203229
40,4,0,8,Guard(1200),13504703,20.747876540000025,63.422985000000004,0.7378776214898938
40,4,1,5,FCFS,13504703,158.60723879000048,0.0,0.0
40,4,1,5,SJF,13504703,33.09197948000002,406.742456,1.0
40,4,1,5,SPJF-E,13504703,42.98492201000001,90.714738,0.9211813560806484
40,4,1,5,Guard(300),13504703,58.824625170000026,68.510655,0.7949839260065987
40,4,1,5,Guard(600),13504703,47.41819168,90.714738,0.8858607927135236
40,4,1,5,Guard(1200),13504703,46.69677636000002,72.96967,0.8916084231129334
40,4,2,4,FCFS,13504703,334.29462517000115,0.0,0.0
40,4,2,4,SJF,13504703,42.29763051000003,619.126346,1.0
40,4,2,4,SPJF-E,13504703,59.65958487000002,147.139266,0.9405406402205746
40,4,2,4,Guard(300),13504703,189.3828240100002,108.477365,0.4962783994702927
40,4,2,4,Guard(600),13504703,93.92143675000011,145.289727,0.82320432338658
40,4,2,4,Guard(1200),13504703,81.28633743000013,101.59915400000001,0.8664756568285978
41,0,0,8,FCFS,15117624,29.2997,0.0,0.0
41,0,0,8,SJF,15117624,13.683069100000075,444.468066,1.0
41,0,0,8,SPJF-E,15117624,16.744080440000086,66.478241,0.8039902870471233
41,0,0,8,Guard(300),15117624,17.489078080000446,54.428859,0.7562848860057012
41,0,0,8,Guard(600),15117624,17.085646000000033,66.478241,0.7821183761217041
41,0,0,8,Guard(1200),15117624,16.857487360000015,59.697739,0.7967283545133954
41,0,1,5,FCFS,15117624,145.1630917800002,0.0,0.0
41,0,1,5,SJF,15117624,33.770270920000016,1094.7250000000001,1.0
41,0,1,5,SPJF-E,15117624,43.38149892000018,282.92097099999995,0.9137177070676783
41,0,1,5,Guard(300),15117624,54.92884227000057,82.57289899999999,0.8100544434852502
41,0,1,5,Guard(600),15117624,47.51743266000008,227.558375,0.876588440494943
41,0,1,5,Guard(1200),15117624,46.67792630000014,90.904041,0.8841248899134836
41,0,2,4,FCFS,15117624,298.9338989200001,0.0,0.0
41,0,2,4,SJF,15117624,42.26533749000003,1549.803222,1.0
41,0,2,4,SPJF-E,15117624,60.86260183000016,406.267113,0.9275436608348621
41,0,2,4,Guard(300),15117624,142.55561648000014,99.199024,0.6092615377931598
41,0,2,4,Guard(600),15117624,84.82287898000001,170.163946,0.8341926208145812
41,0,2,4,Guard(1200),15117624,78.78277024000045,91.13850500000001,0.8577253382862801
41,1,0,7,FCFS,15117624,48.732493150000195,0.0,0.0
41,1,0,7,SJF,15117624,21.555135910000008,559.178534,1.0
41,1,0,7,SPJF-E,15117624,26.43828607000002,200.584258,0.8203228475499857
41,1,0,7,Guard(300),15117624,28.157652460000016,56.695126,0.7570581829684937
41,1,0,7,Guard(600),15117624,26.90423338000097,152.15132200000002,0.8031781595699801
41,1,0,7,Guard(1200),15117624,26.760943720000043,78.95596,0.8084505508012375
41,1,1,5,FCFS,15117624,154.0938566100001,0.0,0.0
41,1,1,5,SJF,15117624,33.592727160000024,346.74850200000003,1.0
41,1,1,5,SPJF-E,15117624,44.07318255000007,379.187296,0.9130260816820913
41,1,1,5,Guard(300),15117624,58.35952930000002,95.631969,0.7944682987367636
41,1,1,5,Guard(600),15117624,48.090698740000015,221.423193,0.8796860108600418
41,1,1,5,Guard(1200),15117624,47.41115950000004,92.251186,0.8853252877954664
41,1,2,4,FCFS,15117624,323.66945959000003,0.0,0.0
41,1,2,4,SJF,15117624,43.41785081000005,1331.925057,1.0
41,1,2,4,SPJF-E,15117624,64.22090292000004,645.8109489999999,0.925770088526662
41,1,2,4,Guard(300),15117624,156.49367810000206,152.40177,0.5965203276361295
41,1,2,4,Guard(600),15117624,92.95361127000024,336.64905,0.8232454019599003
41,1,2,4,Guard(1200),15117624,83.60339693000027,92.188977,0.8566090439411315
41,2,0,8,FCFS,15117624,35.95204248,0.0,0.0
41,2,0,8,SJF,15117624,16.821174210000088,445.67541,1.0
41,2,0,8,SPJF-E,15117624,20.728371610000046,174.614203,0.7957647637913522
41,2,0,8,Guard(300),15117624,21.616218850000028,55.91177,0.7493556187661753
41,2,0,8,Guard(600),15117624,20.966550590000463,145.71915099999998,0.783314781038927
41,2,0,8,Guard(1200),15117624,20.681588690000076,75.420367,0.7982101791974753
41,2,1,5,FCFS,15117624,150.59199880000034,0.0,0.0
41,2,1,5,SJF,15117624,35.26375539000003,1216.347975,1.0
41,2,1,5,SPJF-E,15117624,45.90433730000001,398.634351,0.907736547480638
41,2,1,5,Guard(300),15117624,60.11848492000006,103.211038,0.7844870536903987
41,2,1,5,Guard(600),15117624,50.266831,233.812978,0.8699097882149913
41,2,1,5,Guard(1200),15117624,49.50661655000001,100.000764,0.8765015338925646
41,2,2,4,FCFS,15117624,312.0114200100005,0.0,0.0
41,2,2,4,SJF,15117624,43.86554716000001,2251.335659,1.0
41,2,2,4,SPJF-E,15117624,65.26011552000027,698.48452,0.9202129492704582
41,2,2,4,Guard(300),15117624,163.73230462000026,153.733185,0.552979293747873
41,2,2,4,Guard(600),15117624,93.96550234000023,281.479538,0.813161565205123
41,2,2,4,Guard(1200),15117624,85.44271329000006,201.07492399999998,0.844945716717191
41,3,0,8,FCFS,15117624,32.63251044000004,0.0,0.0
41,3,0,8,SJF,15117624,15.210736270000067,417.763018,1.0
41,3,0,8,SPJF-E,15117624,18.98780176000002,96.418008,0.7831985736272485
41,3,0,8,Guard(300),15117624,19.627096,50.99431499999999,0.7465034452343644
41,3,0,8,Guard(600),15117624,19.141499480000032,96.418008,0.7743764112860172
41,3,0,8,Guard(1200),15117624,19.066968010000082,66.725495,0.7786544755791643
41,3,1,5,FCFS,15117624,151.335294680001,0.0,0.0
41,3,1,5,SJF,15117624,34.43561423000003,964.278269,1.0
41,3,1,5,SPJF-E,15117624,44.776202020000035,404.502413,0.9115430619639481
41,3,1,5,Guard(300),15117624,59.32252943000021,92.12845300000001,0.7871087833243092
41,3,1,5,Guard(600),15117624,49.2465978100001,163.884644,0.8733017616217107
41,3,1,5,Guard(1200),15117624,49.04278063000008,92.185453,0.8750452837529554
41,3,2,4,FCFS,15117624,319.3105819700009,0.0,0.0
41,3,2,4,SJF,15117624,43.016431,1057.285361,1.0
41,3,2,4,SPJF-E,15117624,63.54875619000108,2835.8685490000003,0.9256867178768818
41,3,2,4,Guard(300),15117624,152.2181718100025,104.083299,0.6047627485901457
41,3,2,4,Guard(600),15117624,88.99126908000103,207.347846,0.833601840941639
41,3,2,4,Guard(1200),15117624,83.02975939000004,106.126511,0.8551785180774799
41,4,0,9,FCFS,15117624,23.941136660000108,0.0,0.0
41,4,0,9,SJF,15117624,13.096746,343.521135,1.0
41,4,0,9,SPJF-E,15117624,15.70717,154.92517899999999,0.7592834782659911
41,4,0,9,Guard(300),15117624,16.091375040000187,64.88825,0.7238545591089801
41,4,0,9,Guard(600),15117624,15.758575910000111,125.76424200000001,0.7545431556778603
41,4,0,9,Guard(1200),15117624,15.742852,125.751281,0.7559931135863402
41,4,1,6,FCFS,15117624,82.9583990500002,0.0,0.0
41,4,1,6,SJF,15117624,29.05292474,1015.389667,1.0
41,4,1,6,SPJF-E,15117624,36.646243,238.219064,0.8591364169002158
41,4,1,6,Guard(300),15117624,41.014920220000135,65.374748,0.7780931225795555
41,4,1,6,Guard(600),15117624,38.02853487000023,154.720482,0.8334935320597832
41,4,1,6,Guard(1200),15117624,37.42985459000012,130.34597,0.8445996448927251
41,4,2,4,FCFS,15117624,325.1423983000039,0.0,0.0
41,4,2,4,SJF,15117624,43.98947923000018,1073.360626,1.0
41,4,2,4,SPJF-E,15117624,66.39393614000024,1523.941429,0.9203122023982202
41,4,2,4,Guard(300),15117624,180.42294062000107,98.595613,0.5147357465065814
41,4,2,4,Guard(600),15117624,99.59509599000066,223.431351,0.8022228723645037
41,4,2,4,Guard(1200),15117624,93.23664849000006,100.078689,0.8248384920814644
42,0,0,7,FCFS,20585828,71.09802046999924,0.0,0.0
42,0,0,7,SJF,20585828,27.93490054999982,139.018972,1.0
42,0,0,7,SPJF-E,20585828,34.77850113999968,311.245902,0.8414479629210281
42,0,0,7,Guard(300),20585828,37.57956386999979,94.93481499999999,0.7765531468096875
42,0,0,7,Guard(600),20585828,35.043341479999896,246.529402,0.8353121613271887
42,0,0,7,Guard(1200),20585828,35.17307254999995,104.927993,0.8323065614020557
42,0,1,5,FCFS,20585828,184.25939969999857,0.0,0.0
42,0,1,5,SJF,20585828,38.42941239999977,130.20656300000002,1.0
42,0,1,5,SPJF-E,20585828,54.61731416999994,346.180135,0.888994698074692
42,0,1,5,Guard(300),20585828,78.2162854199989,89.755579,0.7271694679767728
42,0,1,5,Guard(600),20585828,58.623225119999795,156.626124,0.8615249641456959
42,0,1,5,Guard(1200),20585828,59.739427039999846,102.268556,0.8538708325046926
42,0,2,4,FCFS,20585828,358.6569022099968,0.0,0.0
42,0,2,4,SJF,20585828,46.8416043799999,842.073306,1.0
42,0,2,4,SPJF-E,20585828,86.2094393799998,464.35105000000004,0.8737463002169207
42,0,2,4,Guard(300),20585828,210.8181260599993,107.609199,0.47412290923134853
42,0,2,4,Guard(600),20585828,126.96721465999929,209.175849,0.7430350247803293
42,0,2,4,Guard(1200),20585828,122.64387465999938,159.824551,0.7569000917930359
42,1,0,8,FCFS,20585828,49.267960429999754,0.0,0.0
42,1,0,8,SJF,20585828,23.75574213999986,76.589522,1.0
42,1,0,8,SPJF-E,20585828,29.410814039999888,166.991579,0.7783386832254934
42,1,0,8,Guard(300),20585828,30.56647840999989,97.276444,0.7330402165510769
42,1,0,8,Guard(600),20585828,29.53330894999981,153.163223,0.7735372618591696
42,1,0,8,Guard(1200),20585828,29.58457966999975,96.65764399999999,0.7715276083113227
42,1,1,5,FCFS,20585828,183.75024481999984,0.0,0.0
42,1,1,5,SJF,20585828,38.993966,361.24939,1.0
42,1,1,5,SPJF-E,20585828,55.68200031999988,460.781033,0.8847163352357865
42,1,1,5,Guard(300),20585828,80.94720334999928,141.636491,0.7101801891290194
42,1,1,5,Guard(600),20585828,60.18892263,209.105262,0.8535817803360688
42,1,1,5,Guard(1200),20585828,60.70408755999961,131.501401,0.8500229369187121
42,1,2,4,FCFS,20585828,355.7346250499996,0.0,0.0
42,1,2,4,SJF,20585828,47.035413949999985,187.090963,1.0
42,1,2,4,SPJF-E,20585828,87.39399658999996,559.1142189999999,0.8692624367383748
42,1,2,4,Guard(300),20585828,218.77919734999958,99.831307,0.4436533129190111
42,1,2,4,Guard(600),20585828,131.78306979999977,260.087064,0.7254685052546287
42,1,2,4,Guard(1200),20585828,122.4368388899999,106.73743499999999,0.7557446788693785
42,2,0,8,FCFS,20585828,49.57452383999991,0.0,0.0
42,2,0,8,SJF,20585828,23.47181880999986,95.844527,1.0
42,2,0,8,SPJF-E,20585828,29.03762847999999,148.577467,0.7867726864475042
42,2,0,8,Guard(300),20585828,30.112013,104.14490799999999,0.745612794445307
42,2,0,8,Guard(600),20585828,29.086546289999983,148.577467,0.7848986350821852
42,2,0,8,Guard(1200),20585828,29.186141289999735,90.387315,0.7810831301417858
42,2,1,5,FCFS,20585828,185.28402681999978,0.0,0.0
42,2,1,5,SJF,20585828,38.88980079999994,210.653087,1.0
42,2,1,5,SPJF-E,20585828,56.073355639999825,292.653145,0.882621362145442
42,2,1,5,Guard(300),20585828,81.69003017999998,127.006275,0.7076371757028667
42,2,1,5,Guard(600),20585828,60.30760949999996,221.105649,0.8536977223604844
42,2,1,5,Guard(1200),20585828,62.11145840999993,106.258953,0.8413758640533573
42,2,2,4,FCFS,20585828,381.8414709699987,0.0,0.0
42,2,2,4,SJF,20585828,47.20081094999994,672.501198,1.0
42,2,2,4,SPJF-E,20585828,91.27990123999962,654.9108709999999,0.8682793349518094
42,2,2,4,Guard(300),20585828,251.5458947699997,136.038639,0.38935966774692676
42,2,2,4,Guard(600),20585828,139.87588450999857,232.43201,0.7230609288349473
42,2,2,4,Guard(1200),20585828,124.41721982999917,135.562255,0.7692557477164172
42,3,0,8,FCFS,20585828,49.48290730999976,0.0,0.0
42,3,0,8,SJF,20585828,24.023211599999986,76.29988,1.0
42,3,0,8,SPJF-E,20585828,29.544926369999935,184.606851,0.783119372953417
42,3,0,8,Guard(300),20585828,30.774591579999964,132.681965,0.7348208691532693
42,3,0,8,Guard(600),20585828,29.662609829999838,172.064122,0.7784970294132435
42,3,0,8,Guard(1200),20585828,29.70221625999995,127.718702,0.7769413772777564
42,3,1,5,FCFS,20585828,189.99083216999946,0.0,0.0
42,3,1,5,SJF,20585828,39.16053787999998,341.507036,1.0
42,3,1,5,SPJF-E,20585828,55.975555979999804,577.83054,0.8885169708170841
42,3,1,5,Guard(300),20585828,83.25041885999947,145.428158,0.7076855071619205
42,3,1,5,Guard(600),20585828,61.019667969999944,224.398529,0.8550746705567538
42,3,1,5,Guard(1200),20585828,61.887300059999816,160.340596,0.8493222977056363
42,3,2,4,FCFS,20585828,368.0823706199988,0.0,0.0
42,3,2,4,SJF,20585828,46.61757382999995,757.5363150000001,1.0
42,3,2,4,SPJF-E,20585828,86.54049715999939,455.797457,0.8758093460663451
42,3,2,4,Guard(300),20585828,233.15789773999973,109.34636,0.4197177240783236
42,3,2,4,Guard(600),20585828,133.09203797999942,289.245244,0.7309986505101209
42,3,2,4,Guard(1200),20585828,126.98373186999919,108.923558,0.7500001280311278
42,4,0,8,FCFS,20585828,53.92298893999987,0.0,0.0
42,4,0,8,SJF,20585828,25.23230286999995,117.208776,1.0
42,4,0,8,SPJF-E,20585828,30.664387829999924,165.012523,0.8106673034326645
42,4,0,8,Guard(300),20585828,32.223414689999956,100.07906,0.756328175529055
42,4,0,8,Guard(600),20585828,30.76913346999998,165.012523,0.8070164447622062
42,4,0,8,Guard(1200),20585828,30.947814,133.822315,0.8007886212251853
42,4,1,5,FCFS,20585828,212.42140941999887,0.0,0.0
42,4,1,5,SJF,20585828,38.87744849999999,186.642407,1.0
42,4,1,5,SPJF-E,20585828,56.02146710999992,417.990653,0.901212243173918
42,4,1,5,Guard(300),20585828,86.80002528999962,125.142629,0.7238591505233004
42,4,1,5,Guard(600),20585828,62.2718850999991,188.19665700000002,0.8651959049685192
42,4,1,5,Guard(1200),20585828,62.74142038999987,97.62378000000001,0.8624903352240485
42,4,2,4,FCFS,20585828,422.4005069999993,0.0,0.0
42,4,2,4,SJF,20585828,47.3711410399998,1007.464873,1.0
42,4,2,4,SPJF-E,20585828,89.96854303999943,565.716402,0.8864158226890877
42,4,2,4,Guard(300),20585828,257.6129800399989,82.475598,0.4393989962310755
42,4,2,4,Guard(600),20585828,145.4938295099971,174.236232,0.7383599862404828
42,4,2,4,Guard(1200),20585828,133.96155659999778,106.596271,0.7691103059667236
43,0,0,8,FCFS,14153880,90.82283281999975,0.0,0.0
43,0,0,8,SJF,14153880,27.152503509999985,122.968361,1.0
43,0,0,8,SPJF-E,14153880,36.633611359999904,129.288249,0.8510906421759176
43,0,0,8,Guard(300),14153880,42.02402526999992,129.288249,0.7664293255404244
43,0,0,8,Guard(600),14153880,37.940605509999784,129.288249,0.8305631191653744
43,0,0,8,Guard(1200),14153880,37.05459642999963,93.65341299999999,0.8444786916086444
43,0,1,5,FCFS,14153880,289.75988501999916,0.0,0.0
43,0,1,5,SJF,14153880,48.54011298999972,224.399056,1.0
43,0,1,5,SPJF-E,14153880,80.23960304999939,271.393187,0.8685866842786945
43,0,1,5,Guard(300),14153880,178.51934,128.28178,0.4611584866524319
43,0,1,5,Guard(600),14153880,96.4507810999997,195.132344,0.8013816707195895
43,0,1,5,Guard(1200),14153880,88.52528557999949,104.473646,0.834237582377671
43,0,2,4,FCFS,14153880,527.5501073399993,0.0,0.0
43,0,2,4,SJF,14153880,63.59648015999996,897.044038,1.0
43,0,2,4,SPJF-E,14153880,139.91552592999972,581.007337,0.8355028578311117
43,0,2,4,Guard(300),14153880,432.1465461099996,72.035032,0.205631674462556
43,0,2,4,Guard(600),14153880,233.16750755999874,149.97639999999998,0.634508671845752
43,0,2,4,Guard(1200),14153880,179.88645910999975,95.74226300000001,0.7493499950483564
43,1,0,8,FCFS,14153880,90.4273,0.0,0.0
43,1,0,8,SJF,14153880,27.106428,165.507291,1.0
43,1,0,8,SPJF-E,14153880,37.30380277999998,170.64547399999998,0.8389571328076472
43,1,0,8,Guard(300),14153880,43.60799380999982,75.623766,0.7393976853319421
43,1,0,8,Guard(600),14153880,38.3328114,140.195909,0.8227064308274213
43,1,0,8,Guard(1200),14153880,37.61806250999995,92.11659900000001,0.8339941605668357
43,1,1,5,FCFS,14153880,290.48700913999954,0.0,0.0
43,1,1,5,SJF,14153880,48.11370945999999,896.656087,1.0
43,1,1,5,SPJF-E,14153880,79.76670162999928,400.972575,0.8694039640018515
43,1,1,5,Guard(300),14153880,177.5045756899993,81.50095,0.4661504942960656
43,1,1,5,Guard(600),14153880,94.00045591999988,165.72679,0.8106773868219677
43,1,1,5,Guard(1200),14153880,87.6104829,142.808152,0.8370415656668999
43,1,2,4,FCFS,14153880,498.86470724999936,0.0,0.0
43,1,2,4,SJF,14153880,64.09644436999926,258.150272,1.0
43,1,2,4,SPJF-E,14153880,139.74547890999946,607.304122,0.8260014794113893
43,1,2,4,Guard(300),14153880,419.1713773099996,71.50215499999999,0.18330070693774583
43,1,2,4,Guard(600),14153880,220.65427884999912,157.598782,0.6399050992293538
43,1,2,4,Guard(1200),14153880,177.76413284999796,96.653118,0.738555690042693
43,2,0,8,FCFS,14153880,99.39936874999992,0.0,0.0
43,2,0,8,SJF,14153880,26.719318129999905,103.346678,1.0
43,2,0,8,SPJF-E,14153880,36.40267907999979,116.85227599999999,0.8667672784017678
43,2,0,8,Guard(300),14153880,43.54718123999998,66.05407000000001,0.7684665466458908
43,2,0,8,Guard(600),14153880,37.67760581999968,116.85227599999999,0.8492256458750418
43,2,0,8,Guard(1200),14153880,36.882993129999804,102.75507900000001,0.8601586692180554
43,2,1,5,FCFS,14153880,311.3000959799977,0.0,0.0
43,2,1,5,SJF,14153880,49.25018673999992,238.834111,1.0
43,2,1,5,SPJF-E,14153880,80.42911156999969,235.88454299999998,0.8810191351699931
43,2,1,5,Guard(300),14153880,199.11563423999826,102.158126,0.4281034176480313
43,2,1,5,Guard(600),14153880,99.91666755999873,165.166218,0.8066533166642084
43,2,1,5,Guard(1200),14153880,87.56438007999981,106.23925899999999,0.8537904727724599
43,2,2,4,FCFS,14153880,552.9692798099996,0.0,0.0
43,2,2,4,SJF,14153880,62.82176853999966,221.564,1.0
43,2,2,4,SPJF-E,14153880,141.98751882999977,402.808277,0.8384858670711657
43,2,2,4,Guard(300),14153880,473.9552871699999,61.504239000000005,0.16120451664697838
43,2,2,4,Guard(600),14153880,259.3967971799985,160.15924,0.5989472064630874
43,2,2,4,Guard(1200),14153880,191.66584611999997,110.025675,0.7371320375652668
43,3,0,7,FCFS,14153880,133.12978599999946,0.0,0.0
43,3,0,7,SJF,14153880,32.05858127999987,700.937803,1.0
43,3,0,7,SPJF-E,14153880,44.625548959999996,116.749332,0.8756622352052224
43,3,0,7,Guard(300),14153880,56.66602412999957,116.749332,0.7565335951206835
43,3,0,7,Guard(600),14153880,47.70687741999983,116.749332,0.8451755256766665
43,3,0,7,Guard(1200),14153880,45.484636579999886,81.747107,0.8671624095389523
43,3,1,5,FCFS,14153880,307.1944611399999,0.0,0.0
43,3,1,5,SJF,14153880,49.08440368999999,814.380726,1.0
43,3,1,5,SPJF-E,14153880,81.87798780999952,210.51133099999998,0.8729472828607147
43,3,1,5,Guard(300),14153880,166.83461526999994,119.134291,0.543798437211963
43,3,1,5,Guard(600),14153880,95.70787614999891,157.397515,0.8193659211864278
43,3,1,5,Guard(1200),14153880,91.17192981999924,107.670967,0.8369396119399481
43,3,2,4,FCFS,14153880,494.8736705599999,0.0,0.0
43,3,2,4,SJF,14153880,62.312737659999826,250.494825,1.0
43,3,2,4,SPJF-E,14153880,136.85135468999977,371.63376700000003,0.827680654075083
43,3,2,4,Guard(300),14153880,408.5519826199914,105.482063,0.1995596027622874
43,3,2,4,Guard(600),14153880,227.40988138999967,162.287585,0.6183262722707157
43,3,2,4,Guard(1200),14153880,182.10211934999944,102.317392,0.7230693468157174
43,4,0,7,FCFS,14153880,120.04155183999984,0.0,0.0
43,4,0,7,SJF,14153880,30.806506949999953,299.198919,1.0
43,4,0,7,SPJF-E,14153880,42.099915869999776,231.22767000000002,0.8734419987806225
43,4,0,7,Guard(300),14153880,52.35936253999993,97.372772,0.7584709503248619
43,4,0,7,Guard(600),14153880,43.60883552999965,137.74882300000002,0.8565325024962879
43,4,0,7,Guard(1200),14153880,42.36397190999986,87.274985,0.8704828918476277
43,4,1,5,FCFS,14153880,270.03548489999974,0.0,0.0
43,4,1,5,SJF,14153880,46.756919369999785,189.55659899999998,1.0
43,4,1,5,SPJF-E,14153880,74.07422035999952,198.77252199999998,0.8776537240591984
43,4,1,5,Guard(300),14153880,152.01878465999988,67.15167400000001,0.5285626050125398
43,4,1,5,Guard(600),14153880,87.46768906999978,154.13242,0.8176682584673357
43,4,1,5,Guard(1200),14153880,79.80916024999927,107.46874100000001,0.8519685899918659
43,4,2,4,FCFS,14153880,460.60805984999945,0.0,0.0
43,4,2,4,SJF,14153880,60.54358847999945,1288.588226,1.0
43,4,2,4,SPJF-E,14153880,128.7272842299934,262.803114,0.8295682305491852
43,4,2,4,Guard(300),14153880,369.0644212799987,86.884955,0.22882221522074753
43,4,2,4,Guard(600),14153880,197.7099753399969,151.27521099999998,0.6571392945984974
43,4,2,4,Guard(1200),14153880,168.89657528999967,100.01152900000001,0.7291611863484128
44,0,0,8,FCFS,14490138,175.21290300000055,0.0,0.0
44,0,0,8,SJF,14490138,32.54545140000004,91.225356,1.0
44,0,0,8,SPJF-E,14490138,46.42863000000009,55.733526999999995,0.9026885358622332
44,0,0,8,Guard(300),14490138,89.01192660000001,54.087959,0.6042091271223088
44,0,0,8,Guard(600),14490138,50.80764972000001,55.733526999999995,0.8719946412780819
44,0,0,8,Guard(1200),14490138,47.00988672000015,55.80891,0.8986143289321918
44,0,1,5,FCFS,14490138,549.0479362800011,0.0,0.0
44,0,1,5,SJF,14490138,60.84399448000007,608.4634590000001,1.0
44,0,1,5,SPJF-E,14490138,152.90793480000124,498.145868,0.811423193388069
44,0,1,5,Guard(300),14490138,469.4039224800002,96.692724,0.1631367692492497
44,0,1,5,Guard(600),14490138,260.89562984000617,133.199837,0.5902293729493077
44,0,1,5,Guard(1200),14490138,212.9411738800012,87.419057,0.6884556506462832
44,0,2,4,FCFS,14490138,938.245386480002,0.0,0.0
44,0,2,4,SJF,14490138,97.65882264000035,3153.282321,1.0
44,0,2,4,SPJF-E,14490138,310.83423984000603,527.582576,0.7463968300585616
44,0,2,4,Guard(300),14490138,859.1251212400001,83.180695,0.09412506533361836
44,0,2,4,Guard(600),14490138,699.152328920002,231.48258199999998,0.2844359734561607
44,0,2,4,Guard(1200),14490138,502.1836846800002,82.823712,0.5187588293202868
44,1,0,7,FCFS,14490138,219.50239416000088,0.0,0.0
44,1,0,7,SJF,14490138,38.79024512000036,110.13241,1.0
44,1,0,7,SPJF-E,14490138,56.32731904000001,345.59814,0.9029557558074425
44,1,0,7,Guard(300),14490138,149.48935752000094,77.350932,0.3874284989245665
44,1,0,7,Guard(600),14490138,64.23006684000026,139.759057,0.8592246185154445
44,1,0,7,Guard(1200),14490138,58.27470864000012,84.405875,0.8921795594623421
44,1,1,5,FCFS,14490138,499.34943100000294,0.0,0.0
44,1,1,5,SJF,14490138,58.40739796000013,961.430386,1.0
44,1,1,5,SPJF-E,14490138,138.56469092000037,510.59497600000003,0.8182135361254429
44,1,1,5,Guard(300),14490138,431.7607750000001,85.96384599999999,0.1532824066102837
44,1,1,5,Guard(600),14490138,225.12889808000352,163.928211,0.6218970122431531
44,1,1,5,Guard(1200),14490138,198.19298008000004,77.37053499999999,0.6829842209501529
44,1,2,4,FCFS,14490138,864.3892117200004,0.0,0.0
44,1,2,4,SJF,14490138,91.26233540000129,1539.181318,1.0
44,1,2,4,SPJF-E,14490138,282.2911958000006,481.976346,0.7529139572675624
44,1,2,4,Guard(300),14490138,782.3201496400002,84.884838,0.10615212663494525
44,1,2,4,Guard(600),14490138,635.8311452400003,127.51088100000001,0.2956281478247295
44,1,2,4,Guard(1200),14490138,471.66483240000815,83.924226,0.5079688617078196
44,2,0,8,FCFS,14490138,173.9604721200004,0.0,0.0
44,2,0,8,SJF,14490138,32.85822,119.38861,1.0
44,2,0,8,SPJF-E,14490138,45.94413960000023,90.98553799999999,0.9072593144093029
44,2,0,8,Guard(300),14490138,84.42052364000112,85.074669,0.634574906741035
44,2,0,8,Guard(600),14490138,50.1923385600011,90.98553799999999,0.8771520773087356
44,2,0,8,Guard(1200),14490138,46.850015440000085,85.024413,0.9008393187934324
44,2,1,5,FCFS,14490138,540.4631446800055,0.0,0.0
44,2,1,5,SJF,14490138,60.53570652000023,550.399327,1.0
44,2,1,5,SPJF-E,14490138,152.764639,428.140549,0.807827339829545
44,2,1,5,Guard(300),14490138,475.7546806400011,114.998419,0.1348296823538373
44,2,1,5,Guard(600),14490138,256.9286270800012,131.25014199999998,0.5907862211151083
44,2,1,5,Guard(1200),14490138,200.6510026400014,84.813317,0.7080489987044929
44,2,2,4,FCFS,14490138,936.2866652000005,0.0,0.0
44,2,2,4,SJF,14490138,98.8167125200004,835.5082580000001,1.0
44,2,2,4,SPJF-E,14490138,314.809754400001,681.1944,0.742088607252358
44,2,2,4,Guard(300),14490138,896.2238440000036,79.48774999999999,0.047837920717980646
44,2,2,4,Guard(600),14490138,719.2504868000041,141.11133700000002,0.2591569735791185
44,2,2,4,Guard(1200),14490138,476.03443784000007,137.042743,0.5495746156469739
44,3,0,8,FCFS,14490138,174.3181782800002,0.0,0.0
44,3,0,8,SJF,14490138,33.62829140000032,121.36082900000001,1.0
44,3,0,8,SPJF-E,14490138,45.82800012000022,85.429512,0.9132865269100292
44,3,0,8,Guard(300),14490138,98.850531,77.996347,0.5364113153660406
44,3,0,8,Guard(600),14490138,50.47220272000014,85.429512,0.8802763176974712
44,3,0,8,Guard(1200),14490138,46.59690324000014,76.693465,0.9078212931462424
44,3,1,5,FCFS,14490138,515.1770888000003,0.0,0.0
44,3,1,5,SJF,14490138,60.99090036000004,670.386577,1.0
44,3,1,5,SPJF-E,14490138,153.35898752000034,523.2715380000001,0.79662946714153
44,3,1,5,Guard(300),14490138,461.49777356000027,80.91137599999999,0.11818790752834901
44,3,1,5,Guard(600),14490138,249.03750356000052,126.56571600000001,0.5859702298612672
44,3,1,5,Guard(1200),14490138,208.2065188000027,72.47067700000001,0.6758694513682897
44,3,2,4,FCFS,14490138,882.0443368400008,0.0,0.0
44,3,2,4,SJF,14490138,98.48737748000288,1354.2057459999999,1.0
44,3,2,4,SPJF-E,14490138,330.32068652000027,522.915342,0.7041270500240894
44,3,2,4,Guard(300),14490138,811.7545015200017,82.93265,0.08970609536467042
44,3,2,4,Guard(600),14490138,704.4221916400061,215.67855200000002,0.22668696012230544
44,3,2,4,Guard(1200),14490138,500.12107424000857,79.498539,0.4874224624486057
44,4,0,8,FCFS,14490138,179.9640020000004,0.0,0.0
44,4,0,8,SJF,14490138,33.797242200000156,122.24378899999999,1.0
44,4,0,8,SPJF-E,14490138,47.315045680000054,54.991327999999996,0.9075179370569868
44,4,0,8,Guard(300),14490138,101.51384720000156,51.0604,0.5367167946210346
44,4,0,8,Guard(600),14490138,50.9944040800002,54.991327999999996,0.8823456037232342
44,4,0,8,Guard(1200),14490138,47.94790152000003,54.991327999999996,0.9031882533391162
44,4,1,5,FCFS,14490138,528.4102080800004,0.0,0.0
44,4,1,5,SJF,14490138,60.38125700000002,614.497018,1.0
44,4,1,5,SPJF-E,14490138,153.43769884000307,518.403185,0.8011737487066332
44,4,1,5,Guard(300),14490138,458.5389593200033,80.277644,0.14928830491952622
44,4,1,5,Guard(600),14490138,265.94197088001664,163.702597,0.5607948751766852
44,4,1,5,Guard(1200),14490138,210.19107828000278,147.896158,0.6799133452443293
44,4,2,4,FCFS,14490138,910.782904,0.0,0.0
44,4,2,4,SJF,14490138,97.96127312000263,252.579644,1.0
44,4,2,4,SPJF-E,14490138,316.93125328001,276.301801,0.7306051268309128
44,4,2,4,Guard(300),14490138,841.0691652800004,80.589617,0.08576757319379448
44,4,2,4,Guard(600),14490138,722.5252158000011,148.13135599999998,0.23161008645424785
44,4,2,4,Guard(1200),14490138,500.14554220000014,87.392381,0.5051998448360994
45,0,0,7,FCFS,15545628,60.32825305999986,0.0,0.0
45,0,0,7,SJF,15545628,28.156303,167.557426,1.0
45,0,0,7,SPJF-E,15545628,35.009061179999975,286.003501,0.7869958716453384
45,0,0,7,Guard(300),15545628,36.47405659999975,71.450378,0.7414594519608743
45,0,0,7,Guard(600),15545628,35.044669289999774,173.194006,0.7858890655632268
45,0,0,7,Guard(1200),15545628,35.21911471999987,112.848124,0.7804667821867214
45,0,1,5,FCFS,15545628,163.69878954999996,0.0,0.0
45,0,1,5,SJF,15545628,39.25927980999997,427.905491,1.0
45,0,1,5,SPJF-E,15545628,53.251462269999806,445.83241999999996,0.8875583607711517
45,0,1,5,Guard(300),15545628,67.88491931999984,124.323952,0.7699634178099112
45,0,1,5,Guard(600),15545628,55.83535513999997,165.785123,0.8667941125400322
45,0,1,5,Guard(1200),15545628,56.25017836999999,117.232935,0.8634605793971684
45,0,2,4,FCFS,15545628,338.63359483,0.0,0.0
45,0,2,4,SJF,15545628,48.026394809999715,805.333708,1.0
45,0,2,4,SPJF-E,15545628,82.5210227199999,635.908177,0.8813015372378035
45,0,2,4,Guard(300),15545628,174.09578552999997,69.47788800000001,0.5661862792411066
45,0,2,4,Guard(600),15545628,106.10820454999985,159.488438,0.8001363705510296
45,0,2,4,Guard(1200),15545628,101.83261910999974,141.235728,0.8148489634933445
45,1,0,7,FCFS,15545628,60.81167409999976,0.0,0.0
45,1,0,7,SJF,15545628,26.448745539999546,162.68771,1.0
45,1,0,7,SPJF-E,15545628,33.206306969999744,249.25193099999998,0.803347336412233
45,1,0,7,Guard(300),15545628,34.7875064899996,63.647966999999994,0.7573326459809746
45,1,0,7,Guard(600),15545628,33.314067269999846,157.82483100000002,0.800211390073668
45,1,0,7,Guard(1200),15545628,33.46226818999995,109.49524,0.7958985760554641
45,1,1,5,FCFS,15545628,155.8855598699998,0.0,0.0
45,1,1,5,SJF,15545628,38.97700207999999,305.896657,1.0
45,1,1,5,SPJF-E,15545628,53.419151359999795,471.328209,0.8764662779781963
45,1,1,5,Guard(300),15545628,65.09539623999987,67.59748400000001,0.7765912551336425
45,1,1,5,Guard(600),15545628,54.57294184999997,206.307978,0.866597107475959
45,1,1,5,Guard(1200),15545628,56.10690431999997,99.962585,0.8534760622847642
45,1,2,4,FCFS,15545628,296.04398908,0.0,0.0
45,1,2,4,SJF,15545628,47.576543539999854,242.02188999999998,1.0
45,1,2,4,SPJF-E,15545628,80.15554048999995,802.885616,0.8688802193816763
45,1,2,4,Guard(300),15545628,151.5079402499998,70.29868,0.5817102056000801
45,1,2,4,Guard(600),15545628,96.08500484999962,176.99378199999998,0.8047693483362571
45,1,2,4,Guard(1200),15545628,95.82811692999944,127.130879,0.8058032379850273
45,2,0,8,FCFS,15545628,46.197099439999974,0.0,0.0
45,2,0,8,SJF,15545628,22.509591449999906,215.702055,1.0
45,2,0,8,SPJF-E,15545628,28.134932489999972,253.452156,0.7625186641678448
45,2,0,8,Guard(300),15545628,28.912096189999893,63.072926,0.7297096535987293
45,2,0,8,Guard(600),15545628,28.17567275999994,169.679336,0.7607987588904653
45,2,0,8,Guard(1200),15545628,28.263192249999893,114.885402,0.7571040059414891
45,2,1,5,FCFS,15545628,165.83502728999989,0.0,0.0
45,2,1,5,SJF,15545628,39.8199911099999,292.27531,1.0
45,2,1,5,SPJF-E,15545628,54.34192035999992,435.428916,0.8847603453507177
45,2,1,5,Guard(300),15545628,70.9496805899998,94.328067,0.7529684518319367
45,2,1,5,Guard(600),15545628,57.062304939999834,177.623474,0.8631725677134989
45,2,1,5,Guard(1200),15545628,57.59066785999937,116.193099,0.858979711559057
45,2,2,4,FCFS,15545628,316.5293158799997,0.0,0.0
45,2,2,4,SJF,15545628,48.156169479999875,600.47197,1.0
45,2,2,4,SPJF-E,15545628,83.49421737999968,846.40592,0.868324948401023
45,2,2,4,Guard(300),15545628,177.30802140999964,95.995174,0.5187601529345864
45,2,2,4,Guard(600),15545628,104.54594474999973,230.77995,0.7898829446000046
45,2,2,4,Guard(1200),15545628,102.92630997999998,106.78239500000001,0.7959179551505228
45,3,0,7,FCFS,15545628,73.06352818999991,0.0,0.0
45,3,0,7,SJF,15545628,28.78280531999997,143.773513,1.0
45,3,0,7,SPJF-E,15545628,36.96580256999986,373.382591,0.8152018142516854
45,3,0,7,Guard(300),15545628,39.87056009999996,80.963625,0.7496031215987236
45,3,0,7,Guard(600),15545628,37.472066379999994,169.105346,0.8037687621877787
45,3,0,7,Guard(1200),15545628,37.35027579999997,119.53751600000001,0.8065191820568847
45,3,1,5,FCFS,15545628,179.41273231999983,0.0,0.0
45,3,1,5,SJF,15545628,40.87173419999995,188.123797,1.0
45,3,1,5,SPJF-E,15545628,58.37241513999995,446.391225,0.8736786858945432
45,3,1,5,Guard(300),15545628,78.55650763999961,123.092876,0.72798829262542
45,3,1,5,Guard(600),15545628,61.62991947999977,181.681033,0.8501657591493623
45,3,1,5,Guard(1200),15545628,61.81058116999984,116.491672,0.8488617286280608
45,3,2,4,FCFS,15545628,342.0054518399993,0.0,0.0
45,3,2,4,SJF,15545628,49.55003206999999,353.032788,1.0
45,3,2,4,SPJF-E,15545628,94.18244662999952,790.181872,0.8473872886503504
45,3,2,4,Guard(300),15545628,190.86981556999964,141.950978,0.5167817932348794
45,3,2,4,Guard(600),15545628,118.67909938999989,336.249546,0.7636252821904745
45,3,2,4,Guard(1200),15545628,113.78504808,120.22833200000001,0.7803596320406118
45,4,0,8,FCFS,15545628,46.20782601999973,0.0,0.0
45,4,0,8,SJF,15545628,22.028840839999912,177.892454,1.0
45,4,0,8,SPJF-E,15545628,27.544941,251.59744400000002,0.7718638677787497
45,4,0,8,Guard(300),15545628,28.448505,68.914712,0.7344940611771309
45,4,0,8,Guard(600),15545628,27.636513269999966,166.806175,0.7680766008889999
45,4,0,8,Guard(1200),15545628,27.606163599999956,120.38309,0.7693318094833256
45,4,1,5,FCFS,15545628,162.86758831999927,0.0,0.0
45,4,1,5,SJF,15545628,39.87718623999998,237.475988,1.0
45,4,1,5,SPJF-E,15545628,54.74211455999991,453.807705,0.8791374931002257
45,4,1,5,Guard(300),15545628,69.02871828999987,104.266676,0.7629771790563118
45,4,1,5,Guard(600),15545628,56.60252336999993,173.31443199999998,0.8640110378765904
45,4,1,5,Guard(1200),15545628,57.07135513999989,117.334985,0.8601991000174474
45,4,2,4,FCFS,15545628,326.5923203199997,0.0,0.0
45,4,2,4,SJF,15545628,48.20868518999987,458.943384,1.0
45,4,2,4,SPJF-E,15545628,83.27668955999947,648.318631,0.8740299358702479
45,4,2,4,Guard(300),15545628,174.3586724199995,71.846466,0.5468484087755734
45,4,2,4,Guard(600),15545628,105.95727718999925,162.030002,0.7925575187886605
45,4,2,4,Guard(1200),15545628,99.82567117999957,106.68190799999999,0.8145832603777318
46,0,0,8,FCFS,9733009,101.33099054000009,0.0,0.0
46,0,0,8,SJF,9733009,19.818381500000033,224.830973,1.0
46,0,0,8,SPJF-E,9733009,31.976798800000008,246.092391,0.8508400425014788
46,0,0,8,Guard(300),9733009,44.21528532000038,73.411603,0.7006977925583483
46,0,0,8,Guard(600),9733009,33.66003408000039,163.718914,0.8301900436874994
46,0,0,8,Guard(1200),9733009,32.39812476,73.521333,0.8456711985034511
46,0,1,5,FCFS,9733009,323.29147828000094,0.0,0.0
46,0,1,5,SJF,9733009,43.58725492,139.363551,1.0
46,0,1,5,SPJF-E,9733009,77.06589268000022,177.810298,0.880306999451665
46,0,1,5,Guard(300),9733009,255.01435974000006,107.798401,0.24410471075412746
46,0,1,5,Guard(600),9733009,95.55314564000066,152.497972,0.8142112761267944
46,0,1,5,Guard(1200),9733009,84.97623120000047,104.932677,0.8520259158663841
46,0,2,4,FCFS,9733009,526.4658407200002,0.0,0.0
46,0,2,4,SJF,9733009,57.72483386000027,98.486096,1.0
46,0,2,4,SPJF-E,9733009,152.38055884000025,235.961357,0.7980639124917205
46,0,2,4,Guard(300),9733009,473.47143758000004,98.604238,0.11305689573651516
46,0,2,4,Guard(600),9733009,223.98536356000213,154.034092,0.645304065002234
46,0,2,4,Guard(1200),9733009,179.52863938000058,98.604238,0.7401468961806028
46,1,0,8,FCFS,9733009,88.02762718000022,0.0,0.0
46,1,0,8,SJF,9733009,19.025792760000076,42.641906,1.0
46,1,0,8,SPJF-E,9733009,30.03706060000008,39.886025,0.8404206506601455
46,1,0,8,Guard(300),9733009,38.54641386000019,39.886025,0.7170999689489114
46,1,0,8,Guard(600),9733009,30.861455380000233,39.886025,0.8284732178573849
46,1,0,8,Guard(1200),9733009,29.980513400000095,39.886025,0.8412401535106899
46,1,1,5,FCFS,9733009,311.2201882200006,0.0,0.0
46,1,1,5,SJF,9733009,41.10095794000008,125.121454,1.0
46,1,1,5,SPJF-E,9733009,67.50539806000079,81.958497,0.9022489435771367
46,1,1,5,Guard(300),9733009,204.93155712000151,81.958497,0.3934878349454138
46,1,1,5,Guard(600),9733009,89.71897734000048,81.958497,0.820012742707715
46,1,1,5,Guard(1200),9733009,72.87397116000014,81.958497,0.8823741161002688
46,1,2,4,FCFS,9733009,521.2360685400005,0.0,0.0
46,1,2,4,SJF,9733009,54.4654708,189.69598100000002,1.0
46,1,2,4,SPJF-E,9733009,133.73850594,162.730555,0.8301670338195627
46,1,2,4,Guard(300),9733009,407.248625,96.920705,0.24420442095518086
46,1,2,4,Guard(600),9733009,195.32627650000066,162.730555,0.6982226250281887
46,1,2,4,Guard(1200),9733009,167.43572426000003,96.920705,0.7579747867432591
46,2,0,7,FCFS,9733009,132.41929184000014,0.0,0.0
46,2,0,7,SJF,9733009,27.102136180000024,96.223104,1.0
46,2,0,7,SPJF-E,9733009,41.498462,77.81381499999999,0.863305026329459
46,2,0,7,Guard(300),9733009,60.97582068000125,63.32395699999999,0.678364989182227
46,2,0,7,Guard(600),9733009,44.4670408,77.81381499999999,0.8351179870821821
46,2,0,7,Guard(1200),9733009,42.207967020000346,66.72155400000001,0.856568184496293
46,2,1,5,FCFS,9733009,310.2094611000007,0.0,0.0
46,2,1,5,SJF,9733009,43.63658158000009,137.702191,1.0
46,2,1,5,SPJF-E,9733009,76.78695164000003,235.773147,0.8756423754746112
46,2,1,5,Guard(300),9733009,211.63343972000106,57.875136,0.36979013603146227
46,2,1,5,Guard(600),9733009,97.15435138000093,152.340207,0.7992377548069909
46,2,1,5,Guard(1200),9733009,82.45401300000023,68.192388,0.8543834185611979
46,2,2,4,FCFS,9733009,526.8585496800006,0.0,0.0
46,2,2,4,SJF,9733009,57.550247780000056,91.618866,1.0
46,2,2,4,SPJF-E,9733009,153.23610998000012,507.393914,0.7961129990400454
46,2,2,4,Guard(300),9733009,431.3380119400003,67.873504,0.203534728350818
46,2,2,4,Guard(600),9733009,235.93658612000584,151.87943299999998,0.6198951997699456
46,2,2,4,Guard(1200),9733009,190.68167340000053,86.552293,0.716324162430078
46,3,0,8,FCFS,9733009,93.29032912000052,0.0,0.0
46,3,0,8,SJF,9733009,18.52634742000008,109.119777,1.0
46,3,0,8,SPJF-E,9733009,30.123781120000025,271.82403999999997,0.8448793999958957
46,3,0,8,Guard(300),9733009,38.52091244000002,63.54796999999999,0.732564203171648
46,3,0,8,Guard(600),9733009,31.15989930000001,163.058996,0.8310208794029511
46,3,0,8,Guard(1200),9733009,30.422008640000072,84.59573,0.8408904802885863
46,3,1,5,FCFS,9733009,288.4375617000034,0.0,0.0
46,3,1,5,SJF,9733009,42.96469066000005,109.463747,1.0
46,3,1,5,SPJF-E,9733009,71.02537356000016,228.06273000000002,0.8856872338637078
46,3,1,5,Guard(300),9733009,204.37425,64.96389,0.3424545911890365
46,3,1,5,Guard(600),9733009,88.454906,161.31090700000001,0.8146833287635005
46,3,1,5,Guard(1200),9733009,75.15488224000046,91.696956,0.8688645655887792
46,3,2,4,FCFS,9733009,487.9336007200003,0.0,0.0
46,3,2,4,SJF,9733009,56.133923980000155,143.936202,1.0
46,3,2,4,SPJF-E,9733009,139.4498550400002,379.399365,0.8070495751895452
46,3,2,4,Guard(300),9733009,405.1135030000005,79.915902,0.1918021299721082
46,3,2,4,Guard(600),9733009,203.02922706000075,218.328657,0.6598068248011896
46,3,2,4,Guard(1200),9733009,163.62048018000004,218.343311,0.7510730971095171
46,4,0,8,FCFS,9733009,93.87699656000001,0.0,0.0
46,4,0,8,SJF,9733009,17.924465,657.87182,1.0
46,4,0,8,SPJF-E,9733009,29.583948820000046,160.490241,0.8464898591195813
46,4,0,8,Guard(300),9733009,38.759664300000075,74.250439,0.72568130551987
46,4,0,8,Guard(600),9733009,31.102707400000146,160.490241,0.8264937043001686
46,4,0,8,Guard(1200),9733009,29.895215860000125,83.76278400000001,0.842391680512405
46,4,1,5,FCFS,9733009,289.45710930000126,0.0,0.0
46,4,1,5,SJF,9733009,42.136389480000055,131.174115,1.0
46,4,1,5,SPJF-E,9733009,69.04457902000014,97.514941,0.8912012323125061
46,4,1,5,Guard(300),9733009,230.8547861600008,81.565522,0.23694870038648982
46,4,1,5,Guard(600),9733009,95.40713540000003,97.514941,0.7846086411248918
46,4,1,5,Guard(1200),9733009,75.8047767400004,81.565522,0.8638675025509223
46,4,2,4,FCFS,9733009,502.59125778000106,0.0,0.0
46,4,2,4,SJF,9733009,55.27162902000037,112.436088,1.0
46,4,2,4,SPJF-E,9733009,136.57462378000054,181.39066799999998,0.8182440708328016
46,4,2,4,Guard(300),9733009,429.4099093800002,96.027407,0.16359968061957025
46,4,2,4,Guard(600),9733009,213.46163372000058,181.39066799999998,0.6463602432593596
46,4,2,4,Guard(1200),9733009,174.86760706000067,95.509641,0.7326386539943972
47,0,0,8,FCFS,14442904,45.272007,0.0,0.0
47,0,0,8,SJF,14442904,23.336067310000285,114.761864,1.0
47,0,0,8,SPJF-E,14442904,27.56608696000077,200.11701200000002,0.807164876008075
47,0,0,8,Guard(300),14442904,28.06964715000022,75.181449,0.7842089326057955
47,0,0,8,Guard(600),14442904,27.56854,195.106338,0.8070530485671769
47,0,0,8,Guard(1200),14442904,27.596276570000185,100.36100499999999,0.8057886135626974
47,0,1,5,FCFS,14442904,194.94906320000123,0.0,0.0
47,0,1,5,SJF,14442904,38.194893600000185,736.586095,1.0
47,0,1,5,SPJF-E,14442904,49.583270730000045,290.098236,0.9273488089084951
47,0,1,5,Guard(300),14442904,72.8332169700003,114.612841,0.7790277384111136
47,0,1,5,Guard(600),14442904,55.021890990000024,314.012814,0.8926535898028213
47,0,1,5,Guard(1200),14442904,52.30558945000004,96.38091899999999,0.9099820063095805
47,0,2,4,FCFS,14442904,434.33945291000026,0.0,0.0
47,0,2,4,SJF,14442904,46.36697183000017,259.32944799999996,1.0
47,0,2,4,SPJF-E,14442904,69.64412919000064,304.049433,0.9400030711064771
47,0,2,4,Guard(300),14442904,252.3798781200052,71.224189,0.46900124020001027
47,0,2,4,Guard(600),14442904,118.43507721000074,180.855287,0.8142442856272063
47,0,2,4,Guard(1200),14442904,94.87596494000013,99.725532,0.8749679539771343
47,1,0,8,FCFS,14442904,47.554155510000236,0.0,0.0
47,1,0,8,SJF,14442904,22.636099050000265,118.763863,1.0
47,1,0,8,SPJF-E,14442904,26.844928190000143,168.875604,0.8310932015602358
47,1,0,8,Guard(300),14442904,27.42158418000005,61.513693,0.8079511081579839
47,1,0,8,Guard(600),14442904,26.87445295000002,140.581231,0.8299083274490758
47,1,0,8,Guard(1200),14442904,26.911616400000025,101.23486799999999,0.8284169009383582
47,1,1,5,FCFS,14442904,205.6111224400006,0.0,0.0
47,1,1,5,SJF,14442904,37.80742826000039,857.313997,1.0
47,1,1,5,SPJF-E,14442904,49.406355,374.988245,0.9308780012461607
47,1,1,5,Guard(300),14442904,76.47280710000004,113.959204,0.769579692336666
47,1,1,5,Guard(600),14442904,55.1453405400004,320.787106,0.8966774100848941
47,1,1,5,Guard(1200),14442904,52.79414545000009,148.18381300000001,0.910688991304782
47,1,2,4,FCFS,14442904,495.9985738000003,0.0,0.0
47,1,2,4,SJF,14442904,46.286869680000315,177.61669999999998,1.0
47,1,2,4,SPJF-E,14442904,67.92805418000091,497.390202,0.9518776489432308
47,1,2,4,Guard(300),14442904,297.9287333000005,60.680613,0.440437370620773
47,1,2,4,Guard(600),14442904,117.70416914000036,149.479017,0.8411931492871637
47,1,2,4,Guard(1200),14442904,94.48602359000115,100.967646,0.8928221047652799
47,2,0,7,FCFS,14442904,62.73190593000119,0.0,0.0
47,2,0,7,SJF,14442904,26.801008830000946,164.90019999999998,1.0
47,2,0,7,SPJF-E,14442904,32.80118747000023,207.041813,0.833007825457293
47,2,0,7,Guard(300),14442904,34.28553530000015,62.28943,0.7916966434439748
47,2,0,7,Guard(600),14442904,33.05041534000061,137.478475,0.8260715146463843
47,2,0,7,Guard(1200),14442904,33.02205,100.74433599999999,0.8268609561101381
47,2,1,5,FCFS,14442904,179.69222815000066,0.0,0.0
47,2,1,5,SJF,14442904,38.13934046000009,881.769609,1.0
47,2,1,5,SPJF-E,14442904,50.18586134000024,402.221884,0.9148973851640392
47,2,1,5,Guard(300),14442904,70.50249475000052,150.75502,0.7713705822739878
47,2,1,5,Guard(600),14442904,54.324804950000264,333.150606,0.8856578289985423
47,2,1,5,Guard(1200),14442904,53.697331200000114,94.84307,0.8900906156427421
47,2,2,4,FCFS,14442904,414.0587610000013,0.0,0.0
47,2,2,4,SJF,14442904,45.75901755000008,629.04074,1.0
47,2,2,4,SPJF-E,14442904,69.47360735000173,401.79846899999995,0.9356106263396813
47,2,2,4,Guard(300),14442904,243.0940061000061,71.486458,0.46420003798673465
47,2,2,4,Guard(600),14442904,113.28176489000069,182.336248,0.816663604738114
47,2,2,4,Guard(1200),14442904,95.12169592000023,98.952559,0.8659714560004806
47,3,0,8,FCFS,14442904,47.29499186000094,0.0,0.0
47,3,0,8,SJF,14442904,23.372269110000047,174.80199000000002,1.0
47,3,0,8,SPJF-E,14442904,27.24571366000009,157.126819,0.8380851297538907
47,3,0,8,Guard(300),14442904,28.21342925000009,77.235142,0.7976333968925062
47,3,0,8,Guard(600),14442904,27.267862290000057,151.650802,0.8371592890696413
47,3,0,8,Guard(1200),14442904,27.282945360000266,98.00935299999999,0.8365287977096975
47,3,1,5,FCFS,14442904,212.45474501000422,0.0,0.0
47,3,1,5,SJF,14442904,39.16162049000009,169.16868200000002,1.0
47,3,1,5,SPJF-E,14442904,51.145770410000445,332.99447999999995,0.930844631296281
47,3,1,5,Guard(300),14442904,75.82602403000094,66.743483,0.788425515198276
47,3,1,5,Guard(600),14442904,56.23912972000004,151.40267,0.9014530479653933
47,3,1,5,Guard(1200),14442904,54.074030620000286,95.685211,0.9139469025600101
47,3,2,4,FCFS,14442904,508.87739759001886,0.0,0.0
47,3,2,4,SJF,14442904,47.13804729000043,547.487937,1.0
47,3,2,4,SPJF-E,14442904,71.60825686000004,423.698878,0.9470042794617788
47,3,2,4,Guard(300),14442904,298.7683690300006,75.23415700000001,0.45503816909582956
47,3,2,4,Guard(600),14442904,123.98962832000137,184.050333,0.8335606853085705
47,3,2,4,Guard(1200),14442904,98.26164775000159,101.108909,0.8892803907079108
47,4,0,7,FCFS,14442904,63.65550824000004,0.0,0.0
47,4,0,7,SJF,14442904,26.417897,165.549102,1.0
47,4,0,7,SPJF-E,14442904,31.69743,258.94213399999995,0.8582204168260715
47,4,0,7,Guard(300),14442904,32.89828764000014,79.539688,0.8259719024876921
47,4,0,7,Guard(600),14442904,31.810995550000204,215.59471200000002,0.8551706629289093
47,4,0,7,Guard(1200),14442904,31.827534,101.123468,0.854726529982432
47,4,1,5,FCFS,14442904,181.6742725100009,0.0,0.0
47,4,1,5,SJF,14442904,37.8927552700004,241.855132,1.0
47,4,1,5,SPJF-E,14442904,48.88340675000032,335.773802,0.9235600535383537
47,4,1,5,Guard(300),14442904,67.32919742000263,74.752218,0.7952696374676111
47,4,1,5,Guard(600),14442904,53.0836730500001,145.420478,0.8943472146378664
47,4,1,5,Guard(1200),14442904,52.08602982000007,101.04942299999999,0.9012858201634621
47,4,2,4,FCFS,14442904,411.2688205700006,0.0,0.0
47,4,2,4,SJF,14442904,45.89511514000025,238.575609,1.0
47,4,2,4,SPJF-E,14442904,67.92744443000083,365.436136,0.9396991930109716
47,4,2,4,Guard(300),14442904,236.22066092000338,70.67217400000001,0.4790934789464033
47,4,2,4,Guard(600),14442904,104.34506743000027,151.36593499999998,0.8400269329145853
47,4,2,4,Guard(1200),14442904,87.03673371000052,96.181033,0.8873985238713837
48,0,0,8,FCFS,14051975,112.5975688700005,0.0,0.0
48,0,0,8,SJF,14051975,25.521402440000013,164.424495,1.0
48,0,0,8,SPJF-E,14051975,37.62714679000003,75.569474,0.86097522610011
48,0,0,8,Guard(300),14051975,48.144448390000086,75.569474,0.7401924444137482
48,0,0,8,Guard(600),14051975,38.39870358000018,75.569474,0.8521145145916355
48,0,0,8,Guard(1200),14051975,37.854929450000036,75.569474,0.8583593247652354
48,0,1,5,FCFS,14051975,322.8264860400021,0.0,0.0
48,0,1,5,SJF,14051975,47.42541344000006,101.2819,1.0
48,0,1,5,SPJF-E,14051975,84.56320328000072,196.518654,0.8651501626722409
48,0,1,5,Guard(300),14051975,235.90960160000148,88.24019000000001,0.3156011108433134
48,0,1,5,Guard(600),14051975,106.9831711000012,166.288587,0.7837417367415123
48,0,1,5,Guard(1200),14051975,95.14902396000016,79.140825,0.8267123287885126
48,0,2,4,FCFS,14051975,491.065386,0.0,0.0
48,0,2,4,SJF,14051975,61.32245054000061,398.565813,1.0
48,0,2,4,SPJF-E,14051975,161.4626395300001,369.187453,0.766976532417435
48,0,2,4,Guard(300),14051975,442.9410097100022,144.739749,0.11198410100327805
48,0,2,4,Guard(600),14051975,250.5713971100012,311.903998,0.5596229025442213
48,0,2,4,Guard(1200),14051975,196.36320041000218,98.693086,0.6857638864372415
48,1,0,7,FCFS,14051975,145.39663935000004,0.0,0.0
48,1,0,7,SJF,14051975,29.433331400000036,141.216892,1.0
48,1,0,7,SPJF-E,14051975,42.895779740000016,87.048738,0.8839076896132991
48,1,0,7,Guard(300),14051975,63.340735340000236,82.107306,0.7076023050789473
48,1,0,7,Guard(600),14051975,44.97002263,87.048738,0.8660206275186723
48,1,0,7,Guard(1200),14051975,43.136011260000146,82.355684,0.8818360729593165
48,1,1,5,FCFS,14051975,303.1621664800001,0.0,0.0
48,1,1,5,SJF,14051975,47.010210640000004,279.384947,1.0
48,1,1,5,SPJF-E,14051975,79.80298672000073,264.399724,0.871979208698746
48,1,1,5,Guard(300),14051975,257.08591714000033,137.588509,0.17987857710827057
48,1,1,5,Guard(600),14051975,97.5330518700008,264.399724,0.8027622273493051
48,1,1,5,Guard(1200),14051975,87.42869694000034,104.02525,0.8422089491081346
48,1,2,4,FCFS,14051975,488.49601216000315,0.0,0.0
48,1,2,4,SJF,14051975,59.75406386000063,438.996093,1.0
48,1,2,4,SPJF-E,14051975,160.2885390900017,380.11430499999994,0.7655128553932532
48,1,2,4,Guard(300),14051975,485.8626191900076,96.568619,0.0061421397659761935
48,1,2,4,Guard(600),14051975,244.8993348500019,175.19612899999998,0.5681661854546362
48,1,2,4,Guard(1200),14051975,198.75178801000217,106.04491800000001,0.6758009690884247
48,2,0,8,FCFS,14051975,105.76914989000049,0.0,0.0
48,2,0,8,SJF,14051975,23.305148460000225,215.522664,1.0
48,2,0,8,SPJF-E,14051975,34.48308744000024,220.750334,0.8644506841025847
48,2,0,8,Guard(300),14051975,45.76795972000095,91.885186,0.7276046411709923
48,2,0,8,Guard(600),14051975,35.58527300000022,220.750334,0.8510850270778577
48,2,0,8,Guard(1200),14051975,34.710281860000215,90.184214,0.8616956101786879
48,2,1,5,FCFS,14051975,317.4994159800002,0.0,0.0
48,2,1,5,SJF,14051975,46.80494443000021,211.81579599999998,1.0
48,2,1,5,SPJF-E,14051975,76.3335243500006,226.60421,0.8909154673498895
48,2,1,5,Guard(300),14051975,258.1480369200051,78.84591499999999,0.21925597046791667
48,2,1,5,Guard(600),14051975,96.3732637500008,224.579399,0.816884626286707
48,2,1,5,Guard(1200),14051975,84.13871590000076,82.799738,0.8620815147933133
48,2,2,4,FCFS,14051975,521.8849667300005,0.0,0.0
48,2,2,4,SJF,14051975,58.965147200000004,229.293486,1.0
48,2,2,4,SPJF-E,14051975,154.80149329000207,374.32341,0.7929741997495288
48,2,2,4,Guard(300),14051975,487.4763840400001,151.637516,0.07432946535954167
48,2,2,4,Guard(600),14051975,240.1097444500027,201.108658,0.6086912039456042
48,2,2,4,Guard(1200),14051975,193.40801864000085,105.63862,0.7095763331617562
48,3,0,7,FCFS,14051975,132.46028492000022,0.0,0.0
48,3,0,7,SJF,14051975,30.40671,133.54855999999998,1.0
48,3,0,7,SPJF-E,14051975,44.10202420000063,155.608297,0.8658027000941773
48,3,0,7,Guard(300),14051975,58.90317072000076,96.68933700000001,0.7207695982983533
48,3,0,7,Guard(600),14051975,45.892627560000314,142.263198,0.8482569809814138
48,3,0,7,Guard(1200),14051975,44.45306235,78.336809,0.8623629563098506
48,3,1,5,FCFS,14051975,292.6342249500009,0.0,0.0
48,3,1,5,SJF,14051975,46.34753490000022,199.229506,1.0
48,3,1,5,SPJF-E,14051975,74.72584330000092,224.60273500000002,0.884775306395001
48,3,1,5,Guard(300),14051975,218.83406098000333,111.234415,0.29965145073416183
48,3,1,5,Guard(600),14051975,89.83339164000002,157.367334,0.8234339958396804
48,3,1,5,Guard(1200),14051975,82.94198521000044,101.787111,0.8514152335939434
48,3,2,4,FCFS,14051975,461.858597850002,0.0,0.0
48,3,2,4,SJF,14051975,58.727477,257.650739,1.0
48,3,2,4,SPJF-E,14051975,146.17599600000088,423.999842,0.7830767348955454
48,3,2,4,Guard(300),14051975,428.06330767000065,114.485769,0.08383200510232003
48,3,2,4,Guard(600),14051975,208.8476417500022,259.53809,0.6276145477593648
48,3,2,4,Guard(1200),14051975,187.0917790200012,82.762899,0.6815817599262864
48,4,0,7,FCFS,14051975,145.54747599000007,0.0,0.0
48,4,0,7,SJF,14051975,30.837150700000564,168.251686,1.0
48,4,0,7,SPJF-E,14051975,43.37914231000003,70.266864,0.8906637952748193
48,4,0,7,Guard(300),14051975,65.70292377000082,68.60079400000001,0.6960537512045581
48,4,0,7,Guard(600),14051975,44.97665464000004,70.266864,0.8767373041245122
48,4,0,7,Guard(1200),14051975,43.799541190000085,71.030212,0.8869989213505475
48,4,1,5,FCFS,14051975,301.4242393400008,0.0,0.0
48,4,1,5,SJF,14051975,47.168334170000186,215.644196,1.0
48,4,1,5,SPJF-E,14051975,77.91844992000034,312.09319,0.879058400907385
48,4,1,5,Guard(300),14051975,250.3144259300002,84.254155,0.20101721285815383
48,4,1,5,Guard(600),14051975,95.93978771000135,210.172655,0.8081796625042332
48,4,1,5,Guard(1200),14051975,85.77177383000114,100.535573,0.8481709219921956
48,4,2,4,FCFS,14051975,483.39377465000285,0.0,0.0
48,4,2,4,SJF,14051975,58.89385284000005,227.086104,1.0
48,4,2,4,SPJF-E,14051975,151.13988367000042,360.855855,0.7826948225651553
48,4,2,4,Guard(300),14051975,478.98072702000275,110.029629,0.010395873834754897
48,4,2,4,Guard(600),14051975,236.14293915000047,245.16726200000002,0.582452016588749
48,4,2,4,Guard(1200),14051975,205.8538007900064,83.65571899999999,0.6538045347019346
49,0,0,8,FCFS,18101430,58.7694267600007,0.0,0.0
49,0,0,8,SJF,18101430,25.349414,168.72075,1.0
49,0,0,8,SPJF-E,18101430,31.777902720000014,144.210974,0.8076455336458142
49,0,0,8,Guard(300),18101430,35.38030478000004,84.955163,0.6998537716895883
49,0,0,8,Guard(600),18101430,32.129714640000095,137.71869,0.797118550232416
49,0,0,8,Guard(1200),18101430,31.850768040000123,132.4016,0.8054652436344555
49,0,1,5,FCFS,18101430,188.41451952000034,0.0,0.0
49,0,1,5,SJF,18101430,43.16686032000019,236.284567,1.0
49,0,1,5,SPJF-E,18101430,62.14475446000012,268.203984,0.8693411360669976
49,0,1,5,Guard(300),18101430,110.73676708000077,152.444718,0.5347952102487272
49,0,1,5,Guard(600),18101430,67.4397,268.203984,0.8328865345321875
49,0,1,5,Guard(1200),18101430,65.24130570000152,111.18279799999999,0.8480220232010368
49,0,2,4,FCFS,18101430,352.5738650000003,0.0,0.0
49,0,2,4,SJF,18101430,54.23772688000044,116.119162,1.0
49,0,2,4,SPJF-E,18101430,113.70995416000018,321.939231,0.8006536262929093
49,0,2,4,Guard(300),18101430,299.01218650000055,103.798477,0.17953466461530587
49,0,2,4,Guard(600),18101430,149.7128226800004,182.004647,0.6799747546453894
49,0,2,4,Guard(1200),18101430,132.54696466000104,146.441662,0.7375134025885183
49,1,0,8,FCFS,18101430,65.99564636000002,0.0,0.0
49,1,0,8,SJF,18101430,25.234977040000103,171.728917,1.0
49,1,0,8,SPJF-E,18101430,32.66741566000048,166.561439,0.8176566100607793
49,1,0,8,Guard(300),18101430,36.782173240000084,105.903011,0.7167073948333289
49,1,0,8,Guard(600),18101430,33.197692,166.561439,0.8046470999411961
49,1,0,8,Guard(1200),18101430,32.777307260000015,128.538135,0.8149605895627642
49,1,1,5,FCFS,18101430,210.4490126400025,0.0,0.0
49,1,1,5,SJF,18101430,44.025364460000155,211.06992,1.0
49,1,1,5,SPJF-E,18101430,66.81434810000033,223.419903,0.8630664338318565
49,1,1,5,Guard(300),18101430,114.43790272000022,131.398191,0.5769078551634532
49,1,1,5,Guard(600),18101430,72.77547008000137,203.292466,0.8272474739352825
49,1,1,5,Guard(1200),18101430,71.28662952000003,192.338885,0.8361935616835274
49,1,2,4,FCFS,18101430,366.0002566000008,0.0,0.0
49,1,2,4,SJF,18101430,54.44062974000002,439.450568,1.0
49,1,2,4,SPJF-E,18101430,118.74946774000041,744.438981,0.7935905924393165
49,1,2,4,Guard(300),18101430,309.8893128800009,93.515512,0.18009696662402713
49,1,2,4,Guard(600),18101430,154.13569236000714,218.17763,0.680012896328172
49,1,2,4,Guard(1200),18101430,140.39319236000117,121.416417,0.7241216280611869
49,2,0,7,FCFS,18101430,82.66116586000065,0.0,0.0
49,2,0,7,SJF,18101430,29.192558,194.906519,1.0
49,2,0,7,SPJF-E,18101430,37.757682060001024,155.700215,0.8398102287901812
49,2,0,7,Guard(300),18101430,43.36580294000024,127.334378,0.7349239954570967
49,2,0,7,Guard(600),18101430,38.647357220000444,144.251728,0.82317102317763
49,2,0,7,Guard(1200),18101430,37.99964510000023,142.583306,0.8352848998227103
49,2,1,5,FCFS,18101430,195.11391788000114,0.0,0.0
49,2,1,5,SJF,18101430,43.027235500000124,117.734171,1.0
49,2,1,5,SPJF-E,18101430,62.8045606800011,231.404896,0.8699601775086018
49,2,1,5,Guard(300),18101430,102.96006452000006,92.108088,0.6059298021226286
49,2,1,5,Guard(600),18101430,66.97801414000158,152.490317,0.8425188960322083
49,2,1,5,Guard(1200),18101430,64.87101410000025,110.664979,0.8563728377911377
49,2,2,4,FCFS,18101430,342.89889974000135,0.0,0.0
49,2,2,4,SJF,18101430,53.479937660000076,1519.8299430000002,1.0
49,2,2,4,SPJF-E,18101430,107.95892674000187,325.246037,0.8117642718069638
49,2,2,4,Guard(300),18101430,278.98436082000455,97.248168,0.22083742703192172
49,2,2,4,Guard(600),18101430,132.24054868000076,208.000999,0.7278664450526582
49,2,2,4,Guard(1200),18101430,124.1880149000018,91.119545,0.7556895487018691
49,3,0,7,FCFS,18101430,89.715189,0.0,0.0
49,3,0,7,SJF,18101430,29.684788,155.941823,1.0
49,3,0,7,SPJF-E,18101430,38.428172,162.417267,0.85435073139025
49,3,0,7,Guard(300),18101430,45.84382982000007,97.846261,0.7308190258465861
49,3,0,7,Guard(600),18101430,39.59960168000008,162.417267,0.8348367907787243
49,3,0,7,Guard(1200),18101430,38.715752040000154,130.574223,0.8495601580272609
49,3,1,5,FCFS,18101430,216.47432610000365,0.0,0.0
49,3,1,5,SJF,18101430,44.112600380000025,234.966669,1.0
49,3,1,5,SPJF-E,18101430,65.05756126000212,221.372148,0.8784825297350146
49,3,1,5,Guard(300),18101430,118.58213630000225,89.664262,0.5679462153855682
49,3,1,5,Guard(600),18101430,70.7771880200001,178.87122,0.8452986733068809
49,3,1,5,Guard(1200),18101430,68.16300234000006,136.048646,0.8604655305025828
49,3,2,4,FCFS,18101430,352.3279197400032,0.0,0.0
49,3,2,4,SJF,18101430,54.127602720000034,122.820476,1.0
49,3,2,4,SPJF-E,18101430,114.84625412000138,298.2133,0.7963830085535142
49,3,2,4,Guard(300),18101430,296.1317662400026,81.988042,0.18845101863600966
49,3,2,4,Guard(600),18101430,142.7073757600011,168.082593,0.7029521164658615
49,3,2,4,Guard(1200),18101430,132.67118534000252,92.018753,0.7366079841734916
49,4,0,8,FCFS,18101430,59.844022900000695,0.0,0.0
49,4,0,8,SJF,18101430,23.783542820000463,158.946463,1.0
49,4,0,8,SPJF-E,18101430,31.122318,131.537172,0.7964870361204717
49,4,0,8,Guard(300),18101430,34.64841806000006,86.668852,0.6987040878020522
49,4,0,8,Guard(600),18101430,31.508899460000237,131.537172,0.7857666724663382
49,4,0,8,Guard(1200),18101430,31.136767920000125,128.928799,0.7960863226533169
49,4,1,5,FCFS,18101430,203.872194,0.0,0.0
49,4,1,5,SJF,18101430,43.46141258,250.086411,1.0
49,4,1,5,SPJF-E,18101430,64.07522752000054,231.340589,0.8714935819305821
49,4,1,5,Guard(300),18101430,108.4278081000007,127.184832,0.5949998189342359
49,4,1,5,Guard(600),18101430,68.42355646000047,212.98326600000001,0.8443861213128646
49,4,1,5,Guard(1200),18101430,67.21048650000067,136.030471,0.8519483933076856
49,4,2,4,FCFS,18101430,361.05514774,0.0,0.0
49,4,2,4,SJF,18101430,53.679506360000175,190.256983,1.0
49,4,2,4,SPJF-E,18101430,114.20830312000014,315.336201,0.8030787459661778
49,4,2,4,Guard(300),18101430,297.3299147200055,81.575795,0.20732037429476333
49,4,2,4,Guard(600),18101430,152.26089990000096,166.528764,0.6792803974400581
49,4,2,4,Guard(1200),18101430,134.47697122000258,106.242298,0.7371377104013431
50,0,0,8,FCFS,14279301,57.511994319999765,0.0,0.0
50,0,0,8,SJF,14279301,21.486733,669.705149,1.0
50,0,0,8,SPJF-E,14279301,26.58904543999992,81.98456999999999,0.8583684821970375
50,0,0,8,Guard(300),14279301,29.633394319999596,81.98456999999999,0.7738625336361711
50,0,0,8,Guard(600),14279301,27.661300919999913,81.98456999999999,0.8286044932428556
50,0,0,8,Guard(1200),14279301,26.71770975999989,76.03744499999999,0.8547969794435366
50,0,1,5,FCFS,14279301,258.04859527999963,0.0,0.0
50,0,1,5,SJF,14279301,37.491241479999914,957.173683,1.0
50,0,1,5,SPJF-E,14279301,49.452312279999745,292.398267,0.9457688868953059
50,0,1,5,Guard(300),14279301,113.5921375199998,103.116614,0.6549609671640884
50,0,1,5,Guard(600),14279301,65.94807827999834,144.424094,0.8709776105411432
50,0,1,5,Guard(1200),14279301,58.91546571999954,99.937186,0.9028632513453758
50,0,2,4,FCFS,14279301,502.5845446399994,0.0,0.0
50,0,2,4,SJF,14279301,44.19946855999998,3502.117015,1.0
50,0,2,4,SPJF-E,14279301,75.57067619999964,275.56730999999996,0.9315614550362791
50,0,2,4,Guard(300),14279301,316.0101319999994,100.39262199999999,0.4070254953227104
50,0,2,4,Guard(600),14279301,168.95442715999886,159.584068,0.7278380883014914
50,0,2,4,Guard(1200),14279301,136.9295193199987,111.974296,0.7977027272506249
50,1,0,7,FCFS,14279301,77.72093147999996,0.0,0.0
50,1,0,7,SJF,14279301,27.05223171999995,140.065383,1.0
50,1,0,7,SPJF-E,14279301,31.78869987999995,113.756928,0.9065208268134962
50,1,0,7,Guard(300),14279301,36.50176739999999,86.36669499999999,0.8135034898318054
50,1,0,7,Guard(600),14279301,33.002436719999984,113.756928,0.8825664556583437
50,1,0,7,Guard(1200),14279301,32.249580399999786,106.29188599999999,0.8974248657530612
50,1,1,5,FCFS,14279301,241.88881639999207,0.0,0.0
50,1,1,5,SJF,14279301,36.461976079999985,1305.355049,1.0
50,1,1,5,SPJF-E,14279301,47.90402252,219.624446,0.9443011126385588
50,1,1,5,Guard(300),14279301,93.71679299999953,125.935601,0.7212885286517863
50,1,1,5,Guard(600),14279301,57.49986679999983,145.956709,0.8975893768933539
50,1,1,5,Guard(1200),14279301,54.06742023999984,119.545403,0.9142982283494406
50,1,2,4,FCFS,14279301,465.8192286399994,0.0,0.0
50,1,2,4,SJF,14279301,43.9819270399999,2175.205273,1.0
50,1,2,4,SPJF-E,14279301,71.56899271999984,381.939688,0.9346025930486372
50,1,2,4,Guard(300),14279301,266.27049607999965,85.918514,0.47304667416353485
50,1,2,4,Guard(600),14279301,143.40926423999986,204.712599,0.7642993238794222
50,1,2,4,Guard(1200),14279301,115.36426515999997,109.049827,0.8307822995992724
50,2,0,7,FCFS,14279301,85.38633919999944,0.0,0.0
50,2,0,7,SJF,14279301,27.05867487999983,769.8715609999999,1.0
50,2,0,7,SPJF-E,14279301,32.15361291999999,189.32522300000002,0.9126497160584366
50,2,0,7,Guard(300),14279301,37.3915796,69.0835,0.822847274265752
50,2,0,7,Guard(600),14279301,33.566225399999695,137.927344,0.8884311484804556
50,2,0,7,Guard(1200),14279301,32.699938879999955,99.77605299999999,0.9032832179075302
50,2,1,5,FCFS,14279301,246.11416135999912,0.0,0.0
50,2,1,5,SJF,14279301,37.96888183999994,971.035198,1.0
50,2,1,5,SPJF-E,14279301,50.024900919999794,282.81256099999996,0.9420788253867584
50,2,1,5,Guard(300),14279301,102.6811455199989,119.860184,0.689100498319102
50,2,1,5,Guard(600),14279301,63.4237801999999,199.92356999999998,0.877706098266071
50,2,1,5,Guard(1200),14279301,56.643179879999835,114.453135,0.9102823850578576
50,2,2,4,FCFS,14279301,462.42954039999825,0.0,0.0
50,2,2,4,SJF,14279301,44.32439159999998,1517.045043,1.0
50,2,2,4,SPJF-E,14279301,72.43515879999987,361.738386,0.9327662735541993
50,2,2,4,Guard(300),14279301,262.5114113599971,100.219026,0.4781527556256728
50,2,2,4,Guard(600),14279301,146.0671393599988,268.777679,0.7566575105520459
50,2,2,4,Guard(1200),14279301,121.10583311999835,106.907911,0.8163585362668495
50,3,0,8,FCFS,14279301,53.11169499999994,0.0,0.0
50,3,0,8,SJF,14279301,21.939376,422.558453,1.0
50,3,0,8,SPJF-E,14279301,26.21323755999935,74.77477499999999,0.8628956171018474
50,3,0,8,Guard(300),14279301,28.810672,61.280953999999994,0.7795705863269263
50,3,0,8,Guard(600),14279301,26.97143943999994,74.77477499999999,0.8385726952171909
50,3,0,8,Guard(1200),14279301,26.452195279999966,68.38877099999999,0.8552299147201728
50,3,1,5,FCFS,14279301,234.04914763999977,0.0,0.0
50,3,1,5,SJF,14279301,37.202113119999964,1084.931366,1.0
50,3,1,5,SPJF-E,14279301,48.56042787999982,185.35060199999998,0.9422987763686842
50,3,1,5,Guard(300),14279301,96.96650763999946,139.490467,0.6963916948724601
50,3,1,5,Guard(600),14279301,60.23052639999971,185.35060199999998,0.8830136642080831
50,3,1,5,Guard(1200),14279301,56.29494303999993,135.78616200000002,0.9030067688519833
50,3,2,4,FCFS,14279301,529.2238161999929,0.0,0.0
50,3,2,4,SJF,14279301,44.40537235999978,1546.223682,1.0
50,3,2,4,SPJF-E,14279301,71.3458773999998,210.98703,0.9444317653705202
50,3,2,4,Guard(300),14279301,298.45038199999914,81.983796,0.4759997007790343
50,3,2,4,Guard(600),14279301,148.04355631999866,175.98643,0.7862330006690029
50,3,2,4,Guard(1200),14279301,121.28842391999967,105.857146,0.8414188805379402
50,4,0,7,FCFS,14279301,80.01901567999981,0.0,0.0
50,4,0,7,SJF,14279301,26.52851679999994,624.75045,1.0
50,4,0,7,SPJF-E,14279301,31.38001551999995,164.209996,0.9093016737255747
50,4,0,7,Guard(300),14279301,36.20855367999996,80.55904199999999,0.819032593027107
50,4,0,7,Guard(600),14279301,32.82755919999998,139.43248,0.8822399765960071
50,4,0,7,Guard(1200),14279301,32.26753339999983,84.1244,0.8927096078712082
50,4,1,5,FCFS,14279301,232.2135349999996,0.0,0.0
50,4,1,5,SJF,14279301,36.75596559999999,1344.379674,1.0
50,4,1,5,SPJF-E,14279301,47.242192239999916,239.323207,0.9463503681530998
50,4,1,5,Guard(300),14279301,95.36170095999947,112.028041,0.7001613417177815
50,4,1,5,Guard(600),14279301,57.69139987999984,150.427199,0.8928901329108624
50,4,1,5,Guard(1200),14279301,54.80106679999995,101.755876,0.9076776547698132
50,4,2,4,FCFS,14279301,493.0012052399985,0.0,0.0
50,4,2,4,SJF,14279301,43.832322599999756,1594.2240160000001,1.0
50,4,2,4,SPJF-E,14279301,69.17057835999962,314.207169,0.9435885771715222
50,4,2,4,Guard(300),14279301,285.00680279999784,84.63816200000001,0.4630650307241
50,4,2,4,Guard(600),14279301,141.87676183999946,162.158226,0.7817203216221444
50,4,2,4,Guard(1200),14279301,114.1077200399997,87.529389,0.8435434863008431
51,0,0,7,FCFS,17320810,164.67284809999933,0.0,0.0
51,0,0,7,SJF,17320810,34.20388599999999,469.74809400000004,1.0
51,0,0,7,SPJF-E,17320810,46.98330869999935,124.307209,0.9020500930312878
51,0,0,7,Guard(300),17320810,83.55460119999908,107.774595,0.6217436361440991
51,0,0,7,Guard(600),17320810,50.89139969999999,124.307209,0.8720959113079347
51,0,0,7,Guard(1200),17320810,47.87345319999977,107.774595,0.895227439691575
51,0,1,5,FCFS,17320810,341.74105749999944,0.0,0.0
51,0,1,5,SJF,17320810,50.99433569999993,170.164267,1.0
51,0,1,5,SPJF-E,17320810,103.19636139999918,550.559431,0.8204553249067816
51,0,1,5,Guard(300),17320810,316.7907931999962,97.39058,0.0858144303245702
51,0,1,5,Guard(600),17320810,129.12276389999886,239.564074,0.731283545636183
51,0,1,5,Guard(1200),17320810,114.99955209999952,99.582128,0.7798591983987084
51,0,2,4,FCFS,17320810,522.5512491999996,0.0,0.0
51,0,2,4,SJF,17320810,67.45008469999999,145.406673,1.0
51,0,2,4,SPJF-E,17320810,199.57481619999893,307.761226,0.7096805242299065
51,0,2,4,Guard(300),17320810,508.19698369999895,91.240582,0.03154082349090679
51,0,2,4,Guard(600),17320810,300.6961563999985,151.880818,0.4874852232991843
51,0,2,4,Guard(1200),17320810,248.62195469999617,98.097053,0.6019085774059882
51,1,0,8,FCFS,17320810,114.38145349999971,0.0,0.0
51,1,0,8,SJF,17320810,27.553507299999925,133.898326,1.0
51,1,0,8,SPJF-E,17320810,37.70954749999999,215.580991,0.8830325874965809
51,1,0,8,Guard(300),17320810,52.28944709999854,59.808006,0.7151154566869315
51,1,0,8,Guard(600),17320810,40.28058379999978,161.927882,0.8534218871112732
51,1,0,8,Guard(1200),17320810,37.978300099999956,59.808006,0.8799373559293049
51,1,1,5,FCFS,17320810,345.5703370999969,0.0,0.0
51,1,1,5,SJF,17320810,51.39321749999998,218.010488,1.0
51,1,1,5,SPJF-E,17320810,103.65159649999988,232.934404,0.8223574319068137
51,1,1,5,Guard(300),17320810,299.44835529999835,94.866735,0.15678303554916928
51,1,1,5,Guard(600),17320810,130.79441969999957,218.925503,0.7300904900151167
51,1,1,5,Guard(1200),17320810,116.32109059999887,139.811005,0.7792898605157206
51,1,2,4,FCFS,17320810,562.5089858999988,0.0,0.0
51,1,2,4,SJF,17320810,69.66670049999995,577.7567670000001,1.0
51,1,2,4,SPJF-E,17320810,207.46251719999825,914.563322,0.7204058564330352
51,1,2,4,Guard(300),17320810,523.0520854999983,97.59164100000001,0.08005989252317644
51,1,2,4,Guard(600),17320810,330.22994389999945,232.62569299999998,0.47130501761121796
51,1,2,4,Guard(1200),17320810,269.404678099998,189.01113,0.5947223208781944
51,2,0,8,FCFS,17320810,131.40301769999942,0.0,0.0
51,2,0,8,SJF,17320810,29.65898239999997,182.537713,1.0
51,2,0,8,SPJF-E,17320810,39.759381899999994,162.07744000000002,0.9007273549725221
51,2,0,8,Guard(300),17320810,56.80346199999994,61.887817,0.7332081480750929
51,2,0,8,Guard(600),17320810,42.24709879999967,123.32239899999999,0.8762766155000365
51,2,0,8,Guard(1200),17320810,40.441401,109.828898,0.8940240716007842
51,2,1,5,FCFS,17320810,364.33310769999895,0.0,0.0
51,2,1,5,SJF,17320810,52.3027584999997,194.566301,1.0
51,2,1,5,SPJF-E,17320810,112.608407399999,255.627527,0.8067314636072603
51,2,1,5,Guard(300),17320810,340.6159969999998,105.508123,0.07600898682069347
51,2,1,5,Guard(600),17320810,146.83605069999953,255.627527,0.6970381488776026
51,2,1,5,Guard(1200),17320810,126.90912429999969,248.028428,0.7609002906567264
51,2,2,4,FCFS,17320810,585.5949160999963,0.0,0.0
51,2,2,4,SJF,17320810,70.0853013999991,670.138682,1.0
51,2,2,4,SPJF-E,17320810,212.89330289999867,392.929351,0.7229770358733131
51,2,2,4,Guard(300),17320810,548.9174792999949,106.705564,0.07114791994974927
51,2,2,4,Guard(600),17320810,377.1559931999959,270.431228,0.404335665051179
51,2,2,4,Guard(1200),17320810,272.75881109999955,177.404894,0.6068482450750273
51,3,0,8,FCFS,17320810,119.08901949999995,0.0,0.0
51,3,0,8,SJF,17320810,29.664482899999843,351.853476,1.0
51,3,0,8,SPJF-E,17320810,40.78625049999991,172.887457,0.8756295752501551
51,3,0,8,Guard(300),17320810,55.336649,71.594979,0.7129180974699048
51,3,0,8,Guard(600),17320810,43.27975239999991,154.518069,0.8477457080834339
51,3,0,8,Guard(1200),17320810,41.33553499999997,99.34506300000001,0.8694871391707037
51,3,1,5,FCFS,17320810,337.16808549999996,0.0,0.0
51,3,1,5,SJF,17320810,52.75016649999977,182.265038,1.0
51,3,1,5,SPJF-E,17320810,112.66539989999917,696.894227,0.7893408628729917
51,3,1,5,Guard(300),17320810,292.7039870999996,89.828552,0.15633367460226835
51,3,1,5,Guard(600),17320810,143.11373549999897,212.762167,0.6822859497822317
51,3,1,5,Guard(1200),17320810,126.3312761999996,126.88745,0.7412922858070704
51,3,2,4,FCFS,17320810,543.6619669999992,0.0,0.0
51,3,2,4,SJF,17320810,70.0255232999998,692.810153,1.0
51,3,2,4,SPJF-E,17320810,225.47063819999775,815.7450630000001,0.6718049952286681
51,3,2,4,Guard(300),17320810,522.9149459999992,96.24980599999999,0.04380368376623727
51,3,2,4,Guard(600),17320810,399.1335015999918,222.716285,0.3051464204717142
51,3,2,4,Guard(1200),17320810,288.46634149999977,134.913182,0.5388006537386298
51,4,0,8,FCFS,17320810,122.22243419999961,0.0,0.0
51,4,0,8,SJF,17320810,28.312439499999854,117.897971,1.0
51,4,0,8,SPJF-E,17320810,37.35008389999994,92.180906,0.9037626992859356
51,4,0,8,Guard(300),17320810,51.50423509999932,87.984246,0.7530423074339762
51,4,0,8,Guard(600),17320810,39.36984749999984,92.180906,0.8822552590347444
51,4,0,8,Guard(1200),17320810,37.671185199999954,87.984246,0.9003434540711339
51,4,1,5,FCFS,17320810,347.28652989999944,0.0,0.0
51,4,1,5,SJF,17320810,51.29212149999996,827.522068,1.0
51,4,1,5,SPJF-E,17320810,102.12125659999931,206.155302,0.8282767050406232
51,4,1,5,Guard(300),17320810,300.990865499999,88.218594,0.1564072262386714
51,4,1,5,Guard(600),17320810,131.34479689999912,159.85282700000002,0.7295466632875781
51,4,1,5,Guard(1200),17320810,111.13196849999606,106.694388,0.7978345357148436
51,4,2,4,FCFS,17320810,578.2339682999983,0.0,0.0
51,4,2,4,SJF,17320810,68.00026149999867,253.470373,1.0
51,4,2,4,SPJF-E,17320810,194.72193649999892,925.778197,0.7516399381084551
51,4,2,4,Guard(300),17320810,521.3360754999949,89.941123,0.11151339482615984
51,4,2,4,Guard(600),17320810,299.2802827999986,222.161794,0.5467174782503019
51,4,2,4,Guard(1200),17320810,240.59019509999888,198.550601,0.661743371126103
52,0,0,9,FCFS,14878290,37.924737560000054,0.0,0.0
52,0,0,9,SJF,14878290,16.94282131000001,82.402653,1.0
52,0,0,9,SPJF-E,14878290,22.624305590000024,254.805601,0.7292199524435714
52,0,0,9,Guard(300),14878290,23.840296350000063,83.02583700000001,0.671265724359183
52,0,0,9,Guard(600),14878290,22.940617270000057,187.171536,0.7141445095607016
52,0,0,9,Guard(1200),14878290,22.738443080000014,131.785488,0.7237801494894447
52,0,1,6,FCFS,14878290,128.8788001100001,0.0,0.0
52,0,1,6,SJF,14878290,32.229563390000024,132.94552099999999,1.0
52,0,1,6,SPJF-E,14878290,44.83849496000006,590.7282,0.8695392535118612
52,0,1,6,Guard(300),14878290,59.674705,87.671334,0.7160335400318725
52,0,1,6,Guard(600),14878290,48.544407,178.613497,0.8311953186214467
52,0,1,6,Guard(1200),14878290,47.80606472000005,113.630884,0.838834719666475
52,0,2,4,FCFS,14878290,466.1944594100001,0.0,0.0
52,0,2,4,SJF,14878290,49.659140750000056,1327.659825,1.0
52,0,2,4,SPJF-E,14878290,98.85009903000012,602.956581,0.8819044722588038
52,0,2,4,Guard(300),14878290,353.68756821000034,137.80425300000002,0.2701016844428367
52,0,2,4,Guard(600),14878290,169.98948607000116,221.865185,0.7111161048549123
52,0,2,4,Guard(1200),14878290,142.87113261000005,127.760501,0.7762206764125926
52,1,0,8,FCFS,14878290,38.859786,0.0,0.0
52,1,0,8,SJF,14878290,19.01167437,155.510744,1.0
52,1,0,8,SPJF-E,14878290,24.73047209000003,211.974519,0.7118719489991083
52,1,0,8,Guard(300),14878290,26.407965880000052,80.496447,0.6273554054975833
52,1,0,8,Guard(600),14878290,25.23184752000005,153.03257799999997,0.6866113378464485
52,1,0,8,Guard(1200),14878290,24.983386,103.657276,0.6991294818710168
52,1,1,5,FCFS,14878290,158.92375509000001,0.0,0.0
52,1,1,5,SJF,14878290,36.649009,187.336035,1.0
52,1,1,5,SPJF-E,14878290,51.89405323000002,478.79735400000004,0.8753213994099899
52,1,1,5,Guard(300),14878290,76.75975690000023,87.5158,0.6719621247835035
52,1,1,5,Guard(600),14878290,58.61861229000009,164.72249499999998,0.8203259136287274
52,1,1,5,Guard(1200),14878290,58.25112285000004,92.506334,0.8233313538504521
52,1,2,4,FCFS,14878290,299.4415003800003,0.0,0.0
52,1,2,4,SJF,14878290,46.05451732000011,828.825925,1.0
52,1,2,4,SPJF-E,14878290,81.11889708000021,509.9817,0.8616172806647407
52,1,2,4,Guard(300),14878290,173.60085832000019,133.13182400000002,0.4966342017269371
52,1,2,4,Guard(600),14878290,109.75791717000018,174.517117,0.7485924530112285
52,1,2,4,Guard(1200),14878290,104.76920895000018,109.298839,0.7682805528486961
52,2,0,7,FCFS,14878290,61.22413083000008,0.0,0.0
52,2,0,7,SJF,14878290,22.637177430000058,93.960963,1.0
52,2,0,7,SPJF-E,14878290,30.571164340000045,466.64496099999997,0.7943868014726453
52,2,0,7,Guard(300),14878290,34.35079756000002,82.962162,0.6964357354524923
52,2,0,7,Guard(600),14878290,31.32744827000002,215.814375,0.7747873290250493
52,2,0,7,Guard(1200),14878290,31.24118520000003,93.143254,0.7770228791890068
52,2,1,5,FCFS,14878290,169.38567879000036,0.0,0.0
52,2,1,5,SJF,14878290,37.87494942000004,118.160002,1.0
52,2,1,5,SPJF-E,14878290,54.444039780000026,461.985067,0.8740095926821035
52,2,1,5,Guard(300),14878290,78.47638278000035,111.9535,0.6912690428035742
52,2,1,5,Guard(600),14878290,62.049432830000256,187.82871,0.8161786226431286
52,2,1,5,Guard(1200),14878290,60.70137045000001,107.288887,0.8264292112183582
52,2,2,4,FCFS,14878290,341.83721306000024,0.0,0.0
52,2,2,4,SJF,14878290,47.71444811000001,230.967418,1.0
52,2,2,4,SPJF-E,14878290,85.86158606000028,479.617566,0.8703019878230606
52,2,2,4,Guard(300),14878290,189.10106393000012,92.891666,0.5192938708976325
52,2,2,4,Guard(600),14878290,120.37974734000016,232.313199,0.7529422816273573
52,2,2,4,Guard(1200),14878290,111.99509556000004,119.089944,0.7814496016283287
52,3,0,8,FCFS,14878290,35.76954864000006,0.0,0.0
52,3,0,8,SJF,14878290,16.55924390000001,149.840325,1.0
52,3,0,8,SPJF-E,14878290,21.902473,222.300359,0.7218560989886734
52,3,0,8,Guard(300),14878290,23.369026000000016,82.680313,0.6455141033853278
52,3,0,8,Guard(600),14878290,22.23395601000008,183.709117,0.7046006199899535
52,3,0,8,Guard(1200),14878290,22.142349270000004,124.355059,0.7093692450190678
52,3,1,5,FCFS,14878290,145.9333961100001,0.0,0.0
52,3,1,5,SJF,14878290,36.35856909,135.9812,1.0
52,3,1,5,SPJF-E,14878290,51.27277772000012,480.911078,0.8638901923406376
52,3,1,5,Guard(300),14878290,70.37399651000001,124.27882699999999,0.6895689608180594
52,3,1,5,Guard(600),14878290,55.98649344000007,222.494759,0.820871956782396
52,3,1,5,Guard(1200),14878290,57.4314569400002,110.33111699999999,0.8076849544452953
52,3,2,4,FCFS,14878290,293.8575424000001,0.0,0.0
52,3,2,4,SJF,14878290,45.34033428000005,134.675639,1.0
52,3,2,4,SPJF-E,14878290,77.83172286000003,693.191378,0.869258998900748
52,3,2,4,Guard(300),14878290,168.8157079100004,91.141317,0.5031516144733988
52,3,2,4,Guard(600),14878290,107.15208606000004,157.78177100000002,0.7512777797256063
52,3,2,4,Guard(1200),14878290,100.94783714000016,91.956293,0.7762428474041554
52,4,0,8,FCFS,14878290,38.79614168,0.0,0.0
52,4,0,8,SJF,14878290,19.17213230000002,148.398834,1.0
52,4,0,8,SPJF-E,14878290,24.43094557000002,262.892993,0.7320214657378029
52,4,0,8,Guard(300),14878290,25.822060680000035,69.246862,0.6611330411013071
52,4,0,8,Guard(600),14878290,24.817984,143.662611,0.7122987667467173
52,4,0,8,Guard(1200),14878290,24.786260770000045,133.17839999999998,0.7139153186646086
52,4,1,5,FCFS,14878290,160.35300350000043,0.0,0.0
52,4,1,5,SJF,14878290,36.793162800000026,343.72623899999996,1.0
52,4,1,5,SPJF-E,14878290,51.00572473000011,1224.788667,0.8849742614632552
52,4,1,5,Guard(300),14878290,73.82882603000034,81.087949,0.7002613226094894
52,4,1,5,Guard(600),14878290,57.65421851000002,217.77807199999998,0.8311663758077351
52,4,1,5,Guard(1200),14878290,57.635938290000084,92.237146,0.8313143220975359
52,4,2,4,FCFS,14878290,303.2320672000005,0.0,0.0
52,4,2,4,SJF,14878290,45.419267680000004,162.986514,1.0
52,4,2,4,SPJF-E,14878290,80.33709311000011,1448.8072120000002,0.8645613193176963
52,4,2,4,Guard(300),14878290,181.17208060000067,98.956794,0.47344424647361505
52,4,2,4,Guard(600),14878290,110.30381482000041,197.744326,0.7483268974201306
52,4,2,4,Guard(1200),14878290,102.93624464000003,108.34952200000001,0.7769041061301613
53,0,0,7,FCFS,18152340,61.77105273999994,0.0,0.0
53,0,0,7,SJF,18152340,25.064595749999942,431.95112800000004,1.0
53,0,0,7,SPJF-E,18152340,31.626991209999545,153.93963699999998,0.8212195891914219
53,0,0,7,Guard(300),18152340,33.3127952399999,146.00438599999998,0.7752929547995595
53,0,0,7,Guard(600),18152340,31.73796624999993,153.93963699999998,0.8181962780603418
53,0,0,7,Guard(1200),18152340,31.868490999999896,146.00438599999998,0.8146403709883101
53,0,1,5,FCFS,18152340,167.40366543999946,0.0,0.0
53,0,1,5,SJF,18152340,37.548317379999986,202.511446,1.0
53,0,1,5,SPJF-E,18152340,51.28790145999931,230.67879,0.8941931596559968
53,0,1,5,Guard(300),18152340,69.59416011,100.43334300000001,0.7532189223720437
53,0,1,5,Guard(600),18152340,54.94822710999997,210.80938899999998,0.8660054438269236
53,0,1,5,Guard(1200),18152340,56.13709310999934,112.179091,0.8568501335700827
53,0,2,4,FCFS,18152340,325.0056400799996,0.0,0.0
53,0,2,4,SJF,18152340,47.10282345999958,1177.437898,1.0
53,0,2,4,SPJF-E,18152340,79.65415924999957,629.664948,0.8828679169721759
53,0,2,4,Guard(300),18152340,245.0747252099954,102.456608,0.28762182349270854
53,0,2,4,Guard(600),18152340,112.98118656999955,214.340466,0.7629446008815339
53,0,2,4,Guard(1200),18152340,101.75716497999984,105.31594700000001,0.8033328982241523
53,1,0,9,FCFS,18152340,29.233903689999707,0.0,0.0
53,1,0,9,SJF,18152340,13.299511469999974,110.220073,1.0
53,1,0,9,SPJF-E,18152340,16.65002359999993,74.63766000000001,0.7897307858535936
53,1,0,9,Guard(300),18152340,17.030409139999957,69.726082,0.7658588028655889
53,1,0,9,Guard(600),18152340,16.69661808999986,74.63766000000001,0.7868066398079449
53,1,0,9,Guard(1200),18152340,16.609243229999972,69.60198100000001,0.7922900532192338
53,1,1,6,FCFS,18152340,104.4349587799983,0.0,0.0
53,1,1,6,SJF,18152340,32.02094891999986,556.197992,1.0
53,1,1,6,SPJF-E,18152340,40.81048436999998,230.06588399999998,0.8786210642527136
53,1,1,6,Guard(300),18152340,47.92894423,97.182308,0.7803188175774848
53,1,1,6,Guard(600),18152340,41.54146238999975,151.975677,0.8685266360969879
53,1,1,6,Guard(1200),18152340,42.22366774999968,129.339127,0.8591057331347176
53,1,2,4,FCFS,18152340,415.66968657999985,0.0,0.0
53,1,2,4,SJF,18152340,47.79329194999964,1294.048609,1.0
53,1,2,4,SPJF-E,18152340,86.09930898999954,805.571054,0.8958725876431212
53,1,2,4,Guard(300),18152340,411.4154388099941,113.31242999999999,0.01156434017541286
53,1,2,4,Guard(600),18152340,175.3568218299997,226.715424,0.6532435031383302
53,1,2,4,Guard(1200),18152340,128.5219793299995,108.018462,0.7805548587557662
53,2,0,9,FCFS,18152340,35.821013,0.0,0.0
53,2,0,9,SJF,18152340,16.170596439999777,96.786514,1.0
53,2,0,9,SPJF-E,18152340,20.40915797999991,95.035604,0.7843016952308269
53,2,0,9,Guard(300),18152340,20.6809124199999,66.63918000000001,0.7704722459074389
53,2,0,9,Guard(600),18152340,20.454846219999993,95.035604,0.7819766432472937
53,2,0,9,Guard(1200),18152340,20.43812591999999,66.997332,0.7828275310617555
53,2,1,5,FCFS,18152340,210.62794529999965,0.0,0.0
53,2,1,5,SJF,18152340,39.044619009999955,932.430904,1.0
53,2,1,5,SPJF-E,18152340,55.398854859999936,280.903854,0.9046863340184987
53,2,1,5,Guard(300),18152340,90.96050586999964,128.30470599999998,0.6974304672689781
53,2,1,5,Guard(600),18152340,63.96453818999993,220.15468099999998,0.8547649138245412
53,2,1,5,Guard(1200),18152340,60.91188523999976,115.83793299999999,0.8725559953707794
53,2,2,4,FCFS,18152340,443.6820788599996,0.0,0.0
53,2,2,4,SJF,18152340,48.05329984999996,1505.757851,1.0
53,2,2,4,SPJF-E,18152340,90.37304037999988,863.2328299999999,0.8930316934073942
53,2,2,4,Guard(300),18152340,376.89072317999984,86.50680200000001,0.16882329907125282
53,2,2,4,Guard(600),18152340,162.18726101999957,267.753885,0.7115124904320601
53,2,2,4,Guard(1200),18152340,128.94906813999924,118.261904,0.7955260775203753
53,3,0,8,FCFS,18152340,41.123788,0.0,0.0
53,3,0,8,SJF,18152340,17.418739239999926,111.952107,1.0
53,3,0,8,SPJF-E,18152340,21.603469159999996,105.86438999999999,0.823466723803522
53,3,0,8,Guard(300),18152340,22.464697,81.01671499999999,0.7871357358895363
53,3,0,8,Guard(600),18152340,21.575454,105.86438999999999,0.8246485463040211
53,3,0,8,Guard(1200),18152340,21.715584859999833,84.431907,0.8187371110895831
53,3,1,5,FCFS,18152340,175.1975851999998,0.0,0.0
53,3,1,5,SJF,18152340,37.419311,647.3066600000001,1.0
53,3,1,5,SPJF-E,18152340,51.36903554999977,230.140706,0.8987523640356369
53,3,1,5,Guard(300),18152340,75.3438937699998,141.30484099999998,0.7247419232806745
53,3,1,5,Guard(600),18152340,55.77069695999959,231.722062,0.8668049366523447
53,3,1,5,Guard(1200),18152340,56.443317139999905,133.664282,0.8619230335808638
53,3,2,4,FCFS,18152340,358.05527106999995,0.0,0.0
53,3,2,4,SJF,18152340,46.071150149999696,1354.3245410000002,1.0
53,3,2,4,SPJF-E,18152340,80.49335275999883,375.620694,0.8896668121810414
53,3,2,4,Guard(300),18152340,289.3643590199991,108.788196,0.2201743853098689
53,3,2,4,Guard(600),18152340,124.30977932999994,229.44328399999998,0.7492223996872508
53,3,2,4,Guard(1200),18152340,105.73603303999835,108.577528,0.8087566677622735
53,4,0,8,FCFS,18152340,40.383880289999894,0.0,0.0
53,4,0,8,SJF,18152340,18.182633,325.27844000000005,1.0
53,4,0,8,SPJF-E,18152340,22.86330465999998,107.183807,0.7891707795125414
53,4,0,8,Guard(300),18152340,23.333153,70.071794,0.7680076289083114
53,4,0,8,Guard(600),18152340,22.93233229999995,107.183807,0.7860616010462008
53,4,0,8,Guard(1200),18152340,22.60851579999986,96.67624500000001,0.8006471103993598
53,4,1,5,FCFS,18152340,169.27381471999834,0.0,0.0
53,4,1,5,SJF,18152340,38.721925849999934,440.65222600000004,1.0
53,4,1,5,SPJF-E,18152340,52.72797505999995,209.36526,0.8927166099913957
53,4,1,5,Guard(300),18152340,78.85106279999997,102.63579800000001,0.692619254326071
53,4,1,5,Guard(600),18152340,56.70191720999963,205.53594999999999,0.862277049258905
53,4,1,5,Guard(1200),18152340,57.90893795999975,101.94468400000001,0.8530315242768648
53,4,2,4,FCFS,18152340,348.28004687999766,0.0,0.0
53,4,2,4,SJF,18152340,46.94080037999991,1989.219532,1.0
53,4,2,4,SPJF-E,18152340,80.48626656999932,375.69489599999997,0.8886787347495421
53,4,2,4,Guard(300),18152340,278.32440177999865,98.544184,0.23214913394959832
53,4,2,4,Guard(600),18152340,130.50541192999972,245.07043199999998,0.7226892529911453
53,4,2,4,Guard(1200),18152340,105.08091568999978,106.817894,0.8070609255671571
54,0,0,9,FCFS,11791139,115.09721867999828,0.0,0.0
54,0,0,9,SJF,11791139,25.842679879999434,50.005834,1.0
54,0,0,9,SPJF-E,11791139,45.33865135999952,75.193195,0.7815688508156816
54,0,0,9,Guard(300),11791139,60.35938759999978,75.193195,0.6132778435240674
54,0,0,9,Guard(600),11791139,46.218728439999374,75.193195,0.7717085446415394
54,0,0,9,Guard(1200),11791139,45.65789883999978,75.193195,0.7779920301375126
54,0,1,6,FCFS,11791139,295.67894859999785,0.0,0.0
54,0,1,6,SJF,11791139,47.8267291199999,176.689961,1.0
54,0,1,6,SPJF-E,11791139,106.25776411999931,301.07406399999996,0.7642505073281586
54,0,1,6,Guard(300),11791139,245.31522384,89.845174,0.20320062037637832
54,0,1,6,Guard(600),11791139,134.64545931998947,166.455676,0.6497157443974555
54,0,1,6,Guard(1200),11791139,112.31195179999658,87.013479,0.7398239046828438
54,0,2,4,FCFS,11791139,642.5630813999908,0.0,0.0
54,0,2,4,SJF,11791139,87.28665703999934,261.886091,1.0
54,0,2,4,SPJF-E,11791139,326.40383007999935,564.0439329999999,0.5693727258174068
54,0,2,4,Guard(300),11791139,571.5839787999994,98.486667,0.12782660938973145
54,0,2,4,Guard(600),11791139,500.90001131999173,150.15400599999998,0.2551217085135194
54,0,2,4,Guard(1200),11791139,369.8789395199987,99.31687500000001,0.4910781908205203
54,1,0,8,FCFS,11791139,157.59423239999975,0.0,0.0
54,1,0,8,SJF,11791139,32.901699999999856,128.41356,1.0
54,1,0,8,SPJF-E,11791139,52.483215959999775,182.59548,0.842961598556804
54,1,0,8,Guard(300),11791139,88.05108711999961,67.282757,0.5577170015034534
54,1,0,8,Guard(600),11791139,55.160222479999945,143.464186,0.8214927385659536
54,1,0,8,Guard(1200),11791139,53.04312163999988,94.928114,0.8384713081663258
54,1,1,5,FCFS,11791139,421.8787020799976,0.0,0.0
54,1,1,5,SJF,11791139,58.49571447999508,204.535253,1.0
54,1,1,5,SPJF-E,11791139,165.85624539999782,376.65450699999997,0.7045526769729217
54,1,1,5,Guard(300),11791139,386.4604535599989,103.335542,0.09746809765069603
54,1,1,5,Guard(600),11791139,202.28499703999856,167.10399,0.6043037581102145
54,1,1,5,Guard(1200),11791139,179.30598007999717,92.385947,0.6675401168395224
54,1,2,4,FCFS,11791139,682.1713184799991,0.0,0.0
54,1,2,4,SJF,11791139,89.29926547999995,250.253029,1.0
54,1,2,4,SPJF-E,11791139,311.750825,346.535926,0.624789938411888
54,1,2,4,Guard(300),11791139,604.9205902399985,108.939438,0.13029915619922233
54,1,2,4,Guard(600),11791139,478.874822479989,235.101476,0.34290112844973375
54,1,2,4,Guard(1200),11791139,376.67626879999705,98.716229,0.5152798957787987
54,2,0,7,FCFS,11791139,199.6929829599991,0.0,0.0
54,2,0,7,SJF,11791139,39.59866231999991,99.96836499999999,1.0
54,2,0,7,SPJF-E,11791139,65.88800619999977,186.152519,0.8357884041426045
54,2,0,7,Guard(300),11791139,144.66719435999994,89.182116,0.34370856117834764
54,2,0,7,Guard(600),11791139,72.63378135999959,176.728014,0.7936521488836255
54,2,0,7,Guard(1200),11791139,68.718252,92.302544,0.8181097895066451
54,2,1,5,FCFS,11791139,403.692998,0.0,0.0
54,2,1,5,SJF,11791139,58.746312799999075,235.210832,1.0
54,2,1,5,SPJF-E,11791139,164.758473,267.046463,0.6926708829263432
54,2,1,5,Guard(300),11791139,382.55828811999805,94.733577,0.06126949695935759
54,2,1,5,Guard(600),11791139,207.20391655999953,186.702475,0.5696215962361709
54,2,1,5,Guard(1200),11791139,195.7136909199993,91.801352,0.6029317456969149
54,2,2,4,FCFS,11791139,583.5887669999993,0.0,0.0
54,2,2,4,SJF,11791139,89.06710999999859,257.832037,1.0
54,2,2,4,SPJF-E,11791139,310.7855075199987,428.000031,0.5516507833750953
54,2,2,4,Guard(300),11791139,579.8822837599996,88.527163,0.0074950878036058695
54,2,2,4,Guard(600),11791139,442.4430559599861,161.338189,0.2854186647684329
54,2,2,4,Guard(1200),11791139,361.5203451199904,91.787652,0.4490570205300606
54,3,0,9,FCFS,11791139,146.89977583999996,0.0,0.0
54,3,0,9,SJF,11791139,25.78207023999996,114.916742,1.0
54,3,0,9,SPJF-E,11791139,43.700672119999744,73.909519,0.8520562968788621
54,3,0,9,Guard(300),11791139,67.98013079999919,73.909519,0.6515946173934192
54,3,0,9,Guard(600),11791139,46.14610087999985,73.909519,0.8318657826358306
54,3,0,9,Guard(1200),11791139,44.06449039999949,73.909519,0.8490524562909196
54,3,1,5,FCFS,11791139,469.12967979999655,0.0,0.0
54,3,1,5,SJF,11791139,60.75556415999998,193.522669,1.0
54,3,1,5,SPJF-E,11791139,174.11303479999808,308.84664799999996,0.7224175913736688
54,3,1,5,Guard(300),11791139,451.55930987999966,98.08596,0.043025180213640435
54,3,1,5,Guard(600),11791139,234.09512319999806,172.825341,0.5755373506757561
54,3,1,5,Guard(1200),11791139,193.8982302399939,93.826385,0.6739688903364134
54,3,2,4,FCFS,11791139,710.2723019999987,0.0,0.0
54,3,2,4,SJF,11791139,99.30188403999482,222.692463,1.0
54,3,2,4,SPJF-E,11791139,331.06755655999905,399.516888,0.620659747661995
54,3,2,4,Guard(300),11791139,697.5941558799992,135.812273,0.02075083465142407
54,3,2,4,Guard(600),11791139,550.1923628799997,166.183542,0.2620093124221906
54,3,2,4,Guard(1200),11791139,398.7331108799979,92.247082,0.5099087974835389
54,4,0,7,FCFS,11791139,204.80847159999982,0.0,0.0
54,4,0,7,SJF,11791139,38.3815803599997,154.714994,1.0
54,4,0,7,SPJF-E,11791139,63.64964883999965,279.550658,0.8481731630523489
54,4,0,7,Guard(300),11791139,156.36387255999938,89.852725,0.291086366386185
54,4,0,7,Guard(600),11791139,70.94779891999838,164.922469,0.8043211747971922
54,4,0,7,Guard(1200),11791139,65.28993823999961,104.888721,0.8383172474140852
54,4,1,5,FCFS,11791139,401.00105243999974,0.0,0.0
54,4,1,5,SJF,11791139,57.297095959999254,213.40442900000002,1.0
54,4,1,5,SPJF-E,11791139,163.55021763998448,405.447725,0.6908586017799655
54,4,1,5,Guard(300),11791139,386.19659508,110.70234,0.04307328176148352
54,4,1,5,Guard(600),11791139,199.92303775999298,175.258249,0.5850325865879497
54,4,1,5,Guard(1200),11791139,187.37981119999827,86.70086,0.621526861162076
54,4,2,4,FCFS,11791139,621.0515636399987,0.0,0.0
54,4,2,4,SJF,11791139,88.07495787999906,315.336326,1.0
54,4,2,4,SPJF-E,11791139,330.82817331999394,504.454176,0.5445330755299471
54,4,2,4,Guard(300),11791139,600.283814,75.303923,0.038965593265364494
54,4,2,4,Guard(600),11791139,480.67621379999673,167.871015,0.2633799463671267
54,4,2,4,Guard(1200),11791139,386.80366579999315,92.09054900000001,0.43950878013863104
55,0,0,7,FCFS,14408660,74.54477895999989,0.0,0.0
55,0,0,7,SJF,14408660,25.13012135999985,465.444814,1.0
55,0,0,7,SPJF-E,14408660,31.254003039999997,122.91764199999999,0.8760715549306943
55,0,0,7,Guard(300),14408660,35.645579919999975,63.83626,0.7871996069441526
55,0,0,7,Guard(600),14408660,31.84538859999998,122.91764199999999,0.8641037383207503
55,0,0,7,Guard(1200),14408660,31.619758999999934,92.906883,0.868669784327311
55,0,1,5,FCFS,14408660,195.26017255999926,0.0,0.0
55,0,1,5,SJF,14408660,38.48903023999995,375.546885,1.0
55,0,1,5,SPJF-E,14408660,50.20116667999987,374.48706400000003,0.9252915028449991
55,0,1,5,Guard(300),14408660,76.97410627999982,106.580455,0.7545142845138897
55,0,1,5,Guard(600),14408660,55.39164311999987,168.556975,0.8921828811740206
55,0,1,5,Guard(1200),14408660,53.43817123999983,102.004374,0.904643541032023
55,0,2,4,FCFS,14408660,350.11960839999966,0.0,0.0
55,0,2,4,SJF,14408660,45.87091295999996,362.428054,1.0
55,0,2,4,SPJF-E,14408660,73.69474639999953,640.397323,0.9085490460369561
55,0,2,4,Guard(300),14408660,198.49788211999854,95.66905100000001,0.49834799147035996
55,0,2,4,Guard(600),14408660,113.51495951999956,277.332904,0.7776685731974171
55,0,2,4,Guard(1200),14408660,100.324701,123.354428,0.8210221149469521
55,1,0,7,FCFS,14408660,78.96053223999998,0.0,0.0
55,1,0,7,SJF,14408660,26.332539479999912,220.516516,1.0
55,1,0,7,SPJF-E,14408660,32.334700639999944,246.273043,0.8859511669507947
55,1,0,7,Guard(300),14408660,37.68627875999975,89.848005,0.7842642539726642
55,1,0,7,Guard(600),14408660,33.154617159999994,159.240681,0.870371691523352
55,1,0,7,Guard(1200),14408660,32.40503451999998,70.108318,0.8846147321693889
55,1,1,5,FCFS,14408660,203.34200639999926,0.0,0.0
55,1,1,5,SJF,14408660,37.9798945199999,382.799107,1.0
55,1,1,5,SPJF-E,14408660,48.81395995999976,387.42983999999996,0.934482782562296
55,1,1,5,Guard(300),14408660,79.92106559999993,84.381602,0.7463677102138362
55,1,1,5,Guard(600),14408660,53.620701919999966,165.940647,0.9054148061960509
55,1,1,5,Guard(1200),14408660,52.66139063999997,108.59785500000001,0.9112160823716728
55,1,2,4,FCFS,14408660,363.7294901599993,0.0,0.0
55,1,2,4,SJF,14408660,45.793011879999945,358.409779,1.0
55,1,2,4,SPJF-E,14408660,70.712494,808.84384,0.9216211922116907
55,1,2,4,Guard(300),14408660,207.5238189599998,111.832913,0.49131094376164264
55,1,2,4,Guard(600),14408660,106.44870239999949,208.284374,0.8092207259508565
55,1,2,4,Guard(1200),14408660,99.08170171999996,111.739865,0.8323920233114305
55,2,0,8,FCFS,14408660,52.663399,0.0,0.0
55,2,0,8,SJF,14408660,20.010781919999907,163.90807999999998,1.0
55,2,0,8,SPJF-E,14408660,26.26099175999994,63.583763000000005,0.8085847200337176
55,2,0,8,Guard(300),14408660,28.540073079999956,63.583763000000005,0.7387869052240751
55,2,0,8,Guard(600),14408660,26.46871015999986,63.583763000000005,0.8022232575055839
55,2,0,8,Guard(1200),14408660,26.38386031999993,63.583763000000005,0.804821819201023
55,2,1,5,FCFS,14408660,191.62621151999969,0.0,0.0
55,2,1,5,SJF,14408660,37.766297839999986,295.853714,1.0
55,2,1,5,SPJF-E,14408660,50.74379639999977,588.578367,0.9156538031927498
55,2,1,5,Guard(300),14408660,82.3364847199993,110.805786,0.7103196939737202
55,2,1,5,Guard(600),14408660,57.12198791999973,224.30734,0.8741992659617891
55,2,1,5,Guard(1200),14408660,54.572123439999636,98.835123,0.8907719028430454
55,2,2,4,FCFS,14408660,363.9234113199998,0.0,0.0
55,2,2,4,SJF,14408660,46.98316087999968,357.560181,1.0
55,2,2,4,SPJF-E,14408660,77.3049177199999,433.54395900000003,0.9043297378672941
55,2,2,4,Guard(300),14408660,232.7650517599997,101.12505300000001,0.413826768224977
55,2,2,4,Guard(600),14408660,123.69100143999863,213.31888800000002,0.7579738122453447
55,2,2,4,Guard(1200),14408660,105.52374023999967,98.678336,0.8152945885581602
55,3,0,8,FCFS,14408660,51.6916837999995,0.0,0.0
55,3,0,8,SJF,14408660,18.26160339999994,192.515777,1.0
55,3,0,8,SPJF-E,14408660,24.738077479999948,53.995165,0.8062680674857099
55,3,0,8,Guard(300),14408660,27.5508358399999,48.921817999999995,0.7221295214114987
55,3,0,8,Guard(600),14408660,25.124646239999908,53.995165,0.7947045667290691
55,3,0,8,Guard(1200),14408660,24.749192439999955,53.995165,0.8059355836906662
55,3,1,5,FCFS,14408660,196.98173279999975,0.0,0.0
55,3,1,5,SJF,14408660,37.61990839999995,297.993458,1.0
55,3,1,5,SPJF-E,14408660,49.141991,330.254651,0.9276986025769918
55,3,1,5,Guard(300),14408660,80.67002807999974,99.11863,0.7298592693571107
55,3,1,5,Guard(600),14408660,55.28509335999993,167.264637,0.8891504598010864
55,3,1,5,Guard(1200),14408660,52.56562451999989,98.68831,0.9062152044489273
55,3,2,4,FCFS,14408660,368.72975911999987,0.0,0.0
55,3,2,4,SJF,14408660,46.017935079999965,333.12595600000003,1.0
55,3,2,4,SPJF-E,14408660,71.72559467999918,434.163006,0.9203386498884133
55,3,2,4,Guard(300),14408660,231.22772031999997,107.434239,0.42608305167943467
55,3,2,4,Guard(600),14408660,112.41943435999993,205.942085,0.7942390258629956
55,3,2,4,Guard(1200),14408660,101.39670359999991,82.587939,0.8283956012930727
55,4,0,8,FCFS,14408660,47.65847211999984,0.0,0.0
55,4,0,8,SJF,14408660,17.938657,180.98469699999998,1.0
55,4,0,8,SPJF-E,14408660,23.174165319999936,166.740839,0.8238377897419449
55,4,0,8,Guard(300),14408660,25.212839,55.058061,0.755241344179666
55,4,0,8,Guard(600),14408660,23.425508079999993,143.333283,0.8153807129066682
55,4,0,8,Guard(1200),14408660,23.13223823999993,93.893593,0.8252485347223804
55,4,1,5,FCFS,14408660,180.71735819999995,0.0,0.0
55,4,1,5,SJF,14408660,37.00084295999998,280.800916,1.0
55,4,1,5,SPJF-E,14408660,48.04041039999995,478.977772,0.9231851160490191
55,4,1,5,Guard(300),14408660,72.00988055999969,100.808447,0.7564021257992776
55,4,1,5,Guard(600),14408660,52.02541855999979,237.246828,0.8954568612040901
55,4,1,5,Guard(1200),14408660,51.168884599999984,80.16214699999999,0.9014167465977029
55,4,2,4,FCFS,14408660,333.05345023999996,0.0,0.0
55,4,2,4,SJF,14408660,44.97614367999997,349.4395,1.0
55,4,2,4,SPJF-E,14408660,68.09389947999965,392.705644,0.919751555316681
55,4,2,4,Guard(300),14408660,186.0842954,86.042409,0.5101726220471643
55,4,2,4,Guard(600),14408660,97.84314763999987,167.015417,0.8164832746067455
55,4,2,4,Guard(1200),14408660,90.3629006799989,77.182918,0.8424493843615345
56,0,0,8,FCFS,14141574,50.59798625999981,0.0,0.0
56,0,0,8,SJF,14141574,21.581820149999974,168.779105,1.0
56,0,0,8,SPJF-E,14141574,26.909301699999993,124.994034,0.8163960900346511
56,0,0,8,Guard(300),14141574,27.884069939999513,77.96132,0.7828021191322172
56,0,0,8,Guard(600),14141574,26.929507399999782,124.994034,0.8156997299461684
56,0,0,8,Guard(1200),14141574,27.062554699999996,93.289755,0.8111144480899839
56,0,1,5,FCFS,14141574,178.28176981999997,0.0,0.0
56,0,1,5,SJF,14141574,37.905869979999984,139.285561,1.0
56,0,1,5,SPJF-E,14141574,51.61767028999954,258.703397,0.9023208376535558
56,0,1,5,Guard(300),14141574,72.21219994999926,100.397405,0.7556109701943031
56,0,1,5,Guard(600),14141574,54.72371905999972,167.915097,0.8801941850476565
56,0,1,5,Guard(1200),14141574,54.25307636999992,127.609631,0.8835469164676242
56,0,2,4,FCFS,14141574,335.4377211899997,0.0,0.0
56,0,2,4,SJF,14141574,46.02152573999988,132.529955,1.0
56,0,2,4,SPJF-E,14141574,80.04802285999814,302.033159,0.8824305700408644
56,0,2,4,Guard(300),14141574,236.0100822599997,97.610878,0.34354552541679495
56,0,2,4,Guard(600),14141574,117.77915965999885,158.609589,0.7520607517888681
56,0,2,4,Guard(1200),14141574,105.72580679999933,100.514455,0.7937078781401019
56,1,0,8,FCFS,14141574,50.323337309999864,0.0,0.0
56,1,0,8,SJF,14141574,23.15597555999996,138.434227,1.0
56,1,0,8,SPJF-E,14141574,28.439866,158.356039,0.8055059417022686
56,1,0,8,Guard(300),14141574,29.137089799999984,98.099353,0.7798419185845292
56,1,0,8,Guard(600),14141574,28.51943737999997,154.811512,0.802577008788863
56,1,0,8,Guard(1200),14141574,28.635716,93.75235199999999,0.7982969236974194
56,1,1,5,FCFS,14141574,171.30195576999947,0.0,0.0
56,1,1,5,SJF,14141574,37.883193589999955,174.566258,1.0
56,1,1,5,SPJF-E,14141574,51.42455743999995,275.623375,0.8985048007586002
56,1,1,5,Guard(300),14141574,68.49740712999979,78.182178,0.7705404169565206
56,1,1,5,Guard(600),14141574,54.27853143999998,168.24297900000002,0.8771137013857125
56,1,1,5,Guard(1200),14141574,54.46353742999985,98.23713199999999,0.8757270449141866
56,1,2,4,FCFS,14141574,321.8881838299995,0.0,0.0
56,1,2,4,SJF,14141574,46.60866244999983,1860.2952819999998,1.0
56,1,2,4,SPJF-E,14141574,80.55548497999989,2042.4218520000002,0.876682354140178
56,1,2,4,Guard(300),14141574,218.51748890999858,64.673723,0.3755117503902754
56,1,2,4,Guard(600),14141574,110.65386044999927,161.154764,0.7673448512299955
56,1,2,4,Guard(1200),14141574,104.25236512999989,101.01172899999999,0.7905993791654851
56,2,0,8,FCFS,14141574,52.46705850999981,0.0,0.0
56,2,0,8,SJF,14141574,23.41791988999996,107.504122,1.0
56,2,0,8,SPJF-E,14141574,28.365259,150.526712,0.8296906777609621
56,2,0,8,Guard(300),14141574,29.11271301999981,74.656981,0.8039600001743571
56,2,0,8,Guard(600),14141574,28.407393669999955,149.070889,0.8282402158195209
56,2,0,8,Guard(1200),14141574,28.437292459999956,92.51005699999999,0.8272109670562059
56,2,1,5,FCFS,14141574,185.78431991999986,0.0,0.0
56,2,1,5,SJF,14141574,37.69788016,128.56385,1.0
56,2,1,5,SPJF-E,14141574,50.80744319999999,206.97295200000002,0.911473575424959
56,2,1,5,Guard(300),14141574,74.24497559999999,84.787872,0.7532043075704232
56,2,1,5,Guard(600),14141574,54.363094,158.46413,0.8874629313324779
56,2,1,5,Guard(1200),14141574,53.8101142599997,106.781808,0.8911970999767946
56,2,2,4,FCFS,14141574,343.9377872199997,0.0,0.0
56,2,2,4,SJF,14141574,46.76165947999994,329.630755,1.0
56,2,2,4,SPJF-E,14141574,81.72901301999974,183.296691,0.8823345811592482
56,2,2,4,Guard(300),14141574,278.0580431399987,99.818081,0.22168585539158572
56,2,2,4,Guard(600),14141574,120.12909120999947,146.141139,0.7531180169552888
56,2,2,4,Guard(1200),14141574,105.3700874999992,75.01232999999999,0.802782180164633
56,3,0,7,FCFS,14141574,79.883844,0.0,0.0
56,3,0,7,SJF,14141574,27.37929859999999,170.71168200000002,1.0
56,3,0,7,SPJF-E,14141574,34.46281215999979,201.799859,0.8650876127764778
56,3,0,7,Guard(300),14141574,36.72226692999997,142.133587,0.8220541048623197
56,3,0,7,Guard(600),14141574,34.600293,201.799859,0.8624691568132307
56,3,0,7,Guard(1200),14141574,34.83257,112.218632,0.8580452160242872
56,3,1,5,FCFS,14141574,195.0517973999995,0.0,0.0
56,3,1,5,SJF,14141574,38.61644727999973,136.033633,1.0
56,3,1,5,SPJF-E,14141574,54.08281296999966,219.57009000000002,0.9011325401954491
56,3,1,5,Guard(300),14141574,81.25260813999985,83.219579,0.7274518781893324
56,3,1,5,Guard(600),14141574,57.84361717999997,163.227381,0.8770919112256195
56,3,1,5,Guard(1200),14141574,58.36610864999953,95.52675599999999,0.8737519278420761
56,3,2,4,FCFS,14141574,356.79507573999973,0.0,0.0
56,3,2,4,SJF,14141574,47.827783069999974,199.673812,1.0
56,3,2,4,SPJF-E,14141574,87.84762709999927,204.18228000000002,0.8704722312703063
56,3,2,4,Guard(300),14141574,278.0186956399995,53.398698,0.25496672938821163
56,3,2,4,Guard(600),14141574,136.36661257999864,146.089369,0.7134362386876827
56,3,2,4,Guard(1200),14141574,113.9234132799995,98.546742,0.7860756404381138
56,4,0,8,FCFS,14141574,54.25784336999981,0.0,0.0
56,4,0,8,SJF,14141574,23.031479619999953,126.04653,1.0
56,4,0,8,SPJF-E,14141574,28.261960559999615,196.577348,0.8324979180453028
56,4,0,8,Guard(300),14141574,29.337387,102.274328,0.7980582231576652
56,4,0,8,Guard(600),14141574,28.32461243999994,152.80003000000002,0.8304915403414523
56,4,0,8,Guard(1200),14141574,28.46544879999991,102.455081,0.8259813655056144
56,4,1,5,FCFS,14141574,182.55453766999966,0.0,0.0
56,4,1,5,SJF,14141574,38.04293192999998,195.07763,1.0
56,4,1,5,SPJF-E,14141574,52.32326535999998,222.00621900000002,0.9011820998259981
56,4,1,5,Guard(300),14141574,76.47062598999999,81.52947499999999,0.7340857582806339
56,4,1,5,Guard(600),14141574,55.45257520999954,166.93006,0.8795277155018096
56,4,1,5,Guard(1200),14141574,56.07531597999991,94.54370499999999,0.8752184369022709
56,4,2,4,FCFS,14141574,341.72025120999973,0.0,0.0
56,4,2,4,SJF,14141574,46.97974619999996,127.34581800000001,1.0
56,4,2,4,SPJF-E,14141574,82.52881076999996,230.513943,0.8793886012755733
56,4,2,4,Guard(300),14141574,275.1016499999997,71.609836,0.22602458799390268
56,4,2,4,Guard(600),14141574,125.74598653999988,198.040325,0.732760720019369
56,4,2,4,Guard(1200),14141574,107.30319360999994,142.50965200000002,0.795333704107098
57,0,0,9,FCFS,19845792,41.97136098999993,0.0,0.0
57,0,0,9,SJF,19845792,20.168960899999984,117.125181,1.0
57,0,0,9,SPJF-E,19845792,24.749649109999854,245.980091,0.7898998187772509
57,0,0,9,Guard(300),19845792,25.810140009999785,77.667467,0.7412588023927134
57,0,0,9,Guard(600),19845792,24.899354,172.745889,0.7830333779550402
57,0,0,9,Guard(1200),19845792,24.83055725999993,135.718147,0.7861888443126924
57,0,1,5,FCFS,19845792,222.61994182999956,0.0,0.0
57,0,1,5,SJF,19845792,43.11784420999992,423.546082,1.0
57,0,1,5,SPJF-E,19845792,65.85576664999988,442.409768,0.8733278176607416
57,0,1,5,Guard(300),19845792,111.09068350999978,93.014161,0.6213256546789986
57,0,1,5,Guard(600),19845792,78.70833855,198.263029,0.8017265825196982
57,0,1,5,Guard(1200),19845792,75.77893914999954,125.187692,0.8180461656267543
57,0,2,4,FCFS,19845792,437.13724655999994,0.0,0.0
57,0,2,4,SJF,19845792,53.30879294999968,741.662739,1.0
57,0,2,4,SPJF-E,19845792,115.92275744999914,691.831298,0.8368699248033857
57,0,2,4,Guard(300),19845792,412.63546138999993,141.153552,0.06383524967874252
57,0,2,4,Guard(600),19845792,212.4122418299999,325.792645,0.5854829224264291
57,0,2,4,Guard(1200),19845792,158.0750027399998,129.019604,0.7270493919753777
57,1,0,7,FCFS,19845792,77.64552814999966,0.0,0.0
57,1,0,7,SJF,19845792,28.664582549999867,190.869145,1.0
57,1,0,7,SPJF-E,19845792,36.555617309999995,368.526891,0.8388958264619505
57,1,0,7,Guard(300),19845792,39.894079679999784,113.853717,0.7707374369269023
57,1,0,7,Guard(600),19845792,37.20827369999989,219.326418,0.8255711267852684
57,1,0,7,Guard(1200),19845792,37.272170999999865,126.733062,0.824266592966714
57,1,1,5,FCFS,19845792,205.04640477999968,0.0,0.0
57,1,1,5,SJF,19845792,42.174116,259.295751,1.0
57,1,1,5,SPJF-E,19845792,62.13007699999964,572.933326,0.877474792369651
57,1,1,5,Guard(300),19845792,101.67531987999993,101.275369,0.6346757061885991
57,1,1,5,Guard(600),19845792,69.97664651999995,175.59180300000003,0.829298582783752
57,1,1,5,Guard(1200),19845792,69.23232519999976,135.075481,0.8338685518409535
57,1,2,4,FCFS,19845792,406.9193755599992,0.0,0.0
57,1,2,4,SJF,19845792,52.546310669999976,760.267133,1.0
57,1,2,4,SPJF-E,19845792,106.53083962999987,511.002597,0.8476618730129581
57,1,2,4,Guard(300),19845792,340.5654536699972,134.096302,0.18724313009116214
57,1,2,4,Guard(600),19845792,172.4650472699998,176.863126,0.6616031282252681
57,1,2,4,Guard(1200),19845792,143.6029530799997,125.728708,0.743048635938895
57,2,0,7,FCFS,19845792,77.0998607899993,0.0,0.0
57,2,0,7,SJF,19845792,29.247139759999893,121.70186799999999,1.0
57,2,0,7,SPJF-E,19845792,37.66179773999991,396.336099,0.8241550783554237
57,2,0,7,Guard(300),19845792,40.97593555999999,82.101627,0.7548980382401415
57,2,0,7,Guard(600),19845792,38.33234659999995,171.584598,0.8101423149102757
57,2,0,7,Guard(1200),19845792,38.099227,125.575594,0.8150139208499632
57,2,1,5,FCFS,19845792,206.6184951899996,0.0,0.0
57,2,1,5,SJF,19845792,41.95994697999994,217.681735,1.0
57,2,1,5,SPJF-E,19845792,61.740914079999726,392.46400700000004,0.8798667465792798
57,2,1,5,Guard(300),19845792,100.86746384999861,109.794963,0.6422444051014582
57,2,1,5,Guard(600),19845792,69.68712480999993,158.74823199999997,0.8316080268445115
57,2,1,5,Guard(1200),19845792,67.81357799999965,124.9486,0.8429864024610075
57,2,2,4,FCFS,19845792,439.74713957999705,0.0,0.0
57,2,2,4,SJF,19845792,51.75326091999981,1180.014806,1.0
57,2,2,4,SPJF-E,19845792,104.2746343099995,541.658787,0.8646334999629604
57,2,2,4,Guard(300),19845792,389.79840086999474,103.466263,0.12873589367571667
57,2,2,4,Guard(600),19845792,189.03546568999985,162.73477799999998,0.6461743024293903
57,2,2,4,Guard(1200),19845792,143.04591367999905,130.757798,0.7647059456832311
57,3,0,8,FCFS,19845792,52.44007459999993,0.0,0.0
57,3,0,8,SJF,19845792,23.735157699999867,107.512734,1.0
57,3,0,8,SPJF-E,19845792,29.714936169999984,344.670428,0.7916810387979175
57,3,0,8,Guard(300),19845792,31.513258219999994,61.673544,0.7290324669081306
57,3,0,8,Guard(600),19845792,29.999301519999943,177.61494000000002,0.7817745356371312
57,3,0,8,Guard(1200),19845792,30.11382265999998,153.478439,0.7777849355139538
57,3,1,5,FCFS,19845792,198.82457251999944,0.0,0.0
57,3,1,5,SJF,19845792,42.19050609999981,328.386761,1.0
57,3,1,5,SPJF-E,19845792,62.582812759999555,550.163895,0.8698092495069388
57,3,1,5,Guard(300),19845792,92.6463314499966,121.35932700000001,0.6778745102951985
57,3,1,5,Guard(600),19845792,69.88734799999956,268.99228899999997,0.823174852488773
57,3,1,5,Guard(1200),19845792,69.20783143999996,126.748766,0.8275130949639289
57,3,2,4,FCFS,19845792,370.99232092999966,0.0,0.0
57,3,2,4,SJF,19845792,52.86573672999997,443.841893,1.0
57,3,2,4,SPJF-E,19845792,106.20466475999986,882.834118,0.8323342635318186
57,3,2,4,Guard(300),19845792,307.1612432499981,103.87482,0.20064678920348342
57,3,2,4,Guard(600),19845792,159.71632400999897,195.455074,0.6641255632606163
57,3,2,4,Guard(1200),19845792,134.10236338999997,133.39431199999999,0.7446405591526165
57,4,0,8,FCFS,19845792,52.2567416499998,0.0,0.0
57,4,0,8,SJF,19845792,24.238862929999982,114.244698,1.0
57,4,0,8,SPJF-E,19845792,29.8651034499999,238.90039399999998,0.7991910602431235
57,4,0,8,Guard(300),19845792,30.879205,69.096104,0.7629962590544022
57,4,0,8,Guard(600),19845792,29.95874935999982,150.223404,0.7958486976418793
57,4,0,8,Guard(1200),19845792,29.969636419999926,133.492706,0.7954601221858676
57,4,1,5,FCFS,19845792,207.8301244699994,0.0,0.0
57,4,1,5,SJF,19845792,42.197094839999956,282.790934,1.0
57,4,1,5,SPJF-E,19845792,62.81640194999986,509.633646,0.8755121055500796
57,4,1,5,Guard(300),19845792,98.85864768999899,129.913708,0.6579090959298827
57,4,1,5,Guard(600),19845792,69.59095782999991,270.54636800000003,0.8346111095643548
57,4,1,5,Guard(1200),19845792,69.17891269999912,127.7968,0.8370988086115873
57,4,2,4,FCFS,19845792,406.7493965299996,0.0,0.0
57,4,2,4,SJF,19845792,52.48305797999996,433.316687,1.0
57,4,2,4,SPJF-E,19845792,107.21995991999982,489.32243700000004,0.8454922300435423
57,4,2,4,Guard(300),19845792,339.82879635999967,100.013284,0.18889912161540307
57,4,2,4,Guard(600),19845792,172.32851469999923,164.430958,0.6617080324071354
57,4,2,4,Guard(1200),19845792,137.8823965999999,121.159476,0.7589402962484761
58,0,0,8,FCFS,17370498,51.09006029999988,0.0,0.0
58,0,0,8,SJF,17370498,26.5954,146.266171,1.0
58,0,0,8,SPJF-E,17370498,33.364224719999996,220.174542,0.7236612128072653
58,0,0,8,Guard(300),17370498,33.8781920599997,107.3131,0.7026783808877833
58,0,0,8,Guard(600),17370498,33.364815339999794,220.174542,0.7236371006133191
58,0,0,8,Guard(1200),17370498,33.34931204,120.96751099999999,0.7242700263126314
58,0,1,5,FCFS,17370498,166.2224985399999,0.0,0.0
58,0,1,5,SJF,17370498,42.169098859999984,196.04085,1.0
58,0,1,5,SPJF-E,17370498,64.08576445999996,387.475642,0.8233287789247632
58,0,1,5,Guard(300),17370498,78.23599529999998,107.385654,0.7092631356090536
58,0,1,5,Guard(600),17370498,66.6872290999993,169.137655,0.8023582561764153
58,0,1,5,Guard(1200),17370498,68.49092397999998,119.73088200000001,0.7878185911236769
58,0,2,4,FCFS,17370498,313.36247173999897,0.0,0.0
58,0,2,4,SJF,17370498,53.12714372,271.502813,1.0
58,0,2,4,SPJF-E,17370498,101.04499331999911,511.79711800000007,0.8158672384545859
58,0,2,4,Guard(300),17370498,190.87904191999985,99.364051,0.47066411294697974
58,0,2,4,Guard(600),17370498,128.1377878999981,196.18002600000003,0.7117584120852586
58,0,2,4,Guard(1200),17370498,117.8636281199994,122.363818,0.7512386773442826
58,1,0,7,FCFS,17370498,69.49470043999926,0.0,0.0
58,1,0,7,SJF,17370498,29.136914079999986,160.265105,1.0
58,1,0,7,SPJF-E,17370498,37.02157695999999,295.741571,0.8046309376419389
58,1,0,7,Guard(300),17370498,38.59153989999999,64.995132,0.7657298213617836
58,1,0,7,Guard(600),17370498,37.11376119999996,201.772231,0.802346762806935
58,1,0,7,Guard(1200),17370498,37.23858709999993,96.60964299999999,0.7992537809747181
58,1,1,5,FCFS,17370498,161.32011343999991,0.0,0.0
58,1,1,5,SJF,17370498,42.22077905999993,156.023797,1.0
58,1,1,5,SPJF-E,17370498,60.42699961999952,322.32198999999997,0.8471341535636918
58,1,1,5,Guard(300),17370498,74.18975843999974,87.47694800000001,0.7315771784416599
58,1,1,5,Guard(600),17370498,62.66793793999972,162.929429,0.8283184453847509
58,1,1,5,Guard(1200),17370498,63.219826879999935,98.138333,0.8236845912757148
58,1,2,4,FCFS,17370498,311.0485115799996,0.0,0.0
58,1,2,4,SJF,17370498,51.38188756,216.796917,1.0
58,1,2,4,SPJF-E,17370498,94.38424335999926,409.29777099999995,0.8343939812738999
58,1,2,4,Guard(300),17370498,175.13288437999876,103.924914,0.5234235540010432
58,1,2,4,Guard(600),17370498,115.30967335999946,180.315197,0.753808229912999
58,1,2,4,Guard(1200),17370498,106.64124889999974,103.642201,0.7871911280529312
58,2,0,8,FCFS,17370498,50.463386119999896,0.0,0.0
58,2,0,8,SJF,17370498,25.334781199999938,138.305612,1.0
58,2,0,8,SPJF-E,17370498,31.969941,212.14741400000003,0.7359519232713508
58,2,0,8,Guard(300),17370498,32.421960999999975,65.834264,0.7179636584457054
58,2,0,8,Guard(600),17370498,31.978826979999994,159.12065900000002,0.735598303162782
58,2,0,8,Guard(1200),17370498,31.985932459999997,100.93776,0.7353155385595489
58,2,1,5,FCFS,17370498,167.36167565999966,0.0,0.0
58,2,1,5,SJF,17370498,43.11460479999998,169.708052,1.0
58,2,1,5,SPJF-E,17370498,62.92843323999963,323.328171,0.8405288084229714
58,2,1,5,Guard(300),17370498,76.50938719999978,87.98843500000001,0.7312227791862498
58,2,1,5,Guard(600),17370498,65.6707524199996,168.11697700000002,0.8184573087810202
58,2,1,5,Guard(1200),17370498,65.41153401999998,107.111838,0.820543622753699
58,2,2,4,FCFS,17370498,317.89240303999907,0.0,0.0
58,2,2,4,SJF,17370498,52.61116453999998,205.26511,1.0
58,2,2,4,SPJF-E,17370498,97.90902891999988,432.880429,0.8292458801981957
58,2,2,4,Guard(300),17370498,186.9814991799999,103.316863,0.4934796919684904
58,2,2,4,Guard(600),17370498,126.0215250599992,177.214514,0.7232734552390917
58,2,2,4,Guard(1200),17370498,113.1416133399997,103.294341,0.7718253686455104
58,3,0,7,FCFS,17370498,72.51849207999982,0.0,0.0
58,3,0,7,SJF,17370498,30.624061199999986,147.336318,1.0
58,3,0,7,SPJF-E,17370498,39.59115263999996,231.491783,0.7859598220659726
58,3,0,7,Guard(300),17370498,41.04006713999979,107.448372,0.7513749269005502
58,3,0,7,Guard(600),17370498,39.63701851999998,219.216292,0.7848650254775814
58,3,0,7,Guard(1200),17370498,39.70997557999995,108.16206100000001,0.7831235753977618
58,3,1,5,FCFS,17370498,170.50633929999992,0.0,0.0
58,3,1,5,SJF,17370498,42.47696591999997,214.20736499999998,1.0
58,3,1,5,SPJF-E,17370498,63.62777133999978,283.358592,0.8347972433074184
58,3,1,5,Guard(300),17370498,78.32774759999957,102.01478399999999,0.7199800269771529
58,3,1,5,Guard(600),17370498,66.48793663999912,175.906838,0.8124573284543622
58,3,1,5,Guard(1200),17370498,67.56515557999998,102.01478399999999,0.8040434862901613
58,3,2,4,FCFS,17370498,335.8423469799988,0.0,0.0
58,3,2,4,SJF,17370498,53.429078319999924,339.933228,1.0
58,3,2,4,SPJF-E,17370498,100.6796808599999,384.40437,0.8326898634607511
58,3,2,4,Guard(300),17370498,208.42431095999882,100.443358,0.4511758127533316
58,3,2,4,Guard(600),17370498,128.45685655999992,168.23003400000002,0.7343333810199727
58,3,2,4,Guard(1200),17370498,115.82276301999991,106.804036,0.7790695706471334
58,4,0,8,FCFS,17370498,48.719377179999945,0.0,0.0
58,4,0,8,SJF,17370498,23.910024919999923,151.32494,1.0
58,4,0,8,SPJF-E,17370498,30.519363759999806,190.381147,0.7335948649229315
58,4,0,8,Guard(300),17370498,31.064817979999994,94.66520899999999,0.7116090341650837
58,4,0,8,Guard(600),17370498,30.551931639999783,165.93435,0.7322821389936662
58,4,0,8,Guard(1200),17370498,30.54089485999983,94.506553,0.7327270026839506
58,4,1,5,FCFS,17370498,161.56644629999997,0.0,0.0
58,4,1,5,SJF,17370498,41.34394247999986,218.488183,1.0
58,4,1,5,SPJF-E,17370498,60.14229039999978,357.820945,0.8436370286535936
58,4,1,5,Guard(300),17370498,72.95410877999983,120.461445,0.7370694728889741
58,4,1,5,Guard(600),17370498,62.27423145999978,172.95756500000002,0.8259037342015666
58,4,1,5,Guard(1200),17370498,63.10014789999987,97.838782,0.8190338353576974
58,4,2,4,FCFS,17370498,306.29619601999906,0.0,0.0
58,4,2,4,SJF,17370498,51.8462053799999,245.391665,1.0
58,4,2,4,SPJF-E,17370498,93.95884815999885,387.159706,0.8344954044837016
58,4,2,4,Guard(300),17370498,183.2285392199995,103.440573,0.48366147112230823
58,4,2,4,Guard(600),17370498,121.1628945199995,165.58126900000002,0.7275822688550607
58,4,2,4,Guard(1200),17370498,109.06318575999991,103.425534,0.7751346728837114
59,0,0,7,FCFS,14302030,67.64610403999994,0.0,0.0
59,0,0,7,SJF,14302030,26.065540239999997,104.200915,1.0
59,0,0,7,SPJF-E,14302030,34.38617163999994,158.51644399999998,0.7998913280728543
59,0,0,7,Guard(300),14302030,36.55123247999974,144.53820399999998,0.747822268826481
59,0,0,7,Guard(600),14302030,34.64814691999995,158.51644399999998,0.7935909017183657
59,0,0,7,Guard(1200),14302030,34.57163651999997,144.53820399999998,0.7954309537284344
59,0,1,5,FCFS,14302030,221.5399329199997,0.0,0.0
59,0,1,5,SJF,14302030,40.901547,328.16135099999997,1.0
59,0,1,5,SPJF-E,14302030,59.48306367999992,270.857677,0.8971341745257332
59,0,1,5,Guard(300),14302030,99.45689391999993,82.262359,0.6758421715197751
59,0,1,5,Guard(600),14302030,71.4663625199999,152.252906,0.8307955678172616
59,0,1,5,Guard(1200),14302030,67.62829527999999,99.163903,0.8520428083771927
59,0,2,4,FCFS,14302030,539.9262647599988,0.0,0.0
59,0,2,4,SJF,14302030,50.72152927999999,380.529309,1.0
59,0,2,4,SPJF-E,14302030,98.29445271999997,303.35853,0.9027545729022384
59,0,2,4,Guard(300),14302030,362.2164545999995,110.40476299999999,0.36326265318268774
59,0,2,4,Guard(600),14302030,167.61918499999737,298.572413,0.7610455352495729
59,0,2,4,Guard(1200),14302030,135.64000215999835,109.849187,0.8264152680438019
59,1,0,7,FCFS,14302030,75.53719947999993,0.0,0.0
59,1,0,7,SJF,14302030,26.903332,72.69130600000001,1.0
59,1,0,7,SPJF-E,14302030,34.844402479999935,96.60288899999999,0.8367172735488165
59,1,0,7,Guard(300),14302030,38.488639,57.546898999999996,0.7617852003079065
59,1,0,7,Guard(600),14302030,35.578543,96.60288899999999,0.82162202083625
59,1,0,7,Guard(1200),14302030,35.32832183999999,75.249307,0.826767019023016
59,1,1,5,FCFS,14302030,254.71923195999796,0.0,0.0
59,1,1,5,SJF,14302030,40.62339515999992,183.063398,1.0
59,1,1,5,SPJF-E,14302030,58.84748383999984,214.59204799999998,0.9148788273868944
59,1,1,5,Guard(300),14302030,113.76711911999986,100.370705,0.6583598959547793
59,1,1,5,Guard(600),14302030,73.57717263999982,211.980727,0.8460793167557745
59,1,1,5,Guard(1200),14302030,70.13975252,147.48362699999998,0.8621348373645705
59,1,2,4,FCFS,14302030,584.9015941999997,0.0,0.0
59,1,2,4,SJF,14302030,50.21451503999983,431.809594,1.0
59,1,2,4,SPJF-E,14302030,99.81475832,333.215783,0.907235006767093
59,1,2,4,Guard(300),14302030,410.18444539999865,98.770175,0.32676523448908457
59,1,2,4,Guard(600),14302030,184.44829115999778,215.344394,0.7489489060949801
59,1,2,4,Guard(1200),14302030,146.0002625999973,104.589513,0.8208564386659987
59,2,0,7,FCFS,14302030,71.75913711999998,0.0,0.0
59,2,0,7,SJF,14302030,26.832520719999998,197.6651,1.0
59,2,0,7,SPJF-E,14302030,34.80436803999994,95.224054,0.8225584751581704
59,2,0,7,Guard(300),14302030,38.37802447999989,63.9162,0.7430141709937476
59,2,0,7,Guard(600),14302030,35.61963856,95.224054,0.8044117597959145
59,2,0,7,Guard(1200),14302030,34.99299688,71.11665599999999,0.8183598763070881
59,2,1,5,FCFS,14302030,266.0425226399982,0.0,0.0
59,2,1,5,SJF,14302030,40.75026495999984,167.00418299999998,1.0
59,2,1,5,SPJF-E,14302030,59.8481102399998,217.291843,0.9152307963146863
59,2,1,5,Guard(300),14302030,108.58546791999983,100.357688,0.6989013130830619
59,2,1,5,Guard(600),14302030,76.73852371999978,164.36501099999998,0.8402596736763271
59,2,1,5,Guard(1200),14302030,69.06671991999958,147.946835,0.8743123476519109
59,2,2,4,FCFS,14302030,572.8314667599993,0.0,0.0
59,2,2,4,SJF,14302030,50.31018303999998,175.033545,1.0
59,2,2,4,SPJF-E,14302030,98.95297143999937,373.899811,0.9069075463229066
59,2,2,4,Guard(300),14302030,448.8184993599976,99.307444,0.2373357244265975
59,2,2,4,Guard(600),14302030,189.88476319999947,255.80545299999997,0.732882497787798
59,2,2,4,Guard(1200),14302030,146.6506189199994,103.218488,0.8156239011086391
59,3,0,8,FCFS,14302030,43.4798328799999,0.0,0.0
59,3,0,8,SJF,14302030,20.938976239999906,114.303958,1.0
59,3,0,8,SPJF-E,14302030,27.10648123999997,88.44899600000001,0.7263855097212462
59,3,0,8,Guard(300),14302030,28.043048599999853,86.227095,0.6848357418948586
59,3,0,8,Guard(600),14302030,27.00060899999999,88.44899600000001,0.7310824137338515
59,3,0,8,Guard(1200),14302030,27.104775,88.44899600000001,0.7264612051585234
59,3,1,5,FCFS,14302030,228.93204767999953,0.0,0.0
59,3,1,5,SJF,14302030,40.20497719999989,246.850359,1.0
59,3,1,5,SPJF-E,14302030,59.51863015999927,447.51703299999997,0.8976635788873427
59,3,1,5,Guard(300),14302030,100.57132815999913,96.99038900000001,0.6801394161077885
59,3,1,5,Guard(600),14302030,73.40169151999996,202.041559,0.8241019995935448
59,3,1,5,Guard(1200),14302030,67.15504071999993,137.74686200000002,0.8572008591483113
59,3,2,4,FCFS,14302030,584.2503849599999,0.0,0.0
59,3,2,4,SJF,14302030,49.47752887999995,227.47659,1.0
59,3,2,4,SPJF-E,14302030,96.72986007999994,358.397653,0.9116403709298753
59,3,2,4,Guard(300),14302030,358.81363347999985,99.402191,0.42155608482543394
59,3,2,4,Guard(600),14302030,171.7539242399954,293.00217499999997,0.7713489120291038
59,3,2,4,Guard(1200),14302030,139.7657637999997,145.669005,0.8311652622352003
59,4,0,7,FCFS,14302030,69.50862843999992,0.0,0.0
59,4,0,7,SJF,14302030,27.911626639999856,218.766717,1.0
59,4,0,7,SPJF-E,14302030,36.207212719999994,194.464359,0.800572499915123
59,4,0,7,Guard(300),14302030,39.33237511999995,90.114221,0.7254429890184999
59,4,0,7,Guard(600),14302030,36.655489239999916,180.161393,0.7897958453342171
59,4,0,7,Guard(1200),14302030,36.358482879999684,90.114221,0.796935935897192
59,4,1,5,FCFS,14302030,229.60545195999993,0.0,0.0
59,4,1,5,SJF,14302030,41.25246427999998,199.000676,1.0
59,4,1,5,SPJF-E,14302030,60.36899535999995,259.818357,0.8985068869070567
59,4,1,5,Guard(300),14302030,106.88802227999965,100.379035,0.6515289786031405
59,4,1,5,Guard(600),14302030,76.0124554,259.818357,0.8154529346831754
59,4,1,5,Guard(1200),14302030,69.61000975999906,147.86435899999998,0.8494446739110038
59,4,2,4,FCFS,14302030,519.3832646399995,0.0,0.0
59,4,2,4,SJF,14302030,50.50930235999994,620.854373,1.0
59,4,2,4,SPJF-E,14302030,101.93937355999981,295.682146,0.8903115222054341
59,4,2,4,Guard(300),14302030,388.16539027999926,99.240959,0.2798574561955315
59,4,2,4,Guard(600),14302030,179.48983523999988,174.450312,0.724914277063276
59,4,2,4,Guard(1200),14302030,147.02758408,103.549631,0.7941487702779243
60,0,0,7,FCFS,18382224,76.57860504999991,0.0,0.0
60,0,0,7,SJF,18382224,28.909796,160.084363,1.0
60,0,0,7,SPJF-E,18382224,35.22656544999998,101.149672,0.8674863170301924
60,0,0,7,Guard(300),18382224,37.051807999999845,85.180053,0.8291962362336414
60,0,0,7,Guard(600),18382224,35.30180394999999,101.149672,0.8659079578997788
60,0,0,7,Guard(1200),18382224,35.34069929999971,88.332995,0.8650920082090927
60,0,1,5,FCFS,18382224,205.17052299999983,0.0,0.0
60,0,1,5,SJF,18382224,40.68883034999996,248.26839299999997,1.0
60,0,1,5,SPJF-E,18382224,55.60543254999965,297.65503,0.9093114743672982
60,0,1,5,Guard(300),18382224,86.37930234999928,96.20049800000001,0.7222154559339078
60,0,1,5,Guard(600),18382224,58.43637224999997,199.67906399999998,0.8921001990308736
60,0,1,5,Guard(1200),18382224,61.37180409999991,110.377983,0.8742536423551331
60,0,2,4,FCFS,18382224,385.30320279999864,0.0,0.0
60,0,2,4,SJF,18382224,49.58207654999986,694.887664,1.0
60,0,2,4,SPJF-E,18382224,86.32877069999938,531.247147,0.8905439923889816
60,0,2,4,Guard(300),18382224,310.9815764999986,105.116813,0.22137905686833526
60,0,2,4,Guard(600),18382224,145.5163225499978,293.829163,0.7142442387478488
60,0,2,4,Guard(1200),18382224,118.62065109999955,101.599699,0.794357372378796
60,1,0,7,FCFS,18382224,71.51726644999927,0.0,0.0
60,1,0,7,SJF,18382224,27.853730799999834,139.49180800000002,1.0
60,1,0,7,SPJF-E,18382224,34.360602049999855,182.456253,0.8509769959501642
60,1,0,7,Guard(300),18382224,35.97968499999923,68.932326,0.8138961016548028
60,1,0,7,Guard(600),18382224,34.42879099999994,147.73127,0.8494153049651125
60,1,0,7,Guard(1200),18382224,34.63114869999998,96.23577,0.8447808268591224
60,1,1,5,FCFS,18382224,185.81171219999968,0.0,0.0
60,1,1,5,SJF,18382224,40.047363349999955,394.120683,1.0
60,1,1,5,SPJF-E,18382224,54.643638349999904,374.649619,0.8998638891117305
60,1,1,5,Guard(300),18382224,75.63631474999909,96.90702,0.7558459823627909
60,1,1,5,Guard(600),18382224,56.68906329999976,248.99727,0.8858314801850135
60,1,1,5,Guard(1200),18382224,58.369877149999695,101.30455500000001,0.8743004448992208
60,1,2,4,FCFS,18382224,350.57914879999936,0.0,0.0
60,1,2,4,SJF,18382224,49.277783299999996,1166.607293,1.0
60,1,2,4,SPJF-E,18382224,84.42524554999741,499.867684,0.8833478162580797
60,1,2,4,Guard(300),18382224,261.51125884999846,98.40614000000001,0.29561064153226047
60,1,2,4,Guard(600),18382224,126.69422244999998,173.421823,0.7430597799597422
60,1,2,4,Guard(1200),18382224,108.2590301999979,122.883173,0.804245006317444
60,2,0,8,FCFS,18382224,48.43570979999907,0.0,0.0
60,2,0,8,SJF,18382224,22.755241199999556,98.92831799999999,1.0
60,2,0,8,SPJF-E,18382224,26.954583599999598,196.53732300000001,0.8364771895167006
60,2,0,8,Guard(300),18382224,27.829562049999726,91.732798,0.8024054416981992
60,2,0,8,Guard(600),18382224,27.080723549999956,154.830275,0.8315652873249952
60,2,0,8,Guard(1200),18382224,27.046737399999873,104.541291,0.8328887113843242
60,2,1,5,FCFS,18382224,198.0422990999969,0.0,0.0
60,2,1,5,SJF,18382224,40.38593699999997,445.169853,1.0
60,2,1,5,SPJF-E,18382224,54.19342344999986,365.377919,0.9124203662568199
60,2,1,5,Guard(300),18382224,79.79127259999943,125.246332,0.7500555316949037
60,2,1,5,Guard(600),18382224,57.23467159999964,305.915818,0.8931300051861338
60,2,1,5,Guard(1200),18382224,57.64610939999985,97.300985,0.8905202925521505
60,2,2,4,FCFS,18382224,379.84366589999934,0.0,0.0
60,2,2,4,SJF,18382224,48.91676344999994,286.708438,1.0
60,2,2,4,SPJF-E,18382224,82.07645284999984,552.7203390000001,0.8997975409236786
60,2,2,4,Guard(300),18382224,293.8892242999966,98.76119200000001,0.2597384527025264
60,2,2,4,Guard(600),18382224,130.89104874999785,264.80127600000003,0.7522888447777871
60,2,2,4,Guard(1200),18382224,110.96079594999745,152.31067000000002,0.8125143890065817
60,3,0,8,FCFS,18382224,54.03656174999975,0.0,0.0
60,3,0,8,SJF,18382224,22.844506199999937,82.027373,1.0
60,3,0,8,SPJF-E,18382224,28.454711499999913,115.576319,0.8201399298290231
60,3,0,8,Guard(300),18382224,29.545536,62.059988,0.7851687013939003
60,3,0,8,Guard(600),18382224,28.506116199999497,115.576319,0.8184919236590807
60,3,0,8,Guard(1200),18382224,28.562761499999816,99.467638,0.8166759067598572
60,3,1,5,FCFS,18382224,231.51271814999876,0.0,0.0
60,3,1,5,SJF,18382224,40.992096249999996,324.455708,1.0
60,3,1,5,SPJF-E,18382224,57.08583469999942,377.04089799999997,0.915527577595003
60,3,1,5,Guard(300),18382224,94.08238634999981,117.403182,0.7213409783647144
60,3,1,5,Guard(600),18382224,62.5480529999996,285.957327,0.8868576192171262
60,3,1,5,Guard(1200),18382224,61.59129339999953,144.463913,0.8918794357032295
60,3,2,4,FCFS,18382224,440.72713669999786,0.0,0.0
60,3,2,4,SJF,18382224,48.860462849999564,362.196343,1.0
60,3,2,4,SPJF-E,18382224,91.24777404999956,422.462743,0.8918323143339683
60,3,2,4,Guard(300),18382224,373.0512912999984,98.487568,0.17270120149565188
60,3,2,4,Guard(600),18382224,168.8003744499951,255.009355,0.6939267368117478
60,3,2,4,Guard(1200),18382224,130.7246618499983,123.604939,0.791091704237816
60,4,0,8,FCFS,18382224,56.34603794999933,0.0,0.0
60,4,0,8,SJF,18382224,23.4556445,171.12174000000002,1.0
60,4,0,8,SPJF-E,18382224,28.517298,255.252526,0.8461054134942219
60,4,0,8,Guard(300),18382224,30.133338749999787,66.158736,0.7969712870674119
60,4,0,8,Guard(600),18382224,28.52205324999964,133.769272,0.8459608348041897
60,4,0,8,Guard(1200),18382224,28.63348284999998,134.338947,0.8425729276278972
60,4,1,5,FCFS,18382224,223.8645630999961,0.0,0.0
60,4,1,5,SJF,18382224,41.59287649999972,338.822953,1.0
60,4,1,5,SPJF-E,18382224,57.11430814999992,592.40931,0.9148445272026111
60,4,1,5,Guard(300),18382224,95.4587892499991,124.872574,0.7044746018715973
60,4,1,5,Guard(600),18382224,61.37324929999977,311.043527,0.8914786318765515
60,4,1,5,Guard(1200),18382224,62.16377719999819,121.963076,0.8871415463162843
60,4,2,4,FCFS,18382224,448.1441617999998,0.0,0.0
60,4,2,4,SJF,18382224,50.44193284999992,442.237957,1.0
60,4,2,4,SPJF-E,18382224,91.13239019999999,671.868657,0.8976861219575519
60,4,2,4,Guard(300),18382224,363.88850714998694,101.72508599999999,0.2118561288239742
60,4,2,4,Guard(600),18382224,162.21516764999825,222.40814500000002,0.7189524557227193
60,4,2,4,Guard(1200),18382224,129.61318999999966,125.04502000000001,0.8009283041761545
61,0,0,8,FCFS,16253055,36.64045576000019,0.0,0.0
61,0,0,8,SJF,16253055,18.183646420000052,58.26242,1.0
61,0,0,8,SPJF-E,16253055,23.63429468,351.65768699999995,0.7046809034220696
61,0,0,8,Guard(300),16253055,24.416195640000165,74.629106,0.6623170828073327
61,0,0,8,Guard(600),16253055,23.646063820000002,145.650974,0.7040432449956754
61,0,0,8,Guard(1200),16253055,23.770548560000055,108.801468,0.6972985938641135
61,0,1,5,FCFS,16253055,139.1664625200002,0.0,0.0
61,0,1,5,SJF,16253055,36.7423699,485.176865,1.0
61,0,1,5,SPJF-E,16253055,49.03939154000002,421.27113799999995,0.8799401456684343
61,0,1,5,Guard(300),16253055,60.4004134600001,63.433662,0.7690187635074014
61,0,1,5,Guard(600),16253055,51.90141906,156.718261,0.8519972325628403
61,0,1,5,Guard(1200),16253055,51.42286410000002,98.484193,0.8566695215503096
61,0,2,4,FCFS,16253055,305.37675460000094,0.0,0.0
61,0,2,4,SJF,16253055,44.707091220000095,634.9918759999999,1.0
61,0,2,4,SPJF-E,16253055,67.67726984000014,494.757142,0.9118801232097562
61,0,2,4,Guard(300),16253055,131.46932804000008,82.670797,0.6671563706532313
61,0,2,4,Guard(600),16253055,94.78043986000033,164.887297,0.8079049629683837
61,0,2,4,Guard(1200),16253055,87.38786900000038,90.257694,0.8362648831990058
61,1,0,7,FCFS,16253055,53.38391578000001,0.0,0.0
61,1,0,7,SJF,16253055,24.44651452000002,97.689212,1.0
61,1,0,7,SPJF-E,16253055,31.422897480000003,406.31894,0.7589146690361791
61,1,0,7,Guard(300),16253055,32.740219380000006,71.74801500000001,0.7133915106791455
61,1,0,7,Guard(600),16253055,31.511093,136.943501,0.7558668652887878
61,1,0,7,Guard(1200),16253055,31.52662400000002,105.361656,0.7553301550341082
61,1,1,5,FCFS,16253055,140.74929426,0.0,0.0
61,1,1,5,SJF,16253055,36.86227782000001,304.341255,1.0
61,1,1,5,SPJF-E,16253055,49.726514480000105,522.841503,0.8761708912159408
61,1,1,5,Guard(300),16253055,59.323432400000094,135.0268,0.7837924761948233
61,1,1,5,Guard(600),16253055,52.09597536000004,279.978283,0.8533628352990745
61,1,1,5,Guard(1200),16253055,51.155520480000014,124.593768,0.8624155053268368
61,1,2,4,FCFS,16253055,314.58752166000005,0.0,0.0
61,1,2,4,SJF,16253055,45.78594614,271.563164,1.0
61,1,2,4,SPJF-E,16253055,69.66046710000002,714.149961,0.9111816182110748
61,1,2,4,Guard(300),16253055,134.41653712000004,110.958918,0.6702750316528353
61,1,2,4,Guard(600),16253055,95.60595660000007,198.284182,0.814658785523773
61,1,2,4,Guard(1200),16253055,86.9578508400003,103.942972,0.8468316094488929
61,2,0,7,FCFS,16253055,56.2182720400001,0.0,0.0
61,2,0,7,SJF,16253055,26.56987930000023,95.54737800000001,1.0
61,2,0,7,SPJF-E,16253055,33.67953276000002,280.14405,0.7602010496033444
61,2,0,7,Guard(300),16253055,35.237948,60.547558,0.7076378211792465
61,2,0,7,Guard(600),16253055,33.78413978000004,145.270009,0.7566727969618822
61,2,0,7,Guard(1200),16253055,33.805948360000016,107.66554000000001,0.7559372231926318
61,2,1,5,FCFS,16253055,152.0197212800001,0.0,0.0
61,2,1,5,SJF,16253055,38.067265800000044,326.46453,1.0
61,2,1,5,SPJF-E,16253055,51.05403656000019,531.308956,0.8860334276668618
61,2,1,5,Guard(300),16253055,65.78263406000003,139.462907,0.7567812984524555
61,2,1,5,Guard(600),16253055,54.821978520000066,308.116742,0.852967514833933
61,2,1,5,Guard(1200),16253055,54.030381800000015,102.697986,0.8599142428940316
61,2,2,4,FCFS,16253055,352.3336081400009,0.0,0.0
61,2,2,4,SJF,16253055,46.3429573,794.9071389999999,1.0
61,2,2,4,SPJF-E,16253055,73.15229170000019,792.0388360000001,0.9123851191975846
61,2,2,4,Guard(300),16253055,159.68021236000038,81.528856,0.629605496936365
61,2,2,4,Guard(600),16253055,106.65897122000001,152.917419,0.8028828209148828
61,2,2,4,Guard(1200),16253055,91.23308458000002,95.489047,0.8532957554200813
61,3,0,8,FCFS,16253055,40.933413,0.0,0.0
61,3,0,8,SJF,16253055,18.420509220000028,63.163454,1.0
61,3,0,8,SPJF-E,16253055,24.03350034000002,92.80502700000001,0.750676715236243
61,3,0,8,Guard(300),16253055,24.879376720000046,53.658333999999996,0.713103757599766
61,3,0,8,Guard(600),16253055,24.03138126000001,92.80502700000001,0.7507708425874154
61,3,0,8,Guard(1200),16253055,24.176812900000062,92.827562,0.7443109189178065
61,3,1,5,FCFS,16253055,153.37473148000058,0.0,0.0
61,3,1,5,SJF,16253055,35.93456608,279.139126,1.0
61,3,1,5,SPJF-E,16253055,49.48089254000001,410.808534,0.8846533771996888
61,3,1,5,Guard(300),16253055,63.22757210000003,138.821701,0.7676007528851803
61,3,1,5,Guard(600),16253055,53.509913200000064,262.85103,0.8503463694883389
61,3,1,5,Guard(1200),16253055,52.329308580000095,114.785034,0.8603991875849316
61,3,2,4,FCFS,16253055,370.17476014000005,0.0,0.0
61,3,2,4,SJF,16253055,45.363097280000034,632.8576899999999,1.0
61,3,2,4,SPJF-E,16253055,69.49702442000007,494.259881,0.9256987051280785
61,3,2,4,Guard(300),16253055,156.4966871800001,107.839172,0.6578522183549156
61,3,2,4,Guard(600),16253055,106.69108288000011,286.875082,0.8111890901330301
61,3,2,4,Guard(1200),16253055,91.00085452,107.767935,0.8594947089086801
61,4,0,8,FCFS,16253055,37.92894332000003,0.0,0.0
61,4,0,8,SJF,16253055,19.814003,58.499672000000004,1.0
61,4,0,8,SPJF-E,16253055,25.547435460000067,275.104174,0.6834970273862842
61,4,0,8,Guard(300),16253055,26.38178082000002,51.880589,0.6374386167450531
61,4,0,8,Guard(600),16253055,25.57453192000009,132.515978,0.6820012200846113
61,4,0,8,Guard(1200),16253055,25.707308400000016,107.24627600000001,0.6746715530995463
61,4,1,5,FCFS,16253055,131.22212194,0.0,0.0
61,4,1,5,SJF,16253055,37.08109794000006,185.440307,1.0
61,4,1,5,SPJF-E,16253055,49.13319062000006,390.93706399999996,0.8719783133015422
61,4,1,5,Guard(300),16253055,58.54313154000009,81.665853,0.7720225180469671
61,4,1,5,Guard(600),16253055,51.333726160000026,157.80758899999998,0.8486034290427946
61,4,1,5,Guard(1200),16253055,51.457735,105.593122,0.8472861623005083
61,4,2,4,FCFS,16253055,284.2017652000008,0.0,0.0
61,4,2,4,SJF,16253055,45.649385160000016,921.2232230000001,1.0
61,4,2,4,SPJF-E,16253055,69.28610786,872.72881,0.9009160055496551
61,4,2,4,Guard(300),16253055,130.11068454000002,151.142607,0.6459423319698699
61,4,2,4,Guard(600),16253055,91.04498868000009,349.38294,0.8097038331271813
61,4,2,4,Guard(1200),16253055,83.38640896000013,100.46742,0.8418082276367466
62,0,0,8,FCFS,14629137,37.99189113999995,0.0,0.0
62,0,0,8,SJF,14629137,15.646111999999984,701.08281,1.0
62,0,0,8,SPJF-E,14629137,21.018503,178.07164,0.7595791596103628
62,0,0,8,Guard(300),14629137,23.442948979999954,78.748616,0.6510823394811383
62,0,0,8,Guard(600),14629137,21.928236899999956,144.862291,0.7188674934697318
62,0,0,8,Guard(1200),14629137,21.09751951999999,144.298191,0.7560430770461819
62,0,1,5,FCFS,14629137,193.71130379999943,0.0,0.0
62,0,1,5,SJF,14629137,38.56817945999993,1339.20809,1.0
62,0,1,5,SPJF-E,14629137,53.962959469999994,499.598953,0.9007704654944162
62,0,1,5,Guard(300),14629137,94.27486326999988,147.82357100000002,0.6409335956911789
62,0,1,5,Guard(600),14629137,70.54382968999998,320.517589,0.7938957954725423
62,0,1,5,Guard(1200),14629137,62.261087769999996,147.95677,0.8472835427880352
62,0,2,4,FCFS,14629137,475.1047771999987,0.0,0.0
62,0,2,4,SJF,14629137,47.06544432999998,3121.254517,1.0
62,0,2,4,SPJF-E,14629137,87.07251926999997,750.3199960000001,0.9065341152838619
62,0,2,4,Guard(300),14629137,300.345295159999,101.74274799999999,0.40827902629470847
62,0,2,4,Guard(600),14629137,168.90270682,167.71438500000002,0.7153596570831877
62,0,2,4,Guard(1200),14629137,131.10288749999953,87.048815,0.8036688763938364
62,1,0,8,FCFS,14629137,44.480740109999935,0.0,0.0
62,1,0,8,SJF,14629137,17.421565689999987,97.976196,1.0
62,1,0,8,SPJF-E,14629137,23.089215269999983,214.300791,0.7905461012213688
62,1,0,8,Guard(300),14629137,25.435403369999985,64.0294,0.7038402740744071
62,1,0,8,Guard(600),14629137,23.69218331999996,146.100024,0.7682627883367632
62,1,0,8,Guard(1200),14629137,23.19618,102.10876400000001,0.7865931081130145
62,1,1,5,FCFS,14629137,228.20995490999994,0.0,0.0
62,1,1,5,SJF,14629137,38.38306605999998,1184.17558,1.0
62,1,1,5,SPJF-E,14629137,55.66402001999997,664.3297210000001,0.9089646674151873
62,1,1,5,Guard(300),14629137,104.90660509999984,147.303876,0.6495568175667339
62,1,1,5,Guard(600),14629137,74.63205289999998,309.80258100000003,0.8090418746279736
62,1,1,5,Guard(1200),14629137,66.2214075199999,169.549045,0.8533487977986216
62,1,2,4,FCFS,14629137,544.613725279999,0.0,0.0
62,1,2,4,SJF,14629137,48.07250711999999,3083.4896280000003,1.0
62,1,2,4,SPJF-E,14629137,93.15699320999997,941.289749,0.9092029333293484
62,1,2,4,Guard(300),14629137,430.31164425999987,129.30041300000002,0.23019656141248668
62,1,2,4,Guard(600),14629137,203.92685274999957,213.840761,0.6861200240182698
62,1,2,4,Guard(1200),14629137,145.2134077199999,168.226044,0.8043648804021372
62,2,0,7,FCFS,14629137,55.64617076999999,0.0,0.0
62,2,0,7,SJF,14629137,22.696435639999986,97.30975600000001,1.0
62,2,0,7,SPJF-E,14629137,28.569877019999936,127.768199,0.8217454144372677
62,2,0,7,Guard(300),14629137,32.73136846,72.090428,0.6954472386376354
62,2,0,7,Guard(600),14629137,29.92656649999999,127.768199,0.7805708958972137
62,2,0,7,Guard(1200),14629137,29.228872819999985,83.834957,0.8017453811319909
62,2,1,5,FCFS,14629137,173.71460753999983,0.0,0.0
62,2,1,5,SJF,14629137,37.066122829999955,153.742303,1.0
62,2,1,5,SPJF-E,14629137,51.09621903999999,251.594429,0.8973270999691274
62,2,1,5,Guard(300),14629137,80.34539278,99.856773,0.6832802790177381
62,2,1,5,Guard(600),14629137,63.243375229999955,156.680647,0.8084336430399922
62,2,1,5,Guard(1200),14629137,57.63186820999998,109.102662,0.8494989137739408
62,2,2,4,FCFS,14629137,482.7952878599993,0.0,0.0
62,2,2,4,SJF,14629137,46.42444918999996,2257.005425,1.0
62,2,2,4,SPJF-E,14629137,81.21352961999997,634.1509900000001,0.9202763398763479
62,2,2,4,Guard(300),14629137,281.4490474199994,120.407736,0.4614108519571946
62,2,2,4,Guard(600),14629137,150.04317820999998,216.296202,0.7625443319360747
62,2,2,4,Guard(1200),14629137,117.32416392999998,132.16593,0.8375241687641342
62,3,0,8,FCFS,14629137,36.14089284999997,0.0,0.0
62,3,0,8,SJF,14629137,16.23248948999996,113.03263,1.0
62,3,0,8,SPJF-E,14629137,20.98338169999998,84.60101200000001,0.7613624697023409
62,3,0,8,Guard(300),14629137,23.36549939999996,64.76190700000001,0.6417085900353189
62,3,0,8,Guard(600),14629137,21.554195099999927,84.60101200000001,0.7326904868377168
62,3,0,8,Guard(1200),14629137,21.130415659999965,83.40549899999999,0.753976947250279
62,3,1,5,FCFS,14629137,171.2568071099996,0.0,0.0
62,3,1,5,SJF,14629137,34.97278981999997,936.358445,1.0
62,3,1,5,SPJF-E,14629137,49.39523483999989,268.951942,0.8941736139953206
62,3,1,5,Guard(300),14629137,83.64077164999989,119.440733,0.6428929613482188
62,3,1,5,Guard(600),14629137,62.815955289999835,153.151706,0.7956974997974106
62,3,1,5,Guard(1200),14629137,56.102694719999775,109.28705199999999,0.844956838518802
62,3,2,4,FCFS,14629137,409.86656713999923,0.0,0.0
62,3,2,4,SJF,14629137,46.92814891999998,2911.216244,1.0
62,3,2,4,SPJF-E,14629137,82.79120936,563.60391,0.9011869269285755
62,3,2,4,Guard(300),14629137,284.2290834499999,118.346192,0.3461674966959346
62,3,2,4,Guard(600),14629137,145.00355570999903,182.45394299999998,0.7297739730310128
62,3,2,4,Guard(1200),14629137,119.42067608999996,117.27048099999999,0.8002621835254216
62,4,0,8,FCFS,14629137,37.18986866999999,0.0,0.0
62,4,0,8,SJF,14629137,15.991317,324.09392599999995,1.0
62,4,0,8,SPJF-E,14629137,21.762700539999898,196.583225,0.7277463276810788
62,4,0,8,Guard(300),14629137,24.044701,65.85234100000001,0.6200974422513459
62,4,0,8,Guard(600),14629137,22.580648539999988,145.43719599999997,0.6891612388158974
62,4,0,8,Guard(1200),14629137,22.004347679999913,144.679197,0.7163470989148045
62,4,1,5,FCFS,14629137,190.25175284999972,0.0,0.0
62,4,1,5,SJF,14629137,37.08157452999999,1583.1217470000001,1.0
62,4,1,5,SPJF-E,14629137,53.39603690999992,506.584423,0.8934879977359815
62,4,1,5,Guard(300),14629137,94.10991773999984,90.329536,0.6276798536405859
62,4,1,5,Guard(600),14629137,70.89256325999999,156.856782,0.7792586709707758
62,4,1,5,Guard(1200),14629137,62.81660532999997,94.17396199999999,0.8319840645074204
62,4,2,4,FCFS,14629137,505.26797485999856,0.0,0.0
62,4,2,4,SJF,14629137,47.18644433999995,3140.95511,1.0
62,4,2,4,SPJF-E,14629137,88.22863677999986,687.4187909999999,0.9104041754457766
62,4,2,4,Guard(300),14629137,348.90603859999993,101.84156800000001,0.341340844025084
62,4,2,4,Guard(600),14629137,171.45771089999997,171.03189,0.72871364968823
62,4,2,4,Guard(1200),14629137,130.45193938999986,92.657374,0.818229966714703
63,0,0,7,FCFS,19872215,123.96154606000032,0.0,0.0
63,0,0,7,SJF,19872215,35.65274,359.90505,1.0
63,0,0,7,SPJF-E,19872215,47.25552990000028,213.712183,0.8686111791374814
63,0,0,7,Guard(300),19872215,55.98126126000009,95.661743,0.7698018785783591
63,0,0,7,Guard(600),19872215,48.37154792000008,213.712183,0.8559735038048364
63,0,0,7,Guard(1200),19872215,47.815487560000236,147.34783800000002,0.862270275155386
63,0,1,5,FCFS,19872215,273.6104769000004,0.0,0.0
63,0,1,5,SJF,19872215,48.62689584000001,386.00753,1.0
63,0,1,5,SPJF-E,19872215,84.14974706000014,360.330411,0.8421091394641521
63,0,1,5,Guard(300),19872215,169.55003244000014,97.996691,0.46252461610631307
63,0,1,5,Guard(600),19872215,95.63128964000002,192.447858,0.7910763373107457
63,0,1,5,Guard(1200),19872215,94.68251940000012,155.688197,0.7952934016650858
63,0,2,4,FCFS,19872215,448.484897,0.0,0.0
63,0,2,4,SJF,19872215,58.48376984000018,735.055619,1.0
63,0,2,4,SPJF-E,19872215,161.0520205000003,613.269255,0.73700524558248
63,0,2,4,Guard(300),19872215,398.2836059600014,82.275369,0.1287208870537527
63,0,2,4,Guard(600),19872215,215.2831048800007,208.633177,0.5979515849561305
63,0,2,4,Guard(1200),19872215,196.87616832000094,131.18667,0.6451487217799127
63,1,0,9,FCFS,19872215,71.38231308000037,0.0,0.0
63,1,0,9,SJF,19872215,27.417424780000044,110.630717,1.0
63,1,0,9,SPJF-E,19872215,35.062347620000004,155.109337,0.8261129929903654
63,1,0,9,Guard(300),19872215,38.890908620000104,84.19081,0.7390307519557607
63,1,0,9,Guard(600),19872215,35.478535760000035,150.046685,0.8166466175236494
63,1,0,9,Guard(1200),19872215,35.10566192000006,85.688716,0.8251277908967198
63,1,1,5,FCFS,19872215,310.99021936000037,0.0,0.0
63,1,1,5,SJF,19872215,49.26616848000002,1612.420131,1.0
63,1,1,5,SPJF-E,19872215,90.9715789600004,358.78515899999996,0.8406512113052913
63,1,1,5,Guard(300),19872215,202.1271531600008,128.911058,0.4159459775819875
63,1,1,5,Guard(600),19872215,110.69465078,336.010492,0.7652929408151155
63,1,1,5,Guard(1200),19872215,101.93043362000114,156.54642199999998,0.7987794206801899
63,1,2,4,FCFS,19872215,543.2304717400007,0.0,0.0
63,1,2,4,SJF,19872215,60.01844620000017,759.35208,1.0
63,1,2,4,SPJF-E,19872215,176.49852324000014,426.28195200000005,0.7589462370895451
63,1,2,4,Guard(300),19872215,478.44697528000137,82.016412,0.13406846898647082
63,1,2,4,Guard(600),19872215,278.61504546000145,190.73804700000002,0.547617634276145
63,1,2,4,Guard(1200),19872215,218.43219094000034,135.272032,0.6721651441456384
63,2,0,8,FCFS,19872215,95.72746932000008,0.0,0.0
63,2,0,8,SJF,19872215,31.28226252000005,215.814431,1.0
63,2,0,8,SPJF-E,19872215,39.893050740000035,150.415729,0.8663859013328515
63,2,0,8,Guard(300),19872215,44.425013080000156,123.442809,0.7960631796746737
63,2,0,8,Guard(600),19872215,40.265539660000044,143.862973,0.8606059692246966
63,2,0,8,Guard(1200),19872215,40.21015958000016,114.893076,0.8614653051280129
63,2,1,5,FCFS,19872215,284.50353532000065,0.0,0.0
63,2,1,5,SJF,19872215,49.08623958000005,249.603128,1.0
63,2,1,5,SPJF-E,19872215,89.44657340000049,349.03258500000004,0.828558332160203
63,2,1,5,Guard(300),19872215,192.49968934000094,114.036196,0.3908117527677768
63,2,1,5,Guard(600),19872215,102.15551682000009,307.662956,0.7745735840130846
63,2,1,5,Guard(1200),19872215,96.19402244000008,154.343672,0.7998966783136156
63,2,2,4,FCFS,19872215,494.3593524200005,0.0,0.0
63,2,2,4,SJF,19872215,59.493270980000055,249.141581,1.0
63,2,2,4,SPJF-E,19872215,166.93018836000033,637.0168950000001,0.7529425219271243
63,2,2,4,Guard(300),19872215,434.00714116000233,100.127301,0.13878344123816222
63,2,2,4,Guard(600),19872215,240.46418386000002,198.87624399999999,0.5838467965109185
63,2,2,4,Guard(1200),19872215,202.46871174000128,160.75921200000002,0.6712196079157121
63,3,0,8,FCFS,19872215,90.4188664400001,0.0,0.0
63,3,0,8,SJF,19872215,30.931885740000045,200.239253,1.0
63,3,0,8,SPJF-E,19872215,39.20606040000004,200.786862,0.8609078059999775
63,3,0,8,Guard(300),19872215,43.64037594000011,143.510609,0.7863651836005847
63,3,0,8,Guard(600),19872215,39.70735852000001,200.786862,0.8524807835809365
63,3,0,8,Guard(1200),19872215,39.44464952000006,144.250997,0.8568970272179235
63,3,1,5,FCFS,19872215,273.21268534000046,0.0,0.0
63,3,1,5,SJF,19872215,48.576947960000055,1687.020226,1.0
63,3,1,5,SPJF-E,19872215,84.30767178000161,370.645192,0.8409392724561968
63,3,1,5,Guard(300),19872215,177.3652934000002,113.473637,0.4266791787357591
63,3,1,5,Guard(600),19872215,96.23522118000132,337.435691,0.7878419801948916
63,3,1,5,Guard(1200),19872215,91.18290120000056,160.025923,0.8103331476241153
63,3,2,4,FCFS,19872215,460.0552031000001,0.0,0.0
63,3,2,4,SJF,19872215,59.52916872000007,544.9263980000001,1.0
63,3,2,4,SPJF-E,19872215,158.5359264800003,613.86475,0.7528081840840656
63,3,2,4,Guard(300),19872215,412.07744608,111.567346,0.11978686253009227
63,3,2,4,Guard(600),19872215,213.43473124000013,283.203851,0.6157414267508469
63,3,2,4,Guard(1200),19872215,187.28079394000218,164.457472,0.6810403962435124
63,4,0,8,FCFS,19872215,93.59798676000025,0.0,0.0
63,4,0,8,SJF,19872215,31.32224464000006,285.768204,1.0
63,4,0,8,SPJF-E,19872215,39.81945936000003,182.804686,0.8635549825544184
63,4,0,8,Guard(300),19872215,44.84361956000006,94.432862,0.7828789435548528
63,4,0,8,Guard(600),19872215,40.28018952000019,153.2277,0.8561567542183776
63,4,0,8,Guard(1200),19872215,40.182825,144.839941,0.8577201963659248
63,4,1,5,FCFS,19872215,291.86322612000004,0.0,0.0
63,4,1,5,SJF,19872215,48.614922000000085,323.51417999999995,1.0
63,4,1,5,SPJF-E,19872215,86.67342610000038,365.085821,0.8435405161911216
63,4,1,5,Guard(300),19872215,199.62204184000205,102.476539,0.37920586790398875
63,4,1,5,Guard(600),19872215,103.99024790000047,316.741849,0.7723506188446746
63,4,1,5,Guard(1200),19872215,97.66551304000015,157.63522700000001,0.7983517656271006
63,4,2,4,FCFS,19872215,514.9657140000003,0.0,0.0
63,4,2,4,SJF,19872215,59.21726362000012,1929.168373,1.0
63,4,2,4,SPJF-E,19872215,165.6236938200001,418.291312,0.7665237696117694
63,4,2,4,Guard(300),19872215,456.4877489600004,104.837841,0.12831193389959164
63,4,2,4,Guard(600),19872215,250.6102607400016,287.634382,0.5800468504930314
63,4,2,4,Guard(1200),19872215,209.58636968000022,131.085627,0.6700611797261773
64,0,0,8,FCFS,14712718,31.201173,0.0,0.0
64,0,0,8,SJF,14712718,13.548724249999994,353.806451,1.0
64,0,0,8,SPJF-E,14712718,17.014603399999935,206.393142,0.8036601494169505
64,0,0,8,Guard(300),14712718,17.703451249999933,66.605765,0.7646373566160368
64,0,0,8,Guard(600),14712718,17.118976799999906,149.941339,0.7977474626572753
64,0,0,8,Guard(1200),14712718,17.05867469999993,108.985496,0.8011635382881407
64,0,1,5,FCFS,14712718,136.28868394999952,0.0,0.0
64,0,1,5,SJF,14712718,34.85754454999994,659.006412,1.0
64,0,1,5,SPJF-E,14712718,45.84175034999962,564.1170490000001,0.8917077549855492
64,0,1,5,Guard(300),14712718,59.6351705499999,110.013323,0.7557197311735999
64,0,1,5,Guard(600),14712718,49.70792879999988,207.764676,0.8535914676908382
64,0,1,5,Guard(1200),14712718,48.875112649999984,103.308175,0.8618021232639324
64,0,2,4,FCFS,14712718,306.0778581499981,0.0,0.0
64,0,2,4,SJF,14712718,43.38259469999984,475.12393199999997,1.0
64,0,2,4,SPJF-E,14712718,63.72168039999924,783.597561,0.9225753619121848
64,0,2,4,Guard(300),14712718,174.4913154499989,146.939913,0.5009094605356125
64,0,2,4,Guard(600),14712718,93.79798224999992,300.683174,0.808084139440161
64,0,2,4,Guard(1200),14712718,83.15342989999998,146.795993,0.8486046734239265
64,1,0,8,FCFS,14712718,29.252139049999762,0.0,0.0
64,1,0,8,SJF,14712718,13.149069499999966,220.407384,1.0
64,1,0,8,SPJF-E,14712718,16.301380849999983,227.981127,0.8042415863502212
64,1,0,8,Guard(300),14712718,17.048867499999872,66.968291,0.757822694121075
64,1,0,8,Guard(600),14712718,16.439689299999806,174.85999299999997,0.7956526369222643
64,1,0,8,Guard(1200),14712718,16.447527299999944,115.898529,0.7951658974235742
64,1,1,5,FCFS,14712718,122.0842376999994,0.0,0.0
64,1,1,5,SJF,14712718,33.36282404999993,642.283135,1.0
64,1,1,5,SPJF-E,14712718,43.15178844999993,574.567285,0.88966627111447
64,1,1,5,Guard(300),14712718,55.689482999999996,114.540948,0.7483509557447161
64,1,1,5,Guard(600),14712718,46.97211899999983,225.392722,0.8466064235215217
64,1,1,5,Guard(1200),14712718,46.72364959999999,111.519443,0.8494069807914953
64,1,2,4,FCFS,14712718,286.74580169999984,0.0,0.0
64,1,2,4,SJF,14712718,42.434996299999995,689.808777,1.0
64,1,2,4,SPJF-E,14712718,61.786106299999325,477.89856599999996,0.9207930653402064
64,1,2,4,Guard(300),14712718,150.8733265999996,99.392846,0.5561459914863035
64,1,2,4,Guard(600),14712718,83.65745419999934,214.30543600000001,0.831270426895333
64,1,2,4,Guard(1200),14712718,77.59882164999986,99.95523200000001,0.8560692995447843
64,2,0,7,FCFS,14712718,43.03380999999991,0.0,0.0
64,2,0,7,SJF,14712718,20.308690399999985,224.50740199999998,1.0
64,2,0,7,SPJF-E,14712718,24.98061474999997,215.716319,0.7944158520512253
64,2,0,7,Guard(300),14712718,26.340206,95.490402,0.7345881691201294
64,2,0,7,Guard(600),14712718,25.151488049999987,150.648663,0.7868967145061795
64,2,0,7,Guard(1200),14712718,25.155563799999957,103.783632,0.7867173645149931
64,2,1,5,FCFS,14712718,127.83076039999831,0.0,0.0
64,2,1,5,SJF,14712718,32.43539584999999,491.904069,1.0
64,2,1,5,SPJF-E,14712718,41.843879949999895,469.32889,0.9013737811645055
64,2,1,5,Guard(300),14712718,54.86080304999969,97.955127,0.7649214161947443
64,2,1,5,Guard(600),14712718,45.26094299999971,211.42697,0.8655537697193071
64,2,1,5,Guard(1200),14712718,45.466845449999745,100.28418,0.8633953582391337
64,2,2,4,FCFS,14712718,285.9434542499998,0.0,0.0
64,2,2,4,SJF,14712718,42.27869024999981,1214.592539,1.0
64,2,2,4,SPJF-E,14712718,61.26835524999998,696.04516,0.9220664297608488
64,2,2,4,Guard(300),14712718,166.87370214999976,147.199243,0.4886621690610959
64,2,2,4,Guard(600),14712718,86.64724929999993,330.004204,0.8179114685207414
64,2,2,4,Guard(1200),14712718,81.16042389999994,147.103698,0.840429395651149
64,3,0,9,FCFS,14712718,19.480701799999913,0.0,0.0
64,3,0,9,SJF,14712718,9.607649599999961,92.158383,1.0
64,3,0,9,SPJF-E,14712718,11.927219649999966,100.0227,0.7650604896021905
64,3,0,9,Guard(300),14712718,12.417871499999976,100.0227,0.715364423982279
64,3,0,9,Guard(600),14712718,12.022524,100.0227,0.7554075121774347
64,3,0,9,Guard(1200),14712718,12.007722,100.0227,0.7569067446032495
64,3,1,6,FCFS,14712718,67.29494399999993,0.0,0.0
64,3,1,6,SJF,14712718,26.905311749999964,272.675221,1.0
64,3,1,6,SPJF-E,14712718,34.12762364999993,260.037469,0.8211840143704212
64,3,1,6,Guard(300),14712718,38.6311448499999,93.354227,0.7096821028866896
64,3,1,6,Guard(600),14712718,35.43114054999989,154.84186599999998,0.788910462288254
64,3,1,6,Guard(1200),14712718,35.24662874999997,110.544769,0.7934787584009257
64,3,2,5,FCFS,14712718,122.9779379,0.0,0.0
64,3,2,5,SJF,14712718,34.961367599999505,284.482963,1.0
64,3,2,5,SPJF-E,14712718,45.534951149999976,401.520417,0.8798682621469923
64,3,2,5,Guard(300),14712718,59.314617449999965,113.30091300000001,0.7233106247267588
64,3,2,5,Guard(600),14712718,49.802906299999314,202.95850399999998,0.8313779024857127
64,3,2,5,Guard(1200),14712718,49.196209,110.28629600000001,0.8382708920436039
64,4,0,7,FCFS,14712718,48.89369754999974,0.0,0.0
64,4,0,7,SJF,14712718,21.39580934999998,201.299276,1.0
64,4,0,7,SPJF-E,14712718,26.74491654999994,271.704284,0.8054720725790133
64,4,0,7,Guard(300),14712718,29.097076,66.113117,0.7199324328476945
64,4,0,7,Guard(600),14712718,26.98038989999991,146.337311,0.7969087477052155
64,4,0,7,Guard(1200),14712718,27.005429399999986,99.481664,0.7959981505052429
64,4,1,5,FCFS,14712718,142.72553299999896,0.0,0.0
64,4,1,5,SJF,14712718,33.87812559999997,200.981405,1.0
64,4,1,5,SPJF-E,14712718,45.274728,579.762213,0.895297438200626
64,4,1,5,Guard(300),14712718,60.995595699999896,104.85522599999999,0.7508671014979069
64,4,1,5,Guard(600),14712718,49.04985534999976,259.87508499999996,0.8606146888345645
64,4,1,5,Guard(1200),14712718,49.1231991499997,110.47150900000001,0.8599408666301421
64,4,2,4,FCFS,14712718,331.7093883499992,0.0,0.0
64,4,2,4,SJF,14712718,43.92676039999958,854.4361269999999,1.0
64,4,2,4,SPJF-E,14712718,67.02559004999995,511.882752,0.9197351493571959
64,4,2,4,Guard(300),14712718,190.56234014999984,87.995656,0.4904641020392751
64,4,2,4,Guard(600),14712718,97.97323564999702,242.250349,0.8121968805587956
64,4,2,4,Guard(1200),14712718,86.8479850999999,103.979193,0.8508554008080793
65,0,0,8,FCFS,14268280,60.44395801000059,0.0,0.0
65,0,0,8,SJF,14268280,20.076314700000026,115.706305,1.0
65,0,0,8,SPJF-E,14268280,27.966406250000066,190.960349,0.8045441620307476
65,0,0,8,Guard(300),14268280,31.201076,109.529762,0.7244139021302748
65,0,0,8,Guard(600),14268280,28.405130550000262,190.960349,0.7936759452108795
65,0,0,8,Guard(1200),14268280,28.055157100000017,86.775686,0.8023455979650084
65,0,1,5,FCFS,14268280,199.12202637000075,0.0,0.0
65,0,1,5,SJF,14268280,41.78145113000006,404.07377499999996,1.0
65,0,1,5,SPJF-E,14268280,62.1616140100001,194.152215,0.8704710285384872
65,0,1,5,Guard(300),14268280,102.61361737000021,142.319714,0.6133726716887279
65,0,1,5,Guard(600),14268280,67.52917735000014,194.152215,0.8363567301014021
65,0,1,5,Guard(1200),14268280,65.56247011000059,104.495839,0.8488564126340203
65,0,2,4,FCFS,14268280,324.0614520700007,0.0,0.0
65,0,2,4,SJF,14268280,53.51087939000004,514.2579929999999,1.0
65,0,2,4,SPJF-E,14268280,103.06715956000019,353.975086,0.816831730647956
65,0,2,4,Guard(300),14268280,254.15136616000024,96.324849,0.2583993270370494
65,0,2,4,Guard(600),14268280,120.61344065000041,205.10724,0.7519777519030895
65,0,2,4,Guard(1200),14268280,120.8385528700006,95.71069399999999,0.7511456996262442
65,1,0,7,FCFS,14268280,81.79495398000002,0.0,0.0
65,1,0,7,SJF,14268280,26.655424,217.890688,1.0
65,1,0,7,SPJF-E,14268280,35.62031555000024,185.338982,0.8374144365530146
65,1,0,7,Guard(300),14268280,42.54131427000066,61.451971,0.7118965236779724
65,1,0,7,Guard(600),14268280,36.60292713000036,185.338982,0.8195939803330119
65,1,0,7,Guard(1200),14268280,35.876115050000074,64.81071,0.8327753056048072
65,1,1,5,FCFS,14268280,182.99345458000025,0.0,0.0
65,1,1,5,SJF,14268280,41.52530572000012,367.507797,1.0
65,1,1,5,SPJF-E,14268280,61.61491677000026,270.03373400000004,0.857991984684261
65,1,1,5,Guard(300),14268280,109.950573,92.904982,0.5163203319517882
65,1,1,5,Guard(600),14268280,67.94908272000005,192.748408,0.8132174824302716
65,1,1,5,Guard(1200),14268280,65.80844958000006,92.30991900000001,0.8283490378881606
65,1,2,4,FCFS,14268280,302.1101306400002,0.0,0.0
65,1,2,4,SJF,14268280,53.281372640000136,981.240123,1.0
65,1,2,4,SPJF-E,14268280,101.85641443000024,214.667758,0.8047852580206983
65,1,2,4,Guard(300),14268280,255.37825214000196,92.161858,0.18780738559165344
65,1,2,4,Guard(600),14268280,124.5754523000011,148.066973,0.7134813506564183
65,1,2,4,Guard(1200),14268280,123.25785738,92.12405500000001,0.7187765381202447
65,2,0,8,FCFS,14268280,65.1974100600005,0.0,0.0
65,2,0,8,SJF,14268280,21.530295,177.531353,1.0
65,2,0,8,SPJF-E,14268280,29.841314570000055,94.156048,0.8096732619368063
65,2,0,8,Guard(300),14268280,35.1094790100002,62.140024999999994,0.6890295135975477
65,2,0,8,Guard(600),14268280,30.531489200000017,94.156048,0.7938678983571048
65,2,0,8,Guard(1200),14268280,29.91050606000007,71.804991,0.8080887402686139
65,2,1,5,FCFS,14268280,219.6914752500007,0.0,0.0
65,2,1,5,SJF,14268280,44.58400042000012,454.69962699999996,1.0
65,2,1,5,SPJF-E,14268280,69.28711038000034,112.59328500000001,0.8589260111027087
65,2,1,5,Guard(300),14268280,127.24004097000291,97.67787700000001,0.5279696618876627
65,2,1,5,Guard(600),14268280,79.38534919000061,112.59328500000001,0.8012572061598934
65,2,1,5,Guard(1200),14268280,74.93615404000047,105.765544,0.826665574102607
65,2,2,4,FCFS,14268280,383.32908621000183,0.0,0.0
65,2,2,4,SJF,14268280,56.96987746000031,608.315303,1.0
65,2,2,4,SPJF-E,14268280,117.81501505000082,374.87577699999997,0.8135639014966197
65,2,2,4,Guard(300),14268280,315.24488673000286,131.546729,0.20861736900506153
65,2,2,4,Guard(600),14268280,160.92847227000047,248.753577,0.6814595941442094
65,2,2,4,Guard(1200),14268280,140.2804754200006,130.467315,0.7447272951816166
65,3,0,8,FCFS,14268280,58.23278833000048,0.0,0.0
65,3,0,8,SJF,14268280,19.489644490000014,193.686095,1.0
65,3,0,8,SPJF-E,14268280,27.690009610000168,103.09293,0.7883402246894154
65,3,0,8,Guard(300),14268280,31.478177010000127,61.353829,0.690563766081819
65,3,0,8,Guard(600),14268280,28.199336870000018,103.09293,0.7751939693905877
65,3,0,8,Guard(1200),14268280,27.742849,79.281356,0.7869763862198775
65,3,1,5,FCFS,14268280,205.40841768000135,0.0,0.0
65,3,1,5,SJF,14268280,41.14909851000011,183.85557599999999,1.0
65,3,1,5,SPJF-E,14268280,64.16650146,163.512748,0.8598715551342454
65,3,1,5,Guard(300),14268280,110.66854560000026,79.59322399999999,0.5767701495337957
65,3,1,5,Guard(600),14268280,70.29063654000025,163.512748,0.822588221007784
65,3,1,5,Guard(1200),14268280,68.27058767000047,150.413107,0.8348861465087968
65,3,2,4,FCFS,14268280,332.48128309000003,0.0,0.0
65,3,2,4,SJF,14268280,54.04034538000002,229.786385,1.0
65,3,2,4,SPJF-E,14268280,105.6053216500012,123.069473,0.8148082078228497
65,3,2,4,Guard(300),14268280,262.5584616300011,75.89474399999999,0.2511226331697838
65,3,2,4,Guard(600),14268280,127.97452459000019,123.069473,0.7344708726451582
65,3,2,4,Guard(1200),14268280,124.93795891000016,100.12944800000001,0.745376473326487
65,4,0,7,FCFS,14268280,86.83719207000017,0.0,0.0
65,4,0,7,SJF,14268280,27.671063200000017,148.731568,1.0
65,4,0,7,SPJF-E,14268280,37.25945320000042,117.873475,0.8379412311887429
65,4,0,7,Guard(300),14268280,44.95795144000013,73.958346,0.7078245852794786
65,4,0,7,Guard(600),14268280,38.467313480000655,117.873475,0.8175265056849982
65,4,0,7,Guard(1200),14268280,37.4106594800002,112.70970700000001,0.835385608860772
65,4,1,5,FCFS,14268280,198.50792658000037,0.0,0.0
65,4,1,5,SJF,14268280,43.05065942000001,453.190089,1.0
65,4,1,5,SPJF-E,14268280,66.47572351000026,118.49535800000001,0.8493150914206499
65,4,1,5,Guard(300),14268280,116.50878609000083,89.016135,0.527470616125035
65,4,1,5,Guard(600),14268280,72.49085462000019,118.49535800000001,0.8106219430083019
65,4,1,5,Guard(1200),14268280,70.74880146000017,110.13526,0.8218279367313684
65,4,2,4,FCFS,14268280,321.2624776600002,0.0,0.0
65,4,2,4,SJF,14268280,54.22093442000018,579.3858580000001,1.0
65,4,2,4,SPJF-E,14268280,111.13685572000044,198.285627,0.7868649176849317
65,4,2,4,Guard(300),14268280,254.60901326000146,119.575409,0.24959960757901553
65,4,2,4,Guard(600),14268280,136.78303333000025,178.835946,0.6908267608542147
65,4,2,4,Guard(1200),14268280,131.5684438800009,116.50757300000001,0.7103540201215596
66,0,0,7,FCFS,18822060,105.8662474799993,0.0,0.0
66,0,0,7,SJF,18822060,33.84737695999999,619.006082,1.0
66,0,0,7,SPJF-E,18822060,47.26104,140.20863,0.8137479393504915
66,0,0,7,Guard(300),18822060,54.166416479999874,121.883208,0.7178650626802404
66,0,0,7,Guard(600),18822060,47.900153779999954,140.20863,0.8048736849309852
66,0,0,7,Guard(1200),18822060,47.84846937999966,119.636381,0.8055913357303814
66,0,1,5,FCFS,18822060,216.58963197999992,0.0,0.0
66,0,1,5,SJF,18822060,48.544821899999974,370.766481,1.0
66,0,1,5,SPJF-E,18822060,89.3114768999998,246.156347,0.7574060455625359
66,0,1,5,Guard(300),18822060,138.4402070199985,103.829899,0.4650511070398269
66,0,1,5,Guard(600),18822060,96.99519859999923,188.629321,0.7116818027469352
66,0,1,5,Guard(1200),18822060,93.83615743999903,112.62514399999999,0.7304806050336365
66,0,2,4,FCFS,18822060,370.8087728,0.0,0.0
66,0,2,4,SJF,18822060,60.503200279999696,787.8077559999999,1.0
66,0,2,4,SPJF-E,18822060,156.35464183999702,431.402669,0.6911062834560622
66,0,2,4,Guard(300),18822060,307.9263292,101.971287,0.2026468396597905
66,0,2,4,Guard(600),18822060,186.58328577999987,233.365868,0.5936905532308033
66,0,2,4,Guard(1200),18822060,175.08669387999953,158.231995,0.630739813437883
66,1,0,7,FCFS,18822060,115.55808029999969,0.0,0.0
66,1,0,7,SJF,18822060,35.06217159999999,541.748656,1.0
66,1,0,7,SPJF-E,18822060,48.8965685999993,187.59125200000003,0.8281354018679542
66,1,0,7,Guard(300),18822060,57.36535243999956,173.705938,0.7229277711104385
66,1,0,7,Guard(600),18822060,50.005628899999444,187.59125200000003,0.8143575550442914
66,1,0,7,Guard(1200),18822060,49.22582121999964,112.75426300000001,0.8240450993256545
66,1,1,5,FCFS,18822060,243.3368347199997,0.0,0.0
66,1,1,5,SJF,18822060,49.091531419999875,360.645317,1.0
66,1,1,5,SPJF-E,18822060,91.7712201999985,277.598272,0.7802794299016719
66,1,1,5,Guard(300),18822060,156.0170745599971,123.859167,0.44953344393167977
66,1,1,5,Guard(600),18822060,101.39344759999898,261.486853,0.7307429559868326
66,1,1,5,Guard(1200),18822060,96.02105829999923,147.970172,0.75840071248714
66,1,2,4,FCFS,18822060,404.7003082599999,0.0,0.0
66,1,2,4,SJF,18822060,62.13157023999877,1295.686205,1.0
66,1,2,4,SPJF-E,18822060,162.17819325999957,351.29916399999996,0.7079516840962893
66,1,2,4,Guard(300),18822060,330.33250299999946,112.485485,0.2170887095239216
66,1,2,4,Guard(600),18822060,198.2162916999998,219.92350100000002,0.6027520717548499
66,1,2,4,Guard(1200),18822060,183.78234257999907,118.134261,0.6448865327200475
66,2,0,8,FCFS,18822060,82.68563593999839,0.0,0.0
66,2,0,8,SJF,18822060,28.159007579999837,272.898261,1.0
66,2,0,8,SPJF-E,18822060,39.8112931399988,177.716028,0.7863010072240734
66,2,0,8,Guard(300),18822060,43.259413159999596,170.342174,0.723063647355874
66,2,0,8,Guard(600),18822060,40.11890865999995,177.716028,0.780659442189643
66,2,0,8,Guard(1200),18822060,39.96988785999999,110.81943199999999,0.7833924334726559
66,2,1,5,FCFS,18822060,238.11664127999808,0.0,0.0
66,2,1,5,SJF,18822060,48.92874713999987,857.155808,1.0
66,2,1,5,SPJF-E,18822060,93.27846119999941,264.37798,0.7655784781494478
66,2,1,5,Guard(300),18822060,151.4096808799985,67.12528999999999,0.45831135651754135
66,2,1,5,Guard(600),18822060,101.67072373999918,165.920051,0.7212190725006407
66,2,1,5,Guard(1200),18822060,98.36060993999654,134.663455,0.7387155080683052
66,2,2,4,FCFS,18822060,402.5720130799998,0.0,0.0
66,2,2,4,SJF,18822060,61.38172487999922,1251.026327,1.0
66,2,2,4,SPJF-E,18822060,165.7600403599998,550.3798840000001,0.6940759479683208
66,2,2,4,Guard(300),18822060,328.0257553399994,82.255944,0.21848880322262426
66,2,2,4,Guard(600),18822060,202.3165681599995,262.33608100000004,0.5869318437417351
66,2,2,4,Guard(1200),18822060,192.1813337399975,115.692942,0.6166373622471765
66,3,0,8,FCFS,18822060,89.38265257999959,0.0,0.0
66,3,0,8,SJF,18822060,29.486748519999963,115.71828,1.0
66,3,0,8,SPJF-E,18822060,41.42988355999978,114.66651499999999,0.8006018069610236
66,3,0,8,Guard(300),18822060,46.88147797999994,115.100132,0.7095839902078258
66,3,0,8,Guard(600),18822060,42.06445857999964,114.66651499999999,0.7900071756592875
66,3,0,8,Guard(1200),18822060,41.59473953999985,110.004812,0.7978494321102336
66,3,1,5,FCFS,18822060,251.29842129999867,0.0,0.0
66,3,1,5,SJF,18822060,49.492343379999625,1126.992665,1.0
66,3,1,5,SPJF-E,18822060,98.44539099999903,318.066617,0.7574253058948719
66,3,1,5,Guard(300),18822060,156.0916397599994,136.96287600000002,0.471773608214821
66,3,1,5,Guard(600),18822060,107.80625685999696,261.24634100000003,0.7110398552856549
66,3,1,5,Guard(1200),18822060,104.03547385999974,147.890074,0.7297250358256189
66,3,2,4,FCFS,18822060,414.3503301199953,0.0,0.0
66,3,2,4,SJF,18822060,61.642608659999624,1615.6371960000001,1.0
66,3,2,4,SPJF-E,18822060,169.21311565999582,377.954951,0.6950151628245629
66,3,2,4,Guard(300),18822060,325.0649474599947,127.476423,0.2531426935889392
66,3,2,4,Guard(600),18822060,207.21861605999723,258.418962,0.587261637490097
66,3,2,4,Guard(1200),18822060,190.47141031999794,115.596164,0.6347434608839144
66,4,0,7,FCFS,18822060,105.84701311999925,0.0,0.0
66,4,0,7,SJF,18822060,34.29896507999983,406.446753,1.0
66,4,0,7,SPJF-E,18822060,48.70795027999941,191.824314,0.7986110649455574
66,4,0,7,Guard(300),18822060,56.2544545399977,130.10915,0.6931364298335084
66,4,0,7,Guard(600),18822060,49.859823959999524,191.824314,0.7825117622873472
66,4,0,7,Guard(1200),18822060,49.19423203999978,191.824314,0.791814488752053
66,4,1,5,FCFS,18822060,230.13956793999998,0.0,0.0
66,4,1,5,SJF,18822060,48.82259165999995,1012.702733,1.0
66,4,1,5,SPJF-E,18822060,95.3921675999997,223.93402799999998,0.743159317481203
66,4,1,5,Guard(300),18822060,145.41033813999883,92.749043,0.4672989343764338
66,4,1,5,Guard(600),18822060,103.2482101199993,181.13002400000002,0.6998316452401445
66,4,1,5,Guard(1200),18822060,99.35657533999982,95.720326,0.7212948025232762
66,4,2,4,FCFS,18822060,382.7507221199969,0.0,0.0
66,4,2,4,SJF,18822060,60.736262319999604,1410.456555,1.0
66,4,2,4,SPJF-E,18822060,164.18322451999936,382.044766,0.6787505683308429
66,4,2,4,Guard(300),18822060,305.1281401599976,101.316469,0.24105309434927416
66,4,2,4,Guard(600),18822060,196.07591323999975,279.565599,0.5797093987516604
66,4,2,4,Guard(1200),18822060,184.6405660399897,122.297256,0.6152213046676634
67,0,0,9,FCFS,11360232,26.627158159999862,0.0,0.0
67,0,0,9,SJF,11360232,9.8162,160.827114,1.0
67,0,0,9,SPJF-E,11360232,11.803655239999927,45.104615,0.881776206859589
67,0,0,9,Guard(300),11360232,13.701843509999842,45.104615,0.7688624602465922
67,0,0,9,Guard(600),11360232,12.404851999999979,45.104615,0.8460140120888862
67,0,0,9,Guard(1200),11360232,11.882970299999977,45.104615,0.8770581497896015
67,0,1,5,FCFS,11360232,306.7861140199986,0.0,0.0
67,0,1,5,SJF,11360232,30.02115704999995,1499.502447,1.0
67,0,1,5,SPJF-E,11360232,37.84484996999982,196.560384,0.9717316346489344
67,0,1,5,Guard(300),11360232,85.57863652999903,61.489453000000005,0.7992611489249287
67,0,1,5,Guard(600),11360232,51.37260844999994,150.597258,0.9228534868223418
67,0,1,5,Guard(1200),11360232,43.05210005,92.843591,0.9529169330443356
67,0,2,4,FCFS,11360232,673.8267917799969,0.0,0.0
67,0,2,4,SJF,11360232,36.71609649999994,2505.013023,1.0
67,0,2,4,SPJF-E,11360232,51.02906501999961,253.241947,0.9775345656162475
67,0,2,4,Guard(300),11360232,329.9990336499981,71.030248,0.5396672205901262
67,0,2,4,Guard(600),11360232,138.51701724999873,163.763913,0.8402147044396118
67,0,2,4,Guard(1200),11360232,86.0270693699998,100.554969,0.9226021894855669
67,1,0,7,FCFS,11360232,45.57929233999954,0.0,0.0
67,1,0,7,SJF,11360232,19.07703606999988,523.951924,1.0
67,1,0,7,SPJF-E,11360232,21.73022883999992,68.22386399999999,0.8998880418719883
67,1,0,7,Guard(300),11360232,25.78705046999998,54.376081,0.7468134663086863
67,1,0,7,Guard(600),11360232,23.141736689999966,68.22386399999999,0.8466281293717134
67,1,0,7,Guard(1200),11360232,22.194290069999973,66.84212600000001,0.8823777882063273
67,1,1,5,FCFS,11360232,226.2418511199987,0.0,0.0
67,1,1,5,SJF,11360232,28.168446969999863,1283.331658,1.0
67,1,1,5,SPJF-E,11360232,34.60223560999996,168.793521,0.9675181599083951
67,1,1,5,Guard(300),11360232,59.94236062999988,74.567803,0.8395851588639432
67,1,1,5,Guard(600),11360232,43.60809300999995,126.304092,0.922050887617866
67,1,1,5,Guard(1200),11360232,38.551000529999776,68.738628,0.9475822935211567
67,1,2,4,FCFS,11360232,573.8282119699968,0.0,0.0
67,1,2,4,SJF,11360232,35.648692869999984,2504.485202,1.0
67,1,2,4,SPJF-E,11360232,47.279133829999964,243.58902600000002,0.9783892910316437
67,1,2,4,Guard(300),11360232,218.05609913999996,67.862995,0.6610658715236103
67,1,2,4,Guard(600),11360232,97.7817226999999,163.549969,0.884549620294162
67,1,2,4,Guard(1200),11360232,67.14384200999996,94.68742499999999,0.941478358015798
67,2,0,9,FCFS,11360232,25.28573411999994,0.0,0.0
67,2,0,9,SJF,11360232,8.486860989999975,121.392788,1.0
67,2,0,9,SPJF-E,11360232,10.473555239999966,45.601629,0.88173645728343
67,2,0,9,Guard(300),11360232,11.834142999999955,45.601629,0.8007436579765403
67,2,0,9,Guard(600),11360232,10.874762289999849,45.601629,0.857853483294931
67,2,0,9,Guard(1200),11360232,10.503571589999975,45.601629,0.8799496499322628
67,2,1,6,FCFS,11360232,118.41220820999963,0.0,0.0
67,2,1,6,SJF,11360232,23.979824959999974,865.268481,1.0
67,2,1,6,SPJF-E,11360232,29.555451749999964,172.521881,0.9409564113696134
67,2,1,6,Guard(300),11360232,40.2230594299999,79.87353999999999,0.8279908447614024
67,2,1,6,Guard(600),11360232,33.831428659999965,153.77259700000002,0.8956755790657225
67,2,1,6,Guard(1200),11360232,31.002614019999882,91.661797,0.9256315596588532
67,2,2,4,FCFS,11360232,635.5074927799934,0.0,0.0
67,2,2,4,SJF,11360232,37.26022540999997,2864.6503359999997,1.0
67,2,2,4,SPJF-E,11360232,51.94962360999998,273.99055,0.9754459418350921
67,2,2,4,Guard(300),11360232,244.80620335999959,82.003674,0.6530765968018367
67,2,2,4,Guard(600),11360232,122.38168767999989,163.42542300000002,0.85771525101283
67,2,2,4,Guard(1200),11360232,83.80545519999993,100.483425,0.9221973382433963
67,3,0,8,FCFS,11360232,34.932290209999955,0.0,0.0
67,3,0,8,SJF,11360232,13.380442409999965,129.749468,1.0
67,3,0,8,SPJF-E,11360232,15.941986389999949,46.753329,0.8811450413082453
67,3,0,8,Guard(300),11360232,18.265670219999905,46.753329,0.7733267302490907
67,3,0,8,Guard(600),11360232,16.48830856999999,46.753329,0.8557958376079462
67,3,0,8,Guard(1200),11360232,16.10538507999999,46.753329,0.8735633855951773
67,3,1,5,FCFS,11360232,275.2039718599998,0.0,0.0
67,3,1,5,SJF,11360232,30.392987,1264.769733,1.0
67,3,1,5,SPJF-E,11360232,37.96769399,190.49643700000001,0.9690589578963063
67,3,1,5,Guard(300),11360232,73.17876977999963,98.532181,0.8252293180207271
67,3,1,5,Guard(600),11360232,49.89685740999997,171.963954,0.9203309017315802
67,3,1,5,Guard(1200),11360232,42.295720629999906,84.614166,0.9513799038192395
67,3,2,4,FCFS,11360232,594.7545258399999,0.0,0.0
67,3,2,4,SJF,11360232,36.39349367999999,2131.6693219999997,1.0
67,3,2,4,SPJF-E,11360232,49.899266139999995,174.026664,0.9758117567629077
67,3,2,4,Guard(300),11360232,278.57679726999805,82.171749,0.5662603769945755
67,3,2,4,Guard(600),11360232,117.88976949999947,152.718806,0.8540437617848544
67,3,2,4,Guard(1200),11360232,79.79651028999936,100.33567,0.9222671101489724
67,4,0,9,FCFS,11360232,22.084149949999954,0.0,0.0
67,4,0,9,SJF,11360232,8.42139235999994,306.069726,1.0
67,4,0,9,SPJF-E,11360232,10.25546,65.09898899999999,0.8657615325516393
67,4,0,9,Guard(300),11360232,11.454042,46.292233,0.7780353182713493
67,4,0,9,Guard(600),11360232,10.541518479999914,65.09898899999999,0.8448244356211277
67,4,0,9,Guard(1200),11360232,10.319048529999998,63.706843,0.8611073820566807
67,4,1,5,FCFS,11360232,243.8403533499998,0.0,0.0
67,4,1,5,SJF,11360232,30.009852899999977,2185.808357,1.0
67,4,1,5,SPJF-E,11360232,36.80757643999996,115.575098,0.9682097571408457
67,4,1,5,Guard(300),11360232,67.9051063699996,76.628693,0.8227790077175603
67,4,1,5,Guard(600),11360232,47.15581843999992,115.575098,0.9198151549759421
67,4,1,5,Guard(1200),11360232,40.9660975,93.026333,0.9487620120752515
67,4,2,4,FCFS,11360232,579.285606709992,0.0,0.0
67,4,2,4,SJF,11360232,35.91155337999995,3189.333428,1.0
67,4,2,4,SPJF-E,11360232,48.14143074999991,242.15011199999998,0.977492710049273
67,4,2,4,Guard(300),11360232,226.2967981899994,99.424514,0.6496239677929962
67,4,2,4,Guard(600),11360232,108.17319816999893,148.165333,0.8670130744242321
67,4,2,4,Guard(1200),11360232,76.03952193999991,100.351422,0.9261503777847299
68,0,0,8,FCFS,16242759,22.454825,0.0,0.0
68,0,0,8,SJF,16242759,11.943752840000066,175.068042,1.0
68,0,0,8,SPJF-E,16242759,14.225208040000066,74.99666,0.7829474324529788
68,0,0,8,Guard(300),16242759,14.470591240000006,65.85234100000001,0.7596022212067131
68,0,0,8,Guard(600),16242759,14.180463,74.99666,0.7872043759235359
68,0,0,8,Guard(1200),16242759,14.200301840000163,65.85234100000001,0.7853169528616278
68,0,1,5,FCFS,16242759,93.39950060000004,0.0,0.0
68,0,1,5,SJF,16242759,29.754995320000006,152.950178,1.0
68,0,1,5,SPJF-E,16242759,37.489716280000025,672.150752,0.8784699334848846
68,0,1,5,Guard(300),16242759,43.8050799200001,123.418874,0.77924120019179
68,0,1,5,Guard(600),16242759,39.245306,204.64359299999998,0.8508856241674287
68,0,1,5,Guard(1200),16242759,38.82387072000021,123.218886,0.8575073313854472
68,0,2,4,FCFS,16242759,195.02671764000104,0.0,0.0
68,0,2,4,SJF,16242759,38.988293800000015,190.600953,1.0
68,0,2,4,SPJF-E,16242759,52.15539944000002,1446.275275,0.9156162609441548
68,0,2,4,Guard(300),16242759,90.1333413200004,143.497314,0.6722278637443583
68,0,2,4,Guard(600),16242759,62.00054096000002,249.854292,0.8525219199625065
68,0,2,4,Guard(1200),16242759,58.84522820000007,122.969722,0.8727433031471723
68,1,0,8,FCFS,16242759,19.35834268000008,0.0,0.0
68,1,0,8,SJF,16242759,9.73057,74.130917,1.0
68,1,0,8,SPJF-E,16242759,12.155536160000041,148.486662,0.7481280208206972
68,1,0,8,Guard(300),16242759,12.273215840000026,92.69364399999999,0.735905081630988
68,1,0,8,Guard(600),16242759,12.142907920000038,141.988079,0.7494396679087341
68,1,0,8,Guard(1200),16242759,12.058123160000052,148.486662,0.7582459373147525
68,1,1,5,FCFS,16242759,87.3804746400001,0.0,0.0
68,1,1,5,SJF,16242759,29.32728232000002,99.094285,1.0
68,1,1,5,SPJF-E,16242759,36.37472560000015,356.58965800000004,0.8786036908848476
68,1,1,5,Guard(300),16242759,42.45660944000013,121.693668,0.7738397046689733
68,1,1,5,Guard(600),16242759,38.07402232000007,179.78832,0.8493323166142807
68,1,1,5,Guard(1200),16242759,37.76590616000007,115.727963,0.8546397966629505
68,1,2,4,FCFS,16242759,198.70953856000006,0.0,0.0
68,1,2,4,SJF,16242759,38.825127760000015,4868.255838,1.0
68,1,2,4,SPJF-E,16242759,50.81085032000002,465.441281,0.9250350769031949
68,1,2,4,Guard(300),16242759,91.77686980000037,142.49052799999998,0.668812351529144
68,1,2,4,Guard(600),16242759,61.15052000000013,216.359116,0.8603654219426868
68,1,2,4,Guard(1200),16242759,58.13425572000008,125.43057999999999,0.8792307025845445
68,2,0,8,FCFS,16242759,21.711431280000195,0.0,0.0
68,2,0,8,SJF,16242759,10.775415320000027,61.446005,1.0
68,2,0,8,SPJF-E,16242759,13.139080960000042,145.594111,0.7838641010907981
68,2,0,8,Guard(300),16242759,13.377591320000004,124.151699,0.7620544803959909
68,2,0,8,Guard(600),16242759,13.13864,145.594111,0.7839044229046702
68,2,0,8,Guard(1200),16242759,13.12430864000012,120.414676,0.7852148964859359
68,2,1,5,FCFS,16242759,91.87664360000002,0.0,0.0
68,2,1,5,SJF,16242759,30.2055878800001,204.806092,1.0
68,2,1,5,SPJF-E,16242759,37.96933948000007,220.55122599999999,0.8741102854595337
68,2,1,5,Guard(300),16242759,44.04690032,106.995636,0.7755622588521512
68,2,1,5,Guard(600),16242759,39.65859616000001,220.55122599999999,0.8467188834431725
68,2,1,5,Guard(1200),16242759,39.36474820000012,197.483077,0.8514836463707608
68,2,2,4,FCFS,16242759,190.85995172000025,0.0,0.0
68,2,2,4,SJF,16242759,39.03142340000001,202.667076,1.0
68,2,2,4,SPJF-E,16242759,52.34148532,380.767856,0.9123349078906491
68,2,2,4,Guard(300),16242759,86.82843832000002,114.986033,0.6851908172404794
68,2,2,4,Guard(600),16242759,62.13213264000022,202.823782,0.8478500088513523
68,2,2,4,Guard(1200),16242759,59.17180676000006,130.383049,0.8673478325657524
68,3,0,7,FCFS,16242759,33.92075896000005,0.0,0.0
68,3,0,7,SJF,16242759,16.45149680000008,145.143418,1.0
68,3,0,7,SPJF-E,16242759,19.468961200000006,88.333339,0.8272700717200794
68,3,0,7,Guard(300),16242759,20.449744240000044,66.5488,0.7711267136882918
68,3,0,7,Guard(600),16242759,19.644780880000027,88.333339,0.8172055550627816
68,3,0,7,Guard(1200),16242759,19.622124560000014,67.31091400000001,0.8185024799009634
68,3,1,5,FCFS,16242759,95.4531422000001,0.0,0.0
68,3,1,5,SJF,16242759,30.725590320000116,283.397904,1.0
68,3,1,5,SPJF-E,16242759,38.62091808000007,284.059636,0.8780221477457189
68,3,1,5,Guard(300),16242759,46.244675840000006,137.889281,0.7602398813294976
68,3,1,5,Guard(600),16242759,40.69578560000016,250.532235,0.8459667484646408
68,3,1,5,Guard(1200),16242759,40.910010080000006,244.86955600000002,0.8426571148731062
68,3,2,4,FCFS,16242759,198.65697728000055,0.0,0.0
68,3,2,4,SJF,16242759,38.98154248000004,171.088169,1.0
68,3,2,4,SPJF-E,16242759,52.84604648000013,1693.283557,0.9131707139713388
68,3,2,4,Guard(300),16242759,94.11503716000084,89.465126,0.6547152368862651
68,3,2,4,Guard(600),16242759,64.73885400000016,223.23578799999999,0.8386895795695678
68,3,2,4,Guard(1200),16242759,61.074002000000085,115.441968,0.8616414632114721
68,4,0,8,FCFS,16242759,21.038367240000127,0.0,0.0
68,4,0,8,SJF,16242759,11.147071440000031,90.675134,1.0
68,4,0,8,SPJF-E,16242759,13.378296920000002,66.565309,0.7744253609319874
68,4,0,8,Guard(300),16242759,13.623453160000036,66.565309,0.7496403130518066
68,4,0,8,Guard(600),16242759,13.383003800000012,66.565309,0.7739495001251546
68,4,0,8,Guard(1200),16242759,13.335561,66.565309,0.7787459192151601
68,4,1,5,FCFS,16242759,88.47016508000041,0.0,0.0
68,4,1,5,SJF,16242759,29.83012828000006,184.570974,1.0
68,4,1,5,SPJF-E,16242759,37.018959960000224,732.805815,0.8774074493759506
68,4,1,5,Guard(300),16242759,42.82445072000021,116.534427,0.778405281628335
68,4,1,5,Guard(600),16242759,38.28875036000001,224.618719,0.8557534656935977
68,4,1,5,Guard(1200),16242759,38.70464336000005,189.857741,0.8486611611403365
68,4,2,4,FCFS,16242759,182.74377036000027,0.0,0.0
68,4,2,4,SJF,16242759,37.70223852000031,408.360507,1.0
68,4,2,4,SPJF-E,16242759,50.27287216000022,334.90482199999997,0.9133307992508864
68,4,2,4,Guard(300),16242759,79.25508428000005,140.102907,0.7135107080512771
68,4,2,4,Guard(600),16242759,58.202367560000035,204.99437,0.8586602831621079
68,4,2,4,Guard(1200),16242759,57.234683960000744,112.756086,0.8653320521907663
69,0,0,8,FCFS,16224384,49.91069939999973,0.0,0.0
69,0,0,8,SJF,16224384,23.74115849999978,133.04101799999998,1.0
69,0,0,8,SPJF-E,16224384,31.846214699999887,225.495318,0.690286649239608
69,0,0,8,Guard(300),16224384,33.26686699999998,76.929748,0.636000167660556
69,0,0,8,Guard(600),16224384,32.15244449999999,163.819373,0.678584884918626
69,0,0,8,Guard(1200),16224384,31.848489499999843,121.14480499999999,0.6901997237559456
69,0,1,5,FCFS,16224384,169.86811904999948,0.0,0.0
69,0,1,5,SJF,16224384,43.4637877999999,382.450665,1.0
69,0,1,5,SPJF-E,16224384,72.4615010999984,611.266984,0.7705955720564076
69,0,1,5,Guard(300),16224384,98.25827969999972,98.839878,0.5665141268646203
69,0,1,5,Guard(600),16224384,76.28707774999992,157.828721,0.7403309710560243
69,0,1,5,Guard(1200),16224384,77.61590274999985,135.458748,0.7298184752668428
69,0,2,4,FCFS,16224384,327.44374899999997,0.0,0.0
69,0,2,4,SJF,16224384,55.69433669999963,596.047244,1.0
69,0,2,4,SPJF-E,16224384,125.41674154999976,704.9811559999999,0.7434312580112246
69,0,2,4,Guard(300),16224384,289.6974242,101.224367,0.13890121962188295
69,0,2,4,Guard(600),16224384,160.89524964999998,170.524851,0.6128752880839249
69,0,2,4,Guard(1200),16224384,142.53189359999968,98.541378,0.6804498815101947
69,1,0,8,FCFS,16224384,51.57050444999997,0.0,0.0
69,1,0,8,SJF,16224384,20.816507049999966,99.043748,1.0
69,1,0,8,SPJF-E,16224384,29.311576549999742,222.797686,0.7237734857843301
69,1,0,8,Guard(300),16224384,31.42708609999996,84.35761099999999,0.6549853694791562
69,1,0,8,Guard(600),16224384,29.420032699999982,222.797686,0.7202469149587685
69,1,0,8,Guard(1200),16224384,29.464282,126.21985199999999,0.7188081003739686
69,1,1,5,FCFS,16224384,186.3678336499999,0.0,0.0
69,1,1,5,SJF,16224384,44.51833454999999,216.462911,1.0
69,1,1,5,SPJF-E,16224384,73.45990824999942,669.533783,0.7959698561952875
69,1,1,5,Guard(300),16224384,105.54003469999986,90.310824,0.5698137777209824
69,1,1,5,Guard(600),16224384,80.06187359999981,240.68784399999998,0.7494278141585637
69,1,1,5,Guard(1200),16224384,78.20599969999991,132.96273000000002,0.7625112153110174
69,1,2,4,FCFS,16224384,352.4422177999992,0.0,0.0
69,1,2,4,SJF,16224384,55.2235678999999,359.911058,1.0
69,1,2,4,SPJF-E,16224384,126.41315889999828,2245.831508,0.7604807402767274
69,1,2,4,Guard(300),16224384,308.89658619999597,101.656424,0.14651042797837338
69,1,2,4,Guard(600),16224384,179.73589829999935,236.698253,0.5810749747975363
69,1,2,4,Guard(1200),16224384,156.37185304999957,92.075587,0.6596839223109603
69,2,0,7,FCFS,16224384,62.37227614999977,0.0,0.0
69,2,0,7,SJF,16224384,25.95443649999992,109.96434500000001,1.0
69,2,0,7,SPJF-E,16224384,36.20776284999977,215.53447500000001,0.7184531963306646
69,2,0,7,Guard(300),16224384,38.53949414999976,99.57399,0.6544260238676763
69,2,0,7,Guard(600),16224384,36.43070354999982,150.519025,0.712331452093701
69,2,0,7,Guard(1200),16224384,36.28259914999998,106.314633,0.7163982611472643
69,2,1,5,FCFS,16224384,149.24057829999833,0.0,0.0
69,2,1,5,SJF,16224384,43.40564879999995,382.62980500000003,1.0
69,2,1,5,SPJF-E,16224384,67.53169619999905,395.385998,0.7720407854573242
69,2,1,5,Guard(300),16224384,87.6214980499999,123.566613,0.5822187489622637
69,2,1,5,Guard(600),16224384,70.61099619999949,177.88001699999998,0.7429454762380698
69,2,1,5,Guard(1200),16224384,71.09191049999919,132.627353,0.7384014726442497
69,2,2,4,FCFS,16224384,279.26168035,0.0,0.0
69,2,2,4,SJF,16224384,54.49405674999997,740.557986,1.0
69,2,2,4,SPJF-E,16224384,117.39674449999964,750.33802,0.7201434675398701
69,2,2,4,Guard(300),16224384,237.08440629999907,110.430435,0.18764835154844306
69,2,2,4,Guard(600),16224384,140.54994264999877,233.4014,0.6171339780984418
69,2,2,4,Guard(1200),16224384,131.9048377499993,99.069876,0.6555963899064006
69,3,0,8,FCFS,16224384,53.06505594999992,0.0,0.0
69,3,0,8,SJF,16224384,24.313096649999657,79.297854,1.0
69,3,0,8,SPJF-E,16224384,33.45286169999998,240.305784,0.6821167922980388
69,3,0,8,Guard(300),16224384,35.7026028999999,84.079296,0.6038702569393196
69,3,0,8,Guard(600),16224384,33.78189184999956,152.04996500000001,0.6706730452279189
69,3,0,8,Guard(1200),16224384,33.565307349999976,130.357235,0.6782059057797765
69,3,1,5,FCFS,16224384,181.9177669499998,0.0,0.0
69,3,1,5,SJF,16224384,45.01347394999996,247.704683,1.0
69,3,1,5,SPJF-E,16224384,78.32449309999946,723.881264,0.7566838963187258
69,3,1,5,Guard(300),16224384,111.60617119999998,100.651828,0.5135821106062751
69,3,1,5,Guard(600),16224384,83.66792224999995,155.653465,0.7176534975422573
69,3,1,5,Guard(1200),16224384,85.43649774999956,130.385366,0.7047351626877059
69,3,2,4,FCFS,16224384,354.7327831999999,0.0,0.0
69,3,2,4,SJF,16224384,57.6861598999993,899.477507,1.0
69,3,2,4,SPJF-E,16224384,138.8654860999999,695.908857,0.7267118363503026
69,3,2,4,Guard(300),16224384,333.32532489999977,100.86927,0.07206767093386482
69,3,2,4,Guard(600),16224384,185.2822021499992,202.127465,0.5704511270571322
69,3,2,4,Guard(1200),16224384,164.50796664999788,117.50458400000001,0.6403870693318252
69,4,0,8,FCFS,16224384,48.493623,0.0,0.0
69,4,0,8,SJF,16224384,24.403494,98.69004199999999,1.0
69,4,0,8,SPJF-E,16224384,32.24318414999995,209.30788199999998,0.6745683615890995
69,4,0,8,Guard(300),16224384,33.53647599999993,68.181019,0.620882810548672
69,4,0,8,Guard(600),16224384,32.49828694999995,152.97657099999998,0.6639788458584032
69,4,0,8,Guard(1200),16224384,32.177206699999836,152.15012000000002,0.6773071368775221
69,4,1,5,FCFS,16224384,157.43756365,0.0,0.0
69,4,1,5,SJF,16224384,43.547090149999995,160.493448,1.0
69,4,1,5,SPJF-E,16224384,69.64963989999886,630.0006020000001,0.7708100691143508
69,4,1,5,Guard(300),16224384,92.90867419999861,110.46887100000001,0.5665872435766226
69,4,1,5,Guard(600),16224384,74.29204404999993,220.311162,0.7300480632385822
69,4,1,5,Guard(1200),16224384,75.03836004999968,126.484457,0.7234951358771927
69,4,2,4,FCFS,16224384,305.08383985,0.0,0.0
69,4,2,4,SJF,16224384,54.37735754999958,456.143499,1.0
69,4,2,4,SPJF-E,16224384,122.73254924999988,803.130307,0.7273497235775297
69,4,2,4,Guard(300),16224384,268.4746457499996,104.508714,0.14602412256813177
69,4,2,4,Guard(600),16224384,156.89672349999944,210.911532,0.5910781204798561
69,4,2,4,Guard(1200),16224384,144.29545379999865,121.392756,0.641341159490239
70,0,0,8,FCFS,16998846,52.32135841999984,0.0,0.0
70,0,0,8,SJF,16998846,21.139294619999916,197.076316,1.0
70,0,0,8,SPJF-E,16998846,26.666222599999987,338.04701400000005,0.8227529769854398
70,0,0,8,Guard(300),16998846,29.21396213999966,126.653018,0.7410476878057134
70,0,0,8,Guard(600),16998846,27.175956119999963,285.21245700000003,0.8064059666249525
70,0,0,8,Guard(1200),16998846,26.760896409999912,126.653018,0.8197168145746655
70,0,1,5,FCFS,16998846,197.47729085999856,0.0,0.0
70,0,1,5,SJF,16998846,39.90449907999977,440.97004400000003,1.0
70,0,1,5,SPJF-E,16998846,56.07187191999992,570.956535,0.8973974335456794
70,0,1,5,Guard(300),16998846,97.286271,105.31993,0.6358395934234893
70,0,1,5,Guard(600),16998846,65.97003506999924,174.180485,0.8345809851081913
70,0,1,5,Guard(1200),16998846,62.71400355999993,114.30042300000001,0.855244650917612
70,0,2,4,FCFS,16998846,400.2129376499922,0.0,0.0
70,0,2,4,SJF,16998846,49.0667240999994,377.51489,1.0
70,0,2,4,SPJF-E,16998846,94.37707298999977,799.378122,0.8709644383405846
70,0,2,4,Guard(300),16998846,297.05978019999964,115.37044599999999,0.2937612694357208
70,0,2,4,Guard(600),16998846,169.046826789993,196.50745700000002,0.6583186773480274
70,0,2,4,Guard(1200),16998846,131.8503760499997,116.28929799999999,0.7642473455342718
70,1,0,8,FCFS,16998846,57.8440619599981,0.0,0.0
70,1,0,8,SJF,16998846,20.67850127999998,301.035181,1.0
70,1,0,8,SPJF-E,16998846,26.402120019999995,205.535097,0.845996706755446
70,1,0,8,Guard(300),16998846,29.436000649999936,79.08870399999999,0.7643652023602298
70,1,0,8,Guard(600),16998846,26.925645369999955,155.56435100000002,0.8319104037259396
70,1,0,8,Guard(1200),16998846,26.598148519999977,106.451732,0.8407222403835319
70,1,1,5,FCFS,16998846,223.59974224999849,0.0,0.0
70,1,1,5,SJF,16998846,39.47288754999987,334.653086,1.0
70,1,1,5,SPJF-E,16998846,56.690733059999914,392.606283,0.9064892215855564
70,1,1,5,Guard(300),16998846,109.30899185999857,138.010301,0.6207174427446557
70,1,1,5,Guard(600),16998846,70.22626324999902,250.188549,0.8329772387080299
70,1,1,5,Guard(1200),16998846,63.66154828999931,110.727166,0.8686304570867163
70,1,2,4,FCFS,16998846,454.78471045999987,0.0,0.0
70,1,2,4,SJF,16998846,49.01488062999974,405.903535,1.0
70,1,2,4,SPJF-E,16998846,96.65727834999618,680.56913,0.8825876291986604
70,1,2,4,Guard(300),16998846,312.78612474999335,83.10309600000001,0.34994860453153387
70,1,2,4,Guard(600),16998846,185.5282639399998,184.16753,0.6635694098617602
70,1,2,4,Guard(1200),16998846,143.86720545999987,118.183663,0.7662410611707156
70,2,0,7,FCFS,16998846,74.21718826999982,0.0,0.0
70,2,0,7,SJF,16998846,26.744933,420.026553,1.0
70,2,0,7,SPJF-E,16998846,34.27422448999982,285.903956,0.8413959596573461
70,2,0,7,Guard(300),16998846,38.77092144999983,83.402365,0.7466733277869005
70,2,0,7,Guard(600),16998846,35.053289,156.132466,0.8249850159267559
70,2,0,7,Guard(1200),16998846,34.95654276999927,142.81332,0.8270229690311637
70,2,1,5,FCFS,16998846,200.356355,0.0,0.0
70,2,1,5,SJF,16998846,39.42738316999995,422.33267700000005,1.0
70,2,1,5,SPJF-E,16998846,57.384146479999586,420.651313,0.8884180821774681
70,2,1,5,Guard(300),16998846,93.46048213999968,109.186275,0.6642425639363527
70,2,1,5,Guard(600),16998846,68.04791779999925,173.499261,0.8221542441703221
70,2,1,5,Guard(1200),16998846,65.44065862999987,125.490016,0.8383555480148133
70,2,2,4,FCFS,16998846,388.9976922999995,0.0,0.0
70,2,2,4,SJF,16998846,49.294152,318.99404400000003,1.0
70,2,2,4,SPJF-E,16998846,97.56542382999962,856.531045,0.857901769915703
70,2,2,4,Guard(300),16998846,279.0484284199999,102.21849,0.3236624021724975
70,2,2,4,Guard(600),16998846,163.83954520999995,192.30754100000001,0.6628077731870488
70,2,2,4,Guard(1200),16998846,143.05308104999912,146.956682,0.7239977865193911
70,3,0,9,FCFS,16998846,37.97925813999986,0.0,0.0
70,3,0,9,SJF,16998846,16.739112,86.557963,1.0
70,3,0,9,SPJF-E,16998846,21.52964580999999,71.07118700000001,0.7744585287490859
70,3,0,9,Guard(300),16998846,22.786808029999687,71.07118700000001,0.7152705075502965
70,3,0,9,Guard(600),16998846,21.75572247999965,71.07118700000001,0.7638146909661665
70,3,0,9,Guard(1200),16998846,21.571831449999728,70.709669,0.772472401171541
70,3,1,6,FCFS,16998846,118.2839265599956,0.0,0.0
70,3,1,6,SJF,16998846,32.9466023399997,262.981919,1.0
70,3,1,6,SPJF-E,16998846,43.54574216999995,348.293131,0.8757971388618171
70,3,1,6,Guard(300),16998846,54.429368489999725,132.877582,0.7482606075787145
70,3,1,6,Guard(600),16998846,46.740464349999925,285.636661,0.8383607391480866
70,3,1,6,Guard(1200),16998846,45.785633179999714,152.872973,0.8495496436365692
70,3,2,5,FCFS,16998846,196.03485529999955,0.0,0.0
70,3,2,5,SJF,16998846,40.18826637999995,324.37348000000003,1.0
70,3,2,5,SPJF-E,16998846,58.546756159999916,427.172301,0.882201529675931
70,3,2,5,Guard(300),16998846,95.90216254999847,118.415357,0.6425080808242906
70,3,2,5,Guard(600),16998846,70.56598878999878,166.59542,0.8050793243502266
70,3,2,5,Guard(1200),16998846,67.76458078999983,121.39969699999999,0.8230547450470311
70,4,0,8,FCFS,16998846,50.098831949999614,0.0,0.0
70,4,0,8,SJF,16998846,20.615739479999956,236.127387,1.0
70,4,0,8,SPJF-E,16998846,26.05112736999999,243.01944600000002,0.8156439018216702
70,4,0,8,Guard(300),16998846,27.489759089999975,68.888568,0.7668487585895327
70,4,0,8,Guard(600),16998846,26.20784737999955,194.134574,0.810328312551005
70,4,0,8,Guard(1200),16998846,26.1377239999997,100.155525,0.81270673944334
70,4,1,5,FCFS,16998846,197.16993250999963,0.0,0.0
70,4,1,5,SJF,16998846,39.148514519999914,410.584992,1.0
70,4,1,5,SPJF-E,16998846,55.64889188999987,422.261318,0.8955813864988594
70,4,1,5,Guard(300),16998846,88.69339592999896,146.242154,0.6864673027226318
70,4,1,5,Guard(600),16998846,64.5263647999997,225.70744,0.8394024645342328
70,4,1,5,Guard(1200),16998846,62.559265289999914,114.31442999999999,0.8518507739787429
70,4,2,4,FCFS,16998846,382.19761401,0.0,0.0
70,4,2,4,SJF,16998846,47.93480223999996,416.111616,1.0
70,4,2,4,SPJF-E,16998846,92.83902880999999,696.911109,0.8656619133542807
70,4,2,4,Guard(300),16998846,273.32056440999963,102.201277,0.32572289158782225
70,4,2,4,Guard(600),16998846,158.85300385999443,174.535118,0.6681706797335409
70,4,2,4,Guard(1200),16998846,131.88623680999888,114.782598,0.7488460229079736
71,0,0,8,FCFS,18538246,48.114999400000265,0.0,0.0
71,0,0,8,SJF,18538246,25.34713360000001,95.778678,1.0
71,0,0,8,SPJF-E,18538246,31.515217,176.051355,0.7290882046572885
71,0,0,8,Guard(300),18538246,32.96803660000015,71.143375,0.6652781131554257
71,0,0,8,Guard(600),18538246,31.643058400000026,147.70259199999998,0.7234732119687763
71,0,0,8,Guard(1200),18538246,31.59036,121.493934,0.7257878074808435
71,0,1,5,FCFS,18538246,188.06335280000027,0.0,0.0
71,0,1,5,SJF,18538246,42.28957300000002,450.138629,1.0
71,0,1,5,SPJF-E,18538246,66.56982840000013,518.849558,0.8334388020032663
71,0,1,5,Guard(300),18538246,103.89919880000014,110.93269500000001,0.5773614028220457
71,0,1,5,Guard(600),18538246,74.86202700000027,174.679007,0.77655478204181
71,0,1,5,Guard(1200),18538246,74.89182860000024,112.42448300000001,0.7763503447277686
71,0,2,4,FCFS,18538246,384.94999240000067,0.0,0.0
71,0,2,4,SJF,18538246,52.59177780000017,281.15353799999997,1.0
71,0,2,4,SPJF-E,18538246,113.97226800000003,765.772981,0.8153182695548161
71,0,2,4,Guard(300),18538246,295.8382796000012,127.904826,0.2681194833930827
71,0,2,4,Guard(600),18538246,164.9121940000021,166.29317600000002,0.6620501276456136
71,0,2,4,Guard(1200),18538246,142.70484740000006,131.92953599999998,0.7288676324475605
71,1,0,7,FCFS,18538246,63.299959,0.0,0.0
71,1,0,7,SJF,18538246,30.210117000000025,129.195166,1.0
71,1,0,7,SPJF-E,18538246,38.081268,357.78461799999997,0.7621278759807925
71,1,0,7,Guard(300),18538246,41.492241200000024,104.345072,0.6590456914239722
71,1,0,7,Guard(600),18538246,38.65767340000003,167.501296,0.7447084697473016
71,1,0,7,Guard(1200),18538246,38.543580400000046,101.356932,0.7481564463196885
71,1,1,5,FCFS,18538246,175.05791780000044,0.0,0.0
71,1,1,5,SJF,18538246,41.226117400000085,527.32615,1.0
71,1,1,5,SPJF-E,18538246,63.15748440000018,574.955287,0.8361273857599539
71,1,1,5,Guard(300),18538246,92.79352600000102,106.002026,0.614684937018894
71,1,1,5,Guard(600),18538246,70.56376480000021,228.590274,0.7807871723139423
71,1,1,5,Guard(1200),18538246,69.5465982000002,104.696188,0.7883875079364168
71,1,2,4,FCFS,18538246,351.97850120000203,0.0,0.0
71,1,2,4,SJF,18538246,51.19272840000003,953.672851,1.0
71,1,2,4,SPJF-E,18538246,105.53506400000006,789.141289,0.8193320944201266
71,1,2,4,Guard(300),18538246,261.8109378000001,90.588229,0.29977336547748223
71,1,2,4,Guard(600),18538246,148.59918940000026,184.79673599999998,0.6761600121799392
71,1,2,4,Guard(1200),18538246,134.5797932000003,98.308769,0.7227692519371723
71,2,0,7,FCFS,18538246,69.70207640000001,0.0,0.0
71,2,0,7,SJF,18538246,29.775211000000123,194.349575,1.0
71,2,0,7,SPJF-E,18538246,38.56301900000011,243.239531,0.779902381217234
71,2,0,7,Guard(300),18538246,42.6782066,83.698149,0.6768342450444428
71,2,0,7,Guard(600),18538246,39.19380180000002,148.83052,0.7641039258744334
71,2,0,7,Guard(1200),18538246,39.26768960000012,93.36903,0.7622533473414114
71,2,1,5,FCFS,18538246,182.65665120000153,0.0,0.0
71,2,1,5,SJF,18538246,42.52082660000002,612.513224,1.0
71,2,1,5,SPJF-E,18538246,66.19224040000006,490.51825,0.8310823526563116
71,2,1,5,Guard(300),18538246,102.66783300000047,83.986262,0.5707949300496014
71,2,1,5,Guard(600),18538246,73.90644100000075,194.005468,0.7760343260576896
71,2,1,5,Guard(1200),18538246,74.1035726000004,96.200776,0.7746276079642803
71,2,2,4,FCFS,18538246,353.5997300000002,0.0,0.0
71,2,2,4,SJF,18538246,52.451244400000014,384.978487,1.0
71,2,2,4,SPJF-E,18538246,114.47271020000042,827.526573,0.7940502152071909
71,2,2,4,Guard(300),18538246,274.4773862000021,86.42164100000001,0.2627353202270197
71,2,2,4,Guard(600),18538246,158.52571980000107,227.522906,0.6477668642807182
71,2,2,4,Guard(1200),18538246,144.35128280000004,109.37076400000001,0.694834798133217
71,3,0,8,FCFS,18538246,52.433330000000076,0.0,0.0
71,3,0,8,SJF,18538246,23.9620992,151.434442,1.0
71,3,0,8,SPJF-E,18538246,30.825712400000086,266.760173,0.758928117712422
71,3,0,8,Guard(300),18538246,32.974338800000275,84.777833,0.6834615383048263
71,3,0,8,Guard(600),18538246,31.07312,176.258139,0.7502383774711988
71,3,0,8,Guard(1200),18538246,30.93352120000061,136.456496,0.7551415304462149
71,3,1,5,FCFS,18538246,195.90622120000072,0.0,0.0
71,3,1,5,SJF,18538246,43.03700800000012,483.43239300000005,1.0
71,3,1,5,SPJF-E,18538246,68.86319460000003,638.913708,0.831056979627342
71,3,1,5,Guard(300),18538246,108.09282100000017,111.391272,0.574434828058631
71,3,1,5,Guard(600),18538246,78.67231900000002,214.856099,0.7668902046785719
71,3,1,5,Guard(1200),18538246,76.96511680000008,92.843241,0.7780579353436495
71,3,2,4,FCFS,18538246,375.0154710000019,0.0,0.0
71,3,2,4,SJF,18538246,53.17804240000007,967.35519,1.0
71,3,2,4,SPJF-E,18538246,118.9598072000005,737.2545240000001,0.7956056103040837
71,3,2,4,Guard(300),18538246,296.1398904000002,85.719111,0.24507895474778005
71,3,2,4,Guard(600),18538246,169.0151188000006,208.368892,0.6400758081373763
71,3,2,4,Guard(1200),18538246,155.62003560000062,110.220946,0.6816964588437556
71,4,0,8,FCFS,18538246,49.380779200000056,0.0,0.0
71,4,0,8,SJF,18538246,23.95929980000003,186.030617,1.0
71,4,0,8,SPJF-E,18538246,30.243441,385.796557,0.7528019081375742
71,4,0,8,Guard(300),18538246,31.86540680000013,111.950372,0.6889989415800839
71,4,0,8,Guard(600),18538246,30.360619200000052,226.642593,0.7481924911104891
71,4,0,8,Guard(1200),18538246,30.305668200000003,99.59218,0.750354088361987
71,4,1,5,FCFS,18538246,183.09709860000015,0.0,0.0
71,4,1,5,SJF,18538246,42.327762,475.743543,1.0
71,4,1,5,SPJF-E,18538246,65.6274452000003,509.43162900000004,0.8344832492447772
71,4,1,5,Guard(300),18538246,101.0844992000008,113.219498,0.5826027271339663
71,4,1,5,Guard(600),18538246,72.68566440000056,174.573897,0.7843429319677526
71,4,1,5,Guard(1200),18538246,72.16174300000006,96.939927,0.7880647751805913
71,4,2,4,FCFS,18538246,367.71586740000004,0.0,0.0
71,4,2,4,SJF,18538246,52.76838160000003,846.1512029999999,1.0
71,4,2,4,SPJF-E,18538246,111.78795200000097,840.241701,0.8126050435040465
71,4,2,4,Guard(300),18538246,294.03349120000246,105.422879,0.2339513078278321
71,4,2,4,Guard(600),18538246,165.10458220000245,155.919039,0.643317677819664
71,4,2,4,Guard(1200),18538246,144.1710868000003,109.221327,0.7097842995386113
72,0,0,9,FCFS,16202938,62.35587689999999,0.0,0.0
72,0,0,9,SJF,16202938,23.599213939999995,232.287844,1.0
72,0,0,9,SPJF-E,16202938,32.22128592999999,308.691504,0.7775331689702316
72,0,0,9,Guard(300),16202938,34.97263,105.456732,0.7065429479380541
72,0,0,9,Guard(600),16202938,32.65190296999991,172.911363,0.7664223816342748
72,0,0,9,Guard(1200),16202938,32.633114029999916,308.691504,0.7669071741464523
72,0,1,6,FCFS,16202938,189.68554776000002,0.0,0.0
72,0,1,6,SJF,16202938,40.27374249999999,643.4768799999999,1.0
72,0,1,6,SPJF-E,16202938,66.18111776999996,628.22794,0.8266042283277613
72,0,1,6,Guard(300),16202938,96.66650271999976,109.018119,0.6225682427043332
72,0,1,6,Guard(600),16202938,73.56229848999993,220.716862,0.7772026384925033
72,0,1,6,Guard(1200),16202938,71.78889308999999,134.52704599999998,0.789071884011048
72,0,2,5,FCFS,16202938,309.61884309,0.0,0.0
72,0,2,5,SJF,16202938,48.26226930999998,976.0718250000001,1.0
72,0,2,5,SPJF-E,16202938,94.47010642999987,593.989441,0.8232000196065629
72,0,2,5,Guard(300),16202938,193.81895057999975,122.320637,0.44307243102856164
72,0,2,5,Guard(600),16202938,125.01249413999975,187.954755,0.706339030543746
72,0,2,5,Guard(1200),16202938,115.11833624999986,102.393378,0.7441959619646806
72,1,0,7,FCFS,16202938,102.36272272999996,0.0,0.0
72,1,0,7,SJF,16202938,33.08294644999998,488.195724,1.0
72,1,0,7,SPJF-E,16202938,44.01263624999997,264.657641,0.8422383791219714
72,1,0,7,Guard(300),16202938,52.02852371999989,90.215609,0.7265352417792202
72,1,0,7,Guard(600),16202938,45.787987,174.32804099999998,0.8166125638360675
72,1,0,7,Guard(1200),16202938,45.263245699999985,92.431145,0.8241867987452455
72,1,1,5,FCFS,16202938,239.76417883999997,0.0,0.0
72,1,1,5,SJF,16202938,46.95196822999998,635.926057,1.0
72,1,1,5,SPJF-E,16202938,84.4151539299999,591.804107,0.805701176385678
72,1,1,5,Guard(300),16202938,152.40418775999987,93.318987,0.4530832917874822
72,1,1,5,Guard(600),16202938,100.07830703999973,205.352021,0.7244659005675836
72,1,1,5,Guard(1200),16202938,96.66677387999994,115.913857,0.7421594540474525
72,1,2,4,FCFS,16202938,424.62488525999976,0.0,0.0
72,1,2,4,SJF,16202938,59.12988918999999,983.99064,1.0
72,1,2,4,SPJF-E,16202938,149.76579909999998,709.166606,0.7520187392862654
72,1,2,4,Guard(300),16202938,403.98840952999996,101.152547,0.05646171890694639
72,1,2,4,Guard(600),16202938,230.94633361999905,199.869784,0.529907532859649
72,1,2,4,Guard(1200),16202938,208.47573368,92.054013,0.5913874441624443
72,2,0,8,FCFS,16202938,78.99703595999996,0.0,0.0
72,2,0,8,SJF,16202938,29.768318389999994,525.8067960000001,1.0
72,2,0,8,SPJF-E,16202938,39.88661010999999,353.143988,0.794463633841112
72,2,0,8,Guard(300),16202938,45.270955359999995,98.55381000000001,0.6850895628561463
72,2,0,8,Guard(600),16202938,40.633635599999984,183.556987,0.7792890461842676
72,2,0,8,Guard(1200),16202938,40.54299186999997,99.043205,0.7811303236839532
72,2,1,5,FCFS,16202938,282.59481443999994,0.0,0.0
72,2,1,5,SJF,16202938,49.10536850999999,1010.036232,1.0
72,2,1,5,SPJF-E,16202938,97.28332447999989,745.632226,0.7936610977078441
72,2,1,5,Guard(300),16202938,179.0775519399997,115.183166,0.4433487864416565
72,2,1,5,Guard(600),16202938,122.29323384,260.971685,0.6865474367010932
72,2,1,5,Guard(1200),16202938,114.35582141999986,102.317688,0.7205421741864858
72,2,2,4,FCFS,16202938,505.4101673999999,0.0,0.0
72,2,2,4,SJF,16202938,63.24643884999995,339.453883,1.0
72,2,2,4,SPJF-E,16202938,173.4688945199998,777.929199,0.7507202681878601
72,2,2,4,Guard(300),16202938,471.26654216,84.24028999999999,0.07721941678022326
72,2,2,4,Guard(600),16202938,283.77795699999996,227.489308,0.5012446659222926
72,2,2,4,Guard(1200),16202938,247.78445442999913,118.306593,0.5826477757794383
72,3,0,8,FCFS,16202938,66.44776254999998,0.0,0.0
72,3,0,8,SJF,16202938,29.25266231999998,509.890131,1.0
72,3,0,8,SPJF-E,16202938,37.21237840999999,249.689595,0.7860009506418795
72,3,0,8,Guard(300),16202938,40.90485884999996,111.70305400000001,0.6867276480518311
72,3,0,8,Guard(600),16202938,37.96960667999998,161.432217,0.7656426705104219
72,3,0,8,Guard(1200),16202938,37.73185179999994,127.422431,0.7720347726563996
72,3,1,5,FCFS,16202938,242.39083570999986,0.0,0.0
72,3,1,5,SJF,16202938,45.78024373999998,976.970226,1.0
72,3,1,5,SPJF-E,16202938,80.75401283999987,660.862895,0.8221165566434162
72,3,1,5,Guard(300),16202938,146.13483725,106.309627,0.4895768711926121
72,3,1,5,Guard(600),16202938,98.52979639999997,209.724322,0.7317054379855138
72,3,1,5,Guard(1200),16202938,95.44554042999998,92.69142000000001,0.7473925682621501
72,3,2,4,FCFS,16202938,441.8956816899999,0.0,0.0
72,3,2,4,SJF,16202938,58.014607719999944,801.1324440000001,1.0
72,3,2,4,SPJF-E,16202938,142.85406489999994,1209.738591,0.778995467782217
72,3,2,4,Guard(300),16202938,394.96360105999906,102.82455800000001,0.12225682330374156
72,3,2,4,Guard(600),16202938,232.90015519999997,211.878152,0.544427794599566
72,3,2,4,Guard(1200),16202938,200.23666231999994,127.747838,0.629515325855542
72,4,0,8,FCFS,16202938,76.33034735999992,0.0,0.0
72,4,0,8,SJF,16202938,28.750895329999995,451.810639,1.0
72,4,0,8,SPJF-E,16202938,37.45512119999999,267.12669999999997,0.8170591400566828
72,4,0,8,Guard(300),16202938,42.655984099999976,90.030371,0.7077501279074734
72,4,0,8,Guard(600),16202938,38.465233,154.680811,0.7958291393546337
72,4,0,8,Guard(1200),16202938,38.03074051999999,133.668216,0.8049610747061811
72,4,1,5,FCFS,16202938,252.14362220999988,0.0,0.0
72,4,1,5,SJF,16202938,46.985279549999994,1028.542524,1.0
72,4,1,5,SPJF-E,16202938,86.02154673999986,663.446417,0.8097261525713678
72,4,1,5,Guard(300),16202938,162.51679639999986,98.16461000000001,0.43686659117993903
72,4,1,5,Guard(600),16202938,108.64673862999992,200.97599300000002,0.6994445447329978
72,4,1,5,Guard(1200),16202938,101.98766243999974,94.434027,0.7319027723812684
72,4,2,4,FCFS,16202938,484.5257810099996,0.0,0.0
72,4,2,4,SJF,16202938,59.592009979999986,1371.487277,1.0
72,4,2,4,SPJF-E,16202938,154.0706490499997,585.575046,0.7776626723712913
72,4,2,4,Guard(300),16202938,428.18143390999995,102.22163400000001,0.13259559710546479
72,4,2,4,Guard(600),16202938,257.70490354999913,202.510346,0.5337793626291644
72,4,2,4,Guard(1200),16202938,219.2015981299992,102.72926799999999,0.6243894954192026
73,0,0,8,FCFS,14979854,38.56603204999999,0.0,0.0
73,0,0,8,SJF,14979854,16.99597365999999,298.84292899999997,1.0
73,0,0,8,SPJF-E,14979854,22.634304519999983,280.46515899999997,0.7386038202560474
73,0,0,8,Guard(300),14979854,23.35155756999999,65.820141,0.7053515667372284
73,0,0,8,Guard(600),14979854,22.609117,156.007989,0.7397715278043802
73,0,0,8,Guard(1200),14979854,22.74491821999999,101.341512,0.7334757071095717
73,0,1,5,FCFS,14979854,138.6468986,0.0,0.0
73,0,1,5,SJF,14979854,36.490746309999984,623.471722,1.0
73,0,1,5,SPJF-E,14979854,46.89779147999999,834.6730749999999,0.898126104627976
73,0,1,5,Guard(300),14979854,57.24356637999995,90.164556,0.79685197998563
73,0,1,5,Guard(600),14979854,48.32947154999999,175.892672,0.8841114805656312
73,0,1,5,Guard(1200),14979854,49.13011458999999,109.815834,0.8762740373764326
73,0,2,4,FCFS,14979854,298.09634828,0.0,0.0
73,0,2,4,SJF,14979854,45.5077516,835.266643,1.0
73,0,2,4,SPJF-E,14979854,66.14041693999998,1092.989788,0.9183151353180875
73,0,2,4,Guard(300),14979854,146.8618677199999,104.797787,0.5987383537808572
73,0,2,4,Guard(600),14979854,86.50876360999996,190.445391,0.8376767100775202
73,0,2,4,Guard(1200),14979854,81.50318629999992,134.830449,0.8574938252434179
73,1,0,8,FCFS,14979854,41.67943457,0.0,0.0
73,1,0,8,SJF,14979854,18.708925,305.369525,1.0
73,1,0,8,SPJF-E,14979854,24.109246709999965,400.763829,0.7649019629476176
73,1,0,8,Guard(300),14979854,24.820651799999997,62.649578,0.7339315968862071
73,1,0,8,Guard(600),14979854,24.112819929999986,170.008747,0.7647464061024752
73,1,0,8,Guard(1200),14979854,24.222287,108.65580200000001,0.759980857925739
73,1,1,5,FCFS,14979854,146.5824634099999,0.0,0.0
73,1,1,5,SJF,14979854,37.695408099999995,431.128609,1.0
73,1,1,5,SPJF-E,14979854,48.03999535999999,923.723666,0.904997088675517
73,1,1,5,Guard(300),14979854,59.72257693999999,62.987069,0.7977062674962698
73,1,1,5,Guard(600),14979854,49.579232409999996,170.05657,0.8908610001788833
73,1,1,5,Guard(1200),14979854,50.617955859999995,123.85046700000001,0.8813215425542578
73,1,2,4,FCFS,14979854,308.24453817999995,0.0,0.0
73,1,2,4,SJF,14979854,46.26390263999998,547.602611,1.0
73,1,2,4,SPJF-E,14979854,67.77104106999991,993.683673,0.9179056177733558
73,1,2,4,Guard(300),14979854,156.2432939199999,99.018457,0.5802003035327092
73,1,2,4,Guard(600),14979854,88.99499135999996,167.298873,0.8368921862032979
73,1,2,4,Guard(1200),14979854,82.04021793999999,122.351034,0.8634390850061985
73,2,0,7,FCFS,14979854,52.11207700999998,0.0,0.0
73,2,0,7,SJF,14979854,23.06332488,337.846525,1.0
73,2,0,7,SPJF-E,14979854,29.49645481999999,432.57807499999996,0.778540230877725
73,2,0,7,Guard(300),14979854,31.132611099999995,60.244636,0.7222157363631991
73,2,0,7,Guard(600),14979854,29.507928169999992,169.454494,0.7781452621042418
73,2,0,7,Guard(1200),14979854,29.863483859999985,104.31392899999999,0.7659052977708757
73,2,1,5,FCFS,14979854,129.58130414,0.0,0.0
73,2,1,5,SJF,14979854,36.18250575,553.8583920000001,1.0
73,2,1,5,SPJF-E,14979854,47.55430808,808.101836,0.8782446613229923
73,2,1,5,Guard(300),14979854,57.59857046999999,73.671128,0.7707029952294013
73,2,1,5,Guard(600),14979854,49.52329975999998,171.16946,0.8571631087340802
73,2,1,5,Guard(1200),14979854,50.34632962,103.96353599999999,0.8483511124965768
73,2,2,4,FCFS,14979854,273.43886849999996,0.0,0.0
73,2,2,4,SJF,14979854,45.350511879999985,573.307216,1.0
73,2,2,4,SPJF-E,14979854,69.05799784999999,1047.648324,0.8960600781148282
73,2,2,4,Guard(300),14979854,146.7735531899998,137.643738,0.5553344203405668
73,2,2,4,Guard(600),14979854,88.60530434999995,312.07952,0.8103594891427827
73,2,2,4,Guard(1200),14979854,84.15732277999996,116.385379,0.8298606229836935
73,3,0,8,FCFS,14979854,45.83650712999997,0.0,0.0
73,3,0,8,SJF,14979854,19.64835753,340.888896,1.0
73,3,0,8,SPJF-E,14979854,25.399793,423.533342,0.7803802270168791
73,3,0,8,Guard(300),14979854,27.38286769999999,70.900495,0.7046561025449465
73,3,0,8,Guard(600),14979854,25.43175429,167.482816,0.7791597784365792
73,3,0,8,Guard(1200),14979854,25.595984549999983,100.93988,0.7728886114198771
73,3,1,5,FCFS,14979854,174.05194704000002,0.0,0.0
73,3,1,5,SJF,14979854,37.709081,645.7436309999999,1.0
73,3,1,5,SPJF-E,14979854,48.81415794999999,880.229738,0.9185503629743121
73,3,1,5,Guard(300),14979854,66.78538705,95.397348,0.7867412729796244
73,3,1,5,Guard(600),14979854,52.38481471999997,197.83435300000002,0.8923615576945959
73,3,1,5,Guard(1200),14979854,51.98045829999999,112.01231800000001,0.895327289835516
73,3,2,4,FCFS,14979854,342.61667045999985,0.0,0.0
73,3,2,4,SJF,14979854,46.43717814,861.611317,1.0
73,3,2,4,SPJF-E,14979854,72.10077625999996,1200.192415,0.9133511982245133
73,3,2,4,Guard(300),14979854,195.93187704,146.181318,0.4952564145174437
73,3,2,4,Guard(600),14979854,104.33158923999999,338.753982,0.8045293053664587
73,3,2,4,Guard(1200),14979854,95.67193173999999,110.325437,0.8337671753896941
73,4,0,8,FCFS,14979854,40.862253,0.0,0.0
73,4,0,8,SJF,14979854,18.99313836,298.119584,1.0
73,4,0,8,SPJF-E,14979854,24.304982,255.97007099999996,0.7571075131553657
73,4,0,8,Guard(300),14979854,25.105635539999973,59.406646,0.720496358420481
73,4,0,8,Guard(600),14979854,24.304982,164.57801600000002,0.7571075131553657
73,4,0,8,Guard(1200),14979854,24.38679,100.302133,0.7533667124258122
73,4,1,5,FCFS,14979854,150.88019377999996,0.0,0.0
73,4,1,5,SJF,14979854,37.59184984999998,707.3758600000001,1.0
73,4,1,5,SPJF-E,14979854,47.76576293999995,889.833788,0.9101945289597813
73,4,1,5,Guard(300),14979854,61.00541752999999,64.310902,0.7933276551869531
73,4,1,5,Guard(600),14979854,49.67958982,169.69644599999998,0.8933011150955749
73,4,1,5,Guard(1200),14979854,50.748941779999996,129.332297,0.8838619095877183
73,4,2,4,FCFS,14979854,310.0150299799999,0.0,0.0
73,4,2,4,SJF,14979854,46.16640452,702.557504,1.0
73,4,2,4,SPJF-E,14979854,68.40728715999994,1172.3123320000002,0.9157058991638685
73,4,2,4,Guard(300),14979854,176.82293317999975,139.039849,0.5048049674990344
73,4,2,4,Guard(600),14979854,93.14532483999994,234.644509,0.8219474509746042
73,4,2,4,Guard(1200),14979854,90.72427453999998,115.162387,0.8311233574087539
74,0,0,8,FCFS,15692448,46.48936898999999,0.0,0.0
74,0,0,8,SJF,15692448,18.19412098999999,369.645154,1.0
74,0,0,8,SPJF-E,15692448,25.811777,213.024847,0.7307796697876615
74,0,0,8,Guard(300),15692448,27.42649040999998,85.529218,0.6737130764854937
74,0,0,8,Guard(600),15692448,25.978558499999988,154.364626,0.7248853408176525
74,0,0,8,Guard(1200),15692448,25.985771729999996,94.518941,0.7246304135591953
74,0,1,5,FCFS,15692448,187.92657655999994,0.0,0.0
74,0,1,5,SJF,15692448,40.44393740999998,486.269935,1.0
74,0,1,5,SPJF-E,15692448,59.20532502999998,560.6994060000001,0.8727891789289288
74,0,1,5,Guard(300),15692448,90.98126626999989,106.677829,0.6573337095724198
74,0,1,5,Guard(600),15692448,67.10206242999982,280.53515999999996,0.8192456741102477
74,0,1,5,Guard(1200),15692448,64.70171260999999,237.90223,0.8355211478462344
74,0,2,4,FCFS,15692448,360.02062786,0.0,0.0
74,0,2,4,SJF,15692448,51.651930289999996,944.217085,1.0
74,0,2,4,SPJF-E,15692448,96.4461873999999,748.398576,0.8547379890923218
74,0,2,4,Guard(300),15692448,257.30097784,103.130925,0.33310660527300295
74,0,2,4,Guard(600),15692448,142.09994699999973,197.14605600000002,0.7066887222252254
74,0,2,4,Guard(1200),15692448,127.60683136999965,101.599802,0.7536880309884312
74,1,0,7,FCFS,15692448,64.9280982799997,0.0,0.0
74,1,0,7,SJF,15692448,25.983083999999998,473.74176,1.0
74,1,0,7,SPJF-E,15692448,34.061045,224.40275,0.7925803559366402
74,1,0,7,Guard(300),15692448,38.38721537999999,101.689603,0.6814962939589894
74,1,0,7,Guard(600),15692448,34.90024639999997,173.578326,0.7710319904907724
74,1,0,7,Guard(1200),15692448,34.56268511999997,110.597739,0.7796996283448265
74,1,1,5,FCFS,15692448,184.95293146,0.0,0.0
74,1,1,5,SJF,15692448,41.50150405999997,756.624316,1.0
74,1,1,5,SPJF-E,15692448,58.33011432999998,406.843436,0.8826877461241629
74,1,1,5,Guard(300),15692448,92.5846885099998,115.390032,0.6438990857333232
74,1,1,5,Guard(600),15692448,65.65723275999996,222.938214,0.8316103984616051
74,1,1,5,Guard(1200),15692448,63.469369339999936,220.08189199999998,0.8468619958814021
74,1,2,4,FCFS,15692448,355.14819789999797,0.0,0.0
74,1,2,4,SJF,15692448,51.802688899999985,1401.744109,1.0
74,1,2,4,SPJF-E,15692448,97.24697440999972,627.062949,0.8501896874629515
74,1,2,4,Guard(300),15692448,264.14739421999934,100.85133699999999,0.2999906080033617
74,1,2,4,Guard(600),15692448,132.31134794999997,232.86827899999997,0.7345974914367348
74,1,2,4,Guard(1200),15692448,124.14953958999979,100.85133699999999,0.7615034719699764
74,2,0,7,FCFS,15692448,64.95588450999988,0.0,0.0
74,2,0,7,SJF,15692448,25.388633,426.235469,1.0
74,2,0,7,SPJF-E,15692448,33.69083102,231.069825,0.7901750133465355
74,2,0,7,Guard(300),15692448,37.106419,124.386401,0.7038514035517843
74,2,0,7,Guard(600),15692448,34.338516429999956,231.069825,0.7738057841157341
74,2,0,7,Guard(1200),15692448,34.061045,230.630033,0.7808184377474838
74,2,1,5,FCFS,15692448,164.78293536999993,0.0,0.0
74,2,1,5,SJF,15692448,39.94715445999999,169.036774,1.0
74,2,1,5,SPJF-E,15692448,56.78055236,367.61627300000004,0.8651556646877068
74,2,1,5,Guard(300),15692448,85.64274388999985,111.045586,0.6339543911457246
74,2,1,5,Guard(600),15692448,63.478172909999664,175.417646,0.8115042155504734
74,2,1,5,Guard(1200),15692448,62.30793763999998,92.142956,0.8208784130879837
74,2,2,4,FCFS,15692448,313.82574000999983,0.0,0.0
74,2,2,4,SJF,15692448,51.22618435,254.92344599999998,1.0
74,2,2,4,SPJF-E,15692448,93.22942762,645.793874,0.8400483079096157
74,2,2,4,Guard(300),15692448,220.26430054999952,122.16563199999999,0.35628940507857815
74,2,2,4,Guard(600),15692448,130.01605566999984,213.73162399999998,0.6999619016034708
74,2,2,4,Guard(1200),15692448,120.11671272999992,163.781239,0.7376593870966188
74,3,0,8,FCFS,15692448,44.89662905999997,0.0,0.0
74,3,0,8,SJF,15692448,16.878532969999974,88.01018499999999,1.0
74,3,0,8,SPJF-E,15692448,23.95092554999998,240.026689,0.7475776884595584
74,3,0,8,Guard(300),15692448,25.41802648999998,86.260626,0.69521506769877
74,3,0,8,Guard(600),15692448,24.015221969999914,163.17005500000002,0.7452828708604824
74,3,0,8,Guard(1200),15692448,23.994202089999977,103.97632800000001,0.7460330959982797
74,3,1,5,FCFS,15692448,167.29753395999995,0.0,0.0
74,3,1,5,SJF,15692448,40.369490999999954,766.5679200000001,1.0
74,3,1,5,SPJF-E,15692448,56.35912699999999,402.596223,0.8740259786008124
74,3,1,5,Guard(300),15692448,85.0277778199998,103.96616499999999,0.6481605973072994
74,3,1,5,Guard(600),15692448,61.48296556999997,164.027843,0.8336579208374488
74,3,1,5,Guard(1200),15692448,59.832929659999934,92.100062,0.8466576951309832
74,3,2,4,FCFS,15692448,332.40374722999945,0.0,0.0
74,3,2,4,SJF,15692448,51.365006479999984,1379.553161,1.0
74,3,2,4,SPJF-E,15692448,90.19140212999986,631.102126,0.8618468203124414
74,3,2,4,Guard(300),15692448,238.2126584799995,102.846279,0.3351533973523902
74,3,2,4,Guard(600),15692448,122.32587567999968,212.709052,0.7475050272050444
74,3,2,4,Guard(1200),15692448,114.7366149299994,101.712103,0.7745093495619801
74,4,0,9,FCFS,15692448,32.36145229999991,0.0,0.0
74,4,0,9,SJF,15692448,12.682149659999995,88.080946,1.0
74,4,0,9,SPJF-E,15692448,17.853326699999972,249.58365700000002,0.7372276276960594
74,4,0,9,Guard(300),15692448,18.7416414,76.23347000000001,0.6920880861050658
74,4,0,9,Guard(600),15692448,17.84788819999999,176.01607,0.7375039840334496
74,4,0,9,Guard(1200),15692448,17.878666389999974,76.019446,0.7359399961949057
74,4,1,5,FCFS,15692448,175.45872293999994,0.0,0.0
74,4,1,5,SJF,15692448,41.13091520999998,743.93699,1.0
74,4,1,5,SPJF-E,15692448,58.70886326999993,387.43433699999997,0.8691414059601733
74,4,1,5,Guard(300),15692448,94.12956521999989,97.120352,0.6054528775119472
74,4,1,5,Guard(600),15692448,66.75994902999996,257.04215899999997,0.8092052996836325
74,4,1,5,Guard(1200),15692448,65.74464275999983,258.043376,0.8167637217792338
74,4,2,4,FCFS,15692448,361.9538810099992,0.0,0.0
74,4,2,4,SJF,15692448,52.08302370999999,1063.374415,1.0
74,4,2,4,SPJF-E,15692448,98.52066765,649.552067,0.8501387179658467
74,4,2,4,Guard(300),15692448,285.07191869999934,99.425297,0.2481096898878978
74,4,2,4,Guard(600),15692448,141.6254964699999,295.66507,0.7110329330734383
74,4,2,4,Guard(1200),15692448,128.4148287699997,299.833297,0.7536657505481399
75,0,0,8,FCFS,14029265,39.257087979999994,0.0,0.0
75,0,0,8,SJF,14029265,16.02305511999995,127.048585,1.0
75,0,0,8,SPJF-E,14029265,20.91153025999997,66.77253999999999,0.7895985096751725
75,0,0,8,Guard(300),14029265,21.38889045999998,63.519594000000005,0.7690527782097653
75,0,0,8,Guard(600),14029265,20.911110519999998,66.77253999999999,0.7896165754153092
75,0,0,8,Guard(1200),14029265,20.875261919999925,66.975465,0.7911595103081056
75,0,1,5,FCFS,14029265,186.18551107999997,0.0,0.0
75,0,1,5,SJF,14029265,35.19557731999996,828.710607,1.0
75,0,1,5,SPJF-E,14029265,45.48764717999996,166.720339,0.9318360528831058
75,0,1,5,Guard(300),14029265,67.8348665799999,105.853976,0.7838313558579315
75,0,1,5,Guard(600),14029265,49.58087872,132.31078399999998,0.9047267520305983
75,0,1,5,Guard(1200),14029265,48.74045381999999,94.27038200000001,0.9102928509026982
75,0,2,4,FCFS,14029265,403.8240886399999,0.0,0.0
75,0,2,4,SJF,14029265,44.835236159999994,123.813311,1.0
75,0,2,4,SPJF-E,14029265,64.42211245999992,241.22586399999997,0.945438761775782
75,0,2,4,Guard(300),14029265,235.64105927999992,73.578181,0.46849095229041926
75,0,2,4,Guard(600),14029265,103.72196891999987,164.211931,0.8359650101857116
75,0,2,4,Guard(1200),14029265,86.19800816,105.138499,0.8847797871319574
75,1,0,8,FCFS,14029265,36.872138619999966,0.0,0.0
75,1,0,8,SJF,14029265,15.076054639999976,163.229098,1.0
75,1,0,8,SPJF-E,14029265,19.503899759999985,117.298844,0.7968513461380041
75,1,0,8,Guard(300),14029265,19.97926,62.580273,0.7750419128271303
75,1,0,8,Guard(600),14029265,19.460852159999963,117.298844,0.798826361468259
75,1,0,8,Guard(1200),14029265,19.500880239999987,97.023607,0.7969898811153316
75,1,1,5,FCFS,14029265,178.56076019999983,0.0,0.0
75,1,1,5,SJF,14029265,35.68156075999996,922.395388,1.0
75,1,1,5,SPJF-E,14029265,45.931928139999975,128.64396,0.9282585049456097
75,1,1,5,Guard(300),14029265,65.68093109999987,98.259127,0.7900368251111477
75,1,1,5,Guard(600),14029265,49.71643377999992,128.64396,0.901771055024047
75,1,1,5,Guard(1200),14029265,48.54307047999999,91.127943,0.9099833301809546
75,1,2,4,FCFS,14029265,451.3186835599998,0.0,0.0
75,1,2,4,SJF,14029265,43.700731599999976,1961.7385530000001,1.0
75,1,2,4,SPJF-E,14029265,62.865586639999975,600.273909,0.952983289995332
75,1,2,4,Guard(300),14029265,257.05716949999976,118.228571,0.47657742532169733
75,1,2,4,Guard(600),14029265,105.62104933999996,249.12090899999998,0.8480922701214192
75,1,2,4,Guard(1200),14029265,84.94466739999982,118.149787,0.8988171752453946
75,2,0,7,FCFS,14029265,60.958066479999864,0.0,0.0
75,2,0,7,SJF,14029265,21.29360997999997,111.39808400000001,1.0
75,2,0,7,SPJF-E,14029265,26.54712177999999,83.917025,0.8675511462006285
75,2,0,7,Guard(300),14029265,28.493201699999958,81.04129999999999,0.8184875741332795
75,2,0,7,Guard(600),14029265,26.66277737999999,83.917025,0.8646352963389268
75,2,0,7,Guard(1200),14029265,26.802636799999984,81.285078,0.8611092321408709
75,2,1,5,FCFS,14029265,197.64232731999988,0.0,0.0
75,2,1,5,SJF,14029265,35.61294161999998,1297.1641060000002,1.0
75,2,1,5,SPJF-E,14029265,46.08135355999997,138.233559,0.9353918926818471
75,2,1,5,Guard(300),14029265,70.40868563999999,81.453153,0.7852504107839741
75,2,1,5,Guard(600),14029265,51.058673239999976,138.233559,0.9046732692759941
75,2,1,5,Guard(1200),14029265,48.97444239999998,103.93786899999999,0.9175365584318202
75,2,2,4,FCFS,14029265,405.1027385599995,0.0,0.0
75,2,2,4,SJF,14029265,44.49533463999999,199.760041,1.0
75,2,2,4,SPJF-E,14029265,63.79143147999995,197.047345,0.9464900148187728
75,2,2,4,Guard(300),14029265,234.9873649599995,95.990572,0.4717467576948032
75,2,2,4,Guard(600),14029265,102.29181031999991,163.15134899999998,0.839724656089363
75,2,2,4,Guard(1200),14029265,83.60353162,110.244095,0.8915491014469683
75,3,0,8,FCFS,14029265,43.319443,0.0,0.0
75,3,0,8,SJF,14029265,15.919743899999977,168.676848,1.0
75,3,0,8,SPJF-E,14029265,21.664213039999982,77.762494,0.7903455392325823
75,3,0,8,Guard(300),14029265,22.611311079999982,64.86601,0.7557795377395222
75,3,0,8,Guard(600),14029265,21.72768305999997,77.762494,0.7880290897063178
75,3,0,8,Guard(1200),14029265,21.725345959999945,64.715397,0.7881143862634622
75,3,1,5,FCFS,14029265,182.63800127999983,0.0,0.0
75,3,1,5,SJF,14029265,36.37897531999999,894.157621,1.0
75,3,1,5,SPJF-E,14029265,46.51024175999998,180.279287,0.930730658340561
75,3,1,5,Guard(300),14029265,68.13259897999997,83.146713,0.782894604612749
75,3,1,5,Guard(600),14029265,49.32770005999993,170.692157,0.9114671750682842
75,3,1,5,Guard(1200),14029265,48.82542265999997,87.030709,0.9149013385101856
75,3,2,4,FCFS,14029265,370.7710395399999,0.0,0.0
75,3,2,4,SJF,14029265,44.59570973999997,1875.800136,1.0
75,3,2,4,SPJF-E,14029265,64.86074289999989,179.377572,0.93787073604731
75,3,2,4,Guard(300),14029265,233.2124931999997,83.776622,0.4217319146250166
75,3,2,4,Guard(600),14029265,97.63473003999981,169.338859,0.8373910732840475
75,3,2,4,Guard(1200),14029265,87.14106521999997,112.269012,0.8695629264601727
75,4,0,9,FCFS,14029265,26.427662,0.0,0.0
75,4,0,9,SJF,14029265,10.608939519999993,96.090373,1.0
75,4,0,9,SPJF-E,14029265,14.56175073999998,51.907562,0.7501181764205282
75,4,0,9,Guard(300),14029265,14.911517779999999,47.964241,0.7280072227425534
75,4,0,9,Guard(600),14029265,14.563832,50.577089,0.7499866070094932
75,4,0,9,Guard(1200),14029265,14.590520899999976,51.907562,0.7482994353662887
75,4,1,5,FCFS,14029265,172.10042555999993,0.0,0.0
75,4,1,5,SJF,14029265,35.42809283999997,1456.4150370000002,1.0
75,4,1,5,SPJF-E,14029265,45.66330591999998,153.843943,0.9251113017806696
75,4,1,5,Guard(300),14029265,65.72941255999999,99.309499,0.7782922182057271
75,4,1,5,Guard(600),14029265,49.48373847999994,153.843943,0.8971580761060418
75,4,1,5,Guard(1200),14029265,48.02692971999999,87.218041,0.9078172104824521
75,4,2,4,FCFS,14029265,400.58119438,0.0,0.0
75,4,2,4,SJF,14029265,44.07365783999996,140.84286,1.0
75,4,2,4,SPJF-E,14029265,62.47240233999991,124.804589,0.9483917095314038
75,4,2,4,Guard(300),14029265,252.32614412,81.04129999999999,0.41585390227329966
75,4,2,4,Guard(600),14029265,102.84123665999994,124.804589,0.8351575414355756
75,4,2,4,Guard(1200),14029265,85.1045058999999,96.061266,0.8849088901227302
76,0,0,8,FCFS,15626157,155.66026699999998,0.0,0.0
76,0,0,8,SJF,15626157,32.7809565,106.317042,1.0
76,0,0,8,SPJF-E,15626157,44.550688,122.38070599999999,0.9042171423968073
76,0,0,8,Guard(300),15626157,68.7970735,48.298185,0.7068984448769348
76,0,0,8,Guard(600),15626157,47.074457499999994,122.38070599999999,0.8836785383817726
76,0,0,8,Guard(1200),15626157,44.664825,93.32838799999999,0.9032882879009969
76,0,1,5,FCFS,15626157,392.8725025,0.0,0.0
76,0,1,5,SJF,15626157,53.93152499999999,224.75841699999998,1.0
76,0,1,5,SPJF-E,15626157,131.8712875,218.49925900000002,0.770049159960306
76,0,1,5,Guard(300),15626157,382.243071,102.738679,0.03136071530330088
76,0,1,5,Guard(600),15626157,169.0173615,172.82806499999998,0.6604546391856676
76,0,1,5,Guard(1200),15626157,149.8097835,104.72185900000001,0.7171240278847664
76,0,2,4,FCFS,15626157,639.2099515,0.0,0.0
76,0,2,4,SJF,15626157,75.62473299999999,251.170444,1.0
76,0,2,4,SPJF-E,15626157,241.9616085,267.809037,0.7048594071670103
76,0,2,4,Guard(300),15626157,631.9027080000001,72.41606399999999,0.012965640794214537
76,0,2,4,Guard(600),15626157,435.23951450000004,169.55863000000002,0.3619158741296902
76,0,2,4,Guard(1200),15626157,325.0111305,111.966235,0.5575001094532788
76,1,0,9,FCFS,15626157,121.839325,0.0,0.0
76,1,0,9,SJF,15626157,28.1355575,115.192009,1.0
76,1,0,9,SPJF-E,15626157,38.660481,93.40437,0.8876787584874856
76,1,0,9,Guard(300),15626157,50.988308,75.44754499999999,0.7561170579400663
76,1,0,9,Guard(600),15626157,40.2185785,93.40437,0.8710508518240742
76,1,0,9,Guard(1200),15626157,38.6827935,91.36388,0.8874406410606703
76,1,1,5,FCFS,15626157,411.4601195,0.0,0.0
76,1,1,5,SJF,15626157,53.4875765,128.36601000000002,1.0
76,1,1,5,SPJF-E,15626157,127.52631199999999,284.027795,0.7931720268836374
76,1,1,5,Guard(300),15626157,373.0203405,105.876843,0.10738192007089226
76,1,1,5,Guard(600),15626157,174.24120249999999,144.23624900000002,0.6626734972799296
76,1,1,5,Guard(1200),15626157,145.31102950000002,105.876843,0.7434902346686404
76,1,2,4,FCFS,15626157,676.3012975,0.0,0.0
76,1,2,4,SJF,15626157,76.235805,123.26125300000001,1.0
76,1,2,4,SPJF-E,15626157,242.9687925,318.50882099999995,0.7221420168566017
76,1,2,4,Guard(300),15626157,633.7986705,83.02896199999999,0.0708299802791944
76,1,2,4,Guard(600),15626157,463.3659355,175.03991299999998,0.3548535362579611
76,1,2,4,Guard(1200),15626157,321.47812350000004,98.173228,0.591307412998757
76,2,0,7,FCFS,15626157,198.154011,0.0,0.0
76,2,0,7,SJF,15626157,37.669861499999996,112.23925700000001,1.0
76,2,0,7,SPJF-E,15626157,53.081399000000005,210.012742,0.9039684757154163
76,2,0,7,Guard(300),15626157,113.96768349999999,53.095189,0.5245772106609196
76,2,0,7,Guard(600),15626157,55.810117,163.64898000000002,0.8869654382908388
76,2,0,7,Guard(1200),15626157,53.480339,92.502988,0.9014826227433758
76,2,1,5,FCFS,15626157,400.3873085,0.0,0.0
76,2,1,5,SJF,15626157,52.651872999999995,144.023542,1.0
76,2,1,5,SPJF-E,15626157,126.73379700000001,267.000066,0.7869589451144677
76,2,1,5,Guard(300),15626157,368.072141,144.18656,0.0929303263371329
76,2,1,5,Guard(600),15626157,162.409718,207.74858999999998,0.6843639336262007
76,2,1,5,Guard(1200),15626157,143.401255,125.818585,0.7390275113333971
76,2,2,4,FCFS,15626157,650.299359,0.0,0.0
76,2,2,4,SJF,15626157,74.92244099999999,332.14749900000004,1.0
76,2,2,4,SPJF-E,15626157,241.75467600000002,2172.8244099999997,0.7100470495411845
76,2,2,4,Guard(300),15626157,604.4494525,99.72130200000001,0.07968673241077075
76,2,2,4,Guard(600),15626157,391.093254,245.330634,0.45049792039102965
76,2,2,4,Guard(1200),15626157,309.775046,113.38798,0.5918282474445734
76,3,0,8,FCFS,15626157,159.4933125,0.0,0.0
76,3,0,8,SJF,15626157,32.6774325,112.275143,1.0
76,3,0,8,SPJF-E,15626157,45.1832835,164.19078100000002,0.9013857649373249
76,3,0,8,Guard(300),15626157,75.813694,55.714374,0.6598512623182523
76,3,0,8,Guard(600),15626157,46.875453,155.546865,0.888042250702357
76,3,0,8,Guard(1200),15626157,45.137622500000006,93.77919299999999,0.9017458223686182
76,3,1,5,FCFS,15626157,444.491122,0.0,0.0
76,3,1,5,SJF,15626157,53.9307745,114.081903,1.0
76,3,1,5,SPJF-E,15626157,133.432637,271.416464,0.7964415409580206
76,3,1,5,Guard(300),15626157,407.766148,103.628855,0.09403149663062
76,3,1,5,Guard(600),15626157,176.484563,164.10653200000002,0.6862103659921596
76,3,1,5,Guard(1200),15626157,143.833578,95.55833,0.7698107243209067
76,3,2,4,FCFS,15626157,681.209198,0.0,0.0
76,3,2,4,SJF,15626157,77.0142175,146.670784,1.0
76,3,2,4,SPJF-E,15626157,241.048036,352.971278,0.7285084719435202
76,3,2,4,Guard(300),15626157,627.18217,81.285078,0.08941985574804022
76,3,2,4,Guard(600),15626157,469.07705450000003,147.448239,0.35109881800813797
76,3,2,4,Guard(1200),15626157,318.283116,106.08816300000001,0.6006770888756167
76,4,0,8,FCFS,15626157,155.45719300000002,0.0,0.0
76,4,0,8,SJF,15626157,32.8602445,54.408711000000004,1.0
76,4,0,8,SPJF-E,15626157,45.856082,208.227393,0.8939954243640901
76,4,0,8,Guard(300),15626157,71.8703755,61.912422,0.681801778288144
76,4,0,8,Guard(600),15626157,47.99455450000001,159.30572700000002,0.8765523107616336
76,4,0,8,Guard(1200),15626157,46.058571,92.533328,0.8923437600895914
76,4,1,5,FCFS,15626157,433.5418945,0.0,0.0
76,4,1,5,SJF,15626157,54.180943,182.967147,1.0
76,4,1,5,SPJF-E,15626157,135.2339325,352.366377,0.7863433514189717
76,4,1,5,Guard(300),15626157,400.63483099999996,68.868938,0.08674341249378707
76,4,1,5,Guard(600),15626157,175.2345045,163.622747,0.6809013657801309
76,4,1,5,Guard(1200),15626157,157.5998155,108.639241,0.7273866166481292
76,4,2,4,FCFS,15626157,712.811353,0.0,0.0
76,4,2,4,SJF,15626157,76.08348749999999,134.368069,1.0
76,4,2,4,SPJF-E,15626157,252.971272,402.174668,0.7221924874277393
76,4,2,4,Guard(300),15626157,631.4766784999999,100.512826,0.12773851892932447
76,4,2,4,Guard(600),15626157,470.3648045,224.45435700000002,0.3807694961011567
76,4,2,4,Guard(1200),15626157,361.21141950000003,108.426922,0.552198125055986
77,0,0,8,FCFS,13512373,26.365519790000015,0.0,0.0
77,0,0,8,SJF,13512373,12.48403874000002,142.535398,1.0
77,0,0,8,SPJF-E,13512373,14.897856770000063,197.002242,0.8261123563612801
77,0,0,8,Guard(300),13512373,15.53109756000002,58.027454,0.7804946886413102
77,0,0,8,Guard(600),13512373,15.066959740000003,154.87696400000002,0.8139304451235062
77,0,0,8,Guard(1200),13512373,14.901184820000035,93.40336699999999,0.8258726088885151
77,0,1,5,FCFS,13512373,165.00478767000052,0.0,0.0
77,0,1,5,SJF,13512373,29.93612856000003,259.384455,1.0
77,0,1,5,SPJF-E,13512373,37.30149448000005,332.027153,0.945469467391383
77,0,1,5,Guard(300),13512373,51.11662706000001,73.62793,0.8431871713278022
77,0,1,5,Guard(600),13512373,43.607089480000006,162.261428,0.8987850992963045
77,0,1,5,Guard(1200),13512373,41.50899533000001,95.148721,0.9143186373044913
77,0,2,4,FCFS,13512373,429.5997497900029,0.0,0.0
77,0,2,4,SJF,13512373,36.800936940000064,268.236815,1.0
77,0,2,4,SPJF-E,13512373,48.683531310000006,395.377456,0.9697489045758966
77,0,2,4,Guard(300),13512373,195.3520991100002,79.157384,0.5963552918614707
77,0,2,4,Guard(600),13512373,80.38662396000083,171.708146,0.8890381396426349
77,0,2,4,Guard(1200),13512373,64.11211578,92.81291499999999,0.9304703121635217
77,1,0,8,FCFS,13512373,26.460583460000024,0.0,0.0
77,1,0,8,SJF,13512373,12.324408140000012,116.686809,1.0
77,1,0,8,SPJF-E,13512373,15.137356990000077,201.112255,0.8010106138100682
77,1,0,8,Guard(300),13512373,15.721553010000035,60.579757,0.7596842998124319
77,1,0,8,Guard(600),13512373,15.231233700000098,155.20928500000002,0.7943697291382996
77,1,0,8,Guard(1200),13512373,15.00663951000001,93.794573,0.8102576326847652
77,1,1,5,FCFS,13512373,169.16185438000022,0.0,0.0
77,1,1,5,SJF,13512373,29.774267150000004,248.53298199999998,1.0
77,1,1,5,SPJF-E,13512373,37.27468668000006,309.257294,0.9461901903960517
77,1,1,5,Guard(300),13512373,50.74352327000002,72.897177,0.8495615245466648
77,1,1,5,Guard(600),13512373,43.13006959000004,156.936448,0.9041822682678199
77,1,1,5,Guard(1200),13512373,40.63932154000002,99.626803,0.9220514924899889
77,1,2,4,FCFS,13512373,475.0316067000005,0.0,0.0
77,1,2,4,SJF,13512373,36.88164048000001,333.336421,1.0
77,1,2,4,SPJF-E,13512373,49.78327462000006,1605.582608,0.9705542961664363
77,1,2,4,Guard(300),13512373,169.81806946000037,76.449436,0.6965960533402134
77,1,2,4,Guard(600),13512373,76.41459846000002,192.222033,0.9097729977681887
77,1,2,4,Guard(1200),13512373,65.7136852300001,94.249953,0.9341959443732488
77,2,0,7,FCFS,13512373,46.42994438000002,0.0,0.0
77,2,0,7,SJF,13512373,18.792049900000016,454.520828,1.0
77,2,0,7,SPJF-E,13512373,22.439785550000053,244.483923,0.8680168761538728
77,2,0,7,Guard(300),13512373,24.532851530000016,58.747286,0.7922851310488107
77,2,0,7,Guard(600),13512373,23.18943984000001,149.547212,0.8408927299732569
77,2,0,7,Guard(1200),13512373,22.705401,93.33326299999999,0.8584063231433258
77,2,1,5,FCFS,13512373,161.1195126300001,0.0,0.0
77,2,1,5,SJF,13512373,29.59338901,630.3601309999999,1.0
77,2,1,5,SPJF-E,13512373,37.37774400000002,353.44444,0.9408151416939021
77,2,1,5,Guard(300),13512373,51.89585746000022,70.675741,0.8304331653958297
77,2,1,5,Guard(600),13512373,43.65299232000005,175.591053,0.8931041003639667
77,2,1,5,Guard(1200),13512373,41.23690664000016,100.215821,0.9114737262109227
77,2,2,4,FCFS,13512373,422.5480004500014,0.0,0.0
77,2,2,4,SJF,13512373,37.173030520000005,233.552214,1.0
77,2,2,4,SPJF-E,13512373,50.34143891000003,394.211154,0.9658296220110199
77,2,2,4,Guard(300),13512373,174.2859360700002,74.571069,0.6442091047716331
77,2,2,4,Guard(600),13512373,78.97522744000001,171.16445000000002,0.8915285107188127
77,2,2,4,Guard(1200),13512373,69.07347949000008,92.27568199999999,0.9172223121397988
77,3,0,8,FCFS,13512373,25.14477046000004,0.0,0.0
77,3,0,8,SJF,13512373,12.204177120000008,158.910415,1.0
77,3,0,8,SPJF-E,13512373,14.286464090000111,188.779938,0.8390887561883543
77,3,0,8,Guard(300),13512373,14.946913130000004,52.099059,0.788051757911126
77,3,0,8,Guard(600),13512373,14.334098380000029,143.407243,0.8354077588222848
77,3,0,8,Guard(1200),13512373,14.369207240000033,91.13091299999999,0.8326946792070339
77,3,1,5,FCFS,13512373,144.03793474000162,0.0,0.0
77,3,1,5,SJF,13512373,29.47068317000002,256.322443,1.0
77,3,1,5,SPJF-E,13512373,36.31363408000003,327.89471699999996,0.9402713182325151
77,3,1,5,Guard(300),13512373,47.04417048000008,97.35101399999999,0.8466098551795798
77,3,1,5,Guard(600),13512373,41.545675390000014,158.00796100000002,0.8946034573184984
77,3,1,5,Guard(1200),13512373,39.321795890000026,95.841466,0.9140145845780293
77,3,2,4,FCFS,13512373,445.82365800000105,0.0,0.0
77,3,2,4,SJF,13512373,36.73589040000006,1571.321524,1.0
77,3,2,4,SPJF-E,13512373,47.858106090000014,1356.791862,0.9728121528657511
77,3,2,4,Guard(300),13512373,147.0941063800013,75.864522,0.7302334004572152
77,3,2,4,Guard(600),13512373,71.43957397000021,195.641389,0.9151681220545983
77,3,2,4,Guard(1200),13512373,61.30840499000013,101.27346,0.939933391960948
77,4,0,8,FCFS,13512373,25.537472,0.0,0.0
77,4,0,8,SJF,13512373,12.070594,209.284236,1.0
77,4,0,8,SPJF-E,13512373,14.46016,179.06903,0.822559764779929
77,4,0,8,Guard(300),13512373,15.312679630000053,56.698916,0.759254845109605
77,4,0,8,Guard(600),13512373,14.625561390000023,154.67490800000002,0.8102776760879528
77,4,0,8,Guard(1200),13512373,14.557943480000068,91.92344299999999,0.8152987292229077
77,4,1,5,FCFS,13512373,170.7112138000001,0.0,0.0
77,4,1,5,SJF,13512373,30.07028008000001,128.07167399999997,1.0
77,4,1,5,SPJF-E,13512373,37.33619353000003,453.05031199999996,0.9483371358692368
77,4,1,5,Guard(300),13512373,51.550135,73.518868,0.8472716701187158
77,4,1,5,Guard(600),13512373,43.26604951000001,168.009288,0.9061740484724649
77,4,1,5,Guard(1200),13512373,41.410397,112.529453,0.9193683046603143
77,4,2,4,FCFS,13512373,465.86696907000055,0.0,0.0
77,4,2,4,SJF,13512373,36.43475225000003,262.891862,1.0
77,4,2,4,SPJF-E,13512373,48.122954330000006,2798.214637,0.9727821956010833
77,4,2,4,Guard(300),13512373,185.4096257300014,83.622501,0.6530887352067365
77,4,2,4,Guard(600),13512373,79.95652597000002,204.495131,0.8986527512018446
77,4,2,4,Guard(1200),13512373,65.62731746000019,93.705206,0.9320205516340279
78,0,0,8,FCFS,16473678,42.37332588000007,0.0,0.0
78,0,0,8,SJF,16473678,20.208797720000007,167.671659,1.0
78,0,0,8,SPJF-E,16473678,25.002022880000023,96.582764,0.7837434153617461
78,0,0,8,Guard(300),16473678,25.888315040000034,96.582764,0.7437564526977049
78,0,0,8,Guard(600),16473678,25.054185040000103,96.582764,0.7813900081687963
78,0,0,8,Guard(1200),16473678,25.07695888000006,96.582764,0.780362517764509
78,0,1,5,FCFS,16473678,142.16724888000016,0.0,0.0
78,0,1,5,SJF,16473678,38.06806648000007,539.11553,1.0
78,0,1,5,SPJF-E,16473678,51.22767760000014,275.211156,0.8735858359632991
78,0,1,5,Guard(300),16473678,63.86949152000005,86.658055,0.7521457474962843
78,0,1,5,Guard(600),16473678,52.96561880000001,157.26813299999998,0.8568907845716189
78,0,1,5,Guard(1200),16473678,53.232559120000026,120.728402,0.8543264962280824
78,0,2,4,FCFS,16473678,299.4773374400001,0.0,0.0
78,0,2,4,SJF,16473678,46.96554788,1762.547314,1.0
78,0,2,4,SPJF-E,16473678,76.16509672000042,1472.306186,0.8843636216317646
78,0,2,4,Guard(300),16473678,188.90385716000048,99.292296,0.43789432751901636
78,0,2,4,Guard(600),16473678,107.23796168000042,164.235727,0.7613085159111793
78,0,2,4,Guard(1200),16473678,97.42404936000008,106.75487799999999,0.80017368073022
78,1,0,8,FCFS,16473678,44.61536172000006,0.0,0.0
78,1,0,8,SJF,16473678,20.530658960000082,256.350756,1.0
78,1,0,8,SPJF-E,16473678,25.214104800000104,257.000937,0.8055427178541593
78,1,0,8,Guard(300),16473678,26.322472720000132,71.704292,0.7595231372496267
78,1,0,8,Guard(600),16473678,25.31768916000001,212.190693,0.801241881716296
78,1,0,8,Guard(1200),16473678,25.243450000000013,86.62663099999999,0.8043243013226236
78,1,1,5,FCFS,16473678,160.22782276000015,0.0,0.0
78,1,1,5,SJF,16473678,38.939391600000015,624.974274,1.0
78,1,1,5,SPJF-E,16473678,52.04665400000029,198.13193199999998,0.8919331194686693
78,1,1,5,Guard(300),16473678,71.60900116000006,110.75330299999999,0.7306452952886887
78,1,1,5,Guard(600),16473678,55.4748708800001,154.20572299999998,0.8636681246360013
78,1,1,5,Guard(1200),16473678,54.69631748000006,110.627932,0.8700871490438031
78,1,2,4,FCFS,16473678,329.60297164000025,0.0,0.0
78,1,2,4,SJF,16473678,46.791229120000146,850.6053619999999,1.0
78,1,2,4,SPJF-E,16473678,79.91796868000044,544.941555,0.8828664635180146
78,1,2,4,Guard(300),16473678,224.8471776800004,128.57293800000002,0.3704082193567038
78,1,2,4,Guard(600),16473678,115.70974016000082,162.80223999999998,0.756309584510527
78,1,2,4,Guard(1200),16473678,106.19721848000019,127.777507,0.7899451103739127
78,2,0,7,FCFS,16473678,59.26425408,0.0,0.0
78,2,0,7,SJF,16473678,24.602361240000032,165.908614,1.0
78,2,0,7,SPJF-E,16473678,30.946498,126.484961,0.8169708506894118
78,2,0,7,Guard(300),16473678,32.678883200000044,111.208441,0.7669913181809948
78,2,0,7,Guard(600),16473678,31.22110568000013,126.484961,0.8090483843293741
78,2,0,7,Guard(1200),16473678,31.119213960000085,121.17353200000001,0.8119879733607747
78,2,1,5,FCFS,16473678,153.60708796000023,0.0,0.0
78,2,1,5,SJF,16473678,38.537862,601.752962,1.0
78,2,1,5,SPJF-E,16473678,51.07163904000001,378.12178300000005,0.8910762027341963
78,2,1,5,Guard(300),16473678,66.90284412000005,81.520364,0.7534963680918463
78,2,1,5,Guard(600),16473678,53.34198372000015,249.949807,0.8713459519998311
78,2,1,5,Guard(1200),16473678,53.83399684000006,104.181975,0.8670701509253462
78,2,2,4,FCFS,16473678,328.20276856000004,0.0,0.0
78,2,2,4,SJF,16473678,47.29269300000002,1573.50818,1.0
78,2,2,4,SPJF-E,16473678,76.36646616000063,822.456776,0.8965014939316739
78,2,2,4,Guard(300),16473678,209.8398323200009,81.76414199999999,0.42135525400447166
78,2,2,4,Guard(600),16473678,110.67132588000004,167.97244099999998,0.7743810621471893
78,2,2,4,Guard(1200),16473678,98.38446444000007,108.696591,0.8181205450244263
78,3,0,8,FCFS,16473678,45.313910080000035,0.0,0.0
78,3,0,8,SJF,16473678,22.436112040000022,166.966362,1.0
78,3,0,8,SPJF-E,16473678,26.830522,82.89049899999999,0.8079181417583677
78,3,0,8,Guard(300),16473678,27.857681240000026,69.98440599999999,0.7630204974044783
78,3,0,8,Guard(600),16473678,27.00296732000002,82.89049899999999,0.8003804705323819
78,3,0,8,Guard(1200),16473678,26.89223540000004,82.763007,0.8052206181640017
78,3,1,5,FCFS,16473678,168.81691956000043,0.0,0.0
78,3,1,5,SJF,16473678,38.88726400000005,812.915612,1.0
78,3,1,5,SPJF-E,16473678,53.17977036000009,262.041502,0.8899981201489455
78,3,1,5,Guard(300),16473678,76.20684952000018,89.04551500000001,0.7127708423519504
78,3,1,5,Guard(600),16473678,56.546291560000064,243.943618,0.8640877828553525
78,3,1,5,Guard(1200),16473678,55.704024000000175,89.17514899999999,0.8705702718327126
78,3,2,4,FCFS,16473678,355.35766268000015,0.0,0.0
78,3,2,4,SJF,16473678,47.540129360000265,291.470046,1.0
78,3,2,4,SPJF-E,16473678,82.54462484000004,372.90573600000005,0.8862816711496095
78,3,2,4,Guard(300),16473678,243.86248852000165,90.560387,0.36221190182851193
78,3,2,4,Guard(600),16473678,128.24547616000027,153.891513,0.7378143280873458
78,3,2,4,Guard(1200),16473678,107.13898572000004,115.369001,0.8063825159106768
78,4,0,8,FCFS,16473678,41.615598,0.0,0.0
78,4,0,8,SJF,16473678,20.599012880000103,167.14461,1.0
78,4,0,8,SPJF-E,16473678,24.93374704000002,158.69029,0.7937469795759122
78,4,0,8,Guard(300),16473678,25.68688732000007,76.56894799999999,0.7579114584529614
78,4,0,8,Guard(600),16473678,25.04954908000007,154.104609,0.788236948362999
78,4,0,8,Guard(1200),16473678,24.987944840000015,92.642327,0.7911681686182549
78,4,1,5,FCFS,16473678,149.0405619600007,0.0,0.0
78,4,1,5,SJF,16473678,38.165558320000024,744.27754,1.0
78,4,1,5,SPJF-E,16473678,49.984919,274.89505499999996,0.8933992307375596
78,4,1,5,Guard(300),16473678,65.57880124000008,80.977439,0.7527554271023258
78,4,1,5,Guard(600),16473678,52.79741232000009,203.471197,0.8680328882106906
78,4,1,5,Guard(1200),16473678,52.53490164000015,121.371042,0.8704005154610335
78,4,2,4,FCFS,16473678,322.6715159600022,0.0,0.0
78,4,2,4,SJF,16473678,46.83796248000004,790.651957,1.0
78,4,2,4,SPJF-E,16473678,76.39271700000018,321.384097,0.8928529392195832
78,4,2,4,Guard(300),16473678,212.04703808000016,81.76414199999999,0.4010551888424345
78,4,2,4,Guard(600),16473678,112.69519328000041,164.79693899999998,0.7612428583501717
78,4,2,4,Guard(1200),16473678,96.27158992000012,111.57484299999999,0.8207845752761765
79,0,0,8,FCFS,13306527,28.54224704999965,0.0,0.0
79,0,0,8,SJF,13306527,12.038483149999989,185.333983,1.0
79,0,0,8,SPJF-E,13306527,15.433048599999623,252.595258,0.7943156803158276
79,0,0,8,Guard(300),13306527,16.242547,79.58653699999999,0.7452663601180033
79,0,0,8,Guard(600),13306527,15.533425549999984,178.327706,0.7882336162116286
79,0,0,8,Guard(1200),13306527,15.537480949999946,79.62682099999999,0.7879878904472191
79,0,1,5,FCFS,13306527,114.49577454999903,0.0,0.0
79,0,1,5,SJF,13306527,30.761698699999755,344.311503,1.0
79,0,1,5,SPJF-E,13306527,38.47857629999999,337.18065,0.9078406548150815
79,0,1,5,Guard(300),13306527,45.17278014999997,78.80446500000001,0.8278946617167408
79,0,1,5,Guard(600),13306527,40.28678255,167.904929,0.8862460264437214
79,0,1,5,Guard(1200),13306527,39.736560249999854,86.648704,0.8928170943681565
79,0,2,4,FCFS,13306527,234.06965454999943,0.0,0.0
79,0,2,4,SJF,13306527,39.5621932499999,554.767318,1.0
79,0,2,4,SPJF-E,13306527,50.88714669999973,513.03764,0.9417762517987279
79,0,2,4,Guard(300),13306527,87.28981479999953,101.737587,0.7546231839590631
79,0,2,4,Guard(600),13306527,60.22440459999981,168.33127000000002,0.8937716259730959
79,0,2,4,Guard(1200),13306527,57.02777354999995,77.258734,0.9102061166020673
79,1,0,8,FCFS,13306527,32.4094695,0.0,0.0
79,1,0,8,SJF,13306527,13.598111549999746,252.041663,1.0
79,1,0,8,SPJF-E,13306527,17.591042199999908,247.200239,0.7877383089188356
79,1,0,8,Guard(300),13306527,18.327827849999846,121.17742100000001,0.748571245490545
79,1,0,8,Guard(600),13306527,17.694405699999844,247.200239,0.7822435700342386
79,1,0,8,Guard(1200),13306527,17.605094649999863,94.63907900000001,0.7869912894831677
79,1,1,5,FCFS,13306527,120.43046099999998,0.0,0.0
79,1,1,5,SJF,13306527,32.053835049999975,480.127766,1.0
79,1,1,5,SPJF-E,13306527,39.8519610999999,400.97560999999996,0.9117625733481635
79,1,1,5,Guard(300),13306527,47.919128799999974,110.04873699999999,0.8204808841765926
79,1,1,5,Guard(600),13306527,41.99214944999995,171.828521,0.8875458947072422
79,1,1,5,Guard(1200),13306527,41.53547524999996,89.25686499999999,0.8927132587595693
79,1,2,4,FCFS,13306527,258.8097262499994,0.0,0.0
79,1,2,4,SJF,13306527,40.15642594999989,676.4085269999999,1.0
79,1,2,4,SPJF-E,13306527,53.28732934999991,581.77512,0.9399464660172795
79,1,2,4,Guard(300),13306527,96.67789134999913,109.199651,0.7415018875889368
79,1,2,4,Guard(600),13306527,64.57284409999964,195.264565,0.8883327252938801
79,1,2,4,Guard(1200),13306527,60.15406119999928,88.04032000000001,0.9085418092360737
79,2,0,7,FCFS,13306527,43.84427414999971,0.0,0.0
79,2,0,7,SJF,13306527,19.59657289999993,196.522934,1.0
79,2,0,7,SPJF-E,13306527,24.676590749999963,264.248757,0.7904948680444469
79,2,0,7,Guard(300),13306527,26.201771699999934,102.235472,0.7275948457175889
79,2,0,7,Guard(600),13306527,24.805752949999917,264.248757,0.7851680868098772
79,2,0,7,Guard(1200),13306527,24.702965349999886,103.736612,0.7894071525646168
79,2,1,5,FCFS,13306527,119.17786974999981,0.0,0.0
79,2,1,5,SJF,13306527,32.141772299999964,444.863251,1.0
79,2,1,5,SPJF-E,13306527,40.18594755,377.007639,0.9075765632228486
79,2,1,5,Guard(300),13306527,47.242394099999814,137.987249,0.8265016212534713
79,2,1,5,Guard(600),13306527,41.943295,289.205374,0.8873855447662875
79,2,1,5,Guard(1200),13306527,41.735515549999896,96.724099,0.8897728237928946
79,2,2,4,FCFS,13306527,229.99977349999995,0.0,0.0
79,2,2,4,SJF,13306527,39.70131479999994,550.8616099999999,1.0
79,2,2,4,SPJF-E,13306527,51.979318999999926,670.8446339999999,0.9354802751221654
79,2,2,4,Guard(300),13306527,90.40409244999998,106.659828,0.7335618060368451
79,2,2,4,Guard(600),13306527,61.56283664999978,165.107967,0.8851198165274481
79,2,2,4,Guard(1200),13306527,59.31104674999978,92.294787,0.8969527547203416
79,3,0,7,FCFS,13306527,43.84342,0.0,0.0
79,3,0,7,SJF,13306527,18.440920799999702,321.604389,1.0
79,3,0,7,SPJF-E,13306527,23.350567349999913,202.611491,0.8067258456994596
79,3,0,7,Guard(300),13306527,24.509222,68.439232,0.761114008813738
79,3,0,7,Guard(600),13306527,23.58009324999978,153.246614,0.7976902819861119
79,3,0,7,Guard(1200),13306527,23.447108399999987,94.53406100000001,0.8029253909001117
79,3,1,5,FCFS,13306527,111.51597909999998,0.0,0.0
79,3,1,5,SJF,13306527,31.967460149999816,533.8107120000001,1.0
79,3,1,5,SPJF-E,13306527,40.40228624999997,397.133135,0.8939662710087435
79,3,1,5,Guard(300),13306527,46.79648604999996,109.32563499999999,0.8135851415496389
79,3,1,5,Guard(600),13306527,41.71068374999969,168.225546,0.8775184789282636
79,3,1,5,Guard(1200),13306527,41.5179422999999,99.09619,0.8799414209584092
79,3,2,4,FCFS,13306527,222.38887369999784,0.0,0.0
79,3,2,4,SJF,13306527,39.68219439999998,931.887915,1.0
79,3,2,4,SPJF-E,13306527,51.80337034999975,639.7947849999999,0.9336577294467859
79,3,2,4,Guard(300),13306527,88.29620089999885,111.766049,0.7339232113119608
79,3,2,4,Guard(600),13306527,61.53143789999989,169.137687,0.8804135481871235
79,3,2,4,Guard(1200),13306527,58.14910669999964,95.487306,0.8989259047849169
79,4,0,8,FCFS,13306527,28.52089489999989,0.0,0.0
79,4,0,8,SJF,13306527,12.877668749999843,196.03776100000002,1.0
79,4,0,8,SPJF-E,13306527,16.751298599999902,233.268635,0.7523765358336876
79,4,0,8,Guard(300),13306527,17.306537,47.657351,0.716882680878449
79,4,0,8,Guard(600),13306527,16.777223799999845,162.506479,0.7507192562066239
79,4,0,8,Guard(1200),13306527,16.732440349999848,54.931464999999996,0.7535820576243479
79,4,1,5,FCFS,13306527,107.77748959999956,0.0,0.0
79,4,1,5,SJF,13306527,31.128389649999974,591.43987,1.0
79,4,1,5,SPJF-E,13306527,39.06150529999995,423.735773,0.8965008636086402
79,4,1,5,Guard(300),13306527,46.38378684999961,109.49726,0.8009709545193463
79,4,1,5,Guard(600),13306527,40.75327899999993,157.95798200000002,0.8744291928244619
79,4,1,5,Guard(1200),13306527,40.32832454999984,99.347947,0.8799733472930374
79,4,2,4,FCFS,13306527,214.37417,0.0,0.0
79,4,2,4,SJF,13306527,38.9377116,813.581803,1.0
79,4,2,4,SPJF-E,13306527,51.46343049999985,696.180446,0.9286025321404924
79,4,2,4,Guard(300),13306527,86.89680634999922,101.743013,0.7266298283299178
79,4,2,4,Guard(600),13306527,59.9900603999992,167.316821,0.8800001493874251
79,4,2,4,Guard(1200),13306527,57.606006149999956,73.787746,0.893589424226544
80,0,0,8,FCFS,17396760,74.41457928999965,0.0,0.0
80,0,0,8,SJF,17396760,24.573563,179.267024,1.0
80,0,0,8,SPJF-E,17396760,30.108173529999874,177.49147,0.8889547015294236
80,0,0,8,Guard(300),17396760,31.678330549999878,88.566849,0.85745139086529
80,0,0,8,Guard(600),17396760,30.384173049999934,146.210601,0.8834171033714294
80,0,0,8,Guard(1200),17396760,30.294462,115.41195,0.8852170476076776
80,0,1,5,FCFS,17396760,232.46752525999872,0.0,0.0
80,0,1,5,SJF,17396760,38.854535999999975,722.326557,1.0
80,0,1,5,SPJF-E,17396760,53.45343629999979,237.40513,0.924597516128449
80,0,1,5,Guard(300),17396760,87.57157978999989,93.813571,0.7483792591798742
80,0,1,5,Guard(600),17396760,60.01853530999975,210.753849,0.8906891557695072
80,0,1,5,Guard(1200),17396760,58.1367457499996,96.05461,0.9004084910640683
80,0,2,4,FCFS,17396760,400.84023231,0.0,0.0
80,0,2,4,SJF,17396760,46.204996989999955,170.45687,1.0
80,0,2,4,SPJF-E,17396760,85.89233855999994,313.470796,0.8880896830959601
80,0,2,4,Guard(300),17396760,267.0889412199985,127.899821,0.3771517259679877
80,0,2,4,Guard(600),17396760,134.09756689999975,189.629021,0.7521606395633779
80,0,2,4,Guard(1200),17396760,112.71509807999934,115.516536,0.8124548988202345
80,1,0,8,FCFS,17396760,72.29993294999997,0.0,0.0
80,1,0,8,SJF,17396760,25.14519028999999,313.14622099999997,1.0
80,1,0,8,SPJF-E,17396760,30.813264079999975,147.097662,0.879798436588478
80,1,0,8,Guard(300),17396760,31.684799,46.026007,0.8613159919638926
80,1,0,8,Guard(600),17396760,30.90290556999994,144.786351,0.8778974297131715
80,1,0,8,Guard(1200),17396760,31.026450039999865,87.58597900000001,0.8752774499819552
80,1,1,5,FCFS,17396760,225.05801515999954,0.0,0.0
80,1,1,5,SJF,17396760,39.095790549999826,157.307358,1.0
80,1,1,5,SPJF-E,17396760,53.13078809999979,233.141296,0.9245276959907628
80,1,1,5,Guard(300),17396760,84.93135538999972,59.137641,0.7535221739999814
80,1,1,5,Guard(600),17396760,57.503440159999975,146.98699100000002,0.9010140384768751
80,1,1,5,Guard(1200),17396760,58.29714913999937,102.268232,0.8967459190689472
80,1,2,4,FCFS,17396760,379.8094194499971,0.0,0.0
80,1,2,4,SJF,17396760,46.539411959999796,445.707697,1.0
80,1,2,4,SPJF-E,17396760,86.91946131999973,567.799464,0.8788368336409274
80,1,2,4,Guard(300),17396760,252.8777769199965,100.760597,0.38086728381584206
80,1,2,4,Guard(600),17396760,128.82885060999905,202.216394,0.7530847757055694
80,1,2,4,Guard(1200),17396760,112.977234,133.005247,0.8006486616051274
80,2,0,7,FCFS,17396760,97.0229377799995,0.0,0.0
80,2,0,7,SJF,17396760,29.115315,143.428458,1.0
80,2,0,7,SPJF-E,17396760,35.81528001999995,203.232754,0.9013370701886319
80,2,0,7,Guard(300),17396760,38.029684059999774,73.533783,0.868728005854664
80,2,0,7,Guard(600),17396760,36.00714890999991,145.723987,0.8985116305377467
80,2,0,7,Guard(1200),17396760,36.191954699999336,84.199703,0.8957902013014717
80,2,1,5,FCFS,17396760,210.82661743999972,0.0,0.0
80,2,1,5,SJF,17396760,38.465566,460.765628,1.0
80,2,1,5,SPJF-E,17396760,52.733344,208.124754,0.9172215655404798
80,2,1,5,Guard(300),17396760,80.64166147999998,62.105201,0.7553037932430934
80,2,1,5,Guard(600),17396760,56.03022800999991,179.663326,0.8980937870635216
80,2,1,5,Guard(1200),17396760,57.22169760999987,82.81564300000001,0.8911811487960838
80,2,2,4,FCFS,17396760,361.4523732499997,0.0,0.0
80,2,2,4,SJF,17396760,46.2918949299998,546.838433,1.0
80,2,2,4,SPJF-E,17396760,84.1064922799993,364.337886,0.8800147862715062
80,2,2,4,Guard(300),17396760,217.3941761999991,113.854524,0.4570947404887815
80,2,2,4,Guard(600),17396760,113.64945905999959,220.742561,0.7862753461694905
80,2,2,4,Guard(1200),17396760,109.15062271999848,90.273016,0.8005500939550716
80,3,0,7,FCFS,17396760,103.90091909999974,0.0,0.0
80,3,0,7,SJF,17396760,28.28662677999994,685.615007,1.0
80,3,0,7,SPJF-E,17396760,34.812178,201.447465,0.9136995001899386
80,3,0,7,Guard(300),17396760,37.71772601999998,143.079219,0.8752735898117302
80,3,0,7,Guard(600),17396760,35.05382200999989,201.447465,0.9105037550128595
80,3,0,7,Guard(1200),17396760,35.43888492999995,85.498495,0.9054112928845296
80,3,1,5,FCFS,17396760,234.8500369799994,0.0,0.0
80,3,1,5,SJF,17396760,38.63984197999987,169.010679,1.0
80,3,1,5,SPJF-E,17396760,52.51836417999998,372.876526,0.9292670689206534
80,3,1,5,Guard(300),17396760,84.72377110999962,99.836827,0.7651297929243693
80,3,1,5,Guard(600),17396760,57.948253829999985,247.80101200000001,0.9015932283742942
80,3,1,5,Guard(1200),17396760,57.714517209999684,134.560686,0.9027844846186516
80,3,2,4,FCFS,17396760,398.1259691699982,0.0,0.0
80,3,2,4,SJF,17396760,46.09283574999987,173.233671,1.0
80,3,2,4,SPJF-E,17396760,82.7846224299997,215.328905,0.8957717805607117
80,3,2,4,Guard(300),17396760,235.16442216999985,65.783291,0.46291536656458604
80,3,2,4,Guard(600),17396760,121.46983449999958,184.785498,0.7858809538246786
80,3,2,4,Guard(1200),17396760,109.7908911299996,122.229788,0.8190566474207307
80,4,0,8,FCFS,17396760,74.12507891999994,0.0,0.0
80,4,0,8,SJF,17396760,24.683985819999915,118.89806,1.0
80,4,0,8,SPJF-E,17396760,29.689407689999964,166.005904,0.8987598866417449
80,4,0,8,Guard(300),17396760,30.881091209999703,112.501754,0.8746567884843189
80,4,0,8,Guard(600),17396760,29.764045,166.005904,0.8972502656904227
80,4,0,8,Guard(1200),17396760,29.750992,100.634209,0.8975142768435256
80,4,1,5,FCFS,17396760,232.9432717399994,0.0,0.0
80,4,1,5,SJF,17396760,39.01090109999998,160.19752,1.0
80,4,1,5,SPJF-E,17396760,53.15264162999996,219.246612,0.9270790096396461
80,4,1,5,Guard(300),17396760,84.00724136999968,65.312707,0.7679792181083204
80,4,1,5,Guard(600),17396760,58.222868889999894,178.342708,0.9009347035433116
80,4,1,5,Guard(1200),17396760,57.815126589999785,130.36488200000002,0.9030372009172906
80,4,2,4,FCFS,17396760,391.48153964999955,0.0,0.0
80,4,2,4,SJF,17396760,46.087074839999914,503.951047,1.0
80,4,2,4,SPJF-E,17396760,82.86403102,180.785427,0.8935218715788309
80,4,2,4,Guard(300),17396760,239.54197288999984,88.610484,0.43990156832299315
80,4,2,4,Guard(600),17396760,120.86097733999995,167.983677,0.7835115784465947
80,4,2,4,Guard(1200),17396760,109.45126058999993,122.248346,0.8165454510544734
81,0,0,8,FCFS,13205440,17.679519080000077,0.0,0.0
81,0,0,8,SJF,13205440,7.397696770000014,187.797564,1.0
81,0,0,8,SPJF-E,13205440,9.590985320000026,217.749083,0.786682896876478
81,0,0,8,Guard(300),13205440,10.030085,53.589056,0.7439764906810601
81,0,0,8,Guard(600),13205440,9.736075,157.166876,0.7725716162468896
81,0,0,8,Guard(1200),13205440,9.63190119000001,84.93392800000001,0.7827034593053591
81,0,1,5,FCFS,13205440,121.29578529000034,0.0,0.0
81,0,1,5,SJF,13205440,26.24128,94.195255,1.0
81,0,1,5,SPJF-E,13205440,32.50729949000013,1461.212685,0.9340797211990824
81,0,1,5,Guard(300),13205440,42.71878106000016,86.990251,0.8266520770401233
81,0,1,5,Guard(600),13205440,35.97350009000007,212.54022799999998,0.8976143207488357
81,0,1,5,Guard(1200),13205440,34.24414788000005,93.977057,0.9158075900181247
81,0,2,4,FCFS,13205440,351.26299172000154,0.0,0.0
81,0,2,4,SJF,13205440,36.45845196000001,152.46694,1.0
81,0,2,4,SPJF-E,13205440,46.50317500000013,2239.939341,0.9680921912763458
81,0,2,4,Guard(300),13205440,128.4784750300013,82.909509,0.7076915627069581
81,0,2,4,Guard(600),13205440,65.71218020000043,214.719557,0.9070733596716786
81,0,2,4,Guard(1200),13205440,55.69934709000019,108.088573,0.9388798676643325
81,1,0,8,FCFS,13205440,15.828972740000012,0.0,0.0
81,1,0,8,SJF,13205440,5.822261330000012,161.607462,1.0
81,1,0,8,SPJF-E,13205440,7.817185,230.021513,0.8006414307095534
81,1,0,8,Guard(300),13205440,8.115808070000046,69.813629,0.7707991520862663
81,1,0,8,Guard(600),13205440,7.793928180000002,166.427036,0.8029655528958649
81,1,0,8,Guard(1200),13205440,7.761685,70.81597000000001,0.8061877083752146
81,1,1,5,FCFS,13205440,102.27134820000029,0.0,0.0
81,1,1,5,SJF,13205440,26.208455880000027,472.552249,1.0
81,1,1,5,SPJF-E,13205440,32.24534438000024,226.215165,0.9206329352478115
81,1,1,5,Guard(300),13205440,40.620581790000074,106.34975899999999,0.8105235618786684
81,1,1,5,Guard(600),13205440,35.23097254000004,214.684844,0.8813808365051141
81,1,1,5,Guard(1200),13205440,34.07658032000001,97.059542,0.8965576485456483
81,1,2,4,FCFS,13205440,312.830114390003,0.0,0.0
81,1,2,4,SJF,13205440,35.23378995000001,832.094519,1.0
81,1,2,4,SPJF-E,13205440,44.99209789000002,212.627219,0.9648471284348397
81,1,2,4,Guard(300),13205440,106.59795774000025,98.877939,0.7429210637642135
81,1,2,4,Guard(600),13205440,59.384900060000426,172.63440899999998,0.9129991718776514
81,1,2,4,Guard(1200),13205440,52.49627232000001,112.21123300000001,0.9378144418704977
81,2,0,7,FCFS,13205440,27.61208348000016,0.0,0.0
81,2,0,7,SJF,13205440,10.96620458000006,385.882216,1.0
81,2,0,7,SPJF-E,13205440,13.949622130000018,214.294591,0.8207714012625708
81,2,0,7,Guard(300),13205440,14.926287940000075,64.434995,0.7620982716629044
81,2,0,7,Guard(600),13205440,14.087398730000025,163.838609,0.8124944817422679
81,2,0,7,Guard(1200),13205440,14.097865960000012,81.430352,0.8118656636388281
81,2,1,5,FCFS,13205440,106.27692613000036,0.0,0.0
81,2,1,5,SJF,13205440,26.744974550000013,140.087917,1.0
81,2,1,5,SPJF-E,13205440,32.95777169000003,1700.3369440000001,0.9218830040433418
81,2,1,5,Guard(300),13205440,41.90450269,91.905639,0.80939071858747
81,2,1,5,Guard(600),13205440,35.78824527000012,215.172968,0.8862938662972003
81,2,1,5,Guard(1200),13205440,34.77456669000011,95.89818799999999,0.8990394177373703
81,2,2,4,FCFS,13205440,334.8008987000007,0.0,0.0
81,2,2,4,SJF,13205440,35.654898460000034,212.310541,1.0
81,2,2,4,SPJF-E,13205440,45.65878579000006,256.841698,0.9665585121580296
81,2,2,4,Guard(300),13205440,110.98687907000217,82.372054,0.7481765407207037
81,2,2,4,Guard(600),13205440,60.138930310000184,130.128223,0.9181535710644402
81,2,2,4,Guard(1200),13205440,53.99146297000001,116.28649,0.9387036280101061
81,3,0,8,FCFS,13205440,16.756447170000005,0.0,0.0
81,3,0,8,SJF,13205440,6.935012,217.41292,1.0
81,3,0,8,SPJF-E,13205440,9.376723,239.301914,0.7513895924845779
81,3,0,8,Guard(300),13205440,9.648352480000023,78.56187,0.7237327912841051
81,3,0,8,Guard(600),13205440,9.393454200000017,212.361687,0.7496860532654704
81,3,0,8,Guard(1200),13205440,9.325415040000044,106.250223,0.7566136721747518
81,3,1,5,FCFS,13205440,106.34920535000036,0.0,0.0
81,3,1,5,SJF,13205440,26.677913980000074,583.010355,1.0
81,3,1,5,SPJF-E,13205440,32.73929414000003,214.58243199999998,0.9239201466956223
81,3,1,5,Guard(300),13205440,41.86048864000016,85.247881,0.8094348114744254
81,3,1,5,Guard(600),13205440,35.73424845000001,157.228514,0.8863287601560071
81,3,1,5,Guard(1200),13205440,34.183171890000125,118.374758,0.9057972102504904
81,3,2,4,FCFS,13205440,322.4485841400005,0.0,0.0
81,3,2,4,SJF,13205440,35.06805277000002,382.490125,1.0
81,3,2,4,SPJF-E,13205440,45.55155430000002,361.874256,0.9635204880441167
81,3,2,4,Guard(300),13205440,107.7818883600002,81.937508,0.746977169109686
81,3,2,4,Guard(600),13205440,62.58939827000002,188.42906499999998,0.9042337858838236
81,3,2,4,Guard(1200),13205440,54.44202343000007,91.638301,0.9325842618230245
81,4,0,7,FCFS,13205440,29.501235730000026,0.0,0.0
81,4,0,7,SJF,13205440,12.236325500000005,373.869781,1.0
81,4,0,7,SPJF-E,13205440,15.227429990000036,215.47887899999998,0.8267523867687074
81,4,0,7,Guard(300),13205440,16.19255701000005,66.669828,0.7708513130218552
81,4,0,7,Guard(600),13205440,15.40787305000024,132.73284099999998,0.8163009533354387
81,4,0,7,Guard(1200),13205440,15.295677730000227,83.038056,0.8227994128411859
81,4,1,5,FCFS,13205440,118.61687646000037,0.0,0.0
81,4,1,5,SJF,13205440,29.004514920000013,224.863192,1.0
81,4,1,5,SPJF-E,13205440,34.925416920000025,210.182439,0.9339276200487464
81,4,1,5,Guard(300),13205440,44.39255961000008,64.96213499999999,0.8282821206186906
81,4,1,5,Guard(600),13205440,37.99962591000001,154.376292,0.8996219847862748
81,4,1,5,Guard(1200),13205440,36.923053300000014,93.353645,0.911635646646078
81,4,2,4,FCFS,13205440,367.37440473000015,0.0,0.0
81,4,2,4,SJF,13205440,36.255087900000014,244.293979,1.0
81,4,2,4,SPJF-E,13205440,46.262834960000234,385.562048,0.9697760095792349
81,4,2,4,Guard(300),13205440,119.15659657000008,79.81343700000001,0.7496325207974427
81,4,2,4,Guard(600),13205440,65.89014710000002,171.37421,0.9105003613690864
81,4,2,4,Guard(1200),13205440,55.920178240000254,97.294706,0.9406102593824314
82,0,0,7,FCFS,18979974,84.77593172000034,0.0,0.0
82,0,0,7,SJF,18979974,29.733013560000142,197.426031,1.0
82,0,0,7,SPJF-E,18979974,38.52310676000012,150.59959,0.8403047386686748
82,0,0,7,Guard(300),18979974,42.08544904000002,83.385042,0.7755853815000597
82,0,0,7,Guard(600),18979974,39.17923136000004,146.938897,0.8283845022071435
82,0,0,7,Guard(1200),18979974,39.0993200800001,97.809815,0.8298363016878261
82,0,1,5,FCFS,18979974,199.43447368000025,0.0,0.0
82,0,1,5,SJF,18979974,42.6633032,508.449438,1.0
82,0,1,5,SPJF-E,18979974,70.13046768000007,432.375679,0.8247945435637088
82,0,1,5,Guard(300),18979974,104.04393296000002,109.577606,0.6084699146401378
82,0,1,5,Guard(600),18979974,78.83314512000109,223.60954,0.769282567647759
82,0,1,5,Guard(1200),18979974,76.6657021600005,109.826047,0.7831080876930858
82,0,2,4,FCFS,18979974,361.41659640000194,0.0,0.0
82,0,2,4,SJF,18979974,52.16382520000011,203.48069099999998,1.0
82,0,2,4,SPJF-E,18979974,125.29569704000002,709.535016,0.7635207226883551
82,0,2,4,Guard(300),18979974,261.77869468000057,100.138625,0.3221891960203744
82,0,2,4,Guard(600),18979974,165.9469002800006,188.94502,0.6320709604687293
82,0,2,4,Guard(1200),18979974,156.89097936000007,113.808045,0.6613541933557318
82,1,0,7,FCFS,18979974,87.07866516000009,0.0,0.0
82,1,0,7,SJF,18979974,31.367631520000064,178.116292,1.0
82,1,0,7,SPJF-E,18979974,40.60353408000006,92.24504,0.834217713143116
82,1,0,7,Guard(300),18979974,44.988315000000036,75.176442,0.7555119230417501
82,1,0,7,Guard(600),18979974,41.47759916000003,92.24504,0.818528449762219
82,1,0,7,Guard(1200),18979974,41.246308,75.176442,0.8226800718896169
82,1,1,5,FCFS,18979974,201.7355400800001,0.0,0.0
82,1,1,5,SJF,18979974,42.229665280000034,125.727958,1.0
82,1,1,5,SPJF-E,18979974,71.81271532000025,456.333357,0.8145331632637759
82,1,1,5,Guard(300),18979974,112.84201516000067,98.115154,0.5573056480299583
82,1,1,5,Guard(600),18979974,83.93492548000046,199.71288199999998,0.7385346448693914
82,1,1,5,Guard(1200),18979974,81.56884784000006,117.659714,0.7533684410726168
82,1,2,4,FCFS,18979974,376.34054552,0.0,0.0
82,1,2,4,SJF,18979974,52.51022344000003,235.22693999999998,1.0
82,1,2,4,SPJF-E,18979974,129.6428398800003,550.2355,0.7618116304101219
82,1,2,4,Guard(300),18979974,289.98599900000016,124.176932,0.26666603042400255
82,1,2,4,Guard(600),18979974,177.50241008000026,222.737645,0.6140195092381688
82,1,2,4,Guard(1200),18979974,163.29355252000042,101.427839,0.6578969863957577
82,2,0,7,FCFS,18979974,78.32573964000011,0.0,0.0
82,2,0,7,SJF,18979974,29.936414920000054,180.823128,1.0
82,2,0,7,SPJF-E,18979974,38.28550480000025,232.06943600000002,0.8274600869445614
82,2,0,7,Guard(300),18979974,41.36670288000001,98.825693,0.7637849251639661
82,2,0,7,Guard(600),18979974,39.05223340000005,189.203411,0.8116150921148878
82,2,0,7,Guard(1200),18979974,38.80294604000022,92.119611,0.8167667936821715
82,2,1,5,FCFS,18979974,186.64161012000042,0.0,0.0
82,2,1,5,SJF,18979974,42.153862800000084,125.72165899999999,1.0
82,2,1,5,SPJF-E,18979974,69.20006232000061,424.33221000000003,0.8128131968166085
82,2,1,5,Guard(300),18979974,101.6074029200001,99.070988,0.5885219250575837
82,2,1,5,Guard(600),18979974,77.8592294000002,256.948008,0.7528830834290564
82,2,1,5,Guard(1200),18979974,77.60075784000009,97.335172,0.7546719656339098
82,2,2,4,FCFS,18979974,345.9412620800001,0.0,0.0
82,2,2,4,SJF,18979974,51.84642940000005,159.224942,1.0
82,2,2,4,SPJF-E,18979974,124.70445788000015,674.198682,0.7522634865221322
82,2,2,4,Guard(300),18979974,261.43052500000164,115.27774500000001,0.287358796174271
82,2,2,4,Guard(600),18979974,166.1702192400002,153.99621199999999,0.6112689611095817
82,2,2,4,Guard(1200),18979974,155.79974556000062,128.474775,0.6465313068825301
82,3,0,8,FCFS,18979974,58.95275012000001,0.0,0.0
82,3,0,8,SJF,18979974,25.010364640000166,300.13469,1.0
82,3,0,8,SPJF-E,18979974,31.94357112000003,285.889993,0.7957360279204544
82,3,0,8,Guard(300),18979974,33.41423024000004,86.129778,0.7524079265156025
82,3,0,8,Guard(600),18979974,32.10365632000006,194.843254,0.7910196475678019
82,3,0,8,Guard(1200),18979974,32.05455696000005,83.723089,0.79246619763509
82,3,1,5,FCFS,18979974,208.14135444000087,0.0,0.0
82,3,1,5,SJF,18979974,43.043796360000144,136.598927,1.0
82,3,1,5,SPJF-E,18979974,72.01142176000032,475.41473,0.8245423752060375
82,3,1,5,Guard(300),18979974,111.36676200000034,109.044668,0.5861661042442966
82,3,1,5,Guard(600),18979974,81.23714324000022,208.275693,0.7686619516111021
82,3,1,5,Guard(1200),18979974,80.91724212000013,108.323078,0.7705996006213017
82,3,2,4,FCFS,18979974,369.23703980000005,0.0,0.0
82,3,2,4,SJF,18979974,52.71795964000002,462.89532699999995,1.0
82,3,2,4,SPJF-E,18979974,129.04395432000038,359.86307400000004,0.7588581559082704
82,3,2,4,Guard(300),18979974,289.51130324000076,87.571841,0.2518828770755242
82,3,2,4,Guard(600),18979974,175.46701540000043,222.20097099999998,0.6121906594131674
82,3,2,4,Guard(1200),18979974,161.6509943200001,87.571841,0.6558405432464464
82,4,0,8,FCFS,18979974,61.71625284000017,0.0,0.0
82,4,0,8,SJF,18979974,27.063585480000025,167.093627,1.0
82,4,0,8,SPJF-E,18979974,33.50477512000013,99.08802600000001,0.8141213900481662
82,4,0,8,Guard(300),18979974,35.5728404000002,99.08802600000001,0.7544415605413832
82,4,0,8,Guard(600),18979974,33.79497384000011,99.08802600000001,0.8057468912834634
82,4,0,8,Guard(1200),18979974,33.57352900000004,99.08802600000001,0.8121373038222592
82,4,1,5,FCFS,18979974,204.6588048400003,0.0,0.0
82,4,1,5,SJF,18979974,42.35053072,121.163354,1.0
82,4,1,5,SPJF-E,18979974,69.88754092000056,419.88894500000004,0.8303413036131388
82,4,1,5,Guard(300),18979974,109.28739128000007,101.223814,0.5875942805570635
82,4,1,5,Guard(600),18979974,80.55633744000022,214.945057,0.7646096175494214
82,4,1,5,Guard(1200),18979974,79.15242268000081,170.847503,0.7732592983350198
82,4,2,4,FCFS,18979974,366.8338251200001,0.0,0.0
82,4,2,4,SJF,18979974,52.95724624000002,178.294154,1.0
82,4,2,4,SPJF-E,18979974,124.93310272000063,525.114737,0.7706873933160903
82,4,2,4,Guard(300),18979974,281.30187968000047,92.060931,0.27250184051706455
82,4,2,4,Guard(600),18979974,168.67382268000037,210.110032,0.6313309618292972
82,4,2,4,Guard(1200),18979974,159.28130092000006,98.901205,0.6612552135638977
83,0,0,7,FCFS,14576820,121.60510220000124,0.0,0.0
83,0,0,7,SJF,14576820,29.906097200000026,140.149983,1.0
83,0,0,7,SPJF-E,14576820,44.51406996000008,183.76896299999999,0.8406964965432301
83,0,0,7,Guard(300),14576820,57.048541700000065,102.70878900000001,0.7040050270992616
83,0,0,7,Guard(600),14576820,46.965207340000006,145.481426,0.8139662459805342
83,0,0,7,Guard(1200),14576820,45.2263246200001,106.353699,0.8329291858728469
83,0,1,5,FCFS,14576820,265.88396764000015,0.0,0.0
83,0,1,5,SJF,14576820,45.765747200000035,375.360672,1.0
83,0,1,5,SPJF-E,14576820,81.37997012000007,512.983799,0.8382041120957192
83,0,1,5,Guard(300),14576820,206.82531356000086,95.042996,0.26830425015223813
83,0,1,5,Guard(600),14576820,106.28910070000018,162.31767,0.725041600922366
83,0,1,5,Guard(1200),14576820,94.8527308600001,104.917857,0.7769971810517148
83,0,2,4,FCFS,14576820,445.034141620001,0.0,0.0
83,0,2,4,SJF,14576820,59.56123336000016,577.443072,1.0
83,0,2,4,SPJF-E,14576820,154.4131896800001,759.763141,0.7539335338813941
83,0,2,4,Guard(300),14576820,422.93388770000007,102.38212299999999,0.05733283311597692
83,0,2,4,Guard(600),14576820,256.4367940200015,171.477077,0.48926226346571383
83,0,2,4,Guard(1200),14576820,212.42823934000083,99.898087,0.6034299617318576
83,1,0,8,FCFS,14576820,89.23455550000048,0.0,0.0
83,1,0,8,SJF,14576820,23.82921724000009,186.351931,1.0
83,1,0,8,SPJF-E,14576820,35.045132560000035,272.53617099999997,0.8285168211283573
83,1,0,8,Guard(300),14576820,42.42541,73.95837900000001,0.7156777526923565
83,1,0,8,Guard(600),14576820,36.21678044,159.273728,0.8106031781265826
83,1,0,8,Guard(1200),14576820,35.66825886000011,141.274271,0.818989673703127
83,1,1,5,FCFS,14576820,263.95847978000006,0.0,0.0
83,1,1,5,SJF,14576820,45.513287300000044,397.489875,1.0
83,1,1,5,SPJF-E,14576820,78.22461260000026,540.726095,0.850253855767528
83,1,1,5,Guard(300),14576820,200.67429296000034,127.02976600000001,0.2897028133305968
83,1,1,5,Guard(600),14576820,106.39560182000022,154.18930300000002,0.7212924952533606
83,1,1,5,Guard(1200),14576820,92.51967360000006,111.39642699999999,0.784813820957384
83,1,2,4,FCFS,14576820,468.0740219800007,0.0,0.0
83,1,2,4,SJF,14576820,59.44563798000007,650.302541,1.0
83,1,2,4,SPJF-E,14576820,149.3920247000006,759.89545,0.7798821857661253
83,1,2,4,Guard(300),14576820,416.5734666200015,118.56947100000001,0.12603274118128585
83,1,2,4,Guard(600),14576820,251.6894924800013,211.96279199999998,0.5295386663595034
83,1,2,4,Guard(1200),14576820,217.37066158000144,132.477588,0.6135240972394097
83,2,0,8,FCFS,14576820,106.71958424000039,0.0,0.0
83,2,0,8,SJF,14576820,25.744053260000083,250.29023,1.0
83,2,0,8,SPJF-E,14576820,36.772470820000066,322.185256,0.8638055542639933
83,2,0,8,Guard(300),14576820,48.5036039000001,97.665987,0.7189329867361873
83,2,0,8,Guard(600),14576820,38.79988698000017,222.10971,0.8387681616657177
83,2,0,8,Guard(1200),14576820,37.374945,120.93913099999999,0.8563653538391424
83,2,1,5,FCFS,14576820,320.75912244000006,0.0,0.0
83,2,1,5,SJF,14576820,48.078586,417.340284,1.0
83,2,1,5,SPJF-E,14576820,86.66510462000072,675.458873,0.8584918486527504
83,2,1,5,Guard(300),14576820,244.659892,139.865274,0.27907833625941514
83,2,1,5,Guard(600),14576820,119.0701066400008,225.181141,0.7396531429531582
83,2,1,5,Guard(1200),14576820,105.53592986000078,105.17607699999999,0.7892869633816216
83,2,2,4,FCFS,14576820,542.2502716600027,0.0,0.0
83,2,2,4,SJF,14576820,62.386433280000304,627.165295,1.0
83,2,2,4,SPJF-E,14576820,166.00576684000265,926.528675,0.7840651341642739
83,2,2,4,Guard(300),14576820,497.04627728000446,89.530147,0.09420171049480362
83,2,2,4,Guard(600),14576820,286.46643906000025,167.204092,0.5330341904143403
83,2,2,4,Guard(1200),14576820,239.55561428000092,105.41118,0.6307928065633881
83,3,0,7,FCFS,14576820,122.22227278000027,0.0,0.0
83,3,0,7,SJF,14576820,29.114385520000113,196.637073,1.0
83,3,0,7,SPJF-E,14576820,43.89721564000008,291.377317,0.8412290241457258
83,3,0,7,Guard(300),14576820,60.00976168000026,96.48112,0.6681765952466947
83,3,0,7,Guard(600),14576820,47.028993380000124,166.770781,0.8075930150796552
83,3,0,7,Guard(1200),14576820,45.012832,109.602136,0.8292470493331666
83,3,1,5,FCFS,14576820,265.9062660400014,0.0,0.0
83,3,1,5,SJF,14576820,45.67149712000013,315.122743,1.0
83,3,1,5,SPJF-E,14576820,81.18152310000013,854.743922,0.8387628522320254
83,3,1,5,Guard(300),14576820,199.6005568600007,96.819167,0.3010683077206842
83,3,1,5,Guard(600),14576820,106.82890886000006,211.11737300000001,0.7223080985808606
83,3,1,5,Guard(1200),14576820,95.06656618000014,109.336435,0.7757162990102512
83,3,2,4,FCFS,14576820,473.45901044000135,0.0,0.0
83,3,2,4,SJF,14576820,59.173705460000036,409.690681,1.0
83,3,2,4,SPJF-E,14576820,152.70605950000012,744.21169,0.7742320258148786
83,3,2,4,Guard(300),14576820,416.1608514000006,125.499377,0.1383060377745397
83,3,2,4,Guard(600),14576820,253.63592540000022,226.456834,0.530607970877974
83,3,2,4,Guard(1200),14576820,222.91562226000084,107.585421,0.6047604999943093
83,4,0,7,FCFS,14576820,130.06690788000043,0.0,0.0
83,4,0,7,SJF,14576820,32.076201,306.398241,1.0
83,4,0,7,SPJF-E,14576820,47.085393500000286,287.721237,0.8468304497651948
83,4,0,7,Guard(300),14576820,64.92821904000023,100.139124,0.6647435345044417
83,4,0,7,Guard(600),14576820,50.92152756000004,162.00960700000002,0.807682512352135
83,4,0,7,Guard(1200),14576820,48.704148140000115,110.38572500000001,0.830310978771051
83,4,1,5,FCFS,14576820,314.1479398600003,0.0,0.0
83,4,1,5,SJF,14576820,47.195125340000075,424.504205,1.0
83,4,1,5,SPJF-E,14576820,87.65189974000006,701.1165319999999,0.8484497177048157
83,4,1,5,Guard(300),14576820,219.85348538000028,110.233051,0.3532251744546991
83,4,1,5,Guard(600),14576820,117.14649072000043,164.748665,0.737963559193868
83,4,1,5,Guard(1200),14576820,105.80785856000028,109.598065,0.7804378525643567
83,4,2,4,FCFS,14576820,519.2726500800012,0.0,0.0
83,4,2,4,SJF,14576820,61.01587444000012,595.605367,1.0
83,4,2,4,SPJF-E,14576820,171.21970952000075,985.174518,0.7595150995288831
83,4,2,4,Guard(300),14576820,475.25784348000127,99.43089,0.09604834874187923
83,4,2,4,Guard(600),14576820,281.87134872000007,185.219002,0.5180530086618941
83,4,2,4,Guard(1200),14576820,240.02108210000037,119.828196,0.6093779357435539
84,0,0,8,FCFS,17578900,83.37157756999947,0.0,0.0
84,0,0,8,SJF,17578900,26.492570079999886,286.562065,1.0
84,0,0,8,SPJF-E,17578900,34.00595792999995,443.855053,0.8679057849010277
84,0,0,8,Guard(300),17578900,40.48823738999957,111.724597,0.7539396707570822
84,0,0,8,Guard(600),17578900,34.877896,274.90214000000003,0.852576085799767
84,0,0,8,Guard(1200),17578900,34.305038259999925,326.611751,0.8626476001471436
84,0,1,5,FCFS,17578900,329.27541277999865,0.0,0.0
84,0,1,5,SJF,17578900,46.90189029999997,1224.711351,1.0
84,0,1,5,SPJF-E,17578900,73.40959902999998,187.330538,0.906125374301418
84,0,1,5,Guard(300),17578900,190.14135466999923,105.713467,0.49273053963427005
84,0,1,5,Guard(600),17578900,92.23570569999983,171.831246,0.8394544396307166
84,0,1,5,Guard(1200),17578900,81.73320208999995,105.117831,0.8766480954584998
84,0,2,4,FCFS,17578900,608.8316960999995,0.0,0.0
84,0,2,4,SJF,17578900,57.66094378999994,2167.002386,1.0
84,0,2,4,SPJF-E,17578900,130.52483445999817,492.53548,0.8678016016549862
84,0,2,4,Guard(300),17578900,549.5715821699994,82.169728,0.10751679707538245
84,0,2,4,Guard(600),17578900,273.68059795999864,155.53740399999998,0.6080712678155662
84,0,2,4,Guard(1200),17578900,184.2583793799977,96.591762,0.7703117680692997
84,1,0,8,FCFS,17578900,78.79566818999906,0.0,0.0
84,1,0,8,SJF,17578900,27.06062570999996,183.95598,1.0
84,1,0,8,SPJF-E,17578900,34.97435602,166.922982,0.8470334626078734
84,1,0,8,Guard(300),17578900,39.390521,85.041611,0.7616722689506478
84,1,0,8,Guard(600),17578900,35.51508573999983,143.094159,0.8365815581717482
84,1,0,8,Guard(1200),17578900,35.173032769999985,92.018983,0.8431931883860673
84,1,1,5,FCFS,17578900,272.77052381999977,0.0,0.0
84,1,1,5,SJF,17578900,45.75406453999999,840.738252,1.0
84,1,1,5,SPJF-E,17578900,71.97404272999982,379.485248,0.884501862670405
84,1,1,5,Guard(300),17578900,165.60078557999944,102.18861199999999,0.47207915487668795
84,1,1,5,Guard(600),17578900,88.03613374999992,175.133792,0.8137488825959986
84,1,1,5,Guard(1200),17578900,83.35735009999998,102.42653399999999,0.8343587699356175
84,1,2,4,FCFS,17578900,485.42423922,0.0,0.0
84,1,2,4,SJF,17578900,57.072887729999984,1868.5654310000002,1.0
84,1,2,4,SPJF-E,17578900,129.8237093699999,736.142196,0.8301608682056456
84,1,2,4,Guard(300),17578900,453.92595061999936,111.943029,0.07353376729275006
84,1,2,4,Guard(600),17578900,239.89437878999885,171.058339,0.573197352070764
84,1,2,4,Guard(1200),17578900,189.57504821999913,147.213853,0.6906694468709003
84,2,0,8,FCFS,17578900,76.759849,0.0,0.0
84,2,0,8,SJF,17578900,27.907779219999618,181.627391,1.0
84,2,0,8,SPJF-E,17578900,35.1470685899999,156.388504,0.851812023470007
84,2,0,8,Guard(300),17578900,39.0770035599996,71.66373800000001,0.7713664049384338
84,2,0,8,Guard(600),17578900,35.74355665999998,126.24877,0.8396019354903922
84,2,0,8,Guard(1200),17578900,35.280939,137.31897600000002,0.8490717012973136
84,2,1,5,FCFS,17578900,250.1757957699995,0.0,0.0
84,2,1,5,SJF,17578900,45.26868266999995,369.056669,1.0
84,2,1,5,SPJF-E,17578900,69.89812850999968,262.104545,0.87980189917575
84,2,1,5,Guard(300),17578900,157.8155503099977,103.037459,0.4507420170178661
84,2,1,5,Guard(600),17578900,85.10462098999979,188.200476,0.8055902612782457
84,2,1,5,Guard(1200),17578900,79.15617082999916,148.562389,0.8346202450109123
84,2,2,4,FCFS,17578900,467.64393288999963,0.0,0.0
84,2,2,4,SJF,17578900,56.60950643999997,1604.704775,1.0
84,2,2,4,SPJF-E,17578900,124.02395942999917,466.011158,0.8359883049888526
84,2,2,4,Guard(300),17578900,414.48133261999806,108.86054299999999,0.1293385586437455
84,2,2,4,Guard(600),17578900,221.9743332299969,200.161305,0.5976861884338713
84,2,2,4,Guard(1200),17578900,175.14480394999836,120.763439,0.7116171058133554
84,3,0,8,FCFS,17578900,76.1535411199998,0.0,0.0
84,3,0,8,SJF,17578900,27.01583931999977,331.429459,1.0
84,3,0,8,SPJF-E,17578900,34.599182279999944,299.503491,0.845671598747824
84,3,0,8,Guard(300),17578900,39.72037498999991,116.72828600000001,0.7414503486200869
84,3,0,8,Guard(600),17578900,35.40252226999979,298.11025700000005,0.8293228489982001
84,3,0,8,Guard(1200),17578900,34.76244010999993,92.10335400000001,0.8423491431990384
84,3,1,5,FCFS,17578900,277.9463032699985,0.0,0.0
84,3,1,5,SJF,17578900,46.21280198999991,652.173353,1.0
84,3,1,5,SPJF-E,17578900,71.9546469299998,359.225056,0.8889161696612154
84,3,1,5,Guard(300),17578900,156.91902987999816,105.830775,0.522269213219049
84,3,1,5,Guard(600),17578900,88.88175775999991,172.357408,0.8158705774766506
84,3,1,5,Guard(1200),17578900,83.58361092999984,102.300305,0.838733680138697
84,3,2,4,FCFS,17578900,511.43696952999926,0.0,0.0
84,3,2,4,SJF,17578900,58.145149649999915,2128.918772,1.0
84,3,2,4,SPJF-E,17578900,131.90098019999868,506.06266500000004,0.8372884148460383
84,3,2,4,Guard(300),17578900,440.65496318999976,87.51607100000001,0.15615107803784706
84,3,2,4,Guard(600),17578900,226.83139461999892,149.320314,0.6278639111231797
84,3,2,4,Guard(1200),17578900,186.5796395399984,117.031229,0.7166626789691479
84,4,0,8,FCFS,17578900,89.6537577599998,0.0,0.0
84,4,0,8,SJF,17578900,27.415682,254.012074,1.0
84,4,0,8,SPJF-E,17578900,35.8741392199996,355.499439,0.8640951360286782
84,4,0,8,Guard(300),17578900,43.02281578999969,94.26413099999999,0.7492349562640184
84,4,0,8,Guard(600),17578900,37.40608400999995,215.477518,0.8394808662060091
84,4,0,8,Guard(1200),17578900,36.30150065999996,69.945415,0.8572285766953155
84,4,1,5,FCFS,17578900,342.20309295999544,0.0,0.0
84,4,1,5,SJF,17578900,46.827261,596.922733,1.0
84,4,1,5,SPJF-E,17578900,76.48945980999996,251.50369799999999,0.899578111678354
84,4,1,5,Guard(300),17578900,218.41410305999807,96.45191000000001,0.419089771423015
84,4,1,5,Guard(600),17578900,98.01993857999966,241.096508,0.8266863025308957
84,4,1,5,Guard(1200),17578900,87.98001455999987,95.888535,0.8606766393617017
84,4,2,4,FCFS,17578900,566.0160415599975,0.0,0.0
84,4,2,4,SJF,17578900,58.645116609999924,1410.768999,1.0
84,4,2,4,SPJF-E,17578900,141.63620583999838,359.40548,0.8364291583358321
84,4,2,4,Guard(300),17578900,539.5576893699996,77.725965,0.05214794717021949
84,4,2,4,Guard(600),17578900,256.2178054799997,184.2001,0.6105951698168929
84,4,2,4,Guard(1200),17578900,197.43621559999923,106.358258,0.7264504287397283
85,0,0,8,FCFS,13366419,35.529204,0.0,0.0
85,0,0,8,SJF,13366419,16.084787,636.8273360000001,1.0
85,0,0,8,SPJF-E,13366419,20.869678,186.75865399999998,0.7539195441035851
85,0,0,8,Guard(300),13366419,22.308326,95.124995,0.6799318282466374
85,0,0,8,Guard(600),13366419,21.176439000000002,148.04503799999998,0.7381432418364612
85,0,0,8,Guard(1200),13366419,20.9900345,145.470293,0.7477297725100217
85,0,1,5,FCFS,13366419,154.62821350000002,0.0,0.0
85,0,1,5,SJF,13366419,35.442484,945.390681,1.0
85,0,1,5,SPJF-E,13366419,47.2462265,543.545579,0.9009634580455372
85,0,1,5,Guard(300),13366419,67.00419249999999,84.874942,0.7351888633613642
85,0,1,5,Guard(600),13366419,52.516844,162.47576,0.8567415740824913
85,0,1,5,Guard(1200),13366419,50.4606345,120.670273,0.8739937191893431
85,0,2,4,FCFS,13366419,332.3630525,0.0,0.0
85,0,2,4,SJF,13366419,44.257747,1661.1403030000001,1.0
85,0,2,4,SPJF-E,13366419,72.75969599999999,771.115889,0.9010710720840927
85,0,2,4,Guard(300),13366419,232.5910745,91.870587,0.3463038552061652
85,0,2,4,Guard(600),13366419,114.0690185,215.829766,0.7576883515600513
85,0,2,4,Guard(1200),13366419,97.406759,97.970822,0.8155222726365239
85,1,0,8,FCFS,13366419,30.646267,0.0,0.0
85,1,0,8,SJF,13366419,13.514141,205.430676,1.0
85,1,0,8,SPJF-E,13366419,17.2126745,187.43771099999998,0.7841170733859886
85,1,0,8,Guard(300),13366419,18.125303000000002,56.337972,0.7308470647484148
85,1,0,8,Guard(600),13366419,17.3101555,146.4217,0.7784271199032742
85,1,0,8,Guard(1200),13366419,17.341058,68.86702700000001,0.7766233449368748
85,1,1,5,FCFS,13366419,145.04866349999998,0.0,0.0
85,1,1,5,SJF,13366419,34.609956499999996,1271.882882,1.0
85,1,1,5,SPJF-E,13366419,46.611394000000004,592.159582,0.8913294276435162
85,1,1,5,Guard(300),13366419,61.881949500000005,147.347644,0.7530576575837671
85,1,1,5,Guard(600),13366419,51.2392025,268.02851400000003,0.8494255641728945
85,1,1,5,Guard(1200),13366419,50.489557500000004,148.476791,0.8562134469756151
85,1,2,4,FCFS,13366419,337.51007549999997,0.0,0.0
85,1,2,4,SJF,13366419,43.078074,1206.2283400000001,1.0
85,1,2,4,SPJF-E,13366419,69.9421735,845.709172,0.9087595799263011
85,1,2,4,Guard(300),13366419,215.271016,81.520364,0.41516906748331156
85,1,2,4,Guard(600),13366419,106.11321050000001,183.384907,0.7859093570710247
85,1,2,4,Guard(1200),13366419,90.973403,92.162897,0.8373297441990184
85,2,0,8,FCFS,13366419,31.8969875,0.0,0.0
85,2,0,8,SJF,13366419,16.9714205,396.063766,1.0
85,2,0,8,SPJF-E,13366419,21.121599500000002,73.412123,0.7219416187003146
85,2,0,8,Guard(300),13366419,22.145273,57.549886,0.6533563850539146
85,2,0,8,Guard(600),13366419,21.271146,73.412123,0.7119221333434099
85,2,0,8,Guard(1200),13366419,21.1622495,70.997343,0.7192181040760461
85,2,1,5,FCFS,13366419,141.754806,0.0,0.0
85,2,1,5,SJF,13366419,34.65607249999999,859.44061,1.0
85,2,1,5,SPJF-E,13366419,45.56749,373.888349,0.8981181462804133
85,2,1,5,Guard(300),13366419,60.561067,152.14965700000002,0.7581204403318176
85,2,1,5,Guard(600),13366419,49.405142999999995,345.56868399999996,0.8622852949050046
85,2,1,5,Guard(1200),13366419,48.569371000000004,109.406477,0.8700890473181925
85,2,2,4,FCFS,13366419,308.40363149999996,0.0,0.0
85,2,2,4,SJF,13366419,43.7815945,1124.179992,1.0
85,2,2,4,SPJF-E,13366419,70.23839100000001,727.427749,0.9000204336723474
85,2,2,4,Guard(300),13366419,195.014568,113.367523,0.4284944095566764
85,2,2,4,Guard(600),13366419,99.038666,153.408887,0.7911849212316356
85,2,2,4,Guard(1200),13366419,89.18425400000001,92.155061,0.82842449550035
85,3,0,7,FCFS,13366419,49.700725000000006,0.0,0.0
85,3,0,7,SJF,13366419,22.537777,829.170003,1.0
85,3,0,7,SPJF-E,13366419,28.118578,264.653475,0.7945436187559612
85,3,0,7,Guard(300),13366419,30.745179,80.63282500000001,0.6978456830238015
85,3,0,7,Guard(600),13366419,28.82033,149.13932799999998,0.7687087204231294
85,3,0,7,Guard(1200),13366419,28.612011000000003,93.310287,0.7763779542632854
85,3,1,5,FCFS,13366419,161.730935,0.0,0.0
85,3,1,5,SJF,13366419,35.5022855,1202.6208570000001,1.0
85,3,1,5,SPJF-E,13366419,48.693889999999996,633.868847,0.8954943703172551
85,3,1,5,Guard(300),13366419,67.2824225,113.251315,0.7482335656296474
85,3,1,5,Guard(600),13366419,53.2769905,322.762726,0.8591864440409782
85,3,1,5,Guard(1200),13366419,52.889945,96.15959500000001,0.8622526695098643
85,3,2,4,FCFS,13366419,347.01872149999997,0.0,0.0
85,3,2,4,SJF,13366419,44.6365585,1232.374653,1.0
85,3,2,4,SPJF-E,13366419,76.1849155,1114.289439,0.8956672685749655
85,3,2,4,Guard(300),13366419,222.15500450000002,150.08350000000002,0.41293347385705403
85,3,2,4,Guard(600),13366419,109.938548,304.27509,0.784041529261764
85,3,2,4,Guard(1200),13366419,95.07160350000001,148.599744,0.8332076055689831
85,4,0,7,FCFS,13366419,54.159576,0.0,0.0
85,4,0,7,SJF,13366419,22.27985,124.20591999999999,1.0
85,4,0,7,SPJF-E,13366419,28.121778499999998,237.61025899999999,0.816750981485851
85,4,0,7,Guard(300),13366419,30.4674305,100.209819,0.743172808323384
85,4,0,7,Guard(600),13366419,28.563606,158.90272399999998,0.8028917814412834
85,4,0,7,Guard(1200),13366419,28.608189,100.209819,0.8014933064355697
85,4,1,5,FCFS,13366419,174.4777895,0.0,0.0
85,4,1,5,SJF,13366419,35.864380499999996,980.774314,1.0
85,4,1,5,SPJF-E,13366419,50.1127435,611.592402,0.8972079028804494
85,4,1,5,Guard(300),13366419,74.1519765,122.925327,0.7237814416641323
85,4,1,5,Guard(600),13366419,57.290729,273.661866,0.8454236956252913
85,4,1,5,Guard(1200),13366419,54.888670000000005,105.261984,0.862752892110171
85,4,2,4,FCFS,13366419,377.794325,0.0,0.0
85,4,2,4,SJF,13366419,44.988331,1344.841743,1.0
85,4,2,4,SPJF-E,13366419,78.82687200000001,915.681721,0.8983235229831827
85,4,2,4,Guard(300),13366419,297.27432450000003,91.352072,0.2419427593001825
85,4,2,4,Guard(600),13366419,131.3768725,170.575197,0.7404237211544935
85,4,2,4,Guard(1200),13366419,108.888511,92.236385,0.8079957057504199
86,0,0,7,FCFS,11409814,34.12077104999895,0.0,0.0
86,0,0,7,SJF,11409814,13.203109549999807,78.298984,1.0
86,0,0,7,SPJF-E,11409814,15.848591,244.989442,0.8735288143944628
86,0,0,7,Guard(300),11409814,17.476010899999853,77.71631199999999,0.7957275792994251
86,0,0,7,Guard(600),11409814,16.145504379999668,127.882947,0.8593344275123689
86,0,0,7,Guard(1200),11409814,15.946667129999774,77.54056200000001,0.8688401387506879
86,0,1,5,FCFS,11409814,109.71255677999976,0.0,0.0
86,0,1,5,SJF,11409814,25.65132186999991,448.000103,1.0
86,0,1,5,SPJF-E,11409814,30.692062599999893,278.94044099999996,0.9400348955687262
86,0,1,5,Guard(300),11409814,40.82331832999999,83.094507,0.8195125675200468
86,0,1,5,Guard(600),11409814,33.60740324999973,129.452776,0.9053537413705853
86,0,1,5,Guard(1200),11409814,32.456996,83.005765,0.9190390893342624
86,0,2,4,FCFS,11409814,276.0141710299981,0.0,0.0
86,0,2,4,SJF,11409814,33.42801241999999,1052.0582220000001,1.0
86,0,2,4,SPJF-E,11409814,41.84999374999974,628.817867,0.9652825149701157
86,0,2,4,Guard(300),11409814,97.51055638999837,94.160345,0.735835942424799
86,0,2,4,Guard(600),11409814,57.014163529999344,167.057792,0.9027720656234207
86,0,2,4,Guard(1200),11409814,50.34723734999946,109.048042,0.9302547802935441
86,1,0,8,FCFS,11409814,25.47829067999929,0.0,0.0
86,1,0,8,SJF,11409814,10.310201439999672,112.787142,1.0
86,1,0,8,SPJF-E,11409814,12.738962849999888,46.968382000000005,0.8398769039678805
86,1,0,8,Guard(300),11409814,13.78571216999992,46.968382000000005,0.7708669381483454
86,1,0,8,Guard(600),11409814,12.936691739999945,46.968382000000005,0.8268410570084211
86,1,0,8,Guard(1200),11409814,12.838065029999989,46.968382000000005,0.8333433071230809
86,1,1,5,FCFS,11409814,123.72389872999919,0.0,0.0
86,1,1,5,SJF,11409814,25.697005389999585,1061.585671,1.0
86,1,1,5,SPJF-E,11409814,31.766886309999972,258.25023999999996,0.938079431947849
86,1,1,5,Guard(300),11409814,44.26511176999979,77.771422,0.8105815073053678
86,1,1,5,Guard(600),11409814,35.69716158999993,126.926727,0.8979855847791127
86,1,1,5,Guard(1200),11409814,33.82701299999997,71.316469,0.9170634982606047
86,1,2,4,FCFS,11409814,298.1122330799982,0.0,0.0
86,1,2,4,SJF,11409814,34.0298008199998,1580.2535200000002,1.0
86,1,2,4,SPJF-E,11409814,43.30160256999986,277.16355899999996,0.9648905015352494
86,1,2,4,Guard(300),11409814,121.55735083999451,81.759896,0.6685597399609651
86,1,2,4,Guard(600),11409814,63.811189239998846,133.441622,0.887226923180266
86,1,2,4,Guard(1200),11409814,53.151005049999725,84.108927,0.9275938044558207
86,2,0,8,FCFS,11409814,22.00796355999948,0.0,0.0
86,2,0,8,SJF,11409814,9.229999819999753,121.063025,1.0
86,2,0,8,SPJF-E,11409814,11.141319,54.424943,0.8504206758689482
86,2,0,8,Guard(300),11409814,12.099500639999992,54.424943,0.7754336388498548
86,2,0,8,Guard(600),11409814,11.329911,54.424943,0.8356615167542891
86,2,0,8,Guard(1200),11409814,11.16578069999992,54.424943,0.8485063098167621
86,2,1,5,FCFS,11409814,110.67213023999993,0.0,0.0
86,2,1,5,SJF,11409814,25.380780059999882,184.185408,1.0
86,2,1,5,SPJF-E,11409814,30.6771773899999,340.634931,0.9379022923330158
86,2,1,5,Guard(300),11409814,41.84466280999996,67.678212,0.8069689046397498
86,2,1,5,Guard(600),11409814,34.82766195999995,143.729081,0.8892398598443658
86,2,1,5,Guard(1200),11409814,32.66931746999949,85.087497,0.9145454094158696
86,2,2,4,FCFS,11409814,265.8078598599876,0.0,0.0
86,2,2,4,SJF,11409814,32.48411390999991,1331.1283939999998,1.0
86,2,2,4,SPJF-E,11409814,41.79184071999975,405.134347,0.9601081031332536
86,2,2,4,Guard(300),11409814,103.13155424999938,85.90406300000001,0.6972128145279196
86,2,2,4,Guard(600),11409814,57.7497225099977,141.40338100000002,0.8917143709607105
86,2,2,4,Guard(1200),11409814,50.636913899999975,91.446826,0.9221990890121785
86,3,0,9,FCFS,11409814,17.76604977999975,0.0,0.0
86,3,0,9,SJF,11409814,6.28043857999999,114.472866,1.0
86,3,0,9,SPJF-E,11409814,7.844495729999763,54.227574,0.8638246478341695
86,3,0,9,Guard(300),11409814,8.568105859999779,54.227574,0.8008232004231662
86,3,0,9,Guard(600),11409814,8.02532447999994,54.227574,0.8480807098885615
86,3,0,9,Guard(1200),11409814,7.772353229999896,54.227574,0.8701057676408254
86,3,1,5,FCFS,11409814,138.47585534999897,0.0,0.0
86,3,1,5,SJF,11409814,26.961582029999917,547.173217,1.0
86,3,1,5,SPJF-E,11409814,32.687257579999745,242.77060999999998,0.9486552225151524
86,3,1,5,Guard(300),11409814,47.599872329999464,62.628052,0.8149269175545237
86,3,1,5,Guard(600),11409814,38.02932171999982,127.59281799999998,0.9007504657431598
86,3,1,5,Guard(1200),11409814,35.23900402999977,74.52836,0.9257725333846087
86,3,2,4,FCFS,11409814,307.7806998899983,0.0,0.0
86,3,2,4,SJF,11409814,33.754935369999636,903.638253,1.0
86,3,2,4,SPJF-E,11409814,43.37794423999969,406.138668,0.9648828317773099
86,3,2,4,Guard(300),11409814,127.53228931999894,95.05257900000001,0.6577790628035806
86,3,2,4,Guard(600),11409814,64.70309207999976,138.041013,0.8870611427206091
86,3,2,4,Guard(1200),11409814,54.36630756999947,96.181064,0.924783086597335
86,4,0,7,FCFS,11409814,33.59484992999815,0.0,0.0
86,4,0,7,SJF,11409814,12.988567159999834,210.188601,1.0
86,4,0,7,SPJF-E,11409814,15.71406821999998,81.61227,0.8677344628130438
86,4,0,7,Guard(300),11409814,17.232299669999932,79.527374,0.7940563779810517
86,4,0,7,Guard(600),11409814,16.04689862999986,81.61227,0.8515825729397055
86,4,0,7,Guard(1200),11409814,15.827479299999716,77.503663,0.862230749151264
86,4,1,5,FCFS,11409814,110.94479472999957,0.0,0.0
86,4,1,5,SJF,11409814,25.527174249999945,1015.493946,1.0
86,4,1,5,SPJF-E,11409814,30.76333309999998,273.606712,0.9386993126175169
86,4,1,5,Guard(300),11409814,40.66741790999991,95.12199299999999,0.8227503461824364
86,4,1,5,Guard(600),11409814,33.8011118399999,131.2823,0.9031354708372228
86,4,1,5,Guard(1200),11409814,32.43006448999997,76.758046,0.9191865776497916
86,4,2,4,FCFS,11409814,276.6798008899987,0.0,0.0
86,4,2,4,SJF,11409814,32.467061909999934,1511.425224,1.0
86,4,2,4,SPJF-E,11409814,41.403317189999996,397.703291,0.9634079069039394
86,4,2,4,Guard(300),11409814,98.79556582999801,95.745119,0.728398673234526
86,4,2,4,Guard(600),11409814,57.22010063999922,134.733561,0.8986414925225233
86,4,2,4,Guard(1200),11409814,50.61869240999976,84.548975,0.9256728761332698
87,0,0,8,FCFS,13812942,27.526504,0.0,0.0
87,0,0,8,SJF,13812942,14.160428480000034,75.06799000000001,1.0
87,0,0,8,SPJF-E,13812942,16.396095520000017,112.61301,0.832735716878548
87,0,0,8,Guard(300),13812942,17.06205997000003,60.665696,0.7829107365390674
87,0,0,8,Guard(600),13812942,16.69538721000002,112.61301,0.8103438270862027
87,0,0,8,Guard(1200),13812942,16.337516450000166,71.434053,0.8371183847687749
87,0,1,5,FCFS,13812942,104.25710752000035,0.0,0.0
87,0,1,5,SJF,13812942,30.790376580000018,287.05010599999997,1.0
87,0,1,5,SPJF-E,13812942,38.45621592000005,86.190731,0.8956556356609816
87,0,1,5,Guard(300),13812942,45.81340211000004,77.82213200000001,0.7955125355683894
87,0,1,5,Guard(600),13812942,41.459507,86.190731,0.8547760287753462
87,0,1,5,Guard(1200),13812942,40.353718850000064,77.758604,0.8698275784475785
87,0,2,4,FCFS,13812942,212.34433025000024,0.0,0.0
87,0,2,4,SJF,13812942,37.32047639000001,347.993373,1.0
87,0,2,4,SPJF-E,13812942,50.99196003000001,309.24348499999996,0.9218878836313611
87,0,2,4,Guard(300),13812942,100.62722575000019,81.3072,0.638296449519169
87,0,2,4,Guard(600),13812942,66.64145172000012,211.84598,0.8324744045834253
87,0,2,4,Guard(1200),13812942,62.11848830000021,81.012849,0.8583163873774835
87,1,0,8,FCFS,13812942,28.448113320000097,0.0,0.0
87,1,0,8,SJF,13812942,13.165823,75.87220500000001,1.0
87,1,0,8,SPJF-E,13812942,15.779116,71.151906,0.8289986026125968
87,1,0,8,Guard(300),13812942,16.634101,58.840742,0.7730524726741365
87,1,0,8,Guard(600),13812942,16.00091651000002,71.151906,0.8144850378683289
87,1,0,8,Guard(1200),13812942,15.792168760000004,69.990318,0.8281444924153235
87,1,1,5,FCFS,13812942,112.0937428400002,0.0,0.0
87,1,1,5,SJF,13812942,30.590753,262.157213,1.0
87,1,1,5,SPJF-E,13812942,38.332574170000015,309.839018,0.9050118138586315
87,1,1,5,Guard(300),13812942,46.33582050000002,74.510286,0.8068160747119903
87,1,1,5,Guard(600),13812942,41.53427017000002,209.108073,0.8657286414709031
87,1,1,5,Guard(1200),13812942,40.684662030000005,75.60925900000001,0.8761528988100252
87,1,2,4,FCFS,13812942,221.26207504000064,0.0,0.0
87,1,2,4,SJF,13812942,37.56397324000004,389.454385,1.0
87,1,2,4,SPJF-E,13812942,50.33856728,156.664783,0.9304587586108638
87,1,2,4,Guard(300),13812942,105.26822834000065,78.351983,0.6314373723158397
87,1,2,4,Guard(600),13812942,65.35351602000038,139.652601,0.8487216661048795
87,1,2,4,Guard(1200),13812942,62.383267980000205,78.13532699999999,0.864890848099117
87,2,0,8,FCFS,13812942,30.49726,0.0,0.0
87,2,0,8,SJF,13812942,14.822356360000052,191.62876799999998,1.0
87,2,0,8,SPJF-E,13812942,17.5917709,72.103621,0.8233217502573459
87,2,0,8,Guard(300),13812942,18.49404284000001,67.907465,0.7657601881117548
87,2,0,8,Guard(600),13812942,17.78337033000004,72.103621,0.8110984259932588
87,2,0,8,Guard(1200),13812942,17.572488340000014,69.428282,0.8245519051879817
87,2,1,5,FCFS,13812942,120.23881555000048,0.0,0.0
87,2,1,5,SJF,13812942,30.246784960000003,322.540479,1.0
87,2,1,5,SPJF-E,13812942,38.65636,115.088004,0.9065520026066126
87,2,1,5,Guard(300),13812942,48.36584734000001,84.695991,0.79865925614514
87,2,1,5,Guard(600),13812942,42.48644321000005,115.088004,0.8639917538280322
87,2,1,5,Guard(1200),13812942,41.387785,72.379334,0.8762001483136003
87,2,2,4,FCFS,13812942,240.3422682500006,0.0,0.0
87,2,2,4,SJF,13812942,38.33967181,400.330353,1.0
87,2,2,4,SPJF-E,13812942,52.621318500000015,472.291343,0.9292996875203928
87,2,2,4,Guard(300),13812942,115.53329808000018,84.719108,0.6178582472184784
87,2,2,4,Guard(600),13812942,71.80214083000004,189.658567,0.8343463420286324
87,2,2,4,Guard(1200),13812942,67.60424890000056,95.565782,0.855127718129639
87,3,0,7,FCFS,13812942,40.29763500000031,0.0,0.0
87,3,0,7,SJF,13812942,19.958219,135.358024,1.0
87,3,0,7,SPJF-E,13812942,23.200605910000018,56.343319,0.8405860369835609
87,3,0,7,Guard(300),13812942,24.476338100000028,47.962074,0.7778638727876966
87,3,0,7,Guard(600),13812942,23.680584150000076,56.343319,0.8169876091820916
87,3,0,7,Guard(1200),13812942,23.313467,56.343319,0.8350371515091708
87,3,1,5,FCFS,13812942,102.84838274,0.0,0.0
87,3,1,5,SJF,13812942,29.701947290000057,288.705743,1.0
87,3,1,5,SPJF-E,13812942,37.43480990000005,116.292517,0.894282440936088
87,3,1,5,Guard(300),13812942,44.52913842000007,69.408543,0.797294413066303
87,3,1,5,Guard(600),13812942,40.27892948000004,116.292517,0.8553998957716812
87,3,1,5,Guard(1200),13812942,39.36078774000005,73.219686,0.8679520007970531
87,3,2,4,FCFS,13812942,202.67201855000053,0.0,0.0
87,3,2,4,SJF,13812942,37.365475640000035,355.306381,1.0
87,3,2,4,SPJF-E,13812942,50.00646060000005,190.040904,0.9235300385727485
87,3,2,4,Guard(300),13812942,94.34959466000065,71.140274,0.6552821321112192
87,3,2,4,Guard(600),13812942,62.58721596000036,173.871015,0.8474244281199925
87,3,2,4,Guard(1200),13812942,59.190275880000414,69.632839,0.8679737664595486
87,4,0,8,FCFS,13812942,32.15976,0.0,0.0
87,4,0,8,SJF,13812942,14.4826,90.81775200000001,1.0
87,4,0,8,SPJF-E,13812942,17.167943140000006,53.893577,0.8480896739068942
87,4,0,8,Guard(300),13812942,18.26541955000001,53.893577,0.786005243489338
87,4,0,8,Guard(600),13812942,17.52062917000011,53.893577,0.8281381641621103
87,4,0,8,Guard(1200),13812942,17.21605063000006,53.893577,0.8453682248732228
87,4,1,5,FCFS,13812942,127.41922780000016,0.0,0.0
87,4,1,5,SJF,13812942,30.873130280000055,362.82103,1.0
87,4,1,5,SPJF-E,13812942,39.23682834000001,134.200041,0.9133709360104652
87,4,1,5,Guard(300),13812942,52.179401450000256,74.306361,0.7793150451722145
87,4,1,5,Guard(600),13812942,43.94087258000003,121.982964,0.8646476384268881
87,4,1,5,Guard(1200),13812942,42.35040932000001,88.87342799999999,0.8811212536309676
87,4,2,4,FCFS,13812942,252.54534568000076,0.0,0.0
87,4,2,4,SJF,13812942,38.31202412000001,572.552442,1.0
87,4,2,4,SPJF-E,13812942,53.12884249000012,413.081345,0.9308379375248106
87,4,2,4,Guard(300),13812942,123.95362068000001,99.761324,0.6002414753392403
87,4,2,4,Guard(600),13812942,78.59821778000081,203.167147,0.811951785246826
87,4,2,4,Guard(1200),13812942,71.2085589900001,91.79759899999999,0.8464452932417114
88,0,0,8,FCFS,13257933,27.485942760000132,0.0,0.0
88,0,0,8,SJF,13257933,14.415693320000008,41.503892,1.0
88,0,0,8,SPJF-E,13257933,17.278584840000118,82.09043399999999,0.7809612178296665
88,0,0,8,Guard(300),13257933,17.797896560000066,80.74611499999999,0.7412288682380322
88,0,0,8,Guard(600),13257933,17.362967840000554,82.09043399999999,0.7745051053899
88,0,0,8,Guard(1200),13257933,17.478255000000107,82.09043399999999,0.7656845269817536
88,0,1,5,FCFS,13257933,104.0373624000001,0.0,0.0
88,0,1,5,SJF,13257933,30.474729800000063,874.8367480000001,1.0
88,0,1,5,SPJF-E,13257933,37.41794116000023,114.83449,0.905614968978147
88,0,1,5,Guard(300),13257933,44.3537444400001,71.893544,0.8113306423457168
88,0,1,5,Guard(600),13257933,39.6796656,165.023708,0.8748694075421121
88,0,1,5,Guard(1200),13257933,39.2186715600002,71.893544,0.8811360951755806
88,0,2,4,FCFS,13257933,240.74659364000044,0.0,0.0
88,0,2,4,SJF,13257933,38.40406324000003,272.022858,1.0
88,0,2,4,SPJF-E,13257933,49.35796440000006,245.87074,0.9458645637259462
88,0,2,4,Guard(300),13257933,94.94308568000044,99.164046,0.7205776643781643
88,0,2,4,Guard(600),13257933,65.11545384000007,169.36142,0.8679892430563377
88,0,2,4,Guard(1200),13257933,60.22072516000022,99.164046,0.8921795537652317
88,1,0,7,FCFS,13257933,36.264115800000035,0.0,0.0
88,1,0,7,SJF,13257933,17.260050800000215,90.28344,1.0
88,1,0,7,SPJF-E,13257933,20.756887320000114,69.82224699999999,0.8159953399443786
88,1,0,7,Guard(300),13257933,21.41445660000009,83.704866,0.7813938333719699
88,1,0,7,Guard(600),13257933,20.80282320000013,69.82224699999999,0.8135781791948223
88,1,0,7,Guard(1200),13257933,20.89807748,63.607494,0.808565868407637
88,1,1,5,FCFS,13257933,97.28258912000054,0.0,0.0
88,1,1,5,SJF,13257933,30.66034552000008,371.393177,1.0
88,1,1,5,SPJF-E,13257933,36.84863836000014,95.075648,0.9071137129941986
88,1,1,5,Guard(300),13257933,41.09530888000007,95.075648,0.8433711806127178
88,1,1,5,Guard(600),13257933,38.431630200000036,95.075648,0.8833530025398318
88,1,1,5,Guard(1200),13257933,38.396858960000024,95.075648,0.8838749189167221
88,1,2,4,FCFS,13257933,223.80741420000143,0.0,0.0
88,1,2,4,SJF,13257933,37.788910960000074,156.82340799999997,1.0
88,1,2,4,SPJF-E,13257933,47.21998560000001,208.693338,0.9493003412255611
88,1,2,4,Guard(300),13257933,80.32662568000099,110.083093,0.7713253575365097
88,1,2,4,Guard(600),13257933,57.81056604000022,177.23478,0.8923674003861423
88,1,2,4,Guard(1200),13257933,53.52308824000006,167.645857,0.9154160634240792
88,2,0,8,FCFS,13257933,29.123059,0.0,0.0
88,2,0,8,SJF,13257933,13.489010760000054,93.766913,1.0
88,2,0,8,SPJF-E,13257933,16.269225480000326,55.965539,0.8221692374667842
88,2,0,8,Guard(300),13257933,16.75718588000014,55.965539,0.7909578459890887
88,2,0,8,Guard(600),13257933,16.307912560000094,55.965539,0.8196946973217188
88,2,0,8,Guard(1200),13257933,16.1571328400001,55.965539,0.8293390144995451
88,2,1,5,FCFS,13257933,118.63292160000074,0.0,0.0
88,2,1,5,SJF,13257933,29.99223368000015,1118.851973,1.0
88,2,1,5,SPJF-E,13257933,36.79489812000017,150.82898899999998,0.9232557350396523
88,2,1,5,Guard(300),13257933,44.41614452000018,100.347128,0.8372766369658841
88,2,1,5,Guard(600),13257933,39.82109504000006,150.82898899999998,0.8891156917817404
88,2,1,5,Guard(1200),13257933,38.78861708000018,114.5751,0.9007635928103482
88,2,2,4,FCFS,13257933,283.9830824400002,0.0,0.0
88,2,2,4,SJF,13257933,37.92212064000006,1849.494221,1.0
88,2,2,4,SPJF-E,13257933,48.76274404000001,157.01200699999998,0.9559433429801382
88,2,2,4,Guard(300),13257933,104.4160003200005,71.229134,0.7297666432188984
88,2,2,4,Guard(600),13257933,65.60946648000024,157.01200699999998,0.8874776980571806
88,2,2,4,Guard(1200),13257933,57.73503824,98.089313,0.919479638480386
88,3,0,8,FCFS,13257933,26.428763880000027,0.0,0.0
88,3,0,8,SJF,13257933,13.397058600000049,133.37259200000003,1.0
88,3,0,8,SPJF-E,13257933,15.924167840000026,72.274293,0.8060799269395401
88,3,0,8,Guard(300),13257933,16.139156760000002,71.198995,0.7895825526220036
88,3,0,8,Guard(600),13257933,15.97935464000003,72.274293,0.8018451166200725
88,3,0,8,Guard(1200),13257933,15.961633040000011,72.274293,0.8032050000443253
88,3,1,5,FCFS,13257933,107.77692844000038,0.0,0.0
88,3,1,5,SJF,13257933,30.53114000000003,629.622151,1.0
88,3,1,5,SPJF-E,13257933,36.90073828000013,97.186791,0.9175411577946725
88,3,1,5,Guard(300),13257933,43.54000136000013,97.186791,0.8315913187926799
88,3,1,5,Guard(600),13257933,39.19983452,97.186791,0.8877777715126403
88,3,1,5,Guard(1200),13257933,38.73841308000008,94.550614,0.8937511902493566
88,3,2,4,FCFS,13257933,248.18609484000078,0.0,0.0
88,3,2,4,SJF,13257933,37.94800540000009,1786.0825989999998,1.0
88,3,2,4,SPJF-E,13257933,48.50493616000035,227.08364899999998,0.9497858319198003
88,3,2,4,Guard(300),13257933,88.9252481200001,99.84263,0.7575261321305515
88,3,2,4,Guard(600),13257933,60.798724040000465,209.543455,0.8913102820670292
88,3,2,4,Guard(1200),13257933,56.84423328000002,99.84263,0.910119864909671
88,4,0,8,FCFS,13257933,27.624127880000042,0.0,0.0
88,4,0,8,SJF,13257933,13.527361960000064,44.359244000000004,1.0
88,4,0,8,SPJF-E,13257933,16.12173676000005,53.998073999999995,0.8159595743645582
88,4,0,8,Guard(300),13257933,16.63979144000027,53.342027,0.7792096784706907
88,4,0,8,Guard(600),13257933,16.160726200000322,53.998073999999995,0.8131937314597715
88,4,0,8,Guard(1200),13257933,16.178036120000037,54.02081,0.8119657959107278
88,4,1,5,FCFS,13257933,108.41116152000018,0.0,0.0
88,4,1,5,SJF,13257933,29.626546160000096,597.406919,1.0
88,4,1,5,SPJF-E,13257933,36.26974996000011,73.554119,0.9156789206922643
88,4,1,5,Guard(300),13257933,42.593263560000885,71.039162,0.8354156158439006
88,4,1,5,Guard(600),13257933,38.669902800000074,73.554119,0.8852141804757556
88,4,1,5,Guard(1200),13257933,38.44480704000001,70.767222,0.8880712834643469
88,4,2,4,FCFS,13257933,267.35700720000057,0.0,0.0
88,4,2,4,SJF,13257933,38.2233772800002,1614.512215,1.0
88,4,2,4,SPJF-E,13257933,48.98846756000004,178.30125,0.9530182876963178
88,4,2,4,Guard(300),13257933,95.8226155200001,82.035669,0.7486216307047111
88,4,2,4,Guard(600),13257933,63.02796056000024,178.30125,0.8917462125107506
88,4,2,4,Guard(1200),13257933,59.64504832000001,178.30125,0.9065101397491108
89,0,0,9,FCFS,16853401,39.313037899999756,0.0,0.0
89,0,0,9,SJF,16853401,20.352601149999817,95.22493300000001,1.0
89,0,0,9,SPJF-E,16853401,25.300704,217.24096999999998,0.7390301228161213
89,0,0,9,Guard(300),16853401,26.078240199999986,69.94618,0.6980217742083296
89,0,0,9,Guard(600),16853401,25.404286799999877,173.39455600000002,0.7335670208124253
89,0,0,9,Guard(1200),16853401,25.353734449999905,111.57833600000001,0.7362332225812201
89,0,1,6,FCFS,16853401,116.182424,0.0,0.0
89,0,1,6,SJF,16853401,35.18098899999998,355.857288,1.0
89,0,1,6,SPJF-E,16853401,44.13700954999981,426.93814499999996,0.8894338038579214
89,0,1,6,Guard(300),16853401,50.87315359999973,67.27237,0.8062730049165209
89,0,1,6,Guard(600),16853401,45.93013834999985,176.12986,0.8672968034455208
89,0,1,6,Guard(1200),16853401,45.86190039999991,94.028764,0.8681392323481686
89,0,2,4,FCFS,16853401,375.5496798,0.0,0.0
89,0,2,4,SJF,16853401,49.5865542,181.353525,1.0
89,0,2,4,SPJF-E,16853401,92.36534364999612,474.553599,0.8687618749168231
89,0,2,4,Guard(300),16853401,265.84261709999794,71.799089,0.3365628013845565
89,0,2,4,Guard(600),16853401,139.98382599999866,205.788433,0.7226763866814552
89,0,2,4,Guard(1200),16853401,127.56116064999993,100.554958,0.7607870328692176
89,1,0,7,FCFS,16853401,78.36986119999978,0.0,0.0
89,1,0,7,SJF,16853401,29.564007599999997,165.35905400000001,1.0
89,1,0,7,SPJF-E,16853401,36.456850799999934,380.18486,0.8587701537505745
89,1,0,7,Guard(300),16853401,39.251919699999945,109.39729600000001,0.8015010211807874
89,1,0,7,Guard(600),16853401,37.10004009999988,171.40585299999998,0.8455916259192336
89,1,0,7,Guard(1200),16853401,37.24124739999988,117.063742,0.8426983807532481
89,1,1,5,FCFS,16853401,191.62871739999972,0.0,0.0
89,1,1,5,SJF,16853401,41.50611124999998,177.08022899999997,1.0
89,1,1,5,SPJF-E,16853401,57.64688869999996,469.089153,0.8924826988823229
89,1,1,5,Guard(300),16853401,87.41102664999941,82.803954,0.694217169703728
89,1,1,5,Guard(600),16853401,66.28265859999979,225.899026,0.8349579188277377
89,1,1,5,Guard(1200),16853401,64.58152229999953,98.502196,0.8462895652974274
89,1,2,4,FCFS,16853401,382.297476549999,0.0,0.0
89,1,2,4,SJF,16853401,50.038406849999824,722.335729,1.0
89,1,2,4,SPJF-E,16853401,92.51230189999977,477.38674100000003,0.872166333673449
89,1,2,4,Guard(300),16853401,270.701881899994,84.47704300000001,0.3358692202165196
89,1,2,4,Guard(600),16853401,141.48825804999836,237.048032,0.7247634164431697
89,1,2,4,Guard(1200),16853401,122.57187989999954,106.476585,0.78169603281111
89,2,0,7,FCFS,16853401,76.35582564999913,0.0,0.0
89,2,0,7,SJF,16853401,29.977574149999974,130.87556700000002,1.0
89,2,0,7,SPJF-E,16853401,37.26058864999996,373.72,0.8429648754653867
89,2,0,7,Guard(300),16853401,39.97051849999989,83.98649400000001,0.7845338272401214
89,2,0,7,Guard(600),16853401,37.808482949999984,230.935717,0.8311512714100454
89,2,0,7,Guard(1200),16853401,37.87652669999998,97.669057,0.8296841236026299
89,2,1,5,FCFS,16853401,187.77047369999968,0.0,0.0
89,2,1,5,SJF,16853401,41.54772589999991,233.42220799999998,1.0
89,2,1,5,SPJF-E,16853401,59.86191554999889,540.639713,0.8747514328273415
89,2,1,5,Guard(300),16853401,86.16178614999983,94.396636,0.6948897423879489
89,2,1,5,Guard(600),16853401,65.4460201,237.09246100000001,0.8365624052374693
89,2,1,5,Guard(1200),16853401,66.9134995999994,126.363501,0.8265264872829894
89,2,2,4,FCFS,16853401,365.74598209999937,0.0,0.0
89,2,2,4,SJF,16853401,50.422661699999956,248.72122199999998,1.0
89,2,2,4,SPJF-E,16853401,96.61783944999993,613.615264,0.8534990127231956
89,2,2,4,Guard(300),16853401,234.65716129999987,101.28336,0.41572827735578965
89,2,2,4,Guard(600),16853401,136.87727155,198.494897,0.7258223408902039
89,2,2,4,Guard(1200),16853401,128.11110444999923,94.85777999999999,0.7536229079046592
89,3,0,8,FCFS,16853401,48.497893299999824,0.0,0.0
89,3,0,8,SJF,16853401,23.856796,115.92811,1.0
89,3,0,8,SPJF-E,16853401,29.520853149999976,218.114047,0.7701377872486216
89,3,0,8,Guard(300),16853401,30.509314,85.53041300000001,0.7300234677454868
89,3,0,8,Guard(600),16853401,29.605914949999494,171.66563,0.7666857575372856
89,3,0,8,Guard(1200),16853401,29.5958037999998,116.236548,0.7670960943772646
89,3,1,5,FCFS,16853401,167.75359634999987,0.0,0.0
89,3,1,5,SJF,16853401,40.39155364999994,223.030594,1.0
89,3,1,5,SPJF-E,16853401,54.756151749999994,462.718906,0.8872144494899808
89,3,1,5,Guard(300),16853401,75.27889354999982,62.393287,0.726077415528136
89,3,1,5,Guard(600),16853401,59.83389339999995,162.81208199999998,0.8473458862795075
89,3,1,5,Guard(1200),16853401,60.5151792999994,99.250658,0.8419966795177707
89,3,2,4,FCFS,16853401,332.17622944999994,0.0,0.0
89,3,2,4,SJF,16853401,48.628079699999766,3683.8642720000003,1.0
89,3,2,4,SPJF-E,16853401,86.8896434999994,461.967152,0.8650614936696492
89,3,2,4,Guard(300),16853401,210.059305999998,60.534254,0.43067437949311416
89,3,2,4,Guard(600),16853401,121.02212409999828,153.35537599999998,0.7446851814627351
89,3,2,4,Guard(1200),16853401,116.92249729999973,92.320756,0.7591434905845301
89,4,0,7,FCFS,16853401,69.73438774999998,0.0,0.0
89,4,0,7,SJF,16853401,29.645318399999944,151.995341,1.0
89,4,0,7,SPJF-E,16853401,36.15087334999988,262.27110899999997,0.8377224750915818
89,4,0,7,Guard(300),16853401,38.520714449999964,107.112606,0.778608079611107
89,4,0,7,Guard(600),16853401,36.54654074999997,174.27856799999998,0.827852767303015
89,4,0,7,Guard(1200),16853401,36.74753539999999,107.031588,0.8228390652326271
89,4,1,5,FCFS,16853401,171.20872279999912,0.0,0.0
89,4,1,5,SJF,16853401,40.626233799999966,354.369167,1.0
89,4,1,5,SPJF-E,16853401,55.4432038,482.553067,0.8865317232542557
89,4,1,5,Guard(300),16853401,79.33299704999992,91.992205,0.7035838147486972
89,4,1,5,Guard(600),16853401,61.29526469999996,206.767155,0.8417166722867403
89,4,1,5,Guard(1200),16853401,61.71248189999998,95.88211,0.8385216252081078
89,4,2,4,FCFS,16853401,339.8847404999995,0.0,0.0
89,4,2,4,SJF,16853401,49.283736349999835,505.95282699999996,1.0
89,4,2,4,SPJF-E,16853401,88.36626779999999,575.10794,0.8655113681925651
89,4,2,4,Guard(300),16853401,250.22481284999637,87.82037600000001,0.3085327523635236
89,4,2,4,Guard(600),16853401,133.63781844999923,196.77889,0.7097254280083001
89,4,2,4,Guard(1200),16853401,119.33836479999927,100.67300300000001,0.7589319119701345
90,0,0,8,FCFS,10691212,53.025796539999746,0.0,0.0
90,0,0,8,SJF,10691212,12.90673,126.573555,1.0
90,0,0,8,SPJF-E,10691212,17.736366519999624,85.269795,0.8796174254158095
90,0,0,8,Guard(300),10691212,19.917064929999526,77.096146,0.8252617636801184
90,0,0,8,Guard(600),10691212,17.908823,85.269795,0.8753188089505326
90,0,0,8,Guard(1200),10691212,17.740575,86.599078,0.8795125256670532
90,0,1,5,FCFS,10691212,230.6662620099982,0.0,0.0
90,0,1,5,SJF,10691212,32.818250359999766,1232.368452,1.0
90,0,1,5,SPJF-E,10691212,44.05499599999956,260.09033600000004,0.9432051626585053
90,0,1,5,Guard(300),10691212,99.80123622999719,56.274081,0.6614422085348364
90,0,1,5,Guard(600),10691212,57.74622836999823,153.669735,0.8740044046836462
90,0,1,5,Guard(1200),10691212,49.17612658999964,93.180723,0.9173209976002303
90,0,2,4,FCFS,10691212,511.1202805699999,0.0,0.0
90,0,2,4,SJF,10691212,41.331500229999996,5411.961979,1.0
90,0,2,4,SPJF-E,10691212,65.37449068999935,348.456105,0.9488217014408077
90,0,2,4,Guard(300),10691212,382.3348404899984,68.90720999999999,0.27413477177295664
90,0,2,4,Guard(600),10691212,163.48614358999927,158.208954,0.7399796494254454
90,0,2,4,Guard(1200),10691212,120.32935957999692,94.039698,0.8318438782364622
90,1,0,8,FCFS,10691212,46.27422487999951,0.0,0.0
90,1,0,8,SJF,10691212,13.754216969999817,172.088649,1.0
90,1,0,8,SPJF-E,10691212,18.304814719999584,51.702905,0.8600677539011149
90,1,0,8,Guard(300),10691212,20.485721429999852,51.0604,0.7930042182452809
90,1,0,8,Guard(600),10691212,18.71308663999975,51.702905,0.8475132698699278
90,1,0,8,Guard(1200),10691212,18.266932269999753,51.0604,0.861232650604236
90,1,1,5,FCFS,10691212,201.6862079399995,0.0,0.0
90,1,1,5,SJF,10691212,32.388864259999885,443.74925,1.0
90,1,1,5,SPJF-E,10691212,44.40137127999945,260.88964999999996,0.9290449173100719
90,1,1,5,Guard(300),10691212,91.05126993999983,56.363349,0.6534948251114812
90,1,1,5,Guard(600),10691212,53.68473335999981,151.367987,0.8742102584890364
90,1,1,5,Guard(1200),10691212,49.16977364999998,56.363349,0.9008790745014945
90,1,2,4,FCFS,10691212,461.77764786999796,0.0,0.0
90,1,2,4,SJF,10691212,41.843828379999934,318.74466,1.0
90,1,2,4,SPJF-E,10691212,65.12038740999995,372.606328,0.9445708872453547
90,1,2,4,Guard(300),10691212,335.11202979999996,71.076331,0.30163233393259703
90,1,2,4,Guard(600),10691212,153.79980889999885,156.818355,0.7333961321429947
90,1,2,4,Guard(1200),10691212,113.6221509599993,93.667333,0.8290722984227066
90,2,0,8,FCFS,10691212,44.50667098999982,0.0,0.0
90,2,0,8,SJF,10691212,12.848944059999928,49.623698000000005,1.0
90,2,0,8,SPJF-E,10691212,17.728782859999633,69.944321,0.8458563114531319
90,2,0,8,Guard(300),10691212,19.427011619999845,68.54276800000001,0.7922128908830051
90,2,0,8,Guard(600),10691212,17.846812309999972,69.944321,0.8421280131371687
90,2,0,8,Guard(1200),10691212,17.708259889999887,69.944321,0.846504588255984
90,2,1,5,FCFS,10691212,208.76860651999837,0.0,0.0
90,2,1,5,SJF,10691212,32.67141777999985,746.639586,1.0
90,2,1,5,SPJF-E,10691212,43.74740277999879,182.18893500000001,0.9371029993195844
90,2,1,5,Guard(300),10691212,91.15486660999841,67.696349,0.6678910705590685
90,2,1,5,Guard(600),10691212,53.93005179999982,155.78213100000002,0.8792789699136672
90,2,1,5,Guard(1200),10691212,49.81672333999981,67.696349,0.9026372556956919
90,2,2,4,FCFS,10691212,487.72095513999636,0.0,0.0
90,2,2,4,SJF,10691212,42.054341569999636,315.72194900000005,1.0
90,2,2,4,SPJF-E,10691212,62.78167241999962,378.559818,0.95349139868485
90,2,2,4,Guard(300),10691212,360.2363647199994,65.996134,0.2860537149031338
90,2,2,4,Guard(600),10691212,173.2115333699995,162.624145,0.7057055929108761
90,2,2,4,Guard(1200),10691212,112.71605541999875,92.020206,0.8414471452461607
90,3,0,8,FCFS,10691212,53.983315,0.0,0.0
90,3,0,8,SJF,10691212,13.500509179999955,223.166653,1.0
90,3,0,8,SPJF-E,10691212,17.919082639999992,104.99091399999999,0.8908530826730124
90,3,0,8,Guard(300),10691212,20.047051,48.004649,0.8382883377918977
90,3,0,8,Guard(600),10691212,18.19580290999909,104.99091399999999,0.8840175814177513
90,3,0,8,Guard(1200),10691212,17.968677119999715,90.91747199999999,0.8896280075085033
90,3,1,5,FCFS,10691212,247.11397354999878,0.0,0.0
90,3,1,5,SJF,10691212,33.228063,826.336331,1.0
90,3,1,5,SPJF-E,10691212,44.03102123999996,99.396468,0.9494919594646481
90,3,1,5,Guard(300),10691212,110.48043369999701,56.208766,0.6388150556465092
90,3,1,5,Guard(600),10691212,57.000217359999745,99.396468,0.8888559124868457
90,3,1,5,Guard(1200),10691212,49.89080108999987,56.208766,0.9220952046483458
90,3,2,4,FCFS,10691212,576.2984379799972,0.0,0.0
90,3,2,4,SJF,10691212,41.59775588999999,223.671644,1.0
90,3,2,4,SPJF-E,10691212,65.00475284999999,301.31061,0.9562241123977839
90,3,2,4,Guard(300),10691212,443.0249772699998,93.854856,0.2492487202168291
90,3,2,4,Guard(600),10691212,185.522668,156.662913,0.7308308799094153
90,3,2,4,Guard(1200),10691212,108.73295123999598,93.854856,0.8744434080622769
90,4,0,8,FCFS,10691212,52.54827113999932,0.0,0.0
90,4,0,8,SJF,10691212,13.547909589999929,91.891958,1.0
90,4,0,8,SPJF-E,10691212,18.429656479999817,92.974946,0.8748281632276314
90,4,0,8,Guard(300),10691212,20.72414815999998,56.451879,0.8159955886357632
90,4,0,8,Guard(600),10691212,18.805622639999775,92.974946,0.8651880946472935
90,4,0,8,Guard(1200),10691212,18.56416761999965,70.73310599999999,0.8713791916116275
90,4,1,5,FCFS,10691212,233.44961272999018,0.0,0.0
90,4,1,5,SJF,10691212,32.58831418999999,960.264061,1.0
90,4,1,5,SPJF-E,10691212,44.57410263999951,239.11865400000002,0.9403280346332461
90,4,1,5,Guard(300),10691212,108.21943613999866,70.331422,0.623465931467425
90,4,1,5,Guard(600),10691212,58.49446730999968,151.677443,0.8710246657354855
90,4,1,5,Guard(1200),10691212,50.071468499999746,94.070284,0.9129590695814457
90,4,2,4,FCFS,10691212,497.21596490999747,0.0,0.0
90,4,2,4,SJF,10691212,41.45351932999997,1425.147482,1.0
90,4,2,4,SPJF-E,10691212,64.89693963999994,307.116854,0.9485621938855313
90,4,2,4,Guard(300),10691212,414.4596773099958,93.71914199999999,0.18157768022042065
90,4,2,4,Guard(600),10691212,178.68670340998884,155.97980600000002,0.698893172504927
90,4,2,4,Guard(1200),10691212,116.67878327999915,93.71914199999999,0.8349463307485362
91,0,0,7,FCFS,12679212,34.6725770899999,0.0,0.0
91,0,0,7,SJF,12679212,15.864520299999988,233.95174,1.0
91,0,0,7,SPJF-E,12679212,18.820427419999998,236.491434,0.8428382499583029
91,0,0,7,Guard(300),12679212,19.679307129999923,89.719374,0.7971727290812826
91,0,0,7,Guard(600),12679212,18.82902677999972,236.491434,0.8423810331338464
91,0,0,7,Guard(1200),12679212,18.93742890999992,73.821172,0.83661743239558
91,0,1,5,FCFS,12679212,96.23339465999966,0.0,0.0
91,0,1,5,SJF,12679212,27.557991739999743,133.865891,1.0
91,0,1,5,SPJF-E,12679212,33.776938259999916,137.502691,0.9094443387941292
91,0,1,5,Guard(300),12679212,39.123010139999664,137.502691,0.831598827116136
91,0,1,5,Guard(600),12679212,34.82741806999996,137.502691,0.8941480352365987
91,0,1,5,Guard(1200),12679212,35.19773105999976,117.446579,0.8887558136513656
91,0,2,4,FCFS,12679212,205.0871903499993,0.0,0.0
91,0,2,4,SJF,12679212,34.96229109999991,224.605413,1.0
91,0,2,4,SPJF-E,12679212,45.83890709999992,241.350289,0.9360668776413689
91,0,2,4,Guard(300),12679212,78.11592286999988,116.454573,0.7463414705299223
91,0,2,4,Guard(600),12679212,52.51210182999972,156.649249,0.896841609856237
91,0,2,4,Guard(1200),12679212,51.43334999999999,147.414366,0.9031825501580707
91,1,0,8,FCFS,12679212,23.91787904999987,0.0,0.0
91,1,0,8,SJF,12679212,11.79773413999997,126.873362,1.0
91,1,0,8,SPJF-E,12679212,14.022034899999896,84.260993,0.8164790292098953
91,1,0,8,Guard(300),12679212,14.194190429999953,45.632428999999995,0.8022749473875718
91,1,0,8,Guard(600),12679212,14.01151808999999,84.260993,0.8173467424326332
91,1,0,8,Guard(1200),12679212,14.052525649999989,45.632428999999995,0.8139633208395328
91,1,1,5,FCFS,12679212,99.97226183999987,0.0,0.0
91,1,1,5,SJF,12679212,27.54476047,170.534476,1.0
91,1,1,5,SPJF-E,12679212,33.20819649999994,89.217149,0.9218054478910163
91,1,1,5,Guard(300),12679212,39.206330259999966,74.18482999999999,0.8389897543140941
91,1,1,5,Guard(600),12679212,34.237177,89.217149,0.9075984066354654
91,1,1,5,Guard(1200),12679212,34.74869315999999,74.29899200000001,0.9005359490009424
91,1,2,4,FCFS,12679212,203.26980882999987,0.0,0.0
91,1,2,4,SJF,12679212,34.86060263999996,113.374892,1.0
91,1,2,4,SPJF-E,12679212,46.50664463999992,224.83161800000002,0.9308467615074388
91,1,2,4,Guard(300),12679212,75.53997083999987,75.904747,0.7584492610569918
91,1,2,4,Guard(600),12679212,52.890494499999996,158.063019,0.8929399866676015
91,1,2,4,Guard(1200),12679212,53.12389962999986,82.494105,0.8915540462236062
91,2,0,7,FCFS,12679212,35.22226110999997,0.0,0.0
91,2,0,7,SJF,12679212,15.163981179999992,229.046393,1.0
91,2,0,7,SPJF-E,12679212,17.70446522999997,140.962717,0.8733448701052215
91,2,0,7,Guard(300),12679212,18.587735,106.135606,0.8293096999369671
91,2,0,7,Guard(600),12679212,17.759970249999885,140.962717,0.8705776826796985
91,2,0,7,Guard(1200),12679212,17.673796839999934,104.199542,0.8748738342091757
91,2,1,5,FCFS,12679212,103.56297145999987,0.0,0.0
91,2,1,5,SJF,12679212,27.170310479999966,168.639979,1.0
91,2,1,5,SPJF-E,12679212,33.44912134999998,263.395516,0.917808716315775
91,2,1,5,Guard(300),12679212,38.651957659999844,86.909311,0.8497022222722961
91,2,1,5,Guard(600),12679212,34.35510127999997,238.831164,0.9059492010380287
91,2,1,5,Guard(1200),12679212,34.85760373,79.14332499999999,0.8993713119639514
91,2,2,4,FCFS,12679212,208.34312047999927,0.0,0.0
91,2,2,4,SJF,12679212,35.66199809999981,402.816452,1.0
91,2,2,4,SPJF-E,12679212,46.629836819999966,250.07331299999998,0.9364850160293463
91,2,2,4,Guard(300),12679212,80.18131533999998,96.72250199999999,0.7421877005059554
91,2,2,4,Guard(600),12679212,52.3475557099999,125.44296299999999,0.903373586064132
91,2,2,4,Guard(1200),12679212,52.38114404999981,99.943303,0.9031790752830057
91,3,0,8,FCFS,12679212,25.453957829999933,0.0,0.0
91,3,0,8,SJF,12679212,12.481757,124.912636,1.0
91,3,0,8,SPJF-E,12679212,14.666083679999963,51.895999,0.8316147962380895
91,3,0,8,Guard(300),12679212,15.050409169999998,51.895999,0.80198794301275
91,3,0,8,Guard(600),12679212,14.728577299999898,51.895999,0.8267972929617441
91,3,0,8,Guard(1200),12679212,14.722774,51.895999,0.827244657296906
91,3,1,5,FCFS,12679212,107.1985553299999,0.0,0.0
91,3,1,5,SJF,12679212,27.45337377999992,168.046571,1.0
91,3,1,5,SPJF-E,12679212,34.590767239999984,177.540879,0.9104974956320724
91,3,1,5,Guard(300),12679212,41.331134229999975,139.32822099999998,0.8259736804122925
91,3,1,5,Guard(600),12679212,35.96557214999999,177.657322,0.893257520961778
91,3,1,5,Guard(1200),12679212,36.24375179999992,139.199808,0.8897691641157222
91,3,2,4,FCFS,12679212,247.46436676999977,0.0,0.0
91,3,2,4,SJF,12679212,36.0405549899999,129.298325,1.0
91,3,2,4,SPJF-E,12679212,48.10571613999982,155.249313,0.9429337639482419
91,3,2,4,Guard(300),12679212,98.56301201999996,96.082858,0.7042790189826929
91,3,2,4,Guard(600),12679212,58.64573833999989,143.03556,0.8930811853230508
91,3,2,4,Guard(1200),12679212,55.24637278999988,96.02360399999999,0.909159627582607
91,4,0,7,FCFS,12679212,36.06052957999974,0.0,0.0
91,4,0,7,SJF,12679212,15.017636629999982,123.49548999999999,1.0
91,4,0,7,SPJF-E,12679212,17.756077639999862,206.24928,0.8698638530117168
91,4,0,7,Guard(300),12679212,18.723570489999993,143.431343,0.8238866742892378
91,4,0,7,Guard(600),12679212,17.796017719999995,206.24928,0.867965821210907
91,4,0,7,Guard(1200),12679212,17.91091,143.214501,0.8625059122395977
91,4,1,5,FCFS,12679212,103.73632741999964,0.0,0.0
91,4,1,5,SJF,12679212,28.04735855999991,222.188428,1.0
91,4,1,5,SPJF-E,12679212,34.32546422999995,228.588014,0.9170538882408014
91,4,1,5,Guard(300),12679212,40.15659855999991,127.00100699999999,0.8400131461376069
91,4,1,5,Guard(600),12679212,35.459855059999924,221.164525,0.9020663564103938
91,4,1,5,Guard(1200),12679212,36.09607461999977,125.71518999999999,0.8936606459141041
91,4,2,4,FCFS,12679212,228.79527462999997,0.0,0.0
91,4,2,4,SJF,12679212,35.04403833999994,215.437218,1.0
91,4,2,4,SPJF-E,12679212,46.08494856999996,224.61123,0.9430150204901178
91,4,2,4,Guard(300),12679212,86.16595110999995,58.704151,0.7361466499574614
91,4,2,4,Guard(600),12679212,52.843866569999854,164.787578,0.908130505018519
91,4,2,4,Guard(1200),12679212,52.96618438999969,106.78223,0.907499191266194
92,0,0,8,FCFS,16921919,61.44065241999969,0.0,0.0
92,0,0,8,SJF,16921919,29.1656348299999,168.552732,1.0
92,0,0,8,SPJF-E,16921919,37.5019,373.626215,0.7417115220230571
92,0,0,8,Guard(300),16921919,39.96466527999989,65.299058,0.6654059004031029
92,0,0,8,Guard(600),16921919,37.705592039999914,167.565932,0.7354003855710967
92,0,0,8,Guard(1200),16921919,37.82535429999987,148.29616299999998,0.7316897056414576
92,0,1,5,FCFS,16921919,197.09389827999954,0.0,0.0
92,0,1,5,SJF,16921919,45.43053443999993,476.400717,1.0
92,0,1,5,SPJF-E,16921919,78.19859984999935,397.30395899999996,0.7839421164061167
92,0,1,5,Guard(300),16921919,112.69751792999921,107.357597,0.5564717688777894
92,0,1,5,Guard(600),16921919,85.38495847999995,195.82627000000002,0.736558500165203
92,0,1,5,Guard(1200),16921919,84.41328191999999,138.76095600000002,0.7429652983226345
92,0,2,4,FCFS,16921919,398.9660225499995,0.0,0.0
92,0,2,4,SJF,16921919,58.86281038999975,331.682189,1.0
92,0,2,4,SPJF-E,16921919,138.7600492499947,530.205732,0.7650794347028756
92,0,2,4,Guard(300),16921919,350.97615896999844,74.94230900000001,0.1411038233811931
92,0,2,4,Guard(600),16921919,213.37795112999936,149.995041,0.5456816189454018
92,0,2,4,Guard(1200),16921919,177.54665985999782,118.2763,0.6510357878826387
92,1,0,7,FCFS,16921919,81.21979532999991,0.0,0.0
92,1,0,7,SJF,16921919,31.797316329999937,205.782828,1.0
92,1,0,7,SPJF-E,16921919,42.48634333999989,323.763922,0.7837213505619587
92,1,0,7,Guard(300),16921919,45.85112680999989,100.310775,0.7156393049405725
92,1,0,7,Guard(600),16921919,42.76035735999992,170.883491,0.7781770309417302
92,1,0,7,Guard(1200),16921919,43.0626007199998,141.05737000000002,0.772061527103894
92,1,1,5,FCFS,16921919,195.73201678999897,0.0,0.0
92,1,1,5,SJF,16921919,45.74854668999994,236.874582,1.0
92,1,1,5,SPJF-E,16921919,77.54999219999993,539.239409,0.7879669973711311
92,1,1,5,Guard(300),16921919,111.00874848999827,79.76604,0.5648840385111296
92,1,1,5,Guard(600),16921919,85.50580270999964,168.356685,0.7349224151602027
92,1,1,5,Guard(1200),16921919,83.71052242999995,146.162026,0.7468922694301614
92,1,2,4,FCFS,16921919,374.9627363699986,0.0,0.0
92,1,2,4,SJF,16921919,57.54637954999969,345.891996,1.0
92,1,2,4,SPJF-E,16921919,135.92344570999995,596.025246,0.7530780488276901
92,1,2,4,Guard(300),16921919,345.5070815699995,95.59077,0.09279816293998627
92,1,2,4,Guard(600),16921919,204.23393703,182.072064,0.5378702000439626
92,1,2,4,Guard(1200),16921919,169.57277228,98.41654899999999,0.6470679902815202
92,2,0,7,FCFS,16921919,86.51318428999977,0.0,0.0
92,2,0,7,SJF,16921919,33.67614009999991,320.449647,1.0
92,2,0,7,SPJF-E,16921919,44.415590869999946,281.300191,0.7967439145274402
92,2,0,7,Guard(300),16921919,47.70559937999988,80.345203,0.73447683353462
92,2,0,7,Guard(600),16921919,44.67047785999999,161.142478,0.7919198939201654
92,2,0,7,Guard(1200),16921919,44.85852859999995,154.044534,0.7883608238986908
92,2,1,5,FCFS,16921919,205.5653416499992,0.0,0.0
92,2,1,5,SJF,16921919,46.02179063999997,440.321983,1.0
92,2,1,5,SPJF-E,16921919,79.86554062999866,397.177848,0.7878714007821127
92,2,1,5,Guard(300),16921919,114.80598482999982,74.347678,0.56886885270788
92,2,1,5,Guard(600),16921919,87.08975762999903,166.986703,0.7425908679478673
92,2,1,5,Guard(1200),16921919,86.10751748999994,141.54061800000002,0.7487474323077613
92,2,2,4,FCFS,16921919,396.2765995099983,0.0,0.0
92,2,2,4,SJF,16921919,58.49347319999972,553.475567,1.0
92,2,2,4,SPJF-E,16921919,140.0440961699992,684.380964,0.758571057527732
92,2,2,4,Guard(300),16921919,369.3604685199999,93.30246299999999,0.07968465235085846
92,2,2,4,Guard(600),16921919,223.18475616999967,168.947496,0.5124348431222243
92,2,2,4,Guard(1200),16921919,183.79048548999688,92.237007,0.6290607714518973
92,3,0,8,FCFS,16921919,62.615149609999904,0.0,0.0
92,3,0,8,SJF,16921919,27.101183969999727,239.130461,1.0
92,3,0,8,SPJF-E,16921919,36.28464959999956,368.018664,0.7414125551876896
92,3,0,8,Guard(300),16921919,38.16821842999975,66.655601,0.688375143114545
92,3,0,8,Guard(600),16921919,36.41748265999974,168.086409,0.7376722502792856
92,3,0,8,Guard(1200),16921919,36.6367388499998,154.19889700000002,0.7314984483383076
92,3,1,5,FCFS,16921919,206.80569889999995,0.0,0.0
92,3,1,5,SJF,16921919,46.277704549999775,223.872468,1.0
92,3,1,5,SPJF-E,16921919,80.74137457999953,442.508782,0.7853105299823382
92,3,1,5,Guard(300),16921919,115.78018871999967,74.456593,0.5670382324813503
92,3,1,5,Guard(600),16921919,90.52642550999994,168.06217800000002,0.7243551123953844
92,3,1,5,Guard(1200),16921919,86.68463113999996,124.55747299999999,0.748287351663407
92,3,2,4,FCFS,16921919,393.16662223999947,0.0,0.0
92,3,2,4,SJF,16921919,58.014430779999984,369.055483,1.0
92,3,2,4,SPJF-E,16921919,140.62031516999951,618.739743,0.7535272437570841
92,3,2,4,Guard(300),16921919,346.2189811499993,87.951883,0.14007857411131797
92,3,2,4,Guard(600),16921919,215.78557733999867,177.62670200000002,0.5292552142574048
92,3,2,4,Guard(1200),16921919,180.2218930099999,92.17276700000001,0.6353672589827437
92,4,0,8,FCFS,16921919,66.40195354999996,0.0,0.0
92,4,0,8,SJF,16921919,28.356947,167.49926000000002,1.0
92,4,0,8,SPJF-E,16921919,37.58555645999971,377.51838599999996,0.7574291530776537
92,4,0,8,Guard(300),16921919,39.688284199999984,67.267204,0.702159672778398
92,4,0,8,Guard(600),16921919,37.739423269999676,161.932064,0.7533848165417208
92,4,0,8,Guard(1200),16921919,37.91347953999988,149.37519400000002,0.7488098069469281
92,4,1,5,FCFS,16921919,217.68351531999957,0.0,0.0
92,4,1,5,SJF,16921919,47.0876248899999,412.937646,1.0
92,4,1,5,SPJF-E,16921919,82.45430493999972,659.7726749999999,0.7926873856055064
92,4,1,5,Guard(300),16921919,128.49459465999934,107.78454,0.5228081428878089
92,4,1,5,Guard(600),16921919,94.08236799,175.483908,0.7245259368115707
92,4,1,5,Guard(1200),16921919,90.49503621999948,138.094179,0.745554179408496
92,4,2,4,FCFS,16921919,438.74443755999954,0.0,0.0
92,4,2,4,SJF,16921919,59.65341008999988,427.009249,1.0
92,4,2,4,SPJF-E,16921919,144.18248892999975,914.811623,0.7770216842004015
92,4,2,4,Guard(300),16921919,403.63345386999833,93.128462,0.09261887289796066
92,4,2,4,Guard(600),16921919,244.69269895999838,162.447967,0.5118869203923798
92,4,2,4,Guard(1200),16921919,194.4055670299986,122.33913700000001,0.6445387857388352
93,0,0,7,FCFS,14042901,95.083191,0.0,0.0
93,0,0,7,SJF,14042901,30.88921458999999,223.851658,1.0
93,0,0,7,SPJF-E,14042901,39.76568196999988,206.43623200000002,0.8617242944523822
93,0,0,7,Guard(300),14042901,44.169959,56.885957999999995,0.793115411247041
93,0,0,7,Guard(600),14042901,40.76568940999999,137.77300200000002,0.8461463929743187
93,0,0,7,Guard(1200),14042901,40.85258280999991,99.710844,0.8447927862208604
93,0,1,5,FCFS,14042901,272.16910894999927,0.0,0.0
93,0,1,5,SJF,14042901,41.11023233999983,705.442803,1.0
93,0,1,5,SPJF-E,14042901,63.57199741999979,153.653247,0.902787698920943
93,0,1,5,Guard(300),14042901,118.58398455999942,74.626518,0.6647012512279877
93,0,1,5,Guard(600),14042901,79.99064611999978,153.653247,0.8317294087531397
93,0,1,5,Guard(1200),14042901,77.18186046999938,118.325563,0.8438855556677692
93,0,2,4,FCFS,14042901,611.4481389999997,0.0,0.0
93,0,2,4,SJF,14042901,47.956369009999975,414.603357,1.0
93,0,2,4,SPJF-E,14042901,103.16931479999928,392.31163799999996,0.9020164113648383
93,0,2,4,Guard(300),14042901,344.3383836999983,69.450537,0.4740260098292861
93,0,2,4,Guard(600),14042901,184.69224623999983,241.391955,0.7573418379607808
93,0,2,4,Guard(1200),14042901,144.78537946999998,118.252505,0.8281625116517347
93,1,0,8,FCFS,14042901,71.66546344999988,0.0,0.0
93,1,0,8,SJF,14042901,26.973794009999914,89.34151600000001,1.0
93,1,0,8,SPJF-E,14042901,33.044116759999945,194.128204,0.8641732827154814
93,1,0,8,Guard(300),14042901,35.64186999999978,59.508237,0.8060471649725003
93,1,0,8,Guard(600),14042901,33.48245012999995,135.230769,0.8543653391883667
93,1,0,8,Guard(1200),14042901,33.53190008999995,99.023628,0.8532588698928665
93,1,1,5,FCFS,14042901,302.54926939999666,0.0,0.0
93,1,1,5,SJF,14042901,40.83029517999991,351.18183500000004,1.0
93,1,1,5,SPJF-E,14042901,62.87597536999981,87.432555,0.9157658314392265
93,1,1,5,Guard(300),14042901,129.5913383599984,127.231727,0.6608536181049396
93,1,1,5,Guard(600),14042901,91.90681413999975,87.432555,0.8048421246024533
93,1,1,5,Guard(1200),14042901,81.69302526999887,73.821181,0.8438679113282386
93,1,2,4,FCFS,14042901,719.9556012199885,0.0,0.0
93,1,2,4,SJF,14042901,48.11278716999998,422.845538,1.0
93,1,2,4,SPJF-E,14042901,103.6933428199999,288.21671899999996,0.9172714889738115
93,1,2,4,Guard(300),14042901,389.06784046999707,66.282196,0.49250770244209485
93,1,2,4,Guard(600),14042901,209.13450367999667,176.57246800000001,0.760328289381665
93,1,2,4,Guard(1200),14042901,159.66345034,119.634085,0.833963152039161
93,2,0,8,FCFS,14042901,65.18418631999978,0.0,0.0
93,2,0,8,SJF,14042901,26.735024,123.173502,1.0
93,2,0,8,SPJF-E,14042901,32.62743030999989,241.48616700000002,0.8467481225999328
93,2,0,8,Guard(300),14042901,34.56775477999992,63.657565000000005,0.7962834478730466
93,2,0,8,Guard(600),14042901,32.930903069999985,131.965312,0.8388552910871317
93,2,0,8,Guard(1200),14042901,32.98993089999988,89.658147,0.8373200735053123
93,2,1,5,FCFS,14042901,280.94554728999987,0.0,0.0
93,2,1,5,SJF,14042901,40.89456063999996,364.577979,1.0
93,2,1,5,SPJF-E,14042901,63.048197819999835,131.998753,0.9077127843165235
93,2,1,5,Guard(300),14042901,116.61584452999999,129.901156,0.6845616635585693
93,2,1,5,Guard(600),14042901,82.53263136999978,131.998753,0.8265448881878202
93,2,1,5,Guard(1200),14042901,77.84223213999975,80.87661600000001,0.8460840673241207
93,2,2,4,FCFS,14042901,618.4065219299987,0.0,0.0
93,2,2,4,SJF,14042901,48.133263479999854,428.167914,1.0
93,2,2,4,SPJF-E,14042901,102.06720589999922,192.524365,0.9054243880090194
93,2,2,4,Guard(300),14042901,379.2048495399972,67.110782,0.41945097169758755
93,2,2,4,Guard(600),14042901,194.4573522599971,176.741657,0.7434140798085015
93,2,2,4,Guard(1200),14042901,153.4378052199992,116.703004,0.8153437142989718
93,3,0,8,FCFS,14042901,61.899308309999974,0.0,0.0
93,3,0,8,SJF,14042901,26.036736159999997,96.31831299999999,1.0
93,3,0,8,SPJF-E,14042901,31.79481790999997,195.356098,0.8394403578773985
93,3,0,8,Guard(300),14042901,33.3289586599999,56.901702,0.7966620333449812
93,3,0,8,Guard(600),14042901,32.01621308999999,143.82201,0.8332669250551792
93,3,0,8,Guard(1200),14042901,31.954408859999845,98.975844,0.8349902880571869
93,3,1,5,FCFS,14042901,251.80733585,0.0,0.0
93,3,1,5,SJF,14042901,40.77973636999996,340.25965,1.0
93,3,1,5,SPJF-E,14042901,62.25779588999979,244.100616,0.8982215616681202
93,3,1,5,Guard(300),14042901,108.70663033999999,56.909352999999996,0.6781136963251211
93,3,1,5,Guard(600),14042901,77.39496217999961,174.181737,0.8264908196831864
93,3,1,5,Guard(1200),14042901,73.92680702999964,113.96748000000001,0.8429254242493472
93,3,2,4,FCFS,14042901,568.1563428299986,0.0,0.0
93,3,2,4,SJF,14042901,47.419913669999886,414.890585,1.0
93,3,2,4,SPJF-E,14042901,97.80078031999955,356.066877,0.9032507352495597
93,3,2,4,Guard(300),14042901,355.5646550499965,71.568067,0.4082519982766221
93,3,2,4,Guard(600),14042901,179.90358172999981,123.771105,0.7455840217022849
93,3,2,4,Guard(1200),14042901,142.1159122699992,118.302071,0.8181498483738623
93,4,0,8,FCFS,14042901,65.99337204999964,0.0,0.0
93,4,0,8,SJF,14042901,26.949951339999878,337.109277,1.0
93,4,0,8,SPJF-E,14042901,32.62811042999999,69.542592,0.8545680940157523
93,4,0,8,Guard(300),14042901,34.519363899999924,63.446302,0.8061283457660415
93,4,0,8,Guard(600),14042901,32.80274611999996,69.542592,0.8500952356743406
93,4,0,8,Guard(1200),14042901,32.93013863999996,66.200379,0.8468323934929082
93,4,1,5,FCFS,14042901,311.3436450699994,0.0,0.0
93,4,1,5,SJF,14042901,40.63019363,709.988609,1.0
93,4,1,5,SPJF-E,14042901,64.76070117999997,195.327877,0.9108632858040739
93,4,1,5,Guard(300),14042901,124.66838048999841,73.871968,0.6895677462166134
93,4,1,5,Guard(600),14042901,84.45725496999897,174.977447,0.8381053430966553
93,4,1,5,Guard(1200),14042901,78.92711895,114.89939100000001,0.8585333491324938
93,4,2,4,FCFS,14042901,688.3230936599998,0.0,0.0
93,4,2,4,SJF,14042901,47.690975269999804,621.827024,1.0
93,4,2,4,SPJF-E,14042901,102.05533566999966,355.706329,0.915139502314331
93,4,2,4,Guard(300),14042901,413.710469589998,58.793575,0.4286588452045498
93,4,2,4,Guard(600),14042901,203.699241,192.424382,0.7564776082066081
93,4,2,4,Guard(1200),14042901,151.33144065999957,119.10023,0.8382215589651312
94,0,0,8,FCFS,15887060,60.55866798999998,0.0,0.0
94,0,0,8,SJF,15887060,23.305827899999997,74.18568699999999,1.0
94,0,0,8,SPJF-E,15887060,29.412609,69.463056,0.8360720663110117
94,0,0,8,Guard(300),15887060,31.559953619999952,66.053443,0.7784296257665556
94,0,0,8,Guard(600),15887060,29.75720157,69.463056,0.8268219643277135
94,0,0,8,Guard(1200),15887060,29.47041809999995,69.463056,0.834520262479135
94,0,1,5,FCFS,15887060,282.74614464,0.0,0.0
94,0,1,5,SJF,15887060,41.00238109,70.323744,1.0
94,0,1,5,SPJF-E,15887060,58.317746439999965,308.989047,0.9283730628839217
94,0,1,5,Guard(300),15887060,136.41544196999996,114.239767,0.6053132478833705
94,0,1,5,Guard(600),15887060,77.22880749999993,261.159077,0.8501453527569194
94,0,1,5,Guard(1200),15887060,69.6716525599999,105.900441,0.8814063657775799
94,0,2,4,FCFS,15887060,582.3332022499995,0.0,0.0
94,0,2,4,SJF,15887060,49.59625,137.85160000000002,1.0
94,0,2,4,SPJF-E,15887060,98.9473739599997,375.416691,0.9073630545965196
94,0,2,4,Guard(300),15887060,460.43219297999985,103.31170900000001,0.22882026252384818
94,0,2,4,Guard(600),15887060,211.97021429999995,231.40888999999999,0.6952079940874796
94,0,2,4,Guard(1200),15887060,158.80980228999988,103.31170900000001,0.794995350277957
94,1,0,8,FCFS,15887060,59.585155239999914,0.0,0.0
94,1,0,8,SJF,15887060,24.295047789999995,166.13863,1.0
94,1,0,8,SPJF-E,15887060,30.95830083999997,77.149459,0.8111863768213039
94,1,0,8,Guard(300),15887060,33.525846259999994,77.149459,0.7384309899572147
94,1,0,8,Guard(600),15887060,31.176277619999983,77.149459,0.8050096662428834
94,1,0,8,Guard(1200),15887060,30.95654,77.149459,0.811236272957281
94,1,1,5,FCFS,15887060,273.13165519999995,0.0,0.0
94,1,1,5,SJF,15887060,42.68117267999998,184.185389,1.0
94,1,1,5,SPJF-E,15887060,61.92625588999986,327.585891,0.9164892908899435
94,1,1,5,Guard(300),15887060,132.8923775799997,111.133593,0.6085440832515046
94,1,1,5,Guard(600),15887060,81.24834745999989,317.56042099999996,0.8326444173244342
94,1,1,5,Guard(1200),15887060,74.75288351999998,256.894501,0.8608303593496853
94,1,2,4,FCFS,15887060,589.8484561999987,0.0,0.0
94,1,2,4,SJF,15887060,49.84138169999999,227.028454,1.0
94,1,2,4,SPJF-E,15887060,100.77076762999987,434.057007,0.9056875579321693
94,1,2,4,Guard(300),15887060,425.644735,104.834853,0.30407698149517315
94,1,2,4,Guard(600),15887060,212.24509947999965,284.89854599999995,0.6992563145022277
94,1,2,4,Guard(1200),15887060,165.01185683999992,104.834853,0.786724136444623
94,2,0,8,FCFS,15887060,58.42003046999981,0.0,0.0
94,2,0,8,SJF,15887060,23.465772509999987,78.38319,1.0
94,2,0,8,SPJF-E,15887060,29.89730404999999,103.298467,0.8160014855025681
94,2,0,8,Guard(300),15887060,32.54598794999981,73.679667,0.7402257701939821
94,2,0,8,Guard(600),15887060,30.175454779999985,103.298467,0.80804392192567
94,2,0,8,Guard(1200),15887060,29.953163,98.929473,0.8144034269752226
94,2,1,5,FCFS,15887060,275.8158664099999,0.0,0.0
94,2,1,5,SJF,15887060,42.58798595,157.776615,1.0
94,2,1,5,SPJF-E,15887060,60.87980398999998,295.38397499999996,0.921571048864644
94,2,1,5,Guard(300),15887060,136.85021518999974,113.551603,0.595836359469183
94,2,1,5,Guard(600),15887060,81.14478720999998,277.87208,0.8346818519983389
94,2,1,5,Guard(1200),15887060,72.69561823999996,104.40316200000001,0.8709089486616347
94,2,2,4,FCFS,15887060,567.0651365299999,0.0,0.0
94,2,2,4,SJF,15887060,49.722658869999954,401.736767,1.0
94,2,2,4,SPJF-E,15887060,100.60603165999987,455.65527099999997,0.9016447034851046
94,2,2,4,Guard(300),15887060,461.9441315699996,105.410662,0.2031942272273384
94,2,2,4,Guard(600),15887060,208.10497624999982,303.216497,0.6938540247141864
94,2,2,4,Guard(1200),15887060,163.4635056299999,111.546349,0.7801440019492252
94,3,0,8,FCFS,15887060,61.826069,0.0,0.0
94,3,0,8,SJF,15887060,24.57483526,331.33498599999996,1.0
94,3,0,8,SPJF-E,15887060,31.027699049999956,70.48104000000001,0.826774494637182
94,3,0,8,Guard(300),15887060,33.20359993999997,70.48104000000001,0.7683629825464147
94,3,0,8,Guard(600),15887060,31.177235509999985,70.48104000000001,0.8227602259811762
94,3,0,8,Guard(1200),15887060,31.196118979999998,70.48104000000001,0.8222533039787584
94,3,1,5,FCFS,15887060,271.87686014999997,0.0,0.0
94,3,1,5,SJF,15887060,41.78346194999999,196.973073,1.0
94,3,1,5,SPJF-E,15887060,60.181988059999995,407.056523,0.9200388787599731
94,3,1,5,Guard(300),15887060,127.77801160999996,107.45489,0.6262624206833937
94,3,1,5,Guard(600),15887060,80.01166936,261.414936,0.8338578694171331
94,3,1,5,Guard(1200),15887060,73.32175228999998,145.13105099999999,0.8629326587085019
94,3,2,4,FCFS,15887060,541.1473017099999,0.0,0.0
94,3,2,4,SJF,15887060,49.94093900999999,235.48665,1.0
94,3,2,4,SPJF-E,15887060,101.70492477999962,369.456059,0.8946186578580334
94,3,2,4,Guard(300),15887060,416.4619335499994,100.83634199999999,0.2538350022069054
94,3,2,4,Guard(600),15887060,200.26863499999973,171.705265,0.6939622378592617
94,3,2,4,Guard(1200),15887060,161.23291359999993,108.17086,0.7734313253226921
94,4,0,7,FCFS,15887060,84.23108628999991,0.0,0.0
94,4,0,7,SJF,15887060,29.032281769999994,100.932642,1.0
94,4,0,7,SPJF-E,15887060,37.356697,213.285499,0.8491921101844904
94,4,0,7,Guard(300),15887060,41.35205,145.633243,0.7768109592747386
94,4,0,7,Guard(600),15887060,38.00635324999998,213.285499,0.8374227203281467
94,4,0,7,Guard(1200),15887060,37.67500085999994,145.633243,0.843425611022636
94,4,1,5,FCFS,15887060,260.0250512099999,0.0,0.0
94,4,1,5,SJF,15887060,41.83599468999994,176.292863,1.0
94,4,1,5,SPJF-E,15887060,59.285426669999815,278.261026,0.9200260899501145
94,4,1,5,Guard(300),15887060,123.6676678299999,85.789307,0.624950607307388
94,4,1,5,Guard(600),15887060,77.24633058999983,195.83300400000002,0.8377080112780355
94,4,1,5,Guard(1200),15887060,68.88318838999999,144.823289,0.8760378080762231
94,4,2,4,FCFS,15887060,577.2229577199993,0.0,0.0
94,4,2,4,SJF,15887060,50.15258221,282.176216,1.0
94,4,2,4,SPJF-E,15887060,98.43388142999986,417.051814,0.9083968641316972
94,4,2,4,Guard(300),15887060,414.1655565099999,101.754145,0.3093655207850056
94,4,2,4,Guard(600),15887060,197.33794845999998,280.347994,0.7207481712331455
94,4,2,4,Guard(1200),15887060,150.12951758999995,209.359164,0.8103157756053712
95,0,0,9,FCFS,12655812,32.55145660000004,0.0,0.0
95,0,0,9,SJF,12655812,17.197586,76.036146,1.0
95,0,0,9,SPJF-E,12655812,22.793431000000034,210.126266,0.6355417375993765
95,0,0,9,Guard(300),12655812,23.53311860000002,73.821618,0.5873657682122185
95,0,0,9,Guard(600),12655812,22.843659800000015,158.336329,0.6322703279784055
95,0,0,9,Guard(1200),12655812,22.78513640000006,156.194947,0.636081966198149
95,0,1,6,FCFS,12655812,103.61099480000019,0.0,0.0
95,0,1,6,SJF,12655812,33.67643200000013,87.640925,1.0
95,0,1,6,SPJF-E,12655812,45.39213780000033,400.595712,0.8324761701377194
95,0,1,6,Guard(300),12655812,55.56264520000077,85.197625,0.6870472578402874
95,0,1,6,Guard(600),12655812,47.63466620000044,174.758422,0.8004100742015321
95,0,1,6,Guard(1200),12655812,47.06153280000004,110.703818,0.8086053552907906
95,0,2,5,FCFS,12655812,188.40514960000147,0.0,0.0
95,0,2,5,SJF,12655812,41.55376360000002,836.432099,1.0
95,0,2,5,SPJF-E,12655812,61.36109980000038,541.3731280000001,0.8651198552528462
95,0,2,5,Guard(300),12655812,98.27416880000008,99.817503,0.6137564190235187
95,0,2,5,Guard(600),12655812,72.13715200000011,169.66534099999998,0.7917391913481853
95,0,2,5,Guard(1200),12655812,69.21822140000003,98.281447,0.8116159571010128
95,1,0,7,FCFS,12655812,56.331349600000074,0.0,0.0
95,1,0,7,SJF,12655812,25.306719400000087,95.08206,1.0
95,1,0,7,SPJF-E,12655812,33.515082400000075,259.113477,0.7354243081356698
95,1,0,7,Guard(300),12655812,36.568732800000035,90.824022,0.6369976587182673
95,1,0,7,Guard(600),12655812,33.90843180000012,173.881021,0.7227456912604864
95,1,0,7,Guard(1200),12655812,33.794296,114.981795,0.7264245683096033
95,1,1,5,FCFS,12655812,161.70524440000048,0.0,0.0
95,1,1,5,SJF,12655812,41.11415760000013,944.618548,1.0
95,1,1,5,SPJF-E,12655812,59.25182780000043,496.376199,0.8495936086049085
95,1,1,5,Guard(300),12655812,85.2788420000007,124.288073,0.6337649359338849
95,1,1,5,Guard(600),12655812,65.29689380000009,168.483121,0.7994649783685348
95,1,1,5,Guard(1200),12655812,63.898984800000015,102.807416,0.8110571203509559
95,1,2,4,FCFS,12655812,344.93426280000097,0.0,0.0
95,1,2,4,SJF,12655812,50.65216640000014,1162.13208,1.0
95,1,2,4,SPJF-E,12655812,94.67823780000039,606.956244,0.8503950055454339
95,1,2,4,Guard(300),12655812,241.43452340000033,98.987302,0.35170246734724686
95,1,2,4,Guard(600),12655812,132.15571260000223,153.32186099999998,0.7230427973803103
95,1,2,4,Guard(1200),12655812,116.46537500000022,115.077588,0.7763601340173141
95,2,0,8,FCFS,12655812,38.91416760000001,0.0,0.0
95,2,0,8,SJF,12655812,18.397423800000062,98.31645400000001,1.0
95,2,0,8,SPJF-E,12655812,24.797156800000177,207.79427199999998,0.6880726755480502
95,2,0,8,Guard(300),12655812,25.928260000000176,66.48409500000001,0.6329419388665305
95,2,0,8,Guard(600),12655812,24.854040400000112,153.81828000000002,0.6853001303257457
95,2,0,8,Guard(1200),12655812,24.776675800000035,107.762632,0.6890709333710163
95,2,1,5,FCFS,12655812,186.81047120000272,0.0,0.0
95,2,1,5,SJF,12655812,41.05190260000003,341.137094,1.0
95,2,1,5,SPJF-E,12655812,60.90393260000007,502.52037,0.863801969306663
95,2,1,5,Guard(300),12655812,92.43472960000047,68.935269,0.6474798875048813
95,2,1,5,Guard(600),12655812,68.36319040000005,157.68861199999998,0.812626536729042
95,2,1,5,Guard(1200),12655812,67.37302340000038,110.462211,0.8194197359866234
95,2,2,4,FCFS,12655812,396.1350088000001,0.0,0.0
95,2,2,4,SJF,12655812,51.56574780000003,4606.866033,1.0
95,2,2,4,SPJF-E,12655812,98.7002584000007,630.51604,0.8632074420590854
95,2,2,4,Guard(300),12655812,290.14160660000135,86.770241,0.3076113112713172
95,2,2,4,Guard(600),12655812,148.31002020000125,159.90774100000002,0.7192312740862825
95,2,2,4,Guard(1200),12655812,130.60979020000025,97.503398,0.770600423930444
95,3,0,8,FCFS,12655812,41.64004400000002,0.0,0.0
95,3,0,8,SJF,12655812,20.43454460000007,56.961923999999996,1.0
95,3,0,8,SPJF-E,12655812,26.917873400000204,223.29374399999998,0.6942619139636886
95,3,0,8,Guard(300),12655812,28.265766600000156,62.844781000000005,0.6306985347395259
95,3,0,8,Guard(600),12655812,27.169370000000004,165.24862199999998,0.682401943337399
95,3,0,8,Guard(1200),12655812,27.06868260000017,123.734049,0.6871501172945677
95,3,1,5,FCFS,12655812,186.67881740000175,0.0,0.0
95,3,1,5,SJF,12655812,40.50461400000004,156.46519,1.0
95,3,1,5,SPJF-E,12655812,60.985274200000134,536.238787,0.8598886826565743
95,3,1,5,Guard(300),12655812,92.88707420000073,61.632982,0.6416436075477865
95,3,1,5,Guard(600),12655812,68.03176200000011,153.57120899999998,0.8116825858481145
95,3,1,5,Guard(1200),12655812,67.1895602000002,103.456496,0.8174442166995941
95,3,2,4,FCFS,12655812,397.23016940000065,0.0,0.0
95,3,2,4,SJF,12655812,52.11800340000008,988.5097099999999,1.0
95,3,2,4,SPJF-E,12655812,102.22950880000006,494.53638,0.85479646811408
95,3,2,4,Guard(300),12655812,294.5861620000074,113.896922,0.2974221644796871
95,3,2,4,Guard(600),12655812,150.54810440000085,156.841441,0.7147880871867015
95,3,2,4,Guard(1200),12655812,129.55033080000103,106.258652,0.7756314177576665
95,4,0,8,FCFS,12655812,39.347423000000006,0.0,0.0
95,4,0,8,SJF,12655812,19.496394200000275,55.36656,1.0
95,4,0,8,SPJF-E,12655812,25.659854000000337,417.742192,0.6895143389243309
95,4,0,8,Guard(300),12655812,26.900987400000282,69.96836900000001,0.6269919672878562
95,4,0,8,Guard(600),12655812,25.677057,180.58295999999999,0.6886477339653142
95,4,0,8,Guard(1200),12655812,25.62211080000021,417.742192,0.6914156610361666
95,4,1,5,FCFS,12655812,183.13694200000018,0.0,0.0
95,4,1,5,SJF,12655812,40.56596360000014,343.736681,1.0
95,4,1,5,SPJF-E,12655812,59.01177500000039,509.098133,0.8706201528038314
95,4,1,5,Guard(300),12655812,87.6252494000001,73.371494,0.669923806877656
95,4,1,5,Guard(600),12655812,67.65113240000011,162.611604,0.8100232662778727
95,4,1,5,Guard(1200),12655812,64.79975240000039,113.263977,0.8300229887459324
95,4,2,4,FCFS,12655812,406.76413960000014,0.0,0.0
95,4,2,4,SJF,12655812,50.80029060000036,2104.581708,1.0
95,4,2,4,SPJF-E,12655812,93.47739520000005,613.8704329999999,0.880108317965739
95,4,2,4,Guard(300),12655812,287.0624054000034,121.861972,0.33627497437245885
95,4,2,4,Guard(600),12655812,139.13289060000054,165.95286299999998,0.7518495199775181
95,4,2,4,Guard(1200),12655812,121.8202842000001,99.723856,0.8004853756933059
96,0,0,8,FCFS,11322354,36.665185069999865,0.0,0.0
96,0,0,8,SJF,11322354,11.884362,143.311657,1.0
96,0,0,8,SPJF-E,11322354,18.630057,198.244239,0.7277856760066026
96,0,0,8,Guard(300),11322354,19.99707056999962,64.428704,0.6726215046577279
96,0,0,8,Guard(600),11322354,18.67927525999998,154.783251,0.7257995329369817
96,0,0,8,Guard(1200),11322354,18.680015669999868,64.428704,0.7257696545912223
96,0,1,5,FCFS,11322354,213.2006861199991,0.0,0.0
96,0,1,5,SJF,11322354,32.718574489999845,189.10649,1.0
96,0,1,5,SPJF-E,11322354,46.78777081999971,339.35341,0.9220465884239947
96,0,1,5,Guard(300),11322354,93.10656661999998,90.674233,0.6654073271604907
96,0,1,5,Guard(600),11322354,57.0094717399995,163.688331,0.8654110535907422
96,0,1,5,Guard(1200),11322354,54.98281078999999,86.564434,0.8766402049548082
96,0,2,4,FCFS,11322354,492.5508299499983,0.0,0.0
96,0,2,4,SJF,11322354,42.609388649999964,179.07574100000002,1.0
96,0,2,4,SPJF-E,11322354,70.75772652999905,370.24310199999996,0.9374399970834623
96,0,2,4,Guard(300),11322354,350.99091530999675,63.348808999999996,0.3146185295379727
96,0,2,4,Guard(600),11322354,150.989729,166.251747,0.7591234538502145
96,0,2,4,Guard(1200),11322354,112.05231619999874,82.325346,0.8456622991886232
96,1,0,7,FCFS,11322354,58.989194289998736,0.0,0.0
96,1,0,7,SJF,11322354,17.357249,89.756423,1.0
96,1,0,7,SPJF-E,11322354,25.27505321999984,71.65293600000001,0.8098142144248556
96,1,0,7,Guard(300),11322354,28.79943711999978,71.65293600000001,0.7251584560775125
96,1,0,7,Guard(600),11322354,25.707221879999953,71.65293600000001,0.799433516213669
96,1,0,7,Guard(1200),11322354,25.51878943999965,71.416077,0.803959666473709
96,1,1,5,FCFS,11322354,209.9565494399998,0.0,0.0
96,1,1,5,SJF,11322354,33.682515389999956,237.320709,1.0
96,1,1,5,SPJF-E,11322354,46.678303449999525,320.864996,0.9262750856639876
96,1,1,5,Guard(300),11322354,87.1884781899994,109.548628,0.6964614607683934
96,1,1,5,Guard(600),11322354,56.45438466999935,162.787231,0.8708155208296863
96,1,1,5,Guard(1200),11322354,51.29880720999893,99.412893,0.9000630358581223
96,1,2,4,FCFS,11322354,475.9064874399996,0.0,0.0
96,1,2,4,SJF,11322354,42.206869179999856,336.158914,1.0
96,1,2,4,SPJF-E,11322354,68.09985382999974,422.90644599999996,0.9402974234704601
96,1,2,4,Guard(300),11322354,328.8432918799994,102.373586,0.3390899815637764
96,1,2,4,Guard(600),11322354,129.5233074799974,163.233647,0.7986707051984261
96,1,2,4,Guard(1200),11322354,102.2257267099995,91.83019399999999,0.861611919856432
96,2,0,8,FCFS,11322354,43.644726329999806,0.0,0.0
96,2,0,8,SJF,11322354,13.166058989999973,74.838243,1.0
96,2,0,8,SPJF-E,11322354,20.479862799999708,67.28592300000001,0.7600353149167652
96,2,0,8,Guard(300),11322354,22.645797389999817,67.23414000000001,0.6889713616986544
96,2,0,8,Guard(600),11322354,20.65280423999998,67.28592300000001,0.7543611350692327
96,2,0,8,Guard(1200),11322354,20.629439869999658,64.34951500000001,0.7551277161582182
96,2,1,5,FCFS,11322354,206.53460971999803,0.0,0.0
96,2,1,5,SJF,11322354,33.49638859999977,238.218909,1.0
96,2,1,5,SPJF-E,11322354,48.77560043999985,227.024981,0.9117003645720312
96,2,1,5,Guard(300),11322354,89.16990955999951,100.66436399999999,0.6782588228216275
96,2,1,5,Guard(600),11322354,58.367943709999906,166.012576,0.8562655409364601
96,2,1,5,Guard(1200),11322354,54.62329988999905,89.608959,0.8779060998590118
96,2,2,4,FCFS,11322354,467.91949900999896,0.0,0.0
96,2,2,4,SJF,11322354,43.5965655499998,315.738128,1.0
96,2,2,4,SPJF-E,11322354,74.53272802999915,414.899341,0.9270928812926967
96,2,2,4,Guard(300),11322354,338.9678679299999,63.985599,0.30389974453774204
96,2,2,4,Guard(600),11322354,140.68719354999848,163.998842,0.7711869419635048
96,2,2,4,Guard(1200),11322354,113.72897344999986,74.470148,0.8347192612755365
96,3,0,8,FCFS,11322354,37.786120189999885,0.0,0.0
96,3,0,8,SJF,11322354,12.258447,66.663944,1.0
96,3,0,8,SPJF-E,11322354,18.798156399999492,73.794554,0.7438188215853009
96,3,0,8,Guard(300),11322354,20.096955429999994,73.794554,0.6929407403620859
96,3,0,8,Guard(600),11322354,18.83194633999999,73.794554,0.7424951623646189
96,3,0,8,Guard(1200),11322354,19.019863,73.717638,0.735133870224855
96,3,1,5,FCFS,11322354,196.34493719999713,0.0,0.0
96,3,1,5,SJF,11322354,32.52849719999992,303.57012599999996,1.0
96,3,1,5,SPJF-E,11322354,46.26040344999968,365.702897,0.9161750417113204
96,3,1,5,Guard(300),11322354,84.04798300999934,86.072272,0.6855047893239512
96,3,1,5,Guard(600),11322354,54.972586089999815,154.119908,0.8629924512460393
96,3,1,5,Guard(1200),11322354,52.20982771999988,75.584401,0.8798574152874993
96,3,2,4,FCFS,11322354,475.96354841999147,0.0,0.0
96,3,2,4,SJF,11322354,42.41550637999991,360.185096,1.0
96,3,2,4,SPJF-E,11322354,68.98387017999991,2328.007982,0.9387187549619951
96,3,2,4,Guard(300),11322354,306.4040886799987,100.46411900000001,0.39109727942065564
96,3,2,4,Guard(600),11322354,134.94931500999874,207.60155600000002,0.7865661941532576
96,3,2,4,Guard(1200),11322354,105.4361474199992,100.37864,0.8546397747675998
96,4,0,8,FCFS,11322354,43.0404321,0.0,0.0
96,4,0,8,SJF,11322354,12.23302,89.76241200000001,1.0
96,4,0,8,SPJF-E,11322354,19.10736590999985,98.10827599999999,0.7768606500381818
96,4,0,8,Guard(300),11322354,21.021391739999835,98.10827599999999,0.7147319057026592
96,4,0,8,Guard(600),11322354,19.309262309999863,98.10827599999999,0.7703071492330944
96,4,0,8,Guard(1200),11322354,19.192095639999973,98.10827599999999,0.7741103466460926
96,4,1,5,FCFS,11322354,226.1833354399982,0.0,0.0
96,4,1,5,SJF,11322354,32.93639525999992,316.56905900000004,1.0
96,4,1,5,SPJF-E,11322354,48.1168505999998,393.872703,0.9214453003713272
96,4,1,5,Guard(300),11322354,105.84319600999784,93.633711,0.6227272696680761
96,4,1,5,Guard(600),11322354,59.99213061999988,170.82541600000002,0.8599939779910662
96,4,1,5,Guard(1200),11322354,54.49971422999952,94.34263,0.8884157288601071
96,4,2,4,FCFS,11322354,498.65779901999844,0.0,0.0
96,4,2,4,SJF,11322354,42.91047003999997,320.694383,1.0
96,4,2,4,SPJF-E,11322354,70.99991904999963,589.34318,0.9383661796266228
96,4,2,4,Guard(300),11322354,358.5941993399935,89.293916,0.30732730786043055
96,4,2,4,Guard(600),11322354,154.88821236999834,165.18722,0.7542986316988095
96,4,2,4,Guard(1200),11322354,118.64833221999902,86.18432399999999,0.8338161139649312
97,0,0,7,FCFS,14929460,76.22332228999912,0.0,0.0
97,0,0,7,SJF,14929460,24.747958629999832,99.10764499999999,1.0
97,0,0,7,SPJF-E,14929460,30.551199149999977,97.112451,0.887261786855335
97,0,0,7,Guard(300),14929460,36.29257029999996,94.986959,0.7757254956710239
97,0,0,7,Guard(600),14929460,32.58830655999979,97.112451,0.847687371734052
97,0,0,7,Guard(1200),14929460,31.133855159999833,91.78173299999999,0.8759426631314431
97,0,1,5,FCFS,14929460,229.33900251999913,0.0,0.0
97,0,1,5,SJF,14929460,36.46885084999987,89.065034,1.0
97,0,1,5,SPJF-E,14929460,51.38775527999996,215.430285,0.9226479354072044
97,0,1,5,Guard(300),14929460,98.84543145999976,115.168303,0.6765876934823685
97,0,1,5,Guard(600),14929460,66.92800896999987,167.50261500000002,0.8420742771431238
97,0,1,5,Guard(1200),14929460,58.852698569999916,86.828039,0.8839434327904777
97,0,2,4,FCFS,14929460,463.06258749999785,0.0,0.0
97,0,2,4,SJF,14929460,43.117517699999965,230.217701,1.0
97,0,2,4,SPJF-E,14929460,80.3585548199998,278.139793,0.9113192657846032
97,0,2,4,Guard(300),14929460,240.78538647999972,115.9204,0.5293006562164413
97,0,2,4,Guard(600),14929460,143.99316312999923,209.379019,0.7597884754831338
97,0,2,4,Guard(1200),14929460,112.63445976999776,101.463412,0.8344618211541195
97,1,0,8,FCFS,14929460,51.381397,0.0,0.0
97,1,0,8,SJF,14929460,20.47607350999998,97.603032,1.0
97,1,0,8,SPJF-E,14929460,24.92848,93.91627,0.8559339949494242
97,1,0,8,Guard(300),14929460,27.752135,74.299069,0.7645693146569289
97,1,0,8,Guard(600),14929460,25.92110461999997,93.91627,0.8238157542094058
97,1,0,8,Guard(1200),14929460,24.73363514999971,71.361577,0.8622385673659964
97,1,1,5,FCFS,14929460,233.42784326999956,0.0,0.0
97,1,1,5,SJF,14929460,35.78035435999997,794.300144,1.0
97,1,1,5,SPJF-E,14929460,50.35986043,110.05992400000001,0.9262348024232226
97,1,1,5,Guard(300),14929460,98.46710229999921,89.616209,0.6828355964160812
97,1,1,5,Guard(600),14929460,66.87882256999987,110.05992400000001,0.8426569020355181
97,1,1,5,Guard(1200),14929460,57.197863149999904,99.791842,0.8916378401359171
97,1,2,4,FCFS,14929460,481.8184120999971,0.0,0.0
97,1,2,4,SJF,14929460,43.14980843999991,134.399357,1.0
97,1,2,4,SPJF-E,14929460,80.29703253999978,250.613909,0.9153182521154581
97,1,2,4,Guard(300),14929460,259.5974281199978,124.290298,0.5065805533514728
97,1,2,4,Guard(600),14929460,147.06281261999916,250.167872,0.7631172978576328
97,1,2,4,Guard(1200),14929460,112.3845348499998,101.842695,0.8421707734897247
97,2,0,8,FCFS,14929460,56.43661397999951,0.0,0.0
97,2,0,8,SJF,14929460,20.14814272,95.27979699999999,1.0
97,2,0,8,SPJF-E,14929460,24.376717479999975,79.16568000000001,0.8834733287687128
97,2,0,8,Guard(300),14929460,27.426924409999934,78.99252299999999,0.7994188942860406
97,2,0,8,Guard(600),14929460,25.259605579999917,79.16568000000001,0.8591436155197244
97,2,0,8,Guard(1200),14929460,24.74622025999973,79.163281,0.8732909549411589
97,2,1,5,FCFS,14929460,276.0412796799988,0.0,0.0
97,2,1,5,SJF,14929460,36.96407380999981,155.639566,1.0
97,2,1,5,SPJF-E,14929460,54.47445561999994,244.59858200000002,0.9267584638766374
97,2,1,5,Guard(300),14929460,110.01859112999998,79.044264,0.6944312735538477
97,2,1,5,Guard(600),14929460,74.53768413999968,170.322838,0.8428390101295105
97,2,1,5,Guard(1200),14929460,62.68976319999981,82.336103,0.8923958923796832
97,2,2,4,FCFS,14929460,528.7710081399995,0.0,0.0
97,2,2,4,SJF,14929460,44.81568412999989,102.449158,1.0
97,2,2,4,SPJF-E,14929460,87.87955421999982,201.94935999999998,0.911016848139664
97,2,2,4,Guard(300),14929460,291.2677422799995,81.105334,0.4907545264551995
97,2,2,4,Guard(600),14929460,161.08419090999698,151.895368,0.7597536363137628
97,2,2,4,Guard(1200),14929460,124.86384456999848,101.769891,0.8345959710149927
97,3,0,8,FCFS,14929460,47.20666144999982,0.0,0.0
97,3,0,8,SJF,14929460,18.386167379999915,126.17833499999999,1.0
97,3,0,8,SPJF-E,14929460,22.51383601999997,80.212295,0.8567800874622525
97,3,0,8,Guard(300),14929460,25.09806143999991,63.832449000000004,0.7671138446239684
97,3,0,8,Guard(600),14929460,23.257608289999972,80.212295,0.830973025716763
97,3,0,8,Guard(1200),14929460,22.48034722999987,63.832449000000004,0.8579420658072026
97,3,1,5,FCFS,14929460,217.1451551799996,0.0,0.0
97,3,1,5,SJF,14929460,35.85198592999981,101.63465099999999,1.0
97,3,1,5,SPJF-E,14929460,49.534029,200.98535600000002,0.9245308407007166
97,3,1,5,Guard(300),14929460,91.70058269999888,86.819357,0.6919431824097855
97,3,1,5,Guard(600),14929460,64.45369399999997,137.820751,0.8422350484117858
97,3,1,5,Guard(1200),14929460,56.15355191999994,86.756925,0.8880180313798548
97,3,2,4,FCFS,14929460,444.7823244399978,0.0,0.0
97,3,2,4,SJF,14929460,42.236897719999924,1400.228099,1.0
97,3,2,4,SPJF-E,14929460,77.07754616999941,267.862391,0.913449150984309
97,3,2,4,Guard(300),14929460,229.56317200999962,114.72114699999999,0.5346456279074812
97,3,2,4,Guard(600),14929460,142.8737808999991,172.31453,0.7499986920730811
97,3,2,4,Guard(1200),14929460,106.10112058999962,99.439801,0.841349028877622
97,4,0,7,FCFS,14929460,79.00601004999945,0.0,0.0
97,4,0,7,SJF,14929460,24.740716,109.65585499999999,1.0
97,4,0,7,SPJF-E,14929460,30.487582919999987,225.75818,0.8940968252248871
97,4,0,7,Guard(300),14929460,36.33180973999988,75.421337,0.7863995037174224
97,4,0,7,Guard(600),14929460,32.602848,167.336321,0.8551167530253144
97,4,0,7,Guard(1200),14929460,30.815712839999975,77.882948,0.8880500521308787
97,4,1,5,FCFS,14929460,225.25315466999757,0.0,0.0
97,4,1,5,SJF,14929460,36.24167753,774.760298,1.0
97,4,1,5,SPJF-E,14929460,50.905850269999966,233.00983,0.9224164957499461
97,4,1,5,Guard(300),14929460,97.04470707999901,131.19922,0.6783103837394846
97,4,1,5,Guard(600),14929460,66.75848151,144.25477,0.8385452331162053
97,4,1,5,Guard(1200),14929460,58.43421467999982,100.044933,0.8825862985369815
97,4,2,4,FCFS,14929460,446.9864304799999,0.0,0.0
97,4,2,4,SJF,14929460,44.1237013799999,205.582553,1.0
97,4,2,4,SPJF-E,14929460,80.5223472599995,537.801947,0.9096500042053665
97,4,2,4,Guard(300),14929460,231.79766763999942,98.967379,0.5341490966928976
97,4,2,4,Guard(600),14929460,140.10339847999956,234.54401,0.7617558285562445
97,4,2,4,Guard(1200),14929460,108.9373015999988,100.975356,0.8391174076470334
98,0,0,7,FCFS,15966201,178.0005719999998,0.0,0.0
98,0,0,7,SJF,15966201,36.31525429999948,102.120801,1.0
98,0,0,7,SPJF-E,15966201,49.1823241499999,401.570633,0.9091855807018431
98,0,0,7,Guard(300),15966201,88.2408553499994,62.024234,0.6335145949282802
98,0,0,7,Guard(600),15966201,51.96615219999994,146.252559,0.8895376165006798
98,0,0,7,Guard(1200),15966201,49.69017404999997,73.351189,0.9056012297737153
98,0,1,5,FCFS,15966201,342.41119244999936,0.0,0.0
98,0,1,5,SJF,15966201,51.44437339999985,254.012741,1.0
98,0,1,5,SPJF-E,15966201,105.71528069999879,537.195625,0.8134807691227738
98,0,1,5,Guard(300),15966201,315.0408594999959,97.557702,0.09406685284379504
98,0,1,5,Guard(600),15966201,126.36938599999856,236.457942,0.7424963683329004
98,0,1,5,Guard(1200),15966201,117.6611800999998,101.065833,0.7724248870843885
98,0,2,4,FCFS,15966201,547.434152,0.0,0.0
98,0,2,4,SJF,15966201,66.17524879999962,179.86286,1.0
98,0,2,4,SPJF-E,15966201,196.3232820999993,295.336179,0.7295675312506104
98,0,2,4,Guard(300),15966201,511.04821459999937,83.18712599999999,0.07560574393130653
98,0,2,4,Guard(600),15966201,262.1910202999978,199.847571,0.5927020358550367
98,0,2,4,Guard(1200),15966201,231.38923239999946,100.361292,0.6567045669151171
98,1,0,9,FCFS,15966201,116.18324484999964,0.0,0.0
98,1,0,9,SJF,15966201,27.086322149999848,151.378736,1.0
98,1,0,9,SPJF-E,15966201,35.829145,71.03103300000001,0.9018728976820187
98,1,0,9,Guard(300),15966201,47.666895649999994,64.742158,0.769009154566455
98,1,0,9,Guard(600),15966201,37.481599,71.03103300000001,0.8833261965174452
98,1,0,9,Guard(1200),15966201,36.04692339999958,64.838841,0.8994286112420383
98,1,1,5,FCFS,15966201,406.83418769999486,0.0,0.0
98,1,1,5,SJF,15966201,52.81083694999978,162.869655,1.0
98,1,1,5,SPJF-E,15966201,114.10001454999998,390.507383,0.8268781495057892
98,1,1,5,Guard(300),15966201,355.178880099999,82.950951,0.1459093234685356
98,1,1,5,Guard(600),15966201,148.99756519999653,138.746017,0.7283040001564132
98,1,1,5,Guard(1200),15966201,123.63221124999873,82.950951,0.7999528162479549
98,1,2,4,FCFS,15966201,623.609252299999,0.0,0.0
98,1,2,4,SJF,15966201,68.15204659999849,245.166363,1.0
98,1,2,4,SPJF-E,15966201,215.77160984999858,278.38526,0.7342377383259141
98,1,2,4,Guard(300),15966201,586.7884057499989,96.678788,0.06628925896027857
98,1,2,4,Guard(600),15966201,343.2138502499997,258.450912,0.5048010884954462
98,1,2,4,Guard(1200),15966201,252.21486734999806,100.664418,0.668628259997025
98,2,0,8,FCFS,15966201,146.8144418499997,0.0,0.0
98,2,0,8,SJF,15966201,31.72950499999985,47.905784999999995,1.0
98,2,0,8,SPJF-E,15966201,42.754432249999994,47.736887,0.904201822134465
98,2,0,8,Guard(300),15966201,65.0739924999966,47.736887,0.710261929904367
98,2,0,8,Guard(600),15966201,44.690126849999736,47.736887,0.88738211789704
98,2,0,8,Guard(1200),15966201,43.139815499999756,47.736887,0.9008531367152597
98,2,1,5,FCFS,15966201,392.0293196999982,0.0,0.0
98,2,1,5,SJF,15966201,52.83518924999991,95.460949,1.0
98,2,1,5,SPJF-E,15966201,122.41861954999999,395.512608,0.7948566202850095
98,2,1,5,Guard(300),15966201,345.96521279999155,142.475337,0.1358045519210337
98,2,1,5,Guard(600),15966201,154.47330349999726,171.884676,0.7003541478882397
98,2,1,5,Guard(1200),15966201,132.71117349999884,130.06747,0.7645124809676691
98,2,2,4,FCFS,15966201,607.6538292499982,0.0,0.0
98,2,2,4,SJF,15966201,68.85301769999998,177.549713,1.0
98,2,2,4,SPJF-E,15966201,221.30334319999514,721.779265,0.7170562437323863
98,2,2,4,Guard(300),15966201,550.0424210999996,102.30531599999999,0.10692524382853968
98,2,2,4,Guard(600),15966201,316.1831630499989,177.636291,0.540961817339342
98,2,2,4,Guard(1200),15966201,255.45290944998658,109.940403,0.6536755555115362
98,3,0,8,FCFS,15966201,144.20548504999954,0.0,0.0
98,3,0,8,SJF,15966201,31.104779499999815,154.777539,1.0
98,3,0,8,SPJF-E,15966201,42.05211584999972,69.977249,0.9032071789759056
98,3,0,8,Guard(300),15966201,61.814000449999,63.22308399999999,0.7284789621721395
98,3,0,8,Guard(600),15966201,43.282365,69.977249,0.8923297123498782
98,3,0,8,Guard(1200),15966201,42.34101724999997,63.22308399999999,0.9006528058745591
98,3,1,5,FCFS,15966201,371.18247164999957,0.0,0.0
98,3,1,5,SJF,15966201,51.25035914999996,115.884674,1.0
98,3,1,5,SPJF-E,15966201,110.48410809999966,414.108939,0.8148552563631768
98,3,1,5,Guard(300),15966201,323.173940949997,132.900858,0.15005849311235556
98,3,1,5,Guard(600),15966201,138.49056979999943,181.483416,0.7273164923386689
98,3,1,5,Guard(1200),15966201,121.88033504999902,181.483416,0.7792344902545563
98,3,2,4,FCFS,15966201,591.4732985999976,0.0,0.0
98,3,2,4,SJF,15966201,66.51754479999994,242.415316,1.0
98,3,2,4,SPJF-E,15966201,211.98929474999886,527.3731760000001,0.722887597865206
98,3,2,4,Guard(300),15966201,543.3104865999969,97.683682,0.09174642177243421
98,3,2,4,Guard(600),15966201,306.0920750999995,208.864913,0.5436290990892259
98,3,2,4,Guard(1200),15966201,238.55144424999958,139.83831800000002,0.6722887629963141
98,4,0,7,FCFS,15966201,199.8404350499996,0.0,0.0
98,4,0,7,SJF,15966201,36.71083644999983,158.272459,1.0
98,4,0,7,SPJF-E,15966201,51.11384189999983,124.473946,0.9117082027197483
98,4,0,7,Guard(300),15966201,108.99125844999826,75.39619,0.5569141184658163
98,4,0,7,Guard(600),15966201,54.12735224999991,124.473946,0.8932350968219687
98,4,0,7,Guard(1200),15966201,51.53617959999984,124.473946,0.9091192323328622
98,4,1,5,FCFS,15966201,379.47359509999933,0.0,0.0
98,4,1,5,SJF,15966201,52.13641359999989,180.262527,1.0
98,4,1,5,SPJF-E,15966201,116.60007084999923,399.53900699999997,0.8030664987258729
98,4,1,5,Guard(300),15966201,326.2110508499965,81.04129999999999,0.16271461740438703
98,4,1,5,Guard(600),15966201,143.02475649999997,135.809911,0.7223403021816506
98,4,1,5,Guard(1200),15966201,128.20127849999727,119.63809499999999,0.7676253441438107
98,4,2,4,FCFS,15966201,571.3396575499982,0.0,0.0
98,4,2,4,SJF,15966201,66.82178154999981,119.805859,1.0
98,4,2,4,SPJF-E,15966201,213.82357749999446,784.146346,0.708629162725653
98,4,2,4,Guard(300),15966201,537.0114383999988,100.524629,0.06804163099663772
98,4,2,4,Guard(600),15966201,292.84730624999145,264.183806,0.551996994651598
98,4,2,4,Guard(1200),15966201,239.68728934999945,123.463532,0.6573649497406506
99,0,0,7,FCFS,15236235,88.12765752000024,0.0,0.0
99,0,0,7,SJF,15236235,28.143611030000073,442.872689,1.0
99,0,0,7,SPJF-E,15236235,35.90275567000031,361.843399,0.8706465286350138
99,0,0,7,Guard(300),15236235,40.999992,140.432806,0.78566999523543
99,0,0,7,Guard(600),15236235,37.06307658000005,320.49483,0.8513027034365391
99,0,0,7,Guard(1200),15236235,36.744811250000005,133.452428,0.8566085363808555
99,0,1,5,FCFS,15236235,231.2696845100015,0.0,0.0
99,0,1,5,SJF,15236235,41.78924079000012,1193.485546,1.0
99,0,1,5,SPJF-E,15236235,59.793660500000115,432.24922599999996,0.9049800636069575
99,0,1,5,Guard(300),15236235,108.91069793000008,95.937749,0.6457605026554268
99,0,1,5,Guard(600),15236235,71.4409629900005,226.268181,0.84351038229667
99,0,1,5,Guard(1200),15236235,67.72805867000017,106.152997,0.8631055671458617
99,0,2,4,FCFS,15236235,465.99202955000084,0.0,0.0
99,0,2,4,SJF,15236235,50.77309195000003,785.4586330000001,1.0
99,0,2,4,SPJF-E,15236235,97.52339173000037,628.031872,0.8874080742795094
99,0,2,4,Guard(300),15236235,352.62148438000287,111.864781,0.27303799249930394
99,0,2,4,Guard(600),15236235,172.16451196000014,219.289103,0.7076447892486495
99,0,2,4,Guard(1200),15236235,146.2167983000002,101.064983,0.7701364323562105
99,1,0,8,FCFS,15236235,55.55044265000002,0.0,0.0
99,1,0,8,SJF,15236235,20.579718000000074,203.882914,1.0
99,1,0,8,SPJF-E,15236235,27.408118500000022,183.181455,0.8047395194597444
99,1,0,8,Guard(300),15236235,29.979469220000098,89.07316700000001,0.7312108538191232
99,1,0,8,Guard(600),15236235,28.020770860000034,149.430908,0.7872205127439367
99,1,0,8,Guard(1200),15236235,28.127207880000128,105.472238,0.7841769092422833
99,1,1,5,FCFS,15236235,216.71418700000027,0.0,0.0
99,1,1,5,SJF,15236235,40.47283597000005,954.910736,1.0
99,1,1,5,SPJF-E,15236235,57.288704940000244,494.501368,0.9045861321890473
99,1,1,5,Guard(300),15236235,96.72739959000036,77.922476,0.680809507580179
99,1,1,5,Guard(600),15236235,68.87623916000014,167.729253,0.8388380307799321
99,1,1,5,Guard(1200),15236235,65.4497568800002,125.986868,0.8582800190532556
99,1,2,4,FCFS,15236235,413.09786308000173,0.0,0.0
99,1,2,4,SJF,15236235,49.96295095000007,958.284059,1.0
99,1,2,4,SPJF-E,15236235,92.57871325000022,491.285994,0.8826448218651481
99,1,2,4,Guard(300),15236235,291.82821356000215,83.284912,0.33395205327045296
99,1,2,4,Guard(600),15236235,159.4558042700022,159.136943,0.6984788582354651
99,1,2,4,Guard(1200),15236235,135.65239325000064,92.245294,0.7640286311294577
99,2,0,8,FCFS,15236235,55.59921226000021,0.0,0.0
99,2,0,8,SJF,15236235,21.365940670000025,471.006701,1.0
99,2,0,8,SPJF-E,15236235,28.594986850000026,204.933155,0.7888298183539177
99,2,0,8,Guard(300),15236235,30.92724297000018,81.50029,0.7207014738610875
99,2,0,8,Guard(600),15236235,28.85488343000006,148.72151399999998,0.781237888984364
99,2,0,8,Guard(1200),15236235,29.13366481000005,149.555103,0.7730943091553937
99,2,1,5,FCFS,15236235,218.94494581,0.0,0.0
99,2,1,5,SJF,15236235,42.25788542000001,929.609454,1.0
99,2,1,5,SPJF-E,15236235,60.810652510000004,493.063314,0.8949964584330702
99,2,1,5,Guard(300),15236235,104.72407404000043,106.53609,0.6464586117278804
99,2,1,5,Guard(600),15236235,72.41168549000022,247.783894,0.8293378134004722
99,2,1,5,Guard(1200),15236235,69.50682015000018,115.417167,0.8457785495448631
99,2,2,4,FCFS,15236235,435.02785023,0.0,0.0
99,2,2,4,SJF,15236235,51.83634914000017,1293.064182,1.0
99,2,2,4,SPJF-E,15236235,98.96586924000032,1578.420133,0.877007919105881
99,2,2,4,Guard(300),15236235,330.3712146700007,101.786163,0.2731183631742884
99,2,2,4,Guard(600),15236235,173.04683970000272,211.576512,0.6836816834005566
99,2,2,4,Guard(1200),15236235,144.39815287000005,112.089554,0.7584450504076812
99,3,0,8,FCFS,15236235,57.10639975000002,0.0,0.0
99,3,0,8,SJF,15236235,21.282174,96.20906500000001,1.0
99,3,0,8,SPJF-E,15236235,28.650138740000003,233.63681699999998,0.7943301052361195
99,3,0,8,Guard(300),15236235,31.66217032000011,81.54974,0.7102520402691437
99,3,0,8,Guard(600),15236235,28.989927370000128,154.307987,0.7848452211140914
99,3,0,8,Guard(1200),15236235,29.337965790000062,117.32009099999999,0.7751300517639224
99,3,1,5,FCFS,15236235,235.12470882000028,0.0,0.0
99,3,1,5,SJF,15236235,41.932240220000004,1555.4296660000002,1.0
99,3,1,5,SPJF-E,15236235,62.12942182000005,466.520671,0.8954556471773352
99,3,1,5,Guard(300),15236235,114.80581248000033,88.141743,0.6227928925589586
99,3,1,5,Guard(600),15236235,74.77603724000008,156.961792,0.8299944233954469
99,3,1,5,Guard(1200),15236235,71.43549852000017,136.98693400000002,0.8472856705346737
99,3,2,4,FCFS,15236235,498.8581015200001,0.0,0.0
99,3,2,4,SJF,15236235,51.928707020000125,3240.8458689999998,1.0
99,3,2,4,SPJF-E,15236235,105.90987130000035,739.361541,0.8792176908829382
99,3,2,4,Guard(300),15236235,424.4192979700002,150.244157,0.16655607007741785
99,3,2,4,Guard(600),15236235,198.8649749100003,236.551469,0.6712315866930515
99,3,2,4,Guard(1200),15236235,158.7422415400004,109.080654,0.7610057968116029
99,4,0,8,FCFS,15236235,52.67391066000011,0.0,0.0
99,4,0,8,SJF,15236235,20.66332593000001,436.136816,1.0
99,4,0,8,SPJF-E,15236235,27.19933229000001,273.452239,0.7958173393229364
99,4,0,8,Guard(300),15236235,28.956236520000026,138.26842,0.7409322366352165
99,4,0,8,Guard(600),15236235,27.399181560000077,273.452239,0.7895741147243939
99,4,0,8,Guard(1200),15236235,27.644189,109.662318,0.781920163943223
99,4,1,5,FCFS,15236235,226.09244782000022,0.0,0.0
99,4,1,5,SJF,15236235,41.56237092000002,1014.6504170000001,1.0
99,4,1,5,SPJF-E,15236235,58.029119,387.587257,0.9107638800317436
99,4,1,5,Guard(300),15236235,95.97043359000044,112.525954,0.7051534168086591
99,4,1,5,Guard(600),15236235,68.5770831800006,334.850061,0.8536026608028767
99,4,1,5,Guard(1200),15236235,63.54474923000026,157.592186,0.8808737378789863
99,4,2,4,FCFS,15236235,461.0499488500013,0.0,0.0
99,4,2,4,SJF,15236235,50.93278662000007,1195.050848,1.0
99,4,2,4,SPJF-E,15236235,95.34060726000034,693.711859,0.8917191848335877
99,4,2,4,Guard(300),15236235,337.1462174500001,102.407903,0.3021178892545679
99,4,2,4,Guard(600),15236235,162.7603218000007,206.709845,0.7273278334124293
99,4,2,4,Guard(1200),15236235,139.51303061000038,98.43668000000001,0.784012345378702
