pool,hour,log_day,recorded_utilisation,arrivals
all,0,0.0,0.00040873015873015874,17
all,1,0.041666666666666664,0.00013690476190476189,7
all,2,0.08333333333333333,0.0005456349206349206,17
all,3,0.125,0.0002797619047619048,14
all,4,0.16666666666666666,0.0002261904761904762,10
all,5,0.20833333333333334,0.00016468253968253969,7
all,6,0.25,0.003632936507936508,17
all,7,0.2916666666666667,0.014123015873015872,14
all,8,0.3333333333333333,0.011849206349206349,14
all,9,0.375,0.0010694444444444445,9
all,10,0.4166666666666667,0.00023214285714285714,11
all,11,0.4583333333333333,0.00023214285714285714,11
all,12,0.5,0.00038095238095238096,15
all,13,0.5416666666666666,0.00020238095238095236,12
all,14,0.5833333333333334,0.0005634920634920635,17
all,15,0.625,0.00015873015873015873,9
all,16,0.6666666666666666,0.0003928571428571429,16
all,17,0.7083333333333334,0.0005535714285714286,23
all,18,0.75,0.0003313492063492064,14
all,19,0.7916666666666666,0.00016666666666666666,9
all,20,0.8333333333333334,0.00024206349206349207,11
all,21,0.875,0.00025396825396825396,13
all,22,0.9166666666666666,0.00023015873015873016,11
all,23,0.9583333333333334,0.00016468253968253969,7
all,24,1.0,0.00035515873015873014,15
all,25,1.0416666666666667,0.00016468253968253969,9
all,26,1.0833333333333333,0.00015873015873015873,6
all,27,1.125,0.00019642857142857144,12
all,28,1.1666666666666667,0.0004662698412698413,18
all,29,1.2083333333333333,0.00017063492063492064,6
all,30,1.25,0.0026726190476190474,13
all,31,1.2916666666666667,0.0013869047619047617,16
all,32,1.3333333333333333,0.00032936507936507937,13
all,33,1.375,0.00019246031746031746,10
all,34,1.4166666666666667,0.00034325396825396823,13
all,35,1.4583333333333333,0.00017857142857142857,11
all,36,1.5,0.00018650793650793653,9
all,37,1.5416666666666667,0.000125,8
all,38,1.5833333333333333,0.00024603174603174605,10
all,39,1.625,0.00010317460317460317,7
all,40,1.6666666666666667,0.00020436507936507937,9
all,41,1.7083333333333333,0.00014484126984126984,9
all,42,1.75,0.00030952380952380956,10
all,43,1.7916666666666667,9.126984126984128e-05,5
all,44,1.8333333333333333,9.126984126984128e-05,5
all,45,1.875,0.0001111111111111111,9
all,46,1.9166666666666667,0.00010912698412698413,6
all,47,1.9583333333333333,0.00012896825396825395,7
all,48,2.0,0.00023214285714285714,8
all,49,2.0416666666666665,7.936507936507937e-05,5
all,50,2.0833333333333335,0.00026785714285714287,10
all,51,2.125,0.00014484126984126984,8
all,52,2.1666666666666665,0.00028769841269841274,11
all,53,2.2083333333333335,0.00014087301587301586,7
all,54,2.25,0.004117063492063491,18
all,55,2.2916666666666665,0.0030198412698412697,6
all,56,2.3333333333333335,0.00036706349206349205,13
all,57,2.375,0.00011507936507936508,6
all,58,2.4166666666666665,0.00010119047619047618,6
all,59,2.4583333333333335,5.1587301587301586e-05,3
all,60,2.5,0.0003650793650793651,16
all,61,2.5416666666666665,0.0003373015873015873,11
all,62,2.5833333333333335,0.00029365079365079364,11
all,63,2.625,0.00018849206349206348,14
all,64,2.6666666666666665,0.0003511904761904762,11
all,65,2.7083333333333335,7.936507936507937e-05,5
all,66,2.75,0.0001111111111111111,6
all,67,2.7916666666666665,0.00015674603174603173,9
all,68,2.8333333333333335,0.00040674603174603173,15
all,69,2.875,0.00010119047619047618,9
all,70,2.9166666666666665,0.00029563492063492064,11
all,71,2.9583333333333335,8.531746031746032e-05,6
all,72,3.0,0.0003015873015873016,11
all,73,3.0416666666666665,0.0001130952380952381,8
all,74,3.0833333333333335,0.00017261904761904762,7
all,75,3.125,0.00015674603174603173,8
all,76,3.1666666666666665,0.0003214285714285714,12
all,77,3.2083333333333335,0.00016468253968253969,8
all,78,3.25,0.0017261904761904762,10
all,79,3.2916666666666665,0.0002757936507936508,8
all,80,3.3333333333333335,0.00029563492063492064,10
all,81,3.375,0.0001388888888888889,8
all,82,3.4166666666666665,0.00010515873015873015,6
all,83,3.4583333333333335,9.722222222222222e-05,7
all,84,3.5,0.00034325396825396823,11
all,85,3.5416666666666665,8.730158730158731e-05,6
all,86,3.5833333333333335,0.0003611111111111111,12
all,87,3.625,0.00012698412698412698,9
all,88,3.6666666666666665,0.00020634920634920634,10
all,89,3.7083333333333335,0.00014087301587301586,7
all,90,3.75,0.0002698412698412698,10
all,91,3.7916666666666665,0.00018650793650793653,8
all,92,3.8333333333333335,0.00032936507936507937,12
all,93,3.875,0.001142857142857143,6
all,94,3.9166666666666665,0.00021428571428571427,10
all,95,3.9583333333333335,0.00010515873015873015,6
all,96,4.0,0.000125,6
all,97,4.041666666666667,7.936507936507937e-05,6
all,98,4.083333333333333,8.134920634920635e-05,6
all,99,4.125,0.00016865079365079364,8
all,100,4.166666666666667,0.0002718253968253968,12
all,101,4.208333333333333,0.00021428571428571427,8
all,102,4.25,0.0024305555555555556,12
all,103,4.291666666666667,0.0018650793650793651,7
all,104,4.333333333333333,0.0002400793650793651,9
all,105,4.375,0.000125,7
all,106,4.416666666666667,9.325396825396826e-05,5
all,107,4.458333333333333,0.001142857142857143,8
all,108,4.5,0.00016468253968253969,8
all,109,4.541666666666667,8.333333333333333e-05,5
all,110,4.583333333333333,0.0001626984126984127,8
all,111,4.625,0.00013095238095238096,9
all,112,4.666666666666667,8.333333333333333e-05,5
all,113,4.708333333333333,0.00015674603174603173,8
all,114,4.75,9.92063492063492e-05,6
all,115,4.791666666666667,0.0001388888888888889,7
all,116,4.833333333333333,9.126984126984128e-05,6
all,117,4.875,0.00013293650793650793,7
all,118,4.916666666666667,0.00011507936507936508,7
all,119,4.958333333333333,4.761904761904762e-05,3
all,120,5.0,0.00010317460317460317,6
all,121,5.041666666666667,0.0002003968253968254,11
all,122,5.083333333333333,0.0001111111111111111,6
all,123,5.125,0.00013095238095238096,9
all,124,5.166666666666667,9.92063492063492e-05,6
all,125,5.208333333333333,0.00019047619047619048,8
all,126,5.25,0.0027202380952380954,9
all,127,5.291666666666667,0.002761904761904762,8
all,128,5.333333333333333,7.341269841269841e-05,5
all,129,5.375,7.738095238095239e-05,5
all,130,5.416666666666667,0.0005317460317460317,49
all,131,5.458333333333333,0.0002222222222222222,10
all,132,5.5,0.0007599206349206349,48
all,133,5.541666666666667,0.0002797619047619048,16
all,134,5.583333333333333,0.0002003968253968254,28
all,135,5.625,0.0001765873015873016,28
all,136,5.666666666666667,0.0001984126984126984,37
all,137,5.708333333333333,0.00013293650793650793,26
all,138,5.75,0.00012896825396825395,11
all,139,5.791666666666667,9.325396825396826e-05,18
all,140,5.833333333333333,9.325396825396826e-05,23
all,141,5.875,0.00015476190476190478,22
all,142,5.916666666666667,7.53968253968254e-05,18
all,143,5.958333333333333,7.53968253968254e-05,13
all,144,6.0,8.730158730158731e-05,17
all,145,6.041666666666667,7.142857142857143e-05,15
all,146,6.083333333333333,0.00013095238095238096,16
all,147,6.125,6.944444444444444e-05,14
all,148,6.166666666666667,5.357142857142857e-05,13
all,149,6.208333333333333,0.00010912698412698413,12
all,150,6.25,3.1746031746031745e-05,10
all,151,6.291666666666667,7.53968253968254e-05,10
all,152,6.333333333333333,0.0002380952380952381,31
all,153,6.375,0.0011051587301587303,53
all,154,6.416666666666667,0.00012103174603174604,20
all,155,6.458333333333333,0.0003531746031746032,26
all,156,6.5,0.0001626984126984127,28
all,157,6.541666666666667,0.002244047619047619,22
all,158,6.583333333333333,0.0028888888888888888,10
all,159,6.625,0.00020833333333333335,10
all,160,6.666666666666667,0.0005674603174603175,18
all,161,6.708333333333333,0.0012420634920634922,9
all,162,6.75,0.00025595238095238096,9
all,163,6.791666666666667,0.0001349206349206349,9
all,164,6.833333333333333,0.00018849206349206348,10
all,165,6.875,0.0002400793650793651,10
all,166,6.916666666666667,0.00023214285714285714,10
all,167,6.958333333333333,0.00019642857142857144,10
all,168,7.0,0.00025595238095238096,11
all,169,7.041666666666667,0.00030753968253968255,12
all,170,7.083333333333333,0.00025,11
all,171,7.125,0.0002599206349206349,11
all,172,7.166666666666667,0.00034523809523809523,13
all,173,7.208333333333333,0.00028571428571428574,12
all,174,7.25,0.0039484126984126984,14
all,175,7.291666666666667,0.007438492063492064,10
all,176,7.333333333333333,0.00048412698412698415,16
all,177,7.375,0.0002361111111111111,11
all,178,7.416666666666667,0.0002242063492063492,14
all,179,7.458333333333333,0.005242063492063492,103
all,180,7.5,0.1973373015873016,58
all,181,7.541666666666667,0.22859920634920633,14
all,182,7.583333333333333,0.22859325396825397,9
all,183,7.625,0.31022222222222223,32
all,184,7.666666666666667,0.32857142857142857,12
all,185,7.708333333333333,0.3295079365079365,11
all,186,7.75,0.3288154761904762,11
all,187,7.791666666666667,0.3288015873015873,11
all,188,7.833333333333333,0.3289722222222222,14
all,189,7.875,0.3249543650793651,11
all,190,7.916666666666667,0.3216825396825397,11
all,191,7.958333333333333,0.3217103174603174,11
all,192,8.0,0.32159126984126984,12
all,193,8.041666666666666,0.3145634920634921,10
all,194,8.083333333333334,0.28823611111111114,10
all,195,8.125,0.2135654761904762,10
all,196,8.166666666666666,0.1301765873015873,12
all,197,8.208333333333334,0.07034920634920634,12
all,198,8.25,0.032162698412698414,12
all,199,8.291666666666666,0.023847222222222225,10
all,200,8.333333333333334,0.015265873015873017,53
all,201,8.375,0.004843253968253968,107
all,202,8.416666666666666,0.0026666666666666666,94
all,203,8.458333333333334,0.030773809523809526,22
all,204,8.5,0.05446230158730159,0
all,205,8.541666666666666,0.06428571428571428,0
all,206,8.583333333333334,0.15866865079365078,49
all,207,8.625,0.2502162698412698,12
all,208,8.666666666666666,0.25020238095238095,8
all,209,8.708333333333334,0.2501488095238095,7
all,210,8.75,0.25025396825396823,10
all,211,8.791666666666666,0.23358730158730162,8
all,212,8.833333333333334,0.20311309523809526,12
all,213,8.875,0.1769563492063492,8
all,214,8.916666666666666,0.13780357142857144,8
all,215,8.958333333333334,0.08864880952380952,8
all,216,9.0,0.05266468253968254,9
all,217,9.041666666666666,0.03172023809523809,8
all,218,9.083333333333334,0.028833333333333336,11
all,219,9.125,0.02159920634920635,9
all,220,9.166666666666666,0.02173809523809524,11
all,221,9.208333333333334,0.02157936507936508,8
all,222,9.25,0.021742063492063493,11
all,223,9.291666666666666,0.021605158730158728,9
all,224,9.333333333333334,0.021765873015873016,12
all,225,9.375,0.02159920634920635,10
all,226,9.416666666666666,0.021759920634920635,16
all,227,9.458333333333334,0.02751984126984127,7
all,228,9.5,0.026160714285714287,15
all,229,9.541666666666666,0.016922619047619047,18
all,230,9.583333333333334,0.014577380952380953,13
all,231,9.625,0.014537698412698414,10
all,232,9.666666666666666,0.24340873015873019,111
all,233,9.708333333333334,0.402109126984127,110
all,234,9.75,0.4047976190476191,44
all,235,9.791666666666666,0.3795654761904762,23
all,236,9.833333333333334,0.32209920634920636,15
all,237,9.875,0.2264543650793651,10
all,238,9.916666666666666,0.13085119047619048,17
all,239,9.958333333333334,0.09103769841269842,11
all,240,10.0,0.0715515873015873,13
all,241,10.041666666666666,0.053757936507936505,10
all,242,10.083333333333334,0.0449781746031746,14
all,243,10.125,0.043025793650793655,10
all,244,10.166666666666666,0.0435515873015873,12
all,245,10.208333333333334,0.0431031746031746,11
all,246,10.25,0.04020238095238095,13
all,247,10.291666666666666,0.03467460317460318,10
all,248,10.333333333333334,0.023503968253968256,12
all,249,10.375,0.01696230158730159,13
all,250,10.416666666666666,0.014603174603174602,12
all,251,10.458333333333334,0.014511904761904762,11
all,252,10.5,0.014589285714285714,13
all,253,10.541666666666666,0.01452579365079365,10
all,254,10.583333333333334,0.014617063492063494,13
all,255,10.625,0.014527777777777778,10
all,256,10.666666666666666,0.014543650793650793,13
all,257,10.708333333333334,0.014583333333333332,10
all,258,10.75,0.014767857142857142,16
all,259,10.791666666666666,0.014555555555555556,10
all,260,10.833333333333334,0.014783730158730158,18
all,261,10.875,0.014567460317460318,11
all,262,10.916666666666666,0.015347222222222224,14
all,263,10.958333333333334,0.014517857142857145,9
all,264,11.0,0.014666666666666666,15
all,265,11.041666666666666,0.014470238095238095,10
all,266,11.083333333333334,0.014813492063492063,15
all,267,11.125,0.014498015873015874,10
all,268,11.166666666666666,0.01507936507936508,14
all,269,11.208333333333334,0.014547619047619047,11
all,270,11.25,0.018021825396825397,14
all,271,11.291666666666666,0.018083333333333333,10
all,272,11.333333333333334,0.014547619047619047,11
all,273,11.375,0.01450595238095238,10
all,274,11.416666666666666,0.014555555555555556,12
all,275,11.458333333333334,0.01446626984126984,10
all,276,11.5,0.012799603174603174,17
all,277,11.541666666666666,0.01453373015873016,11
all,278,11.583333333333334,0.014674603174603175,13
all,279,11.625,0.014470238095238095,10
all,280,11.666666666666666,0.01486309523809524,17
all,281,11.708333333333334,0.014492063492063492,10
all,282,11.75,0.014551587301587302,11
all,283,11.791666666666666,0.014541666666666666,10
all,284,11.833333333333334,0.014692460317460318,15
all,285,11.875,0.014488095238095237,10
all,286,11.916666666666666,0.014634920634920636,13
all,287,11.958333333333334,0.014488095238095237,10
all,288,12.0,0.010337301587301588,16
all,289,12.041666666666666,0.0003015873015873016,11
all,290,12.083333333333334,0.00031547619047619046,13
all,291,12.125,0.00024603174603174605,10
all,292,12.166666666666666,0.0005019841269841269,16
all,293,12.208333333333334,0.00026785714285714287,10
all,294,12.25,0.0032301587301587303,14
all,295,12.291666666666666,0.002912698412698413,10
all,296,12.333333333333334,0.0011944444444444444,26
all,297,12.375,0.03550595238095238,49
all,298,12.416666666666666,0.1443829365079365,47
all,299,12.458333333333334,0.1430873015873016,12
all,300,12.5,0.12034920634920636,23
all,301,12.541666666666666,0.11460119047619047,10
all,302,12.583333333333334,0.11587896825396825,22
all,303,12.625,0.11477380952380951,25
all,304,12.666666666666666,0.115375,31
all,305,12.708333333333334,0.10999404761904762,32
all,306,12.75,0.09499007936507936,19
all,307,12.791666666666666,0.09115277777777778,16
all,308,12.833333333333334,0.07986904761904762,18
all,309,12.875,0.0789563492063492,16
all,310,12.916666666666666,0.06902579365079364,18
all,311,12.958333333333334,0.060833333333333336,14
all,312,13.0,0.05299801587301587,20
all,313,13.041666666666666,0.0491468253968254,14
all,314,13.083333333333334,0.03585714285714285,20
all,315,13.125,0.016658730158730158,14
all,316,13.166666666666666,0.007716269841269841,17
all,317,13.208333333333334,0.007501984126984128,14
all,318,13.25,0.008160714285714287,20
all,319,13.291666666666666,0.00926388888888889,13
all,320,13.333333333333334,0.007799603174603174,21
all,321,13.375,0.007567460317460317,16
all,322,13.416666666666666,0.007619047619047619,17
all,323,13.458333333333334,0.001146825396825397,19
all,324,13.5,0.00048412698412698415,19
all,325,13.541666666666666,0.0005793650793650794,25
all,326,13.583333333333334,0.0008174603174603175,30
all,327,13.625,0.0006845238095238096,23
all,328,13.666666666666666,0.001503968253968254,40
all,329,13.708333333333334,0.17020634920634922,71
all,330,13.75,0.33272222222222225,20
all,331,13.791666666666666,0.3290297619047619,14
all,332,13.833333333333334,0.32925992063492066,19
all,333,13.875,0.3222003968253968,14
all,334,13.916666666666666,0.28914285714285715,15
all,335,13.958333333333334,0.24959325396825394,14
all,336,14.0,0.1876607142857143,16
all,337,14.041666666666666,0.14672619047619048,19
all,338,14.083333333333334,0.13384722222222223,25
all,339,14.125,0.10002380952380953,14
all,340,14.166666666666666,0.07776587301587301,22
all,341,14.208333333333334,0.06028968253968254,14
all,342,14.25,0.051261904761904765,18
all,343,14.291666666666666,0.05444047619047619,16
all,344,14.333333333333334,0.06478174603174604,17
all,345,14.375,0.04904563492063493,19
all,346,14.416666666666666,0.043386904761904765,16
all,347,14.458333333333334,0.043291666666666666,14
all,348,14.5,0.04184126984126984,19
all,349,14.541666666666666,0.03493452380952381,15
all,350,14.583333333333334,0.029269841269841272,22
all,351,14.625,0.021996031746031746,20
all,352,14.666666666666666,0.015714285714285715,21
all,353,14.708333333333334,0.002924603174603175,17
all,354,14.75,0.2872202380952381,74
all,355,14.791666666666666,0.3774126984126984,26
all,356,14.833333333333334,0.1912261904761905,21
all,357,14.875,0.08726388888888888,15
all,358,14.916666666666666,0.06822222222222223,19
all,359,14.958333333333334,0.059158730158730154,14
all,360,15.0,0.04867857142857143,17
all,361,15.041666666666666,0.029771825396825394,14
all,362,15.083333333333334,0.013805555555555555,16
all,363,15.125,0.0012857142857142856,14
all,364,15.166666666666666,0.0004662698412698413,17
all,365,15.208333333333334,0.0003829365079365079,14
all,366,15.25,0.0029424603174603176,18
all,367,15.291666666666666,0.0017738095238095236,13
all,368,15.333333333333334,0.0006547619047619047,19
all,369,15.375,0.05147420634920635,53
all,370,15.416666666666666,0.3892420634920635,164
all,371,15.458333333333334,0.3978551587301587,97
all,372,15.5,0.3841428571428572,141
all,373,15.541666666666666,0.39645833333333336,84
all,374,15.583333333333334,0.39426984126984127,144
all,375,15.625,0.3898611111111111,134
all,376,15.666666666666666,0.3847718253968254,59
all,377,15.708333333333334,0.3733611111111111,11
all,378,15.75,0.37207738095238096,28
all,379,15.791666666666666,0.37180753968253966,17
all,380,15.833333333333334,0.3648452380952381,17
all,381,15.875,0.3646210317460317,14
all,382,15.916666666666666,0.3667916666666667,21
all,383,15.958333333333334,0.3646547619047619,15
all,384,16.0,0.36476785714285714,18
all,385,16.041666666666668,0.36464880952380957,16
all,386,16.083333333333332,0.3647242063492064,16
all,387,16.125,0.36467261904761905,15
all,388,16.166666666666668,0.3646785714285714,17
all,389,16.208333333333332,0.3647638888888889,17
all,390,16.25,0.36726785714285715,17
all,391,16.291666666666668,0.36815674603174603,10
all,392,16.333333333333332,0.3592519841269841,0
all,393,16.375,0.3575099206349206,12
all,394,16.416666666666668,0.3473154761904762,22
all,395,16.458333333333332,0.3333551587301587,14
all,396,16.5,0.31310912698412696,17
all,397,16.541666666666668,0.29737896825396826,12
all,398,16.583333333333332,0.2786865079365079,9
all,399,16.625,0.2743531746031746,12
all,400,16.666666666666668,0.2647956349206349,52
all,401,16.708333333333332,0.25898611111111114,11
all,402,16.75,0.2549702380952381,16
all,403,16.791666666666668,0.24428968253968253,10
all,404,16.833333333333332,0.2404861111111111,14
all,405,16.875,0.2358968253968254,10
all,406,16.916666666666668,0.23606150793650796,13
all,407,16.958333333333332,0.23593650793650792,10
all,408,17.0,0.2355654761904762,12
all,409,17.041666666666668,0.22186904761904763,5
all,410,17.083333333333332,0.22142857142857142,0
all,411,17.125,0.22142857142857142,0
all,412,17.166666666666668,0.22142857142857142,0
all,413,17.208333333333332,0.21415674603174603,0
all,414,17.25,0.20714285714285716,0
all,415,17.291666666666668,0.1900436507936508,0
all,416,17.333333333333332,0.17857142857142858,0
all,417,17.375,0.17522222222222222,0
all,418,17.416666666666668,0.2037202380952381,15
all,419,17.458333333333332,0.2118313492063492,9
all,420,17.5,0.1945734126984127,11
all,421,17.541666666666668,0.18523809523809523,10
all,422,17.583333333333332,0.15287896825396827,15
all,423,17.625,0.14094246031746033,12
all,424,17.666666666666668,0.1359861111111111,16
all,425,17.708333333333332,0.1359484126984127,10
all,426,17.75,0.13834126984126985,13
all,427,17.791666666666668,0.13591666666666666,10
all,428,17.833333333333332,0.13768650793650794,12
all,429,17.875,0.12881349206349207,10
all,430,17.916666666666668,0.12929761904761905,20
all,431,17.958333333333332,0.12371428571428572,10
all,432,18.0,0.12176587301587301,12
all,433,18.041666666666668,0.11667261904761905,10
all,434,18.083333333333332,0.11461904761904762,12
all,435,18.125,0.1144563492063492,10
all,436,18.166666666666668,0.11468650793650793,12
all,437,18.208333333333332,0.11447222222222221,10
all,438,18.25,0.11853571428571427,17
all,439,18.291666666666668,0.12246825396825398,10
all,440,18.333333333333332,0.11889484126984128,13
all,441,18.375,0.11451190476190476,10
all,442,18.416666666666668,0.11464682539682539,12
all,443,18.458333333333332,0.11451785714285713,10
all,444,18.5,0.11493849206349208,20
all,445,18.541666666666668,0.11458928571428571,10
all,446,18.583333333333332,0.11457936507936507,12
all,447,18.625,0.11182738095238096,10
all,448,18.666666666666668,0.10769047619047618,17
all,449,18.708333333333332,0.1073392857142857,10
all,450,18.75,0.10750992063492064,12
all,451,18.791666666666668,0.10737698412698413,9
all,452,18.833333333333332,0.10751587301587301,14
all,453,18.875,0.10738095238095238,10
all,454,18.916666666666668,0.10540277777777778,14
all,455,18.958333333333332,0.08851785714285715,9
all,456,19.0,0.08623611111111111,17
all,457,19.041666666666668,0.08467460317460318,10
all,458,19.083333333333332,0.07911507936507936,18
all,459,19.125,0.0684186507936508,10
all,460,19.166666666666668,0.06012103174603175,12
all,461,19.208333333333332,0.05739087301587301,9
all,462,19.25,0.05679960317460317,16
all,463,19.291666666666668,0.05747023809523809,13
all,464,19.333333333333332,0.05726190476190477,14
all,465,19.375,0.052212301587301585,12
all,466,19.416666666666668,0.05037896825396826,14
all,467,19.458333333333332,0.05025198412698413,11
all,468,19.5,0.05056150793650793,16
all,469,19.541666666666668,0.05023214285714286,14
all,470,19.583333333333332,0.049259920634920636,23
all,471,19.625,0.04921626984126984,14
all,472,19.666666666666668,0.051111111111111114,26
all,473,19.708333333333332,0.05031349206349206,12
all,474,19.75,0.05135119047619048,16
all,475,19.791666666666668,0.05023015873015873,10
all,476,19.833333333333332,0.05046825396825397,15
all,477,19.875,0.050216269841269846,10
all,478,19.916666666666668,0.05049206349206349,16
all,479,19.958333333333332,0.050259920634920636,10
all,480,20.0,0.05036904761904762,13
all,481,20.041666666666668,0.05020436507936508,10
all,482,20.083333333333332,0.05055357142857143,16
all,483,20.125,0.050259920634920636,9
all,484,20.166666666666668,0.05032738095238095,12
all,485,20.208333333333332,0.05130357142857143,11
all,486,20.25,0.054313492063492064,15
all,487,20.291666666666668,0.05020238095238095,9
all,488,20.333333333333332,0.051275793650793655,14
all,489,20.375,0.19672222222222221,66
all,490,20.416666666666668,0.4003154761904762,40
all,491,20.458333333333332,0.400625,177
all,492,20.5,0.40016666666666667,151
all,493,20.541666666666668,0.37154365079365076,62
all,494,20.583333333333332,0.2395595238095238,14
all,495,20.625,0.08024007936507936,12
all,496,20.666666666666668,0.05782142857142858,21
all,497,20.708333333333332,0.0505,6
all,498,20.75,0.12422420634920636,57
all,499,20.791666666666668,0.38817261904761907,14
all,500,20.833333333333332,0.21712301587301588,10
all,501,20.875,0.05020039682539682,10
all,502,20.916666666666668,0.05028174603174603,11
all,503,20.958333333333332,0.05015674603174603,8
all,504,21.0,0.05047619047619047,15
all,505,21.041666666666668,0.05019047619047619,8
all,506,21.083333333333332,0.05034523809523809,12
all,507,21.125,0.05013293650793651,8
all,508,21.166666666666668,0.05036904761904762,11
all,509,21.208333333333332,0.05013888888888889,6
all,510,21.25,0.05167857142857143,16
all,511,21.291666666666668,0.050261904761904765,13
all,512,21.333333333333332,0.0502281746031746,12
all,513,21.375,0.050343253968253975,16
all,514,21.416666666666668,0.050388888888888886,15
all,515,21.458333333333332,0.04946230158730158,9
all,516,21.5,0.05041071428571429,22
all,517,21.541666666666668,0.07425198412698412,46
all,518,21.583333333333332,0.394609126984127,84
all,519,21.625,0.3926884920634921,24
all,520,21.666666666666668,0.3274047619047619,22
all,521,21.708333333333332,0.22160714285714284,16
all,522,21.75,0.14414484126984128,19
all,523,21.791666666666668,0.07498611111111111,22
all,524,21.833333333333332,0.059541666666666666,20
all,525,21.875,0.05023214285714286,16
all,526,21.916666666666668,0.05053373015873016,22
all,527,21.958333333333332,0.05025396825396825,16
all,528,22.0,0.05038095238095238,19
all,529,22.041666666666668,0.050248015873015875,16
all,530,22.083333333333332,0.056551587301587304,27
all,531,22.125,0.050248015873015875,16
all,532,22.166666666666668,0.051666666666666666,21
all,533,22.208333333333332,0.05036904761904762,16
all,534,22.25,0.06028769841269842,25
all,535,22.291666666666668,0.06667063492063492,21
all,536,22.333333333333332,0.277109126984127,57
all,537,22.375,0.28777182539682544,17
all,538,22.416666666666668,0.20038492063492064,23
all,539,22.458333333333332,0.15794246031746031,19
all,540,22.5,0.12191666666666666,26
all,541,22.541666666666668,0.09999404761904762,22
all,542,22.583333333333332,0.09320238095238095,18
all,543,22.625,0.08745039682539682,26
all,544,22.666666666666668,0.2480357142857143,58
all,545,22.708333333333332,0.3891428571428571,155
all,546,22.75,0.40201190476190474,187
all,547,22.791666666666668,0.40158531746031745,180
all,548,22.833333333333332,0.40360317460317463,163
all,549,22.875,0.40143055555555557,175
all,550,22.916666666666668,0.4015992063492063,161
all,551,22.958333333333332,0.39820634920634923,76
all,552,23.0,0.3806825396825397,26
all,553,23.041666666666668,0.33671626984126984,16
all,554,23.083333333333332,0.2815892857142857,25
all,555,23.125,0.2336150793650794,16
all,556,23.166666666666668,0.2122123015873016,21
all,557,23.208333333333332,0.2049325396825397,16
all,558,23.25,0.19498214285714285,24
all,559,23.291666666666668,0.16716468253968256,16
all,560,23.333333333333332,0.14684722222222224,26
all,561,23.375,0.1336468253968254,27
all,562,23.416666666666668,0.12928968253968254,21
all,563,23.458333333333332,0.10741071428571429,18
all,564,23.5,0.10232539682539682,22
all,565,23.541666666666668,0.07203373015873016,18
all,566,23.583333333333332,0.05181746031746032,25
all,567,23.625,0.07943055555555556,43
all,568,23.666666666666668,0.37374603174603177,191
all,569,23.708333333333332,0.40661507936507935,100
all,570,23.75,0.4145634920634921,34
all,571,23.791666666666668,0.4054265873015873,61
all,572,23.833333333333332,0.4080337301587302,67
all,573,23.875,0.40059126984126986,121
all,574,23.916666666666668,0.40116865079365077,160
all,575,23.958333333333332,0.4012361111111111,124
all,576,24.0,0.4014960317460317,173
all,577,24.041666666666668,0.4010972222222222,166
all,578,24.083333333333332,0.4060277777777778,162
all,579,24.125,0.4015813492063492,160
all,580,24.166666666666668,0.402297619047619,153
all,581,24.208333333333332,0.40199206349206346,159
all,582,24.25,0.4120972222222222,136
all,583,24.291666666666668,0.40497817460317465,131
all,584,24.333333333333332,0.39385515873015875,87
all,585,24.375,0.3692579365079365,26
all,586,24.416666666666668,0.3829722222222222,93
all,587,24.458333333333332,0.40085714285714286,125
all,588,24.5,0.40433134920634917,116
all,589,24.541666666666668,0.400125,94
all,590,24.583333333333332,0.4033531746031746,70
all,591,24.625,0.38596626984126986,42
all,592,24.666666666666668,0.36805158730158727,29
all,593,24.708333333333332,0.33724603174603174,20
all,594,24.75,0.30278571428571427,21
all,595,24.791666666666668,0.28668849206349206,21
all,596,24.833333333333332,0.26500793650793647,21
all,597,24.875,0.2500753968253968,20
all,598,24.916666666666668,0.24320833333333333,21
all,599,24.958333333333332,0.2184563492063492,22
all,600,25.0,0.20174801587301588,22
all,601,25.041666666666668,0.1932281746031746,22
all,602,25.083333333333332,0.19180357142857143,21
all,603,25.125,0.17156150793650793,20
all,604,25.166666666666668,0.16460912698412697,20
all,605,25.208333333333332,0.16470833333333332,20
all,606,25.25,0.16437896825396825,23
all,607,25.291666666666668,0.1588234126984127,23
all,608,25.333333333333332,0.15284126984126983,20
all,609,25.375,0.13768253968253968,23
all,610,25.416666666666668,0.13035714285714287,21
all,611,25.458333333333332,0.1249781746031746,20
all,612,25.5,0.12172420634920635,17
all,613,25.541666666666668,0.1142718253968254,24
all,614,25.583333333333332,0.10548412698412697,20
all,615,25.625,0.09319444444444444,22
all,616,25.666666666666668,0.09260119047619048,22
all,617,25.708333333333332,0.0931468253968254,20
all,618,25.75,0.093125,20
all,619,25.791666666666668,0.0923531746031746,20
all,620,25.833333333333332,0.08609126984126984,22
all,621,25.875,0.0854186507936508,21
all,622,25.916666666666668,0.08193650793650795,20
all,623,25.958333333333332,0.07891666666666668,20
all,624,26.0,0.07891865079365079,20
all,625,26.041666666666668,0.07891865079365079,21
all,626,26.083333333333332,0.07534126984126985,23
all,627,26.125,0.07178769841269841,20
all,628,26.166666666666668,0.07185912698412698,21
all,629,26.208333333333332,0.071875,22
all,630,26.25,0.08273809523809524,27
all,631,26.291666666666668,0.07476587301587302,24
all,632,26.333333333333332,0.07126587301587302,20
all,633,26.375,0.07026190476190476,25
all,634,26.416666666666668,0.07065873015873016,36
all,635,26.458333333333332,0.07135912698412698,31
all,636,26.5,0.0713531746031746,38
all,637,26.541666666666668,0.07144642857142856,33
all,638,26.583333333333332,0.07040079365079366,30
all,639,26.625,0.05726984126984126,30
all,640,26.666666666666668,0.01596031746031746,33
all,641,26.708333333333332,0.01913095238095238,25
all,642,26.75,0.014751984126984127,38
all,643,26.791666666666668,0.014716269841269843,36
all,644,26.833333333333332,0.01461904761904762,31
all,645,26.875,0.014567460317460318,27
all,646,26.916666666666668,0.014577380952380953,27
all,647,26.958333333333332,0.014718253968253969,33
all,648,27.0,0.015134920634920635,43
all,649,27.041666666666668,0.014740079365079366,34
all,650,27.083333333333332,0.014746031746031745,32
all,651,27.125,0.0149265873015873,46
all,652,27.166666666666668,0.015007936507936507,41
all,653,27.208333333333332,0.015075396825396825,40
all,654,27.25,0.0196765873015873,36
all,655,27.291666666666668,0.01792063492063492,31
all,656,27.333333333333332,0.014892857142857143,41
all,657,27.375,0.02740277777777778,13
all,658,27.416666666666668,0.02995634920634921,18
all,659,27.458333333333332,0.018142857142857145,14
all,660,27.5,0.018779761904761907,14
all,661,27.541666666666668,0.019509920634920637,11
all,662,27.583333333333332,0.02918452380952381,10
all,663,27.625,0.020192460317460317,13
all,664,27.666666666666668,0.016200396825396826,23
all,665,27.708333333333332,0.014416666666666668,8
all,666,27.75,0.014430555555555556,8
all,667,27.791666666666668,0.014416666666666668,8
all,668,27.833333333333332,0.014480158730158729,10
all,669,27.875,0.015305555555555557,9
all,670,27.916666666666668,0.014442460317460317,8
all,671,27.958333333333332,0.014432539682539684,8
all,672,28.0,0.014468253968253969,8
all,673,28.041666666666668,0.01445436507936508,8
all,674,28.083333333333332,0.014432539682539684,8
all,675,28.125,0.014448412698412698,9
all,676,28.166666666666668,0.014555555555555556,8
all,677,28.208333333333332,0.01461309523809524,12
all,678,28.25,0.01498611111111111,11
all,679,28.291666666666668,0.015779761904761904,10
all,680,28.333333333333332,0.016466269841269844,15
all,681,28.375,0.030192460317460316,70
all,682,28.416666666666668,0.006670634920634921,33
all,683,28.458333333333332,0.026853174603174605,88
all,684,28.5,0.0004702380952380952,12
all,685,28.541666666666668,0.0003234126984126984,13
all,686,28.583333333333332,0.0015357142857142857,21
all,687,28.625,0.00035515873015873014,13
all,688,28.666666666666668,0.213484126984127,149
all,689,28.708333333333332,0.38832738095238095,115
all,690,28.75,0.3621964285714286,27
all,691,28.791666666666668,0.3433373015873016,25
all,692,28.833333333333332,0.33395833333333336,25
all,693,28.875,0.28119841269841267,25
all,694,28.916666666666668,0.20883928571428573,24
all,695,28.958333333333332,0.17706944444444445,24
all,696,29.0,0.16448214285714285,22
all,697,29.041666666666668,0.13679761904761906,24
all,698,29.083333333333332,0.10894642857142857,24
all,699,29.125,0.09346626984126984,24
all,700,29.166666666666668,0.09026190476190477,25
all,701,29.208333333333332,0.08751388888888889,24
all,702,29.25,0.09189285714285715,29
all,703,29.291666666666668,0.09363293650793651,26
all,704,29.333333333333332,0.08358531746031746,23
all,705,29.375,0.10177579365079366,60
all,706,29.416666666666668,0.3388988095238095,34
all,707,29.458333333333332,0.3433710317460318,25
all,708,29.5,0.3432976190476191,26
all,709,29.541666666666668,0.3479404761904762,26
all,710,29.583333333333332,0.3362281746031746,23
all,711,29.625,0.3220793650793651,21
all,712,29.666666666666668,0.07117261904761905,25
all,713,29.708333333333332,0.0005238095238095238,27
all,714,29.75,0.0005337301587301587,28
all,715,29.791666666666668,0.0005932539682539682,28
all,716,29.833333333333332,0.0005476190476190475,29
all,717,29.875,0.001,28
all,718,29.916666666666668,0.0006408730158730158,28
all,719,29.958333333333332,0.0005535714285714286,28
all,720,30.0,0.0011011904761904763,31
all,721,30.041666666666668,0.0006150793650793651,27
all,722,30.083333333333332,0.0005654761904761905,27
all,723,30.125,0.0005555555555555556,28
all,724,30.166666666666668,0.0005277777777777778,22
all,725,30.208333333333332,0.00046031746031746033,20
all,726,30.25,0.0015198412698412698,25
all,727,30.291666666666668,0.0004761904761904762,21
all,728,30.333333333333332,0.0012539682539682538,22
all,729,30.375,0.09988690476190476,68
all,730,30.416666666666668,0.34854761904761905,44
all,731,30.458333333333332,0.3509305555555556,26
all,732,30.5,0.3516944444444444,23
all,733,30.541666666666668,0.3518452380952381,25
all,734,30.583333333333332,0.3430119047619048,26
all,735,30.625,0.33273214285714287,30
all,736,30.666666666666668,0.40137500000000004,156
all,737,30.708333333333332,0.40092857142857147,171
all,738,30.75,0.40088492063492065,182
all,739,30.791666666666668,0.4022103174603175,172
all,740,30.833333333333332,0.4012599206349206,161
all,741,30.875,0.4010416666666667,169
all,742,30.916666666666668,0.4035615079365079,155
all,743,30.958333333333332,0.40117460317460313,167
all,744,31.0,0.4025813492063492,169
all,745,31.041666666666668,0.40206547619047617,143
all,746,31.083333333333332,0.40103571428571433,181
all,747,31.125,0.40078968253968256,158
all,748,31.166666666666668,0.4036230158730159,158
all,749,31.208333333333332,0.40175,153
all,750,31.25,0.40530158730158733,160
all,751,31.291666666666668,0.401438492063492,155
all,752,31.333333333333332,0.4010436507936508,176
all,753,31.375,0.4017797619047619,172
all,754,31.416666666666668,0.40125198412698415,175
all,755,31.458333333333332,0.401202380952381,163
all,756,31.5,0.40086507936507937,146
all,757,31.541666666666668,0.4012599206349206,168
all,758,31.583333333333332,0.40213095238095237,185
all,759,31.625,0.40118650793650795,162
all,760,31.666666666666668,0.4035357142857143,179
all,761,31.708333333333332,0.4011468253968254,159
all,762,31.75,0.3918531746031746,64
all,763,31.791666666666668,0.3742202380952381,17
all,764,31.833333333333332,0.3865099206349206,158
all,765,31.875,0.4012599206349206,151
all,766,31.916666666666668,0.40340674603174603,176
all,767,31.958333333333332,0.40085515873015876,153
all,768,32.0,0.4029662698412698,160
all,769,32.041666666666664,0.40106547619047617,137
all,770,32.083333333333336,0.4021845238095238,156
all,771,32.125,0.40050992063492064,139
all,772,32.166666666666664,0.4041865079365079,145
all,773,32.208333333333336,0.40037698412698414,136
all,774,32.25,0.4050972222222222,129
all,775,32.291666666666664,0.4005972222222222,123
all,776,32.333333333333336,0.40181150793650794,84
all,777,32.375,0.3994642857142857,102
all,778,32.416666666666664,0.40159126984126986,95
all,779,32.458333333333336,0.3990059523809524,57
all,780,32.5,0.3942420634920635,22
all,781,32.541666666666664,0.3843234126984127,17
all,782,32.583333333333336,0.3658392857142857,19
all,783,32.625,0.36202182539682537,21
all,784,32.666666666666664,0.35343849206349204,37
all,785,32.708333333333336,0.349297619047619,18
all,786,32.75,0.3504285714285714,22
all,787,32.791666666666664,0.3402202380952381,16
all,788,32.833333333333336,0.3322579365079365,19
all,789,32.875,0.32859126984126985,15
all,790,32.916666666666664,0.3237837301587302,25
all,791,32.958333333333336,0.3899186507936508,51
all,792,33.0,0.40087698412698414,42
all,793,33.041666666666664,0.3989007936507937,47
all,794,33.083333333333336,0.4015138888888889,47
all,795,33.125,0.39942460317460315,38
all,796,33.166666666666664,0.39026984126984127,21
all,797,33.208333333333336,0.3707063492063492,16
all,798,33.25,0.36963690476190475,24
all,799,33.291666666666664,0.35193849206349204,8
all,800,33.333333333333336,0.3512142857142857,7
all,801,33.375,0.3513015873015873,1
all,802,33.416666666666664,0.3654880952380953,15
all,803,33.458333333333336,0.3500337301587301,1
all,804,33.5,0.36340873015873015,19
all,805,33.541666666666664,0.20259920634920633,20
all,806,33.583333333333336,0.029559523809523813,33
all,807,33.625,0.009345238095238096,13
all,808,33.666666666666664,0.32606944444444447,71
all,809,33.708333333333336,0.07303571428571429,16
all,810,33.75,0.012176587301587301,16
all,811,33.791666666666664,0.013170634920634921,33
all,812,33.833333333333336,0.35222619047619047,139
all,813,33.875,0.23405753968253967,84
all,814,33.916666666666664,0.20442063492063492,26
all,815,33.958333333333336,0.010067460317460317,12
all,816,34.0,0.011003968253968254,16
all,817,34.041666666666664,0.00732936507936508,13
all,818,34.083333333333336,0.0121984126984127,17
all,819,34.125,0.007353174603174603,14
all,820,34.166666666666664,0.012156746031746032,16
all,821,34.208333333333336,0.007458333333333333,12
all,822,34.25,0.020613095238095236,22
all,823,34.291666666666664,0.009180555555555555,9
all,824,34.333333333333336,0.013617063492063493,19
all,825,34.375,0.00863888888888889,17
all,826,34.416666666666664,0.04693253968253969,75
all,827,34.458333333333336,0.39365873015873015,128
all,828,34.5,0.38027777777777777,58
all,829,34.541666666666664,0.40931150793650795,178
all,830,34.583333333333336,0.40948015873015875,159
all,831,34.625,0.8885,438
all,832,34.666666666666664,0.9066190476190475,352
all,833,34.708333333333336,0.4289206349206349,163
all,834,34.75,0.40982341269841266,166
all,835,34.791666666666664,0.4075277777777778,146
all,836,34.833333333333336,0.47707936507936505,197
all,837,34.875,0.9521686507936508,317
all,838,34.916666666666664,0.6576428571428571,133
all,839,34.958333333333336,0.37473214285714285,28
all,840,35.0,0.336702380952381,25
all,841,35.041666666666664,0.2843531746031746,20
all,842,35.083333333333336,0.23418650793650794,28
all,843,35.125,0.18683333333333332,21
all,844,35.166666666666664,0.1358511904761905,30
all,845,35.208333333333336,0.07866865079365079,20
all,846,35.25,0.07518849206349205,29
all,847,35.291666666666664,0.03675992063492063,16
all,848,35.333333333333336,0.03483730158730159,24
all,849,35.375,0.022978174603174605,43
all,850,35.416666666666664,0.4019365079365079,73
all,851,35.458333333333336,0.41674007936507934,50
all,852,35.5,0.28093055555555557,31
all,853,35.541666666666664,0.19165079365079363,31
all,854,35.583333333333336,0.14114285714285715,33
all,855,35.625,0.10363888888888889,28
all,856,35.666666666666664,0.06775595238095239,29
all,857,35.708333333333336,0.05291666666666667,24
all,858,35.75,0.056678571428571425,21
all,859,35.791666666666664,0.050404761904761904,21
all,860,35.833333333333336,0.04772420634920635,25
all,861,35.875,0.033585317460317454,18
all,862,35.916666666666664,0.03118650793650794,15
all,863,35.958333333333336,0.02420238095238095,16
all,864,36.0,0.023865079365079367,16
all,865,36.041666666666664,0.021853174603174604,15
all,866,36.083333333333336,0.022892857142857142,15
all,867,36.125,0.02165079365079365,14
all,868,36.166666666666664,0.02519047619047619,17
all,869,36.208333333333336,0.021930555555555554,15
all,870,36.25,0.025793650793650796,17
all,871,36.291666666666664,0.024351190476190478,14
all,872,36.333333333333336,0.02403571428571429,15
all,873,36.375,0.022029761904761903,21
all,874,36.416666666666664,0.3173472222222222,178
all,875,36.458333333333336,0.4634047619047619,118
all,876,36.5,0.39372222222222225,29
all,877,36.541666666666664,0.5189424603174603,68
all,878,36.583333333333336,0.5211329365079365,20
all,879,36.625,0.3216706349206349,28
all,880,36.666666666666664,0.27160317460317457,19
all,881,36.708333333333336,0.1571686507936508,38
all,882,36.75,0.20284722222222223,13
all,883,36.791666666666664,0.1851031746031746,11
all,884,36.833333333333336,0.17515674603174602,15
all,885,36.875,0.13776984126984126,14
all,886,36.916666666666664,0.10657539682539682,15
all,887,36.958333333333336,0.08733134920634922,11
all,888,37.0,0.07870238095238095,11
all,889,37.041666666666664,0.07690079365079365,10
all,890,37.083333333333336,0.06736507936507936,10
all,891,37.125,0.05265277777777778,10
all,892,37.166666666666664,0.04574603174603175,10
all,893,37.208333333333336,0.042998015873015875,10
all,894,37.25,0.03995436507936508,12
all,895,37.291666666666664,0.030410714285714287,10
all,896,37.333333333333336,0.02873809523809524,11
all,897,37.375,0.028694444444444446,11
all,898,37.416666666666664,0.023029761904761904,12
all,899,37.458333333333336,0.02166269841269841,6
all,900,37.5,0.16923809523809522,75
all,901,37.541666666666664,0.3654920634920635,74
all,902,37.583333333333336,0.3817857142857143,26
all,903,37.625,0.6331984126984127,96
all,904,37.666666666666664,0.7994186507936507,36
all,905,37.708333333333336,0.8369603174603175,78
all,906,37.75,0.8657519841269842,59
all,907,37.791666666666664,0.9598809523809523,47
all,908,37.833333333333336,0.9548313492063492,30
all,909,37.875,0.8742916666666667,16
all,910,37.916666666666664,0.7550178571428572,16
all,911,37.958333333333336,0.6168313492063492,14
all,912,38.0,0.48334920634920636,15
all,913,38.041666666666664,0.3669623015873016,20
all,914,38.083333333333336,0.2972539682539682,15
all,915,38.125,0.23553174603174604,14
all,916,38.166666666666664,0.15722420634920634,14
all,917,38.208333333333336,0.1080734126984127,16
all,918,38.25,0.08874603174603175,17
all,919,38.291666666666664,0.06973015873015873,18
all,920,38.333333333333336,0.04776587301587302,0
all,921,38.375,0.04285714285714286,0
all,922,38.416666666666664,0.0374265873015873,0
all,923,38.458333333333336,0.034248015873015875,0
all,924,38.5,0.022960317460317462,0
all,925,38.541666666666664,0.014285714285714285,0
all,926,38.583333333333336,0.014519841269841268,10
all,927,38.625,0.010436507936507937,17
all,928,38.666666666666664,0.0004265873015873016,15
all,929,38.708333333333336,0.00030753968253968255,18
all,930,38.75,0.0002599206349206349,18
all,931,38.791666666666664,0.0003392857142857143,20
all,932,38.833333333333336,0.00031349206349206345,19
all,933,38.875,0.0002718253968253968,17
all,934,38.916666666666664,0.00029365079365079364,18
all,935,38.958333333333336,0.0003194444444444444,19
all,936,39.0,0.0002261904761904762,15
all,937,39.041666666666664,0.0002003968253968254,15
all,938,39.083333333333336,0.00019246031746031746,15
all,939,39.125,0.0002777777777777778,16
all,940,39.166666666666664,0.02542857142857143,13
all,941,39.208333333333336,0.0010873015873015873,16
all,942,39.25,0.0019821428571428572,19
all,943,39.291666666666664,0.0028670634920634924,15
all,944,39.333333333333336,0.000248015873015873,15
all,945,39.375,0.0002896825396825397,15
all,946,39.416666666666664,0.0002599206349206349,15
all,947,39.458333333333336,0.000248015873015873,15
all,948,39.5,0.0005952380952380952,19
all,949,39.541666666666664,0.0003630952380952381,20
all,950,39.583333333333336,0.0003194444444444444,17
all,951,39.625,0.00023412698412698414,15
all,952,39.666666666666664,0.0003015873015873016,19
all,953,39.708333333333336,0.00026587301587301587,16
all,954,39.75,0.00027380952380952377,18
all,955,39.791666666666664,0.00025,15
all,956,39.833333333333336,0.00015674603174603173,13
all,957,39.875,0.00020634920634920634,14
all,958,39.916666666666664,0.00024603174603174605,15
all,959,39.958333333333336,0.0002976190476190476,17
all,960,40.0,0.0002123015873015873,16
all,961,40.041666666666664,0.00023214285714285714,15
all,962,40.083333333333336,0.0002599206349206349,16
all,963,40.125,0.00032738095238095237,17
all,964,40.166666666666664,0.00023214285714285714,15
all,965,40.208333333333336,0.0002222222222222222,15
all,966,40.25,0.0022996031746031743,18
all,967,40.291666666666664,0.0038253968253968255,15
all,968,40.333333333333336,0.0002242063492063492,14
all,969,40.375,0.00021825396825396825,15
all,970,40.416666666666664,0.00013293650793650793,11
all,971,40.458333333333336,0.003160714285714286,13
all,972,40.5,0.007271825396825396,10
all,973,40.541666666666664,0.007156746031746032,22
all,974,40.583333333333336,0.0013611111111111111,26
all,975,40.625,0.13193253968253968,84
all,976,40.666666666666664,0.4257043650793651,19
all,977,40.708333333333336,0.5551666666666666,53
all,978,40.75,0.773718253968254,61
all,979,40.791666666666664,0.956297619047619,76
all,980,40.833333333333336,0.9570119047619047,59
all,981,40.875,0.9519246031746031,25
all,982,40.916666666666664,0.9462301587301588,19
all,983,40.958333333333336,0.9024920634920636,14
all,984,41.0,0.8694007936507936,10
all,985,41.041666666666664,0.8569444444444445,10
all,986,41.083333333333336,0.8430019841269841,10
all,987,41.125,0.8431011904761905,12
all,988,41.166666666666664,0.8337956349206349,9
all,989,41.208333333333336,0.810329365079365,12
all,990,41.25,0.7386369047619047,11
all,991,41.291666666666664,0.7026706349206349,10
all,992,41.333333333333336,0.5737678571428572,25
all,993,41.375,0.42686309523809524,68
all,994,41.416666666666664,0.5178531746031746,14
all,995,41.458333333333336,0.5145734126984127,14
all,996,41.5,0.5144880952380952,11
all,997,41.541666666666664,0.5070059523809524,11
all,998,41.583333333333336,0.5558829365079365,64
all,999,41.625,0.8598194444444444,52
all,1000,41.666666666666664,0.9336150793650794,16
all,1001,41.708333333333336,0.8941964285714286,16
all,1002,41.75,0.7180873015873015,10
all,1003,41.791666666666664,0.5883948412698413,13
all,1004,41.833333333333336,0.40498214285714285,12
all,1005,41.875,0.24796031746031746,11
all,1006,41.916666666666664,0.11133333333333333,11
all,1007,41.958333333333336,0.04235515873015873,11
all,1008,42.0,0.020303571428571428,8
all,1009,42.041666666666664,0.010035714285714287,8
all,1010,42.083333333333336,0.00011904761904761905,9
all,1011,42.125,0.00025595238095238096,14
all,1012,42.166666666666664,0.00011904761904761905,8
all,1013,42.208333333333336,0.0002222222222222222,12
all,1014,42.25,0.010535714285714287,17
all,1015,42.291666666666664,0.0028392857142857143,14
all,1016,42.333333333333336,0.003732142857142857,20
all,1017,42.375,0.14980555555555555,27
all,1018,42.416666666666664,0.39711111111111114,54
all,1019,42.458333333333336,0.4503809523809524,16
all,1020,42.5,0.3647281746031746,12
all,1021,42.541666666666664,0.32416468253968256,15
all,1022,42.583333333333336,0.21159126984126983,18
all,1023,42.625,0.14900198412698412,14
all,1024,42.666666666666664,0.1133531746031746,10
all,1025,42.708333333333336,0.06975198412698412,12
all,1026,42.75,0.044757936507936504,11
all,1027,42.791666666666664,0.02235515873015873,10
all,1028,42.833333333333336,0.008861111111111111,14
all,1029,42.875,0.00019246031746031746,12
all,1030,42.916666666666664,0.0002222222222222222,14
all,1031,42.958333333333336,0.00019444444444444443,13
all,1032,43.0,0.00019047619047619048,13
all,1033,43.041666666666664,0.00019047619047619048,13
all,1034,43.083333333333336,0.00020436507936507937,12
all,1035,43.125,0.00020436507936507937,12
all,1036,43.166666666666664,0.00018253968253968255,10
all,1037,43.208333333333336,0.00016666666666666666,10
all,1038,43.25,0.00560515873015873,13
all,1039,43.291666666666664,0.0025793650793650793,11
all,1040,43.333333333333336,0.00020238095238095236,11
all,1041,43.375,0.00020833333333333335,12
all,1042,43.416666666666664,0.0002261904761904762,12
all,1043,43.458333333333336,0.00016468253968253969,14
all,1044,43.5,0.0010317460317460316,15
all,1045,43.541666666666664,0.0002380952380952381,13
all,1046,43.583333333333336,0.0002361111111111111,13
all,1047,43.625,0.00017063492063492064,11
all,1048,43.666666666666664,0.00016666666666666666,11
all,1049,43.708333333333336,0.0039722222222222225,13
all,1050,43.75,0.002154761904761905,11
all,1051,43.791666666666664,0.00017063492063492064,9
all,1052,43.833333333333336,0.00013690476190476189,9
all,1053,43.875,0.00019444444444444443,11
all,1054,43.916666666666664,0.00019246031746031746,12
all,1055,43.958333333333336,0.00020238095238095236,11
all,1056,44.0,0.00018452380952380953,11
all,1057,44.041666666666664,0.00017063492063492064,11
all,1058,44.083333333333336,0.000125,9
all,1059,44.125,0.00018253968253968255,10
all,1060,44.166666666666664,9.92063492063492e-05,6
all,1061,44.208333333333336,0.00014087301587301586,7
all,1062,44.25,0.007051587301587302,10
all,1063,44.291666666666664,0.08841666666666667,64
all,1064,44.333333333333336,0.4750575396825397,51
all,1065,44.375,0.5005257936507936,27
all,1066,44.416666666666664,0.4356130952380952,22
all,1067,44.458333333333336,0.25018650793650793,10
all,1068,44.5,0.10224007936507937,12
all,1069,44.541666666666664,0.03993452380952381,14
all,1070,44.583333333333336,0.03376984126984127,17
all,1071,44.625,0.24518055555555557,144
all,1072,44.666666666666664,0.6102301587301587,89
all,1073,44.708333333333336,0.5971984126984128,56
all,1074,44.75,0.4772321428571429,4
all,1075,44.791666666666664,0.5751468253968254,123
all,1076,44.833333333333336,0.6066706349206349,69
all,1077,44.875,0.5845555555555555,60
all,1078,44.916666666666664,0.5607876984126984,30
all,1079,44.958333333333336,0.4710138888888889,11
all,1080,45.0,0.3548928571428572,11
all,1081,45.041666666666664,0.21892658730158732,9
all,1082,45.083333333333336,0.14080753968253967,13
all,1083,45.125,0.07714285714285715,10
all,1084,45.166666666666664,0.047924603174603175,11
all,1085,45.208333333333336,0.03183928571428571,10
all,1086,45.25,0.03469642857142857,10
all,1087,45.291666666666664,0.05579166666666666,34
all,1088,45.333333333333336,0.04226785714285715,23
all,1089,45.375,0.049831349206349206,27
all,1090,45.416666666666664,0.02949007936507936,12
all,1091,45.458333333333336,0.02549603174603175,19
all,1092,45.5,0.023251984126984128,13
all,1093,45.541666666666664,0.031505952380952384,17
all,1094,45.583333333333336,0.021882936507936507,14
all,1095,45.625,0.03585119047619048,27
all,1096,45.666666666666664,0.037126984126984126,23
all,1097,45.708333333333336,0.02927777777777778,22
all,1098,45.75,0.03244047619047619,20
all,1099,45.791666666666664,0.025716269841269842,18
all,1100,45.833333333333336,0.03276388888888889,21
all,1101,45.875,0.019837301587301587,13
all,1102,45.916666666666664,0.02119047619047619,12
all,1103,45.958333333333336,0.021305555555555557,13
all,1104,46.0,0.015767857142857142,10
all,1105,46.041666666666664,0.025619047619047618,18
all,1106,46.083333333333336,0.017069444444444446,9
all,1107,46.125,0.02086111111111111,14
all,1108,46.166666666666664,0.015484126984126984,8
all,1109,46.208333333333336,0.016365079365079367,8
all,1110,46.25,0.01443452380952381,9
all,1111,46.291666666666664,0.016240079365079367,10
all,1112,46.333333333333336,0.014599206349206351,7
all,1113,46.375,0.014803571428571426,9
all,1114,46.416666666666664,0.014404761904761905,8
all,1115,46.458333333333336,0.014418650793650793,9
all,1116,46.5,0.015623015873015872,9
all,1117,46.541666666666664,0.014367063492063492,5
all,1118,46.583333333333336,0.014363095238095237,3
all,1119,46.625,0.018001984126984127,6
all,1120,46.666666666666664,0.014337301587301586,2
all,1121,46.708333333333336,0.014333333333333335,3
all,1122,46.75,0.01434126984126984,2
all,1123,46.791666666666664,0.015640873015873014,5
all,1124,46.833333333333336,0.014398809523809522,4
all,1125,46.875,0.014339285714285712,4
all,1126,46.916666666666664,0.014422619047619047,5
all,1127,46.958333333333336,0.014347222222222223,4
all,1128,47.0,0.014331349206349207,2
all,1129,47.041666666666664,0.014392857142857143,5
all,1130,47.083333333333336,0.014353174603174604,3
all,1131,47.125,0.014357142857142855,3
all,1132,47.166666666666664,0.014357142857142855,2
all,1133,47.208333333333336,0.014335317460317461,1
all,1134,47.25,0.014335317460317461,2
all,1135,47.291666666666664,0.015470238095238096,2
all,1136,47.333333333333336,0.014285714285714285,0
all,1137,47.375,0.015865079365079363,8
all,1138,47.416666666666664,0.008069444444444445,8
all,1139,47.458333333333336,0.007317460317460318,10
all,1140,47.5,0.007291666666666666,9
all,1141,47.541666666666664,0.007303571428571428,11
all,1142,47.583333333333336,0.007315476190476191,11
all,1143,47.625,0.01042063492063492,15
all,1144,47.666666666666664,0.00736111111111111,13
all,1145,47.708333333333336,0.01089484126984127,12
all,1146,47.75,0.002345238095238095,11
all,1147,47.791666666666664,0.00012103174603174604,9
all,1148,47.833333333333336,0.0001607142857142857,10
all,1149,47.875,0.00016468253968253969,10
all,1150,47.916666666666664,0.00016865079365079364,11
all,1151,47.958333333333336,0.00556547619047619,16
all,1152,48.0,0.00025595238095238096,13
all,1153,48.041666666666664,0.001400793650793651,12
all,1154,48.083333333333336,0.00013690476190476189,11
all,1155,48.125,0.007424603174603174,18
all,1156,48.166666666666664,0.00022023809523809526,9
all,1157,48.208333333333336,0.0021626984126984126,12
all,1158,48.25,0.0005714285714285715,10
all,1159,48.291666666666664,0.00021428571428571427,13
all,1160,48.333333333333336,0.00014682539682539682,8
all,1161,48.375,0.002982142857142857,13
all,1162,48.416666666666664,0.00036904761904761905,9
all,1163,48.458333333333336,5.1587301587301586e-05,2
all,1164,48.5,0.00012896825396825395,5
all,1165,48.541666666666664,0.005492063492063492,4
all,1166,48.583333333333336,0.0,0
all,1167,48.625,0.0011726190476190476,9
all,1168,48.666666666666664,0.0001388888888888889,12
all,1169,48.708333333333336,0.004140873015873016,27
all,1170,48.75,0.0010912698412698413,25
all,1171,48.791666666666664,0.0042817460317460315,31
all,1172,48.833333333333336,0.00043452380952380956,24
all,1173,48.875,0.0003392857142857143,12
all,1174,48.916666666666664,0.00028174603174603173,13
all,1175,48.958333333333336,0.0006031746031746032,13
all,1176,49.0,0.002150793650793651,13
all,1177,49.041666666666664,0.0002579365079365079,13
all,1178,49.083333333333336,0.0015753968253968255,24
all,1179,49.125,0.00285515873015873,26
all,1180,49.166666666666664,0.00043253968253968256,25
all,1181,49.208333333333336,0.006486111111111111,29
all,1182,49.25,0.000498015873015873,30
all,1183,49.291666666666664,0.009952380952380952,34
all,1184,49.333333333333336,0.009083333333333334,26
all,1185,49.375,0.005121031746031747,30
all,1186,49.416666666666664,0.0029305555555555556,27
all,1187,49.458333333333336,0.007740079365079365,34
all,1188,49.5,0.00125,26
all,1189,49.541666666666664,0.0033333333333333335,29
all,1190,49.583333333333336,0.016202380952380954,26
all,1191,49.625,0.02346031746031746,32
all,1192,49.666666666666664,0.02115277777777778,27
all,1193,49.708333333333336,0.02429761904761905,30
all,1194,49.75,0.022813492063492063,26
all,1195,49.791666666666664,0.026599206349206348,35
all,1196,49.833333333333336,0.0015873015873015873,26
all,1197,49.875,0.0037103174603174607,27
all,1198,49.916666666666664,0.0008035714285714286,24
all,1199,49.958333333333336,0.014662698412698412,22
all,1200,50.0,0.014708333333333332,25
all,1201,50.041666666666664,0.016837301587301585,29
all,1202,50.083333333333336,0.014748015873015873,25
all,1203,50.125,0.020196428571428574,33
all,1204,50.166666666666664,0.015390873015873018,25
all,1205,50.208333333333336,0.01994642857142857,32
all,1206,50.25,0.015327380952380953,26
all,1207,50.291666666666664,0.02073809523809524,35
all,1208,50.333333333333336,0.008825396825396825,24
all,1209,50.375,0.014253968253968253,33
all,1210,50.416666666666664,0.026724206349206348,27
all,1211,50.458333333333336,0.023468253968253968,27
all,1212,50.5,0.006053571428571429,31
all,1213,50.541666666666664,0.004267857142857143,30
all,1214,50.583333333333336,0.0004662698412698413,25
all,1215,50.625,0.0014305555555555556,25
all,1216,50.666666666666664,0.0008035714285714286,26
all,1217,50.708333333333336,0.004287698412698413,27
all,1218,50.75,0.0004702380952380952,26
all,1219,50.791666666666664,0.006341269841269841,33
all,1220,50.833333333333336,0.0006031746031746032,16
all,1221,50.875,0.007313492063492064,18
all,1222,50.916666666666664,0.0005952380952380952,13
all,1223,50.958333333333336,0.0028095238095238095,15
all,1224,51.0,0.00028373015873015873,12
all,1225,51.041666666666664,0.001642857142857143,13
all,1226,51.083333333333336,0.0006785714285714286,13
all,1227,51.125,0.00034722222222222224,13
all,1228,51.166666666666664,0.0003511904761904762,13
all,1229,51.208333333333336,0.0030932539682539686,16
all,1230,51.25,0.0010714285714285715,11
all,1231,51.291666666666664,0.004222222222222223,13
all,1232,51.333333333333336,0.0018730158730158731,11
all,1233,51.375,0.0015575396825396825,13
all,1234,51.416666666666664,0.0007638888888888888,14
all,1235,51.458333333333336,0.001142857142857143,12
all,1236,51.5,0.0005654761904761905,10
all,1237,51.541666666666664,0.00017460317460317462,8
all,1238,51.583333333333336,0.00030555555555555555,13
all,1239,51.625,0.003813492063492063,13
all,1240,51.666666666666664,0.00027380952380952377,12
all,1241,51.708333333333336,0.00031547619047619046,19
all,1242,51.75,0.002716269841269841,24
all,1243,51.791666666666664,0.010744047619047618,29
all,1244,51.833333333333336,0.000878968253968254,21
all,1245,51.875,0.0035833333333333338,21
all,1246,51.916666666666664,0.0004365079365079365,0
all,1247,51.958333333333336,0.004113095238095238,12
all,1248,52.0,0.0008908730158730158,2
all,1249,52.041666666666664,0.004932539682539682,8
all,1250,52.083333333333336,0.00022023809523809526,12
all,1251,52.125,0.0014087301587301588,10
all,1252,52.166666666666664,0.0,0
all,1253,52.208333333333336,0.006069444444444445,5
all,1254,52.25,0.0,0
all,1255,52.291666666666664,0.005458333333333333,9
all,1256,52.333333333333336,0.0,0
all,1257,52.375,0.0036488095238095242,5
all,1258,52.416666666666664,0.004775793650793651,1
all,1259,52.458333333333336,0.0024246031746031744,3
all,1260,52.5,0.0,0
all,1261,52.541666666666664,0.0024384920634920636,4
all,1262,52.583333333333336,0.0,0
all,1263,52.625,0.003492063492063492,4
all,1264,52.666666666666664,0.001761904761904762,1
all,1265,52.708333333333336,0.0012103174603174604,1
all,1266,52.75,0.0,0
all,1267,52.791666666666664,0.0061507936507936515,7
all,1268,52.833333333333336,0.0,0
all,1269,52.875,0.0013095238095238095,3
all,1270,52.916666666666664,0.0,0
all,1271,52.958333333333336,0.0013511904761904763,4
all,1272,53.0,0.0,0
all,1273,53.041666666666664,8.730158730158731e-05,2
all,1274,53.083333333333336,0.0,0
all,1275,53.125,0.0025654761904761905,5
all,1276,53.166666666666664,0.0,0
all,1277,53.208333333333336,0.0013055555555555557,3
all,1278,53.25,0.0,0
all,1279,53.291666666666664,0.009928571428571427,7
all,1280,53.333333333333336,0.001744047619047619,0
all,1281,53.375,0.006275793650793651,7
all,1282,53.416666666666664,0.005811507936507936,2
all,1283,53.458333333333336,0.002428571428571429,3
all,1284,53.5,0.0,0
all,1285,53.541666666666664,0.0024384920634920636,3
all,1286,53.583333333333336,0.0,0
all,1287,53.625,0.007017857142857143,5
all,1288,53.666666666666664,0.0002797619047619048,0
all,1289,53.708333333333336,0.003781746031746032,5
all,1290,53.75,0.001490079365079365,0
all,1291,53.791666666666664,0.0024246031746031744,2
all,1292,53.833333333333336,0.0,0
all,1293,53.875,0.0012103174603174604,2
all,1294,53.916666666666664,0.0,0
all,1295,53.958333333333336,0.002420634920634921,3
all,1296,54.0,0.0,0
all,1297,54.041666666666664,0.0012103174603174604,1
all,1298,54.083333333333336,0.0,0
all,1299,54.125,0.0,2
all,1300,54.166666666666664,0.0,0
all,1301,54.208333333333336,0.0,2
all,1302,54.25,0.0,0
all,1303,54.291666666666664,0.0,1
all,1304,54.333333333333336,0.0,0
all,1305,54.375,0.0,0
all,1306,54.416666666666664,0.0,0
all,1307,54.458333333333336,0.0,1
all,1308,54.5,0.017547619047619048,11
all,1309,54.541666666666664,0.0037996031746031747,2
all,1310,54.583333333333336,0.00019642857142857144,9
all,1311,54.625,0.005726190476190476,46
all,1312,54.666666666666664,0.0008988095238095237,20
all,1313,54.708333333333336,0.005208333333333333,17
all,1314,54.75,0.0040575396825396825,19
all,1315,54.791666666666664,0.006672619047619048,38
all,1316,54.833333333333336,0.003910714285714286,27
all,1317,54.875,0.006146825396825396,36
all,1318,54.916666666666664,0.0038472222222222224,32
all,1319,54.958333333333336,0.0035436507936507937,30
all,1320,55.0,0.0036349206349206345,31
all,1321,55.041666666666664,0.005359126984126984,33
all,1322,55.083333333333336,0.0037242063492063495,30
all,1323,55.125,0.008636904761904762,34
all,1324,55.166666666666664,0.003521825396825397,34
all,1325,55.208333333333336,0.005119047619047619,14
all,1326,55.25,0.0002003968253968254,10
all,1327,55.291666666666664,0.00019642857142857144,11
all,1328,55.333333333333336,0.007285714285714286,11
all,1329,55.375,0.0027896825396825395,19
all,1330,55.416666666666664,0.012696428571428572,51
all,1331,55.458333333333336,0.008331349206349207,44
all,1332,55.5,0.0030873015873015873,56
all,1333,55.541666666666664,0.009833333333333333,59
all,1334,55.583333333333336,0.003845238095238095,36
all,1335,55.625,0.0015376984126984129,23
all,1336,55.666666666666664,0.05132738095238095,62
all,1337,55.708333333333336,0.07990476190476191,85
all,1338,55.75,0.07573015873015873,75
all,1339,55.791666666666664,0.07764087301587301,81
all,1340,55.833333333333336,0.06206746031746031,78
all,1341,55.875,0.05701785714285714,81
all,1342,55.916666666666664,0.06075992063492064,96
all,1343,55.958333333333336,0.06873412698412698,83
all,1344,56.0,0.052779761904761906,75
all,1345,56.041666666666664,0.05820436507936507,95
all,1346,56.083333333333336,0.07308928571428572,81
all,1347,56.125,0.0556984126984127,79
all,1348,56.166666666666664,0.05528968253968254,95
all,1349,56.208333333333336,0.06454563492063492,82
all,1350,56.25,0.03388293650793651,32
all,1351,56.291666666666664,0.03776785714285714,33
all,1352,56.333333333333336,0.031825396825396826,28
all,1353,56.375,0.010958333333333334,27
all,1354,56.416666666666664,0.0012123015873015872,29
all,1355,56.458333333333336,0.007410714285714286,26
all,1356,56.5,0.03352777777777778,81
all,1357,56.541666666666664,0.004307539682539683,30
all,1358,56.583333333333336,0.00037301587301587306,32
all,1359,56.625,0.00030952380952380956,30
all,1360,56.666666666666664,0.011357142857142857,30
all,1361,56.708333333333336,0.07053968253968254,87
all,1362,56.75,0.01721626984126984,30
all,1363,56.791666666666664,0.0014563492063492064,18
all,1364,56.833333333333336,0.0014345238095238096,12
all,1365,56.875,6.944444444444444e-05,5
all,1366,56.916666666666664,0.0,0
all,1367,56.958333333333336,0.0,0
all,1368,57.0,0.0,0
all,1369,57.041666666666664,0.0,0
all,1370,57.083333333333336,0.0,0
all,1371,57.125,0.0,0
all,1372,57.166666666666664,0.0,0
all,1373,57.208333333333336,0.0,0
all,1374,57.25,0.0,0
all,1375,57.291666666666664,0.0,0
all,1376,57.333333333333336,0.0,0
all,1377,57.375,0.0,0
all,1378,57.416666666666664,0.0,0
all,1379,57.458333333333336,0.0,0
all,1380,57.5,0.0,0
all,1381,57.541666666666664,0.0,0
all,1382,57.583333333333336,0.0,0
all,1383,57.625,0.0,0
all,1384,57.666666666666664,0.0,0
all,1385,57.708333333333336,0.0,0
all,1386,57.75,0.0,0
all,1387,57.791666666666664,0.0,0
all,1388,57.833333333333336,0.0,0
all,1389,57.875,0.0,0
all,1390,57.916666666666664,0.0,0
all,1391,57.958333333333336,0.0,0
all,1392,58.0,0.0,0
all,1393,58.041666666666664,0.0,0
all,1394,58.083333333333336,0.0,0
all,1395,58.125,0.0,0
all,1396,58.166666666666664,0.0,0
all,1397,58.208333333333336,0.0,0
all,1398,58.25,0.0,0
all,1399,58.291666666666664,0.0,0
all,1400,58.333333333333336,0.0,0
all,1401,58.375,0.0,0
all,1402,58.416666666666664,0.0,0
all,1403,58.458333333333336,0.0,0
all,1404,58.5,0.0,0
all,1405,58.541666666666664,0.0,0
all,1406,58.583333333333336,0.0,0
all,1407,58.625,0.0,0
all,1408,58.666666666666664,0.0,0
all,1409,58.708333333333336,0.0,0
all,1410,58.75,0.0,0
all,1411,58.791666666666664,0.0,0
all,1412,58.833333333333336,0.0,0
all,1413,58.875,0.0,0
all,1414,58.916666666666664,0.0,0
all,1415,58.958333333333336,0.0,0
all,1416,59.0,0.0,0
all,1417,59.041666666666664,0.0,0
all,1418,59.083333333333336,0.0,0
all,1419,59.125,0.0,0
all,1420,59.166666666666664,0.0,0
all,1421,59.208333333333336,0.0,0
all,1422,59.25,0.0,0
all,1423,59.291666666666664,0.0,0
all,1424,59.333333333333336,0.0,0
all,1425,59.375,0.0,0
all,1426,59.416666666666664,0.0,0
all,1427,59.458333333333336,0.0,0
all,1428,59.5,0.0,0
all,1429,59.541666666666664,0.0,0
all,1430,59.583333333333336,0.0,0
all,1431,59.625,0.0,0
all,1432,59.666666666666664,0.0,0
all,1433,59.708333333333336,0.0,0
all,1434,59.75,0.0,0
all,1435,59.791666666666664,0.0,0
all,1436,59.833333333333336,0.0,0
all,1437,59.875,0.0,0
all,1438,59.916666666666664,0.0,0
all,1439,59.958333333333336,0.0,0
all,1440,60.0,0.0,0
all,1441,60.041666666666664,0.0,0
all,1442,60.083333333333336,0.0,0
all,1443,60.125,0.0,0
all,1444,60.166666666666664,0.0,0
all,1445,60.208333333333336,0.0,0
all,1446,60.25,0.0,0
all,1447,60.291666666666664,0.0,0
all,1448,60.333333333333336,0.0,0
all,1449,60.375,0.0,0
all,1450,60.416666666666664,0.0,0
all,1451,60.458333333333336,0.0,0
all,1452,60.5,0.0,0
all,1453,60.541666666666664,0.0,0
all,1454,60.583333333333336,0.0,0
all,1455,60.625,0.0,0
all,1456,60.666666666666664,0.0,0
all,1457,60.708333333333336,0.0,0
all,1458,60.75,0.0,0
all,1459,60.791666666666664,0.0,0
all,1460,60.833333333333336,0.0,0
all,1461,60.875,0.0,0
all,1462,60.916666666666664,0.0,0
all,1463,60.958333333333336,0.0,0
all,1464,61.0,0.0,0
all,1465,61.041666666666664,0.0,0
all,1466,61.083333333333336,0.0,0
all,1467,61.125,0.0,0
all,1468,61.166666666666664,0.0,0
all,1469,61.208333333333336,0.0,0
all,1470,61.25,0.0,0
all,1471,61.291666666666664,0.0,0
all,1472,61.333333333333336,0.0,0
all,1473,61.375,5.9523809523809525e-06,1
all,1474,61.416666666666664,0.000125,7
all,1475,61.458333333333336,0.00018253968253968255,11
all,1476,61.5,0.00030952380952380956,12
all,1477,61.541666666666664,0.0003611111111111111,12
all,1478,61.583333333333336,0.0002579365079365079,15
all,1479,61.625,0.0003511904761904762,15
all,1480,61.666666666666664,0.003492063492063492,18
all,1481,61.708333333333336,0.0003988095238095238,14
all,1482,61.75,0.0002579365079365079,13
all,1483,61.791666666666664,0.00034523809523809523,13
all,1484,61.833333333333336,0.00029166666666666664,14
all,1485,61.875,0.00028174603174603173,12
all,1486,61.916666666666664,0.0003412698412698413,15
all,1487,61.958333333333336,0.00043055555555555555,22
all,1488,62.0,0.0007638888888888888,25
all,1489,62.041666666666664,0.0005,24
all,1490,62.083333333333336,0.0004722222222222222,24
all,1491,62.125,0.0005079365079365079,24
all,1492,62.166666666666664,0.0005634920634920635,24
all,1493,62.208333333333336,0.00046031746031746033,21
all,1494,62.25,0.0005793650793650794,24
all,1495,62.291666666666664,0.01136111111111111,30
all,1496,62.333333333333336,0.008109126984126984,25
all,1497,62.375,0.0005019841269841269,21
all,1498,62.416666666666664,0.0003234126984126984,14
all,1499,62.458333333333336,0.00019047619047619048,6
all,1500,62.5,0.00029365079365079364,13
all,1501,62.541666666666664,0.00034523809523809523,13
all,1502,62.583333333333336,0.0003333333333333333,12
all,1503,62.625,0.0003035714285714286,12
all,1504,62.666666666666664,0.00029365079365079364,12
all,1505,62.708333333333336,0.00034523809523809523,12
all,1506,62.75,0.0003313492063492064,12
all,1507,62.791666666666664,7.53968253968254e-05,1
all,1508,62.833333333333336,0.00030952380952380956,13
all,1509,62.875,0.00030753968253968255,13
all,1510,62.916666666666664,0.0004801587301587302,12
all,1511,62.958333333333336,0.00023412698412698414,10
all,1512,63.0,0.00035515873015873014,9
all,1513,63.041666666666664,0.0004226190476190476,11
all,1514,63.083333333333336,0.00028174603174603173,11
all,1515,63.125,0.0004722222222222222,12
all,1516,63.166666666666664,0.0005496031746031745,12
all,1517,63.208333333333336,0.0002777777777777778,11
all,1518,63.25,0.00043253968253968256,9
all,1519,63.291666666666664,0.0018253968253968253,15
all,1520,63.333333333333336,0.004186507936507937,12
all,1521,63.375,0.00034325396825396823,12
all,1522,63.416666666666664,0.0001111111111111111,5
all,1523,63.458333333333336,0.00030555555555555555,12
all,1524,63.5,0.0004821428571428572,15
all,1525,63.541666666666664,0.0005773809523809524,29
all,1526,63.583333333333336,0.0006488095238095238,28
all,1527,63.625,0.0007361111111111111,30
all,1528,63.666666666666664,0.0007123015873015873,29
all,1529,63.708333333333336,0.0007281746031746032,29
all,1530,63.75,0.0005972222222222222,22
all,1531,63.791666666666664,0.0003392857142857143,15
all,1532,63.833333333333336,0.13019642857142857,41
all,1533,63.875,0.09886904761904762,39
all,1534,63.916666666666664,0.005517857142857143,96
all,1535,63.958333333333336,0.0032301587301587303,58
all,1536,64.0,0.003498015873015873,68
all,1537,64.04166666666667,0.006426587301587301,111
all,1538,64.08333333333333,0.0004503968253968254,14
all,1539,64.125,0.006136904761904762,112
all,1540,64.16666666666667,0.0056230158730158734,99
all,1541,64.20833333333333,0.006214285714285714,106
all,1542,64.25,0.0018333333333333333,39
all,1543,64.29166666666667,0.0033968253968253968,63
all,1544,64.33333333333333,0.004672619047619048,23
all,1545,64.375,0.10187896825396825,40
all,1546,64.41666666666667,0.0006329365079365079,17
all,1547,64.45833333333333,0.0003829365079365079,16
all,1548,64.5,0.0005634920634920635,16
all,1549,64.54166666666667,0.0006329365079365079,17
all,1550,64.58333333333333,0.0009047619047619048,17
all,1551,64.625,0.0005873015873015873,17
all,1552,64.66666666666667,0.0007599206349206349,21
all,1553,64.70833333333333,0.0005416666666666666,16
all,1554,64.75,0.0009305555555555555,21
all,1555,64.79166666666667,0.07518452380952381,52
all,1556,64.83333333333333,0.11619047619047618,41
all,1557,64.875,0.01586904761904762,18
all,1558,64.91666666666667,0.0003928571428571429,16
all,1559,64.95833333333333,0.0006984126984126985,16
all,1560,65.0,0.0005099206349206349,16
all,1561,65.04166666666667,0.0005119047619047619,16
all,1562,65.08333333333333,0.0007003968253968255,19
all,1563,65.125,0.0006428571428571428,18
all,1564,65.16666666666667,0.0006329365079365079,18
all,1565,65.20833333333333,0.0006488095238095238,20
all,1566,65.25,0.0007440476190476191,18
all,1567,65.29166666666667,0.000992063492063492,21
all,1568,65.33333333333333,0.0028253968253968255,19
all,1569,65.375,0.001107142857142857,24
all,1570,65.41666666666667,0.009261904761904761,21
all,1571,65.45833333333333,0.014226190476190476,19
all,1572,65.5,0.003642857142857143,19
all,1573,65.54166666666667,0.009051587301587302,21
all,1574,65.58333333333333,0.0006468253968253968,20
all,1575,65.625,0.0006011904761904762,18
all,1576,65.66666666666667,3.968253968253968e-06,1
all,1577,65.70833333333333,0.04324801587301587,35
all,1578,65.75,0.006984126984126984,19
all,1579,65.79166666666667,0.20042460317460317,76
all,1580,65.83333333333333,0.33107142857142857,81
all,1581,65.875,0.34923611111111114,78
all,1582,65.91666666666667,0.3372301587301587,77
all,1583,65.95833333333333,0.2502837301587302,52
all,1584,66.0,0.08240674603174603,29
all,1585,66.04166666666667,0.15301785714285715,53
all,1586,66.08333333333333,0.05543253968253968,20
all,1587,66.125,0.0008194444444444445,19
all,1588,66.16666666666667,0.0005337301587301587,18
all,1589,66.20833333333333,0.0006587301587301587,19
all,1590,66.25,0.0005714285714285715,17
all,1591,66.29166666666667,0.0034226190476190476,19
all,1592,66.33333333333333,0.003742063492063492,20
all,1593,66.375,0.0015277777777777776,21
all,1594,66.41666666666667,0.004543650793650793,19
all,1595,66.45833333333333,0.000498015873015873,20
all,1596,66.5,0.0006091269841269841,20
all,1597,66.54166666666667,0.005517857142857143,20
all,1598,66.58333333333333,0.0005694444444444445,18
all,1599,66.625,0.0006587301587301587,19
all,1600,66.66666666666667,0.0005416666666666666,18
all,1601,66.70833333333333,0.0010376984126984126,19
all,1602,66.75,0.000625,19
all,1603,66.79166666666667,0.0006984126984126985,18
all,1604,66.83333333333333,0.00042857142857142855,19
all,1605,66.875,0.0005892857142857143,18
all,1606,66.91666666666667,0.0005317460317460317,18
all,1607,66.95833333333333,0.0006845238095238096,19
all,1608,67.0,0.0004444444444444444,18
all,1609,67.04166666666667,0.001107142857142857,19
all,1610,67.08333333333333,0.0005615079365079366,18
all,1611,67.125,0.0004900793650793651,18
all,1612,67.16666666666667,0.0007222222222222222,19
all,1613,67.20833333333333,0.0004166666666666667,18
all,1614,67.25,0.008636904761904762,18
all,1615,67.29166666666667,0.000994047619047619,20
all,1616,67.33333333333333,0.005440476190476191,19
all,1617,67.375,0.0005873015873015873,19
all,1618,67.41666666666667,0.0005714285714285715,20
all,1619,67.45833333333333,0.00046230158730158733,16
all,1620,67.5,0.0003511904761904762,16
all,1621,67.54166666666667,0.005371031746031746,17
all,1622,67.58333333333333,0.00037301587301587306,16
all,1623,67.625,0.00043055555555555555,16
all,1624,67.66666666666667,0.000496031746031746,16
all,1625,67.70833333333333,0.0003531746031746032,16
all,1626,67.75,0.00043253968253968256,18
all,1627,67.79166666666667,0.0005099206349206349,16
all,1628,67.83333333333333,1.1904761904761905e-05,2
all,1629,67.875,1.1904761904761905e-05,2
all,1630,67.91666666666667,1.3888888888888888e-05,2
all,1631,67.95833333333333,1.5873015873015872e-05,2
all,1632,68.0,1.5873015873015872e-05,2
all,1633,68.04166666666667,1.785714285714286e-05,2
all,1634,68.08333333333333,1.1904761904761905e-05,2
all,1635,68.125,1.5873015873015872e-05,2
all,1636,68.16666666666667,1.1904761904761905e-05,2
all,1637,68.20833333333333,1.5873015873015872e-05,2
all,1638,68.25,1.5873015873015872e-05,2
all,1639,68.29166666666667,1.3888888888888888e-05,2
all,1640,68.33333333333333,1.3888888888888888e-05,2
all,1641,68.375,1.1904761904761905e-05,2
all,1642,68.41666666666667,0.038938492063492064,29
all,1643,68.45833333333333,0.036476190476190475,26
all,1644,68.5,0.05943055555555555,43
all,1645,68.54166666666667,0.04626587301587302,19
all,1646,68.58333333333333,0.07202579365079365,65
all,1647,68.625,0.08439285714285714,19
all,1648,68.66666666666667,0.01918452380952381,10
all,1649,68.70833333333333,0.034984126984126986,17
all,1650,68.75,0.01628373015873016,10
all,1651,68.79166666666667,0.030035714285714287,14
all,1652,68.83333333333333,0.011373015873015873,4
all,1653,68.875,0.0001626984126984127,7
all,1654,68.91666666666667,0.002198412698412698,7
all,1655,68.95833333333333,8.134920634920635e-05,3
all,1656,69.0,0.00013293650793650793,5
all,1657,69.04166666666667,0.00018650793650793653,6
all,1658,69.08333333333333,0.00013095238095238096,5
all,1659,69.125,0.00017460317460317462,5
all,1660,69.16666666666667,0.00011904761904761905,4
all,1661,69.20833333333333,7.936507936507937e-05,3
all,1662,69.25,6.746031746031745e-05,3
all,1663,69.29166666666667,5.753968253968254e-05,3
all,1664,69.33333333333333,0.00018452380952380953,5
all,1665,69.375,0.022843253968253967,19
all,1666,69.41666666666667,0.0008015873015873016,22
all,1667,69.45833333333333,0.0910892857142857,35
all,1668,69.5,0.07818055555555554,45
all,1669,69.54166666666667,0.09913492063492065,47
all,1670,69.58333333333333,0.08464484126984127,61
all,1671,69.625,0.25247222222222226,53
all,1672,69.66666666666667,0.14256746031746032,53
all,1673,69.70833333333333,0.18518650793650795,99
all,1674,69.75,0.3304464285714286,96
all,1675,69.79166666666667,0.09603174603174604,31
all,1676,69.83333333333333,0.04194841269841269,31
all,1677,69.875,0.03628174603174603,29
all,1678,69.91666666666667,0.03641269841269842,29
all,1679,69.95833333333333,0.036446428571428574,29
all,1680,70.0,0.036311507936507934,29
all,1681,70.04166666666667,0.03636111111111111,31
all,1682,70.08333333333333,0.036323412698412695,29
all,1683,70.125,0.0364484126984127,29
all,1684,70.16666666666667,0.03627579365079365,28
all,1685,70.20833333333333,0.036460317460317464,30
all,1686,70.25,0.03640674603174603,29
all,1687,70.29166666666667,0.04001785714285714,30
all,1688,70.33333333333333,0.0630873015873016,24
all,1689,70.375,0.04037698412698413,36
all,1690,70.41666666666667,0.04729166666666667,30
all,1691,70.45833333333333,0.04409523809523809,43
all,1692,70.5,0.053240079365079365,41
all,1693,70.54166666666667,0.04338293650793651,27
all,1694,70.58333333333333,0.043486111111111114,26
all,1695,70.625,0.05302579365079365,50
all,1696,70.66666666666667,0.1767202380952381,45
all,1697,70.70833333333333,0.22691468253968253,101
all,1698,70.75,0.28520833333333334,62
all,1699,70.79166666666667,0.30657738095238096,99
all,1700,70.83333333333333,0.305484126984127,86
all,1701,70.875,0.29235515873015877,75
all,1702,70.91666666666667,0.2705952380952381,86
all,1703,70.95833333333333,0.09024404761904763,54
all,1704,71.0,0.16623015873015873,49
all,1705,71.04166666666667,0.1479484126984127,59
all,1706,71.08333333333333,0.15520238095238095,69
all,1707,71.125,0.1503531746031746,52
all,1708,71.16666666666667,0.13934920634920636,62
all,1709,71.20833333333333,0.1446765873015873,54
all,1710,71.25,0.03292857142857143,25
all,1711,71.29166666666667,0.07564087301587302,57
all,1712,71.33333333333333,0.07823611111111112,28
all,1713,71.375,0.11535317460317461,63
all,1714,71.41666666666667,0.11625396825396826,58
all,1715,71.45833333333333,0.06717857142857142,51
all,1716,71.5,0.11158134920634921,37
all,1717,71.54166666666667,0.1325297619047619,59
all,1718,71.58333333333333,0.11720039682539683,53
all,1719,71.625,0.024575396825396827,353
all,1720,71.66666666666667,0.015837301587301587,38
all,1721,71.70833333333333,0.007884920634920635,0
all,1722,71.75,0.007333333333333333,14
all,1723,71.79166666666667,0.011206349206349208,16
all,1724,71.83333333333333,0.02141468253968254,16
all,1725,71.875,0.08411111111111111,62
all,1726,71.91666666666667,0.3886388888888889,78
all,1727,71.95833333333333,0.17064880952380954,65
all,1728,72.0,0.11583531746031746,48
all,1729,72.04166666666667,0.1752797619047619,58
all,1730,72.08333333333333,0.1824702380952381,60
all,1731,72.125,0.11581150793650792,47
all,1732,72.16666666666667,0.14560714285714288,36
all,1733,72.20833333333333,0.06590277777777778,39
all,1734,72.25,0.08544642857142858,35
all,1735,72.29166666666667,0.1430297619047619,56
all,1736,72.33333333333333,0.16068849206349206,175
all,1737,72.375,0.1826686507936508,51
all,1738,72.41666666666667,0.13781944444444444,399
all,1739,72.45833333333333,0.043293650793650794,500
all,1740,72.5,0.15120436507936508,241
all,1741,72.54166666666667,0.1910535714285714,499
all,1742,72.58333333333333,0.07162896825396825,188
all,1743,72.625,0.17257142857142857,101
all,1744,72.66666666666667,0.3588730158730159,46
all,1745,72.70833333333333,0.1322936507936508,86
all,1746,72.75,0.3941071428571428,113
all,1747,72.79166666666667,0.09836706349206349,62
all,1748,72.83333333333333,0.11855555555555557,59
all,1749,72.875,0.10242460317460317,58
all,1750,72.91666666666667,0.15272420634920636,60
all,1751,72.95833333333333,0.11745833333333335,68
all,1752,73.0,0.4459166666666667,210
all,1753,73.04166666666667,0.1748829365079365,63
all,1754,73.08333333333333,0.11979365079365079,54
all,1755,73.125,0.11602976190476191,56
all,1756,73.16666666666667,0.10768650793650793,49
all,1757,73.20833333333333,0.14248809523809525,106
all,1758,73.25,0.13996825396825396,56
all,1759,73.29166666666667,0.10379761904761904,55
all,1760,73.33333333333333,0.14870238095238095,65
all,1761,73.375,0.13117460317460317,67
all,1762,73.41666666666667,0.12230753968253968,74
all,1763,73.45833333333333,0.11691071428571428,71
all,1764,73.5,0.14145436507936507,76
all,1765,73.54166666666667,0.17761507936507936,79
all,1766,73.58333333333333,0.17294047619047617,82
all,1767,73.625,0.13139285714285714,47
all,1768,73.66666666666667,0.12026587301587302,55
all,1769,73.70833333333333,0.11998214285714286,46
all,1770,73.75,0.17422420634920635,24
all,1771,73.79166666666667,0.16159325396825397,15
all,1772,73.83333333333333,0.06120039682539683,14
all,1773,73.875,0.02157142857142857,14
all,1774,73.91666666666667,0.02157936507936508,15
all,1775,73.95833333333333,0.07101785714285715,43
all,1776,74.0,0.05237103174603175,15
all,1777,74.04166666666667,0.09928769841269841,112
all,1778,74.08333333333333,0.24159325396825396,17
all,1779,74.125,0.02873809523809524,14
all,1780,74.16666666666667,0.019775793650793648,14
all,1781,74.20833333333333,0.01517063492063492,16
all,1782,74.25,0.002168650793650794,15
all,1783,74.29166666666667,0.006569444444444445,16
all,1784,74.33333333333333,0.0001626984126984127,14
all,1785,74.375,0.00021428571428571427,14
all,1786,74.41666666666667,0.00015476190476190478,14
all,1787,74.45833333333333,0.00015674603174603173,14
all,1788,74.5,0.00017460317460317462,15
all,1789,74.54166666666667,0.0001607142857142857,14
all,1790,74.58333333333333,0.00017857142857142857,15
all,1791,74.625,0.0001507936507936508,14
all,1792,74.66666666666667,0.0058472222222222215,34
all,1793,74.70833333333333,0.0021924603174603174,20
all,1794,74.75,0.0028472222222222223,25
all,1795,74.79166666666667,0.0001765873015873016,15
all,1796,74.83333333333333,0.00017857142857142857,15
all,1797,74.875,0.0013630952380952381,22
all,1798,74.91666666666667,0.1894246031746032,118
all,1799,74.95833333333333,0.33852976190476186,19
all,1800,75.0,0.0013273809523809523,16
all,1801,75.04166666666667,0.00015476190476190478,14
all,1802,75.08333333333333,0.0007996031746031746,15
all,1803,75.125,0.00015476190476190478,14
all,1804,75.16666666666667,0.00014087301587301586,14
all,1805,75.20833333333333,0.00016666666666666666,15
all,1806,75.25,0.00016666666666666666,14
all,1807,75.29166666666667,0.005910714285714286,16
all,1808,75.33333333333333,0.0001507936507936508,14
all,1809,75.375,0.00018452380952380953,14
all,1810,75.41666666666667,0.00014484126984126984,14
all,1811,75.45833333333333,0.00020634920634920634,15
all,1812,75.5,0.00020436507936507937,15
all,1813,75.54166666666667,0.11804960317460318,529
all,1814,75.58333333333333,0.5105039682539682,3148
all,1815,75.625,0.44173214285714285,2805
all,1816,75.66666666666667,0.14549404761904763,644
all,1817,75.70833333333333,0.09849801587301588,65
all,1818,75.75,0.32873412698412696,23
all,1819,75.79166666666667,0.2534047619047619,27
all,1820,75.83333333333333,0.04027976190476191,29
all,1821,75.875,0.07101388888888889,38
all,1822,75.91666666666667,0.051275793650793655,35
all,1823,75.95833333333333,0.06044444444444444,32
all,1824,76.0,0.05374404761904762,31
all,1825,76.04166666666667,0.011198412698412699,19
all,1826,76.08333333333333,0.025186507936507938,34
all,1827,76.125,0.05967460317460318,29
all,1828,76.16666666666667,0.031378968253968256,28
all,1829,76.20833333333333,0.02225595238095238,27
all,1830,76.25,0.02443452380952381,34
all,1831,76.29166666666667,0.14783531746031744,340
all,1832,76.33333333333333,0.2645575396825397,1578
all,1833,76.375,0.03661904761904762,36
all,1834,76.41666666666667,0.05195238095238095,32
all,1835,76.45833333333333,0.33763095238095236,1489
all,1836,76.5,0.036740079365079364,32
all,1837,76.54166666666667,0.2692400793650794,1926
all,1838,76.58333333333333,0.050706349206349206,42
all,1839,76.625,0.03554563492063492,639
all,1840,76.66666666666667,0.22023412698412698,40
all,1841,76.70833333333333,0.023714285714285712,33
all,1842,76.75,0.0016964285714285714,27
all,1843,76.79166666666667,0.0001626984126984127,12
all,1844,76.83333333333333,0.0001626984126984127,12
all,1845,76.875,0.00018452380952380953,14
all,1846,76.91666666666667,0.00017857142857142857,13
all,1847,76.95833333333333,0.0001626984126984127,12
all,1848,77.0,0.0001984126984126984,12
all,1849,77.04166666666667,0.00015674603174603173,12
all,1850,77.08333333333333,0.00015476190476190478,12
all,1851,77.125,0.00019047619047619048,13
all,1852,77.16666666666667,0.00022817460317460316,14
all,1853,77.20833333333333,0.00020436507936507937,12
all,1854,77.25,0.00019444444444444443,12
all,1855,77.29166666666667,0.0028273809523809523,13
all,1856,77.33333333333333,0.0037301587301587303,13
all,1857,77.375,0.3240952380952381,83
all,1858,77.41666666666667,0.5775654761904762,13
all,1859,77.45833333333333,0.03275595238095238,18
all,1860,77.5,0.09047420634920635,52
all,1861,77.54166666666667,0.3126587301587302,86
all,1862,77.58333333333333,0.2484186507936508,49
all,1863,77.625,0.039757936507936506,2
all,1864,77.66666666666667,0.08596031746031746,39
all,1865,77.70833333333333,0.1299543650793651,36
all,1866,77.75,0.028501984126984126,0
all,1867,77.79166666666667,0.0,0
all,1868,77.83333333333333,0.0,0
all,1869,77.875,0.0,0
all,1870,77.91666666666667,0.0,0
all,1871,77.95833333333333,0.0,0
all,1872,78.0,0.0,0
all,1873,78.04166666666667,0.0,0
all,1874,78.08333333333333,0.0,0
all,1875,78.125,0.0,0
all,1876,78.16666666666667,0.0,0
all,1877,78.20833333333333,0.0,0
all,1878,78.25,0.0,0
all,1879,78.29166666666667,0.0,0
all,1880,78.33333333333333,0.0,0
all,1881,78.375,0.0,0
all,1882,78.41666666666667,0.00289484126984127,10
all,1883,78.45833333333333,0.012930555555555556,27
all,1884,78.5,0.024430555555555556,35
all,1885,78.54166666666667,0.49334920634920637,118
all,1886,78.58333333333333,0.5257063492063493,236
all,1887,78.625,0.4695297619047619,46
all,1888,78.66666666666667,0.5810198412698413,99
all,1889,78.70833333333333,0.5552380952380952,56
all,1890,78.75,0.09564285714285714,17
all,1891,78.79166666666667,0.15634126984126984,86
all,1892,78.83333333333333,0.2690019841269841,70
all,1893,78.875,0.1012281746031746,103
all,1894,78.91666666666667,0.4870357142857143,73
all,1895,78.95833333333333,0.16739484126984128,52
all,1896,79.0,0.20056547619047618,70
all,1897,79.04166666666667,0.154875,27
all,1898,79.08333333333333,0.15356746031746032,77
all,1899,79.125,0.09464087301587303,41
all,1900,79.16666666666667,0.08211706349206349,35
all,1901,79.20833333333333,0.07043849206349206,36
all,1902,79.25,0.10066071428571428,45
all,1903,79.29166666666667,0.08765277777777779,46
all,1904,79.33333333333333,0.048998015873015874,21
all,1905,79.375,0.059738095238095236,28
all,1906,79.41666666666667,0.08198214285714285,60
all,1907,79.45833333333333,0.4014623015873016,97
all,1908,79.5,0.49114880952380957,126
all,1909,79.54166666666667,0.6712638888888889,82
all,1910,79.58333333333333,0.48041071428571425,66
all,1911,79.625,0.30077579365079365,34
all,1912,79.66666666666667,0.3463373015873016,60
all,1913,79.70833333333333,0.2602480158730159,37
all,1914,79.75,0.6349563492063492,188
all,1915,79.79166666666667,0.5176468253968254,70
all,1916,79.83333333333333,0.5804623015873016,101
all,1917,79.875,0.42225595238095237,70
all,1918,79.91666666666667,0.23205555555555557,34
all,1919,79.95833333333333,0.2843373015873016,79
all,1920,80.0,0.2728789682539683,28
all,1921,80.04166666666667,0.11073412698412699,43
all,1922,80.08333333333333,0.17351785714285714,95
all,1923,80.125,0.3283035714285714,55
all,1924,80.16666666666667,0.1639047619047619,27
all,1925,80.20833333333333,0.10454166666666667,57
all,1926,80.25,0.0569047619047619,22
all,1927,80.29166666666667,0.10310912698412698,55
all,1928,80.33333333333333,0.047771825396825396,28
all,1929,80.375,0.019876984126984125,0
all,1930,80.41666666666667,0.014285714285714285,0
all,1931,80.45833333333333,0.014285714285714285,0
all,1932,80.5,0.013081349206349208,1
all,1933,80.54166666666667,0.007142857142857143,0
all,1934,80.58333333333333,0.007142857142857143,0
all,1935,80.625,0.007142857142857143,0
all,1936,80.66666666666667,0.007142857142857143,0
all,1937,80.70833333333333,0.007142857142857143,0
all,1938,80.75,0.007142857142857143,0
all,1939,80.79166666666667,0.007142857142857143,0
all,1940,80.83333333333333,0.007142857142857143,0
all,1941,80.875,0.007142857142857143,0
all,1942,80.91666666666667,0.007142857142857143,0
all,1943,80.95833333333333,0.007142857142857143,0
all,1944,81.0,0.007142857142857143,0
all,1945,81.04166666666667,0.007142857142857143,0
all,1946,81.08333333333333,0.007142857142857143,0
all,1947,81.125,0.007142857142857143,0
all,1948,81.16666666666667,0.007142857142857143,0
all,1949,81.20833333333333,0.007142857142857143,0
all,1950,81.25,0.007142857142857143,0
all,1951,81.29166666666667,0.007142857142857143,0
all,1952,81.33333333333333,0.007142857142857143,0
all,1953,81.375,0.007142857142857143,0
all,1954,81.41666666666667,0.007142857142857143,0
all,1955,81.45833333333333,0.007142857142857143,0
all,1956,81.5,0.007142857142857143,0
all,1957,81.54166666666667,0.007142857142857143,0
all,1958,81.58333333333333,0.007142857142857143,0
all,1959,81.625,0.007142857142857143,0
all,1960,81.66666666666667,0.007142857142857143,0
all,1961,81.70833333333333,0.007142857142857143,0
all,1962,81.75,0.007142857142857143,0
all,1963,81.79166666666667,0.007142857142857143,0
all,1964,81.83333333333333,0.007142857142857143,0
all,1965,81.875,0.007142857142857143,0
all,1966,81.91666666666667,0.007142857142857143,0
all,1967,81.95833333333333,0.007142857142857143,0
all,1968,82.0,0.007142857142857143,0
all,1969,82.04166666666667,0.007142857142857143,0
all,1970,82.08333333333333,0.007142857142857143,0
all,1971,82.125,0.007142857142857143,0
all,1972,82.16666666666667,0.007142857142857143,0
all,1973,82.20833333333333,0.007142857142857143,0
all,1974,82.25,0.007142857142857143,0
all,1975,82.29166666666667,0.007142857142857143,0
all,1976,82.33333333333333,0.007142857142857143,0
all,1977,82.375,0.007142857142857143,0
all,1978,82.41666666666667,0.0071726190476190475,1
all,1979,82.45833333333333,0.0072738095238095235,4
all,1980,82.5,0.007142857142857143,0
all,1981,82.54166666666667,0.007238095238095239,3
all,1982,82.58333333333333,0.007609126984126984,7
all,1983,82.625,0.01165277777777778,10
all,1984,82.66666666666667,0.013867063492063491,23
all,1985,82.70833333333333,0.014825396825396825,23
all,1986,82.75,0.014537698412698414,18
all,1987,82.79166666666667,0.014519841269841268,18
all,1988,82.83333333333333,0.014599206349206351,19
all,1989,82.875,0.014531746031746033,18
all,1990,82.91666666666667,0.014549603174603175,18
all,1991,82.95833333333333,0.01455357142857143,18
all,1992,83.0,0.014517857142857145,17
all,1993,83.04166666666667,0.014561507936507935,18
all,1994,83.08333333333333,0.010442460317460317,18
all,1995,83.125,0.007321428571428571,19
all,1996,83.16666666666667,0.0034781746031746033,18
all,1997,83.20833333333333,0.00029365079365079364,20
all,1998,83.25,0.007111111111111111,22
all,1999,83.29166666666667,0.001255952380952381,20
all,2000,83.33333333333333,0.005702380952380953,19
all,2001,83.375,0.0002996031746031746,19
all,2002,83.41666666666667,0.0009642857142857144,29
all,2003,83.45833333333333,0.0009603174603174604,39
all,2004,83.5,0.0003115079365079365,17
all,2005,83.54166666666667,0.0001507936507936508,9
all,2006,83.58333333333333,0.00018452380952380953,12
all,2007,83.625,0.004103174603174603,496
all,2008,83.66666666666667,0.0042976190476190475,15
all,2009,83.70833333333333,6.944444444444444e-05,2
all,2010,83.75,0.008746031746031746,9
all,2011,83.79166666666667,0.007422619047619047,7
all,2012,83.83333333333333,0.007212301587301587,6
all,2013,83.875,0.007212301587301587,6
all,2014,83.91666666666667,0.007226190476190476,8
all,2015,83.95833333333333,0.007248015873015874,9
all,2016,84.0,0.007240079365079364,8
all,2017,84.04166666666667,0.00723015873015873,8
all,2018,84.08333333333333,0.004093253968253968,8
all,2019,84.125,0.00010515873015873015,8
all,2020,84.16666666666667,0.00010317460317460317,8
all,2021,84.20833333333333,0.00010714285714285714,10
all,2022,84.25,0.0027738095238095234,10
all,2023,84.29166666666667,0.00024206349206349207,9
all,2024,84.33333333333333,0.0008115079365079365,15
all,2025,84.375,0.0022341269841269842,11
all,2026,84.41666666666667,9.92063492063492e-05,10
all,2027,84.45833333333333,0.002916666666666667,13
all,2028,84.5,0.0005158730158730158,15
all,2029,84.54166666666667,0.004884920634920635,465
all,2030,84.58333333333333,0.00024603174603174605,20
all,2031,84.625,0.08578174603174603,114
all,2032,84.66666666666667,0.3851527777777778,21
all,2033,84.70833333333333,0.29797222222222225,13
all,2034,84.75,0.07507142857142857,15
all,2035,84.79166666666667,0.008603174603174604,8
all,2036,84.83333333333333,0.007206349206349207,6
all,2037,84.875,0.006825396825396826,9
all,2038,84.91666666666667,8.134920634920635e-05,8
all,2039,84.95833333333333,0.0028214285714285715,11
all,2040,85.0,0.002232142857142857,15
all,2041,85.04166666666667,0.024547619047619047,38
all,2042,85.08333333333333,0.3647996031746032,165
all,2043,85.125,0.2476904761904762,70
all,2044,85.16666666666667,0.0001130952380952381,8
all,2045,85.20833333333333,0.00015873015873015873,10
all,2046,85.25,0.003623015873015873,10
all,2047,85.29166666666667,0.0,0
all,2048,85.33333333333333,0.0001130952380952381,8
all,2049,85.375,0.19996626984126983,98
all,2050,85.41666666666667,0.6433968253968254,55
all,2051,85.45833333333333,0.5708253968253968,5
all,2052,85.5,0.5251726190476191,5
all,2053,85.54166666666667,0.5287301587301587,7
all,2054,85.58333333333333,0.5300158730158729,35
all,2055,85.625,0.5376825396825397,8
all,2056,85.66666666666667,0.5387162698412699,11
all,2057,85.70833333333333,0.5369722222222222,22
all,2058,85.75,0.5340873015873017,11
all,2059,85.79166666666667,0.5857400793650793,58
all,2060,85.83333333333333,0.8224801587301588,126
all,2061,85.875,0.635904761904762,103
all,2062,85.91666666666667,0.44091865079365083,61
all,2063,85.95833333333333,0.3743849206349206,58
all,2064,86.0,0.2543452380952381,11
all,2065,86.04166666666667,0.1862202380952381,0
all,2066,86.08333333333333,0.2563293650793651,30
all,2067,86.125,0.23189682539682538,16
all,2068,86.16666666666667,0.19217063492063494,4
all,2069,86.20833333333333,0.20834920634920637,16
all,2070,86.25,0.23162500000000003,13
all,2071,86.29166666666667,0.22731150793650795,19
all,2072,86.33333333333333,0.1467361111111111,32
all,2073,86.375,0.11359722222222222,28
all,2074,86.41666666666667,0.2923095238095238,51
all,2075,86.45833333333333,0.16531349206349205,8
all,2076,86.5,0.11382936507936509,33
all,2077,86.54166666666667,0.11836309523809524,33
all,2078,86.58333333333333,0.23453968253968255,92
all,2079,86.625,0.6314940476190476,306
all,2080,86.66666666666667,0.6239880952380953,214
all,2081,86.70833333333333,0.7542718253968255,216
all,2082,86.75,0.5293908730158731,195
all,2083,86.79166666666667,0.5876726190476191,187
all,2084,86.83333333333333,0.7117857142857144,53
all,2085,86.875,0.7194861111111112,60
all,2086,86.91666666666667,0.8134424603174603,70
all,2087,86.95833333333333,0.770656746031746,54
all,2088,87.0,0.7645952380952381,60
all,2089,87.04166666666667,0.590829365079365,34
all,2090,87.08333333333333,0.6881646825396825,102
all,2091,87.125,0.6949444444444445,79
all,2092,87.16666666666667,0.750922619047619,82
all,2093,87.20833333333333,0.7320734126984126,140
all,2094,87.25,0.4840535714285714,54
all,2095,87.29166666666667,0.2719107142857143,12
all,2096,87.33333333333333,0.2204761904761905,13
all,2097,87.375,0.33056150793650796,55
all,2098,87.41666666666667,0.6452142857142857,95
all,2099,87.45833333333333,0.33925,16
all,2100,87.5,0.3390892857142857,66
all,2101,87.54166666666667,0.6431309523809523,49
all,2102,87.58333333333333,0.45200793650793647,46
all,2103,87.625,0.5460396825396826,54
all,2104,87.66666666666667,0.31316666666666665,35
all,2105,87.70833333333333,0.43605158730158733,42
all,2106,87.75,0.4466051587301587,39
all,2107,87.79166666666667,0.43139880952380955,18
all,2108,87.83333333333333,0.26479365079365075,16
all,2109,87.875,0.38405357142857144,76
all,2110,87.91666666666667,0.5111230158730159,23
all,2111,87.95833333333333,0.3490218253968254,8
all,2112,88.0,0.23396031746031745,25
all,2113,88.04166666666667,0.32857142857142857,0
all,2114,88.08333333333333,0.3272777777777778,5
all,2115,88.125,0.21961706349206347,24
all,2116,88.16666666666667,0.329875,5
all,2117,88.20833333333333,0.33085714285714285,4
all,2118,88.25,0.2357202380952381,5
all,2119,88.29166666666667,0.30936309523809524,25
all,2120,88.33333333333333,0.33921825396825395,5
all,2121,88.375,0.28268055555555555,4
all,2122,88.41666666666667,0.24499603174603177,24
all,2123,88.45833333333333,0.32861904761904764,4
all,2124,88.5,0.3192261904761905,5
all,2125,88.54166666666667,0.20973809523809525,24
all,2126,88.58333333333333,0.32862103174603174,4
all,2127,88.625,0.32845833333333335,4
all,2128,88.66666666666667,0.22279563492063492,4
all,2129,88.70833333333333,0.3101587301587302,24
all,2130,88.75,0.32863492063492067,4
all,2131,88.79166666666667,0.2608968253968254,4
all,2132,88.83333333333333,0.2888948412698413,26
all,2133,88.875,0.3270019841269841,4
all,2134,88.91666666666667,0.2766011904761905,6
all,2135,88.95833333333333,0.23865476190476193,25
all,2136,89.0,0.3197162698412699,4
all,2137,89.04166666666667,0.31009126984126983,0
all,2138,89.08333333333333,0.18956349206349205,25
all,2139,89.125,0.3177936507936508,5
all,2140,89.16666666666667,0.314375,4
all,2141,89.20833333333333,0.22723214285714285,4
all,2142,89.25,0.17478769841269842,5
all,2143,89.29166666666667,0.17513690476190477,4
all,2144,89.33333333333333,0.17716071428571428,5
all,2145,89.375,0.22600198412698413,55
all,2146,89.41666666666667,0.2815753968253968,157
all,2147,89.45833333333333,0.1846170634920635,10
all,2148,89.5,0.19768253968253968,10
all,2149,89.54166666666667,0.18702579365079366,17
all,2150,89.58333333333333,0.29784325396825395,50
all,2151,89.625,0.3823075396825397,53
all,2152,89.66666666666667,0.38501587301587303,50
all,2153,89.70833333333333,0.2695515873015873,133
all,2154,89.75,0.2311904761904762,78
all,2155,89.79166666666667,0.525079365079365,51
all,2156,89.83333333333333,0.411640873015873,2
all,2157,89.875,0.38389285714285715,0
all,2158,89.91666666666667,0.37859325396825394,2
all,2159,89.95833333333333,0.37859325396825394,2
all,2160,90.0,0.3786011904761905,2
all,2161,90.04166666666667,0.3785892857142857,2
all,2162,90.08333333333333,0.37859325396825394,2
all,2163,90.125,0.3785257936507937,2
all,2164,90.16666666666667,0.3449920634920635,3
all,2165,90.20833333333333,0.09105753968253968,3
all,2166,90.25,0.01913888888888889,4
all,2167,90.29166666666667,0.012573412698412698,3
all,2168,90.33333333333333,0.007246031746031746,2
all,2169,90.375,0.009146825396825396,4
all,2170,90.41666666666667,0.026601190476190476,33
all,2171,90.45833333333333,0.3476944444444444,34
all,2172,90.5,0.35695238095238097,10
all,2173,90.54166666666667,0.4455218253968254,92
all,2174,90.58333333333333,0.7541210317460317,78
all,2175,90.625,0.7420833333333333,122
all,2176,90.66666666666667,0.7424206349206349,115
all,2177,90.70833333333333,0.7411686507936508,107
all,2178,90.75,0.6305,140
all,2179,90.79166666666667,0.6588412698412699,112
all,2180,90.83333333333333,0.7333472222222222,105
all,2181,90.875,0.6808829365079365,84
all,2182,90.91666666666667,0.6596527777777778,138
all,2183,90.95833333333333,0.685843253968254,120
all,2184,91.0,0.6798611111111111,125
all,2185,91.04166666666667,0.41708531746031746,30
all,2186,91.08333333333333,0.28041666666666665,137
all,2187,91.125,0.6525357142857143,62
all,2188,91.16666666666667,0.4820396825396825,110
all,2189,91.20833333333333,0.583827380952381,100
all,2190,91.25,0.41096031746031747,67
all,2191,91.29166666666667,0.3973988095238095,57
all,2192,91.33333333333333,0.43985515873015874,40
all,2193,91.375,0.32465277777777773,33
all,2194,91.41666666666667,0.3259821428571429,31
all,2195,91.45833333333333,0.2773253968253968,24
all,2196,91.5,0.2858551587301587,19
all,2197,91.54166666666667,0.24251587301587305,49
all,2198,91.58333333333333,0.2533769841269841,33
all,2199,91.625,0.3254424603174603,81
all,2200,91.66666666666667,0.4523511904761905,23
all,2201,91.70833333333333,0.32545833333333335,42
all,2202,91.75,0.34151587301587305,43
all,2203,91.79166666666667,0.25800396825396826,32
all,2204,91.83333333333333,0.20236904761904762,48
all,2205,91.875,0.288515873015873,35
all,2206,91.91666666666667,0.21702182539682538,41
all,2207,91.95833333333333,0.16937103174603174,27
all,2208,92.0,0.15685912698412696,44
all,2209,92.04166666666667,0.207625,28
all,2210,92.08333333333333,0.3184484126984127,69
all,2211,92.125,0.35756547619047624,31
all,2212,92.16666666666667,0.19494642857142858,34
all,2213,92.20833333333333,0.2934980158730159,60
all,2214,92.25,0.22164285714285714,51
all,2215,92.29166666666667,0.208125,29
all,2216,92.33333333333333,0.32971626984126984,62
all,2217,92.375,0.37517460317460316,47
all,2218,92.41666666666667,0.25605952380952385,39
all,2219,92.45833333333333,0.17808333333333334,28
all,2220,92.5,0.14453373015873014,41
all,2221,92.54166666666667,0.38674206349206347,84
all,2222,92.58333333333333,0.5242896825396826,70
all,2223,92.625,0.5971388888888889,40
all,2224,92.66666666666667,0.6202698412698412,26
all,2225,92.70833333333333,0.6363968253968254,27
all,2226,92.75,0.6665257936507937,26
all,2227,92.79166666666667,0.6604305555555555,25
all,2228,92.83333333333333,0.6481190476190476,23
all,2229,92.875,0.6508650793650793,25
all,2230,92.91666666666667,0.6483095238095238,22
all,2231,92.95833333333333,0.6457996031746032,23
all,2232,93.0,0.6005992063492064,26
all,2233,93.04166666666667,0.5617341269841271,55
all,2234,93.08333333333333,0.5325674603174603,61
all,2235,93.125,0.5967678571428572,48
all,2236,93.16666666666667,0.49462896825396824,34
all,2237,93.20833333333333,0.4547123015873016,29
all,2238,93.25,0.47472817460317457,36
all,2239,93.29166666666667,0.4792321428571429,41
all,2240,93.33333333333333,0.41661309523809525,37
all,2241,93.375,0.43573015873015875,39
all,2242,93.41666666666667,0.45624206349206353,42
all,2243,93.45833333333333,0.5505,75
all,2244,93.5,0.6192380952380953,35
all,2245,93.54166666666667,0.4469543650793651,65
all,2246,93.58333333333333,0.47555555555555556,145
all,2247,93.625,0.29390277777777774,96
all,2248,93.66666666666667,0.23316071428571428,76
all,2249,93.70833333333333,0.17908928571428573,25
all,2250,93.75,0.32500793650793647,96
all,2251,93.79166666666667,0.6563035714285714,49
all,2252,93.83333333333333,0.668345238095238,16
all,2253,93.875,0.6592956349206349,21
all,2254,93.91666666666667,0.6448194444444445,25
all,2255,93.95833333333333,0.6041944444444445,33
all,2256,94.0,0.5564047619047618,22
all,2257,94.04166666666667,0.5215873015873016,11
all,2258,94.08333333333333,0.5149662698412699,13
all,2259,94.125,0.48145634920634917,17
all,2260,94.16666666666667,0.3343888888888889,17
all,2261,94.20833333333333,0.07746031746031747,21
all,2262,94.25,0.059363095238095236,20
all,2263,94.29166666666667,0.05023214285714286,24
all,2264,94.33333333333333,0.048317460317460315,19
all,2265,94.375,0.04315674603174603,22
all,2266,94.41666666666667,0.03233531746031746,24
all,2267,94.45833333333333,0.027523809523809523,27
all,2268,94.5,0.025771825396825397,25
all,2269,94.54166666666667,0.02184325396825397,25
all,2270,94.58333333333333,0.01924404761904762,25
all,2271,94.625,0.021819444444444447,24
all,2272,94.66666666666667,0.022486111111111113,24
all,2273,94.70833333333333,0.021779761904761906,24
all,2274,94.75,0.015537698412698411,24
all,2275,94.79166666666667,0.18396031746031746,53
all,2276,94.83333333333333,0.22175396825396826,22
all,2277,94.875,0.22178373015873015,24
all,2278,94.91666666666667,0.21877579365079367,24
all,2279,94.95833333333333,0.2145952380952381,21
all,2280,95.0,0.21463888888888888,24
all,2281,95.04166666666667,0.2145892857142857,20
all,2282,95.08333333333333,0.20445039682539684,26
all,2283,95.125,0.191265873015873,26
all,2284,95.16666666666667,0.16273015873015875,25
all,2285,95.20833333333333,0.12498412698412698,30
all,2286,95.25,0.11152380952380953,27
all,2287,95.29166666666667,0.09646031746031747,26
all,2288,95.33333333333333,0.0811547619047619,24
all,2289,95.375,0.07465873015873016,24
all,2290,95.41666666666667,0.06259325396825396,25
all,2291,95.45833333333333,0.05794642857142858,25
all,2292,95.5,0.04958531746031746,26
all,2293,95.54166666666667,0.04493055555555556,25
all,2294,95.58333333333333,0.028271825396825396,26
all,2295,95.625,0.028930555555555553,24
all,2296,95.66666666666667,0.029319444444444447,27
all,2297,95.70833333333333,0.028902777777777777,26
all,2298,95.75,0.0289484126984127,24
all,2299,95.79166666666667,0.02891865079365079,24
all,2300,95.83333333333333,0.029251984126984126,21
all,2301,95.875,0.02893253968253968,24
all,2302,95.91666666666667,0.028275793650793652,25
all,2303,95.95833333333333,0.028944444444444446,24
all,2304,96.0,0.03339285714285714,27
all,2305,96.04166666666667,0.029382936507936507,25
all,2306,96.08333333333333,0.02691468253968254,26
all,2307,96.125,0.028882936507936507,25
all,2308,96.16666666666667,0.021180555555555553,25
all,2309,96.20833333333333,0.021873015873015874,26
all,2310,96.25,0.019093253968253968,24
all,2311,96.29166666666667,0.014964285714285716,26
all,2312,96.33333333333333,0.007942460317460317,25
all,2313,96.375,0.019835317460317463,50
all,2314,96.41666666666667,0.06546230158730158,97
all,2315,96.45833333333333,0.07555753968253968,78
all,2316,96.5,0.3722936507936508,49
all,2317,96.54166666666667,0.38972420634920635,20
all,2318,96.58333333333333,0.4325376984126984,107
all,2319,96.625,0.4263888888888889,83
all,2320,96.66666666666667,0.4109107142857143,37
all,2321,96.70833333333333,0.412859126984127,45
all,2322,96.75,0.4317579365079365,123
all,2323,96.79166666666667,0.39958333333333335,92
all,2324,96.83333333333333,0.3809563492063492,100
all,2325,96.875,0.364843253968254,45
all,2326,96.91666666666667,0.36463293650793654,24
all,2327,96.95833333333333,0.3684900793650794,28
all,2328,97.0,0.37293055555555554,24
all,2329,97.04166666666667,0.37212698412698414,24
all,2330,97.08333333333333,0.3721329365079365,56
all,2331,97.125,0.3720297619047619,44
all,2332,97.16666666666667,0.3721845238095238,53
all,2333,97.20833333333333,0.37182738095238094,26
all,2334,97.25,0.3717956349206349,24
all,2335,97.29166666666667,0.37181349206349207,24
all,2336,97.33333333333333,0.37360912698412696,39
all,2337,97.375,0.3797876984126984,63
all,2338,97.41666666666667,0.3840357142857143,65
all,2339,97.45833333333333,0.3925873015873016,123
all,2340,97.5,0.36083333333333334,46
all,2341,97.54166666666667,0.3574107142857143,19
all,2342,97.58333333333333,0.39353373015873017,114
all,2343,97.625,0.382672619047619,99
all,2344,97.66666666666667,0.3663551587301587,60
all,2345,97.70833333333333,0.4476230158730159,66
all,2346,97.75,0.5401884920634921,29
all,2347,97.79166666666667,0.5377837301587302,22
all,2348,97.83333333333333,0.5334642857142857,19
all,2349,97.875,0.5264900793650794,57
all,2350,97.91666666666667,0.5223154761904762,35
all,2351,97.95833333333333,0.5167738095238095,24
all,2352,98.0,0.443984126984127,21
all,2353,98.04166666666667,0.30763690476190475,44
all,2354,98.08333333333333,0.2506329365079365,48
all,2355,98.125,0.19666666666666668,20
all,2356,98.16666666666667,0.15105753968253968,20
all,2357,98.20833333333333,0.03940476190476191,22
all,2358,98.25,0.00029166666666666664,20
all,2359,98.29166666666667,0.0985952380952381,47
all,2360,98.33333333333333,0.17911904761904762,20
all,2361,98.375,0.1792123015873016,51
all,2362,98.41666666666667,0.37946825396825395,327
all,2363,98.45833333333333,0.7892321428571429,71
all,2364,98.5,0.9265694444444446,21
all,2365,98.54166666666667,0.9255257936507937,15
all,2366,98.58333333333333,0.876031746031746,80
all,2367,98.625,0.8555138888888889,73
all,2368,98.66666666666667,0.8491527777777778,26
all,2369,98.70833333333333,0.851093253968254,59
all,2370,98.75,0.8460535714285715,75
all,2371,98.79166666666667,0.8299722222222222,40
all,2372,98.83333333333333,0.7232182539682539,32
all,2373,98.875,0.49910317460317466,25
all,2374,98.91666666666667,0.4643511904761905,35
all,2375,98.95833333333333,0.46480952380952384,23
all,2376,99.0,0.4643611111111111,4
all,2377,99.04166666666667,0.46434523809523814,30
all,2378,99.08333333333333,0.4643531746031746,34
all,2379,99.125,0.46428373015873015,13
all,2380,99.16666666666667,0.45721031746031743,35
all,2381,99.20833333333333,0.45638492063492064,4
all,2382,99.25,0.4432837301587301,4
all,2383,99.29166666666667,0.44290079365079366,3
all,2384,99.33333333333333,0.4433511904761905,6
all,2385,99.375,0.4896150793650794,60
all,2386,99.41666666666667,0.5989484126984127,51
all,2387,99.45833333333333,0.5725555555555556,20
all,2388,99.5,0.5477500000000001,39
all,2389,99.54166666666667,0.6567996031746032,43
all,2390,99.58333333333333,0.6456507936507937,140
all,2391,99.625,0.6630238095238096,32
all,2392,99.66666666666667,0.6642857142857143,18
all,2393,99.70833333333333,0.6640257936507936,8
all,2394,99.75,0.6641051587301587,33
all,2395,99.79166666666667,0.6642857142857143,17
all,2396,99.83333333333333,0.6636646825396826,6
all,2397,99.875,0.6642857142857143,24
all,2398,99.91666666666667,0.6640158730158731,45
all,2399,99.95833333333333,0.6585634920634921,20
all,2400,100.0,0.6368154761904762,8
all,2401,100.04166666666667,0.5809285714285715,9
all,2402,100.08333333333333,0.4861587301587301,9
all,2403,100.125,0.461,9
all,2404,100.16666666666667,0.46070436507936513,8
all,2405,100.20833333333333,0.4573075396825397,24
all,2406,100.25,0.45727182539682537,9
all,2407,100.29166666666667,0.45762499999999995,9
all,2408,100.33333333333333,0.4421626984126984,14
all,2409,100.375,0.06670238095238094,8
all,2410,100.41666666666667,0.03600793650793651,8
all,2411,100.45833333333333,0.0313531746031746,10
all,2412,100.5,0.02978174603174603,10
all,2413,100.54166666666667,0.03107738095238095,10
all,2414,100.58333333333333,0.028787698412698414,37
all,2415,100.625,0.10944642857142857,50
all,2416,100.66666666666667,0.46651785714285715,26
all,2417,100.70833333333333,0.5001686507936508,8
all,2418,100.75,0.5001448412698413,8
all,2419,100.79166666666667,0.5001408730158731,8
all,2420,100.83333333333333,0.5001587301587301,8
all,2421,100.875,0.5070853174603175,36
all,2422,100.91666666666667,0.5072857142857142,47
all,2423,100.95833333333333,0.5072876984126984,8
all,2424,101.0,0.5073075396825397,8
all,2425,101.04166666666667,0.5072876984126984,8
all,2426,101.08333333333333,0.5076210317460318,8
all,2427,101.125,0.5041428571428571,13
all,2428,101.16666666666667,0.497468253968254,22
all,2429,101.20833333333333,0.4907698412698413,52
all,2430,101.25,0.5429999999999999,8
all,2431,101.29166666666667,0.5447876984126984,13
all,2432,101.33333333333333,0.6016924603174604,26
all,2433,101.375,0.5956011904761905,17
all,2434,101.41666666666667,0.5940753968253968,17
all,2435,101.45833333333333,0.5938095238095239,22
all,2436,101.5,0.5930595238095239,52
all,2437,101.54166666666667,0.5930138888888888,15
all,2438,101.58333333333333,0.5930376984126984,40
all,2439,101.625,0.5918690476190476,46
all,2440,101.66666666666667,0.583906746031746,22
all,2441,101.70833333333333,0.5855218253968254,23
all,2442,101.75,0.5656071428571429,79
all,2443,101.79166666666667,0.5929980158730159,44
all,2444,101.83333333333333,0.5879007936507936,21
all,2445,101.875,0.5804503968253968,51
all,2446,101.91666666666667,0.5787142857142857,8
all,2447,101.95833333333333,0.5860694444444445,11
all,2448,102.0,0.586579365079365,31
all,2449,102.04166666666667,0.578686507936508,38
all,2450,102.08333333333333,0.5787678571428572,14
all,2451,102.125,0.5787222222222222,24
all,2452,102.16666666666667,0.5708452380952381,18
all,2453,102.20833333333333,0.5668134920634921,43
all,2454,102.25,0.5735039682539682,43
all,2455,102.29166666666667,0.5582698412698412,36
all,2456,102.33333333333333,0.571156746031746,54
all,2457,102.375,0.5715595238095238,10
all,2458,102.41666666666667,0.5665753968253968,28
all,2459,102.45833333333333,0.5587619047619048,22
all,2460,102.5,0.5501488095238095,42
all,2461,102.54166666666667,0.5550277777777778,12
all,2462,102.58333333333333,0.5501448412698413,8
all,2463,102.625,0.5501448412698413,8
all,2464,102.66666666666667,0.5195039682539683,8
all,2465,102.70833333333333,0.4192321428571429,8
all,2466,102.75,0.32231944444444444,9
all,2467,102.79166666666667,0.2569543650793651,9
all,2468,102.83333333333333,0.09873214285714285,15
all,2469,102.875,0.3704900793650794,52
all,2470,102.91666666666667,0.4928571428571429,0
all,2471,102.95833333333333,0.4886626984126984,35
all,2472,103.0,0.4746944444444445,31
all,2473,103.04166666666667,0.47155158730158725,11
all,2474,103.08333333333333,0.4715456349206349,7
all,2475,103.125,0.4716071428571429,8
all,2476,103.16666666666667,0.4708928571428571,11
all,2477,103.20833333333333,0.47157142857142853,14
all,2478,103.25,0.47157142857142853,51
all,2479,103.29166666666667,0.4715357142857143,7
all,2480,103.33333333333333,0.4719563492063492,7
all,2481,103.375,0.47164285714285714,9
all,2482,103.41666666666667,0.4715734126984127,14
all,2483,103.45833333333333,0.47157539682539684,7
all,2484,103.5,0.47159523809523807,9
all,2485,103.54166666666667,0.47567261904761904,25
all,2486,103.58333333333333,0.47155158730158725,7
all,2487,103.625,0.4715654761904762,6
all,2488,103.66666666666667,0.4704305555555556,55
all,2489,103.70833333333333,0.4639801587301588,53
all,2490,103.75,0.4573055555555555,51
all,2491,103.79166666666667,0.45724007936507943,51
all,2492,103.83333333333333,0.45724404761904763,9
all,2493,103.875,0.45724007936507943,17
all,2494,103.91666666666667,0.45731150793650793,31
all,2495,103.95833333333333,0.4572460317460318,6
all,2496,104.0,0.45725396825396825,7
all,2497,104.04166666666667,0.45726984126984127,7
all,2498,104.08333333333333,0.45727182539682537,7
all,2499,104.125,0.4579920634920635,8
all,2500,104.16666666666667,0.45723214285714286,5
all,2501,104.20833333333333,0.45728968253968255,8
all,2502,104.25,0.45725793650793656,16
all,2503,104.29166666666667,0.457297619047619,29
all,2504,104.33333333333333,0.4576388888888889,8
all,2505,104.375,0.45824801587301583,9
all,2506,104.41666666666667,0.4572797619047619,7
all,2507,104.45833333333333,0.4572837301587302,7
all,2508,104.5,0.4573511904761905,14
all,2509,104.54166666666667,0.45799404761904766,8
all,2510,104.58333333333333,0.45729166666666665,8
all,2511,104.625,0.4572738095238095,11
all,2512,104.66666666666667,0.4572757936507937,9
all,2513,104.70833333333333,0.4572599206349206,7
all,2514,104.75,0.45729960317460316,8
all,2515,104.79166666666667,0.45726190476190476,7
all,2516,104.83333333333333,0.45724404761904763,6
all,2517,104.875,0.45729960317460316,22
all,2518,104.91666666666667,0.45727182539682537,24
all,2519,104.95833333333333,0.27002579365079366,54
all,2520,105.0,0.5219484126984126,77
all,2521,105.04166666666667,0.6,0
all,2522,105.08333333333333,0.6,0
all,2523,105.125,0.6,0
all,2524,105.16666666666667,0.6,36
all,2525,105.20833333333333,0.6000277777777778,29
all,2526,105.25,0.6,22
all,2527,105.29166666666667,0.6,9
all,2528,105.33333333333333,0.6,28
all,2529,105.375,0.600984126984127,32
all,2530,105.41666666666667,0.6,0
all,2531,105.45833333333333,0.6,0
all,2532,105.5,0.6000099206349206,22
all,2533,105.54166666666667,0.6047876984126984,53
all,2534,105.58333333333333,0.6,0
all,2535,105.625,0.6,2
all,2536,105.66666666666667,0.6,0
all,2537,105.70833333333333,0.6,5
all,2538,105.75,0.6,27
all,2539,105.79166666666667,0.6,41
all,2540,105.83333333333333,0.6,26
all,2541,105.875,0.6,61
all,2542,105.91666666666667,0.6,15
all,2543,105.95833333333333,0.6,28
all,2544,106.0,0.6,14
all,2545,106.04166666666667,0.6,28
all,2546,106.08333333333333,0.6,0
all,2547,106.125,0.6,0
all,2548,106.16666666666667,0.6,44
all,2549,106.20833333333333,0.6000238095238095,14
all,2550,106.25,0.6,0
all,2551,106.29166666666667,0.6,0
all,2552,106.33333333333333,0.6,27
all,2553,106.375,0.6004027777777777,3
all,2554,106.41666666666667,0.6,0
all,2555,106.45833333333333,0.6009325396825397,2
all,2556,106.5,0.600013888888889,1
all,2557,106.54166666666667,0.600013888888889,3
all,2558,106.58333333333333,0.6,1
all,2559,106.625,0.6,0
all,2560,106.66666666666667,0.6,0
all,2561,106.70833333333333,0.6,0
all,2562,106.75,0.6006825396825396,1
all,2563,106.79166666666667,0.6006805555555556,34
all,2564,106.83333333333333,0.6,2
all,2565,106.875,0.597047619047619,2
all,2566,106.91666666666667,0.5841507936507937,0
all,2567,106.95833333333333,0.5699464285714286,0
all,2568,107.0,0.5590654761904762,0
all,2569,107.04166666666667,0.5145952380952381,16
all,2570,107.08333333333333,0.4831369047619048,16
all,2571,107.125,0.4167321428571429,50
all,2572,107.16666666666667,0.45,0
all,2573,107.20833333333333,0.45002579365079365,2
all,2574,107.25,0.45,2
all,2575,107.29166666666667,0.45,0
all,2576,107.33333333333333,0.45,0
all,2577,107.375,0.45,0
all,2578,107.41666666666667,0.45,0
all,2579,107.45833333333333,0.3705456349206349,0
all,2580,107.5,0.028585317460317464,1
all,2581,107.54166666666667,0.3126329365079365,81
all,2582,107.58333333333333,0.6,7
all,2583,107.625,0.6,0
all,2584,107.66666666666667,0.6,0
all,2585,107.70833333333333,0.6,0
all,2586,107.75,0.6,0
all,2587,107.79166666666667,0.6,24
all,2588,107.83333333333333,0.6,0
all,2589,107.875,0.6,0
all,2590,107.91666666666667,0.6,30
all,2591,107.95833333333333,0.6,14
all,2592,108.0,0.6,8
all,2593,108.04166666666667,0.6,0
all,2594,108.08333333333333,0.6,0
all,2595,108.125,0.6,34
all,2596,108.16666666666667,0.6,1
all,2597,108.20833333333333,0.6000238095238095,2
all,2598,108.25,0.6,1
all,2599,108.29166666666667,0.6,6
all,2600,108.33333333333333,0.6,0
all,2601,108.375,0.6,0
all,2602,108.41666666666667,0.6,40
all,2603,108.45833333333333,0.5872638888888889,9
all,2604,108.5,0.568470238095238,1
all,2605,108.54166666666667,0.4955773809523809,1
all,2606,108.58333333333333,0.3712361111111111,0
all,2607,108.625,0.2471190476190476,13
all,2608,108.66666666666667,0.17267857142857143,26
all,2609,108.70833333333333,0.10044047619047619,5
all,2610,108.75,0.06088492063492064,5
all,2611,108.79166666666667,0.038964285714285715,4
all,2612,108.83333333333333,0.02857142857142857,0
all,2613,108.875,0.02857142857142857,24
all,2614,108.91666666666667,0.02857142857142857,0
all,2615,108.95833333333333,0.3054880952380952,80
all,2616,109.0,0.6,4
all,2617,109.04166666666667,0.6,0
all,2618,109.08333333333333,0.6,4
all,2619,109.125,0.6,26
all,2620,109.16666666666667,0.6,1
all,2621,109.20833333333333,0.600561507936508,3
all,2622,109.25,0.6042361111111111,0
all,2623,109.29166666666667,0.6,0
all,2624,109.33333333333333,0.6,0
all,2625,109.375,0.6,0
all,2626,109.41666666666667,0.6,12
all,2627,109.45833333333333,0.6,0
all,2628,109.5,0.6000218253968255,2
all,2629,109.54166666666667,0.6,0
all,2630,109.58333333333333,0.6,38
all,2631,109.625,0.6,0
all,2632,109.66666666666667,0.6,0
all,2633,109.70833333333333,0.6,23
all,2634,109.75,0.6,44
all,2635,109.79166666666667,0.5942619047619048,7
all,2636,109.83333333333333,0.5928571428571429,0
all,2637,109.875,0.587827380952381,0
all,2638,109.91666666666667,0.572954365079365,0
all,2639,109.95833333333333,0.5664166666666667,39
all,2640,110.0,0.5594623015873016,46
all,2641,110.04166666666667,0.5233730158730159,56
all,2642,110.08333333333333,0.4619246031746032,43
all,2643,110.125,0.34588095238095234,13
all,2644,110.16666666666667,0.25758134920634923,0
all,2645,110.20833333333333,0.1755595238095238,2
all,2646,110.25,0.10870238095238095,0
all,2647,110.29166666666667,0.22102976190476192,58
all,2648,110.33333333333333,0.6140674603174604,22
all,2649,110.375,0.6284543650793651,0
all,2650,110.41666666666667,0.6123789682539682,28
all,2651,110.45833333333333,0.3685297619047619,29
all,2652,110.5,0.30010714285714285,10
all,2653,110.54166666666667,0.3065714285714286,2
all,2654,110.58333333333333,0.30149404761904763,1
all,2655,110.625,0.5239444444444444,50
all,2656,110.66666666666667,0.657172619047619,3
all,2657,110.70833333333333,0.6691210317460318,52
all,2658,110.75,0.7285773809523809,0
all,2659,110.79166666666667,0.7240099206349205,14
all,2660,110.83333333333333,0.7289543650793651,37
all,2661,110.875,0.7185376984126984,0
all,2662,110.91666666666667,0.686140873015873,2
all,2663,110.95833333333333,0.6381388888888888,24
all,2664,111.0,0.6357142857142857,0
all,2665,111.04166666666667,0.6300198412698413,0
all,2666,111.08333333333333,0.3123492063492064,0
all,2667,111.125,0.23144444444444442,0
all,2668,111.16666666666667,0.21428769841269843,0
all,2669,111.20833333333333,0.21428571428571427,0
all,2670,111.25,0.2139761904761905,0
all,2671,111.29166666666667,0.18360119047619047,0
all,2672,111.33333333333333,0.17865079365079367,7
all,2673,111.375,0.1779861111111111,0
all,2674,111.41666666666667,0.17142857142857143,0
all,2675,111.45833333333333,0.17142857142857143,0
all,2676,111.5,0.17142857142857143,0
all,2677,111.54166666666667,0.17155357142857142,12
all,2678,111.58333333333333,0.17142857142857143,0
all,2679,111.625,0.248656746031746,37
all,2680,111.66666666666667,0.3136130952380952,90
all,2681,111.70833333333333,0.3036190476190476,7
all,2682,111.75,0.29009722222222223,20
all,2683,111.79166666666667,0.27172619047619045,20
all,2684,111.83333333333333,0.2530218253968254,16
all,2685,111.875,0.23065079365079366,38
all,2686,111.91666666666667,0.21139880952380954,31
all,2687,111.95833333333333,0.19512896825396825,22
all,2688,112.0,0.18137103174603175,20
all,2689,112.04166666666667,0.1640873015873016,20
all,2690,112.08333333333333,0.1574722222222222,20
all,2691,112.125,0.1132202380952381,20
all,2692,112.16666666666667,0.07895238095238095,20
all,2693,112.20833333333333,0.07904166666666668,35
all,2694,112.25,0.07788690476190477,22
all,2695,112.29166666666667,0.0723670634920635,20
all,2696,112.33333333333333,0.06465277777777778,26
all,2697,112.375,0.10564285714285714,128
all,2698,112.41666666666667,0.24277777777777776,111
all,2699,112.45833333333333,0.6500515873015873,67
all,2700,112.5,0.6500158730158729,4
all,2701,112.54166666666667,0.6502857142857144,29
all,2702,112.58333333333333,0.6502837301587302,29
all,2703,112.625,0.6505555555555556,24
all,2704,112.66666666666667,0.6502876984126984,30
all,2705,112.70833333333333,0.6501507936507936,18
all,2706,112.75,0.6972162698412698,61
all,2707,112.79166666666667,0.8359503968253967,95
all,2708,112.83333333333333,0.8435396825396825,73
all,2709,112.875,0.8430734126984127,22
all,2710,112.91666666666667,0.5741547619047619,64
all,2711,112.95833333333333,0.8119900793650794,41
all,2712,113.0,0.8432559523809524,41
all,2713,113.04166666666667,0.8430039682539683,17
all,2714,113.08333333333333,0.8429444444444444,9
all,2715,113.125,0.8410337301587302,18
all,2716,113.16666666666667,0.8431071428571428,16
all,2717,113.20833333333333,0.8431269841269842,19
all,2718,113.25,0.8444246031746032,24
all,2719,113.29166666666667,0.8435138888888889,22
all,2720,113.33333333333333,0.8430753968253968,20
all,2721,113.375,0.8437757936507937,46
all,2722,113.41666666666667,0.8431388888888889,57
all,2723,113.45833333333333,0.9354761904761905,70
all,2724,113.5,0.9665575396825398,35
all,2725,113.54166666666667,0.9659107142857142,33
all,2726,113.58333333333333,0.9663253968253969,32
all,2727,113.625,0.9698888888888888,28
all,2728,113.66666666666667,0.9718948412698412,27
all,2729,113.70833333333333,0.9716269841269841,22
all,2730,113.75,0.9608293650793651,19
all,2731,113.79166666666667,0.9531309523809524,31
all,2732,113.83333333333333,0.9716746031746031,24
all,2733,113.875,0.9659563492063492,22
all,2734,113.91666666666667,0.9588849206349206,24
all,2735,113.95833333333333,0.9341488095238095,58
all,2736,114.0,0.9363373015873014,70
all,2737,114.04166666666667,0.9354761904761905,26
all,2738,114.08333333333333,0.9348452380952381,24
all,2739,114.125,0.9309345238095239,92
all,2740,114.16666666666667,0.8746369047619048,30
all,2741,114.20833333333333,0.7781964285714286,40
all,2742,114.25,0.6699999999999999,22
all,2743,114.29166666666667,0.5674761904761905,31
all,2744,114.33333333333333,0.5048849206349206,66
all,2745,114.375,0.48616269841269844,26
all,2746,114.41666666666667,0.48287103174603174,29
all,2747,114.45833333333333,0.44848611111111114,38
all,2748,114.5,0.4362063492063492,29
all,2749,114.54166666666667,0.43614682539682537,36
all,2750,114.58333333333333,0.4403472222222222,33
all,2751,114.625,0.4360099206349206,54
all,2752,114.66666666666667,0.4351329365079365,33
all,2753,114.70833333333333,0.4752063492063492,130
all,2754,114.75,0.5930416666666667,100
all,2755,114.79166666666667,0.8202261904761905,36
all,2756,114.83333333333333,0.803704365079365,22
all,2757,114.875,0.7903829365079365,6
all,2758,114.91666666666667,0.7577400793650794,22
all,2759,114.95833333333333,0.7118730158730159,28
all,2760,115.0,0.645813492063492,28
all,2761,115.04166666666667,0.6250357142857143,26
all,2762,115.08333333333333,0.6145793650793651,33
all,2763,115.125,0.6144186507936508,49
all,2764,115.16666666666667,0.6058511904761904,83
all,2765,115.20833333333333,0.5990555555555556,40
all,2766,115.25,0.5950416666666667,33
all,2767,115.29166666666667,0.593670634920635,41
all,2768,115.33333333333333,0.6105575396825397,31
all,2769,115.375,0.6123194444444445,26
all,2770,115.41666666666667,0.6047242063492064,38
all,2771,115.45833333333333,0.6071408730158729,63
all,2772,115.5,0.6074365079365079,29
all,2773,115.54166666666667,0.6063452380952381,27
all,2774,115.58333333333333,0.607,24
all,2775,115.625,0.6074186507936508,32
all,2776,115.66666666666667,0.6061944444444445,31
all,2777,115.70833333333333,0.606577380952381,26
all,2778,115.75,0.6077797619047619,165
all,2779,115.79166666666667,0.6071230158730159,37
all,2780,115.83333333333333,0.606531746031746,24
all,2781,115.875,0.5925972222222222,59
all,2782,115.91666666666667,0.5027916666666666,26
all,2783,115.95833333333333,0.45449801587301586,28
all,2784,116.0,0.4031547619047619,30
all,2785,116.04166666666667,0.36103373015873014,26
all,2786,116.08333333333333,0.33875,24
all,2787,116.125,0.30187301587301585,36
all,2788,116.16666666666667,0.2946845238095238,53
all,2789,116.20833333333333,0.28255952380952376,26
all,2790,116.25,0.26762896825396826,28
all,2791,116.29166666666667,0.2639107142857143,32
all,2792,116.33333333333333,0.251,43
all,2793,116.375,0.25110912698412696,91
all,2794,116.41666666666667,0.25033333333333335,25
all,2795,116.45833333333333,0.24780753968253966,81
all,2796,116.5,0.2360138888888889,31
all,2797,116.54166666666667,0.22913293650793648,39
all,2798,116.58333333333333,0.2264246031746032,24
all,2799,116.625,0.22263095238095237,89
all,2800,116.66666666666667,0.21835515873015873,29
all,2801,116.70833333333333,0.20478968253968255,35
all,2802,116.75,0.1964206349206349,24
all,2803,116.79166666666667,0.1919861111111111,33
all,2804,116.83333333333333,0.18007341269841268,24
all,2805,116.875,0.17373214285714286,23
all,2806,116.91666666666667,0.1694126984126984,41
all,2807,116.95833333333333,0.16490277777777776,48
all,2808,117.0,0.16460714285714287,28
all,2809,117.04166666666667,0.15776587301587303,44
all,2810,117.08333333333333,0.15755555555555553,27
all,2811,117.125,0.13741468253968253,28
all,2812,117.16666666666667,0.12737896825396827,64
all,2813,117.20833333333333,0.11251388888888889,101
all,2814,117.25,0.1090218253968254,58
all,2815,117.29166666666667,0.09665277777777778,49
all,2816,117.33333333333333,0.08183730158730158,29
all,2817,117.375,0.21581150793650794,168
all,2818,117.41666666666667,0.1162936507936508,64
all,2819,117.45833333333333,0.25046626984126985,30
all,2820,117.5,0.2505079365079365,33
all,2821,117.54166666666667,0.24893849206349208,30
all,2822,117.58333333333333,0.24260317460317463,25
all,2823,117.625,0.38669047619047614,91
all,2824,117.66666666666667,0.5639285714285714,37
all,2825,117.70833333333333,0.5610238095238096,29
all,2826,117.75,0.5574146825396825,20
all,2827,117.79166666666667,0.5581805555555556,96
all,2828,117.83333333333333,0.5517579365079365,21
all,2829,117.875,0.5502619047619047,20
all,2830,117.91666666666667,0.5503015873015873,21
all,2831,117.95833333333333,0.5502619047619047,20
all,2832,118.0,0.5502559523809524,20
all,2833,118.04166666666667,0.5507142857142857,21
all,2834,118.08333333333333,0.5503035714285714,20
all,2835,118.125,0.550438492063492,37
all,2836,118.16666666666667,0.5502956349206349,20
all,2837,118.20833333333333,0.550313492063492,24
all,2838,118.25,0.5532400793650794,22
all,2839,118.29166666666667,0.5515138888888889,25
all,2840,118.33333333333333,0.5523809523809523,27
all,2841,118.375,0.5504146825396825,35
all,2842,118.41666666666667,0.5606626984126984,36
all,2843,118.45833333333333,0.7079166666666666,35
all,2844,118.5,0.7146349206349206,25
all,2845,118.54166666666667,0.7147420634920635,30
all,2846,118.58333333333333,0.7228591269841269,50
all,2847,118.625,0.7360376984126985,83
all,2848,118.66666666666667,0.7228392857142858,67
all,2849,118.70833333333333,0.724281746031746,58
all,2850,118.75,0.7193809523809525,42
all,2851,118.79166666666667,0.7217678571428572,25
all,2852,118.83333333333333,0.7217678571428572,24
all,2853,118.875,0.721781746031746,24
all,2854,118.91666666666667,0.7189980158730159,26
all,2855,118.95833333333333,0.6999861111111111,27
all,2856,119.0,0.680875,25
all,2857,119.04166666666667,0.6591488095238095,26
all,2858,119.08333333333333,0.6316369047619047,25
all,2859,119.125,0.5525892857142857,27
all,2860,119.16666666666667,0.4936309523809524,29
all,2861,119.20833333333333,0.46419047619047615,25
all,2862,119.25,0.442406746031746,37
all,2863,119.29166666666667,0.3838531746031746,71
all,2864,119.33333333333333,0.261375,42
all,2865,119.375,0.23108333333333334,78
all,2866,119.41666666666667,0.22286309523809522,78
all,2867,119.45833333333333,0.1705952380952381,45
all,2868,119.5,0.15027380952380953,64
all,2869,119.54166666666667,0.13600992063492065,92
all,2870,119.58333333333333,0.13618849206349207,60
all,2871,119.625,0.3714742063492063,102
all,2872,119.66666666666667,0.40147619047619043,82
all,2873,119.70833333333333,0.38147619047619047,54
all,2874,119.75,0.39363888888888887,58
all,2875,119.79166666666667,0.46577579365079363,85
all,2876,119.83333333333333,0.45175198412698414,48
all,2877,119.875,0.43546825396825395,37
all,2878,119.91666666666667,0.42615277777777777,25
all,2879,119.95833333333333,0.39724603174603174,31
all,2880,120.0,0.41297222222222224,30
all,2881,120.04166666666667,0.39535714285714285,27
all,2882,120.08333333333333,0.34685912698412696,29
all,2883,120.125,0.26138690476190474,32
all,2884,120.16666666666667,0.18941071428571427,53
all,2885,120.20833333333333,0.18375396825396825,96
all,2886,120.25,0.17648611111111112,31
all,2887,120.29166666666667,0.17379365079365078,35
all,2888,120.33333333333333,0.17380357142857142,46
all,2889,120.375,0.17105952380952383,84
all,2890,120.41666666666667,0.16234126984126984,73
all,2891,120.45833333333333,0.13613095238095238,32
all,2892,120.5,0.12152976190476192,35
all,2893,120.54166666666667,0.11512698412698413,38
all,2894,120.58333333333333,0.11160515873015874,39
all,2895,120.625,0.10817857142857143,39
all,2896,120.66666666666667,0.1523154761904762,51
all,2897,120.70833333333333,0.18411111111111111,36
all,2898,120.75,0.1722579365079365,33
all,2899,120.79166666666667,0.16845238095238094,46
all,2900,120.83333333333333,0.16475396825396826,32
all,2901,120.875,0.16170039682539683,28
all,2902,120.91666666666667,0.160765873015873,62
all,2903,120.95833333333333,0.1548154761904762,27
all,2904,121.0,0.1600079365079365,44
all,2905,121.04166666666667,0.19962103174603174,55
all,2906,121.08333333333333,0.18970833333333334,57
all,2907,121.125,0.17376190476190478,46
all,2908,121.16666666666667,0.13014880952380953,32
all,2909,121.20833333333333,0.12722817460317462,36
all,2910,121.25,0.11736309523809522,35
all,2911,121.29166666666667,0.08519841269841269,31
all,2912,121.33333333333333,0.08082738095238096,71
all,2913,121.375,0.094625,46
all,2914,121.41666666666667,0.10988690476190477,112
all,2915,121.45833333333333,0.11085515873015873,97
all,2916,121.5,0.08017460317460318,67
all,2917,121.54166666666667,0.043765873015873015,57
all,2918,121.58333333333333,0.04542857142857143,38
all,2919,121.625,0.05300595238095238,39
all,2920,121.66666666666667,0.07175396825396825,44
all,2921,121.70833333333333,0.07875992063492063,75
all,2922,121.75,0.06404960317460318,108
all,2923,121.79166666666667,0.06398809523809525,48
all,2924,121.83333333333333,0.02274404761904762,27
all,2925,121.875,0.002341269841269841,27
all,2926,121.91666666666667,0.000498015873015873,29
all,2927,121.95833333333333,0.0003650793650793651,27
all,2928,122.0,0.0005218253968253968,37
all,2929,122.04166666666667,0.0005099206349206349,32
all,2930,122.08333333333333,0.0004166666666666667,32
all,2931,122.125,0.0008333333333333334,30
all,2932,122.16666666666667,0.0005337301587301587,44
all,2933,122.20833333333333,0.0004543650793650793,33
all,2934,122.25,0.0030357142857142857,34
all,2935,122.29166666666667,0.0014603174603174604,33
all,2936,122.33333333333333,0.0006369047619047619,28
all,2937,122.375,0.01798809523809524,76
all,2938,122.41666666666667,0.05977380952380953,75
all,2939,122.45833333333333,0.04927579365079365,114
all,2940,122.5,0.051136904761904765,52
all,2941,122.54166666666667,0.05825198412698413,101
all,2942,122.58333333333333,0.041898809523809526,94
all,2943,122.625,0.022579365079365078,94
all,2944,122.66666666666667,0.015577380952380952,34
all,2945,122.70833333333333,0.014700396825396827,31
all,2946,122.75,0.01494642857142857,55
all,2947,122.79166666666667,0.015093253968253968,75
all,2948,122.83333333333333,0.014910714285714286,58
all,2949,122.875,0.015033730158730158,26
all,2950,122.91666666666667,0.015184523809523811,38
all,2951,122.95833333333333,0.014944444444444446,22
all,2952,123.0,0.03149007936507937,45
all,2953,123.04166666666667,0.07567261904761904,60
all,2954,123.08333333333333,0.05949404761904763,73
all,2955,123.125,0.06314880952380952,60
all,2956,123.16666666666667,0.06709325396825397,53
all,2957,123.20833333333333,0.02319047619047619,58
all,2958,123.25,0.021035714285714286,40
all,2959,123.29166666666667,0.02372222222222222,45
all,2960,123.33333333333333,0.025952380952380952,39
all,2961,123.375,0.018456349206349205,32
all,2962,123.41666666666667,0.01517063492063492,68
all,2963,123.45833333333333,0.01542063492063492,91
all,2964,123.5,0.014128968253968253,90
all,2965,123.54166666666667,0.015444444444444445,84
all,2966,123.58333333333333,0.01469047619047619,31
all,2967,123.625,0.014716269841269843,30
all,2968,123.66666666666667,0.014416666666666668,56
all,2969,123.70833333333333,0.014676587301587302,30
all,2970,123.75,0.015087301587301585,29
all,2971,123.79166666666667,0.015174603174603174,37
all,2972,123.83333333333333,0.014811507936507937,47
all,2973,123.875,0.01461309523809524,27
all,2974,123.91666666666667,0.02086309523809524,29
all,2975,123.95833333333333,0.0220515873015873,57
all,2976,124.0,0.022228174603174604,30
all,2977,124.04166666666667,0.021869047619047618,28
all,2978,124.08333333333333,0.021819444444444447,28
all,2979,124.125,0.021829365079365077,28
all,2980,124.16666666666667,0.021851190476190475,27
all,2981,124.20833333333333,0.021857142857142856,28
all,2982,124.25,0.028067460317460317,35
all,2983,124.29166666666667,0.03008730158730159,27
all,2984,124.33333333333333,0.019688492063492064,40
all,2985,124.375,0.007974206349206349,66
all,2986,124.41666666666667,0.008115079365079365,60
all,2987,124.45833333333333,0.01131547619047619,116
all,2988,124.5,0.008220238095238095,28
all,2989,124.54166666666667,0.0076924603174603175,33
all,2990,124.58333333333333,0.007619047619047619,30
all,2991,124.625,0.009563492063492062,88
all,2992,124.66666666666667,0.011132936507936508,72
all,2993,124.70833333333333,0.010396825396825396,32
all,2994,124.75,0.010476190476190476,128
all,2995,124.79166666666667,0.007587301587301587,28
all,2996,124.83333333333333,0.007547619047619048,28
all,2997,124.875,0.007509920634920635,28
all,2998,124.91666666666667,0.001478174603174603,29
all,2999,124.95833333333333,0.0005634920634920635,38
all,3000,125.0,0.0005277777777777778,30
all,3001,125.04166666666667,0.0004246031746031746,28
all,3002,125.08333333333333,0.0007559523809523809,62
all,3003,125.125,0.0006190476190476191,47
all,3004,125.16666666666667,0.0008313492063492064,29
all,3005,125.20833333333333,0.001126984126984127,86
all,3006,125.25,0.0012420634920634922,107
all,3007,125.29166666666667,0.0005416666666666666,43
all,3008,125.33333333333333,0.001005952380952381,29
all,3009,125.375,0.0682202380952381,150
all,3010,125.41666666666667,0.0919047619047619,163
all,3011,125.45833333333333,0.08900198412698412,119
all,3012,125.5,0.07991269841269841,70
all,3013,125.54166666666667,0.07756746031746031,32
all,3014,125.58333333333333,0.060279761904761905,46
all,3015,125.625,0.30875,169
all,3016,125.66666666666667,0.48353968253968255,145
all,3017,125.70833333333333,0.4851488095238095,149
all,3018,125.75,0.48547420634920635,157
all,3019,125.79166666666667,0.4371507936507936,34
all,3020,125.83333333333333,0.3271428571428571,29
all,3021,125.875,0.12527777777777777,106
all,3022,125.91666666666667,0.08560119047619048,63
all,3023,125.95833333333333,0.07921031746031745,36
all,3024,126.0,0.07920833333333334,36
all,3025,126.04166666666667,0.07927777777777778,39
all,3026,126.08333333333333,0.07921031746031745,36
all,3027,126.125,0.0796170634920635,37
all,3028,126.16666666666667,0.07933134920634921,36
all,3029,126.20833333333333,0.07926587301587301,48
all,3030,126.25,0.07910912698412699,32
all,3031,126.29166666666667,0.07968253968253967,83
all,3032,126.33333333333333,0.09118849206349207,104
all,3033,126.375,0.08178968253968254,113
all,3034,126.41666666666667,0.07578968253968253,66
all,3035,126.45833333333333,0.06680555555555556,76
all,3036,126.5,0.07367460317460317,101
all,3037,126.54166666666667,0.07895238095238095,71
all,3038,126.58333333333333,0.09595436507936507,192
all,3039,126.625,0.1574404761904762,191
all,3040,126.66666666666667,0.2096964285714286,186
all,3041,126.70833333333333,0.45351785714285714,120
all,3042,126.75,0.5110476190476191,95
all,3043,126.79166666666667,0.4699087301587302,103
all,3044,126.83333333333333,0.8678968253968254,129
all,3045,126.875,0.8835297619047618,41
all,3046,126.91666666666667,0.7042658730158731,33
all,3047,126.95833333333333,0.5081587301587301,33
all,3048,127.0,0.5014107142857144,70
all,3049,127.04166666666667,0.5006547619047619,37
all,3050,127.08333333333333,0.4942678571428572,128
all,3051,127.125,0.46854166666666663,32
all,3052,127.16666666666667,0.46491071428571434,30
all,3053,127.20833333333333,0.46772222222222215,40
all,3054,127.25,0.4663730158730159,77
all,3055,127.29166666666667,0.4659206349206349,36
all,3056,127.33333333333333,0.46579761904761907,31
all,3057,127.375,0.46502380952380956,37
all,3058,127.41666666666667,0.48680357142857145,77
all,3059,127.45833333333333,0.5762539682539684,174
all,3060,127.5,0.7577043650793651,191
all,3061,127.54166666666667,0.7955615079365079,42
all,3062,127.58333333333333,0.8398611111111111,46
all,3063,127.625,0.7501071428571429,66
all,3064,127.66666666666667,0.6318928571428571,70
all,3065,127.70833333333333,0.5904563492063493,55
all,3066,127.75,0.7418194444444445,174
all,3067,127.79166666666667,0.9521746031746031,142
all,3068,127.83333333333333,0.9646170634920634,32
all,3069,127.875,0.9630833333333334,35
all,3070,127.91666666666667,0.9505039682539683,36
all,3071,127.95833333333333,0.9284484126984127,41
all,3072,128.0,0.8282420634920634,48
all,3073,128.04166666666666,0.7415039682539682,41
all,3074,128.08333333333334,0.6909007936507936,41
all,3075,128.125,0.609422619047619,36
all,3076,128.16666666666666,0.542390873015873,61
all,3077,128.20833333333334,0.4815515873015873,40
all,3078,128.25,0.47211706349206356,37
all,3079,128.29166666666666,0.47317063492063494,39
all,3080,128.33333333333334,0.47276785714285713,37
all,3081,128.375,0.6233531746031746,170
all,3082,128.41666666666666,0.8799980158730158,103
all,3083,128.45833333333334,0.9770575396825397,59
all,3084,128.5,0.9780277777777777,54
all,3085,128.54166666666666,0.9193809523809524,37
all,3086,128.58333333333334,0.898547619047619,65
all,3087,128.625,0.7059900793650793,159
all,3088,128.66666666666666,0.6486805555555556,140
all,3089,128.70833333333334,0.5617281746031746,102
all,3090,128.75,0.6522400793650794,143
all,3091,128.79166666666666,0.7031408730158729,71
all,3092,128.83333333333334,0.607204365079365,124
all,3093,128.875,0.4931805555555556,116
all,3094,128.91666666666666,0.4996448412698412,86
all,3095,128.95833333333334,0.4580694444444445,48
all,3096,129.0,0.3618611111111111,94
all,3097,129.04166666666666,0.3520357142857143,103
all,3098,129.08333333333334,0.39949801587301587,76
all,3099,129.125,0.350734126984127,44
all,3100,129.16666666666666,0.3511269841269842,38
all,3101,129.20833333333334,0.3563849206349206,30
all,3102,129.25,0.3529702380952381,30
all,3103,129.29166666666666,0.35824404761904766,50
all,3104,129.33333333333334,0.3683849206349206,40
all,3105,129.375,0.36339285714285713,74
all,3106,129.41666666666666,0.3524623015873016,134
all,3107,129.45833333333334,0.3514404761904762,113
all,3108,129.5,0.350968253968254,73
all,3109,129.54166666666666,0.3512797619047619,39
all,3110,129.58333333333334,0.3521607142857143,38
all,3111,129.625,0.35070039682539683,45
all,3112,129.66666666666666,0.35066071428571427,36
all,3113,129.70833333333334,0.3513055555555556,39
all,3114,129.75,0.3516825396825397,30
all,3115,129.79166666666666,0.35067460317460314,38
all,3116,129.83333333333334,0.3508035714285714,49
all,3117,129.875,0.3506170634920635,36
all,3118,129.91666666666666,0.3504801587301587,32
all,3119,129.95833333333334,0.35076785714285713,45
all,3120,130.0,0.3508928571428571,60
all,3121,130.04166666666666,0.3510813492063492,80
all,3122,130.08333333333334,0.35123611111111114,43
all,3123,130.125,0.35094444444444445,70
all,3124,130.16666666666666,0.35087103174603174,45
all,3125,130.20833333333334,0.3525357142857143,91
all,3126,130.25,0.3547638888888889,84
all,3127,130.29166666666666,0.35256944444444444,74
all,3128,130.33333333333334,0.35796825396825394,43
all,3129,130.375,0.3512400793650794,94
all,3130,130.41666666666666,0.3528829365079365,64
all,3131,130.45833333333334,0.34523809523809523,60
all,3132,130.5,0.34415674603174606,103
all,3133,130.54166666666666,0.34351984126984125,37
all,3134,130.58333333333334,0.34353769841269843,39
all,3135,130.625,0.343468253968254,36
all,3136,130.66666666666666,0.34350992063492064,36
all,3137,130.70833333333334,0.34376190476190477,63
all,3138,130.75,0.3435337301587302,44
all,3139,130.79166666666666,0.3435079365079365,37
all,3140,130.83333333333334,0.06521230158730158,54
all,3141,130.875,0.0006388888888888888,40
all,3142,130.91666666666666,0.0011686507936507938,41
all,3143,130.95833333333334,0.0012420634920634922,95
all,3144,131.0,0.0009206349206349207,67
all,3145,131.04166666666666,0.0009623015873015873,63
all,3146,131.08333333333334,0.0006210317460317461,37
all,3147,131.125,0.001109126984126984,37
all,3148,131.16666666666666,0.0017083333333333334,85
all,3149,131.20833333333334,0.001623015873015873,121
all,3150,131.25,0.0028988095238095236,80
all,3151,131.29166666666666,0.0015376984126984129,38
all,3152,131.33333333333334,0.002676587301587302,36
all,3153,131.375,0.000873015873015873,55
all,3154,131.41666666666666,0.0007182539682539682,50
all,3155,131.45833333333334,0.0010456349206349207,55
all,3156,131.5,0.0014523809523809524,46
all,3157,131.54166666666666,0.0006031746031746032,36
all,3158,131.58333333333334,0.0033154761904761903,62
all,3159,131.625,0.004214285714285714,68
all,3160,131.66666666666666,0.0,0
all,3161,131.70833333333334,0.0,0
all,3162,131.75,0.0,0
all,3163,131.79166666666666,0.0,0
all,3164,131.83333333333334,0.0,0
all,3165,131.875,0.0,0
all,3166,131.91666666666666,0.0,0
all,3167,131.95833333333334,0.0,0
all,3168,132.0,0.0,0
all,3169,132.04166666666666,0.0,0
all,3170,132.08333333333334,0.0,0
all,3171,132.125,0.0,0
all,3172,132.16666666666666,0.0,0
all,3173,132.20833333333334,0.0,0
all,3174,132.25,0.0,0
all,3175,132.29166666666666,0.0,0
all,3176,132.33333333333334,0.0,0
all,3177,132.375,0.0,0
all,3178,132.41666666666666,0.0,0
all,3179,132.45833333333334,0.0,0
all,3180,132.5,0.0,0
all,3181,132.54166666666666,1.785714285714286e-05,2
all,3182,132.58333333333334,0.009543650793650793,49
all,3183,132.625,0.06843650793650793,59
all,3184,132.66666666666666,0.0781765873015873,99
all,3185,132.70833333333334,0.07086904761904762,75
all,3186,132.75,0.26763888888888887,148
all,3187,132.79166666666666,0.7718968253968255,30
all,3188,132.83333333333334,0.7972103174603175,9
all,3189,132.875,0.7933630952380953,3
all,3190,132.91666666666666,0.7629761904761905,33
all,3191,132.95833333333334,0.7505952380952381,30
all,3192,133.0,0.750529761904762,25
all,3193,133.04166666666666,0.7555277777777778,19
all,3194,133.08333333333334,0.7527361111111112,27
all,3195,133.125,0.7506805555555556,38
all,3196,133.16666666666666,0.7505753968253968,25
all,3197,133.20833333333334,0.7504662698412699,20
all,3198,133.25,0.7506289682539683,28
all,3199,133.29166666666666,0.7533214285714286,39
all,3200,133.33333333333334,0.7593055555555556,28
all,3201,133.375,0.7538472222222222,28
all,3202,133.41666666666666,0.7504345238095238,22
all,3203,133.45833333333334,0.7506289682539683,26
all,3204,133.5,0.7947916666666667,51
all,3205,133.54166666666666,0.8107261904761904,25
all,3206,133.58333333333334,0.8042460317460318,30
all,3207,133.625,0.7809186507936509,29
all,3208,133.66666666666666,0.7351150793650794,41
all,3209,133.70833333333334,0.5903333333333333,26
all,3210,133.75,0.4350555555555556,30
all,3211,133.79166666666666,0.2733988095238095,28
all,3212,133.83333333333334,0.20131150793650796,32
all,3213,133.875,0.15417261904761906,35
all,3214,133.91666666666666,0.10504960317460317,36
all,3215,133.95833333333334,0.08670833333333333,27
all,3216,134.0,0.09132539682539682,28
all,3217,134.04166666666666,0.07830753968253969,27
all,3218,134.08333333333334,0.0599265873015873,29
all,3219,134.125,0.05712301587301587,37
all,3220,134.16666666666666,0.0475436507936508,28
all,3221,134.20833333333334,0.04399404761904762,28
all,3222,134.25,0.047436507936507936,27
all,3223,134.29166666666666,0.0442579365079365,34
all,3224,134.33333333333334,0.043515873015873015,34
all,3225,134.375,0.043430555555555556,26
all,3226,134.41666666666666,0.04352380952380953,26
all,3227,134.45833333333334,0.07470238095238095,49
all,3228,134.5,0.08680753968253968,50
all,3229,134.54166666666666,0.03935912698412698,33
all,3230,134.58333333333334,0.04435714285714286,38
all,3231,134.625,0.08324603174603173,46
all,3232,134.66666666666666,0.04483928571428571,32
all,3233,134.70833333333334,0.03683928571428571,32
all,3234,134.75,0.03770634920634921,48
all,3235,134.79166666666666,0.03693055555555556,30
all,3236,134.83333333333334,0.0335,38
all,3237,134.875,0.030051587301587305,47
all,3238,134.91666666666666,0.028837301587301585,33
all,3239,134.95833333333334,0.08504563492063492,58
all,3240,135.0,0.02213888888888889,40
all,3241,135.04166666666666,0.022017857142857145,27
all,3242,135.08333333333334,0.036128968253968254,38
all,3243,135.125,0.06162896825396825,32
all,3244,135.16666666666666,0.020478174603174602,26
all,3245,135.20833333333334,0.01491468253968254,29
all,3246,135.25,0.031105158730158733,37
all,3247,135.29166666666666,0.03145833333333333,45
all,3248,135.33333333333334,0.0658313492063492,29
all,3249,135.375,0.016496031746031745,31
all,3250,135.41666666666666,0.050456349206349206,55
all,3251,135.45833333333334,0.07499801587301588,66
all,3252,135.5,0.07894642857142857,38
all,3253,135.54166666666666,0.029329365079365077,31
all,3254,135.58333333333334,0.0843015873015873,67
all,3255,135.625,0.033023809523809525,38
all,3256,135.66666666666666,0.04915873015873016,60
all,3257,135.70833333333334,0.1061904761904762,74
all,3258,135.75,0.11306746031746032,48
all,3259,135.79166666666666,0.09414285714285714,40
all,3260,135.83333333333334,0.08599404761904762,41
all,3261,135.875,0.09438888888888888,46
all,3262,135.91666666666666,0.12436309523809523,42
all,3263,135.95833333333334,0.0862281746031746,26
all,3264,136.0,0.0798531746031746,26
all,3265,136.04166666666666,0.08825000000000001,38
all,3266,136.08333333333334,0.08657539682539682,29
all,3267,136.125,0.08684920634920634,29
all,3268,136.16666666666666,0.1339047619047619,51
all,3269,136.20833333333334,0.08403373015873015,28
all,3270,136.25,0.07189484126984128,31
all,3271,136.29166666666666,0.05527976190476191,29
all,3272,136.33333333333334,0.04398015873015873,26
all,3273,136.375,0.04666666666666667,44
all,3274,136.41666666666666,0.07388888888888889,42
all,3275,136.45833333333334,0.025569444444444443,26
all,3276,136.5,0.022081349206349205,29
all,3277,136.54166666666666,0.02210714285714286,32
all,3278,136.58333333333334,0.021982142857142856,28
all,3279,136.625,0.037212301587301586,46
all,3280,136.66666666666666,0.02201984126984127,27
all,3281,136.70833333333334,0.022007936507936508,32
all,3282,136.75,0.022069444444444444,33
all,3283,136.79166666666666,0.02203174603174603,29
all,3284,136.83333333333334,0.022115079365079365,37
all,3285,136.875,0.09571428571428571,54
all,3286,136.91666666666666,0.022680555555555554,29
all,3287,136.95833333333334,0.02205952380952381,32
all,3288,137.0,0.022043650793650796,30
all,3289,137.04166666666666,0.022121031746031746,37
all,3290,137.08333333333334,0.022105158730158732,34
all,3291,137.125,0.02201984126984127,29
all,3292,137.16666666666666,0.022148809523809525,31
all,3293,137.20833333333334,0.03538293650793651,45
all,3294,137.25,0.05138492063492064,36
all,3295,137.29166666666666,0.01776984126984127,33
all,3296,137.33333333333334,0.016894841269841268,31
all,3297,137.375,0.01358531746031746,32
all,3298,137.41666666666666,0.007839285714285714,35
all,3299,137.45833333333334,0.009851190476190477,35
all,3300,137.5,0.007680555555555556,26
all,3301,137.54166666666666,0.00773015873015873,30
all,3302,137.58333333333334,0.0078234126984127,31
all,3303,137.625,0.007896825396825397,42
all,3304,137.66666666666666,0.007801587301587302,30
all,3305,137.70833333333334,0.007878968253968253,38
all,3306,137.75,0.007759920634920634,30
all,3307,137.79166666666666,0.007952380952380952,46
all,3308,137.83333333333334,0.007809523809523809,35
all,3309,137.875,0.008343253968253968,38
all,3310,137.91666666666666,0.007805555555555556,34
all,3311,137.95833333333334,0.007970238095238094,38
all,3312,138.0,0.014918650793650795,44
all,3313,138.04166666666666,0.007799603174603174,34
all,3314,138.08333333333334,0.007829365079365078,34
all,3315,138.125,0.007857142857142858,35
all,3316,138.16666666666666,0.008359126984126984,44
all,3317,138.20833333333334,0.007968253968253968,39
all,3318,138.25,0.007865079365079365,37
all,3319,138.29166666666666,0.011363095238095238,39
all,3320,138.33333333333334,0.009176587301587302,46
all,3321,138.375,0.007801587301587302,34
all,3322,138.41666666666666,0.010609126984126983,37
all,3323,138.45833333333334,0.007869047619047618,41
all,3324,138.5,0.007932539682539682,44
all,3325,138.54166666666666,0.009480158730158731,38
all,3326,138.58333333333334,0.008712301587301586,32
all,3327,138.625,0.008952380952380953,41
all,3328,138.66666666666666,0.007809523809523809,31
all,3329,138.70833333333334,0.009351190476190476,67
all,3330,138.75,0.010498015873015873,44
all,3331,138.79166666666666,0.00804563492063492,44
all,3332,138.83333333333334,0.0021190476190476194,34
all,3333,138.875,0.0011130952380952381,36
all,3334,138.91666666666666,0.0009583333333333333,34
all,3335,138.95833333333334,0.01717857142857143,49
all,3336,139.0,0.03507936507936508,36
all,3337,139.04166666666666,0.001378968253968254,35
all,3338,139.08333333333334,0.0006369047619047619,34
all,3339,139.125,0.0007222222222222222,34
all,3340,139.16666666666666,0.000751984126984127,34
all,3341,139.20833333333334,0.0015793650793650795,37
all,3342,139.25,0.007325396825396825,38
all,3343,139.29166666666666,0.0016785714285714286,36
all,3344,139.33333333333334,0.0010198412698412698,34
all,3345,139.375,0.0007043650793650794,36
all,3346,139.41666666666666,0.011607142857142858,93
all,3347,139.45833333333334,0.0024742063492063492,39
all,3348,139.5,0.0006468253968253968,32
all,3349,139.54166666666666,0.0004563492063492063,27
all,3350,139.58333333333334,0.004375,40
all,3351,139.625,0.00773015873015873,50
all,3352,139.66666666666666,0.027803571428571427,80
all,3353,139.70833333333334,0.00773015873015873,36
all,3354,139.75,0.0009325396825396826,34
all,3355,139.79166666666666,0.0005496031746031745,34
all,3356,139.83333333333334,0.0006091269841269841,34
all,3357,139.875,0.0005575396825396826,34
all,3358,139.91666666666666,0.0005595238095238096,35
all,3359,139.95833333333334,0.0011130952380952381,34
all,3360,140.0,0.0003948412698412699,30
all,3361,140.04166666666666,0.0004404761904761905,30
all,3362,140.08333333333334,0.00038095238095238096,30
all,3363,140.125,0.00041071428571428574,30
all,3364,140.16666666666666,0.0004920634920634921,30
all,3365,140.20833333333334,0.0004186507936507937,28
all,3366,140.25,0.004319444444444445,38
all,3367,140.29166666666666,0.005382936507936508,31
all,3368,140.33333333333334,0.001646825396825397,32
all,3369,140.375,0.0034603174603174604,32
all,3370,140.41666666666666,0.003408730158730159,35
all,3371,140.45833333333334,0.030257936507936505,48
all,3372,140.5,0.052851190476190475,36
all,3373,140.54166666666666,0.007765873015873017,27
all,3374,140.58333333333334,0.007958333333333335,24
all,3375,140.625,0.007456349206349206,22
all,3376,140.66666666666666,0.007732142857142858,30
all,3377,140.70833333333334,0.007386904761904762,17
all,3378,140.75,0.007331349206349206,16
all,3379,140.79166666666666,0.007767857142857142,17
all,3380,140.83333333333334,0.007388888888888889,16
all,3381,140.875,0.007432539682539682,13
all,3382,140.91666666666666,0.008646825396825398,16
all,3383,140.95833333333334,0.009311507936507936,19
all,3384,141.0,0.013027777777777777,18
all,3385,141.04166666666666,0.01338095238095238,15
all,3386,141.08333333333334,0.008492063492063492,14
all,3387,141.125,0.007337301587301588,14
all,3388,141.16666666666666,0.007416666666666667,14
all,3389,141.20833333333334,0.0074682539682539685,15
all,3390,141.25,0.00953968253968254,17
all,3391,141.29166666666666,0.008271825396825397,16
all,3392,141.33333333333334,0.018015873015873016,19
all,3393,141.375,0.01100595238095238,15
all,3394,141.41666666666666,0.008095238095238095,18
all,3395,141.45833333333334,0.0074126984126984125,14
all,3396,141.5,0.009115079365079366,49
all,3397,141.54166666666666,0.000751984126984127,19
all,3398,141.58333333333334,0.014543650793650793,41
all,3399,141.625,0.011244047619047619,33
all,3400,141.66666666666666,0.006071428571428571,18
all,3401,141.70833333333334,0.0002103174603174603,14
all,3402,141.75,0.05542063492063492,60
all,3403,141.79166666666666,0.00020634920634920634,14
all,3404,141.83333333333334,0.0003015873015873016,10
all,3405,141.875,0.0,0
all,3406,141.91666666666666,0.00020436507936507937,14
all,3407,141.95833333333334,0.00019444444444444443,14
all,3408,142.0,0.0015515873015873017,15
all,3409,142.04166666666666,0.0009345238095238095,15
all,3410,142.08333333333334,0.00022817460317460316,14
all,3411,142.125,0.0002003968253968254,14
all,3412,142.16666666666666,0.00023412698412698414,14
all,3413,142.20833333333334,0.00030753968253968255,14
all,3414,142.25,0.002361111111111111,16
all,3415,142.29166666666666,0.001142857142857143,16
all,3416,142.33333333333334,0.010902777777777777,18
all,3417,142.375,0.004664682539682539,32
all,3418,142.41666666666666,0.0011527777777777777,37
all,3419,142.45833333333334,0.0004007936507936508,19
all,3420,142.5,0.001142857142857143,19
all,3421,142.54166666666666,0.007573412698412699,18
all,3422,142.58333333333334,0.002753968253968254,18
all,3423,142.625,0.062130952380952384,88
all,3424,142.66666666666666,0.5475535714285714,78
all,3425,142.70833333333334,0.06908928571428571,32
all,3426,142.75,0.6749464285714286,159
all,3427,142.79166666666666,1.0,0
all,3428,142.83333333333334,1.0,0
all,3429,142.875,1.0,0
all,3430,142.91666666666666,1.0,11
all,3431,142.95833333333334,1.0,11
all,3432,143.0,1.0,14
all,3433,143.04166666666666,1.0,12
all,3434,143.08333333333334,1.0,12
all,3435,143.125,1.0,14
all,3436,143.16666666666666,1.0,14
all,3437,143.20833333333334,1.0,13
all,3438,143.25,1.0,16
all,3439,143.29166666666666,0.996361111111111,210
all,3440,143.33333333333334,0.9938154761904762,416
all,3441,143.375,0.9951904761904761,27
all,3442,143.41666666666666,0.9682916666666667,15
all,3443,143.45833333333334,0.33658928571428576,85
all,3444,143.5,0.649625,42
all,3445,143.54166666666666,0.3701686507936508,15
all,3446,143.58333333333334,0.007079365079365079,16
all,3447,143.625,0.0002599206349206349,14
all,3448,143.66666666666666,0.00039087301587301587,21
all,3449,143.70833333333334,0.006424603174603175,19
all,3450,143.75,0.007003968253968254,15
all,3451,143.79166666666666,0.0003313492063492064,17
all,3452,143.83333333333334,0.00033531746031746027,17
all,3453,143.875,0.0003214285714285714,15
all,3454,143.91666666666666,0.00029365079365079364,14
all,3455,143.95833333333334,0.4568412698412698,112
all,3456,144.0,0.5713611111111111,17
all,3457,144.04166666666666,0.07830555555555556,16
all,3458,144.08333333333334,0.0009285714285714286,16
all,3459,144.125,0.0015694444444444445,16
all,3460,144.16666666666666,0.006121031746031746,15
all,3461,144.20833333333334,0.00037698412698412696,16
all,3462,144.25,0.0025456349206349205,17
all,3463,144.29166666666666,0.001251984126984127,18
all,3464,144.33333333333334,0.01307936507936508,20
all,3465,144.375,0.003936507936507937,19
all,3466,144.41666666666666,0.0003333333333333333,17
all,3467,144.45833333333334,0.0002996031746031746,15
all,3468,144.5,0.00037301587301587306,18
all,3469,144.54166666666666,0.00040873015873015874,18
all,3470,144.58333333333334,0.0003928571428571429,18
all,3471,144.625,0.0003630952380952381,18
all,3472,144.66666666666666,0.0004246031746031746,22
all,3473,144.70833333333334,0.00040674603174603173,18
all,3474,144.75,0.0004007936507936508,18
all,3475,144.79166666666666,0.012,20
all,3476,144.83333333333334,0.014640873015873015,18
all,3477,144.875,0.014632936507936508,18
all,3478,144.91666666666666,0.01467857142857143,18
all,3479,144.95833333333334,0.18299404761904764,51
all,3480,145.0,0.25043055555555555,18
all,3481,145.04166666666666,0.2308313492063492,18
all,3482,145.08333333333334,0.07969047619047619,18
all,3483,145.125,0.021331349206349208,18
all,3484,145.16666666666666,0.014746031746031745,18
all,3485,145.20833333333334,0.014902777777777779,16
all,3486,145.25,0.016878968253968254,20
all,3487,145.29166666666666,0.015617063492063491,20
all,3488,145.33333333333334,0.025851190476190476,24
all,3489,145.375,0.0179484126984127,21
all,3490,145.41666666666666,0.6296984126984128,176
all,3491,145.45833333333334,0.4257063492063492,32
all,3492,145.5,0.015549603174603176,28
all,3493,145.54166666666666,0.01603373015873016,19
all,3494,145.58333333333334,0.11578968253968254,116
all,3495,145.625,0.8015992063492063,129
all,3496,145.66666666666666,0.2892777777777778,28
all,3497,145.70833333333334,0.1792202380952381,34
all,3498,145.75,0.21448015873015872,122
all,3499,145.79166666666666,0.32765674603174605,48
all,3500,145.83333333333334,0.31753571428571425,71
all,3501,145.875,0.2870436507936508,27
all,3502,145.91666666666666,0.29338095238095235,26
all,3503,145.95833333333334,0.25085714285714283,27
all,3504,146.0,0.19915476190476192,26
all,3505,146.04166666666666,0.18912896825396827,26
all,3506,146.08333333333334,0.1862123015873016,26
all,3507,146.125,0.18621031746031744,26
all,3508,146.16666666666666,0.19344444444444445,38
all,3509,146.20833333333334,0.19172619047619047,20
all,3510,146.25,0.18826190476190474,29
all,3511,146.29166666666666,0.185875,30
all,3512,146.33333333333334,0.17241666666666666,28
all,3513,146.375,0.1644206349206349,38
all,3514,146.41666666666666,0.16021230158730157,44
all,3515,146.45833333333334,0.15044642857142856,26
all,3516,146.5,0.3065853174603174,78
all,3517,146.54166666666666,0.3669345238095238,27
all,3518,146.58333333333334,0.4580595238095238,82
all,3519,146.625,0.6095813492063492,36
all,3520,146.66666666666666,0.6148710317460317,31
all,3521,146.70833333333334,0.6165,32
all,3522,146.75,0.6117321428571428,29
all,3523,146.79166666666666,0.5577400793650794,30
all,3524,146.83333333333334,0.5525575396825396,30
all,3525,146.875,0.5371964285714286,34
all,3526,146.91666666666666,0.5294107142857143,34
all,3527,146.95833333333334,0.5149305555555556,34
all,3528,147.0,0.5102619047619048,28
all,3529,147.04166666666666,0.5089880952380953,35
all,3530,147.08333333333334,0.5132757936507937,34
all,3531,147.125,0.5068035714285715,34
all,3532,147.16666666666666,0.49957142857142856,34
all,3533,147.20833333333334,0.478359126984127,34
all,3534,147.25,0.4671706349206349,36
all,3535,147.29166666666666,0.4533015873015873,37
all,3536,147.33333333333334,0.43513690476190475,30
all,3537,147.375,0.4190099206349206,34
all,3538,147.41666666666666,0.40850396825396823,36
all,3539,147.45833333333334,0.3885813492063492,34
all,3540,147.5,0.3026031746031746,39
all,3541,147.54166666666666,0.256390873015873,38
all,3542,147.58333333333334,0.21389285714285713,42
all,3543,147.625,0.13082738095238095,46
all,3544,147.66666666666666,0.12518650793650793,48
all,3545,147.70833333333334,0.19392857142857142,128
all,3546,147.75,0.36539682539682544,139
all,3547,147.79166666666666,0.41492460317460317,104
all,3548,147.83333333333334,0.1632202380952381,113
all,3549,147.875,0.630484126984127,157
all,3550,147.91666666666666,0.5283492063492063,157
all,3551,147.95833333333334,0.4011349206349206,55
all,3552,148.0,0.35518849206349207,34
all,3553,148.04166666666666,0.33910515873015873,35
all,3554,148.08333333333334,0.32953571428571427,34
all,3555,148.125,0.31061706349206347,34
all,3556,148.16666666666666,0.2869980158730159,34
all,3557,148.20833333333334,0.2731626984126984,38
all,3558,148.25,0.24706349206349207,32
all,3559,148.29166666666666,0.23058531746031743,37
all,3560,148.33333333333334,0.26937698412698413,84
all,3561,148.375,0.17939285714285713,87
all,3562,148.41666666666666,0.14575793650793653,74
all,3563,148.45833333333334,0.1975674603174603,145
all,3564,148.5,0.5808115079365079,76
all,3565,148.54166666666666,0.583968253968254,169
all,3566,148.58333333333334,0.4119543650793651,63
all,3567,148.625,0.3033293650793651,49
all,3568,148.66666666666666,0.2989027777777778,54
all,3569,148.70833333333334,0.5889742063492064,104
all,3570,148.75,0.6215575396825397,57
all,3571,148.79166666666666,0.5823869047619047,38
all,3572,148.83333333333334,0.49269444444444443,32
all,3573,148.875,0.03855952380952381,32
all,3574,148.91666666666666,0.036180555555555556,32
all,3575,148.95833333333334,0.037785714285714284,32
all,3576,149.0,0.03605158730158731,28
all,3577,149.04166666666666,0.03801190476190476,36
all,3578,149.08333333333334,0.03769642857142857,29
all,3579,149.125,0.036240079365079364,30
all,3580,149.16666666666666,0.038753968253968256,35
all,3581,149.20833333333334,0.036059523809523805,31
all,3582,149.25,0.03713095238095238,36
all,3583,149.29166666666666,0.036059523809523805,28
all,3584,149.33333333333334,0.049988095238095234,36
all,3585,149.375,0.03943055555555555,44
all,3586,149.41666666666666,0.037101190476190475,36
all,3587,149.45833333333334,0.036279761904761905,34
all,3588,149.5,0.14839087301587303,120
all,3589,149.54166666666666,0.4936547619047619,80
all,3590,149.58333333333334,0.669172619047619,148
all,3591,149.625,0.7923234126984127,50
all,3592,149.66666666666666,0.6882579365079364,41
all,3593,149.70833333333334,0.6300416666666666,42
all,3594,149.75,0.6651904761904762,33
all,3595,149.79166666666666,0.6633035714285714,23
all,3596,149.83333333333334,0.6222063492063492,29
all,3597,149.875,0.5592539682539682,19
all,3598,149.91666666666666,0.5404484126984127,14
all,3599,149.95833333333334,0.5285694444444444,0
all,3600,150.0,0.49002579365079363,0
all,3601,150.04166666666666,0.4552777777777778,0
all,3602,150.08333333333334,0.42794642857142856,0
all,3603,150.125,0.37090277777777775,0
all,3604,150.16666666666666,0.30953968253968256,0
all,3605,150.20833333333334,0.2792202380952381,0
all,3606,150.25,0.19862896825396825,0
all,3607,150.29166666666666,0.14678769841269843,0
all,3608,150.33333333333334,0.11423809523809525,0
all,3609,150.375,0.10054166666666667,0
all,3610,150.41666666666666,0.0777281746031746,0
all,3611,150.45833333333334,0.042513888888888886,0
all,3612,150.5,0.026222222222222223,0
all,3613,150.54166666666666,0.014285714285714285,0
all,3614,150.58333333333334,0.00741468253968254,0
all,3615,150.625,0.0,0
all,3616,150.66666666666666,0.0,0
all,3617,150.70833333333334,0.0,0
all,3618,150.75,0.0,0
all,3619,150.79166666666666,0.0,0
all,3620,150.83333333333334,0.0,0
all,3621,150.875,0.0,0
all,3622,150.91666666666666,0.0,0
all,3623,150.95833333333334,0.0,0
all,3624,151.0,0.0,0
all,3625,151.04166666666666,0.0,0
all,3626,151.08333333333334,0.0,0
all,3627,151.125,0.0,0
all,3628,151.16666666666666,0.0,0
all,3629,151.20833333333334,0.0,0
all,3630,151.25,0.0,0
all,3631,151.29166666666666,0.0,0
all,3632,151.33333333333334,0.0,0
all,3633,151.375,0.0,0
all,3634,151.41666666666666,0.0,0
all,3635,151.45833333333334,0.0,0
all,3636,151.5,0.0,0
all,3637,151.54166666666666,0.0,0
all,3638,151.58333333333334,0.0,0
all,3639,151.625,0.0,0
all,3640,151.66666666666666,0.0,0
all,3641,151.70833333333334,0.0,0
all,3642,151.75,0.0,0
all,3643,151.79166666666666,0.0,0
all,3644,151.83333333333334,0.0,0
all,3645,151.875,0.0,0
all,3646,151.91666666666666,0.0,0
all,3647,151.95833333333334,0.0,0
all,3648,152.0,0.0,0
all,3649,152.04166666666666,0.0,0
all,3650,152.08333333333334,0.0,0
all,3651,152.125,0.0,0
all,3652,152.16666666666666,0.0,0
all,3653,152.20833333333334,0.0,0
all,3654,152.25,0.0,0
all,3655,152.29166666666666,0.0,0
all,3656,152.33333333333334,0.0021190476190476194,33
all,3657,152.375,0.0019761904761904764,33
all,3658,152.41666666666666,0.007910714285714285,36
all,3659,152.45833333333334,0.007918650793650794,39
all,3660,152.5,0.32558928571428575,132
all,3661,152.54166666666666,0.5062222222222221,162
all,3662,152.58333333333334,0.43640277777777775,72
all,3663,152.625,0.34685714285714286,46
all,3664,152.66666666666666,0.3325595238095238,44
all,3665,152.70833333333334,0.32374206349206347,26
all,3666,152.75,0.27244841269841275,7
all,3667,152.79166666666666,0.007248015873015874,7
all,3668,152.83333333333334,0.007206349206349207,6
all,3669,152.875,0.007224206349206349,7
all,3670,152.91666666666666,0.007275793650793651,9
all,3671,152.95833333333334,0.0072281746031746036,7
all,3672,153.0,0.007938492063492064,8
all,3673,153.04166666666666,0.007251984126984127,8
all,3674,153.08333333333334,0.007200396825396825,6
all,3675,153.125,0.007200396825396825,6
all,3676,153.16666666666666,0.007253968253968254,7
all,3677,153.20833333333334,0.007287698412698413,10
all,3678,153.25,0.00827579365079365,9
all,3679,153.29166666666666,0.0072499999999999995,8
all,3680,153.33333333333334,0.00883531746031746,8
all,3681,153.375,0.0004503968253968254,7
all,3682,153.41666666666666,6.944444444444444e-05,7
all,3683,153.45833333333334,0.0053055555555555555,22
all,3684,153.5,0.036019841269841264,92
all,3685,153.54166666666666,0.1479126984126984,92
all,3686,153.58333333333334,0.22112301587301586,72
all,3687,153.625,0.2653075396825397,10
all,3688,153.66666666666666,0.2784186507936508,147
all,3689,153.70833333333334,0.2719920634920635,36
all,3690,153.75,0.2733234126984127,14
all,3691,153.79166666666666,0.27284722222222224,18
all,3692,153.83333333333334,0.2797301587301587,57
all,3693,153.875,0.2715059523809524,7
all,3694,153.91666666666666,0.37339285714285714,42
all,3695,153.95833333333334,0.428968253968254,9
all,3696,154.0,0.2736765873015873,6
all,3697,154.04166666666666,0.2744920634920635,9
all,3698,154.08333333333334,0.23041865079365076,7
all,3699,154.125,0.15024007936507935,8
all,3700,154.16666666666666,0.1385873015873016,8
all,3701,154.20833333333334,0.11237301587301587,10
all,3702,154.25,0.06367857142857142,9
all,3703,154.29166666666666,0.038406746031746035,11
all,3704,154.33333333333334,0.06163690476190476,28
all,3705,154.375,0.3130238095238095,96
all,3706,154.41666666666666,0.08163888888888889,95
all,3707,154.45833333333334,0.0932876984126984,129
all,3708,154.5,0.05489285714285714,10
all,3709,154.54166666666666,0.205984126984127,112
all,3710,154.58333333333334,0.520952380952381,97
all,3711,154.625,0.5294960317460318,220
all,3712,154.66666666666666,0.29650595238095234,12
all,3713,154.70833333333334,0.4369642857142857,83
all,3714,154.75,0.3234464285714286,62
all,3715,154.79166666666666,0.2532361111111111,101
all,3716,154.83333333333334,0.2181468253968254,103
all,3717,154.875,0.17721230158730158,73
all,3718,154.91666666666666,0.16801785714285714,79
all,3719,154.95833333333334,0.1527222222222222,73
all,3720,155.0,0.13380357142857144,73
all,3721,155.04166666666666,0.10394444444444444,89
all,3722,155.08333333333334,0.10055555555555555,94
all,3723,155.125,0.08753769841269841,86
all,3724,155.16666666666666,0.05490277777777778,91
all,3725,155.20833333333334,0.039019841269841274,82
all,3726,155.25,0.03317063492063492,92
all,3727,155.29166666666666,0.011105158730158729,85
all,3728,155.33333333333334,0.006811507936507936,104
all,3729,155.375,0.0015912698412698413,102
all,3730,155.41666666666666,0.0012162698412698412,77
all,3731,155.45833333333334,0.02446825396825397,81
all,3732,155.5,0.024740079365079364,93
all,3733,155.54166666666666,0.014888888888888887,92
all,3734,155.58333333333334,0.019172619047619046,61
all,3735,155.625,0.01657738095238095,9
all,3736,155.66666666666666,0.05772023809523809,136
all,3737,155.70833333333334,0.13378571428571429,77
all,3738,155.75,0.20007738095238095,7
all,3739,155.79166666666666,0.17931944444444445,6
all,3740,155.83333333333334,0.17597222222222222,8
all,3741,155.875,0.18627380952380954,9
all,3742,155.91666666666666,0.24075396825396825,41
all,3743,155.95833333333334,0.25322420634920634,9
all,3744,156.0,0.2702797619047619,9
all,3745,156.04166666666666,0.27170634920634923,7
all,3746,156.08333333333334,0.2792281746031746,7
all,3747,156.125,0.2786865079365079,9
all,3748,156.16666666666666,0.2787023809523809,7
all,3749,156.20833333333334,0.27920833333333334,11
all,3750,156.25,0.2828988095238095,9
all,3751,156.29166666666666,0.2786686507936508,7
all,3752,156.33333333333334,0.27761309523809524,11
all,3753,156.375,0.2786607142857143,7
all,3754,156.41666666666666,0.28027579365079364,11
all,3755,156.45833333333334,0.29413492063492064,42
all,3756,156.5,0.3067162698412699,6
all,3757,156.54166666666666,0.2897956349206349,52
all,3758,156.58333333333334,0.29464285714285715,89
all,3759,156.625,0.30730357142857145,83
all,3760,156.66666666666666,0.3330218253968254,95
all,3761,156.70833333333334,0.3464861111111111,94
all,3762,156.75,0.36294841269841266,121
all,3763,156.79166666666666,0.39534523809523814,97
all,3764,156.83333333333334,0.36004761904761906,67
all,3765,156.875,0.36465277777777777,83
all,3766,156.91666666666666,0.3841130952380952,82
all,3767,156.95833333333334,0.4275297619047619,116
all,3768,157.0,0.40740873015873014,80
all,3769,157.04166666666666,0.4303194444444444,79
all,3770,157.08333333333334,0.43984523809523807,84
all,3771,157.125,0.4183373015873016,68
all,3772,157.16666666666666,0.4042222222222222,72
all,3773,157.20833333333334,0.42423015873015874,103
all,3774,157.25,0.43141865079365077,84
all,3775,157.29166666666666,0.42853571428571424,76
all,3776,157.33333333333334,0.4223373015873016,81
all,3777,157.375,0.41641468253968256,82
all,3778,157.41666666666666,0.3931924603174603,84
all,3779,157.45833333333334,0.37256349206349204,84
all,3780,157.5,0.347375,75
all,3781,157.54166666666666,0.32922222222222225,84
all,3782,157.58333333333334,0.31864880952380953,73
all,3783,157.625,0.3211428571428572,78
all,3784,157.66666666666666,0.32259920634920636,86
all,3785,157.70833333333334,0.3088392857142857,78
all,3786,157.75,0.28767460317460314,82
all,3787,157.79166666666666,0.2780218253968254,75
all,3788,157.83333333333334,0.27262301587301585,79
all,3789,157.875,0.27304761904761904,92
all,3790,157.91666666666666,0.2651865079365079,83
all,3791,157.95833333333334,0.258593253968254,76
all,3792,158.0,0.2456190476190476,63
all,3793,158.04166666666666,0.2367996031746032,68
all,3794,158.08333333333334,0.23017261904761907,70
all,3795,158.125,0.23021825396825396,98
all,3796,158.16666666666666,0.22913293650793648,81
all,3797,158.20833333333334,0.21701587301587302,69
all,3798,158.25,0.21640277777777778,76
all,3799,158.29166666666666,0.21593253968253967,99
all,3800,158.33333333333334,0.21634722222222225,67
all,3801,158.375,0.21433730158730158,4
all,3802,158.41666666666666,0.2143154761904762,3
all,3803,158.45833333333334,0.2200079365079365,15
all,3804,158.5,0.35698214285714286,58
all,3805,158.54166666666666,0.24170238095238095,6
all,3806,158.58333333333334,0.2142936507936508,2
all,3807,158.625,0.2079920634920635,7
all,3808,158.66666666666666,0.20724603174603173,8
all,3809,158.70833333333334,0.20208928571428572,6
all,3810,158.75,0.1449702380952381,7
all,3811,158.79166666666666,0.07862301587301587,6
all,3812,158.83333333333334,0.078625,6
all,3813,158.875,0.07622619047619048,6
all,3814,158.91666666666666,0.054910714285714285,6
all,3815,158.95833333333334,0.15548809523809526,67
all,3816,159.0,0.12957936507936507,29
all,3817,159.04166666666666,0.03606746031746032,7
all,3818,159.08333333333334,0.1712718253968254,64
all,3819,159.125,0.08314880952380953,7
all,3820,159.16666666666666,0.021549603174603176,7
all,3821,159.20833333333334,0.02156547619047619,10
all,3822,159.25,0.02299404761904762,10
all,3823,159.29166666666666,0.021791666666666668,8
all,3824,159.33333333333334,0.1781845238095238,52
all,3825,159.375,0.12079166666666666,28
all,3826,159.41666666666666,0.13908531746031744,78
all,3827,159.45833333333334,0.1441170634920635,123
all,3828,159.5,0.14471626984126984,117
all,3829,159.54166666666666,0.14014484126984125,59
all,3830,159.58333333333334,0.14097222222222222,63
all,3831,159.625,0.14300595238095237,107
all,3832,159.66666666666666,0.14656349206349206,112
all,3833,159.70833333333334,0.1813095238095238,33
all,3834,159.75,0.21607142857142858,11
all,3835,159.79166666666666,0.2466984126984127,12
all,3836,159.83333333333334,0.2780337301587302,15
all,3837,159.875,0.3067638888888889,9
all,3838,159.91666666666666,0.3064325396825397,13
all,3839,159.95833333333334,0.3223511904761905,7
all,3840,160.0,0.3310297619047619,10
all,3841,160.04166666666666,0.23473015873015873,9
all,3842,160.08333333333334,0.21767063492063493,9
all,3843,160.125,0.23175396825396827,16
all,3844,160.16666666666666,0.23632936507936506,9
all,3845,160.20833333333334,0.23628571428571427,12
all,3846,160.25,0.2322698412698413,10
all,3847,160.29166666666666,0.2290297619047619,11
all,3848,160.33333333333334,0.2432103174603175,6
all,3849,160.375,0.24096428571428571,10
all,3850,160.41666666666666,0.4724662698412698,97
all,3851,160.45833333333334,0.47389087301587296,27
all,3852,160.5,0.35485912698412697,20
all,3853,160.54166666666666,0.35970634920634925,9
all,3854,160.58333333333334,0.3569781746031746,9
all,3855,160.625,0.5371071428571428,53
all,3856,160.66666666666666,0.47471626984126986,30
all,3857,160.70833333333334,0.38542460317460314,57
all,3858,160.75,0.5985158730158731,72
all,3859,160.79166666666666,0.3936428571428571,34
all,3860,160.83333333333334,0.3274563492063492,30
all,3861,160.875,0.24329166666666668,17
all,3862,160.91666666666666,0.21221428571428572,19
all,3863,160.95833333333334,0.21868650793650793,46
all,3864,161.0,0.4707321428571429,78
all,3865,161.04166666666666,0.20805753968253968,9
all,3866,161.08333333333334,0.20006944444444444,8
all,3867,161.125,0.19850198412698414,10
all,3868,161.16666666666666,0.18849404761904762,10
all,3869,161.20833333333334,0.17393650793650794,14
all,3870,161.25,0.16953769841269842,10
all,3871,161.29166666666666,0.16222222222222224,9
all,3872,161.33333333333334,0.15492261904761903,10
all,3873,161.375,0.06351587301587301,20
all,3874,161.41666666666666,0.03220833333333333,21
all,3875,161.45833333333334,0.0173015873015873,14
all,3876,161.5,0.01434126984126984,8
all,3877,161.54166666666666,0.014398809523809522,10
all,3878,161.58333333333334,0.03235714285714286,33
all,3879,161.625,0.059511904761904766,46
all,3880,161.66666666666666,0.3432420634920635,86
all,3881,161.70833333333334,0.18952579365079364,19
all,3882,161.75,0.15726190476190474,81
all,3883,161.79166666666666,0.44199801587301585,100
all,3884,161.83333333333334,0.7650337301587301,80
all,3885,161.875,0.9571428571428572,8
all,3886,161.91666666666666,0.9571428571428572,8
all,3887,161.95833333333334,0.9528313492063492,7
all,3888,162.0,0.7028531746031745,9
all,3889,162.04166666666666,0.6509543650793651,7
all,3890,162.08333333333334,0.6419186507936507,6
all,3891,162.125,0.5579047619047619,9
all,3892,162.16666666666666,0.3388055555555556,9
all,3893,162.20833333333334,0.16625396825396827,13
all,3894,162.25,0.08087103174603175,11
all,3895,162.29166666666666,0.03750595238095238,8
all,3896,162.33333333333334,0.01943253968253968,10
all,3897,162.375,0.14785119047619047,66
all,3898,162.41666666666666,0.8673293650793651,133
all,3899,162.45833333333334,0.8690039682539683,9
all,3900,162.5,0.4788630952380953,8
all,3901,162.54166666666666,0.37563095238095234,12
all,3902,162.58333333333334,0.3730376984126984,28
all,3903,162.625,0.6045238095238096,188
all,3904,162.66666666666666,0.7562916666666666,106
all,3905,162.70833333333334,0.8113988095238095,49
all,3906,162.75,0.8344007936507937,6
all,3907,162.79166666666666,0.7805337301587302,14
all,3908,162.83333333333334,0.7598730158730159,8
all,3909,162.875,0.731406746031746,0
all,3910,162.91666666666666,0.7357142857142858,0
all,3911,162.95833333333334,0.7357142857142858,0
all,3912,163.0,0.7357142857142858,0
all,3913,163.04166666666666,0.7357142857142858,0
all,3914,163.08333333333334,0.7215833333333332,0
all,3915,163.125,0.5109642857142856,0
all,3916,163.16666666666666,0.5,1
all,3917,163.20833333333334,0.5,0
all,3918,163.25,0.5,0
all,3919,163.29166666666666,0.5,0
all,3920,163.33333333333334,0.5,0
all,3921,163.375,0.5,0
all,3922,163.41666666666666,0.5,0
all,3923,163.45833333333334,0.5,1
all,3924,163.5,0.5,0
all,3925,163.54166666666666,0.5,1
all,3926,163.58333333333334,0.4822361111111111,24
all,3927,163.625,0.8530297619047619,132
all,3928,163.66666666666666,0.7416706349206349,13
all,3929,163.70833333333334,0.7432837301587302,3
all,3930,163.75,0.9058174603174604,38
all,3931,163.79166666666666,0.8338730158730159,3
all,3932,163.83333333333334,0.8382380952380952,32
all,3933,163.875,0.7940595238095238,9
all,3934,163.91666666666666,0.582313492063492,7
all,3935,163.95833333333334,0.44265674603174604,8
all,3936,164.0,0.5514583333333333,56
all,3937,164.04166666666666,0.47483928571428574,9
all,3938,164.08333333333334,0.3853730158730159,8
all,3939,164.125,0.25926190476190475,9
all,3940,164.16666666666666,0.23584523809523808,9
all,3941,164.20833333333334,0.2364801587301587,13
all,3942,164.25,0.24079166666666665,12
all,3943,164.29166666666666,0.23093452380952378,10
all,3944,164.33333333333334,0.27853769841269843,100
all,3945,164.375,0.8929583333333333,64
all,3946,164.41666666666666,0.9428829365079364,9
all,3947,164.45833333333334,0.9428849206349207,8
all,3948,164.5,0.942890873015873,8
all,3949,164.54166666666666,0.9435992063492064,9
all,3950,164.58333333333334,0.9428888888888888,8
all,3951,164.625,0.9422916666666665,8
all,3952,164.66666666666666,0.9428968253968254,9
all,3953,164.70833333333334,0.9424623015873016,7
all,3954,164.75,0.9325376984126984,8
all,3955,164.79166666666666,0.8421944444444444,11
all,3956,164.83333333333334,0.5261904761904762,10
all,3957,164.875,0.2495019841269841,10
all,3958,164.91666666666666,0.17332539682539683,8
all,3959,164.95833333333334,0.14528968253968255,9
all,3960,165.0,0.1429404761904762,9
all,3961,165.04166666666666,0.14291666666666666,8
all,3962,165.08333333333334,0.12322420634920636,10
all,3963,165.125,0.10657936507936508,9
all,3964,165.16666666666666,0.0849265873015873,8
all,3965,165.20833333333334,0.03407341269841269,15
all,3966,165.25,0.016882936507936507,10
all,3967,165.29166666666666,0.0015892857142857143,8
all,3968,165.33333333333334,0.0013253968253968255,10
all,3969,165.375,7.936507936507937e-05,8
all,3970,165.41666666666666,0.0150515873015873,27
all,3971,165.45833333333334,0.6244087301587301,120
all,3972,165.5,0.8786626984126984,9
all,3973,165.54166666666666,0.8786527777777777,9
all,3974,165.58333333333334,0.8786309523809525,8
all,3975,165.625,0.9000595238095238,26
all,3976,165.66666666666666,0.8786329365079365,8
all,3977,165.70833333333334,0.8786527777777777,9
all,3978,165.75,0.8786289682539683,8
all,3979,165.79166666666666,0.8786289682539683,8
all,3980,165.83333333333334,0.8786289682539683,8
all,3981,165.875,0.8786587301587302,9
all,3982,165.91666666666666,0.8786746031746032,11
all,3983,165.95833333333334,0.8786329365079365,8
all,3984,166.0,0.8782738095238095,9
all,3985,166.04166666666666,0.8768611111111111,8
all,3986,166.08333333333334,0.8175694444444445,13
all,3987,166.125,0.6499920634920635,10
all,3988,166.16666666666666,0.46310714285714283,9
all,3989,166.20833333333334,0.24542460317460316,12
all,3990,166.25,0.10614484126984128,10
all,3991,166.29166666666666,0.08379166666666667,8
all,3992,166.33333333333334,0.07801785714285714,12
all,3993,166.375,0.06787499999999999,10
all,3994,166.41666666666666,0.2757420634920635,94
all,3995,166.45833333333334,0.8888333333333334,46
all,3996,166.5,0.8803134920634921,26
all,3997,166.54166666666666,0.41180952380952385,8
all,3998,166.58333333333334,0.13907539682539682,45
all,3999,166.625,0.0779186507936508,6
all,4000,166.66666666666666,0.03589484126984127,8
all,4001,166.70833333333334,5.555555555555555e-05,8
all,4002,166.75,5.555555555555555e-05,8
all,4003,166.79166666666666,0.0002797619047619048,12
all,4004,166.83333333333334,0.00013690476190476189,10
all,4005,166.875,5.1587301587301586e-05,8
all,4006,166.91666666666666,5.753968253968254e-05,8
all,4007,166.95833333333334,0.0003253968253968254,18
all,4008,167.0,0.00011706349206349207,9
all,4009,167.04166666666666,7.53968253968254e-05,8
all,4010,167.08333333333334,7.738095238095239e-05,9
all,4011,167.125,0.00025595238095238096,13
all,4012,167.16666666666666,8.333333333333333e-05,8
all,4013,167.20833333333334,0.00015476190476190478,12
all,4014,167.25,0.001378968253968254,9
all,4015,167.29166666666666,9.523809523809524e-05,8
all,4016,167.33333333333334,0.0008432539682539682,10
all,4017,167.375,0.0004940476190476191,9
all,4018,167.41666666666666,0.0001111111111111111,9
all,4019,167.45833333333334,0.0001626984126984127,16
all,4020,167.5,0.1989484126984127,60
all,4021,167.54166666666666,0.11227579365079365,14
all,4022,167.58333333333334,0.0038928571428571432,8
all,4023,167.625,7.936507936507937e-05,9
all,4024,167.66666666666666,8.134920634920635e-05,10
all,4025,167.70833333333334,0.009511904761904763,12
all,4026,167.75,0.004664682539682539,8
all,4027,167.79166666666666,7.936507936507937e-05,9
all,4028,167.83333333333334,5.9523809523809524e-05,8
all,4029,167.875,6.746031746031745e-05,8
all,4030,167.91666666666666,5.357142857142857e-05,7
all,4031,167.95833333333334,5.555555555555555e-05,8
all,4032,168.0,0.00010317460317460317,10
all,4033,168.04166666666666,0.000125,11
all,4034,168.08333333333334,0.005005952380952381,14
all,4035,168.125,0.0001130952380952381,10
all,4036,168.16666666666666,0.00018650793650793653,9
all,4037,168.20833333333334,0.00012698412698412698,13
all,4038,168.25,0.00576984126984127,11
all,4039,168.29166666666666,0.008408730158730159,8
all,4040,168.33333333333334,0.0012103174603174604,10
all,4041,168.375,0.002382936507936508,13
all,4042,168.41666666666666,0.0009424603174603175,13
all,4043,168.45833333333334,0.00505952380952381,12
all,4044,168.5,0.0028333333333333335,9
all,4045,168.54166666666666,8.134920634920635e-05,9
all,4046,168.58333333333334,8.730158730158731e-05,10
all,4047,168.625,0.002496031746031746,23
all,4048,168.66666666666666,0.0009742063492063492,27
all,4049,168.70833333333334,0.039785714285714285,94
all,4050,168.75,0.2448670634920635,91
all,4051,168.79166666666666,0.21541666666666667,31
all,4052,168.83333333333334,0.21466269841269842,17
all,4053,168.875,0.2146825396825397,19
all,4054,168.91666666666666,0.16793253968253968,9
all,4055,168.95833333333334,0.002496031746031746,8
all,4056,169.0,7.53968253968254e-05,9
all,4057,169.04166666666666,6.944444444444444e-05,10
all,4058,169.08333333333334,0.08951984126984126,43
all,4059,169.125,0.4980873015873016,114
all,4060,169.16666666666666,0.7745773809523809,61
all,4061,169.20833333333334,0.7734523809523809,62
all,4062,169.25,0.5547599206349206,53
all,4063,169.29166666666666,0.44448809523809524,84
all,4064,169.33333333333334,0.895327380952381,52
all,4065,169.375,0.9286666666666665,30
all,4066,169.41666666666666,0.9426190476190476,47
all,4067,169.45833333333334,0.9282797619047619,44
all,4068,169.5,0.8025,65
all,4069,169.54166666666666,0.6027063492063492,99
all,4070,169.58333333333334,0.4747698412698413,100
all,4071,169.625,0.3591488095238095,10
all,4072,169.66666666666666,0.19809325396825397,104
all,4073,169.70833333333334,0.04628373015873016,64
all,4074,169.75,0.28635119047619045,76
all,4075,169.79166666666666,0.6060714285714285,69
all,4076,169.83333333333334,0.594718253968254,36
all,4077,169.875,0.3027936507936508,8
all,4078,169.91666666666666,0.0350734126984127,9
all,4079,169.95833333333334,9.325396825396826e-05,9
all,4080,170.0,6.150793650793651e-05,8
all,4081,170.04166666666666,0.010531746031746031,18
all,4082,170.08333333333334,0.1939126984126984,42
all,4083,170.125,0.49362896825396824,67
all,4084,170.16666666666666,0.5178769841269841,29
all,4085,170.20833333333334,0.30457142857142855,30
all,4086,170.25,0.1741309523809524,15
all,4087,170.29166666666666,0.1187579365079365,12
all,4088,170.33333333333334,0.03628373015873016,9
all,4089,170.375,0.010089285714285716,10
all,4090,170.41666666666666,0.011767857142857142,8
all,4091,170.45833333333334,0.1795734126984127,47
all,4092,170.5,0.3438650793650793,21
all,4093,170.54166666666666,0.306422619047619,21
all,4094,170.58333333333334,0.42098214285714286,109
all,4095,170.625,0.6424087301587301,92
all,4096,170.66666666666666,0.6439920634920635,15
all,4097,170.70833333333334,0.6330853174603175,52
all,4098,170.75,0.6058809523809524,12
all,4099,170.79166666666666,0.578593253968254,9
all,4100,170.83333333333334,0.5294603174603175,6
all,4101,170.875,0.47514682539682546,14
all,4102,170.91666666666666,0.43290079365079365,10
all,4103,170.95833333333334,0.42883531746031744,16
all,4104,171.0,0.42887499999999995,19
all,4105,171.04166666666666,0.44056150793650795,33
all,4106,171.08333333333334,0.5697460317460318,23
all,4107,171.125,0.5712638888888889,34
all,4108,171.16666666666666,0.5705654761904762,34
all,4109,171.20833333333334,0.5714920634920635,10
all,4110,171.25,0.5717678571428572,12
all,4111,171.29166666666666,0.5452698412698412,20
all,4112,171.33333333333334,0.503359126984127,12
all,4113,171.375,0.4400515873015873,16
all,4114,171.41666666666666,0.42869246031746033,11
all,4115,171.45833333333334,0.42867460317460315,11
all,4116,171.5,0.42878571428571427,18
all,4117,171.54166666666666,0.42875793650793653,17
all,4118,171.58333333333334,0.4287837301587301,18
all,4119,171.625,0.42883531746031744,21
all,4120,171.66666666666666,0.42877579365079366,18
all,4121,171.70833333333334,0.4288472222222222,21
all,4122,171.75,0.4288472222222222,22
all,4123,171.79166666666666,0.4288095238095238,19
all,4124,171.83333333333334,0.42873015873015874,15
all,4125,171.875,0.428843253968254,21
all,4126,171.91666666666666,0.42879960317460314,19
all,4127,171.95833333333334,0.42873015873015874,15
all,4128,172.0,0.42870238095238095,13
all,4129,172.04166666666666,0.44253174603174605,28
all,4130,172.08333333333334,0.44281944444444443,31
all,4131,172.125,0.4287222222222222,13
all,4132,172.16666666666666,0.42896626984126984,16
all,4133,172.20833333333334,0.4288650793650794,23
all,4134,172.25,0.42884920634920637,20
all,4135,172.29166666666666,0.4289424603174603,21
all,4136,172.33333333333334,0.4295178571428571,20
all,4137,172.375,0.4287837301587301,18
all,4138,172.41666666666666,0.4287559523809524,16
all,4139,172.45833333333334,0.4748630952380953,22
all,4140,172.5,0.4930853174603175,18
all,4141,172.54166666666666,0.49315476190476193,22
all,4142,172.58333333333334,0.4922003968253968,23
all,4143,172.625,0.4640019841269841,30
all,4144,172.66666666666666,0.41977579365079365,34
all,4145,172.70833333333334,0.3985674603174603,44
all,4146,172.75,0.38919642857142855,42
all,4147,172.79166666666666,0.39916865079365077,25
all,4148,172.83333333333334,0.4002361111111111,18
all,4149,172.875,0.4003075396825397,22
all,4150,172.91666666666666,0.40026190476190476,22
all,4151,172.95833333333334,0.4004087301587302,28
all,4152,173.0,0.4000972222222222,12
all,4153,173.04166666666666,0.4000416666666667,6
all,4154,173.08333333333334,0.4040496031746032,9
all,4155,173.125,0.40003769841269843,6
all,4156,173.16666666666666,0.40004960317460314,6
all,4157,173.20833333333334,0.4000992063492063,10
all,4158,173.25,0.459359126984127,25
all,4159,173.29166666666666,0.5521984126984126,11
all,4160,173.33333333333334,0.5578194444444444,6
all,4161,173.375,0.557311507936508,17
all,4162,173.41666666666666,0.5361150793650793,10
all,4163,173.45833333333334,0.4317083333333333,52
all,4164,173.5,0.40772222222222226,16
all,4165,173.54166666666666,0.40006547619047617,7
all,4166,173.58333333333334,0.400625,14
all,4167,173.625,0.4144325396825397,10
all,4168,173.66666666666666,0.4208611111111111,10
all,4169,173.70833333333334,0.4202936507936508,37
all,4170,173.75,0.4192956349206349,39
all,4171,173.79166666666666,0.4166666666666667,44
all,4172,173.83333333333334,0.41488888888888886,37
all,4173,173.875,0.41492460317460317,41
all,4174,173.91666666666666,0.4148234126984127,37
all,4175,173.95833333333334,0.41483333333333333,35
all,4176,174.0,0.4186924603174603,33
all,4177,174.04166666666666,0.42202976190476194,37
all,4178,174.08333333333334,0.42496626984126984,39
all,4179,174.125,0.42183333333333334,27
all,4180,174.16666666666666,0.4219345238095238,33
all,4181,174.20833333333334,0.42211507936507936,42
all,4182,174.25,0.42366468253968254,27
all,4183,174.29166666666666,0.4222619047619048,42
all,4184,174.33333333333334,0.4232420634920635,37
all,4185,174.375,0.4220555555555556,39
all,4186,174.41666666666666,0.42212301587301587,34
all,4187,174.45833333333334,0.42216666666666663,41
all,4188,174.5,0.4218115079365079,29
all,4189,174.54166666666666,0.4222162698412698,37
all,4190,174.58333333333334,0.429109126984127,51
all,4191,174.625,0.0804702380952381,73
all,4192,174.66666666666666,0.009589285714285715,31
all,4193,174.70833333333334,0.00810515873015873,24
all,4194,174.75,0.024831349206349204,51
all,4195,174.79166666666666,0.02053174603174603,37
all,4196,174.83333333333334,0.01030952380952381,54
all,4197,174.875,0.0075376984126984126,26
all,4198,174.91666666666666,0.007813492063492064,39
all,4199,174.95833333333334,0.007686507936507936,34
all,4200,175.0,0.004172619047619047,33
all,4201,175.04166666666666,0.0005972222222222222,36
all,4202,175.08333333333334,0.004384920634920635,39
all,4203,175.125,0.0006091269841269841,31
all,4204,175.16666666666666,0.0005416666666666666,35
all,4205,175.20833333333334,0.0006011904761904762,33
all,4206,175.25,0.0027142857142857142,33
all,4207,175.29166666666666,0.0008035714285714286,38
all,4208,175.33333333333334,0.0014305555555555556,21
all,4209,175.375,0.0005297619047619048,31
all,4210,175.41666666666666,0.0005119047619047619,32
all,4211,175.45833333333334,0.0006746031746031745,30
all,4212,175.5,0.0041269841269841265,34
all,4213,175.54166666666666,0.015232142857142856,49
all,4214,175.58333333333334,0.020017857142857143,32
all,4215,175.625,0.013198412698412699,37
all,4216,175.66666666666666,0.010805555555555556,53
all,4217,175.70833333333334,0.011581349206349206,36
all,4218,175.75,0.015507936507936509,49
all,4219,175.79166666666666,0.0008353174603174604,41
all,4220,175.83333333333334,0.0005257936507936508,34
all,4221,175.875,0.0005813492063492064,38
all,4222,175.91666666666666,0.0013611111111111111,53
all,4223,175.95833333333334,0.006831349206349206,166
all,4224,176.0,0.00899404761904762,195
all,4225,176.04166666666666,0.00895436507936508,172
all,4226,176.08333333333334,0.01122420634920635,72
all,4227,176.125,0.2535873015873016,77
all,4228,176.16666666666666,0.5921111111111111,24
all,4229,176.20833333333334,0.6045416666666666,12
all,4230,176.25,0.5522519841269842,7
all,4231,176.29166666666666,0.4213948412698413,8
all,4232,176.33333333333334,0.2854007936507937,9
all,4233,176.375,0.18201984126984128,8
all,4234,176.41666666666666,0.11531150793650792,0
all,4235,176.45833333333334,0.055799603174603175,13
all,4236,176.5,0.0021607142857142858,10
all,4237,176.54166666666666,8.928571428571429e-05,9
all,4238,176.58333333333334,5.9523809523809524e-05,9
all,4239,176.625,6.944444444444444e-05,8
all,4240,176.66666666666666,6.547619047619048e-05,9
all,4241,176.70833333333334,6.349206349206349e-05,8
all,4242,176.75,6.150793650793651e-05,9
all,4243,176.79166666666666,0.0006309523809523809,10
all,4244,176.83333333333334,5.753968253968254e-05,9
all,4245,176.875,5.9523809523809524e-05,8
all,4246,176.91666666666666,8.333333333333333e-05,9
all,4247,176.95833333333334,5.555555555555555e-05,8
all,4248,177.0,5.9523809523809524e-05,9
all,4249,177.04166666666666,0.0003234126984126984,13
all,4250,177.08333333333334,0.004541666666666667,10
all,4251,177.125,5.753968253968254e-05,8
all,4252,177.16666666666666,7.341269841269841e-05,9
all,4253,177.20833333333334,0.000125,12
all,4254,177.25,0.0027916666666666667,10
all,4255,177.29166666666666,0.0077619047619047615,11
all,4256,177.33333333333334,0.0015753968253968255,11
all,4257,177.375,0.003992063492063492,9
all,4258,177.41666666666666,0.025259920634920635,30
all,4259,177.45833333333334,0.03510714285714286,9
all,4260,177.5,0.0286765873015873,10
all,4261,177.54166666666666,0.028628968253968257,8
all,4262,177.58333333333334,0.017496031746031745,9
all,4263,177.625,0.0019940476190476192,13
all,4264,177.66666666666666,0.004349206349206349,10
all,4265,177.70833333333334,0.0012123015873015872,5
all,4266,177.75,3.373015873015873e-05,5
all,4267,177.79166666666666,2.9761904761904762e-05,4
all,4268,177.83333333333334,3.571428571428572e-05,5
all,4269,177.875,2.9761904761904762e-05,4
all,4270,177.91666666666666,3.1746031746031745e-05,5
all,4271,177.95833333333334,2.7777777777777776e-05,4
all,4272,178.0,3.76984126984127e-05,5
all,4273,178.04166666666666,2.7777777777777776e-05,4
all,4274,178.08333333333334,3.373015873015873e-05,5
all,4275,178.125,2.7777777777777776e-05,4
all,4276,178.16666666666666,3.571428571428572e-05,5
all,4277,178.20833333333334,8.134920634920635e-05,8
all,4278,178.25,0.0006388888888888888,6
all,4279,178.29166666666666,4.761904761904762e-05,5
all,4280,178.33333333333334,0.00017063492063492064,5
all,4281,178.375,3.373015873015873e-05,4
all,4282,178.41666666666666,4.761904761904762e-05,5
all,4283,178.45833333333334,5.357142857142857e-05,4
all,4284,178.5,2.9761904761904762e-05,5
all,4285,178.54166666666666,2.7777777777777776e-05,4
all,4286,178.58333333333334,4.96031746031746e-05,6
all,4287,178.625,2.9761904761904762e-05,4
all,4288,178.66666666666666,0.0008551587301587301,41
all,4289,178.70833333333334,0.0004801587301587302,23
all,4290,178.75,3.1746031746031745e-05,5
all,4291,178.79166666666666,2.5793650793650793e-05,4
all,4292,178.83333333333334,3.1746031746031745e-05,5
all,4293,178.875,2.7777777777777776e-05,4
all,4294,178.91666666666666,3.571428571428572e-05,5
all,4295,178.95833333333334,5.9523809523809524e-05,4
all,4296,179.0,4.1666666666666665e-05,5
all,4297,179.04166666666666,2.5793650793650793e-05,4
all,4298,179.08333333333334,2.7777777777777776e-05,5
all,4299,179.125,2.7777777777777776e-05,4
all,4300,179.16666666666666,3.968253968253968e-05,5
all,4301,179.20833333333334,8.531746031746032e-05,8
all,4302,179.25,3.373015873015873e-05,5
all,4303,179.29166666666666,3.1746031746031745e-05,4
all,4304,179.33333333333334,0.00017460317460317462,6
all,4305,179.375,2.9761904761904762e-05,4
all,4306,179.41666666666666,4.563492063492064e-05,5
all,4307,179.45833333333334,3.1746031746031745e-05,4
all,4308,179.5,3.1746031746031745e-05,5
all,4309,179.54166666666666,2.7777777777777776e-05,4
all,4310,179.58333333333334,2.7777777777777776e-05,5
all,4311,179.625,0.0003511904761904762,6
all,4312,179.66666666666666,0.007218253968253969,7
all,4313,179.70833333333334,0.0071726190476190475,4
all,4314,179.75,0.00717063492063492,5
all,4315,179.79166666666666,0.00717063492063492,4
all,4316,179.83333333333334,0.0071964285714285715,6
all,4317,179.875,0.00719047619047619,5
all,4318,179.91666666666666,0.007182539682539683,5
all,4319,179.95833333333334,0.00717063492063492,4
all,4320,180.0,0.007176587301587302,5
all,4321,180.04166666666666,0.0074126984126984125,8
all,4322,180.08333333333334,0.01106547619047619,5
all,4323,180.125,0.00717063492063492,4
all,4324,180.16666666666666,0.007182539682539683,5
all,4325,180.20833333333334,0.00718452380952381,5
all,4326,180.25,0.008101190476190477,7
all,4327,180.29166666666666,0.007174603174603175,4
all,4328,180.33333333333334,0.007176587301587302,5
all,4329,180.375,0.0071984126984127,4
all,4330,180.41666666666666,0.007208333333333334,6
all,4331,180.45833333333334,0.007557539682539682,12
all,4332,180.5,0.009430555555555557,41
all,4333,180.54166666666666,0.008444444444444445,22
all,4334,180.58333333333334,0.008176587301587301,9
all,4335,180.625,0.008375,40
all,4336,180.66666666666666,0.001892857142857143,45
all,4337,180.70833333333334,0.0007658730158730158,19
all,4338,180.75,0.0005178571428571428,16
all,4339,180.79166666666666,0.002142857142857143,51
all,4340,180.83333333333334,0.00012301587301587303,9
all,4341,180.875,2.9761904761904762e-05,4
all,4342,180.91666666666666,5.555555555555555e-05,6
all,4343,180.95833333333334,3.373015873015873e-05,4
all,4344,181.0,3.1746031746031745e-05,5
all,4345,181.04166666666666,0.000623015873015873,8
all,4346,181.08333333333334,0.004714285714285714,7
all,4347,181.125,2.9761904761904762e-05,4
all,4348,181.16666666666666,3.968253968253968e-05,5
all,4349,181.20833333333334,4.761904761904762e-05,5
all,4350,181.25,0.0006765873015873016,6
all,4351,181.29166666666666,5.555555555555555e-05,5
all,4352,181.33333333333334,0.00017460317460317462,6
all,4353,181.375,9.722222222222222e-05,3
all,4354,181.41666666666666,0.0002380952380952381,11
all,4355,181.45833333333334,0.001761904761904762,40
all,4356,181.5,0.030051587301587305,83
all,4357,181.54166666666666,0.5359642857142857,94
all,4358,181.58333333333334,0.5643214285714285,25
all,4359,181.625,0.5643174603174603,5
all,4360,181.66666666666666,0.5643194444444445,17
all,4361,181.70833333333334,0.5643234126984127,4
all,4362,181.75,0.5643214285714285,5
all,4363,181.79166666666666,0.5643154761904762,4
all,4364,181.83333333333334,0.5643273809523809,5
all,4365,181.875,0.5643194444444445,4
all,4366,181.91666666666666,0.5643194444444445,5
all,4367,181.95833333333334,0.5643194444444445,4
all,4368,182.0,0.564188492063492,5
all,4369,182.04166666666666,0.562781746031746,22
all,4370,182.08333333333334,0.5621924603174603,4
all,4371,182.125,0.5630892857142857,3
all,4372,182.16666666666666,0.5590019841269841,40
all,4373,182.20833333333334,0.5612380952380953,21
all,4374,182.25,0.5602777777777778,10
all,4375,182.29166666666666,0.557329365079365,7
all,4376,182.33333333333334,0.5573531746031747,26
all,4377,182.375,0.5592003968253968,61
all,4378,182.41666666666666,0.5577341269841269,20
all,4379,182.45833333333334,0.5572857142857143,12
all,4380,182.5,0.552077380952381,35
all,4381,182.54166666666666,0.5292579365079365,78
all,4382,182.58333333333334,0.5456666666666666,46
all,4383,182.625,0.5453789682539683,62
all,4384,182.66666666666666,0.543843253968254,42
all,4385,182.70833333333334,0.5443333333333333,62
all,4386,182.75,0.5649186507936508,43
all,4387,182.79166666666666,0.5645059523809524,16
all,4388,182.83333333333334,0.5643472222222222,10
all,4389,182.875,0.5643888888888889,6
all,4390,182.91666666666666,0.5643313492063492,10
all,4391,182.95833333333334,0.5643392857142857,8
all,4392,183.0,0.564061507936508,9
all,4393,183.04166666666666,0.5637777777777778,27
all,4394,183.08333333333334,0.519454365079365,15
all,4395,183.125,0.46951785714285715,8
all,4396,183.16666666666666,0.44171230158730157,13
all,4397,183.20833333333334,0.4092420634920635,12
all,4398,183.25,0.40293253968253967,5
all,4399,183.29166666666666,0.4000198412698413,4
all,4400,183.33333333333334,0.4000238095238095,5
all,4401,183.375,0.40038690476190475,16
all,4402,183.41666666666666,0.40052976190476186,10
all,4403,183.45833333333334,0.41143253968253973,31
all,4404,183.5,0.561468253968254,17
all,4405,183.54166666666666,0.5586130952380952,23
all,4406,183.58333333333334,0.41810119047619043,1
all,4407,183.625,0.400797619047619,39
all,4408,183.66666666666666,0.5507539682539683,65
all,4409,183.70833333333334,0.5642619047619047,8
all,4410,183.75,0.5309960317460317,38
all,4411,183.79166666666666,0.43168253968253967,57
all,4412,183.83333333333334,0.40848015873015875,62
all,4413,183.875,0.4072023809523809,8
all,4414,183.91666666666666,0.4076369047619048,25
all,4415,183.95833333333334,0.4092956349206349,71
all,4416,184.0,0.4079285714285714,41
all,4417,184.04166666666666,0.38739087301587305,32
all,4418,184.08333333333334,0.372375,40
all,4419,184.125,0.3602718253968254,64
all,4420,184.16666666666666,0.346734126984127,37
all,4421,184.20833333333334,0.34337896825396824,35
all,4422,184.25,0.3434880952380952,29
all,4423,184.29166666666666,0.34363293650793647,36
all,4424,184.33333333333334,0.3432718253968254,11
all,4425,184.375,0.34359325396825396,37
all,4426,184.41666666666666,0.3468174603174603,113
all,4427,184.45833333333334,0.34542460317460316,79
all,4428,184.5,0.3431666666666667,32
all,4429,184.54166666666666,0.2764821428571429,62
all,4430,184.58333333333334,0.20126785714285714,21
all,4431,184.625,0.21593055555555557,65
all,4432,184.66666666666666,0.22046626984126982,62
all,4433,184.70833333333334,0.49922817460317465,139
all,4434,184.75,0.7323531746031746,65
all,4435,184.79166666666666,0.7390099206349207,39
all,4436,184.83333333333334,0.7433353174603174,28
all,4437,184.875,0.7433611111111111,26
all,4438,184.91666666666666,0.7429126984126984,8
all,4439,184.95833333333334,0.7435634920634921,27
all,4440,185.0,0.7456488095238095,60
all,4441,185.04166666666666,0.6805714285714286,29
all,4442,185.08333333333334,0.5955734126984127,13
all,4443,185.125,0.5849940476190477,8
all,4444,185.16666666666666,0.5452896825396826,7
all,4445,185.20833333333334,0.522952380952381,20
all,4446,185.25,0.5345892857142858,16
all,4447,185.29166666666666,0.5522242063492063,14
all,4448,185.33333333333334,0.5717539682539682,9
all,4449,185.375,0.5714623015873016,6
all,4450,185.41666666666666,0.5714722222222223,7
all,4451,185.45833333333334,0.5714761904761905,7
all,4452,185.5,0.5714742063492064,7
all,4453,185.54166666666666,0.5645396825396826,10
all,4454,185.58333333333334,0.5553174603174603,11
all,4455,185.625,0.5611031746031746,8
all,4456,185.66666666666666,0.5673551587301587,11
all,4457,185.70833333333334,0.5303154761904763,66
all,4458,185.75,0.5217797619047619,22
all,4459,185.79166666666666,0.5244246031746033,8
all,4460,185.83333333333334,0.5286170634920635,7
all,4461,185.875,0.5286170634920635,7
all,4462,185.91666666666666,0.5270873015873015,11
all,4463,185.95833333333334,0.526906746031746,7
all,4464,186.0,0.5281111111111111,8
all,4465,186.04166666666666,0.5244285714285715,11
all,4466,186.08333333333334,0.5044503968253968,13
all,4467,186.125,0.506079365079365,11
all,4468,186.16666666666666,0.5161111111111112,12
all,4469,186.20833333333334,0.5106904761904763,13
all,4470,186.25,0.49444642857142856,14
all,4471,186.29166666666666,0.49808531746031753,11
all,4472,186.33333333333334,0.5003611111111111,10
all,4473,186.375,0.5000813492063492,8
all,4474,186.41666666666666,0.4984166666666667,9
all,4475,186.45833333333334,0.4967142857142858,10
all,4476,186.5,0.488547619047619,8
all,4477,186.54166666666666,0.49480952380952375,10
all,4478,186.58333333333334,0.4942083333333333,10
all,4479,186.625,0.4917103174603174,9
all,4480,186.66666666666666,0.4929246031746031,9
all,4481,186.70833333333334,0.43611507936507937,35
all,4482,186.75,0.38908333333333334,22
all,4483,186.79166666666666,0.3926428571428571,8
all,4484,186.83333333333334,0.39217857142857143,10
all,4485,186.875,0.3912123015873016,9
all,4486,186.91666666666666,0.3929186507936508,9
all,4487,186.95833333333334,0.3934503968253968,10
all,4488,187.0,0.3858412698412699,10
all,4489,187.04166666666666,0.3744722222222222,10
all,4490,187.08333333333334,0.36483333333333334,22
all,4491,187.125,0.34157539682539684,9
all,4492,187.16666666666666,0.33660119047619047,10
all,4493,187.20833333333334,0.3359325396825397,15
all,4494,187.25,0.34784920634920635,18
all,4495,187.29166666666666,0.3472301587301587,12
all,4496,187.33333333333334,0.35479166666666667,14
all,4497,187.375,0.3658174603174603,49
all,4498,187.41666666666666,0.36129761904761903,11
all,4499,187.45833333333334,0.3600813492063492,6
all,4500,187.5,0.36687896825396826,9
all,4501,187.54166666666666,0.3704920634920635,5
all,4502,187.58333333333334,0.3727837301587302,9
all,4503,187.625,0.5456607142857143,120
all,4504,187.66666666666666,0.7714265873015873,19
all,4505,187.70833333333334,0.7525972222222223,4
all,4506,187.75,0.7029325396825398,8
all,4507,187.79166666666666,0.6989980158730158,2
all,4508,187.83333333333334,0.692843253968254,3
all,4509,187.875,0.6928214285714286,2
all,4510,187.91666666666666,0.692875,3
all,4511,187.95833333333334,0.6928492063492063,2
all,4512,188.0,0.6925654761904761,6
all,4513,188.04166666666666,0.6058333333333333,37
all,4514,188.08333333333334,0.48920634920634926,77
all,4515,188.125,0.43753174603174605,69
all,4516,188.16666666666666,0.346390873015873,48
all,4517,188.20833333333334,0.3350337301587301,56
all,4518,188.25,0.2970654761904762,64
all,4519,188.29166666666666,0.25533333333333336,53
all,4520,188.33333333333334,0.2545218253968254,51
all,4521,188.375,0.21110515873015873,47
all,4522,188.41666666666666,0.10273809523809524,65
all,4523,188.45833333333334,0.07734325396825398,70
all,4524,188.5,0.07001388888888889,83
all,4525,188.54166666666666,0.06389880952380952,77
all,4526,188.58333333333334,0.0712202380952381,103
all,4527,188.625,0.05617857142857143,125
all,4528,188.66666666666666,0.07465277777777778,131
all,4529,188.70833333333334,0.058676587301587306,104
all,4530,188.75,0.06264087301587302,79
all,4531,188.79166666666666,0.09954960317460318,132
all,4532,188.83333333333334,0.0868829365079365,125
all,4533,188.875,0.08444444444444445,114
all,4534,188.91666666666666,0.08421626984126984,129
all,4535,188.95833333333334,0.07903174603174602,101
all,4536,189.0,0.08395436507936507,116
all,4537,189.04166666666666,0.07281944444444444,140
all,4538,189.08333333333334,0.07491071428571429,119
all,4539,189.125,0.06889087301587302,131
all,4540,189.16666666666666,0.07105158730158731,142
all,4541,189.20833333333334,0.07068650793650794,120
all,4542,189.25,0.07528769841269842,127
all,4543,189.29166666666666,0.07424007936507937,143
all,4544,189.33333333333334,0.0568968253968254,142
all,4545,189.375,0.04724801587301587,122
all,4546,189.41666666666666,0.057682539682539676,126
all,4547,189.45833333333334,0.06409325396825397,110
all,4548,189.5,0.13951587301587304,173
all,4549,189.54166666666666,0.1562420634920635,152
all,4550,189.58333333333334,0.17767063492063492,146
all,4551,189.625,0.15075,47
all,4552,189.66666666666666,0.27186309523809526,181
all,4553,189.70833333333334,0.19068849206349206,216
all,4554,189.75,0.11877579365079366,118
all,4555,189.79166666666666,0.14392063492063492,141
all,4556,189.83333333333334,0.17143650793650794,127
all,4557,189.875,0.18628968253968253,135
all,4558,189.91666666666666,0.17937896825396824,153
all,4559,189.95833333333334,0.14577777777777778,174
all,4560,190.0,0.13371031746031747,168
all,4561,190.04166666666666,0.12881150793650792,142
all,4562,190.08333333333334,0.1348531746031746,144
all,4563,190.125,0.11439682539682539,9
all,4564,190.16666666666666,0.11282539682539683,5
all,4565,190.20833333333334,0.10421230158730159,6
all,4566,190.25,0.10003769841269841,5
all,4567,190.29166666666666,0.10003174603174604,4
all,4568,190.33333333333334,0.10003373015873016,5
all,4569,190.375,0.13046825396825396,16
all,4570,190.41666666666666,0.16525396825396826,11
all,4571,190.45833333333334,0.11489087301587302,5
all,4572,190.5,0.06967063492063492,10
all,4573,190.54166666666666,0.0661468253968254,69
all,4574,190.58333333333334,0.20164682539682538,87
all,4575,190.625,0.22116468253968255,106
all,4576,190.66666666666666,0.1315952380952381,15
all,4577,190.70833333333334,0.19956349206349208,104
all,4578,190.75,0.5735277777777777,70
all,4579,190.79166666666666,0.5849166666666666,19
all,4580,190.83333333333334,0.3981845238095238,23
all,4581,190.875,0.18645436507936508,14
all,4582,190.91666666666666,0.198015873015873,66
all,4583,190.95833333333334,0.2016547619047619,41
all,4584,191.0,0.26185515873015874,80
all,4585,191.04166666666666,0.30832539682539684,21
all,4586,191.08333333333334,0.34464285714285714,34
all,4587,191.125,0.5188095238095238,47
all,4588,191.16666666666666,0.5888353174603175,20
all,4589,191.20833333333334,0.5841031746031746,16
all,4590,191.25,0.5770337301587302,10
all,4591,191.29166666666666,0.5552757936507936,5
all,4592,191.33333333333334,0.5500357142857143,5
all,4593,191.375,0.5473373015873015,43
all,4594,191.41666666666666,0.5610416666666667,43
all,4595,191.45833333333334,0.5207678571428571,2
all,4596,191.5,0.49097222222222225,3
all,4597,191.54166666666666,0.4523154761904762,4
all,4598,191.58333333333334,0.4429722222222222,28
all,4599,191.625,0.5570039682539683,58
all,4600,191.66666666666666,0.5927440476190476,11
all,4601,191.70833333333334,0.5927480158730158,8
all,4602,191.75,0.5944484126984128,69
all,4603,191.79166666666666,0.5935734126984127,12
all,4604,191.83333333333334,0.4709960317460318,9
all,4605,191.875,0.26616865079365076,8
all,4606,191.91666666666666,0.18300198412698412,10
all,4607,191.95833333333334,0.128359126984127,8
all,4608,192.0,0.11164087301587301,10
all,4609,192.04166666666666,0.09726388888888889,8
all,4610,192.08333333333334,0.08346031746031746,9
all,4611,192.125,0.07720039682539682,10
all,4612,192.16666666666666,0.07544246031746031,10
all,4613,192.20833333333334,0.06143055555555556,14
all,4614,192.25,0.044126984126984126,11
all,4615,192.29166666666666,0.03604960317460318,10
all,4616,192.33333333333334,0.0357718253968254,9
all,4617,192.375,0.03576984126984127,8
all,4618,192.41666666666666,0.0357718253968254,9
all,4619,192.45833333333334,0.04187896825396825,19
all,4620,192.5,0.5070952380952382,172
all,4621,192.54166666666666,0.9467619047619047,78
all,4622,192.58333333333334,0.8882678571428572,19
all,4623,192.625,0.5685257936507937,31
all,4624,192.66666666666666,0.4723492063492064,42
all,4625,192.70833333333334,0.5116488095238095,79
all,4626,192.75,0.9165396825396825,76
all,4627,192.79166666666666,0.9571527777777779,11
all,4628,192.83333333333334,0.9567440476190475,9
all,4629,192.875,0.8997440476190477,9
all,4630,192.91666666666666,0.6843253968253968,9
all,4631,192.95833333333334,0.5699226190476191,15
all,4632,193.0,0.4736170634920635,9
all,4633,193.04166666666666,0.4009047619047619,18
all,4634,193.08333333333334,0.35445436507936506,26
all,4635,193.125,0.32811507936507933,20
all,4636,193.16666666666666,0.2877619047619048,31
all,4637,193.20833333333334,0.46467658730158734,51
all,4638,193.25,0.36081944444444447,10
all,4639,193.29166666666666,0.320265873015873,9
all,4640,193.33333333333334,0.2729563492063492,8
all,4641,193.375,0.2468511904761905,9
all,4642,193.41666666666666,0.23358134920634918,8
all,4643,193.45833333333334,0.22862896825396828,9
all,4644,193.5,0.2271329365079365,8
all,4645,193.54166666666666,0.21904166666666666,9
all,4646,193.58333333333334,0.2143392857142857,8
all,4647,193.625,0.21434325396825396,9
all,4648,193.66666666666666,0.21138690476190475,8
all,4649,193.70833333333334,0.19311309523809522,9
all,4650,193.75,0.18724801587301587,9
all,4651,193.79166666666666,0.15511111111111112,12
all,4652,193.83333333333334,0.11132738095238096,14
all,4653,193.875,0.12142063492063492,16
all,4654,193.91666666666666,0.15982341269841271,15
all,4655,193.95833333333334,0.20044642857142858,12
all,4656,194.0,0.1950138888888889,12
all,4657,194.04166666666666,0.20090674603174602,13
all,4658,194.08333333333334,0.19292063492063494,8
all,4659,194.125,0.19292857142857145,9
all,4660,194.16666666666666,0.19293253968253968,9
all,4661,194.20833333333334,0.19466468253968253,11
all,4662,194.25,0.19610714285714284,11
all,4663,194.29166666666666,0.19292261904761904,9
all,4664,194.33333333333334,0.1929107142857143,8
all,4665,194.375,0.19588690476190476,10
all,4666,194.41666666666666,0.18748015873015875,8
all,4667,194.45833333333334,0.18248809523809523,9
all,4668,194.5,0.16950992063492065,8
all,4669,194.54166666666666,0.13021428571428573,13
all,4670,194.58333333333334,0.1751111111111111,30
all,4671,194.625,0.16220039682539683,37
all,4672,194.66666666666666,0.16793849206349207,26
all,4673,194.70833333333334,0.2110376984126984,37
all,4674,194.75,0.22279960317460318,25
all,4675,194.79166666666666,0.2271706349206349,29
all,4676,194.83333333333334,0.23351388888888888,29
all,4677,194.875,0.3698452380952381,37
all,4678,194.91666666666666,0.5638928571428571,39
all,4679,194.95833333333334,0.7473809523809525,27
all,4680,195.0,0.8113333333333334,21
all,4681,195.04166666666666,0.8097718253968255,28
all,4682,195.08333333333334,0.7951289682539683,28
all,4683,195.125,0.6898829365079365,10
all,4684,195.16666666666666,0.5471349206349206,9
all,4685,195.20833333333334,0.46868452380952375,17
all,4686,195.25,0.36306944444444444,18
all,4687,195.29166666666666,0.18964484126984127,8
all,4688,195.33333333333334,0.13278373015873016,9
all,4689,195.375,0.1033234126984127,32
all,4690,195.41666666666666,0.07632738095238095,6
all,4691,195.45833333333334,0.049680555555555554,33
all,4692,195.5,0.16805357142857144,60
all,4693,195.54166666666666,0.3073115079365079,51
all,4694,195.58333333333334,0.37138888888888894,58
all,4695,195.625,0.44417261904761907,76
all,4696,195.66666666666666,0.4233551587301587,76
all,4697,195.70833333333334,0.5091031746031746,118
all,4698,195.75,0.8005992063492063,79
all,4699,195.79166666666666,0.915765873015873,31
all,4700,195.83333333333334,0.9475476190476191,25
all,4701,195.875,0.9120753968253968,21
all,4702,195.91666666666666,0.886452380952381,42
all,4703,195.95833333333334,0.8209662698412699,91
all,4704,196.0,0.7499503968253969,37
all,4705,196.04166666666666,0.6800277777777778,43
all,4706,196.08333333333334,0.677077380952381,62
all,4707,196.125,0.5237519841269841,56
all,4708,196.16666666666666,0.41176785714285713,71
all,4709,196.20833333333334,0.42153174603174604,35
all,4710,196.25,0.36046825396825394,43
all,4711,196.29166666666666,0.3374960317460317,48
all,4712,196.33333333333334,0.4078293650793651,37
all,4713,196.375,0.5746269841269841,28
all,4714,196.41666666666666,0.5764821428571428,14
all,4715,196.45833333333334,0.7230972222222223,70
all,4716,196.5,0.7272301587301587,66
all,4717,196.54166666666666,0.6514226190476191,60
all,4718,196.58333333333334,0.5851884920634921,102
all,4719,196.625,0.6309305555555556,78
all,4720,196.66666666666666,0.574686507936508,101
all,4721,196.70833333333334,0.5615972222222223,97
all,4722,196.75,0.5663869047619048,75
all,4723,196.79166666666666,0.4968829365079365,89
all,4724,196.83333333333334,0.5789126984126984,130
all,4725,196.875,0.5712380952380952,140
all,4726,196.91666666666666,0.5754583333333333,103
all,4727,196.95833333333334,0.5402440476190477,135
all,4728,197.0,0.5496031746031745,102
all,4729,197.04166666666666,0.530970238095238,97
all,4730,197.08333333333334,0.5312281746031745,72
all,4731,197.125,0.5117757936507936,80
all,4732,197.16666666666666,0.565061507936508,89
all,4733,197.20833333333334,0.584748015873016,82
all,4734,197.25,0.5802261904761905,67
all,4735,197.29166666666666,0.5798789682539682,69
all,4736,197.33333333333334,0.580654761904762,66
all,4737,197.375,0.5864503968253968,67
all,4738,197.41666666666666,0.5869623015873017,48
all,4739,197.45833333333334,0.582468253968254,44
all,4740,197.5,0.5729623015873015,44
all,4741,197.54166666666666,0.5797797619047619,51
all,4742,197.58333333333334,0.5803551587301587,31
all,4743,197.625,0.5819345238095238,17
all,4744,197.66666666666666,0.5553511904761905,23
all,4745,197.70833333333334,0.5151746031746032,83
all,4746,197.75,0.5021031746031747,122
all,4747,197.79166666666666,0.5159880952380952,144
all,4748,197.83333333333334,0.4326130952380952,164
all,4749,197.875,0.48531150793650796,174
all,4750,197.91666666666666,0.41228373015873016,205
all,4751,197.95833333333334,0.39981349206349204,79
all,4752,198.0,0.3835873015873016,50
all,4753,198.04166666666666,0.4530496031746032,107
all,4754,198.08333333333334,0.5185496031746032,17
all,4755,198.125,0.4754920634920635,26
all,4756,198.16666666666666,0.44887301587301587,21
all,4757,198.20833333333334,0.4692678571428572,21
all,4758,198.25,0.4819821428571429,23
all,4759,198.29166666666666,0.45289484126984125,24
all,4760,198.33333333333334,0.44593650793650796,18
all,4761,198.375,0.44316071428571424,22
all,4762,198.41666666666666,0.5597361111111111,78
all,4763,198.45833333333334,0.5791805555555556,15
all,4764,198.5,0.5923769841269841,13
all,4765,198.54166666666666,0.5928690476190476,32
all,4766,198.58333333333334,0.5933849206349207,126
all,4767,198.625,0.6129285714285715,237
all,4768,198.66666666666666,0.6180059523809524,236
all,4769,198.70833333333334,0.627390873015873,147
all,4770,198.75,0.6216170634920635,128
all,4771,198.79166666666666,0.6703412698412698,158
all,4772,198.83333333333334,0.6763928571428571,100
all,4773,198.875,0.678313492063492,144
all,4774,198.91666666666666,0.6737222222222222,187
all,4775,198.95833333333334,0.6674166666666667,194
all,4776,199.0,0.6312341269841271,208
all,4777,199.04166666666666,0.6182956349206349,243
all,4778,199.08333333333334,0.5815912698412699,184
all,4779,199.125,0.5554484126984126,195
all,4780,199.16666666666666,0.5207063492063492,148
all,4781,199.20833333333334,0.5179960317460317,167
all,4782,199.25,0.5181349206349206,180
all,4783,199.29166666666666,0.5080099206349207,185
all,4784,199.33333333333334,0.5025793650793651,229
all,4785,199.375,0.5022996031746031,228
all,4786,199.41666666666666,0.4930496031746031,157
all,4787,199.45833333333334,0.4979087301587302,181
all,4788,199.5,0.4941210317460317,141
all,4789,199.54166666666666,0.49649603174603174,158
all,4790,199.58333333333334,0.4957777777777778,169
all,4791,199.625,0.4821309523809524,191
all,4792,199.66666666666666,0.5127718253968254,228
all,4793,199.70833333333334,0.5039484126984127,185
all,4794,199.75,0.39504365079365084,259
all,4795,199.79166666666666,0.41480357142857144,246
all,4796,199.83333333333334,0.32958134920634924,227
all,4797,199.875,0.2729960317460317,213
all,4798,199.91666666666666,0.30963690476190475,274
all,4799,199.95833333333334,0.22953373015873016,239
all,4800,200.0,0.18946825396825398,253
all,4801,200.04166666666666,0.20078373015873016,234
all,4802,200.08333333333334,0.1765297619047619,252
all,4803,200.125,0.16837896825396825,192
all,4804,200.16666666666666,0.16955753968253967,116
all,4805,200.20833333333334,0.16774801587301585,16
all,4806,200.25,0.16701388888888888,10
all,4807,200.29166666666666,0.1431170634920635,11
all,4808,200.33333333333334,0.1272718253968254,6
all,4809,200.375,0.17390873015873015,27
all,4810,200.41666666666666,0.15631349206349207,28
all,4811,200.45833333333334,0.1631329365079365,7
all,4812,200.5,0.20268452380952381,15
all,4813,200.54166666666666,0.18675,12
all,4814,200.58333333333334,0.17220833333333332,10
all,4815,200.625,0.15836507936507935,16
all,4816,200.66666666666666,0.1291170634920635,10
all,4817,200.70833333333334,0.12962103174603173,5
all,4818,200.75,0.11823809523809525,9
all,4819,200.79166666666666,0.09372420634920635,7
all,4820,200.83333333333334,0.2508214285714286,57
all,4821,200.875,0.45250793650793647,20
all,4822,200.91666666666666,0.4613472222222222,11
all,4823,200.95833333333334,0.45939087301587295,9
all,4824,201.0,0.46249206349206345,14
all,4825,201.04166666666666,0.47079166666666666,16
all,4826,201.08333333333334,0.467109126984127,7
all,4827,201.125,0.46835515873015876,8
all,4828,201.16666666666666,0.46343055555555557,15
all,4829,201.20833333333334,0.4413650793650794,9
all,4830,201.25,0.4565793650793651,24
all,4831,201.29166666666666,0.44425992063492065,10
all,4832,201.33333333333334,0.4662559523809524,25
all,4833,201.375,0.5225357142857143,3
all,4834,201.41666666666666,0.4335972222222222,62
all,4835,201.45833333333334,0.5703611111111111,149
all,4836,201.5,0.594140873015873,65
all,4837,201.54166666666666,0.5798293650793651,132
all,4838,201.58333333333334,0.5181805555555556,114
all,4839,201.625,0.45182936507936505,185
all,4840,201.66666666666666,0.4828670634920635,39
all,4841,201.70833333333334,0.5168710317460318,88
all,4842,201.75,0.5390555555555556,45
all,4843,201.79166666666666,0.5928313492063492,3
all,4844,201.83333333333334,0.561906746031746,20
all,4845,201.875,0.5463948412698413,19
all,4846,201.91666666666666,0.5415357142857142,19
all,4847,201.95833333333334,0.5280376984126984,11
all,4848,202.0,0.5106448412698412,21
all,4849,202.04166666666666,0.512795634920635,49
all,4850,202.08333333333334,0.4997083333333333,14
all,4851,202.125,0.49650396825396825,37
all,4852,202.16666666666666,0.4924246031746032,20
all,4853,202.20833333333334,0.4954206349206349,7
all,4854,202.25,0.4926865079365079,9
all,4855,202.29166666666666,0.49261706349206347,17
all,4856,202.33333333333334,0.4379920634920635,22
all,4857,202.375,0.46890277777777783,57
all,4858,202.41666666666666,0.5136230158730158,39
all,4859,202.45833333333334,0.5857182539682539,35
all,4860,202.5,0.5857023809523809,10
all,4861,202.54166666666666,0.5856805555555555,2
all,4862,202.58333333333334,0.56975,4
all,4863,202.625,0.6314365079365079,101
all,4864,202.66666666666666,0.7584484126984127,55
all,4865,202.70833333333334,0.8930416666666667,65
all,4866,202.75,0.9265535714285714,45
all,4867,202.79166666666666,0.9255337301587302,23
all,4868,202.83333333333334,0.9226329365079365,32
all,4869,202.875,0.923640873015873,59
all,4870,202.91666666666666,0.9202757936507936,47
all,4871,202.95833333333334,0.8783234126984126,135
all,4872,203.0,0.7725892857142856,148
all,4873,203.04166666666666,0.4753115079365079,124
all,4874,203.08333333333334,0.19101984126984128,113
all,4875,203.125,0.11361507936507936,87
all,4876,203.16666666666666,0.0777936507936508,39
all,4877,203.20833333333334,0.07500396825396825,119
all,4878,203.25,0.07426587301587302,132
all,4879,203.29166666666666,0.06948611111111111,127
all,4880,203.33333333333334,0.07379761904761906,118
all,4881,203.375,0.07474603174603174,143
all,4882,203.41666666666666,0.07227182539682539,113
all,4883,203.45833333333334,0.19146031746031747,40
all,4884,203.5,0.17723214285714287,34
all,4885,203.54166666666666,0.13828769841269842,25
all,4886,203.58333333333334,0.12819444444444444,19
all,4887,203.625,0.12189880952380953,22
all,4888,203.66666666666666,0.11476190476190476,27
all,4889,203.70833333333334,0.16683928571428572,149
all,4890,203.75,0.26409325396825395,274
all,4891,203.79166666666666,0.33516666666666667,165
all,4892,203.83333333333334,0.3779484126984127,129
all,4893,203.875,0.4209980158730159,233
all,4894,203.91666666666666,0.42441071428571425,222
all,4895,203.95833333333334,0.4163611111111111,136
all,4896,204.0,0.4099107142857143,113
all,4897,204.04166666666666,0.4287539682539683,115
all,4898,204.08333333333334,0.3918531746031746,122
all,4899,204.125,0.3631884920634921,124
all,4900,204.16666666666666,0.335375,106
all,4901,204.20833333333334,0.30475992063492063,105
all,4902,204.25,0.27769444444444447,126
all,4903,204.29166666666666,0.24101190476190476,132
all,4904,204.33333333333334,0.22568253968253968,119
all,4905,204.375,0.3107738095238095,151
all,4906,204.41666666666666,0.1957638888888889,126
all,4907,204.45833333333334,0.18267658730158728,71
all,4908,204.5,0.1695674603174603,100
all,4909,204.54166666666666,0.170234126984127,112
all,4910,204.58333333333334,0.4487083333333333,184
all,4911,204.625,0.613109126984127,160
all,4912,204.66666666666666,0.6459206349206349,93
all,4913,204.70833333333334,0.6456468253968254,110
all,4914,204.75,0.6490436507936508,101
all,4915,204.79166666666666,0.6441289682539683,127
all,4916,204.83333333333334,0.6467023809523809,104
all,4917,204.875,0.6436230158730158,71
all,4918,204.91666666666666,0.637452380952381,127
all,4919,204.95833333333334,0.6395952380952381,127
all,4920,205.0,0.6333968253968254,102
all,4921,205.04166666666666,0.6284206349206349,109
all,4922,205.08333333333334,0.6201190476190476,68
all,4923,205.125,0.5484265873015873,111
all,4924,205.16666666666666,0.48538690476190477,118
all,4925,205.20833333333334,0.4014087301587302,123
all,4926,205.25,0.30136904761904765,125
all,4927,205.29166666666666,0.2578769841269841,143
all,4928,205.33333333333334,0.19201190476190477,145
all,4929,205.375,0.20312698412698413,155
all,4930,205.41666666666666,0.07599404761904761,157
all,4931,205.45833333333334,0.06919642857142858,210
all,4932,205.5,0.07472619047619047,193
all,4933,205.54166666666666,0.16138095238095237,228
all,4934,205.58333333333334,0.35667261904761904,119
all,4935,205.625,0.3715138888888889,4
all,4936,205.66666666666666,0.4094126984126984,13
all,4937,205.70833333333334,0.6434047619047619,77
all,4938,205.75,0.9043115079365079,96
all,4939,205.79166666666666,0.9427043650793652,87
all,4940,205.83333333333334,0.9384880952380952,79
all,4941,205.875,0.9373710317460318,77
all,4942,205.91666666666666,0.9224801587301587,90
all,4943,205.95833333333334,0.8726865079365079,51
all,4944,206.0,0.6033313492063492,5
all,4945,206.04166666666666,0.5346944444444445,7
all,4946,206.08333333333334,0.5240138888888889,8
all,4947,206.125,0.5212123015873016,7
all,4948,206.16666666666666,0.5151130952380952,9
all,4949,206.20833333333334,0.5089246031746032,5
all,4950,206.25,0.5071865079365079,3
all,4951,206.29166666666666,0.5069146825396825,9
all,4952,206.33333333333334,0.5069404761904762,7
all,4953,206.375,0.5070456349206349,7
all,4954,206.41666666666666,0.5029742063492063,4
all,4955,206.45833333333334,0.49960912698412696,20
all,4956,206.5,0.4415396825396825,13
all,4957,206.54166666666666,0.36327579365079365,2
all,4958,206.58333333333334,0.34430555555555553,0
all,4959,206.625,0.33288492063492064,2
all,4960,206.66666666666666,0.31862103174603174,1
all,4961,206.70833333333334,0.2969325396825397,8
all,4962,206.75,0.3262757936507936,25
all,4963,206.79166666666666,0.28957738095238095,18
all,4964,206.83333333333334,0.2758730158730159,16
all,4965,206.875,0.23172023809523806,5
all,4966,206.91666666666666,0.19620833333333332,2
all,4967,206.95833333333334,0.171734126984127,6
all,4968,207.0,0.1564186507936508,6
all,4969,207.04166666666666,0.14479563492063494,8
all,4970,207.08333333333334,0.11637103174603174,6
all,4971,207.125,0.11376388888888889,6
all,4972,207.16666666666666,0.054992063492063495,4
all,4973,207.20833333333334,0.038446428571428576,5
all,4974,207.25,0.03119444444444444,4
all,4975,207.29166666666666,0.027125,2
all,4976,207.33333333333334,0.02025595238095238,2
all,4977,207.375,0.019128968253968252,3
all,4978,207.41666666666666,0.018674603174603177,2
all,4979,207.45833333333334,0.011777777777777778,3
all,4980,207.5,0.013642857142857142,3
all,4981,207.54166666666666,0.01582936507936508,11
all,4982,207.58333333333334,0.018926587301587302,8
all,4983,207.625,0.0004365079365079365,4
all,4984,207.66666666666666,0.0,0
all,4985,207.70833333333334,0.0,1
all,4986,207.75,0.0,0
all,4987,207.79166666666666,0.0,1
all,4988,207.83333333333334,0.0,0
all,4989,207.875,0.0,1
all,4990,207.91666666666666,0.0,0
all,4991,207.95833333333334,0.0,1
all,4992,208.0,0.0,1
all,4993,208.04166666666666,0.0,1
all,4994,208.08333333333334,0.0,0
all,4995,208.125,0.0,1
all,4996,208.16666666666666,0.0,0
all,4997,208.20833333333334,0.0,2
all,4998,208.25,0.0,0
all,4999,208.29166666666666,0.0,1
all,5000,208.33333333333334,0.0,0
all,5001,208.375,0.0,0
all,5002,208.41666666666666,0.003906746031746032,3
all,5003,208.45833333333334,0.0077698412698412695,10
all,5004,208.5,0.007224206349206349,8
all,5005,208.54166666666666,0.00723015873015873,9
all,5006,208.58333333333334,0.2922222222222222,131
all,5007,208.625,0.5498869047619047,118
all,5008,208.66666666666666,0.7857460317460317,149
all,5009,208.70833333333334,0.8355198412698412,114
all,5010,208.75,0.6401309523809524,126
all,5011,208.79166666666666,0.5638492063492063,129
all,5012,208.83333333333334,0.5599345238095238,57
all,5013,208.875,0.13204761904761905,12
all,5014,208.91666666666666,0.04277579365079365,8
all,5015,208.95833333333334,0.01273809523809524,9
all,5016,209.0,0.008240079365079365,11
all,5017,209.04166666666666,0.016892857142857143,15
all,5018,209.08333333333334,0.0022380952380952382,8
all,5019,209.125,0.00012103174603174604,9
all,5020,209.16666666666666,0.00014087301587301586,8
all,5021,209.20833333333334,0.00014087301587301586,9
all,5022,209.25,0.0001388888888888889,8
all,5023,209.29166666666666,0.0004126984126984127,11
all,5024,209.33333333333334,0.00981547619047619,10
all,5025,209.375,0.004440476190476191,9
all,5026,209.41666666666666,0.00014484126984126984,8
all,5027,209.45833333333334,0.0011884920634920636,10
all,5028,209.5,0.013359126984126984,11
all,5029,209.54166666666666,0.009636904761904761,9
all,5030,209.58333333333334,0.003246031746031746,10
all,5031,209.625,0.004869047619047619,9
all,5032,209.66666666666666,0.0027202380952380954,10
all,5033,209.70833333333334,0.007771825396825397,15
all,5034,209.75,0.008680555555555554,9
all,5035,209.79166666666666,0.009833333333333333,9
all,5036,209.83333333333334,0.007944444444444445,9
all,5037,209.875,0.014251984126984127,11
all,5038,209.91666666666666,0.016299603174603175,9
all,5039,209.95833333333334,0.02156746031746032,7
all,5040,210.0,0.02191468253968254,6
all,5041,210.04166666666666,0.021982142857142856,2
all,5042,210.08333333333334,0.014293650793650794,2
all,5043,210.125,0.014305555555555556,4
all,5044,210.16666666666666,0.014305555555555556,4
all,5045,210.20833333333334,0.014307539682539682,5
all,5046,210.25,0.014301587301587301,4
all,5047,210.29166666666666,0.01430952380952381,5
all,5048,210.33333333333334,0.014317460317460316,7
all,5049,210.375,0.016152777777777776,17
all,5050,210.41666666666666,0.01792063492063492,14
all,5051,210.45833333333334,0.0647718253968254,23
all,5052,210.5,0.028902777777777777,13
all,5053,210.54166666666666,0.11903571428571429,50
all,5054,210.58333333333334,0.5509960317460317,85
all,5055,210.625,0.8220793650793651,59
all,5056,210.66666666666666,0.872827380952381,48
all,5057,210.70833333333334,0.8958829365079365,39
all,5058,210.75,0.8972420634920635,32
all,5059,210.79166666666666,0.893186507936508,43
all,5060,210.83333333333334,0.5228809523809523,90
all,5061,210.875,0.5651765873015873,123
all,5062,210.91666666666666,0.5605813492063492,110
all,5063,210.95833333333334,0.7445833333333333,144
all,5064,211.0,0.7943293650793651,138
all,5065,211.04166666666666,0.6847876984126984,120
all,5066,211.08333333333334,0.31536309523809525,12
all,5067,211.125,0.12125396825396825,6
all,5068,211.16666666666666,0.08166666666666667,5
all,5069,211.20833333333334,0.058934523809523805,7
all,5070,211.25,0.03324007936507937,4
all,5071,211.29166666666666,0.01916468253968254,6
all,5072,211.33333333333334,0.008367063492063492,31
all,5073,211.375,1.984126984126984e-05,5
all,5074,211.41666666666666,6.349206349206349e-05,9
all,5075,211.45833333333334,1.984126984126984e-05,5
all,5076,211.5,9.523809523809524e-05,10
all,5077,211.54166666666666,0.008436507936507937,21
all,5078,211.58333333333334,0.10043650793650793,102
all,5079,211.625,0.3640734126984127,13
all,5080,211.66666666666666,0.5466289682539682,60
all,5081,211.70833333333334,0.7845198412698413,18
all,5082,211.75,0.8635892857142857,6
all,5083,211.79166666666666,0.8714543650793651,5
all,5084,211.83333333333334,0.8734186507936508,5
all,5085,211.875,0.8697261904761905,7
all,5086,211.91666666666666,0.8455297619047619,15
all,5087,211.95833333333334,0.8301904761904763,13
all,5088,212.0,0.8184464285714286,36
all,5089,212.04166666666666,0.7823035714285714,25
all,5090,212.08333333333334,0.8283214285714285,28
all,5091,212.125,0.7874285714285714,14
all,5092,212.16666666666666,0.7879960317460317,13
all,5093,212.20833333333334,0.8177678571428572,15
all,5094,212.25,0.8240178571428571,5
all,5095,212.29166666666666,0.8115595238095239,5
all,5096,212.33333333333334,0.8134702380952381,21
all,5097,212.375,0.8504503968253968,7
all,5098,212.41666666666666,0.7912083333333333,33
all,5099,212.45833333333334,0.8386170634920634,60
all,5100,212.5,0.8207797619047619,36
all,5101,212.54166666666666,0.852015873015873,21
all,5102,212.58333333333334,0.8733214285714286,15
all,5103,212.625,0.9304047619047618,184
all,5104,212.66666666666666,0.9934702380952382,44
all,5105,212.70833333333334,0.9967718253968254,9
all,5106,212.75,0.9759781746031747,13
all,5107,212.79166666666666,0.9631011904761906,40
all,5108,212.83333333333334,0.9628353174603175,18
all,5109,212.875,0.9454345238095239,21
all,5110,212.91666666666666,0.9567420634920635,16
all,5111,212.95833333333334,0.8896746031746031,47
all,5112,213.0,0.8954484126984127,20
all,5113,213.04166666666666,0.8954841269841269,21
all,5114,213.08333333333334,0.887859126984127,8
all,5115,213.125,0.8564821428571429,9
all,5116,213.16666666666666,0.8123571428571429,8
all,5117,213.20833333333334,0.7509761904761905,11
all,5118,213.25,0.6687857142857142,14
all,5119,213.29166666666666,0.5748234126984126,28
all,5120,213.33333333333334,0.7456011904761906,58
all,5121,213.375,0.8671210317460317,28
all,5122,213.41666666666666,0.8580753968253969,18
all,5123,213.45833333333334,0.8517698412698413,25
all,5124,213.5,0.8845357142857142,10
all,5125,213.54166666666666,0.8865595238095239,21
all,5126,213.58333333333334,0.896625,20
all,5127,213.625,0.9178313492063493,22
all,5128,213.66666666666666,0.8839087301587302,20
all,5129,213.70833333333334,0.865625,37
all,5130,213.75,0.868186507936508,24
all,5131,213.79166666666666,0.8918710317460318,12
all,5132,213.83333333333334,0.8617003968253968,21
all,5133,213.875,0.8670257936507936,15
all,5134,213.91666666666666,0.8547936507936509,22
all,5135,213.95833333333334,0.8616210317460318,18
all,5136,214.0,0.9148293650793651,12
all,5137,214.04166666666666,0.8924702380952382,12
all,5138,214.08333333333334,0.8574424603174603,25
all,5139,214.125,0.8512916666666667,29
all,5140,214.16666666666666,0.8536071428571428,24
all,5141,214.20833333333334,0.860640873015873,19
all,5142,214.25,0.8713809523809525,17
all,5143,214.29166666666666,0.8676587301587302,13
all,5144,214.33333333333334,0.8730238095238095,22
all,5145,214.375,0.8667123015873016,10
all,5146,214.41666666666666,0.8640337301587302,22
all,5147,214.45833333333334,0.8712242063492064,10
all,5148,214.5,0.8633928571428572,25
all,5149,214.54166666666666,0.8738571428571429,14
all,5150,214.58333333333334,0.8434801587301587,22
all,5151,214.625,0.8579662698412699,20
all,5152,214.66666666666666,0.8924305555555556,15
all,5153,214.70833333333334,0.9031190476190476,15
all,5154,214.75,0.8928015873015873,15
all,5155,214.79166666666666,0.8804543650793651,15
all,5156,214.83333333333334,0.8964027777777778,13
all,5157,214.875,0.8877539682539682,25
all,5158,214.91666666666666,0.8854880952380952,50
all,5159,214.95833333333334,0.8963492063492063,23
all,5160,215.0,0.8703293650793651,27
all,5161,215.04166666666666,0.898593253968254,18
all,5162,215.08333333333334,0.8686884920634921,11
all,5163,215.125,0.8579464285714286,23
all,5164,215.16666666666666,0.8780496031746031,12
all,5165,215.20833333333334,0.880640873015873,22
all,5166,215.25,0.8750634920634921,11
all,5167,215.29166666666666,0.860625,17
all,5168,215.33333333333334,0.526236111111111,14
all,5169,215.375,0.014305555555555556,5
all,5170,215.41666666666666,0.014301587301587301,4
all,5171,215.45833333333334,0.014499999999999999,14
all,5172,215.5,0.014351190476190477,5
all,5173,215.54166666666666,0.15433134920634922,32
all,5174,215.58333333333334,0.10076785714285715,8
all,5175,215.625,0.1429325396825397,19
all,5176,215.66666666666666,0.1504702380952381,13
all,5177,215.70833333333334,0.10875595238095238,5
all,5178,215.75,0.10293650793650794,4
all,5179,215.79166666666666,0.09811706349206349,31
all,5180,215.83333333333334,0.0932876984126984,15
all,5181,215.875,0.09288095238095238,5
all,5182,215.91666666666666,0.09287301587301587,4
all,5183,215.95833333333334,0.09287301587301587,4
all,5184,216.0,0.08706150793650794,16
all,5185,216.04166666666666,0.09419444444444446,8
all,5186,216.08333333333334,0.0857718253968254,8
all,5187,216.125,0.0774126984126984,20
all,5188,216.16666666666666,0.08577777777777777,8
all,5189,216.20833333333334,0.08700992063492063,10
all,5190,216.25,0.08585119047619048,10
all,5191,216.29166666666666,0.08576984126984126,8
all,5192,216.33333333333334,0.08694047619047619,9
all,5193,216.375,0.09300396825396826,10
all,5194,216.41666666666666,0.09006150793650794,8
all,5195,216.45833333333334,0.08581746031746032,10
all,5196,216.5,0.0857718253968254,8
all,5197,216.54166666666666,0.19070039682539683,58
all,5198,216.58333333333334,0.6445119047619048,81
all,5199,216.625,0.8866785714285714,35
all,5200,216.66666666666666,0.9236488095238096,19
all,5201,216.70833333333334,0.9209484126984127,9
all,5202,216.75,0.8591369047619047,10
all,5203,216.79166666666666,0.8286269841269841,9
all,5204,216.83333333333334,0.8286309523809524,10
all,5205,216.875,0.8286230158730159,8
all,5206,216.91666666666666,0.8274801587301588,15
all,5207,216.95833333333334,0.8204345238095238,31
all,5208,217.0,0.825093253968254,34
all,5209,217.04166666666666,0.8339305555555556,40
all,5210,217.08333333333334,0.8228174603174603,8
all,5211,217.125,0.8214940476190477,10
all,5212,217.16666666666666,0.8221825396825396,9
all,5213,217.20833333333334,0.8272718253968254,11
all,5214,217.25,0.8249186507936508,10
all,5215,217.29166666666666,0.8124761904761905,13
all,5216,217.33333333333334,0.7766170634920635,14
all,5217,217.375,0.7017857142857142,25
all,5218,217.41666666666666,0.6149801587301588,26
all,5219,217.45833333333334,0.5353591269841269,40
all,5220,217.5,0.2734642857142857,59
all,5221,217.54166666666666,0.1631468253968254,82
all,5222,217.58333333333334,0.6487559523809524,66
all,5223,217.625,0.8778273809523809,29
all,5224,217.66666666666666,0.9071785714285714,8
all,5225,217.70833333333334,0.9435833333333333,30
all,5226,217.75,0.9547023809523809,20
all,5227,217.79166666666666,0.9709246031746032,38
all,5228,217.83333333333334,0.9561150793650794,17
all,5229,217.875,0.9324265873015873,11
all,5230,217.91666666666666,0.9366646825396826,29
all,5231,217.95833333333334,0.8752896825396825,35
all,5232,218.0,0.8791805555555555,52
all,5233,218.04166666666666,0.8929742063492063,39
all,5234,218.08333333333334,0.9026210317460317,11
all,5235,218.125,0.9225813492063493,18
all,5236,218.16666666666666,0.9320238095238095,8
all,5237,218.20833333333334,0.9285535714285714,9
all,5238,218.25,0.921984126984127,16
all,5239,218.29166666666666,0.911779761904762,17
all,5240,218.33333333333334,0.8756111111111111,25
all,5241,218.375,0.8351150793650793,26
all,5242,218.41666666666666,0.8516011904761904,65
all,5243,218.45833333333334,0.8527123015873016,100
all,5244,218.5,0.889218253968254,98
all,5245,218.54166666666666,0.9032996031746031,180
all,5246,218.58333333333334,0.9450972222222221,147
all,5247,218.625,0.940656746031746,59
all,5248,218.66666666666666,0.9193055555555556,116
all,5249,218.70833333333334,0.9217242063492064,93
all,5250,218.75,0.9066944444444444,104
all,5251,218.79166666666666,0.878688492063492,116
all,5252,218.83333333333334,0.825672619047619,135
all,5253,218.875,0.8465753968253968,141
all,5254,218.91666666666666,0.8754861111111112,147
all,5255,218.95833333333334,0.860484126984127,128
all,5256,219.0,0.8373353174603174,134
all,5257,219.04166666666666,0.7946408730158729,24
all,5258,219.08333333333334,0.7398730158730159,136
all,5259,219.125,0.7058115079365079,27
all,5260,219.16666666666666,0.7027400793650793,19
all,5261,219.20833333333334,0.6976448412698413,10
all,5262,219.25,0.6816150793650794,10
all,5263,219.29166666666666,0.6290119047619047,52
all,5264,219.33333333333334,0.7983353174603175,44
all,5265,219.375,0.8848928571428571,35
all,5266,219.41666666666666,0.915672619047619,48
all,5267,219.45833333333334,0.9290595238095237,13
all,5268,219.5,0.9286011904761905,10
all,5269,219.54166666666666,0.9269761904761905,22
all,5270,219.58333333333334,0.9285892857142857,33
all,5271,219.625,0.9237460317460318,44
all,5272,219.66666666666666,0.9290297619047619,44
all,5273,219.70833333333334,0.9214087301587303,9
all,5274,219.75,0.9157202380952381,26
all,5275,219.79166666666666,0.9141071428571428,17
all,5276,219.83333333333334,0.907156746031746,17
all,5277,219.875,0.9032857142857142,30
all,5278,219.91666666666666,0.9000337301587302,16
all,5279,219.95833333333334,0.8996607142857143,11
all,5280,220.0,0.8997678571428571,15
all,5281,220.04166666666666,0.8998214285714285,32
all,5282,220.08333333333334,0.899984126984127,8
all,5283,220.125,0.8992876984126984,20
all,5284,220.16666666666666,0.8999166666666666,12
all,5285,220.20833333333334,0.8893055555555556,21
all,5286,220.25,0.8902361111111111,10
all,5287,220.29166666666666,0.8467916666666666,19
all,5288,220.33333333333334,0.7787956349206349,13
all,5289,220.375,0.769640873015873,11
all,5290,220.41666666666666,0.7653988095238096,13
all,5291,220.45833333333334,0.7675297619047619,18
all,5292,220.5,0.7712103174603175,8
all,5293,220.54166666666666,0.7623591269841269,13
all,5294,220.58333333333334,0.7581031746031746,14
all,5295,220.625,0.7608591269841269,24
all,5296,220.66666666666666,0.7651746031746032,12
all,5297,220.70833333333334,0.7551269841269842,12
all,5298,220.75,0.7562876984126984,8
all,5299,220.79166666666666,0.6418611111111111,17
all,5300,220.83333333333334,0.6270138888888889,8
all,5301,220.875,0.5944404761904761,20
all,5302,220.91666666666666,0.6000039682539682,9
all,5303,220.95833333333334,0.5985456349206348,13
all,5304,221.0,0.5977718253968254,12
all,5305,221.04166666666666,0.5984623015873016,17
all,5306,221.08333333333334,0.5969007936507936,13
all,5307,221.125,0.5969861111111111,21
all,5308,221.16666666666666,0.5942123015873015,8
all,5309,221.20833333333334,0.5930039682539683,10
all,5310,221.25,0.5916924603174603,14
all,5311,221.29166666666666,0.5903075396825397,17
all,5312,221.33333333333334,0.5928650793650794,9
all,5313,221.375,0.5922420634920635,18
all,5314,221.41666666666666,0.5928571428571429,9
all,5315,221.45833333333334,0.5862876984126985,22
all,5316,221.5,0.581813492063492,12
all,5317,221.54166666666666,0.5756349206349206,10
all,5318,221.58333333333334,0.5680456349206349,5
all,5319,221.625,0.5610317460317461,13
all,5320,221.66666666666666,0.5685575396825397,12
all,5321,221.70833333333334,0.5675337301587301,15
all,5322,221.75,0.5524007936507936,8
all,5323,221.79166666666666,0.5228789682539682,9
all,5324,221.83333333333334,0.5133194444444444,8
all,5325,221.875,0.5068412698412699,16
all,5326,221.91666666666666,0.5071507936507936,4
all,5327,221.95833333333334,0.49438293650793647,9
all,5328,222.0,0.5060297619047619,8
all,5329,222.04166666666666,0.505781746031746,17
all,5330,222.08333333333334,0.5063809523809524,8
all,5331,222.125,0.5058095238095238,11
all,5332,222.16666666666666,0.4949365079365079,6
all,5333,222.20833333333334,0.48749404761904763,22
all,5334,222.25,0.4974642857142857,11
all,5335,222.29166666666666,0.446859126984127,20
all,5336,222.33333333333334,0.25359126984126984,9
all,5337,222.375,0.00020436507936507937,29
all,5338,222.41666666666666,0.00020436507936507937,28
all,5339,222.45833333333334,0.0016547619047619048,30
all,5340,222.5,0.0023968253968253968,23
all,5341,222.54166666666666,0.0005515873015873015,18
all,5342,222.58333333333334,0.00012698412698412698,11
all,5343,222.625,0.000496031746031746,15
all,5344,222.66666666666666,0.0004761904761904762,17
all,5345,222.70833333333334,0.0005992063492063492,19
all,5346,222.75,5.555555555555555e-05,8
all,5347,222.79166666666666,0.0004484126984126984,16
all,5348,222.83333333333334,0.0002896825396825397,13
all,5349,222.875,0.0004166666666666667,14
all,5350,222.91666666666666,5.357142857142857e-05,8
all,5351,222.95833333333334,0.0005416666666666666,12
all,5352,223.0,0.0005674603174603175,19
all,5353,223.04166666666666,0.009265873015873016,18
all,5354,223.08333333333334,5.555555555555555e-05,8
all,5355,223.125,0.0033432539682539683,11
all,5356,223.16666666666666,0.009611111111111112,12
all,5357,223.20833333333334,0.0007996031746031746,15
all,5358,223.25,5.555555555555555e-05,8
all,5359,223.29166666666666,5.9523809523809524e-05,9
all,5360,223.33333333333334,5.753968253968254e-05,8
all,5361,223.375,0.00012896825396825395,10
all,5362,223.41666666666666,0.02118452380952381,26
all,5363,223.45833333333334,0.017410714285714286,30
all,5364,223.5,0.09684325396825397,142
all,5365,223.54166666666666,0.3268611111111111,144
all,5366,223.58333333333334,0.3393809523809524,170
all,5367,223.625,0.36407738095238096,161
all,5368,223.66666666666666,0.39171825396825394,233
all,5369,223.70833333333334,0.4626765873015873,162
all,5370,223.75,0.5624920634920635,175
all,5371,223.79166666666666,0.6774424603174604,172
all,5372,223.83333333333334,0.7512956349206349,152
all,5373,223.875,0.7664285714285715,129
all,5374,223.91666666666666,0.7624623015873015,133
all,5375,223.95833333333334,0.7624861111111111,138
all,5376,224.0,0.7636309523809524,133
all,5377,224.04166666666666,0.7660992063492064,141
all,5378,224.08333333333334,0.7635575396825397,137
all,5379,224.125,0.7624623015873015,137
all,5380,224.16666666666666,0.7453313492063492,109
all,5381,224.20833333333334,0.7165515873015873,145
all,5382,224.25,0.7037063492063492,88
all,5383,224.29166666666666,0.7056984126984127,96
all,5384,224.33333333333334,0.7088353174603175,95
all,5385,224.375,0.701045634920635,112
all,5386,224.41666666666666,0.6844623015873016,101
all,5387,224.45833333333334,0.6727103174603174,100
all,5388,224.5,0.6418194444444444,170
all,5389,224.54166666666666,0.4623769841269842,184
all,5390,224.58333333333334,0.19124603174603175,42
all,5391,224.625,0.0,0
all,5392,224.66666666666666,0.0,0
all,5393,224.70833333333334,0.0,0
all,5394,224.75,0.0,0
all,5395,224.79166666666666,0.0,0
all,5396,224.83333333333334,0.0,0
all,5397,224.875,0.0,0
all,5398,224.91666666666666,0.0,0
all,5399,224.95833333333334,0.0,0
all,5400,225.0,0.0,0
all,5401,225.04166666666666,0.0,0
all,5402,225.08333333333334,0.0,0
all,5403,225.125,0.0,0
all,5404,225.16666666666666,0.0,0
all,5405,225.20833333333334,0.0,0
all,5406,225.25,0.0,0
all,5407,225.29166666666666,0.0,0
all,5408,225.33333333333334,0.0,0
all,5409,225.375,0.0,0
all,5410,225.41666666666666,0.0,0
all,5411,225.45833333333334,0.0,0
all,5412,225.5,0.0,0
all,5413,225.54166666666666,0.0,0
all,5414,225.58333333333334,0.0,0
all,5415,225.625,0.0,0
all,5416,225.66666666666666,0.0,0
all,5417,225.70833333333334,0.0,0
all,5418,225.75,0.0,0
all,5419,225.79166666666666,0.0,0
all,5420,225.83333333333334,0.0,0
all,5421,225.875,0.0,0
all,5422,225.91666666666666,0.0,0
all,5423,225.95833333333334,0.0,0
all,5424,226.0,0.0,0
all,5425,226.04166666666666,0.0,0
all,5426,226.08333333333334,0.0,0
all,5427,226.125,0.0,0
all,5428,226.16666666666666,0.0,0
all,5429,226.20833333333334,0.0,0
all,5430,226.25,0.0,0
all,5431,226.29166666666666,0.0,0
all,5432,226.33333333333334,0.0,0
all,5433,226.375,0.0,0
all,5434,226.41666666666666,0.0,0
all,5435,226.45833333333334,0.0,0
all,5436,226.5,0.0,0
all,5437,226.54166666666666,0.0,0
all,5438,226.58333333333334,0.0,0
all,5439,226.625,0.0,0
all,5440,226.66666666666666,0.0,0
all,5441,226.70833333333334,0.0,0
all,5442,226.75,0.0,0
all,5443,226.79166666666666,0.0,0
all,5444,226.83333333333334,0.0,0
all,5445,226.875,0.0,0
all,5446,226.91666666666666,0.0,0
all,5447,226.95833333333334,0.0,0
all,5448,227.0,0.0,0
all,5449,227.04166666666666,0.0,0
all,5450,227.08333333333334,0.0,0
all,5451,227.125,0.0,0
all,5452,227.16666666666666,0.0,0
all,5453,227.20833333333334,0.0,0
all,5454,227.25,0.0,0
all,5455,227.29166666666666,0.0,0
all,5456,227.33333333333334,0.0,0
all,5457,227.375,0.0,0
all,5458,227.41666666666666,0.0,0
all,5459,227.45833333333334,0.0,0
all,5460,227.5,0.0,0
all,5461,227.54166666666666,0.0,0
all,5462,227.58333333333334,0.0,0
all,5463,227.625,0.0,0
all,5464,227.66666666666666,0.0,0
all,5465,227.70833333333334,0.0,0
all,5466,227.75,0.0,0
all,5467,227.79166666666666,0.0,0
all,5468,227.83333333333334,0.0,0
all,5469,227.875,0.0,0
all,5470,227.91666666666666,0.0,0
all,5471,227.95833333333334,0.0,0
all,5472,228.0,0.0,0
all,5473,228.04166666666666,0.0,0
all,5474,228.08333333333334,0.0,0
all,5475,228.125,0.0,0
all,5476,228.16666666666666,0.0,0
all,5477,228.20833333333334,0.0,0
all,5478,228.25,0.0,0
all,5479,228.29166666666666,0.0,0
all,5480,228.33333333333334,0.0,0
all,5481,228.375,0.0,0
all,5482,228.41666666666666,0.0,0
all,5483,228.45833333333334,0.0,0
all,5484,228.5,0.0,0
all,5485,228.54166666666666,0.0,0
all,5486,228.58333333333334,0.0,0
all,5487,228.625,0.0,0
all,5488,228.66666666666666,0.0,0
all,5489,228.70833333333334,0.0,0
all,5490,228.75,0.0,0
all,5491,228.79166666666666,0.0,0
all,5492,228.83333333333334,0.0,0
all,5493,228.875,0.0,0
all,5494,228.91666666666666,0.0,0
all,5495,228.95833333333334,0.0,0
all,5496,229.0,0.0,0
all,5497,229.04166666666666,0.0,0
all,5498,229.08333333333334,0.0,0
all,5499,229.125,0.0,0
all,5500,229.16666666666666,0.0,0
all,5501,229.20833333333334,0.0,0
all,5502,229.25,0.0,0
all,5503,229.29166666666666,0.0,0
all,5504,229.33333333333334,0.0,0
all,5505,229.375,0.0,0
all,5506,229.41666666666666,0.006047619047619047,17
all,5507,229.45833333333334,0.04201587301587302,28
all,5508,229.5,0.20521626984126984,36
all,5509,229.54166666666666,0.32617857142857143,29
all,5510,229.58333333333334,0.057134920634920636,7
all,5511,229.625,0.0982123015873016,33
all,5512,229.66666666666666,0.0730515873015873,51
all,5513,229.70833333333334,0.05867460317460317,25
all,5514,229.75,0.05727976190476191,12
all,5515,229.79166666666666,0.07410714285714286,28
all,5516,229.83333333333334,0.21153174603174604,28
all,5517,229.875,0.29993253968253963,21
all,5518,229.91666666666666,0.30734126984126986,15
all,5519,229.95833333333334,0.3078531746031746,14
all,5520,230.0,0.37246825396825395,30
all,5521,230.04166666666666,0.4496329365079365,28
all,5522,230.08333333333334,0.450843253968254,15
all,5523,230.125,0.45555555555555555,21
all,5524,230.16666666666666,0.5148511904761904,19
all,5525,230.20833333333334,0.5400218253968254,20
all,5526,230.25,0.5405813492063493,14
all,5527,230.29166666666666,0.1726547619047619,26
all,5528,230.33333333333334,0.015496031746031745,30
all,5529,230.375,0.03358134920634921,35
all,5530,230.41666666666666,0.015045634920634923,11
all,5531,230.45833333333334,0.03163492063492064,125
all,5532,230.5,0.14714880952380952,243
all,5533,230.54166666666666,0.41487301587301584,225
all,5534,230.58333333333334,0.5140694444444444,157
all,5535,230.625,0.4638154761904762,152
all,5536,230.66666666666666,0.2940496031746032,134
all,5537,230.70833333333334,0.25610912698412697,113
all,5538,230.75,0.1580654761904762,73
all,5539,230.79166666666666,0.2512182539682539,105
all,5540,230.83333333333334,0.2811289682539682,117
all,5541,230.875,0.24363690476190478,94
all,5542,230.91666666666666,0.17970833333333333,92
all,5543,230.95833333333334,0.35469841269841274,142
all,5544,231.0,0.3809246031746032,135
all,5545,231.04166666666666,0.27843055555555557,147
all,5546,231.08333333333334,0.4220734126984127,134
all,5547,231.125,0.26079166666666664,92
all,5548,231.16666666666666,0.3335416666666667,162
all,5549,231.20833333333334,0.34179365079365076,145
all,5550,231.25,0.3605813492063492,124
all,5551,231.29166666666666,0.20485317460317462,85
all,5552,231.33333333333334,0.32096825396825396,161
all,5553,231.375,0.20675992063492066,63
all,5554,231.41666666666666,0.02327579365079365,20
all,5555,231.45833333333334,0.01566468253968254,33
all,5556,231.5,0.017220238095238094,58
all,5557,231.54166666666666,0.004670634920634921,28
all,5558,231.58333333333334,0.00421031746031746,14
all,5559,231.625,0.000990079365079365,14
all,5560,231.66666666666666,0.0009365079365079366,25
all,5561,231.70833333333334,0.001349206349206349,31
all,5562,231.75,0.0004503968253968254,13
all,5563,231.79166666666666,0.0003630952380952381,13
all,5564,231.83333333333334,0.0006746031746031745,23
all,5565,231.875,0.0014166666666666668,36
all,5566,231.91666666666666,0.00014484126984126984,12
all,5567,231.95833333333334,0.0004900793650793651,17
all,5568,232.0,0.0006507936507936508,22
all,5569,232.04166666666666,0.007402777777777777,39
all,5570,232.08333333333334,0.00014682539682539682,12
all,5571,232.125,0.00019642857142857144,14
all,5572,232.16666666666666,0.0004484126984126984,18
all,5573,232.20833333333334,0.0019444444444444442,36
all,5574,232.25,0.0010813492063492063,17
all,5575,232.29166666666666,0.00010912698412698413,11
all,5576,232.33333333333334,0.0009563492063492064,18
all,5577,232.375,0.002261904761904762,48
all,5578,232.41666666666666,0.00016865079365079364,13
all,5579,232.45833333333334,0.00021428571428571427,16
all,5580,232.5,0.0012539682539682538,22
all,5581,232.54166666666666,0.0011865079365079364,33
all,5582,232.58333333333334,0.00021825396825396825,15
all,5583,232.625,0.0003531746031746032,16
all,5584,232.66666666666666,0.00183531746031746,46
all,5585,232.70833333333334,0.0013710317460317461,37
all,5586,232.75,0.0009047619047619048,17
all,5587,232.79166666666666,0.03807936507936508,46
all,5588,232.83333333333334,0.3337380952380953,118
all,5589,232.875,0.38815674603174605,145
all,5590,232.91666666666666,0.31645634920634924,127
all,5591,232.95833333333334,0.301515873015873,136
all,5592,233.0,0.3144821428571429,134
all,5593,233.04166666666666,0.2974384920634921,136
all,5594,233.08333333333334,0.30145634920634923,130
all,5595,233.125,0.3406646825396825,151
all,5596,233.16666666666666,0.3556289682539683,158
all,5597,233.20833333333334,0.2684662698412698,147
all,5598,233.25,0.36858928571428573,155
all,5599,233.29166666666666,0.4070337301587302,172
all,5600,233.33333333333334,0.37468650793650793,161
all,5601,233.375,0.4607678571428571,91
all,5602,233.41666666666666,0.3173492063492064,88
all,5603,233.45833333333334,0.1589404761904762,53
all,5604,233.5,0.06955357142857144,66
all,5605,233.54166666666666,0.02601190476190476,50
all,5606,233.58333333333334,0.44660714285714287,81
all,5607,233.625,0.11790476190476191,91
all,5608,233.66666666666666,0.032593253968253966,65
all,5609,233.70833333333334,0.32078769841269844,133
all,5610,233.75,0.534079365079365,130
all,5611,233.79166666666666,0.620656746031746,141
all,5612,233.83333333333334,0.6263928571428571,161
all,5613,233.875,0.5774404761904762,141
all,5614,233.91666666666666,0.5969365079365079,139
all,5615,233.95833333333334,0.6431626984126984,144
all,5616,234.0,0.6387003968253968,155
all,5617,234.04166666666666,0.6266468253968254,156
all,5618,234.08333333333334,0.5365515873015874,167
all,5619,234.125,0.3221805555555556,154
all,5620,234.16666666666666,0.3461369047619048,167
all,5621,234.20833333333334,0.2556309523809524,154
all,5622,234.25,0.30980357142857146,151
all,5623,234.29166666666666,0.19595238095238096,120
all,5624,234.33333333333334,0.036488095238095236,59
all,5625,234.375,0.007589285714285714,29
all,5626,234.41666666666666,0.00011904761904761905,11
all,5627,234.45833333333334,0.0013750000000000001,36
all,5628,234.5,0.0022956349206349207,53
all,5629,234.54166666666666,0.0018373015873015875,31
all,5630,234.58333333333334,0.0008313492063492064,12
all,5631,234.625,0.0007341269841269841,24
all,5632,234.66666666666666,0.0016547619047619048,41
all,5633,234.70833333333334,0.0006507936507936508,23
all,5634,234.75,0.0016547619047619048,17
all,5635,234.79166666666666,0.002454365079365079,26
all,5636,234.83333333333334,0.003978174603174603,59
all,5637,234.875,0.0029583333333333336,36
all,5638,234.91666666666666,0.0001507936507936508,12
all,5639,234.95833333333334,0.0008273809523809524,27
all,5640,235.0,0.002886904761904762,50
all,5641,235.04166666666666,0.0006448412698412698,23
all,5642,235.08333333333334,0.0009007936507936508,16
all,5643,235.125,0.0018412698412698413,29
all,5644,235.16666666666666,0.002410714285714286,46
all,5645,235.20833333333334,0.003382936507936508,47
all,5646,235.25,0.00019047619047619048,14
all,5647,235.29166666666666,0.0014027777777777777,39
all,5648,235.33333333333334,0.00268452380952381,61
all,5649,235.375,0.001,31
all,5650,235.41666666666666,0.00021428571428571427,15
all,5651,235.45833333333334,0.0012083333333333332,32
all,5652,235.5,0.0023055555555555555,50
all,5653,235.54166666666666,0.0004821428571428572,20
all,5654,235.58333333333334,0.00016865079365079364,13
all,5655,235.625,0.0009761904761904761,29
all,5656,235.66666666666666,0.002458333333333333,56
all,5657,235.70833333333334,0.0017380952380952382,33
all,5658,235.75,0.00017063492063492064,13
all,5659,235.79166666666666,0.0011845238095238096,32
all,5660,235.83333333333334,0.00614484126984127,56
all,5661,235.875,0.005876984126984127,32
all,5662,235.91666666666666,0.003601190476190476,19
all,5663,235.95833333333334,0.005642857142857143,40
all,5664,236.0,0.008529761904761905,69
all,5665,236.04166666666666,0.010567460317460317,33
all,5666,236.08333333333334,0.0054444444444444445,24
all,5667,236.125,0.002988095238095238,30
all,5668,236.16666666666666,0.004621031746031746,57
all,5669,236.20833333333334,0.001962301587301587,42
all,5670,236.25,0.0008154761904761905,12
all,5671,236.29166666666666,0.0013134920634920635,22
all,5672,236.33333333333334,0.0010416666666666667,25
all,5673,236.375,0.0008115079365079365,29
all,5674,236.41666666666666,0.0009682539682539683,33
all,5675,236.45833333333334,0.014442460317460317,63
all,5676,236.5,0.029307539682539685,105
all,5677,236.54166666666666,0.019954365079365082,65
all,5678,236.58333333333334,0.001740079365079365,20
all,5679,236.625,0.00218452380952381,42
all,5680,236.66666666666666,0.0025396825396825397,54
all,5681,236.70833333333334,0.0015079365079365078,42
all,5682,236.75,0.04342261904761905,34
all,5683,236.79166666666666,0.11593055555555556,83
all,5684,236.83333333333334,0.18240674603174603,144
all,5685,236.875,0.18757738095238097,121
all,5686,236.91666666666666,0.12182142857142857,89
all,5687,236.95833333333334,0.18112103174603175,128
all,5688,237.0,0.13616468253968253,149
all,5689,237.04166666666666,0.17755753968253968,94
all,5690,237.08333333333334,0.1683472222222222,99
all,5691,237.125,0.1945952380952381,95
all,5692,237.16666666666666,0.1481547619047619,107
all,5693,237.20833333333334,0.20587301587301587,94
all,5694,237.25,0.16168253968253968,93
all,5695,237.29166666666666,0.26431349206349203,129
all,5696,237.33333333333334,0.1874920634920635,113
all,5697,237.375,0.23643452380952382,118
all,5698,237.41666666666666,0.20205158730158732,124
all,5699,237.45833333333334,0.11133928571428571,92
all,5700,237.5,0.1801190476190476,119
all,5701,237.54166666666666,0.16817857142857143,92
all,5702,237.58333333333334,0.12518849206349206,59
all,5703,237.625,0.14489484126984128,78
all,5704,237.66666666666666,0.08890674603174603,54
all,5705,237.70833333333334,0.007337301587301588,24
all,5706,237.75,0.004448412698412698,20
all,5707,237.79166666666666,0.061561507936507935,88
all,5708,237.83333333333334,0.2914603174603174,214
all,5709,237.875,0.18432539682539684,136
all,5710,237.91666666666666,0.005382936507936508,10
all,5711,237.95833333333334,0.000994047619047619,28
all,5712,238.0,0.002361111111111111,50
all,5713,238.04166666666666,0.01364484126984127,35
all,5714,238.08333333333334,0.0001388888888888889,11
all,5715,238.125,0.00020436507936507937,14
all,5716,238.16666666666666,0.0016448412698412697,19
all,5717,238.20833333333334,0.0664345238095238,38
all,5718,238.25,0.06366071428571428,20
all,5719,238.29166666666666,0.0006269841269841269,23
all,5720,238.33333333333334,0.001623015873015873,39
all,5721,238.375,0.05201785714285714,43
all,5722,238.41666666666666,0.06848809523809524,14
all,5723,238.45833333333334,0.0008611111111111111,24
all,5724,238.5,0.0024841269841269845,54
all,5725,238.54166666666666,0.0016884920634920636,42
all,5726,238.58333333333334,0.000873015873015873,28
all,5727,238.625,0.0010004920452681646,17
CE1,0,0.0,0.0,0
CE1,1,0.041666666666666664,0.0,0
CE1,2,0.08333333333333333,0.0,0
CE1,3,0.125,0.0,0
CE1,4,0.16666666666666666,0.0,0
CE1,5,0.20833333333333334,0.0,0
CE1,6,0.25,0.0,0
CE1,7,0.2916666666666667,0.0,0
CE1,8,0.3333333333333333,0.0,0
CE1,9,0.375,0.0,0
CE1,10,0.4166666666666667,0.0,0
CE1,11,0.4583333333333333,0.0,0
CE1,12,0.5,0.0,0
CE1,13,0.5416666666666666,0.0,0
CE1,14,0.5833333333333334,0.0,0
CE1,15,0.625,0.0,0
CE1,16,0.6666666666666666,0.0,0
CE1,17,0.7083333333333334,0.0,0
CE1,18,0.75,0.0,0
CE1,19,0.7916666666666666,0.0,0
CE1,20,0.8333333333333334,0.0,0
CE1,21,0.875,0.0,0
CE1,22,0.9166666666666666,0.0,0
CE1,23,0.9583333333333334,0.0,0
CE1,24,1.0,0.0,0
CE1,25,1.0416666666666667,0.0,0
CE1,26,1.0833333333333333,0.0,0
CE1,27,1.125,0.0,0
CE1,28,1.1666666666666667,0.0,0
CE1,29,1.2083333333333333,0.0,0
CE1,30,1.25,0.0,0
CE1,31,1.2916666666666667,0.0,0
CE1,32,1.3333333333333333,0.0,0
CE1,33,1.375,0.0,0
CE1,34,1.4166666666666667,0.0,0
CE1,35,1.4583333333333333,0.0,0
CE1,36,1.5,0.0,0
CE1,37,1.5416666666666667,3.306878306878307e-06,1
CE1,38,1.5833333333333333,0.0,0
CE1,39,1.625,0.0,0
CE1,40,1.6666666666666667,0.0,0
CE1,41,1.7083333333333333,0.0,0
CE1,42,1.75,0.0,0
CE1,43,1.7916666666666667,0.0,0
CE1,44,1.8333333333333333,0.0,0
CE1,45,1.875,0.0,0
CE1,46,1.9166666666666667,0.0,0
CE1,47,1.9583333333333333,0.0,0
CE1,48,2.0,0.0,0
CE1,49,2.0416666666666665,0.0,0
CE1,50,2.0833333333333335,0.0,0
CE1,51,2.125,0.0,0
CE1,52,2.1666666666666665,0.0,0
CE1,53,2.2083333333333335,0.0,0
CE1,54,2.25,0.0,0
CE1,55,2.2916666666666665,0.0,0
CE1,56,2.3333333333333335,0.0,0
CE1,57,2.375,0.0,0
CE1,58,2.4166666666666665,0.0,0
CE1,59,2.4583333333333335,0.0,0
CE1,60,2.5,0.0,0
CE1,61,2.5416666666666665,0.0,0
CE1,62,2.5833333333333335,0.0,0
CE1,63,2.625,0.0,0
CE1,64,2.6666666666666665,0.0,0
CE1,65,2.7083333333333335,0.0,0
CE1,66,2.75,0.0,0
CE1,67,2.7916666666666665,0.0,0
CE1,68,2.8333333333333335,0.0,0
CE1,69,2.875,0.0,0
CE1,70,2.9166666666666665,0.0,0
CE1,71,2.9583333333333335,0.0,0
CE1,72,3.0,0.0,0
CE1,73,3.0416666666666665,0.0,0
CE1,74,3.0833333333333335,0.0,0
CE1,75,3.125,0.0,0
CE1,76,3.1666666666666665,0.0,0
CE1,77,3.2083333333333335,0.0,0
CE1,78,3.25,0.0,0
CE1,79,3.2916666666666665,0.0,0
CE1,80,3.3333333333333335,0.0,0
CE1,81,3.375,0.0,0
CE1,82,3.4166666666666665,0.0,0
CE1,83,3.4583333333333335,0.0,0
CE1,84,3.5,0.0,0
CE1,85,3.5416666666666665,0.0,0
CE1,86,3.5833333333333335,0.0,0
CE1,87,3.625,0.0,0
CE1,88,3.6666666666666665,0.0,0
CE1,89,3.7083333333333335,0.0,0
CE1,90,3.75,0.0,0
CE1,91,3.7916666666666665,0.0,0
CE1,92,3.8333333333333335,0.0,0
CE1,93,3.875,0.0,0
CE1,94,3.9166666666666665,0.0,0
CE1,95,3.9583333333333335,0.0,0
CE1,96,4.0,0.0,0
CE1,97,4.041666666666667,0.0,0
CE1,98,4.083333333333333,0.0,0
CE1,99,4.125,0.0,0
CE1,100,4.166666666666667,0.0,0
CE1,101,4.208333333333333,0.0,0
CE1,102,4.25,0.0,0
CE1,103,4.291666666666667,0.0,0
CE1,104,4.333333333333333,0.0,0
CE1,105,4.375,0.0,0
CE1,106,4.416666666666667,0.0,0
CE1,107,4.458333333333333,0.0,0
CE1,108,4.5,0.0,0
CE1,109,4.541666666666667,0.0,0
CE1,110,4.583333333333333,0.0,0
CE1,111,4.625,0.0,0
CE1,112,4.666666666666667,0.0,0
CE1,113,4.708333333333333,0.0,0
CE1,114,4.75,0.0,0
CE1,115,4.791666666666667,0.0,0
CE1,116,4.833333333333333,0.0,0
CE1,117,4.875,0.0,0
CE1,118,4.916666666666667,0.0,0
CE1,119,4.958333333333333,0.0,0
CE1,120,5.0,0.0,0
CE1,121,5.041666666666667,0.0,0
CE1,122,5.083333333333333,0.0,0
CE1,123,5.125,0.0,0
CE1,124,5.166666666666667,0.0,0
CE1,125,5.208333333333333,0.0,0
CE1,126,5.25,0.0,0
CE1,127,5.291666666666667,0.0,0
CE1,128,5.333333333333333,0.0,0
CE1,129,5.375,0.0,0
CE1,130,5.416666666666667,0.0,0
CE1,131,5.458333333333333,0.0,0
CE1,132,5.5,0.0,0
CE1,133,5.541666666666667,0.0,0
CE1,134,5.583333333333333,0.0,0
CE1,135,5.625,0.0,0
CE1,136,5.666666666666667,0.0,0
CE1,137,5.708333333333333,0.0,0
CE1,138,5.75,0.0,0
CE1,139,5.791666666666667,0.0,0
CE1,140,5.833333333333333,0.0,0
CE1,141,5.875,0.0,0
CE1,142,5.916666666666667,0.0,0
CE1,143,5.958333333333333,0.0,0
CE1,144,6.0,0.0,0
CE1,145,6.041666666666667,0.0,0
CE1,146,6.083333333333333,0.0,0
CE1,147,6.125,0.0,0
CE1,148,6.166666666666667,0.0,0
CE1,149,6.208333333333333,0.0,0
CE1,150,6.25,0.0,0
CE1,151,6.291666666666667,0.0,0
CE1,152,6.333333333333333,0.0,0
CE1,153,6.375,0.0,0
CE1,154,6.416666666666667,0.0,0
CE1,155,6.458333333333333,0.0,0
CE1,156,6.5,0.0,0
CE1,157,6.541666666666667,0.0,0
CE1,158,6.583333333333333,0.0,0
CE1,159,6.625,0.0,0
CE1,160,6.666666666666667,0.0,0
CE1,161,6.708333333333333,0.0,0
CE1,162,6.75,0.0,0
CE1,163,6.791666666666667,0.0,0
CE1,164,6.833333333333333,0.0,0
CE1,165,6.875,0.0,0
CE1,166,6.916666666666667,0.0,0
CE1,167,6.958333333333333,0.0,0
CE1,168,7.0,0.0,0
CE1,169,7.041666666666667,0.0,0
CE1,170,7.083333333333333,0.0,0
CE1,171,7.125,0.0,0
CE1,172,7.166666666666667,0.0,0
CE1,173,7.208333333333333,0.0,0
CE1,174,7.25,0.0,0
CE1,175,7.291666666666667,0.0,0
CE1,176,7.333333333333333,0.0,0
CE1,177,7.375,0.0,0
CE1,178,7.416666666666667,0.0,0
CE1,179,7.458333333333333,0.0,0
CE1,180,7.5,0.0,0
CE1,181,7.541666666666667,2.9761904761904762e-05,9
CE1,182,7.583333333333333,0.0,0
CE1,183,7.625,0.0,0
CE1,184,7.666666666666667,0.0,0
CE1,185,7.708333333333333,0.0,0
CE1,186,7.75,0.0,0
CE1,187,7.791666666666667,0.0,0
CE1,188,7.833333333333333,0.0,0
CE1,189,7.875,0.0,0
CE1,190,7.916666666666667,0.0,0
CE1,191,7.958333333333333,0.0,0
CE1,192,8.0,0.0,0
CE1,193,8.041666666666666,0.0,0
CE1,194,8.083333333333334,0.0,0
CE1,195,8.125,0.0,0
CE1,196,8.166666666666666,0.0,0
CE1,197,8.208333333333334,0.0,0
CE1,198,8.25,0.0,0
CE1,199,8.291666666666666,0.0,0
CE1,200,8.333333333333334,0.0,0
CE1,201,8.375,0.0,0
CE1,202,8.416666666666666,0.0,0
CE1,203,8.458333333333334,0.0,0
CE1,204,8.5,0.0,0
CE1,205,8.541666666666666,0.0,0
CE1,206,8.583333333333334,0.0,0
CE1,207,8.625,0.0,0
CE1,208,8.666666666666666,0.0,0
CE1,209,8.708333333333334,0.0,0
CE1,210,8.75,0.0,0
CE1,211,8.791666666666666,0.0,0
CE1,212,8.833333333333334,0.0,0
CE1,213,8.875,0.0,0
CE1,214,8.916666666666666,0.0,0
CE1,215,8.958333333333334,0.0,0
CE1,216,9.0,0.0,0
CE1,217,9.041666666666666,0.0,0
CE1,218,9.083333333333334,0.0,0
CE1,219,9.125,0.0,0
CE1,220,9.166666666666666,0.0,0
CE1,221,9.208333333333334,0.0,0
CE1,222,9.25,0.0,0
CE1,223,9.291666666666666,0.0,0
CE1,224,9.333333333333334,0.0,0
CE1,225,9.375,0.0,0
CE1,226,9.416666666666666,0.0,0
CE1,227,9.458333333333334,0.0,0
CE1,228,9.5,0.0,0
CE1,229,9.541666666666666,0.0,0
CE1,230,9.583333333333334,0.0,0
CE1,231,9.625,0.0,0
CE1,232,9.666666666666666,0.0,0
CE1,233,9.708333333333334,0.0,0
CE1,234,9.75,0.0,0
CE1,235,9.791666666666666,0.0,0
CE1,236,9.833333333333334,0.0,0
CE1,237,9.875,0.0,0
CE1,238,9.916666666666666,0.0,0
CE1,239,9.958333333333334,0.0,0
CE1,240,10.0,0.0,0
CE1,241,10.041666666666666,0.0,0
CE1,242,10.083333333333334,0.0,0
CE1,243,10.125,0.0,0
CE1,244,10.166666666666666,0.0,0
CE1,245,10.208333333333334,0.0,0
CE1,246,10.25,0.0,0
CE1,247,10.291666666666666,0.0,0
CE1,248,10.333333333333334,0.0,0
CE1,249,10.375,0.0,0
CE1,250,10.416666666666666,0.0,0
CE1,251,10.458333333333334,0.0,0
CE1,252,10.5,0.0,0
CE1,253,10.541666666666666,0.0,0
CE1,254,10.583333333333334,0.0,0
CE1,255,10.625,0.0,0
CE1,256,10.666666666666666,0.0,0
CE1,257,10.708333333333334,0.0,0
CE1,258,10.75,0.0,0
CE1,259,10.791666666666666,0.0,0
CE1,260,10.833333333333334,0.0,0
CE1,261,10.875,0.0,0
CE1,262,10.916666666666666,0.0,0
CE1,263,10.958333333333334,0.0,0
CE1,264,11.0,0.0,0
CE1,265,11.041666666666666,0.0,0
CE1,266,11.083333333333334,0.0,0
CE1,267,11.125,0.0,0
CE1,268,11.166666666666666,0.0,0
CE1,269,11.208333333333334,0.0,0
CE1,270,11.25,0.0,0
CE1,271,11.291666666666666,0.0,0
CE1,272,11.333333333333334,0.0,0
CE1,273,11.375,0.0,0
CE1,274,11.416666666666666,0.0,0
CE1,275,11.458333333333334,0.0,0
CE1,276,11.5,0.0,0
CE1,277,11.541666666666666,0.0,0
CE1,278,11.583333333333334,0.0,0
CE1,279,11.625,0.0,0
CE1,280,11.666666666666666,0.0,0
CE1,281,11.708333333333334,0.0,0
CE1,282,11.75,0.0,0
CE1,283,11.791666666666666,0.0,0
CE1,284,11.833333333333334,0.0,0
CE1,285,11.875,0.0,0
CE1,286,11.916666666666666,0.0,0
CE1,287,11.958333333333334,0.0,0
CE1,288,12.0,0.0,0
CE1,289,12.041666666666666,0.0,0
CE1,290,12.083333333333334,0.0,0
CE1,291,12.125,0.0,0
CE1,292,12.166666666666666,0.0,0
CE1,293,12.208333333333334,0.0,0
CE1,294,12.25,0.0,0
CE1,295,12.291666666666666,0.0,0
CE1,296,12.333333333333334,0.0,0
CE1,297,12.375,0.0,0
CE1,298,12.416666666666666,0.0,0
CE1,299,12.458333333333334,0.0,0
CE1,300,12.5,0.0,0
CE1,301,12.541666666666666,0.0,0
CE1,302,12.583333333333334,0.0,0
CE1,303,12.625,3.306878306878307e-05,5
CE1,304,12.666666666666666,0.0,0
CE1,305,12.708333333333334,0.0,0
CE1,306,12.75,0.0,0
CE1,307,12.791666666666666,0.0,0
CE1,308,12.833333333333334,0.0,0
CE1,309,12.875,0.0,0
CE1,310,12.916666666666666,0.0,0
CE1,311,12.958333333333334,0.0,0
CE1,312,13.0,0.0,0
CE1,313,13.041666666666666,0.0,0
CE1,314,13.083333333333334,0.0,0
CE1,315,13.125,0.0,0
CE1,316,13.166666666666666,0.0,0
CE1,317,13.208333333333334,0.0,0
CE1,318,13.25,0.0,0
CE1,319,13.291666666666666,0.0,0
CE1,320,13.333333333333334,0.0,0
CE1,321,13.375,1.3227513227513228e-05,2
CE1,322,13.416666666666666,0.0,0
CE1,323,13.458333333333334,0.0,0
CE1,324,13.5,6.613756613756614e-06,1
CE1,325,13.541666666666666,1.3227513227513228e-05,2
CE1,326,13.583333333333334,1.3227513227513228e-05,2
CE1,327,13.625,6.613756613756614e-06,1
CE1,328,13.666666666666666,0.0,0
CE1,329,13.708333333333334,0.0,0
CE1,330,13.75,0.0,0
CE1,331,13.791666666666666,0.0,0
CE1,332,13.833333333333334,0.0,0
CE1,333,13.875,0.0,0
CE1,334,13.916666666666666,0.0,0
CE1,335,13.958333333333334,0.0,0
CE1,336,14.0,0.0,0
CE1,337,14.041666666666666,0.0,0
CE1,338,14.083333333333334,0.0,0
CE1,339,14.125,0.0,0
CE1,340,14.166666666666666,0.0,0
CE1,341,14.208333333333334,0.0,0
CE1,342,14.25,0.0,0
CE1,343,14.291666666666666,0.0,0
CE1,344,14.333333333333334,0.0,0
CE1,345,14.375,0.0,0
CE1,346,14.416666666666666,0.0,0
CE1,347,14.458333333333334,0.0,0
CE1,348,14.5,0.0,0
CE1,349,14.541666666666666,6.613756613756614e-06,1
CE1,350,14.583333333333334,6.613756613756614e-06,1
CE1,351,14.625,0.0,0
CE1,352,14.666666666666666,0.0,0
CE1,353,14.708333333333334,0.0,0
CE1,354,14.75,0.0,0
CE1,355,14.791666666666666,0.0,0
CE1,356,14.833333333333334,0.0,0
CE1,357,14.875,0.0,0
CE1,358,14.916666666666666,0.0,0
CE1,359,14.958333333333334,0.0,0
CE1,360,15.0,0.0,0
CE1,361,15.041666666666666,0.0,0
CE1,362,15.083333333333334,0.0,0
CE1,363,15.125,0.0,0
CE1,364,15.166666666666666,0.0,0
CE1,365,15.208333333333334,0.0,0
CE1,366,15.25,0.0,0
CE1,367,15.291666666666666,0.0,0
CE1,368,15.333333333333334,0.0,0
CE1,369,15.375,0.0,0
CE1,370,15.416666666666666,0.0,0
CE1,371,15.458333333333334,0.0,0
CE1,372,15.5,6.613756613756614e-06,1
CE1,373,15.541666666666666,0.0,0
CE1,374,15.583333333333334,0.0,0
CE1,375,15.625,0.0,0
CE1,376,15.666666666666666,0.0,0
CE1,377,15.708333333333334,0.0,0
CE1,378,15.75,0.0,0
CE1,379,15.791666666666666,0.0,0
CE1,380,15.833333333333334,0.0,0
CE1,381,15.875,0.0,0
CE1,382,15.916666666666666,0.0,0
CE1,383,15.958333333333334,0.0,0
CE1,384,16.0,0.0,0
CE1,385,16.041666666666668,0.0,0
CE1,386,16.083333333333332,0.0,0
CE1,387,16.125,0.0,0
CE1,388,16.166666666666668,0.0,0
CE1,389,16.208333333333332,0.0,0
CE1,390,16.25,0.0,0
CE1,391,16.291666666666668,0.0,0
CE1,392,16.333333333333332,0.0,0
CE1,393,16.375,0.0,0
CE1,394,16.416666666666668,0.0,0
CE1,395,16.458333333333332,0.0,0
CE1,396,16.5,0.0,0
CE1,397,16.541666666666668,0.0,0
CE1,398,16.583333333333332,0.0,0
CE1,399,16.625,0.0,0
CE1,400,16.666666666666668,0.00010912698412698413,38
CE1,401,16.708333333333332,1.6534391534391536e-05,0
CE1,402,16.75,0.0,0
CE1,403,16.791666666666668,0.0,0
CE1,404,16.833333333333332,0.0,0
CE1,405,16.875,0.0,0
CE1,406,16.916666666666668,0.0,0
CE1,407,16.958333333333332,0.0,0
CE1,408,17.0,0.0,0
CE1,409,17.041666666666668,0.0,0
CE1,410,17.083333333333332,0.0,0
CE1,411,17.125,0.0,0
CE1,412,17.166666666666668,0.0,0
CE1,413,17.208333333333332,0.0,0
CE1,414,17.25,0.0,0
CE1,415,17.291666666666668,0.0,0
CE1,416,17.333333333333332,0.0,0
CE1,417,17.375,0.0,0
CE1,418,17.416666666666668,0.0,0
CE1,419,17.458333333333332,0.0,0
CE1,420,17.5,0.0,0
CE1,421,17.541666666666668,0.0,0
CE1,422,17.583333333333332,0.0,0
CE1,423,17.625,0.0,0
CE1,424,17.666666666666668,0.0,0
CE1,425,17.708333333333332,0.0,0
CE1,426,17.75,0.0,0
CE1,427,17.791666666666668,0.0,0
CE1,428,17.833333333333332,0.0,0
CE1,429,17.875,0.0,0
CE1,430,17.916666666666668,0.0,0
CE1,431,17.958333333333332,0.0,0
CE1,432,18.0,0.0,0
CE1,433,18.041666666666668,0.0,0
CE1,434,18.083333333333332,0.0,0
CE1,435,18.125,0.0,0
CE1,436,18.166666666666668,0.0,0
CE1,437,18.208333333333332,0.0,0
CE1,438,18.25,0.0,0
CE1,439,18.291666666666668,0.0,0
CE1,440,18.333333333333332,0.0,0
CE1,441,18.375,0.0,0
CE1,442,18.416666666666668,0.0,0
CE1,443,18.458333333333332,0.0,0
CE1,444,18.5,0.0,0
CE1,445,18.541666666666668,0.0,0
CE1,446,18.583333333333332,0.0,0
CE1,447,18.625,0.0,0
CE1,448,18.666666666666668,0.0,0
CE1,449,18.708333333333332,0.0,0
CE1,450,18.75,0.0,0
CE1,451,18.791666666666668,0.0,0
CE1,452,18.833333333333332,0.0,0
CE1,453,18.875,0.0,0
CE1,454,18.916666666666668,0.0,0
CE1,455,18.958333333333332,0.0,0
CE1,456,19.0,0.0,0
CE1,457,19.041666666666668,0.0,0
CE1,458,19.083333333333332,0.0,0
CE1,459,19.125,0.0,0
CE1,460,19.166666666666668,0.0,0
CE1,461,19.208333333333332,0.0,0
CE1,462,19.25,0.0,0
CE1,463,19.291666666666668,0.0,0
CE1,464,19.333333333333332,0.0,0
CE1,465,19.375,0.0,0
CE1,466,19.416666666666668,0.0,0
CE1,467,19.458333333333332,0.0,0
CE1,468,19.5,0.0,0
CE1,469,19.541666666666668,1.984126984126984e-05,3
CE1,470,19.583333333333332,1.984126984126984e-05,3
CE1,471,19.625,3.306878306878307e-05,5
CE1,472,19.666666666666668,0.0,0
CE1,473,19.708333333333332,0.0,0
CE1,474,19.75,0.0,0
CE1,475,19.791666666666668,0.0,0
CE1,476,19.833333333333332,0.0,0
CE1,477,19.875,0.0,0
CE1,478,19.916666666666668,0.0,0
CE1,479,19.958333333333332,0.0,0
CE1,480,20.0,0.0,0
CE1,481,20.041666666666668,0.0,0
CE1,482,20.083333333333332,0.0,0
CE1,483,20.125,0.0,0
CE1,484,20.166666666666668,0.0,0
CE1,485,20.208333333333332,0.0,0
CE1,486,20.25,0.0,0
CE1,487,20.291666666666668,0.0,0
CE1,488,20.333333333333332,0.0,0
CE1,489,20.375,0.0,0
CE1,490,20.416666666666668,0.0,0
CE1,491,20.458333333333332,0.0,0
CE1,492,20.5,0.0,0
CE1,493,20.541666666666668,0.0,0
CE1,494,20.583333333333332,0.0,0
CE1,495,20.625,0.0,0
CE1,496,20.666666666666668,0.0,0
CE1,497,20.708333333333332,0.0,0
CE1,498,20.75,0.0,0
CE1,499,20.791666666666668,0.0,0
CE1,500,20.833333333333332,0.0,0
CE1,501,20.875,0.0,0
CE1,502,20.916666666666668,0.0,0
CE1,503,20.958333333333332,0.0,0
CE1,504,21.0,0.0,0
CE1,505,21.041666666666668,0.0,0
CE1,506,21.083333333333332,0.0,0
CE1,507,21.125,0.0,0
CE1,508,21.166666666666668,0.0,0
CE1,509,21.208333333333332,0.0,0
CE1,510,21.25,0.0,0
CE1,511,21.291666666666668,0.0,0
CE1,512,21.333333333333332,1.984126984126984e-05,3
CE1,513,21.375,0.0,0
CE1,514,21.416666666666668,2.3148148148148147e-05,3
CE1,515,21.458333333333332,6.613756613756614e-06,1
CE1,516,21.5,6.283068783068783e-05,8
CE1,517,21.541666666666668,1.984126984126984e-05,3
CE1,518,21.583333333333332,0.00017195767195767194,9
CE1,519,21.625,0.0001984126984126984,10
CE1,520,21.666666666666668,0.002136243386243386,8
CE1,521,21.708333333333332,0.00014880952380952382,8
CE1,522,21.75,0.002159391534391534,9
CE1,523,21.791666666666668,0.0001421957671957672,8
CE1,524,21.833333333333332,0.006220238095238095,11
CE1,525,21.875,0.00014550264550264552,8
CE1,526,21.916666666666668,0.0001421957671957672,8
CE1,527,21.958333333333332,0.0001388888888888889,8
CE1,528,22.0,0.00014550264550264552,8
CE1,529,22.041666666666668,0.00014880952380952382,8
CE1,530,22.083333333333332,0.010231481481481482,13
CE1,531,22.125,0.00015211640211640213,8
CE1,532,22.166666666666668,0.002218915343915344,9
CE1,533,22.208333333333332,0.0002513227513227513,8
CE1,534,22.25,0.01052910052910053,12
CE1,535,22.291666666666668,0.013439153439153438,9
CE1,536,22.333333333333332,0.011197089947089947,11
CE1,537,22.375,0.00016865079365079364,9
CE1,538,22.416666666666668,0.004189814814814815,10
CE1,539,22.458333333333332,0.00015211640211640213,11
CE1,540,22.5,0.002242063492063492,16
CE1,541,22.541666666666668,0.00017857142857142857,12
CE1,542,22.583333333333332,0.00016203703703703703,8
CE1,543,22.625,0.00015211640211640213,8
CE1,544,22.666666666666668,0.004209656084656084,11
CE1,545,22.708333333333332,0.0001421957671957672,8
CE1,546,22.75,0.0011276455026455027,10
CE1,547,22.791666666666668,0.001197089947089947,8
CE1,548,22.833333333333332,0.003561507936507937,10
CE1,549,22.875,0.0007572751322751322,8
CE1,550,22.916666666666668,0.002156084656084656,9
CE1,551,22.958333333333332,0.00015211640211640213,8
CE1,552,23.0,0.0001388888888888889,8
CE1,553,23.041666666666668,0.00014880952380952382,8
CE1,554,23.083333333333332,0.0021626984126984126,9
CE1,555,23.125,0.00015873015873015873,8
CE1,556,23.166666666666668,0.005472883597883597,11
CE1,557,23.208333333333332,0.0010813492063492063,8
CE1,558,23.25,0.0082010582010582,12
CE1,559,23.291666666666668,0.0026256613756613758,8
CE1,560,23.333333333333332,0.00018187830687830687,8
CE1,561,23.375,0.00014550264550264552,8
CE1,562,23.416666666666668,0.004183201058201058,10
CE1,563,23.458333333333332,0.00013558201058201059,8
CE1,564,23.5,0.0054828042328042325,11
CE1,565,23.541666666666668,0.001388888888888889,9
CE1,566,23.583333333333332,0.002159391534391534,9
CE1,567,23.625,0.0001388888888888889,8
CE1,568,23.666666666666668,0.0022585978835978834,13
CE1,569,23.708333333333332,0.0022718253968253966,13
CE1,570,23.75,0.01236772486772487,18
CE1,571,23.791666666666668,0.00020833333333333335,12
CE1,572,23.833333333333332,0.004206349206349207,14
CE1,573,23.875,0.00033068783068783067,12
CE1,574,23.916666666666668,0.0002777777777777778,13
CE1,575,23.958333333333332,0.00025793650793650796,12
CE1,576,24.0,0.00022156084656084653,12
CE1,577,24.041666666666668,0.0002314814814814815,12
CE1,578,24.083333333333332,0.008257275132275132,16
CE1,579,24.125,0.0002612433862433862,12
CE1,580,24.166666666666668,0.0015773809523809525,14
CE1,581,24.208333333333332,0.001025132275132275,12
CE1,582,24.25,0.013680555555555555,18
CE1,583,24.291666666666668,0.003518518518518519,12
CE1,584,24.333333333333332,0.0023346560846560847,13
CE1,585,24.375,0.00022817460317460316,12
CE1,586,24.416666666666668,0.00025793650793650796,12
CE1,587,24.458333333333332,0.00026785714285714287,12
CE1,588,24.5,0.006269841269841269,13
CE1,589,24.541666666666668,0.0001917989417989418,10
CE1,590,24.583333333333332,0.0060185185185185185,13
CE1,591,24.625,0.00046957671957671953,11
CE1,592,24.666666666666668,0.00826388888888889,14
CE1,593,24.708333333333332,0.00018187830687830687,10
CE1,594,24.75,0.00021494708994708992,10
CE1,595,24.791666666666668,0.0001884920634920635,10
CE1,596,24.833333333333332,0.00020502645502645502,10
CE1,597,24.875,0.00020502645502645502,10
CE1,598,24.916666666666668,0.0001884920634920635,10
CE1,599,24.958333333333332,0.00023478835978835977,11
CE1,600,25.0,0.00023478835978835977,12
CE1,601,25.041666666666668,0.00022156084656084653,11
CE1,602,25.083333333333332,0.00020833333333333335,10
CE1,603,25.125,0.00016865079365079364,10
CE1,604,25.166666666666668,0.0001951058201058201,10
CE1,605,25.208333333333332,0.00025793650793650796,10
CE1,606,25.25,0.0008796296296296297,12
CE1,607,25.291666666666668,0.0012400793650793652,11
CE1,608,25.333333333333332,0.00021825396825396825,10
CE1,609,25.375,0.0007010582010582011,12
CE1,610,25.416666666666668,0.002589285714285714,11
CE1,611,25.458333333333332,0.002212301587301587,10
CE1,612,25.5,0.0001984126984126984,8
CE1,613,25.541666666666668,0.0002380952380952381,12
CE1,614,25.583333333333332,0.00020171957671957674,10
CE1,615,25.625,0.0001951058201058201,11
CE1,616,25.666666666666668,0.00017526455026455027,10
CE1,617,25.708333333333332,0.0001951058201058201,10
CE1,618,25.75,0.00018187830687830687,10
CE1,619,25.791666666666668,0.00020502645502645502,10
CE1,620,25.833333333333332,0.00026455026455026457,12
CE1,621,25.875,0.0001884920634920635,10
CE1,622,25.916666666666668,0.00017857142857142857,10
CE1,623,25.958333333333332,0.00020502645502645502,10
CE1,624,26.0,0.0001984126984126984,10
CE1,625,26.041666666666668,0.00021825396825396825,11
CE1,626,26.083333333333332,0.0007175925925925926,12
CE1,627,26.125,0.00021825396825396825,10
CE1,628,26.166666666666668,0.0002612433862433862,10
CE1,629,26.208333333333332,0.0002810846560846561,12
CE1,630,26.25,0.004378306878306878,13
CE1,631,26.291666666666668,0.0009126984126984126,11
CE1,632,26.333333333333332,0.0005423280423280423,10
CE1,633,26.375,0.00023478835978835977,12
CE1,634,26.416666666666668,0.00021164021164021165,11
CE1,635,26.458333333333332,0.00026785714285714287,13
CE1,636,26.5,0.00020502645502645502,12
CE1,637,26.541666666666668,0.00022156084656084653,12
CE1,638,26.583333333333332,0.0,12
CE1,639,26.625,0.0002380952380952381,12
CE1,640,26.666666666666668,0.0003968253968253968,13
CE1,641,26.708333333333332,0.004834656084656085,13
CE1,642,26.75,0.0002447089947089947,12
CE1,643,26.791666666666668,0.00022817460317460316,12
CE1,644,26.833333333333332,0.00021164021164021165,12
CE1,645,26.875,0.0002513227513227513,12
CE1,646,26.916666666666668,0.0002380952380952381,12
CE1,647,26.958333333333332,0.0002744708994708995,12
CE1,648,27.0,0.00021825396825396825,12
CE1,649,27.041666666666668,0.00022486772486772486,12
CE1,650,27.083333333333332,0.00025793650793650796,13
CE1,651,27.125,0.00032407407407407406,13
CE1,652,27.166666666666668,0.0002843915343915344,13
CE1,653,27.208333333333332,0.00029100529100529104,12
CE1,654,27.25,0.004457671957671958,14
CE1,655,27.291666666666668,0.002820767195767196,12
CE1,656,27.333333333333332,0.00036044973544973544,13
CE1,657,27.375,0.007046957671957672,1
CE1,658,27.416666666666668,0.00016203703703703703,3
CE1,659,27.458333333333332,0.0,0
CE1,660,27.5,0.0034986772486772484,1
CE1,661,27.541666666666668,0.0,0
CE1,662,27.583333333333332,0.001875,1
CE1,663,27.625,0.006091269841269842,0
CE1,664,27.666666666666668,0.0,0
CE1,665,27.708333333333332,0.0,0
CE1,666,27.75,0.0,0
CE1,667,27.791666666666668,0.0,0
CE1,668,27.833333333333332,0.0,0
CE1,669,27.875,0.0,0
CE1,670,27.916666666666668,0.0,0
CE1,671,27.958333333333332,0.0,0
CE1,672,28.0,0.0,0
CE1,673,28.041666666666668,0.0,0
CE1,674,28.083333333333332,0.0,0
CE1,675,28.125,0.0,0
CE1,676,28.166666666666668,0.0,0
CE1,677,28.208333333333332,0.0,0
CE1,678,28.25,0.0,0
CE1,679,28.291666666666668,0.0,0
CE1,680,28.333333333333332,0.0,0
CE1,681,28.375,2.6455026455026456e-05,1
CE1,682,28.416666666666668,0.0,0
CE1,683,28.458333333333332,0.0,0
CE1,684,28.5,0.0,0
CE1,685,28.541666666666668,0.0,0
CE1,686,28.583333333333332,3.968253968253968e-05,1
CE1,687,28.625,0.0,0
CE1,688,28.666666666666668,0.0,0
CE1,689,28.708333333333332,0.0002546296296296296,14
CE1,690,28.75,0.0008994708994708994,13
CE1,691,28.791666666666668,0.0002314814814814815,13
CE1,692,28.833333333333332,0.00025793650793650796,13
CE1,693,28.875,0.00022156084656084653,12
CE1,694,28.916666666666668,0.00021494708994708992,12
CE1,695,28.958333333333332,0.0002380952380952381,12
CE1,696,29.0,0.00021825396825396825,12
CE1,697,29.041666666666668,0.000248015873015873,12
CE1,698,29.083333333333332,0.00022486772486772486,12
CE1,699,29.125,0.0003968253968253968,12
CE1,700,29.166666666666668,0.002433862433862434,13
CE1,701,29.208333333333332,0.0025033068783068785,12
CE1,702,29.25,0.005066137566137567,16
CE1,703,29.291666666666668,0.006481481481481481,13
CE1,704,29.333333333333332,0.00017857142857142857,10
CE1,705,29.375,0.00017195767195767194,9
CE1,706,29.416666666666668,0.00026785714285714287,14
CE1,707,29.458333333333332,0.0002414021164021164,12
CE1,708,29.5,0.0002546296296296296,13
CE1,709,29.541666666666668,0.00419973544973545,13
CE1,710,29.583333333333332,0.00022486772486772486,11
CE1,711,29.625,0.00022156084656084653,10
CE1,712,29.666666666666668,0.00039351851851851847,14
CE1,713,29.708333333333332,0.00040013227513227513,14
CE1,714,29.75,0.00040013227513227513,14
CE1,715,29.791666666666668,0.0003902116402116402,14
CE1,716,29.833333333333332,0.00038029100529100526,15
CE1,717,29.875,0.000376984126984127,14
CE1,718,29.916666666666668,0.00035052910052910054,14
CE1,719,29.958333333333332,0.0003869047619047619,14
CE1,720,30.0,0.0003869047619047619,14
CE1,721,30.041666666666668,0.0003736772486772487,14
CE1,722,30.083333333333332,0.00038029100529100526,14
CE1,723,30.125,0.00038029100529100526,14
CE1,724,30.166666666666668,0.0002943121693121693,10
CE1,725,30.208333333333332,0.00033399470899470897,10
CE1,726,30.25,0.001349206349206349,13
CE1,727,30.291666666666668,0.00030753968253968255,11
CE1,728,30.333333333333332,0.0011276455026455027,11
CE1,729,30.375,0.0019179894179894182,11
CE1,730,30.416666666666668,0.0015376984126984129,12
CE1,731,30.458333333333332,0.00030092592592592595,10
CE1,732,30.5,0.002427248677248677,13
CE1,733,30.541666666666668,0.0022982804232804235,11
CE1,734,30.583333333333332,0.001990740740740741,13
CE1,735,30.625,0.0026851851851851854,10
CE1,736,30.666666666666668,0.002404100529100529,15
CE1,737,30.708333333333332,0.0003373015873015873,13
CE1,738,30.75,0.0002612433862433862,12
CE1,739,30.791666666666668,0.0021064814814814813,6
CE1,740,30.833333333333332,0.00023478835978835977,10
CE1,741,30.875,0.00022486772486772486,10
CE1,742,30.916666666666668,0.004262566137566138,13
CE1,743,30.958333333333332,0.00020171957671957674,10
CE1,744,31.0,0.002748015873015873,12
CE1,745,31.041666666666668,0.0017294973544973546,10
CE1,746,31.083333333333332,0.00021494708994708992,11
CE1,747,31.125,0.00022817460317460316,10
CE1,748,31.166666666666668,0.004239417989417989,12
CE1,749,31.208333333333332,0.0002546296296296296,8
CE1,750,31.25,0.00441468253968254,10
CE1,751,31.291666666666668,0.0008432539682539682,8
CE1,752,31.333333333333332,0.0006779100529100529,9
CE1,753,31.375,0.0009126984126984126,9
CE1,754,31.416666666666668,0.00017857142857142857,8
CE1,755,31.458333333333332,0.00020171957671957674,9
CE1,756,31.5,0.00017857142857142857,8
CE1,757,31.541666666666668,0.00017195767195767194,8
CE1,758,31.583333333333332,0.0021924603174603174,9
CE1,759,31.625,0.00020833333333333335,10
CE1,760,31.666666666666668,0.004222883597883598,10
CE1,761,31.708333333333332,0.0001984126984126984,9
CE1,762,31.75,0.0022354497354497354,10
CE1,763,31.791666666666668,0.00018518518518518518,9
CE1,764,31.833333333333332,0.00016534391534391533,8
CE1,765,31.875,0.00017526455026455027,8
CE1,766,31.916666666666668,0.004229497354497355,11
CE1,767,31.958333333333332,0.00018187830687830687,9
CE1,768,32.0,0.0039417989417989425,10
CE1,769,32.041666666666664,0.0004828042328042328,8
CE1,770,32.083333333333336,0.002202380952380952,9
CE1,771,32.125,0.0001884920634920635,8
CE1,772,32.166666666666664,0.006246693121693121,11
CE1,773,32.208333333333336,0.00029761904761904765,9
CE1,774,32.25,0.0048941798941798936,10
CE1,775,32.291666666666664,0.00020171957671957674,9
CE1,776,32.333333333333336,0.0042195767195767194,10
CE1,777,32.375,0.00020502645502645502,10
CE1,778,32.416666666666664,0.0021924603174603174,9
CE1,779,32.458333333333336,0.00015211640211640213,8
CE1,780,32.5,0.002212301587301587,10
CE1,781,32.541666666666664,0.00016865079365079364,8
CE1,782,32.583333333333336,0.002199074074074074,9
CE1,783,32.625,0.00018187830687830687,9
CE1,784,32.666666666666664,0.006226851851851852,12
CE1,785,32.708333333333336,0.00016203703703703703,8
CE1,786,32.75,0.006213624338624339,11
CE1,787,32.791666666666664,0.00018187830687830687,8
CE1,788,32.833333333333336,0.00018187830687830687,8
CE1,789,32.875,0.00015542328042328043,8
CE1,790,32.916666666666664,0.004226190476190476,10
CE1,791,32.958333333333336,0.00017857142857142857,9
CE1,792,33.0,0.002175925925925926,9
CE1,793,33.041666666666664,0.00018518518518518518,8
CE1,794,33.083333333333336,0.00419973544973545,10
CE1,795,33.125,0.00016534391534391533,8
CE1,796,33.166666666666664,0.004338624338624339,9
CE1,797,33.208333333333336,0.00015542328042328043,8
CE1,798,33.25,0.004659391534391534,11
CE1,799,33.291666666666664,0.0010846560846560847,0
CE1,800,33.333333333333336,0.0016005291005291005,1
CE1,801,33.375,0.00044312169312169306,1
CE1,802,33.416666666666664,0.006084656084656084,4
CE1,803,33.458333333333336,5.6216931216931215e-05,1
CE1,804,33.5,0.014993386243386243,9
CE1,805,33.541666666666664,0.009560185185185185,2
CE1,806,33.583333333333336,0.004037698412698413,2
CE1,807,33.625,7.605820105820106e-05,1
CE1,808,33.666666666666664,0.00017526455026455027,7
CE1,809,33.708333333333336,0.00016865079365079364,8
CE1,810,33.75,0.0021395502645502646,7
CE1,811,33.791666666666664,0.00017195767195767194,8
CE1,812,33.833333333333336,0.004523809523809524,10
CE1,813,33.875,0.0018121693121693123,6
CE1,814,33.916666666666664,0.004173280423280423,8
CE1,815,33.958333333333336,0.00012235449735449735,6
CE1,816,34.0,0.002136243386243386,7
CE1,817,34.041666666666664,0.00012896825396825398,7
CE1,818,34.083333333333336,0.0021626984126984126,8
CE1,819,34.125,0.00012566137566137565,6
CE1,820,34.166666666666664,0.0021494708994708994,7
CE1,821,34.208333333333336,0.00012896825396825398,6
CE1,822,34.25,0.00748015873015873,10
CE1,823,34.291666666666664,0.003253968253968254,3
CE1,824,34.333333333333336,0.004209656084656084,9
CE1,825,34.375,0.00015211640211640213,8
CE1,826,34.416666666666664,0.004222883597883598,12
CE1,827,34.458333333333336,0.00012896825396825398,9
CE1,828,34.5,0.002205687830687831,14
CE1,829,34.541666666666664,0.00021494708994708992,15
CE1,830,34.583333333333336,0.004583333333333333,16
CE1,831,34.625,0.8005522486772486,289
CE1,832,34.666666666666664,0.8320138888888889,193
CE1,833,34.708333333333336,0.03656415343915344,21
CE1,834,34.75,0.0036640211640211638,15
CE1,835,34.791666666666664,0.0007473544973544974,11
CE1,836,34.833333333333336,0.11599867724867725,82
CE1,837,34.875,0.9109060846560847,251
CE1,838,34.916666666666664,0.417390873015873,92
CE1,839,34.958333333333336,0.0020006613756613756,12
CE1,840,35.0,0.006253306878306878,13
CE1,841,35.041666666666664,0.0001917989417989418,10
CE1,842,35.083333333333336,0.00228505291005291,12
CE1,843,35.125,0.0022685185185185187,11
CE1,844,35.166666666666664,0.007632275132275132,14
CE1,845,35.208333333333336,0.0008763227513227513,10
CE1,846,35.25,0.00681547619047619,11
CE1,847,35.291666666666664,0.0029563492063492064,8
CE1,848,35.333333333333336,0.008293650793650794,14
CE1,849,35.375,0.002113095238095238,14
CE1,850,35.416666666666664,0.06726521164021164,23
CE1,851,35.458333333333336,0.04339616402116402,17
CE1,852,35.5,0.004024470899470899,17
CE1,853,35.541666666666664,0.00041997354497354494,18
CE1,854,35.583333333333336,0.003045634920634921,18
CE1,855,35.625,0.0015277777777777776,16
CE1,856,35.666666666666664,0.00023478835978835977,15
CE1,857,35.708333333333336,0.003042328042328042,14
CE1,858,35.75,0.012123015873015872,10
CE1,859,35.791666666666664,0.012169312169312168,11
CE1,860,35.833333333333336,0.022205687830687833,15
CE1,861,35.875,0.00814153439153439,12
CE1,862,35.916666666666664,0.002208994708994709,11
CE1,863,35.958333333333336,0.00023478835978835977,11
CE1,864,36.0,0.003912037037037038,12
CE1,865,36.041666666666664,0.0005224867724867724,10
CE1,866,36.083333333333336,0.002215608465608466,11
CE1,867,36.125,0.0002314814814814815,10
CE1,868,36.166666666666664,0.006071428571428571,13
CE1,869,36.208333333333336,0.000591931216931217,10
CE1,870,36.25,0.004993386243386243,12
CE1,871,36.291666666666664,0.004672619047619048,10
CE1,872,36.333333333333336,0.002242063492063492,11
CE1,873,36.375,0.0008399470899470899,18
CE1,874,36.416666666666664,0.48680555555555555,167
CE1,875,36.458333333333336,0.35794642857142855,67
CE1,876,36.5,0.00429563492063492,14
CE1,877,36.541666666666664,0.21221891534391535,61
CE1,878,36.583333333333336,0.23995039682539682,13
CE1,879,36.625,0.028177910052910055,20
CE1,880,36.666666666666664,0.11085978835978837,13
CE1,881,36.708333333333336,0.016722883597883598,10
CE1,882,36.75,0.002228835978835979,11
CE1,883,36.791666666666664,0.00029100529100529104,11
CE1,884,36.833333333333336,0.0068948412698412705,15
CE1,885,36.875,0.001613756613756614,10
CE1,886,36.916666666666664,0.006306216931216931,15
CE1,887,36.958333333333336,0.00023478835978835977,11
CE1,888,37.0,0.00021825396825396825,11
CE1,889,37.041666666666664,0.0001951058201058201,10
CE1,890,37.083333333333336,0.00022486772486772486,10
CE1,891,37.125,0.00021164021164021165,10
CE1,892,37.166666666666664,0.00018187830687830687,10
CE1,893,37.208333333333336,0.00023478835978835977,10
CE1,894,37.25,0.004272486772486772,12
CE1,895,37.291666666666664,0.002876984126984127,10
CE1,896,37.333333333333336,0.0002777777777777778,11
CE1,897,37.375,0.00020502645502645502,11
CE1,898,37.416666666666664,0.0001951058201058201,12
CE1,899,37.458333333333336,0.00014880952380952382,6
CE1,900,37.5,0.00020502645502645502,10
CE1,901,37.541666666666664,0.00022817460317460316,10
CE1,902,37.583333333333336,0.006511243386243386,7
CE1,903,37.625,0.42438822751322747,71
CE1,904,37.666666666666664,0.7204232804232804,13
CE1,905,37.708333333333336,0.8450562169312169,70
CE1,906,37.75,0.997933201058201,25
CE1,907,37.791666666666664,0.9993816137566137,19
CE1,908,37.833333333333336,0.9993716931216932,13
CE1,909,37.875,0.9981944444444444,10
CE1,910,37.916666666666664,0.8752612433862433,10
CE1,911,37.958333333333336,0.7025992063492064,10
CE1,912,38.0,0.5419279100529101,10
CE1,913,38.041666666666664,0.41674603174603175,12
CE1,914,38.083333333333336,0.33888227513227515,10
CE1,915,38.125,0.286521164021164,10
CE1,916,38.166666666666664,0.2067526455026455,10
CE1,917,38.208333333333336,0.16466269841269843,10
CE1,918,38.25,0.1450760582010582,12
CE1,919,38.291666666666664,0.11047949735449736,11
CE1,920,38.333333333333336,0.07960978835978835,0
CE1,921,38.375,0.07142857142857142,0
CE1,922,38.416666666666664,0.062377645502645504,0
CE1,923,38.458333333333336,0.05708002645502645,0
CE1,924,38.5,0.03826719576719577,0
CE1,925,38.541666666666664,0.023809523809523808,0
CE1,926,38.583333333333336,0.024199735449735447,10
CE1,927,38.625,0.01718253968253968,10
CE1,928,38.666666666666664,0.00040674603174603173,10
CE1,929,38.708333333333336,0.0001984126984126984,10
CE1,930,38.75,0.00020833333333333335,10
CE1,931,38.791666666666664,0.0002380952380952381,11
CE1,932,38.833333333333336,0.00023478835978835977,10
CE1,933,38.875,0.00020171957671957674,10
CE1,934,38.916666666666664,0.00018518518518518518,10
CE1,935,38.958333333333336,0.00027116402116402117,12
CE1,936,39.0,0.00020171957671957674,10
CE1,937,39.041666666666664,0.00022817460317460316,11
CE1,938,39.083333333333336,0.0001917989417989418,10
CE1,939,39.125,0.00026455026455026457,10
CE1,940,39.166666666666664,0.036974206349206354,10
CE1,941,39.208333333333336,0.00030423280423280425,10
CE1,942,39.25,0.002294973544973545,12
CE1,943,39.291666666666664,0.004646164021164021,10
CE1,944,39.333333333333336,0.00021164021164021165,10
CE1,945,39.375,0.00027116402116402117,10
CE1,946,39.416666666666664,0.00021494708994708992,10
CE1,947,39.458333333333336,0.00020171957671957674,10
CE1,948,39.5,0.00021825396825396825,11
CE1,949,39.541666666666664,0.00021164021164021165,10
CE1,950,39.583333333333336,0.0001984126984126984,10
CE1,951,39.625,0.00017526455026455027,10
CE1,952,39.666666666666664,0.0002513227513227513,11
CE1,953,39.708333333333336,0.0001984126984126984,10
CE1,954,39.75,0.0002513227513227513,12
CE1,955,39.791666666666664,0.00022156084656084653,10
CE1,956,39.833333333333336,0.00017526455026455027,10
CE1,957,39.875,0.00021825396825396825,10
CE1,958,39.916666666666664,0.00021825396825396825,10
CE1,959,39.958333333333336,0.0002447089947089947,11
CE1,960,40.0,0.0001984126984126984,10
CE1,961,40.041666666666664,0.00020171957671957674,10
CE1,962,40.083333333333336,0.00018187830687830687,10
CE1,963,40.125,0.00030092592592592595,11
CE1,964,40.166666666666664,0.00022486772486772486,10
CE1,965,40.208333333333336,0.00021164021164021165,10
CE1,966,40.25,0.0030952380952380953,12
CE1,967,40.291666666666664,0.006183862433862435,10
CE1,968,40.333333333333336,0.0001984126984126984,10
CE1,969,40.375,0.00021494708994708992,10
CE1,970,40.416666666666664,0.00022156084656084653,11
CE1,971,40.458333333333336,0.005267857142857143,13
CE1,972,40.5,0.012119708994708994,10
CE1,973,40.541666666666664,0.011597222222222222,13
CE1,974,40.583333333333336,0.0010052910052910052,11
CE1,975,40.625,0.2061441798941799,66
CE1,976,40.666666666666664,0.6686574074074074,14
CE1,977,40.708333333333336,0.8736904761904762,41
CE1,978,40.75,0.9987632275132275,19
CE1,979,40.791666666666664,0.9988128306878307,32
CE1,980,40.833333333333336,0.9990839947089947,21
CE1,981,40.875,0.9981051587301588,16
CE1,982,40.916666666666664,0.996385582010582,13
CE1,983,40.958333333333336,0.9572519841269841,11
CE1,984,41.0,0.9369808201058202,8
CE1,985,41.041666666666664,0.920787037037037,8
CE1,986,41.083333333333336,0.9049206349206349,8
CE1,987,41.125,0.9049503968253968,8
CE1,988,41.166666666666664,0.889616402116402,8
CE1,989,41.208333333333336,0.8518551587301588,9
CE1,990,41.25,0.777255291005291,8
CE1,991,41.291666666666664,0.7304497354497355,8
CE1,992,41.333333333333336,0.5687202380952381,23
CE1,993,41.375,0.6142228835978836,62
CE1,994,41.416666666666664,0.8147784391534392,11
CE1,995,41.458333333333336,0.8097222222222222,9
CE1,996,41.5,0.8096858465608466,8
CE1,997,41.541666666666664,0.797228835978836,8
CE1,998,41.583333333333336,0.8696428571428572,50
CE1,999,41.625,0.9975496031746032,17
CE1,1000,41.666666666666664,0.997334656084656,12
CE1,1001,41.708333333333336,0.9367989417989419,11
CE1,1002,41.75,0.7403339947089947,8
CE1,1003,41.791666666666664,0.6410548941798941,9
CE1,1004,41.833333333333336,0.45891534391534394,8
CE1,1005,41.875,0.28726851851851853,8
CE1,1006,41.916666666666664,0.15341931216931218,8
CE1,1007,41.958333333333336,0.06008928571428572,8
CE1,1008,42.0,0.03377645502645502,6
CE1,1009,42.041666666666664,0.01664351851851852,6
CE1,1010,42.083333333333336,0.00015211640211640213,8
CE1,1011,42.125,0.00023478835978835977,9
CE1,1012,42.166666666666664,0.0001984126984126984,8
CE1,1013,42.208333333333336,0.00022486772486772486,8
CE1,1014,42.25,0.014265873015873015,13
CE1,1015,42.291666666666664,0.004593253968253968,10
CE1,1016,42.333333333333336,0.0059093915343915344,16
CE1,1017,42.375,0.24959325396825396,25
CE1,1018,42.416666666666664,0.661709656084656,51
CE1,1019,42.458333333333336,0.7504464285714286,11
CE1,1020,42.5,0.6077050264550264,8
CE1,1021,42.541666666666664,0.5401190476190476,11
CE1,1022,42.583333333333336,0.3525,14
CE1,1023,42.625,0.2481679894179894,10
CE1,1024,42.666666666666664,0.18881613756613755,8
CE1,1025,42.708333333333336,0.11611111111111112,8
CE1,1026,42.75,0.0744973544973545,8
CE1,1027,42.791666666666664,0.03716600529100529,8
CE1,1028,42.833333333333336,0.014540343915343914,8
CE1,1029,42.875,0.00020502645502645502,9
CE1,1030,42.916666666666664,0.0001884920634920635,9
CE1,1031,42.958333333333336,0.00015542328042328043,8
CE1,1032,43.0,0.00015873015873015873,8
CE1,1033,43.041666666666664,0.00015211640211640213,8
CE1,1034,43.083333333333336,0.00017526455026455027,8
CE1,1035,43.125,0.00015542328042328043,8
CE1,1036,43.166666666666664,0.00021825396825396825,8
CE1,1037,43.208333333333336,0.00022817460317460316,9
CE1,1038,43.25,0.005744047619047619,10
CE1,1039,43.291666666666664,0.004203042328042328,8
CE1,1040,43.333333333333336,0.00018187830687830687,8
CE1,1041,43.375,0.00022817460317460316,9
CE1,1042,43.416666666666664,0.0001917989417989418,8
CE1,1043,43.458333333333336,0.00016534391534391533,9
CE1,1044,43.5,0.00023478835978835977,9
CE1,1045,43.541666666666664,0.00021494708994708992,9
CE1,1046,43.583333333333336,0.00021164021164021165,9
CE1,1047,43.625,0.00015873015873015873,8
CE1,1048,43.666666666666664,0.00018187830687830687,8
CE1,1049,43.708333333333336,0.006478174603174604,10
CE1,1050,43.75,0.003492063492063492,9
CE1,1051,43.791666666666664,0.00023478835978835977,8
CE1,1052,43.833333333333336,0.00016534391534391533,8
CE1,1053,43.875,0.00017526455026455027,8
CE1,1054,43.916666666666664,0.0001984126984126984,9
CE1,1055,43.958333333333336,0.0001917989417989418,8
CE1,1056,44.0,0.00016534391534391533,8
CE1,1057,44.041666666666664,0.00018187830687830687,8
CE1,1058,44.083333333333336,0.00017526455026455027,8
CE1,1059,44.125,0.00021164021164021165,8
CE1,1060,44.166666666666664,0.00016534391534391533,6
CE1,1061,44.208333333333336,0.0001884920634920635,6
CE1,1062,44.25,0.006164021164021164,7
CE1,1063,44.291666666666664,0.13541666666666666,63
CE1,1064,44.333333333333336,0.7837896825396826,49
CE1,1065,44.375,0.8309093915343915,26
CE1,1066,44.416666666666664,0.7135548941798942,21
CE1,1067,44.458333333333336,0.41274470899470894,9
CE1,1068,44.5,0.1702281746031746,8
CE1,1069,44.541666666666664,0.06641203703703703,10
CE1,1070,44.583333333333336,0.05422949735449735,9
CE1,1071,44.625,0.34080357142857143,85
CE1,1072,44.666666666666664,0.9214550264550264,28
CE1,1073,44.708333333333336,0.9000760582010582,52
CE1,1074,44.75,0.7115013227513227,0
CE1,1075,44.791666666666664,0.8634854497354498,89
CE1,1076,44.833333333333336,0.9260515873015872,45
CE1,1077,44.875,0.8885912698412698,28
CE1,1078,44.916666666666664,0.8393948412698413,26
CE1,1079,44.958333333333336,0.7127513227513228,9
CE1,1080,45.0,0.5477347883597884,8
CE1,1081,45.041666666666664,0.3323181216931217,7
CE1,1082,45.083333333333336,0.21061177248677249,8
CE1,1083,45.125,0.11165013227513228,8
CE1,1084,45.166666666666664,0.07975529100529101,7
CE1,1085,45.208333333333336,0.052976190476190475,8
CE1,1086,45.25,0.053260582010582015,7
CE1,1087,45.291666666666664,0.07770833333333334,23
CE1,1088,45.333333333333336,0.06526124338624338,16
CE1,1089,45.375,0.0715410052910053,21
CE1,1090,45.416666666666664,0.043713624338624336,10
CE1,1091,45.458333333333336,0.04021164021164021,15
CE1,1092,45.5,0.03864417989417989,10
CE1,1093,45.541666666666664,0.04774140211640211,12
CE1,1094,45.583333333333336,0.03639219576719577,12
CE1,1095,45.625,0.05106150793650793,18
CE1,1096,45.666666666666664,0.0518287037037037,16
CE1,1097,45.708333333333336,0.045757275132275135,16
CE1,1098,45.75,0.04621362433862434,15
CE1,1099,45.791666666666664,0.03436177248677249,10
CE1,1100,45.833333333333336,0.04786375661375661,16
CE1,1101,45.875,0.026048280423280425,7
CE1,1102,45.916666666666664,0.02394510582010582,6
CE1,1103,45.958333333333336,0.023958333333333335,6
CE1,1104,46.0,0.023968253968253965,7
CE1,1105,46.041666666666664,0.02605489417989418,7
CE1,1106,46.083333333333336,0.023935185185185184,6
CE1,1107,46.125,0.034692460317460316,12
CE1,1108,46.166666666666664,0.02395502645502646,6
CE1,1109,46.208333333333336,0.02393849206349206,6
CE1,1110,46.25,0.023968253968253965,7
CE1,1111,46.291666666666664,0.025691137566137563,7
CE1,1112,46.333333333333336,0.024332010582010583,7
CE1,1113,46.375,0.024057539682539684,6
CE1,1114,46.416666666666664,0.02394179894179894,6
CE1,1115,46.458333333333336,0.023951719576719578,7
CE1,1116,46.5,0.02598214285714286,7
CE1,1117,46.541666666666664,0.023809523809523808,0
CE1,1118,46.583333333333336,0.023809523809523808,0
CE1,1119,46.625,0.02382936507936508,1
CE1,1120,46.666666666666664,0.023809523809523808,0
CE1,1121,46.708333333333336,0.023809523809523808,0
CE1,1122,46.75,0.023809523809523808,0
CE1,1123,46.791666666666664,0.023809523809523808,0
CE1,1124,46.833333333333336,0.023809523809523808,0
CE1,1125,46.875,0.02382936507936508,1
CE1,1126,46.916666666666664,0.023809523809523808,0
CE1,1127,46.958333333333336,0.023826058201058202,1
CE1,1128,47.0,0.023809523809523808,0
CE1,1129,47.041666666666664,0.023809523809523808,0
CE1,1130,47.083333333333336,0.023809523809523808,0
CE1,1131,47.125,0.023809523809523808,0
CE1,1132,47.166666666666664,0.023809523809523808,0
CE1,1133,47.208333333333336,0.023809523809523808,0
CE1,1134,47.25,0.023809523809523808,0
CE1,1135,47.291666666666664,0.023809523809523808,0
CE1,1136,47.333333333333336,0.023809523809523808,0
CE1,1137,47.375,0.02575727513227513,4
CE1,1138,47.416666666666664,0.013373015873015873,6
CE1,1139,47.458333333333336,0.012056878306878308,6
CE1,1140,47.5,0.012050264550264549,6
CE1,1141,47.541666666666664,0.012066798941798941,8
CE1,1142,47.583333333333336,0.012027116402116404,7
CE1,1143,47.625,0.017298280423280424,13
CE1,1144,47.666666666666664,0.012116402116402115,9
CE1,1145,47.708333333333336,0.018121693121693122,11
CE1,1146,47.75,0.0038095238095238095,8
CE1,1147,47.791666666666664,0.00014880952380952382,8
CE1,1148,47.833333333333336,0.00018187830687830687,8
CE1,1149,47.875,0.00017526455026455027,8
CE1,1150,47.916666666666664,0.0002314814814814815,10
CE1,1151,47.958333333333336,0.006226851851851852,11
CE1,1152,48.0,0.00018187830687830687,8
CE1,1153,48.041666666666664,0.002195767195767196,9
CE1,1154,48.083333333333336,0.0001388888888888889,8
CE1,1155,48.125,0.010168650793650794,13
CE1,1156,48.166666666666664,0.00033068783068783067,8
CE1,1157,48.208333333333336,0.00351521164021164,10
CE1,1158,48.25,0.000882936507936508,8
CE1,1159,48.291666666666664,0.00021164021164021165,9
CE1,1160,48.333333333333336,0.00017195767195767194,7
CE1,1161,48.375,0.004351851851851852,10
CE1,1162,48.416666666666664,0.00044312169312169306,5
CE1,1163,48.458333333333336,0.0,0
CE1,1164,48.5,0.0,0
CE1,1165,48.541666666666664,0.0,0
CE1,1166,48.583333333333336,0.0,0
CE1,1167,48.625,0.0,0
CE1,1168,48.666666666666664,0.0002314814814814815,12
CE1,1169,48.708333333333336,0.0022354497354497354,13
CE1,1170,48.75,0.0002314814814814815,12
CE1,1171,48.791666666666664,0.0022354497354497354,13
CE1,1172,48.833333333333336,0.0002513227513227513,12
CE1,1173,48.875,0.0,0
CE1,1174,48.916666666666664,0.0,0
CE1,1175,48.958333333333336,0.0,0
CE1,1176,49.0,0.0,0
CE1,1177,49.041666666666664,0.0,0
CE1,1178,49.083333333333336,0.0002314814814814815,12
CE1,1179,49.125,0.0022486772486772486,13
CE1,1180,49.166666666666664,0.00021164021164021165,11
CE1,1181,49.208333333333336,0.0022453703703703707,13
CE1,1182,49.25,0.00022817460317460316,12
CE1,1183,49.291666666666664,0.005363756613756614,15
CE1,1184,49.333333333333336,0.007146164021164021,13
CE1,1185,49.375,0.0023082010582010583,14
CE1,1186,49.416666666666664,0.002142857142857143,14
CE1,1187,49.458333333333336,0.01070436507936508,18
CE1,1188,49.5,0.0007870370370370369,12
CE1,1189,49.541666666666664,0.0017096560846560846,14
CE1,1190,49.583333333333336,0.012123015873015872,12
CE1,1191,49.625,0.01128637566137566,16
CE1,1192,49.666666666666664,0.012179232804232805,13
CE1,1193,49.708333333333336,0.015595238095238096,16
CE1,1194,49.75,0.012195767195767196,13
CE1,1195,49.791666666666664,0.016197089947089946,15
CE1,1196,49.833333333333336,0.0005621693121693122,14
CE1,1197,49.875,0.0022585978835978834,13
CE1,1198,49.916666666666664,0.00023478835978835977,12
CE1,1199,49.958333333333336,0.013551587301587302,15
CE1,1200,50.0,0.012152777777777776,13
CE1,1201,50.041666666666664,0.012579365079365079,14
CE1,1202,50.083333333333336,0.012126322751322752,12
CE1,1203,50.125,0.013012566137566137,14
CE1,1204,50.166666666666664,0.012169312169312168,13
CE1,1205,50.208333333333336,0.012919973544973545,14
CE1,1206,50.25,0.012123015873015872,12
CE1,1207,50.291666666666664,0.020535714285714286,17
CE1,1208,50.333333333333336,0.012149470899470901,12
CE1,1209,50.375,0.015962301587301587,15
CE1,1210,50.416666666666664,0.02916335978835979,14
CE1,1211,50.458333333333336,0.02355489417989418,12
CE1,1212,50.5,0.005181878306878307,16
CE1,1213,50.541666666666664,0.002275132275132275,14
CE1,1214,50.583333333333336,0.00027116402116402117,13
CE1,1215,50.625,0.002384259259259259,15
CE1,1216,50.666666666666664,0.00038029100529100526,14
CE1,1217,50.708333333333336,0.004279100529100529,14
CE1,1218,50.75,0.00021164021164021165,12
CE1,1219,50.791666666666664,0.006375661375661376,17
CE1,1220,50.833333333333336,7.936507936507937e-05,4
CE1,1221,50.875,0.0020205026455026457,1
CE1,1222,50.916666666666664,1.6534391534391536e-05,1
CE1,1223,50.958333333333336,0.0,0
CE1,1224,51.0,0.0,0
CE1,1225,51.041666666666664,0.0,0
CE1,1226,51.083333333333336,0.0,0
CE1,1227,51.125,0.0,0
CE1,1228,51.166666666666664,4.6296296296296294e-05,1
CE1,1229,51.208333333333336,0.0,0
CE1,1230,51.25,0.0,0
CE1,1231,51.291666666666664,0.0,0
CE1,1232,51.333333333333336,0.0,0
CE1,1233,51.375,0.0,0
CE1,1234,51.416666666666664,0.000863095238095238,4
CE1,1235,51.458333333333336,0.0,0
CE1,1236,51.5,0.0,0
CE1,1237,51.541666666666664,0.0,0
CE1,1238,51.583333333333336,4.6296296296296294e-05,1
CE1,1239,51.625,0.0,0
CE1,1240,51.666666666666664,3.968253968253968e-05,2
CE1,1241,51.708333333333336,0.00018518518518518518,9
CE1,1242,51.75,0.003409391534391535,11
CE1,1243,51.791666666666664,0.008267195767195767,14
CE1,1244,51.833333333333336,0.00021494708994708992,11
CE1,1245,51.875,0.002341269841269841,9
CE1,1246,51.916666666666664,0.0,0
CE1,1247,51.958333333333336,0.0020171957671957673,1
CE1,1248,52.0,4.6296296296296294e-05,2
CE1,1249,52.041666666666664,0.006061507936507936,3
CE1,1250,52.083333333333336,7.605820105820106e-05,4
CE1,1251,52.125,0.002156084656084656,7
CE1,1252,52.166666666666664,0.0,0
CE1,1253,52.208333333333336,0.0040343915343915345,2
CE1,1254,52.25,0.0,0
CE1,1255,52.291666666666664,0.0070568783068783066,2
CE1,1256,52.333333333333336,0.0,0
CE1,1257,52.375,0.006051587301587301,3
CE1,1258,52.416666666666664,0.007959656084656085,1
CE1,1259,52.458333333333336,0.004037698412698413,2
CE1,1260,52.5,0.0,0
CE1,1261,52.541666666666664,0.0020403439153439153,2
CE1,1262,52.583333333333336,0.0,0
CE1,1263,52.625,0.005294312169312169,3
CE1,1264,52.666666666666664,0.0007738095238095238,0
CE1,1265,52.708333333333336,0.0020171957671957673,1
CE1,1266,52.75,0.0,0
CE1,1267,52.791666666666664,0.006051587301587301,3
CE1,1268,52.833333333333336,0.0,0
CE1,1269,52.875,0.002033730158730159,1
CE1,1270,52.916666666666664,0.0,0
CE1,1271,52.958333333333336,0.0020171957671957673,1
CE1,1272,53.0,0.0,0
CE1,1273,53.041666666666664,0.0,0
CE1,1274,53.083333333333336,0.0,0
CE1,1275,53.125,0.004044312169312169,2
CE1,1276,53.166666666666664,0.0,0
CE1,1277,53.208333333333336,0.0020171957671957673,1
CE1,1278,53.25,0.0,0
CE1,1279,53.291666666666664,0.0091005291005291,3
CE1,1280,53.333333333333336,0.0,0
CE1,1281,53.375,0.006005291005291006,4
CE1,1282,53.416666666666664,0.008048941798941799,1
CE1,1283,53.458333333333336,0.004047619047619048,2
CE1,1284,53.5,0.0,0
CE1,1285,53.541666666666664,0.004064153439153439,3
CE1,1286,53.583333333333336,0.0,0
CE1,1287,53.625,0.005595238095238095,3
CE1,1288,53.666666666666664,0.0004662698412698413,0
CE1,1289,53.708333333333336,0.0,0
CE1,1290,53.75,0.0,0
CE1,1291,53.791666666666664,0.0,0
CE1,1292,53.833333333333336,0.0,0
CE1,1293,53.875,0.0020171957671957673,1
CE1,1294,53.916666666666664,0.0,0
CE1,1295,53.958333333333336,0.0040343915343915345,2
CE1,1296,54.0,0.0,0
CE1,1297,54.041666666666664,0.0020171957671957673,1
CE1,1298,54.083333333333336,0.0,0
CE1,1299,54.125,0.0,0
CE1,1300,54.166666666666664,0.0,0
CE1,1301,54.208333333333336,0.0,0
CE1,1302,54.25,0.0,0
CE1,1303,54.291666666666664,0.0,0
CE1,1304,54.333333333333336,0.0,0
CE1,1305,54.375,0.0,0
CE1,1306,54.416666666666664,0.0,0
CE1,1307,54.458333333333336,0.0,0
CE1,1308,54.5,0.0,0
CE1,1309,54.541666666666664,0.0,0
CE1,1310,54.583333333333336,0.0,0
CE1,1311,54.625,0.0,0
CE1,1312,54.666666666666664,0.0,0
CE1,1313,54.708333333333336,0.0,0
CE1,1314,54.75,0.0,0
CE1,1315,54.791666666666664,0.0,0
CE1,1316,54.833333333333336,0.0,0
CE1,1317,54.875,0.0014616402116402116,7
CE1,1318,54.916666666666664,0.00617063492063492,21
CE1,1319,54.958333333333336,0.005539021164021165,20
CE1,1320,55.0,0.005641534391534392,20
CE1,1321,55.041666666666664,0.00640542328042328,20
CE1,1322,55.083333333333336,0.005935846560846561,20
CE1,1323,55.125,0.005757275132275132,20
CE1,1324,55.166666666666664,0.005462962962962963,20
CE1,1325,55.208333333333336,0.0,0
CE1,1326,55.25,0.0,0
CE1,1327,55.291666666666664,0.0,0
CE1,1328,55.333333333333336,0.0,0
CE1,1329,55.375,0.0015509259259259259,6
CE1,1330,55.416666666666664,0.015532407407407406,41
CE1,1331,55.458333333333336,0.009424603174603174,32
CE1,1332,55.5,0.004702380952380953,44
CE1,1333,55.541666666666664,0.01461309523809524,47
CE1,1334,55.583333333333336,0.00546957671957672,26
CE1,1335,55.625,0.00022817460317460316,12
CE1,1336,55.666666666666664,0.08521825396825397,49
CE1,1337,55.708333333333336,0.1327910052910053,66
CE1,1338,55.75,0.12596230158730157,62
CE1,1339,55.791666666666664,0.1292063492063492,64
CE1,1340,55.833333333333336,0.10298941798941799,62
CE1,1341,55.875,0.09472883597883598,65
CE1,1342,55.916666666666664,0.10095568783068783,82
CE1,1343,55.958333333333336,0.1141633597883598,69
CE1,1344,56.0,0.087744708994709,63
CE1,1345,56.041666666666664,0.09677248677248677,82
CE1,1346,56.083333333333336,0.12143518518518517,70
CE1,1347,56.125,0.09254298941798941,64
CE1,1348,56.166666666666664,0.09195767195767195,79
CE1,1349,56.208333333333336,0.1073015873015873,67
CE1,1350,56.25,0.0562797619047619,13
CE1,1351,56.291666666666664,0.05811177248677249,16
CE1,1352,56.333333333333336,0.050383597883597885,13
CE1,1353,56.375,0.017923280423280424,15
CE1,1354,56.416666666666664,0.0017096560846560846,14
CE1,1355,56.458333333333336,0.012149470899470901,12
CE1,1356,56.5,0.012126322751322752,12
CE1,1357,56.541666666666664,0.004246031746031746,12
CE1,1358,56.583333333333336,0.0002314814814814815,12
CE1,1359,56.625,0.0002612433862433862,13
CE1,1360,56.666666666666664,0.016703042328042327,20
CE1,1361,56.708333333333336,0.002261904761904762,13
CE1,1362,56.75,0.00021494708994708992,11
CE1,1363,56.791666666666664,0.0022255291005291006,11
CE1,1364,56.833333333333336,9.259259259259259e-05,4
CE1,1365,56.875,0.0,0
CE1,1366,56.916666666666664,0.0,0
CE1,1367,56.958333333333336,0.0,0
CE1,1368,57.0,0.0,0
CE1,1369,57.041666666666664,0.0,0
CE1,1370,57.083333333333336,0.0,0
CE1,1371,57.125,0.0,0
CE1,1372,57.166666666666664,0.0,0
CE1,1373,57.208333333333336,0.0,0
CE1,1374,57.25,0.0,0
CE1,1375,57.291666666666664,0.0,0
CE1,1376,57.333333333333336,0.0,0
CE1,1377,57.375,0.0,0
CE1,1378,57.416666666666664,0.0,0
CE1,1379,57.458333333333336,0.0,0
CE1,1380,57.5,0.0,0
CE1,1381,57.541666666666664,0.0,0
CE1,1382,57.583333333333336,0.0,0
CE1,1383,57.625,0.0,0
CE1,1384,57.666666666666664,0.0,0
CE1,1385,57.708333333333336,0.0,0
CE1,1386,57.75,0.0,0
CE1,1387,57.791666666666664,0.0,0
CE1,1388,57.833333333333336,0.0,0
CE1,1389,57.875,0.0,0
CE1,1390,57.916666666666664,0.0,0
CE1,1391,57.958333333333336,0.0,0
CE1,1392,58.0,0.0,0
CE1,1393,58.041666666666664,0.0,0
CE1,1394,58.083333333333336,0.0,0
CE1,1395,58.125,0.0,0
CE1,1396,58.166666666666664,0.0,0
CE1,1397,58.208333333333336,0.0,0
CE1,1398,58.25,0.0,0
CE1,1399,58.291666666666664,0.0,0
CE1,1400,58.333333333333336,0.0,0
CE1,1401,58.375,0.0,0
CE1,1402,58.416666666666664,0.0,0
CE1,1403,58.458333333333336,0.0,0
CE1,1404,58.5,0.0,0
CE1,1405,58.541666666666664,0.0,0
CE1,1406,58.583333333333336,0.0,0
CE1,1407,58.625,0.0,0
CE1,1408,58.666666666666664,0.0,0
CE1,1409,58.708333333333336,0.0,0
CE1,1410,58.75,0.0,0
CE1,1411,58.791666666666664,0.0,0
CE1,1412,58.833333333333336,0.0,0
CE1,1413,58.875,0.0,0
CE1,1414,58.916666666666664,0.0,0
CE1,1415,58.958333333333336,0.0,0
CE1,1416,59.0,0.0,0
CE1,1417,59.041666666666664,0.0,0
CE1,1418,59.083333333333336,0.0,0
CE1,1419,59.125,0.0,0
CE1,1420,59.166666666666664,0.0,0
CE1,1421,59.208333333333336,0.0,0
CE1,1422,59.25,0.0,0
CE1,1423,59.291666666666664,0.0,0
CE1,1424,59.333333333333336,0.0,0
CE1,1425,59.375,0.0,0
CE1,1426,59.416666666666664,0.0,0
CE1,1427,59.458333333333336,0.0,0
CE1,1428,59.5,0.0,0
CE1,1429,59.541666666666664,0.0,0
CE1,1430,59.583333333333336,0.0,0
CE1,1431,59.625,0.0,0
CE1,1432,59.666666666666664,0.0,0
CE1,1433,59.708333333333336,0.0,0
CE1,1434,59.75,0.0,0
CE1,1435,59.791666666666664,0.0,0
CE1,1436,59.833333333333336,0.0,0
CE1,1437,59.875,0.0,0
CE1,1438,59.916666666666664,0.0,0
CE1,1439,59.958333333333336,0.0,0
CE1,1440,60.0,0.0,0
CE1,1441,60.041666666666664,0.0,0
CE1,1442,60.083333333333336,0.0,0
CE1,1443,60.125,0.0,0
CE1,1444,60.166666666666664,0.0,0
CE1,1445,60.208333333333336,0.0,0
CE1,1446,60.25,0.0,0
CE1,1447,60.291666666666664,0.0,0
CE1,1448,60.333333333333336,0.0,0
CE1,1449,60.375,0.0,0
CE1,1450,60.416666666666664,0.0,0
CE1,1451,60.458333333333336,0.0,0
CE1,1452,60.5,0.0,0
CE1,1453,60.541666666666664,0.0,0
CE1,1454,60.583333333333336,0.0,0
CE1,1455,60.625,0.0,0
CE1,1456,60.666666666666664,0.0,0
CE1,1457,60.708333333333336,0.0,0
CE1,1458,60.75,0.0,0
CE1,1459,60.791666666666664,0.0,0
CE1,1460,60.833333333333336,0.0,0
CE1,1461,60.875,0.0,0
CE1,1462,60.916666666666664,0.0,0
CE1,1463,60.958333333333336,0.0,0
CE1,1464,61.0,0.0,0
CE1,1465,61.041666666666664,0.0,0
CE1,1466,61.083333333333336,0.0,0
CE1,1467,61.125,0.0,0
CE1,1468,61.166666666666664,0.0,0
CE1,1469,61.208333333333336,0.0,0
CE1,1470,61.25,0.0,0
CE1,1471,61.291666666666664,0.0,0
CE1,1472,61.333333333333336,0.0,0
CE1,1473,61.375,0.0,0
CE1,1474,61.416666666666664,6.613756613756614e-06,1
CE1,1475,61.458333333333336,0.00030423280423280425,11
CE1,1476,61.5,0.0,0
CE1,1477,61.541666666666664,0.0,0
CE1,1478,61.583333333333336,0.0,0
CE1,1479,61.625,0.0,0
CE1,1480,61.666666666666664,0.0,0
CE1,1481,61.708333333333336,0.0,0
CE1,1482,61.75,0.0,0
CE1,1483,61.791666666666664,0.0,0
CE1,1484,61.833333333333336,0.0,0
CE1,1485,61.875,0.0,0
CE1,1486,61.916666666666664,5.6216931216931215e-05,3
CE1,1487,61.958333333333336,0.0001984126984126984,10
CE1,1488,62.0,0.0007208994708994709,13
CE1,1489,62.041666666666664,0.00030092592592592595,12
CE1,1490,62.083333333333336,0.00030753968253968255,12
CE1,1491,62.125,0.0003373015873015873,12
CE1,1492,62.166666666666664,0.00032407407407407406,11
CE1,1493,62.208333333333336,0.0002810846560846561,9
CE1,1494,62.25,0.0002943121693121693,12
CE1,1495,62.291666666666664,0.007073412698412698,14
CE1,1496,62.333333333333336,0.0057308201058201055,12
CE1,1497,62.375,0.00032407407407407406,9
CE1,1498,62.416666666666664,7.936507936507937e-05,2
CE1,1499,62.458333333333336,0.0,0
CE1,1500,62.5,0.0,0
CE1,1501,62.541666666666664,0.0,0
CE1,1502,62.583333333333336,0.0,0
CE1,1503,62.625,0.0,0
CE1,1504,62.666666666666664,0.0,0
CE1,1505,62.708333333333336,0.0,0
CE1,1506,62.75,0.0,0
CE1,1507,62.791666666666664,0.0,0
CE1,1508,62.833333333333336,0.0,0
CE1,1509,62.875,0.0,0
CE1,1510,62.916666666666664,0.0,0
CE1,1511,62.958333333333336,0.0,0
CE1,1512,63.0,0.0,0
CE1,1513,63.041666666666664,0.0,0
CE1,1514,63.083333333333336,0.0,0
CE1,1515,63.125,0.0,0
CE1,1516,63.166666666666664,0.0,0
CE1,1517,63.208333333333336,0.0,0
CE1,1518,63.25,0.0,0
CE1,1519,63.291666666666664,0.0,0
CE1,1520,63.333333333333336,0.0,0
CE1,1521,63.375,0.0,0
CE1,1522,63.416666666666664,0.0,0
CE1,1523,63.458333333333336,0.0,0
CE1,1524,63.5,0.0,0
CE1,1525,63.541666666666664,0.0002447089947089947,11
CE1,1526,63.583333333333336,0.00023478835978835977,12
CE1,1527,63.625,0.0003869047619047619,15
CE1,1528,63.666666666666664,0.000376984126984127,14
CE1,1529,63.708333333333336,0.0003869047619047619,14
CE1,1530,63.75,0.00025793650793650796,8
CE1,1531,63.791666666666664,1.6534391534391536e-05,1
CE1,1532,63.833333333333336,0.0,0
CE1,1533,63.875,0.0,0
CE1,1534,63.916666666666664,0.0,0
CE1,1535,63.958333333333336,0.0,0
CE1,1536,64.0,0.0,0
CE1,1537,64.04166666666667,0.0,0
CE1,1538,64.08333333333333,0.0,0
CE1,1539,64.125,0.0,0
CE1,1540,64.16666666666667,0.0,0
CE1,1541,64.20833333333333,0.0,0
CE1,1542,64.25,0.0,0
CE1,1543,64.29166666666667,0.0,0
CE1,1544,64.33333333333333,2.6455026455026456e-05,1
CE1,1545,64.375,0.00041005291005291003,4
CE1,1546,64.41666666666667,9.92063492063492e-05,1
CE1,1547,64.45833333333333,0.0,0
CE1,1548,64.5,0.0,0
CE1,1549,64.54166666666667,0.0,0
CE1,1550,64.58333333333333,0.0,0
CE1,1551,64.625,0.0,0
CE1,1552,64.66666666666667,0.0,0
CE1,1553,64.70833333333333,0.0,0
CE1,1554,64.75,0.0,0
CE1,1555,64.79166666666667,0.0,0
CE1,1556,64.83333333333333,0.0,0
CE1,1557,64.875,0.0,0
CE1,1558,64.91666666666667,0.0,0
CE1,1559,64.95833333333333,0.0,0
CE1,1560,65.0,0.0,0
CE1,1561,65.04166666666667,0.0,0
CE1,1562,65.08333333333333,0.0,0
CE1,1563,65.125,0.0,0
CE1,1564,65.16666666666667,0.0,0
CE1,1565,65.20833333333333,0.0,0
CE1,1566,65.25,0.0,0
CE1,1567,65.29166666666667,0.0,0
CE1,1568,65.33333333333333,0.0,0
CE1,1569,65.375,0.0,0
CE1,1570,65.41666666666667,0.0,0
CE1,1571,65.45833333333333,0.0,0
CE1,1572,65.5,0.0,0
CE1,1573,65.54166666666667,0.0,0
CE1,1574,65.58333333333333,0.0,0
CE1,1575,65.625,0.0,0
CE1,1576,65.66666666666667,0.0,0
CE1,1577,65.70833333333333,0.0,0
CE1,1578,65.75,0.0,0
CE1,1579,65.79166666666667,0.0,0
CE1,1580,65.83333333333333,0.0,0
CE1,1581,65.875,0.0,0
CE1,1582,65.91666666666667,0.0,0
CE1,1583,65.95833333333333,0.0,0
CE1,1584,66.0,0.0,0
CE1,1585,66.04166666666667,0.0,0
CE1,1586,66.08333333333333,0.0,0
CE1,1587,66.125,0.0,0
CE1,1588,66.16666666666667,0.0,0
CE1,1589,66.20833333333333,0.0,0
CE1,1590,66.25,0.0,0
CE1,1591,66.29166666666667,0.0,0
CE1,1592,66.33333333333333,0.0,0
CE1,1593,66.375,0.0,0
CE1,1594,66.41666666666667,0.0,0
CE1,1595,66.45833333333333,0.0,0
CE1,1596,66.5,0.0,0
CE1,1597,66.54166666666667,0.0,0
CE1,1598,66.58333333333333,0.0,0
CE1,1599,66.625,0.0,0
CE1,1600,66.66666666666667,0.0,0
CE1,1601,66.70833333333333,0.0,0
CE1,1602,66.75,0.0,0
CE1,1603,66.79166666666667,0.0,0
CE1,1604,66.83333333333333,0.0,0
CE1,1605,66.875,0.0,0
CE1,1606,66.91666666666667,0.0,0
CE1,1607,66.95833333333333,0.0,0
CE1,1608,67.0,0.0,0
CE1,1609,67.04166666666667,0.0,0
CE1,1610,67.08333333333333,0.0,0
CE1,1611,67.125,0.0,0
CE1,1612,67.16666666666667,0.0,0
CE1,1613,67.20833333333333,0.0,0
CE1,1614,67.25,0.0,0
CE1,1615,67.29166666666667,0.0,0
CE1,1616,67.33333333333333,0.0,0
CE1,1617,67.375,0.0,0
CE1,1618,67.41666666666667,0.0,0
CE1,1619,67.45833333333333,0.0,0
CE1,1620,67.5,0.0,0
CE1,1621,67.54166666666667,0.0,0
CE1,1622,67.58333333333333,0.0,0
CE1,1623,67.625,0.0,0
CE1,1624,67.66666666666667,0.0,0
CE1,1625,67.70833333333333,0.0,0
CE1,1626,67.75,0.0,0
CE1,1627,67.79166666666667,0.0,0
CE1,1628,67.83333333333333,0.0,0
CE1,1629,67.875,0.0,0
CE1,1630,67.91666666666667,0.0,0
CE1,1631,67.95833333333333,0.0,0
CE1,1632,68.0,0.0,0
CE1,1633,68.04166666666667,0.0,0
CE1,1634,68.08333333333333,0.0,0
CE1,1635,68.125,0.0,0
CE1,1636,68.16666666666667,0.0,0
CE1,1637,68.20833333333333,0.0,0
CE1,1638,68.25,0.0,0
CE1,1639,68.29166666666667,0.0,0
CE1,1640,68.33333333333333,0.0,0
CE1,1641,68.375,0.0,0
CE1,1642,68.41666666666667,3.637566137566138e-05,2
CE1,1643,68.45833333333333,0.0,0
CE1,1644,68.5,0.0,0
CE1,1645,68.54166666666667,0.0,0
CE1,1646,68.58333333333333,0.0,0
CE1,1647,68.625,0.0,0
CE1,1648,68.66666666666667,0.0,0
CE1,1649,68.70833333333333,0.0,0
CE1,1650,68.75,0.0,0
CE1,1651,68.79166666666667,0.0,0
CE1,1652,68.83333333333333,0.0,0
CE1,1653,68.875,0.0,0
CE1,1654,68.91666666666667,0.0,0
CE1,1655,68.95833333333333,0.0,0
CE1,1656,69.0,0.0,0
CE1,1657,69.04166666666667,0.0,0
CE1,1658,69.08333333333333,0.0,0
CE1,1659,69.125,0.0,0
CE1,1660,69.16666666666667,0.0,0
CE1,1661,69.20833333333333,0.0,0
CE1,1662,69.25,0.0,0
CE1,1663,69.29166666666667,0.0,0
CE1,1664,69.33333333333333,0.0,0
CE1,1665,69.375,0.0,0
CE1,1666,69.41666666666667,0.0,0
CE1,1667,69.45833333333333,0.0,0
CE1,1668,69.5,0.0,0
CE1,1669,69.54166666666667,0.07228505291005291,31
CE1,1670,69.58333333333333,0.1374239417989418,45
CE1,1671,69.625,0.31394179894179897,27
CE1,1672,69.66666666666667,0.22012896825396827,40
CE1,1673,69.70833333333333,0.2741468253968254,77
CE1,1674,69.75,0.4313029100529101,63
CE1,1675,69.79166666666667,0.12094246031746031,16
CE1,1676,69.83333333333333,0.05986441798941799,14
CE1,1677,69.875,0.059847883597883594,14
CE1,1678,69.91666666666667,0.059824735449735454,14
CE1,1679,69.95833333333333,0.05986772486772487,14
CE1,1680,70.0,0.059854497354497355,15
CE1,1681,70.04166666666667,0.05988425925925926,16
CE1,1682,70.08333333333333,0.059847883597883594,14
CE1,1683,70.125,0.05987103174603175,14
CE1,1684,70.16666666666667,0.059844576719576714,14
CE1,1685,70.20833333333333,0.059930555555555556,14
CE1,1686,70.25,0.05990410052910052,15
CE1,1687,70.29166666666667,0.06468915343915345,14
CE1,1688,70.33333333333333,0.07168320105820106,12
CE1,1689,70.375,0.06239087301587302,15
CE1,1690,70.41666666666667,0.07740740740740741,14
CE1,1691,70.45833333333333,0.07175925925925926,16
CE1,1692,70.5,0.08406746031746032,14
CE1,1693,70.54166666666667,0.07172619047619049,13
CE1,1694,70.58333333333333,0.0717228835978836,12
CE1,1695,70.625,0.0681547619047619,31
CE1,1696,70.66666666666667,0.20476190476190476,27
CE1,1697,70.70833333333333,0.27382936507936506,72
CE1,1698,70.75,0.34425925925925926,40
CE1,1699,70.79166666666667,0.4279332010582011,78
CE1,1700,70.83333333333333,0.42968253968253967,60
CE1,1701,70.875,0.33962632275132276,53
CE1,1702,70.91666666666667,0.3429001322751323,60
CE1,1703,70.95833333333333,0.112989417989418,39
CE1,1704,71.0,0.27609126984126986,37
CE1,1705,71.04166666666667,0.24599867724867724,44
CE1,1706,71.08333333333333,0.25818452380952384,55
CE1,1707,71.125,0.2500429894179894,39
CE1,1708,71.16666666666667,0.17391203703703703,40
CE1,1709,71.20833333333333,0.24054563492063494,40
CE1,1710,71.25,0.05423280423280423,12
CE1,1711,71.29166666666667,0.11993716931216931,43
CE1,1712,71.33333333333333,0.12684854497354497,15
CE1,1713,71.375,0.19096560846560845,47
CE1,1714,71.41666666666667,0.18688492063492065,39
CE1,1715,71.45833333333333,0.11144510582010583,37
CE1,1716,71.5,0.15235449735449735,19
CE1,1717,71.54166666666667,0.2082275132275132,42
CE1,1718,71.58333333333333,0.19186507936507938,37
CE1,1719,71.625,0.04045304232804233,344
CE1,1720,71.66666666666667,0.02639550264550265,38
CE1,1721,71.70833333333333,0.013141534391534392,0
CE1,1722,71.75,0.012222222222222221,14
CE1,1723,71.79166666666667,0.018677248677248678,16
CE1,1724,71.83333333333333,0.035691137566137565,16
CE1,1725,71.875,0.1401851851851852,62
CE1,1726,71.91666666666667,0.6477314814814815,78
CE1,1727,71.95833333333333,0.28441468253968255,65
CE1,1728,72.0,0.19305886243386242,48
CE1,1729,72.04166666666667,0.2921329365079365,58
CE1,1730,72.08333333333333,0.3041170634920635,60
CE1,1731,72.125,0.19301917989417988,47
CE1,1732,72.16666666666667,0.24267857142857144,36
CE1,1733,72.20833333333333,0.10983796296296297,39
CE1,1734,72.25,0.14241071428571428,35
CE1,1735,72.29166666666667,0.2383829365079365,56
CE1,1736,72.33333333333333,0.26781415343915344,175
CE1,1737,72.375,0.30444775132275137,51
CE1,1738,72.41666666666667,0.22969907407407408,399
CE1,1739,72.45833333333333,0.07215608465608465,500
CE1,1740,72.5,0.25200727513227517,241
CE1,1741,72.54166666666667,0.31842261904761904,499
CE1,1742,72.58333333333333,0.11596230158730159,186
CE1,1743,72.625,0.24872023809523808,83
CE1,1744,72.66666666666667,0.5679298941798943,31
CE1,1745,72.70833333333333,0.19095899470899472,69
CE1,1746,72.75,0.6238359788359789,95
CE1,1747,72.79166666666667,0.12178902116402116,35
CE1,1748,72.83333333333333,0.11421296296296297,31
CE1,1749,72.875,0.0780324074074074,28
CE1,1750,72.91666666666667,0.1528670634920635,30
CE1,1751,72.95833333333333,0.11964285714285715,37
CE1,1752,73.0,0.6269808201058201,184
CE1,1753,73.04166666666667,0.2102876984126984,28
CE1,1754,73.08333333333333,0.08370370370370371,24
CE1,1755,73.125,0.09595568783068782,23
CE1,1756,73.16666666666667,0.07878306878306877,21
CE1,1757,73.20833333333333,0.1381712962962963,61
CE1,1758,73.25,0.14967592592592593,31
CE1,1759,73.29166666666667,0.10873346560846561,26
CE1,1760,73.33333333333333,0.1434292328042328,35
CE1,1761,73.375,0.08125661375661376,17
CE1,1762,73.41666666666667,0.047404100529100525,22
CE1,1763,73.45833333333333,0.05137566137566137,17
CE1,1764,73.5,0.08764550264550264,24
CE1,1765,73.54166666666667,0.13485780423280425,29
CE1,1766,73.58333333333333,0.20837301587301588,61
CE1,1767,73.625,0.15200396825396825,20
CE1,1768,73.66666666666667,0.13030753968253966,31
CE1,1769,73.70833333333333,0.13675925925925925,29
CE1,1770,73.75,0.2666468253968254,15
CE1,1771,73.79166666666667,0.2572685185185185,7
CE1,1772,73.83333333333333,0.08994708994708994,6
CE1,1773,73.875,0.023915343915343917,6
CE1,1774,73.91666666666667,0.023931878306878304,6
CE1,1775,73.95833333333333,0.10631283068783069,34
CE1,1776,74.0,0.0752281746031746,6
CE1,1777,74.04166666666667,0.15342592592592594,104
CE1,1778,74.08333333333333,0.3905853174603175,8
CE1,1779,74.125,0.03583333333333333,6
CE1,1780,74.16666666666667,0.028687169312169313,6
CE1,1781,74.20833333333333,0.02505952380952381,7
CE1,1782,74.25,0.0034027777777777776,6
CE1,1783,74.29166666666667,0.005472883597883597,7
CE1,1784,74.33333333333333,0.00013558201058201059,6
CE1,1785,74.375,0.0001884920634920635,6
CE1,1786,74.41666666666667,0.00011574074074074075,6
CE1,1787,74.45833333333333,0.00011243386243386243,6
CE1,1788,74.5,0.00011904761904761905,6
CE1,1789,74.54166666666667,0.00011243386243386243,6
CE1,1790,74.58333333333333,0.00014880952380952382,7
CE1,1791,74.625,0.00011904761904761905,6
CE1,1792,74.66666666666667,0.009596560846560846,26
CE1,1793,74.70833333333333,0.0035119047619047617,12
CE1,1794,74.75,0.004586640211640212,16
CE1,1795,74.79166666666667,0.00014880952380952382,7
CE1,1796,74.83333333333333,0.0001421957671957672,7
CE1,1797,74.875,0.0021395502645502646,14
CE1,1798,74.91666666666667,0.3155324074074074,110
CE1,1799,74.95833333333333,0.5640443121693122,10
CE1,1800,75.0,0.001283068783068783,6
CE1,1801,75.04166666666667,0.00011574074074074075,6
CE1,1802,75.08333333333333,0.0001421957671957672,6
CE1,1803,75.125,0.00011574074074074075,6
CE1,1804,75.16666666666667,0.00010912698412698413,6
CE1,1805,75.20833333333333,0.00011574074074074075,6
CE1,1806,75.25,0.00012896825396825398,6
CE1,1807,75.29166666666667,0.0049173280423280424,7
CE1,1808,75.33333333333333,0.00011243386243386243,6
CE1,1809,75.375,0.00011904761904761905,6
CE1,1810,75.41666666666667,9.92063492063492e-05,6
CE1,1811,75.45833333333333,0.00020502645502645502,7
CE1,1812,75.5,9.92063492063492e-05,6
CE1,1813,75.54166666666667,0.1886309523809524,520
CE1,1814,75.58333333333333,0.850704365079365,3139
CE1,1815,75.625,0.7359953703703704,2786
CE1,1816,75.66666666666667,0.2254861111111111,630
CE1,1817,75.70833333333333,0.11481481481481481,47
CE1,1818,75.75,0.5073048941798942,9
CE1,1819,75.79166666666667,0.3793187830687831,10
CE1,1820,75.83333333333333,0.022883597883597884,12
CE1,1821,75.875,0.03130291005291005,12
CE1,1822,75.91666666666667,0.006299603174603175,10
CE1,1823,75.95833333333333,0.007466931216931217,8
CE1,1824,76.0,0.015611772486772488,13
CE1,1825,76.04166666666667,0.004993386243386243,9
CE1,1826,76.08333333333333,0.026035052910052908,17
CE1,1827,76.125,0.04037698412698413,13
CE1,1828,76.16666666666667,0.02417989417989418,13
CE1,1829,76.20833333333333,0.005813492063492064,11
CE1,1830,76.25,0.01833994708994709,17
CE1,1831,76.29166666666667,0.20696097883597883,321
CE1,1832,76.33333333333333,0.37783068783068785,1556
CE1,1833,76.375,0.02404431216931217,16
CE1,1834,76.41666666666667,0.03692791005291005,16
CE1,1835,76.45833333333333,0.4904596560846561,1467
CE1,1836,76.5,0.015198412698412697,12
CE1,1837,76.54166666666667,0.39133267195767196,1906
CE1,1838,76.58333333333333,0.0556547619047619,22
CE1,1839,76.625,0.05026124338624339,620
CE1,1840,76.66666666666667,0.3404761904761905,18
CE1,1841,76.70833333333333,0.01878637566137566,18
CE1,1842,76.75,0.002486772486772487,13
CE1,1843,76.79166666666667,0.00027116402116402117,12
CE1,1844,76.83333333333333,0.00027116402116402117,12
CE1,1845,76.875,0.00030753968253968255,14
CE1,1846,76.91666666666667,0.00029761904761904765,13
CE1,1847,76.95833333333333,0.00027116402116402117,12
CE1,1848,77.0,0.00033068783068783067,12
CE1,1849,77.04166666666667,0.0002612433862433862,12
CE1,1850,77.08333333333333,0.00025793650793650796,12
CE1,1851,77.125,0.00031746031746031746,13
CE1,1852,77.16666666666667,0.00038029100529100526,14
CE1,1853,77.20833333333333,0.00034060846560846563,12
CE1,1854,77.25,0.00032407407407407406,12
CE1,1855,77.29166666666667,0.004712301587301587,13
CE1,1856,77.33333333333333,0.006216931216931217,13
CE1,1857,77.375,0.5401587301587302,83
CE1,1858,77.41666666666667,0.962609126984127,13
CE1,1859,77.45833333333333,0.05459325396825397,18
CE1,1860,77.5,0.1507903439153439,52
CE1,1861,77.54166666666667,0.5210978835978837,86
CE1,1862,77.58333333333333,0.4140310846560847,49
CE1,1863,77.625,0.06626322751322751,1
CE1,1864,77.66666666666667,0.14325727513227515,37
CE1,1865,77.70833333333333,0.21659060846560846,36
CE1,1866,77.75,0.047503306878306874,0
CE1,1867,77.79166666666667,0.0,0
CE1,1868,77.83333333333333,0.0,0
CE1,1869,77.875,0.0,0
CE1,1870,77.91666666666667,0.0,0
CE1,1871,77.95833333333333,0.0,0
CE1,1872,78.0,0.0,0
CE1,1873,78.04166666666667,0.0,0
CE1,1874,78.08333333333333,0.0,0
CE1,1875,78.125,0.0,0
CE1,1876,78.16666666666667,0.0,0
CE1,1877,78.20833333333333,0.0,0
CE1,1878,78.25,0.0,0
CE1,1879,78.29166666666667,0.0,0
CE1,1880,78.33333333333333,0.0,0
CE1,1881,78.375,0.0,0
CE1,1882,78.41666666666667,0.0001421957671957672,7
CE1,1883,78.45833333333333,0.004404761904761904,13
CE1,1884,78.5,0.04071759259259259,35
CE1,1885,78.54166666666667,0.8222486772486773,118
CE1,1886,78.58333333333333,0.5909126984126983,29
CE1,1887,78.625,0.16425925925925927,42
CE1,1888,78.66666666666667,0.35814814814814816,77
CE1,1889,78.70833333333333,0.5419973544973545,32
CE1,1890,78.75,0.1323048941798942,15
CE1,1891,78.79166666666667,0.11335648148148149,39
CE1,1892,78.83333333333333,0.06107473544973545,14
CE1,1893,78.875,0.006732804232804234,78
CE1,1894,78.91666666666667,0.5948181216931216,44
CE1,1895,78.95833333333333,0.11491732804232804,31
CE1,1896,79.0,0.18317791005291004,45
CE1,1897,79.04166666666667,0.13584325396825397,18
CE1,1898,79.08333333333333,0.12763888888888889,41
CE1,1899,79.125,0.056749338624338626,22
CE1,1900,79.16666666666667,0.05693783068783068,22
CE1,1901,79.20833333333333,0.05535714285714286,24
CE1,1902,79.25,0.09677579365079365,31
CE1,1903,79.29166666666667,0.07334325396825397,28
CE1,1904,79.33333333333333,0.0423015873015873,16
CE1,1905,79.375,0.03588293650793651,14
CE1,1906,79.41666666666667,0.06402777777777777,39
CE1,1907,79.45833333333333,0.34297949735449734,55
CE1,1908,79.5,0.5801620370370371,85
CE1,1909,79.54166666666667,0.8006382275132276,37
CE1,1910,79.58333333333333,0.5448247354497354,28
CE1,1911,79.625,0.35714616402116406,21
CE1,1912,79.66666666666667,0.492744708994709,37
CE1,1913,79.70833333333333,0.4197751322751323,21
CE1,1914,79.75,0.6976951058201057,86
CE1,1915,79.79166666666667,0.5486044973544973,40
CE1,1916,79.83333333333333,0.6911937830687831,48
CE1,1917,79.875,0.5280026455026455,34
CE1,1918,79.91666666666667,0.3320601851851852,16
CE1,1919,79.95833333333333,0.3743253968253968,44
CE1,1920,80.0,0.3060747354497354,11
CE1,1921,80.04166666666667,0.0989318783068783,17
CE1,1922,80.08333333333333,0.14034391534391535,40
CE1,1923,80.125,0.3273974867724868,25
CE1,1924,80.16666666666667,0.187093253968254,11
CE1,1925,80.20833333333333,0.08432539682539682,22
CE1,1926,80.25,0.04774140211640211,5
CE1,1927,80.29166666666667,0.09680224867724868,26
CE1,1928,80.33333333333333,0.04223875661375661,10
CE1,1929,80.375,0.023809523809523808,0
CE1,1930,80.41666666666667,0.023809523809523808,0
CE1,1931,80.45833333333333,0.023809523809523808,0
CE1,1932,80.5,0.02177579365079365,0
CE1,1933,80.54166666666667,0.011904761904761904,0
CE1,1934,80.58333333333333,0.011904761904761904,0
CE1,1935,80.625,0.011904761904761904,0
CE1,1936,80.66666666666667,0.011904761904761904,0
CE1,1937,80.70833333333333,0.011904761904761904,0
CE1,1938,80.75,0.011904761904761904,0
CE1,1939,80.79166666666667,0.011904761904761904,0
CE1,1940,80.83333333333333,0.011904761904761904,0
CE1,1941,80.875,0.011904761904761904,0
CE1,1942,80.91666666666667,0.011904761904761904,0
CE1,1943,80.95833333333333,0.011904761904761904,0
CE1,1944,81.0,0.011904761904761904,0
CE1,1945,81.04166666666667,0.011904761904761904,0
CE1,1946,81.08333333333333,0.011904761904761904,0
CE1,1947,81.125,0.011904761904761904,0
CE1,1948,81.16666666666667,0.011904761904761904,0
CE1,1949,81.20833333333333,0.011904761904761904,0
CE1,1950,81.25,0.011904761904761904,0
CE1,1951,81.29166666666667,0.011904761904761904,0
CE1,1952,81.33333333333333,0.011904761904761904,0
CE1,1953,81.375,0.011904761904761904,0
CE1,1954,81.41666666666667,0.011904761904761904,0
CE1,1955,81.45833333333333,0.011904761904761904,0
CE1,1956,81.5,0.011904761904761904,0
CE1,1957,81.54166666666667,0.011904761904761904,0
CE1,1958,81.58333333333333,0.011904761904761904,0
CE1,1959,81.625,0.011904761904761904,0
CE1,1960,81.66666666666667,0.011904761904761904,0
CE1,1961,81.70833333333333,0.011904761904761904,0
CE1,1962,81.75,0.011904761904761904,0
CE1,1963,81.79166666666667,0.011904761904761904,0
CE1,1964,81.83333333333333,0.011904761904761904,0
CE1,1965,81.875,0.011904761904761904,0
CE1,1966,81.91666666666667,0.011904761904761904,0
CE1,1967,81.95833333333333,0.011904761904761904,0
CE1,1968,82.0,0.011904761904761904,0
CE1,1969,82.04166666666667,0.011904761904761904,0
CE1,1970,82.08333333333333,0.011904761904761904,0
CE1,1971,82.125,0.011904761904761904,0
CE1,1972,82.16666666666667,0.011904761904761904,0
CE1,1973,82.20833333333333,0.011904761904761904,0
CE1,1974,82.25,0.011904761904761904,0
CE1,1975,82.29166666666667,0.011904761904761904,0
CE1,1976,82.33333333333333,0.011904761904761904,0
CE1,1977,82.375,0.011904761904761904,0
CE1,1978,82.41666666666667,0.011954365079365079,1
CE1,1979,82.45833333333333,0.011947751322751322,2
CE1,1980,82.5,0.011904761904761904,0
CE1,1981,82.54166666666667,0.011904761904761904,0
CE1,1982,82.58333333333333,0.012318121693121695,3
CE1,1983,82.625,0.012301587301587303,1
CE1,1984,82.66666666666667,0.019269179894179894,11
CE1,1985,82.70833333333333,0.024057539682539684,9
CE1,1986,82.75,0.023998015873015872,8
CE1,1987,82.79166666666667,0.023961640211640215,8
CE1,1988,82.83333333333333,0.02404431216931217,8
CE1,1989,82.875,0.023994708994708996,8
CE1,1990,82.91666666666667,0.02400462962962963,8
CE1,1991,82.95833333333333,0.024014550264550266,8
CE1,1992,83.0,0.023971560846560845,8
CE1,1993,83.04166666666667,0.024021164021164023,8
CE1,1994,83.08333333333333,0.017132936507936507,8
CE1,1995,83.125,0.011924603174603175,9
CE1,1996,83.16666666666667,0.005492724867724868,8
CE1,1997,83.20833333333333,0.0002380952380952381,10
CE1,1998,83.25,0.00667989417989418,11
CE1,1999,83.29166666666667,0.0016765873015873016,9
CE1,2000,83.33333333333333,0.004573412698412698,9
CE1,2001,83.375,0.00022156084656084653,9
CE1,2002,83.41666666666667,0.0005026455026455026,10
CE1,2003,83.45833333333333,0.0009160052910052909,19
CE1,2004,83.5,0.00032407407407407406,13
CE1,2005,83.54166666666667,0.0002513227513227513,9
CE1,2006,83.58333333333333,0.0002810846560846561,11
CE1,2007,83.625,0.003634259259259259,340
CE1,2008,83.66666666666667,0.00010912698412698413,2
CE1,2009,83.70833333333333,7.605820105820106e-05,1
CE1,2010,83.75,0.01220568783068783,8
CE1,2011,83.79166666666667,0.012371031746031744,7
CE1,2012,83.83333333333333,0.012020502645502645,6
CE1,2013,83.875,0.012020502645502645,6
CE1,2014,83.91666666666667,0.012043650793650794,8
CE1,2015,83.95833333333333,0.012080026455026456,9
CE1,2016,84.0,0.012066798941798941,8
CE1,2017,84.04166666666667,0.012050264550264549,8
CE1,2018,84.08333333333333,0.006822089947089947,8
CE1,2019,84.125,0.00017526455026455027,8
CE1,2020,84.16666666666667,0.00017195767195767194,8
CE1,2021,84.20833333333333,0.00011904761904761905,8
CE1,2022,84.25,0.002443783068783069,9
CE1,2023,84.29166666666667,0.0004034391534391535,9
CE1,2024,84.33333333333333,0.0007804232804232804,8
CE1,2025,84.375,0.00017195767195767194,8
CE1,2026,84.41666666666667,0.00016534391534391533,10
CE1,2027,84.45833333333333,0.002638888888888889,12
CE1,2028,84.5,0.0,0
CE1,2029,84.54166666666667,5.9523809523809524e-05,1
CE1,2030,84.58333333333333,0.00017857142857142857,10
CE1,2031,84.625,0.00020171957671957674,9
CE1,2032,84.66666666666667,0.0001951058201058201,9
CE1,2033,84.70833333333333,0.00017195767195767194,8
CE1,2034,84.75,0.0021395502645502646,11
CE1,2035,84.79166666666667,0.00012896825396825398,6
CE1,2036,84.83333333333333,0.00010582010582010582,6
CE1,2037,84.875,0.0001884920634920635,9
CE1,2038,84.91666666666667,0.00013558201058201059,8
CE1,2039,84.95833333333333,0.0025033068783068785,10
CE1,2040,85.0,0.0013855820105820105,11
CE1,2041,85.04166666666667,0.01593584656084656,14
CE1,2042,85.08333333333333,0.00014550264550264552,8
CE1,2043,85.125,0.00014880952380952382,8
CE1,2044,85.16666666666667,0.0001884920634920635,8
CE1,2045,85.20833333333333,0.00023478835978835977,9
CE1,2046,85.25,0.003002645502645503,9
CE1,2047,85.29166666666667,0.0,0
CE1,2048,85.33333333333333,0.0001884920634920635,8
CE1,2049,85.375,0.20489087301587303,67
CE1,2050,85.41666666666667,0.6206613756613757,2
CE1,2051,85.45833333333333,0.39100529100529097,2
CE1,2052,85.5,0.30956679894179895,2
CE1,2053,85.54166666666667,0.3097585978835979,7
CE1,2054,85.58333333333333,0.3095899470899471,4
CE1,2055,85.625,0.3095899470899471,4
CE1,2056,85.66666666666667,0.3096031746031746,4
CE1,2057,85.70833333333333,0.309646164021164,6
CE1,2058,85.75,0.32239087301587305,9
CE1,2059,85.79166666666667,0.4167096560846561,58
CE1,2060,85.83333333333333,0.8903703703703704,126
CE1,2061,85.875,0.7557407407407407,103
CE1,2062,85.91666666666667,0.4372453703703704,61
CE1,2063,85.95833333333333,0.33752645502645506,58
CE1,2064,86.0,0.13819444444444443,11
CE1,2065,86.04166666666667,0.024652777777777777,0
CE1,2066,86.08333333333333,0.14150132275132274,30
CE1,2067,86.125,0.10078042328042328,16
CE1,2068,86.16666666666667,0.03457010582010582,4
CE1,2069,86.20833333333333,0.06153439153439153,16
CE1,2070,86.25,0.10032738095238096,13
CE1,2071,86.29166666666667,0.0931382275132275,19
CE1,2072,86.33333333333333,0.13630621693121694,20
CE1,2073,86.375,0.1139484126984127,19
CE1,2074,86.41666666666667,0.4635085978835979,48
CE1,2075,86.45833333333333,0.2753042328042328,6
CE1,2076,86.5,0.17825727513227513,33
CE1,2077,86.54166666666667,0.19246362433862432,32
CE1,2078,86.58333333333333,0.3620701058201058,67
CE1,2079,86.625,0.7742030423280423,200
CE1,2080,86.66666666666667,0.7038888888888889,97
CE1,2081,86.70833333333333,0.8472685185185185,161
CE1,2082,86.75,0.5887929894179894,139
CE1,2083,86.79166666666667,0.6419907407407407,140
CE1,2084,86.83333333333333,0.7436078042328043,32
CE1,2085,86.875,0.7487731481481481,35
CE1,2086,86.91666666666667,0.9001818783068783,53
CE1,2087,86.95833333333333,0.9574404761904761,52
CE1,2088,87.0,0.9528968253968254,57
CE1,2089,87.04166666666667,0.6632870370370371,34
CE1,2090,87.08333333333333,0.8255125661375661,102
CE1,2091,87.125,0.8368121693121693,79
CE1,2092,87.16666666666667,0.9479034391534391,82
CE1,2093,87.20833333333333,0.936031746031746,140
CE1,2094,87.25,0.5329464285714286,54
CE1,2095,87.29166666666667,0.179375,12
CE1,2096,87.33333333333333,0.09365079365079365,13
CE1,2097,87.375,0.27712632275132276,55
CE1,2098,87.41666666666667,0.8015476190476191,95
CE1,2099,87.45833333333333,0.29160714285714284,16
CE1,2100,87.5,0.2913392857142857,66
CE1,2101,87.54166666666667,0.7980753968253967,49
CE1,2102,87.58333333333333,0.479537037037037,46
CE1,2103,87.625,0.6362566137566138,54
CE1,2104,87.66666666666667,0.24813492063492065,35
CE1,2105,87.70833333333333,0.45294312169312173,42
CE1,2106,87.75,0.4705324074074074,39
CE1,2107,87.79166666666667,0.4451884920634921,18
CE1,2108,87.83333333333333,0.16751322751322753,16
CE1,2109,87.875,0.36627976190476186,76
CE1,2110,87.91666666666667,0.5780621693121694,23
CE1,2111,87.95833333333333,0.3078935185185185,8
CE1,2112,88.0,0.11612433862433863,25
CE1,2113,88.04166666666667,0.27380952380952384,0
CE1,2114,88.08333333333333,0.27165343915343915,5
CE1,2115,88.125,0.09221891534391535,24
CE1,2116,88.16666666666667,0.27598214285714284,5
CE1,2117,88.20833333333333,0.2776190476190476,4
CE1,2118,88.25,0.11905753968253967,5
CE1,2119,88.29166666666667,0.24179563492063494,25
CE1,2120,88.33333333333333,0.2915542328042328,5
CE1,2121,88.375,0.19732473544973544,4
CE1,2122,88.41666666666667,0.13451719576719579,24
CE1,2123,88.45833333333333,0.2738888888888889,4
CE1,2124,88.5,0.25823412698412695,5
CE1,2125,88.54166666666667,0.07575396825396825,24
CE1,2126,88.58333333333333,0.27389219576719576,4
CE1,2127,88.625,0.27362103174603175,4
CE1,2128,88.66666666666667,0.0975165343915344,4
CE1,2129,88.70833333333333,0.2431216931216931,24
CE1,2130,88.75,0.27391534391534395,4
CE1,2131,88.79166666666667,0.16101851851851853,4
CE1,2132,88.83333333333333,0.20768187830687831,26
CE1,2133,88.875,0.27119378306878306,4
CE1,2134,88.91666666666667,0.1871924603174603,6
CE1,2135,88.95833333333333,0.1239484126984127,25
CE1,2136,89.0,0.25905092592592593,4
CE1,2137,89.04166666666667,0.24300925925925926,0
CE1,2138,89.08333333333333,0.04212962962962963,25
CE1,2139,89.125,0.2558465608465608,5
CE1,2140,89.16666666666667,0.2501488095238095,4
CE1,2141,89.20833333333333,0.10491071428571429,4
CE1,2142,89.25,0.01750330687830688,5
CE1,2143,89.29166666666667,0.01808531746031746,4
CE1,2144,89.33333333333333,0.021458333333333333,5
CE1,2145,89.375,0.10286044973544974,55
CE1,2146,89.41666666666667,0.3003174603174603,104
CE1,2147,89.45833333333333,0.3002281746031746,8
CE1,2148,89.5,0.3161739417989418,6
CE1,2149,89.54166666666667,0.3046164021164021,17
CE1,2150,89.58333333333333,0.384510582010582,31
CE1,2151,89.625,0.3443154761904762,3
CE1,2152,89.66666666666667,0.42301256613756616,30
CE1,2153,89.70833333333333,0.36401785714285717,102
CE1,2154,89.75,0.3083333333333333,26
CE1,2155,89.79166666666667,0.5731547619047619,18
CE1,2156,89.83333333333333,0.37488756613756613,2
CE1,2157,89.875,0.33029761904761906,0
CE1,2158,89.91666666666667,0.3214649470899471,2
CE1,2159,89.95833333333333,0.3214649470899471,2
CE1,2160,90.0,0.3214781746031746,2
CE1,2161,90.04166666666667,0.32145833333333335,2
CE1,2162,90.08333333333333,0.3214649470899471,2
CE1,2163,90.125,0.3214616402116402,2
CE1,2164,90.16666666666667,0.3185019841269841,3
CE1,2165,90.20833333333333,0.11072751322751324,3
CE1,2166,90.25,0.026537698412698412,3
CE1,2167,90.29166666666667,0.014675925925925926,3
CE1,2168,90.33333333333333,0.012076719576719578,2
CE1,2169,90.375,0.011937830687830688,2
CE1,2170,90.41666666666667,0.031712962962962964,30
CE1,2171,90.45833333333333,0.3320535714285714,11
CE1,2172,90.5,0.33363425925925927,10
CE1,2173,90.54166666666667,0.48063161375661373,91
CE1,2174,90.58333333333333,0.9949636243386244,78
CE1,2175,90.625,0.9755125661375662,122
CE1,2176,90.66666666666667,0.9754629629629629,115
CE1,2177,90.70833333333333,0.9733763227513228,105
CE1,2178,90.75,0.7889285714285714,56
CE1,2179,90.79166666666667,0.8361640211640212,106
CE1,2180,90.83333333333333,0.9753273809523809,84
CE1,2181,90.875,0.8817030423280423,73
CE1,2182,90.91666666666667,0.848373015873016,114
CE1,2183,90.95833333333333,0.8889616402116403,105
CE1,2184,91.0,0.8831712962962962,84
CE1,2185,91.04166666666667,0.4402843915343916,10
CE1,2186,91.08333333333333,0.27762566137566136,111
CE1,2187,91.125,0.8670304232804232,33
CE1,2188,91.16666666666667,0.5919642857142857,80
CE1,2189,91.20833333333333,0.7463227513227514,73
CE1,2190,91.25,0.49688822751322753,42
CE1,2191,91.29166666666667,0.4493948412698413,37
CE1,2192,91.33333333333333,0.5800099206349206,38
CE1,2193,91.375,0.40375,20
CE1,2194,91.41666666666667,0.3945998677248677,22
CE1,2195,91.45833333333333,0.3797883597883598,22
CE1,2196,91.5,0.39889219576719576,15
CE1,2197,91.54166666666667,0.3034623015873016,28
CE1,2198,91.58333333333333,0.3383630952380952,19
CE1,2199,91.625,0.4185846560846561,46
CE1,2200,91.66666666666667,0.4996560846560847,15
CE1,2201,91.70833333333333,0.38360119047619046,27
CE1,2202,91.75,0.45421626984126984,24
CE1,2203,91.79166666666667,0.3347354497354497,18
CE1,2204,91.83333333333333,0.2674239417989418,36
CE1,2205,91.875,0.38331018518518517,20
CE1,2206,91.91666666666667,0.26865410052910055,26
CE1,2207,91.95833333333333,0.22443121693121695,14
CE1,2208,92.0,0.20916005291005288,32
CE1,2209,92.04166666666667,0.2981679894179894,16
CE1,2210,92.08333333333333,0.4153835978835979,46
CE1,2211,92.125,0.45514880952380954,17
CE1,2212,92.16666666666667,0.2492063492063492,18
CE1,2213,92.20833333333333,0.3973313492063492,41
CE1,2214,92.25,0.29544642857142855,34
CE1,2215,92.29166666666667,0.25697089947089946,14
CE1,2216,92.33333333333333,0.43604497354497357,45
CE1,2217,92.375,0.5135383597883598,20
CE1,2218,92.41666666666667,0.32145502645502644,27
CE1,2219,92.45833333333333,0.2378670634920635,13
CE1,2220,92.5,0.15014550264550264,22
CE1,2221,92.54166666666667,0.504563492063492,61
CE1,2222,92.58333333333333,0.6474239417989418,44
CE1,2223,92.625,0.7333267195767196,17
CE1,2224,92.66666666666667,0.7718783068783068,17
CE1,2225,92.70833333333333,0.7312962962962963,14
CE1,2226,92.75,0.7656382275132275,18
CE1,2227,92.79166666666667,0.7554794973544974,19
CE1,2228,92.83333333333333,0.7349603174603174,14
CE1,2229,92.875,0.7395370370370371,17
CE1,2230,92.91666666666667,0.7352777777777778,12
CE1,2231,92.95833333333333,0.7463425925925926,14
CE1,2232,93.0,0.6574503968253969,14
CE1,2233,93.04166666666667,0.5943320105820106,47
CE1,2234,93.08333333333333,0.561220238095238,52
CE1,2235,93.125,0.7012268518518519,20
CE1,2236,93.16666666666667,0.5661772486772486,21
CE1,2237,93.20833333333333,0.5002513227513228,23
CE1,2238,93.25,0.5329332010582011,25
CE1,2239,93.29166666666667,0.5384589947089947,32
CE1,2240,93.33333333333333,0.43425925925925923,27
CE1,2241,93.375,0.45427248677248677,31
CE1,2242,93.41666666666667,0.42322089947089947,27
CE1,2243,93.45833333333333,0.5944940476190477,53
CE1,2244,93.5,0.6678042328042328,25
CE1,2245,93.54166666666667,0.5525628306878306,47
CE1,2246,93.58333333333333,0.6224371693121693,95
CE1,2247,93.625,0.3867063492063492,63
CE1,2248,93.66666666666667,0.32876984126984127,64
CE1,2249,93.70833333333333,0.23889550264550266,18
CE1,2250,93.75,0.39168981481481485,66
CE1,2251,93.79166666666667,0.7868220899470899,28
CE1,2252,93.83333333333333,0.8043551587301587,8
CE1,2253,93.875,0.7818816137566138,8
CE1,2254,93.91666666666667,0.7532175925925926,9
CE1,2255,93.95833333333333,0.6990013227513228,15
CE1,2256,94.0,0.6211739417989418,17
CE1,2257,94.04166666666667,0.6074041005291005,10
CE1,2258,94.08333333333333,0.5963227513227514,10
CE1,2259,94.125,0.5483068783068783,12
CE1,2260,94.16666666666667,0.3832010582010582,8
CE1,2261,94.20833333333333,0.1150462962962963,9
CE1,2262,94.25,0.09732473544973545,8
CE1,2263,94.29166666666667,0.082744708994709,12
CE1,2264,94.33333333333333,0.07981812169312169,7
CE1,2265,94.375,0.07166005291005291,10
CE1,2266,94.41666666666667,0.053568121693121695,10
CE1,2267,94.45833333333333,0.04291005291005291,11
CE1,2268,94.5,0.03601190476190476,11
CE1,2269,94.54166666666667,0.0360218253968254,11
CE1,2270,94.58333333333333,0.031752645502645505,11
CE1,2271,94.625,0.03599537037037037,10
CE1,2272,94.66666666666667,0.03658068783068783,10
CE1,2273,94.70833333333333,0.036005291005291006,10
CE1,2274,94.75,0.025539021164021163,10
CE1,2275,94.79166666666667,0.3062466931216931,39
CE1,2276,94.83333333333333,0.36932870370370374,10
CE1,2277,94.875,0.3693419312169312,10
CE1,2278,94.91666666666667,0.3642824074074074,10
CE1,2279,94.95833333333333,0.35730820105820105,7
CE1,2280,95.0,0.35740410052910054,10
CE1,2281,95.04166666666667,0.357337962962963,6
CE1,2282,95.08333333333333,0.34038690476190475,12
CE1,2283,95.125,0.3184623015873016,12
CE1,2284,95.16666666666667,0.2708234126984127,11
CE1,2285,95.20833333333333,0.20796296296296296,16
CE1,2286,95.25,0.1831084656084656,12
CE1,2287,95.29166666666667,0.15973544973544973,11
CE1,2288,95.33333333333333,0.13448743386243386,10
CE1,2289,95.375,0.12401124338624339,10
CE1,2290,95.41666666666667,0.10396164021164023,11
CE1,2291,95.45833333333333,0.09555555555555556,10
CE1,2292,95.5,0.08227843915343916,12
CE1,2293,95.54166666666667,0.07451388888888888,11
CE1,2294,95.58333333333333,0.045644841269841266,12
CE1,2295,95.625,0.047896825396825396,10
CE1,2296,95.66666666666667,0.04853174603174604,13
CE1,2297,95.70833333333333,0.047824074074074074,12
CE1,2298,95.75,0.047896825396825396,10
CE1,2299,95.79166666666667,0.04784391534391535,10
CE1,2300,95.83333333333333,0.04791997354497355,10
CE1,2301,95.875,0.04787698412698412,10
CE1,2302,95.91666666666667,0.04679232804232804,11
CE1,2303,95.95833333333333,0.04788359788359788,10
CE1,2304,96.0,0.0553042328042328,13
CE1,2305,96.04166666666667,0.04865410052910053,11
CE1,2306,96.08333333333333,0.044537037037037035,12
CE1,2307,96.125,0.04781415343915344,11
CE1,2308,96.16666666666667,0.034930555555555555,11
CE1,2309,96.20833333333333,0.03604828042328042,12
CE1,2310,96.25,0.031339285714285715,10
CE1,2311,96.29166666666667,0.024345238095238093,11
CE1,2312,96.33333333333333,0.012447089947089948,11
CE1,2313,96.375,0.03270502645502645,36
CE1,2314,96.41666666666667,0.10874669312169313,82
CE1,2315,96.45833333333333,0.1255026455026455,63
CE1,2316,96.5,0.3803306878306878,17
CE1,2317,96.54166666666667,0.38124007936507937,11
CE1,2318,96.58333333333333,0.4588062169312169,99
CE1,2319,96.625,0.44852182539682545,73
CE1,2320,96.66666666666667,0.42277116402116405,29
CE1,2321,96.70833333333333,0.42336309523809523,36
CE1,2322,96.75,0.45684193121693123,79
CE1,2323,96.79166666666667,0.4026686507936508,15
CE1,2324,96.83333333333333,0.37143849206349205,9
CE1,2325,96.875,0.3454861111111111,10
CE1,2326,96.91666666666667,0.3454861111111111,10
CE1,2327,96.95833333333333,0.3463227513227513,11
CE1,2328,97.0,0.34744708994708995,10
CE1,2329,97.04166666666667,0.3454861111111111,10
CE1,2330,97.08333333333333,0.34549272486772487,10
CE1,2331,97.125,0.34553902116402113,10
CE1,2332,97.16666666666667,0.34554232804232804,10
CE1,2333,97.20833333333333,0.34552248677248676,11
CE1,2334,97.25,0.3455026455026455,10
CE1,2335,97.29166666666667,0.34553902116402113,10
CE1,2336,97.33333333333333,0.34691137566137564,11
CE1,2337,97.375,0.3603240740740741,37
CE1,2338,97.41666666666667,0.3731845238095238,47
CE1,2339,97.45833333333333,0.3908035714285714,92
CE1,2340,97.5,0.33425925925925926,6
CE1,2341,97.54166666666667,0.3335846560846561,9
CE1,2342,97.58333333333333,0.3930390211640211,93
CE1,2343,97.625,0.3754497354497354,75
CE1,2344,97.66666666666667,0.3468452380952381,25
CE1,2345,97.70833333333333,0.47777447089947095,34
CE1,2346,97.75,0.6100661375661376,10
CE1,2347,97.79166666666667,0.6083399470899471,9
CE1,2348,97.83333333333333,0.6031547619047619,8
CE1,2349,97.875,0.5908928571428571,8
CE1,2350,97.91666666666667,0.5836574074074073,9
CE1,2351,97.95833333333333,0.5773511904761905,10
CE1,2352,98.0,0.5081183862433862,9
CE1,2353,98.04166666666667,0.44955357142857144,9
CE1,2354,98.08333333333333,0.3931646825396825,8
CE1,2355,98.125,0.3036838624338624,8
CE1,2356,98.16666666666667,0.22763558201058198,8
CE1,2357,98.20833333333333,0.05337962962962963,10
CE1,2358,98.25,0.00021494708994708992,8
CE1,2359,98.29166666666667,0.14172619047619048,31
CE1,2360,98.33333333333333,0.2623181216931217,8
CE1,2361,98.375,0.2621164021164021,6
CE1,2362,98.41666666666667,0.5418253968253969,46
CE1,2363,98.45833333333333,0.8713359788359789,44
CE1,2364,98.5,0.9993055555555556,16
CE1,2365,98.54166666666667,0.9967460317460318,15
CE1,2366,98.58333333333333,0.975489417989418,80
CE1,2367,98.625,0.973475529100529,73
CE1,2368,98.66666666666667,0.9628736772486773,26
CE1,2369,98.70833333333333,0.9800363756613757,59
CE1,2370,98.75,0.9934226190476191,49
CE1,2371,98.79166666666667,0.9666203703703703,4
CE1,2372,98.83333333333333,0.8274437830687831,4
CE1,2373,98.875,0.6561871693121694,4
CE1,2374,98.91666666666667,0.6548710317460318,4
CE1,2375,98.95833333333333,0.6556349206349206,5
CE1,2376,99.0,0.6548875661375662,4
CE1,2377,99.04166666666667,0.6548611111111111,4
CE1,2378,99.08333333333333,0.6548743386243386,4
CE1,2379,99.125,0.6547585978835979,4
CE1,2380,99.16666666666667,0.6429695767195768,4
CE1,2381,99.20833333333333,0.6415939153439153,4
CE1,2382,99.25,0.6197585978835979,4
CE1,2383,99.29166666666667,0.6191203703703704,3
CE1,2384,99.33333333333333,0.6198710317460318,5
CE1,2385,99.375,0.6969775132275132,30
CE1,2386,99.41666666666667,0.889811507936508,5
CE1,2387,99.45833333333333,0.8471164021164022,4
CE1,2388,99.5,0.8057738095238095,10
CE1,2389,99.54166666666667,0.9875231481481482,35
CE1,2390,99.58333333333333,0.968941798941799,133
CE1,2391,99.625,0.9978968253968254,31
CE1,2392,99.66666666666667,1.0,16
CE1,2393,99.70833333333333,0.9995171957671958,8
CE1,2394,99.75,0.9996990740740741,8
CE1,2395,99.79166666666667,1.0,8
CE1,2396,99.83333333333333,0.9989649470899471,6
CE1,2397,99.875,1.0,8
CE1,2398,99.91666666666667,0.9995502645502645,8
CE1,2399,99.95833333333333,0.9984589947089947,8
CE1,2400,100.0,0.9761276455026455,8
CE1,2401,100.04166666666667,0.8848809523809523,8
CE1,2402,100.08333333333333,0.726931216931217,8
CE1,2403,100.125,0.6849999999999999,9
CE1,2404,100.16666666666667,0.6845072751322752,8
CE1,2405,100.20833333333333,0.6788458994708995,10
CE1,2406,100.25,0.6787863756613757,8
CE1,2407,100.29166666666667,0.6793750000000001,9
CE1,2408,100.33333333333333,0.6536044973544973,8
CE1,2409,100.375,0.057156084656084655,8
CE1,2410,100.41666666666667,0.012394179894179893,8
CE1,2411,100.45833333333333,0.004636243386243386,10
CE1,2412,100.5,0.0020171957671957673,10
CE1,2413,100.54166666666667,0.004176587301587302,10
CE1,2414,100.58333333333333,0.00036044973544973544,11
CE1,2415,100.625,0.13479166666666667,49
CE1,2416,100.66666666666667,0.7299107142857143,26
CE1,2417,100.70833333333333,0.7859953703703704,8
CE1,2418,100.75,0.7859556878306878,8
CE1,2419,100.79166666666667,0.7859490740740741,8
CE1,2420,100.83333333333333,0.785978835978836,8
CE1,2421,100.875,0.7975231481481482,9
CE1,2422,100.91666666666667,0.7978571428571428,8
CE1,2423,100.95833333333333,0.7978604497354498,8
CE1,2424,101.0,0.7978935185185185,8
CE1,2425,101.04166666666667,0.7978604497354498,8
CE1,2426,101.08333333333333,0.7984160052910053,8
CE1,2427,101.125,0.7926190476190476,13
CE1,2428,101.16666666666667,0.7814947089947091,22
CE1,2429,101.20833333333333,0.7703306878306878,52
CE1,2430,101.25,0.8573809523809524,8
CE1,2431,101.29166666666667,0.8603604497354498,13
CE1,2432,101.33333333333333,0.9552017195767196,26
CE1,2433,101.375,0.9450496031746033,17
CE1,2434,101.41666666666667,0.9425066137566137,17
CE1,2435,101.45833333333333,0.9420634920634922,13
CE1,2436,101.5,0.9408134920634921,9
CE1,2437,101.54166666666667,0.9407374338624338,9
CE1,2438,101.58333333333333,0.9407771164021164,8
CE1,2439,101.625,0.9388293650793651,9
CE1,2440,101.66666666666667,0.9255588624338623,22
CE1,2441,101.70833333333333,0.9282506613756615,21
CE1,2442,101.75,0.8950595238095238,46
CE1,2443,101.79166666666667,0.9407109788359789,8
CE1,2444,101.83333333333333,0.9322156084656085,6
CE1,2445,101.875,0.9197982804232804,8
CE1,2446,101.91666666666667,0.9169047619047619,8
CE1,2447,101.95833333333333,0.9291633597883598,11
CE1,2448,102.0,0.9300132275132275,8
CE1,2449,102.04166666666667,0.9168584656084656,7
CE1,2450,102.08333333333333,0.9169940476190477,8
CE1,2451,102.125,0.9169179894179894,8
CE1,2452,102.16666666666667,0.9037896825396826,18
CE1,2453,102.20833333333333,0.8970701058201058,28
CE1,2454,102.25,0.9082208994708995,18
CE1,2455,102.29166666666667,0.8828306878306879,36
CE1,2456,102.33333333333333,0.9043088624338624,9
CE1,2457,102.375,0.9049801587301587,8
CE1,2458,102.41666666666667,0.8966732804232804,8
CE1,2459,102.45833333333333,0.8836507936507937,8
CE1,2460,102.5,0.8692956349206349,9
CE1,2461,102.54166666666667,0.8774272486772486,11
CE1,2462,102.58333333333333,0.8692890211640212,8
CE1,2463,102.625,0.8692890211640212,8
CE1,2464,102.66666666666667,0.8182208994708995,8
CE1,2465,102.70833333333333,0.6511011904761905,8
CE1,2466,102.75,0.48958002645502646,8
CE1,2467,102.79166666666667,0.3806382275132275,8
CE1,2468,102.83333333333333,0.11693452380952381,14
CE1,2469,102.875,0.569864417989418,52
CE1,2470,102.91666666666667,0.7738095238095238,0
CE1,2471,102.95833333333333,0.766818783068783,0
CE1,2472,103.0,0.7435383597883598,0
CE1,2473,103.04166666666667,0.7383002645502645,7
CE1,2474,103.08333333333333,0.738290343915344,7
CE1,2475,103.125,0.7383928571428571,8
CE1,2476,103.16666666666667,0.7372023809523809,6
CE1,2477,103.20833333333333,0.7383333333333334,7
CE1,2478,103.25,0.7383333333333334,7
CE1,2479,103.29166666666667,0.7382738095238095,7
CE1,2480,103.33333333333333,0.7389748677248678,7
CE1,2481,103.375,0.738452380952381,8
CE1,2482,103.41666666666667,0.7383366402116402,8
CE1,2483,103.45833333333333,0.7383399470899471,7
CE1,2484,103.5,0.7383730158730158,8
CE1,2485,103.54166666666667,0.7451686507936508,11
CE1,2486,103.58333333333333,0.7383002645502645,7
CE1,2487,103.625,0.7383234126984126,6
CE1,2488,103.66666666666667,0.7364318783068783,7
CE1,2489,103.70833333333333,0.7256812169312169,8
CE1,2490,103.75,0.7145568783068783,8
CE1,2491,103.79166666666667,0.7144477513227513,7
CE1,2492,103.83333333333333,0.7144543650793651,5
CE1,2493,103.875,0.7144477513227513,7
CE1,2494,103.91666666666667,0.7145667989417989,8
CE1,2495,103.95833333333333,0.714457671957672,6
CE1,2496,104.0,0.7144708994708995,7
CE1,2497,104.04166666666667,0.7144973544973545,7
CE1,2498,104.08333333333333,0.7145006613756614,7
CE1,2499,104.125,0.7157010582010582,8
CE1,2500,104.16666666666667,0.7144345238095239,5
CE1,2501,104.20833333333333,0.7145304232804233,8
CE1,2502,104.25,0.7144775132275132,7
CE1,2503,104.29166666666667,0.7145436507936508,8
CE1,2504,104.33333333333333,0.7151124338624338,7
CE1,2505,104.375,0.7161276455026455,9
CE1,2506,104.41666666666667,0.7145138888888889,7
CE1,2507,104.45833333333333,0.7145205026455026,7
CE1,2508,104.5,0.7146329365079366,10
CE1,2509,104.54166666666667,0.7157043650793651,8
CE1,2510,104.58333333333333,0.7145337301587302,8
CE1,2511,104.625,0.7145039682539682,8
CE1,2512,104.66666666666667,0.7145072751322752,8
CE1,2513,104.70833333333333,0.7144808201058201,7
CE1,2514,104.75,0.7145469576719576,8
CE1,2515,104.79166666666667,0.714484126984127,7
CE1,2516,104.83333333333333,0.7144543650793651,6
CE1,2517,104.875,0.7145469576719576,8
CE1,2518,104.91666666666667,0.7145006613756614,8
CE1,2519,104.95833333333333,0.4024239417989418,37
CE1,2520,105.0,0.8222949735449735,45
CE1,2521,105.04166666666667,0.9523809523809523,0
CE1,2522,105.08333333333333,0.9523809523809523,0
CE1,2523,105.125,0.9523809523809523,0
CE1,2524,105.16666666666667,0.9523809523809523,0
CE1,2525,105.20833333333333,0.9524272486772487,2
CE1,2526,105.25,0.9523809523809523,0
CE1,2527,105.29166666666667,0.9523809523809523,0
CE1,2528,105.33333333333333,0.9523809523809523,0
CE1,2529,105.375,0.954021164021164,1
CE1,2530,105.41666666666667,0.9523809523809523,0
CE1,2531,105.45833333333333,0.9523809523809523,0
CE1,2532,105.5,0.9523974867724867,1
CE1,2533,105.54166666666667,0.9603604497354498,2
CE1,2534,105.58333333333333,0.9523809523809523,0
CE1,2535,105.625,0.9523809523809523,0
CE1,2536,105.66666666666667,0.9523809523809523,0
CE1,2537,105.70833333333333,0.9523809523809523,0
CE1,2538,105.75,0.9523809523809523,0
CE1,2539,105.79166666666667,0.9523809523809523,0
CE1,2540,105.83333333333333,0.9523809523809523,0
CE1,2541,105.875,0.9523809523809523,0
CE1,2542,105.91666666666667,0.9523809523809523,0
CE1,2543,105.95833333333333,0.9523809523809523,0
CE1,2544,106.0,0.9523809523809523,0
CE1,2545,106.04166666666667,0.9523809523809523,0
CE1,2546,106.08333333333333,0.9523809523809523,0
CE1,2547,106.125,0.9523809523809523,0
CE1,2548,106.16666666666667,0.9523809523809523,0
CE1,2549,106.20833333333333,0.9524206349206349,2
CE1,2550,106.25,0.9523809523809523,0
CE1,2551,106.29166666666667,0.9523809523809523,0
CE1,2552,106.33333333333333,0.9523809523809523,0
CE1,2553,106.375,0.9530522486772487,1
CE1,2554,106.41666666666667,0.9523809523809523,0
CE1,2555,106.45833333333333,0.9539351851851853,2
CE1,2556,106.5,0.9524041005291005,1
CE1,2557,106.54166666666667,0.9524041005291005,1
CE1,2558,106.58333333333333,0.9523809523809523,0
CE1,2559,106.625,0.9523809523809523,0
CE1,2560,106.66666666666667,0.9523809523809523,0
CE1,2561,106.70833333333333,0.9523809523809523,0
CE1,2562,106.75,0.9535185185185184,1
CE1,2563,106.79166666666667,0.9535152116402117,1
CE1,2564,106.83333333333333,0.9523809523809523,0
CE1,2565,106.875,0.9474603174603176,2
CE1,2566,106.91666666666667,0.9259656084656085,0
CE1,2567,106.95833333333333,0.9022916666666667,0
CE1,2568,107.0,0.884156746031746,0
CE1,2569,107.04166666666667,0.8100396825396826,2
CE1,2570,107.08333333333333,0.757609126984127,7
CE1,2571,107.125,0.6469345238095239,50
CE1,2572,107.16666666666667,0.7023809523809523,0
CE1,2573,107.20833333333333,0.7024239417989419,2
CE1,2574,107.25,0.7023809523809523,0
CE1,2575,107.29166666666667,0.7023809523809523,0
CE1,2576,107.33333333333333,0.7023809523809523,0
CE1,2577,107.375,0.7023809523809523,0
CE1,2578,107.41666666666667,0.7023809523809523,0
CE1,2579,107.45833333333333,0.5699570105820106,0
CE1,2580,107.5,2.3148148148148147e-05,1
CE1,2581,107.54166666666667,0.4734358465608466,81
CE1,2582,107.58333333333333,0.9523809523809523,0
CE1,2583,107.625,0.9523809523809523,0
CE1,2584,107.66666666666667,0.9523809523809523,0
CE1,2585,107.70833333333333,0.9523809523809523,0
CE1,2586,107.75,0.9523809523809523,0
CE1,2587,107.79166666666667,0.9523809523809523,0
CE1,2588,107.83333333333333,0.9523809523809523,0
CE1,2589,107.875,0.9523809523809523,0
CE1,2590,107.91666666666667,0.9523809523809523,0
CE1,2591,107.95833333333333,0.9523809523809523,0
CE1,2592,108.0,0.9523809523809523,0
CE1,2593,108.04166666666667,0.9523809523809523,0
CE1,2594,108.08333333333333,0.9523809523809523,0
CE1,2595,108.125,0.9523809523809523,0
CE1,2596,108.16666666666667,0.9523809523809523,0
CE1,2597,108.20833333333333,0.9524206349206349,2
CE1,2598,108.25,0.9523809523809523,0
CE1,2599,108.29166666666667,0.9523809523809523,0
CE1,2600,108.33333333333333,0.9523809523809523,0
CE1,2601,108.375,0.9523809523809523,0
CE1,2602,108.41666666666667,0.9523809523809523,0
CE1,2603,108.45833333333333,0.9311541005291006,0
CE1,2604,108.5,0.8998313492063491,1
CE1,2605,108.54166666666667,0.7783432539682539,1
CE1,2606,108.58333333333333,0.5711078042328042,0
CE1,2607,108.625,0.36424603174603176,0
CE1,2608,108.66666666666667,0.24017857142857144,0
CE1,2609,108.70833333333333,0.11978174603174604,0
CE1,2610,108.75,0.05385582010582011,0
CE1,2611,108.79166666666667,0.01732142857142857,0
CE1,2612,108.83333333333333,0.0,0
CE1,2613,108.875,0.0,0
CE1,2614,108.91666666666667,0.0,0
CE1,2615,108.95833333333333,0.46152777777777776,80
CE1,2616,109.0,0.9523809523809523,0
CE1,2617,109.04166666666667,0.9523809523809523,0
CE1,2618,109.08333333333333,0.9523809523809523,0
CE1,2619,109.125,0.9523809523809523,0
CE1,2620,109.16666666666667,0.9523809523809523,0
CE1,2621,109.20833333333333,0.953316798941799,3
CE1,2622,109.25,0.9594411375661375,0
CE1,2623,109.29166666666667,0.9523809523809523,0
CE1,2624,109.33333333333333,0.9523809523809523,0
CE1,2625,109.375,0.9523809523809523,0
CE1,2626,109.41666666666667,0.9523809523809523,0
CE1,2627,109.45833333333333,0.9523809523809523,0
CE1,2628,109.5,0.9524173280423281,2
CE1,2629,109.54166666666667,0.9523809523809523,0
CE1,2630,109.58333333333333,0.9523809523809523,0
CE1,2631,109.625,0.9523809523809523,0
CE1,2632,109.66666666666667,0.9523809523809523,0
CE1,2633,109.70833333333333,0.9523809523809523,0
CE1,2634,109.75,0.9523809523809523,0
CE1,2635,109.79166666666667,0.9428174603174604,0
CE1,2636,109.83333333333333,0.9404761904761905,0
CE1,2637,109.875,0.9320932539682539,0
CE1,2638,109.91666666666667,0.9073048941798941,0
CE1,2639,109.95833333333333,0.8964087301587301,0
CE1,2640,110.0,0.8848181216931217,1
CE1,2641,110.04166666666667,0.8246693121693122,0
CE1,2642,110.08333333333333,0.722255291005291,0
CE1,2643,110.125,0.5288492063492063,0
CE1,2644,110.16666666666667,0.3816832010582011,0
CE1,2645,110.20833333333333,0.24498015873015871,2
CE1,2646,110.25,0.1335515873015873,0
CE1,2647,110.29166666666667,0.3207638888888889,58
CE1,2648,110.33333333333333,0.9758267195767196,22
CE1,2649,110.375,0.9998048941798943,0
CE1,2650,110.41666666666667,0.9753373015873015,0
CE1,2651,110.45833333333333,0.5149470899470899,10
CE1,2652,110.5,0.3571626984126984,1
CE1,2653,110.54166666666667,0.35880291005291004,1
CE1,2654,110.58333333333333,0.3571626984126984,1
CE1,2655,110.625,0.7303835978835979,50
CE1,2656,110.66666666666667,0.9523809523809523,0
CE1,2657,110.70833333333333,0.9523809523809523,0
CE1,2658,110.75,0.9523809523809523,0
CE1,2659,110.79166666666667,0.9642857142857143,4
CE1,2660,110.83333333333333,1.0,0
CE1,2661,110.875,1.0,0
CE1,2662,110.91666666666667,0.9775429894179894,0
CE1,2663,110.95833333333333,0.8845833333333334,0
CE1,2664,111.0,0.8809523809523809,0
CE1,2665,111.04166666666667,0.8809523809523809,0
CE1,2666,111.08333333333333,0.4134325396825397,0
CE1,2667,111.125,0.2857142857142857,0
CE1,2668,111.16666666666667,0.2857142857142857,0
CE1,2669,111.20833333333333,0.2857142857142857,0
CE1,2670,111.25,0.2857142857142857,0
CE1,2671,111.29166666666667,0.24647486772486774,0
CE1,2672,111.33333333333333,0.23809523809523808,0
CE1,2673,111.375,0.23809523809523808,0
CE1,2674,111.41666666666667,0.23809523809523808,0
CE1,2675,111.45833333333333,0.23809523809523808,0
CE1,2676,111.5,0.23809523809523808,0
CE1,2677,111.54166666666667,0.23809523809523808,0
CE1,2678,111.58333333333333,0.23809523809523808,0
CE1,2679,111.625,0.28895171957671956,28
CE1,2680,111.66666666666667,0.3916633597883598,88
CE1,2681,111.70833333333333,0.37500661375661376,5
CE1,2682,111.75,0.35224537037037035,8
CE1,2683,111.79166666666667,0.3216005291005291,8
CE1,2684,111.83333333333333,0.29049933862433863,6
CE1,2685,111.875,0.25291335978835977,8
CE1,2686,111.91666666666667,0.2208564814814815,8
CE1,2687,111.95833333333333,0.20264550264550266,8
CE1,2688,112.0,0.19861111111111113,8
CE1,2689,112.04166666666667,0.18981812169312168,8
CE1,2690,112.08333333333333,0.17882275132275133,8
CE1,2691,112.125,0.10509259259259258,8
CE1,2692,112.16666666666667,0.04788359788359788,8
CE1,2693,112.20833333333333,0.04777777777777778,6
CE1,2694,112.25,0.04096560846560847,9
CE1,2695,112.29166666666667,0.03045304232804233,8
CE1,2696,112.33333333333333,0.024067460317460314,10
CE1,2697,112.375,0.09225198412698413,104
CE1,2698,112.41666666666667,0.321140873015873,103
CE1,2699,112.45833333333333,1.0,61
CE1,2700,112.5,1.0,0
CE1,2701,112.54166666666667,1.0,4
CE1,2702,112.58333333333333,1.0,8
CE1,2703,112.625,1.0,10
CE1,2704,112.66666666666667,1.0,12
CE1,2705,112.70833333333333,1.0,6
CE1,2706,112.75,1.0,8
CE1,2707,112.79166666666667,1.0,9
CE1,2708,112.83333333333333,1.0,10
CE1,2709,112.875,1.0,8
CE1,2710,112.91666666666667,0.5519312169312169,53
CE1,2711,112.95833333333333,0.9485218253968254,37
CE1,2712,113.0,1.0,0
CE1,2713,113.04166666666667,1.0,0
CE1,2714,113.08333333333333,1.0,1
CE1,2715,113.125,1.0,2
CE1,2716,113.16666666666667,1.0,2
CE1,2717,113.20833333333333,1.0,3
CE1,2718,113.25,1.0,9
CE1,2719,113.29166666666667,1.0,6
CE1,2720,113.33333333333333,1.0,6
CE1,2721,113.375,1.0,7
CE1,2722,113.41666666666667,1.0,32
CE1,2723,113.45833333333333,1.0,5
CE1,2724,113.5,1.0,10
CE1,2725,113.54166666666667,1.0,10
CE1,2726,113.58333333333333,1.0,8
CE1,2727,113.625,1.0,12
CE1,2728,113.66666666666667,1.0,13
CE1,2729,113.70833333333333,1.0,8
CE1,2730,113.75,1.0,8
CE1,2731,113.79166666666667,1.0,11
CE1,2732,113.83333333333333,1.0,10
CE1,2733,113.875,1.0,8
CE1,2734,113.91666666666667,1.0,10
CE1,2735,113.95833333333333,0.9932771164021165,14
CE1,2736,114.0,0.9999603174603175,14
CE1,2737,114.04166666666667,0.9991765873015874,10
CE1,2738,114.08333333333333,0.9981679894179895,10
CE1,2739,114.125,0.9978472222222221,14
CE1,2740,114.16666666666667,0.9215674603174603,14
CE1,2741,114.20833333333333,0.7703802910052909,12
CE1,2742,114.25,0.5924933862433862,8
CE1,2743,114.29166666666667,0.4364153439153439,13
CE1,2744,114.33333333333333,0.32966931216931217,16
CE1,2745,114.375,0.3098148148148148,11
CE1,2746,114.41666666666667,0.3214748677248677,14
CE1,2747,114.45833333333333,0.31174603174603177,18
CE1,2748,114.5,0.30990079365079365,12
CE1,2749,114.54166666666667,0.30977843915343917,9
CE1,2750,114.58333333333333,0.31165674603174603,11
CE1,2751,114.625,0.31443121693121695,16
CE1,2752,114.66666666666667,0.31758597883597883,17
CE1,2753,114.70833333333333,0.3846362433862434,114
CE1,2754,114.75,0.583396164021164,88
CE1,2755,114.79166666666667,0.9761904761904762,0
CE1,2756,114.83333333333333,0.9761904761904762,0
CE1,2757,114.875,0.9761904761904762,0
CE1,2758,114.91666666666667,0.9761904761904762,10
CE1,2759,114.95833333333333,0.9761904761904762,12
CE1,2760,115.0,0.9761904761904762,12
CE1,2761,115.04166666666667,0.9761904761904762,10
CE1,2762,115.08333333333333,0.9761904761904762,12
CE1,2763,115.125,0.9761904761904762,14
CE1,2764,115.16666666666667,0.9761904761904762,12
CE1,2765,115.20833333333333,0.9761904761904762,10
CE1,2766,115.25,0.9761904761904762,13
CE1,2767,115.29166666666667,0.9761904761904762,15
CE1,2768,115.33333333333333,0.9761904761904762,12
CE1,2769,115.375,0.9756746031746031,10
CE1,2770,115.41666666666667,0.9716170634920634,12
CE1,2771,115.45833333333333,0.9751058201058201,14
CE1,2772,115.5,0.9761904761904762,12
CE1,2773,115.54166666666667,0.9744775132275132,10
CE1,2774,115.58333333333333,0.9755853174603175,10
CE1,2775,115.625,0.9761739417989419,14
CE1,2776,115.66666666666667,0.9750859788359788,14
CE1,2777,115.70833333333333,0.9748875661375661,10
CE1,2778,115.75,0.9755125661375662,110
CE1,2779,115.79166666666667,0.9756316137566137,14
CE1,2780,115.83333333333333,0.9747023809523809,10
CE1,2781,115.875,0.9510218253968254,8
CE1,2782,115.91666666666667,0.8018551587301588,10
CE1,2783,115.95833333333333,0.7214087301587302,12
CE1,2784,116.0,0.6358531746031746,14
CE1,2785,116.04166666666667,0.5656580687830688,10
CE1,2786,116.08333333333333,0.5285714285714286,10
CE1,2787,116.125,0.4668981481481481,16
CE1,2788,116.16666666666667,0.45403108465608466,12
CE1,2789,116.20833333333333,0.4348115079365079,11
CE1,2790,116.25,0.4188723544973545,11
CE1,2791,116.29166666666667,0.4149537037037037,15
CE1,2792,116.33333333333333,0.39363425925925927,15
CE1,2793,116.375,0.3931150793650794,10
CE1,2794,116.41666666666667,0.3931051587301588,11
CE1,2795,116.45833333333333,0.38778439153439154,13
CE1,2796,116.5,0.3691765873015873,15
CE1,2797,116.54166666666667,0.3574702380952381,10
CE1,2798,116.58333333333333,0.3574107142857143,10
CE1,2799,116.625,0.35756613756613753,15
CE1,2800,116.66666666666667,0.35164021164021164,13
CE1,2801,116.70833333333333,0.3288260582010582,10
CE1,2802,116.75,0.3150826719576719,10
CE1,2803,116.79166666666667,0.307609126984127,15
CE1,2804,116.83333333333333,0.2878604497354497,10
CE1,2805,116.875,0.27737433862433863,9
CE1,2806,116.91666666666667,0.2698445767195767,10
CE1,2807,116.95833333333333,0.26222883597883595,14
CE1,2808,117.0,0.2620899470899471,12
CE1,2809,117.04166666666667,0.2503670634920635,12
CE1,2810,117.08333333333333,0.2503174603174603,11
CE1,2811,117.125,0.2167691798941799,12
CE1,2812,117.16666666666667,0.19938161375661376,12
CE1,2813,117.20833333333333,0.1739351851851852,13
CE1,2814,117.25,0.1660185185185185,13
CE1,2815,117.29166666666667,0.14773478835978834,13
CE1,2816,117.33333333333333,0.12182539682539681,12
CE1,2817,117.375,0.34721891534391536,140
CE1,2818,117.41666666666667,0.19109126984126984,41
CE1,2819,117.45833333333333,0.4170039682539683,13
CE1,2820,117.5,0.41708002645502645,17
CE1,2821,117.54166666666667,0.414510582010582,13
CE1,2822,117.58333333333333,0.4040343915343915,11
CE1,2823,117.625,0.6440079365079365,73
CE1,2824,117.66666666666667,0.9396329365079364,25
CE1,2825,117.70833333333333,0.9320866402116403,12
CE1,2826,117.75,0.9287632275132276,8
CE1,2827,117.79166666666667,0.9287731481481482,8
CE1,2828,117.83333333333333,0.9193353174603174,9
CE1,2829,117.875,0.9168518518518518,8
CE1,2830,117.91666666666667,0.9168816137566137,8
CE1,2831,117.95833333333333,0.9168584656084656,8
CE1,2832,118.0,0.9168551587301588,8
CE1,2833,118.04166666666667,0.9176025132275133,9
CE1,2834,118.08333333333333,0.9169146825396824,8
CE1,2835,118.125,0.916875,8
CE1,2836,118.16666666666667,0.9168981481481482,8
CE1,2837,118.20833333333333,0.9168882275132275,10
CE1,2838,118.25,0.9190806878306879,9
CE1,2839,118.29166666666667,0.9182341269841269,12
CE1,2840,118.33333333333333,0.9179034391534392,15
CE1,2841,118.375,0.9168584656084656,8
CE1,2842,118.41666666666667,0.9168617724867725,8
CE1,2843,118.45833333333333,0.9169345238095238,12
CE1,2844,118.5,0.9169742063492065,12
CE1,2845,118.54166666666667,0.9170535714285715,16
CE1,2846,118.58333333333333,0.9306481481481482,37
CE1,2847,118.625,0.9526124338624339,71
CE1,2848,118.66666666666667,0.9302546296296296,34
CE1,2849,118.70833333333333,0.9329761904761905,41
CE1,2850,118.75,0.9174900793650793,14
CE1,2851,118.79166666666667,0.9169874338624338,14
CE1,2852,118.83333333333333,0.91698082010582,12
CE1,2853,118.875,0.9170205026455026,14
CE1,2854,118.91666666666667,0.9123578042328042,14
CE1,2855,118.95833333333333,0.8806547619047619,14
CE1,2856,119.0,0.8488723544973544,14
CE1,2857,119.04166666666667,0.819050925925926,14
CE1,2858,119.08333333333333,0.7787566137566138,14
CE1,2859,119.125,0.6528835978835978,15
CE1,2860,119.16666666666667,0.5787830687830687,16
CE1,2861,119.20833333333333,0.5539153439153439,15
CE1,2862,119.25,0.5190674603174603,16
CE1,2863,119.29166666666667,0.42353174603174604,15
CE1,2864,119.33333333333333,0.21995039682539683,14
CE1,2865,119.375,0.17042989417989418,57
CE1,2866,119.41666666666667,0.16115079365079366,68
CE1,2867,119.45833333333333,0.16207671957671957,26
CE1,2868,119.5,0.15049603174603177,46
CE1,2869,119.54166666666667,0.15420304232804233,70
CE1,2870,119.58333333333333,0.1288260582010582,26
CE1,2871,119.625,0.1367857142857143,53
CE1,2872,119.66666666666667,0.14506613756613757,72
CE1,2873,119.70833333333333,0.11133928571428571,18
CE1,2874,119.75,0.15313822751322753,44
CE1,2875,119.79166666666667,0.2878373015873016,71
CE1,2876,119.83333333333333,0.2666699735449735,35
CE1,2877,119.875,0.2503869047619047,14
CE1,2878,119.91666666666667,0.2502843915343915,12
CE1,2879,119.95833333333333,0.2463558201058201,13
CE1,2880,120.0,0.2503703703703704,14
CE1,2881,120.04166666666667,0.24396494708994712,14
CE1,2882,120.08333333333333,0.2384027777777778,14
CE1,2883,120.125,0.23732473544973545,14
CE1,2884,120.16666666666667,0.22154431216931214,15
CE1,2885,120.20833333333333,0.22133597883597883,18
CE1,2886,120.25,0.21738756613756613,13
CE1,2887,120.29166666666667,0.2170734126984127,16
CE1,2888,120.33333333333333,0.21577050264550263,14
CE1,2889,120.375,0.21470238095238095,14
CE1,2890,120.41666666666667,0.21462632275132276,13
CE1,2891,120.45833333333333,0.19444775132275133,14
CE1,2892,120.5,0.188723544973545,14
CE1,2893,120.54166666666667,0.17918981481481483,16
CE1,2894,120.58333333333333,0.17359126984126985,17
CE1,2895,120.625,0.16752645502645502,18
CE1,2896,120.66666666666667,0.22890873015873014,28
CE1,2897,120.70833333333333,0.2679431216931217,17
CE1,2898,120.75,0.268042328042328,15
CE1,2899,120.79166666666667,0.264755291005291,20
CE1,2900,120.83333333333333,0.26221560846560843,14
CE1,2901,120.875,0.25726521164021166,12
CE1,2902,120.91666666666667,0.2551653439153439,14
CE1,2903,120.95833333333333,0.2446064814814815,12
CE1,2904,121.0,0.24817791005291004,20
CE1,2905,121.04166666666667,0.28809523809523807,24
CE1,2906,121.08333333333333,0.2723511904761905,29
CE1,2907,121.125,0.24699074074074076,19
CE1,2908,121.16666666666667,0.21647156084656086,14
CE1,2909,121.20833333333333,0.21155092592592592,17
CE1,2910,121.25,0.1924404761904762,16
CE1,2911,121.29166666666667,0.14084656084656086,15
CE1,2912,121.33333333333333,0.13181547619047618,14
CE1,2913,121.375,0.14977843915343914,23
CE1,2914,121.41666666666667,0.13560515873015871,40
CE1,2915,121.45833333333333,0.11629629629629629,47
CE1,2916,121.5,0.1057903439153439,20
CE1,2917,121.54166666666667,0.0722255291005291,16
CE1,2918,121.58333333333333,0.0753042328042328,19
CE1,2919,121.625,0.0843452380952381,19
CE1,2920,121.66666666666667,0.10231150793650794,14
CE1,2921,121.70833333333333,0.09752976190476191,17
CE1,2922,121.75,0.0808068783068783,32
CE1,2923,121.79166666666667,0.06958002645502645,24
CE1,2924,121.83333333333333,0.0340542328042328,11
CE1,2925,121.875,0.0036177248677248678,13
CE1,2926,121.91666666666667,0.0005191798941798942,13
CE1,2927,121.95833333333333,0.0002777777777777778,12
CE1,2928,122.0,0.00031746031746031746,14
CE1,2929,122.04166666666667,0.000376984126984127,14
CE1,2930,122.08333333333333,0.00032076719576719576,14
CE1,2931,122.125,0.0010548941798941799,13
CE1,2932,122.16666666666667,0.00037037037037037035,14
CE1,2933,122.20833333333333,0.00035383597883597884,16
CE1,2934,122.25,0.0023015873015873015,15
CE1,2935,122.29166666666667,0.0012268518518518518,14
CE1,2936,122.33333333333333,0.0004662698412698413,12
CE1,2937,122.375,0.011498015873015873,18
CE1,2938,122.41666666666667,0.051593915343915345,26
CE1,2939,122.45833333333333,0.012146164021164021,19
CE1,2940,122.5,0.03467261904761905,26
CE1,2941,122.54166666666667,0.057645502645502646,28
CE1,2942,122.58333333333333,0.049388227513227516,18
CE1,2943,122.625,0.02417989417989418,14
CE1,2944,122.66666666666667,0.013544973544973546,13
CE1,2945,122.70833333333333,0.012169312169312168,13
CE1,2946,122.75,0.012212301587301588,13
CE1,2947,122.79166666666667,0.012182539682539684,13
CE1,2948,122.83333333333333,0.012142857142857143,10
CE1,2949,122.875,0.012162698412698413,11
CE1,2950,122.91666666666667,0.012949735449735449,13
CE1,2951,122.95833333333333,0.012483465608465609,9
CE1,2952,123.0,0.02363095238095238,21
CE1,2953,123.04166666666667,0.04536706349206349,26
CE1,2954,123.08333333333333,0.04057208994708995,30
CE1,2955,123.125,0.05910383597883598,22
CE1,2956,123.16666666666667,0.04687830687830688,24
CE1,2957,123.20833333333333,0.02043320105820106,14
CE1,2958,123.25,0.01746031746031746,15
CE1,2959,123.29166666666667,0.019593253968253968,15
CE1,2960,123.33333333333333,0.02228174603174603,18
CE1,2961,123.375,0.015598544973544974,14
CE1,2962,123.41666666666667,0.012232142857142858,14
CE1,2963,123.45833333333333,0.01222883597883598,14
CE1,2964,123.5,0.011226851851851852,15
CE1,2965,123.54166666666667,0.012251984126984125,14
CE1,2966,123.58333333333333,0.01220899470899471,14
CE1,2967,123.625,0.012235449735449735,14
CE1,2968,123.66666666666667,0.011851851851851851,16
CE1,2969,123.70833333333333,0.012255291005291005,14
CE1,2970,123.75,0.012913359788359788,15
CE1,2971,123.79166666666667,0.01294642857142857,15
CE1,2972,123.83333333333333,0.012116402116402115,10
CE1,2973,123.875,0.012179232804232805,12
CE1,2974,123.91666666666667,0.012172619047619047,12
CE1,2975,123.95833333333333,0.012179232804232805,12
CE1,2976,124.0,0.012939814814814815,15
CE1,2977,124.04166666666667,0.012318121693121695,14
CE1,2978,124.08333333333333,0.012271825396825396,14
CE1,2979,124.125,0.012281746031746033,14
CE1,2980,124.16666666666667,0.012238756613756613,14
CE1,2981,124.20833333333333,0.012294973544973544,14
CE1,2982,124.25,0.017443783068783067,15
CE1,2983,124.29166666666667,0.01956679894179894,15
CE1,2984,124.33333333333333,0.013303571428571428,11
CE1,2985,124.375,0.0003736772486772487,14
CE1,2986,124.41666666666667,0.001011904761904762,32
CE1,2987,124.45833333333333,0.005155423280423281,97
CE1,2988,124.5,0.0006183862433862434,12
CE1,2989,124.54166666666667,0.0004133597883597884,15
CE1,2990,124.58333333333333,0.000462962962962963,14
CE1,2991,124.625,0.0036243386243386246,72
CE1,2992,124.66666666666667,0.004110449735449735,55
CE1,2993,124.70833333333333,0.0025,13
CE1,2994,124.75,0.005135582010582011,112
CE1,2995,124.79166666666667,0.00032738095238095237,12
CE1,2996,124.83333333333333,0.00033068783068783067,13
CE1,2997,124.875,0.0002843915343915344,12
CE1,2998,124.91666666666667,0.00031084656084656086,13
CE1,2999,124.95833333333333,0.000376984126984127,13
CE1,3000,125.0,0.0003439153439153439,12
CE1,3001,125.04166666666667,0.00031084656084656086,12
CE1,3002,125.08333333333333,0.0002744708994708995,12
CE1,3003,125.125,0.00033399470899470897,12
CE1,3004,125.16666666666667,0.00032407407407407406,12
CE1,3005,125.20833333333333,0.00033068783068783067,12
CE1,3006,125.25,0.0002876984126984127,12
CE1,3007,125.29166666666667,0.00030423280423280425,12
CE1,3008,125.33333333333333,0.0004034391534391535,12
CE1,3009,125.375,0.11307870370370371,120
CE1,3010,125.41666666666667,0.15023478835978837,100
CE1,3011,125.45833333333333,0.1419808201058201,52
CE1,3012,125.5,0.13141865079365078,15
CE1,3013,125.54166666666667,0.1288723544973545,14
CE1,3014,125.58333333333333,0.10005291005291005,23
CE1,3015,125.625,0.5138392857142857,139
CE1,3016,125.66666666666667,0.8041269841269841,128
CE1,3017,125.70833333333333,0.8078009259259259,132
CE1,3018,125.75,0.8048875661375661,131
CE1,3019,125.79166666666667,0.726630291005291,15
CE1,3020,125.83333333333333,0.5448412698412698,13
CE1,3021,125.875,0.19387896825396825,51
CE1,3022,125.91666666666667,0.12340608465608466,19
CE1,3023,125.95833333333333,0.1194973544973545,16
CE1,3024,126.0,0.11956018518518519,16
CE1,3025,126.04166666666667,0.11950727513227513,16
CE1,3026,126.08333333333333,0.11954695767195768,16
CE1,3027,126.125,0.12022817460317461,17
CE1,3028,126.16666666666667,0.11960978835978836,15
CE1,3029,126.20833333333333,0.11946428571428572,14
CE1,3030,126.25,0.1194510582010582,14
CE1,3031,126.29166666666667,0.11952050264550265,14
CE1,3032,126.33333333333333,0.1307638888888889,34
CE1,3033,126.375,0.12285714285714286,79
CE1,3034,126.41666666666667,0.10976851851851853,29
CE1,3035,126.45833333333333,0.10239087301587302,29
CE1,3036,126.5,0.10873346560846561,48
CE1,3037,126.54166666666667,0.11096230158730158,29
CE1,3038,126.58333333333333,0.15932870370370372,170
CE1,3039,126.625,0.2552579365079365,166
CE1,3040,126.66666666666667,0.29307208994708994,148
CE1,3041,126.70833333333333,0.7034457671957672,84
CE1,3042,126.75,0.748531746031746,27
CE1,3043,126.79166666666667,0.7490310846560847,52
CE1,3044,126.83333333333333,0.978287037037037,16
CE1,3045,126.875,0.9657242063492064,16
CE1,3046,126.91666666666667,0.6732705026455027,16
CE1,3047,126.95833333333333,0.3464682539682539,17
CE1,3048,127.0,0.3345998677248677,17
CE1,3049,127.04166666666667,0.33395502645502645,19
CE1,3050,127.08333333333333,0.3215873015873016,15
CE1,3051,127.125,0.2804464285714286,15
CE1,3052,127.16666666666667,0.2743783068783069,15
CE1,3053,127.20833333333333,0.2790112433862434,20
CE1,3054,127.25,0.27535714285714286,16
CE1,3055,127.29166666666667,0.2751851851851852,16
CE1,3056,127.33333333333333,0.2749404761904762,15
CE1,3057,127.375,0.27458002645502644,18
CE1,3058,127.41666666666667,0.30958664021164023,23
CE1,3059,127.45833333333333,0.4583531746031746,96
CE1,3060,127.5,0.6886772486772487,141
CE1,3061,127.54166666666667,0.7064880952380952,26
CE1,3062,127.58333333333333,0.7795535714285714,26
CE1,3063,127.625,0.6879232804232804,45
CE1,3064,127.66666666666667,0.5324140211640211,40
CE1,3065,127.70833333333333,0.47219576719576717,36
CE1,3066,127.75,0.658425925925926,142
CE1,3067,127.79166666666667,0.9551785714285714,100
CE1,3068,127.83333333333333,0.9761904761904762,19
CE1,3069,127.875,0.9737731481481482,18
CE1,3070,127.91666666666667,0.9747321428571428,18
CE1,3071,127.95833333333333,0.9718716931216931,18
CE1,3072,128.0,0.8197652116402117,28
CE1,3073,128.04166666666666,0.703098544973545,23
CE1,3074,128.08333333333334,0.6231977513227513,21
CE1,3075,128.125,0.5033366402116402,18
CE1,3076,128.16666666666666,0.39875661375661375,18
CE1,3077,128.20833333333334,0.301875,19
CE1,3078,128.25,0.2862896825396825,18
CE1,3079,128.29166666666666,0.28721891534391536,19
CE1,3080,128.33333333333334,0.28679232804232807,18
CE1,3081,128.375,0.5356746031746032,129
CE1,3082,128.41666666666666,0.9363194444444445,36
CE1,3083,128.45833333333334,0.9964186507936509,46
CE1,3084,128.5,0.9988955026455025,21
CE1,3085,128.54166666666666,0.9991964285714287,18
CE1,3086,128.58333333333334,0.9911078042328043,29
CE1,3087,128.625,0.6444510582010582,45
CE1,3088,128.66666666666666,0.546058201058201,64
CE1,3089,128.70833333333334,0.42185846560846557,81
CE1,3090,128.75,0.5391666666666667,108
CE1,3091,128.79166666666666,0.6230621693121693,49
CE1,3092,128.83333333333334,0.6321924603174602,57
CE1,3093,128.875,0.4731746031746032,48
CE1,3094,128.91666666666666,0.43866071428571424,59
CE1,3095,128.95833333333334,0.39330687830687827,27
CE1,3096,129.0,0.2632208994708995,14
CE1,3097,129.04166666666666,0.25176256613756615,19
CE1,3098,129.08333333333334,0.3315740740740741,34
CE1,3099,129.125,0.2505952380952381,21
CE1,3100,129.16666666666666,0.25052579365079364,18
CE1,3101,129.20833333333334,0.2504398148148148,15
CE1,3102,129.25,0.2526554232804233,14
CE1,3103,129.29166666666666,0.2622652116402116,24
CE1,3104,129.33333333333334,0.2708035714285714,19
CE1,3105,129.375,0.26062830687830685,19
CE1,3106,129.41666666666666,0.2513921957671958,37
CE1,3107,129.45833333333334,0.25065145502645503,22
CE1,3108,129.5,0.2505059523809524,18
CE1,3109,129.54166666666666,0.2515343915343915,19
CE1,3110,129.58333333333334,0.25308862433862434,18
CE1,3111,129.625,0.2504861111111111,18
CE1,3112,129.66666666666666,0.2505224867724868,17
CE1,3113,129.70833333333334,0.25169973544973545,20
CE1,3114,129.75,0.25241071428571427,14
CE1,3115,129.79166666666666,0.250515873015873,18
CE1,3116,129.83333333333334,0.25054894179894177,20
CE1,3117,129.875,0.2505191798941799,18
CE1,3118,129.91666666666666,0.25041335978835977,16
CE1,3119,129.95833333333334,0.2506283068783069,22
CE1,3120,130.0,0.25060185185185185,20
CE1,3121,130.04166666666666,0.250598544973545,20
CE1,3122,130.08333333333334,0.25062169312169313,21
CE1,3123,130.125,0.2504927248677249,19
CE1,3124,130.16666666666666,0.2506580687830688,22
CE1,3125,130.20833333333334,0.2505952380952381,19
CE1,3126,130.25,0.25202050264550263,23
CE1,3127,130.29166666666666,0.251359126984127,19
CE1,3128,130.33333333333334,0.25419973544973545,23
CE1,3129,130.375,0.2505224867724868,20
CE1,3130,130.41666666666666,0.25615079365079363,19
CE1,3131,130.45833333333334,0.25290674603174607,18
CE1,3132,130.5,0.2505456349206349,18
CE1,3133,130.54166666666666,0.25057208994708996,18
CE1,3134,130.58333333333334,0.2506051587301587,18
CE1,3135,130.625,0.2505026455026455,18
CE1,3136,130.66666666666666,0.2505952380952381,18
CE1,3137,130.70833333333334,0.2504232804232804,14
CE1,3138,130.75,0.2505753968253968,18
CE1,3139,130.79166666666666,0.2505654761904762,18
CE1,3140,130.83333333333334,0.014732142857142857,18
CE1,3141,130.875,0.0004861111111111111,18
CE1,3142,130.91666666666666,0.0013392857142857143,19
CE1,3143,130.95833333333334,0.0005555555555555556,17
CE1,3144,131.0,0.000496031746031746,18
CE1,3145,131.04166666666666,0.0005357142857142857,18
CE1,3146,131.08333333333334,0.0004232804232804233,16
CE1,3147,131.125,0.00046957671957671953,16
CE1,3148,131.16666666666666,0.0013756613756613755,17
CE1,3149,131.20833333333334,0.0005621693121693122,12
CE1,3150,131.25,0.0018452380952380953,17
CE1,3151,131.29166666666666,0.0011111111111111111,17
CE1,3152,131.33333333333334,0.002414021164021164,16
CE1,3153,131.375,0.0005654761904761905,22
CE1,3154,131.41666666666666,0.00047949735449735455,18
CE1,3155,131.45833333333334,0.0009160052910052909,29
CE1,3156,131.5,0.0011243386243386243,20
CE1,3157,131.54166666666666,0.0004662698412698413,17
CE1,3158,131.58333333333334,0.0029365079365079364,30
CE1,3159,131.625,0.003978174603174603,35
CE1,3160,131.66666666666666,0.0,0
CE1,3161,131.70833333333334,0.0,0
CE1,3162,131.75,0.0,0
CE1,3163,131.79166666666666,0.0,0
CE1,3164,131.83333333333334,0.0,0
CE1,3165,131.875,0.0,0
CE1,3166,131.91666666666666,0.0,0
CE1,3167,131.95833333333334,0.0,0
CE1,3168,132.0,0.0,0
CE1,3169,132.04166666666666,0.0,0
CE1,3170,132.08333333333334,0.0,0
CE1,3171,132.125,0.0,0
CE1,3172,132.16666666666666,0.0,0
CE1,3173,132.20833333333334,0.0,0
CE1,3174,132.25,0.0,0
CE1,3175,132.29166666666666,0.0,0
CE1,3176,132.33333333333334,0.0,0
CE1,3177,132.375,0.0,0
CE1,3178,132.41666666666666,0.0,0
CE1,3179,132.45833333333334,0.0,0
CE1,3180,132.5,0.0,0
CE1,3181,132.54166666666666,0.0,0
CE1,3182,132.58333333333334,0.012847222222222222,27
CE1,3183,132.625,0.10051917989417988,29
CE1,3184,132.66666666666666,0.12246031746031746,56
CE1,3185,132.70833333333334,0.11616071428571428,49
CE1,3186,132.75,0.37324074074074076,77
CE1,3187,132.79166666666666,0.7428042328042328,7
CE1,3188,132.83333333333334,0.7700429894179893,8
CE1,3189,132.875,0.7813194444444443,3
CE1,3190,132.91666666666666,0.7353935185185185,16
CE1,3191,132.95833333333334,0.7147850529100529,16
CE1,3192,133.0,0.7148578042328042,15
CE1,3193,133.04166666666666,0.714755291005291,13
CE1,3194,133.08333333333334,0.7148478835978836,16
CE1,3195,133.125,0.7149041005291006,20
CE1,3196,133.16666666666666,0.7149537037037037,16
CE1,3197,133.20833333333334,0.7147652116402116,12
CE1,3198,133.25,0.7148743386243387,16
CE1,3199,133.29166666666666,0.717364417989418,22
CE1,3200,133.33333333333334,0.7231679894179894,15
CE1,3201,133.375,0.7175066137566137,15
CE1,3202,133.41666666666666,0.7147486772486773,14
CE1,3203,133.45833333333334,0.7147585978835979,14
CE1,3204,133.5,0.7992526455026455,39
CE1,3205,133.54166666666666,0.8270932539682538,16
CE1,3206,133.58333333333334,0.8114054232804232,14
CE1,3207,133.625,0.7733002645502646,17
CE1,3208,133.66666666666666,0.7235052910052909,25
CE1,3209,133.70833333333334,0.5775099206349206,11
CE1,3210,133.75,0.4063029100529101,12
CE1,3211,133.79166666666666,0.22700727513227512,14
CE1,3212,133.83333333333334,0.1763095238095238,18
CE1,3213,133.875,0.15212301587301588,17
CE1,3214,133.91666666666666,0.1149537037037037,18
CE1,3215,133.95833333333334,0.10831679894179895,13
CE1,3216,134.0,0.11603174603174603,14
CE1,3217,134.04166666666666,0.09786706349206349,13
CE1,3218,134.08333333333334,0.0756415343915344,14
CE1,3219,134.125,0.07195436507936508,17
CE1,3220,134.16666666666666,0.06388888888888888,13
CE1,3221,134.20833333333334,0.048888888888888885,12
CE1,3222,134.25,0.04805555555555556,12
CE1,3223,134.29166666666666,0.04813492063492063,16
CE1,3224,134.33333333333334,0.04811177248677249,16
CE1,3225,134.375,0.048062169312169306,12
CE1,3226,134.41666666666666,0.048184523809523816,12
CE1,3227,134.45833333333334,0.09998677248677248,32
CE1,3228,134.5,0.11855489417989418,28
CE1,3229,134.54166666666666,0.05084656084656084,17
CE1,3230,134.58333333333334,0.06139880952380952,23
CE1,3231,134.625,0.12608134920634922,25
CE1,3232,134.66666666666666,0.06230489417989418,18
CE1,3233,134.70833333333334,0.04856150793650794,14
CE1,3234,134.75,0.048826058201058196,19
CE1,3235,134.79166666666666,0.049113756613756616,14
CE1,3236,134.83333333333334,0.04266865079365079,13
CE1,3237,134.875,0.03622685185185185,13
CE1,3238,134.91666666666666,0.035691137566137565,19
CE1,3239,134.95833333333334,0.1290079365079365,39
CE1,3240,135.0,0.024365079365079367,19
CE1,3241,135.04166666666666,0.024252645502645505,13
CE1,3242,135.08333333333334,0.047824074074074074,24
CE1,3243,135.125,0.09034060846560846,18
CE1,3244,135.16666666666666,0.024351851851851854,12
CE1,3245,135.20833333333334,0.02436838624338624,15
CE1,3246,135.25,0.0402744708994709,18
CE1,3247,135.29166666666666,0.05055555555555556,31
CE1,3248,135.33333333333334,0.10924603174603173,15
CE1,3249,135.375,0.02453042328042328,16
CE1,3250,135.41666666666666,0.07010251322751324,34
CE1,3251,135.45833333333334,0.1057936507936508,35
CE1,3252,135.5,0.10706679894179894,21
CE1,3253,135.54166666666666,0.02454695767195767,17
CE1,3254,135.58333333333334,0.11600859788359788,52
CE1,3255,135.625,0.029632936507936507,21
CE1,3256,135.66666666666666,0.04984457671957672,34
CE1,3257,135.70833333333334,0.13549272486772487,42
CE1,3258,135.75,0.120515873015873,23
CE1,3259,135.79166666666666,0.09757275132275132,20
CE1,3260,135.83333333333334,0.06949074074074074,20
CE1,3261,135.875,0.07871031746031745,27
CE1,3262,135.91666666666666,0.12309523809523809,23
CE1,3263,135.95833333333334,0.05987103174603175,11
CE1,3264,136.0,0.04922949735449735,12
CE1,3265,136.04166666666666,0.057847222222222223,19
CE1,3266,136.08333333333334,0.04865410052910053,13
CE1,3267,136.125,0.04909391534391534,13
CE1,3268,136.16666666666666,0.1389616402116402,34
CE1,3269,136.20833333333334,0.0620271164021164,17
CE1,3270,136.25,0.04622685185185185,15
CE1,3271,136.29166666666666,0.02187830687830688,14
CE1,3272,136.33333333333334,0.013564814814814816,11
CE1,3273,136.375,0.03833002645502646,28
CE1,3274,136.41666666666666,0.08539682539682539,21
CE1,3275,136.45833333333334,0.02426587301587302,12
CE1,3276,136.5,0.024249338624338625,12
CE1,3277,136.54166666666666,0.024246031746031745,14
CE1,3278,136.58333333333334,0.024298941798941803,14
CE1,3279,136.625,0.049546957671957666,25
CE1,3280,136.66666666666666,0.02425595238095238,12
CE1,3281,136.70833333333334,0.02426587301587302,14
CE1,3282,136.75,0.024348544973544974,16
CE1,3283,136.79166666666666,0.02425595238095238,13
CE1,3284,136.83333333333334,0.024332010582010583,17
CE1,3285,136.875,0.13035052910052908,35
CE1,3286,136.91666666666666,0.0015178571428571428,13
CE1,3287,136.95833333333334,0.0005588624338624339,15
CE1,3288,137.0,0.0004828042328042328,14
CE1,3289,137.04166666666666,0.000539021164021164,17
CE1,3290,137.08333333333334,0.0005720899470899471,17
CE1,3291,137.125,0.0004563492063492063,13
CE1,3292,137.16666666666666,0.000505952380952381,14
CE1,3293,137.20833333333334,0.030261243386243385,31
CE1,3294,137.25,0.061273148148148146,17
CE1,3295,137.29166666666666,0.002724867724867725,15
CE1,3296,137.33333333333334,0.0017228835978835978,14
CE1,3297,137.375,0.0005753968253968254,15
CE1,3298,137.41666666666666,0.0005720899470899471,16
CE1,3299,137.45833333333334,0.003607804232804233,17
CE1,3300,137.5,0.00042989417989417985,12
CE1,3301,137.54166666666666,0.0004596560846560846,14
CE1,3302,137.58333333333334,0.0005820105820105821,15
CE1,3303,137.625,0.0005687830687830688,20
CE1,3304,137.66666666666666,0.0005026455026455026,14
CE1,3305,137.70833333333334,0.000591931216931217,18
CE1,3306,137.75,0.0004761904761904762,14
CE1,3307,137.79166666666666,0.0006481481481481481,22
CE1,3308,137.83333333333334,0.0005224867724867724,16
CE1,3309,137.875,0.0005324074074074073,18
CE1,3310,137.91666666666666,0.0005456349206349206,16
CE1,3311,137.95833333333334,0.000625,18
CE1,3312,138.0,0.012285052910052911,22
CE1,3313,138.04166666666666,0.0004861111111111111,16
CE1,3314,138.08333333333334,0.0005357142857142857,16
CE1,3315,138.125,0.0005324074074074073,16
CE1,3316,138.16666666666666,0.0010846560846560847,22
CE1,3317,138.20833333333334,0.0005787037037037037,16
CE1,3318,138.25,0.0005820105820105821,18
CE1,3319,138.29166666666666,0.003865740740740741,19
CE1,3320,138.33333333333334,0.0015608465608465609,22
CE1,3321,138.375,0.0005158730158730159,16
CE1,3322,138.41666666666666,0.005191798941798942,18
CE1,3323,138.45833333333334,0.0006448412698412698,22
CE1,3324,138.5,0.0006481481481481481,21
CE1,3325,138.54166666666666,0.002251984126984127,19
CE1,3326,138.58333333333334,0.0020932539682539685,15
CE1,3327,138.625,0.002341269841269841,22
CE1,3328,138.66666666666666,0.0005588624338624339,14
CE1,3329,138.70833333333334,0.0020006613756613756,34
CE1,3330,138.75,0.0008432539682539682,25
CE1,3331,138.79166666666666,0.0009325396825396826,26
CE1,3332,138.83333333333334,0.0005588624338624339,16
CE1,3333,138.875,0.0007605820105820105,16
CE1,3334,138.91666666666666,0.0005224867724867724,16
CE1,3335,138.95833333333334,0.003938492063492063,21
CE1,3336,139.0,0.03302248677248677,18
CE1,3337,139.04166666666666,0.0016832010582010584,17
CE1,3338,139.08333333333334,0.0004861111111111111,16
CE1,3339,139.125,0.000505952380952381,16
CE1,3340,139.16666666666666,0.0006382275132275132,16
CE1,3341,139.20833333333334,0.0006183862433862434,16
CE1,3342,139.25,0.009927248677248677,19
CE1,3343,139.29166666666666,0.001345899470899471,17
CE1,3344,139.33333333333334,0.0008564814814814815,16
CE1,3345,139.375,0.0005787037037037037,17
CE1,3346,139.41666666666666,0.018703703703703705,73
CE1,3347,139.45833333333334,0.003425925925925926,19
CE1,3348,139.5,3.306878306878307e-06,1
CE1,3349,139.54166666666666,2.3148148148148147e-05,7
CE1,3350,139.58333333333334,0.006666666666666667,20
CE1,3351,139.625,0.012271825396825396,30
CE1,3352,139.66666666666666,0.04414351851851852,42
CE1,3353,139.70833333333334,0.01232473544973545,17
CE1,3354,139.75,0.0004563492063492063,16
CE1,3355,139.79166666666666,0.00042989417989417985,16
CE1,3356,139.83333333333334,0.0005125661375661375,16
CE1,3357,139.875,0.00042989417989417985,16
CE1,3358,139.91666666666666,0.00043981481481481486,17
CE1,3359,139.95833333333334,0.0013855820105820105,16
CE1,3360,140.0,0.00031084656084656086,14
CE1,3361,140.04166666666666,0.00031415343915343916,14
CE1,3362,140.08333333333334,0.0002810846560846561,14
CE1,3363,140.125,0.00032738095238095237,14
CE1,3364,140.16666666666666,0.00038029100529100526,14
CE1,3365,140.20833333333334,0.00031415343915343916,13
CE1,3366,140.25,0.0018816137566137568,18
CE1,3367,140.29166666666666,0.00036706349206349205,14
CE1,3368,140.33333333333334,0.001412037037037037,15
CE1,3369,140.375,0.0047387566137566135,15
CE1,3370,140.41666666666666,0.005171957671957672,17
CE1,3371,140.45833333333334,0.01048941798941799,22
CE1,3372,140.5,0.014639550264550263,21
CE1,3373,140.54166666666666,0.0006779100529100529,13
CE1,3374,140.58333333333334,0.0005291005291005291,11
CE1,3375,140.625,0.00022156084656084653,10
CE1,3376,140.66666666666666,0.0005654761904761905,14
CE1,3377,140.70833333333334,0.00016203703703703703,7
CE1,3378,140.75,0.00014880952380952382,7
CE1,3379,140.79166666666666,0.00036706349206349205,7
CE1,3380,140.83333333333334,0.00022486772486772486,7
CE1,3381,140.875,0.00020833333333333335,5
CE1,3382,140.91666666666666,0.00023478835978835977,7
CE1,3383,140.95833333333334,0.002486772486772487,9
CE1,3384,141.0,0.009619708994708995,8
CE1,3385,141.04166666666666,0.00015211640211640213,6
CE1,3386,141.08333333333334,0.00026455026455026457,6
CE1,3387,141.125,0.00014550264550264552,6
CE1,3388,141.16666666666666,0.0002546296296296296,6
CE1,3389,141.20833333333334,0.00026455026455026457,6
CE1,3390,141.25,0.0018386243386243385,7
CE1,3391,141.29166666666666,0.0009226190476190477,7
CE1,3392,141.33333333333334,0.00917989417989418,9
CE1,3393,141.375,0.0029431216931216932,6
CE1,3394,141.41666666666666,0.0014186507936507938,10
CE1,3395,141.45833333333334,0.000248015873015873,6
CE1,3396,141.5,0.001130952380952381,30
CE1,3397,141.54166666666666,0.0006481481481481481,8
CE1,3398,141.58333333333334,0.0010548941798941799,10
CE1,3399,141.625,0.0041005291005291,11
CE1,3400,141.66666666666666,0.00978505291005291,6
CE1,3401,141.70833333333334,0.00016865079365079364,6
CE1,3402,141.75,0.02675925925925926,20
CE1,3403,141.79166666666666,0.00016203703703703703,6
CE1,3404,141.83333333333334,0.0002546296296296296,5
CE1,3405,141.875,0.0,0
CE1,3406,141.91666666666666,0.00014550264550264552,6
CE1,3407,141.95833333333334,0.00014550264550264552,6
CE1,3408,142.0,0.00014880952380952382,6
CE1,3409,142.04166666666666,0.00016203703703703703,6
CE1,3410,142.08333333333334,0.0001388888888888889,6
CE1,3411,142.125,0.00014550264550264552,6
CE1,3412,142.16666666666666,0.00017195767195767194,6
CE1,3413,142.20833333333334,0.00020502645502645502,6
CE1,3414,142.25,0.0017592592592592595,7
CE1,3415,142.29166666666666,0.0009986772486772486,7
CE1,3416,142.33333333333334,0.00916005291005291,8
CE1,3417,142.375,0.003998015873015873,15
CE1,3418,142.41666666666666,0.0009391534391534391,17
CE1,3419,142.45833333333334,0.00033068783068783067,9
CE1,3420,142.5,0.00033399470899470897,8
CE1,3421,142.54166666666666,0.00033399470899470897,8
CE1,3422,142.58333333333334,0.00032407407407407406,8
CE1,3423,142.625,0.05161044973544974,44
CE1,3424,142.66666666666666,0.43612103174603173,35
CE1,3425,142.70833333333334,0.04714285714285714,15
CE1,3426,142.75,0.6316501322751323,101
CE1,3427,142.79166666666666,1.0,0
CE1,3428,142.83333333333334,1.0,0
CE1,3429,142.875,1.0,0
CE1,3430,142.91666666666666,1.0,4
CE1,3431,142.95833333333334,1.0,6
CE1,3432,143.0,1.0,7
CE1,3433,143.04166666666666,1.0,8
CE1,3434,143.08333333333334,1.0,7
CE1,3435,143.125,1.0,7
CE1,3436,143.16666666666666,1.0,7
CE1,3437,143.20833333333334,1.0,8
CE1,3438,143.25,1.0,7
CE1,3439,143.29166666666666,1.0,141
CE1,3440,143.33333333333334,1.0,252
CE1,3441,143.375,1.0,8
CE1,3442,143.41666666666666,0.9811772486772486,8
CE1,3443,143.45833333333334,0.32178240740740743,42
CE1,3444,143.5,0.47448743386243386,15
CE1,3445,143.54166666666666,0.2712599206349206,6
CE1,3446,143.58333333333334,0.0008366402116402116,7
CE1,3447,143.625,0.00021164021164021165,6
CE1,3448,143.66666666666666,0.00031746031746031746,9
CE1,3449,143.70833333333334,0.0002513227513227513,7
CE1,3450,143.75,0.00022817460317460316,6
CE1,3451,143.79166666666666,0.0002513227513227513,7
CE1,3452,143.83333333333334,0.0002843915343915344,8
CE1,3453,143.875,0.0002810846560846561,7
CE1,3454,143.91666666666666,0.0002380952380952381,6
CE1,3455,143.95833333333334,0.3633366402116402,54
CE1,3456,144.0,0.4963492063492064,7
CE1,3457,144.04166666666666,0.08254960317460318,7
CE1,3458,144.08333333333334,0.0002744708994708995,7
CE1,3459,144.125,0.00022817460317460316,6
CE1,3460,144.16666666666666,0.0002744708994708995,6
CE1,3461,144.20833333333334,0.0002612433862433862,6
CE1,3462,144.25,0.001977513227513227,8
CE1,3463,144.29166666666666,0.0010449735449735448,9
CE1,3464,144.33333333333334,0.012797619047619047,10
CE1,3465,144.375,0.003128306878306878,8
CE1,3466,144.41666666666666,0.00025793650793650796,7
CE1,3467,144.45833333333334,0.0002546296296296296,7
CE1,3468,144.5,0.00027116402116402117,8
CE1,3469,144.54166666666666,0.00029761904761904765,8
CE1,3470,144.58333333333334,0.00030423280423280425,8
CE1,3471,144.625,0.0002744708994708995,8
CE1,3472,144.66666666666666,0.00037037037037037035,12
CE1,3473,144.70833333333334,0.0003439153439153439,8
CE1,3474,144.75,0.0002843915343915344,8
CE1,3475,144.79166666666666,0.010072751322751324,9
CE1,3476,144.83333333333334,0.012182539682539684,8
CE1,3477,144.875,0.012182539682539684,8
CE1,3478,144.91666666666666,0.012258597883597884,8
CE1,3479,144.95833333333334,0.10180224867724867,19
CE1,3480,145.0,0.14313161375661373,8
CE1,3481,145.04166666666666,0.14227513227513228,8
CE1,3482,145.08333333333334,0.06221560846560846,8
CE1,3483,145.125,0.023293650793650793,8
CE1,3484,145.16666666666666,0.012311507936507936,8
CE1,3485,145.20833333333334,0.012238756613756613,7
CE1,3486,145.25,0.013819444444444445,9
CE1,3487,145.29166666666666,0.013015873015873015,9
CE1,3488,145.33333333333334,0.021822089947089948,11
CE1,3489,145.375,0.014824735449735449,11
CE1,3490,145.41666666666666,0.5783895502645503,101
CE1,3491,145.45833333333334,0.3785449735449736,11
CE1,3492,145.5,0.013392857142857142,13
CE1,3493,145.54166666666666,0.01447420634920635,9
CE1,3494,145.58333333333334,0.12109788359788361,65
CE1,3495,145.625,0.7616798941798942,71
CE1,3496,145.66666666666666,0.26466931216931217,11
CE1,3497,145.70833333333334,0.12446428571428572,16
CE1,3498,145.75,0.19255291005291003,81
CE1,3499,145.79166666666666,0.3996164021164021,23
CE1,3500,145.83333333333334,0.36762896825396824,13
CE1,3501,145.875,0.3575429894179894,12
CE1,3502,145.91666666666666,0.3575595238095238,12
CE1,3503,145.95833333333334,0.34008597883597885,13
CE1,3504,146.0,0.31960648148148146,12
CE1,3505,146.04166666666666,0.3099503968253968,12
CE1,3506,146.08333333333334,0.3099074074074074,12
CE1,3507,146.125,0.30991402116402117,12
CE1,3508,146.16666666666666,0.3122718253968254,13
CE1,3509,146.20833333333334,0.31915674603174604,9
CE1,3510,146.25,0.3113888888888889,14
CE1,3511,146.29166666666666,0.3089186507936508,15
CE1,3512,146.33333333333334,0.28079365079365076,13
CE1,3513,146.375,0.2666402116402116,17
CE1,3514,146.41666666666666,0.2504265873015873,12
CE1,3515,146.45833333333334,0.2503869047619047,12
CE1,3516,146.5,0.4287731481481482,45
CE1,3517,146.54166666666666,0.5039649470899471,13
CE1,3518,146.58333333333334,0.581848544973545,33
CE1,3519,146.625,0.7419146825396825,19
CE1,3520,146.66666666666666,0.7504199735449736,13
CE1,3521,146.70833333333334,0.752718253968254,15
CE1,3522,146.75,0.7452843915343915,13
CE1,3523,146.79166666666666,0.6552943121693121,14
CE1,3524,146.83333333333334,0.6466468253968254,14
CE1,3525,146.875,0.621005291005291,16
CE1,3526,146.91666666666666,0.6079497354497354,16
CE1,3527,146.95833333333334,0.5838227513227514,16
CE1,3528,147.0,0.5760615079365079,10
CE1,3529,147.04166666666666,0.5719014550264551,16
CE1,3530,147.08333333333334,0.5718816137566138,16
CE1,3531,147.125,0.5703108465608465,16
CE1,3532,147.16666666666666,0.5600661375661375,16
CE1,3533,147.20833333333334,0.5601025132275133,16
CE1,3534,147.25,0.5617096560846561,17
CE1,3535,147.29166666666666,0.5597883597883598,18
CE1,3536,147.33333333333334,0.5555820105820105,12
CE1,3537,147.375,0.531114417989418,16
CE1,3538,147.41666666666666,0.5218981481481482,16
CE1,3539,147.45833333333334,0.4923346560846561,17
CE1,3540,147.5,0.3741203703703704,19
CE1,3541,147.54166666666666,0.31348544973544973,17
CE1,3542,147.58333333333334,0.27064814814814814,22
CE1,3543,147.625,0.17748015873015874,23
CE1,3544,147.66666666666666,0.17333664021164022,21
CE1,3545,147.70833333333334,0.3022089947089947,87
CE1,3546,147.75,0.5503373015873015,88
CE1,3547,147.79166666666666,0.5379530423280423,46
CE1,3548,147.83333333333334,0.212390873015873,61
CE1,3549,147.875,0.6467030423280423,83
CE1,3550,147.91666666666666,0.5607771164021165,93
CE1,3551,147.95833333333334,0.41999007936507937,24
CE1,3552,148.0,0.35255952380952377,16
CE1,3553,148.04166666666666,0.3427347883597884,16
CE1,3554,148.08333333333334,0.3242526455026455,16
CE1,3555,148.125,0.3100297619047619,16
CE1,3556,148.16666666666666,0.2872619047619048,16
CE1,3557,148.20833333333334,0.2645568783068783,18
CE1,3558,148.25,0.24625992063492066,15
CE1,3559,148.29166666666666,0.24080357142857142,17
CE1,3560,148.33333333333334,0.2842493386243386,51
CE1,3561,148.375,0.17657738095238096,45
CE1,3562,148.41666666666666,0.16130952380952382,37
CE1,3563,148.45833333333334,0.23819775132275134,84
CE1,3564,148.5,0.6614054232804233,46
CE1,3565,148.54166666666666,0.6544874338624338,90
CE1,3566,148.58333333333334,0.47211309523809525,32
CE1,3567,148.625,0.3843584656084656,36
CE1,3568,148.66666666666666,0.37912367724867724,51
CE1,3569,148.70833333333334,0.8625760582010583,104
CE1,3570,148.75,0.9168816137566137,42
CE1,3571,148.79166666666666,0.8515972222222222,30
CE1,3572,148.83333333333334,0.7165939153439153,19
CE1,3573,148.875,0.06426587301587301,19
CE1,3574,148.91666666666666,0.06030092592592593,18
CE1,3575,148.95833333333334,0.06297619047619048,16
CE1,3576,149.0,0.06008597883597884,18
CE1,3577,149.04166666666666,0.0633531746031746,18
CE1,3578,149.08333333333334,0.06282738095238095,18
CE1,3579,149.125,0.06040013227513227,16
CE1,3580,149.16666666666666,0.06458994708994709,19
CE1,3581,149.20833333333334,0.06009920634920635,19
CE1,3582,149.25,0.06188492063492063,18
CE1,3583,149.29166666666666,0.06005291005291005,17
CE1,3584,149.33333333333334,0.06827050264550265,18
CE1,3585,149.375,0.06205026455026456,22
CE1,3586,149.41666666666666,0.06123677248677249,15
CE1,3587,149.45833333333334,0.06000661375661376,16
CE1,3588,149.5,0.16823743386243387,68
CE1,3589,149.54166666666666,0.49083002645502644,37
CE1,3590,149.58333333333334,0.6647222222222222,84
CE1,3591,149.625,0.6744047619047618,15
CE1,3592,149.66666666666666,0.5689252645502646,15
CE1,3593,149.70833333333334,0.4873875661375661,11
CE1,3594,149.75,0.49650132275132275,0
CE1,3595,149.79166666666666,0.4599338624338625,0
CE1,3596,149.83333333333334,0.41894841269841276,0
CE1,3597,149.875,0.3961375661375661,0
CE1,3598,149.91666666666666,0.38095238095238093,0
CE1,3599,149.95833333333334,0.38006613756613755,0
CE1,3600,150.0,0.3528637566137566,0
CE1,3601,150.04166666666666,0.3231679894179894,0
CE1,3602,150.08333333333334,0.296276455026455,0
CE1,3603,150.125,0.2446759259259259,0
CE1,3604,150.16666666666666,0.19475859788359787,0
CE1,3605,150.20833333333334,0.170651455026455,0
CE1,3606,150.25,0.08851851851851851,0
CE1,3607,150.29166666666666,0.036243386243386244,0
CE1,3608,150.33333333333334,0.023809523809523808,0
CE1,3609,150.375,0.023809523809523808,0
CE1,3610,150.41666666666666,0.015684523809523808,0
CE1,3611,150.45833333333334,0.0,0
CE1,3612,150.5,0.0,0
CE1,3613,150.54166666666666,0.0,0
CE1,3614,150.58333333333334,0.0,0
CE1,3615,150.625,0.0,0
CE1,3616,150.66666666666666,0.0,0
CE1,3617,150.70833333333334,0.0,0
CE1,3618,150.75,0.0,0
CE1,3619,150.79166666666666,0.0,0
CE1,3620,150.83333333333334,0.0,0
CE1,3621,150.875,0.0,0
CE1,3622,150.91666666666666,0.0,0
CE1,3623,150.95833333333334,0.0,0
CE1,3624,151.0,0.0,0
CE1,3625,151.04166666666666,0.0,0
CE1,3626,151.08333333333334,0.0,0
CE1,3627,151.125,0.0,0
CE1,3628,151.16666666666666,0.0,0
CE1,3629,151.20833333333334,0.0,0
CE1,3630,151.25,0.0,0
CE1,3631,151.29166666666666,0.0,0
CE1,3632,151.33333333333334,0.0,0
CE1,3633,151.375,0.0,0
CE1,3634,151.41666666666666,0.0,0
CE1,3635,151.45833333333334,0.0,0
CE1,3636,151.5,0.0,0
CE1,3637,151.54166666666666,0.0,0
CE1,3638,151.58333333333334,0.0,0
CE1,3639,151.625,0.0,0
CE1,3640,151.66666666666666,0.0,0
CE1,3641,151.70833333333334,0.0,0
CE1,3642,151.75,0.0,0
CE1,3643,151.79166666666666,0.0,0
CE1,3644,151.83333333333334,0.0,0
CE1,3645,151.875,0.0,0
CE1,3646,151.91666666666666,0.0,0
CE1,3647,151.95833333333334,0.0,0
CE1,3648,152.0,0.0,0
CE1,3649,152.04166666666666,0.0,0
CE1,3650,152.08333333333334,0.0,0
CE1,3651,152.125,0.0,0
CE1,3652,152.16666666666666,0.0,0
CE1,3653,152.20833333333334,0.0,0
CE1,3654,152.25,0.0,0
CE1,3655,152.29166666666666,0.0,0
CE1,3656,152.33333333333334,0.0027744708994708995,23
CE1,3657,152.375,0.0015178571428571428,18
CE1,3658,152.41666666666666,0.003660714285714286,17
CE1,3659,152.45833333333334,0.0006878306878306878,19
CE1,3660,152.5,0.31573743386243386,81
CE1,3661,152.54166666666666,0.5919477513227513,89
CE1,3662,152.58333333333334,0.5285482804232805,42
CE1,3663,152.625,0.4422255291005291,27
CE1,3664,152.66666666666666,0.433994708994709,25
CE1,3665,152.70833333333334,0.42446428571428574,15
CE1,3666,152.75,0.35622023809523806,2
CE1,3667,152.79166666666666,0.00011574074074074075,4
CE1,3668,152.83333333333334,3.968253968253968e-05,2
CE1,3669,152.875,6.944444444444444e-05,3
CE1,3670,152.91666666666666,6.944444444444444e-05,3
CE1,3671,152.95833333333334,7.605820105820106e-05,3
CE1,3672,153.0,6.944444444444444e-05,3
CE1,3673,153.04166666666666,3.637566137566138e-05,2
CE1,3674,153.08333333333334,3.306878306878307e-05,2
CE1,3675,153.125,3.306878306878307e-05,2
CE1,3676,153.16666666666666,0.00012235449735449735,3
CE1,3677,153.20833333333334,0.00011243386243386243,4
CE1,3678,153.25,0.0009424603174603174,3
CE1,3679,153.29166666666666,0.00012235449735449735,4
CE1,3680,153.33333333333334,0.0012996031746031745,3
CE1,3681,153.375,3.637566137566138e-05,2
CE1,3682,153.41666666666666,3.306878306878307e-05,2
CE1,3683,153.45833333333334,0.008783068783068783,18
CE1,3684,153.5,0.059993386243386244,88
CE1,3685,153.54166666666666,0.11983796296296297,49
CE1,3686,153.58333333333334,0.29437169312169315,59
CE1,3687,153.625,0.4421296296296296,6
CE1,3688,153.66666666666666,0.45739417989417985,91
CE1,3689,153.70833333333334,0.4458068783068783,17
CE1,3690,153.75,0.45055555555555554,7
CE1,3691,153.79166666666666,0.45349867724867726,12
CE1,3692,153.83333333333334,0.4638558201058201,22
CE1,3693,153.875,0.4524636243386243,3
CE1,3694,153.91666666666666,0.5212136243386243,17
CE1,3695,153.95833333333334,0.5622718253968254,3
CE1,3696,154.0,0.4554993386243386,2
CE1,3697,154.04166666666666,0.45740740740740743,4
CE1,3698,154.08333333333334,0.38398478835978833,3
CE1,3699,154.125,0.250353835978836,4
CE1,3700,154.16666666666666,0.23087962962962963,3
CE1,3701,154.20833333333334,0.18722552910052911,6
CE1,3702,154.25,0.1045899470899471,3
CE1,3703,154.29166666666666,0.06393518518518519,7
CE1,3704,154.33333333333334,0.08476851851851852,10
CE1,3705,154.375,0.2688425925925926,60
CE1,3706,154.41666666666666,0.13215277777777779,90
CE1,3707,154.45833333333334,0.1553968253968254,124
CE1,3708,154.5,0.09144510582010582,6
CE1,3709,154.54166666666666,0.2027017195767196,52
CE1,3710,154.58333333333334,0.46582671957671956,64
CE1,3711,154.625,0.5360416666666667,162
CE1,3712,154.66666666666666,0.24433862433862436,4
CE1,3713,154.70833333333334,0.3456018518518518,38
CE1,3714,154.75,0.2695271164021164,29
CE1,3715,154.79166666666666,0.23095568783068782,75
CE1,3716,154.83333333333334,0.17363756613756612,67
CE1,3717,154.875,0.14400462962962962,44
CE1,3718,154.91666666666666,0.13677910052910053,48
CE1,3719,154.95833333333334,0.13178571428571428,35
CE1,3720,155.0,0.1253637566137566,38
CE1,3721,155.04166666666666,0.0768287037037037,43
CE1,3722,155.08333333333334,0.0726058201058201,48
CE1,3723,155.125,0.07057870370370371,52
CE1,3724,155.16666666666666,0.03722222222222222,51
CE1,3725,155.20833333333334,0.0165244708994709,43
CE1,3726,155.25,0.013816137566137567,44
CE1,3727,155.29166666666666,0.01308531746031746,46
CE1,3728,155.33333333333334,0.008673941798941799,53
CE1,3729,155.375,0.0015046296296296296,57
CE1,3730,155.41666666666666,0.0009556878306878307,39
CE1,3731,155.45833333333334,0.033095238095238094,48
CE1,3732,155.5,0.031574074074074074,61
CE1,3733,155.54166666666666,0.024090608465608468,59
CE1,3734,155.58333333333334,0.03162367724867725,46
CE1,3735,155.625,0.027579365079365082,5
CE1,3736,155.66666666666666,0.06343915343915343,12
CE1,3737,155.70833333333334,0.09417989417989418,18
CE1,3738,155.75,0.10722222222222222,3
CE1,3739,155.79166666666666,0.1071792328042328,2
CE1,3740,155.83333333333334,0.11460648148148148,3
CE1,3741,155.875,0.13183201058201058,5
CE1,3742,155.91666666666666,0.2225925925925926,36
CE1,3743,155.95833333333334,0.24338624338624337,4
CE1,3744,156.0,0.2718386243386243,5
CE1,3745,156.04166666666666,0.2742195767195767,3
CE1,3746,156.08333333333334,0.28675595238095236,3
CE1,3747,156.125,0.28578373015873015,3
CE1,3748,156.16666666666666,0.2857638888888889,2
CE1,3749,156.20833333333334,0.28664021164021164,4
CE1,3750,156.25,0.29200396825396824,3
CE1,3751,156.29166666666666,0.2858002645502645,3
CE1,3752,156.33333333333334,0.2833234126984127,5
CE1,3753,156.375,0.2858002645502645,3
CE1,3754,156.41666666666666,0.2871362433862434,6
CE1,3755,156.45833333333334,0.2921957671957672,18
CE1,3756,156.5,0.28575066137566135,2
CE1,3757,156.54166666666666,0.2856977513227513,23
CE1,3758,156.58333333333334,0.29930886243386245,61
CE1,3759,156.625,0.3208895502645503,47
CE1,3760,156.66666666666666,0.36378306878306876,57
CE1,3761,156.70833333333334,0.38608465608465614,52
CE1,3762,156.75,0.4062103174603175,49
CE1,3763,156.79166666666666,0.43071759259259257,64
CE1,3764,156.83333333333334,0.39835978835978836,44
CE1,3765,156.875,0.4155588624338624,40
CE1,3766,156.91666666666666,0.448885582010582,51
CE1,3767,156.95833333333334,0.5211805555555555,80
CE1,3768,157.0,0.4879563492063492,54
CE1,3769,157.04166666666666,0.525109126984127,46
CE1,3770,157.08333333333334,0.5416964285714285,45
CE1,3771,157.125,0.5062037037037037,41
CE1,3772,157.16666666666666,0.4826587301587302,46
CE1,3773,157.20833333333334,0.5156183862433862,62
CE1,3774,157.25,0.5265575396825397,51
CE1,3775,157.29166666666666,0.5229828042328043,42
CE1,3776,157.33333333333334,0.5120304232804233,44
CE1,3777,157.375,0.5026421957671958,45
CE1,3778,157.41666666666666,0.46385912698412696,50
CE1,3779,157.45833333333334,0.4280952380952381,38
CE1,3780,157.5,0.38766865079365076,40
CE1,3781,157.54166666666666,0.357337962962963,47
CE1,3782,157.58333333333334,0.3398280423280423,37
CE1,3783,157.625,0.3438756613756614,39
CE1,3784,157.66666666666666,0.34629629629629627,46
CE1,3785,157.70833333333334,0.32350859788359787,45
CE1,3786,157.75,0.28835978835978837,52
CE1,3787,157.79166666666666,0.2721329365079365,42
CE1,3788,157.83333333333334,0.2630621693121693,40
CE1,3789,157.875,0.2634821428571429,51
CE1,3790,157.91666666666666,0.25026455026455025,38
CE1,3791,157.95833333333334,0.2391898148148148,36
CE1,3792,158.0,0.2182506613756614,38
CE1,3793,158.04166666666666,0.20319444444444443,34
CE1,3794,158.08333333333334,0.19250992063492064,43
CE1,3795,158.125,0.19173280423280423,52
CE1,3796,158.16666666666666,0.19015873015873014,38
CE1,3797,158.20833333333334,0.16994378306878305,38
CE1,3798,158.25,0.1686276455026455,43
CE1,3799,158.29166666666666,0.16845568783068782,58
CE1,3800,158.33333333333334,0.168015873015873,30
CE1,3801,158.375,0.1667030423280423,1
CE1,3802,158.41666666666666,0.16666666666666666,0
CE1,3803,158.45833333333334,0.1711904761904762,7
CE1,3804,158.5,0.2745436507936508,25
CE1,3805,158.54166666666666,0.19788690476190474,2
CE1,3806,158.58333333333334,0.16666666666666666,0
CE1,3807,158.625,0.15613095238095237,3
CE1,3808,158.66666666666666,0.1548478835978836,3
CE1,3809,158.70833333333334,0.14628968253968255,2
CE1,3810,158.75,0.1309887566137566,2
CE1,3811,158.79166666666666,0.1309920634920635,2
CE1,3812,158.83333333333334,0.13099537037037037,2
CE1,3813,158.875,0.1269973544973545,2
CE1,3814,158.91666666666666,0.09147486772486772,2
CE1,3815,158.95833333333334,0.17994708994708994,39
CE1,3816,159.0,0.1426653439153439,11
CE1,3817,159.04166666666666,0.060062830687830686,3
CE1,3818,159.08333333333334,0.16365410052910054,30
CE1,3819,159.125,0.09152116402116402,3
CE1,3820,159.16666666666666,0.03575727513227513,2
CE1,3821,159.20833333333334,0.03581018518518518,4
CE1,3822,159.25,0.03671626984126984,3
CE1,3823,159.29166666666666,0.03608465608465609,3
CE1,3824,159.33333333333334,0.16022486772486774,25
CE1,3825,159.375,0.06952380952380952,5
CE1,3826,159.41666666666666,0.04128637566137566,74
CE1,3827,159.45833333333334,0.04963293650793651,118
CE1,3828,159.5,0.05067460317460318,113
CE1,3829,159.54166666666666,0.04304563492063492,55
CE1,3830,159.58333333333334,0.04443121693121693,59
CE1,3831,159.625,0.04777116402116403,100
CE1,3832,159.66666666666666,0.05285714285714286,107
CE1,3833,159.70833333333334,0.11284060846560846,10
CE1,3834,159.75,0.16955687830687832,6
CE1,3835,159.79166666666666,0.2206415343915344,8
CE1,3836,159.83333333333334,0.2728670634920635,11
CE1,3837,159.875,0.3201653439153439,4
CE1,3838,159.91666666666666,0.31963955026455027,8
CE1,3839,159.95833333333334,0.3467361111111111,3
CE1,3840,160.0,0.36669973544973544,6
CE1,3841,160.04166666666666,0.3720899470899471,5
CE1,3842,160.08333333333334,0.3627017195767196,4
CE1,3843,160.125,0.3861375661375661,10
CE1,3844,160.16666666666666,0.3938194444444444,5
CE1,3845,160.20833333333334,0.39031746031746034,3
CE1,3846,160.25,0.38177579365079367,5
CE1,3847,160.29166666666666,0.38143849206349206,6
CE1,3848,160.33333333333334,0.40504960317460315,2
CE1,3849,160.375,0.4014715608465608,5
CE1,3850,160.41666666666666,0.49510251322751325,31
CE1,3851,160.45833333333334,0.49076719576719574,14
CE1,3852,160.5,0.357417328042328,8
CE1,3853,160.54166666666666,0.36136243386243383,5
CE1,3854,160.58333333333334,0.3595436507936508,5
CE1,3855,160.625,0.5135714285714286,28
CE1,3856,160.66666666666666,0.4602777777777778,24
CE1,3857,160.70833333333334,0.37153439153439155,33
CE1,3858,160.75,0.5809986772486773,43
CE1,3859,160.79166666666666,0.3395304232804233,17
CE1,3860,160.83333333333334,0.26196097883597885,16
CE1,3861,160.875,0.16243055555555555,11
CE1,3862,160.91666666666666,0.1274537037037037,15
CE1,3863,160.95833333333334,0.12831349206349207,27
CE1,3864,161.0,0.3251851851851852,43
CE1,3865,161.04166666666666,0.10959986772486771,5
CE1,3866,161.08333333333334,0.10720899470899473,4
CE1,3867,161.125,0.10455357142857144,5
CE1,3868,161.16666666666666,0.08787367724867726,5
CE1,3869,161.20833333333334,0.06359126984126984,8
CE1,3870,161.25,0.05964285714285714,5
CE1,3871,161.29166666666666,0.05604166666666666,5
CE1,3872,161.33333333333334,0.04815806878306878,5
CE1,3873,161.375,0.04843253968253968,15
CE1,3874,161.41666666666666,0.03951719576719577,17
CE1,3875,161.45833333333334,0.028789682539682542,10
CE1,3876,161.5,0.023859126984126986,4
CE1,3877,161.54166666666666,0.02390542328042328,5
CE1,3878,161.58333333333334,0.04214285714285714,23
CE1,3879,161.625,0.08031415343915345,19
CE1,3880,161.66666666666666,0.22737103174603174,52
CE1,3881,161.70833333333334,0.07832010582010582,14
CE1,3882,161.75,0.03197751322751322,42
CE1,3883,161.79166666666666,0.5083796296296297,81
CE1,3884,161.83333333333334,0.8052215608465609,42
CE1,3885,161.875,0.9761904761904762,5
CE1,3886,161.91666666666666,0.9761904761904762,5
CE1,3887,161.95833333333334,0.9690046296296296,5
CE1,3888,162.0,0.5523743386243386,6
CE1,3889,162.04166666666666,0.4677017195767196,5
CE1,3890,162.08333333333334,0.45360119047619046,4
CE1,3891,162.125,0.38305886243386245,5
CE1,3892,162.16666666666666,0.23099206349206347,5
CE1,3893,162.20833333333334,0.12171626984126985,8
CE1,3894,162.25,0.08496693121693122,6
CE1,3895,162.29166666666666,0.03522156084656085,5
CE1,3896,162.33333333333334,0.007433862433862434,6
CE1,3897,162.375,0.22251653439153438,61
CE1,3898,162.41666666666666,0.9302215608465609,44
CE1,3899,162.45833333333334,0.8941798941798942,4
CE1,3900,162.5,0.5952876984126985,4
CE1,3901,162.54166666666666,0.6002480158730159,8
CE1,3902,162.58333333333334,0.5953174603174604,4
CE1,3903,162.625,0.6079232804232804,8
CE1,3904,162.66666666666666,0.6430555555555555,19
CE1,3905,162.70833333333334,0.739371693121693,41
CE1,3906,162.75,0.7716468253968254,5
CE1,3907,162.79166666666666,0.6860515873015872,14
CE1,3908,162.83333333333334,0.6479298941798942,8
CE1,3909,162.875,0.6087367724867725,0
CE1,3910,162.91666666666666,0.6071428571428571,0
CE1,3911,162.95833333333334,0.6071428571428571,0
CE1,3912,163.0,0.6071428571428571,0
CE1,3913,163.04166666666666,0.6071428571428571,0
CE1,3914,163.08333333333334,0.6071428571428571,0
CE1,3915,163.125,0.6071428571428571,0
CE1,3916,163.16666666666666,0.6071428571428571,1
CE1,3917,163.20833333333334,0.6071428571428571,0
CE1,3918,163.25,0.6071428571428571,0
CE1,3919,163.29166666666666,0.6071428571428571,0
CE1,3920,163.33333333333334,0.6071428571428571,0
CE1,3921,163.375,0.6071428571428571,0
CE1,3922,163.41666666666666,0.6071428571428571,0
CE1,3923,163.45833333333334,0.6071428571428571,1
CE1,3924,163.5,0.6071428571428571,0
CE1,3925,163.54166666666666,0.6071428571428571,1
CE1,3926,163.58333333333334,0.6073875661375661,3
CE1,3927,163.625,0.8647619047619047,122
CE1,3928,163.66666666666666,0.6389054232804232,8
CE1,3929,163.70833333333334,0.6421593915343915,3
CE1,3930,163.75,0.8928306878306879,36
CE1,3931,163.79166666666666,0.7943915343915344,2
CE1,3932,163.83333333333334,0.7829265873015873,27
CE1,3933,163.875,0.7144246031746031,5
CE1,3934,163.91666666666666,0.37529761904761905,4
CE1,3935,163.95833333333334,0.14252314814814815,5
CE1,3936,164.0,0.30626984126984125,47
CE1,3937,164.04166666666666,0.1749371693121693,5
CE1,3938,164.08333333333334,0.0714781746031746,4
CE1,3939,164.125,0.051666666666666666,4
CE1,3940,164.16666666666666,0.04767526455026455,4
CE1,3941,164.20833333333334,0.04771164021164022,6
CE1,3942,164.25,0.048402777777777774,6
CE1,3943,164.29166666666666,0.04770833333333334,5
CE1,3944,164.33333333333334,0.22238425925925925,55
CE1,3945,164.375,0.9005687830687831,41
CE1,3946,164.41666666666666,0.9761904761904762,5
CE1,3947,164.45833333333334,0.9761904761904762,4
CE1,3948,164.5,0.9761904761904762,4
CE1,3949,164.54166666666666,0.9761904761904762,4
CE1,3950,164.58333333333334,0.9761904761904762,4
CE1,3951,164.625,0.9752017195767195,4
CE1,3952,164.66666666666666,0.9761904761904762,5
CE1,3953,164.70833333333334,0.9758597883597885,4
CE1,3954,164.75,0.9613855820105821,4
CE1,3955,164.79166666666666,0.8372156084656085,6
CE1,3956,164.83333333333334,0.5227281746031746,5
CE1,3957,164.875,0.2469345238095238,6
CE1,3958,164.91666666666666,0.15488425925925928,4
CE1,3959,164.95833333333334,0.12229497354497354,5
CE1,3960,165.0,0.11909391534391535,4
CE1,3961,165.04166666666666,0.11910052910052911,4
CE1,3962,165.08333333333334,0.0862797619047619,6
CE1,3963,165.125,0.05849537037037037,4
CE1,3964,165.16666666666666,0.03577380952380952,4
CE1,3965,165.20833333333334,0.014626322751322751,10
CE1,3966,165.25,0.000806878306878307,5
CE1,3967,165.29166666666666,6.613756613756614e-05,4
CE1,3968,165.33333333333334,0.001130952380952381,5
CE1,3969,165.375,4.96031746031746e-05,4
CE1,3970,165.41666666666666,0.01678240740740741,18
CE1,3971,165.45833333333334,0.5879166666666666,63
CE1,3972,165.5,0.8691501322751323,5
CE1,3973,165.54166666666666,0.8691369047619046,5
CE1,3974,165.58333333333334,0.8690972222222222,4
CE1,3975,165.625,0.9048148148148148,22
CE1,3976,165.66666666666666,0.869103835978836,4
CE1,3977,165.70833333333334,0.8691369047619046,5
CE1,3978,165.75,0.8690939153439154,4
CE1,3979,165.79166666666666,0.8690939153439154,4
CE1,3980,165.83333333333334,0.8690972222222222,4
CE1,3981,165.875,0.8691402116402116,5
CE1,3982,165.91666666666666,0.8691798941798942,7
CE1,3983,165.95833333333334,0.869103835978836,4
CE1,3984,166.0,0.8691402116402116,5
CE1,3985,166.04166666666666,0.8685648148148148,4
CE1,3986,166.08333333333334,0.8008597883597884,9
CE1,3987,166.125,0.6476785714285714,5
CE1,3988,166.16666666666666,0.4774768518518518,5
CE1,3989,166.20833333333334,0.27756283068783066,8
CE1,3990,166.25,0.09237433862433862,5
CE1,3991,166.29166666666666,0.05626984126984127,4
CE1,3992,166.33333333333334,0.04573082010582011,6
CE1,3993,166.375,0.029708994708994713,5
CE1,3994,166.41666666666666,0.22402447089947092,47
CE1,3995,166.45833333333334,0.8927810846560846,42
CE1,3996,166.5,0.9078935185185185,20
CE1,3997,166.54166666666666,0.4570833333333334,4
CE1,3998,166.58333333333334,0.12739748677248677,40
CE1,3999,166.625,0.04172949735449735,4
CE1,4000,166.66666666666666,0.010753968253968254,4
CE1,4001,166.70833333333334,4.2989417989417985e-05,4
CE1,4002,166.75,4.6296296296296294e-05,4
CE1,4003,166.79166666666666,0.0004166666666666667,8
CE1,4004,166.83333333333334,0.00018187830687830687,6
CE1,4005,166.875,4.2989417989417985e-05,4
CE1,4006,166.91666666666666,5.291005291005291e-05,4
CE1,4007,166.95833333333334,0.000496031746031746,14
CE1,4008,167.0,0.00012235449735449735,5
CE1,4009,167.04166666666666,5.291005291005291e-05,4
CE1,4010,167.08333333333334,8.267195767195767e-05,5
CE1,4011,167.125,0.00038029100529100526,9
CE1,4012,167.16666666666666,6.283068783068783e-05,4
CE1,4013,167.20833333333334,0.00014880952380952382,8
CE1,4014,167.25,0.002215608465608466,5
CE1,4015,167.29166666666666,7.275132275132276e-05,4
CE1,4016,167.33333333333334,0.0008498677248677249,5
CE1,4017,167.375,0.00010912698412698413,5
CE1,4018,167.41666666666666,0.00012566137566137565,5
CE1,4019,167.45833333333334,0.00016865079365079364,8
CE1,4020,167.5,0.3315476190476191,57
CE1,4021,167.54166666666666,0.18708002645502647,10
CE1,4022,167.58333333333334,0.006441798941798941,4
CE1,4023,167.625,8.267195767195767e-05,5
CE1,4024,167.66666666666666,8.928571428571429e-05,6
CE1,4025,167.70833333333334,0.007976190476190477,6
CE1,4026,167.75,0.0038888888888888888,4
CE1,4027,167.79166666666666,4.6296296296296294e-05,4
CE1,4028,167.83333333333334,5.291005291005291e-05,4
CE1,4029,167.875,2.9761904761904762e-05,3
CE1,4030,167.91666666666666,5.291005291005291e-05,4
CE1,4031,167.95833333333334,4.96031746031746e-05,4
CE1,4032,168.0,8.928571428571429e-05,5
CE1,4033,168.04166666666666,4.96031746031746e-05,4
CE1,4034,168.08333333333334,0.00824404761904762,10
CE1,4035,168.125,0.00012896825396825398,6
CE1,4036,168.16666666666666,5.6216931216931215e-05,4
CE1,4037,168.20833333333334,9.259259259259259e-05,6
CE1,4038,168.25,0.0048015873015873015,5
CE1,4039,168.29166666666666,0.00699074074074074,4
CE1,4040,168.33333333333334,0.000992063492063492,5
CE1,4041,168.375,0.0020304232804232805,7
CE1,4042,168.41666666666666,0.0007738095238095238,7
CE1,4043,168.45833333333334,0.0013095238095238095,7
CE1,4044,168.5,8.597883597883597e-05,5
CE1,4045,168.54166666666666,8.267195767195767e-05,5
CE1,4046,168.58333333333334,9.58994708994709e-05,6
CE1,4047,168.625,0.004083994708994709,19
CE1,4048,168.66666666666666,0.0015046296296296296,21
CE1,4049,168.70833333333334,0.009497354497354497,60
CE1,4050,168.75,0.05232473544973545,86
CE1,4051,168.79166666666666,0.0018386243386243385,27
CE1,4052,168.83333333333334,0.0005456349206349206,12
CE1,4053,168.875,0.0006117724867724867,15
CE1,4054,168.91666666666666,9.58994708994709e-05,5
CE1,4055,168.95833333333334,4.6296296296296294e-05,4
CE1,4056,169.0,4.6296296296296294e-05,4
CE1,4057,169.04166666666666,5.9523809523809524e-05,6
CE1,4058,169.08333333333334,0.08014880952380952,23
CE1,4059,169.125,0.38625330687830683,74
CE1,4060,169.16666666666666,0.6956646825396826,57
CE1,4061,169.20833333333334,0.6937996031746032,58
CE1,4062,169.25,0.5008068783068783,41
CE1,4063,169.29166666666666,0.4121428571428571,48
CE1,4064,169.33333333333334,0.9072949735449735,36
CE1,4065,169.375,0.9524537037037037,14
CE1,4066,169.41666666666666,0.9521428571428572,20
CE1,4067,169.45833333333334,0.9471858465608466,30
CE1,4068,169.5,0.699890873015873,22
CE1,4069,169.54166666666666,0.40457671957671953,23
CE1,4070,169.58333333333334,0.3367559523809524,4
CE1,4071,169.625,0.21956349206349204,4
CE1,4072,169.66666666666666,0.0554728835978836,65
CE1,4073,169.70833333333334,0.002691798941798942,20
CE1,4074,169.75,0.3615509259259259,63
CE1,4075,169.79166666666666,0.8910119047619047,51
CE1,4076,169.83333333333334,0.9175661375661376,4
CE1,4077,169.875,0.5045899470899471,4
CE1,4078,169.91666666666666,0.058366402116402115,4
CE1,4079,169.95833333333334,8.928571428571429e-05,5
CE1,4080,170.0,5.6216931216931215e-05,4
CE1,4081,170.04166666666666,0.008938492063492063,9
CE1,4082,170.08333333333334,0.20890873015873015,34
CE1,4083,170.125,0.7039484126984127,49
CE1,4084,170.16666666666666,0.7619146825396825,17
CE1,4085,170.20833333333334,0.43010251322751325,17
CE1,4086,170.25,0.1743320105820106,12
CE1,4087,170.29166666666666,0.12015542328042328,6
CE1,4088,170.33333333333334,0.04549603174603175,5
CE1,4089,170.375,0.014589947089947089,5
CE1,4090,170.41666666666666,0.019599867724867725,6
CE1,4091,170.45833333333334,0.21293650793650792,35
CE1,4092,170.5,0.46246362433862437,20
CE1,4093,170.54166666666666,0.4076653439153439,9
CE1,4094,170.58333333333334,0.5825231481481482,89
CE1,4095,170.625,0.9533829365079365,48
CE1,4096,170.66666666666666,0.9552050264550266,12
CE1,4097,170.70833333333334,0.9486805555555555,50
CE1,4098,170.75,0.9517956349206349,10
CE1,4099,170.79166666666666,0.952281746031746,7
CE1,4100,170.83333333333334,0.8824140211640212,4
CE1,4101,170.875,0.7918981481481482,12
CE1,4102,170.91666666666666,0.7214847883597884,8
CE1,4103,170.95833333333334,0.7147123015873016,14
CE1,4104,171.0,0.7147784391534392,17
CE1,4105,171.04166666666666,0.7342526455026455,31
CE1,4106,171.08333333333334,0.9495634920634921,21
CE1,4107,171.125,0.9520866402116402,32
CE1,4108,171.16666666666666,0.950925925925926,32
CE1,4109,171.20833333333334,0.952473544973545,8
CE1,4110,171.25,0.952933201058201,10
CE1,4111,171.29166666666666,0.9087698412698414,18
CE1,4112,171.33333333333334,0.8389120370370371,10
CE1,4113,171.375,0.7333994708994709,14
CE1,4114,171.41666666666666,0.7144742063492063,9
CE1,4115,171.45833333333334,0.7144411375661376,9
CE1,4116,171.5,0.7146296296296296,16
CE1,4117,171.54166666666666,0.7145800264550265,15
CE1,4118,171.58333333333334,0.7146263227513228,16
CE1,4119,171.625,0.7147089947089947,19
CE1,4120,171.66666666666666,0.7146064814814815,16
CE1,4121,171.70833333333334,0.7147321428571429,19
CE1,4122,171.75,0.7147255291005291,20
CE1,4123,171.79166666666666,0.7146693121693122,17
CE1,4124,171.83333333333334,0.7145337301587302,13
CE1,4125,171.875,0.7147156084656084,19
CE1,4126,171.91666666666666,0.714649470899471,17
CE1,4127,171.95833333333334,0.7145370370370371,13
CE1,4128,172.0,0.7144874338624339,11
CE1,4129,172.04166666666666,0.7375330687830688,26
CE1,4130,172.08333333333334,0.7380125661375662,29
CE1,4131,172.125,0.7145138888888889,11
CE1,4132,172.16666666666666,0.7149272486772487,14
CE1,4133,172.20833333333334,0.7147619047619047,21
CE1,4134,172.25,0.714728835978836,18
CE1,4135,172.29166666666666,0.7148842592592592,19
CE1,4136,172.33333333333334,0.7158465608465608,18
CE1,4137,172.375,0.7146263227513228,16
CE1,4138,172.41666666666666,0.7145800264550265,14
CE1,4139,172.45833333333334,0.7914186507936508,20
CE1,4140,172.5,0.8217956349206349,16
CE1,4141,172.54166666666666,0.8219080687830688,20
CE1,4142,172.58333333333334,0.8203141534391534,21
CE1,4143,172.625,0.773313492063492,28
CE1,4144,172.66666666666666,0.6996064814814815,32
CE1,4145,172.70833333333334,0.6642625661375662,42
CE1,4146,172.75,0.648640873015873,40
CE1,4147,172.79166666666666,0.6652579365079365,23
CE1,4148,172.83333333333334,0.667040343915344,16
CE1,4149,172.875,0.6671660052910053,20
CE1,4150,172.91666666666666,0.6670866402116402,20
CE1,4151,172.95833333333334,0.6673313492063492,26
CE1,4152,173.0,0.6668121693121692,10
CE1,4153,173.04166666666666,0.6667162698412699,4
CE1,4154,173.08333333333334,0.6733928571428571,7
CE1,4155,173.125,0.6667129629629629,4
CE1,4156,173.16666666666666,0.6667261904761905,4
CE1,4157,173.20833333333334,0.6668121693121692,8
CE1,4158,173.25,0.7655753968253969,23
CE1,4159,173.29166666666666,0.9203174603174604,9
CE1,4160,173.33333333333334,0.9296792328042327,4
CE1,4161,173.375,0.9287698412698413,10
CE1,4162,173.41666666666666,0.8933399470899471,2
CE1,4163,173.45833333333334,0.7194775132275132,49
CE1,4164,173.5,0.6794543650793651,11
CE1,4165,173.54166666666666,0.666686507936508,2
CE1,4166,173.58333333333334,0.6674834656084656,5
CE1,4167,173.625,0.6905621693121693,5
CE1,4168,173.66666666666666,0.7013657407407408,6
CE1,4169,173.70833333333334,0.6999966931216931,21
CE1,4170,173.75,0.6983763227513228,24
CE1,4171,173.79166666666666,0.6911044973544973,25
CE1,4172,173.83333333333334,0.6910019841269841,20
CE1,4173,173.875,0.691058201058201,23
CE1,4174,173.91666666666666,0.6909689153439154,20
CE1,4175,173.95833333333334,0.6909325396825396,18
CE1,4176,174.0,0.6973412698412699,17
CE1,4177,174.04166666666666,0.7028670634920635,19
CE1,4178,174.08333333333334,0.7076488095238096,17
CE1,4179,174.125,0.7027876984126984,16
CE1,4180,174.16666666666666,0.7028604497354497,19
CE1,4181,174.20833333333334,0.7028736772486772,20
CE1,4182,174.25,0.70432208994709,17
CE1,4183,174.29166666666666,0.703125,24
CE1,4184,174.33333333333334,0.7039583333333334,22
CE1,4185,174.375,0.7028637566137567,19
CE1,4186,174.41666666666666,0.7029993386243386,23
CE1,4187,174.45833333333334,0.7033035714285715,26
CE1,4188,174.5,0.7027116402116402,16
CE1,4189,174.54166666666666,0.7031084656084656,19
CE1,4190,174.58333333333334,0.7068154761904762,23
CE1,4191,174.625,0.12926256613756615,51
CE1,4192,174.66666666666666,0.015148809523809523,22
CE1,4193,174.70833333333334,0.012486772486772487,12
CE1,4194,174.75,0.028399470899470897,30
CE1,4195,174.79166666666666,0.02450727513227513,23
CE1,4196,174.83333333333334,0.014930555555555555,29
CE1,4197,174.875,0.012331349206349207,14
CE1,4198,174.91666666666666,0.012652116402116402,22
CE1,4199,174.95833333333334,0.012549603174603175,22
CE1,4200,175.0,0.006517857142857143,23
CE1,4201,175.04166666666666,0.0005423280423280423,20
CE1,4202,175.08333333333334,0.006871693121693122,21
CE1,4203,175.125,0.0006845238095238096,20
CE1,4204,175.16666666666666,0.0004332010582010582,18
CE1,4205,175.20833333333334,0.0006547619047619047,21
CE1,4206,175.25,0.002294973544973545,16
CE1,4207,175.29166666666666,0.0008267195767195768,22
CE1,4208,175.33333333333334,0.0012466931216931216,14
CE1,4209,175.375,0.0002876984126984127,12
CE1,4210,175.41666666666666,0.00047949735449735455,17
CE1,4211,175.45833333333334,0.0005191798941798942,14
CE1,4212,175.5,0.006028439153439154,19
CE1,4213,175.54166666666666,0.019077380952380953,26
CE1,4214,175.58333333333334,0.025446428571428575,17
CE1,4215,175.625,0.02164021164021164,22
CE1,4216,175.66666666666666,0.015333994708994709,36
CE1,4217,175.70833333333334,0.005162037037037037,15
CE1,4218,175.75,0.012843915343915343,23
CE1,4219,175.79166666666666,0.0009160052910052909,25
CE1,4220,175.83333333333334,0.0005952380952380953,21
CE1,4221,175.875,0.0005125661375661375,22
CE1,4222,175.91666666666666,0.000863095238095238,23
CE1,4223,175.95833333333334,0.007123015873015874,95
CE1,4224,176.0,0.009464285714285715,118
CE1,4225,176.04166666666666,0.008792989417989418,99
CE1,4226,176.08333333333334,0.017377645502645502,47
CE1,4227,176.125,0.327771164021164,52
CE1,4228,176.16666666666666,0.6578604497354498,12
CE1,4229,176.20833333333334,0.6622255291005291,6
CE1,4230,176.25,0.591388888888889,6
CE1,4231,176.29166666666666,0.45086970899470896,4
CE1,4232,176.33333333333334,0.3259126984126984,5
CE1,4233,176.375,0.22453373015873015,4
CE1,4234,176.41666666666666,0.15647156084656086,0
CE1,4235,176.45833333333334,0.07438161375661376,7
CE1,4236,176.5,0.0035449735449735445,6
CE1,4237,176.54166666666666,8.597883597883597e-05,5
CE1,4238,176.58333333333334,4.96031746031746e-05,5
CE1,4239,176.625,4.6296296296296294e-05,4
CE1,4240,176.66666666666666,5.291005291005291e-05,5
CE1,4241,176.70833333333334,5.6216931216931215e-05,4
CE1,4242,176.75,5.291005291005291e-05,5
CE1,4243,176.79166666666666,0.001001984126984127,6
CE1,4244,176.83333333333334,5.291005291005291e-05,5
CE1,4245,176.875,4.96031746031746e-05,4
CE1,4246,176.91666666666666,6.283068783068783e-05,5
CE1,4247,176.95833333333334,4.6296296296296294e-05,4
CE1,4248,177.0,5.291005291005291e-05,5
CE1,4249,177.04166666666666,0.0004828042328042328,9
CE1,4250,177.08333333333334,0.007516534391534392,6
CE1,4251,177.125,4.96031746031746e-05,4
CE1,4252,177.16666666666666,6.613756613756614e-05,5
CE1,4253,177.20833333333334,0.00014880952380952382,8
CE1,4254,177.25,0.004593253968253968,6
CE1,4255,177.29166666666666,0.012777777777777777,6
CE1,4256,177.33333333333334,0.0024470899470899468,7
CE1,4257,177.375,0.00656415343915344,5
CE1,4258,177.41666666666666,0.0327281746031746,18
CE1,4259,177.45833333333334,0.05845568783068783,5
CE1,4260,177.5,0.04771825396825397,6
CE1,4261,177.54166666666666,0.04766534391534391,4
CE1,4262,177.58333333333334,0.029103835978835976,5
CE1,4263,177.625,0.0032407407407407406,7
CE1,4264,177.66666666666666,5.6216931216931215e-05,5
CE1,4265,177.70833333333334,0.0012037037037037038,5
CE1,4266,177.75,5.6216931216931215e-05,5
CE1,4267,177.79166666666666,4.96031746031746e-05,4
CE1,4268,177.83333333333334,5.9523809523809524e-05,5
CE1,4269,177.875,4.96031746031746e-05,4
CE1,4270,177.91666666666666,5.291005291005291e-05,5
CE1,4271,177.95833333333334,4.6296296296296294e-05,4
CE1,4272,178.0,6.283068783068783e-05,5
CE1,4273,178.04166666666666,4.6296296296296294e-05,4
CE1,4274,178.08333333333334,5.6216931216931215e-05,5
CE1,4275,178.125,4.6296296296296294e-05,4
CE1,4276,178.16666666666666,5.9523809523809524e-05,5
CE1,4277,178.20833333333334,0.00011904761904761905,7
CE1,4278,178.25,0.0010648148148148147,6
CE1,4279,178.29166666666666,7.936507936507937e-05,5
CE1,4280,178.33333333333334,0.0002843915343915344,5
CE1,4281,178.375,5.6216931216931215e-05,4
CE1,4282,178.41666666666666,7.936507936507937e-05,5
CE1,4283,178.45833333333334,8.928571428571429e-05,4
CE1,4284,178.5,4.96031746031746e-05,5
CE1,4285,178.54166666666666,4.6296296296296294e-05,4
CE1,4286,178.58333333333334,8.267195767195767e-05,6
CE1,4287,178.625,4.96031746031746e-05,4
CE1,4288,178.66666666666666,0.0014252645502645502,41
CE1,4289,178.70833333333334,0.0006150793650793651,19
CE1,4290,178.75,5.291005291005291e-05,5
CE1,4291,178.79166666666666,4.2989417989417985e-05,4
CE1,4292,178.83333333333334,5.291005291005291e-05,5
CE1,4293,178.875,4.6296296296296294e-05,4
CE1,4294,178.91666666666666,5.9523809523809524e-05,5
CE1,4295,178.95833333333334,9.92063492063492e-05,4
CE1,4296,179.0,6.944444444444444e-05,5
CE1,4297,179.04166666666666,4.2989417989417985e-05,4
CE1,4298,179.08333333333334,4.6296296296296294e-05,5
CE1,4299,179.125,4.6296296296296294e-05,4
CE1,4300,179.16666666666666,6.613756613756614e-05,5
CE1,4301,179.20833333333334,0.0001421957671957672,8
CE1,4302,179.25,5.6216931216931215e-05,5
CE1,4303,179.29166666666666,5.291005291005291e-05,4
CE1,4304,179.33333333333334,0.00029100529100529104,6
CE1,4305,179.375,4.96031746031746e-05,4
CE1,4306,179.41666666666666,7.605820105820106e-05,5
CE1,4307,179.45833333333334,5.291005291005291e-05,4
CE1,4308,179.5,5.291005291005291e-05,5
CE1,4309,179.54166666666666,4.6296296296296294e-05,4
CE1,4310,179.58333333333334,4.6296296296296294e-05,5
CE1,4311,179.625,0.0005853174603174603,6
CE1,4312,179.66666666666666,0.012030423280423282,7
CE1,4313,179.70833333333334,0.011954365079365079,4
CE1,4314,179.75,0.0119510582010582,5
CE1,4315,179.79166666666666,0.0119510582010582,4
CE1,4316,179.83333333333334,0.01199404761904762,6
CE1,4317,179.875,0.011984126984126982,5
CE1,4318,179.91666666666666,0.01197089947089947,5
CE1,4319,179.95833333333334,0.0119510582010582,4
CE1,4320,180.0,0.011960978835978837,5
CE1,4321,180.04166666666666,0.012354497354497354,8
CE1,4322,180.08333333333334,0.018442460317460316,5
CE1,4323,180.125,0.0119510582010582,4
CE1,4324,180.16666666666666,0.01197089947089947,5
CE1,4325,180.20833333333334,0.011974206349206349,5
CE1,4326,180.25,0.013501984126984128,7
CE1,4327,180.29166666666666,0.011957671957671959,4
CE1,4328,180.33333333333334,0.011960978835978837,5
CE1,4329,180.375,0.011997354497354498,4
CE1,4330,180.41666666666666,0.01201388888888889,6
CE1,4331,180.45833333333334,0.012595899470899471,12
CE1,4332,180.5,0.015717592592592596,41
CE1,4333,180.54166666666666,0.014074074074074076,22
CE1,4334,180.58333333333334,0.013627645502645502,9
CE1,4335,180.625,0.013958333333333335,40
CE1,4336,180.66666666666666,0.003154761904761905,45
CE1,4337,180.70833333333334,0.0012764550264550264,19
CE1,4338,180.75,0.000863095238095238,16
CE1,4339,180.79166666666666,0.0035714285714285713,51
CE1,4340,180.83333333333334,0.00020502645502645502,9
CE1,4341,180.875,4.96031746031746e-05,4
CE1,4342,180.91666666666666,9.259259259259259e-05,6
CE1,4343,180.95833333333334,5.6216931216931215e-05,4
CE1,4344,181.0,5.291005291005291e-05,5
CE1,4345,181.04166666666666,0.0010383597883597885,8
CE1,4346,181.08333333333334,0.007857142857142858,7
CE1,4347,181.125,4.96031746031746e-05,4
CE1,4348,181.16666666666666,6.613756613756614e-05,5
CE1,4349,181.20833333333334,7.936507936507937e-05,5
CE1,4350,181.25,0.0011276455026455027,6
CE1,4351,181.29166666666666,9.259259259259259e-05,5
CE1,4352,181.33333333333334,0.00029100529100529104,6
CE1,4353,181.375,0.00016203703703703703,3
CE1,4354,181.41666666666666,0.0003968253968253968,11
CE1,4355,181.45833333333334,0.0029365079365079364,40
CE1,4356,181.5,0.05008597883597884,83
CE1,4357,181.54166666666666,0.8932738095238095,94
CE1,4358,181.58333333333334,0.9405357142857143,25
CE1,4359,181.625,0.9405291005291005,5
CE1,4360,181.66666666666666,0.9405324074074075,17
CE1,4361,181.70833333333334,0.9405390211640212,4
CE1,4362,181.75,0.9405357142857143,5
CE1,4363,181.79166666666666,0.9405257936507936,4
CE1,4364,181.83333333333334,0.9405456349206348,5
CE1,4365,181.875,0.9405324074074075,4
CE1,4366,181.91666666666666,0.9405324074074075,5
CE1,4367,181.95833333333334,0.9405324074074075,4
CE1,4368,182.0,0.9403141534391534,5
CE1,4369,182.04166666666666,0.9379695767195767,22
CE1,4370,182.08333333333334,0.9369874338624339,4
CE1,4371,182.125,0.9384821428571428,3
CE1,4372,182.16666666666666,0.9316699735449735,40
CE1,4373,182.20833333333334,0.9353968253968254,21
CE1,4374,182.25,0.9337962962962962,10
CE1,4375,182.29166666666666,0.9288822751322751,7
CE1,4376,182.33333333333334,0.9289219576719577,26
CE1,4377,182.375,0.9320006613756614,61
CE1,4378,182.41666666666666,0.9295568783068783,20
CE1,4379,182.45833333333334,0.92869708994709,6
CE1,4380,182.5,0.9195205026455027,24
CE1,4381,182.54166666666666,0.8813095238095239,67
CE1,4382,182.58333333333334,0.9072321428571428,24
CE1,4383,182.625,0.9070568783068783,36
CE1,4384,182.66666666666666,0.9059656084656085,28
CE1,4385,182.70833333333334,0.9070238095238095,53
CE1,4386,182.75,0.9412103174603175,33
CE1,4387,182.79166666666666,0.9404100529100529,4
CE1,4388,182.83333333333334,0.9404761904761905,5
CE1,4389,182.875,0.940489417989418,2
CE1,4390,182.91666666666666,0.9403571428571428,5
CE1,4391,182.95833333333334,0.9405257936507936,4
CE1,4392,183.0,0.9400562169312169,5
CE1,4393,183.04166666666666,0.9395601851851851,20
CE1,4394,183.08333333333334,0.8578571428571429,10
CE1,4395,183.125,0.7824834656084656,4
CE1,4396,183.16666666666666,0.7361739417989418,11
CE1,4397,183.20833333333334,0.6820337301587301,9
CE1,4398,183.25,0.6715410052910054,3
CE1,4399,183.29166666666666,0.666686507936508,2
CE1,4400,183.33333333333334,0.6666931216931217,3
CE1,4401,183.375,0.6672982804232804,14
CE1,4402,183.41666666666666,0.6675363756613757,8
CE1,4403,183.45833333333334,0.6856514550264551,28
CE1,4404,183.5,0.9357671957671957,15
CE1,4405,183.54166666666666,0.9310218253968253,23
CE1,4406,183.58333333333334,0.6968353174603175,1
CE1,4407,183.625,0.6674404761904762,22
CE1,4408,183.66666666666666,0.9175958994708994,55
CE1,4409,183.70833333333334,0.9403869047619049,4
CE1,4410,183.75,0.8680191798941799,23
CE1,4411,183.79166666666666,0.6947123015873016,26
CE1,4412,183.83333333333334,0.6563227513227513,38
CE1,4413,183.875,0.6548148148148148,4
CE1,4414,183.91666666666666,0.6552876984126984,15
CE1,4415,183.95833333333334,0.6565773809523809,36
CE1,4416,184.0,0.655625,23
CE1,4417,184.04166666666666,0.6216236772486772,22
CE1,4418,184.08333333333334,0.5926686507936507,24
CE1,4419,184.125,0.5874404761904761,44
CE1,4420,184.16666666666666,0.5652347883597884,21
CE1,4421,184.20833333333334,0.5599206349206349,17
CE1,4422,184.25,0.5599305555555555,12
CE1,4423,184.29166666666666,0.5600958994708994,16
CE1,4424,184.33333333333334,0.5598776455026455,6
CE1,4425,184.375,0.5603075396825397,21
CE1,4426,184.41666666666666,0.562635582010582,57
CE1,4427,184.45833333333334,0.5619742063492064,44
CE1,4428,184.5,0.5595006613756613,15
CE1,4429,184.54166666666666,0.448316798941799,43
CE1,4430,184.58333333333334,0.3225,11
CE1,4431,184.625,0.34707010582010583,49
CE1,4432,184.66666666666666,0.351494708994709,42
CE1,4433,184.70833333333334,0.5731812169312169,79
CE1,4434,184.75,0.7562996031746032,41
CE1,4435,184.79166666666666,0.7670304232804233,23
CE1,4436,184.83333333333334,0.7742460317460317,15
CE1,4437,184.875,0.7743353174603175,15
CE1,4438,184.91666666666666,0.7738723544973545,5
CE1,4439,184.95833333333334,0.7743683862433863,13
CE1,4440,185.0,0.7762037037037037,31
CE1,4441,185.04166666666666,0.713015873015873,18
CE1,4442,185.08333333333334,0.6144246031746031,8
CE1,4443,185.125,0.5966005291005291,4
CE1,4444,185.16666666666666,0.5278505291005291,5
CE1,4445,185.20833333333334,0.468207671957672,9
CE1,4446,185.25,0.43909391534391534,10
CE1,4447,185.29166666666666,0.4568121693121693,7
CE1,4448,185.33333333333334,0.4645601851851852,5
CE1,4449,185.375,0.46431216931216934,3
CE1,4450,185.41666666666666,0.46432208994708996,4
CE1,4451,185.45833333333334,0.46433201058201057,4
CE1,4452,185.5,0.46433201058201057,4
CE1,4453,185.54166666666666,0.46219907407407407,6
CE1,4454,185.58333333333334,0.46328703703703705,6
CE1,4455,185.625,0.4643187830687831,3
CE1,4456,185.66666666666666,0.4727513227513227,6
CE1,4457,185.70833333333334,0.4574107142857143,37
CE1,4458,185.75,0.44193783068783066,16
CE1,4459,185.79166666666666,0.4434722222222222,4
CE1,4460,185.83333333333334,0.44052248677248673,4
CE1,4461,185.875,0.4405026455026455,3
CE1,4462,185.91666666666666,0.443369708994709,6
CE1,4463,185.95833333333334,0.45241732804232804,3
CE1,4464,186.0,0.459837962962963,5
CE1,4465,186.04166666666666,0.4676554232804233,5
CE1,4466,186.08333333333334,0.4607705026455027,8
CE1,4467,186.125,0.4533730158730159,5
CE1,4468,186.16666666666666,0.4509589947089947,7
CE1,4469,186.20833333333334,0.4471064814814815,6
CE1,4470,186.25,0.4174305555555555,7
CE1,4471,186.29166666666666,0.41750992063492065,6
CE1,4472,186.33333333333334,0.42886574074074074,5
CE1,4473,186.375,0.42865079365079367,4
CE1,4474,186.41666666666666,0.42587962962962966,5
CE1,4475,186.45833333333334,0.42302248677248677,6
CE1,4476,186.5,0.40944775132275135,5
CE1,4477,186.54166666666666,0.40482473544973546,4
CE1,4478,186.58333333333334,0.40963955026455023,6
CE1,4479,186.625,0.41672619047619053,4
CE1,4480,186.66666666666666,0.4167294973544974,5
CE1,4481,186.70833333333334,0.35450396825396824,22
CE1,4482,186.75,0.27921626984126985,11
CE1,4483,186.79166666666666,0.2734027777777778,4
CE1,4484,186.83333333333334,0.2726322751322751,6
CE1,4485,186.875,0.27937169312169313,5
CE1,4486,186.91666666666666,0.2857671957671958,5
CE1,4487,186.95833333333334,0.2896362433862434,6
CE1,4488,187.0,0.2977843915343915,6
CE1,4489,187.04166666666666,0.289265873015873,6
CE1,4490,187.08333333333334,0.3082043650793651,12
CE1,4491,187.125,0.29767526455026455,4
CE1,4492,187.16666666666666,0.2990410052910053,6
CE1,4493,187.20833333333334,0.2949007936507937,6
CE1,4494,187.25,0.287364417989418,8
CE1,4495,187.29166666666666,0.27851190476190474,6
CE1,4496,187.33333333333334,0.2933730158730159,9
CE1,4497,187.375,0.30541666666666667,18
CE1,4498,187.41666666666666,0.30081349206349206,6
CE1,4499,187.45833333333334,0.2987632275132275,3
CE1,4500,187.5,0.3021660052910053,5
CE1,4501,187.54166666666666,0.2976388888888889,2
CE1,4502,187.58333333333334,0.2969576719576719,5
CE1,4503,187.625,0.5764484126984127,112
CE1,4504,187.66666666666666,0.9523776455026455,19
CE1,4505,187.70833333333334,0.9523644179894181,4
CE1,4506,187.75,0.9484887566137565,8
CE1,4507,187.79166666666666,0.95239417989418,2
CE1,4508,187.83333333333334,0.9523578042328043,3
CE1,4509,187.875,0.9523214285714287,2
CE1,4510,187.91666666666666,0.9524107142857142,3
CE1,4511,187.95833333333334,0.9523677248677248,2
CE1,4512,188.0,0.9518948412698413,6
CE1,4513,188.04166666666666,0.8119907407407408,37
CE1,4514,188.08333333333334,0.6348842592592593,77
CE1,4515,188.125,0.5536871693121693,69
CE1,4516,188.16666666666666,0.410651455026455,48
CE1,4517,188.20833333333334,0.3990707671957672,56
CE1,4518,188.25,0.3618452380952381,64
CE1,4519,188.29166666666666,0.31567460317460316,53
CE1,4520,188.33333333333334,0.3170601851851852,51
CE1,4521,188.375,0.2485350529100529,47
CE1,4522,188.41666666666666,0.0759920634920635,65
CE1,4523,188.45833333333334,0.03366732804232805,70
CE1,4524,188.5,0.029699074074074076,83
CE1,4525,188.54166666666666,0.03142526455026455,77
CE1,4526,188.58333333333334,0.05348214285714285,103
CE1,4527,188.625,0.04523478835978836,125
CE1,4528,188.66666666666666,0.07680224867724868,131
CE1,4529,188.70833333333334,0.05409391534391534,104
CE1,4530,188.75,0.09472222222222222,79
CE1,4531,188.79166666666666,0.16591600529100528,132
CE1,4532,188.83333333333334,0.14480489417989417,125
CE1,4533,188.875,0.14074074074074075,114
CE1,4534,188.91666666666666,0.14036044973544973,129
CE1,4535,188.95833333333334,0.1317195767195767,101
CE1,4536,189.0,0.1399239417989418,116
CE1,4537,189.04166666666666,0.12136574074074073,140
CE1,4538,189.08333333333334,0.12485119047619049,119
CE1,4539,189.125,0.1148181216931217,131
CE1,4540,189.16666666666666,0.11841931216931217,142
CE1,4541,189.20833333333334,0.11781084656084656,120
CE1,4542,189.25,0.12547949735449734,127
CE1,4543,189.29166666666666,0.12373015873015872,142
CE1,4544,189.33333333333334,0.09482804232804233,142
CE1,4545,189.375,0.07874669312169312,122
CE1,4546,189.41666666666666,0.09613756613756613,126
CE1,4547,189.45833333333334,0.10682208994708994,110
CE1,4548,189.5,0.23252645502645505,173
CE1,4549,189.54166666666666,0.26040343915343916,152
CE1,4550,189.58333333333334,0.29611772486772486,146
CE1,4551,189.625,0.25125000000000003,47
CE1,4552,189.66666666666666,0.4531051587301588,181
CE1,4553,189.70833333333334,0.3178141534391535,216
CE1,4554,189.75,0.1979596560846561,118
CE1,4555,189.79166666666666,0.23986772486772484,141
CE1,4556,189.83333333333334,0.2857275132275132,127
CE1,4557,189.875,0.3104828042328042,135
CE1,4558,189.91666666666666,0.2989649470899471,153
CE1,4559,189.95833333333334,0.24296296296296296,174
CE1,4560,190.0,0.2228505291005291,168
CE1,4561,190.04166666666666,0.21468584656084655,142
CE1,4562,190.08333333333334,0.224755291005291,144
CE1,4563,190.125,0.19066137566137564,9
CE1,4564,190.16666666666666,0.18804232804232804,5
CE1,4565,190.20833333333334,0.17368716931216932,6
CE1,4566,190.25,0.16672949735449735,5
CE1,4567,190.29166666666666,0.16671957671957674,4
CE1,4568,190.33333333333334,0.1667228835978836,5
CE1,4569,190.375,0.21744708994708994,16
CE1,4570,190.41666666666666,0.2754232804232804,11
CE1,4571,190.45833333333334,0.19148478835978835,5
CE1,4572,190.5,0.11611772486772487,10
CE1,4573,190.54166666666666,0.11024470899470899,69
CE1,4574,190.58333333333334,0.33607804232804234,87
CE1,4575,190.625,0.36860780423280426,106
CE1,4576,190.66666666666666,0.2193253968253968,15
CE1,4577,190.70833333333334,0.3326058201058201,104
CE1,4578,190.75,0.9558796296296296,70
CE1,4579,190.79166666666666,0.9748611111111112,19
CE1,4580,190.83333333333334,0.6636408730158729,23
CE1,4581,190.875,0.31075727513227513,14
CE1,4582,190.91666666666666,0.330026455026455,66
CE1,4583,190.95833333333334,0.3360912698412698,41
CE1,4584,191.0,0.43642526455026454,80
CE1,4585,191.04166666666666,0.5138756613756614,21
CE1,4586,191.08333333333334,0.5744047619047619,34
CE1,4587,191.125,0.8646825396825397,47
CE1,4588,191.16666666666666,0.9813921957671958,20
CE1,4589,191.20833333333334,0.9735052910052909,16
CE1,4590,191.25,0.9617228835978837,10
CE1,4591,191.29166666666666,0.9254596560846561,5
CE1,4592,191.33333333333334,0.9167261904761904,5
CE1,4593,191.375,0.9122288359788359,43
CE1,4594,191.41666666666666,0.9350694444444445,43
CE1,4595,191.45833333333334,0.8679464285714286,2
CE1,4596,191.5,0.8182870370370371,3
CE1,4597,191.54166666666666,0.7538591269841269,4
CE1,4598,191.58333333333334,0.738287037037037,28
CE1,4599,191.625,0.9283234126984128,56
CE1,4600,191.66666666666666,0.9878240740740741,4
CE1,4601,191.70833333333334,0.9878604497354496,4
CE1,4602,191.75,0.9906977513227514,65
CE1,4603,191.79166666666666,0.9892460317460318,8
CE1,4604,191.83333333333334,0.7849437830687831,5
CE1,4605,191.875,0.4435681216931217,4
CE1,4606,191.91666666666666,0.3049603174603175,6
CE1,4607,191.95833333333334,0.21388888888888888,4
CE1,4608,192.0,0.18602182539682538,6
CE1,4609,192.04166666666666,0.1620601851851852,4
CE1,4610,192.08333333333334,0.13905092592592594,5
CE1,4611,192.125,0.12861772486772485,6
CE1,4612,192.16666666666666,0.12569113756613756,6
CE1,4613,192.20833333333334,0.10229828042328042,8
CE1,4614,192.25,0.07111441798941799,6
CE1,4615,192.29166666666666,0.05980489417989418,5
CE1,4616,192.33333333333334,0.059573412698412695,5
CE1,4617,192.375,0.059570105820105815,4
CE1,4618,192.41666666666666,0.059576719576719575,5
CE1,4619,192.45833333333334,0.06187830687830688,9
CE1,4620,192.5,0.5608829365079365,107
CE1,4621,192.54166666666666,0.9827876984126983,51
CE1,4622,192.58333333333334,0.938449074074074,9
CE1,4623,192.625,0.6824570105820106,27
CE1,4624,192.66666666666666,0.6819113756613757,38
CE1,4625,192.70833333333334,0.6976388888888889,43
CE1,4626,192.75,0.9886871693121694,23
CE1,4627,192.79166666666666,1.0,4
CE1,4628,192.83333333333334,0.9993187830687831,5
CE1,4629,192.875,0.9671395502645503,5
CE1,4630,192.91666666666666,0.7832076719576719,5
CE1,4631,192.95833333333334,0.6944444444444444,11
CE1,4632,193.0,0.626140873015873,5
CE1,4633,193.04166666666666,0.6158267195767196,13
CE1,4634,193.08333333333334,0.5611739417989418,22
CE1,4635,193.125,0.5355456349206349,16
CE1,4636,193.16666666666666,0.47950066137566133,25
CE1,4637,193.20833333333334,0.7727843915343916,46
CE1,4638,193.25,0.6010912698412698,5
CE1,4639,193.29166666666666,0.5337268518518519,5
CE1,4640,193.33333333333334,0.4548809523809524,4
CE1,4641,193.375,0.4113723544973545,5
CE1,4642,193.41666666666666,0.3892592592592593,4
CE1,4643,193.45833333333334,0.381005291005291,5
CE1,4644,193.5,0.3785085978835979,4
CE1,4645,193.54166666666666,0.3650231481481481,5
CE1,4646,193.58333333333334,0.35718584656084656,4
CE1,4647,193.625,0.3571957671957672,5
CE1,4648,193.66666666666666,0.35226851851851854,4
CE1,4649,193.70833333333334,0.3218088624338624,5
CE1,4650,193.75,0.31203373015873015,5
CE1,4651,193.79166666666666,0.2584755291005291,8
CE1,4652,193.83333333333334,0.18550595238095238,10
CE1,4653,193.875,0.2023214285714286,12
CE1,4654,193.91666666666666,0.26633267195767196,11
CE1,4655,193.95833333333334,0.3340343915343915,8
CE1,4656,194.0,0.3249537037037037,6
CE1,4657,194.04166666666666,0.3285978835978836,7
CE1,4658,194.08333333333334,0.3214847883597884,4
CE1,4659,194.125,0.32150132275132276,5
CE1,4660,194.16666666666666,0.3214814814814815,4
CE1,4661,194.20833333333334,0.32296296296296295,6
CE1,4662,194.25,0.32657407407407407,6
CE1,4663,194.29166666666666,0.321494708994709,5
CE1,4664,194.33333333333334,0.3214781746031746,4
CE1,4665,194.375,0.3264318783068783,6
CE1,4666,194.41666666666666,0.3124272486772487,4
CE1,4667,194.45833333333334,0.304103835978836,5
CE1,4668,194.5,0.2824702380952381,4
CE1,4669,194.54166666666666,0.21697751322751324,9
CE1,4670,194.58333333333334,0.29180555555555554,26
CE1,4671,194.625,0.2702876984126984,33
CE1,4672,194.66666666666666,0.27985449735449736,22
CE1,4673,194.70833333333334,0.35168650793650796,33
CE1,4674,194.75,0.37128306878306877,21
CE1,4675,194.79166666666666,0.37857473544973547,25
CE1,4676,194.83333333333334,0.38384259259259257,18
CE1,4677,194.875,0.5050958994708994,24
CE1,4678,194.91666666666666,0.6633796296296296,15
CE1,4679,194.95833333333334,0.8111441798941799,20
CE1,4680,195.0,0.8665806878306878,10
CE1,4681,195.04166666666666,0.8555886243386243,17
CE1,4682,195.08333333333334,0.8580820105820105,13
CE1,4683,195.125,0.7788855820105821,5
CE1,4684,195.16666666666666,0.6483796296296296,4
CE1,4685,195.20833333333334,0.5530092592592593,12
CE1,4686,195.25,0.444646164021164,13
CE1,4687,195.29166666666666,0.27509920634920637,4
CE1,4688,195.33333333333334,0.2058399470899471,4
CE1,4689,195.375,0.1702579365079365,26
CE1,4690,195.41666666666666,0.12718915343915344,4
CE1,4691,195.45833333333334,0.08280092592592593,33
CE1,4692,195.5,0.2800892857142857,60
CE1,4693,195.54166666666666,0.5121858465608465,51
CE1,4694,195.58333333333334,0.6189814814814815,58
CE1,4695,195.625,0.7402876984126985,76
CE1,4696,195.66666666666666,0.7055853174603174,75
CE1,4697,195.70833333333334,0.7625198412698412,83
CE1,4698,195.75,0.8473478835978836,59
CE1,4699,195.79166666666666,0.9493121693121693,16
CE1,4700,195.83333333333334,0.9839616402116401,15
CE1,4701,195.875,0.9248743386243387,18
CE1,4702,195.91666666666666,0.9259160052910053,20
CE1,4703,195.95833333333334,0.9469113756613756,81
CE1,4704,196.0,0.8988227513227514,32
CE1,4705,196.04166666666666,0.8,39
CE1,4706,196.08333333333334,0.8388525132275132,58
CE1,4707,196.125,0.7329034391534391,52
CE1,4708,196.16666666666666,0.6496164021164021,67
CE1,4709,196.20833333333334,0.7000363756613757,30
CE1,4710,196.25,0.600734126984127,39
CE1,4711,196.29166666666666,0.5624338624338625,43
CE1,4712,196.33333333333334,0.6367658730158731,11
CE1,4713,196.375,0.7083002645502645,23
CE1,4714,196.41666666666666,0.710757275132275,9
CE1,4715,196.45833333333334,0.9548809523809523,58
CE1,4716,196.5,0.9742824074074073,50
CE1,4717,196.54166666666666,0.9321164021164021,53
CE1,4718,196.58333333333334,0.9601091269841271,78
CE1,4719,196.625,0.9893187830687831,40
CE1,4720,196.66666666666666,0.9487962962962962,59
CE1,4721,196.70833333333334,0.931603835978836,60
CE1,4722,196.75,0.9296263227513227,51
CE1,4723,196.79166666666666,0.8149603174603174,66
CE1,4724,196.83333333333334,0.9512433862433863,96
CE1,4725,196.875,0.9327876984126985,103
CE1,4726,196.91666666666666,0.9345833333333333,62
CE1,4727,196.95833333333334,0.8593518518518518,93
CE1,4728,197.0,0.8780026455026454,67
CE1,4729,197.04166666666666,0.8435945767195767,69
CE1,4730,197.08333333333334,0.8582771164021165,42
CE1,4731,197.125,0.8354828042328043,58
CE1,4732,197.16666666666666,0.9391633597883597,51
CE1,4733,197.20833333333334,0.9691832010582011,43
CE1,4734,197.25,0.9649074074074074,39
CE1,4735,197.29166666666666,0.9652017195767196,39
CE1,4736,197.33333333333334,0.9654431216931217,21
CE1,4737,197.375,0.9752579365079365,34
CE1,4738,197.41666666666666,0.9760582010582011,8
CE1,4739,197.45833333333334,0.969563492063492,12
CE1,4740,197.5,0.9534325396825397,14
CE1,4741,197.54166666666666,0.9660681216931217,38
CE1,4742,197.58333333333334,0.9671957671957672,26
CE1,4743,197.625,0.9698445767195768,13
CE1,4744,197.66666666666666,0.9255390211640211,19
CE1,4745,197.70833333333334,0.8434160052910054,74
CE1,4746,197.75,0.8130621693121692,118
CE1,4747,197.79166666666666,0.8423941798941799,105
CE1,4748,197.83333333333334,0.7034126984126984,129
CE1,4749,197.875,0.7990972222222222,110
CE1,4750,197.91666666666666,0.6818584656084656,144
CE1,4751,197.95833333333334,0.663693783068783,69
CE1,4752,198.0,0.6392559523809523,45
CE1,4753,198.04166666666666,0.7472652116402116,100
CE1,4754,198.08333333333334,0.8642030423280422,13
CE1,4755,198.125,0.7924371693121692,22
CE1,4756,198.16666666666666,0.7480092592592593,14
CE1,4757,198.20833333333334,0.7798048941798942,16
CE1,4758,198.25,0.803042328042328,18
CE1,4759,198.29166666666666,0.7547453703703704,17
CE1,4760,198.33333333333334,0.7431845238095238,14
CE1,4761,198.375,0.738478835978836,16
CE1,4762,198.41666666666666,0.9328472222222223,74
CE1,4763,198.45833333333334,0.9626951058201059,5
CE1,4764,198.5,0.9753306878306878,9
CE1,4765,198.54166666666666,0.975492724867725,12
CE1,4766,198.58333333333334,0.9724437830687831,60
CE1,4767,198.625,0.8659623015873015,134
CE1,4768,198.66666666666666,0.8703009259259259,161
CE1,4769,198.70833333333334,0.8879001322751323,50
CE1,4770,198.75,0.8913822751322752,46
CE1,4771,198.79166666666666,0.9689550264550264,37
CE1,4772,198.83333333333334,0.9735912698412699,0
CE1,4773,198.875,0.9636276455026456,1
CE1,4774,198.91666666666666,0.9619345238095237,31
CE1,4775,198.95833333333334,0.9696164021164021,73
CE1,4776,199.0,0.9103306878306879,78
CE1,4777,199.04166666666666,0.8870171957671957,93
CE1,4778,199.08333333333334,0.8501289682539682,78
CE1,4779,199.125,0.8375429894179893,112
CE1,4780,199.16666666666666,0.826114417989418,82
CE1,4781,199.20833333333334,0.8175,74
CE1,4782,199.25,0.8165244708994709,67
CE1,4783,199.29166666666666,0.814236111111111,103
CE1,4784,199.33333333333334,0.8233101851851851,122
CE1,4785,199.375,0.822936507936508,122
CE1,4786,199.41666666666666,0.8126951058201057,44
CE1,4787,199.45833333333334,0.8157804232804233,54
CE1,4788,199.5,0.8125925925925925,43
CE1,4789,199.54166666666666,0.8146792328042328,47
CE1,4790,199.58333333333334,0.8180588624338625,66
CE1,4791,199.625,0.7945734126984128,109
CE1,4792,199.66666666666666,0.8071395502645503,128
CE1,4793,199.70833333333334,0.8154133597883598,111
CE1,4794,199.75,0.6343882275132275,150
CE1,4795,199.79166666666666,0.6647222222222222,156
CE1,4796,199.83333333333334,0.5360681216931217,131
CE1,4797,199.875,0.44747023809523806,127
CE1,4798,199.91666666666666,0.5048677248677249,170
CE1,4799,199.95833333333334,0.37197089947089945,137
CE1,4800,200.0,0.3070601851851852,152
CE1,4801,200.04166666666666,0.32320767195767197,130
CE1,4802,200.08333333333334,0.2838161375661376,145
CE1,4803,200.125,0.2707771164021164,102
CE1,4804,200.16666666666666,0.27830357142857143,74
CE1,4805,200.20833333333334,0.27835978835978836,10
CE1,4806,200.25,0.2782771164021164,8
CE1,4807,200.29166666666666,0.23819775132275134,8
CE1,4808,200.33333333333334,0.2120403439153439,4
CE1,4809,200.375,0.28976851851851854,25
CE1,4810,200.41666666666666,0.2601025132275132,16
CE1,4811,200.45833333333334,0.27185185185185184,6
CE1,4812,200.5,0.3376818783068783,12
CE1,4813,200.54166666666666,0.31121031746031746,11
CE1,4814,200.58333333333334,0.28697420634920634,9
CE1,4815,200.625,0.26386243386243385,14
CE1,4816,200.66666666666666,0.21511574074074075,8
CE1,4817,200.70833333333334,0.21599537037037037,4
CE1,4818,200.75,0.19701058201058202,8
CE1,4819,200.79166666666666,0.15613095238095237,5
CE1,4820,200.83333333333334,0.41788029100529095,53
CE1,4821,200.875,0.7541402116402116,19
CE1,4822,200.91666666666666,0.7688359788359789,9
CE1,4823,200.95833333333334,0.7655787037037036,7
CE1,4824,201.0,0.7707407407407407,12
CE1,4825,201.04166666666666,0.7774338624338624,11
CE1,4826,201.08333333333334,0.7785152116402116,7
CE1,4827,201.125,0.7805522486772487,7
CE1,4828,201.16666666666666,0.7721858465608465,10
CE1,4829,201.20833333333334,0.7339814814814815,7
CE1,4830,201.25,0.7608465608465609,21
CE1,4831,201.29166666666666,0.7402116402116402,9
CE1,4832,201.33333333333334,0.777093253968254,25
CE1,4833,201.375,0.8708862433862434,2
CE1,4834,201.41666666666666,0.7204662698412698,37
CE1,4835,201.45833333333334,0.9455059523809524,78
CE1,4836,201.5,0.9745436507936508,7
CE1,4837,201.54166666666666,0.9476421957671958,68
CE1,4838,201.58333333333334,0.8395403439153439,60
CE1,4839,201.625,0.7375231481481481,120
CE1,4840,201.66666666666666,0.792255291005291,36
CE1,4841,201.70833333333334,0.8473809523809525,86
CE1,4842,201.75,0.8864417989417989,43
CE1,4843,201.79166666666666,0.9760681216931217,1
CE1,4844,201.83333333333334,0.9244973544973545,17
CE1,4845,201.875,0.8987136243386243,18
CE1,4846,201.91666666666666,0.8906150793650793,18
CE1,4847,201.95833333333334,0.8681580687830688,11
CE1,4848,202.0,0.8390740740740741,17
CE1,4849,202.04166666666666,0.8313359788359789,43
CE1,4850,202.08333333333334,0.8208564814814816,12
CE1,4851,202.125,0.8155621693121693,36
CE1,4852,202.16666666666666,0.80880291005291,20
CE1,4853,202.20833333333334,0.8116137566137567,5
CE1,4854,202.25,0.8091633597883597,7
CE1,4855,202.29166666666666,0.8090839947089947,16
CE1,4856,202.33333333333334,0.7180456349206349,21
CE1,4857,202.375,0.7691137566137566,42
CE1,4858,202.41666666666666,0.8441005291005291,38
CE1,4859,202.45833333333334,0.964212962962963,34
CE1,4860,202.5,0.9640310846560846,3
CE1,4861,202.54166666666666,0.9641964285714286,1
CE1,4862,202.58333333333334,0.9369113756613756,1
CE1,4863,202.625,0.8021759259259259,61
CE1,4864,202.66666666666666,0.8451587301587302,33
CE1,4865,202.70833333333334,0.9504464285714287,43
CE1,4866,202.75,0.9750330687830687,36
CE1,4867,202.79166666666666,0.9744246031746032,1
CE1,4868,202.83333333333334,0.9692195767195767,21
CE1,4869,202.875,0.9693584656084656,55
CE1,4870,202.91666666666666,0.9735879629629629,30
CE1,4871,202.95833333333334,0.9517691798941799,82
CE1,4872,203.0,0.8888591269841271,93
CE1,4873,203.04166666666666,0.5864219576719577,71
CE1,4874,203.08333333333334,0.2069312169312169,80
CE1,4875,203.125,0.12523809523809523,52
CE1,4876,203.16666666666666,0.09926256613756615,21
CE1,4877,203.20833333333334,0.09849537037037036,59
CE1,4878,203.25,0.0979133597883598,74
CE1,4879,203.29166666666666,0.09013888888888888,72
CE1,4880,203.33333333333334,0.09725198412698413,66
CE1,4881,203.375,0.09777116402116401,69
CE1,4882,203.41666666666666,0.09093584656084656,62
CE1,4883,203.45833333333334,0.28208333333333335,28
CE1,4884,203.5,0.2573941798941799,18
CE1,4885,203.54166666666666,0.19331018518518517,15
CE1,4886,203.58333333333334,0.1771626984126984,12
CE1,4887,203.625,0.16654431216931215,15
CE1,4888,203.66666666666666,0.15410383597883598,19
CE1,4889,203.70833333333334,0.22991071428571427,99
CE1,4890,203.75,0.351385582010582,172
CE1,4891,203.79166666666666,0.45819113756613755,95
CE1,4892,203.83333333333334,0.5535085978835979,65
CE1,4893,203.875,0.6103009259259259,133
CE1,4894,203.91666666666666,0.6134126984126984,116
CE1,4895,203.95833333333334,0.6181746031746032,72
CE1,4896,204.0,0.6251256613756614,57
CE1,4897,204.04166666666666,0.6280191798941799,70
CE1,4898,204.08333333333334,0.5797453703703704,69
CE1,4899,204.125,0.5306580687830688,64
CE1,4900,204.16666666666666,0.484917328042328,61
CE1,4901,204.20833333333334,0.4338888888888889,64
CE1,4902,204.25,0.3993716931216931,71
CE1,4903,204.29166666666666,0.34471560846560845,78
CE1,4904,204.33333333333334,0.2909027777777778,64
CE1,4905,204.375,0.4383630952380952,97
CE1,4906,204.41666666666666,0.25142526455026454,81
CE1,4907,204.45833333333334,0.22069775132275135,45
CE1,4908,204.5,0.20777116402116405,54
CE1,4909,204.54166666666666,0.21047288359788358,68
CE1,4910,204.58333333333334,0.671412037037037,130
CE1,4911,204.625,0.9386574074074074,73
CE1,4912,204.66666666666666,0.9999272486772487,37
CE1,4913,204.70833333333334,0.9999669312169311,45
CE1,4914,204.75,0.9996296296296295,2
CE1,4915,204.79166666666666,0.994265873015873,2
CE1,4916,204.83333333333334,0.9958531746031747,0
CE1,4917,204.875,0.9999735449735451,1
CE1,4918,204.91666666666666,0.9985251322751323,31
CE1,4919,204.95833333333334,0.9958498677248677,36
CE1,4920,205.0,0.9928902116402115,13
CE1,4921,205.04166666666666,0.9964914021164022,4
CE1,4922,205.08333333333334,0.9954001322751322,3
CE1,4923,205.125,0.8761904761904761,57
CE1,4924,205.16666666666666,0.7699867724867725,52
CE1,4925,205.20833333333334,0.6289583333333334,78
CE1,4926,205.25,0.4628835978835979,71
CE1,4927,205.29166666666666,0.392718253968254,83
CE1,4928,205.33333333333334,0.2938260582010582,82
CE1,4929,205.375,0.3125,91
CE1,4930,205.41666666666666,0.1004265873015873,88
CE1,4931,205.45833333333334,0.09913029100529101,116
CE1,4932,205.5,0.10949074074074075,105
CE1,4933,205.54166666666666,0.2536474867724868,133
CE1,4934,205.58333333333334,0.5784821428571428,70
CE1,4935,205.625,0.607285052910053,4
CE1,4936,205.66666666666666,0.6681613756613757,9
CE1,4937,205.70833333333334,0.8678042328042329,44
CE1,4938,205.75,0.9748115079365081,9
CE1,4939,205.79166666666666,0.9738359788359789,20
CE1,4940,205.83333333333334,0.9758234126984127,16
CE1,4941,205.875,0.9761706349206349,6
CE1,4942,205.91666666666666,0.9729596560846561,22
CE1,4943,205.95833333333334,0.9718253968253969,30
CE1,4944,206.0,0.8903968253968254,5
CE1,4945,206.04166666666666,0.8337103174603174,7
CE1,4946,206.08333333333334,0.8321130952380952,8
CE1,4947,206.125,0.8329728835978836,7
CE1,4948,206.16666666666666,0.8329662698412699,9
CE1,4949,206.20833333333334,0.8347883597883597,4
CE1,4950,206.25,0.8333366402116402,2
CE1,4951,206.29166666666666,0.8329530423280422,9
CE1,4952,206.33333333333334,0.8329960317460318,7
CE1,4953,206.375,0.8331712962962963,7
CE1,4954,206.41666666666666,0.826385582010582,4
CE1,4955,206.45833333333334,0.8207771164021164,20
CE1,4956,206.5,0.723994708994709,13
CE1,4957,206.54166666666666,0.5935548941798942,2
CE1,4958,206.58333333333334,0.5619378306878307,0
CE1,4959,206.625,0.5429034391534392,2
CE1,4960,206.66666666666666,0.519130291005291,1
CE1,4961,206.70833333333334,0.48298280423280426,8
CE1,4962,206.75,0.5318882275132275,25
CE1,4963,206.79166666666666,0.4707242063492063,18
CE1,4964,206.83333333333334,0.4478835978835979,16
CE1,4965,206.875,0.37429563492063495,5
CE1,4966,206.91666666666666,0.31510912698412696,2
CE1,4967,206.95833333333334,0.2743187830687831,6
CE1,4968,207.0,0.24879298941798944,6
CE1,4969,207.04166666666666,0.22942129629629632,8
CE1,4970,207.08333333333334,0.18204695767195767,6
CE1,4971,207.125,0.17770171957671957,6
CE1,4972,207.16666666666666,0.07974867724867725,4
CE1,4973,207.20833333333334,0.04884589947089947,4
CE1,4974,207.25,0.040019841269841275,3
CE1,4975,207.29166666666666,0.034031084656084655,2
CE1,4976,207.33333333333334,0.033759920634920636,2
CE1,4977,207.375,0.031881613756613754,3
CE1,4978,207.41666666666666,0.031124338624338627,2
CE1,4979,207.45833333333334,0.01962962962962963,3
CE1,4980,207.5,0.022738095238095238,3
CE1,4981,207.54166666666666,0.026382275132275132,11
CE1,4982,207.58333333333334,0.031544312169312166,8
CE1,4983,207.625,0.0007275132275132275,4
CE1,4984,207.66666666666666,0.0,0
CE1,4985,207.70833333333334,0.0,1
CE1,4986,207.75,0.0,0
CE1,4987,207.79166666666666,0.0,1
CE1,4988,207.83333333333334,0.0,0
CE1,4989,207.875,0.0,1
CE1,4990,207.91666666666666,0.0,0
CE1,4991,207.95833333333334,0.0,1
CE1,4992,208.0,0.0,0
CE1,4993,208.04166666666666,0.0,1
CE1,4994,208.08333333333334,0.0,0
CE1,4995,208.125,0.0,1
CE1,4996,208.16666666666666,0.0,0
CE1,4997,208.20833333333334,0.0,1
CE1,4998,208.25,0.0,0
CE1,4999,208.29166666666666,0.0,0
CE1,5000,208.33333333333334,0.0,0
CE1,5001,208.375,0.0,0
CE1,5002,208.41666666666666,0.006511243386243386,3
CE1,5003,208.45833333333334,0.012890211640211641,6
CE1,5004,208.5,0.011984126984126982,4
CE1,5005,208.54166666666666,0.011990740740740741,5
CE1,5006,208.58333333333334,0.2267096560846561,66
CE1,5007,208.625,0.47855820105820107,65
CE1,5008,208.66666666666666,0.7187003968253968,86
CE1,5009,208.70833333333334,0.7965178571428572,61
CE1,5010,208.75,0.5912797619047618,67
CE1,5011,208.79166666666666,0.5546263227513227,79
CE1,5012,208.83333333333334,0.5133366402116403,29
CE1,5013,208.875,0.12100198412698412,6
CE1,5014,208.91666666666666,0.04543650793650794,4
CE1,5015,208.95833333333334,0.0199239417989418,5
CE1,5016,209.0,0.013660714285714285,6
CE1,5017,209.04166666666666,0.02001322751322751,8
CE1,5018,209.08333333333334,0.003677248677248677,4
CE1,5019,209.125,9.92063492063492e-05,5
CE1,5020,209.16666666666666,0.00014550264550264552,4
CE1,5021,209.20833333333334,0.00015211640211640213,5
CE1,5022,209.25,0.00014880952380952382,4
CE1,5023,209.29166666666666,0.0003869047619047619,6
CE1,5024,209.33333333333334,0.00820436507936508,5
CE1,5025,209.375,0.003713624338624339,5
CE1,5026,209.41666666666666,0.00015211640211640213,4
CE1,5027,209.45833333333334,0.0018915343915343916,6
CE1,5028,209.5,0.02217261904761905,7
CE1,5029,209.54166666666666,0.015945767195767197,5
CE1,5030,209.58333333333334,0.0053439153439153435,6
CE1,5031,209.625,0.008035714285714287,5
CE1,5032,209.66666666666666,0.0044444444444444444,5
CE1,5033,209.70833333333334,0.01255621693121693,9
CE1,5034,209.75,0.014391534391534391,5
CE1,5035,209.79166666666666,0.016279761904761905,5
CE1,5036,209.83333333333334,0.013158068783068784,5
CE1,5037,209.875,0.023683862433862432,7
CE1,5038,209.91666666666666,0.02708664021164021,5
CE1,5039,209.95833333333334,0.03591269841269841,4
CE1,5040,210.0,0.03571428571428571,0
CE1,5041,210.04166666666666,0.025218253968253966,0
CE1,5042,210.08333333333334,0.023809523809523808,0
CE1,5043,210.125,0.02382936507936508,2
CE1,5044,210.16666666666666,0.02382936507936508,2
CE1,5045,210.20833333333334,0.023832671957671955,3
CE1,5046,210.25,0.023822751322751325,2
CE1,5047,210.29166666666666,0.023835978835978835,3
CE1,5048,210.33333333333334,0.023826058201058202,2
CE1,5049,210.375,0.025416666666666664,10
CE1,5050,210.41666666666666,0.026875,8
CE1,5051,210.45833333333334,0.07063161375661375,10
CE1,5052,210.5,0.03107473544973545,3
CE1,5053,210.54166666666666,0.1714153439153439,32
CE1,5054,210.58333333333334,0.5956977513227513,34
CE1,5055,210.625,0.7982903439153439,29
CE1,5056,210.66666666666666,0.8389054232804233,28
CE1,5057,210.70833333333334,0.8741600529100528,23
CE1,5058,210.75,0.8767989417989417,22
CE1,5059,210.79166666666666,0.8696858465608466,30
CE1,5060,210.83333333333334,0.48362764550264553,51
CE1,5061,210.875,0.47754298941798945,72
CE1,5062,210.91666666666666,0.4808234126984127,57
CE1,5063,210.95833333333334,0.6892328042328042,90
CE1,5064,211.0,0.7498346560846562,87
CE1,5065,211.04166666666666,0.5756481481481481,57
CE1,5066,211.08333333333334,0.24629960317460314,9
CE1,5067,211.125,0.0962962962962963,4
CE1,5068,211.16666666666666,0.04611111111111112,3
CE1,5069,211.20833333333334,0.02435515873015873,4
CE1,5070,211.25,0.023822751322751325,2
CE1,5071,211.29166666666666,0.027483465608465606,4
CE1,5072,211.33333333333334,0.013558201058201057,17
CE1,5073,211.375,1.984126984126984e-05,3
CE1,5074,211.41666666666666,9.259259259259259e-05,7
CE1,5075,211.45833333333334,1.984126984126984e-05,3
CE1,5076,211.5,0.00010251322751322751,4
CE1,5077,211.54166666666666,0.008498677248677249,10
CE1,5078,211.58333333333334,0.12808201058201057,66
CE1,5079,211.625,0.4399437830687831,9
CE1,5080,211.66666666666666,0.5761805555555556,27
CE1,5081,211.70833333333334,0.7677579365079364,12
CE1,5082,211.75,0.8559623015873017,4
CE1,5083,211.79166666666666,0.8690707671957673,3
CE1,5084,211.83333333333334,0.8723478835978836,3
CE1,5085,211.875,0.866193783068783,5
CE1,5086,211.91666666666666,0.8258697089947089,5
CE1,5087,211.95833333333334,0.800327380952381,11
CE1,5088,212.0,0.8103835978835979,24
CE1,5089,212.04166666666666,0.7764351851851851,16
CE1,5090,212.08333333333334,0.829133597883598,11
CE1,5091,212.125,0.7805059523809523,5
CE1,5092,212.16666666666666,0.7701719576719577,7
CE1,5093,212.20833333333334,0.7980423280423281,11
CE1,5094,212.25,0.8018518518518518,2
CE1,5095,212.29166666666666,0.7811574074074075,3
CE1,5096,212.33333333333334,0.7843419312169312,19
CE1,5097,212.375,0.8459689153439153,3
CE1,5098,212.41666666666666,0.7859391534391535,21
CE1,5099,212.45833333333334,0.8477380952380952,36
CE1,5100,212.5,0.8354794973544973,16
CE1,5101,212.54166666666666,0.8558697089947089,11
CE1,5102,212.58333333333334,0.9037962962962963,8
CE1,5103,212.625,0.942556216931217,20
CE1,5104,212.66666666666666,0.9897123015873016,40
CE1,5105,212.70833333333334,0.9952678571428573,5
CE1,5106,212.75,0.9600033068783069,9
CE1,5107,212.79166666666666,0.9385912698412698,36
CE1,5108,212.83333333333334,0.9382175925925926,14
CE1,5109,212.875,0.9105522486772486,17
CE1,5110,212.91666666666666,0.9308134920634921,12
CE1,5111,212.95833333333334,0.8959060846560847,15
CE1,5112,213.0,0.9112103174603176,8
CE1,5113,213.04166666666666,0.9133498677248678,11
CE1,5114,213.08333333333334,0.9259986772486773,4
CE1,5115,213.125,0.8920238095238096,5
CE1,5116,213.16666666666666,0.8300727513227513,4
CE1,5117,213.20833333333334,0.7390376984126984,6
CE1,5118,213.25,0.6056448412698413,9
CE1,5119,213.29166666666666,0.47002314814814816,24
CE1,5120,213.33333333333334,0.7592625661375662,37
CE1,5121,213.375,0.8945833333333333,13
CE1,5122,213.41666666666666,0.8852414021164021,4
CE1,5123,213.45833333333334,0.8794775132275132,13
CE1,5124,213.5,0.9064847883597884,6
CE1,5125,213.54166666666666,0.9148313492063492,15
CE1,5126,213.58333333333334,0.9228935185185185,16
CE1,5127,213.625,0.9582440476190477,18
CE1,5128,213.66666666666666,0.892285052910053,16
CE1,5129,213.70833333333334,0.8720701058201059,30
CE1,5130,213.75,0.8972255291005291,13
CE1,5131,213.79166666666666,0.9169014550264551,3
CE1,5132,213.83333333333334,0.8808895502645503,10
CE1,5133,213.875,0.8939781746031746,7
CE1,5134,213.91666666666666,0.8804332010582011,14
CE1,5135,213.95833333333334,0.8853472222222223,8
CE1,5136,214.0,0.9413624338624338,10
CE1,5137,214.04166666666666,0.9143716931216931,10
CE1,5138,214.08333333333334,0.8677215608465609,16
CE1,5139,214.125,0.8665178571428571,25
CE1,5140,214.16666666666666,0.8780191798941799,13
CE1,5141,214.20833333333334,0.8840343915343916,11
CE1,5142,214.25,0.8970667989417989,8
CE1,5143,214.29166666666666,0.8847354497354497,7
CE1,5144,214.33333333333334,0.893964947089947,10
CE1,5145,214.375,0.8792857142857142,6
CE1,5146,214.41666666666666,0.877880291005291,17
CE1,5147,214.45833333333334,0.8859722222222223,8
CE1,5148,214.5,0.8851355820105821,17
CE1,5149,214.54166666666666,0.8941832010582009,10
CE1,5150,214.58333333333334,0.8729431216931216,12
CE1,5151,214.625,0.8811044973544973,11
CE1,5152,214.66666666666666,0.9054166666666668,6
CE1,5153,214.70833333333334,0.9278373015873016,10
CE1,5154,214.75,0.911901455026455,3
CE1,5155,214.79166666666666,0.8955489417989417,10
CE1,5156,214.83333333333334,0.9106646825396826,11
CE1,5157,214.875,0.9167063492063492,20
CE1,5158,214.91666666666666,0.9041170634920636,26
CE1,5159,214.95833333333334,0.9227116402116402,12
CE1,5160,215.0,0.8858366402116402,10
CE1,5161,215.04166666666666,0.9061607142857143,13
CE1,5162,215.08333333333334,0.8787499999999999,6
CE1,5163,215.125,0.8807440476190477,14
CE1,5164,215.16666666666666,0.8955886243386243,5
CE1,5165,215.20833333333334,0.8999570105820107,11
CE1,5166,215.25,0.8750925925925925,9
CE1,5167,215.29166666666666,0.8700396825396824,15
CE1,5168,215.33333333333334,0.5329166666666667,7
CE1,5169,215.375,0.02382936507936508,3
CE1,5170,215.41666666666666,0.023822751322751325,2
CE1,5171,215.45833333333334,0.024014550264550266,8
CE1,5172,215.5,0.02382936507936508,2
CE1,5173,215.54166666666666,0.2571560846560847,29
CE1,5174,215.58333333333334,0.16782738095238095,3
CE1,5175,215.625,0.19125,11
CE1,5176,215.66666666666666,0.19159391534391532,8
CE1,5177,215.70833333333334,0.16668650793650794,3
CE1,5178,215.75,0.15964285714285714,2
CE1,5179,215.79166666666666,0.15478174603174605,3
CE1,5180,215.83333333333334,0.1547751322751323,2
CE1,5181,215.875,0.15478835978835978,3
CE1,5182,215.91666666666666,0.1547751322751323,2
CE1,5183,215.95833333333334,0.1547751322751323,2
CE1,5184,216.0,0.14472883597883598,8
CE1,5185,216.04166666666666,0.14990079365079365,4
CE1,5186,216.08333333333334,0.14290343915343917,4
CE1,5187,216.125,0.12897156084656083,16
CE1,5188,216.16666666666666,0.14291335978835978,4
CE1,5189,216.20833333333334,0.14398478835978837,5
CE1,5190,216.25,0.1429728835978836,5
CE1,5191,216.29166666666666,0.14290343915343917,4
CE1,5192,216.33333333333334,0.14485449735449735,5
CE1,5193,216.375,0.15489087301587304,5
CE1,5194,216.41666666666666,0.1500628306878307,4
CE1,5195,216.45833333333334,0.14298280423280424,6
CE1,5196,216.5,0.14290674603174602,4
CE1,5197,216.54166666666666,0.317635582010582,52
CE1,5198,216.58333333333334,0.8749933862433863,39
CE1,5199,216.625,0.9524272486772487,5
CE1,5200,216.66666666666666,0.9525694444444445,9
CE1,5201,216.70833333333334,0.9524272486772487,5
CE1,5202,216.75,0.8604199735449735,6
CE1,5203,216.79166666666666,0.8095701058201059,5
CE1,5204,216.83333333333334,0.8095701058201059,6
CE1,5205,216.875,0.8095701058201059,4
CE1,5206,216.91666666666666,0.8095701058201059,8
CE1,5207,216.95833333333334,0.8095701058201059,5
CE1,5208,217.0,0.8098842592592593,15
CE1,5209,217.04166666666666,0.8166038359788359,18
CE1,5210,217.08333333333334,0.8095701058201059,4
CE1,5211,217.125,0.8095734126984127,6
CE1,5212,217.16666666666666,0.8095899470899471,4
CE1,5213,217.20833333333334,0.8143849206349206,6
CE1,5214,217.25,0.816848544973545,5
CE1,5215,217.29166666666666,0.8153141534391534,7
CE1,5216,217.33333333333334,0.8095800264550265,4
CE1,5217,217.375,0.8095238095238095,19
CE1,5218,217.41666666666666,0.8095238095238095,18
CE1,5219,217.45833333333334,0.8095238095238095,5
CE1,5220,217.5,0.3981316137566137,25
CE1,5221,217.54166666666666,0.26221891534391534,54
CE1,5222,217.58333333333334,0.7258333333333333,26
CE1,5223,217.625,0.9206514550264551,18
CE1,5224,217.66666666666666,0.9643452380952381,4
CE1,5225,217.70833333333334,0.996140873015873,15
CE1,5226,217.75,1.0,4
CE1,5227,217.79166666666666,1.0,5
CE1,5228,217.83333333333334,1.0,4
CE1,5229,217.875,0.9890476190476191,6
CE1,5230,217.91666666666666,0.978287037037037,13
CE1,5231,217.95833333333334,0.9120105820105819,23
CE1,5232,218.0,0.8941369047619048,28
CE1,5233,218.04166666666666,0.9161044973544974,25
CE1,5234,218.08333333333334,0.9442691798941799,4
CE1,5235,218.125,0.9560681216931217,12
CE1,5236,218.16666666666666,0.9699900793650794,4
CE1,5237,218.20833333333334,0.9643386243386244,5
CE1,5238,218.25,0.9640575396825397,6
CE1,5239,218.29166666666666,0.9362599206349206,6
CE1,5240,218.33333333333334,0.8921130952380952,20
CE1,5241,218.375,0.8705985449735449,14
CE1,5242,218.41666666666666,0.8974603174603175,46
CE1,5243,218.45833333333334,0.9076025132275133,86
CE1,5244,218.5,0.9594279100529102,94
CE1,5245,218.54166666666666,0.985459656084656,169
CE1,5246,218.58333333333334,0.9974272486772487,138
CE1,5247,218.625,0.9884292328042328,53
CE1,5248,218.66666666666666,0.9678670634920634,85
CE1,5249,218.70833333333334,0.9517096560846561,83
CE1,5250,218.75,0.927800925925926,100
CE1,5251,218.79166666666666,0.9081084656084657,110
CE1,5252,218.83333333333334,0.8574007936507936,121
CE1,5253,218.875,0.8907109788359788,126
CE1,5254,218.91666666666666,0.9418849206349207,141
CE1,5255,218.95833333333334,0.90551917989418,118
CE1,5256,219.0,0.8667989417989419,123
CE1,5257,219.04166666666666,0.7900958994708995,19
CE1,5258,219.08333333333334,0.743015873015873,129
CE1,5259,219.125,0.6843816137566138,23
CE1,5260,219.16666666666666,0.6901289682539682,10
CE1,5261,219.20833333333334,0.6666104497354498,3
CE1,5262,219.25,0.6600165343915344,0
CE1,5263,219.29166666666666,0.5741600529100529,38
CE1,5264,219.33333333333334,0.8634722222222222,31
CE1,5265,219.375,0.9752480158730159,18
CE1,5266,219.41666666666666,0.9758895502645503,20
CE1,5267,219.45833333333334,0.9746527777777778,4
CE1,5268,219.5,0.9642857142857143,4
CE1,5269,219.54166666666666,0.9642857142857143,4
CE1,5270,219.58333333333334,0.9642857142857143,17
CE1,5271,219.625,0.9633101851851852,13
CE1,5272,219.66666666666666,0.9636640211640211,15
CE1,5273,219.70833333333334,0.9548412698412698,5
CE1,5274,219.75,0.9523809523809523,5
CE1,5275,219.79166666666666,0.9401719576719577,5
CE1,5276,219.83333333333334,0.9285714285714286,4
CE1,5277,219.875,0.922142857142857,5
CE1,5278,219.91666666666666,0.9166666666666666,4
CE1,5279,219.95833333333334,0.9160383597883598,7
CE1,5280,220.0,0.9166666666666666,6
CE1,5281,220.04166666666666,0.9163558201058202,7
CE1,5282,220.08333333333334,0.9166666666666666,4
CE1,5283,220.125,0.9163128306878308,5
CE1,5284,220.16666666666666,0.9165079365079365,4
CE1,5285,220.20833333333334,0.9061772486772487,8
CE1,5286,220.25,0.9046097883597884,4
CE1,5287,220.29166666666666,0.8436607142857143,8
CE1,5288,220.33333333333334,0.7146263227513228,7
CE1,5289,220.375,0.7022420634920635,7
CE1,5290,220.41666666666666,0.7023809523809523,4
CE1,5291,220.45833333333334,0.7023809523809523,6
CE1,5292,220.5,0.7023809523809523,4
CE1,5293,220.54166666666666,0.7023809523809523,4
CE1,5294,220.58333333333334,0.7023809523809523,4
CE1,5295,220.625,0.7015575396825396,4
CE1,5296,220.66666666666666,0.6994775132275132,4
CE1,5297,220.70833333333334,0.6812268518518518,4
CE1,5298,220.75,0.6785714285714286,4
CE1,5299,220.79166666666666,0.49328042328042326,4
CE1,5300,220.83333333333334,0.46366071428571426,4
CE1,5301,220.875,0.41749669312169313,5
CE1,5302,220.91666666666666,0.4166369047619048,5
CE1,5303,220.95833333333334,0.4166666666666667,4
CE1,5304,221.0,0.4166666666666667,4
CE1,5305,221.04166666666666,0.4166666666666667,4
CE1,5306,221.08333333333334,0.4166666666666667,4
CE1,5307,221.125,0.4166666666666667,4
CE1,5308,221.16666666666666,0.40699074074074076,4
CE1,5309,221.20833333333334,0.40476190476190477,5
CE1,5310,221.25,0.40476190476190477,4
CE1,5311,221.29166666666666,0.40476190476190477,4
CE1,5312,221.33333333333334,0.40476190476190477,4
CE1,5313,221.375,0.40476190476190477,4
CE1,5314,221.41666666666666,0.40476190476190477,4
CE1,5315,221.45833333333334,0.40080357142857137,6
CE1,5316,221.5,0.38633267195767196,4
CE1,5317,221.54166666666666,0.37602843915343914,4
CE1,5318,221.58333333333334,0.36904761904761907,1
CE1,5319,221.625,0.36904761904761907,5
CE1,5320,221.66666666666666,0.36904761904761907,1
CE1,5321,221.70833333333334,0.36904761904761907,0
CE1,5322,221.75,0.3373247354497354,0
CE1,5323,221.79166666666666,0.2901488095238095,0
CE1,5324,221.83333333333334,0.27535714285714286,0
CE1,5325,221.875,0.2634490740740741,0
CE1,5326,221.91666666666666,0.2619047619047619,0
CE1,5327,221.95833333333334,0.2619047619047619,0
CE1,5328,222.0,0.2619047619047619,0
CE1,5329,222.04166666666666,0.2619047619047619,0
CE1,5330,222.08333333333334,0.2619047619047619,0
CE1,5331,222.125,0.2619047619047619,0
CE1,5332,222.16666666666666,0.2536111111111111,2
CE1,5333,222.20833333333334,0.2497850529100529,4
CE1,5334,222.25,0.24573412698412697,4
CE1,5335,222.29166666666666,0.16630621693121692,9
CE1,5336,222.33333333333334,0.039249338624338624,5
CE1,5337,222.375,0.0,17
CE1,5338,222.41666666666666,0.0,13
CE1,5339,222.45833333333334,0.0025330687830687833,22
CE1,5340,222.5,0.002820767195767196,18
CE1,5341,222.54166666666666,0.0008664021164021164,13
CE1,5342,222.58333333333334,9.92063492063492e-05,5
CE1,5343,222.625,0.00040674603174603173,8
CE1,5344,222.66666666666666,0.0007043650793650794,12
CE1,5345,222.70833333333334,0.0008994708994708994,14
CE1,5346,222.75,4.6296296296296294e-05,4
CE1,5347,222.79166666666666,0.0005224867724867724,10
CE1,5348,222.83333333333334,0.00043981481481481486,9
CE1,5349,222.875,0.0006547619047619047,10
CE1,5350,222.91666666666666,4.2989417989417985e-05,4
CE1,5351,222.95833333333334,0.0007572751322751322,8
CE1,5352,223.0,0.0005687830687830688,11
CE1,5353,223.04166666666666,0.008224206349206349,14
CE1,5354,223.08333333333334,4.6296296296296294e-05,4
CE1,5355,223.125,0.005472883597883597,7
CE1,5356,223.16666666666666,0.01597222222222222,8
CE1,5357,223.20833333333334,0.0008961640211640211,10
CE1,5358,223.25,4.6296296296296294e-05,4
CE1,5359,223.29166666666666,5.6216931216931215e-05,5
CE1,5360,223.33333333333334,4.96031746031746e-05,4
CE1,5361,223.375,4.6296296296296294e-05,5
CE1,5362,223.41666666666666,0.009761904761904762,9
CE1,5363,223.45833333333334,0.010386904761904762,15
CE1,5364,223.5,0.13071428571428573,79
CE1,5365,223.54166666666666,0.5273181216931216,50
CE1,5366,223.58333333333334,0.5460350529100528,55
CE1,5367,223.625,0.5721064814814815,62
CE1,5368,223.66666666666666,0.6235251322751323,84
CE1,5369,223.70833333333334,0.7528009259259258,64
CE1,5370,223.75,0.8439880952380951,64
CE1,5371,223.79166666666666,0.8638591269841269,57
CE1,5372,223.83333333333334,0.9232473544973545,59
CE1,5373,223.875,0.9480720899470899,14
CE1,5374,223.91666666666666,0.9404761904761905,4
CE1,5375,223.95833333333334,0.9404761904761905,6
CE1,5376,224.0,0.9404761904761905,7
CE1,5377,224.04166666666666,0.9404761904761905,7
CE1,5378,224.08333333333334,0.9404761904761905,4
CE1,5379,224.125,0.940109126984127,5
CE1,5380,224.16666666666666,0.9133928571428571,4
CE1,5381,224.20833333333334,0.8645866402116402,29
CE1,5382,224.25,0.8452380952380952,4
CE1,5383,224.29166666666666,0.8452380952380952,8
CE1,5384,224.33333333333334,0.8452380952380952,5
CE1,5385,224.375,0.841818783068783,12
CE1,5386,224.41666666666666,0.8168320105820106,3
CE1,5387,224.45833333333334,0.7936507936507937,10
CE1,5388,224.5,0.7246660052910053,19
CE1,5389,224.54166666666666,0.4191964285714286,38
CE1,5390,224.58333333333334,0.12961970899470898,15
CE1,5391,224.625,0.0,0
CE1,5392,224.66666666666666,0.0,0
CE1,5393,224.70833333333334,0.0,0
CE1,5394,224.75,0.0,0
CE1,5395,224.79166666666666,0.0,0
CE1,5396,224.83333333333334,0.0,0
CE1,5397,224.875,0.0,0
CE1,5398,224.91666666666666,0.0,0
CE1,5399,224.95833333333334,0.0,0
CE1,5400,225.0,0.0,0
CE1,5401,225.04166666666666,0.0,0
CE1,5402,225.08333333333334,0.0,0
CE1,5403,225.125,0.0,0
CE1,5404,225.16666666666666,0.0,0
CE1,5405,225.20833333333334,0.0,0
CE1,5406,225.25,0.0,0
CE1,5407,225.29166666666666,0.0,0
CE1,5408,225.33333333333334,0.0,0
CE1,5409,225.375,0.0,0
CE1,5410,225.41666666666666,0.0,0
CE1,5411,225.45833333333334,0.0,0
CE1,5412,225.5,0.0,0
CE1,5413,225.54166666666666,0.0,0
CE1,5414,225.58333333333334,0.0,0
CE1,5415,225.625,0.0,0
CE1,5416,225.66666666666666,0.0,0
CE1,5417,225.70833333333334,0.0,0
CE1,5418,225.75,0.0,0
CE1,5419,225.79166666666666,0.0,0
CE1,5420,225.83333333333334,0.0,0
CE1,5421,225.875,0.0,0
CE1,5422,225.91666666666666,0.0,0
CE1,5423,225.95833333333334,0.0,0
CE1,5424,226.0,0.0,0
CE1,5425,226.04166666666666,0.0,0
CE1,5426,226.08333333333334,0.0,0
CE1,5427,226.125,0.0,0
CE1,5428,226.16666666666666,0.0,0
CE1,5429,226.20833333333334,0.0,0
CE1,5430,226.25,0.0,0
CE1,5431,226.29166666666666,0.0,0
CE1,5432,226.33333333333334,0.0,0
CE1,5433,226.375,0.0,0
CE1,5434,226.41666666666666,0.0,0
CE1,5435,226.45833333333334,0.0,0
CE1,5436,226.5,0.0,0
CE1,5437,226.54166666666666,0.0,0
CE1,5438,226.58333333333334,0.0,0
CE1,5439,226.625,0.0,0
CE1,5440,226.66666666666666,0.0,0
CE1,5441,226.70833333333334,0.0,0
CE1,5442,226.75,0.0,0
CE1,5443,226.79166666666666,0.0,0
CE1,5444,226.83333333333334,0.0,0
CE1,5445,226.875,0.0,0
CE1,5446,226.91666666666666,0.0,0
CE1,5447,226.95833333333334,0.0,0
CE1,5448,227.0,0.0,0
CE1,5449,227.04166666666666,0.0,0
CE1,5450,227.08333333333334,0.0,0
CE1,5451,227.125,0.0,0
CE1,5452,227.16666666666666,0.0,0
CE1,5453,227.20833333333334,0.0,0
CE1,5454,227.25,0.0,0
CE1,5455,227.29166666666666,0.0,0
CE1,5456,227.33333333333334,0.0,0
CE1,5457,227.375,0.0,0
CE1,5458,227.41666666666666,0.0,0
CE1,5459,227.45833333333334,0.0,0
CE1,5460,227.5,0.0,0
CE1,5461,227.54166666666666,0.0,0
CE1,5462,227.58333333333334,0.0,0
CE1,5463,227.625,0.0,0
CE1,5464,227.66666666666666,0.0,0
CE1,5465,227.70833333333334,0.0,0
CE1,5466,227.75,0.0,0
CE1,5467,227.79166666666666,0.0,0
CE1,5468,227.83333333333334,0.0,0
CE1,5469,227.875,0.0,0
CE1,5470,227.91666666666666,0.0,0
CE1,5471,227.95833333333334,0.0,0
CE1,5472,228.0,0.0,0
CE1,5473,228.04166666666666,0.0,0
CE1,5474,228.08333333333334,0.0,0
CE1,5475,228.125,0.0,0
CE1,5476,228.16666666666666,0.0,0
CE1,5477,228.20833333333334,0.0,0
CE1,5478,228.25,0.0,0
CE1,5479,228.29166666666666,0.0,0
CE1,5480,228.33333333333334,0.0,0
CE1,5481,228.375,0.0,0
CE1,5482,228.41666666666666,0.0,0
CE1,5483,228.45833333333334,0.0,0
CE1,5484,228.5,0.0,0
CE1,5485,228.54166666666666,0.0,0
CE1,5486,228.58333333333334,0.0,0
CE1,5487,228.625,0.0,0
CE1,5488,228.66666666666666,0.0,0
CE1,5489,228.70833333333334,0.0,0
CE1,5490,228.75,0.0,0
CE1,5491,228.79166666666666,0.0,0
CE1,5492,228.83333333333334,0.0,0
CE1,5493,228.875,0.0,0
CE1,5494,228.91666666666666,0.0,0
CE1,5495,228.95833333333334,0.0,0
CE1,5496,229.0,0.0,0
CE1,5497,229.04166666666666,0.0,0
CE1,5498,229.08333333333334,0.0,0
CE1,5499,229.125,0.0,0
CE1,5500,229.16666666666666,0.0,0
CE1,5501,229.20833333333334,0.0,0
CE1,5502,229.25,0.0,0
CE1,5503,229.29166666666666,0.0,0
CE1,5504,229.33333333333334,0.0,0
CE1,5505,229.375,0.0,0
CE1,5506,229.41666666666666,0.010029761904761906,13
CE1,5507,229.45833333333334,0.0698776455026455,21
CE1,5508,229.5,0.3419047619047619,30
CE1,5509,229.54166666666666,0.5435119047619048,23
CE1,5510,229.58333333333334,0.09518849206349207,6
CE1,5511,229.625,0.14340277777777777,21
CE1,5512,229.66666666666666,0.11449074074074075,42
CE1,5513,229.70833333333334,0.09645833333333333,18
CE1,5514,229.75,0.09535714285714285,6
CE1,5515,229.79166666666666,0.123369708994709,21
CE1,5516,229.83333333333334,0.3525099206349206,24
CE1,5517,229.875,0.4997387566137566,14
CE1,5518,229.91666666666666,0.5120568783068783,7
CE1,5519,229.95833333333334,0.5130125661375662,9
CE1,5520,230.0,0.620651455026455,23
CE1,5521,230.04166666666666,0.7441137566137566,16
CE1,5522,230.08333333333334,0.7512136243386243,7
CE1,5523,230.125,0.7590013227513227,13
CE1,5524,230.16666666666666,0.8579794973544973,14
CE1,5525,230.20833333333334,0.894619708994709,11
CE1,5526,230.25,0.8944609788359789,8
CE1,5527,230.29166666666666,0.28764219576719574,20
CE1,5528,230.33333333333334,0.02560515873015873,21
CE1,5529,230.375,0.05546957671957672,28
CE1,5530,230.41666666666666,0.02385251322751323,4
CE1,5531,230.45833333333334,0.04781415343915344,81
CE1,5532,230.5,0.14724867724867727,134
CE1,5533,230.54166666666666,0.22904761904761903,102
CE1,5534,230.58333333333334,0.4975562169312169,91
CE1,5535,230.625,0.4057638888888889,88
CE1,5536,230.66666666666666,0.19672288359788362,70
CE1,5537,230.70833333333334,0.2244543650793651,72
CE1,5538,230.75,0.16820436507936506,43
CE1,5539,230.79166666666666,0.24230489417989418,69
CE1,5540,230.83333333333334,0.2707407407407407,77
CE1,5541,230.875,0.22828703703703704,58
CE1,5542,230.91666666666666,0.16273148148148148,49
CE1,5543,230.95833333333334,0.30624007936507935,79
CE1,5544,231.0,0.3085714285714286,72
CE1,5545,231.04166666666666,0.25648809523809524,85
CE1,5546,231.08333333333334,0.36257936507936506,67
CE1,5547,231.125,0.18346891534391535,52
CE1,5548,231.16666666666666,0.2772850529100529,91
CE1,5549,231.20833333333334,0.2907903439153439,88
CE1,5550,231.25,0.2650892857142857,61
CE1,5551,231.29166666666666,0.17085978835978835,41
CE1,5552,231.33333333333334,0.229864417989418,97
CE1,5553,231.375,0.19794973544973543,41
CE1,5554,231.41666666666666,0.030909391534391532,10
CE1,5555,231.45833333333334,0.025264550264550264,20
CE1,5556,231.5,0.025906084656084655,28
CE1,5557,231.54166666666666,0.0072255291005291,18
CE1,5558,231.58333333333334,0.0068948412698412705,9
CE1,5559,231.625,0.0015608465608465609,9
CE1,5560,231.66666666666666,0.0008234126984126985,13
CE1,5561,231.70833333333334,0.0017162698412698412,22
CE1,5562,231.75,0.00035052910052910054,6
CE1,5563,231.79166666666666,8.267195767195767e-05,6
CE1,5564,231.83333333333334,0.0007175925925925926,13
CE1,5565,231.875,0.0007275132275132275,14
CE1,5566,231.91666666666666,0.00012566137566137565,6
CE1,5567,231.95833333333334,0.0002447089947089947,10
CE1,5568,232.0,0.000505952380952381,11
CE1,5569,232.04166666666666,0.006160714285714285,23
CE1,5570,232.08333333333334,0.0001984126984126984,8
CE1,5571,232.125,0.0001421957671957672,7
CE1,5572,232.16666666666666,0.0004861111111111111,11
CE1,5573,232.20833333333334,0.002123015873015873,22
CE1,5574,232.25,0.0004563492063492063,10
CE1,5575,232.29166666666666,0.00013558201058201059,7
CE1,5576,232.33333333333334,0.001421957671957672,12
CE1,5577,232.375,0.002542989417989418,27
CE1,5578,232.41666666666666,0.00016203703703703703,7
CE1,5579,232.45833333333334,0.00020171957671957674,9
CE1,5580,232.5,0.0005985449735449735,12
CE1,5581,232.54166666666666,0.0010449735449735448,17
CE1,5582,232.58333333333334,0.0002414021164021164,9
CE1,5583,232.625,0.000376984126984127,8
CE1,5584,232.66666666666666,0.0014781746031746032,23
CE1,5585,232.70833333333334,0.0009821428571428572,17
CE1,5586,232.75,0.00020171957671957674,8
CE1,5587,232.79166666666666,0.03730820105820106,27
CE1,5588,232.83333333333334,0.29561507936507936,69
CE1,5589,232.875,0.33820767195767193,81
CE1,5590,232.91666666666666,0.22989417989417987,67
CE1,5591,232.95833333333334,0.2786904761904762,85
CE1,5592,233.0,0.2522619047619048,68
CE1,5593,233.04166666666666,0.2268452380952381,74
CE1,5594,233.08333333333334,0.21479166666666666,64
CE1,5595,233.125,0.31698743386243383,94
CE1,5596,233.16666666666666,0.30569444444444444,94
CE1,5597,233.20833333333334,0.27697420634920633,85
CE1,5598,233.25,0.33516865079365077,91
CE1,5599,233.29166666666666,0.32951058201058203,92
CE1,5600,233.33333333333334,0.3525727513227513,91
CE1,5601,233.375,0.371385582010582,50
CE1,5602,233.41666666666666,0.2337334656084656,42
CE1,5603,233.45833333333334,0.1241633597883598,31
CE1,5604,233.5,0.04074404761904762,30
CE1,5605,233.54166666666666,0.026752645502645504,31
CE1,5606,233.58333333333334,0.7184986772486772,63
CE1,5607,233.625,0.14226851851851852,56
CE1,5608,233.66666666666666,0.02573743386243386,36
CE1,5609,233.70833333333334,0.25447420634920637,68
CE1,5610,233.75,0.37876322751322755,62
CE1,5611,233.79166666666666,0.46807208994708993,78
CE1,5612,233.83333333333334,0.49939814814814815,77
CE1,5613,233.875,0.3943948412698413,73
CE1,5614,233.91666666666666,0.44820436507936506,73
CE1,5615,233.95833333333334,0.4959589947089947,70
CE1,5616,234.0,0.49455357142857137,83
CE1,5617,234.04166666666666,0.5002678571428572,77
CE1,5618,234.08333333333334,0.420244708994709,106
CE1,5619,234.125,0.28581349206349205,87
CE1,5620,234.16666666666666,0.31481481481481477,99
CE1,5621,234.20833333333334,0.23129960317460319,92
CE1,5622,234.25,0.2526884920634921,79
CE1,5623,234.29166666666666,0.1557903439153439,70
CE1,5624,234.33333333333334,0.03917989417989418,32
CE1,5625,234.375,0.010582010582010581,13
CE1,5626,234.41666666666666,8.267195767195767e-05,5
CE1,5627,234.45833333333334,0.001326058201058201,19
CE1,5628,234.5,0.001977513227513227,27
CE1,5629,234.54166666666666,0.001378968253968254,20
CE1,5630,234.58333333333334,0.0013359788359788359,8
CE1,5631,234.625,0.0005820105820105821,13
CE1,5632,234.66666666666666,0.0014384920634920636,22
CE1,5633,234.70833333333334,0.00031746031746031746,8
CE1,5634,234.75,0.0026025132275132278,10
CE1,5635,234.79166666666666,0.003869047619047619,18
CE1,5636,234.83333333333334,0.004417989417989418,30
CE1,5637,234.875,0.00267526455026455,20
CE1,5638,234.91666666666666,8.597883597883597e-05,5
CE1,5639,234.95833333333334,0.0007605820105820105,15
CE1,5640,235.0,0.0028703703703703703,23
CE1,5641,235.04166666666666,0.0009391534391534391,18
CE1,5642,235.08333333333334,0.0013359788359788359,9
CE1,5643,235.125,0.0012632275132275132,19
CE1,5644,235.16666666666666,0.0024900793650793653,28
CE1,5645,235.20833333333334,0.0022883597883597883,26
CE1,5646,235.25,0.00016203703703703703,7
CE1,5647,235.29166666666666,0.0011441798941798941,19
CE1,5648,235.33333333333334,0.002318121693121693,33
CE1,5649,235.375,0.0007506613756613757,15
CE1,5650,235.41666666666666,0.00016865079365079364,7
CE1,5651,235.45833333333334,0.0007738095238095238,14
CE1,5652,235.5,0.002023809523809524,27
CE1,5653,235.54166666666666,0.00030092592592592595,10
CE1,5654,235.58333333333334,0.00012566137566137565,6
CE1,5655,235.625,0.0010449735449735448,17
CE1,5656,235.66666666666666,0.002023809523809524,28
CE1,5657,235.70833333333334,0.0005952380952380953,11
CE1,5658,235.75,0.00016534391534391533,7
CE1,5659,235.79166666666666,0.0006845238095238096,13
CE1,5660,235.83333333333334,0.008627645502645503,33
CE1,5661,235.875,0.009209656084656084,21
CE1,5662,235.91666666666666,0.0058862433862433864,13
CE1,5663,235.95833333333334,0.008518518518518517,25
CE1,5664,236.0,0.012572751322751322,44
CE1,5665,236.04166666666666,0.01201388888888889,22
CE1,5666,236.08333333333334,0.008955026455026455,18
CE1,5667,236.125,0.00392526455026455,15
CE1,5668,236.16666666666666,0.0052116402116402115,30
CE1,5669,236.20833333333334,0.0015046296296296296,20
CE1,5670,236.25,0.0001884920634920635,8
CE1,5671,236.29166666666666,0.00010912698412698413,5
CE1,5672,236.33333333333334,0.0,0
CE1,5673,236.375,0.00031084656084656086,10
CE1,5674,236.41666666666666,0.0013194444444444445,25
CE1,5675,236.45833333333334,0.022705026455026454,43
CE1,5676,236.5,0.043058862433862435,62
CE1,5677,236.54166666666666,0.032685185185185185,55
CE1,5678,236.58333333333334,0.0027182539682539682,13
CE1,5679,236.625,0.0017228835978835978,24
CE1,5680,236.66666666666666,0.0021626984126984126,26
CE1,5681,236.70833333333334,0.001259920634920635,21
CE1,5682,236.75,0.03499669312169312,15
CE1,5683,236.79166666666666,0.09417989417989418,47
CE1,5684,236.83333333333334,0.16080026455026455,81
CE1,5685,236.875,0.15613756613756613,70
CE1,5686,236.91666666666666,0.10550925925925926,57
CE1,5687,236.95833333333334,0.1582142857142857,72
CE1,5688,237.0,0.13818121693121693,79
CE1,5689,237.04166666666666,0.15992724867724867,53
CE1,5690,237.08333333333334,0.15332010582010583,54
CE1,5691,237.125,0.16625661375661377,56
CE1,5692,237.16666666666666,0.12087962962962961,58
CE1,5693,237.20833333333334,0.16987103174603174,53
CE1,5694,237.25,0.14215608465608465,52
CE1,5695,237.29166666666666,0.23288359788359786,79
CE1,5696,237.33333333333334,0.18464616402116402,61
CE1,5697,237.375,0.20314814814814813,62
CE1,5698,237.41666666666666,0.1495568783068783,59
CE1,5699,237.45833333333334,0.09158068783068783,50
CE1,5700,237.5,0.18455026455026455,65
CE1,5701,237.54166666666666,0.13344246031746032,48
CE1,5702,237.58333333333334,0.08189484126984127,29
CE1,5703,237.625,0.13122354497354496,39
CE1,5704,237.66666666666666,0.05345568783068783,21
CE1,5705,237.70833333333334,0.011537698412698413,12
CE1,5706,237.75,0.005393518518518518,13
CE1,5707,237.79166666666666,0.0596031746031746,55
CE1,5708,237.83333333333334,0.2600099206349206,117
CE1,5709,237.875,0.14904100529100528,74
CE1,5710,237.91666666666666,0.0072189153439153435,5
CE1,5711,237.95833333333334,0.0007638888888888888,13
CE1,5712,238.0,0.0023346560846560847,29
CE1,5713,238.04166666666666,0.01003968253968254,16
CE1,5714,238.08333333333334,9.58994708994709e-05,5
CE1,5715,238.125,0.00010912698412698413,6
CE1,5716,238.16666666666666,0.002566137566137566,13
CE1,5717,238.20833333333334,0.05493716931216931,26
CE1,5718,238.25,0.07176256613756614,11
CE1,5719,238.29166666666666,0.0005787037037037037,13
CE1,5720,238.33333333333334,0.0012003968253968254,18
CE1,5721,238.375,0.04483465608465608,24
CE1,5722,238.41666666666666,0.054619708994709,7
CE1,5723,238.45833333333334,0.0008267195767195768,13
CE1,5724,238.5,0.002159391534391534,27
CE1,5725,238.54166666666666,0.002185846560846561,31
CE1,5726,238.58333333333334,0.0013161375661375663,22
CE1,5727,238.625,0.001626482969766552,15
old_CE2,0,0.0,0.0010218253968253968,17
old_CE2,1,0.041666666666666664,0.00034226190476190473,7
old_CE2,2,0.08333333333333333,0.0013640873015873017,17
old_CE2,3,0.125,0.000699404761904762,14
old_CE2,4,0.16666666666666666,0.0005654761904761906,10
old_CE2,5,0.20833333333333334,0.0004117063492063492,7
old_CE2,6,0.25,0.00908234126984127,17
old_CE2,7,0.2916666666666667,0.03530753968253968,14
old_CE2,8,0.3333333333333333,0.029623015873015874,14
old_CE2,9,0.375,0.0026736111111111114,9
old_CE2,10,0.4166666666666667,0.0005803571428571429,11
old_CE2,11,0.4583333333333333,0.0005803571428571429,11
old_CE2,12,0.5,0.0009523809523809525,15
old_CE2,13,0.5416666666666666,0.0005059523809523809,12
old_CE2,14,0.5833333333333334,0.0014087301587301585,17
old_CE2,15,0.625,0.0003968253968253968,9
old_CE2,16,0.6666666666666666,0.0009821428571428572,16
old_CE2,17,0.7083333333333334,0.0013839285714285713,23
old_CE2,18,0.75,0.0008283730158730159,14
old_CE2,19,0.7916666666666666,0.0004166666666666667,9
old_CE2,20,0.8333333333333334,0.0006051587301587302,11
old_CE2,21,0.875,0.0006349206349206349,13
old_CE2,22,0.9166666666666666,0.0005753968253968254,11
old_CE2,23,0.9583333333333334,0.0004117063492063492,7
old_CE2,24,1.0,0.0008878968253968254,15
old_CE2,25,1.0416666666666667,0.0004117063492063492,9
old_CE2,26,1.0833333333333333,0.0003968253968253968,6
old_CE2,27,1.125,0.0004910714285714286,12
old_CE2,28,1.1666666666666667,0.0011656746031746032,18
old_CE2,29,1.2083333333333333,0.0004265873015873016,6
old_CE2,30,1.25,0.006681547619047619,13
old_CE2,31,1.2916666666666667,0.0034672619047619044,16
old_CE2,32,1.3333333333333333,0.0008234126984126984,13
old_CE2,33,1.375,0.00048115079365079364,10
old_CE2,34,1.4166666666666667,0.0008581349206349206,13
old_CE2,35,1.4583333333333333,0.00044642857142857147,11
old_CE2,36,1.5,0.0004662698412698413,9
old_CE2,37,1.5416666666666667,0.00030753968253968255,7
old_CE2,38,1.5833333333333333,0.0006150793650793651,10
old_CE2,39,1.625,0.0002579365079365079,7
old_CE2,40,1.6666666666666667,0.0005109126984126984,9
old_CE2,41,1.7083333333333333,0.0003621031746031746,9
old_CE2,42,1.75,0.0007738095238095238,10
old_CE2,43,1.7916666666666667,0.0002281746031746032,5
old_CE2,44,1.8333333333333333,0.0002281746031746032,5
old_CE2,45,1.875,0.0002777777777777778,9
old_CE2,46,1.9166666666666667,0.0002728174603174603,6
old_CE2,47,1.9583333333333333,0.0003224206349206349,7
old_CE2,48,2.0,0.0005803571428571429,8
old_CE2,49,2.0416666666666665,0.0001984126984126984,5
old_CE2,50,2.0833333333333335,0.0006696428571428571,10
old_CE2,51,2.125,0.0003621031746031746,8
old_CE2,52,2.1666666666666665,0.0007192460317460318,11
old_CE2,53,2.2083333333333335,0.00035218253968253963,7
old_CE2,54,2.25,0.01029265873015873,18
old_CE2,55,2.2916666666666665,0.007549603174603174,6
old_CE2,56,2.3333333333333335,0.0009176587301587302,13
old_CE2,57,2.375,0.0002876984126984127,6
old_CE2,58,2.4166666666666665,0.00025297619047619046,6
old_CE2,59,2.4583333333333335,0.00012896825396825395,3
old_CE2,60,2.5,0.0009126984126984128,16
old_CE2,61,2.5416666666666665,0.0008432539682539682,11
old_CE2,62,2.5833333333333335,0.0007341269841269841,11
old_CE2,63,2.625,0.00047123015873015874,14
old_CE2,64,2.6666666666666665,0.0008779761904761904,11
old_CE2,65,2.7083333333333335,0.0001984126984126984,5
old_CE2,66,2.75,0.0002777777777777778,6
old_CE2,67,2.7916666666666665,0.00039186507936507937,9
old_CE2,68,2.8333333333333335,0.0010168650793650794,15
old_CE2,69,2.875,0.00025297619047619046,9
old_CE2,70,2.9166666666666665,0.0007390873015873016,11
old_CE2,71,2.9583333333333335,0.0002132936507936508,6
old_CE2,72,3.0,0.000753968253968254,11
old_CE2,73,3.0416666666666665,0.0002827380952380953,8
old_CE2,74,3.0833333333333335,0.00043154761904761905,7
old_CE2,75,3.125,0.00039186507936507937,8
old_CE2,76,3.1666666666666665,0.0008035714285714286,12
old_CE2,77,3.2083333333333335,0.0004117063492063492,8
old_CE2,78,3.25,0.004315476190476191,10
old_CE2,79,3.2916666666666665,0.000689484126984127,8
old_CE2,80,3.3333333333333335,0.0007390873015873016,10
old_CE2,81,3.375,0.00034722222222222224,8
old_CE2,82,3.4166666666666665,0.00026289682539682536,6
old_CE2,83,3.4583333333333335,0.00024305555555555555,7
old_CE2,84,3.5,0.0008581349206349206,11
old_CE2,85,3.5416666666666665,0.00021825396825396825,6
old_CE2,86,3.5833333333333335,0.0009027777777777777,12
old_CE2,87,3.625,0.00031746031746031746,9
old_CE2,88,3.6666666666666665,0.0005158730158730158,10
old_CE2,89,3.7083333333333335,0.00035218253968253963,7
old_CE2,90,3.75,0.0006746031746031747,10
old_CE2,91,3.7916666666666665,0.0004662698412698413,8
old_CE2,92,3.8333333333333335,0.0008234126984126984,12
old_CE2,93,3.875,0.002857142857142857,6
old_CE2,94,3.9166666666666665,0.0005357142857142857,10
old_CE2,95,3.9583333333333335,0.00026289682539682536,6
old_CE2,96,4.0,0.0003125,6
old_CE2,97,4.041666666666667,0.0001984126984126984,6
old_CE2,98,4.083333333333333,0.0002033730158730159,6
old_CE2,99,4.125,0.0004216269841269841,8
old_CE2,100,4.166666666666667,0.0006795634920634921,12
old_CE2,101,4.208333333333333,0.0005357142857142857,8
old_CE2,102,4.25,0.006076388888888889,12
old_CE2,103,4.291666666666667,0.004662698412698413,7
old_CE2,104,4.333333333333333,0.0006001984126984127,9
old_CE2,105,4.375,0.0003125,7
old_CE2,106,4.416666666666667,0.00023313492063492064,5
old_CE2,107,4.458333333333333,0.002857142857142857,8
old_CE2,108,4.5,0.0004117063492063492,8
old_CE2,109,4.541666666666667,0.00020833333333333335,5
old_CE2,110,4.583333333333333,0.0004067460317460318,8
old_CE2,111,4.625,0.00032738095238095237,9
old_CE2,112,4.666666666666667,0.00020833333333333335,5
old_CE2,113,4.708333333333333,0.00039186507936507937,8
old_CE2,114,4.75,0.000248015873015873,6
old_CE2,115,4.791666666666667,0.00034722222222222224,7
old_CE2,116,4.833333333333333,0.0002281746031746032,6
old_CE2,117,4.875,0.0003323412698412698,7
old_CE2,118,4.916666666666667,0.0002876984126984127,7
old_CE2,119,4.958333333333333,0.00011904761904761906,3
old_CE2,120,5.0,0.0002579365079365079,6
old_CE2,121,5.041666666666667,0.0005009920634920635,11
old_CE2,122,5.083333333333333,0.0002777777777777778,6
old_CE2,123,5.125,0.00032738095238095237,9
old_CE2,124,5.166666666666667,0.000248015873015873,6
old_CE2,125,5.208333333333333,0.00047619047619047624,8
old_CE2,126,5.25,0.006800595238095238,9
old_CE2,127,5.291666666666667,0.006904761904761905,8
old_CE2,128,5.333333333333333,0.00018353174603174602,5
old_CE2,129,5.375,0.00019345238095238096,5
old_CE2,130,5.416666666666667,0.0013293650793650793,49
old_CE2,131,5.458333333333333,0.0005555555555555556,10
old_CE2,132,5.5,0.0018998015873015874,48
old_CE2,133,5.541666666666667,0.000699404761904762,16
old_CE2,134,5.583333333333333,0.0005009920634920635,28
old_CE2,135,5.625,0.00044146825396825396,28
old_CE2,136,5.666666666666667,0.000496031746031746,37
old_CE2,137,5.708333333333333,0.0003323412698412698,26
old_CE2,138,5.75,0.0003224206349206349,11
old_CE2,139,5.791666666666667,0.00023313492063492064,18
old_CE2,140,5.833333333333333,0.00023313492063492064,23
old_CE2,141,5.875,0.0003869047619047619,22
old_CE2,142,5.916666666666667,0.0001884920634920635,18
old_CE2,143,5.958333333333333,0.0001884920634920635,13
old_CE2,144,6.0,0.00021825396825396825,17
old_CE2,145,6.041666666666667,0.00017857142857142857,15
old_CE2,146,6.083333333333333,0.00032738095238095237,16
old_CE2,147,6.125,0.00017361111111111112,14
old_CE2,148,6.166666666666667,0.00013392857142857144,13
old_CE2,149,6.208333333333333,0.0002728174603174603,12
old_CE2,150,6.25,7.936507936507937e-05,10
old_CE2,151,6.291666666666667,0.0001884920634920635,10
old_CE2,152,6.333333333333333,0.0005952380952380952,31
old_CE2,153,6.375,0.0027628968253968255,53
old_CE2,154,6.416666666666667,0.0003025793650793651,20
old_CE2,155,6.458333333333333,0.0008829365079365079,26
old_CE2,156,6.5,0.0004067460317460318,28
old_CE2,157,6.541666666666667,0.005610119047619047,22
old_CE2,158,6.583333333333333,0.007222222222222222,10
old_CE2,159,6.625,0.0005208333333333333,10
old_CE2,160,6.666666666666667,0.0014186507936507936,18
old_CE2,161,6.708333333333333,0.00310515873015873,9
old_CE2,162,6.75,0.0006398809523809524,9
old_CE2,163,6.791666666666667,0.00033730158730158733,9
old_CE2,164,6.833333333333333,0.00047123015873015874,10
old_CE2,165,6.875,0.0006001984126984127,10
old_CE2,166,6.916666666666667,0.0005803571428571429,10
old_CE2,167,6.958333333333333,0.0004910714285714286,10
old_CE2,168,7.0,0.0006398809523809524,11
old_CE2,169,7.041666666666667,0.0007688492063492063,12
old_CE2,170,7.083333333333333,0.000625,11
old_CE2,171,7.125,0.0006498015873015872,11
old_CE2,172,7.166666666666667,0.0008630952380952381,13
old_CE2,173,7.208333333333333,0.0007142857142857143,12
old_CE2,174,7.25,0.009871031746031747,14
old_CE2,175,7.291666666666667,0.01859623015873016,10
old_CE2,176,7.333333333333333,0.0012103174603174604,16
old_CE2,177,7.375,0.0005902777777777778,11
old_CE2,178,7.416666666666667,0.0005605158730158731,14
old_CE2,179,7.458333333333333,0.01310515873015873,103
old_CE2,180,7.5,0.49334325396825396,58
old_CE2,181,7.541666666666667,0.5714533730158731,5
old_CE2,182,7.583333333333333,0.571483134920635,9
old_CE2,183,7.625,0.7755555555555557,32
old_CE2,184,7.666666666666667,0.8214285714285714,12
old_CE2,185,7.708333333333333,0.8237698412698412,11
old_CE2,186,7.75,0.8220386904761904,11
old_CE2,187,7.791666666666667,0.8220039682539683,11
old_CE2,188,7.833333333333333,0.8224305555555557,14
old_CE2,189,7.875,0.8123859126984128,11
old_CE2,190,7.916666666666667,0.8042063492063491,11
old_CE2,191,7.958333333333333,0.8042757936507936,11
old_CE2,192,8.0,0.8039781746031746,12
old_CE2,193,8.041666666666666,0.7864087301587303,10
old_CE2,194,8.083333333333334,0.7205902777777778,10
old_CE2,195,8.125,0.5339136904761904,10
old_CE2,196,8.166666666666666,0.32544146825396825,12
old_CE2,197,8.208333333333334,0.17587301587301588,12
old_CE2,198,8.25,0.08040674603174604,12
old_CE2,199,8.291666666666666,0.059618055555555556,10
old_CE2,200,8.333333333333334,0.03816468253968254,53
old_CE2,201,8.375,0.01210813492063492,107
old_CE2,202,8.416666666666666,0.006666666666666667,94
old_CE2,203,8.458333333333334,0.07693452380952381,22
old_CE2,204,8.5,0.13615575396825397,0
old_CE2,205,8.541666666666666,0.16071428571428573,0
old_CE2,206,8.583333333333334,0.39667162698412695,49
old_CE2,207,8.625,0.6255406746031745,12
old_CE2,208,8.666666666666666,0.6255059523809524,8
old_CE2,209,8.708333333333334,0.6253720238095238,7
old_CE2,210,8.75,0.6256349206349207,10
old_CE2,211,8.791666666666666,0.583968253968254,8
old_CE2,212,8.833333333333334,0.5077827380952381,12
old_CE2,213,8.875,0.442390873015873,8
old_CE2,214,8.916666666666666,0.34450892857142856,8
old_CE2,215,8.958333333333334,0.2216220238095238,8
old_CE2,216,9.0,0.13166170634920635,9
old_CE2,217,9.041666666666666,0.07930059523809523,8
old_CE2,218,9.083333333333334,0.07208333333333335,11
old_CE2,219,9.125,0.05399801587301588,9
old_CE2,220,9.166666666666666,0.0543452380952381,11
old_CE2,221,9.208333333333334,0.053948412698412704,8
old_CE2,222,9.25,0.05435515873015873,11
old_CE2,223,9.291666666666666,0.054012896825396825,9
old_CE2,224,9.333333333333334,0.054414682539682534,12
old_CE2,225,9.375,0.05399801587301588,10
old_CE2,226,9.416666666666666,0.05439980158730159,16
old_CE2,227,9.458333333333334,0.06879960317460318,7
old_CE2,228,9.5,0.06540178571428572,15
old_CE2,229,9.541666666666666,0.04230654761904762,18
old_CE2,230,9.583333333333334,0.03644345238095238,13
old_CE2,231,9.625,0.03634424603174603,10
old_CE2,232,9.666666666666666,0.6085218253968254,111
old_CE2,233,9.708333333333334,1.0052728174603174,110
old_CE2,234,9.75,1.0119940476190477,44
old_CE2,235,9.791666666666666,0.9489136904761905,23
old_CE2,236,9.833333333333334,0.8052480158730159,15
old_CE2,237,9.875,0.5661359126984127,10
old_CE2,238,9.916666666666666,0.32712797619047623,17
old_CE2,239,9.958333333333334,0.22759424603174602,11
old_CE2,240,10.0,0.17887896825396823,13
old_CE2,241,10.041666666666666,0.13439484126984128,10
old_CE2,242,10.083333333333334,0.11244543650793651,14
old_CE2,243,10.125,0.10756448412698413,10
old_CE2,244,10.166666666666666,0.10887896825396826,12
old_CE2,245,10.208333333333334,0.10775793650793651,11
old_CE2,246,10.25,0.10050595238095238,13
old_CE2,247,10.291666666666666,0.08668650793650794,10
old_CE2,248,10.333333333333334,0.05875992063492064,12
old_CE2,249,10.375,0.04240575396825397,13
old_CE2,250,10.416666666666666,0.0365079365079365,12
old_CE2,251,10.458333333333334,0.036279761904761905,11
old_CE2,252,10.5,0.03647321428571428,13
old_CE2,253,10.541666666666666,0.036314484126984126,10
old_CE2,254,10.583333333333334,0.03654265873015873,13
old_CE2,255,10.625,0.036319444444444446,10
old_CE2,256,10.666666666666666,0.03635912698412698,13
old_CE2,257,10.708333333333334,0.03645833333333333,10
old_CE2,258,10.75,0.03691964285714285,16
old_CE2,259,10.791666666666666,0.036388888888888894,10
old_CE2,260,10.833333333333334,0.03695932539682539,18
old_CE2,261,10.875,0.036418650793650795,11
old_CE2,262,10.916666666666666,0.03836805555555556,14
old_CE2,263,10.958333333333334,0.03629464285714286,9
old_CE2,264,11.0,0.03666666666666667,15
old_CE2,265,11.041666666666666,0.036175595238095236,10
old_CE2,266,11.083333333333334,0.03703373015873016,15
old_CE2,267,11.125,0.036245039682539684,10
old_CE2,268,11.166666666666666,0.037698412698412696,14
old_CE2,269,11.208333333333334,0.03636904761904762,11
old_CE2,270,11.25,0.04505456349206349,14
old_CE2,271,11.291666666666666,0.045208333333333336,10
old_CE2,272,11.333333333333334,0.03636904761904762,11
old_CE2,273,11.375,0.03626488095238095,10
old_CE2,274,11.416666666666666,0.036388888888888894,12
old_CE2,275,11.458333333333334,0.0361656746031746,10
old_CE2,276,11.5,0.03199900793650794,17
old_CE2,277,11.541666666666666,0.0363343253968254,11
old_CE2,278,11.583333333333334,0.03668650793650794,13
old_CE2,279,11.625,0.036175595238095236,10
old_CE2,280,11.666666666666666,0.0371577380952381,17
old_CE2,281,11.708333333333334,0.03623015873015873,10
old_CE2,282,11.75,0.036378968253968254,11
old_CE2,283,11.791666666666666,0.03635416666666667,10
old_CE2,284,11.833333333333334,0.036731150793650795,15
old_CE2,285,11.875,0.0362202380952381,10
old_CE2,286,11.916666666666666,0.03658730158730159,13
old_CE2,287,11.958333333333334,0.0362202380952381,10
old_CE2,288,12.0,0.025843253968253967,16
old_CE2,289,12.041666666666666,0.000753968253968254,11
old_CE2,290,12.083333333333334,0.0007886904761904761,13
old_CE2,291,12.125,0.0006150793650793651,10
old_CE2,292,12.166666666666666,0.0012549603174603174,16
old_CE2,293,12.208333333333334,0.0006696428571428571,10
old_CE2,294,12.25,0.008075396825396826,14
old_CE2,295,12.291666666666666,0.007281746031746032,10
old_CE2,296,12.333333333333334,0.002986111111111111,26
old_CE2,297,12.375,0.08876488095238096,49
old_CE2,298,12.416666666666666,0.36095734126984125,47
old_CE2,299,12.458333333333334,0.357718253968254,12
old_CE2,300,12.5,0.3008730158730159,23
old_CE2,301,12.541666666666666,0.28650297619047616,10
old_CE2,302,12.583333333333334,0.2896974206349206,22
old_CE2,303,12.625,0.2868849206349206,20
old_CE2,304,12.666666666666666,0.2884375,31
old_CE2,305,12.708333333333334,0.274985119047619,32
old_CE2,306,12.75,0.2374751984126984,19
old_CE2,307,12.791666666666666,0.22788194444444443,16
old_CE2,308,12.833333333333334,0.19967261904761904,18
old_CE2,309,12.875,0.19739087301587302,16
old_CE2,310,12.916666666666666,0.17256448412698414,18
old_CE2,311,12.958333333333334,0.15208333333333335,14
old_CE2,312,13.0,0.13249503968253967,20
old_CE2,313,13.041666666666666,0.12286706349206349,14
old_CE2,314,13.083333333333334,0.08964285714285714,20
old_CE2,315,13.125,0.0416468253968254,14
old_CE2,316,13.166666666666666,0.0192906746031746,17
old_CE2,317,13.208333333333334,0.01875496031746032,14
old_CE2,318,13.25,0.020401785714285716,20
old_CE2,319,13.291666666666666,0.023159722222222224,13
old_CE2,320,13.333333333333334,0.019499007936507936,21
old_CE2,321,13.375,0.018898809523809523,14
old_CE2,322,13.416666666666666,0.019047619047619046,17
old_CE2,323,13.458333333333334,0.0028670634920634924,19
old_CE2,324,13.5,0.0012003968253968254,18
old_CE2,325,13.541666666666666,0.0014285714285714286,23
old_CE2,326,13.583333333333334,0.0020238095238095236,28
old_CE2,327,13.625,0.001701388888888889,22
old_CE2,328,13.666666666666666,0.0037599206349206347,40
old_CE2,329,13.708333333333334,0.42551587301587307,71
old_CE2,330,13.75,0.8318055555555556,20
old_CE2,331,13.791666666666666,0.8225744047619047,14
old_CE2,332,13.833333333333334,0.8231498015873016,19
old_CE2,333,13.875,0.805500992063492,14
old_CE2,334,13.916666666666666,0.7228571428571428,15
old_CE2,335,13.958333333333334,0.6239831349206348,14
old_CE2,336,14.0,0.46915178571428573,16
old_CE2,337,14.041666666666666,0.3668154761904762,19
old_CE2,338,14.083333333333334,0.33461805555555557,25
old_CE2,339,14.125,0.25005952380952384,14
old_CE2,340,14.166666666666666,0.19441468253968255,22
old_CE2,341,14.208333333333334,0.15072420634920633,14
old_CE2,342,14.25,0.1281547619047619,18
old_CE2,343,14.291666666666666,0.1361011904761905,16
old_CE2,344,14.333333333333334,0.1619543650793651,17
old_CE2,345,14.375,0.12261408730158731,19
old_CE2,346,14.416666666666666,0.1084672619047619,16
old_CE2,347,14.458333333333334,0.10822916666666667,14
old_CE2,348,14.5,0.1046031746031746,19
old_CE2,349,14.541666666666666,0.08732638888888888,14
old_CE2,350,14.583333333333334,0.07316468253968254,21
old_CE2,351,14.625,0.05499007936507937,20
old_CE2,352,14.666666666666666,0.03928571428571429,21
old_CE2,353,14.708333333333334,0.007311507936507936,17
old_CE2,354,14.75,0.7180505952380952,74
old_CE2,355,14.791666666666666,0.943531746031746,26
old_CE2,356,14.833333333333334,0.47806547619047624,21
old_CE2,357,14.875,0.2181597222222222,15
old_CE2,358,14.916666666666666,0.17055555555555557,19
old_CE2,359,14.958333333333334,0.1478968253968254,14
old_CE2,360,15.0,0.12169642857142858,17
old_CE2,361,15.041666666666666,0.07442956349206349,14
old_CE2,362,15.083333333333334,0.034513888888888886,16
old_CE2,363,15.125,0.0032142857142857142,14
old_CE2,364,15.166666666666666,0.0011656746031746032,17
old_CE2,365,15.208333333333334,0.0009573412698412698,14
old_CE2,366,15.25,0.007356150793650794,18
old_CE2,367,15.291666666666666,0.004434523809523809,13
old_CE2,368,15.333333333333334,0.0016369047619047617,19
old_CE2,369,15.375,0.12868551587301588,53
old_CE2,370,15.416666666666666,0.9731051587301588,164
old_CE2,371,15.458333333333334,0.9946378968253968,97
old_CE2,372,15.5,0.9603472222222222,140
old_CE2,373,15.541666666666666,0.9911458333333334,84
old_CE2,374,15.583333333333334,0.9856746031746032,144
old_CE2,375,15.625,0.9746527777777778,134
old_CE2,376,15.666666666666666,0.9619295634920635,59
old_CE2,377,15.708333333333334,0.9334027777777777,11
old_CE2,378,15.75,0.9301934523809524,28
old_CE2,379,15.791666666666666,0.9295188492063492,17
old_CE2,380,15.833333333333334,0.9121130952380953,17
old_CE2,381,15.875,0.9115525793650793,14
old_CE2,382,15.916666666666666,0.9169791666666667,21
old_CE2,383,15.958333333333334,0.9116369047619048,15
old_CE2,384,16.0,0.9119196428571429,18
old_CE2,385,16.041666666666668,0.9116220238095238,16
old_CE2,386,16.083333333333332,0.911810515873016,16
old_CE2,387,16.125,0.9116815476190476,15
old_CE2,388,16.166666666666668,0.9116964285714285,17
old_CE2,389,16.208333333333332,0.9119097222222222,17
old_CE2,390,16.25,0.9181696428571428,17
old_CE2,391,16.291666666666668,0.9203918650793651,10
old_CE2,392,16.333333333333332,0.8981299603174603,0
old_CE2,393,16.375,0.8937748015873016,12
old_CE2,394,16.416666666666668,0.8682886904761905,22
old_CE2,395,16.458333333333332,0.8333878968253968,14
old_CE2,396,16.5,0.7827728174603175,17
old_CE2,397,16.541666666666668,0.7434474206349206,12
old_CE2,398,16.583333333333332,0.6967162698412698,9
old_CE2,399,16.625,0.6858829365079365,12
old_CE2,400,16.666666666666668,0.6618253968253969,14
old_CE2,401,16.708333333333332,0.6474404761904762,11
old_CE2,402,16.75,0.6374255952380953,16
old_CE2,403,16.791666666666668,0.6107242063492063,10
old_CE2,404,16.833333333333332,0.6012152777777777,14
old_CE2,405,16.875,0.5897420634920635,10
old_CE2,406,16.916666666666668,0.5901537698412699,13
old_CE2,407,16.958333333333332,0.5898412698412698,10
old_CE2,408,17.0,0.5889136904761905,12
old_CE2,409,17.041666666666668,0.5546726190476191,5
old_CE2,410,17.083333333333332,0.5535714285714286,0
old_CE2,411,17.125,0.5535714285714286,0
old_CE2,412,17.166666666666668,0.5535714285714286,0
old_CE2,413,17.208333333333332,0.5353918650793651,0
old_CE2,414,17.25,0.5178571428571429,0
old_CE2,415,17.291666666666668,0.475109126984127,0
old_CE2,416,17.333333333333332,0.44642857142857145,0
old_CE2,417,17.375,0.4380555555555556,0
old_CE2,418,17.416666666666668,0.5093005952380952,15
old_CE2,419,17.458333333333332,0.529578373015873,9
old_CE2,420,17.5,0.4864335317460317,11
old_CE2,421,17.541666666666668,0.4630952380952381,10
old_CE2,422,17.583333333333332,0.3821974206349207,15
old_CE2,423,17.625,0.3523561507936508,12
old_CE2,424,17.666666666666668,0.3399652777777778,16
old_CE2,425,17.708333333333332,0.3398710317460317,10
old_CE2,426,17.75,0.3458531746031746,13
old_CE2,427,17.791666666666668,0.33979166666666666,10
old_CE2,428,17.833333333333332,0.3442162698412698,12
old_CE2,429,17.875,0.32203373015873016,10
old_CE2,430,17.916666666666668,0.3232440476190476,20
old_CE2,431,17.958333333333332,0.3092857142857143,10
old_CE2,432,18.0,0.3044146825396825,12
old_CE2,433,18.041666666666668,0.29168154761904763,10
old_CE2,434,18.083333333333332,0.28654761904761905,12
old_CE2,435,18.125,0.286140873015873,10
old_CE2,436,18.166666666666668,0.28671626984126986,12
old_CE2,437,18.208333333333332,0.28618055555555555,10
old_CE2,438,18.25,0.2963392857142857,17
old_CE2,439,18.291666666666668,0.30617063492063495,10
old_CE2,440,18.333333333333332,0.29723710317460317,13
old_CE2,441,18.375,0.2862797619047619,10
old_CE2,442,18.416666666666668,0.28661706349206345,12
old_CE2,443,18.458333333333332,0.28629464285714284,10
old_CE2,444,18.5,0.2873462301587302,20
old_CE2,445,18.541666666666668,0.2864732142857143,10
old_CE2,446,18.583333333333332,0.2864484126984127,12
old_CE2,447,18.625,0.2795684523809524,10
old_CE2,448,18.666666666666668,0.26922619047619045,17
old_CE2,449,18.708333333333332,0.26834821428571426,10
old_CE2,450,18.75,0.2687748015873016,12
old_CE2,451,18.791666666666668,0.26844246031746033,9
old_CE2,452,18.833333333333332,0.26878968253968255,14
old_CE2,453,18.875,0.26845238095238094,10
old_CE2,454,18.916666666666668,0.26350694444444445,14
old_CE2,455,18.958333333333332,0.22129464285714287,9
old_CE2,456,19.0,0.21559027777777778,17
old_CE2,457,19.041666666666668,0.21168650793650795,10
old_CE2,458,19.083333333333332,0.19778769841269842,18
old_CE2,459,19.125,0.171046626984127,10
old_CE2,460,19.166666666666668,0.15030257936507938,12
old_CE2,461,19.208333333333332,0.14347718253968253,9
old_CE2,462,19.25,0.14199900793650794,16
old_CE2,463,19.291666666666668,0.14367559523809523,13
old_CE2,464,19.333333333333332,0.14315476190476192,14
old_CE2,465,19.375,0.13053075396825395,12
old_CE2,466,19.416666666666668,0.12594742063492065,14
old_CE2,467,19.458333333333332,0.12562996031746032,11
old_CE2,468,19.5,0.12640376984126983,16
old_CE2,469,19.541666666666668,0.12555059523809525,11
old_CE2,470,19.583333333333332,0.12312003968253969,20
old_CE2,471,19.625,0.12299107142857144,9
old_CE2,472,19.666666666666668,0.1277777777777778,26
old_CE2,473,19.708333333333332,0.12578373015873015,12
old_CE2,474,19.75,0.1283779761904762,16
old_CE2,475,19.791666666666668,0.1255753968253968,10
old_CE2,476,19.833333333333332,0.1261706349206349,15
old_CE2,477,19.875,0.1255406746031746,10
old_CE2,478,19.916666666666668,0.12623015873015872,16
old_CE2,479,19.958333333333332,0.1256498015873016,10
old_CE2,480,20.0,0.12592261904761906,13
old_CE2,481,20.041666666666668,0.1255109126984127,10
old_CE2,482,20.083333333333332,0.12638392857142858,16
old_CE2,483,20.125,0.1256498015873016,9
old_CE2,484,20.166666666666668,0.12581845238095238,12
old_CE2,485,20.208333333333332,0.12825892857142857,11
old_CE2,486,20.25,0.13578373015873016,15
old_CE2,487,20.291666666666668,0.12550595238095238,9
old_CE2,488,20.333333333333332,0.12818948412698414,14
old_CE2,489,20.375,0.49180555555555555,66
old_CE2,490,20.416666666666668,1.0007886904761905,40
old_CE2,491,20.458333333333332,1.0015625,177
old_CE2,492,20.5,1.0004166666666667,151
old_CE2,493,20.541666666666668,0.928859126984127,62
old_CE2,494,20.583333333333332,0.5988988095238096,14
old_CE2,495,20.625,0.2006001984126984,12
old_CE2,496,20.666666666666668,0.14455357142857145,21
old_CE2,497,20.708333333333332,0.12625,6
old_CE2,498,20.75,0.3105605158730159,57
old_CE2,499,20.791666666666668,0.9704315476190476,14
old_CE2,500,20.833333333333332,0.5428075396825397,10
old_CE2,501,20.875,0.12550099206349205,10
old_CE2,502,20.916666666666668,0.12570436507936508,11
old_CE2,503,20.958333333333332,0.1253918650793651,8
old_CE2,504,21.0,0.1261904761904762,15
old_CE2,505,21.041666666666668,0.12547619047619046,8
old_CE2,506,21.083333333333332,0.12586309523809522,12
old_CE2,507,21.125,0.12533234126984127,8
old_CE2,508,21.166666666666668,0.12592261904761906,11
old_CE2,509,21.208333333333332,0.12534722222222222,6
old_CE2,510,21.25,0.12919642857142857,16
old_CE2,511,21.291666666666668,0.1256547619047619,13
old_CE2,512,21.333333333333332,0.1255406746031746,9
old_CE2,513,21.375,0.12585813492063494,16
old_CE2,514,21.416666666666668,0.1259375,12
old_CE2,515,21.458333333333332,0.12364583333333333,8
old_CE2,516,21.5,0.12593253968253967,14
old_CE2,517,21.541666666666668,0.18560019841269842,43
old_CE2,518,21.583333333333332,0.986264880952381,75
old_CE2,519,21.625,0.9814236111111112,14
old_CE2,520,21.666666666666668,0.8153075396825397,14
old_CE2,521,21.708333333333332,0.5537946428571429,8
old_CE2,522,21.75,0.35712301587301587,10
old_CE2,523,21.791666666666668,0.18725198412698413,14
old_CE2,524,21.833333333333332,0.13952380952380952,9
old_CE2,525,21.875,0.12536210317460317,8
old_CE2,526,21.916666666666668,0.12612103174603176,14
old_CE2,527,21.958333333333332,0.12542658730158732,8
old_CE2,528,22.0,0.12573412698412698,11
old_CE2,529,22.041666666666668,0.1253968253968254,8
old_CE2,530,22.083333333333332,0.12603174603174602,14
old_CE2,531,22.125,0.1253918650793651,8
old_CE2,532,22.166666666666668,0.12583829365079366,12
old_CE2,533,22.208333333333332,0.12554563492063492,8
old_CE2,534,22.25,0.13492559523809525,13
old_CE2,535,22.291666666666668,0.14651785714285714,12
old_CE2,536,22.333333333333332,0.6759771825396825,46
old_CE2,537,22.375,0.7191765873015873,8
old_CE2,538,22.416666666666668,0.49467757936507933,13
old_CE2,539,22.458333333333332,0.3946279761904762,8
old_CE2,540,22.5,0.30142857142857143,10
old_CE2,541,22.541666666666668,0.2497172619047619,10
old_CE2,542,22.583333333333332,0.2327628968253968,10
old_CE2,543,22.625,0.21839781746031744,18
old_CE2,544,22.666666666666668,0.6137748015873016,47
old_CE2,545,22.708333333333332,0.9726438492063493,147
old_CE2,546,22.75,1.0033382936507935,177
old_CE2,547,22.791666666666668,1.0021676587301587,172
old_CE2,548,22.833333333333332,1.0036656746031747,153
old_CE2,549,22.875,1.0024404761904762,167
old_CE2,550,22.916666666666668,1.000763888888889,152
old_CE2,551,22.958333333333332,0.9952876984126985,68
old_CE2,552,23.0,0.9514980158730159,18
old_CE2,553,23.041666666666668,0.8415674603174603,8
old_CE2,554,23.083333333333332,0.7007291666666667,16
old_CE2,555,23.125,0.5837996031746032,8
old_CE2,556,23.166666666666668,0.5223214285714286,10
old_CE2,557,23.208333333333332,0.5107093253968255,8
old_CE2,558,23.25,0.47515376984126984,12
old_CE2,559,23.291666666666668,0.4139732142857143,8
old_CE2,560,23.333333333333332,0.3668452380952381,18
old_CE2,561,23.375,0.3338988095238095,19
old_CE2,562,23.416666666666668,0.31694940476190475,11
old_CE2,563,23.458333333333332,0.2683234126984127,10
old_CE2,564,23.5,0.2475892857142857,11
old_CE2,565,23.541666666666668,0.17800099206349204,9
old_CE2,566,23.583333333333332,0.12630456349206348,16
old_CE2,567,23.625,0.19836805555555556,35
old_CE2,568,23.666666666666668,0.9309771825396825,178
old_CE2,569,23.708333333333332,1.0131299603174602,87
old_CE2,570,23.75,1.0178571428571428,16
old_CE2,571,23.791666666666668,1.0132539682539683,49
old_CE2,572,23.833333333333332,1.0137748015873016,53
old_CE2,573,23.875,1.0009821428571428,109
old_CE2,574,23.916666666666668,1.0025049603174603,147
old_CE2,575,23.958333333333332,1.002703373015873,112
old_CE2,576,24.0,1.003407738095238,161
old_CE2,577,24.041666666666668,1.0023958333333334,154
old_CE2,578,24.083333333333332,1.0026835317460319,146
old_CE2,579,24.125,1.003561507936508,148
old_CE2,580,24.166666666666668,1.0033779761904762,139
old_CE2,581,24.208333333333332,1.0034424603174603,147
old_CE2,582,24.25,1.0097222222222222,118
old_CE2,583,24.291666666666668,1.0071676587301588,119
old_CE2,584,24.333333333333332,0.9811359126984127,74
old_CE2,585,24.375,0.9228025793650794,14
old_CE2,586,24.416666666666668,0.9570436507936507,81
old_CE2,587,24.458333333333332,1.0017410714285713,113
old_CE2,588,24.5,1.0014236111111112,103
old_CE2,589,24.541666666666668,1.0000248015873017,84
old_CE2,590,24.583333333333332,0.9993551587301587,57
old_CE2,591,24.625,0.9642113095238095,31
old_CE2,592,24.666666666666668,0.9077331349206349,15
old_CE2,593,24.708333333333332,0.8428422619047619,10
old_CE2,594,24.75,0.756641865079365,11
old_CE2,595,24.791666666666668,0.7164384920634921,11
old_CE2,596,24.833333333333332,0.6622123015873015,11
old_CE2,597,24.875,0.6248809523809523,10
old_CE2,598,24.916666666666668,0.6077380952380952,11
old_CE2,599,24.958333333333332,0.5457886904761905,11
old_CE2,600,25.0,0.5040178571428572,10
old_CE2,601,25.041666666666668,0.48273809523809524,11
old_CE2,602,25.083333333333332,0.4791964285714286,11
old_CE2,603,25.125,0.42865079365079367,10
old_CE2,604,25.166666666666668,0.4112301587301587,10
old_CE2,605,25.208333333333332,0.4113839285714286,10
old_CE2,606,25.25,0.40962797619047614,11
old_CE2,607,25.291666666666668,0.39519841269841266,12
old_CE2,608,25.333333333333332,0.38177579365079367,10
old_CE2,609,25.375,0.34315476190476185,11
old_CE2,610,25.416666666666668,0.32200892857142854,10
old_CE2,611,25.458333333333332,0.3091269841269841,10
old_CE2,612,25.5,0.30401289682539684,9
old_CE2,613,25.541666666666668,0.28532242063492064,12
old_CE2,614,25.583333333333332,0.2634077380952381,10
old_CE2,615,25.625,0.23269345238095238,11
old_CE2,616,25.666666666666668,0.23124007936507934,12
old_CE2,617,25.708333333333332,0.23257440476190475,10
old_CE2,618,25.75,0.23253968253968255,10
old_CE2,619,25.791666666666668,0.23057539682539682,10
old_CE2,620,25.833333333333332,0.2148313492063492,10
old_CE2,621,25.875,0.2132638888888889,11
old_CE2,622,25.916666666666668,0.2045734126984127,10
old_CE2,623,25.958333333333332,0.19698412698412698,10
old_CE2,624,26.0,0.19699900793650796,10
old_CE2,625,26.041666666666668,0.19696924603174604,10
old_CE2,626,26.083333333333332,0.18727678571428572,11
old_CE2,627,26.125,0.17914186507936508,10
old_CE2,628,26.166666666666668,0.1792559523809524,11
old_CE2,629,26.208333333333332,0.17926587301587302,10
old_CE2,630,26.25,0.20027777777777778,14
old_CE2,631,26.291666666666668,0.18554563492063494,13
old_CE2,632,26.333333333333332,0.17735119047619047,10
old_CE2,633,26.375,0.17530257936507937,13
old_CE2,634,26.416666666666668,0.17632936507936509,25
old_CE2,635,26.458333333333332,0.17799603174603176,18
old_CE2,636,26.5,0.1780753968253968,26
old_CE2,637,26.541666666666668,0.17828373015873014,21
old_CE2,638,26.583333333333332,0.17600198412698415,18
old_CE2,639,26.625,0.14281746031746032,18
old_CE2,640,26.666666666666668,0.03930555555555555,20
old_CE2,641,26.708333333333332,0.04057539682539683,12
old_CE2,642,26.75,0.03651289682539682,26
old_CE2,643,26.791666666666668,0.0364484126984127,24
old_CE2,644,26.833333333333332,0.03623015873015873,19
old_CE2,645,26.875,0.03604166666666667,15
old_CE2,646,26.916666666666668,0.03608630952380953,15
old_CE2,647,26.958333333333332,0.036383928571428574,21
old_CE2,648,27.0,0.03750992063492064,31
old_CE2,649,27.041666666666668,0.03651289682539682,22
old_CE2,650,27.083333333333332,0.0364781746031746,19
old_CE2,651,27.125,0.036830357142857144,33
old_CE2,652,27.166666666666668,0.03709325396825397,28
old_CE2,653,27.208333333333332,0.037251984126984126,28
old_CE2,654,27.25,0.042504960317460316,22
old_CE2,655,27.291666666666668,0.04057043650793651,19
old_CE2,656,27.333333333333332,0.036691468253968254,28
old_CE2,657,27.375,0.05793650793650794,12
old_CE2,658,27.416666666666668,0.07464781746031746,15
old_CE2,659,27.458333333333332,0.04535714285714286,14
old_CE2,660,27.5,0.04170138888888889,13
old_CE2,661,27.541666666666668,0.04877480158730159,11
old_CE2,662,27.583333333333332,0.07014880952380952,9
old_CE2,663,27.625,0.04134424603174603,13
old_CE2,664,27.666666666666668,0.040500992063492065,23
old_CE2,665,27.708333333333332,0.03604166666666667,8
old_CE2,666,27.75,0.03607638888888889,8
old_CE2,667,27.791666666666668,0.03604166666666667,8
old_CE2,668,27.833333333333332,0.03620039682539682,10
old_CE2,669,27.875,0.03826388888888889,9
old_CE2,670,27.916666666666668,0.036106150793650794,8
old_CE2,671,27.958333333333332,0.03608134920634921,8
old_CE2,672,28.0,0.03617063492063492,8
old_CE2,673,28.041666666666668,0.0361359126984127,8
old_CE2,674,28.083333333333332,0.03608134920634921,8
old_CE2,675,28.125,0.03612103174603175,9
old_CE2,676,28.166666666666668,0.036388888888888894,8
old_CE2,677,28.208333333333332,0.0365327380952381,12
old_CE2,678,28.25,0.03746527777777777,11
old_CE2,679,28.291666666666668,0.03944940476190476,10
old_CE2,680,28.333333333333332,0.04116567460317461,15
old_CE2,681,28.375,0.07544146825396825,69
old_CE2,682,28.416666666666668,0.0166765873015873,33
old_CE2,683,28.458333333333332,0.06713293650793652,88
old_CE2,684,28.5,0.001175595238095238,12
old_CE2,685,28.541666666666668,0.0008085317460317461,13
old_CE2,686,28.583333333333332,0.0037797619047619047,20
old_CE2,687,28.625,0.0008878968253968254,13
old_CE2,688,28.666666666666668,0.5337103174603175,149
old_CE2,689,28.708333333333332,0.9704365079365079,101
old_CE2,690,28.75,0.904141865079365,14
old_CE2,691,28.791666666666668,0.8579960317460317,12
old_CE2,692,28.833333333333332,0.8345089285714286,12
old_CE2,693,28.875,0.7026636904761905,13
old_CE2,694,28.916666666666668,0.5217757936507936,12
old_CE2,695,28.958333333333332,0.44231646825396825,12
old_CE2,696,29.0,0.41087797619047617,10
old_CE2,697,29.041666666666668,0.3416220238095238,12
old_CE2,698,29.083333333333332,0.27202876984126984,12
old_CE2,699,29.125,0.23307043650793652,12
old_CE2,700,29.166666666666668,0.22200396825396826,12
old_CE2,701,29.208333333333332,0.2150297619047619,12
old_CE2,702,29.25,0.2221329365079365,13
old_CE2,703,29.291666666666668,0.22436011904761904,13
old_CE2,704,29.333333333333332,0.2086954365079365,13
old_CE2,705,29.375,0.2541815476190476,51
old_CE2,706,29.416666666666668,0.846845238095238,20
old_CE2,707,29.458333333333332,0.8580654761904762,13
old_CE2,708,29.5,0.8578621031746031,13
old_CE2,709,29.541666666666668,0.8635515873015873,13
old_CE2,710,29.583333333333332,0.8402331349206349,12
old_CE2,711,29.625,0.8048660714285714,11
old_CE2,712,29.666666666666668,0.17734126984126983,11
old_CE2,713,29.708333333333332,0.0007093253968253968,13
old_CE2,714,29.75,0.0007341269841269841,14
old_CE2,715,29.791666666666668,0.0008978174603174602,14
old_CE2,716,29.833333333333332,0.000798611111111111,14
old_CE2,717,29.875,0.0019345238095238096,14
old_CE2,718,29.916666666666668,0.0010763888888888889,14
old_CE2,719,29.958333333333332,0.0008035714285714286,14
old_CE2,720,30.0,0.002172619047619048,17
old_CE2,721,30.041666666666668,0.0009771825396825396,13
old_CE2,722,30.083333333333332,0.0008432539682539682,13
old_CE2,723,30.125,0.0008184523809523809,14
old_CE2,724,30.166666666666668,0.0008779761904761904,12
old_CE2,725,30.208333333333332,0.0006498015873015872,10
old_CE2,726,30.25,0.0017757936507936509,12
old_CE2,727,30.291666666666668,0.0007291666666666667,10
old_CE2,728,30.333333333333332,0.0014434523809523808,11
old_CE2,729,30.375,0.24684027777777778,57
old_CE2,730,30.416666666666668,0.8690625,32
old_CE2,731,30.458333333333332,0.876875,16
old_CE2,732,30.5,0.8755952380952381,10
old_CE2,733,30.541666666666668,0.8761656746031746,14
old_CE2,734,30.583333333333332,0.8545436507936508,13
old_CE2,735,30.625,0.8278025793650794,20
old_CE2,736,30.666666666666668,0.9998313492063492,141
old_CE2,737,30.708333333333332,1.0018154761904763,158
old_CE2,738,30.75,1.0018204365079364,170
old_CE2,739,30.791666666666668,1.0023660714285714,166
old_CE2,740,30.833333333333332,1.002797619047619,151
old_CE2,741,30.875,1.0022668650793651,159
old_CE2,742,30.916666666666668,1.0025099206349206,142
old_CE2,743,30.958333333333332,1.0026339285714285,157
old_CE2,744,31.0,1.0023313492063493,157
old_CE2,745,31.041666666666668,1.0025694444444444,133
old_CE2,746,31.083333333333332,1.0022668650793651,170
old_CE2,747,31.125,1.0016319444444444,148
old_CE2,748,31.166666666666668,1.0026984126984126,146
old_CE2,749,31.208333333333332,1.0039930555555556,145
old_CE2,750,31.25,1.0066319444444445,150
old_CE2,751,31.291666666666668,1.0023313492063493,147
old_CE2,752,31.333333333333332,1.001592261904762,167
old_CE2,753,31.375,1.003080357142857,163
old_CE2,754,31.416666666666668,1.0028621031746032,167
old_CE2,755,31.458333333333332,1.002703373015873,154
old_CE2,756,31.5,1.0018948412698412,138
old_CE2,757,31.541666666666668,1.002891865079365,160
old_CE2,758,31.583333333333332,1.0020386904761904,176
old_CE2,759,31.625,1.0026537698412699,152
old_CE2,760,31.666666666666668,1.0025049603174603,169
old_CE2,761,31.708333333333332,1.0025694444444444,150
old_CE2,762,31.75,0.976279761904762,54
old_CE2,763,31.791666666666668,0.9352728174603174,8
old_CE2,764,31.833333333333332,0.9660267857142857,150
old_CE2,765,31.875,1.002886904761905,143
old_CE2,766,31.916666666666668,1.002172619047619,165
old_CE2,767,31.958333333333332,1.0018650793650794,144
old_CE2,768,32.0,1.0015029761904761,150
old_CE2,769,32.041666666666664,1.0019394841269842,129
old_CE2,770,32.083333333333336,1.002157738095238,147
old_CE2,771,32.125,1.0009920634920635,131
old_CE2,772,32.166666666666664,1.0010962301587303,134
old_CE2,773,32.208333333333336,1.0004960317460319,127
old_CE2,774,32.25,1.0054017857142858,119
old_CE2,775,32.291666666666664,1.0011904761904762,114
old_CE2,776,32.333333333333336,0.9981994047619047,74
old_CE2,777,32.375,0.9983531746031746,92
old_CE2,778,32.416666666666664,1.000689484126984,86
old_CE2,779,32.458333333333336,0.9972867063492064,49
old_CE2,780,32.5,0.9822867063492063,12
old_CE2,781,32.541666666666664,0.9605555555555556,9
old_CE2,782,32.583333333333336,0.9112996031746032,10
old_CE2,783,32.625,0.9047817460317461,12
old_CE2,784,32.666666666666664,0.8742559523809524,25
old_CE2,785,32.708333333333336,0.873000992063492,10
old_CE2,786,32.75,0.8667509920634922,11
old_CE2,787,32.791666666666664,0.8502777777777777,8
old_CE2,788,32.833333333333336,0.8303720238095238,11
old_CE2,789,32.875,0.8212450396825396,7
old_CE2,790,32.916666666666664,0.8031200396825396,15
old_CE2,791,32.958333333333336,0.9745287698412699,42
old_CE2,792,33.0,0.9989285714285714,33
old_CE2,793,33.041666666666664,0.9969742063492063,39
old_CE2,794,33.083333333333336,0.997485119047619,37
old_CE2,795,33.125,0.9983134920634921,30
old_CE2,796,33.166666666666664,0.9691666666666666,12
old_CE2,797,33.208333333333336,0.9265327380952381,8
old_CE2,798,33.25,0.9171031746031746,13
old_CE2,799,33.291666666666664,0.878219246031746,8
old_CE2,800,33.333333333333336,0.8756349206349207,6
old_CE2,801,33.375,0.8775892857142857,0
old_CE2,802,33.416666666666664,0.904593253968254,11
old_CE2,803,33.458333333333336,0.875,0
old_CE2,804,33.5,0.886031746031746,10
old_CE2,805,33.541666666666664,0.4921577380952381,18
old_CE2,806,33.583333333333336,0.0678422619047619,31
old_CE2,807,33.625,0.023249007936507936,12
old_CE2,808,33.666666666666664,0.8149107142857143,64
old_CE2,809,33.708333333333336,0.18233630952380953,8
old_CE2,810,33.75,0.027232142857142854,9
old_CE2,811,33.791666666666664,0.03266865079365079,25
old_CE2,812,33.833333333333336,0.8737797619047619,129
old_CE2,813,33.875,0.5824255952380952,78
old_CE2,814,33.916666666666664,0.5047916666666666,18
old_CE2,815,33.958333333333336,0.024985119047619048,6
old_CE2,816,34.0,0.024305555555555556,9
old_CE2,817,34.041666666666664,0.018129960317460315,6
old_CE2,818,34.083333333333336,0.027251984126984128,9
old_CE2,819,34.125,0.018194444444444447,8
old_CE2,820,34.166666666666664,0.02716765873015873,9
old_CE2,821,34.208333333333336,0.018452380952380953,6
old_CE2,822,34.25,0.040312499999999994,12
old_CE2,823,34.291666666666664,0.01807043650793651,6
old_CE2,824,34.333333333333336,0.027728174603174605,10
old_CE2,825,34.375,0.02136904761904762,9
old_CE2,826,34.416666666666664,0.11099702380952381,63
old_CE2,827,34.458333333333336,0.983953373015873,119
old_CE2,828,34.5,0.9473859126984127,44
old_CE2,829,34.541666666666664,1.0229563492063491,163
old_CE2,830,34.583333333333336,1.0168253968253969,143
old_CE2,831,34.625,1.020421626984127,149
old_CE2,832,34.666666666666664,1.0185267857142857,159
old_CE2,833,34.708333333333336,1.017455357142857,142
old_CE2,834,34.75,1.0190625,151
old_CE2,835,34.791666666666664,1.0176984126984128,135
old_CE2,836,34.833333333333336,1.018700396825397,115
old_CE2,837,34.875,1.0140625,66
old_CE2,838,34.916666666666664,1.0180208333333334,41
old_CE2,839,34.958333333333336,0.9338293650793651,16
old_CE2,840,35.0,0.832375992063492,12
old_CE2,841,35.041666666666664,0.7105952380952382,10
old_CE2,842,35.083333333333336,0.5820386904761905,16
old_CE2,843,35.125,0.46368055555555554,10
old_CE2,844,35.166666666666664,0.3281795634920635,16
old_CE2,845,35.208333333333336,0.19535714285714284,10
old_CE2,846,35.25,0.17774801587301586,18
old_CE2,847,35.291666666666664,0.08746527777777778,8
old_CE2,848,35.333333333333336,0.07465277777777778,10
old_CE2,849,35.375,0.05427579365079365,29
old_CE2,850,35.416666666666664,0.9039434523809523,50
old_CE2,851,35.458333333333336,0.9767559523809524,33
old_CE2,852,35.5,0.6962896825396826,14
old_CE2,853,35.541666666666664,0.4784970238095238,13
old_CE2,854,35.583333333333336,0.3482886904761905,15
old_CE2,855,35.625,0.25680555555555556,12
old_CE2,856,35.666666666666664,0.16903769841269842,14
old_CE2,857,35.708333333333336,0.1277281746031746,10
old_CE2,858,35.75,0.12351190476190477,11
old_CE2,859,35.791666666666664,0.10775793650793651,10
old_CE2,860,35.833333333333336,0.08600198412698412,10
old_CE2,861,35.875,0.07175099206349207,6
old_CE2,862,35.916666666666664,0.07465277777777778,4
old_CE2,863,35.958333333333336,0.06015376984126984,5
old_CE2,864,36.0,0.05379464285714286,4
old_CE2,865,36.041666666666664,0.053849206349206355,5
old_CE2,866,36.083333333333336,0.053908730158730156,4
old_CE2,867,36.125,0.05377976190476191,4
old_CE2,868,36.166666666666664,0.053869047619047615,4
old_CE2,869,36.208333333333336,0.05393849206349206,5
old_CE2,870,36.25,0.056994047619047625,5
old_CE2,871,36.291666666666664,0.053869047619047615,4
old_CE2,872,36.333333333333336,0.05672619047619048,4
old_CE2,873,36.375,0.05381448412698413,3
old_CE2,874,36.416666666666664,0.06315972222222223,11
old_CE2,875,36.458333333333336,0.6215922619047619,51
old_CE2,876,36.5,0.9778621031746032,15
old_CE2,877,36.541666666666664,0.9790277777777777,7
old_CE2,878,36.583333333333336,0.9429067460317461,7
old_CE2,879,36.625,0.7619097222222223,8
old_CE2,880,36.666666666666664,0.512718253968254,6
old_CE2,881,36.708333333333336,0.3678373015873016,28
old_CE2,882,36.75,0.5037748015873016,2
old_CE2,883,36.791666666666664,0.4623214285714286,0
old_CE2,884,36.833333333333336,0.42754960317460317,0
old_CE2,885,36.875,0.3420039682539682,4
old_CE2,886,36.916666666666664,0.25697916666666665,0
old_CE2,887,36.958333333333336,0.2179761904761905,0
old_CE2,888,37.0,0.19642857142857142,0
old_CE2,889,37.041666666666664,0.19195932539682542,0
old_CE2,890,37.083333333333336,0.16807539682539682,0
old_CE2,891,37.125,0.13131448412698413,0
old_CE2,892,37.166666666666664,0.11409226190476192,0
old_CE2,893,37.208333333333336,0.10714285714285714,0
old_CE2,894,37.25,0.09347718253968254,0
old_CE2,895,37.291666666666664,0.07171130952380952,0
old_CE2,896,37.333333333333336,0.07142857142857142,0
old_CE2,897,37.375,0.07142857142857142,0
old_CE2,898,37.416666666666664,0.05728174603174603,0
old_CE2,899,37.458333333333336,0.05393353174603175,0
old_CE2,900,37.5,0.4227876984126984,65
old_CE2,901,37.541666666666664,0.9133878968253969,64
old_CE2,902,37.583333333333336,0.9446974206349206,19
old_CE2,903,37.625,0.9464136904761905,25
old_CE2,904,37.666666666666664,0.9179117063492063,23
old_CE2,905,37.708333333333336,0.8248164682539683,8
old_CE2,906,37.75,0.6674801587301588,34
old_CE2,907,37.791666666666664,0.9006299603174603,28
old_CE2,908,37.833333333333336,0.8880208333333333,17
old_CE2,909,37.875,0.6884375,6
old_CE2,910,37.916666666666664,0.5746527777777778,6
old_CE2,911,37.958333333333336,0.4881795634920635,4
old_CE2,912,38.0,0.39548115079365076,5
old_CE2,913,38.041666666666664,0.2922867063492064,8
old_CE2,914,38.083333333333336,0.23481150793650793,5
old_CE2,915,38.125,0.15904761904761905,4
old_CE2,916,38.166666666666664,0.08293154761904763,4
old_CE2,917,38.208333333333336,0.023189484126984128,6
old_CE2,918,38.25,0.0042509920634920635,5
old_CE2,919,38.291666666666664,0.008606150793650794,7
old_CE2,920,38.333333333333336,0.0,0
old_CE2,921,38.375,0.0,0
old_CE2,922,38.416666666666664,0.0,0
old_CE2,923,38.458333333333336,0.0,0
old_CE2,924,38.5,0.0,0
old_CE2,925,38.541666666666664,0.0,0
old_CE2,926,38.583333333333336,0.0,0
old_CE2,927,38.625,0.00031746031746031746,7
old_CE2,928,38.666666666666664,0.0004563492063492064,5
old_CE2,929,38.708333333333336,0.00047123015873015874,8
old_CE2,930,38.75,0.00033730158730158733,8
old_CE2,931,38.791666666666664,0.0004910714285714286,9
old_CE2,932,38.833333333333336,0.00043154761904761905,9
old_CE2,933,38.875,0.000376984126984127,7
old_CE2,934,38.916666666666664,0.0004563492063492064,8
old_CE2,935,38.958333333333336,0.00039186507936507937,7
old_CE2,936,39.0,0.00026289682539682536,5
old_CE2,937,39.041666666666664,0.00015873015873015873,4
old_CE2,938,39.083333333333336,0.00019345238095238096,5
old_CE2,939,39.125,0.0002976190476190476,6
old_CE2,940,39.166666666666664,0.008110119047619048,3
old_CE2,941,39.208333333333336,0.0022619047619047623,6
old_CE2,942,39.25,0.0015128968253968254,7
old_CE2,943,39.291666666666664,0.0001984126984126984,5
old_CE2,944,39.333333333333336,0.0003025793650793651,5
old_CE2,945,39.375,0.00031746031746031746,5
old_CE2,946,39.416666666666664,0.00032738095238095237,5
old_CE2,947,39.458333333333336,0.00031746031746031746,5
old_CE2,948,39.5,0.0011607142857142858,8
old_CE2,949,39.541666666666664,0.0005902777777777778,10
old_CE2,950,39.583333333333336,0.0005009920634920635,7
old_CE2,951,39.625,0.0003224206349206349,5
old_CE2,952,39.666666666666664,0.000376984126984127,8
old_CE2,953,39.708333333333336,0.00036706349206349205,6
old_CE2,954,39.75,0.00030753968253968255,6
old_CE2,955,39.791666666666664,0.0002926587301587302,5
old_CE2,956,39.833333333333336,0.00012896825396825395,3
old_CE2,957,39.875,0.0001884920634920635,4
old_CE2,958,39.916666666666664,0.0002876984126984127,5
old_CE2,959,39.958333333333336,0.000376984126984127,6
old_CE2,960,40.0,0.00023313492063492064,6
old_CE2,961,40.041666666666664,0.0002777777777777778,5
old_CE2,962,40.083333333333336,0.000376984126984127,6
old_CE2,963,40.125,0.00036706349206349205,6
old_CE2,964,40.166666666666664,0.00024305555555555555,5
old_CE2,965,40.208333333333336,0.00023809523809523812,5
old_CE2,966,40.25,0.0011061507936507937,6
old_CE2,967,40.291666666666664,0.0002876984126984127,5
old_CE2,968,40.333333333333336,0.00026289682539682536,4
old_CE2,969,40.375,0.00022321428571428573,5
old_CE2,970,40.416666666666664,0.0,0
old_CE2,971,40.458333333333336,0.0,0
old_CE2,972,40.5,0.0,0
old_CE2,973,40.541666666666664,0.000496031746031746,9
old_CE2,974,40.583333333333336,0.00189484126984127,15
old_CE2,975,40.625,0.020615079365079364,18
old_CE2,976,40.666666666666664,0.061274801587301586,5
old_CE2,977,40.708333333333336,0.07738095238095237,12
old_CE2,978,40.75,0.4361507936507936,42
old_CE2,979,40.791666666666664,0.8925248015873015,44
old_CE2,980,40.833333333333336,0.8939037698412698,38
old_CE2,981,40.875,0.8826537698412699,9
old_CE2,982,40.916666666666664,0.8709970238095238,6
old_CE2,983,40.958333333333336,0.8203521825396826,3
old_CE2,984,41.0,0.7680307539682539,2
old_CE2,985,41.041666666666664,0.7611805555555555,2
old_CE2,986,41.083333333333336,0.7501240079365079,2
old_CE2,987,41.125,0.7503273809523809,4
old_CE2,988,41.166666666666664,0.7500644841269841,1
old_CE2,989,41.208333333333336,0.7480406746031746,3
old_CE2,990,41.25,0.6807093253968254,3
old_CE2,991,41.291666666666664,0.6610019841269841,2
old_CE2,992,41.333333333333336,0.5813392857142857,2
old_CE2,993,41.375,0.14582341269841267,6
old_CE2,994,41.416666666666664,0.07246527777777778,3
old_CE2,995,41.458333333333336,0.07185019841269842,5
old_CE2,996,41.5,0.07169146825396824,3
old_CE2,997,41.541666666666664,0.07167162698412699,3
old_CE2,998,41.583333333333336,0.08524305555555556,14
old_CE2,999,41.625,0.6532242063492063,35
old_CE2,1000,41.666666666666664,0.8380357142857143,4
old_CE2,1001,41.708333333333336,0.8302926587301587,5
old_CE2,1002,41.75,0.6847172619047619,2
old_CE2,1003,41.791666666666664,0.5094047619047619,4
old_CE2,1004,41.833333333333336,0.3240823412698413,4
old_CE2,1005,41.875,0.18899801587301587,3
old_CE2,1006,41.916666666666664,0.04820436507936508,3
old_CE2,1007,41.958333333333336,0.015753968253968253,3
old_CE2,1008,42.0,9.424603174603175e-05,2
old_CE2,1009,42.041666666666664,0.0001240079365079365,2
old_CE2,1010,42.083333333333336,6.944444444444444e-05,1
old_CE2,1011,42.125,0.0002876984126984127,5
old_CE2,1012,42.166666666666664,0.0,0
old_CE2,1013,42.208333333333336,0.00021825396825396825,4
old_CE2,1014,42.25,0.0049404761904761904,4
old_CE2,1015,42.291666666666664,0.00020833333333333335,4
old_CE2,1016,42.333333333333336,0.0004662698412698413,4
old_CE2,1017,42.375,0.0001240079365079365,2
old_CE2,1018,42.416666666666664,0.0002132936507936508,3
old_CE2,1019,42.458333333333336,0.0002827380952380953,5
old_CE2,1020,42.5,0.00026289682539682536,4
old_CE2,1021,42.541666666666664,0.00023313492063492064,4
old_CE2,1022,42.583333333333336,0.0002281746031746032,4
old_CE2,1023,42.625,0.00025297619047619046,4
old_CE2,1024,42.666666666666664,0.00015873015873015873,2
old_CE2,1025,42.708333333333336,0.0002132936507936508,4
old_CE2,1026,42.75,0.0001488095238095238,3
old_CE2,1027,42.791666666666664,0.0001388888888888889,2
old_CE2,1028,42.833333333333336,0.00034226190476190473,6
old_CE2,1029,42.875,0.00017361111111111112,3
old_CE2,1030,42.916666666666664,0.0002728174603174603,5
old_CE2,1031,42.958333333333336,0.00025297619047619046,5
old_CE2,1032,43.0,0.00023809523809523812,5
old_CE2,1033,43.041666666666664,0.000248015873015873,5
old_CE2,1034,43.083333333333336,0.000248015873015873,4
old_CE2,1035,43.125,0.0002777777777777778,4
old_CE2,1036,43.166666666666664,0.00012896825396825395,2
old_CE2,1037,43.208333333333336,7.44047619047619e-05,1
old_CE2,1038,43.25,0.005396825396825397,3
old_CE2,1039,43.291666666666664,0.00014384920634920634,3
old_CE2,1040,43.333333333333336,0.00023313492063492064,3
old_CE2,1041,43.375,0.00017857142857142857,3
old_CE2,1042,43.416666666666664,0.0002777777777777778,4
old_CE2,1043,43.458333333333336,0.00016369047619047618,5
old_CE2,1044,43.5,0.00222718253968254,6
old_CE2,1045,43.541666666666664,0.0002728174603174603,4
old_CE2,1046,43.583333333333336,0.0002728174603174603,4
old_CE2,1047,43.625,0.0001884920634920635,3
old_CE2,1048,43.666666666666664,0.00014384920634920634,3
old_CE2,1049,43.708333333333336,0.0002132936507936508,3
old_CE2,1050,43.75,0.0001488095238095238,2
old_CE2,1051,43.791666666666664,7.44047619047619e-05,1
old_CE2,1052,43.833333333333336,9.424603174603175e-05,1
old_CE2,1053,43.875,0.00022321428571428573,3
old_CE2,1054,43.916666666666664,0.00018353174603174602,3
old_CE2,1055,43.958333333333336,0.00021825396825396825,3
old_CE2,1056,44.0,0.0002132936507936508,3
old_CE2,1057,44.041666666666664,0.00015376984126984128,3
old_CE2,1058,44.083333333333336,4.96031746031746e-05,1
old_CE2,1059,44.125,0.0001388888888888889,2
old_CE2,1060,44.166666666666664,0.0,0
old_CE2,1061,44.208333333333336,6.944444444444444e-05,1
old_CE2,1062,44.25,0.008382936507936508,3
old_CE2,1063,44.291666666666664,0.017916666666666668,1
old_CE2,1064,44.333333333333336,0.011959325396825397,2
old_CE2,1065,44.375,0.004950396825396825,1
old_CE2,1066,44.416666666666664,0.018700396825396825,1
old_CE2,1067,44.458333333333336,0.006349206349206349,1
old_CE2,1068,44.5,0.0002579365079365079,4
old_CE2,1069,44.541666666666664,0.00021825396825396825,4
old_CE2,1070,44.583333333333336,0.0030803571428571425,8
old_CE2,1071,44.625,0.10174603174603174,59
old_CE2,1072,44.666666666666664,0.14339285714285713,61
old_CE2,1073,44.708333333333336,0.14288194444444444,4
old_CE2,1074,44.75,0.12582837301587302,4
old_CE2,1075,44.791666666666664,0.1426388888888889,34
old_CE2,1076,44.833333333333336,0.12759920634920635,24
old_CE2,1077,44.875,0.12850198412698413,32
old_CE2,1078,44.916666666666664,0.14287698412698413,4
old_CE2,1079,44.958333333333336,0.1084077380952381,2
old_CE2,1080,45.0,0.06562996031746031,3
old_CE2,1081,45.041666666666664,0.04883928571428571,2
old_CE2,1082,45.083333333333336,0.036101190476190474,5
old_CE2,1083,45.125,0.025381944444444443,2
old_CE2,1084,45.166666666666664,0.00017857142857142857,4
old_CE2,1085,45.208333333333336,0.00013392857142857144,2
old_CE2,1086,45.25,0.006850198412698413,3
old_CE2,1087,45.291666666666664,0.02291666666666667,11
old_CE2,1088,45.333333333333336,0.0077777777777777776,7
old_CE2,1089,45.375,0.01726686507936508,6
old_CE2,1090,45.416666666666664,0.008154761904761904,2
old_CE2,1091,45.458333333333336,0.003422619047619048,4
old_CE2,1092,45.5,0.00016369047619047618,3
old_CE2,1093,45.541666666666664,0.007152777777777778,5
old_CE2,1094,45.583333333333336,0.00011904761904761906,2
old_CE2,1095,45.625,0.013035714285714286,9
old_CE2,1096,45.666666666666664,0.015074404761904761,7
old_CE2,1097,45.708333333333336,0.004558531746031746,6
old_CE2,1098,45.75,0.011780753968253968,5
old_CE2,1099,45.791666666666664,0.012748015873015873,8
old_CE2,1100,45.833333333333336,0.010114087301587303,5
old_CE2,1101,45.875,0.010520833333333332,6
old_CE2,1102,45.916666666666664,0.017058531746031745,6
old_CE2,1103,45.958333333333336,0.017326388888888888,7
old_CE2,1104,46.0,0.0034672619047619044,3
old_CE2,1105,46.041666666666664,0.024965277777777777,11
old_CE2,1106,46.083333333333336,0.006770833333333333,3
old_CE2,1107,46.125,0.0001140873015873016,2
old_CE2,1108,46.166666666666664,0.002777777777777778,2
old_CE2,1109,46.208333333333336,0.005004960317460318,2
old_CE2,1110,46.25,0.00013392857142857144,2
old_CE2,1111,46.291666666666664,0.0020634920634920633,3
old_CE2,1112,46.333333333333336,0.0,0
old_CE2,1113,46.375,0.0009226190476190477,3
old_CE2,1114,46.416666666666664,9.92063492063492e-05,2
old_CE2,1115,46.458333333333336,0.00011904761904761906,2
old_CE2,1116,46.5,8.432539682539683e-05,2
old_CE2,1117,46.541666666666664,0.0002033730158730159,5
old_CE2,1118,46.583333333333336,0.00019345238095238096,3
old_CE2,1119,46.625,0.009260912698412699,5
old_CE2,1120,46.666666666666664,0.00012896825396825395,2
old_CE2,1121,46.708333333333336,0.00011904761904761906,3
old_CE2,1122,46.75,0.0001388888888888889,2
old_CE2,1123,46.791666666666664,0.003387896825396825,5
old_CE2,1124,46.833333333333336,0.0002827380952380953,4
old_CE2,1125,46.875,0.00010416666666666667,3
old_CE2,1126,46.916666666666664,0.00034226190476190473,5
old_CE2,1127,46.958333333333336,0.00012896825396825395,3
old_CE2,1128,47.0,0.0001140873015873016,2
old_CE2,1129,47.041666666666664,0.00026785714285714287,5
old_CE2,1130,47.083333333333336,0.00016865079365079366,3
old_CE2,1131,47.125,0.00017857142857142857,3
old_CE2,1132,47.166666666666664,0.00017857142857142857,2
old_CE2,1133,47.208333333333336,0.0001240079365079365,1
old_CE2,1134,47.25,0.0001240079365079365,2
old_CE2,1135,47.291666666666664,0.0029613095238095236,2
old_CE2,1136,47.333333333333336,0.0,0
old_CE2,1137,47.375,0.0010267857142857142,4
old_CE2,1138,47.416666666666664,0.0001140873015873016,2
old_CE2,1139,47.458333333333336,0.00020833333333333335,4
old_CE2,1140,47.5,0.00015376984126984128,3
old_CE2,1141,47.541666666666664,0.00015873015873015873,3
old_CE2,1142,47.583333333333336,0.000248015873015873,4
old_CE2,1143,47.625,0.00010416666666666667,2
old_CE2,1144,47.666666666666664,0.0002281746031746032,4
old_CE2,1145,47.708333333333336,5.4563492063492063e-05,1
old_CE2,1146,47.75,0.0001488095238095238,3
old_CE2,1147,47.791666666666664,7.936507936507937e-05,1
old_CE2,1148,47.833333333333336,0.00012896825396825395,2
old_CE2,1149,47.875,0.0001488095238095238,2
old_CE2,1150,47.916666666666664,7.44047619047619e-05,1
old_CE2,1151,47.958333333333336,0.004573412698412699,5
old_CE2,1152,48.0,0.00036706349206349205,5
old_CE2,1153,48.041666666666664,0.00020833333333333335,3
old_CE2,1154,48.083333333333336,0.00013392857142857144,3
old_CE2,1155,48.125,0.0033085317460317463,5
old_CE2,1156,48.166666666666664,5.4563492063492063e-05,1
old_CE2,1157,48.208333333333336,0.00013392857142857144,2
old_CE2,1158,48.25,0.00010416666666666667,2
old_CE2,1159,48.291666666666664,0.00021825396825396825,4
old_CE2,1160,48.333333333333336,0.00010912698412698413,1
old_CE2,1161,48.375,0.0009275793650793651,3
old_CE2,1162,48.416666666666664,0.0002579365079365079,4
old_CE2,1163,48.458333333333336,0.00012896825396825395,2
old_CE2,1164,48.5,0.0003224206349206349,5
old_CE2,1165,48.541666666666664,0.01373015873015873,4
old_CE2,1166,48.583333333333336,0.0,0
old_CE2,1167,48.625,0.0029315476190476188,9
old_CE2,1168,48.666666666666664,0.0,0
old_CE2,1169,48.708333333333336,0.006999007936507936,14
old_CE2,1170,48.75,0.0023809523809523807,13
old_CE2,1171,48.791666666666664,0.0073511904761904764,18
old_CE2,1172,48.833333333333336,0.0007093253968253968,12
old_CE2,1173,48.875,0.0008482142857142857,12
old_CE2,1174,48.916666666666664,0.0007043650793650793,13
old_CE2,1175,48.958333333333336,0.001507936507936508,13
old_CE2,1176,49.0,0.005376984126984127,13
old_CE2,1177,49.041666666666664,0.0006448412698412698,13
old_CE2,1178,49.083333333333336,0.003591269841269841,12
old_CE2,1179,49.125,0.0037648809523809527,13
old_CE2,1180,49.166666666666664,0.0007638888888888888,14
old_CE2,1181,49.208333333333336,0.012847222222222222,16
old_CE2,1182,49.25,0.0009027777777777777,18
old_CE2,1183,49.291666666666664,0.01683531746031746,19
old_CE2,1184,49.333333333333336,0.011989087301587303,13
old_CE2,1185,49.375,0.009340277777777779,16
old_CE2,1186,49.416666666666664,0.0041121031746031746,13
old_CE2,1187,49.458333333333336,0.0032936507936507935,16
old_CE2,1188,49.5,0.0019444444444444444,14
old_CE2,1189,49.541666666666664,0.005768849206349206,15
old_CE2,1190,49.583333333333336,0.022321428571428572,14
old_CE2,1191,49.625,0.04172123015873016,16
old_CE2,1192,49.666666666666664,0.034613095238095234,14
old_CE2,1193,49.708333333333336,0.037351190476190475,14
old_CE2,1194,49.75,0.03874007936507936,13
old_CE2,1195,49.791666666666664,0.04220238095238095,20
old_CE2,1196,49.833333333333336,0.0031249999999999997,12
old_CE2,1197,49.875,0.005887896825396826,14
old_CE2,1198,49.916666666666664,0.0016567460317460318,12
old_CE2,1199,49.958333333333336,0.01632936507936508,7
old_CE2,1200,50.0,0.018541666666666668,12
old_CE2,1201,50.041666666666664,0.02322420634920635,15
old_CE2,1202,50.083333333333336,0.018680555555555558,13
old_CE2,1203,50.125,0.030972222222222224,19
old_CE2,1204,50.166666666666664,0.020223214285714285,12
old_CE2,1205,50.208333333333336,0.03048611111111111,18
old_CE2,1206,50.25,0.02013392857142857,14
old_CE2,1207,50.291666666666664,0.021041666666666663,18
old_CE2,1208,50.333333333333336,0.0038392857142857144,12
old_CE2,1209,50.375,0.011691468253968254,18
old_CE2,1210,50.416666666666664,0.023065476190476192,13
old_CE2,1211,50.458333333333336,0.02333829365079365,15
old_CE2,1212,50.5,0.007361111111111111,15
old_CE2,1213,50.541666666666664,0.007256944444444445,16
old_CE2,1214,50.583333333333336,0.0007589285714285715,12
old_CE2,1215,50.625,0.0,10
old_CE2,1216,50.666666666666664,0.0014384920634920636,12
old_CE2,1217,50.708333333333336,0.004300595238095238,13
old_CE2,1218,50.75,0.0008581349206349206,14
old_CE2,1219,50.791666666666664,0.0062896825396825395,16
old_CE2,1220,50.833333333333336,0.001388888888888889,12
old_CE2,1221,50.875,0.01525297619047619,17
old_CE2,1222,50.916666666666664,0.0014632936507936508,12
old_CE2,1223,50.958333333333336,0.007023809523809523,15
old_CE2,1224,51.0,0.0007093253968253968,12
old_CE2,1225,51.041666666666664,0.004107142857142857,13
old_CE2,1226,51.083333333333336,0.0016964285714285714,13
old_CE2,1227,51.125,0.0008680555555555556,13
old_CE2,1228,51.166666666666664,0.0008085317460317461,12
old_CE2,1229,51.208333333333336,0.007733134920634921,16
old_CE2,1230,51.25,0.0026785714285714286,11
old_CE2,1231,51.291666666666664,0.010555555555555556,13
old_CE2,1232,51.333333333333336,0.004682539682539683,11
old_CE2,1233,51.375,0.0038938492063492064,13
old_CE2,1234,51.416666666666664,0.0006150793650793651,10
old_CE2,1235,51.458333333333336,0.002857142857142857,12
old_CE2,1236,51.5,0.0014136904761904762,10
old_CE2,1237,51.541666666666664,0.0004365079365079365,8
old_CE2,1238,51.583333333333336,0.0006944444444444445,12
old_CE2,1239,51.625,0.009533730158730158,13
old_CE2,1240,51.666666666666664,0.000625,10
old_CE2,1241,51.708333333333336,0.0005109126984126984,10
old_CE2,1242,51.75,0.0016765873015873016,13
old_CE2,1243,51.791666666666664,0.014459325396825397,15
old_CE2,1244,51.833333333333336,0.001875,10
old_CE2,1245,51.875,0.005446428571428572,12
old_CE2,1246,51.916666666666664,0.0010912698412698413,0
old_CE2,1247,51.958333333333336,0.007256944444444445,11
old_CE2,1248,52.0,0.0021577380952380954,0
old_CE2,1249,52.041666666666664,0.0032390873015873014,5
old_CE2,1250,52.083333333333336,0.0004365079365079365,8
old_CE2,1251,52.125,0.0002876984126984127,3
old_CE2,1252,52.166666666666664,0.0,0
old_CE2,1253,52.208333333333336,0.00912202380952381,3
old_CE2,1254,52.25,0.0,0
old_CE2,1255,52.291666666666664,0.0030605158730158733,7
old_CE2,1256,52.333333333333336,0.0,0
old_CE2,1257,52.375,4.464285714285714e-05,2
old_CE2,1258,52.416666666666664,0.0,0
old_CE2,1259,52.458333333333336,4.96031746031746e-06,1
old_CE2,1260,52.5,0.0,0
old_CE2,1261,52.541666666666664,0.003035714285714286,2
old_CE2,1262,52.583333333333336,0.0,0
old_CE2,1263,52.625,0.0007886904761904761,1
old_CE2,1264,52.666666666666664,0.003244047619047619,1
old_CE2,1265,52.708333333333336,0.0,0
old_CE2,1266,52.75,0.0,0
old_CE2,1267,52.791666666666664,0.006299603174603175,4
old_CE2,1268,52.833333333333336,0.0,0
old_CE2,1269,52.875,0.00022321428571428573,2
old_CE2,1270,52.916666666666664,0.0,0
old_CE2,1271,52.958333333333336,0.00035218253968253963,3
old_CE2,1272,53.0,0.0,0
old_CE2,1273,53.041666666666664,0.00021825396825396825,2
old_CE2,1274,53.083333333333336,0.0,0
old_CE2,1275,53.125,0.00034722222222222224,3
old_CE2,1276,53.166666666666664,0.0,0
old_CE2,1277,53.208333333333336,0.00023809523809523812,2
old_CE2,1278,53.25,0.0,0
old_CE2,1279,53.291666666666664,0.01117063492063492,4
old_CE2,1280,53.333333333333336,0.004360119047619048,0
old_CE2,1281,53.375,0.006681547619047619,3
old_CE2,1282,53.416666666666664,0.0024553571428571432,1
old_CE2,1283,53.458333333333336,0.0,1
old_CE2,1284,53.5,0.0,0
old_CE2,1285,53.541666666666664,0.0,0
old_CE2,1286,53.583333333333336,0.0,0
old_CE2,1287,53.625,0.009151785714285713,2
old_CE2,1288,53.666666666666664,0.0,0
old_CE2,1289,53.708333333333336,0.00945436507936508,5
old_CE2,1290,53.75,0.0037251984126984126,0
old_CE2,1291,53.791666666666664,0.006061507936507936,2
old_CE2,1292,53.833333333333336,0.0,0
old_CE2,1293,53.875,0.0,1
old_CE2,1294,53.916666666666664,0.0,0
old_CE2,1295,53.958333333333336,0.0,1
old_CE2,1296,54.0,0.0,0
old_CE2,1297,54.041666666666664,0.0,0
old_CE2,1298,54.083333333333336,0.0,0
old_CE2,1299,54.125,0.0,2
old_CE2,1300,54.166666666666664,0.0,0
old_CE2,1301,54.208333333333336,0.0,2
old_CE2,1302,54.25,0.0,0
old_CE2,1303,54.291666666666664,0.0,1
old_CE2,1304,54.333333333333336,0.0,0
old_CE2,1305,54.375,0.0,0
old_CE2,1306,54.416666666666664,0.0,0
old_CE2,1307,54.458333333333336,0.0,1
old_CE2,1308,54.5,0.04386904761904762,11
old_CE2,1309,54.541666666666664,0.009499007936507936,2
old_CE2,1310,54.583333333333336,0.0004910714285714286,9
old_CE2,1311,54.625,0.01431547619047619,46
old_CE2,1312,54.666666666666664,0.0022470238095238094,20
old_CE2,1313,54.708333333333336,0.013020833333333332,17
old_CE2,1314,54.75,0.010143849206349207,19
old_CE2,1315,54.791666666666664,0.01668154761904762,38
old_CE2,1316,54.833333333333336,0.009776785714285714,27
old_CE2,1317,54.875,0.013174603174603174,29
old_CE2,1318,54.916666666666664,0.0003621031746031746,11
old_CE2,1319,54.958333333333336,0.0005505952380952382,10
old_CE2,1320,55.0,0.000625,11
old_CE2,1321,55.041666666666664,0.00378968253968254,13
old_CE2,1322,55.083333333333336,0.0004067460317460318,10
old_CE2,1323,55.125,0.012956349206349206,14
old_CE2,1324,55.166666666666664,0.0006101190476190476,14
old_CE2,1325,55.208333333333336,0.012797619047619047,14
old_CE2,1326,55.25,0.0005009920634920635,10
old_CE2,1327,55.291666666666664,0.0004910714285714286,11
old_CE2,1328,55.333333333333336,0.018214285714285714,11
old_CE2,1329,55.375,0.004647817460317461,13
old_CE2,1330,55.416666666666664,0.008442460317460317,10
old_CE2,1331,55.458333333333336,0.006691468253968254,12
old_CE2,1332,55.5,0.0006646825396825396,12
old_CE2,1333,55.541666666666664,0.002663690476190476,12
old_CE2,1334,55.583333333333336,0.0014087301587301585,10
old_CE2,1335,55.625,0.0035019841269841273,11
old_CE2,1336,55.666666666666664,0.0004910714285714286,13
old_CE2,1337,55.708333333333336,0.0005753968253968254,19
old_CE2,1338,55.75,0.0003819444444444444,13
old_CE2,1339,55.791666666666664,0.0002926587301587302,17
old_CE2,1340,55.833333333333336,0.0006845238095238095,16
old_CE2,1341,55.875,0.00045138888888888887,16
old_CE2,1342,55.916666666666664,0.0004662698412698413,14
old_CE2,1343,55.958333333333336,0.0005902777777777778,14
old_CE2,1344,56.0,0.0003323412698412698,12
old_CE2,1345,56.041666666666664,0.00035218253968253963,13
old_CE2,1346,56.083333333333336,0.0005704365079365079,11
old_CE2,1347,56.125,0.00043154761904761905,15
old_CE2,1348,56.166666666666664,0.0002876984126984127,16
old_CE2,1349,56.208333333333336,0.0004117063492063492,15
old_CE2,1350,56.25,0.0002876984126984127,19
old_CE2,1351,56.291666666666664,0.007251984126984127,17
old_CE2,1352,56.333333333333336,0.003988095238095238,15
old_CE2,1353,56.375,0.0005109126984126984,12
old_CE2,1354,56.416666666666664,0.0004662698412698413,15
old_CE2,1355,56.458333333333336,0.0003025793650793651,14
old_CE2,1356,56.5,0.06562996031746031,69
old_CE2,1357,56.541666666666664,0.004399801587301587,18
old_CE2,1358,56.583333333333336,0.0005853174603174604,20
old_CE2,1359,56.625,0.0003819444444444444,17
old_CE2,1360,56.666666666666664,0.0033382936507936507,10
old_CE2,1361,56.708333333333336,0.17295634920634922,74
old_CE2,1362,56.75,0.04271825396825397,19
old_CE2,1363,56.791666666666664,0.0003025793650793651,7
old_CE2,1364,56.833333333333336,0.0034474206349206352,8
old_CE2,1365,56.875,0.00017361111111111112,5
old_CE2,1366,56.916666666666664,0.0,0
old_CE2,1367,56.958333333333336,0.0,0
old_CE2,1368,57.0,0.0,0
old_CE2,1369,57.041666666666664,0.0,0
old_CE2,1370,57.083333333333336,0.0,0
old_CE2,1371,57.125,0.0,0
old_CE2,1372,57.166666666666664,0.0,0
old_CE2,1373,57.208333333333336,0.0,0
old_CE2,1374,57.25,0.0,0
old_CE2,1375,57.291666666666664,0.0,0
old_CE2,1376,57.333333333333336,0.0,0
old_CE2,1377,57.375,0.0,0
old_CE2,1378,57.416666666666664,0.0,0
old_CE2,1379,57.458333333333336,0.0,0
old_CE2,1380,57.5,0.0,0
old_CE2,1381,57.541666666666664,0.0,0
old_CE2,1382,57.583333333333336,0.0,0
old_CE2,1383,57.625,0.0,0
old_CE2,1384,57.666666666666664,0.0,0
old_CE2,1385,57.708333333333336,0.0,0
old_CE2,1386,57.75,0.0,0
old_CE2,1387,57.791666666666664,0.0,0
old_CE2,1388,57.833333333333336,0.0,0
old_CE2,1389,57.875,0.0,0
old_CE2,1390,57.916666666666664,0.0,0
old_CE2,1391,57.958333333333336,0.0,0
old_CE2,1392,58.0,0.0,0
old_CE2,1393,58.041666666666664,0.0,0
old_CE2,1394,58.083333333333336,0.0,0
old_CE2,1395,58.125,0.0,0
old_CE2,1396,58.166666666666664,0.0,0
old_CE2,1397,58.208333333333336,0.0,0
old_CE2,1398,58.25,0.0,0
old_CE2,1399,58.291666666666664,0.0,0
old_CE2,1400,58.333333333333336,0.0,0
old_CE2,1401,58.375,0.0,0
old_CE2,1402,58.416666666666664,0.0,0
old_CE2,1403,58.458333333333336,0.0,0
old_CE2,1404,58.5,0.0,0
old_CE2,1405,58.541666666666664,0.0,0
old_CE2,1406,58.583333333333336,0.0,0
old_CE2,1407,58.625,0.0,0
old_CE2,1408,58.666666666666664,0.0,0
old_CE2,1409,58.708333333333336,0.0,0
old_CE2,1410,58.75,0.0,0
old_CE2,1411,58.791666666666664,0.0,0
old_CE2,1412,58.833333333333336,0.0,0
old_CE2,1413,58.875,0.0,0
old_CE2,1414,58.916666666666664,0.0,0
old_CE2,1415,58.958333333333336,0.0,0
old_CE2,1416,59.0,0.0,0
old_CE2,1417,59.041666666666664,0.0,0
old_CE2,1418,59.083333333333336,0.0,0
old_CE2,1419,59.125,0.0,0
old_CE2,1420,59.166666666666664,0.0,0
old_CE2,1421,59.208333333333336,0.0,0
old_CE2,1422,59.25,0.0,0
old_CE2,1423,59.291666666666664,0.0,0
old_CE2,1424,59.333333333333336,0.0,0
old_CE2,1425,59.375,0.0,0
old_CE2,1426,59.416666666666664,0.0,0
old_CE2,1427,59.458333333333336,0.0,0
old_CE2,1428,59.5,0.0,0
old_CE2,1429,59.541666666666664,0.0,0
old_CE2,1430,59.583333333333336,0.0,0
old_CE2,1431,59.625,0.0,0
old_CE2,1432,59.666666666666664,0.0,0
old_CE2,1433,59.708333333333336,0.0,0
old_CE2,1434,59.75,0.0,0
old_CE2,1435,59.791666666666664,0.0,0
old_CE2,1436,59.833333333333336,0.0,0
old_CE2,1437,59.875,0.0,0
old_CE2,1438,59.916666666666664,0.0,0
old_CE2,1439,59.958333333333336,0.0,0
old_CE2,1440,60.0,0.0,0
old_CE2,1441,60.041666666666664,0.0,0
old_CE2,1442,60.083333333333336,0.0,0
old_CE2,1443,60.125,0.0,0
old_CE2,1444,60.166666666666664,0.0,0
old_CE2,1445,60.208333333333336,0.0,0
old_CE2,1446,60.25,0.0,0
old_CE2,1447,60.291666666666664,0.0,0
old_CE2,1448,60.333333333333336,0.0,0
old_CE2,1449,60.375,0.0,0
old_CE2,1450,60.416666666666664,0.0,0
old_CE2,1451,60.458333333333336,0.0,0
old_CE2,1452,60.5,0.0,0
old_CE2,1453,60.541666666666664,0.0,0
old_CE2,1454,60.583333333333336,0.0,0
old_CE2,1455,60.625,0.0,0
old_CE2,1456,60.666666666666664,0.0,0
old_CE2,1457,60.708333333333336,0.0,0
old_CE2,1458,60.75,0.0,0
old_CE2,1459,60.791666666666664,0.0,0
old_CE2,1460,60.833333333333336,0.0,0
old_CE2,1461,60.875,0.0,0
old_CE2,1462,60.916666666666664,0.0,0
old_CE2,1463,60.958333333333336,0.0,0
old_CE2,1464,61.0,0.0,0
old_CE2,1465,61.041666666666664,0.0,0
old_CE2,1466,61.083333333333336,0.0,0
old_CE2,1467,61.125,0.0,0
old_CE2,1468,61.166666666666664,0.0,0
old_CE2,1469,61.208333333333336,0.0,0
old_CE2,1470,61.25,0.0,0
old_CE2,1471,61.291666666666664,0.0,0
old_CE2,1472,61.333333333333336,0.0,0
old_CE2,1473,61.375,1.4880952380952383e-05,1
old_CE2,1474,61.416666666666664,0.0003025793650793651,6
old_CE2,1475,61.458333333333336,0.0,0
old_CE2,1476,61.5,0.0007738095238095238,12
old_CE2,1477,61.541666666666664,0.0009027777777777777,12
old_CE2,1478,61.583333333333336,0.0006448412698412698,15
old_CE2,1479,61.625,0.0008779761904761904,15
old_CE2,1480,61.666666666666664,0.00873015873015873,18
old_CE2,1481,61.708333333333336,0.0009970238095238094,14
old_CE2,1482,61.75,0.0006448412698412698,13
old_CE2,1483,61.791666666666664,0.0008630952380952381,13
old_CE2,1484,61.833333333333336,0.0007291666666666667,14
old_CE2,1485,61.875,0.0007043650793650793,12
old_CE2,1486,61.916666666666664,0.0007688492063492063,12
old_CE2,1487,61.958333333333336,0.0007787698412698413,12
old_CE2,1488,62.0,0.0008283730158730159,12
old_CE2,1489,62.041666666666664,0.000798611111111111,12
old_CE2,1490,62.083333333333336,0.0007192460317460318,12
old_CE2,1491,62.125,0.0007638888888888888,12
old_CE2,1492,62.166666666666664,0.0009226190476190477,13
old_CE2,1493,62.208333333333336,0.0007291666666666667,12
old_CE2,1494,62.25,0.0010069444444444444,12
old_CE2,1495,62.291666666666664,0.01779265873015873,16
old_CE2,1496,62.333333333333336,0.0116765873015873,13
old_CE2,1497,62.375,0.0007688492063492063,12
old_CE2,1498,62.416666666666664,0.000689484126984127,12
old_CE2,1499,62.458333333333336,0.00047619047619047624,6
old_CE2,1500,62.5,0.0007341269841269841,13
old_CE2,1501,62.541666666666664,0.0008630952380952381,13
old_CE2,1502,62.583333333333336,0.0008333333333333334,12
old_CE2,1503,62.625,0.0007589285714285715,12
old_CE2,1504,62.666666666666664,0.0007341269841269841,12
old_CE2,1505,62.708333333333336,0.0008630952380952381,12
old_CE2,1506,62.75,0.0008283730158730159,12
old_CE2,1507,62.791666666666664,0.0001884920634920635,1
old_CE2,1508,62.833333333333336,0.0007738095238095238,13
old_CE2,1509,62.875,0.0007688492063492063,13
old_CE2,1510,62.916666666666664,0.0012003968253968254,12
old_CE2,1511,62.958333333333336,0.0005853174603174604,10
old_CE2,1512,63.0,0.0008878968253968254,9
old_CE2,1513,63.041666666666664,0.001056547619047619,11
old_CE2,1514,63.083333333333336,0.0007043650793650793,11
old_CE2,1515,63.125,0.0011805555555555556,12
old_CE2,1516,63.166666666666664,0.0013740079365079365,12
old_CE2,1517,63.208333333333336,0.0006944444444444445,11
old_CE2,1518,63.25,0.0010813492063492063,9
old_CE2,1519,63.291666666666664,0.004563492063492063,15
old_CE2,1520,63.333333333333336,0.010466269841269842,12
old_CE2,1521,63.375,0.0008581349206349206,12
old_CE2,1522,63.416666666666664,0.0002777777777777778,5
old_CE2,1523,63.458333333333336,0.0007638888888888888,12
old_CE2,1524,63.5,0.001205357142857143,15
old_CE2,1525,63.541666666666664,0.0010763888888888889,18
old_CE2,1526,63.583333333333336,0.0012698412698412698,16
old_CE2,1527,63.625,0.0012599206349206348,15
old_CE2,1528,63.666666666666664,0.0012152777777777776,15
old_CE2,1529,63.708333333333336,0.0012400793650793652,15
old_CE2,1530,63.75,0.0011061507936507937,14
old_CE2,1531,63.791666666666664,0.0008234126984126984,14
old_CE2,1532,63.833333333333336,0.3254910714285714,41
old_CE2,1533,63.875,0.24717261904761906,39
old_CE2,1534,63.916666666666664,0.013794642857142856,96
old_CE2,1535,63.958333333333336,0.008075396825396826,58
old_CE2,1536,64.0,0.008745039682539682,68
old_CE2,1537,64.04166666666667,0.016066468253968253,111
old_CE2,1538,64.08333333333333,0.0011259920634920635,14
old_CE2,1539,64.125,0.015342261904761904,112
old_CE2,1540,64.16666666666667,0.014057539682539684,99
old_CE2,1541,64.20833333333333,0.015535714285714286,106
old_CE2,1542,64.25,0.004583333333333333,39
old_CE2,1543,64.29166666666667,0.008492063492063492,63
old_CE2,1544,64.33333333333333,0.01164186507936508,22
old_CE2,1545,64.375,0.25408234126984125,36
old_CE2,1546,64.41666666666667,0.0014335317460317462,16
old_CE2,1547,64.45833333333333,0.0009573412698412698,16
old_CE2,1548,64.5,0.0014087301587301585,16
old_CE2,1549,64.54166666666667,0.00158234126984127,17
old_CE2,1550,64.58333333333333,0.0022619047619047623,17
old_CE2,1551,64.625,0.0014682539682539682,17
old_CE2,1552,64.66666666666667,0.0018998015873015874,21
old_CE2,1553,64.70833333333333,0.0013541666666666667,16
old_CE2,1554,64.75,0.0023263888888888887,21
old_CE2,1555,64.79166666666667,0.18796130952380952,52
old_CE2,1556,64.83333333333333,0.29047619047619044,41
old_CE2,1557,64.875,0.03967261904761905,18
old_CE2,1558,64.91666666666667,0.0009821428571428572,16
old_CE2,1559,64.95833333333333,0.001746031746031746,16
old_CE2,1560,65.0,0.0012748015873015872,16
old_CE2,1561,65.04166666666667,0.0012797619047619049,16
old_CE2,1562,65.08333333333333,0.0017509920634920636,19
old_CE2,1563,65.125,0.0016071428571428571,18
old_CE2,1564,65.16666666666667,0.00158234126984127,18
old_CE2,1565,65.20833333333333,0.0016220238095238095,20
old_CE2,1566,65.25,0.0018601190476190477,18
old_CE2,1567,65.29166666666667,0.0024801587301587305,21
old_CE2,1568,65.33333333333333,0.007063492063492063,19
old_CE2,1569,65.375,0.0027678571428571427,24
old_CE2,1570,65.41666666666667,0.023154761904761904,21
old_CE2,1571,65.45833333333333,0.03556547619047619,19
old_CE2,1572,65.5,0.009107142857142857,19
old_CE2,1573,65.54166666666667,0.022628968253968255,21
old_CE2,1574,65.58333333333333,0.0016170634920634921,20
old_CE2,1575,65.625,0.0015029761904761904,18
old_CE2,1576,65.66666666666667,9.92063492063492e-06,1
old_CE2,1577,65.70833333333333,0.10812003968253968,35
old_CE2,1578,65.75,0.01746031746031746,19
old_CE2,1579,65.79166666666667,0.5010615079365079,76
old_CE2,1580,65.83333333333333,0.8276785714285715,81
old_CE2,1581,65.875,0.8730902777777778,78
old_CE2,1582,65.91666666666667,0.8430753968253969,77
old_CE2,1583,65.95833333333333,0.6257093253968254,52
old_CE2,1584,66.0,0.20601686507936506,29
old_CE2,1585,66.04166666666667,0.38254464285714285,53
old_CE2,1586,66.08333333333333,0.1385813492063492,20
old_CE2,1587,66.125,0.0020486111111111113,19
old_CE2,1588,66.16666666666667,0.0013343253968253967,18
old_CE2,1589,66.20833333333333,0.0016468253968253967,19
old_CE2,1590,66.25,0.0014285714285714286,17
old_CE2,1591,66.29166666666667,0.00855654761904762,19
old_CE2,1592,66.33333333333333,0.00935515873015873,20
old_CE2,1593,66.375,0.0038194444444444443,21
old_CE2,1594,66.41666666666667,0.011359126984126984,19
old_CE2,1595,66.45833333333333,0.0012450396825396826,20
old_CE2,1596,66.5,0.0015228174603174602,20
old_CE2,1597,66.54166666666667,0.013794642857142856,20
old_CE2,1598,66.58333333333333,0.0014236111111111112,18
old_CE2,1599,66.625,0.0016468253968253967,19
old_CE2,1600,66.66666666666667,0.0013541666666666667,18
old_CE2,1601,66.70833333333333,0.0025942460317460317,19
old_CE2,1602,66.75,0.0015624999999999999,19
old_CE2,1603,66.79166666666667,0.001746031746031746,18
old_CE2,1604,66.83333333333333,0.0010714285714285715,19
old_CE2,1605,66.875,0.0014732142857142858,18
old_CE2,1606,66.91666666666667,0.0013293650793650793,18
old_CE2,1607,66.95833333333333,0.001711309523809524,19
old_CE2,1608,67.0,0.0011111111111111111,18
old_CE2,1609,67.04166666666667,0.0027678571428571427,19
old_CE2,1610,67.08333333333333,0.0014037698412698414,18
old_CE2,1611,67.125,0.0012251984126984126,18
old_CE2,1612,67.16666666666667,0.0018055555555555555,19
old_CE2,1613,67.20833333333333,0.0010416666666666667,18
old_CE2,1614,67.25,0.021592261904761906,18
old_CE2,1615,67.29166666666667,0.0024851190476190476,20
old_CE2,1616,67.33333333333333,0.013601190476190477,19
old_CE2,1617,67.375,0.0014682539682539682,19
old_CE2,1618,67.41666666666667,0.0014285714285714286,20
old_CE2,1619,67.45833333333333,0.0011557539682539684,16
old_CE2,1620,67.5,0.0008779761904761904,16
old_CE2,1621,67.54166666666667,0.013427579365079365,17
old_CE2,1622,67.58333333333333,0.0009325396825396826,16
old_CE2,1623,67.625,0.0010763888888888889,16
old_CE2,1624,67.66666666666667,0.0012400793650793652,16
old_CE2,1625,67.70833333333333,0.0008829365079365079,16
old_CE2,1626,67.75,0.0010813492063492063,18
old_CE2,1627,67.79166666666667,0.0012748015873015872,16
old_CE2,1628,67.83333333333333,2.9761904761904765e-05,2
old_CE2,1629,67.875,2.9761904761904765e-05,2
old_CE2,1630,67.91666666666667,3.472222222222222e-05,2
old_CE2,1631,67.95833333333333,3.968253968253968e-05,2
old_CE2,1632,68.0,3.968253968253968e-05,2
old_CE2,1633,68.04166666666667,4.464285714285714e-05,2
old_CE2,1634,68.08333333333333,2.9761904761904765e-05,2
old_CE2,1635,68.125,3.968253968253968e-05,2
old_CE2,1636,68.16666666666667,2.9761904761904765e-05,2
old_CE2,1637,68.20833333333333,3.968253968253968e-05,2
old_CE2,1638,68.25,3.968253968253968e-05,2
old_CE2,1639,68.29166666666667,3.472222222222222e-05,2
old_CE2,1640,68.33333333333333,3.472222222222222e-05,2
old_CE2,1641,68.375,2.9761904761904765e-05,2
old_CE2,1642,68.41666666666667,0.09729166666666667,27
old_CE2,1643,68.45833333333333,0.09119047619047618,26
old_CE2,1644,68.5,0.14857638888888888,43
old_CE2,1645,68.54166666666667,0.11566468253968254,19
old_CE2,1646,68.58333333333333,0.18006448412698411,65
old_CE2,1647,68.625,0.21098214285714284,19
old_CE2,1648,68.66666666666667,0.047961309523809524,10
old_CE2,1649,68.70833333333333,0.08746031746031746,17
old_CE2,1650,68.75,0.0407093253968254,10
old_CE2,1651,68.79166666666667,0.07508928571428572,14
old_CE2,1652,68.83333333333333,0.02843253968253968,4
old_CE2,1653,68.875,0.0004067460317460318,7
old_CE2,1654,68.91666666666667,0.005496031746031746,7
old_CE2,1655,68.95833333333333,0.0002033730158730159,3
old_CE2,1656,69.0,0.0003323412698412698,5
old_CE2,1657,69.04166666666667,0.0004662698412698413,6
old_CE2,1658,69.08333333333333,0.00032738095238095237,5
old_CE2,1659,69.125,0.0004365079365079365,5
old_CE2,1660,69.16666666666667,0.0002976190476190476,4
old_CE2,1661,69.20833333333333,0.0001984126984126984,3
old_CE2,1662,69.25,0.00016865079365079366,3
old_CE2,1663,69.29166666666667,0.00014384920634920634,3
old_CE2,1664,69.33333333333333,0.00046130952380952383,5
old_CE2,1665,69.375,0.05710813492063492,19
old_CE2,1666,69.41666666666667,0.002003968253968254,22
old_CE2,1667,69.45833333333333,0.22772321428571426,35
old_CE2,1668,69.5,0.19545138888888888,45
old_CE2,1669,69.54166666666667,0.13940972222222223,16
old_CE2,1670,69.58333333333333,0.005476190476190476,16
old_CE2,1671,69.625,0.16026785714285713,26
old_CE2,1672,69.66666666666667,0.026225198412698412,13
old_CE2,1673,69.70833333333333,0.05174603174603175,22
old_CE2,1674,69.75,0.17916170634920636,33
old_CE2,1675,69.79166666666667,0.05866567460317461,15
old_CE2,1676,69.83333333333333,0.015074404761904761,17
old_CE2,1677,69.875,0.0009325396825396826,15
old_CE2,1678,69.91666666666667,0.001294642857142857,15
old_CE2,1679,69.95833333333333,0.001314484126984127,15
old_CE2,1680,70.0,0.0009970238095238094,14
old_CE2,1681,70.04166666666667,0.0010763888888888889,15
old_CE2,1682,70.08333333333333,0.0010367063492063493,15
old_CE2,1683,70.125,0.001314484126984127,15
old_CE2,1684,70.16666666666667,0.0009226190476190477,14
old_CE2,1685,70.20833333333333,0.0012549603174603174,16
old_CE2,1686,70.25,0.0011607142857142858,14
old_CE2,1687,70.29166666666667,0.003010912698412698,16
old_CE2,1688,70.33333333333333,0.05019345238095239,12
old_CE2,1689,70.375,0.007356150793650794,21
old_CE2,1690,70.41666666666667,0.0021180555555555558,16
old_CE2,1691,70.45833333333333,0.002599206349206349,27
old_CE2,1692,70.5,0.006999007936507936,27
old_CE2,1693,70.54166666666667,0.0008680555555555556,14
old_CE2,1694,70.58333333333333,0.0011309523809523811,14
old_CE2,1695,70.625,0.03033234126984127,19
old_CE2,1696,70.66666666666667,0.1346577380952381,18
old_CE2,1697,70.70833333333333,0.15654265873015874,29
old_CE2,1698,70.75,0.19663194444444443,22
old_CE2,1699,70.79166666666667,0.12454365079365079,21
old_CE2,1700,70.83333333333333,0.11918650793650794,26
old_CE2,1701,70.875,0.2214484126984127,22
old_CE2,1702,70.91666666666667,0.1621378968253968,26
old_CE2,1703,70.95833333333333,0.056125992063492065,15
old_CE2,1704,71.0,0.0014384920634920636,12
old_CE2,1705,71.04166666666667,0.000873015873015873,15
old_CE2,1706,71.08333333333333,0.0007291666666666667,14
old_CE2,1707,71.125,0.0008184523809523809,13
old_CE2,1708,71.16666666666667,0.08750496031746033,22
old_CE2,1709,71.20833333333333,0.000873015873015873,14
old_CE2,1710,71.25,0.0009722222222222222,13
old_CE2,1711,71.29166666666667,0.009196428571428572,14
old_CE2,1712,71.33333333333333,0.005317460317460317,13
old_CE2,1713,71.375,0.0019345238095238096,16
old_CE2,1714,71.41666666666667,0.010307539682539682,19
old_CE2,1715,71.45833333333333,0.0007787698412698413,14
old_CE2,1716,71.5,0.050421626984126985,18
old_CE2,1717,71.54166666666667,0.01898313492063492,17
old_CE2,1718,71.58333333333333,0.005203373015873015,16
old_CE2,1719,71.625,0.0007589285714285715,9
old_CE2,1720,71.66666666666667,0.0,0
old_CE2,1721,71.70833333333333,0.0,0
old_CE2,1722,71.75,0.0,0
old_CE2,1723,71.79166666666667,0.0,0
old_CE2,1724,71.83333333333333,0.0,0
old_CE2,1725,71.875,0.0,0
old_CE2,1726,71.91666666666667,0.0,0
old_CE2,1727,71.95833333333333,0.0,0
old_CE2,1728,72.0,0.0,0
old_CE2,1729,72.04166666666667,0.0,0
old_CE2,1730,72.08333333333333,0.0,0
old_CE2,1731,72.125,0.0,0
old_CE2,1732,72.16666666666667,0.0,0
old_CE2,1733,72.20833333333333,0.0,0
old_CE2,1734,72.25,0.0,0
old_CE2,1735,72.29166666666667,0.0,0
old_CE2,1736,72.33333333333333,0.0,0
old_CE2,1737,72.375,0.0,0
old_CE2,1738,72.41666666666667,0.0,0
old_CE2,1739,72.45833333333333,0.0,0
old_CE2,1740,72.5,0.0,0
old_CE2,1741,72.54166666666667,0.0,0
old_CE2,1742,72.58333333333333,0.005128968253968254,2
old_CE2,1743,72.625,0.05834821428571429,18
old_CE2,1744,72.66666666666667,0.04528769841269841,15
old_CE2,1745,72.70833333333333,0.04429563492063492,17
old_CE2,1746,72.75,0.04951388888888889,18
old_CE2,1747,72.79166666666667,0.06323412698412699,27
old_CE2,1748,72.83333333333333,0.12506944444444443,28
old_CE2,1749,72.875,0.13901289682539683,30
old_CE2,1750,72.91666666666667,0.1525099206349206,30
old_CE2,1751,72.95833333333333,0.11418154761904763,31
old_CE2,1752,73.0,0.1743204365079365,26
old_CE2,1753,73.04166666666667,0.12177579365079365,35
old_CE2,1754,73.08333333333333,0.17392857142857143,30
old_CE2,1755,73.125,0.14614087301587303,33
old_CE2,1756,73.16666666666667,0.15104166666666669,28
old_CE2,1757,73.20833333333333,0.14896329365079364,45
old_CE2,1758,73.25,0.12540674603174604,25
old_CE2,1759,73.29166666666667,0.0963938492063492,29
old_CE2,1760,73.33333333333333,0.1566121031746032,30
old_CE2,1761,73.375,0.20605158730158732,50
old_CE2,1762,73.41666666666667,0.23466269841269843,52
old_CE2,1763,73.45833333333333,0.21521329365079364,54
old_CE2,1764,73.5,0.22216765873015873,52
old_CE2,1765,73.54166666666667,0.24175099206349207,50
old_CE2,1766,73.58333333333333,0.11979166666666666,21
old_CE2,1767,73.625,0.10047619047619048,27
old_CE2,1768,73.66666666666667,0.10520337301587301,24
old_CE2,1769,73.70833333333333,0.09481646825396825,17
old_CE2,1770,73.75,0.035590277777777776,9
old_CE2,1771,73.79166666666667,0.01808035714285714,8
old_CE2,1772,73.83333333333333,0.01808035714285714,8
old_CE2,1773,73.875,0.018055555555555554,8
old_CE2,1774,73.91666666666667,0.018050595238095237,9
old_CE2,1775,73.95833333333333,0.018075396825396824,9
old_CE2,1776,74.0,0.01808531746031746,9
old_CE2,1777,74.04166666666667,0.01808035714285714,8
old_CE2,1778,74.08333333333333,0.01810515873015873,9
old_CE2,1779,74.125,0.018095238095238098,8
old_CE2,1780,74.16666666666667,0.006408730158730158,8
old_CE2,1781,74.20833333333333,0.00033730158730158733,9
old_CE2,1782,74.25,0.00031746031746031746,9
old_CE2,1783,74.29166666666667,0.008214285714285714,9
old_CE2,1784,74.33333333333333,0.0002033730158730159,8
old_CE2,1785,74.375,0.00025297619047619046,8
old_CE2,1786,74.41666666666667,0.0002132936507936508,8
old_CE2,1787,74.45833333333333,0.00022321428571428573,8
old_CE2,1788,74.5,0.0002579365079365079,9
old_CE2,1789,74.54166666666667,0.00023313492063492064,8
old_CE2,1790,74.58333333333333,0.00022321428571428573,8
old_CE2,1791,74.625,0.0001984126984126984,8
old_CE2,1792,74.66666666666667,0.00022321428571428573,8
old_CE2,1793,74.70833333333333,0.0002132936507936508,8
old_CE2,1794,74.75,0.00023809523809523812,9
old_CE2,1795,74.79166666666667,0.00021825396825396825,8
old_CE2,1796,74.83333333333333,0.00023313492063492064,8
old_CE2,1797,74.875,0.0001984126984126984,8
old_CE2,1798,74.91666666666667,0.00026289682539682536,8
old_CE2,1799,74.95833333333333,0.0002579365079365079,9
old_CE2,1800,75.0,0.0013938492063492063,10
old_CE2,1801,75.04166666666667,0.0002132936507936508,8
old_CE2,1802,75.08333333333333,0.0017857142857142859,9
old_CE2,1803,75.125,0.0002132936507936508,8
old_CE2,1804,75.16666666666667,0.0001884920634920635,8
old_CE2,1805,75.20833333333333,0.00024305555555555555,9
old_CE2,1806,75.25,0.00022321428571428573,8
old_CE2,1807,75.29166666666667,0.007400793650793651,9
old_CE2,1808,75.33333333333333,0.00020833333333333335,8
old_CE2,1809,75.375,0.0002827380952380953,8
old_CE2,1810,75.41666666666667,0.0002132936507936508,8
old_CE2,1811,75.45833333333333,0.00020833333333333335,8
old_CE2,1812,75.5,0.0003621031746031746,9
old_CE2,1813,75.54166666666667,0.012177579365079365,9
old_CE2,1814,75.58333333333333,0.0002033730158730159,9
old_CE2,1815,75.625,0.00033730158730158733,19
old_CE2,1816,75.66666666666667,0.02550595238095238,14
old_CE2,1817,75.70833333333333,0.07402281746031746,18
old_CE2,1818,75.75,0.06087797619047619,14
old_CE2,1819,75.79166666666667,0.06453373015873017,17
old_CE2,1820,75.83333333333333,0.06637400793650794,17
old_CE2,1821,75.875,0.13058035714285715,26
old_CE2,1822,75.91666666666667,0.11874007936507937,25
old_CE2,1823,75.95833333333333,0.13991071428571428,24
old_CE2,1824,76.0,0.11094246031746033,18
old_CE2,1825,76.04166666666667,0.02050595238095238,10
old_CE2,1826,76.08333333333333,0.023913690476190474,17
old_CE2,1827,76.125,0.08862103174603175,16
old_CE2,1828,76.16666666666667,0.04217757936507937,15
old_CE2,1829,76.20833333333333,0.046919642857142854,16
old_CE2,1830,76.25,0.033576388888888885,17
old_CE2,1831,76.29166666666667,0.0591468253968254,19
old_CE2,1832,76.33333333333333,0.09464781746031746,22
old_CE2,1833,76.375,0.05548115079365079,20
old_CE2,1834,76.41666666666667,0.0744890873015873,16
old_CE2,1835,76.45833333333333,0.10838789682539683,22
old_CE2,1836,76.5,0.06905257936507937,20
old_CE2,1837,76.54166666666667,0.08610119047619047,20
old_CE2,1838,76.58333333333333,0.04328373015873016,20
old_CE2,1839,76.625,0.013472222222222222,19
old_CE2,1840,76.66666666666667,0.039871031746031745,22
old_CE2,1841,76.70833333333333,0.031106150793650793,15
old_CE2,1842,76.75,0.0005109126984126984,14
old_CE2,1843,76.79166666666667,0.0,0
old_CE2,1844,76.83333333333333,0.0,0
old_CE2,1845,76.875,0.0,0
old_CE2,1846,76.91666666666667,0.0,0
old_CE2,1847,76.95833333333333,0.0,0
old_CE2,1848,77.0,0.0,0
old_CE2,1849,77.04166666666667,0.0,0
old_CE2,1850,77.08333333333333,0.0,0
old_CE2,1851,77.125,0.0,0
old_CE2,1852,77.16666666666667,0.0,0
old_CE2,1853,77.20833333333333,0.0,0
old_CE2,1854,77.25,0.0,0
old_CE2,1855,77.29166666666667,0.0,0
old_CE2,1856,77.33333333333333,0.0,0
old_CE2,1857,77.375,0.0,0
old_CE2,1858,77.41666666666667,0.0,0
old_CE2,1859,77.45833333333333,0.0,0
old_CE2,1860,77.5,0.0,0
old_CE2,1861,77.54166666666667,0.0,0
old_CE2,1862,77.58333333333333,0.0,0
old_CE2,1863,77.625,0.0,1
old_CE2,1864,77.66666666666667,1.4880952380952383e-05,2
old_CE2,1865,77.70833333333333,0.0,0
old_CE2,1866,77.75,0.0,0
old_CE2,1867,77.79166666666667,0.0,0
old_CE2,1868,77.83333333333333,0.0,0
old_CE2,1869,77.875,0.0,0
old_CE2,1870,77.91666666666667,0.0,0
old_CE2,1871,77.95833333333333,0.0,0
old_CE2,1872,78.0,0.0,0
old_CE2,1873,78.04166666666667,0.0,0
old_CE2,1874,78.08333333333333,0.0,0
old_CE2,1875,78.125,0.0,0
old_CE2,1876,78.16666666666667,0.0,0
old_CE2,1877,78.20833333333333,0.0,0
old_CE2,1878,78.25,0.0,0
old_CE2,1879,78.29166666666667,0.0,0
old_CE2,1880,78.33333333333333,0.0,0
old_CE2,1881,78.375,0.0,0
old_CE2,1882,78.41666666666667,0.007023809523809523,3
old_CE2,1883,78.45833333333333,0.02571924603174603,14
old_CE2,1884,78.5,0.0,0
old_CE2,1885,78.54166666666667,0.0,0
old_CE2,1886,78.58333333333333,0.42789682539682544,207
old_CE2,1887,78.625,0.927435515873016,4
old_CE2,1888,78.66666666666667,0.915327380952381,22
old_CE2,1889,78.70833333333333,0.5750992063492063,24
old_CE2,1890,78.75,0.04064980158730159,2
old_CE2,1891,78.79166666666667,0.22081845238095238,47
old_CE2,1892,78.83333333333333,0.5808928571428572,56
old_CE2,1893,78.875,0.24297123015873015,25
old_CE2,1894,78.91666666666667,0.3253621031746032,29
old_CE2,1895,78.95833333333333,0.2461111111111111,21
old_CE2,1896,79.0,0.2266468253968254,25
old_CE2,1897,79.04166666666667,0.18342261904761906,9
old_CE2,1898,79.08333333333333,0.19246031746031747,36
old_CE2,1899,79.125,0.15147817460317461,19
old_CE2,1900,79.16666666666667,0.11988591269841269,13
old_CE2,1901,79.20833333333333,0.09306051587301588,12
old_CE2,1902,79.25,0.10648809523809523,14
old_CE2,1903,79.29166666666667,0.1091170634920635,18
old_CE2,1904,79.33333333333333,0.05904265873015873,5
old_CE2,1905,79.375,0.09552083333333335,14
old_CE2,1906,79.41666666666667,0.10891369047619048,21
old_CE2,1907,79.45833333333333,0.489186507936508,42
old_CE2,1908,79.5,0.3576289682539682,41
old_CE2,1909,79.54166666666667,0.47720238095238093,45
old_CE2,1910,79.58333333333333,0.38378968253968254,38
old_CE2,1911,79.625,0.21622023809523808,13
old_CE2,1912,79.66666666666667,0.12672619047619046,23
old_CE2,1913,79.70833333333333,0.02095734126984127,16
old_CE2,1914,79.75,0.5408482142857143,102
old_CE2,1915,79.79166666666667,0.47121031746031744,30
old_CE2,1916,79.83333333333333,0.4143650793650794,53
old_CE2,1917,79.875,0.2636359126984127,36
old_CE2,1918,79.91666666666667,0.0820486111111111,18
old_CE2,1919,79.95833333333333,0.14935515873015873,35
old_CE2,1920,80.0,0.22308531746031748,17
old_CE2,1921,80.04166666666667,0.1284375,26
old_CE2,1922,80.08333333333333,0.22327876984126985,55
old_CE2,1923,80.125,0.3296626984126984,30
old_CE2,1924,80.16666666666667,0.1291220238095238,16
old_CE2,1925,80.20833333333333,0.13486607142857143,35
old_CE2,1926,80.25,0.07064980158730158,17
old_CE2,1927,80.29166666666667,0.11256944444444446,29
old_CE2,1928,80.33333333333333,0.05607142857142857,18
old_CE2,1929,80.375,0.013978174603174603,0
old_CE2,1930,80.41666666666667,0.0,0
old_CE2,1931,80.45833333333333,0.0,0
old_CE2,1932,80.5,3.968253968253968e-05,1
old_CE2,1933,80.54166666666667,0.0,0
old_CE2,1934,80.58333333333333,0.0,0
old_CE2,1935,80.625,0.0,0
old_CE2,1936,80.66666666666667,0.0,0
old_CE2,1937,80.70833333333333,0.0,0
old_CE2,1938,80.75,0.0,0
old_CE2,1939,80.79166666666667,0.0,0
old_CE2,1940,80.83333333333333,0.0,0
old_CE2,1941,80.875,0.0,0
old_CE2,1942,80.91666666666667,0.0,0
old_CE2,1943,80.95833333333333,0.0,0
old_CE2,1944,81.0,0.0,0
old_CE2,1945,81.04166666666667,0.0,0
old_CE2,1946,81.08333333333333,0.0,0
old_CE2,1947,81.125,0.0,0
old_CE2,1948,81.16666666666667,0.0,0
old_CE2,1949,81.20833333333333,0.0,0
old_CE2,1950,81.25,0.0,0
old_CE2,1951,81.29166666666667,0.0,0
old_CE2,1952,81.33333333333333,0.0,0
old_CE2,1953,81.375,0.0,0
old_CE2,1954,81.41666666666667,0.0,0
old_CE2,1955,81.45833333333333,0.0,0
old_CE2,1956,81.5,0.0,0
old_CE2,1957,81.54166666666667,0.0,0
old_CE2,1958,81.58333333333333,0.0,0
old_CE2,1959,81.625,0.0,0
old_CE2,1960,81.66666666666667,0.0,0
old_CE2,1961,81.70833333333333,0.0,0
old_CE2,1962,81.75,0.0,0
old_CE2,1963,81.79166666666667,0.0,0
old_CE2,1964,81.83333333333333,0.0,0
old_CE2,1965,81.875,0.0,0
old_CE2,1966,81.91666666666667,0.0,0
old_CE2,1967,81.95833333333333,0.0,0
old_CE2,1968,82.0,0.0,0
old_CE2,1969,82.04166666666667,0.0,0
old_CE2,1970,82.08333333333333,0.0,0
old_CE2,1971,82.125,0.0,0
old_CE2,1972,82.16666666666667,0.0,0
old_CE2,1973,82.20833333333333,0.0,0
old_CE2,1974,82.25,0.0,0
old_CE2,1975,82.29166666666667,0.0,0
old_CE2,1976,82.33333333333333,0.0,0
old_CE2,1977,82.375,0.0,0
old_CE2,1978,82.41666666666667,0.0,0
old_CE2,1979,82.45833333333333,0.00026289682539682536,2
old_CE2,1980,82.5,0.0,0
old_CE2,1981,82.54166666666667,0.00023809523809523812,3
old_CE2,1982,82.58333333333333,0.0005456349206349206,4
old_CE2,1983,82.625,0.010679563492063492,9
old_CE2,1984,82.66666666666667,0.005763888888888889,12
old_CE2,1985,82.70833333333333,0.0009771825396825396,14
old_CE2,1986,82.75,0.00034722222222222224,10
old_CE2,1987,82.79166666666667,0.00035714285714285714,10
old_CE2,1988,82.83333333333333,0.00043154761904761905,11
old_CE2,1989,82.875,0.00033730158730158733,10
old_CE2,1990,82.91666666666667,0.00036706349206349205,10
old_CE2,1991,82.95833333333333,0.0003621031746031746,10
old_CE2,1992,83.0,0.00033730158730158733,9
old_CE2,1993,83.04166666666667,0.0003720238095238095,10
old_CE2,1994,83.08333333333333,0.0004067460317460318,10
old_CE2,1995,83.125,0.0004166666666666667,10
old_CE2,1996,83.16666666666667,0.0004563492063492064,10
old_CE2,1997,83.20833333333333,0.000376984126984127,10
old_CE2,1998,83.25,0.007757936507936508,11
old_CE2,1999,83.29166666666667,0.000625,11
old_CE2,2000,83.33333333333333,0.007395833333333333,10
old_CE2,2001,83.375,0.0004166666666666667,10
old_CE2,2002,83.41666666666667,0.0016567460317460318,19
old_CE2,2003,83.45833333333333,0.0010267857142857142,20
old_CE2,2004,83.5,0.0002926587301587302,4
old_CE2,2005,83.54166666666667,0.0,0
old_CE2,2006,83.58333333333333,3.968253968253968e-05,1
old_CE2,2007,83.625,0.004806547619047619,156
old_CE2,2008,83.66666666666667,0.010580357142857143,13
old_CE2,2009,83.70833333333333,5.952380952380953e-05,1
old_CE2,2010,83.75,0.003556547619047619,1
old_CE2,2011,83.79166666666667,0.0,0
old_CE2,2012,83.83333333333333,0.0,0
old_CE2,2013,83.875,0.0,0
old_CE2,2014,83.91666666666667,0.0,0
old_CE2,2015,83.95833333333333,0.0,0
old_CE2,2016,84.0,0.0,0
old_CE2,2017,84.04166666666667,0.0,0
old_CE2,2018,84.08333333333333,0.0,0
old_CE2,2019,84.125,0.0,0
old_CE2,2020,84.16666666666667,0.0,0
old_CE2,2021,84.20833333333333,8.928571428571429e-05,2
old_CE2,2022,84.25,0.0032688492063492063,1
old_CE2,2023,84.29166666666667,0.0,0
old_CE2,2024,84.33333333333333,0.0008581349206349206,7
old_CE2,2025,84.375,0.005327380952380952,3
old_CE2,2026,84.41666666666667,0.0,0
old_CE2,2027,84.45833333333333,0.0033333333333333335,1
old_CE2,2028,84.5,0.0012896825396825397,15
old_CE2,2029,84.54166666666667,0.012123015873015872,464
old_CE2,2030,84.58333333333333,0.00034722222222222224,10
old_CE2,2031,84.625,0.2141517857142857,105
old_CE2,2032,84.66666666666667,0.9625892857142857,12
old_CE2,2033,84.70833333333333,0.744672619047619,5
old_CE2,2034,84.75,0.18446924603174603,4
old_CE2,2035,84.79166666666667,0.02131448412698413,2
old_CE2,2036,84.83333333333333,0.017857142857142856,0
old_CE2,2037,84.875,0.01678075396825397,0
old_CE2,2038,84.91666666666667,0.0,0
old_CE2,2039,84.95833333333333,0.003298611111111111,1
old_CE2,2040,85.0,0.0035019841269841273,4
old_CE2,2041,85.04166666666667,0.03746527777777777,24
old_CE2,2042,85.08333333333333,0.911780753968254,157
old_CE2,2043,85.125,0.6190029761904762,62
old_CE2,2044,85.16666666666667,0.0,0
old_CE2,2045,85.20833333333333,4.464285714285714e-05,1
old_CE2,2046,85.25,0.0045535714285714285,1
old_CE2,2047,85.29166666666667,0.0,0
old_CE2,2048,85.33333333333333,0.0,0
old_CE2,2049,85.375,0.19257936507936507,31
old_CE2,2050,85.41666666666667,0.6775,53
old_CE2,2051,85.45833333333333,0.8405555555555555,3
old_CE2,2052,85.5,0.8485813492063492,3
old_CE2,2053,85.54166666666667,0.8571875,0
old_CE2,2054,85.58333333333333,0.8606547619047619,31
old_CE2,2055,85.625,0.8798214285714286,4
old_CE2,2056,85.66666666666667,0.8823859126984127,7
old_CE2,2057,85.70833333333333,0.8779613095238095,16
old_CE2,2058,85.75,0.8516319444444445,2
old_CE2,2059,85.79166666666667,0.8392857142857143,0
old_CE2,2060,85.83333333333333,0.7206448412698413,0
old_CE2,2061,85.875,0.45615079365079364,0
old_CE2,2062,85.91666666666667,0.44642857142857145,0
old_CE2,2063,85.95833333333333,0.42967261904761905,0
old_CE2,2064,86.0,0.42857142857142855,0
old_CE2,2065,86.04166666666667,0.42857142857142855,0
old_CE2,2066,86.08333333333333,0.42857142857142855,0
old_CE2,2067,86.125,0.42857142857142855,0
old_CE2,2068,86.16666666666667,0.42857142857142855,0
old_CE2,2069,86.20833333333333,0.42857142857142855,0
old_CE2,2070,86.25,0.42857142857142855,0
old_CE2,2071,86.29166666666667,0.42857142857142855,0
old_CE2,2072,86.33333333333333,0.16238095238095238,12
old_CE2,2073,86.375,0.11307043650793651,9
old_CE2,2074,86.41666666666667,0.0355109126984127,3
old_CE2,2075,86.45833333333333,0.00032738095238095237,2
old_CE2,2076,86.5,0.0171875,0
old_CE2,2077,86.54166666666667,0.0072123015873015875,1
old_CE2,2078,86.58333333333333,0.04324404761904762,25
old_CE2,2079,86.625,0.4174305555555556,106
old_CE2,2080,86.66666666666667,0.5041369047619048,117
old_CE2,2081,86.70833333333333,0.6147767857142857,55
old_CE2,2082,86.75,0.44028769841269844,56
old_CE2,2083,86.79166666666667,0.5061954365079365,47
old_CE2,2084,86.83333333333333,0.6640525793650793,21
old_CE2,2085,86.875,0.6755555555555556,25
old_CE2,2086,86.91666666666667,0.6833333333333333,17
old_CE2,2087,86.95833333333333,0.4904811507936508,2
old_CE2,2088,87.0,0.48214285714285715,3
old_CE2,2089,87.04166666666667,0.48214285714285715,0
old_CE2,2090,87.08333333333333,0.48214285714285715,0
old_CE2,2091,87.125,0.48214285714285715,0
old_CE2,2092,87.16666666666667,0.45545138888888886,0
old_CE2,2093,87.20833333333333,0.4261359126984127,0
old_CE2,2094,87.25,0.4107142857142857,0
old_CE2,2095,87.29166666666667,0.4107142857142857,0
old_CE2,2096,87.33333333333333,0.4107142857142857,0
old_CE2,2097,87.375,0.4107142857142857,0
old_CE2,2098,87.41666666666667,0.4107142857142857,0
old_CE2,2099,87.45833333333333,0.4107142857142857,0
old_CE2,2100,87.5,0.4107142857142857,0
old_CE2,2101,87.54166666666667,0.4107142857142857,0
old_CE2,2102,87.58333333333333,0.4107142857142857,0
old_CE2,2103,87.625,0.4107142857142857,0
old_CE2,2104,87.66666666666667,0.4107142857142857,0
old_CE2,2105,87.70833333333333,0.4107142857142857,0
old_CE2,2106,87.75,0.4107142857142857,0
old_CE2,2107,87.79166666666667,0.4107142857142857,0
old_CE2,2108,87.83333333333333,0.4107142857142857,0
old_CE2,2109,87.875,0.4107142857142857,0
old_CE2,2110,87.91666666666667,0.4107142857142857,0
old_CE2,2111,87.95833333333333,0.4107142857142857,0
old_CE2,2112,88.0,0.4107142857142857,0
old_CE2,2113,88.04166666666667,0.4107142857142857,0
old_CE2,2114,88.08333333333333,0.4107142857142857,0
old_CE2,2115,88.125,0.4107142857142857,0
old_CE2,2116,88.16666666666667,0.4107142857142857,0
old_CE2,2117,88.20833333333333,0.4107142857142857,0
old_CE2,2118,88.25,0.4107142857142857,0
old_CE2,2119,88.29166666666667,0.4107142857142857,0
old_CE2,2120,88.33333333333333,0.4107142857142857,0
old_CE2,2121,88.375,0.4107142857142857,0
old_CE2,2122,88.41666666666667,0.4107142857142857,0
old_CE2,2123,88.45833333333333,0.4107142857142857,0
old_CE2,2124,88.5,0.4107142857142857,0
old_CE2,2125,88.54166666666667,0.4107142857142857,0
old_CE2,2126,88.58333333333333,0.4107142857142857,0
old_CE2,2127,88.625,0.4107142857142857,0
old_CE2,2128,88.66666666666667,0.4107142857142857,0
old_CE2,2129,88.70833333333333,0.4107142857142857,0
old_CE2,2130,88.75,0.4107142857142857,0
old_CE2,2131,88.79166666666667,0.4107142857142857,0
old_CE2,2132,88.83333333333333,0.4107142857142857,0
old_CE2,2133,88.875,0.4107142857142857,0
old_CE2,2134,88.91666666666667,0.4107142857142857,0
old_CE2,2135,88.95833333333333,0.4107142857142857,0
old_CE2,2136,89.0,0.4107142857142857,0
old_CE2,2137,89.04166666666667,0.4107142857142857,0
old_CE2,2138,89.08333333333333,0.4107142857142857,0
old_CE2,2139,89.125,0.4107142857142857,0
old_CE2,2140,89.16666666666667,0.4107142857142857,0
old_CE2,2141,89.20833333333333,0.4107142857142857,0
old_CE2,2142,89.25,0.4107142857142857,0
old_CE2,2143,89.29166666666667,0.4107142857142857,0
old_CE2,2144,89.33333333333333,0.4107142857142857,0
old_CE2,2145,89.375,0.4107142857142857,0
old_CE2,2146,89.41666666666667,0.2534623015873016,53
old_CE2,2147,89.45833333333333,0.011200396825396825,2
old_CE2,2148,89.5,0.01994543650793651,4
old_CE2,2149,89.54166666666667,0.010639880952380953,0
old_CE2,2150,89.58333333333333,0.1678422619047619,19
old_CE2,2151,89.625,0.4392956349206349,50
old_CE2,2152,89.66666666666667,0.3280208333333334,20
old_CE2,2153,89.70833333333333,0.12785218253968253,31
old_CE2,2154,89.75,0.11547619047619048,52
old_CE2,2155,89.79166666666667,0.4529662698412698,33
old_CE2,2156,89.83333333333333,0.46677083333333336,0
old_CE2,2157,89.875,0.4642857142857143,0
old_CE2,2158,89.91666666666667,0.4642857142857143,0
old_CE2,2159,89.95833333333333,0.4642857142857143,0
old_CE2,2160,90.0,0.4642857142857143,0
old_CE2,2161,90.04166666666667,0.4642857142857143,0
old_CE2,2162,90.08333333333333,0.4642857142857143,0
old_CE2,2163,90.125,0.46412202380952383,0
old_CE2,2164,90.16666666666667,0.3847271825396826,0
old_CE2,2165,90.20833333333333,0.061552579365079366,0
old_CE2,2166,90.25,0.008040674603174603,1
old_CE2,2167,90.29166666666667,0.009419642857142857,0
old_CE2,2168,90.33333333333333,0.0,0
old_CE2,2169,90.375,0.004960317460317461,2
old_CE2,2170,90.41666666666667,0.018933531746031747,3
old_CE2,2171,90.45833333333333,0.37115575396825395,23
old_CE2,2172,90.5,0.3919295634920635,0
old_CE2,2173,90.54166666666667,0.39285714285714285,1
old_CE2,2174,90.58333333333333,0.39285714285714285,0
old_CE2,2175,90.625,0.39193948412698415,0
old_CE2,2176,90.66666666666667,0.39285714285714285,0
old_CE2,2177,90.70833333333333,0.39285714285714285,2
old_CE2,2178,90.75,0.39285714285714285,84
old_CE2,2179,90.79166666666667,0.39285714285714285,6
old_CE2,2180,90.83333333333333,0.3703769841269841,21
old_CE2,2181,90.875,0.3796527777777778,11
old_CE2,2182,90.91666666666667,0.37657242063492063,24
old_CE2,2183,90.95833333333333,0.3811656746031746,15
old_CE2,2184,91.0,0.3748958333333334,41
old_CE2,2185,91.04166666666667,0.38228670634920636,20
old_CE2,2186,91.08333333333333,0.2846031746031746,26
old_CE2,2187,91.125,0.3307936507936508,29
old_CE2,2188,91.16666666666667,0.3171527777777778,30
old_CE2,2189,91.20833333333333,0.3400843253968254,27
old_CE2,2190,91.25,0.28206845238095235,25
old_CE2,2191,91.29166666666667,0.3194047619047619,20
old_CE2,2192,91.33333333333333,0.22962301587301587,2
old_CE2,2193,91.375,0.20600694444444442,13
old_CE2,2194,91.41666666666667,0.22305555555555556,9
old_CE2,2195,91.45833333333333,0.12363095238095237,2
old_CE2,2196,91.5,0.11629960317460318,4
old_CE2,2197,91.54166666666667,0.15109623015873017,21
old_CE2,2198,91.58333333333333,0.12589781746031745,14
old_CE2,2199,91.625,0.18572916666666667,35
old_CE2,2200,91.66666666666667,0.3813938492063492,8
old_CE2,2201,91.70833333333333,0.23824404761904763,15
old_CE2,2202,91.75,0.1724652777777778,19
old_CE2,2203,91.79166666666667,0.14290674603174605,14
old_CE2,2204,91.83333333333333,0.10478670634920635,12
old_CE2,2205,91.875,0.14632440476190475,15
old_CE2,2206,91.91666666666667,0.1395734126984127,15
old_CE2,2207,91.95833333333333,0.08678075396825398,13
old_CE2,2208,92.0,0.07840773809523809,12
old_CE2,2209,92.04166666666667,0.07181051587301587,12
old_CE2,2210,92.08333333333333,0.1730456349206349,23
old_CE2,2211,92.125,0.21119047619047618,14
old_CE2,2212,92.16666666666667,0.11355654761904763,16
old_CE2,2213,92.20833333333333,0.13774801587301586,19
old_CE2,2214,92.25,0.11093750000000001,17
old_CE2,2215,92.29166666666667,0.1348561507936508,15
old_CE2,2216,92.33333333333333,0.1702232142857143,17
old_CE2,2217,92.375,0.16762896825396825,27
old_CE2,2218,92.41666666666667,0.15796626984126985,12
old_CE2,2219,92.45833333333333,0.0884077380952381,15
old_CE2,2220,92.5,0.13611607142857143,19
old_CE2,2221,92.54166666666667,0.21000992063492063,23
old_CE2,2222,92.58333333333333,0.3395882936507936,26
old_CE2,2223,92.625,0.39285714285714285,23
old_CE2,2224,92.66666666666667,0.39285714285714285,9
old_CE2,2225,92.70833333333333,0.49404761904761907,13
old_CE2,2226,92.75,0.5178571428571429,8
old_CE2,2227,92.79166666666667,0.5178571428571429,6
old_CE2,2228,92.83333333333333,0.5178571428571429,9
old_CE2,2229,92.875,0.5178571428571429,8
old_CE2,2230,92.91666666666667,0.5178571428571429,10
old_CE2,2231,92.95833333333333,0.49498511904761905,9
old_CE2,2232,93.0,0.5153224206349206,12
old_CE2,2233,93.04166666666667,0.5128373015873016,8
old_CE2,2234,93.08333333333333,0.48958829365079365,9
old_CE2,2235,93.125,0.4400793650793651,28
old_CE2,2236,93.16666666666667,0.3873065476190476,13
old_CE2,2237,93.20833333333333,0.38640376984126984,6
old_CE2,2238,93.25,0.3874206349206349,11
old_CE2,2239,93.29166666666667,0.3903918650793651,9
old_CE2,2240,93.33333333333333,0.3901438492063492,10
old_CE2,2241,93.375,0.40791666666666665,8
old_CE2,2242,93.41666666666667,0.5057738095238096,15
old_CE2,2243,93.45833333333333,0.4845089285714286,22
old_CE2,2244,93.5,0.5463888888888889,10
old_CE2,2245,93.54166666666667,0.2885416666666667,18
old_CE2,2246,93.58333333333333,0.25523313492063493,50
old_CE2,2247,93.625,0.15469742063492062,33
old_CE2,2248,93.66666666666667,0.0897470238095238,12
old_CE2,2249,93.70833333333333,0.08937996031746032,7
old_CE2,2250,93.75,0.22498511904761906,30
old_CE2,2251,93.79166666666667,0.46052579365079366,21
old_CE2,2252,93.83333333333333,0.46433035714285714,8
old_CE2,2253,93.875,0.4754166666666667,13
old_CE2,2254,93.91666666666667,0.4822222222222222,16
old_CE2,2255,93.95833333333333,0.461984126984127,18
old_CE2,2256,94.0,0.45925099206349207,5
old_CE2,2257,94.04166666666667,0.3928621031746032,1
old_CE2,2258,94.08333333333333,0.39293154761904764,3
old_CE2,2259,94.125,0.3811805555555555,5
old_CE2,2260,94.16666666666667,0.2611706349206349,9
old_CE2,2261,94.20833333333333,0.021081349206349208,12
old_CE2,2262,94.25,0.002420634920634921,12
old_CE2,2263,94.29166666666667,0.0014632936507936508,12
old_CE2,2264,94.33333333333333,0.001066468253968254,12
old_CE2,2265,94.375,0.0004017857142857143,12
old_CE2,2266,94.41666666666667,0.0004861111111111111,14
old_CE2,2267,94.45833333333333,0.0044444444444444444,16
old_CE2,2268,94.5,0.01041170634920635,14
old_CE2,2269,94.54166666666667,0.0005753968253968254,14
old_CE2,2270,94.58333333333333,0.00048115079365079364,14
old_CE2,2271,94.625,0.0005555555555555556,14
old_CE2,2272,94.66666666666667,0.0013442460317460317,14
old_CE2,2273,94.70833333333333,0.00044146825396825396,14
old_CE2,2274,94.75,0.0005357142857142857,14
old_CE2,2275,94.79166666666667,0.0005307539682539682,14
old_CE2,2276,94.83333333333333,0.00039186507936507937,12
old_CE2,2277,94.875,0.00044642857142857147,14
old_CE2,2278,94.91666666666667,0.0005158730158730158,14
old_CE2,2279,94.95833333333333,0.0005257936507936507,14
old_CE2,2280,95.0,0.0004910714285714286,14
old_CE2,2281,95.04166666666667,0.0004662698412698413,14
old_CE2,2282,95.08333333333333,0.0005456349206349206,14
old_CE2,2283,95.125,0.00047123015873015874,14
old_CE2,2284,95.16666666666667,0.0005902777777777778,14
old_CE2,2285,95.20833333333333,0.0005158730158730158,14
old_CE2,2286,95.25,0.004146825396825397,15
old_CE2,2287,95.29166666666667,0.0015476190476190477,15
old_CE2,2288,95.33333333333333,0.0011557539682539684,14
old_CE2,2289,95.375,0.0006299603174603174,14
old_CE2,2290,95.41666666666667,0.0005406746031746031,14
old_CE2,2291,95.45833333333333,0.0015327380952380953,15
old_CE2,2292,95.5,0.0005456349206349206,14
old_CE2,2293,95.54166666666667,0.0005555555555555556,14
old_CE2,2294,95.58333333333333,0.0022123015873015874,14
old_CE2,2295,95.625,0.00048115079365079364,14
old_CE2,2296,95.66666666666667,0.0005009920634920635,14
old_CE2,2297,95.70833333333333,0.0005208333333333333,14
old_CE2,2298,95.75,0.0005257936507936507,14
old_CE2,2299,95.79166666666667,0.0005307539682539682,14
old_CE2,2300,95.83333333333333,0.00125,11
old_CE2,2301,95.875,0.0005158730158730158,14
old_CE2,2302,95.91666666666667,0.0005009920634920635,14
old_CE2,2303,95.95833333333333,0.0005357142857142857,14
old_CE2,2304,96.0,0.0005257936507936507,14
old_CE2,2305,96.04166666666667,0.00047619047619047624,14
old_CE2,2306,96.08333333333333,0.00048115079365079364,14
old_CE2,2307,96.125,0.0004861111111111111,14
old_CE2,2308,96.16666666666667,0.0005555555555555556,14
old_CE2,2309,96.20833333333333,0.0006101190476190476,14
old_CE2,2310,96.25,0.0007242063492063492,14
old_CE2,2311,96.29166666666667,0.0008928571428571429,15
old_CE2,2312,96.33333333333333,0.001185515873015873,14
old_CE2,2313,96.375,0.0005307539682539682,14
old_CE2,2314,96.41666666666667,0.0005357142857142857,15
old_CE2,2315,96.45833333333333,0.0006398809523809524,15
old_CE2,2316,96.5,0.3602380952380952,32
old_CE2,2317,96.54166666666667,0.40245039682539685,9
old_CE2,2318,96.58333333333333,0.3931349206349206,8
old_CE2,2319,96.625,0.3931894841269841,10
old_CE2,2320,96.66666666666667,0.39312003968253967,8
old_CE2,2321,96.70833333333333,0.3971031746031746,9
old_CE2,2322,96.75,0.3941319444444445,44
old_CE2,2323,96.79166666666667,0.3949553571428571,77
old_CE2,2324,96.83333333333333,0.3952331349206349,91
old_CE2,2325,96.875,0.39387896825396823,35
old_CE2,2326,96.91666666666667,0.3933531746031746,14
old_CE2,2327,96.95833333333333,0.4017410714285714,17
old_CE2,2328,97.0,0.411155753968254,14
old_CE2,2329,97.04166666666667,0.41208829365079364,14
old_CE2,2330,97.08333333333333,0.41209325396825397,46
old_CE2,2331,97.125,0.411765873015873,34
old_CE2,2332,97.16666666666667,0.4121478174603174,43
old_CE2,2333,97.20833333333333,0.41128472222222223,15
old_CE2,2334,97.25,0.411235119047619,14
old_CE2,2335,97.29166666666667,0.4112251984126984,14
old_CE2,2336,97.33333333333333,0.413655753968254,28
old_CE2,2337,97.375,0.4089831349206349,26
old_CE2,2338,97.41666666666667,0.4003125,18
old_CE2,2339,97.45833333333333,0.39526289682539684,31
old_CE2,2340,97.5,0.40069444444444446,40
old_CE2,2341,97.54166666666667,0.3931498015873016,10
old_CE2,2342,97.58333333333333,0.3942757936507936,21
old_CE2,2343,97.625,0.39350694444444445,24
old_CE2,2344,97.66666666666667,0.39562003968253967,35
old_CE2,2345,97.70833333333333,0.40239583333333334,32
old_CE2,2346,97.75,0.4353720238095238,19
old_CE2,2347,97.79166666666667,0.43194940476190474,13
old_CE2,2348,97.83333333333333,0.42892857142857144,11
old_CE2,2349,97.875,0.42988591269841275,49
old_CE2,2350,97.91666666666667,0.4303025793650793,26
old_CE2,2351,97.95833333333333,0.42590773809523813,14
old_CE2,2352,98.0,0.34778273809523813,12
old_CE2,2353,98.04166666666667,0.09476190476190476,35
old_CE2,2354,98.08333333333333,0.036835317460317464,40
old_CE2,2355,98.125,0.03614087301587302,12
old_CE2,2356,98.16666666666667,0.036190476190476197,12
old_CE2,2357,98.20833333333333,0.01844246031746032,12
old_CE2,2358,98.25,0.0004067460317460318,12
old_CE2,2359,98.29166666666667,0.033898809523809526,16
old_CE2,2360,98.33333333333333,0.054320436507936505,12
old_CE2,2361,98.375,0.0548561507936508,45
old_CE2,2362,98.41666666666667,0.13593253968253968,281
old_CE2,2363,98.45833333333333,0.6660763888888889,27
old_CE2,2364,98.5,0.8174652777777778,5
old_CE2,2365,98.54166666666667,0.8186954365079365,0
old_CE2,2366,98.58333333333333,0.726845238095238,0
old_CE2,2367,98.625,0.6785714285714286,0
old_CE2,2368,98.66666666666667,0.6785714285714286,0
old_CE2,2369,98.70833333333333,0.6576785714285714,0
old_CE2,2370,98.75,0.625,26
old_CE2,2371,98.79166666666667,0.625,36
old_CE2,2372,98.83333333333333,0.5668799603174602,28
old_CE2,2373,98.875,0.26347718253968255,21
old_CE2,2374,98.91666666666667,0.17857142857142858,31
old_CE2,2375,98.95833333333333,0.17857142857142858,18
old_CE2,2376,99.0,0.17857142857142858,0
old_CE2,2377,99.04166666666667,0.17857142857142858,26
old_CE2,2378,99.08333333333333,0.17857142857142858,30
old_CE2,2379,99.125,0.17857142857142858,9
old_CE2,2380,99.16666666666667,0.17857142857142858,31
old_CE2,2381,99.20833333333333,0.17857142857142858,0
old_CE2,2382,99.25,0.17857142857142858,0
old_CE2,2383,99.29166666666667,0.17857142857142858,0
old_CE2,2384,99.33333333333333,0.17857142857142858,1
old_CE2,2385,99.375,0.17857142857142858,30
old_CE2,2386,99.41666666666667,0.16265376984126984,46
old_CE2,2387,99.45833333333333,0.16071428571428573,16
old_CE2,2388,99.5,0.16071428571428573,29
old_CE2,2389,99.54166666666667,0.16071428571428573,8
old_CE2,2390,99.58333333333333,0.16071428571428573,7
old_CE2,2391,99.625,0.16071428571428573,1
old_CE2,2392,99.66666666666667,0.16071428571428573,2
old_CE2,2393,99.70833333333333,0.16078869047619046,0
old_CE2,2394,99.75,0.16071428571428573,25
old_CE2,2395,99.79166666666667,0.16071428571428573,9
old_CE2,2396,99.83333333333333,0.16071428571428573,0
old_CE2,2397,99.875,0.16071428571428573,16
old_CE2,2398,99.91666666666667,0.16071428571428573,37
old_CE2,2399,99.95833333333333,0.1487202380952381,12
old_CE2,2400,100.0,0.12784722222222222,0
old_CE2,2401,100.04166666666667,0.125,1
old_CE2,2402,100.08333333333333,0.125,1
old_CE2,2403,100.125,0.125,0
old_CE2,2404,100.16666666666667,0.125,0
old_CE2,2405,100.20833333333333,0.125,14
old_CE2,2406,100.25,0.125,1
old_CE2,2407,100.29166666666667,0.125,0
old_CE2,2408,100.33333333333333,0.125,6
old_CE2,2409,100.375,0.08102182539682538,0
old_CE2,2410,100.41666666666667,0.07142857142857142,0
old_CE2,2411,100.45833333333333,0.07142857142857142,0
old_CE2,2412,100.5,0.07142857142857142,0
old_CE2,2413,100.54166666666667,0.07142857142857142,0
old_CE2,2414,100.58333333333333,0.07142857142857142,26
old_CE2,2415,100.625,0.07142857142857142,1
old_CE2,2416,100.66666666666667,0.07142857142857142,0
old_CE2,2417,100.70833333333333,0.07142857142857142,0
old_CE2,2418,100.75,0.07142857142857142,0
old_CE2,2419,100.79166666666667,0.07142857142857142,0
old_CE2,2420,100.83333333333333,0.07142857142857142,0
old_CE2,2421,100.875,0.07142857142857142,27
old_CE2,2422,100.91666666666667,0.07142857142857142,39
old_CE2,2423,100.95833333333333,0.07142857142857142,0
old_CE2,2424,101.0,0.07142857142857142,0
old_CE2,2425,101.04166666666667,0.07142857142857142,0
old_CE2,2426,101.08333333333333,0.07142857142857142,0
old_CE2,2427,101.125,0.07142857142857142,0
old_CE2,2428,101.16666666666667,0.07142857142857142,0
old_CE2,2429,101.20833333333333,0.07142857142857142,0
old_CE2,2430,101.25,0.07142857142857142,0
old_CE2,2431,101.29166666666667,0.07142857142857142,0
old_CE2,2432,101.33333333333333,0.07142857142857142,0
old_CE2,2433,101.375,0.07142857142857142,0
old_CE2,2434,101.41666666666667,0.07142857142857142,0
old_CE2,2435,101.45833333333333,0.07142857142857142,9
old_CE2,2436,101.5,0.07142857142857142,43
old_CE2,2437,101.54166666666667,0.07142857142857142,6
old_CE2,2438,101.58333333333333,0.07142857142857142,32
old_CE2,2439,101.625,0.07142857142857142,37
old_CE2,2440,101.66666666666667,0.07142857142857142,0
old_CE2,2441,101.70833333333333,0.07142857142857142,2
old_CE2,2442,101.75,0.07142857142857142,33
old_CE2,2443,101.79166666666667,0.07142857142857142,36
old_CE2,2444,101.83333333333333,0.07142857142857142,15
old_CE2,2445,101.875,0.07142857142857142,43
old_CE2,2446,101.91666666666667,0.07142857142857142,0
old_CE2,2447,101.95833333333333,0.07142857142857142,0
old_CE2,2448,102.0,0.07142857142857142,23
old_CE2,2449,102.04166666666667,0.07142857142857142,31
old_CE2,2450,102.08333333333333,0.07142857142857142,6
old_CE2,2451,102.125,0.07142857142857142,16
old_CE2,2452,102.16666666666667,0.07142857142857142,0
old_CE2,2453,102.20833333333333,0.07142857142857142,15
old_CE2,2454,102.25,0.07142857142857142,25
old_CE2,2455,102.29166666666667,0.07142857142857142,0
old_CE2,2456,102.33333333333333,0.07142857142857142,45
old_CE2,2457,102.375,0.07142857142857142,2
old_CE2,2458,102.41666666666667,0.07142857142857142,20
old_CE2,2459,102.45833333333333,0.07142857142857142,14
old_CE2,2460,102.5,0.07142857142857142,33
old_CE2,2461,102.54166666666667,0.07142857142857142,1
old_CE2,2462,102.58333333333333,0.07142857142857142,0
old_CE2,2463,102.625,0.07142857142857142,0
old_CE2,2464,102.66666666666667,0.07142857142857142,0
old_CE2,2465,102.70833333333333,0.07142857142857142,0
old_CE2,2466,102.75,0.07142857142857142,1
old_CE2,2467,102.79166666666667,0.07142857142857142,1
old_CE2,2468,102.83333333333333,0.07142857142857142,1
old_CE2,2469,102.875,0.07142857142857142,0
old_CE2,2470,102.91666666666667,0.07142857142857142,0
old_CE2,2471,102.95833333333333,0.07142857142857142,35
old_CE2,2472,103.0,0.07142857142857142,31
old_CE2,2473,103.04166666666667,0.07142857142857142,4
old_CE2,2474,103.08333333333333,0.07142857142857142,0
old_CE2,2475,103.125,0.07142857142857142,0
old_CE2,2476,103.16666666666667,0.07142857142857142,5
old_CE2,2477,103.20833333333333,0.07142857142857142,7
old_CE2,2478,103.25,0.07142857142857142,44
old_CE2,2479,103.29166666666667,0.07142857142857142,0
old_CE2,2480,103.33333333333333,0.07142857142857142,0
old_CE2,2481,103.375,0.07142857142857142,1
old_CE2,2482,103.41666666666667,0.07142857142857142,6
old_CE2,2483,103.45833333333333,0.07142857142857142,0
old_CE2,2484,103.5,0.07142857142857142,1
old_CE2,2485,103.54166666666667,0.07142857142857142,14
old_CE2,2486,103.58333333333333,0.07142857142857142,0
old_CE2,2487,103.625,0.07142857142857142,0
old_CE2,2488,103.66666666666667,0.07142857142857142,48
old_CE2,2489,103.70833333333333,0.07142857142857142,45
old_CE2,2490,103.75,0.07142857142857142,43
old_CE2,2491,103.79166666666667,0.07142857142857142,44
old_CE2,2492,103.83333333333333,0.07142857142857142,4
old_CE2,2493,103.875,0.07142857142857142,10
old_CE2,2494,103.91666666666667,0.07142857142857142,23
old_CE2,2495,103.95833333333333,0.07142857142857142,0
old_CE2,2496,104.0,0.07142857142857142,0
old_CE2,2497,104.04166666666667,0.07142857142857142,0
old_CE2,2498,104.08333333333333,0.07142857142857142,0
old_CE2,2499,104.125,0.07142857142857142,0
old_CE2,2500,104.16666666666667,0.07142857142857142,0
old_CE2,2501,104.20833333333333,0.07142857142857142,0
old_CE2,2502,104.25,0.07142857142857142,9
old_CE2,2503,104.29166666666667,0.07142857142857142,21
old_CE2,2504,104.33333333333333,0.07142857142857142,1
old_CE2,2505,104.375,0.07142857142857142,0
old_CE2,2506,104.41666666666667,0.07142857142857142,0
old_CE2,2507,104.45833333333333,0.07142857142857142,0
old_CE2,2508,104.5,0.07142857142857142,4
old_CE2,2509,104.54166666666667,0.07142857142857142,0
old_CE2,2510,104.58333333333333,0.07142857142857142,0
old_CE2,2511,104.625,0.07142857142857142,3
old_CE2,2512,104.66666666666667,0.07142857142857142,1
old_CE2,2513,104.70833333333333,0.07142857142857142,0
old_CE2,2514,104.75,0.07142857142857142,0
old_CE2,2515,104.79166666666667,0.07142857142857142,0
old_CE2,2516,104.83333333333333,0.07142857142857142,0
old_CE2,2517,104.875,0.07142857142857142,14
old_CE2,2518,104.91666666666667,0.07142857142857142,16
old_CE2,2519,104.95833333333333,0.07142857142857142,17
old_CE2,2520,105.0,0.07142857142857142,32
old_CE2,2521,105.04166666666667,0.07142857142857142,0
old_CE2,2522,105.08333333333333,0.07142857142857142,0
old_CE2,2523,105.125,0.07142857142857142,0
old_CE2,2524,105.16666666666667,0.07142857142857142,36
old_CE2,2525,105.20833333333333,0.07142857142857142,27
old_CE2,2526,105.25,0.07142857142857142,22
old_CE2,2527,105.29166666666667,0.07142857142857142,9
old_CE2,2528,105.33333333333333,0.07142857142857142,28
old_CE2,2529,105.375,0.07142857142857142,31
old_CE2,2530,105.41666666666667,0.07142857142857142,0
old_CE2,2531,105.45833333333333,0.07142857142857142,0
old_CE2,2532,105.5,0.07142857142857142,21
old_CE2,2533,105.54166666666667,0.07142857142857142,51
old_CE2,2534,105.58333333333333,0.07142857142857142,0
old_CE2,2535,105.625,0.07142857142857142,2
old_CE2,2536,105.66666666666667,0.07142857142857142,0
old_CE2,2537,105.70833333333333,0.07142857142857142,5
old_CE2,2538,105.75,0.07142857142857142,27
old_CE2,2539,105.79166666666667,0.07142857142857142,41
old_CE2,2540,105.83333333333333,0.07142857142857142,26
old_CE2,2541,105.875,0.07142857142857142,61
old_CE2,2542,105.91666666666667,0.07142857142857142,15
old_CE2,2543,105.95833333333333,0.07142857142857142,28
old_CE2,2544,106.0,0.07142857142857142,14
old_CE2,2545,106.04166666666667,0.07142857142857142,28
old_CE2,2546,106.08333333333333,0.07142857142857142,0
old_CE2,2547,106.125,0.07142857142857142,0
old_CE2,2548,106.16666666666667,0.07142857142857142,44
old_CE2,2549,106.20833333333333,0.07142857142857142,12
old_CE2,2550,106.25,0.07142857142857142,0
old_CE2,2551,106.29166666666667,0.07142857142857142,0
old_CE2,2552,106.33333333333333,0.07142857142857142,27
old_CE2,2553,106.375,0.07142857142857142,2
old_CE2,2554,106.41666666666667,0.07142857142857142,0
old_CE2,2555,106.45833333333333,0.07142857142857142,0
old_CE2,2556,106.5,0.07142857142857142,0
old_CE2,2557,106.54166666666667,0.07142857142857142,2
old_CE2,2558,106.58333333333333,0.07142857142857142,1
old_CE2,2559,106.625,0.07142857142857142,0
old_CE2,2560,106.66666666666667,0.07142857142857142,0
old_CE2,2561,106.70833333333333,0.07142857142857142,0
old_CE2,2562,106.75,0.07142857142857142,0
old_CE2,2563,106.79166666666667,0.07142857142857142,33
old_CE2,2564,106.83333333333333,0.07142857142857142,2
old_CE2,2565,106.875,0.07142857142857142,0
old_CE2,2566,106.91666666666667,0.07142857142857142,0
old_CE2,2567,106.95833333333333,0.07142857142857142,0
old_CE2,2568,107.0,0.07142857142857142,0
old_CE2,2569,107.04166666666667,0.07142857142857142,14
old_CE2,2570,107.08333333333333,0.07142857142857142,9
old_CE2,2571,107.125,0.07142857142857142,0
old_CE2,2572,107.16666666666667,0.07142857142857142,0
old_CE2,2573,107.20833333333333,0.07142857142857142,0
old_CE2,2574,107.25,0.07142857142857142,2
old_CE2,2575,107.29166666666667,0.07142857142857142,0
old_CE2,2576,107.33333333333333,0.07142857142857142,0
old_CE2,2577,107.375,0.07142857142857142,0
old_CE2,2578,107.41666666666667,0.07142857142857142,0
old_CE2,2579,107.45833333333333,0.07142857142857142,0
old_CE2,2580,107.5,0.07142857142857142,0
old_CE2,2581,107.54166666666667,0.07142857142857142,0
old_CE2,2582,107.58333333333333,0.07142857142857142,7
old_CE2,2583,107.625,0.07142857142857142,0
old_CE2,2584,107.66666666666667,0.07142857142857142,0
old_CE2,2585,107.70833333333333,0.07142857142857142,0
old_CE2,2586,107.75,0.07142857142857142,0
old_CE2,2587,107.79166666666667,0.07142857142857142,24
old_CE2,2588,107.83333333333333,0.07142857142857142,0
old_CE2,2589,107.875,0.07142857142857142,0
old_CE2,2590,107.91666666666667,0.07142857142857142,30
old_CE2,2591,107.95833333333333,0.07142857142857142,14
old_CE2,2592,108.0,0.07142857142857142,8
old_CE2,2593,108.04166666666667,0.07142857142857142,0
old_CE2,2594,108.08333333333333,0.07142857142857142,0
old_CE2,2595,108.125,0.07142857142857142,34
old_CE2,2596,108.16666666666667,0.07142857142857142,1
old_CE2,2597,108.20833333333333,0.07142857142857142,0
old_CE2,2598,108.25,0.07142857142857142,1
old_CE2,2599,108.29166666666667,0.07142857142857142,6
old_CE2,2600,108.33333333333333,0.07142857142857142,0
old_CE2,2601,108.375,0.07142857142857142,0
old_CE2,2602,108.41666666666667,0.07142857142857142,40
old_CE2,2603,108.45833333333333,0.07142857142857142,9
old_CE2,2604,108.5,0.07142857142857142,0
old_CE2,2605,108.54166666666667,0.07142857142857142,0
old_CE2,2606,108.58333333333333,0.07142857142857142,0
old_CE2,2607,108.625,0.07142857142857142,13
old_CE2,2608,108.66666666666667,0.07142857142857142,26
old_CE2,2609,108.70833333333333,0.07142857142857142,5
old_CE2,2610,108.75,0.07142857142857142,5
old_CE2,2611,108.79166666666667,0.07142857142857142,4
old_CE2,2612,108.83333333333333,0.07142857142857142,0
old_CE2,2613,108.875,0.07142857142857142,24
old_CE2,2614,108.91666666666667,0.07142857142857142,0
old_CE2,2615,108.95833333333333,0.07142857142857142,0
old_CE2,2616,109.0,0.07142857142857142,4
old_CE2,2617,109.04166666666667,0.07142857142857142,0
old_CE2,2618,109.08333333333333,0.07142857142857142,4
old_CE2,2619,109.125,0.07142857142857142,26
old_CE2,2620,109.16666666666667,0.07142857142857142,1
old_CE2,2621,109.20833333333333,0.07142857142857142,0
old_CE2,2622,109.25,0.07142857142857142,0
old_CE2,2623,109.29166666666667,0.07142857142857142,0
old_CE2,2624,109.33333333333333,0.07142857142857142,0
old_CE2,2625,109.375,0.07142857142857142,0
old_CE2,2626,109.41666666666667,0.07142857142857142,12
old_CE2,2627,109.45833333333333,0.07142857142857142,0
old_CE2,2628,109.5,0.07142857142857142,0
old_CE2,2629,109.54166666666667,0.07142857142857142,0
old_CE2,2630,109.58333333333333,0.07142857142857142,38
old_CE2,2631,109.625,0.07142857142857142,0
old_CE2,2632,109.66666666666667,0.07142857142857142,0
old_CE2,2633,109.70833333333333,0.07142857142857142,23
old_CE2,2634,109.75,0.07142857142857142,44
old_CE2,2635,109.79166666666667,0.07142857142857142,7
old_CE2,2636,109.83333333333333,0.07142857142857142,0
old_CE2,2637,109.875,0.07142857142857142,0
old_CE2,2638,109.91666666666667,0.07142857142857142,0
old_CE2,2639,109.95833333333333,0.07142857142857142,39
old_CE2,2640,110.0,0.07142857142857142,45
old_CE2,2641,110.04166666666667,0.07142857142857142,56
old_CE2,2642,110.08333333333333,0.07142857142857142,43
old_CE2,2643,110.125,0.07142857142857142,13
old_CE2,2644,110.16666666666667,0.07142857142857142,0
old_CE2,2645,110.20833333333333,0.07142857142857142,0
old_CE2,2646,110.25,0.07142857142857142,0
old_CE2,2647,110.29166666666667,0.07142857142857142,0
old_CE2,2648,110.33333333333333,0.07142857142857142,0
old_CE2,2649,110.375,0.07142857142857142,0
old_CE2,2650,110.41666666666667,0.06794146825396825,28
old_CE2,2651,110.45833333333333,0.14890376984126985,19
old_CE2,2652,110.5,0.21452380952380953,9
old_CE2,2653,110.54166666666667,0.22822420634920634,1
old_CE2,2654,110.58333333333333,0.2179910714285714,0
old_CE2,2655,110.625,0.21428571428571427,0
old_CE2,2656,110.66666666666667,0.21436011904761904,3
old_CE2,2657,110.70833333333333,0.2442311507936508,52
old_CE2,2658,110.75,0.3928720238095238,0
old_CE2,2659,110.79166666666667,0.36359623015873016,10
old_CE2,2660,110.83333333333333,0.32238591269841266,37
old_CE2,2661,110.875,0.29634424603174603,0
old_CE2,2662,110.91666666666667,0.24903769841269843,2
old_CE2,2663,110.95833333333333,0.2684722222222222,24
old_CE2,2664,111.0,0.26785714285714285,0
old_CE2,2665,111.04166666666667,0.25362103174603173,0
old_CE2,2666,111.08333333333333,0.16072420634920634,0
old_CE2,2667,111.125,0.15003968253968256,0
old_CE2,2668,111.16666666666667,0.10714781746031746,0
old_CE2,2669,111.20833333333333,0.10714285714285714,0
old_CE2,2670,111.25,0.10636904761904763,0
old_CE2,2671,111.29166666666667,0.08929067460317461,0
old_CE2,2672,111.33333333333333,0.08948412698412699,7
old_CE2,2673,111.375,0.08782242063492063,0
old_CE2,2674,111.41666666666667,0.07142857142857142,0
old_CE2,2675,111.45833333333333,0.07142857142857142,0
old_CE2,2676,111.5,0.07142857142857142,0
old_CE2,2677,111.54166666666667,0.07174107142857143,12
old_CE2,2678,111.58333333333333,0.07142857142857142,0
old_CE2,2679,111.625,0.1882142857142857,9
old_CE2,2680,111.66666666666667,0.1965376984126984,2
old_CE2,2681,111.70833333333333,0.1965376984126984,2
old_CE2,2682,111.75,0.196875,12
old_CE2,2683,111.79166666666667,0.19691468253968256,12
old_CE2,2684,111.83333333333333,0.19680555555555554,10
old_CE2,2685,111.875,0.19725694444444444,30
old_CE2,2686,111.91666666666667,0.19721230158730158,23
old_CE2,2687,111.95833333333333,0.18385416666666665,14
old_CE2,2688,112.0,0.1555109126984127,12
old_CE2,2689,112.04166666666667,0.12549107142857144,12
old_CE2,2690,112.08333333333333,0.12544642857142857,12
old_CE2,2691,112.125,0.12541170634920634,12
old_CE2,2692,112.16666666666667,0.12555555555555556,12
old_CE2,2693,112.20833333333333,0.1259375,29
old_CE2,2694,112.25,0.1332688492063492,13
old_CE2,2695,112.29166666666667,0.13523809523809524,12
old_CE2,2696,112.33333333333333,0.12553075396825397,16
old_CE2,2697,112.375,0.12572916666666667,24
old_CE2,2698,112.41666666666667,0.12523313492063493,8
old_CE2,2699,112.45833333333333,0.12512896825396827,6
old_CE2,2700,112.5,0.12503968253968253,4
old_CE2,2701,112.54166666666667,0.12571428571428572,25
old_CE2,2702,112.58333333333333,0.1257093253968254,21
old_CE2,2703,112.625,0.12638888888888888,14
old_CE2,2704,112.66666666666667,0.12571924603174603,18
old_CE2,2705,112.70833333333333,0.12537698412698411,12
old_CE2,2706,112.75,0.2430406746031746,53
old_CE2,2707,112.79166666666667,0.5898759920634921,86
old_CE2,2708,112.83333333333333,0.6088492063492064,63
old_CE2,2709,112.875,0.6076835317460317,14
old_CE2,2710,112.91666666666667,0.6074900793650794,11
old_CE2,2711,112.95833333333333,0.6071924603174603,4
old_CE2,2712,113.0,0.6081398809523809,41
old_CE2,2713,113.04166666666667,0.6075099206349206,17
old_CE2,2714,113.08333333333333,0.6073611111111111,8
old_CE2,2715,113.125,0.6025843253968254,16
old_CE2,2716,113.16666666666667,0.6077678571428571,14
old_CE2,2717,113.20833333333333,0.6078174603174603,16
old_CE2,2718,113.25,0.6110615079365079,15
old_CE2,2719,113.29166666666667,0.6087847222222222,16
old_CE2,2720,113.33333333333333,0.6076884920634921,14
old_CE2,2721,113.375,0.6094394841269841,39
old_CE2,2722,113.41666666666667,0.6078472222222222,25
old_CE2,2723,113.45833333333333,0.8386904761904762,65
old_CE2,2724,113.5,0.9163938492063491,25
old_CE2,2725,113.54166666666667,0.9147767857142857,23
old_CE2,2726,113.58333333333333,0.915813492063492,24
old_CE2,2727,113.625,0.9247222222222222,16
old_CE2,2728,113.66666666666667,0.9297371031746032,14
old_CE2,2729,113.70833333333333,0.9290674603174603,14
old_CE2,2730,113.75,0.9020734126984127,11
old_CE2,2731,113.79166666666667,0.8828273809523809,20
old_CE2,2732,113.83333333333333,0.9291865079365079,14
old_CE2,2733,113.875,0.914890873015873,14
old_CE2,2734,113.91666666666667,0.8972123015873016,14
old_CE2,2735,113.95833333333333,0.8454563492063493,44
old_CE2,2736,114.0,0.8409027777777778,56
old_CE2,2737,114.04166666666667,0.8399255952380953,16
old_CE2,2738,114.08333333333333,0.8398611111111112,14
old_CE2,2739,114.125,0.8305654761904762,78
old_CE2,2740,114.16666666666667,0.8042410714285715,16
old_CE2,2741,114.20833333333333,0.7899206349206349,28
old_CE2,2742,114.25,0.7862599206349207,14
old_CE2,2743,114.29166666666667,0.7640674603174603,18
old_CE2,2744,114.33333333333333,0.7677083333333333,50
old_CE2,2745,114.375,0.7506845238095238,15
old_CE2,2746,114.41666666666667,0.7249652777777778,15
old_CE2,2747,114.45833333333333,0.6535962301587303,20
old_CE2,2748,114.5,0.6256646825396824,17
old_CE2,2749,114.54166666666667,0.6256994047619048,27
old_CE2,2750,114.58333333333333,0.6333829365079364,22
old_CE2,2751,114.625,0.6183779761904763,38
old_CE2,2752,114.66666666666667,0.6114533730158731,16
old_CE2,2753,114.70833333333333,0.6110615079365079,16
old_CE2,2754,114.75,0.6075099206349206,12
old_CE2,2755,114.79166666666667,0.5862797619047618,36
old_CE2,2756,114.83333333333333,0.5449751984126984,22
old_CE2,2757,114.875,0.5116716269841269,6
old_CE2,2758,114.91666666666667,0.4300644841269841,12
old_CE2,2759,114.95833333333333,0.3153968253968254,16
old_CE2,2760,115.0,0.1502480158730159,16
old_CE2,2761,115.04166666666667,0.09830357142857142,16
old_CE2,2762,115.08333333333333,0.07216269841269841,21
old_CE2,2763,115.125,0.0717609126984127,35
old_CE2,2764,115.16666666666667,0.05034226190476191,71
old_CE2,2765,115.20833333333333,0.0333531746031746,30
old_CE2,2766,115.25,0.02331845238095238,20
old_CE2,2767,115.29166666666667,0.019890873015873018,26
old_CE2,2768,115.33333333333333,0.062108134920634925,19
old_CE2,2769,115.375,0.06728670634920635,16
old_CE2,2770,115.41666666666667,0.05438492063492063,26
old_CE2,2771,115.45833333333333,0.05519345238095238,49
old_CE2,2772,115.5,0.05430555555555556,17
old_CE2,2773,115.54166666666667,0.0541468253968254,17
old_CE2,2774,115.58333333333333,0.05412202380952381,14
old_CE2,2775,115.625,0.054285714285714284,18
old_CE2,2776,115.66666666666667,0.05285714285714286,17
old_CE2,2777,115.70833333333333,0.054112103174603174,16
old_CE2,2778,115.75,0.05618055555555556,55
old_CE2,2779,115.79166666666667,0.054360119047619046,23
old_CE2,2780,115.83333333333333,0.05427579365079365,14
old_CE2,2781,115.875,0.054960317460317466,51
old_CE2,2782,115.91666666666667,0.054196428571428576,16
old_CE2,2783,115.95833333333333,0.05413194444444445,16
old_CE2,2784,116.0,0.054107142857142854,16
old_CE2,2785,116.04166666666667,0.05409722222222223,16
old_CE2,2786,116.08333333333333,0.05401785714285714,14
old_CE2,2787,116.125,0.05433531746031746,20
old_CE2,2788,116.16666666666667,0.05566468253968254,41
old_CE2,2789,116.20833333333333,0.05418154761904762,15
old_CE2,2790,116.25,0.040763888888888884,17
old_CE2,2791,116.29166666666667,0.03734623015873016,17
old_CE2,2792,116.33333333333333,0.037048611111111115,28
old_CE2,2793,116.375,0.03810019841269841,81
old_CE2,2794,116.41666666666667,0.036175595238095236,14
old_CE2,2795,116.45833333333333,0.037842261904761906,68
old_CE2,2796,116.5,0.03626984126984127,16
old_CE2,2797,116.54166666666667,0.036626984126984126,29
old_CE2,2798,116.58333333333333,0.029945436507936508,14
old_CE2,2799,116.625,0.020228174603174606,74
old_CE2,2800,116.66666666666667,0.018427579365079366,16
old_CE2,2801,116.70833333333333,0.018735119047619046,25
old_CE2,2802,116.75,0.018427579365079366,14
old_CE2,2803,116.79166666666667,0.0185515873015873,18
old_CE2,2804,116.83333333333333,0.018392857142857145,14
old_CE2,2805,116.875,0.01826884920634921,14
old_CE2,2806,116.91666666666667,0.018764880952380953,31
old_CE2,2807,116.95833333333333,0.018913690476190476,34
old_CE2,2808,117.0,0.018382936507936508,16
old_CE2,2809,117.04166666666667,0.018864087301587302,32
old_CE2,2810,117.08333333333333,0.018412698412698412,16
old_CE2,2811,117.125,0.018382936507936508,16
old_CE2,2812,117.16666666666667,0.019375,52
old_CE2,2813,117.20833333333333,0.020381944444444442,88
old_CE2,2814,117.25,0.023526785714285712,45
old_CE2,2815,117.29166666666667,0.020029761904761904,36
old_CE2,2816,117.33333333333333,0.021855158730158728,17
old_CE2,2817,117.375,0.018700396825396825,28
old_CE2,2818,117.41666666666667,0.004097222222222223,23
old_CE2,2819,117.45833333333333,0.0006597222222222222,17
old_CE2,2820,117.5,0.0006498015873015872,16
old_CE2,2821,117.54166666666667,0.0005803571428571429,17
old_CE2,2822,117.58333333333333,0.0004563492063492064,14
old_CE2,2823,117.625,0.0007142857142857143,18
old_CE2,2824,117.66666666666667,0.0003720238095238095,12
old_CE2,2825,117.70833333333333,0.0044295634920634925,17
old_CE2,2826,117.75,0.00039186507936507937,12
old_CE2,2827,117.79166666666667,0.0022916666666666667,88
old_CE2,2828,117.83333333333333,0.00039186507936507937,12
old_CE2,2829,117.875,0.000376984126984127,12
old_CE2,2830,117.91666666666667,0.00043154761904761905,13
old_CE2,2831,117.95833333333333,0.00036706349206349205,12
old_CE2,2832,118.0,0.00035714285714285714,12
old_CE2,2833,118.04166666666667,0.0003819444444444444,12
old_CE2,2834,118.08333333333333,0.0003869047619047619,12
old_CE2,2835,118.125,0.0007837301587301587,29
old_CE2,2836,118.16666666666667,0.00039186507936507937,12
old_CE2,2837,118.20833333333333,0.00045138888888888887,14
old_CE2,2838,118.25,0.004479166666666667,13
old_CE2,2839,118.29166666666667,0.0014335317460317462,13
old_CE2,2840,118.33333333333333,0.004097222222222223,12
old_CE2,2841,118.375,0.0007490079365079365,27
old_CE2,2842,118.41666666666667,0.0263640873015873,28
old_CE2,2843,118.45833333333333,0.394389880952381,23
old_CE2,2844,118.5,0.41112599206349204,13
old_CE2,2845,118.54166666666667,0.41127480158730156,14
old_CE2,2846,118.58333333333333,0.41117559523809527,13
old_CE2,2847,118.625,0.41117559523809527,12
old_CE2,2848,118.66666666666667,0.41171626984126986,33
old_CE2,2849,118.70833333333333,0.41124007936507934,17
old_CE2,2850,118.75,0.4222172619047619,28
old_CE2,2851,118.79166666666667,0.4289384920634921,11
old_CE2,2852,118.83333333333333,0.4289484126984127,12
old_CE2,2853,118.875,0.4289236111111111,10
old_CE2,2854,118.91666666666667,0.4289583333333334,12
old_CE2,2855,118.95833333333333,0.4289831349206349,13
old_CE2,2856,119.0,0.42887896825396826,11
old_CE2,2857,119.04166666666667,0.4192956349206349,12
old_CE2,2858,119.08333333333333,0.41095734126984124,11
old_CE2,2859,119.125,0.40214781746031747,12
old_CE2,2860,119.16666666666667,0.3659027777777778,13
old_CE2,2861,119.20833333333333,0.3296031746031746,10
old_CE2,2862,119.25,0.32741567460317456,21
old_CE2,2863,119.29166666666667,0.32433531746031746,56
old_CE2,2864,119.33333333333333,0.3235119047619048,28
old_CE2,2865,119.375,0.32206349206349205,21
old_CE2,2866,119.41666666666667,0.3154315476190476,10
old_CE2,2867,119.45833333333333,0.18337301587301585,19
old_CE2,2868,119.5,0.14994047619047618,18
old_CE2,2869,119.54166666666667,0.10872023809523809,22
old_CE2,2870,119.58333333333333,0.14723214285714284,34
old_CE2,2871,119.625,0.7235069444444445,49
old_CE2,2872,119.66666666666667,0.7860912698412699,10
old_CE2,2873,119.70833333333333,0.7866815476190476,36
old_CE2,2874,119.75,0.7543898809523809,14
old_CE2,2875,119.79166666666667,0.7326835317460317,14
old_CE2,2876,119.83333333333333,0.729375,13
old_CE2,2877,119.875,0.7130902777777778,23
old_CE2,2878,119.91666666666667,0.6899553571428572,13
old_CE2,2879,119.95833333333333,0.6235813492063491,18
old_CE2,2880,120.0,0.656875,16
old_CE2,2881,120.04166666666667,0.6224454365079365,13
old_CE2,2882,120.08333333333333,0.5095436507936507,15
old_CE2,2883,120.125,0.2974801587301587,18
old_CE2,2884,120.16666666666667,0.14121031746031745,38
old_CE2,2885,120.20833333333333,0.1273809523809524,78
old_CE2,2886,120.25,0.11513392857142857,18
old_CE2,2887,120.29166666666667,0.10887400793650794,19
old_CE2,2888,120.33333333333333,0.11085317460317459,32
old_CE2,2889,120.375,0.10559523809523809,70
old_CE2,2890,120.41666666666667,0.08391369047619048,60
old_CE2,2891,120.45833333333333,0.048655753968253966,18
old_CE2,2892,120.5,0.0207390873015873,21
old_CE2,2893,120.54166666666667,0.019032738095238096,22
old_CE2,2894,120.58333333333333,0.018625992063492063,22
old_CE2,2895,120.625,0.01915674603174603,21
old_CE2,2896,120.66666666666667,0.03742559523809524,23
old_CE2,2897,120.70833333333333,0.05836309523809524,19
old_CE2,2898,120.75,0.028581349206349204,18
old_CE2,2899,120.79166666666667,0.023998015873015872,26
old_CE2,2900,120.83333333333333,0.018561507936507935,18
old_CE2,2901,120.875,0.0183531746031746,16
old_CE2,2902,120.91666666666667,0.019166666666666665,48
old_CE2,2903,120.95833333333333,0.020128968253968253,15
old_CE2,2904,121.0,0.027752976190476192,24
old_CE2,2905,121.04166666666667,0.06690972222222222,31
old_CE2,2906,121.08333333333333,0.06574404761904762,28
old_CE2,2907,121.125,0.06391865079365079,27
old_CE2,2908,121.16666666666667,0.0006646825396825396,18
old_CE2,2909,121.20833333333333,0.000744047619047619,19
old_CE2,2910,121.25,0.0047470238095238095,19
old_CE2,2911,121.29166666666667,0.0017261904761904762,16
old_CE2,2912,121.33333333333333,0.004345238095238096,57
old_CE2,2913,121.375,0.011894841269841269,23
old_CE2,2914,121.41666666666667,0.07130952380952381,72
old_CE2,2915,121.45833333333333,0.10269345238095239,50
old_CE2,2916,121.5,0.041750992063492066,47
old_CE2,2917,121.54166666666667,0.0010763888888888889,41
old_CE2,2918,121.58333333333333,0.0006150793650793651,19
old_CE2,2919,121.625,0.005997023809523809,20
old_CE2,2920,121.66666666666667,0.02591765873015873,30
old_CE2,2921,121.70833333333333,0.05060515873015873,58
old_CE2,2922,121.75,0.03891369047619048,76
old_CE2,2923,121.79166666666667,0.055600198412698414,24
old_CE2,2924,121.83333333333333,0.0057787698412698416,16
old_CE2,2925,121.875,0.0004265873015873016,14
old_CE2,2926,121.91666666666667,0.0004662698412698413,16
old_CE2,2927,121.95833333333333,0.000496031746031746,15
old_CE2,2928,122.0,0.0008283730158730159,23
old_CE2,2929,122.04166666666667,0.0007093253968253968,18
old_CE2,2930,122.08333333333333,0.0005605158730158731,18
old_CE2,2931,122.125,0.0005009920634920635,17
old_CE2,2932,122.16666666666667,0.0007787698412698413,30
old_CE2,2933,122.20833333333333,0.0006051587301587302,17
old_CE2,2934,122.25,0.004136904761904762,19
old_CE2,2935,122.29166666666667,0.001810515873015873,19
old_CE2,2936,122.33333333333333,0.0008928571428571429,16
old_CE2,2937,122.375,0.027723214285714285,58
old_CE2,2938,122.41666666666667,0.0720436507936508,49
old_CE2,2939,122.45833333333333,0.10497023809523809,95
old_CE2,2940,122.5,0.07583333333333334,26
old_CE2,2941,122.54166666666667,0.05916170634920635,73
old_CE2,2942,122.58333333333333,0.03066468253968254,76
old_CE2,2943,122.625,0.020178571428571428,80
old_CE2,2944,122.66666666666667,0.018625992063492063,21
old_CE2,2945,122.70833333333333,0.01849702380952381,18
old_CE2,2946,122.75,0.019047619047619046,42
old_CE2,2947,122.79166666666667,0.0194593253968254,62
old_CE2,2948,122.83333333333333,0.0190625,48
old_CE2,2949,122.875,0.01934027777777778,15
old_CE2,2950,122.91666666666667,0.018536706349206348,25
old_CE2,2951,122.95833333333333,0.018635912698412697,13
old_CE2,2952,123.0,0.04327876984126984,24
old_CE2,2953,123.04166666666667,0.12113095238095238,34
old_CE2,2954,123.08333333333333,0.08787698412698412,43
old_CE2,2955,123.125,0.06921626984126984,38
old_CE2,2956,123.16666666666667,0.0974156746031746,29
old_CE2,2957,123.20833333333333,0.02732638888888889,44
old_CE2,2958,123.25,0.026398809523809522,25
old_CE2,2959,123.29166666666667,0.029915674603174604,30
old_CE2,2960,123.33333333333333,0.03145833333333333,21
old_CE2,2961,123.375,0.022743055555555555,18
old_CE2,2962,123.41666666666667,0.019578373015873014,54
old_CE2,2963,123.45833333333333,0.02020833333333333,77
old_CE2,2964,123.5,0.018482142857142857,75
old_CE2,2965,123.54166666666667,0.02023313492063492,70
old_CE2,2966,123.58333333333333,0.018412698412698412,17
old_CE2,2967,123.625,0.0184375,16
old_CE2,2968,123.66666666666667,0.01826388888888889,40
old_CE2,2969,123.70833333333333,0.018308531746031746,16
old_CE2,2970,123.75,0.018348214285714287,14
old_CE2,2971,123.79166666666667,0.01851686507936508,22
old_CE2,2972,123.83333333333333,0.01885416666666667,37
old_CE2,2973,123.875,0.01826388888888889,15
old_CE2,2974,123.91666666666667,0.033898809523809526,17
old_CE2,2975,123.95833333333333,0.036860119047619044,45
old_CE2,2976,124.0,0.03616071428571428,15
old_CE2,2977,124.04166666666667,0.03619543650793651,14
old_CE2,2978,124.08333333333333,0.03614087301587302,14
old_CE2,2979,124.125,0.03615079365079365,14
old_CE2,2980,124.16666666666667,0.03626984126984127,13
old_CE2,2981,124.20833333333333,0.03620039682539682,14
old_CE2,2982,124.25,0.044002976190476197,20
old_CE2,2983,124.29166666666667,0.04586805555555556,12
old_CE2,2984,124.33333333333333,0.029265873015873016,29
old_CE2,2985,124.375,0.019375,52
old_CE2,2986,124.41666666666667,0.01876984126984127,28
old_CE2,2987,124.45833333333333,0.020555555555555556,19
old_CE2,2988,124.5,0.019623015873015872,16
old_CE2,2989,124.54166666666667,0.01861111111111111,18
old_CE2,2990,124.58333333333333,0.0183531746031746,16
old_CE2,2991,124.625,0.018472222222222223,16
old_CE2,2992,124.66666666666667,0.021666666666666667,17
old_CE2,2993,124.70833333333333,0.02224206349206349,19
old_CE2,2994,124.75,0.018487103174603173,16
old_CE2,2995,124.79166666666667,0.01847718253968254,16
old_CE2,2996,124.83333333333333,0.018373015873015874,15
old_CE2,2997,124.875,0.018348214285714287,16
old_CE2,2998,124.91666666666667,0.003229166666666667,16
old_CE2,2999,124.95833333333333,0.0008432539682539682,25
old_CE2,3000,125.0,0.0008035714285714286,18
old_CE2,3001,125.04166666666667,0.0005952380952380952,16
old_CE2,3002,125.08333333333333,0.0014781746031746032,50
old_CE2,3003,125.125,0.0010466269841269843,35
old_CE2,3004,125.16666666666667,0.001592261904761905,17
old_CE2,3005,125.20833333333333,0.0023214285714285715,74
old_CE2,3006,125.25,0.0026736111111111114,95
old_CE2,3007,125.29166666666667,0.0008978174603174602,31
old_CE2,3008,125.33333333333333,0.0019097222222222222,17
old_CE2,3009,125.375,0.0009325396825396826,30
old_CE2,3010,125.41666666666667,0.004409722222222222,63
old_CE2,3011,125.45833333333333,0.009533730158730158,67
old_CE2,3012,125.5,0.0026537698412698414,55
old_CE2,3013,125.54166666666667,0.0006101190476190476,18
old_CE2,3014,125.58333333333333,0.0006200396825396826,23
old_CE2,3015,125.625,0.0011160714285714285,30
old_CE2,3016,125.66666666666667,0.0026587301587301586,17
old_CE2,3017,125.70833333333333,0.0011706349206349208,17
old_CE2,3018,125.75,0.006354166666666667,26
old_CE2,3019,125.79166666666667,0.0029315476190476188,19
old_CE2,3020,125.83333333333333,0.0005952380952380952,16
old_CE2,3021,125.875,0.022375992063492063,55
old_CE2,3022,125.91666666666667,0.028893849206349208,44
old_CE2,3023,125.95833333333333,0.018779761904761907,20
old_CE2,3024,126.0,0.018680555555555558,20
old_CE2,3025,126.04166666666667,0.018933531746031747,23
old_CE2,3026,126.08333333333333,0.018705357142857145,20
old_CE2,3027,126.125,0.018700396825396825,20
old_CE2,3028,126.16666666666667,0.018913690476190476,21
old_CE2,3029,126.20833333333333,0.018968253968253967,34
old_CE2,3030,126.25,0.01859623015873016,18
old_CE2,3031,126.29166666666667,0.019925595238095235,69
old_CE2,3032,126.33333333333333,0.031825396825396826,70
old_CE2,3033,126.375,0.020188492063492065,34
old_CE2,3034,126.41666666666667,0.02482142857142857,37
old_CE2,3035,126.45833333333333,0.013427579365079365,47
old_CE2,3036,126.5,0.021086309523809525,53
old_CE2,3037,126.54166666666667,0.0309375,42
old_CE2,3038,126.58333333333333,0.0008928571428571429,22
old_CE2,3039,126.625,0.010714285714285714,25
old_CE2,3040,126.66666666666667,0.0846329365079365,38
old_CE2,3041,126.70833333333333,0.07862599206349206,36
old_CE2,3042,126.75,0.15482142857142858,68
old_CE2,3043,126.79166666666667,0.05122519841269841,51
old_CE2,3044,126.83333333333333,0.702311507936508,113
old_CE2,3045,126.875,0.7602380952380952,25
old_CE2,3046,126.91666666666667,0.7507589285714286,17
old_CE2,3047,126.95833333333333,0.7506944444444444,16
old_CE2,3048,127.0,0.7516269841269841,53
old_CE2,3049,127.04166666666667,0.750704365079365,18
old_CE2,3050,127.08333333333333,0.7532886904761905,113
old_CE2,3051,127.125,0.7506845238095238,17
old_CE2,3052,127.16666666666667,0.7507093253968254,15
old_CE2,3053,127.20833333333333,0.7507886904761906,20
old_CE2,3054,127.25,0.7528968253968253,61
old_CE2,3055,127.29166666666667,0.7520238095238095,20
old_CE2,3056,127.33333333333333,0.7520833333333333,16
old_CE2,3057,127.375,0.7506894841269841,19
old_CE2,3058,127.41666666666667,0.7526289682539683,54
old_CE2,3059,127.45833333333333,0.7531051587301587,78
old_CE2,3060,127.5,0.8612450396825396,50
old_CE2,3061,127.54166666666667,0.929171626984127,16
old_CE2,3062,127.58333333333333,0.9303224206349207,20
old_CE2,3063,127.625,0.8433829365079365,21
old_CE2,3064,127.66666666666667,0.7811111111111112,30
old_CE2,3065,127.70833333333333,0.7678472222222222,19
old_CE2,3066,127.75,0.8669097222222222,32
old_CE2,3067,127.79166666666667,0.9476686507936508,42
old_CE2,3068,127.83333333333333,0.9472569444444445,13
old_CE2,3069,127.875,0.947048611111111,17
old_CE2,3070,127.91666666666667,0.9141617063492063,18
old_CE2,3071,127.95833333333333,0.8633134920634921,23
old_CE2,3072,128.0,0.8409573412698412,20
old_CE2,3073,128.04166666666666,0.7991121031746031,18
old_CE2,3074,128.08333333333334,0.7924553571428571,20
old_CE2,3075,128.125,0.7685515873015873,18
old_CE2,3076,128.16666666666666,0.7578422619047619,43
old_CE2,3077,128.20833333333334,0.7510664682539682,21
old_CE2,3078,128.25,0.7508581349206349,19
old_CE2,3079,128.29166666666666,0.7520982142857143,20
old_CE2,3080,128.33333333333334,0.7517311507936508,19
old_CE2,3081,128.375,0.7548710317460318,41
old_CE2,3082,128.41666666666666,0.795515873015873,67
old_CE2,3083,128.45833333333334,0.948015873015873,13
old_CE2,3084,128.5,0.9467261904761904,33
old_CE2,3085,128.54166666666666,0.7996577380952381,19
old_CE2,3086,128.58333333333334,0.7597073412698413,36
old_CE2,3087,128.625,0.7982986111111111,114
old_CE2,3088,128.66666666666666,0.8026140873015873,76
old_CE2,3089,128.70833333333334,0.771532738095238,21
old_CE2,3090,128.75,0.8218501984126984,35
old_CE2,3091,128.79166666666666,0.8232589285714286,22
old_CE2,3092,128.83333333333334,0.5697222222222222,67
old_CE2,3093,128.875,0.5231894841269841,68
old_CE2,3094,128.91666666666666,0.5911210317460317,27
old_CE2,3095,128.95833333333334,0.5552132936507936,21
old_CE2,3096,129.0,0.5098214285714285,80
old_CE2,3097,129.04166666666666,0.5024454365079365,84
old_CE2,3098,129.08333333333334,0.5013839285714285,42
old_CE2,3099,129.125,0.5009424603174603,23
old_CE2,3100,129.16666666666666,0.5020287698412699,20
old_CE2,3101,129.20833333333334,0.5153025793650794,15
old_CE2,3102,129.25,0.5034424603174603,16
old_CE2,3103,129.29166666666666,0.5022123015873016,26
old_CE2,3104,129.33333333333334,0.5147569444444444,21
old_CE2,3105,129.375,0.5175396825396825,55
old_CE2,3106,129.41666666666666,0.5040674603174603,97
old_CE2,3107,129.45833333333334,0.502624007936508,91
old_CE2,3108,129.5,0.5016617063492064,55
old_CE2,3109,129.54166666666666,0.5008978174603175,20
old_CE2,3110,129.58333333333334,0.5007688492063492,20
old_CE2,3111,129.625,0.5010218253968254,27
old_CE2,3112,129.66666666666666,0.5008680555555556,19
old_CE2,3113,129.70833333333334,0.5007142857142857,19
old_CE2,3114,129.75,0.5005902777777778,16
old_CE2,3115,129.79166666666666,0.5009126984126985,20
old_CE2,3116,129.83333333333334,0.5011855158730159,29
old_CE2,3117,129.875,0.5007638888888889,18
old_CE2,3118,129.91666666666666,0.5005803571428571,16
old_CE2,3119,129.95833333333334,0.5009771825396825,23
old_CE2,3120,130.0,0.5013293650793651,40
old_CE2,3121,130.04166666666666,0.5018055555555556,60
old_CE2,3122,130.08333333333334,0.5021577380952381,22
old_CE2,3123,130.125,0.5016220238095238,51
old_CE2,3124,130.16666666666666,0.5011904761904762,23
old_CE2,3125,130.20833333333334,0.5054464285714285,72
old_CE2,3126,130.25,0.5088789682539683,61
old_CE2,3127,130.29166666666666,0.5043849206349206,55
old_CE2,3128,130.33333333333334,0.5136210317460318,20
old_CE2,3129,130.375,0.5023164682539683,74
old_CE2,3130,130.41666666666666,0.4979811507936508,45
old_CE2,3131,130.45833333333334,0.48373511904761907,42
old_CE2,3132,130.5,0.48457341269841275,85
old_CE2,3133,130.54166666666666,0.4829414682539683,19
old_CE2,3134,130.58333333333334,0.48293650793650794,21
old_CE2,3135,130.625,0.48291666666666666,18
old_CE2,3136,130.66666666666666,0.48288194444444443,18
old_CE2,3137,130.70833333333334,0.4837698412698413,49
old_CE2,3138,130.75,0.48297123015873017,26
old_CE2,3139,130.79166666666666,0.482921626984127,19
old_CE2,3140,130.83333333333334,0.1409325396825397,36
old_CE2,3141,130.875,0.0008680555555555556,22
old_CE2,3142,130.91666666666666,0.0009126984126984128,22
old_CE2,3143,130.95833333333334,0.0022718253968253966,78
old_CE2,3144,131.0,0.0015575396825396827,49
old_CE2,3145,131.04166666666666,0.0016021825396825395,45
old_CE2,3146,131.08333333333334,0.0009176587301587302,21
old_CE2,3147,131.125,0.002068452380952381,21
old_CE2,3148,131.16666666666666,0.00220734126984127,68
old_CE2,3149,131.20833333333334,0.0032142857142857142,109
old_CE2,3150,131.25,0.004479166666666667,63
old_CE2,3151,131.29166666666666,0.002177579365079365,21
old_CE2,3152,131.33333333333334,0.003070436507936508,20
old_CE2,3153,131.375,0.0013343253968253967,33
old_CE2,3154,131.41666666666666,0.0010763888888888889,32
old_CE2,3155,131.45833333333334,0.0012400793650793652,26
old_CE2,3156,131.5,0.0019444444444444444,26
old_CE2,3157,131.54166666666666,0.0008085317460317461,19
old_CE2,3158,131.58333333333334,0.0038839285714285716,32
old_CE2,3159,131.625,0.004568452380952381,33
old_CE2,3160,131.66666666666666,0.0,0
old_CE2,3161,131.70833333333334,0.0,0
old_CE2,3162,131.75,0.0,0
old_CE2,3163,131.79166666666666,0.0,0
old_CE2,3164,131.83333333333334,0.0,0
old_CE2,3165,131.875,0.0,0
old_CE2,3166,131.91666666666666,0.0,0
old_CE2,3167,131.95833333333334,0.0,0
old_CE2,3168,132.0,0.0,0
old_CE2,3169,132.04166666666666,0.0,0
old_CE2,3170,132.08333333333334,0.0,0
old_CE2,3171,132.125,0.0,0
old_CE2,3172,132.16666666666666,0.0,0
old_CE2,3173,132.20833333333334,0.0,0
old_CE2,3174,132.25,0.0,0
old_CE2,3175,132.29166666666666,0.0,0
old_CE2,3176,132.33333333333334,0.0,0
old_CE2,3177,132.375,0.0,0
old_CE2,3178,132.41666666666666,0.0,0
old_CE2,3179,132.45833333333334,0.0,0
old_CE2,3180,132.5,0.0,0
old_CE2,3181,132.54166666666666,4.464285714285714e-05,2
old_CE2,3182,132.58333333333334,0.00458829365079365,22
old_CE2,3183,132.625,0.0203125,30
old_CE2,3184,132.66666666666666,0.011750992063492062,43
old_CE2,3185,132.70833333333334,0.0029315476190476188,26
old_CE2,3186,132.75,0.1092361111111111,71
old_CE2,3187,132.79166666666666,0.8155357142857144,23
old_CE2,3188,132.83333333333334,0.8379613095238095,1
old_CE2,3189,132.875,0.8114285714285714,0
old_CE2,3190,132.91666666666666,0.8043501984126984,17
old_CE2,3191,132.95833333333334,0.8043105158730158,14
old_CE2,3192,133.0,0.8040376984126985,10
old_CE2,3193,133.04166666666666,0.8166865079365079,6
old_CE2,3194,133.08333333333334,0.8095684523809524,11
old_CE2,3195,133.125,0.8043452380952382,18
old_CE2,3196,133.16666666666666,0.8040079365079364,9
old_CE2,3197,133.20833333333334,0.8040178571428571,8
old_CE2,3198,133.25,0.8042609126984127,12
old_CE2,3199,133.29166666666666,0.8072569444444444,17
old_CE2,3200,133.33333333333334,0.8135119047619047,13
old_CE2,3201,133.375,0.8083581349206349,13
old_CE2,3202,133.41666666666666,0.8039632936507937,8
old_CE2,3203,133.45833333333334,0.8044345238095237,12
old_CE2,3204,133.5,0.7881001984126984,12
old_CE2,3205,133.54166666666666,0.7861755952380952,9
old_CE2,3206,133.58333333333334,0.7935069444444445,16
old_CE2,3207,133.625,0.7923462301587302,12
old_CE2,3208,133.66666666666666,0.7525297619047618,16
old_CE2,3209,133.70833333333334,0.6095684523809524,15
old_CE2,3210,133.75,0.4781845238095238,18
old_CE2,3211,133.79166666666666,0.3429861111111111,14
old_CE2,3212,133.83333333333334,0.23881448412698414,14
old_CE2,3213,133.875,0.15724702380952382,18
old_CE2,3214,133.91666666666666,0.09019345238095237,18
old_CE2,3215,133.95833333333334,0.054295634920634925,14
old_CE2,3216,134.0,0.05426587301587301,14
old_CE2,3217,134.04166666666666,0.04896825396825397,14
old_CE2,3218,134.08333333333334,0.03635416666666667,15
old_CE2,3219,134.125,0.03487599206349206,20
old_CE2,3220,134.16666666666666,0.02302579365079365,15
old_CE2,3221,134.20833333333334,0.03665178571428572,16
old_CE2,3222,134.25,0.046507936507936505,15
old_CE2,3223,134.29166666666666,0.03844246031746031,18
old_CE2,3224,134.33333333333334,0.036622023809523806,18
old_CE2,3225,134.375,0.03648313492063492,14
old_CE2,3226,134.41666666666666,0.0365327380952381,14
old_CE2,3227,134.45833333333334,0.03677579365079365,17
old_CE2,3228,134.5,0.03918650793650794,22
old_CE2,3229,134.54166666666666,0.02212797619047619,16
old_CE2,3230,134.58333333333334,0.018794642857142857,15
old_CE2,3231,134.625,0.018993055555555555,21
old_CE2,3232,134.66666666666666,0.018640873015873017,14
old_CE2,3233,134.70833333333334,0.01925595238095238,18
old_CE2,3234,134.75,0.021026785714285713,29
old_CE2,3235,134.79166666666666,0.01865575396825397,16
old_CE2,3236,134.83333333333334,0.019747023809523808,25
old_CE2,3237,134.875,0.020788690476190474,34
old_CE2,3238,134.91666666666666,0.01855654761904762,14
old_CE2,3239,134.95833333333334,0.01910218253968254,19
old_CE2,3240,135.0,0.018799603174603174,21
old_CE2,3241,135.04166666666666,0.018665674603174604,14
old_CE2,3242,135.08333333333334,0.018586309523809522,14
old_CE2,3243,135.125,0.018561507936507935,14
old_CE2,3244,135.16666666666666,0.014667658730158729,14
old_CE2,3245,135.20833333333334,0.0007341269841269841,14
old_CE2,3246,135.25,0.017351190476190475,19
old_CE2,3247,135.29166666666666,0.0028125,14
old_CE2,3248,135.33333333333334,0.0007093253968253968,14
old_CE2,3249,135.375,0.0044444444444444444,15
old_CE2,3250,135.41666666666666,0.020987103174603176,21
old_CE2,3251,135.45833333333334,0.02880456349206349,31
old_CE2,3252,135.5,0.036765873015873016,17
old_CE2,3253,135.54166666666666,0.03650297619047619,14
old_CE2,3254,135.58333333333334,0.03674107142857143,15
old_CE2,3255,135.625,0.03811011904761905,17
old_CE2,3256,135.66666666666666,0.048129960317460314,26
old_CE2,3257,135.70833333333334,0.062237103174603174,32
old_CE2,3258,135.75,0.10189484126984127,25
old_CE2,3259,135.79166666666666,0.08899801587301588,20
old_CE2,3260,135.83333333333334,0.11074900793650792,21
old_CE2,3261,135.875,0.11790674603174603,19
old_CE2,3262,135.91666666666666,0.12626488095238095,19
old_CE2,3263,135.95833333333334,0.12576388888888887,15
old_CE2,3264,136.0,0.12578869047619048,14
old_CE2,3265,136.04166666666666,0.13385416666666666,19
old_CE2,3266,136.08333333333334,0.14345734126984128,16
old_CE2,3267,136.125,0.14348214285714286,16
old_CE2,3268,136.16666666666666,0.12631944444444446,17
old_CE2,3269,136.20833333333334,0.11704365079365078,11
old_CE2,3270,136.25,0.1103968253968254,16
old_CE2,3271,136.29166666666666,0.10538194444444444,15
old_CE2,3272,136.33333333333334,0.0896031746031746,15
old_CE2,3273,136.375,0.059171626984126986,16
old_CE2,3274,136.41666666666666,0.05662698412698413,21
old_CE2,3275,136.45833333333334,0.027524801587301587,14
old_CE2,3276,136.5,0.01882936507936508,17
old_CE2,3277,136.54166666666666,0.018898809523809523,18
old_CE2,3278,136.58333333333334,0.018506944444444444,14
old_CE2,3279,136.625,0.01871031746031746,21
old_CE2,3280,136.66666666666666,0.018665674603174604,15
old_CE2,3281,136.70833333333334,0.018621031746031746,18
old_CE2,3282,136.75,0.01865079365079365,17
old_CE2,3283,136.79166666666666,0.018695436507936508,16
old_CE2,3284,136.83333333333334,0.01878968253968254,20
old_CE2,3285,136.875,0.04375992063492063,19
old_CE2,3286,136.91666666666666,0.054424603174603174,16
old_CE2,3287,136.95833333333334,0.05431051587301587,17
old_CE2,3288,137.0,0.05438492063492063,16
old_CE2,3289,137.04166666666666,0.05449404761904762,20
old_CE2,3290,137.08333333333334,0.05440476190476191,17
old_CE2,3291,137.125,0.05436507936507936,16
old_CE2,3292,137.16666666666666,0.05461309523809523,17
old_CE2,3293,137.20833333333334,0.04306547619047619,14
old_CE2,3294,137.25,0.036552579365079364,19
old_CE2,3295,137.29166666666666,0.04033730158730159,18
old_CE2,3296,137.33333333333334,0.03965277777777777,17
old_CE2,3297,137.375,0.033100198412698414,17
old_CE2,3298,137.41666666666666,0.018740079365079366,19
old_CE2,3299,137.45833333333334,0.01921626984126984,18
old_CE2,3300,137.5,0.01855654761904762,14
old_CE2,3301,137.54166666666666,0.018635912698412697,16
old_CE2,3302,137.58333333333334,0.01868551587301587,16
old_CE2,3303,137.625,0.01888888888888889,22
old_CE2,3304,137.66666666666666,0.01875,16
old_CE2,3305,137.70833333333334,0.018809523809523807,20
old_CE2,3306,137.75,0.01868551587301587,16
old_CE2,3307,137.79166666666666,0.01890873015873016,24
old_CE2,3308,137.83333333333334,0.018740079365079366,19
old_CE2,3309,137.875,0.02005952380952381,20
old_CE2,3310,137.91666666666666,0.018695436507936508,18
old_CE2,3311,137.95833333333334,0.018988095238095238,20
old_CE2,3312,138.0,0.01886904761904762,22
old_CE2,3313,138.04166666666666,0.01876984126984127,18
old_CE2,3314,138.08333333333334,0.01876984126984127,18
old_CE2,3315,138.125,0.01884424603174603,19
old_CE2,3316,138.16666666666666,0.01927083333333333,22
old_CE2,3317,138.20833333333334,0.019052579365079366,23
old_CE2,3318,138.25,0.01878968253968254,19
old_CE2,3319,138.29166666666666,0.022609126984126985,20
old_CE2,3320,138.33333333333334,0.020600198412698414,24
old_CE2,3321,138.375,0.018730158730158732,18
old_CE2,3322,138.41666666666666,0.018735119047619046,19
old_CE2,3323,138.45833333333334,0.018705357142857145,19
old_CE2,3324,138.5,0.01885912698412698,23
old_CE2,3325,138.54166666666666,0.020322420634920634,19
old_CE2,3326,138.58333333333334,0.018640873015873017,17
old_CE2,3327,138.625,0.01886904761904762,19
old_CE2,3328,138.66666666666666,0.01868551587301587,17
old_CE2,3329,138.70833333333334,0.02037698412698413,33
old_CE2,3330,138.75,0.02498015873015873,19
old_CE2,3331,138.79166666666666,0.01871527777777778,18
old_CE2,3332,138.83333333333334,0.004459325396825397,18
old_CE2,3333,138.875,0.0016418650793650793,20
old_CE2,3334,138.91666666666666,0.0016121031746031745,18
old_CE2,3335,138.95833333333334,0.037038690476190475,28
old_CE2,3336,139.0,0.03816468253968254,18
old_CE2,3337,139.04166666666666,0.0009226190476190477,18
old_CE2,3338,139.08333333333334,0.0008630952380952381,18
old_CE2,3339,139.125,0.0010466269841269843,18
old_CE2,3340,139.16666666666666,0.0009226190476190477,18
old_CE2,3341,139.20833333333334,0.0030208333333333333,21
old_CE2,3342,139.25,0.003422619047619048,19
old_CE2,3343,139.29166666666666,0.002177579365079365,19
old_CE2,3344,139.33333333333334,0.0012648809523809524,18
old_CE2,3345,139.375,0.0008928571428571429,19
old_CE2,3346,139.41666666666666,0.0009623015873015873,20
old_CE2,3347,139.45833333333334,0.0010466269841269843,20
old_CE2,3348,139.5,0.0016121031746031745,31
old_CE2,3349,139.54166666666666,0.0011061507936507937,20
old_CE2,3350,139.58333333333334,0.0009375,20
old_CE2,3351,139.625,0.0009176587301587302,20
old_CE2,3352,139.66666666666666,0.0032936507936507935,38
old_CE2,3353,139.70833333333334,0.0008382936507936508,19
old_CE2,3354,139.75,0.0016468253968253967,18
old_CE2,3355,139.79166666666666,0.0007291666666666667,18
old_CE2,3356,139.83333333333334,0.000753968253968254,18
old_CE2,3357,139.875,0.0007490079365079365,18
old_CE2,3358,139.91666666666666,0.0007390873015873016,18
old_CE2,3359,139.95833333333334,0.0007043650793650793,18
old_CE2,3360,140.0,0.0005208333333333333,16
old_CE2,3361,140.04166666666666,0.0006299603174603174,16
old_CE2,3362,140.08333333333334,0.0005307539682539682,16
old_CE2,3363,140.125,0.0005357142857142857,16
old_CE2,3364,140.16666666666666,0.0006597222222222222,16
old_CE2,3365,140.20833333333334,0.0005753968253968254,15
old_CE2,3366,140.25,0.007976190476190475,20
old_CE2,3367,140.29166666666666,0.012906746031746031,17
old_CE2,3368,140.33333333333334,0.0019990079365079364,17
old_CE2,3369,140.375,0.0015426587301587303,17
old_CE2,3370,140.41666666666666,0.0007638888888888888,18
old_CE2,3371,140.45833333333334,0.05991071428571428,26
old_CE2,3372,140.5,0.11016865079365079,15
old_CE2,3373,140.54166666666666,0.01839781746031746,14
old_CE2,3374,140.58333333333334,0.01910218253968254,13
old_CE2,3375,140.625,0.018308531746031746,12
old_CE2,3376,140.66666666666666,0.018482142857142857,16
old_CE2,3377,140.70833333333334,0.01822420634920635,10
old_CE2,3378,140.75,0.01810515873015873,9
old_CE2,3379,140.79166666666666,0.01886904761904762,10
old_CE2,3380,140.83333333333334,0.018134920634920636,9
old_CE2,3381,140.875,0.01826884920634921,8
old_CE2,3382,140.91666666666666,0.021264880952380955,9
old_CE2,3383,140.95833333333334,0.01954861111111111,10
old_CE2,3384,141.0,0.018139880952380952,10
old_CE2,3385,141.04166666666666,0.03322420634920635,9
old_CE2,3386,141.08333333333334,0.020833333333333336,8
old_CE2,3387,141.125,0.018125,8
old_CE2,3388,141.16666666666666,0.018159722222222223,8
old_CE2,3389,141.20833333333334,0.018273809523809526,9
old_CE2,3390,141.25,0.021091269841269838,10
old_CE2,3391,141.29166666666666,0.019295634920634918,9
old_CE2,3392,141.33333333333334,0.03126984126984127,10
old_CE2,3393,141.375,0.023100198412698413,9
old_CE2,3394,141.41666666666666,0.01811011904761905,8
old_CE2,3395,141.45833333333334,0.018159722222222223,8
old_CE2,3396,141.5,0.021091269841269838,19
old_CE2,3397,141.54166666666666,0.0009077380952380952,11
old_CE2,3398,141.58333333333334,0.03477678571428571,31
old_CE2,3399,141.625,0.021959325396825397,22
old_CE2,3400,141.66666666666666,0.0005009920634920635,12
old_CE2,3401,141.70833333333334,0.0002728174603174603,8
old_CE2,3402,141.75,0.09841269841269841,40
old_CE2,3403,141.79166666666666,0.0002728174603174603,8
old_CE2,3404,141.83333333333334,0.0003720238095238095,5
old_CE2,3405,141.875,0.0,0
old_CE2,3406,141.91666666666666,0.0002926587301587302,8
old_CE2,3407,141.95833333333334,0.00026785714285714287,8
old_CE2,3408,142.0,0.003655753968253968,9
old_CE2,3409,142.04166666666666,0.0020932539682539685,9
old_CE2,3410,142.08333333333334,0.0003621031746031746,8
old_CE2,3411,142.125,0.0002827380952380953,8
old_CE2,3412,142.16666666666666,0.00032738095238095237,8
old_CE2,3413,142.20833333333334,0.00046130952380952383,8
old_CE2,3414,142.25,0.003263888888888889,9
old_CE2,3415,142.29166666666666,0.0013591269841269841,9
old_CE2,3416,142.33333333333334,0.013516865079365078,10
old_CE2,3417,142.375,0.00566468253968254,17
old_CE2,3418,142.41666666666666,0.0014732142857142858,20
old_CE2,3419,142.45833333333334,0.0005059523809523809,10
old_CE2,3420,142.5,0.0023561507936507935,11
old_CE2,3421,142.54166666666666,0.018432539682539682,10
old_CE2,3422,142.58333333333334,0.006398809523809524,10
old_CE2,3423,142.625,0.07791170634920634,44
old_CE2,3424,142.66666666666666,0.7147023809523809,43
old_CE2,3425,142.70833333333334,0.10200892857142858,17
old_CE2,3426,142.75,0.739890873015873,58
old_CE2,3427,142.79166666666666,1.0,0
old_CE2,3428,142.83333333333334,1.0,0
old_CE2,3429,142.875,1.0,0
old_CE2,3430,142.91666666666666,1.0,7
old_CE2,3431,142.95833333333334,1.0,5
old_CE2,3432,143.0,1.0,7
old_CE2,3433,143.04166666666666,1.0,4
old_CE2,3434,143.08333333333334,1.0,5
old_CE2,3435,143.125,1.0,7
old_CE2,3436,143.16666666666666,1.0,7
old_CE2,3437,143.20833333333334,1.0,5
old_CE2,3438,143.25,1.0,9
old_CE2,3439,143.29166666666666,0.9909027777777777,69
old_CE2,3440,143.33333333333334,0.9845386904761905,164
old_CE2,3441,143.375,0.9879761904761905,19
old_CE2,3442,143.41666666666666,0.9489632936507937,7
old_CE2,3443,143.45833333333334,0.35879960317460313,43
old_CE2,3444,143.5,0.9123313492063492,27
old_CE2,3445,143.54166666666666,0.518531746031746,9
old_CE2,3446,143.58333333333334,0.01644345238095238,9
old_CE2,3447,143.625,0.0003323412698412698,8
old_CE2,3448,143.66666666666666,0.0005009920634920635,12
old_CE2,3449,143.70833333333334,0.015684523809523808,12
old_CE2,3450,143.75,0.01716765873015873,9
old_CE2,3451,143.79166666666666,0.00045138888888888887,10
old_CE2,3452,143.83333333333334,0.0004117063492063492,9
old_CE2,3453,143.875,0.0003819444444444444,8
old_CE2,3454,143.91666666666666,0.000376984126984127,8
old_CE2,3455,143.95833333333334,0.5970982142857143,58
old_CE2,3456,144.0,0.6838789682539683,10
old_CE2,3457,144.04166666666666,0.07193948412698413,9
old_CE2,3458,144.08333333333334,0.0019097222222222222,9
old_CE2,3459,144.125,0.003581349206349206,10
old_CE2,3460,144.16666666666666,0.014890873015873015,9
old_CE2,3461,144.20833333333334,0.0005505952380952382,10
old_CE2,3462,144.25,0.00339781746031746,9
old_CE2,3463,144.29166666666666,0.0015624999999999999,9
old_CE2,3464,144.33333333333334,0.013501984126984126,10
old_CE2,3465,144.375,0.005148809523809523,11
old_CE2,3466,144.41666666666666,0.00044642857142857147,10
old_CE2,3467,144.45833333333334,0.00036706349206349205,8
old_CE2,3468,144.5,0.0005257936507936507,10
old_CE2,3469,144.54166666666666,0.0005753968253968254,10
old_CE2,3470,144.58333333333334,0.0005257936507936507,10
old_CE2,3471,144.625,0.000496031746031746,10
old_CE2,3472,144.66666666666666,0.0005059523809523809,10
old_CE2,3473,144.70833333333334,0.0005009920634920635,10
old_CE2,3474,144.75,0.0005753968253968254,10
old_CE2,3475,144.79166666666666,0.014890873015873015,11
old_CE2,3476,144.83333333333334,0.018328373015873013,10
old_CE2,3477,144.875,0.018308531746031746,10
old_CE2,3478,144.91666666666666,0.018308531746031746,10
old_CE2,3479,144.95833333333334,0.304781746031746,32
old_CE2,3480,145.0,0.41137896825396825,10
old_CE2,3481,145.04166666666666,0.3636656746031746,10
old_CE2,3482,145.08333333333334,0.10590277777777778,10
old_CE2,3483,145.125,0.018387896825396825,10
old_CE2,3484,145.16666666666666,0.01839781746031746,10
old_CE2,3485,145.20833333333334,0.018898809523809523,9
old_CE2,3486,145.25,0.02146825396825397,11
old_CE2,3487,145.29166666666666,0.019518849206349203,11
old_CE2,3488,145.33333333333334,0.031894841269841274,13
old_CE2,3489,145.375,0.022633928571428572,10
old_CE2,3490,145.41666666666666,0.7066617063492063,75
old_CE2,3491,145.45833333333334,0.4964484126984127,21
old_CE2,3492,145.5,0.01878472222222222,15
old_CE2,3493,145.54166666666666,0.018373015873015874,10
old_CE2,3494,145.58333333333334,0.10782738095238095,51
old_CE2,3495,145.625,0.8614781746031746,58
old_CE2,3496,145.66666666666666,0.3261904761904762,17
old_CE2,3497,145.70833333333334,0.26135416666666667,18
old_CE2,3498,145.75,0.24737103174603176,41
old_CE2,3499,145.79166666666666,0.2197172619047619,25
old_CE2,3500,145.83333333333334,0.24239583333333334,58
old_CE2,3501,145.875,0.18129464285714286,15
old_CE2,3502,145.91666666666666,0.19711309523809525,14
old_CE2,3503,145.95833333333334,0.11701388888888889,14
old_CE2,3504,146.0,0.01847718253968254,14
old_CE2,3505,146.04166666666666,0.007896825396825397,14
old_CE2,3506,146.08333333333334,0.0006696428571428571,14
old_CE2,3507,146.125,0.0006547619047619047,14
old_CE2,3508,146.16666666666666,0.015203373015873016,25
old_CE2,3509,146.20833333333334,0.0005803571428571429,11
old_CE2,3510,146.25,0.0035714285714285718,15
old_CE2,3511,146.29166666666666,0.0013095238095238095,15
old_CE2,3512,146.33333333333334,0.009851190476190475,15
old_CE2,3513,146.375,0.011091269841269841,21
old_CE2,3514,146.41666666666666,0.024890873015873016,32
old_CE2,3515,146.45833333333334,0.0005357142857142857,14
old_CE2,3516,146.5,0.12330357142857143,33
old_CE2,3517,146.54166666666666,0.1613888888888889,14
old_CE2,3518,146.58333333333334,0.27237599206349206,49
old_CE2,3519,146.625,0.41108134920634926,17
old_CE2,3520,146.66666666666666,0.41154761904761905,18
old_CE2,3521,146.70833333333334,0.41217261904761904,17
old_CE2,3522,146.75,0.41140376984126986,16
old_CE2,3523,146.79166666666666,0.41140873015873014,16
old_CE2,3524,146.83333333333334,0.41142361111111114,16
old_CE2,3525,146.875,0.4114831349206349,18
old_CE2,3526,146.91666666666666,0.41160218253968256,18
old_CE2,3527,146.95833333333334,0.41159226190476195,18
old_CE2,3528,147.0,0.4115625,18
old_CE2,3529,147.04166666666666,0.4146180555555556,19
old_CE2,3530,147.08333333333334,0.4253670634920635,18
old_CE2,3531,147.125,0.4115426587301587,18
old_CE2,3532,147.16666666666666,0.4088293650793651,18
old_CE2,3533,147.20833333333334,0.3557440476190476,18
old_CE2,3534,147.25,0.3253621031746032,19
old_CE2,3535,147.29166666666666,0.2935714285714286,19
old_CE2,3536,147.33333333333334,0.25446924603174603,18
old_CE2,3537,147.375,0.25085317460317463,18
old_CE2,3538,147.41666666666666,0.2384126984126984,20
old_CE2,3539,147.45833333333334,0.23295138888888892,17
old_CE2,3540,147.5,0.19532738095238095,20
old_CE2,3541,147.54166666666666,0.17074900793650793,21
old_CE2,3542,147.58333333333334,0.12875992063492064,20
old_CE2,3543,147.625,0.06084821428571429,23
old_CE2,3544,147.66666666666666,0.05296130952380952,27
old_CE2,3545,147.70833333333334,0.031507936507936506,41
old_CE2,3546,147.75,0.08798611111111111,51
old_CE2,3547,147.79166666666666,0.23038194444444443,58
old_CE2,3548,147.83333333333334,0.0894642857142857,52
old_CE2,3549,147.875,0.606155753968254,74
old_CE2,3550,147.91666666666666,0.47970734126984127,64
old_CE2,3551,147.95833333333334,0.37285218253968255,31
old_CE2,3552,148.0,0.35913194444444446,18
old_CE2,3553,148.04166666666666,0.33366071428571425,19
old_CE2,3554,148.08333333333334,0.3374603174603174,18
old_CE2,3555,148.125,0.3114980158730159,18
old_CE2,3556,148.16666666666666,0.28660218253968256,18
old_CE2,3557,148.20833333333334,0.2860714285714286,20
old_CE2,3558,148.25,0.2482688492063492,17
old_CE2,3559,148.29166666666666,0.2152579365079365,20
old_CE2,3560,148.33333333333334,0.24706845238095237,33
old_CE2,3561,148.375,0.18361607142857145,42
old_CE2,3562,148.41666666666666,0.12243055555555556,37
old_CE2,3563,148.45833333333334,0.1366220238095238,61
old_CE2,3564,148.5,0.45992063492063495,30
old_CE2,3565,148.54166666666666,0.47818948412698414,79
old_CE2,3566,148.58333333333334,0.32171626984126983,31
old_CE2,3567,148.625,0.18178571428571427,13
old_CE2,3568,148.66666666666666,0.17857142857142858,3
old_CE2,3569,148.70833333333334,0.17857142857142858,0
old_CE2,3570,148.75,0.17857142857142858,15
old_CE2,3571,148.79166666666666,0.17857142857142858,8
old_CE2,3572,148.83333333333334,0.1568452380952381,13
old_CE2,3573,148.875,0.0,13
old_CE2,3574,148.91666666666666,0.0,14
old_CE2,3575,148.95833333333334,0.0,16
old_CE2,3576,149.0,0.0,10
old_CE2,3577,149.04166666666666,0.0,18
old_CE2,3578,149.08333333333334,0.0,11
old_CE2,3579,149.125,0.0,14
old_CE2,3580,149.16666666666666,0.0,16
old_CE2,3581,149.20833333333334,0.0,12
old_CE2,3582,149.25,0.0,18
old_CE2,3583,149.29166666666666,6.944444444444444e-05,11
old_CE2,3584,149.33333333333334,0.022564484126984124,18
old_CE2,3585,149.375,0.005500992063492064,22
old_CE2,3586,149.41666666666666,0.0008978174603174602,21
old_CE2,3587,149.45833333333334,0.000689484126984127,18
old_CE2,3588,149.5,0.11862103174603175,52
old_CE2,3589,149.54166666666666,0.49789186507936506,43
old_CE2,3590,149.58333333333334,0.6758482142857142,64
old_CE2,3591,149.625,0.969201388888889,35
old_CE2,3592,149.66666666666666,0.8672569444444445,26
old_CE2,3593,149.70833333333334,0.8440228174603174,31
old_CE2,3594,149.75,0.9182242063492063,33
old_CE2,3595,149.79166666666666,0.9683581349206349,23
old_CE2,3596,149.83333333333334,0.9270932539682539,29
old_CE2,3597,149.875,0.8039285714285714,19
old_CE2,3598,149.91666666666666,0.7796924603174603,14
old_CE2,3599,149.95833333333334,0.7513244047619047,0
old_CE2,3600,150.0,0.6957688492063492,0
old_CE2,3601,150.04166666666666,0.6534424603174603,0
old_CE2,3602,150.08333333333334,0.625451388888889,0
old_CE2,3603,150.125,0.5602430555555555,0
old_CE2,3604,150.16666666666666,0.4817113095238095,0
old_CE2,3605,150.20833333333334,0.44207341269841266,0
old_CE2,3606,150.25,0.36379464285714286,0
old_CE2,3607,150.29166666666666,0.3126041666666666,0
old_CE2,3608,150.33333333333334,0.2498809523809524,0
old_CE2,3609,150.375,0.21563988095238096,0
old_CE2,3610,150.41666666666666,0.17079365079365078,0
old_CE2,3611,150.45833333333334,0.10628472222222221,0
old_CE2,3612,150.5,0.06555555555555556,0
old_CE2,3613,150.54166666666666,0.03571428571428571,0
old_CE2,3614,150.58333333333334,0.018536706349206348,0
old_CE2,3615,150.625,0.0,0
old_CE2,3616,150.66666666666666,0.0,0
old_CE2,3617,150.70833333333334,0.0,0
old_CE2,3618,150.75,0.0,0
old_CE2,3619,150.79166666666666,0.0,0
old_CE2,3620,150.83333333333334,0.0,0
old_CE2,3621,150.875,0.0,0
old_CE2,3622,150.91666666666666,0.0,0
old_CE2,3623,150.95833333333334,0.0,0
old_CE2,3624,151.0,0.0,0
old_CE2,3625,151.04166666666666,0.0,0
old_CE2,3626,151.08333333333334,0.0,0
old_CE2,3627,151.125,0.0,0
old_CE2,3628,151.16666666666666,0.0,0
old_CE2,3629,151.20833333333334,0.0,0
old_CE2,3630,151.25,0.0,0
old_CE2,3631,151.29166666666666,0.0,0
old_CE2,3632,151.33333333333334,0.0,0
old_CE2,3633,151.375,0.0,0
old_CE2,3634,151.41666666666666,0.0,0
old_CE2,3635,151.45833333333334,0.0,0
old_CE2,3636,151.5,0.0,0
old_CE2,3637,151.54166666666666,0.0,0
old_CE2,3638,151.58333333333334,0.0,0
old_CE2,3639,151.625,0.0,0
old_CE2,3640,151.66666666666666,0.0,0
old_CE2,3641,151.70833333333334,0.0,0
old_CE2,3642,151.75,0.0,0
old_CE2,3643,151.79166666666666,0.0,0
old_CE2,3644,151.83333333333334,0.0,0
old_CE2,3645,151.875,0.0,0
old_CE2,3646,151.91666666666666,0.0,0
old_CE2,3647,151.95833333333334,0.0,0
old_CE2,3648,152.0,0.0,0
old_CE2,3649,152.04166666666666,0.0,0
old_CE2,3650,152.08333333333334,0.0,0
old_CE2,3651,152.125,0.0,0
old_CE2,3652,152.16666666666666,0.0,0
old_CE2,3653,152.20833333333334,0.0,0
old_CE2,3654,152.25,0.0,0
old_CE2,3655,152.29166666666666,0.0,0
old_CE2,3656,152.33333333333334,0.0011359126984126983,10
old_CE2,3657,152.375,0.002663690476190476,15
old_CE2,3658,152.41666666666666,0.014285714285714287,19
old_CE2,3659,152.45833333333334,0.018764880952380953,20
old_CE2,3660,152.5,0.3403670634920635,51
old_CE2,3661,152.54166666666666,0.3776339285714286,73
old_CE2,3662,152.58333333333334,0.2981845238095238,30
old_CE2,3663,152.625,0.2038045634920635,19
old_CE2,3664,152.66666666666666,0.18040674603174603,19
old_CE2,3665,152.70833333333334,0.17265873015873015,11
old_CE2,3666,152.75,0.1467906746031746,5
old_CE2,3667,152.79166666666666,0.017946428571428568,3
old_CE2,3668,152.83333333333334,0.017956349206349205,4
old_CE2,3669,152.875,0.017956349206349205,4
old_CE2,3670,152.91666666666666,0.01808531746031746,6
old_CE2,3671,152.95833333333334,0.017956349206349205,4
old_CE2,3672,153.0,0.019742063492063495,5
old_CE2,3673,153.04166666666666,0.018075396825396824,6
old_CE2,3674,153.08333333333334,0.017951388888888888,4
old_CE2,3675,153.125,0.017951388888888888,4
old_CE2,3676,153.16666666666666,0.017951388888888888,4
old_CE2,3677,153.20833333333334,0.018050595238095237,6
old_CE2,3678,153.25,0.01927579365079365,6
old_CE2,3679,153.29166666666666,0.017941468253968255,4
old_CE2,3680,153.33333333333334,0.02013888888888889,5
old_CE2,3681,153.375,0.0010714285714285715,5
old_CE2,3682,153.41666666666666,0.0001240079365079365,5
old_CE2,3683,153.45833333333334,8.928571428571429e-05,4
old_CE2,3684,153.5,5.952380952380953e-05,4
old_CE2,3685,153.54166666666666,0.1900248015873016,43
old_CE2,3686,153.58333333333334,0.11125,13
old_CE2,3687,153.625,7.44047619047619e-05,4
old_CE2,3688,153.66666666666666,0.009955357142857143,56
old_CE2,3689,153.70833333333334,0.011269841269841268,19
old_CE2,3690,153.75,0.0074751984126984125,7
old_CE2,3691,153.79166666666666,0.0018700396825396825,6
old_CE2,3692,153.83333333333334,0.0035416666666666665,35
old_CE2,3693,153.875,6.944444444444444e-05,4
old_CE2,3694,153.91666666666666,0.15166170634920634,25
old_CE2,3695,153.95833333333334,0.22901289682539683,6
old_CE2,3696,154.0,0.0009424603174603175,4
old_CE2,3697,154.04166666666666,0.00011904761904761906,5
old_CE2,3698,154.08333333333334,6.944444444444444e-05,4
old_CE2,3699,154.125,6.944444444444444e-05,4
old_CE2,3700,154.16666666666666,0.0001488095238095238,5
old_CE2,3701,154.20833333333334,9.424603174603175e-05,4
old_CE2,3702,154.25,0.0023115079365079367,6
old_CE2,3703,154.29166666666666,0.0001140873015873016,4
old_CE2,3704,154.33333333333334,0.026939484126984128,18
old_CE2,3705,154.375,0.37929563492063495,36
old_CE2,3706,154.41666666666666,0.005868055555555556,5
old_CE2,3707,154.45833333333334,0.0001240079365079365,5
old_CE2,3708,154.5,6.448412698412698e-05,4
old_CE2,3709,154.54166666666666,0.21090773809523808,60
old_CE2,3710,154.58333333333334,0.6036408730158731,33
old_CE2,3711,154.625,0.5196775793650794,58
old_CE2,3712,154.66666666666666,0.37475694444444446,8
old_CE2,3713,154.70833333333334,0.5740079365079366,45
old_CE2,3714,154.75,0.40432539682539687,33
old_CE2,3715,154.79166666666666,0.286656746031746,26
old_CE2,3716,154.83333333333334,0.2849107142857143,36
old_CE2,3717,154.875,0.22702380952380952,29
old_CE2,3718,154.91666666666666,0.2148759920634921,31
old_CE2,3719,154.95833333333334,0.18412698412698414,38
old_CE2,3720,155.0,0.14646329365079366,35
old_CE2,3721,155.04166666666666,0.14461805555555557,46
old_CE2,3722,155.08333333333334,0.14248015873015873,46
old_CE2,3723,155.125,0.11297619047619048,34
old_CE2,3724,155.16666666666666,0.0814236111111111,40
old_CE2,3725,155.20833333333334,0.07276289682539683,39
old_CE2,3726,155.25,0.06220238095238095,48
old_CE2,3727,155.29166666666666,0.008134920634920636,39
old_CE2,3728,155.33333333333334,0.004017857142857143,51
old_CE2,3729,155.375,0.0017212301587301586,45
old_CE2,3730,155.41666666666666,0.0016071428571428571,38
old_CE2,3731,155.45833333333334,0.011527777777777777,33
old_CE2,3732,155.5,0.014489087301587303,32
old_CE2,3733,155.54166666666666,0.001086309523809524,33
old_CE2,3734,155.58333333333334,0.000496031746031746,15
old_CE2,3735,155.625,7.44047619047619e-05,4
old_CE2,3736,155.66666666666666,0.04914186507936508,124
old_CE2,3737,155.70833333333334,0.19319444444444445,59
old_CE2,3738,155.75,0.33936011904761904,4
old_CE2,3739,155.79166666666666,0.2875297619047619,4
old_CE2,3740,155.83333333333334,0.2680208333333333,5
old_CE2,3741,155.875,0.267936507936508,4
old_CE2,3742,155.91666666666666,0.26799603174603176,5
old_CE2,3743,155.95833333333334,0.2679811507936508,5
old_CE2,3744,156.0,0.26794146825396825,4
old_CE2,3745,156.04166666666666,0.267936507936508,4
old_CE2,3746,156.08333333333334,0.267936507936508,4
old_CE2,3747,156.125,0.2680406746031746,6
old_CE2,3748,156.16666666666666,0.26811011904761906,5
old_CE2,3749,156.20833333333334,0.2680605158730159,7
old_CE2,3750,156.25,0.26924107142857145,6
old_CE2,3751,156.29166666666666,0.26797123015873014,4
old_CE2,3752,156.33333333333334,0.26904761904761904,6
old_CE2,3753,156.375,0.26795138888888886,4
old_CE2,3754,156.41666666666666,0.26998511904761907,5
old_CE2,3755,156.45833333333334,0.2970436507936508,24
old_CE2,3756,156.5,0.3381646825396825,4
old_CE2,3757,156.54166666666666,0.2959424603174603,29
old_CE2,3758,156.58333333333334,0.2876438492063492,28
old_CE2,3759,156.625,0.28692460317460317,36
old_CE2,3760,156.66666666666666,0.28687996031746027,38
old_CE2,3761,156.70833333333334,0.28708829365079364,42
old_CE2,3762,156.75,0.2980555555555556,72
old_CE2,3763,156.79166666666666,0.3422867063492063,33
old_CE2,3764,156.83333333333334,0.30257936507936506,23
old_CE2,3765,156.875,0.2882936507936508,43
old_CE2,3766,156.91666666666666,0.28695436507936506,31
old_CE2,3767,156.95833333333334,0.2870535714285714,36
old_CE2,3768,157.0,0.2865873015873016,26
old_CE2,3769,157.04166666666666,0.28813492063492063,33
old_CE2,3770,157.08333333333334,0.28706845238095235,39
old_CE2,3771,157.125,0.2865376984126984,27
old_CE2,3772,157.16666666666666,0.28656746031746033,26
old_CE2,3773,157.20833333333334,0.2871478174603174,41
old_CE2,3774,157.25,0.2887103174603175,33
old_CE2,3775,157.29166666666666,0.2868650793650794,34
old_CE2,3776,157.33333333333334,0.2877976190476191,37
old_CE2,3777,157.375,0.2870734126984127,37
old_CE2,3778,157.41666666666666,0.2871924603174603,34
old_CE2,3779,157.45833333333334,0.289265873015873,46
old_CE2,3780,157.5,0.2869345238095238,35
old_CE2,3781,157.54166666666666,0.2870486111111111,37
old_CE2,3782,157.58333333333334,0.28687996031746027,36
old_CE2,3783,157.625,0.2870436507936508,39
old_CE2,3784,157.66666666666666,0.2870535714285714,40
old_CE2,3785,157.70833333333334,0.2868353174603175,33
old_CE2,3786,157.75,0.2866468253968254,30
old_CE2,3787,157.79166666666666,0.28685515873015877,33
old_CE2,3788,157.83333333333334,0.2869642857142857,39
old_CE2,3789,157.875,0.28739583333333335,41
old_CE2,3790,157.91666666666666,0.28756944444444443,45
old_CE2,3791,157.95833333333334,0.2876984126984127,40
old_CE2,3792,158.0,0.28667162698412696,25
old_CE2,3793,158.04166666666666,0.28720734126984127,34
old_CE2,3794,158.08333333333334,0.2866666666666667,27
old_CE2,3795,158.125,0.28794642857142855,46
old_CE2,3796,158.16666666666666,0.28759424603174605,43
old_CE2,3797,158.20833333333334,0.28762400793650794,31
old_CE2,3798,158.25,0.28806547619047623,33
old_CE2,3799,158.29166666666666,0.2871478174603174,41
old_CE2,3800,158.33333333333334,0.2888442460317461,37
old_CE2,3801,158.375,0.2857886904761905,3
old_CE2,3802,158.41666666666666,0.2857886904761905,3
old_CE2,3803,158.45833333333334,0.29323412698412693,8
old_CE2,3804,158.5,0.4806398809523809,33
old_CE2,3805,158.54166666666666,0.3074255952380952,4
old_CE2,3806,158.58333333333334,0.285734126984127,2
old_CE2,3807,158.625,0.28578373015873015,4
old_CE2,3808,158.66666666666666,0.28584325396825394,5
old_CE2,3809,158.70833333333334,0.2857886904761905,4
old_CE2,3810,158.75,0.16594246031746032,5
old_CE2,3811,158.79166666666666,6.944444444444444e-05,4
old_CE2,3812,158.83333333333334,6.944444444444444e-05,4
old_CE2,3813,158.875,6.944444444444444e-05,4
old_CE2,3814,158.91666666666666,6.448412698412698e-05,4
old_CE2,3815,158.95833333333334,0.11879960317460317,28
old_CE2,3816,159.0,0.10995039682539683,18
old_CE2,3817,159.04166666666666,7.44047619047619e-05,4
old_CE2,3818,159.08333333333334,0.18269841269841272,34
old_CE2,3819,159.125,0.07059027777777778,4
old_CE2,3820,159.16666666666666,0.00023809523809523812,5
old_CE2,3821,159.20833333333334,0.0001984126984126984,6
old_CE2,3822,159.25,0.002410714285714286,7
old_CE2,3823,159.29166666666666,0.00035218253968253963,5
old_CE2,3824,159.33333333333334,0.20512400793650795,27
old_CE2,3825,159.375,0.19769345238095237,23
old_CE2,3826,159.41666666666666,0.28578373015873015,4
old_CE2,3827,159.45833333333334,0.28584325396825394,5
old_CE2,3828,159.5,0.2857787698412699,4
old_CE2,3829,159.54166666666666,0.2857936507936508,4
old_CE2,3830,159.58333333333334,0.28578373015873015,4
old_CE2,3831,159.625,0.2858581349206349,7
old_CE2,3832,159.66666666666666,0.2871230158730159,5
old_CE2,3833,159.70833333333334,0.2840128968253968,23
old_CE2,3834,159.75,0.28584325396825394,5
old_CE2,3835,159.79166666666666,0.28578373015873015,4
old_CE2,3836,159.83333333333334,0.28578373015873015,4
old_CE2,3837,159.875,0.28666170634920635,5
old_CE2,3838,159.91666666666666,0.2866220238095238,5
old_CE2,3839,159.95833333333334,0.28577380952380954,4
old_CE2,3840,160.0,0.2775248015873016,4
old_CE2,3841,160.04166666666666,0.02869047619047619,4
old_CE2,3842,160.08333333333334,0.0001240079365079365,5
old_CE2,3843,160.125,0.00017857142857142857,6
old_CE2,3844,160.16666666666666,9.424603174603175e-05,4
old_CE2,3845,160.20833333333334,0.005238095238095238,9
old_CE2,3846,160.25,0.0080109126984127,5
old_CE2,3847,160.29166666666666,0.0004166666666666667,5
old_CE2,3848,160.33333333333334,0.00045138888888888887,4
old_CE2,3849,160.375,0.0002033730158730159,5
old_CE2,3850,160.41666666666666,0.43851190476190477,66
old_CE2,3851,160.45833333333334,0.44857638888888884,13
old_CE2,3852,160.5,0.3510218253968254,12
old_CE2,3853,160.54166666666666,0.3572222222222222,4
old_CE2,3854,160.58333333333334,0.3531299603174603,4
old_CE2,3855,160.625,0.5724107142857143,25
old_CE2,3856,160.66666666666666,0.49637400793650793,6
old_CE2,3857,160.70833333333334,0.4062599206349206,24
old_CE2,3858,160.75,0.6247916666666667,29
old_CE2,3859,160.79166666666666,0.47481150793650795,17
old_CE2,3860,160.83333333333334,0.42569940476190476,14
old_CE2,3861,160.875,0.36458333333333337,6
old_CE2,3862,160.91666666666666,0.3393551587301587,4
old_CE2,3863,160.95833333333334,0.35424603174603175,19
old_CE2,3864,161.0,0.6890525793650794,35
old_CE2,3865,161.04166666666666,0.3557440476190476,4
old_CE2,3866,161.08333333333334,0.33936011904761904,4
old_CE2,3867,161.125,0.3394246031746032,5
old_CE2,3868,161.16666666666666,0.3394246031746032,5
old_CE2,3869,161.20833333333334,0.33945436507936505,6
old_CE2,3870,161.25,0.3343799603174603,5
old_CE2,3871,161.29166666666666,0.3214930555555556,4
old_CE2,3872,161.33333333333334,0.31506944444444446,5
old_CE2,3873,161.375,0.08614087301587302,5
old_CE2,3874,161.41666666666666,0.02124503968253968,4
old_CE2,3875,161.45833333333334,6.944444444444444e-05,4
old_CE2,3876,161.5,6.448412698412698e-05,4
old_CE2,3877,161.54166666666666,0.0001388888888888889,5
old_CE2,3878,161.58333333333334,0.01767857142857143,10
old_CE2,3879,161.625,0.028308531746031745,27
old_CE2,3880,161.66666666666666,0.5170486111111111,34
old_CE2,3881,161.70833333333334,0.3563343253968254,5
old_CE2,3882,161.75,0.34518849206349206,39
old_CE2,3883,161.79166666666666,0.34242559523809524,19
old_CE2,3884,161.83333333333334,0.7047519841269841,38
old_CE2,3885,161.875,0.9285714285714286,3
old_CE2,3886,161.91666666666666,0.9285714285714286,3
old_CE2,3887,161.95833333333334,0.9285714285714286,2
old_CE2,3888,162.0,0.9285714285714286,3
old_CE2,3889,162.04166666666666,0.9258333333333333,2
old_CE2,3890,162.08333333333334,0.9243948412698412,2
old_CE2,3891,162.125,0.8201736111111112,4
old_CE2,3892,162.16666666666666,0.5005257936507936,4
old_CE2,3893,162.20833333333334,0.23306051587301588,5
old_CE2,3894,162.25,0.07472718253968254,5
old_CE2,3895,162.29166666666666,0.04093253968253968,3
old_CE2,3896,162.33333333333334,0.03743055555555556,4
old_CE2,3897,162.375,0.0358531746031746,5
old_CE2,3898,162.41666666666666,0.7729910714285715,89
old_CE2,3899,162.45833333333334,0.8312400793650794,5
old_CE2,3900,162.5,0.30422619047619043,4
old_CE2,3901,162.54166666666666,0.038705357142857146,4
old_CE2,3902,162.58333333333334,0.03961805555555555,24
old_CE2,3903,162.625,0.5994246031746032,180
old_CE2,3904,162.66666666666666,0.9261458333333333,87
old_CE2,3905,162.70833333333334,0.9194394841269842,8
old_CE2,3906,162.75,0.928531746031746,1
old_CE2,3907,162.79166666666666,0.9222569444444444,0
old_CE2,3908,162.83333333333334,0.9277876984126985,0
old_CE2,3909,162.875,0.9154117063492063,0
old_CE2,3910,162.91666666666666,0.9285714285714286,0
old_CE2,3911,162.95833333333334,0.9285714285714286,0
old_CE2,3912,163.0,0.9285714285714286,0
old_CE2,3913,163.04166666666666,0.9285714285714286,0
old_CE2,3914,163.08333333333334,0.8932440476190476,0
old_CE2,3915,163.125,0.3666964285714286,0
old_CE2,3916,163.16666666666666,0.3392857142857143,0
old_CE2,3917,163.20833333333334,0.3392857142857143,0
old_CE2,3918,163.25,0.3392857142857143,0
old_CE2,3919,163.29166666666666,0.3392857142857143,0
old_CE2,3920,163.33333333333334,0.3392857142857143,0
old_CE2,3921,163.375,0.3392857142857143,0
old_CE2,3922,163.41666666666666,0.3392857142857143,0
old_CE2,3923,163.45833333333334,0.3392857142857143,0
old_CE2,3924,163.5,0.3392857142857143,0
old_CE2,3925,163.54166666666666,0.3392857142857143,0
old_CE2,3926,163.58333333333334,0.2945089285714286,21
old_CE2,3927,163.625,0.8354315476190476,10
old_CE2,3928,163.66666666666666,0.8958184523809524,5
old_CE2,3929,163.70833333333334,0.8949702380952381,0
old_CE2,3930,163.75,0.9252976190476191,2
old_CE2,3931,163.79166666666666,0.8930952380952382,1
old_CE2,3932,163.83333333333334,0.9212053571428571,5
old_CE2,3933,163.875,0.9135119047619048,4
old_CE2,3934,163.91666666666666,0.8928373015873017,3
old_CE2,3935,163.95833333333334,0.8928571428571429,3
old_CE2,3936,164.0,0.9192410714285714,9
old_CE2,3937,164.04166666666666,0.9246924603174603,4
old_CE2,3938,164.08333333333334,0.8562152777777777,4
old_CE2,3939,164.125,0.5706547619047619,5
old_CE2,3940,164.16666666666666,0.5181001984126984,5
old_CE2,3941,164.20833333333334,0.5196329365079365,7
old_CE2,3942,164.25,0.529375,6
old_CE2,3943,164.29166666666666,0.5057738095238096,5
old_CE2,3944,164.33333333333334,0.36276785714285714,45
old_CE2,3945,164.375,0.8815426587301588,23
old_CE2,3946,164.41666666666666,0.892921626984127,4
old_CE2,3947,164.45833333333334,0.8929265873015872,4
old_CE2,3948,164.5,0.8929414682539683,4
old_CE2,3949,164.54166666666666,0.8947123015873016,5
old_CE2,3950,164.58333333333334,0.8929365079365079,4
old_CE2,3951,164.625,0.8929265873015872,4
old_CE2,3952,164.66666666666666,0.8929563492063491,4
old_CE2,3953,164.70833333333334,0.8923660714285714,3
old_CE2,3954,164.75,0.889265873015873,4
old_CE2,3955,164.79166666666666,0.8496626984126985,5
old_CE2,3956,164.83333333333334,0.5313839285714286,5
old_CE2,3957,164.875,0.2533531746031746,4
old_CE2,3958,164.91666666666666,0.20098710317460317,4
old_CE2,3959,164.95833333333334,0.17978174603174604,4
old_CE2,3960,165.0,0.17871031746031746,5
old_CE2,3961,165.04166666666666,0.17864087301587303,4
old_CE2,3962,165.08333333333334,0.17864087301587303,4
old_CE2,3963,165.125,0.17870535714285715,5
old_CE2,3964,165.16666666666666,0.158655753968254,4
old_CE2,3965,165.20833333333334,0.06324404761904762,5
old_CE2,3966,165.25,0.04099702380952381,5
old_CE2,3967,165.29166666666666,0.0038740079365079364,4
old_CE2,3968,165.33333333333334,0.0016170634920634921,5
old_CE2,3969,165.375,0.0001240079365079365,4
old_CE2,3970,165.41666666666666,0.012455357142857143,9
old_CE2,3971,165.45833333333334,0.6791468253968255,57
old_CE2,3972,165.5,0.8929315476190477,4
old_CE2,3973,165.54166666666666,0.8929265873015872,4
old_CE2,3974,165.58333333333334,0.8929315476190477,4
old_CE2,3975,165.625,0.8929265873015872,4
old_CE2,3976,165.66666666666666,0.8929265873015872,4
old_CE2,3977,165.70833333333334,0.8929265873015872,4
old_CE2,3978,165.75,0.8929315476190477,4
old_CE2,3979,165.79166666666666,0.8929315476190477,4
old_CE2,3980,165.83333333333334,0.8929265873015872,4
old_CE2,3981,165.875,0.8929365079365079,4
old_CE2,3982,165.91666666666666,0.8929166666666666,4
old_CE2,3983,165.95833333333334,0.8929265873015872,4
old_CE2,3984,166.0,0.8919742063492063,4
old_CE2,3985,166.04166666666666,0.8893055555555556,4
old_CE2,3986,166.08333333333334,0.8426339285714286,4
old_CE2,3987,166.125,0.6534623015873017,5
old_CE2,3988,166.16666666666666,0.44155257936507936,4
old_CE2,3989,166.20833333333334,0.1972172619047619,4
old_CE2,3990,166.25,0.12680059523809523,5
old_CE2,3991,166.29166666666666,0.12507440476190476,4
old_CE2,3992,166.33333333333334,0.1264484126984127,6
old_CE2,3993,166.375,0.12512400793650794,5
old_CE2,3994,166.41666666666666,0.3533184523809524,47
old_CE2,3995,166.45833333333334,0.8829117063492063,4
old_CE2,3996,166.5,0.8389434523809525,6
old_CE2,3997,166.54166666666666,0.3438988095238095,4
old_CE2,3998,166.58333333333334,0.15659226190476191,5
old_CE2,3999,166.625,0.13220238095238096,2
old_CE2,4000,166.66666666666666,0.0736061507936508,4
old_CE2,4001,166.70833333333334,7.44047619047619e-05,4
old_CE2,4002,166.75,6.944444444444444e-05,4
old_CE2,4003,166.79166666666666,7.44047619047619e-05,4
old_CE2,4004,166.83333333333334,6.944444444444444e-05,4
old_CE2,4005,166.875,6.448412698412698e-05,4
old_CE2,4006,166.91666666666666,6.448412698412698e-05,4
old_CE2,4007,166.95833333333334,6.944444444444444e-05,4
old_CE2,4008,167.0,0.00010912698412698413,4
old_CE2,4009,167.04166666666666,0.00010912698412698413,4
old_CE2,4010,167.08333333333334,6.944444444444444e-05,4
old_CE2,4011,167.125,6.944444444444444e-05,4
old_CE2,4012,167.16666666666666,0.0001140873015873016,4
old_CE2,4013,167.20833333333334,0.00016369047619047618,4
old_CE2,4014,167.25,0.0001240079365079365,4
old_CE2,4015,167.29166666666666,0.00012896825396825395,4
old_CE2,4016,167.33333333333334,0.0008333333333333334,5
old_CE2,4017,167.375,0.0010714285714285715,4
old_CE2,4018,167.41666666666666,8.928571428571429e-05,4
old_CE2,4019,167.45833333333334,0.00015376984126984128,8
old_CE2,4020,167.5,4.96031746031746e-05,3
old_CE2,4021,167.54166666666666,6.944444444444444e-05,4
old_CE2,4022,167.58333333333334,6.944444444444444e-05,4
old_CE2,4023,167.625,7.44047619047619e-05,4
old_CE2,4024,167.66666666666666,6.944444444444444e-05,4
old_CE2,4025,167.70833333333334,0.01181547619047619,6
old_CE2,4026,167.75,0.005828373015873016,4
old_CE2,4027,167.79166666666666,0.00012896825396825395,5
old_CE2,4028,167.83333333333334,6.944444444444444e-05,4
old_CE2,4029,167.875,0.0001240079365079365,5
old_CE2,4030,167.91666666666666,5.4563492063492063e-05,3
old_CE2,4031,167.95833333333334,6.448412698412698e-05,4
old_CE2,4032,168.0,0.0001240079365079365,5
old_CE2,4033,168.04166666666666,0.00023809523809523812,7
old_CE2,4034,168.08333333333334,0.0001488095238095238,4
old_CE2,4035,168.125,8.928571428571429e-05,4
old_CE2,4036,168.16666666666666,0.0003819444444444444,5
old_CE2,4037,168.20833333333334,0.00017857142857142857,7
old_CE2,4038,168.25,0.007222222222222222,6
old_CE2,4039,168.29166666666666,0.010535714285714285,4
old_CE2,4040,168.33333333333334,0.0015376984126984127,5
old_CE2,4041,168.375,0.002911706349206349,6
old_CE2,4042,168.41666666666666,0.001195436507936508,6
old_CE2,4043,168.45833333333334,0.01068452380952381,5
old_CE2,4044,168.5,0.006954365079365079,4
old_CE2,4045,168.54166666666666,7.936507936507937e-05,4
old_CE2,4046,168.58333333333334,7.44047619047619e-05,4
old_CE2,4047,168.625,0.0001140873015873016,4
old_CE2,4048,168.66666666666666,0.00017857142857142857,6
old_CE2,4049,168.70833333333334,0.08521825396825397,34
old_CE2,4050,168.75,0.5336805555555556,5
old_CE2,4051,168.79166666666666,0.5357837301587302,4
old_CE2,4052,168.83333333333334,0.5358382936507936,5
old_CE2,4053,168.875,0.5357886904761905,4
old_CE2,4054,168.91666666666666,0.41968750000000005,4
old_CE2,4055,168.95833333333334,0.006170634920634921,4
old_CE2,4056,169.0,0.00011904761904761906,5
old_CE2,4057,169.04166666666666,8.432539682539683e-05,4
old_CE2,4058,169.08333333333334,0.10357638888888888,20
old_CE2,4059,169.125,0.6658382936507936,40
old_CE2,4060,169.16666666666666,0.8929464285714286,4
old_CE2,4061,169.20833333333334,0.8929315476190477,4
old_CE2,4062,169.25,0.6356894841269841,12
old_CE2,4063,169.29166666666666,0.4930059523809524,36
old_CE2,4064,169.33333333333334,0.8773759920634921,16
old_CE2,4065,169.375,0.8929861111111111,16
old_CE2,4066,169.41666666666666,0.9283333333333333,27
old_CE2,4067,169.45833333333334,0.8999206349206349,14
old_CE2,4068,169.5,0.9564136904761905,43
old_CE2,4069,169.54166666666666,0.8999007936507937,76
old_CE2,4070,169.58333333333334,0.6817906746031746,96
old_CE2,4071,169.625,0.5685267857142857,6
old_CE2,4072,169.66666666666666,0.4120238095238095,39
old_CE2,4073,169.70833333333334,0.11167162698412698,44
old_CE2,4074,169.75,0.17355158730158732,13
old_CE2,4075,169.79166666666666,0.1786607142857143,18
old_CE2,4076,169.83333333333334,0.11044642857142857,32
old_CE2,4077,169.875,9.92063492063492e-05,4
old_CE2,4078,169.91666666666666,0.00013392857142857144,5
old_CE2,4079,169.95833333333334,9.92063492063492e-05,4
old_CE2,4080,170.0,6.944444444444444e-05,4
old_CE2,4081,170.04166666666666,0.012921626984126983,9
old_CE2,4082,170.08333333333334,0.1714186507936508,8
old_CE2,4083,170.125,0.1781498015873016,18
old_CE2,4084,170.16666666666666,0.1518204365079365,12
old_CE2,4085,170.20833333333334,0.1162748015873016,13
old_CE2,4086,170.25,0.17382936507936506,3
old_CE2,4087,170.29166666666666,0.11666170634920635,6
old_CE2,4088,170.33333333333334,0.022465277777777775,4
old_CE2,4089,170.375,0.0033382936507936507,5
old_CE2,4090,170.41666666666666,1.984126984126984e-05,2
old_CE2,4091,170.45833333333334,0.12952876984126985,12
old_CE2,4092,170.5,0.1659672619047619,1
old_CE2,4093,170.54166666666666,0.15455853174603176,12
old_CE2,4094,170.58333333333334,0.17867063492063492,20
old_CE2,4095,170.625,0.1759474206349206,44
old_CE2,4096,170.66666666666666,0.17717261904761905,3
old_CE2,4097,170.70833333333334,0.15969246031746032,2
old_CE2,4098,170.75,0.08700892857142857,2
old_CE2,4099,170.79166666666666,0.018060515873015874,2
old_CE2,4100,170.83333333333334,2.9761904761904765e-05,2
old_CE2,4101,170.875,1.984126984126984e-05,2
old_CE2,4102,170.91666666666666,2.48015873015873e-05,2
old_CE2,4103,170.95833333333334,1.984126984126984e-05,2
old_CE2,4104,171.0,1.984126984126984e-05,2
old_CE2,4105,171.04166666666666,2.48015873015873e-05,2
old_CE2,4106,171.08333333333334,1.984126984126984e-05,2
old_CE2,4107,171.125,2.9761904761904765e-05,2
old_CE2,4108,171.16666666666666,2.48015873015873e-05,2
old_CE2,4109,171.20833333333334,1.984126984126984e-05,2
old_CE2,4110,171.25,1.984126984126984e-05,2
old_CE2,4111,171.29166666666666,1.984126984126984e-05,2
old_CE2,4112,171.33333333333334,2.9761904761904765e-05,2
old_CE2,4113,171.375,2.9761904761904765e-05,2
old_CE2,4114,171.41666666666666,1.984126984126984e-05,2
old_CE2,4115,171.45833333333334,2.48015873015873e-05,2
old_CE2,4116,171.5,1.984126984126984e-05,2
old_CE2,4117,171.54166666666666,2.48015873015873e-05,2
old_CE2,4118,171.58333333333334,1.984126984126984e-05,2
old_CE2,4119,171.625,2.48015873015873e-05,2
old_CE2,4120,171.66666666666666,2.9761904761904765e-05,2
old_CE2,4121,171.70833333333334,1.984126984126984e-05,2
old_CE2,4122,171.75,2.9761904761904765e-05,2
old_CE2,4123,171.79166666666666,1.984126984126984e-05,2
old_CE2,4124,171.83333333333334,2.48015873015873e-05,2
old_CE2,4125,171.875,3.472222222222222e-05,2
old_CE2,4126,171.91666666666666,2.48015873015873e-05,2
old_CE2,4127,171.95833333333334,1.984126984126984e-05,2
old_CE2,4128,172.0,2.48015873015873e-05,2
old_CE2,4129,172.04166666666666,2.9761904761904765e-05,2
old_CE2,4130,172.08333333333334,2.9761904761904765e-05,2
old_CE2,4131,172.125,3.472222222222222e-05,2
old_CE2,4132,172.16666666666666,2.48015873015873e-05,2
old_CE2,4133,172.20833333333334,1.984126984126984e-05,2
old_CE2,4134,172.25,2.9761904761904765e-05,2
old_CE2,4135,172.29166666666666,2.9761904761904765e-05,2
old_CE2,4136,172.33333333333334,2.48015873015873e-05,2
old_CE2,4137,172.375,1.984126984126984e-05,2
old_CE2,4138,172.41666666666666,1.984126984126984e-05,2
old_CE2,4139,172.45833333333334,2.9761904761904765e-05,2
old_CE2,4140,172.5,1.984126984126984e-05,2
old_CE2,4141,172.54166666666666,2.48015873015873e-05,2
old_CE2,4142,172.58333333333334,2.9761904761904765e-05,2
old_CE2,4143,172.625,3.472222222222222e-05,2
old_CE2,4144,172.66666666666666,2.9761904761904765e-05,2
old_CE2,4145,172.70833333333334,2.48015873015873e-05,2
old_CE2,4146,172.75,2.9761904761904765e-05,2
old_CE2,4147,172.79166666666666,3.472222222222222e-05,2
old_CE2,4148,172.83333333333334,2.9761904761904765e-05,2
old_CE2,4149,172.875,1.984126984126984e-05,2
old_CE2,4150,172.91666666666666,2.48015873015873e-05,2
old_CE2,4151,172.95833333333334,2.48015873015873e-05,2
old_CE2,4152,173.0,2.48015873015873e-05,2
old_CE2,4153,173.04166666666666,2.9761904761904765e-05,2
old_CE2,4154,173.08333333333334,3.472222222222222e-05,2
old_CE2,4155,173.125,2.48015873015873e-05,2
old_CE2,4156,173.16666666666666,3.472222222222222e-05,2
old_CE2,4157,173.20833333333334,2.9761904761904765e-05,2
old_CE2,4158,173.25,3.472222222222222e-05,2
old_CE2,4159,173.29166666666666,1.984126984126984e-05,2
old_CE2,4160,173.33333333333334,2.9761904761904765e-05,2
old_CE2,4161,173.375,0.0001240079365079365,7
old_CE2,4162,173.41666666666666,0.0002777777777777778,8
old_CE2,4163,173.45833333333334,5.4563492063492063e-05,3
old_CE2,4164,173.5,0.0001240079365079365,5
old_CE2,4165,173.54166666666666,0.00013392857142857144,5
old_CE2,4166,173.58333333333334,0.00033730158730158733,9
old_CE2,4167,173.625,0.00023809523809523812,5
old_CE2,4168,173.66666666666666,0.00010416666666666667,4
old_CE2,4169,173.70833333333334,0.0007390873015873016,16
old_CE2,4170,173.75,0.0006746031746031747,15
old_CE2,4171,173.79166666666666,0.005009920634920635,19
old_CE2,4172,173.83333333333334,0.0007192460317460318,17
old_CE2,4173,173.875,0.0007242063492063492,18
old_CE2,4174,173.91666666666666,0.0006051587301587302,17
old_CE2,4175,173.95833333333334,0.0006845238095238095,17
old_CE2,4176,174.0,0.0007192460317460318,16
old_CE2,4177,174.04166666666666,0.0007738095238095238,18
old_CE2,4178,174.08333333333334,0.0009424603174603175,22
old_CE2,4179,174.125,0.0004017857142857143,11
old_CE2,4180,174.16666666666666,0.0005456349206349206,14
old_CE2,4181,174.20833333333334,0.0009771825396825396,22
old_CE2,4182,174.25,0.0026785714285714286,10
old_CE2,4183,174.29166666666666,0.0009672619047619048,18
old_CE2,4184,174.33333333333334,0.00216765873015873,15
old_CE2,4185,174.375,0.0008432539682539682,20
old_CE2,4186,174.41666666666666,0.0008085317460317461,11
old_CE2,4187,174.45833333333334,0.00046130952380952383,15
old_CE2,4188,174.5,0.00046130952380952383,13
old_CE2,4189,174.54166666666666,0.0008779761904761904,18
old_CE2,4190,174.58333333333334,0.012549603174603173,28
old_CE2,4191,174.625,0.007281746031746032,22
old_CE2,4192,174.66666666666666,0.00125,9
old_CE2,4193,174.70833333333334,0.0015327380952380953,12
old_CE2,4194,174.75,0.019479166666666665,21
old_CE2,4195,174.79166666666666,0.01456845238095238,14
old_CE2,4196,174.83333333333334,0.003377976190476191,25
old_CE2,4197,174.875,0.00034722222222222224,12
old_CE2,4198,174.91666666666666,0.0005555555555555556,17
old_CE2,4199,174.95833333333334,0.00039186507936507937,12
old_CE2,4200,175.0,0.0006547619047619047,10
old_CE2,4201,175.04166666666666,0.0006795634920634921,16
old_CE2,4202,175.08333333333334,0.0006547619047619047,18
old_CE2,4203,175.125,0.000496031746031746,11
old_CE2,4204,175.16666666666666,0.0007043650793650793,17
old_CE2,4205,175.20833333333334,0.0005208333333333333,12
old_CE2,4206,175.25,0.0033432539682539683,17
old_CE2,4207,175.29166666666666,0.0007688492063492063,16
old_CE2,4208,175.33333333333334,0.0017063492063492064,7
old_CE2,4209,175.375,0.0008928571428571429,19
old_CE2,4210,175.41666666666666,0.0005605158730158731,15
old_CE2,4211,175.45833333333334,0.0009077380952380952,16
old_CE2,4212,175.5,0.0012748015873015872,15
old_CE2,4213,175.54166666666666,0.009464285714285715,23
old_CE2,4214,175.58333333333334,0.011875,15
old_CE2,4215,175.625,0.0005357142857142857,15
old_CE2,4216,175.66666666666666,0.004012896825396825,17
old_CE2,4217,175.70833333333334,0.02121031746031746,21
old_CE2,4218,175.75,0.019503968253968253,26
old_CE2,4219,175.79166666666666,0.0007142857142857143,16
old_CE2,4220,175.83333333333334,0.0004216269841269841,13
old_CE2,4221,175.875,0.0006845238095238095,16
old_CE2,4222,175.91666666666666,0.0021081349206349205,30
old_CE2,4223,175.95833333333334,0.006393849206349207,71
old_CE2,4224,176.0,0.008288690476190476,77
old_CE2,4225,176.04166666666666,0.009196428571428572,73
old_CE2,4226,176.08333333333334,0.001994047619047619,25
old_CE2,4227,176.125,0.14231150793650793,25
old_CE2,4228,176.16666666666666,0.49348710317460315,12
old_CE2,4229,176.20833333333334,0.518015873015873,6
old_CE2,4230,176.25,0.493546626984127,1
old_CE2,4231,176.29166666666666,0.37718253968253973,4
old_CE2,4232,176.33333333333334,0.2246329365079365,4
old_CE2,4233,176.375,0.11824900793650794,4
old_CE2,4234,176.41666666666666,0.05357142857142857,0
old_CE2,4235,176.45833333333334,0.027926587301587303,6
old_CE2,4236,176.5,8.432539682539683e-05,4
old_CE2,4237,176.54166666666666,9.424603174603175e-05,4
old_CE2,4238,176.58333333333334,7.44047619047619e-05,4
old_CE2,4239,176.625,0.00010416666666666667,4
old_CE2,4240,176.66666666666666,8.432539682539683e-05,4
old_CE2,4241,176.70833333333334,7.44047619047619e-05,4
old_CE2,4242,176.75,7.44047619047619e-05,4
old_CE2,4243,176.79166666666666,7.44047619047619e-05,4
old_CE2,4244,176.83333333333334,6.448412698412698e-05,4
old_CE2,4245,176.875,7.44047619047619e-05,4
old_CE2,4246,176.91666666666666,0.0001140873015873016,4
old_CE2,4247,176.95833333333334,6.944444444444444e-05,4
old_CE2,4248,177.0,6.944444444444444e-05,4
old_CE2,4249,177.04166666666666,8.432539682539683e-05,4
old_CE2,4250,177.08333333333334,7.936507936507937e-05,4
old_CE2,4251,177.125,6.944444444444444e-05,4
old_CE2,4252,177.16666666666666,8.432539682539683e-05,4
old_CE2,4253,177.20833333333334,8.928571428571429e-05,4
old_CE2,4254,177.25,8.928571428571429e-05,4
old_CE2,4255,177.29166666666666,0.00023809523809523812,5
old_CE2,4256,177.33333333333334,0.00026785714285714287,4
old_CE2,4257,177.375,0.00013392857142857144,4
old_CE2,4258,177.41666666666666,0.014057539682539684,12
old_CE2,4259,177.45833333333334,8.432539682539683e-05,4
old_CE2,4260,177.5,0.0001140873015873016,4
old_CE2,4261,177.54166666666666,7.44047619047619e-05,4
old_CE2,4262,177.58333333333334,8.432539682539683e-05,4
old_CE2,4263,177.625,0.0001240079365079365,6
old_CE2,4264,177.66666666666666,0.010788690476190476,5
old_CE2,4265,177.70833333333334,0.0012251984126984126,0
old_CE2,4266,177.75,0.0,0
old_CE2,4267,177.79166666666666,0.0,0
old_CE2,4268,177.83333333333334,0.0,0
old_CE2,4269,177.875,0.0,0
old_CE2,4270,177.91666666666666,0.0,0
old_CE2,4271,177.95833333333334,0.0,0
old_CE2,4272,178.0,0.0,0
old_CE2,4273,178.04166666666666,0.0,0
old_CE2,4274,178.08333333333334,0.0,0
old_CE2,4275,178.125,0.0,0
old_CE2,4276,178.16666666666666,0.0,0
old_CE2,4277,178.20833333333334,2.48015873015873e-05,1
old_CE2,4278,178.25,0.0,0
old_CE2,4279,178.29166666666666,0.0,0
old_CE2,4280,178.33333333333334,0.0,0
old_CE2,4281,178.375,0.0,0
old_CE2,4282,178.41666666666666,0.0,0
old_CE2,4283,178.45833333333334,0.0,0
old_CE2,4284,178.5,0.0,0
old_CE2,4285,178.54166666666666,0.0,0
old_CE2,4286,178.58333333333334,0.0,0
old_CE2,4287,178.625,0.0,0
old_CE2,4288,178.66666666666666,0.0,0
old_CE2,4289,178.70833333333334,0.0002777777777777778,4
old_CE2,4290,178.75,0.0,0
old_CE2,4291,178.79166666666666,0.0,0
old_CE2,4292,178.83333333333334,0.0,0
old_CE2,4293,178.875,0.0,0
old_CE2,4294,178.91666666666666,0.0,0
old_CE2,4295,178.95833333333334,0.0,0
old_CE2,4296,179.0,0.0,0
old_CE2,4297,179.04166666666666,0.0,0
old_CE2,4298,179.08333333333334,0.0,0
old_CE2,4299,179.125,0.0,0
old_CE2,4300,179.16666666666666,0.0,0
old_CE2,4301,179.20833333333334,0.0,0
old_CE2,4302,179.25,0.0,0
old_CE2,4303,179.29166666666666,0.0,0
old_CE2,4304,179.33333333333334,0.0,0
old_CE2,4305,179.375,0.0,0
old_CE2,4306,179.41666666666666,0.0,0
old_CE2,4307,179.45833333333334,0.0,0
old_CE2,4308,179.5,0.0,0
old_CE2,4309,179.54166666666666,0.0,0
old_CE2,4310,179.58333333333334,0.0,0
old_CE2,4311,179.625,0.0,0
old_CE2,4312,179.66666666666666,0.0,0
old_CE2,4313,179.70833333333334,0.0,0
old_CE2,4314,179.75,0.0,0
old_CE2,4315,179.79166666666666,0.0,0
old_CE2,4316,179.83333333333334,0.0,0
old_CE2,4317,179.875,0.0,0
old_CE2,4318,179.91666666666666,0.0,0
old_CE2,4319,179.95833333333334,0.0,0
old_CE2,4320,180.0,0.0,0
old_CE2,4321,180.04166666666666,0.0,0
old_CE2,4322,180.08333333333334,0.0,0
old_CE2,4323,180.125,0.0,0
old_CE2,4324,180.16666666666666,0.0,0
old_CE2,4325,180.20833333333334,0.0,0
old_CE2,4326,180.25,0.0,0
old_CE2,4327,180.29166666666666,0.0,0
old_CE2,4328,180.33333333333334,0.0,0
old_CE2,4329,180.375,0.0,0
old_CE2,4330,180.41666666666666,0.0,0
old_CE2,4331,180.45833333333334,0.0,0
old_CE2,4332,180.5,0.0,0
old_CE2,4333,180.54166666666666,0.0,0
old_CE2,4334,180.58333333333334,0.0,0
old_CE2,4335,180.625,0.0,0
old_CE2,4336,180.66666666666666,0.0,0
old_CE2,4337,180.70833333333334,0.0,0
old_CE2,4338,180.75,0.0,0
old_CE2,4339,180.79166666666666,0.0,0
old_CE2,4340,180.83333333333334,0.0,0
old_CE2,4341,180.875,0.0,0
old_CE2,4342,180.91666666666666,0.0,0
old_CE2,4343,180.95833333333334,0.0,0
old_CE2,4344,181.0,0.0,0
old_CE2,4345,181.04166666666666,0.0,0
old_CE2,4346,181.08333333333334,0.0,0
old_CE2,4347,181.125,0.0,0
old_CE2,4348,181.16666666666666,0.0,0
old_CE2,4349,181.20833333333334,0.0,0
old_CE2,4350,181.25,0.0,0
old_CE2,4351,181.29166666666666,0.0,0
old_CE2,4352,181.33333333333334,0.0,0
old_CE2,4353,181.375,0.0,0
old_CE2,4354,181.41666666666666,0.0,0
old_CE2,4355,181.45833333333334,0.0,0
old_CE2,4356,181.5,0.0,0
old_CE2,4357,181.54166666666666,0.0,0
old_CE2,4358,181.58333333333334,0.0,0
old_CE2,4359,181.625,0.0,0
old_CE2,4360,181.66666666666666,0.0,0
old_CE2,4361,181.70833333333334,0.0,0
old_CE2,4362,181.75,0.0,0
old_CE2,4363,181.79166666666666,0.0,0
old_CE2,4364,181.83333333333334,0.0,0
old_CE2,4365,181.875,0.0,0
old_CE2,4366,181.91666666666666,0.0,0
old_CE2,4367,181.95833333333334,0.0,0
old_CE2,4368,182.0,0.0,0
old_CE2,4369,182.04166666666666,0.0,0
old_CE2,4370,182.08333333333334,0.0,0
old_CE2,4371,182.125,0.0,0
old_CE2,4372,182.16666666666666,0.0,0
old_CE2,4373,182.20833333333334,0.0,0
old_CE2,4374,182.25,0.0,0
old_CE2,4375,182.29166666666666,0.0,0
old_CE2,4376,182.33333333333334,0.0,0
old_CE2,4377,182.375,0.0,0
old_CE2,4378,182.41666666666666,0.0,0
old_CE2,4379,182.45833333333334,0.00016865079365079366,6
old_CE2,4380,182.5,0.0009126984126984128,11
old_CE2,4381,182.54166666666666,0.0011805555555555556,11
old_CE2,4382,182.58333333333334,0.0033184523809523807,22
old_CE2,4383,182.625,0.0028621031746031743,26
old_CE2,4384,182.66666666666666,0.0006597222222222222,14
old_CE2,4385,182.70833333333334,0.0002976190476190476,9
old_CE2,4386,182.75,0.00048115079365079364,10
old_CE2,4387,182.79166666666666,0.0006498015873015872,12
old_CE2,4388,182.83333333333334,0.00015376984126984128,5
old_CE2,4389,182.875,0.00023809523809523812,4
old_CE2,4390,182.91666666666666,0.0002926587301587302,5
old_CE2,4391,182.95833333333334,5.952380952380953e-05,4
old_CE2,4392,183.0,6.944444444444444e-05,4
old_CE2,4393,183.04166666666666,0.00010416666666666667,7
old_CE2,4394,183.08333333333334,0.011850198412698413,5
old_CE2,4395,183.125,6.944444444444444e-05,4
old_CE2,4396,183.16666666666666,1.984126984126984e-05,2
old_CE2,4397,183.20833333333334,5.4563492063492063e-05,3
old_CE2,4398,183.25,1.984126984126984e-05,2
old_CE2,4399,183.29166666666666,1.984126984126984e-05,2
old_CE2,4400,183.33333333333334,1.984126984126984e-05,2
old_CE2,4401,183.375,1.984126984126984e-05,2
old_CE2,4402,183.41666666666666,1.984126984126984e-05,2
old_CE2,4403,183.45833333333334,0.00010416666666666667,3
old_CE2,4404,183.5,1.984126984126984e-05,2
old_CE2,4405,183.54166666666666,0.0,0
old_CE2,4406,183.58333333333334,0.0,0
old_CE2,4407,183.625,0.0008333333333333334,17
old_CE2,4408,183.66666666666666,0.0004910714285714286,10
old_CE2,4409,183.70833333333334,7.44047619047619e-05,4
old_CE2,4410,183.75,0.02546130952380952,15
old_CE2,4411,183.79166666666666,0.037137896825396824,31
old_CE2,4412,183.83333333333334,0.03671626984126984,24
old_CE2,4413,183.875,0.03578373015873016,4
old_CE2,4414,183.91666666666666,0.03616071428571428,10
old_CE2,4415,183.95833333333334,0.03837301587301588,35
old_CE2,4416,184.0,0.036383928571428574,18
old_CE2,4417,184.04166666666666,0.03604166666666667,10
old_CE2,4418,184.08333333333334,0.041934523809523803,16
old_CE2,4419,184.125,0.019518849206349203,20
old_CE2,4420,184.16666666666666,0.01898313492063492,16
old_CE2,4421,184.20833333333334,0.018566468253968255,18
old_CE2,4422,184.25,0.01882440476190476,17
old_CE2,4423,184.29166666666666,0.018938492063492064,20
old_CE2,4424,184.33333333333334,0.018363095238095237,5
old_CE2,4425,184.375,0.018521825396825398,16
old_CE2,4426,184.41666666666666,0.02309027777777778,56
old_CE2,4427,184.45833333333334,0.020600198412698414,35
old_CE2,4428,184.5,0.018665674603174604,17
old_CE2,4429,184.54166666666666,0.018730158730158732,19
old_CE2,4430,184.58333333333334,0.019419642857142854,10
old_CE2,4431,184.625,0.019221230158730156,16
old_CE2,4432,184.66666666666666,0.02392361111111111,20
old_CE2,4433,184.70833333333334,0.38829861111111114,60
old_CE2,4434,184.75,0.6964335317460317,24
old_CE2,4435,184.79166666666666,0.6969791666666667,16
old_CE2,4436,184.83333333333334,0.696969246031746,13
old_CE2,4437,184.875,0.6968998015873016,11
old_CE2,4438,184.91666666666666,0.6964732142857143,3
old_CE2,4439,184.95833333333334,0.6973561507936508,14
old_CE2,4440,185.0,0.6998164682539683,29
old_CE2,4441,185.04166666666666,0.6319047619047619,11
old_CE2,4442,185.08333333333334,0.567296626984127,5
old_CE2,4443,185.125,0.5675843253968254,4
old_CE2,4444,185.16666666666666,0.5714484126984126,2
old_CE2,4445,185.20833333333334,0.6050694444444444,11
old_CE2,4446,185.25,0.6778323412698413,6
old_CE2,4447,185.29166666666666,0.6953422619047619,7
old_CE2,4448,185.33333333333334,0.7325446428571428,4
old_CE2,4449,185.375,0.7321875,3
old_CE2,4450,185.41666666666666,0.7321974206349207,3
old_CE2,4451,185.45833333333334,0.7321924603174603,3
old_CE2,4452,185.5,0.7321875,3
old_CE2,4453,185.54166666666666,0.7180505952380952,4
old_CE2,4454,185.58333333333334,0.6933630952380953,5
old_CE2,4455,185.625,0.7062797619047619,5
old_CE2,4456,185.66666666666666,0.7092609126984126,5
old_CE2,4457,185.70833333333334,0.6396726190476191,29
old_CE2,4458,185.75,0.6415426587301587,6
old_CE2,4459,185.79166666666666,0.6458531746031746,4
old_CE2,4460,185.83333333333334,0.6607589285714285,3
old_CE2,4461,185.875,0.6607886904761905,4
old_CE2,4462,185.91666666666666,0.6526636904761904,5
old_CE2,4463,185.95833333333334,0.6386408730158729,4
old_CE2,4464,186.0,0.6305208333333334,3
old_CE2,4465,186.04166666666666,0.6095882936507937,6
old_CE2,4466,186.08333333333334,0.5699702380952381,5
old_CE2,4467,186.125,0.585138888888889,6
old_CE2,4468,186.16666666666666,0.6138392857142857,5
old_CE2,4469,186.20833333333334,0.6060664682539683,7
old_CE2,4470,186.25,0.6099702380952381,7
old_CE2,4471,186.29166666666666,0.6189484126984127,5
old_CE2,4472,186.33333333333334,0.6076041666666666,5
old_CE2,4473,186.375,0.6072271825396826,4
old_CE2,4474,186.41666666666666,0.6072222222222222,4
old_CE2,4475,186.45833333333334,0.6072519841269841,4
old_CE2,4476,186.5,0.6071974206349207,3
old_CE2,4477,186.54166666666666,0.6297867063492063,6
old_CE2,4478,186.58333333333334,0.6210615079365079,4
old_CE2,4479,186.625,0.604186507936508,5
old_CE2,4480,186.66666666666666,0.607217261904762,4
old_CE2,4481,186.70833333333334,0.558531746031746,13
old_CE2,4482,186.75,0.5538839285714285,11
old_CE2,4483,186.79166666666666,0.5715029761904763,4
old_CE2,4484,186.83333333333334,0.5714980158730159,4
old_CE2,4485,186.875,0.5589732142857142,4
old_CE2,4486,186.91666666666666,0.5536458333333333,4
old_CE2,4487,186.95833333333334,0.549171626984127,4
old_CE2,4488,187.0,0.5179265873015872,4
old_CE2,4489,187.04166666666666,0.502281746031746,4
old_CE2,4490,187.08333333333334,0.4497767857142857,10
old_CE2,4491,187.125,0.40742559523809524,5
old_CE2,4492,187.16666666666666,0.3929414682539683,4
old_CE2,4493,187.20833333333334,0.39748015873015874,9
old_CE2,4494,187.25,0.4385763888888889,10
old_CE2,4495,187.29166666666666,0.45030753968253967,6
old_CE2,4496,187.33333333333334,0.44691964285714286,5
old_CE2,4497,187.375,0.4564186507936508,31
old_CE2,4498,187.41666666666666,0.4520238095238095,5
old_CE2,4499,187.45833333333334,0.4520585317460317,3
old_CE2,4500,187.5,0.4639484126984127,4
old_CE2,4501,187.54166666666666,0.4797718253968254,3
old_CE2,4502,187.58333333333334,0.48652281746031745,4
old_CE2,4503,187.625,0.4994791666666667,8
old_CE2,4504,187.66666666666666,0.5,0
old_CE2,4505,187.70833333333334,0.4529464285714285,0
old_CE2,4506,187.75,0.3345982142857143,0
old_CE2,4507,187.79166666666666,0.31890376984126984,0
old_CE2,4508,187.83333333333334,0.30357142857142855,0
old_CE2,4509,187.875,0.30357142857142855,0
old_CE2,4510,187.91666666666666,0.30357142857142855,0
old_CE2,4511,187.95833333333334,0.30357142857142855,0
old_CE2,4512,188.0,0.30357142857142855,0
old_CE2,4513,188.04166666666666,0.29659722222222223,0
old_CE2,4514,188.08333333333334,0.2706894841269841,0
old_CE2,4515,188.125,0.26329861111111114,0
old_CE2,4516,188.16666666666666,0.25,0
old_CE2,4517,188.20833333333334,0.23897817460317458,0
old_CE2,4518,188.25,0.19989583333333333,0
old_CE2,4519,188.29166666666666,0.1648214285714286,0
old_CE2,4520,188.33333333333334,0.16071428571428573,0
old_CE2,4521,188.375,0.15496031746031744,0
old_CE2,4522,188.41666666666666,0.14285714285714285,0
old_CE2,4523,188.45833333333334,0.14285714285714285,0
old_CE2,4524,188.5,0.1304861111111111,0
old_CE2,4525,188.54166666666666,0.11260912698412698,0
old_CE2,4526,188.58333333333334,0.09782738095238096,0
old_CE2,4527,188.625,0.07259424603174604,0
old_CE2,4528,188.66666666666666,0.07142857142857142,0
old_CE2,4529,188.70833333333334,0.06555059523809524,0
old_CE2,4530,188.75,0.014518849206349205,0
old_CE2,4531,188.79166666666666,0.0,0
old_CE2,4532,188.83333333333334,0.0,0
old_CE2,4533,188.875,0.0,0
old_CE2,4534,188.91666666666666,0.0,0
old_CE2,4535,188.95833333333334,0.0,0
old_CE2,4536,189.0,0.0,0
old_CE2,4537,189.04166666666666,0.0,0
old_CE2,4538,189.08333333333334,0.0,0
old_CE2,4539,189.125,0.0,0
old_CE2,4540,189.16666666666666,0.0,0
old_CE2,4541,189.20833333333334,0.0,0
old_CE2,4542,189.25,0.0,0
old_CE2,4543,189.29166666666666,4.96031746031746e-06,1
old_CE2,4544,189.33333333333334,0.0,0
old_CE2,4545,189.375,0.0,0
old_CE2,4546,189.41666666666666,0.0,0
old_CE2,4547,189.45833333333334,0.0,0
old_CE2,4548,189.5,0.0,0
old_CE2,4549,189.54166666666666,0.0,0
old_CE2,4550,189.58333333333334,0.0,0
old_CE2,4551,189.625,0.0,0
old_CE2,4552,189.66666666666666,0.0,0
old_CE2,4553,189.70833333333334,0.0,0
old_CE2,4554,189.75,0.0,0
old_CE2,4555,189.79166666666666,0.0,0
old_CE2,4556,189.83333333333334,0.0,0
old_CE2,4557,189.875,0.0,0
old_CE2,4558,189.91666666666666,0.0,0
old_CE2,4559,189.95833333333334,0.0,0
old_CE2,4560,190.0,0.0,0
old_CE2,4561,190.04166666666666,0.0,0
old_CE2,4562,190.08333333333334,0.0,0
old_CE2,4563,190.125,0.0,0
old_CE2,4564,190.16666666666666,0.0,0
old_CE2,4565,190.20833333333334,0.0,0
old_CE2,4566,190.25,0.0,0
old_CE2,4567,190.29166666666666,0.0,0
old_CE2,4568,190.33333333333334,0.0,0
old_CE2,4569,190.375,0.0,0
old_CE2,4570,190.41666666666666,0.0,0
old_CE2,4571,190.45833333333334,0.0,0
old_CE2,4572,190.5,0.0,0
old_CE2,4573,190.54166666666666,0.0,0
old_CE2,4574,190.58333333333334,0.0,0
old_CE2,4575,190.625,0.0,0
old_CE2,4576,190.66666666666666,0.0,0
old_CE2,4577,190.70833333333334,0.0,0
old_CE2,4578,190.75,0.0,0
old_CE2,4579,190.79166666666666,0.0,0
old_CE2,4580,190.83333333333334,0.0,0
old_CE2,4581,190.875,0.0,0
old_CE2,4582,190.91666666666666,0.0,0
old_CE2,4583,190.95833333333334,0.0,0
old_CE2,4584,191.0,0.0,0
old_CE2,4585,191.04166666666666,0.0,0
old_CE2,4586,191.08333333333334,0.0,0
old_CE2,4587,191.125,0.0,0
old_CE2,4588,191.16666666666666,0.0,0
old_CE2,4589,191.20833333333334,0.0,0
old_CE2,4590,191.25,0.0,0
old_CE2,4591,191.29166666666666,0.0,0
old_CE2,4592,191.33333333333334,0.0,0
old_CE2,4593,191.375,0.0,0
old_CE2,4594,191.41666666666666,0.0,0
old_CE2,4595,191.45833333333334,0.0,0
old_CE2,4596,191.5,0.0,0
old_CE2,4597,191.54166666666666,0.0,0
old_CE2,4598,191.58333333333334,0.0,0
old_CE2,4599,191.625,2.48015873015873e-05,2
old_CE2,4600,191.66666666666666,0.0001240079365079365,7
old_CE2,4601,191.70833333333334,7.936507936507937e-05,4
old_CE2,4602,191.75,7.44047619047619e-05,4
old_CE2,4603,191.79166666666666,6.448412698412698e-05,4
old_CE2,4604,191.83333333333334,7.44047619047619e-05,4
old_CE2,4605,191.875,6.944444444444444e-05,4
old_CE2,4606,191.91666666666666,6.448412698412698e-05,4
old_CE2,4607,191.95833333333334,6.448412698412698e-05,4
old_CE2,4608,192.0,6.944444444444444e-05,4
old_CE2,4609,192.04166666666666,6.944444444444444e-05,4
old_CE2,4610,192.08333333333334,7.44047619047619e-05,4
old_CE2,4611,192.125,7.44047619047619e-05,4
old_CE2,4612,192.16666666666666,6.944444444444444e-05,4
old_CE2,4613,192.20833333333334,0.00012896825396825395,6
old_CE2,4614,192.25,0.0036458333333333334,5
old_CE2,4615,192.29166666666666,0.0004166666666666667,5
old_CE2,4616,192.33333333333334,6.944444444444444e-05,4
old_CE2,4617,192.375,6.944444444444444e-05,4
old_CE2,4618,192.41666666666666,6.448412698412698e-05,4
old_CE2,4619,192.45833333333334,0.011879960317460317,10
old_CE2,4620,192.5,0.4264136904761905,65
old_CE2,4621,192.54166666666666,0.8927232142857143,27
old_CE2,4622,192.58333333333334,0.8129960317460317,10
old_CE2,4623,192.625,0.39762896825396826,4
old_CE2,4624,192.66666666666666,0.15800595238095236,4
old_CE2,4625,192.70833333333334,0.23266369047619048,36
old_CE2,4626,192.75,0.8083184523809523,53
old_CE2,4627,192.79166666666666,0.8928819444444445,7
old_CE2,4628,192.83333333333334,0.8928819444444445,4
old_CE2,4629,192.875,0.7986507936507936,4
old_CE2,4630,192.91666666666666,0.5360019841269842,4
old_CE2,4631,192.95833333333334,0.383139880952381,4
old_CE2,4632,193.0,0.2448313492063492,4
old_CE2,4633,193.04166666666666,0.0785218253968254,5
old_CE2,4634,193.08333333333334,0.044375,4
old_CE2,4635,193.125,0.016969246031746033,4
old_CE2,4636,193.16666666666666,0.00015376984126984128,6
old_CE2,4637,193.20833333333334,0.0025148809523809525,5
old_CE2,4638,193.25,0.0004117063492063492,5
old_CE2,4639,193.29166666666666,7.44047619047619e-05,4
old_CE2,4640,193.33333333333334,6.944444444444444e-05,4
old_CE2,4641,193.375,6.944444444444444e-05,4
old_CE2,4642,193.41666666666666,6.448412698412698e-05,4
old_CE2,4643,193.45833333333334,6.448412698412698e-05,4
old_CE2,4644,193.5,6.944444444444444e-05,4
old_CE2,4645,193.54166666666666,6.944444444444444e-05,4
old_CE2,4646,193.58333333333334,6.944444444444444e-05,4
old_CE2,4647,193.625,6.448412698412698e-05,4
old_CE2,4648,193.66666666666666,6.448412698412698e-05,4
old_CE2,4649,193.70833333333334,6.944444444444444e-05,4
old_CE2,4650,193.75,6.944444444444444e-05,4
old_CE2,4651,193.79166666666666,6.448412698412698e-05,4
old_CE2,4652,193.83333333333334,5.952380952380953e-05,4
old_CE2,4653,193.875,6.944444444444444e-05,4
old_CE2,4654,193.91666666666666,5.952380952380953e-05,4
old_CE2,4655,193.95833333333334,6.448412698412698e-05,4
old_CE2,4656,194.0,0.00010416666666666667,6
old_CE2,4657,194.04166666666666,0.009370039682539683,6
old_CE2,4658,194.08333333333334,7.44047619047619e-05,4
old_CE2,4659,194.125,6.944444444444444e-05,4
old_CE2,4660,194.16666666666666,0.00010912698412698413,5
old_CE2,4661,194.20833333333334,0.0022172619047619046,5
old_CE2,4662,194.25,0.0004067460317460318,5
old_CE2,4663,194.29166666666666,6.448412698412698e-05,4
old_CE2,4664,194.33333333333334,5.952380952380953e-05,4
old_CE2,4665,194.375,6.944444444444444e-05,4
old_CE2,4666,194.41666666666666,5.952380952380953e-05,4
old_CE2,4667,194.45833333333334,6.448412698412698e-05,4
old_CE2,4668,194.5,6.944444444444444e-05,4
old_CE2,4669,194.54166666666666,6.944444444444444e-05,4
old_CE2,4670,194.58333333333334,6.944444444444444e-05,4
old_CE2,4671,194.625,6.944444444444444e-05,4
old_CE2,4672,194.66666666666666,6.448412698412698e-05,4
old_CE2,4673,194.70833333333334,6.448412698412698e-05,4
old_CE2,4674,194.75,7.44047619047619e-05,4
old_CE2,4675,194.79166666666666,6.448412698412698e-05,4
old_CE2,4676,194.83333333333334,0.008020833333333333,11
old_CE2,4677,194.875,0.16696924603174604,13
old_CE2,4678,194.91666666666666,0.41466269841269837,24
old_CE2,4679,194.95833333333334,0.6517361111111111,7
old_CE2,4680,195.0,0.7284623015873015,11
old_CE2,4681,195.04166666666666,0.7410466269841269,11
old_CE2,4682,195.08333333333334,0.7006994047619048,15
old_CE2,4683,195.125,0.5563789682539683,5
old_CE2,4684,195.16666666666666,0.39526785714285717,5
old_CE2,4685,195.20833333333334,0.34219742063492065,5
old_CE2,4686,195.25,0.24070436507936507,5
old_CE2,4687,195.29166666666666,0.06146329365079365,4
old_CE2,4688,195.33333333333334,0.02319940476190476,5
old_CE2,4689,195.375,0.0029216269841269844,6
old_CE2,4690,195.41666666666666,3.472222222222222e-05,2
old_CE2,4691,195.45833333333334,0.0,0
old_CE2,4692,195.5,0.0,0
old_CE2,4693,195.54166666666666,0.0,0
old_CE2,4694,195.58333333333334,0.0,0
old_CE2,4695,195.625,0.0,0
old_CE2,4696,195.66666666666666,9.92063492063492e-06,1
old_CE2,4697,195.70833333333334,0.1289781746031746,35
old_CE2,4698,195.75,0.7304761904761905,20
old_CE2,4699,195.79166666666666,0.8654464285714286,15
old_CE2,4700,195.83333333333334,0.8929265873015872,10
old_CE2,4701,195.875,0.892876984126984,3
old_CE2,4702,195.91666666666666,0.8272569444444444,22
old_CE2,4703,195.95833333333334,0.6320486111111111,10
old_CE2,4704,196.0,0.5266418650793651,5
old_CE2,4705,196.04166666666666,0.5000694444444445,4
old_CE2,4706,196.08333333333334,0.4344146825396825,4
old_CE2,4707,196.125,0.21002480158730158,4
old_CE2,4708,196.16666666666666,0.05499503968253968,4
old_CE2,4709,196.20833333333334,0.003774801587301587,5
old_CE2,4710,196.25,6.944444444444444e-05,4
old_CE2,4711,196.29166666666666,8.928571428571429e-05,5
old_CE2,4712,196.33333333333334,0.06442460317460318,26
old_CE2,4713,196.375,0.37411706349206353,5
old_CE2,4714,196.41666666666666,0.3750694444444444,5
old_CE2,4715,196.45833333333334,0.375421626984127,12
old_CE2,4716,196.5,0.35665178571428574,16
old_CE2,4717,196.54166666666666,0.23038194444444443,7
old_CE2,4718,196.58333333333334,0.022807539682539683,24
old_CE2,4719,196.625,0.09334821428571428,38
old_CE2,4720,196.66666666666666,0.013521825396825397,42
old_CE2,4721,196.70833333333334,0.006587301587301587,37
old_CE2,4722,196.75,0.021527777777777778,24
old_CE2,4723,196.79166666666666,0.019766865079365082,23
old_CE2,4724,196.83333333333334,0.020416666666666666,34
old_CE2,4725,196.875,0.028913690476190475,37
old_CE2,4726,196.91666666666666,0.03677083333333333,41
old_CE2,4727,196.95833333333334,0.061582341269841266,42
old_CE2,4728,197.0,0.05700396825396825,35
old_CE2,4729,197.04166666666666,0.062033730158730156,28
old_CE2,4730,197.08333333333334,0.04065476190476191,30
old_CE2,4731,197.125,0.026215277777777775,22
old_CE2,4732,197.16666666666666,0.003908730158730158,38
old_CE2,4733,197.20833333333334,0.008095238095238095,39
old_CE2,4734,197.25,0.003204365079365079,28
old_CE2,4735,197.29166666666666,0.00189484126984127,30
old_CE2,4736,197.33333333333334,0.0034722222222222225,45
old_CE2,4737,197.375,0.0032390873015873014,33
old_CE2,4738,197.41666666666666,0.0033184523809523807,40
old_CE2,4739,197.45833333333334,0.0018253968253968255,32
old_CE2,4740,197.5,0.0022569444444444442,30
old_CE2,4741,197.54166666666666,0.00034722222222222224,13
old_CE2,4742,197.58333333333334,9.424603174603175e-05,5
old_CE2,4743,197.625,6.944444444444444e-05,4
old_CE2,4744,197.66666666666666,6.944444444444444e-05,4
old_CE2,4745,197.70833333333334,0.022812500000000003,9
old_CE2,4746,197.75,0.03566468253968254,4
old_CE2,4747,197.79166666666666,0.026378968253968255,39
old_CE2,4748,197.83333333333334,0.026413690476190476,35
old_CE2,4749,197.875,0.014632936507936508,64
old_CE2,4750,197.91666666666666,0.007921626984126984,61
old_CE2,4751,197.95833333333334,0.003993055555555556,10
old_CE2,4752,198.0,8.432539682539683e-05,5
old_CE2,4753,198.04166666666666,0.011726190476190475,7
old_CE2,4754,198.08333333333334,6.944444444444444e-05,4
old_CE2,4755,198.125,7.44047619047619e-05,4
old_CE2,4756,198.16666666666666,0.00016865079365079366,7
old_CE2,4757,198.20833333333334,0.0034623015873015872,5
old_CE2,4758,198.25,0.00039186507936507937,5
old_CE2,4759,198.29166666666666,0.00011904761904761906,7
old_CE2,4760,198.33333333333334,6.448412698412698e-05,4
old_CE2,4761,198.375,0.00018353174603174602,6
old_CE2,4762,198.41666666666666,6.944444444444444e-05,4
old_CE2,4763,198.45833333333334,0.003908730158730158,10
old_CE2,4764,198.5,0.017946428571428568,4
old_CE2,4765,198.54166666666666,0.018933531746031747,20
old_CE2,4766,198.58333333333334,0.024796626984126983,66
old_CE2,4767,198.625,0.23337797619047618,103
old_CE2,4768,198.66666666666666,0.23956349206349206,75
old_CE2,4769,198.70833333333334,0.23662698412698413,97
old_CE2,4770,198.75,0.21696924603174603,82
old_CE2,4771,198.79166666666666,0.22242063492063494,121
old_CE2,4772,198.83333333333334,0.2305952380952381,100
old_CE2,4773,198.875,0.2503422619047619,143
old_CE2,4774,198.91666666666666,0.24140376984126985,156
old_CE2,4775,198.95833333333334,0.2141170634920635,121
old_CE2,4776,199.0,0.2125892857142857,130
old_CE2,4777,199.04166666666666,0.21521329365079364,150
old_CE2,4778,199.08333333333334,0.17878472222222222,106
old_CE2,4779,199.125,0.13230654761904762,83
old_CE2,4780,199.16666666666666,0.06259424603174603,66
old_CE2,4781,199.20833333333334,0.06874007936507937,93
old_CE2,4782,199.25,0.07055059523809523,113
old_CE2,4783,199.29166666666666,0.04867063492063493,82
old_CE2,4784,199.33333333333334,0.02148313492063492,107
old_CE2,4785,199.375,0.021344246031746034,106
old_CE2,4786,199.41666666666666,0.013581349206349206,113
old_CE2,4787,199.45833333333334,0.021101190476190475,127
old_CE2,4788,199.5,0.016413690476190478,98
old_CE2,4789,199.54166666666666,0.019221230158730156,111
old_CE2,4790,199.58333333333334,0.012356150793650794,103
old_CE2,4791,199.625,0.013467261904761904,82
old_CE2,4792,199.66666666666666,0.0712202380952381,100
old_CE2,4793,199.70833333333334,0.03675099206349207,74
old_CE2,4794,199.75,0.03602678571428571,109
old_CE2,4795,199.79166666666666,0.03992559523809524,90
old_CE2,4796,199.83333333333334,0.019851190476190474,96
old_CE2,4797,199.875,0.011284722222222222,86
old_CE2,4798,199.91666666666666,0.016790674603174603,104
old_CE2,4799,199.95833333333334,0.01587797619047619,102
old_CE2,4800,200.0,0.013080357142857144,101
old_CE2,4801,200.04166666666666,0.01714781746031746,104
old_CE2,4802,200.08333333333334,0.015600198412698413,107
old_CE2,4803,200.125,0.014781746031746031,90
old_CE2,4804,200.16666666666666,0.006438492063492064,42
old_CE2,4805,200.20833333333334,0.0018303571428571427,6
old_CE2,4806,200.25,0.00011904761904761906,2
old_CE2,4807,200.29166666666666,0.000496031746031746,3
old_CE2,4808,200.33333333333334,0.00011904761904761906,2
old_CE2,4809,200.375,0.00011904761904761906,2
old_CE2,4810,200.41666666666666,0.0006299603174603174,12
old_CE2,4811,200.45833333333334,5.4563492063492063e-05,1
old_CE2,4812,200.5,0.0001884920634920635,3
old_CE2,4813,200.54166666666666,5.952380952380953e-05,1
old_CE2,4814,200.58333333333334,5.952380952380953e-05,1
old_CE2,4815,200.625,0.00011904761904761906,2
old_CE2,4816,200.66666666666666,0.00011904761904761906,2
old_CE2,4817,200.70833333333334,5.952380952380953e-05,1
old_CE2,4818,200.75,7.936507936507937e-05,1
old_CE2,4819,200.79166666666666,0.0001140873015873016,2
old_CE2,4820,200.83333333333334,0.00023313492063492064,4
old_CE2,4821,200.875,5.952380952380953e-05,1
old_CE2,4822,200.91666666666666,0.0001140873015873016,2
old_CE2,4823,200.95833333333334,0.00010912698412698413,2
old_CE2,4824,201.0,0.00011904761904761906,2
old_CE2,4825,201.04166666666666,0.010828373015873015,5
old_CE2,4826,201.08333333333334,0.0,0
old_CE2,4827,201.125,5.952380952380953e-05,1
old_CE2,4828,201.16666666666666,0.0002976190476190476,5
old_CE2,4829,201.20833333333334,0.0024404761904761904,2
old_CE2,4830,201.25,0.00017857142857142857,3
old_CE2,4831,201.29166666666666,0.0003323412698412698,1
old_CE2,4832,201.33333333333334,0.0,0
old_CE2,4833,201.375,9.92063492063492e-06,1
old_CE2,4834,201.41666666666666,0.0032936507936507935,25
old_CE2,4835,201.45833333333334,0.007643849206349207,71
old_CE2,4836,201.5,0.02353670634920635,58
old_CE2,4837,201.54166666666666,0.028110119047619047,64
old_CE2,4838,201.58333333333334,0.03614087301587302,54
old_CE2,4839,201.625,0.023288690476190477,65
old_CE2,4840,201.66666666666666,0.01878472222222222,3
old_CE2,4841,201.70833333333334,0.021106150793650795,2
old_CE2,4842,201.75,0.017976190476190475,2
old_CE2,4843,201.79166666666666,0.017976190476190475,2
old_CE2,4844,201.83333333333334,0.018020833333333337,3
old_CE2,4845,201.875,0.017916666666666668,1
old_CE2,4846,201.91666666666666,0.017916666666666668,1
old_CE2,4847,201.95833333333334,0.017857142857142856,0
old_CE2,4848,202.0,0.018000992063492063,4
old_CE2,4849,202.04166666666666,0.03498511904761905,6
old_CE2,4850,202.08333333333334,0.017986111111111112,2
old_CE2,4851,202.125,0.017916666666666668,1
old_CE2,4852,202.16666666666666,0.017857142857142856,0
old_CE2,4853,202.20833333333334,0.021130952380952382,2
old_CE2,4854,202.25,0.017971230158730162,2
old_CE2,4855,202.29166666666666,0.017916666666666668,1
old_CE2,4856,202.33333333333334,0.01791170634920635,1
old_CE2,4857,202.375,0.018586309523809522,15
old_CE2,4858,202.41666666666666,0.01790674603174603,1
old_CE2,4859,202.45833333333334,0.017976190476190475,1
old_CE2,4860,202.5,0.018209325396825397,7
old_CE2,4861,202.54166666666666,0.01790674603174603,1
old_CE2,4862,202.58333333333334,0.01900793650793651,3
old_CE2,4863,202.625,0.375327380952381,40
old_CE2,4864,202.66666666666666,0.6283829365079365,22
old_CE2,4865,202.70833333333334,0.8069345238095238,22
old_CE2,4866,202.75,0.8538343253968254,9
old_CE2,4867,202.79166666666666,0.8521974206349207,22
old_CE2,4868,202.83333333333334,0.8527529761904763,11
old_CE2,4869,202.875,0.8550644841269841,4
old_CE2,4870,202.91666666666666,0.8403075396825397,17
old_CE2,4871,202.95833333333334,0.7681547619047618,53
old_CE2,4872,203.0,0.5981845238095238,55
old_CE2,4873,203.04166666666666,0.30864583333333334,53
old_CE2,4874,203.08333333333334,0.16715277777777776,33
old_CE2,4875,203.125,0.09618055555555556,35
old_CE2,4876,203.16666666666666,0.04559027777777778,18
old_CE2,4877,203.20833333333334,0.039766865079365075,60
old_CE2,4878,203.25,0.038794642857142854,58
old_CE2,4879,203.29166666666666,0.03850694444444445,55
old_CE2,4880,203.33333333333334,0.03861607142857143,52
old_CE2,4881,203.375,0.04020833333333333,74
old_CE2,4882,203.41666666666666,0.04427579365079365,51
old_CE2,4883,203.45833333333334,0.055525793650793645,12
old_CE2,4884,203.5,0.056989087301587305,16
old_CE2,4885,203.54166666666666,0.05575396825396826,10
old_CE2,4886,203.58333333333334,0.054742063492063495,7
old_CE2,4887,203.625,0.05493055555555555,7
old_CE2,4888,203.66666666666666,0.05574900793650794,8
old_CE2,4889,203.70833333333334,0.07223214285714286,50
old_CE2,4890,203.75,0.13315476190476191,102
old_CE2,4891,203.79166666666666,0.15062996031746032,70
old_CE2,4892,203.83333333333334,0.11460813492063492,64
old_CE2,4893,203.875,0.1370436507936508,100
old_CE2,4894,203.91666666666666,0.1409077380952381,106
old_CE2,4895,203.95833333333334,0.11364087301587301,64
old_CE2,4896,204.0,0.08708829365079365,56
old_CE2,4897,204.04166666666666,0.1298561507936508,45
old_CE2,4898,204.08333333333334,0.11001488095238096,53
old_CE2,4899,204.125,0.11198412698412698,60
old_CE2,4900,204.16666666666666,0.11106150793650793,45
old_CE2,4901,204.20833333333334,0.11106646825396825,41
old_CE2,4902,204.25,0.09517857142857143,55
old_CE2,4903,204.29166666666666,0.08545634920634922,54
old_CE2,4904,204.33333333333334,0.12785218253968253,55
old_CE2,4905,204.375,0.11938988095238094,54
old_CE2,4906,204.41666666666666,0.11227182539682538,45
old_CE2,4907,204.45833333333334,0.12564484126984127,26
old_CE2,4908,204.5,0.11226190476190477,46
old_CE2,4909,204.54166666666666,0.10987599206349206,44
old_CE2,4910,204.58333333333334,0.11465277777777778,54
old_CE2,4911,204.625,0.12478670634920634,87
old_CE2,4912,204.66666666666666,0.11491071428571428,56
old_CE2,4913,204.70833333333334,0.11416666666666667,65
old_CE2,4914,204.75,0.12316468253968253,99
old_CE2,4915,204.79166666666666,0.11892361111111112,125
old_CE2,4916,204.83333333333334,0.12297619047619048,104
old_CE2,4917,204.875,0.10909722222222222,70
old_CE2,4918,204.91666666666666,0.09584325396825397,96
old_CE2,4919,204.95833333333334,0.10521329365079365,91
old_CE2,4920,205.0,0.09415674603174604,89
old_CE2,4921,205.04166666666666,0.07631448412698413,105
old_CE2,4922,205.08333333333334,0.057197420634920636,65
old_CE2,4923,205.125,0.05678075396825397,54
old_CE2,4924,205.16666666666666,0.05848710317460317,66
old_CE2,4925,205.20833333333334,0.0600843253968254,45
old_CE2,4926,205.25,0.059097222222222225,54
old_CE2,4927,205.29166666666666,0.05561507936507937,60
old_CE2,4928,205.33333333333334,0.039290674603174605,63
old_CE2,4929,205.375,0.03906746031746032,64
old_CE2,4930,205.41666666666666,0.03934523809523809,69
old_CE2,4931,205.45833333333334,0.02429563492063492,94
old_CE2,4932,205.5,0.02257936507936508,88
old_CE2,4933,205.54166666666666,0.022981150793650793,95
old_CE2,4934,205.58333333333334,0.02395833333333333,49
old_CE2,4935,205.625,0.017857142857142856,0
old_CE2,4936,205.66666666666666,0.021289682539682542,4
old_CE2,4937,205.70833333333334,0.30680555555555555,33
old_CE2,4938,205.75,0.7985615079365079,87
old_CE2,4939,205.79166666666666,0.8960069444444444,67
old_CE2,4940,205.83333333333334,0.8824851190476191,63
old_CE2,4941,205.875,0.879171626984127,71
old_CE2,4942,205.91666666666666,0.8467609126984127,68
old_CE2,4943,205.95833333333334,0.7239781746031746,21
old_CE2,4944,206.0,0.1727331349206349,0
old_CE2,4945,206.04166666666666,0.08617063492063493,0
old_CE2,4946,206.08333333333334,0.061865079365079366,0
old_CE2,4947,206.125,0.05357142857142857,0
old_CE2,4948,206.16666666666666,0.03833333333333333,0
old_CE2,4949,206.20833333333334,0.020128968253968253,1
old_CE2,4950,206.25,0.017961309523809525,1
old_CE2,4951,206.29166666666666,0.017857142857142856,0
old_CE2,4952,206.33333333333334,0.017857142857142856,0
old_CE2,4953,206.375,0.017857142857142856,0
old_CE2,4954,206.41666666666666,0.017857142857142856,0
old_CE2,4955,206.45833333333334,0.017857142857142856,0
old_CE2,4956,206.5,0.017857142857142856,0
old_CE2,4957,206.54166666666666,0.017857142857142856,0
old_CE2,4958,206.58333333333334,0.017857142857142856,0
old_CE2,4959,206.625,0.017857142857142856,0
old_CE2,4960,206.66666666666666,0.017857142857142856,0
old_CE2,4961,206.70833333333334,0.017857142857142856,0
old_CE2,4962,206.75,0.017857142857142856,0
old_CE2,4963,206.79166666666666,0.017857142857142856,0
old_CE2,4964,206.83333333333334,0.017857142857142856,0
old_CE2,4965,206.875,0.017857142857142856,0
old_CE2,4966,206.91666666666666,0.017857142857142856,0
old_CE2,4967,206.95833333333334,0.017857142857142856,0
old_CE2,4968,207.0,0.017857142857142856,0
old_CE2,4969,207.04166666666666,0.017857142857142856,0
old_CE2,4970,207.08333333333334,0.017857142857142856,0
old_CE2,4971,207.125,0.017857142857142856,0
old_CE2,4972,207.16666666666666,0.017857142857142856,0
old_CE2,4973,207.20833333333334,0.02284722222222222,1
old_CE2,4974,207.25,0.017956349206349205,1
old_CE2,4975,207.29166666666666,0.016765873015873015,0
old_CE2,4976,207.33333333333334,0.0,0
old_CE2,4977,207.375,0.0,0
old_CE2,4978,207.41666666666666,0.0,0
old_CE2,4979,207.45833333333334,0.0,0
old_CE2,4980,207.5,0.0,0
old_CE2,4981,207.54166666666666,0.0,0
old_CE2,4982,207.58333333333334,0.0,0
old_CE2,4983,207.625,0.0,0
old_CE2,4984,207.66666666666666,0.0,0
old_CE2,4985,207.70833333333334,0.0,0
old_CE2,4986,207.75,0.0,0
old_CE2,4987,207.79166666666666,0.0,0
old_CE2,4988,207.83333333333334,0.0,0
old_CE2,4989,207.875,0.0,0
old_CE2,4990,207.91666666666666,0.0,0
old_CE2,4991,207.95833333333334,0.0,0
old_CE2,4992,208.0,0.0,1
old_CE2,4993,208.04166666666666,0.0,0
old_CE2,4994,208.08333333333334,0.0,0
old_CE2,4995,208.125,0.0,0
old_CE2,4996,208.16666666666666,0.0,0
old_CE2,4997,208.20833333333334,0.0,1
old_CE2,4998,208.25,0.0,0
old_CE2,4999,208.29166666666666,0.0,1
old_CE2,5000,208.33333333333334,0.0,0
old_CE2,5001,208.375,0.0,0
old_CE2,5002,208.41666666666666,0.0,0
old_CE2,5003,208.45833333333334,8.928571428571429e-05,4
old_CE2,5004,208.5,8.432539682539683e-05,4
old_CE2,5005,208.54166666666666,8.928571428571429e-05,4
old_CE2,5006,208.58333333333334,0.3904910714285714,65
old_CE2,5007,208.625,0.6568799603174603,53
old_CE2,5008,208.66666666666666,0.8863144841269841,63
old_CE2,5009,208.70833333333334,0.8940228174603175,53
old_CE2,5010,208.75,0.7134077380952382,59
old_CE2,5011,208.79166666666666,0.5776835317460317,50
old_CE2,5012,208.83333333333334,0.6298313492063492,28
old_CE2,5013,208.875,0.14861607142857142,6
old_CE2,5014,208.91666666666666,0.03878472222222222,4
old_CE2,5015,208.95833333333334,0.001959325396825397,4
old_CE2,5016,209.0,0.00010912698412698413,5
old_CE2,5017,209.04166666666666,0.012212301587301588,7
old_CE2,5018,209.08333333333334,7.936507936507937e-05,4
old_CE2,5019,209.125,0.00015376984126984128,4
old_CE2,5020,209.16666666666666,0.00013392857142857144,4
old_CE2,5021,209.20833333333334,0.0001240079365079365,4
old_CE2,5022,209.25,0.0001240079365079365,4
old_CE2,5023,209.29166666666666,0.00045138888888888887,5
old_CE2,5024,209.33333333333334,0.012232142857142858,5
old_CE2,5025,209.375,0.0055307539682539686,4
old_CE2,5026,209.41666666666666,0.00013392857142857144,4
old_CE2,5027,209.45833333333334,0.00013392857142857144,4
old_CE2,5028,209.5,0.0001388888888888889,4
old_CE2,5029,209.54166666666666,0.00017361111111111112,4
old_CE2,5030,209.58333333333334,9.92063492063492e-05,4
old_CE2,5031,209.625,0.00011904761904761906,4
old_CE2,5032,209.66666666666666,0.00013392857142857144,5
old_CE2,5033,209.70833333333334,0.0005952380952380952,6
old_CE2,5034,209.75,0.0001140873015873016,4
old_CE2,5035,209.79166666666666,0.00016369047619047618,4
old_CE2,5036,209.83333333333334,0.0001240079365079365,4
old_CE2,5037,209.875,0.00010416666666666667,4
old_CE2,5038,209.91666666666666,0.00011904761904761906,4
old_CE2,5039,209.95833333333334,4.96031746031746e-05,3
old_CE2,5040,210.0,0.0012152777777777776,6
old_CE2,5041,210.04166666666666,0.01712797619047619,2
old_CE2,5042,210.08333333333334,1.984126984126984e-05,2
old_CE2,5043,210.125,1.984126984126984e-05,2
old_CE2,5044,210.16666666666666,1.984126984126984e-05,2
old_CE2,5045,210.20833333333334,1.984126984126984e-05,2
old_CE2,5046,210.25,1.984126984126984e-05,2
old_CE2,5047,210.29166666666666,1.984126984126984e-05,2
old_CE2,5048,210.33333333333334,5.4563492063492063e-05,5
old_CE2,5049,210.375,0.0022569444444444442,7
old_CE2,5050,210.41666666666666,0.004489087301587301,6
old_CE2,5051,210.45833333333334,0.055982142857142855,13
old_CE2,5052,210.5,0.02564484126984127,10
old_CE2,5053,210.54166666666666,0.04046626984126984,18
old_CE2,5054,210.58333333333334,0.4839434523809524,51
old_CE2,5055,210.625,0.8577628968253969,30
old_CE2,5056,210.66666666666666,0.9237103174603174,20
old_CE2,5057,210.70833333333334,0.9284672619047619,16
old_CE2,5058,210.75,0.927906746031746,10
old_CE2,5059,210.79166666666666,0.9284375,13
old_CE2,5060,210.83333333333334,0.5817609126984127,39
old_CE2,5061,210.875,0.6966269841269842,51
old_CE2,5062,210.91666666666666,0.6802182539682539,53
old_CE2,5063,210.95833333333334,0.827609126984127,54
old_CE2,5064,211.0,0.8610714285714286,51
old_CE2,5065,211.04166666666666,0.8484970238095239,63
old_CE2,5066,211.08333333333334,0.4189583333333333,3
old_CE2,5067,211.125,0.1586904761904762,2
old_CE2,5068,211.16666666666666,0.13499999999999998,2
old_CE2,5069,211.20833333333334,0.11080357142857143,3
old_CE2,5070,211.25,0.047366071428571424,2
old_CE2,5071,211.29166666666666,0.006686507936507937,2
old_CE2,5072,211.33333333333334,0.0005803571428571429,14
old_CE2,5073,211.375,1.984126984126984e-05,2
old_CE2,5074,211.41666666666666,1.984126984126984e-05,2
old_CE2,5075,211.45833333333334,1.984126984126984e-05,2
old_CE2,5076,211.5,8.432539682539683e-05,6
old_CE2,5077,211.54166666666666,0.008343253968253968,11
old_CE2,5078,211.58333333333334,0.05896825396825397,36
old_CE2,5079,211.625,0.25026785714285715,4
old_CE2,5080,211.66666666666666,0.5023015873015872,33
old_CE2,5081,211.70833333333334,0.8096626984126984,6
old_CE2,5082,211.75,0.8750297619047619,2
old_CE2,5083,211.79166666666666,0.8750297619047619,2
old_CE2,5084,211.83333333333334,0.8750248015873016,2
old_CE2,5085,211.875,0.8750248015873016,2
old_CE2,5086,211.91666666666666,0.8750198412698412,10
old_CE2,5087,211.95833333333334,0.8749851190476191,2
old_CE2,5088,212.0,0.8305406746031746,12
old_CE2,5089,212.04166666666666,0.7911061507936508,9
old_CE2,5090,212.08333333333334,0.8271031746031746,17
old_CE2,5091,212.125,0.7978125,9
old_CE2,5092,212.16666666666666,0.8147321428571429,6
old_CE2,5093,212.20833333333334,0.8473561507936508,4
old_CE2,5094,212.25,0.857266865079365,3
old_CE2,5095,212.29166666666666,0.8571626984126983,2
old_CE2,5096,212.33333333333334,0.8571626984126983,2
old_CE2,5097,212.375,0.857172619047619,4
old_CE2,5098,212.41666666666666,0.7991121031746031,12
old_CE2,5099,212.45833333333334,0.824935515873016,24
old_CE2,5100,212.5,0.7987301587301587,20
old_CE2,5101,212.54166666666666,0.846235119047619,10
old_CE2,5102,212.58333333333334,0.827609126984127,7
old_CE2,5103,212.625,0.9121775793650794,164
old_CE2,5104,212.66666666666666,0.9991071428571429,4
old_CE2,5105,212.70833333333334,0.9990277777777778,4
old_CE2,5106,212.75,0.9999404761904762,4
old_CE2,5107,212.79166666666666,0.9998660714285714,4
old_CE2,5108,212.83333333333334,0.9997619047619047,4
old_CE2,5109,212.875,0.9977579365079364,4
old_CE2,5110,212.91666666666666,0.9956349206349205,4
old_CE2,5111,212.95833333333334,0.880327380952381,32
old_CE2,5112,213.0,0.8718055555555555,12
old_CE2,5113,213.04166666666666,0.8686855158730158,10
old_CE2,5114,213.08333333333334,0.8306498015873016,4
old_CE2,5115,213.125,0.8031696428571429,4
old_CE2,5116,213.16666666666666,0.7857837301587302,4
old_CE2,5117,213.20833333333334,0.7688839285714285,5
old_CE2,5118,213.25,0.7634970238095239,5
old_CE2,5119,213.29166666666666,0.7320238095238095,4
old_CE2,5120,213.33333333333334,0.725109126984127,21
old_CE2,5121,213.375,0.8259275793650794,15
old_CE2,5122,213.41666666666666,0.8173263888888889,14
old_CE2,5123,213.45833333333334,0.8102083333333334,12
old_CE2,5124,213.5,0.8516121031746032,4
old_CE2,5125,213.54166666666666,0.8441517857142857,6
old_CE2,5126,213.58333333333334,0.8572222222222222,4
old_CE2,5127,213.625,0.8572123015873016,4
old_CE2,5128,213.66666666666666,0.871344246031746,4
old_CE2,5129,213.70833333333334,0.8559573412698412,7
old_CE2,5130,213.75,0.8246279761904762,11
old_CE2,5131,213.79166666666666,0.8543253968253968,9
old_CE2,5132,213.83333333333334,0.8329166666666666,11
old_CE2,5133,213.875,0.8265972222222222,8
old_CE2,5134,213.91666666666666,0.8163343253968254,8
old_CE2,5135,213.95833333333334,0.826031746031746,10
old_CE2,5136,214.0,0.8750297619047619,2
old_CE2,5137,214.04166666666666,0.8596180555555556,2
old_CE2,5138,214.08333333333334,0.8420238095238096,9
old_CE2,5139,214.125,0.8284523809523809,4
old_CE2,5140,214.16666666666666,0.8169890873015874,11
old_CE2,5141,214.20833333333334,0.8255505952380953,8
old_CE2,5142,214.25,0.8328521825396826,9
old_CE2,5143,214.29166666666666,0.8420436507936507,6
old_CE2,5144,214.33333333333334,0.8416121031746032,12
old_CE2,5145,214.375,0.8478521825396825,4
old_CE2,5146,214.41666666666666,0.8432638888888889,5
old_CE2,5147,214.45833333333334,0.8491021825396825,2
old_CE2,5148,214.5,0.8307787698412697,8
old_CE2,5149,214.54166666666666,0.8433680555555556,4
old_CE2,5150,214.58333333333334,0.7992857142857143,10
old_CE2,5151,214.625,0.8232589285714286,9
old_CE2,5152,214.66666666666666,0.8729513888888889,9
old_CE2,5153,214.70833333333334,0.8660416666666667,5
old_CE2,5154,214.75,0.8641517857142856,12
old_CE2,5155,214.79166666666666,0.8578125,5
old_CE2,5156,214.83333333333334,0.8750099206349207,2
old_CE2,5157,214.875,0.8443253968253969,5
old_CE2,5158,214.91666666666666,0.8575446428571428,24
old_CE2,5159,214.95833333333334,0.8568055555555556,11
old_CE2,5160,215.0,0.8470684523809524,17
old_CE2,5161,215.04166666666666,0.8872420634920635,5
old_CE2,5162,215.08333333333334,0.8535962301587301,5
old_CE2,5163,215.125,0.8237500000000001,9
old_CE2,5164,215.16666666666666,0.8517410714285714,7
old_CE2,5165,215.20833333333334,0.8516666666666667,11
old_CE2,5166,215.25,0.8750198412698412,2
old_CE2,5167,215.29166666666666,0.8465029761904762,2
old_CE2,5168,215.33333333333334,0.5162152777777778,7
old_CE2,5169,215.375,1.984126984126984e-05,2
old_CE2,5170,215.41666666666666,1.984126984126984e-05,2
old_CE2,5171,215.45833333333334,0.0002281746031746032,6
old_CE2,5172,215.5,0.00013392857142857144,3
old_CE2,5173,215.54166666666666,9.424603174603175e-05,3
old_CE2,5174,215.58333333333334,0.00017857142857142857,5
old_CE2,5175,215.625,0.0704563492063492,8
old_CE2,5176,215.66666666666666,0.08878472222222222,5
old_CE2,5177,215.70833333333334,0.02186011904761905,2
old_CE2,5178,215.75,0.017876984126984127,2
old_CE2,5179,215.79166666666666,0.013120039682539683,28
old_CE2,5180,215.83333333333334,0.001056547619047619,13
old_CE2,5181,215.875,1.984126984126984e-05,2
old_CE2,5182,215.91666666666666,1.984126984126984e-05,2
old_CE2,5183,215.95833333333334,1.984126984126984e-05,2
old_CE2,5184,216.0,0.0005605158730158731,8
old_CE2,5185,216.04166666666666,0.010634920634920634,4
old_CE2,5186,216.08333333333334,7.44047619047619e-05,4
old_CE2,5187,216.125,7.44047619047619e-05,4
old_CE2,5188,216.16666666666666,7.44047619047619e-05,4
old_CE2,5189,216.20833333333334,0.0015476190476190477,5
old_CE2,5190,216.25,0.00016865079365079366,5
old_CE2,5191,216.29166666666666,6.944444444444444e-05,4
old_CE2,5192,216.33333333333334,6.944444444444444e-05,4
old_CE2,5193,216.375,0.00017361111111111112,5
old_CE2,5194,216.41666666666666,5.952380952380953e-05,4
old_CE2,5195,216.45833333333334,6.944444444444444e-05,4
old_CE2,5196,216.5,6.944444444444444e-05,4
old_CE2,5197,216.54166666666666,0.0002976190476190476,6
old_CE2,5198,216.58333333333334,0.2987896825396826,42
old_CE2,5199,216.625,0.7880555555555555,30
old_CE2,5200,216.66666666666666,0.8802678571428572,10
old_CE2,5201,216.70833333333334,0.8737301587301588,4
old_CE2,5202,216.75,0.8572123015873016,4
old_CE2,5203,216.79166666666666,0.8572123015873016,4
old_CE2,5204,216.83333333333334,0.8572222222222222,4
old_CE2,5205,216.875,0.8572023809523809,4
old_CE2,5206,216.91666666666666,0.8543452380952381,7
old_CE2,5207,216.95833333333334,0.8367311507936508,26
old_CE2,5208,217.0,0.847906746031746,19
old_CE2,5209,217.04166666666666,0.859920634920635,22
old_CE2,5210,217.08333333333334,0.8426884920634921,4
old_CE2,5211,217.125,0.8393750000000001,4
old_CE2,5212,217.16666666666666,0.8410714285714286,5
old_CE2,5213,217.20833333333334,0.8466021825396826,5
old_CE2,5214,217.25,0.8370238095238095,5
old_CE2,5215,217.29166666666666,0.8082192460317461,6
old_CE2,5216,217.33333333333334,0.727172619047619,10
old_CE2,5217,217.375,0.5401785714285714,6
old_CE2,5218,217.41666666666666,0.3231646825396825,8
old_CE2,5219,217.45833333333334,0.12411210317460318,35
old_CE2,5220,217.5,0.08646329365079365,34
old_CE2,5221,217.54166666666666,0.014538690476190478,28
old_CE2,5222,217.58333333333334,0.533139880952381,40
old_CE2,5223,217.625,0.8135912698412698,11
old_CE2,5224,217.66666666666666,0.8214285714285714,4
old_CE2,5225,217.70833333333334,0.8647470238095238,15
old_CE2,5226,217.75,0.8867559523809524,16
old_CE2,5227,217.79166666666666,0.9273115079365079,33
old_CE2,5228,217.83333333333334,0.8902876984126984,13
old_CE2,5229,217.875,0.8474950396825397,5
old_CE2,5230,217.91666666666666,0.8742311507936508,16
old_CE2,5231,217.95833333333334,0.8202083333333333,12
old_CE2,5232,218.0,0.8567460317460317,24
old_CE2,5233,218.04166666666666,0.8582787698412698,14
old_CE2,5234,218.08333333333334,0.8401488095238095,7
old_CE2,5235,218.125,0.8723511904761905,6
old_CE2,5236,218.16666666666666,0.8750744047619048,4
old_CE2,5237,218.20833333333334,0.8748759920634921,4
old_CE2,5238,218.25,0.8588740079365079,10
old_CE2,5239,218.29166666666666,0.8750595238095238,11
old_CE2,5240,218.33333333333334,0.850858134920635,5
old_CE2,5241,218.375,0.781889880952381,12
old_CE2,5242,218.41666666666666,0.7828125,19
old_CE2,5243,218.45833333333334,0.7703769841269841,14
old_CE2,5244,218.5,0.7839037698412697,4
old_CE2,5245,218.54166666666666,0.7800595238095237,11
old_CE2,5246,218.58333333333334,0.8666021825396825,9
old_CE2,5247,218.625,0.868998015873016,6
old_CE2,5248,218.66666666666666,0.8464632936507936,31
old_CE2,5249,218.70833333333334,0.8767460317460317,10
old_CE2,5250,218.75,0.8750347222222222,4
old_CE2,5251,218.79166666666666,0.8345585317460317,6
old_CE2,5252,218.83333333333334,0.7780803571428571,14
old_CE2,5253,218.875,0.7803720238095239,15
old_CE2,5254,218.91666666666666,0.7758878968253968,6
old_CE2,5255,218.95833333333334,0.7929315476190476,10
old_CE2,5256,219.0,0.793139880952381,11
old_CE2,5257,219.04166666666666,0.8014583333333334,5
old_CE2,5258,219.08333333333334,0.7351587301587301,7
old_CE2,5259,219.125,0.7379563492063491,4
old_CE2,5260,219.16666666666666,0.721656746031746,9
old_CE2,5261,219.20833333333334,0.7441964285714285,7
old_CE2,5262,219.25,0.7140128968253968,10
old_CE2,5263,219.29166666666666,0.7112896825396825,14
old_CE2,5264,219.33333333333334,0.7006299603174603,13
old_CE2,5265,219.375,0.749360119047619,17
old_CE2,5266,219.41666666666666,0.8253472222222221,28
old_CE2,5267,219.45833333333334,0.8606696428571429,9
old_CE2,5268,219.5,0.8750744047619048,6
old_CE2,5269,219.54166666666666,0.8710119047619047,18
old_CE2,5270,219.58333333333334,0.8750446428571428,16
old_CE2,5271,219.625,0.8643998015873017,31
old_CE2,5272,219.66666666666666,0.8770783730158731,29
old_CE2,5273,219.70833333333334,0.8712599206349206,4
old_CE2,5274,219.75,0.8607291666666667,21
old_CE2,5275,219.79166666666666,0.8750099206349207,12
old_CE2,5276,219.83333333333334,0.8750347222222222,13
old_CE2,5277,219.875,0.875,25
old_CE2,5278,219.91666666666666,0.8750843253968253,12
old_CE2,5279,219.95833333333334,0.875094246031746,4
old_CE2,5280,220.0,0.8744196428571429,9
old_CE2,5281,220.04166666666666,0.8750198412698412,25
old_CE2,5282,220.08333333333334,0.8749603174603174,4
old_CE2,5283,220.125,0.87375,15
old_CE2,5284,220.16666666666666,0.8750297619047619,8
old_CE2,5285,220.20833333333334,0.863998015873016,13
old_CE2,5286,220.25,0.8686755952380952,6
old_CE2,5287,220.29166666666666,0.8514880952380952,11
old_CE2,5288,220.33333333333334,0.8750496031746032,6
old_CE2,5289,220.375,0.8707390873015873,4
old_CE2,5290,220.41666666666666,0.8599255952380952,9
old_CE2,5291,220.45833333333334,0.8652529761904761,12
old_CE2,5292,220.5,0.874454365079365,4
old_CE2,5293,220.54166666666666,0.8523263888888889,9
old_CE2,5294,220.58333333333334,0.841686507936508,10
old_CE2,5295,220.625,0.849811507936508,20
old_CE2,5296,220.66666666666666,0.8637202380952381,8
old_CE2,5297,220.70833333333334,0.8659771825396826,8
old_CE2,5298,220.75,0.8728621031746032,4
old_CE2,5299,220.79166666666666,0.8647321428571428,13
old_CE2,5300,220.83333333333334,0.8720436507936508,4
old_CE2,5301,220.875,0.8598561507936509,15
old_CE2,5302,220.91666666666666,0.8750545634920635,4
old_CE2,5303,220.95833333333334,0.8713640873015873,9
old_CE2,5304,221.0,0.8694295634920636,8
old_CE2,5305,221.04166666666666,0.871155753968254,13
old_CE2,5306,221.08333333333334,0.8672519841269841,9
old_CE2,5307,221.125,0.8674652777777778,17
old_CE2,5308,221.16666666666666,0.8750446428571428,4
old_CE2,5309,221.20833333333334,0.8753670634920635,5
old_CE2,5310,221.25,0.8720882936507935,10
old_CE2,5311,221.29166666666666,0.8686259920634921,13
old_CE2,5312,221.33333333333334,0.8750198412698412,5
old_CE2,5313,221.375,0.8734623015873016,14
old_CE2,5314,221.41666666666666,0.875,5
old_CE2,5315,221.45833333333334,0.8645138888888889,16
old_CE2,5316,221.5,0.8750347222222222,8
old_CE2,5317,221.54166666666666,0.8750446428571428,6
old_CE2,5318,221.58333333333334,0.8665426587301587,4
old_CE2,5319,221.625,0.8490079365079365,8
old_CE2,5320,221.66666666666666,0.8678224206349207,11
old_CE2,5321,221.70833333333334,0.8652628968253968,15
old_CE2,5322,221.75,0.8750148809523809,8
old_CE2,5323,221.79166666666666,0.8719742063492063,9
old_CE2,5324,221.83333333333334,0.8702628968253968,8
old_CE2,5325,221.875,0.8719295634920635,16
old_CE2,5326,221.91666666666666,0.8750198412698412,4
old_CE2,5327,221.95833333333334,0.8431001984126985,9
old_CE2,5328,222.0,0.8722172619047619,8
old_CE2,5329,222.04166666666666,0.8715972222222222,17
old_CE2,5330,222.08333333333334,0.873095238095238,8
old_CE2,5331,222.125,0.8716666666666667,11
old_CE2,5332,222.16666666666666,0.8569246031746032,4
old_CE2,5333,222.20833333333334,0.8440575396825397,18
old_CE2,5334,222.25,0.8750595238095238,7
old_CE2,5335,222.29166666666666,0.8676884920634921,11
old_CE2,5336,222.33333333333334,0.5751041666666666,4
old_CE2,5337,222.375,0.0005109126984126984,12
old_CE2,5338,222.41666666666666,0.0005109126984126984,15
old_CE2,5339,222.45833333333334,0.00033730158730158733,8
old_CE2,5340,222.5,0.0017609126984126984,5
old_CE2,5341,222.54166666666666,7.936507936507937e-05,5
old_CE2,5342,222.58333333333334,0.00016865079365079366,6
old_CE2,5343,222.625,0.0006299603174603174,7
old_CE2,5344,222.66666666666666,0.00013392857142857144,5
old_CE2,5345,222.70833333333334,0.0001488095238095238,5
old_CE2,5346,222.75,6.944444444444444e-05,4
old_CE2,5347,222.79166666666666,0.00033730158730158733,6
old_CE2,5348,222.83333333333334,6.448412698412698e-05,4
old_CE2,5349,222.875,5.952380952380953e-05,4
old_CE2,5350,222.91666666666666,6.944444444444444e-05,4
old_CE2,5351,222.95833333333334,0.00021825396825396825,4
old_CE2,5352,223.0,0.0005654761904761906,8
old_CE2,5353,223.04166666666666,0.010828373015873015,4
old_CE2,5354,223.08333333333334,6.944444444444444e-05,4
old_CE2,5355,223.125,0.0001488095238095238,4
old_CE2,5356,223.16666666666666,6.944444444444444e-05,4
old_CE2,5357,223.20833333333334,0.0006547619047619047,5
old_CE2,5358,223.25,6.944444444444444e-05,4
old_CE2,5359,223.29166666666666,6.448412698412698e-05,4
old_CE2,5360,223.33333333333334,6.944444444444444e-05,4
old_CE2,5361,223.375,0.00025297619047619046,5
old_CE2,5362,223.41666666666666,0.038318452380952384,17
old_CE2,5363,223.45833333333334,0.02794642857142857,15
old_CE2,5364,223.5,0.046036706349206355,63
old_CE2,5365,223.54166666666666,0.026175595238095237,94
old_CE2,5366,223.58333333333334,0.02939980158730159,115
old_CE2,5367,223.625,0.052033730158730154,99
old_CE2,5368,223.66666666666666,0.04400793650793651,149
old_CE2,5369,223.70833333333334,0.027490079365079363,98
old_CE2,5370,223.75,0.14024801587301589,111
old_CE2,5371,223.79166666666666,0.39781746031746035,115
old_CE2,5372,223.83333333333334,0.4933680555555556,93
old_CE2,5373,223.875,0.49396329365079367,115
old_CE2,5374,223.91666666666666,0.49544146825396823,129
old_CE2,5375,223.95833333333334,0.4955009920634921,132
old_CE2,5376,224.0,0.49836309523809524,126
old_CE2,5377,224.04166666666666,0.5045337301587302,134
old_CE2,5378,224.08333333333334,0.4981795634920635,133
old_CE2,5379,224.125,0.4959920634920635,132
old_CE2,5380,224.16666666666666,0.4932390873015873,105
old_CE2,5381,224.20833333333334,0.494499007936508,116
old_CE2,5382,224.25,0.49140873015873016,84
old_CE2,5383,224.29166666666666,0.4963888888888889,88
old_CE2,5384,224.33333333333334,0.5042311507936508,90
old_CE2,5385,224.375,0.4898859126984127,100
old_CE2,5386,224.41666666666666,0.4859077380952381,98
old_CE2,5387,224.45833333333334,0.4912996031746032,90
old_CE2,5388,224.5,0.5175496031746032,151
old_CE2,5389,224.54166666666666,0.5271478174603175,146
old_CE2,5390,224.58333333333334,0.2836855158730159,27
old_CE2,5391,224.625,0.0,0
old_CE2,5392,224.66666666666666,0.0,0
old_CE2,5393,224.70833333333334,0.0,0
old_CE2,5394,224.75,0.0,0
old_CE2,5395,224.79166666666666,0.0,0
old_CE2,5396,224.83333333333334,0.0,0
old_CE2,5397,224.875,0.0,0
old_CE2,5398,224.91666666666666,0.0,0
old_CE2,5399,224.95833333333334,0.0,0
old_CE2,5400,225.0,0.0,0
old_CE2,5401,225.04166666666666,0.0,0
old_CE2,5402,225.08333333333334,0.0,0
old_CE2,5403,225.125,0.0,0
old_CE2,5404,225.16666666666666,0.0,0
old_CE2,5405,225.20833333333334,0.0,0
old_CE2,5406,225.25,0.0,0
old_CE2,5407,225.29166666666666,0.0,0
old_CE2,5408,225.33333333333334,0.0,0
old_CE2,5409,225.375,0.0,0
old_CE2,5410,225.41666666666666,0.0,0
old_CE2,5411,225.45833333333334,0.0,0
old_CE2,5412,225.5,0.0,0
old_CE2,5413,225.54166666666666,0.0,0
old_CE2,5414,225.58333333333334,0.0,0
old_CE2,5415,225.625,0.0,0
old_CE2,5416,225.66666666666666,0.0,0
old_CE2,5417,225.70833333333334,0.0,0
old_CE2,5418,225.75,0.0,0
old_CE2,5419,225.79166666666666,0.0,0
old_CE2,5420,225.83333333333334,0.0,0
old_CE2,5421,225.875,0.0,0
old_CE2,5422,225.91666666666666,0.0,0
old_CE2,5423,225.95833333333334,0.0,0
old_CE2,5424,226.0,0.0,0
old_CE2,5425,226.04166666666666,0.0,0
old_CE2,5426,226.08333333333334,0.0,0
old_CE2,5427,226.125,0.0,0
old_CE2,5428,226.16666666666666,0.0,0
old_CE2,5429,226.20833333333334,0.0,0
old_CE2,5430,226.25,0.0,0
old_CE2,5431,226.29166666666666,0.0,0
old_CE2,5432,226.33333333333334,0.0,0
old_CE2,5433,226.375,0.0,0
old_CE2,5434,226.41666666666666,0.0,0
old_CE2,5435,226.45833333333334,0.0,0
old_CE2,5436,226.5,0.0,0
old_CE2,5437,226.54166666666666,0.0,0
old_CE2,5438,226.58333333333334,0.0,0
old_CE2,5439,226.625,0.0,0
old_CE2,5440,226.66666666666666,0.0,0
old_CE2,5441,226.70833333333334,0.0,0
old_CE2,5442,226.75,0.0,0
old_CE2,5443,226.79166666666666,0.0,0
old_CE2,5444,226.83333333333334,0.0,0
old_CE2,5445,226.875,0.0,0
old_CE2,5446,226.91666666666666,0.0,0
old_CE2,5447,226.95833333333334,0.0,0
old_CE2,5448,227.0,0.0,0
old_CE2,5449,227.04166666666666,0.0,0
old_CE2,5450,227.08333333333334,0.0,0
old_CE2,5451,227.125,0.0,0
old_CE2,5452,227.16666666666666,0.0,0
old_CE2,5453,227.20833333333334,0.0,0
old_CE2,5454,227.25,0.0,0
old_CE2,5455,227.29166666666666,0.0,0
old_CE2,5456,227.33333333333334,0.0,0
old_CE2,5457,227.375,0.0,0
old_CE2,5458,227.41666666666666,0.0,0
old_CE2,5459,227.45833333333334,0.0,0
old_CE2,5460,227.5,0.0,0
old_CE2,5461,227.54166666666666,0.0,0
old_CE2,5462,227.58333333333334,0.0,0
old_CE2,5463,227.625,0.0,0
old_CE2,5464,227.66666666666666,0.0,0
old_CE2,5465,227.70833333333334,0.0,0
old_CE2,5466,227.75,0.0,0
old_CE2,5467,227.79166666666666,0.0,0
old_CE2,5468,227.83333333333334,0.0,0
old_CE2,5469,227.875,0.0,0
old_CE2,5470,227.91666666666666,0.0,0
old_CE2,5471,227.95833333333334,0.0,0
old_CE2,5472,228.0,0.0,0
old_CE2,5473,228.04166666666666,0.0,0
old_CE2,5474,228.08333333333334,0.0,0
old_CE2,5475,228.125,0.0,0
old_CE2,5476,228.16666666666666,0.0,0
old_CE2,5477,228.20833333333334,0.0,0
old_CE2,5478,228.25,0.0,0
old_CE2,5479,228.29166666666666,0.0,0
old_CE2,5480,228.33333333333334,0.0,0
old_CE2,5481,228.375,0.0,0
old_CE2,5482,228.41666666666666,0.0,0
old_CE2,5483,228.45833333333334,0.0,0
old_CE2,5484,228.5,0.0,0
old_CE2,5485,228.54166666666666,0.0,0
old_CE2,5486,228.58333333333334,0.0,0
old_CE2,5487,228.625,0.0,0
old_CE2,5488,228.66666666666666,0.0,0
old_CE2,5489,228.70833333333334,0.0,0
old_CE2,5490,228.75,0.0,0
old_CE2,5491,228.79166666666666,0.0,0
old_CE2,5492,228.83333333333334,0.0,0
old_CE2,5493,228.875,0.0,0
old_CE2,5494,228.91666666666666,0.0,0
old_CE2,5495,228.95833333333334,0.0,0
old_CE2,5496,229.0,0.0,0
old_CE2,5497,229.04166666666666,0.0,0
old_CE2,5498,229.08333333333334,0.0,0
old_CE2,5499,229.125,0.0,0
old_CE2,5500,229.16666666666666,0.0,0
old_CE2,5501,229.20833333333334,0.0,0
old_CE2,5502,229.25,0.0,0
old_CE2,5503,229.29166666666666,0.0,0
old_CE2,5504,229.33333333333334,0.0,0
old_CE2,5505,229.375,0.0,0
old_CE2,5506,229.41666666666666,7.44047619047619e-05,4
old_CE2,5507,229.45833333333334,0.00022321428571428573,7
old_CE2,5508,229.5,0.00018353174603174602,6
old_CE2,5509,229.54166666666666,0.00017857142857142857,6
old_CE2,5510,229.58333333333334,5.4563492063492063e-05,1
old_CE2,5511,229.625,0.0304265873015873,12
old_CE2,5512,229.66666666666666,0.010892857142857143,9
old_CE2,5513,229.70833333333334,0.0019990079365079364,7
old_CE2,5514,229.75,0.00016369047619047618,6
old_CE2,5515,229.79166666666666,0.0002132936507936508,7
old_CE2,5516,229.83333333333334,6.448412698412698e-05,4
old_CE2,5517,229.875,0.00022321428571428573,7
old_CE2,5518,229.91666666666666,0.00026785714285714287,8
old_CE2,5519,229.95833333333334,0.0001140873015873016,5
old_CE2,5520,230.0,0.00019345238095238096,7
old_CE2,5521,230.04166666666666,0.007911706349206349,12
old_CE2,5522,230.08333333333334,0.0002876984126984127,8
old_CE2,5523,230.125,0.0003869047619047619,8
old_CE2,5524,230.16666666666666,0.00015873015873015873,5
old_CE2,5525,230.20833333333334,0.008125,9
old_CE2,5526,230.25,0.009761904761904762,6
old_CE2,5527,230.29166666666666,0.00017361111111111112,6
old_CE2,5528,230.33333333333334,0.0003323412698412698,9
old_CE2,5529,230.375,0.0007490079365079365,7
old_CE2,5530,230.41666666666666,0.0018353174603174603,7
old_CE2,5531,230.45833333333334,0.007366071428571428,44
old_CE2,5532,230.5,0.14699900793650794,109
old_CE2,5533,230.54166666666666,0.6936111111111111,123
old_CE2,5534,230.58333333333334,0.5388392857142857,66
old_CE2,5535,230.625,0.5508928571428572,64
old_CE2,5536,230.66666666666666,0.44003968253968256,64
old_CE2,5537,230.70833333333334,0.30359126984126983,41
old_CE2,5538,230.75,0.14285714285714285,30
old_CE2,5539,230.79166666666666,0.26458829365079367,36
old_CE2,5540,230.83333333333334,0.29671130952380953,40
old_CE2,5541,230.875,0.26666170634920633,36
old_CE2,5542,230.91666666666666,0.2051736111111111,43
old_CE2,5543,230.95833333333334,0.4273859126984127,63
old_CE2,5544,231.0,0.4894543650793651,63
old_CE2,5545,231.04166666666666,0.31134424603174604,62
old_CE2,5546,231.08333333333334,0.5113144841269841,67
old_CE2,5547,231.125,0.37677579365079367,40
old_CE2,5548,231.16666666666666,0.4179265873015873,71
old_CE2,5549,231.20833333333334,0.4182986111111111,57
old_CE2,5550,231.25,0.5038194444444445,63
old_CE2,5551,231.29166666666666,0.25584325396825397,44
old_CE2,5552,231.33333333333334,0.4576240079365079,64
old_CE2,5553,231.375,0.2199751984126984,22
old_CE2,5554,231.41666666666666,0.011825396825396826,10
old_CE2,5555,231.45833333333334,0.0012648809523809524,13
old_CE2,5556,231.5,0.004191468253968254,30
old_CE2,5557,231.54166666666666,0.0008382936507936508,10
old_CE2,5558,231.58333333333334,0.00018353174603174602,5
old_CE2,5559,231.625,0.00013392857142857144,5
old_CE2,5560,231.66666666666666,0.0011061507936507937,12
old_CE2,5561,231.70833333333334,0.000798611111111111,9
old_CE2,5562,231.75,0.0006001984126984127,7
old_CE2,5563,231.79166666666666,0.0007837301587301587,7
old_CE2,5564,231.83333333333334,0.0006101190476190476,10
old_CE2,5565,231.875,0.002450396825396825,22
old_CE2,5566,231.91666666666666,0.00017361111111111112,6
old_CE2,5567,231.95833333333334,0.0008581349206349206,7
old_CE2,5568,232.0,0.0008680555555555556,11
old_CE2,5569,232.04166666666666,0.009265873015873016,16
old_CE2,5570,232.08333333333334,6.944444444444444e-05,4
old_CE2,5571,232.125,0.0002777777777777778,7
old_CE2,5572,232.16666666666666,0.00039186507936507937,7
old_CE2,5573,232.20833333333334,0.0016765873015873016,14
old_CE2,5574,232.25,0.0020188492063492065,7
old_CE2,5575,232.29166666666666,6.944444444444444e-05,4
old_CE2,5576,232.33333333333334,0.0002579365079365079,6
old_CE2,5577,232.375,0.0018402777777777777,21
old_CE2,5578,232.41666666666666,0.00017857142857142857,6
old_CE2,5579,232.45833333333334,0.00023313492063492064,7
old_CE2,5580,232.5,0.002237103174603174,10
old_CE2,5581,232.54166666666666,0.001398809523809524,16
old_CE2,5582,232.58333333333334,0.00018353174603174602,6
old_CE2,5583,232.625,0.00031746031746031746,8
old_CE2,5584,232.66666666666666,0.002371031746031746,23
old_CE2,5585,232.70833333333334,0.001954365079365079,20
old_CE2,5586,232.75,0.001959325396825397,9
old_CE2,5587,232.79166666666666,0.03923611111111112,19
old_CE2,5588,232.83333333333334,0.39092261904761905,49
old_CE2,5589,232.875,0.46308035714285717,64
old_CE2,5590,232.91666666666666,0.4462996031746032,60
old_CE2,5591,232.95833333333334,0.33575396825396825,51
old_CE2,5592,233.0,0.40781249999999997,66
old_CE2,5593,233.04166666666666,0.403328373015873,62
old_CE2,5594,233.08333333333334,0.43145337301587305,66
old_CE2,5595,233.125,0.3761805555555556,57
old_CE2,5596,233.16666666666666,0.43053075396825397,64
old_CE2,5597,233.20833333333334,0.25570436507936506,62
old_CE2,5598,233.25,0.4187202380952381,64
old_CE2,5599,233.29166666666666,0.5233184523809523,80
old_CE2,5600,233.33333333333334,0.40785714285714286,70
old_CE2,5601,233.375,0.5948412698412698,41
old_CE2,5602,233.41666666666666,0.44277281746031744,46
old_CE2,5603,233.45833333333334,0.21110615079365078,22
old_CE2,5604,233.5,0.11276785714285716,36
old_CE2,5605,233.54166666666666,0.02490079365079365,19
old_CE2,5606,233.58333333333334,0.038769841269841274,18
old_CE2,5607,233.625,0.08135912698412698,35
old_CE2,5608,233.66666666666666,0.04287698412698413,29
old_CE2,5609,233.70833333333334,0.42025793650793647,65
old_CE2,5610,233.75,0.7670535714285714,68
old_CE2,5611,233.79166666666666,0.8495337301587301,63
old_CE2,5612,233.83333333333334,0.8168849206349206,84
old_CE2,5613,233.875,0.8520089285714285,68
old_CE2,5614,233.91666666666666,0.8200347222222222,66
old_CE2,5615,233.95833333333334,0.863968253968254,74
old_CE2,5616,234.0,0.854920634920635,72
old_CE2,5617,234.04166666666666,0.8162152777777777,79
old_CE2,5618,234.08333333333334,0.7110119047619048,61
old_CE2,5619,234.125,0.37673115079365077,67
old_CE2,5620,234.16666666666666,0.39312003968253967,68
old_CE2,5621,234.20833333333334,0.2921279761904762,62
old_CE2,5622,234.25,0.3954761904761905,72
old_CE2,5623,234.29166666666666,0.2561954365079365,50
old_CE2,5624,234.33333333333334,0.03245039682539683,27
old_CE2,5625,234.375,0.0031001984126984125,16
old_CE2,5626,234.41666666666666,0.00017361111111111112,6
old_CE2,5627,234.45833333333334,0.0014484126984126984,17
old_CE2,5628,234.5,0.0027728174603174603,26
old_CE2,5629,234.54166666666666,0.0025248015873015873,11
old_CE2,5630,234.58333333333334,7.44047619047619e-05,4
old_CE2,5631,234.625,0.0009623015873015873,11
old_CE2,5632,234.66666666666666,0.001979166666666667,19
old_CE2,5633,234.70833333333334,0.0011507936507936507,15
old_CE2,5634,234.75,0.00023313492063492064,7
old_CE2,5635,234.79166666666666,0.0003323412698412698,8
old_CE2,5636,234.83333333333334,0.0033184523809523807,29
old_CE2,5637,234.875,0.003382936507936508,16
old_CE2,5638,234.91666666666666,0.000248015873015873,7
old_CE2,5639,234.95833333333334,0.0009275793650793651,12
old_CE2,5640,235.0,0.002911706349206349,27
old_CE2,5641,235.04166666666666,0.0002033730158730159,5
old_CE2,5642,235.08333333333334,0.000248015873015873,7
old_CE2,5643,235.125,0.0027083333333333334,10
old_CE2,5644,235.16666666666666,0.0022916666666666667,18
old_CE2,5645,235.20833333333334,0.005024801587301587,21
old_CE2,5646,235.25,0.00023313492063492064,7
old_CE2,5647,235.29166666666666,0.001790674603174603,20
old_CE2,5648,235.33333333333334,0.0032341269841269843,28
old_CE2,5649,235.375,0.0013740079365079365,16
old_CE2,5650,235.41666666666666,0.0002827380952380953,8
old_CE2,5651,235.45833333333334,0.0018601190476190477,18
old_CE2,5652,235.5,0.0027281746031746035,23
old_CE2,5653,235.54166666666666,0.000753968253968254,10
old_CE2,5654,235.58333333333334,0.00023313492063492064,7
old_CE2,5655,235.625,0.000873015873015873,12
old_CE2,5656,235.66666666666666,0.0031101190476190478,28
old_CE2,5657,235.70833333333334,0.0034523809523809524,22
old_CE2,5658,235.75,0.00017857142857142857,6
old_CE2,5659,235.79166666666666,0.0019345238095238096,19
old_CE2,5660,235.83333333333334,0.002420634920634921,23
old_CE2,5661,235.875,0.0008779761904761904,11
old_CE2,5662,235.91666666666666,0.00017361111111111112,6
old_CE2,5663,235.95833333333334,0.0013293650793650793,15
old_CE2,5664,236.0,0.0024652777777777776,25
old_CE2,5665,236.04166666666666,0.008397817460317461,11
old_CE2,5666,236.08333333333334,0.00017857142857142857,6
old_CE2,5667,236.125,0.00158234126984127,15
old_CE2,5668,236.16666666666666,0.0037351190476190474,27
old_CE2,5669,236.20833333333334,0.002648809523809524,22
old_CE2,5670,236.25,0.0017559523809523808,4
old_CE2,5671,236.29166666666666,0.0031200396825396826,17
old_CE2,5672,236.33333333333334,0.002604166666666667,25
old_CE2,5673,236.375,0.0015624999999999999,19
old_CE2,5674,236.41666666666666,0.00044146825396825396,8
old_CE2,5675,236.45833333333334,0.0020486111111111113,20
old_CE2,5676,236.5,0.008680555555555556,43
old_CE2,5677,236.54166666666666,0.0008581349206349206,10
old_CE2,5678,236.58333333333334,0.0002728174603174603,7
old_CE2,5679,236.625,0.002876984126984127,18
old_CE2,5680,236.66666666666666,0.00310515873015873,28
old_CE2,5681,236.70833333333334,0.0018799603174603173,21
old_CE2,5682,236.75,0.05606150793650794,19
old_CE2,5683,236.79166666666666,0.1485565476190476,36
old_CE2,5684,236.83333333333334,0.21481646825396825,63
old_CE2,5685,236.875,0.2347371031746032,51
old_CE2,5686,236.91666666666666,0.14628968253968253,32
old_CE2,5687,236.95833333333334,0.2154811507936508,56
old_CE2,5688,237.0,0.13313988095238097,70
old_CE2,5689,237.04166666666666,0.2040029761904762,41
old_CE2,5690,237.08333333333334,0.19088789682539684,45
old_CE2,5691,237.125,0.23710317460317462,39
old_CE2,5692,237.16666666666666,0.1890674603174603,49
old_CE2,5693,237.20833333333334,0.25987599206349205,41
old_CE2,5694,237.25,0.19097222222222224,41
old_CE2,5695,237.29166666666666,0.31145833333333334,50
old_CE2,5696,237.33333333333334,0.19176091269841272,52
old_CE2,5697,237.375,0.2863640873015873,56
old_CE2,5698,237.41666666666666,0.28079365079365076,65
old_CE2,5699,237.45833333333334,0.14097718253968256,42
old_CE2,5700,237.5,0.17347222222222222,54
old_CE2,5701,237.54166666666666,0.2202827380952381,44
old_CE2,5702,237.58333333333334,0.19012896825396824,30
old_CE2,5703,237.625,0.1654017857142857,39
old_CE2,5704,237.66666666666666,0.14208333333333334,33
old_CE2,5705,237.70833333333334,0.0010367063492063493,12
old_CE2,5706,237.75,0.003030753968253968,7
old_CE2,5707,237.79166666666666,0.06449900793650794,33
old_CE2,5708,237.83333333333334,0.3386359126984127,97
old_CE2,5709,237.875,0.23725198412698414,62
old_CE2,5710,237.91666666666666,0.002628968253968254,5
old_CE2,5711,237.95833333333334,0.0013392857142857143,15
old_CE2,5712,238.0,0.0024007936507936508,21
old_CE2,5713,238.04166666666666,0.019052579365079366,19
old_CE2,5714,238.08333333333334,0.0002033730158730159,6
old_CE2,5715,238.125,0.00034722222222222224,8
old_CE2,5716,238.16666666666666,0.00026289682539682536,6
old_CE2,5717,238.20833333333334,0.08368055555555555,12
old_CE2,5718,238.25,0.05150793650793651,9
old_CE2,5719,238.29166666666666,0.000699404761904762,10
old_CE2,5720,238.33333333333334,0.0022569444444444442,21
old_CE2,5721,238.375,0.06279265873015873,19
old_CE2,5722,238.41666666666666,0.08929067460317461,7
old_CE2,5723,238.45833333333334,0.0009126984126984128,11
old_CE2,5724,238.5,0.002971230158730159,27
old_CE2,5725,238.54166666666666,0.0009424603174603175,11
old_CE2,5726,238.58333333333334,0.00020833333333333335,6
old_CE2,5727,238.625,6.150565852058389e-05,2
