## 2026-09-19 20:41:33 manifest=7d6ed04de3219c6982328c8d3b82ace5dec84547405fdeeea0aeb1cd4eba5687 argv=--trace valid --rep 0 --level 0 --set grid --workers 6
[     0s] valid_rep0_L0_grid: k=7 rho_busy=0.5247 (target 0.5) n=17,646,125 weeks=30 selected=None
[     4s] FCFS reproduces the Kiefer-Wolfowitz recursion exactly (max |diff| 0)
[     4s] jobs FCFS would start within 1 s: 16,834,032 (95.4%)
                      w_p99_dl  gap_p99dl  red_p99dl_pct  w_mean  gap_mean  max_excess  harm_wf1s  max_heavy  guar_excess_max  used_over_allowed  qw_forced_frac  bound_viol  sim_sec
policy                                                                                                                                                                               
FCFS                   46.8103     0.0000         0.0000  1.1117    0.0000      0.0000     0.0000   492.2358              inf                NaN          1.0000          -1      1.1
SJF-ref                20.5381     1.0000        56.1249  0.4140    1.0000    775.8893   551.0178   836.5065              inf                NaN          0.0000          -1      1.2
SPJF-tweedie           26.6946     0.7657        42.9728  0.5280    0.8365   1098.8544   213.3007  1249.5831              inf                NaN          0.0000          -1      1.2
FIX-G300               27.9688     0.7172        40.2509  0.5894    0.7486    179.1195   162.6257   640.9534         300.0000             0.5971          0.0207           0      6.8
CAP-G300-B30-e0        39.5370     0.2768        15.5380  0.8368    0.3939     76.0416    71.3179   499.8224         170.3571             0.4464          0.2430           0      6.2
CAP-G300-B30-e0.25     31.9788     0.5645        31.6843  0.6406    0.6752    177.1745    93.0247   637.0761         300.0000             0.5906          0.0786           0      6.3
CAP-G300-B30-e0.5      29.1866     0.6708        37.6493  0.5947    0.7409    196.3364    93.3823   641.9444         300.0000             0.6545          0.0416           0      7.0
CAP-G300-B30-e0.75     28.0806     0.7129        40.0120  0.5877    0.7510    179.1195   113.6598   640.9534         300.0000             0.5971          0.0259           0      7.0
CAP-G300-B30-e0.9      27.9490     0.7179        40.2931  0.5893    0.7488    179.1195   154.4441   640.9534         300.0000             0.5971          0.0209           0      7.0
CAP-G300-B120-e0       33.3576     0.5121        28.7388  0.7187    0.5633     93.0247    93.0247   522.2320         192.8571             0.4824          0.1072           0      5.9
CAP-G300-B120-e0.25    29.8342     0.6462        36.2658  0.6115    0.7169    177.1646    93.3823   635.4645         300.0000             0.5905          0.0438           0      6.5
CAP-G300-B120-e0.5     27.9922     0.7163        40.2008  0.5937    0.7425    179.1195   113.6484   640.9364         300.0000             0.5971          0.0242           0      6.9
CAP-G300-B120-e0.75    27.9688     0.7172        40.2509  0.5894    0.7486    179.1195   162.6257   640.9534         300.0000             0.5971          0.0207           0      6.9
CAP-G300-B120-e0.9     27.9688     0.7172        40.2509  0.5894    0.7486    179.1195   162.6257   640.9534         300.0000             0.5971          0.0207           0      5.8
CAP-G300-B600-e0       27.9688     0.7172        40.2509  0.5894    0.7486    179.1195   162.6257   640.9534         300.0000             0.5971          0.0207           0      6.8
CAP-G300-B600-e0.25    27.9688     0.7172        40.2509  0.5894    0.7486    179.1195   162.6257   640.9534         300.0000             0.5971          0.0207           0      6.7
CAP-G300-B600-e0.5     27.9688     0.7172        40.2509  0.5894    0.7486    179.1195   162.6257   640.9534         300.0000             0.5971          0.0207           0      6.8
CAP-G300-B600-e0.75    27.9688     0.7172        40.2509  0.5894    0.7486    179.1195   162.6257   640.9534         300.0000             0.5971          0.0207           0      6.6
CAP-G300-B600-e0.9     27.9688     0.7172        40.2509  0.5894    0.7486    179.1195   162.6257   640.9534         300.0000             0.5971          0.0207           0      6.4
FIX-G600               26.9233     0.7570        42.4843  0.5362    0.8248    492.0184   213.3007   788.1170         600.0000             0.8200          0.0029           0      7.0
CAP-G600-B30-e0        39.5370     0.2768        15.5380  0.8368    0.3939     76.0416    71.3179   499.8224         170.3571             0.4464          0.2430           0      6.0
CAP-G600-B30-e0.25     31.9232     0.5667        31.8032  0.6401    0.6759    217.4914    93.0247   709.5417         393.4942             0.5561          0.0785           0      7.0
CAP-G600-B30-e0.5      28.8833     0.6824        38.2972  0.5661    0.7819    485.4028    93.3823   933.3489         600.0000             0.8090          0.0346           0      6.6
CAP-G600-B30-e0.75     27.1377     0.7488        42.0262  0.5391    0.8207    492.8988   113.6598   794.2474         600.0000             0.8215          0.0103           0      6.9
CAP-G600-B30-e0.9      26.9046     0.7577        42.5242  0.5354    0.8260    486.6859   154.9758   788.9392         600.0000             0.8111          0.0034           0      6.9
CAP-G600-B120-e0       33.3576     0.5121        28.7388  0.7187    0.5633     93.0247    93.0247   522.2320         192.8571             0.4824          0.1072           0      7.8
CAP-G600-B120-e0.25    29.7499     0.6494        36.4459  0.6085    0.7212    226.6340    93.3823   718.8032         423.4942             0.5480          0.0428           0      7.2
CAP-G600-B120-e0.5     27.3233     0.7417        41.6297  0.5505    0.8043    483.2896   113.6484   931.2357         600.0000             0.8055          0.0142           0      6.5
CAP-G600-B120-e0.75    27.0317     0.7528        42.2527  0.5385    0.8215    492.0166   163.0304   788.1953         600.0000             0.8200          0.0040           0      6.9
CAP-G600-B120-e0.9     26.9233     0.7570        42.4843  0.5362    0.8248    492.0184   213.3007   788.1170         600.0000             0.8200          0.0030           0      6.4
CAP-G600-B600-e0       27.8345     0.7223        40.5377  0.5849    0.7551    202.3844   163.0304   653.8837         312.8571             0.6469          0.0173           0      6.8
CAP-G600-B600-e0.25    27.1193     0.7495        42.0656  0.5458    0.8110    375.8677   207.1247   856.0402         583.4942             0.6647          0.0068           0      5.9
CAP-G600-B600-e0.5     26.9069     0.7576        42.5192  0.5366    0.8243    492.9048   213.3007   794.7043         600.0000             0.8215          0.0035           0      5.9
CAP-G600-B600-e0.75    26.9233     0.7570        42.4843  0.5362    0.8248    492.0184   213.3007   788.1170         600.0000             0.8200          0.0029           0      6.7
CAP-G600-B600-e0.9     26.9233     0.7570        42.4843  0.5362    0.8248    492.0184   213.3007   788.1170         600.0000             0.8200          0.0029           0      7.1
FIX-G1200              26.6946     0.7657        42.9728  0.5281    0.8365   1088.0859   213.3007  1239.0775        1200.0000             0.9067          0.0000           0      6.7
CAP-G1200-B30-e0       39.5370     0.2768        15.5380  0.8368    0.3939     76.0416    71.3179   499.8224         170.3571             0.4464          0.2430           0      6.2
CAP-G1200-B30-e0.25    31.9232     0.5667        31.8032  0.6401    0.6759    217.4914    93.0247   709.5417         393.4942             0.5561          0.0785           0      6.5
CAP-G1200-B30-e0.5     28.8782     0.6826        38.3081  0.5661    0.7820    494.2074    93.3823   942.1535         839.7683             0.6266          0.0346           0      6.3
CAP-G1200-B30-e0.75    27.0969     0.7504        42.1135  0.5355    0.8258    773.1083   113.6598  1061.2403        1200.0000             0.6443          0.0102           0      6.4
CAP-G1200-B30-e0.9     26.7396     0.7640        42.8766  0.5281    0.8364   1052.9973   154.9758  1213.0951        1200.0000             0.8775          0.0012           0      7.1
CAP-G1200-B120-e0      33.3576     0.5121        28.7388  0.7187    0.5633     93.0247    93.0247   522.2320         192.8571             0.4824          0.1072           0      6.2
CAP-G1200-B120-e0.25   29.7499     0.6494        36.4459  0.6085    0.7212    226.6340    93.3823   718.8032         423.4942             0.5480          0.0428           0      6.0
CAP-G1200-B120-e0.5    27.3144     0.7421        41.6488  0.5506    0.8041    506.7454   113.6484   954.6915         884.7683             0.6364          0.0142           0      6.8
CAP-G1200-B120-e0.75   27.0162     0.7534        42.2857  0.5350    0.8265    721.8911   163.0304   906.8865        1200.0000             0.6016          0.0036           0      6.3
CAP-G1200-B120-e0.9    26.7260     0.7645        42.9058  0.5284    0.8360   1052.9859   213.3007  1213.0670        1200.0000             0.8775          0.0006           0      5.9
CAP-G1200-B600-e0      27.8345     0.7223        40.5377  0.5849    0.7551    202.3844   163.0304   653.8837         312.8571             0.6469          0.0173           0      7.4
CAP-G1200-B600-e0.25   27.1193     0.7495        42.0656  0.5458    0.8110    375.8677   207.1247   856.0402         583.4942             0.6647          0.0068           0      6.2
CAP-G1200-B600-e0.5    26.8620     0.7593        42.6151  0.5338    0.8282    620.0366   213.3007   901.2312        1124.7683             0.7035          0.0034           0      7.0
CAP-G1200-B600-e0.75   26.7183     0.7648        42.9222  0.5281    0.8364   1057.8531   213.3007  1235.3380        1200.0000             0.8815          0.0000           0      6.6
CAP-G1200-B600-e0.9    26.6946     0.7657        42.9728  0.5281    0.8365   1088.0859   213.3007  1239.0775        1200.0000             0.9067          0.0000           0      6.6
## done in 62 s
## 2026-09-19 20:42:37 manifest=7d6ed04de3219c6982328c8d3b82ace5dec84547405fdeeea0aeb1cd4eba5687 argv=--trace valid --rep 0 --level 1 --set grid --workers 6
[     0s] valid_rep0_L1_grid: k=5 rho_busy=0.7345 (target 0.8) n=17,646,125 weeks=30 selected=None
[     4s] FCFS reproduces the Kiefer-Wolfowitz recursion exactly (max |diff| 0)
[     4s] jobs FCFS would start within 1 s: 15,981,322 (90.6%)
                      w_p99_dl  gap_p99dl  red_p99dl_pct  w_mean  gap_mean  max_excess  harm_wf1s  max_heavy  guar_excess_max  used_over_allowed  qw_forced_frac  bound_viol  sim_sec
policy                                                                                                                                                                               
FCFS                  130.6271     0.0000         0.0000  3.7579    0.0000      0.0000     0.0000   840.7671              inf                NaN          1.0000          -1      1.1
SJF-ref                37.5760     1.0000        71.2341  1.1071    1.0000   1191.7443   590.2714  1565.2794              inf                NaN          0.0000          -1      1.3
SPJF-tweedie           49.7242     0.8694        61.9343  1.4308    0.8779   1811.9476   441.2419  2040.3618              inf                NaN          0.0000          -1      1.3
FIX-G300               62.1577     0.7358        52.4159  1.8681    0.7129    223.8988   169.8493   984.1995         300.0000             0.7463          0.0567           0      6.5
CAP-G300-B30-e0       123.0107     0.0819         5.8307  2.9691    0.2976     67.4335    65.8523   847.8574         163.5000             0.4124          0.4683           0      7.2
CAP-G300-B30-e0.25     83.5006     0.5065        36.0772  2.0491    0.6447    188.0824    89.8991   980.9869         300.0000             0.6269          0.1326           0      7.7
CAP-G300-B30-e0.5      67.2753     0.6808        48.4982  1.9068    0.6984    207.6678    93.8517   988.1563         300.0000             0.6922          0.0828           0      6.4
CAP-G300-B30-e0.75     61.9623     0.7379        52.5656  1.8675    0.7132    208.2188   109.2569   984.1995         300.0000             0.6941          0.0617           0      6.4
CAP-G300-B30-e0.9      62.2143     0.7352        52.3726  1.8683    0.7129    223.8988   142.1029   984.1995         300.0000             0.7463          0.0568           0      6.9
CAP-G300-B120-e0      105.3478     0.2717        19.3523  2.4486    0.4939    106.1456    97.1540   870.2163         186.0000             0.5707          0.2540           0      6.6
CAP-G300-B120-e0.25    75.8805     0.5884        41.9106  1.9444    0.6842    186.4476    93.9139   984.1406         300.0000             0.6215          0.0870           0      7.3
CAP-G300-B120-e0.5     63.7989     0.7182        51.1596  1.8644    0.7143    206.7439   102.0427   984.2014         300.0000             0.6891          0.0611           0      7.2
CAP-G300-B120-e0.75    62.1655     0.7357        52.4099  1.8678    0.7130    223.8988   157.3450   984.1995         300.0000             0.7463          0.0567           0      7.4
CAP-G300-B120-e0.9     62.1577     0.7358        52.4159  1.8681    0.7129    223.8988   169.8493   984.1995         300.0000             0.7463          0.0567           0      7.4
CAP-G300-B600-e0       62.1577     0.7358        52.4159  1.8681    0.7129    223.8988   169.8493   984.1995         300.0000             0.7463          0.0567           0      6.5
CAP-G300-B600-e0.25    62.1577     0.7358        52.4159  1.8681    0.7129    223.8988   169.8493   984.1995         300.0000             0.7463          0.0567           0      6.4
CAP-G300-B600-e0.5     62.1577     0.7358        52.4159  1.8681    0.7129    223.8988   169.8493   984.1995         300.0000             0.7463          0.0567           0      7.4
CAP-G300-B600-e0.75    62.1577     0.7358        52.4159  1.8681    0.7129    223.8988   169.8493   984.1995         300.0000             0.7463          0.0567           0      6.3
CAP-G300-B600-e0.9     62.1577     0.7358        52.4159  1.8681    0.7129    223.8988   169.8493   984.1995         300.0000             0.7463          0.0567           0      6.7
FIX-G600               52.6162     0.8384        59.7203  1.5768    0.8228    507.1103   441.2419  1294.2346         600.0000             0.8452          0.0093           0      7.4
CAP-G600-B30-e0       123.0107     0.0819         5.8307  2.9691    0.2976     67.4335    65.8523   847.8574         163.5000             0.4124          0.4683           0      7.1
CAP-G600-B30-e0.25     81.6914     0.5259        37.4621  1.9798    0.6708    300.5631    89.8991  1132.0538         498.9264             0.6446          0.1170           0      7.0
CAP-G600-B30-e0.5      62.1826     0.7356        52.3969  1.6827    0.7829    493.8931    93.8517  1307.6565         600.0000             0.8232          0.0526           0      7.0
CAP-G600-B30-e0.75     54.2719     0.8206        58.4528  1.5815    0.8211    489.3755   109.2569  1295.8751         600.0000             0.8156          0.0190           0      6.8
CAP-G600-B30-e0.9      52.7966     0.8364        59.5822  1.5809    0.8213    487.7089   142.1029  1296.1343         600.0000             0.8128          0.0097           0      6.8
CAP-G600-B120-e0      105.3478     0.2717        19.3523  2.4486    0.4939    106.1456    97.1540   870.2163         186.0000             0.5707          0.2540           0      6.5
CAP-G600-B120-e0.25    73.6328     0.6125        43.6313  1.8712    0.7118    330.7208    93.9139  1161.9191         528.9264             0.6676          0.0740           0      6.3
CAP-G600-B120-e0.5     57.3116     0.7879        56.1258  1.6151    0.8084    492.3633   102.0427  1286.1020         600.0000             0.8206          0.0263           0      6.1
CAP-G600-B120-e0.75    53.7095     0.8266        58.8834  1.5805    0.8214    494.0624   157.3450  1296.4246         600.0000             0.8234          0.0107           0      7.0
CAP-G600-B120-e0.9     52.6182     0.8383        59.7188  1.5766    0.8229    507.1103   318.1252  1294.2346         600.0000             0.8452          0.0095           0      6.9
CAP-G600-B600-e0       61.3306     0.7447        53.0491  1.8421    0.7228    208.3111   178.0279   989.2289         306.0000             0.6808          0.0538           0      6.3
CAP-G600-B600-e0.25    54.3390     0.8199        58.4014  1.6044    0.8124    469.3172   232.0788  1289.1340         600.0000             0.7822          0.0180           0      6.1
CAP-G600-B600-e0.5     52.7377     0.8371        59.6273  1.5741    0.8238    505.4017   307.4768  1296.4246         600.0000             0.8423          0.0109           0      7.1
CAP-G600-B600-e0.75    52.6162     0.8384        59.7203  1.5768    0.8228    507.1103   441.2419  1294.2346         600.0000             0.8452          0.0093           0      6.9
CAP-G600-B600-e0.9     52.6162     0.8384        59.7203  1.5768    0.8228    507.1103   441.2419  1294.2346         600.0000             0.8452          0.0093           0      6.9
FIX-G1200              50.7492     0.8584        61.1496  1.4781    0.8601   1099.4128   441.2419  1642.7507        1200.0000             0.9162          0.0005           0      6.2
CAP-G1200-B30-e0      123.0107     0.0819         5.8307  2.9691    0.2976     67.4335    65.8523   847.8574         163.5000             0.4124          0.4683           0      6.8
CAP-G1200-B30-e0.25    81.6914     0.5259        37.4621  1.9798    0.6708    300.5631    89.8991  1132.0538         498.9264             0.6446          0.1170           0      6.3
CAP-G1200-B30-e0.5     61.9978     0.7375        52.5384  1.6675    0.7886    825.6932    93.8517  1572.1571        1169.7792             0.7694          0.0520           0      6.6
CAP-G1200-B30-e0.75    52.9545     0.8347        59.4613  1.5031    0.8506   1110.0574   109.2569  1758.3540        1200.0000             0.9250          0.0159           0      7.2
CAP-G1200-B30-e0.9     50.9372     0.8564        61.0056  1.4655    0.8648   1081.2945   142.1029  1758.0974        1200.0000             0.9011          0.0028           0      6.0
CAP-G1200-B120-e0     105.3478     0.2717        19.3523  2.4486    0.4939    106.1456    97.1540   870.2163         186.0000             0.5707          0.2540           0      6.7
CAP-G1200-B120-e0.25   73.6328     0.6125        43.6313  1.8712    0.7118    330.7208    93.9139  1161.9191         528.9264             0.6676          0.0740           0      6.6
CAP-G1200-B120-e0.5    56.9250     0.7921        56.4217  1.5854    0.8196    892.4263   102.0427  1657.6175        1200.0000             0.7848          0.0249           0      7.1
CAP-G1200-B120-e0.75   52.0730     0.8442        60.1362  1.4836    0.8580   1076.0623   157.3450  1758.4043        1200.0000             0.8967          0.0069           0      6.0
CAP-G1200-B120-e0.9    50.7015     0.8589        61.1861  1.4692    0.8634   1112.6316   318.1252  1757.9230        1200.0000             0.9272          0.0017           0      6.6
CAP-G1200-B600-e0      61.3306     0.7447        53.0491  1.8421    0.7228    208.3111   178.0279   989.2289         306.0000             0.6808          0.0538           0      6.0
CAP-G1200-B600-e0.25   54.3390     0.8199        58.4014  1.6043    0.8124    507.6268   232.0788  1327.5338         688.9264             0.7497          0.0180           0      6.8
CAP-G1200-B600-e0.5    51.7068     0.8481        60.4165  1.4962    0.8532   1033.7465   307.4768  1758.5900        1200.0000             0.8615          0.0080           0      6.8
CAP-G1200-B600-e0.75   50.6975     0.8590        61.1891  1.4636    0.8655   1079.8042   441.2419  1757.9185        1200.0000             0.8998          0.0007           0      6.3
CAP-G1200-B600-e0.9    50.7492     0.8584        61.1496  1.4781    0.8601   1099.4128   441.2419  1642.7507        1200.0000             0.9162          0.0005           0      6.8
## done in 63 s
## 2026-09-19 20:43:42 manifest=7d6ed04de3219c6982328c8d3b82ace5dec84547405fdeeea0aeb1cd4eba5687 argv=--trace valid --rep 0 --level 2 --set grid --workers 6
[     0s] valid_rep0_L2_grid: k=4 rho_busy=0.9182 (target 1.0) n=17,646,125 weeks=30 selected=None
[     4s] FCFS reproduces the Kiefer-Wolfowitz recursion exactly (max |diff| 0)
[     4s] jobs FCFS would start within 1 s: 15,199,383 (86.1%)
                      w_p99_dl  gap_p99dl  red_p99dl_pct  w_mean  gap_mean  max_excess  harm_wf1s  max_heavy  guar_excess_max  used_over_allowed  qw_forced_frac  bound_viol  sim_sec
policy                                                                                                                                                                               
FCFS                  248.5769     0.0000         0.0000  8.4074    0.0000      0.0000     0.0000  1137.1265              inf                NaN          1.0000          -1      1.2
SJF-ref                46.2252     1.0000        81.4041  1.7928    1.0000   1635.4256   197.6589  2489.8979              inf                NaN          0.0000          -1      1.4
SPJF-tweedie           75.4841     0.8554        69.6335  2.4390    0.9023   2806.8079   678.5047  3124.4751              inf                NaN          0.0000          -1      1.3
FIX-G300              173.8463     0.3693        30.0634  4.0608    0.6571    218.5683   186.1175  1287.1662         300.0000             0.7286          0.1382           0      8.5
CAP-G300-B30-e0       249.6160    -0.0051        -0.4180  6.9946    0.2136     68.3548    53.2379  1144.7238         157.5000             0.4340          0.6404           0      6.5
CAP-G300-B30-e0.25    189.7328     0.2908        23.6724  4.4443    0.5991    208.8881    74.9231  1287.1946         300.0000             0.6963          0.2101           0      6.8
CAP-G300-B30-e0.5     165.5635     0.4102        33.3955  4.1567    0.6426    218.5683   102.7618  1287.1120         300.0000             0.7286          0.1570           0      6.9
CAP-G300-B30-e0.75    167.4512     0.4009        32.6360  4.0531    0.6583    230.6289   152.5472  1287.1745         300.0000             0.7688          0.1424           0      7.1
CAP-G300-B30-e0.9     173.3276     0.3719        30.2720  4.0596    0.6573    218.5683   183.2805  1287.1662         300.0000             0.7286          0.1384           0      7.2
CAP-G300-B120-e0      245.4610     0.0154         1.2535  5.6405    0.4183    102.6526   102.6526  1167.1733         180.0000             0.5703          0.4169           0      6.1
CAP-G300-B120-e0.25   179.6994     0.3404        27.7087  4.2128    0.6341    224.8316   102.7618  1287.1693         300.0000             0.7494          0.1637           0      6.0
CAP-G300-B120-e0.5    166.8364     0.4040        32.8834  4.0634    0.6567    218.5683   145.6661  1287.1616         300.0000             0.7286          0.1435           0      6.8
CAP-G300-B120-e0.75   173.4594     0.3712        30.2190  4.0600    0.6572    218.5683   183.2805  1287.1662         300.0000             0.7286          0.1383           0      6.2
CAP-G300-B120-e0.9    173.8463     0.3693        30.0634  4.0608    0.6571    218.5683   186.1175  1287.1662         300.0000             0.7286          0.1382           0      7.0
CAP-G300-B600-e0      173.8463     0.3693        30.0634  4.0608    0.6571    218.5683   186.1175  1287.1662         300.0000             0.7286          0.1382           0      6.7
CAP-G300-B600-e0.25   173.8463     0.3693        30.0634  4.0608    0.6571    218.5683   186.1175  1287.1662         300.0000             0.7286          0.1382           0      6.5
CAP-G300-B600-e0.5    173.8463     0.3693        30.0634  4.0608    0.6571    218.5683   186.1175  1287.1662         300.0000             0.7286          0.1382           0      6.5
CAP-G300-B600-e0.75   173.8463     0.3693        30.0634  4.0608    0.6571    218.5683   186.1175  1287.1662         300.0000             0.7286          0.1382           0      6.5
CAP-G300-B600-e0.9    173.8463     0.3693        30.0634  4.0608    0.6571    218.5683   186.1175  1287.1662         300.0000             0.7286          0.1382           0      7.0
FIX-G600               96.3888     0.7521        61.2238  3.1446    0.7956    514.0292   490.5264  1627.8165         600.0000             0.8567          0.0262           0      6.7
CAP-G600-B30-e0       249.6160    -0.0051        -0.4180  6.9946    0.2136     68.3548    53.2379  1144.7238         157.5000             0.4340          0.6404           0      6.3
CAP-G600-B30-e0.25    183.6190     0.3210        26.1319  4.2327    0.6311    403.8381    74.9231  1524.7062         590.4245             0.7287          0.1818           0      6.6
CAP-G600-B30-e0.5     130.0322     0.5858        47.6894  3.4203    0.7539    528.5551   102.7618  1628.7427         600.0000             0.8809          0.0683           0      6.6
CAP-G600-B30-e0.75    102.6019     0.7214        58.7243  3.1330    0.7974    514.0800   152.5472  1628.0698         600.0000             0.8568          0.0340           0      6.4
CAP-G600-B30-e0.9      98.1530     0.7434        60.5140  3.1336    0.7973    514.0292   223.6005  1628.0925         600.0000             0.8567          0.0260           0      6.4
CAP-G600-B120-e0      245.4610     0.0154         1.2535  5.6405    0.4183    102.6526   102.6526  1167.1733         180.0000             0.5703          0.4169           0      6.6
CAP-G600-B120-e0.25   168.2712     0.3969        32.3062  3.8655    0.6866    481.5149   102.7618  1594.8302         600.0000             0.8025          0.1161           0      6.7
CAP-G600-B120-e0.5    120.8686     0.6311        51.3758  3.2580    0.7785    504.9700   145.6661  1628.1488         600.0000             0.8416          0.0441           0      6.1
CAP-G600-B120-e0.75    99.2666     0.7379        60.0660  3.1293    0.7980    514.0414   219.7274  1628.1368         600.0000             0.8567          0.0281           0      6.7
CAP-G600-B120-e0.9     96.4588     0.7518        61.1956  3.1450    0.7956    514.0292   360.8555  1627.8165         600.0000             0.8567          0.0263           0      6.2
CAP-G600-B600-e0      173.8463     0.3693        30.0634  4.0608    0.6571    218.5683   186.1175  1287.1662         300.0000             0.7286          0.1382           0      6.6
CAP-G600-B600-e0.25   111.6490     0.6767        55.0847  3.2314    0.7825    507.7618   233.2785  1628.7777         600.0000             0.8463          0.0408           0      6.3
CAP-G600-B600-e0.5     95.9908     0.7541        61.3838  3.1030    0.8019    514.0128   333.0588  1628.1172         600.0000             0.8567          0.0276           0      6.9
CAP-G600-B600-e0.75    96.3888     0.7521        61.2238  3.1446    0.7956    514.0292   490.5264  1627.8165         600.0000             0.8567          0.0262           0      6.5
CAP-G600-B600-e0.9     96.3888     0.7521        61.2238  3.1446    0.7956    514.0292   490.5264  1627.8165         600.0000             0.8567          0.0262           0      6.1
FIX-G1200              83.8082     0.8143        66.2848  2.7418    0.8565   1102.3376   678.5047  2188.7330        1200.0000             0.9186          0.0028           0      6.8
CAP-G1200-B30-e0      249.6160    -0.0051        -0.4180  6.9946    0.2136     68.3548    53.2379  1144.7238         157.5000             0.4340          0.6404           0      6.7
CAP-G1200-B30-e0.25   183.6190     0.3210        26.1319  4.2327    0.6311    403.8381    74.9231  1524.7062         590.4245             0.7287          0.1818           0      6.2
CAP-G1200-B30-e0.5    125.0851     0.6103        49.6795  3.2080    0.7860   1068.5991   102.7618  2200.4101        1200.0000             0.8905          0.0592           0      6.2
CAP-G1200-B30-e0.75    93.1079     0.7683        62.5436  2.7977    0.8481   1107.8369   152.5472  2188.6744        1200.0000             0.9232          0.0180           0      6.4
CAP-G1200-B30-e0.9     84.6024     0.8103        65.9653  2.6963    0.8634   1101.7017   223.6005  2188.5962        1200.0000             0.9181          0.0056           0      6.3
CAP-G1200-B120-e0     245.4610     0.0154         1.2535  5.6405    0.4183    102.6526   102.6526  1167.1733         180.0000             0.5703          0.4169           0      6.5
CAP-G1200-B120-e0.25  168.2712     0.3969        32.3062  3.8655    0.6866    481.5149   102.7618  1594.8302         620.4245             0.7836          0.1161           0      6.2
CAP-G1200-B120-e0.5   113.7574     0.6663        54.2365  3.0122    0.8157   1080.3955   145.6661  2188.7078        1200.0000             0.9003          0.0326           0      6.1
CAP-G1200-B120-e0.75   89.9412     0.7840        63.8175  2.7479    0.8556   1112.4183   219.7274  2188.6743        1200.0000             0.9270          0.0096           0      6.9
CAP-G1200-B120-e0.9    84.0647     0.8130        66.1816  2.7292    0.8584   1102.3097   360.8555  2188.7365        1200.0000             0.9186          0.0039           0      6.2
CAP-G1200-B600-e0     173.8463     0.3693        30.0634  4.0608    0.6571    218.5683   186.1175  1287.1662         300.0000             0.7286          0.1382           0      7.0
CAP-G1200-B600-e0.25  110.5706     0.6820        55.5186  3.1997    0.7873    599.7929   233.2785  1724.9222         780.4245             0.7858          0.0383           0      7.6
CAP-G1200-B600-e0.5    87.2214     0.7974        64.9117  2.7292    0.8584   1085.7617   333.0588  2188.7289        1200.0000             0.9048          0.0112           0      6.1
CAP-G1200-B600-e0.75   83.1198     0.8177        66.5618  2.6808    0.8657   1102.3376   637.8303  2188.8488        1200.0000             0.9186          0.0034           0      6.1
CAP-G1200-B600-e0.9    83.8082     0.8143        66.2848  2.7418    0.8565   1102.3376   678.5047  2188.7330        1200.0000             0.9186          0.0028           0      6.0
## done in 62 s
## 2026-09-19 20:44:53 manifest=7d6ed04de3219c6982328c8d3b82ace5dec84547405fdeeea0aeb1cd4eba5687 argv=--trace primary --rep 0 --level 0 --set main --workers 6
[     0s] primary_rep0_L0_main: k=8 rho_busy=0.5294 (target 0.5) n=17,634,760 weeks=30 selected={300.0: (30.0, 0.5), 600.0: (30.0, 0.9), 1200.0: (120.0, 0.9)}
[     5s] FCFS reproduces the Kiefer-Wolfowitz recursion exactly (max |diff| 0)
[     5s] jobs FCFS would start within 1 s: 17,156,990 (97.3%)
                    w_p99_dl  gap_p99dl  red_p99dl_pct  w_mean  gap_mean  max_excess  harm_wf1s  max_heavy  guar_excess_max  used_over_allowed  qw_forced_frac  bound_viol  sim_sec
policy                                                                                                                                                                             
FCFS                 22.1704     0.0000         0.0000  0.6024    0.0000      0.0000     0.0000   435.0229              inf                NaN          1.0000          -1      1.2
SJF-ref               8.3100     1.0000        62.5175  0.1884    1.0000   1034.0367   595.9372  1185.8986              inf                NaN          0.0000          -1      1.4
SPJF-M4              11.9787     0.7353        45.9700  0.2402    0.8749   1244.8206   140.7798  1365.8096              inf                NaN          0.0000          -1      1.3
SPJF-M4refit         11.9157     0.7399        46.2538  0.2398    0.8760   1234.3419   142.1805  1380.6951              inf                NaN          0.0000          -1      1.4
SPJF-tweedie         12.1893     0.7201        45.0200  0.2397    0.8761   1242.4782   238.0610  1369.4833              inf                NaN          0.0000          -1      1.4
SPJF-tweedie_itr     12.1660     0.7218        45.1250  0.2401    0.8751   1019.2273   244.9642  1179.1338              inf                NaN          0.0000          -1      1.4
SPJF-r1s             12.1829     0.7206        45.0486  0.2385    0.8791    990.6786   242.7750  1178.7786              inf                NaN          0.0000          -1      1.0
FIX-G300             12.6130     0.6895        43.1086  0.2867    0.7626    187.5548   181.7761   584.5137            300.0             0.6252          0.0047           0      6.0
CAP-G300             13.0878     0.6553        40.9672  0.2824    0.7729    187.0773    96.6418   585.1194            300.0             0.6236          0.0122           0      6.7
SKIP-G300            21.3110     0.0620         3.8763  0.5664    0.0869     46.1460    46.1460   435.5074            300.0             0.1538          0.4362           0      9.8
FIX-G600             12.3215     0.7106        44.4236  0.2542    0.8410    488.1709   238.0610   865.9007            600.0             0.8136          0.0008           0      6.2
CAP-G600             12.3497     0.7085        44.2965  0.2567    0.8349    488.1709   238.0610   860.9691            600.0             0.8136          0.0010           0      5.8
SKIP-G600            19.8009     0.1710        10.6875  0.5254    0.1859     68.9035    59.7114   436.5176            600.0             0.1148          0.3479           0      8.9
FIX-G1200            12.2175     0.7181        44.8928  0.2409    0.8733   1062.1160   238.0610  1201.5089           1200.0             0.8851          0.0000           0      6.3
CAP-G1200            12.2276     0.7174        44.8472  0.2412    0.8724   1074.9827   238.0610  1225.0962           1200.0             0.8958          0.0001           0      6.9
SKIP-G1200           17.0918     0.3664        22.9070  0.4786    0.2990     73.9846    64.7948   438.6410           1200.0             0.0617          0.2626           0     10.3
SPJF-reversed        33.2242    -0.7975       -49.8584  1.1428   -1.3052   1217.5678   812.1861   996.6542              inf                NaN          0.0000          -1      0.9
CAP-G600-reversed    33.5756    -0.8229       -51.4434  1.0994   -1.2004    484.0469   401.0403   845.5137            600.0             0.8067          0.1424           0      6.5
SPJF-random          12.8886     0.6697        41.8658  0.4265    0.4248   1307.6556  1250.2017  1379.1109              inf                NaN          0.0000          -1      1.0
CAP-G600-random      13.1094     0.6537        40.8697  0.4488    0.3711    482.1836   402.5419   870.1994            600.0             0.8036          0.0216           0      6.0
SPJF-top1short       29.7510    -0.5469       -34.1924  0.9878   -0.9308   1307.3153   826.5737  1172.7351              inf                NaN          0.0000          -1      1.0
CAP-G600-top1short   29.9765    -0.5632       -35.2095  0.9684   -0.8840    494.1329   377.8700   801.8806            600.0             0.8236          0.1220           0      6.2
## done in 31 s
## 2026-09-19 20:45:26 manifest=7d6ed04de3219c6982328c8d3b82ace5dec84547405fdeeea0aeb1cd4eba5687 argv=--trace primary --rep 0 --level 1 --set main --workers 6
[     0s] primary_rep0_L1_main: k=5 rho_busy=0.8471 (target 0.8) n=17,634,760 weeks=30 selected={300.0: (30.0, 0.5), 600.0: (30.0, 0.9), 1200.0: (120.0, 0.9)}
[     5s] FCFS reproduces the Kiefer-Wolfowitz recursion exactly (max |diff| 0)
[     5s] jobs FCFS would start within 1 s: 16,013,840 (90.8%)
                    w_p99_dl  gap_p99dl  red_p99dl_pct  w_mean  gap_mean  max_excess  harm_wf1s  max_heavy  guar_excess_max  used_over_allowed  qw_forced_frac  bound_viol  sim_sec
policy                                                                                                                                                                             
FCFS                109.7080     0.0000         0.0000  4.1060    0.0000      0.0000     0.0000  1022.8812              inf                NaN          1.0000          -1      1.3
SJF-ref              34.1863     1.0000        68.8388  0.9655    1.0000   2667.4241   774.8472  3072.2622              inf                NaN          0.0000          -1      1.4
SPJF-M4              44.6934     0.8609        59.2615  1.2398    0.9127   3055.1176   241.4443  3346.7394              inf                NaN          0.0000          -1      1.4
SPJF-M4refit         44.7664     0.8599        59.1949  1.2418    0.9120   3055.1233   241.4295  3346.7451              inf                NaN          0.0000          -1      1.6
SPJF-tweedie         43.8625     0.8719        60.0189  1.2304    0.9156   3044.4703   249.1842  3312.7708              inf                NaN          0.0000          -1      1.4
SPJF-tweedie_itr     43.8706     0.8718        60.0115  1.2302    0.9157   2691.2412   222.6900  3131.8871              inf                NaN          0.0000          -1      1.4
SPJF-r1s             43.1173     0.8817        60.6981  1.2284    0.9163   2657.6554   250.5962  3098.1727              inf                NaN          0.0000          -1      1.0
FIX-G300             53.5977     0.7430        51.1452  2.0493    0.6549    214.1233   177.0591  1166.8651            300.0             0.7137          0.1144           0      6.5
CAP-G300             56.5136     0.7044        48.4873  2.0860    0.6432    199.5435    86.6265  1166.8668            300.0             0.6651          0.1298           0      6.5
SKIP-G300           109.3147     0.0052         0.3585  3.9843    0.0387     57.4078    52.9888  1023.4945            300.0             0.1914          0.8134           0      9.2
FIX-G600             47.4309     0.8246        56.7663  1.5509    0.8136    507.9580   249.1842  1460.8056            600.0             0.8466          0.0118           0      6.6
CAP-G600             47.5661     0.8228        56.6430  1.5458    0.8152    509.5704   188.8502  1460.8057            600.0             0.8493          0.0122           0      6.1
SKIP-G600           109.0173     0.0091         0.6296  3.8146    0.0928     76.3619    54.0513  1024.8385            600.0             0.1273          0.7405           0      9.3
FIX-G1200            45.8177     0.8460        58.2367  1.3869    0.8658   1103.9312   249.1842  2063.6457           1200.0             0.9199          0.0024           0      7.2
CAP-G1200            45.7327     0.8471        58.3141  1.3628    0.8735   1091.0432   249.1842  2063.6422           1200.0             0.9092          0.0024           0      7.0
SKIP-G1200          107.5864     0.0281         1.9338  3.5705    0.1705    103.3365    60.8411  1026.9663           1200.0             0.0861          0.6550           0      9.5
SPJF-reversed       218.0718    -1.4349       -98.7748  7.6156   -1.1176   3387.8909  3387.8909  1989.7746              inf                NaN          0.0000          -1      1.0
CAP-G600-reversed   222.1158    -1.4884      -102.4609  6.9984   -0.9210    506.4847   421.6250  1463.3960            600.0             0.8441          0.3058           0      6.3
SPJF-random          75.4636     0.4534        31.2141  2.7737    0.4242   3319.4227  3257.8537  3311.2105              inf                NaN          0.0000          -1      1.2
CAP-G600-random      83.0755     0.3526        24.2758  3.1854    0.2931    501.2466   449.1139  1467.3224            600.0             0.8354          0.1360           0      6.3
SPJF-top1short      207.0599    -1.2891       -88.7373  6.4524   -0.7472   3292.0641  3181.7069  3101.9555              inf                NaN          0.0000          -1      1.0
CAP-G600-top1short  212.9082    -1.3665       -94.0681  6.1847   -0.6619    502.9711   443.2435  1196.0829            600.0             0.8383          0.2699           0      6.1
## done in 31 s
## 2026-09-19 20:45:59 manifest=7d6ed04de3219c6982328c8d3b82ace5dec84547405fdeeea0aeb1cd4eba5687 argv=--trace primary --rep 0 --level 2 --set main --workers 6
[     1s] primary_rep0_L2_main: k=4 rho_busy=1.0589 (target 1.0) n=17,634,760 weeks=30 selected={300.0: (30.0, 0.5), 600.0: (30.0, 0.9), 1200.0: (120.0, 0.9)}
[     5s] FCFS reproduces the Kiefer-Wolfowitz recursion exactly (max |diff| 0)
[     5s] jobs FCFS would start within 1 s: 15,184,765 (86.1%)
                    w_p99_dl  gap_p99dl  red_p99dl_pct   w_mean  gap_mean  max_excess  harm_wf1s  max_heavy  guar_excess_max  used_over_allowed  qw_forced_frac  bound_viol  sim_sec
policy                                                                                                                                                                              
FCFS                263.1202     0.0000         0.0000  10.0987    0.0000      0.0000     0.0000  1542.7545              inf                NaN          1.0000          -1      1.3
SJF-ref              42.8808     1.0000        83.7030   1.6498    1.0000   4755.4670  1101.4794  5299.5324              inf                NaN          0.0000          -1      1.5
SPJF-M4              66.5706     0.8924        74.6996   2.2955    0.9236   5882.9188   483.2014  6264.1391              inf                NaN          0.0000          -1      1.5
SPJF-M4refit         66.7525     0.8916        74.6304   2.3003    0.9230   5896.5786   479.3118  6278.3016              inf                NaN          0.0000          -1      1.5
SPJF-tweedie         62.2255     0.9122        76.3509   2.2402    0.9301   5904.5174   462.7203  6286.2405              inf                NaN          0.0000          -1      1.5
SPJF-tweedie_itr     62.1832     0.9124        76.3670   2.2401    0.9301   5448.9042   355.7582  6085.5346              inf                NaN          0.0000          -1      1.5
SPJF-r1s             61.2577     0.9166        76.7187   2.2516    0.9288   5368.1557   372.5808  5964.3655              inf                NaN          0.0000          -1      1.1
FIX-G300            163.9905     0.4501        37.6747   5.3885    0.5575    214.1944   198.7915  1692.8864            300.0             0.7140          0.2787           0      7.5
CAP-G300            159.1120     0.4723        39.5288   5.4914    0.5453    212.8382   103.3366  1692.8690            300.0             0.7095          0.2907           0      6.7
SKIP-G300           262.8425     0.0013         0.1056   9.9118    0.0221     63.8906    45.8400  1543.5149            300.0             0.2130          0.9082           0      9.2
FIX-G600             85.8167     0.8050        67.3850   3.8242    0.7426    510.6829   450.3380  1992.9409            600.0             0.8511          0.0793           0      6.9
CAP-G600             86.9605     0.7999        66.9503   3.7990    0.7456    510.6835   262.1883  1992.7702            600.0             0.8511          0.0793           0      6.2
SKIP-G600           262.5130     0.0028         0.2308   9.6381    0.0545     94.7538    62.5119  1544.6484            600.0             0.1579          0.8630           0      9.4
FIX-G1200            72.2769     0.8665        72.5308   2.9910    0.8413   1107.6817   462.7203  2597.9366           1200.0             0.9231          0.0082           0      6.1
CAP-G1200            71.9845     0.8679        72.6420   2.9237    0.8492   1114.6896   318.5154  2596.9028           1200.0             0.9289          0.0093           0      6.6
SKIP-G1200          262.7231     0.0018         0.1509   9.2033    0.1060    118.6860    84.6495  1547.4251           1200.0             0.0989          0.8039           0      9.4
SPJF-reversed       521.0554    -1.1712       -98.0294  18.7076   -1.0189   6295.6521  5248.8356  2654.8304              inf                NaN          0.0000          -1      1.1
CAP-G600-reversed   546.1064    -1.2849      -107.5501  16.6390   -0.7741    522.9192   397.5711  1994.3180            600.0             0.8715          0.4273           0      6.3
SPJF-random         183.8038     0.3601        30.1446   6.6550    0.4076   6235.4935  6173.5747  6199.5512              inf                NaN          0.0000          -1      1.2
CAP-G600-random     243.8592     0.0875         7.3202   8.1072    0.2357    520.7356   434.3040  2007.5663            600.0             0.8679          0.2501           0      6.2
SPJF-top1short      493.4949    -1.0460       -87.5549  15.3477   -0.6213   6108.8603  3244.2250  6021.3177              inf                NaN          0.0000          -1      1.1
CAP-G600-top1short  534.1660    -1.2307      -103.0121  14.7438   -0.5498    522.9176   421.1234  1462.5620            600.0             0.8715          0.3930           0      6.2
## done in 32 s
## 2026-09-19 20:46:34 manifest=7d6ed04de3219c6982328c8d3b82ace5dec84547405fdeeea0aeb1cd4eba5687 argv=--trace primary --rep 1 --level 0 --set main --workers 6
[     1s] primary_rep1_L0_main: k=8 rho_busy=0.4942 (target 0.5) n=17,634,760 weeks=30 selected={300.0: (30.0, 0.5), 600.0: (30.0, 0.9), 1200.0: (120.0, 0.9)}
[     5s] FCFS reproduces the Kiefer-Wolfowitz recursion exactly (max |diff| 0)
[     5s] jobs FCFS would start within 1 s: 17,182,836 (97.4%)
                    w_p99_dl  gap_p99dl  red_p99dl_pct  w_mean  gap_mean  max_excess  harm_wf1s  max_heavy  guar_excess_max  used_over_allowed  qw_forced_frac  bound_viol  sim_sec
policy                                                                                                                                                                             
FCFS                 21.2035     0.0000         0.0000  0.5806    0.0000      0.0000     0.0000   349.0400              inf                NaN          1.0000          -1      1.3
SJF-ref               7.5627     1.0000        64.3327  0.1767    1.0000    854.0661   442.0649   960.3062              inf                NaN          0.0000          -1      1.3
SPJF-M4              10.8169     0.7614        48.9854  0.2249    0.8808   1077.8610   148.0077  1183.9198              inf                NaN          0.0000          -1      1.4
SPJF-M4refit         10.8041     0.7624        49.0457  0.2253    0.8798   1077.9504   147.9171  1183.9332              inf                NaN          0.0000          -1      1.4
SPJF-tweedie         10.8987     0.7554        48.5997  0.2234    0.8844   1083.2970    89.7864  1189.3064              inf                NaN          0.0000          -1      1.4
SPJF-tweedie_itr     10.8415     0.7596        48.8695  0.2220    0.8878    864.3125   123.4612  1007.6234              inf                NaN          0.0000          -1      1.3
SPJF-r1s             11.2011     0.7333        47.1732  0.2238    0.8833    862.9927   152.3750  1005.0293              inf                NaN          0.0000          -1      0.9
FIX-G300             11.2226     0.7317        47.0718  0.2668    0.7769    183.9105    89.7864   499.8975            300.0             0.6130          0.0050           0      7.8
CAP-G300             11.7046     0.6964        44.7986  0.2631    0.7861    183.9468    76.8776   497.7277            300.0             0.6132          0.0134           0      6.6
SKIP-G300            20.2300     0.0714         4.5913  0.5452    0.0876     52.1487    46.1732   349.7994            300.0             0.1738          0.4444           0      9.3
FIX-G600             10.9913     0.7487        48.1630  0.2367    0.8515    491.2094    89.7864   792.6403            600.0             0.8187          0.0007           0      6.4
CAP-G600             11.0193     0.7466        48.0305  0.2370    0.8507    491.7478    89.7864   791.6923            600.0             0.8196          0.0008           0      5.8
SKIP-G600            18.2274     0.2182        14.0358  0.5030    0.1922     71.0109    50.6413   351.1334            600.0             0.1184          0.3574           0      9.1
FIX-G1200            10.9020     0.7552        48.5837  0.2235    0.8842   1065.2785    89.7864  1171.6704           1200.0             0.8877          0.0000           0      6.7
CAP-G1200            10.8773     0.7570        48.7002  0.2229    0.8856   1059.1967    89.7864  1165.2039           1200.0             0.8827          0.0000           0      6.1
SKIP-G1200           15.5708     0.4129        26.5650  0.4571    0.3059     85.4875    54.6639   353.2236           1200.0             0.0712          0.2726           0      9.7
SPJF-reversed        31.7388    -0.7723       -49.6867  1.1506   -1.4115   1114.7644   958.2591   782.2699              inf                NaN          0.0000          -1      0.9
CAP-G600-reversed    32.0377    -0.7943       -51.0966  1.1177   -1.3299    490.1563   237.3509   620.3666            600.0             0.8169          0.1183           0      6.6
SPJF-random          12.2006     0.6600        42.4596  0.4118    0.4180   1113.3099   950.6230  1181.1275              inf                NaN          0.0000          -1      1.1
CAP-G600-random      12.3182     0.6514        41.9050  0.4238    0.3882    489.9478   431.7308   798.0276            600.0             0.8166          0.0154           0      6.7
SPJF-top1short       28.4836    -0.5337       -34.3347  0.9788   -0.9859   1096.7220  1076.4828   991.9014              inf                NaN          0.0000          -1      1.0
CAP-G600-top1short   28.8472    -0.5604       -36.0491  0.9641   -0.9495    492.3035   265.7573   719.2097            600.0             0.8205          0.0994           0      6.1
## done in 31 s
## 2026-09-19 20:47:07 manifest=7d6ed04de3219c6982328c8d3b82ace5dec84547405fdeeea0aeb1cd4eba5687 argv=--trace primary --rep 1 --level 1 --set main --workers 6
[     0s] primary_rep1_L1_main: k=5 rho_busy=0.7907 (target 0.8) n=17,634,760 weeks=30 selected={300.0: (30.0, 0.5), 600.0: (30.0, 0.9), 1200.0: (120.0, 0.9)}
[     5s] FCFS reproduces the Kiefer-Wolfowitz recursion exactly (max |diff| 0)
[     5s] jobs FCFS would start within 1 s: 16,023,981 (90.9%)
                    w_p99_dl  gap_p99dl  red_p99dl_pct  w_mean  gap_mean  max_excess  harm_wf1s  max_heavy  guar_excess_max  used_over_allowed  qw_forced_frac  bound_viol  sim_sec
policy                                                                                                                                                                             
FCFS                111.4636     0.0000         0.0000  4.2733    0.0000      0.0000     0.0000   848.2843              inf                NaN          1.0000          -1      1.3
SJF-ref              32.2131     1.0000        71.0999  0.9177    1.0000   2410.5084   255.4372  2755.8509              inf                NaN          0.0000          -1      1.5
SPJF-M4              42.6237     0.8686        61.7600  1.1919    0.9183   2814.9300   390.8841  3017.1815              inf                NaN          0.0000          -1      1.5
SPJF-M4refit         42.6273     0.8686        61.7567  1.1924    0.9181   2814.9129   390.4717  3017.1814              inf                NaN          0.0000          -1      1.5
SPJF-tweedie         41.2068     0.8865        63.0312  1.1733    0.9238   2846.3936   264.4993  3048.7158              inf                NaN          0.0000          -1      1.5
SPJF-tweedie_itr     41.0501     0.8885        63.1717  1.1723    0.9241   2512.3208   208.3600  2834.2860              inf                NaN          0.0000          -1      1.4
SPJF-r1s             40.8208     0.8914        63.3775  1.1714    0.9244   2483.0791   266.3374  2864.0596              inf                NaN          0.0000          -1      1.0
FIX-G300             50.9633     0.7634        54.2781  2.0794    0.6538    198.2737   174.0038   986.8700            300.0             0.6609          0.1205           0      6.8
CAP-G300             54.2960     0.7214        51.2881  2.0987    0.6481    197.6537   109.5862   992.2464            300.0             0.6588          0.1296           0      6.7
SKIP-G300           111.0932     0.0047         0.3323  4.1551    0.0352     63.8906    58.7084   848.9774            300.0             0.2130          0.8328           0      9.4
FIX-G600             44.9646     0.8391        59.6598  1.5114    0.8231    511.3087   264.4993  1291.5840            600.0             0.8522          0.0122           0      6.7
CAP-G600             45.0854     0.8376        59.5515  1.4970    0.8273    511.3083   206.9302  1291.6031            600.0             0.8522          0.0131           0      6.6
SKIP-G600           110.6866     0.0098         0.6971  3.9883    0.0849     97.5376    63.3953   850.1311            600.0             0.1626          0.7688           0      9.1
FIX-G1200            43.3750     0.8592        61.0859  1.3378    0.8748   1110.9289   264.4993  1892.4068           1200.0             0.9258          0.0024           0      6.5
CAP-G1200            43.3569     0.8594        61.1022  1.3392    0.8744   1110.9281   264.4993  1892.3531           1200.0             0.9258          0.0029           0      6.9
SKIP-G1200          109.2976     0.0273         1.9433  3.7486    0.1564    113.8946    83.5464   852.0482           1200.0             0.0949          0.6942           0      9.2
SPJF-reversed       218.5583    -1.3513       -96.0804  8.1292   -1.1491   3076.3412  1820.9504  1565.2841              inf                NaN          0.0000          -1      1.0
CAP-G600-reversed   228.3776    -1.4752      -104.8898  7.4018   -0.9323    511.7034   495.1309  1264.9369            600.0             0.8528          0.3667           0      6.7
SPJF-random          74.6205     0.4649        33.0540  2.9548    0.3929   3074.0481  2161.8949  2970.0419              inf                NaN          0.0000          -1      1.2
CAP-G600-random      83.7359     0.3499        24.8761  3.4273    0.2521    506.8865   506.8865  1290.8760            600.0             0.8448          0.1637           0      6.9
SPJF-top1short      204.3433    -1.1720       -83.3273  6.8203   -0.7590   2948.2476  1539.1425  2815.7493              inf                NaN          0.0000          -1      1.0
CAP-G600-top1short  218.0852    -1.3454       -95.6560  6.5512   -0.6789    508.8874   494.5101  1127.4087            600.0             0.8481          0.3315           0      6.8
## done in 32 s
## 2026-09-19 20:47:41 manifest=7d6ed04de3219c6982328c8d3b82ace5dec84547405fdeeea0aeb1cd4eba5687 argv=--trace primary --rep 1 --level 2 --set main --workers 6
[     1s] primary_rep1_L2_main: k=4 rho_busy=0.9884 (target 1.0) n=17,634,760 weeks=30 selected={300.0: (30.0, 0.5), 600.0: (30.0, 0.9), 1200.0: (120.0, 0.9)}
[     5s] FCFS reproduces the Kiefer-Wolfowitz recursion exactly (max |diff| 0)
[     5s] jobs FCFS would start within 1 s: 15,176,210 (86.1%)
                    w_p99_dl  gap_p99dl  red_p99dl_pct   w_mean  gap_mean  max_excess  harm_wf1s  max_heavy  guar_excess_max  used_over_allowed  qw_forced_frac  bound_viol  sim_sec
policy                                                                                                                                                                              
FCFS                277.8373     0.0000         0.0000  10.8652    0.0000      0.0000     0.0000  1268.6875              inf                NaN          1.0000          -1      1.3
SJF-ref              43.3656     1.0000        84.3917   1.6852    1.0000   4030.3125   379.8092  4497.8479              inf                NaN          0.0000          -1      1.6
SPJF-M4              65.0198     0.9076        76.5979   2.3102    0.9319   5103.4421   352.1729  5393.3568              inf                NaN          0.0000          -1      1.6
SPJF-M4refit         65.1128     0.9073        76.5644   2.3144    0.9315   5103.3779   352.0779  5393.3555              inf                NaN          0.0000          -1      1.6
SPJF-tweedie         60.6784     0.9262        78.1604   2.2662    0.9367   5099.8912   646.8714  5389.8970              inf                NaN          0.0000          -1      1.6
SPJF-tweedie_itr     61.2449     0.9237        77.9566   2.2781    0.9354   4678.8165   493.0048  5196.7672              inf                NaN          0.0000          -1      1.5
SPJF-r1s             60.6976     0.9261        78.1536   2.2765    0.9356   4605.3305   622.0065  5109.5123              inf                NaN          0.0000          -1      1.1
FIX-G300            171.5761     0.4532        38.2458   6.0214    0.5276    215.5266   208.1596  1419.0196            300.0             0.7184          0.3229           0      6.4
CAP-G300            167.6592     0.4699        39.6556   6.1489    0.5138    217.9603    98.2421  1419.1923            300.0             0.7265          0.3269           0      7.0
SKIP-G300           277.6375     0.0009         0.0719  10.6833    0.0198     63.8906    52.4757  1269.3061            300.0             0.2130          0.9207           0      9.8
FIX-G600             84.6555     0.8239        69.5305   4.1010    0.7368    515.8403   450.9349  1718.9898            600.0             0.8597          0.0784           0      7.2
CAP-G600             85.0003     0.8224        69.4064   4.0534    0.7420    515.8402   298.0779  1719.0523            600.0             0.8597          0.0745           0      6.7
SKIP-G600           277.5815     0.0011         0.0921  10.4193    0.0486    107.1589    54.0703  1270.6203            600.0             0.1786          0.8814           0      9.8
FIX-G1200            69.7913     0.8873        74.8805   3.0938    0.8466   1116.4944   646.8714  2323.9605           1200.0             0.9304          0.0077           0      7.3
CAP-G1200            69.6330     0.8880        74.9375   2.9868    0.8582   1110.6406   450.9349  2338.0569           1200.0             0.9255          0.0084           0      6.8
SKIP-G1200          277.8483    -0.0000        -0.0039  10.0021    0.0940    135.6561    84.7347  1272.8708           1200.0             0.1130          0.8302           0      9.6
SPJF-reversed       567.1998    -1.2341      -104.1482  20.1704   -1.0136   5432.9949  3749.2119  2237.5788              inf                NaN          0.0000          -1      1.1
CAP-G600-reversed   575.6394    -1.2701      -107.1858  17.7683   -0.7520    526.0438   513.7663  1720.5947            600.0             0.8767          0.4683           0      6.9
SPJF-random         191.8163     0.3669        30.9609   7.3465    0.3833   5420.3787  3772.1538  4809.0101              inf                NaN          0.0000          -1      1.4
CAP-G600-random     262.8049     0.0641         5.4105   8.9827    0.2051    510.8866   503.7272  1729.0542            600.0             0.8515          0.2795           0      6.3
SPJF-top1short      537.8297    -1.1088       -93.5772  16.5830   -0.6229   5458.6544  3399.0374  5153.4591              inf                NaN          0.0000          -1      1.2
CAP-G600-top1short  570.9106    -1.2499      -105.4838  15.7317   -0.5301    523.1899   424.1479  1540.0081            600.0             0.8720          0.4264           0      6.8
## done in 33 s
## 2026-09-19 20:48:17 manifest=7d6ed04de3219c6982328c8d3b82ace5dec84547405fdeeea0aeb1cd4eba5687 argv=--trace primary --rep 2 --level 0 --set main --workers 6
[     1s] primary_rep2_L0_main: k=8 rho_busy=0.4901 (target 0.5) n=17,634,760 weeks=30 selected={300.0: (30.0, 0.5), 600.0: (30.0, 0.9), 1200.0: (120.0, 0.9)}
[     6s] FCFS reproduces the Kiefer-Wolfowitz recursion exactly (max |diff| 0)
[     6s] jobs FCFS would start within 1 s: 17,130,247 (97.1%)
                    w_p99_dl  gap_p99dl  red_p99dl_pct  w_mean  gap_mean  max_excess  harm_wf1s  max_heavy  guar_excess_max  used_over_allowed  qw_forced_frac  bound_viol  sim_sec
policy                                                                                                                                                                             
FCFS                 26.8419     0.0000         0.0000  0.6604    0.0000      0.0000     0.0000   370.7709              inf                NaN          1.0000          -1      1.4
SJF-ref              10.4898     1.0000        60.9199  0.2211    1.0000    695.6382   476.8432   806.2394              inf                NaN          0.0000          -1      1.4
SPJF-M4              14.6350     0.7465        45.4769  0.2854    0.8536    869.3420   396.4446   983.3879              inf                NaN          0.0000          -1      1.4
SPJF-M4refit         14.6416     0.7461        45.4523  0.2859    0.8526    863.6946   396.4730   976.6091              inf                NaN          0.0000          -1      1.4
SPJF-tweedie         14.6193     0.7475        45.5353  0.2826    0.8601    861.4499   229.0067   974.4251              inf                NaN          0.0000          -1      1.4
SPJF-tweedie_itr     14.6602     0.7450        45.3831  0.2823    0.8607    649.9013   248.7665   774.4240              inf                NaN          0.0000          -1      1.4
SPJF-r1s             14.8562     0.7330        44.6531  0.2817    0.8621    658.6688   236.5741   780.6262              inf                NaN          0.0000          -1      0.9
FIX-G300             15.0617     0.7204        43.8874  0.3284    0.7557    201.1524   187.8596   552.7699            300.0             0.6705          0.0067           0      7.1
CAP-G300             15.8387     0.6729        40.9925  0.3335    0.7441    193.0746    97.2351   552.8260            300.0             0.6436          0.0206           0      6.9
SKIP-G300            25.6290     0.0742         4.5187  0.6211    0.0893     51.6510    36.8295   371.2896            300.0             0.1722          0.4601           0      9.5
FIX-G600             14.7698     0.7383        44.9748  0.2926    0.8373    472.7865   229.0067   684.1182            600.0             0.7880          0.0005           0      6.7
CAP-G600             14.7890     0.7371        44.9031  0.2937    0.8348    472.7865   229.0067   686.2167            600.0             0.7880          0.0008           0      6.6
SKIP-G600            24.2075     0.1611         9.8143  0.5758    0.1925     62.9807    40.2170   372.3406            600.0             0.1050          0.3682           0      9.9
FIX-G1200            14.6193     0.7475        45.5353  0.2826    0.8601    861.4499   229.0067   974.4251           1200.0             0.7179          0.0000           0      6.2
CAP-G1200            14.6188     0.7475        45.5375  0.2826    0.8601    861.4535   229.0067   974.4251           1200.0             0.7179          0.0000           0      6.6
SKIP-G1200           20.9425     0.3608        21.9783  0.5260    0.3059     78.1927    57.3033   374.5898           1200.0             0.0652          0.2798           0      8.8
SPJF-reversed        40.1379    -0.8131       -49.5344  1.1833   -1.1904    861.2511   618.1519   711.9966              inf                NaN          0.0000          -1      0.9
CAP-G600-reversed    40.5640    -0.8392       -51.1220  1.1524   -1.1202    497.1047   231.6404   606.5827            600.0             0.8285          0.1064           0      6.9
SPJF-random          16.7078     0.6197        37.7547  0.4784    0.4142    956.7599   956.7599   956.7674              inf                NaN          0.0000          -1      1.1
CAP-G600-random      16.8550     0.6107        37.2064  0.4875    0.3934    482.3795   318.9843   744.5550            600.0             0.8040          0.0154           0      6.1
SPJF-top1short       35.4042    -0.5236       -31.8992  1.0025   -0.7789    919.7150   498.9730   756.8132              inf                NaN          0.0000          -1      0.9
CAP-G600-top1short   35.6921    -0.5412       -32.9718  0.9943   -0.7603    495.7577   228.8678   714.3838            600.0             0.8263          0.0916           0      6.5
## done in 32 s
## 2026-09-19 20:48:50 manifest=7d6ed04de3219c6982328c8d3b82ace5dec84547405fdeeea0aeb1cd4eba5687 argv=--trace primary --rep 2 --level 1 --set main --workers 6
[     1s] primary_rep2_L1_main: k=5 rho_busy=0.7842 (target 0.8) n=17,634,760 weeks=30 selected={300.0: (30.0, 0.5), 600.0: (30.0, 0.9), 1200.0: (120.0, 0.9)}
[     5s] FCFS reproduces the Kiefer-Wolfowitz recursion exactly (max |diff| 0)
[     6s] jobs FCFS would start within 1 s: 16,018,471 (90.8%)
                    w_p99_dl  gap_p99dl  red_p99dl_pct  w_mean  gap_mean  max_excess  harm_wf1s  max_heavy  guar_excess_max  used_over_allowed  qw_forced_frac  bound_viol  sim_sec
policy                                                                                                                                                                             
FCFS                120.1386     0.0000         0.0000  4.1611    0.0000      0.0000     0.0000   803.9387              inf                NaN          1.0000          -1      1.3
SJF-ref              33.3534     1.0000        72.2376  0.9491    1.0000   1837.9739   578.0904  2130.3496              inf                NaN          0.0000          -1      1.5
SPJF-M4              45.1012     0.8646        62.4590  1.2504    0.9062   2438.9160   259.3722  2680.0773              inf                NaN          0.0000          -1      1.5
SPJF-M4refit         45.0807     0.8649        62.4761  1.2477    0.9070   2438.9186   259.3623  2680.0712              inf                NaN          0.0000          -1      1.5
SPJF-tweedie         44.2265     0.8747        63.1871  1.2304    0.9124   2418.9025   469.2562  2691.1867              inf                NaN          0.0000          -1      1.5
SPJF-tweedie_itr     44.3295     0.8735        63.1014  1.2325    0.9118   2144.3708   235.3579  2489.9747              inf                NaN          0.0000          -1      1.4
SPJF-r1s             43.6326     0.8816        63.6815  1.2302    0.9125   2104.9821   380.4443  2477.9829              inf                NaN          0.0000          -1      1.0
FIX-G300             54.8679     0.7521        54.3295  2.0194    0.6668    210.9248   175.2516   948.2587            300.0             0.7031          0.0974           0      7.7
CAP-G300             57.6033     0.7206        52.0527  2.0484    0.6577    207.2867   107.0725   951.0169            300.0             0.6910          0.1186           0      6.9
SKIP-G300           120.2242    -0.0010        -0.0713  4.0386    0.0382     63.8906    57.3012   804.5403            300.0             0.2130          0.8179           0      8.8
FIX-G600             47.7314     0.8343        60.2697  1.5184    0.8228    502.5814   446.7270  1252.0705            600.0             0.8376          0.0101           0      6.7
CAP-G600             47.8525     0.8329        60.1689  1.5126    0.8246    502.5814   143.7092  1273.9592            600.0             0.8376          0.0105           0      5.8
SKIP-G600           119.5417     0.0069         0.4968  3.8627    0.0929     97.5376    60.8722   805.8681            600.0             0.1626          0.7498           0      9.3
FIX-G1200            45.9034     0.8554        61.7913  1.3911    0.8624   1095.4009   469.2562  1797.0438           1200.0             0.9128          0.0019           0      7.6
CAP-G1200            45.8323     0.8562        61.8505  1.3740    0.8677   1094.0155   309.8263  1797.0450           1200.0             0.9117          0.0023           0      6.9
SKIP-G1200          118.2910     0.0213         1.5379  3.6094    0.1718    128.6483    66.7003   807.6864           1200.0             0.1072          0.6679           0      8.9
SPJF-reversed       231.2665    -1.2805       -92.4997  7.6455   -1.0848   2708.6386  2484.8489  1463.7090              inf                NaN          0.0000          -1      1.1
CAP-G600-reversed   236.9383    -1.3458       -97.2208  7.0944   -0.9132    507.7027   507.7027  1254.4679            600.0             0.8462          0.2923           0      6.4
SPJF-random          83.1431     0.4263        30.7940  2.8693    0.4022   2678.5732  2451.9623  2692.2197              inf                NaN          0.0000          -1      1.2
CAP-G600-random      91.5143     0.3298        23.8260  3.2318    0.2893    500.9086   483.4654  1265.9993            600.0             0.8348          0.1198           0      7.7
SPJF-top1short      216.6067    -1.1116       -80.2973  6.4124   -0.7009   2627.7651  1956.2024  2451.1172              inf                NaN          0.0000          -1      1.0
CAP-G600-top1short  225.2279    -1.2109       -87.4734  6.1986   -0.6343    507.8836   496.1246  1060.1653            600.0             0.8465          0.2500           0      6.5
## done in 32 s
## 2026-09-19 20:49:24 manifest=7d6ed04de3219c6982328c8d3b82ace5dec84547405fdeeea0aeb1cd4eba5687 argv=--trace primary --rep 2 --level 2 --set main --workers 6
[     0s] primary_rep2_L2_main: k=4 rho_busy=0.9802 (target 1.0) n=17,634,760 weeks=30 selected={300.0: (30.0, 0.5), 600.0: (30.0, 0.9), 1200.0: (120.0, 0.9)}
[     6s] FCFS reproduces the Kiefer-Wolfowitz recursion exactly (max |diff| 0)
[     6s] jobs FCFS would start within 1 s: 15,170,667 (86.0%)
                    w_p99_dl  gap_p99dl  red_p99dl_pct   w_mean  gap_mean  max_excess  harm_wf1s  max_heavy  guar_excess_max  used_over_allowed  qw_forced_frac  bound_viol  sim_sec
policy                                                                                                                                                                              
FCFS                264.6694     0.0000         0.0000  10.3078    0.0000      0.0000     0.0000  1127.7464              inf                NaN          1.0000          -1      1.3
SJF-ref              44.5242     1.0000        83.1774   1.7451    1.0000   3571.4015   960.8376  3995.1573              inf                NaN          0.0000          -1      1.5
SPJF-M4              70.0352     0.8841        73.5386   2.4213    0.9210   4196.5655   455.6722  4522.4868              inf                NaN          0.0000          -1      1.6
SPJF-M4refit         70.2667     0.8831        73.4511   2.4217    0.9210   4196.5476   455.8806  4522.5062              inf                NaN          0.0000          -1      1.6
SPJF-tweedie         64.9651     0.9071        75.4542   2.3549    0.9288   4196.4788   708.7601  4522.2726              inf                NaN          0.0000          -1      1.6
SPJF-tweedie_itr     65.0259     0.9069        75.4313   2.3615    0.9280   3860.0983   529.0085  4378.8023              inf                NaN          0.0000          -1      1.6
SPJF-r1s             65.0526     0.9068        75.4212   2.3632    0.9278   3603.9892   879.1565  4122.4716              inf                NaN          0.0000          -1      1.1
FIX-G300            165.1739     0.4520        37.5924   5.5085    0.5605    212.0101   202.3430  1277.9082            300.0             0.7067          0.2782           0      6.5
CAP-G300            163.0583     0.4616        38.3917   5.5710    0.5532    229.2769   112.9626  1277.9442            300.0             0.7643          0.2874           0      6.9
SKIP-G300           264.7069    -0.0002        -0.0142  10.1196    0.0220     74.5620    45.2810  1128.3803            300.0             0.2485          0.9108           0      9.4
FIX-G600             88.2014     0.8016        66.6749   3.8903    0.7495    510.4146   460.8261  1577.8584            600.0             0.8507          0.0732           0      7.0
CAP-G600             89.6724     0.7949        66.1191   3.8846    0.7501    510.4146   307.3286  1577.8584            600.0             0.8507          0.0725           0      6.8
SKIP-G600           263.9631     0.0032         0.2669   9.8453    0.0540    107.4236    63.0005  1129.6601            600.0             0.1790          0.8676           0      9.4
FIX-G1200            75.2248     0.8605        71.5778   3.0995    0.8418   1096.9930   708.7601  2174.0653           1200.0             0.9142          0.0066           0      6.5
CAP-G1200            75.5689     0.8590        71.4478   3.1306    0.8382   1103.5368   423.8312  2174.0617           1200.0             0.9196          0.0074           0      6.4
SKIP-G1200          263.8269     0.0038         0.3183   9.4087    0.1050    142.4009    95.9634  1131.9050           1200.0             0.1187          0.8100           0      9.6
SPJF-reversed       542.8002    -1.2634      -105.0862  18.7597   -0.9871   4594.5523  3626.8357  1905.4207              inf                NaN          0.0000          -1      1.1
CAP-G600-reversed   551.7038    -1.3038      -108.4502  16.9083   -0.7709    529.7833   391.9978  1567.1752            600.0             0.8830          0.4205           0      6.5
SPJF-random         203.8521     0.2763        22.9786   6.9219    0.3954   4528.7565  3637.0265  4547.6007              inf                NaN          0.0000          -1      1.3
CAP-G600-random     263.9954     0.0031         0.2547   8.2930    0.2353    514.5526   514.5526  1572.0811            600.0             0.8576          0.2440           0      6.4
SPJF-top1short      510.2246    -1.1154       -92.7781  15.4356   -0.5989   4622.2762  3320.6186  4310.6006              inf                NaN          0.0000          -1      1.3
CAP-G600-top1short  545.4318    -1.2754      -106.0804  14.9147   -0.5380    529.8871   497.8002  1286.0117            600.0             0.8831          0.3732           0      7.1
## done in 34 s
## 2026-09-19 20:50:05 manifest=7d6ed04de3219c6982328c8d3b82ace5dec84547405fdeeea0aeb1cd4eba5687 argv=--trace primary --rep 3 --level 0 --set main --workers 6
[     1s] primary_rep3_L0_main: k=8 rho_busy=0.4813 (target 0.5) n=17,634,760 weeks=30 selected={300.0: (30.0, 0.5), 600.0: (30.0, 0.9), 1200.0: (120.0, 0.9)}
[     6s] FCFS reproduces the Kiefer-Wolfowitz recursion exactly (max |diff| 0)
[     6s] jobs FCFS would start within 1 s: 17,162,678 (97.3%)
                    w_p99_dl  gap_p99dl  red_p99dl_pct  w_mean  gap_mean  max_excess  harm_wf1s  max_heavy  guar_excess_max  used_over_allowed  qw_forced_frac  bound_viol  sim_sec
policy                                                                                                                                                                             
FCFS                 24.0551     0.0000         0.0000  0.6490    0.0000      0.0000     0.0000   392.3049              inf                NaN          1.0000          -1      1.3
SJF-ref               9.3150     1.0000        61.2761  0.1986    1.0000    796.5416    67.1412   910.3930              inf                NaN          0.0000          -1      1.4
SPJF-M4              13.2031     0.7362        45.1130  0.2607    0.8620    939.2336   146.2166  1081.5288              inf                NaN          0.0000          -1      1.4
SPJF-M4refit         13.2184     0.7352        45.0492  0.2609    0.8617    939.2408   146.2178  1081.5232              inf                NaN          0.0000          -1      1.4
SPJF-tweedie         13.1167     0.7421        45.4720  0.2575    0.8692    932.9352    89.3280  1069.1785              inf                NaN          0.0000          -1      1.4
SPJF-tweedie_itr     13.0740     0.7450        45.6497  0.2573    0.8695    745.4318   122.8558   867.0929              inf                NaN          0.0000          -1      1.4
SPJF-r1s             13.3740     0.7246        44.4024  0.2555    0.8737    742.3197    69.9567   876.8564              inf                NaN          0.0000          -1      0.9
FIX-G300             13.4386     0.7202        44.1340  0.3080    0.7571    191.5020    89.3280   520.7119            300.0             0.6383          0.0064           0      6.6
CAP-G300             14.0421     0.6793        41.6251  0.3026    0.7691    173.8609    86.9934   525.3501            300.0             0.5795          0.0177           0      6.5
SKIP-G300            23.0797     0.0662         4.0547  0.6117    0.0829     58.3498    51.3864   392.8278            300.0             0.1945          0.4705           0     10.0
FIX-G600             13.2129     0.7356        45.0723  0.2688    0.8441    485.6461    89.3280   754.4169            600.0             0.8094          0.0005           0      6.4
CAP-G600             13.2408     0.7337        44.9561  0.2713    0.8385    485.6461    89.3280   756.0031            600.0             0.8094          0.0008           0      6.8
SKIP-G600            21.3438     0.1839        11.2711  0.5664    0.1834     70.7684    63.3653   393.8965            600.0             0.1179          0.3856           0      8.8
FIX-G1200            13.1167     0.7421        45.4720  0.2575    0.8692    932.9352    89.3280  1069.1785           1200.0             0.7774          0.0000           0      6.2
CAP-G1200            13.1167     0.7421        45.4720  0.2575    0.8692    932.9352    89.3280  1069.1785           1200.0             0.7774          0.0000           0      6.3
SKIP-G1200           18.5576     0.3730        22.8538  0.5167    0.2938    102.2186    67.5980   395.9336           1200.0             0.0852          0.3026           0      9.4
SPJF-reversed        37.5868    -0.9180       -56.2533  1.1506   -1.1135   1103.3870   535.4726   743.7262              inf                NaN          0.0000          -1      0.9
CAP-G600-reversed    37.9184    -0.9405       -57.6319  1.1237   -1.0538    481.5457   391.8068   659.0872            600.0             0.8026          0.1049           0      6.3
SPJF-random          14.8162     0.6268        38.4070  0.4560    0.4286   1111.8037   912.9409   970.8587              inf                NaN          0.0000          -1      1.0
CAP-G600-random      14.9276     0.6192        37.9439  0.4719    0.3931    477.2301   337.3501   772.0953            600.0             0.7954          0.0166           0      6.4
SPJF-top1short       33.0454    -0.6099       -37.3742  0.9869   -0.7501   1080.2970   623.2950   859.0441              inf                NaN          0.0000          -1      1.0
CAP-G600-top1short   33.3000    -0.6272       -38.4324  0.9796   -0.7339    476.8762   338.8088   728.9639            600.0             0.7948          0.0931           0      7.0
## done in 32 s
## 2026-09-19 20:50:39 manifest=7d6ed04de3219c6982328c8d3b82ace5dec84547405fdeeea0aeb1cd4eba5687 argv=--trace primary --rep 3 --level 1 --set main --workers 6
[     1s] primary_rep3_L1_main: k=5 rho_busy=0.7700 (target 0.8) n=17,634,760 weeks=30 selected={300.0: (30.0, 0.5), 600.0: (30.0, 0.9), 1200.0: (120.0, 0.9)}
[     6s] FCFS reproduces the Kiefer-Wolfowitz recursion exactly (max |diff| 0)
[     6s] jobs FCFS would start within 1 s: 16,012,654 (90.8%)
                    w_p99_dl  gap_p99dl  red_p99dl_pct  w_mean  gap_mean  max_excess  harm_wf1s  max_heavy  guar_excess_max  used_over_allowed  qw_forced_frac  bound_viol  sim_sec
policy                                                                                                                                                                             
FCFS                124.2571     0.0000         0.0000  4.2194    0.0000      0.0000     0.0000   813.6108              inf                NaN          1.0000          -1      1.3
SJF-ref              34.3595     1.0000        72.3481  0.9922    1.0000   2181.6360   289.6859  2483.4574              inf                NaN          0.0000          -1      1.4
SPJF-M4              44.9226     0.8825        63.8471  1.2938    0.9066   2538.7714   355.7907  2775.1187              inf                NaN          0.0000          -1      1.4
SPJF-M4refit         44.9177     0.8826        63.8510  1.2942    0.9064   2538.7652   355.7894  2775.1108              inf                NaN          0.0000          -1      1.4
SPJF-tweedie         43.9630     0.8932        64.6193  1.2676    0.9147   2545.1898   342.3372  2785.5031              inf                NaN          0.0000          -1      1.6
SPJF-tweedie_itr     43.8945     0.8939        64.6745  1.2700    0.9139   2233.7284   330.4255  2595.4660              inf                NaN          0.0000          -1      1.4
SPJF-r1s             43.3546     0.8999        65.1090  1.2722    0.9133   2208.6250   889.8689  2562.1190              inf                NaN          0.0000          -1      1.0
FIX-G300             53.5883     0.7861        56.8730  2.1344    0.6461    202.2040   165.5106   957.7442            300.0             0.6740          0.1304           0      6.6
CAP-G300             57.1701     0.7463        53.9905  2.1965    0.6268    202.2039    90.9793   957.7662            300.0             0.6740          0.1453           0      6.8
SKIP-G300           123.9118     0.0038         0.2779  4.0965    0.0381     56.4062    45.7458   814.1919            300.0             0.1880          0.8221           0      9.3
FIX-G600             47.1954     0.8572        62.0180  1.6145    0.8072    497.2890   342.3372  1261.4819            600.0             0.8288          0.0125           0      7.0
CAP-G600             47.1344     0.8579        62.0671  1.6072    0.8094    497.5932   138.3169  1261.3520            600.0             0.8293          0.0125           0      6.0
SKIP-G600           123.2342     0.0114         0.8232  3.9250    0.0912     73.7130    50.9055   815.3627            600.0             0.1229          0.7541           0      9.5
FIX-G1200            45.6094     0.8749        63.2943  1.4320    0.8637   1099.6003   342.3372  1837.7284           1200.0             0.9163          0.0019           0      7.5
CAP-G1200            45.6188     0.8748        63.2868  1.4137    0.8694   1099.6003   320.1511  1840.6460           1200.0             0.9163          0.0024           0      6.5
SKIP-G1200          123.0311     0.0136         0.9867  3.6812    0.1668    130.6746    60.2005   817.6714           1200.0             0.1089          0.6752           0      9.3
SPJF-reversed       229.7790    -1.1738       -84.9222  7.6856   -1.0741   2838.4636  2838.4636  1457.5826              inf                NaN          0.0000          -1      1.0
CAP-G600-reversed   235.7733    -1.2405       -89.7462  7.1480   -0.9075    503.7419   421.7574  1242.7370            600.0             0.8396          0.3151           0      6.9
SPJF-random          79.8602     0.4939        35.7299  2.9004    0.4087   2827.7744  2581.2233  2658.1216              inf                NaN          0.0000          -1      1.2
CAP-G600-random      87.7054     0.4066        29.4162  3.2941    0.2867    500.0505   478.2801  1261.8943            600.0             0.8334          0.1340           0      6.4
SPJF-top1short      212.1353    -0.9775       -70.7229  6.5096   -0.7097   2743.5025  2743.5025  2558.3271              inf                NaN          0.0000          -1      1.0
CAP-G600-top1short  220.9347    -1.0754       -77.8044  6.2995   -0.6446    505.6906   409.5800  1168.6448            600.0             0.8428          0.2658           0      7.0
## done in 32 s
## 2026-09-19 20:51:13 manifest=7d6ed04de3219c6982328c8d3b82ace5dec84547405fdeeea0aeb1cd4eba5687 argv=--trace primary --rep 3 --level 2 --set main --workers 6
[     0s] primary_rep3_L2_main: k=4 rho_busy=0.9625 (target 1.0) n=17,634,760 weeks=30 selected={300.0: (30.0, 0.5), 600.0: (30.0, 0.9), 1200.0: (120.0, 0.9)}
[     5s] FCFS reproduces the Kiefer-Wolfowitz recursion exactly (max |diff| 0)
[     5s] jobs FCFS would start within 1 s: 15,192,423 (86.2%)
                    w_p99_dl  gap_p99dl  red_p99dl_pct   w_mean  gap_mean  max_excess  harm_wf1s  max_heavy  guar_excess_max  used_over_allowed  qw_forced_frac  bound_viol  sim_sec
policy                                                                                                                                                                              
FCFS                264.6523     0.0000         0.0000  10.1174    0.0000      0.0000     0.0000  1177.1330              inf                NaN          1.0000          -1      1.3
SJF-ref              43.4878     1.0000        83.5679   1.6810    1.0000   3430.8254  1362.1930  3890.5726              inf                NaN          0.0000          -1      1.5
SPJF-M4              66.5516     0.8957        74.8532   2.3238    0.9238   4022.8309   551.1004  4345.4156              inf                NaN          0.0000          -1      1.5
SPJF-M4refit         66.3424     0.8967        74.9322   2.3195    0.9243   4015.7920   551.0830  4349.2042              inf                NaN          0.0000          -1      1.5
SPJF-tweedie         62.4468     0.9143        76.4042   2.2617    0.9312   3980.5764   611.5342  4283.5027              inf                NaN          0.0000          -1      1.6
SPJF-tweedie_itr     63.0130     0.9117        76.1903   2.2681    0.9304   3614.8625   488.4971  4101.2473              inf                NaN          0.0000          -1      1.6
SPJF-r1s             62.2558     0.9151        76.4764   2.2718    0.9300   3628.1885   607.0501  4166.6979              inf                NaN          0.0000          -1      1.1
FIX-G300            167.1172     0.4410        36.8540   5.4954    0.5479    227.8946   201.9140  1328.3095            300.0             0.7596          0.3044           0      5.9
CAP-G300            166.3802     0.4443        37.1325   5.5592    0.5403    219.5227   109.0781  1328.3872            300.0             0.7317          0.3143           0      6.7
SKIP-G300           264.6431     0.0000         0.0035   9.9315    0.0220     57.3832    57.3467  1177.7738            300.0             0.1913          0.9112           0      9.0
FIX-G600             84.0604     0.8166        68.2374   3.8489    0.7430    523.5029   520.4700  1628.3077            600.0             0.8725          0.0792           0      6.5
CAP-G600             85.2246     0.8113        67.7975   3.8369    0.7445    523.5029   520.4700  1628.3258            600.0             0.8725          0.0820           0      7.3
SKIP-G600           264.8091    -0.0007        -0.0593   9.6569    0.0546     95.3622    82.3439  1178.8839            600.0             0.1589          0.8679           0      9.1
FIX-G1200            71.3955     0.8738        73.0229   3.0682    0.8356   1113.7313   611.5342  2228.3216           1200.0             0.9281          0.0070           0      7.2
CAP-G1200            71.5425     0.8732        72.9674   3.0576    0.8368   1113.7313   575.9669  2228.3181           1200.0             0.9281          0.0080           0      6.9
SKIP-G1200          265.2584    -0.0027        -0.2290   9.2252    0.1058    135.2072   104.6214  1181.1190           1200.0             0.1127          0.8119           0      9.0
SPJF-reversed       542.8863    -1.2580      -105.1319  18.3700   -0.9782   4577.7924  4071.0367  2044.4072              inf                NaN          0.0000          -1      1.1
CAP-G600-reversed   565.6313    -1.3609      -113.7262  16.5676   -0.7646    526.1674   316.4334  1621.6653            600.0             0.8769          0.4292           0      6.2
SPJF-random         194.1559     0.3188        26.6374   6.7514    0.3990   4576.9471  4291.9881  4127.4768              inf                NaN          0.0000          -1      1.3
CAP-G600-random     255.3119     0.0422         3.5293   8.1354    0.2349    509.7500   504.4806  1637.0833            600.0             0.8496          0.2567           0      6.2
SPJF-top1short      510.0429    -1.1095       -92.7219  15.1148   -0.5924   4168.4933  3142.0874  4113.0347              inf                NaN          0.0000          -1      1.1
CAP-G600-top1short  553.2105    -1.3047      -109.0330  14.6305   -0.5349    514.8493   263.1093  1424.0919            600.0             0.8581          0.3869           0      6.2
## done in 32 s
## 2026-09-19 20:51:47 manifest=7d6ed04de3219c6982328c8d3b82ace5dec84547405fdeeea0aeb1cd4eba5687 argv=--trace primary --rep 4 --level 0 --set main --workers 6
[     1s] primary_rep4_L0_main: k=7 rho_busy=0.5169 (target 0.5) n=17,634,760 weeks=30 selected={300.0: (30.0, 0.5), 600.0: (30.0, 0.9), 1200.0: (120.0, 0.9)}
[     6s] FCFS reproduces the Kiefer-Wolfowitz recursion exactly (max |diff| 0)
[     6s] jobs FCFS would start within 1 s: 16,901,952 (95.8%)
                    w_p99_dl  gap_p99dl  red_p99dl_pct  w_mean  gap_mean  max_excess  harm_wf1s  max_heavy  guar_excess_max  used_over_allowed  qw_forced_frac  bound_viol  sim_sec
policy                                                                                                                                                                             
FCFS                 43.9520     0.0000         0.0000  1.1022    0.0000      0.0000     0.0000   486.8657              inf                NaN          1.0000          -1      1.4
SJF-ref              17.2601     1.0000        60.7296  0.3560    1.0000   1002.8059   543.7981  1162.9413              inf                NaN          0.0000          -1      1.5
SPJF-M4              23.0052     0.7848        47.6584  0.4642    0.8549   1168.7664   136.8996  1332.7685              inf                NaN          0.0000          -1      1.6
SPJF-M4refit         23.0398     0.7835        47.5796  0.4652    0.8536   1168.7595   136.9276  1332.7781              inf                NaN          0.0000          -1      1.5
SPJF-tweedie         22.8015     0.7924        48.1219  0.4582    0.8630   1161.8977   126.0128  1307.0038              inf                NaN          0.0000          -1      1.5
SPJF-tweedie_itr     22.6866     0.7967        48.3834  0.4546    0.8678    960.9838   116.8039  1156.7573              inf                NaN          0.0000          -1      1.6
SPJF-r1s             22.7536     0.7942        48.2308  0.4512    0.8724    953.5226   118.3931  1149.2610              inf                NaN          0.0000          -1      0.9
FIX-G300             24.2032     0.7399        44.9326  0.5505    0.7393    199.9340   126.0128   630.2783            300.0             0.6664          0.0157           0      7.0
CAP-G300             25.3701     0.6962        42.2777  0.5541    0.7345    178.6599    68.2797   630.3877            300.0             0.5955          0.0347           0      6.1
SKIP-G300            42.8704     0.0405         2.4610  1.0452    0.0764     62.1093    44.8742   487.3919            300.0             0.2070          0.5416           0      9.1
FIX-G600             23.4961     0.7664        46.5415  0.4941    0.8149    498.2089   126.0128   924.1957            600.0             0.8303          0.0024           0      6.5
CAP-G600             23.4863     0.7667        46.5637  0.4920    0.8177    481.3310    95.3047   919.6127            600.0             0.8022          0.0025           0      6.9
SKIP-G600            40.6500     0.1237         7.5129  0.9737    0.1722    100.1759    46.9361   488.3814            600.0             0.1670          0.4414           0      9.4
FIX-G1200            22.9151     0.7881        47.8635  0.4616    0.8584   1073.2942   126.0128  1249.6682           1200.0             0.8944          0.0001           0      6.3
CAP-G1200            22.9109     0.7883        47.8729  0.4609    0.8594   1078.6581   126.0128  1247.2101           1200.0             0.8989          0.0005           0      6.4
SKIP-G1200           36.7196     0.2710        16.4552  0.8888    0.2860    101.9684    53.9139   490.6059           1200.0             0.0850          0.3408           0      9.1
SPJF-reversed        70.9272    -1.0106       -61.3741  2.0430   -1.2606   1240.1266  1240.1266   964.8314              inf                NaN          0.0000          -1      1.0
CAP-G600-reversed    72.1730    -1.0573       -64.2087  1.9654   -1.1567    489.0931   325.0732   855.9163            600.0             0.8152          0.1379           0      7.8
SPJF-random          27.4959     0.6165        37.4410  0.8135    0.3869   1275.9909  1275.9909  1305.0771              inf                NaN          0.0000          -1      1.1
CAP-G600-random      28.0173     0.5970        36.2549  0.8482    0.3404    488.7291   352.7958   944.0605            600.0             0.8145          0.0278           0      7.4
SPJF-top1short       64.5963    -0.7734       -46.9700  1.7273   -0.8376   1238.5434  1238.5434  1113.1527              inf                NaN          0.0000          -1      1.0
CAP-G600-top1short   65.4834    -0.8067       -48.9883  1.6930   -0.7917    497.0881   287.7220   850.5157            600.0             0.8285          0.1052           0      6.5
## done in 32 s
## 2026-09-19 20:52:21 manifest=7d6ed04de3219c6982328c8d3b82ace5dec84547405fdeeea0aeb1cd4eba5687 argv=--trace primary --rep 4 --level 1 --set main --workers 6
[     1s] primary_rep4_L1_main: k=5 rho_busy=0.7237 (target 0.8) n=17,634,760 weeks=30 selected={300.0: (30.0, 0.5), 600.0: (30.0, 0.9), 1200.0: (120.0, 0.9)}
[     6s] FCFS reproduces the Kiefer-Wolfowitz recursion exactly (max |diff| 0)
[     6s] jobs FCFS would start within 1 s: 16,027,735 (90.9%)
                    w_p99_dl  gap_p99dl  red_p99dl_pct  w_mean  gap_mean  max_excess  harm_wf1s  max_heavy  guar_excess_max  used_over_allowed  qw_forced_frac  bound_viol  sim_sec
policy                                                                                                                                                                             
FCFS                131.1919     0.0000         0.0000  4.0410    0.0000      0.0000     0.0000   823.6250              inf                NaN          1.0000          -1      1.3
SJF-ref              33.6506     1.0000        74.3501  0.9696    1.0000   2004.8767  1242.3067  2260.9257              inf                NaN          0.0000          -1      1.5
SPJF-M4              44.6315     0.8874        65.9800  1.2778    0.8997   2439.2210   356.2940  2550.7989              inf                NaN          0.0000          -1      1.4
SPJF-M4refit         44.6418     0.8873        65.9722  1.2785    0.8994   2459.4810   297.6268  2581.0310              inf                NaN          0.0000          -1      1.4
SPJF-tweedie         43.6878     0.8971        66.6993  1.2469    0.9097   2459.7067   292.8259  2580.9163              inf                NaN          0.0000          -1      1.4
SPJF-tweedie_itr     44.0501     0.8934        66.4232  1.2533    0.9076   2133.6127   281.7843  2358.4506              inf                NaN          0.0000          -1      1.4
SPJF-r1s             43.1957     0.9021        67.0744  1.2489    0.9091   2066.3010   266.3269  2349.5674              inf                NaN          0.0000          -1      1.0
FIX-G300             56.8373     0.7623        56.6762  1.9912    0.6674    209.7195   186.3498   977.1902            300.0             0.6991          0.0834           0      7.0
CAP-G300             58.2394     0.7479        55.6075  2.0152    0.6596    201.6411   109.5110   977.9581            300.0             0.6721          0.1012           0      7.5
SKIP-G300           131.2002    -0.0001        -0.0063  3.9157    0.0408     64.1551    46.2746   824.5573            300.0             0.2139          0.7968           0      9.7
FIX-G600             47.9073     0.8538        63.4831  1.5013    0.8269    512.8666   292.8259  1276.0572            600.0             0.8548          0.0091           0      6.9
CAP-G600             48.0865     0.8520        63.3465  1.5005    0.8271    512.8666   276.8505  1275.6009            600.0             0.8548          0.0092           0      7.7
SKIP-G600           130.8897     0.0031         0.2304  3.7389    0.0983     89.3073    53.0571   825.6913            600.0             0.1488          0.7198           0      9.9
FIX-G1200            46.2242     0.8711        64.7659  1.3872    0.8640   1092.7912   292.8259  1833.3316           1200.0             0.9107          0.0018           0      6.6
CAP-G1200            46.2631     0.8707        64.7364  1.3764    0.8676   1103.7552   292.8259  1833.2127           1200.0             0.9198          0.0024           0      7.0
SKIP-G1200          129.4121     0.0182         1.3567  3.4892    0.1797    133.0937    61.3973   827.7803           1200.0             0.1109          0.6299           0      9.3
SPJF-reversed       242.9095    -1.1453       -85.1558  7.6205   -1.1654   2577.9734  2471.5452  1561.6405              inf                NaN          0.0000          -1      1.0
CAP-G600-reversed   250.6203    -1.2244       -91.0333  7.0133   -0.9677    517.9235   506.8731  1273.2555            600.0             0.8632          0.2903           0      5.9
SPJF-random          79.4984     0.5300        39.4030  2.8636    0.3833   2581.2754  2152.5145  2469.6009              inf                NaN          0.0000          -1      1.1
CAP-G600-random      89.7583     0.4248        31.5825  3.1899    0.2771    501.6596   426.3854  1275.0386            600.0             0.8361          0.1170           0      7.0
SPJF-top1short      222.6286    -0.9374       -69.6969  6.3744   -0.7597   2522.2754  2131.0384  2354.8059              inf                NaN          0.0000          -1      0.9
CAP-G600-top1short  236.7071    -1.0817       -80.4281  6.1438   -0.6847    516.2087   500.5110  1164.7545            600.0             0.8603          0.2489           0      6.1
## done in 32 s
## 2026-09-19 20:52:55 manifest=7d6ed04de3219c6982328c8d3b82ace5dec84547405fdeeea0aeb1cd4eba5687 argv=--trace primary --rep 4 --level 2 --set main --workers 6
[     0s] primary_rep4_L2_main: k=4 rho_busy=0.9046 (target 1.0) n=17,634,760 weeks=30 selected={300.0: (30.0, 0.5), 600.0: (30.0, 0.9), 1200.0: (120.0, 0.9)}
[     5s] FCFS reproduces the Kiefer-Wolfowitz recursion exactly (max |diff| 0)
[     5s] jobs FCFS would start within 1 s: 15,208,397 (86.2%)
                    w_p99_dl  gap_p99dl  red_p99dl_pct   w_mean  gap_mean  max_excess  harm_wf1s  max_heavy  guar_excess_max  used_over_allowed  qw_forced_frac  bound_viol  sim_sec
policy                                                                                                                                                                              
FCFS                297.2077     0.0000         0.0000   9.9611    0.0000      0.0000     0.0000  1149.9378              inf                NaN          1.0000          -1      1.3
SJF-ref              43.8874     1.0000        85.2334   1.7165    1.0000   3324.4413  1365.9006  3682.7016              inf                NaN          0.0000          -1      1.5
SPJF-M4              68.2583     0.9038        77.0335   2.4088    0.9160   3921.9325   392.7954  4078.1799              inf                NaN          0.0000          -1      1.5
SPJF-M4refit         68.3012     0.9036        77.0190   2.4041    0.9166   3932.6674   392.7956  4055.8714              inf                NaN          0.0000          -1      1.5
SPJF-tweedie         64.2397     0.9197        78.3856   2.3347    0.9250   3911.2700   387.0397  4078.2168              inf                NaN          0.0000          -1      1.5
SPJF-tweedie_itr     64.6794     0.9179        78.2377   2.3438    0.9239   3476.8846   462.8597  3886.9412              inf                NaN          0.0000          -1      1.4
SPJF-r1s             64.2876     0.9195        78.3695   2.3470    0.9235   3436.4305   368.9498  3860.4005              inf                NaN          0.0000          -1      1.1
FIX-G300            182.8327     0.4515        38.4832   5.2334    0.5734    224.3724   175.9449  1300.1602            300.0             0.7479          0.2361           0      7.7
CAP-G300            173.8889     0.4868        41.4925   5.3108    0.5640    212.2180   113.7532  1300.1914            300.0             0.7074          0.2439           0      7.1
SKIP-G300           296.2934     0.0036         0.3076   9.7677    0.0235     67.8710    54.1558  1150.6229            300.0             0.2262          0.9009           0      9.6
FIX-G600             90.4884     0.8160        69.5538   3.6688    0.7632    513.9782   387.0397  1600.2521            600.0             0.8566          0.0500           0      6.4
CAP-G600             91.8455     0.8107        69.0972   3.6662    0.7635    508.6882   153.2910  1600.2521            600.0             0.8478          0.0527           0      6.4
SKIP-G600           295.6778     0.0060         0.5148   9.4857    0.0577    112.4096    62.4010  1151.6829            600.0             0.1873          0.8532           0      9.0
FIX-G1200            76.6215     0.8708        74.2195   3.0202    0.8419   1109.4167   387.0397  2184.9047           1200.0             0.9245          0.0051           0      6.9
CAP-G1200            76.6858     0.8705        74.1979   3.0221    0.8416   1106.2261   322.7153  2186.2538           1200.0             0.9219          0.0061           0      6.6
SKIP-G1200          295.5803     0.0064         0.5476   9.0419    0.1115    142.6086    75.0674  1153.8777           1200.0             0.1188          0.7908           0      9.3
SPJF-reversed       613.2645    -1.2477      -106.3420  18.4399   -1.0284   4058.6230  3166.5694  2115.1172              inf                NaN          0.0000          -1      1.0
CAP-G600-reversed   609.2948    -1.2320      -105.0064  16.3742   -0.7779    534.7924   430.1787  1608.9553            600.0             0.8913          0.4049           0      6.4
SPJF-random         200.2482     0.3828        32.6235   6.8027    0.3831   4057.0287  3427.7513  3932.4813              inf                NaN          0.0000          -1      1.3
CAP-G600-random     270.6237     0.1049         8.9446   7.9421    0.2449    512.3315   470.2420  1606.1236            600.0             0.8539          0.2198           0      6.8
SPJF-top1short      565.9989    -1.0611       -90.4388  15.3270   -0.6508   4002.2431  3034.4355  3846.4378              inf                NaN          0.0000          -1      1.1
CAP-G600-top1short  602.3579    -1.2046      -102.6724  14.5863   -0.5610    534.7268   259.2993  1547.6668            600.0             0.8912          0.3674           0      7.2
## done in 33 s
## 2026-09-19 20:53:30 manifest=7d6ed04de3219c6982328c8d3b82ace5dec84547405fdeeea0aeb1cd4eba5687 argv=--trace k1 --rep 0 --level 0 --set main --workers 6
[     0s] k1_rep0_L0_main: k=1 rho_busy=0.8000 (target 0.8) n=3,209,347 weeks=30 selected={300.0: (30.0, 0.5), 600.0: (30.0, 0.9), 1200.0: (120.0, 0.9)}
[     1s] FCFS reproduces the Kiefer-Wolfowitz recursion exactly (max |diff| 0)
[     1s] jobs FCFS would start within 1 s: 2,851,036 (88.8%)
                    w_p99_dl  gap_p99dl  red_p99dl_pct   w_mean  gap_mean  max_excess  harm_wf1s  max_heavy  guar_excess_max  used_over_allowed  qw_forced_frac  bound_viol  sim_sec
policy                                                                                                                                                                              
FCFS                221.2744     0.0000         0.0000   6.5935    0.0000      0.0000     0.0000  1423.5232              inf                NaN          1.0000          -1      0.5
SJF-ref              45.3248     1.0000        79.5165   1.8713    1.0000   2054.5023   777.9388  2366.6592              inf                NaN          0.0000          -1      0.5
SPJF-M4              64.7433     0.8896        70.7407   2.5205    0.8625   2520.2899   400.1355  2698.2165              inf                NaN          0.0000          -1      0.5
SPJF-M4refit         64.7030     0.8899        70.7589   2.5224    0.8621   2520.2899   400.1355  2698.2165              inf                NaN          0.0000          -1      0.5
SPJF-tweedie         60.9289     0.9113        72.4645   2.4449    0.8785   2520.2899   656.3650  2698.2165              inf                NaN          0.0000          -1      0.5
SPJF-tweedie_itr     61.4683     0.9082        72.2208   2.4497    0.8775   2325.4278   375.1261  2505.3230              inf                NaN          0.0000          -1      0.5
SPJF-r1s             60.7581     0.9123        72.5417   2.4221    0.8834   2325.4278   362.0655  2505.3230              inf                NaN          0.0000          -1      0.2
FIX-G300             83.2414     0.7845        62.3809   3.0711    0.7459    295.1349   246.3363  1669.1453            300.0             0.9838          0.0633           0      1.0
CAP-G300             90.5643     0.7429        59.0715   3.2017    0.7183    295.0482    54.3597  1669.1453            300.0             0.9835          0.0905           0      1.2
SKIP-G300           220.5256     0.0043         0.3384   6.3384    0.0540     74.9490    54.3597  1424.4687            300.0             0.2498          0.7475           0      1.5
FIX-G600             68.3147     0.8693        69.1267   2.6920    0.8262    592.5319   563.3744  1976.0429            600.0             0.9876          0.0226           0      1.0
CAP-G600             69.5413     0.8624        68.5724   2.7032    0.8238    592.5319   119.6503  1976.0429            600.0             0.9876          0.0253           0      1.0
SKIP-G600           219.9527     0.0075         0.5973   6.0887    0.1069    100.6759    82.7963  1425.5247            600.0             0.1678          0.6807           0      1.6
FIX-G1200            63.1619     0.8986        71.4554   2.5530    0.8556   1171.6655   656.3650  2153.4042           1200.0             0.9764          0.0044           0      1.0
CAP-G1200            63.2590     0.8981        71.4115   2.5469    0.8569   1176.8402   338.8617  2153.4042           1200.0             0.9807          0.0052           0      1.0
SKIP-G1200          217.8311     0.0196         1.5561   5.7090    0.1873    140.3013    97.2817  1427.9854           1200.0             0.1169          0.5934           0      1.6
SPJF-reversed       415.3743    -1.1032       -87.7191  11.4145   -1.0209   2696.1870  2487.0641  1724.7092              inf                NaN          0.0000          -1      0.2
CAP-G600-reversed   413.0553    -1.0900       -86.6711  10.5707   -0.8422    596.1245   123.1545  1658.2656            600.0             0.9935          0.2480           0      1.1
SPJF-random         159.7873     0.3495        27.7877   5.1441    0.3069   2662.5581  1600.2566  2588.7401              inf                NaN          0.0000          -1      0.2
CAP-G600-random     180.5395     0.2315        18.4092   5.5443    0.2222    596.9447   132.5393  1960.5797            600.0             0.9949          0.0954           0      1.0
SPJF-top1short      382.2755    -0.9150       -72.7608   9.8718   -0.6942   2660.1561  1669.1669  2495.3681              inf                NaN          0.0000          -1      0.2
CAP-G600-top1short  394.2256    -0.9830       -78.1614   9.6426   -0.6457    597.0194   123.5693  1956.1859            600.0             0.9950          0.2195           0      1.1
## done in 8 s
