design,k,n,L,max_excess,max_allowed,used_over_allowed
fixed B=0,1,3,3.5,0.0,3.5,0.0
fixed B=1,1,3,3.5,0.0,4.5,0.0
fixed B=4,1,3,3.5,0.0,7.5,0.0
rel B0=0 eps=.5,1,3,3.5,0.0,9.0,0.0
qlen B0=0 gam=1,1,3,3.5,0.0,3.5,0.0
qlen B0=1 gam=.5 eps=.5,1,3,3.5,0.0,11.0,0.0
thresh B=1 th=1 N=2,1,3,3.5,0.0,6.5,0.0
cap B0=1 eps=.5 Bmax=1,1,3,3.5,0.0,4.5,0.0
skip N=2 (work channel off),1,3,3.5,0.0,11.5,0.0
skip N=5 (work channel off),1,3,3.5,0.0,23.5,0.0
fixed B=0,1,9,4.0,0.0,4.0,0.0
fixed B=1,1,9,4.0,1.5,5.0,0.3
fixed B=4,1,9,4.0,1.5,8.0,0.1875
rel B0=0 eps=.5,1,9,4.0,1.5,13.5,0.13043478260869565
qlen B0=0 gam=1,1,9,4.0,1.5,5.0,0.3
qlen B0=1 gam=.5 eps=.5,1,9,4.0,1.5,16.5,0.10344827586206896
thresh B=1 th=1 N=2,1,9,4.0,1.5,7.0,0.21428571428571427
cap B0=1 eps=.5 Bmax=1,1,9,4.0,1.5,5.0,0.3
skip N=2 (work channel off),1,9,4.0,1.5,12.0,0.125
skip N=5 (work channel off),1,9,4.0,1.5,24.0,0.0625
fixed B=0,2,2,2.0,0.0,4.0,0.0
fixed B=1,2,2,2.0,0.0,4.5,0.0
fixed B=4,2,2,2.0,0.0,6.0,0.0
rel B0=0 eps=.5,2,2,2.0,0.0,5.333333333333333,0.0
rel B0=1 eps=1,2,2,2.0,0.0,9.0,0.0
qlen B0=0 gam=1,2,2,2.0,0.0,4.5,0.0
qlen B0=1 gam=.5 eps=.5,2,2,2.0,0.0,6.333333333333333,0.0
thresh B=1 th=1 N=2,2,2,2.0,0.0,5.5,0.0
thresh B=0 th=.5 N=3 eps=1,2,2,2.0,0.0,9.5,0.0
cap B0=1 eps=1 Bmax=3,2,2,2.0,0.0,5.5,0.0
cap B0=1 eps=.5 Bmax=1,2,2,2.0,0.0,4.5,0.0
cap+cnt B=1 e=1 th=1 N=2 Bm=4,2,2,2.0,0.0,7.0,0.0
skip N=2 (work channel off),2,2,2.0,0.0,8.0,0.0
skip N=5 (work channel off),2,2,2.0,0.0,14.0,0.0
fixed B=0,2,9,3.5,0.0,7.0,0.0
fixed B=1,2,9,3.5,0.0,7.5,0.0
fixed B=4,2,9,3.5,0.0,9.0,0.0
rel B0=0 eps=.5,2,9,3.5,0.0,9.333333333333334,0.0
rel B0=1 eps=1,2,9,3.5,0.0,15.0,0.0
qlen B0=0 gam=1,2,9,3.5,0.0,7.5,0.0
qlen B0=1 gam=.5 eps=.5,2,9,3.5,0.0,10.333333333333334,0.0
thresh B=1 th=1 N=2,2,9,3.5,0.0,8.5,0.0
thresh B=0 th=.5 N=3 eps=1,2,9,3.5,0.0,15.5,0.0
cap B0=1 eps=1 Bmax=3,2,9,3.5,0.0,8.5,0.0
cap B0=1 eps=.5 Bmax=1,2,9,3.5,0.0,7.5,0.0
cap+cnt B=1 e=1 th=1 N=2 Bm=4,2,9,3.5,0.0,10.0,0.0
skip N=2 (work channel off),2,9,3.5,0.0,11.0,0.0
skip N=5 (work channel off),2,9,3.5,0.0,17.0,0.0
fixed B=0,2,7,4.0,0.0,8.0,0.0
fixed B=1,2,7,4.0,0.0,8.5,0.0
fixed B=4,2,7,4.0,0.0,10.0,0.0
rel B0=0 eps=.5,2,7,4.0,0.5,11.666666666666666,0.04285714285714286
rel B0=1 eps=1,2,7,4.0,0.0,20.0,0.0
qlen B0=0 gam=1,2,7,4.0,0.0,9.0,0.0
qlen B0=1 gam=.5 eps=.5,2,7,4.0,0.0,13.0,0.0
thresh B=1 th=1 N=2,2,7,4.0,0.0,9.5,0.0
thresh B=0 th=.5 N=3 eps=1,2,7,4.0,0.5,20.5,0.024390243902439025
cap B0=1 eps=1 Bmax=3,2,7,4.0,0.0,9.5,0.0
cap B0=1 eps=.5 Bmax=1,2,7,4.0,0.0,8.5,0.0
cap+cnt B=1 e=1 th=1 N=2 Bm=4,2,7,4.0,0.0,11.0,0.0
skip N=2 (work channel off),2,7,4.0,0.0,12.0,0.0
skip N=5 (work channel off),2,7,4.0,0.0,18.0,0.0
fixed B=0,3,7,4.0,0.0,9.333333333333334,0.0
fixed B=1,3,7,4.0,0.0,9.666666666666666,0.0
fixed B=4,3,7,4.0,0.0,10.666666666666666,0.0
rel B0=0 eps=.5,3,7,4.0,0.0,11.2,0.0
rel B0=1 eps=1,3,7,4.0,0.0,14.5,0.0
rel B0=0 eps=2,3,7,4.0,0.0,28.0,0.0
qlen B0=0 gam=1,3,7,4.0,0.0,9.666666666666666,0.0
qlen B0=1 gam=.5 eps=.5,3,7,4.0,0.0,11.8,0.0
thresh B=1 th=1 N=2,3,7,4.0,0.0,10.333333333333334,0.0
thresh B=0 th=.5 N=3 eps=1,3,7,4.0,0.0,14.75,0.0
cap B0=1 eps=1 Bmax=3,3,7,4.0,0.0,10.333333333333334,0.0
cap B0=0 eps=2 Bmax=2,3,7,4.0,0.0,10.0,0.0
cap B0=1 eps=.5 Bmax=1,3,7,4.0,0.0,9.666666666666666,0.0
cap+cnt B=1 e=1 th=1 N=2 Bm=4,3,7,4.0,0.0,11.333333333333334,0.0
skip N=2 (work channel off),3,7,4.0,0.0,12.0,0.0
skip N=5 (work channel off),3,7,4.0,0.0,16.0,0.0
fixed B=0,2,6,4.0,0.0,8.0,0.0
fixed B=1,2,6,4.0,1.0,8.5,0.11764705882352941
fixed B=4,2,6,4.0,1.0,10.0,0.1
rel B0=0 eps=.5,2,6,4.0,1.0,11.333333333333334,0.08955223880597016
rel B0=1 eps=1,2,6,4.0,1.0,19.0,0.05405405405405406
qlen B0=0 gam=1,2,6,4.0,0.0,8.5,0.0
qlen B0=1 gam=.5 eps=.5,2,6,4.0,1.0,12.333333333333334,0.08450704225352113
thresh B=1 th=1 N=2,2,6,4.0,1.0,9.5,0.10526315789473684
thresh B=0 th=.5 N=3 eps=1,2,6,4.0,1.0,19.5,0.05263157894736842
cap B0=1 eps=1 Bmax=3,2,6,4.0,1.0,9.5,0.10526315789473684
cap B0=1 eps=.5 Bmax=1,2,6,4.0,1.0,8.5,0.11764705882352941
cap+cnt B=1 e=1 th=1 N=2 Bm=4,2,6,4.0,1.0,11.0,0.09090909090909091
skip N=2 (work channel off),2,6,4.0,1.0,12.0,0.08333333333333333
skip N=5 (work channel off),2,6,4.0,1.0,18.0,0.05555555555555555
fixed B=0,3,4,4.0,0.0,9.333333333333334,0.0
fixed B=1,3,4,4.0,0.0,9.666666666666666,0.0
fixed B=4,3,4,4.0,0.0,10.666666666666666,0.0
rel B0=0 eps=.5,3,4,4.0,0.0,11.2,0.0
rel B0=1 eps=1,3,4,4.0,0.0,14.5,0.0
rel B0=0 eps=2,3,4,4.0,0.0,28.0,0.0
qlen B0=0 gam=1,3,4,4.0,0.0,9.666666666666666,0.0
qlen B0=1 gam=.5 eps=.5,3,4,4.0,0.0,11.8,0.0
thresh B=1 th=1 N=2,3,4,4.0,0.0,10.333333333333334,0.0
thresh B=0 th=.5 N=3 eps=1,3,4,4.0,0.0,14.75,0.0
cap B0=1 eps=1 Bmax=3,3,4,4.0,0.0,10.333333333333334,0.0
cap B0=0 eps=2 Bmax=2,3,4,4.0,0.0,10.0,0.0
cap B0=1 eps=.5 Bmax=1,3,4,4.0,0.0,9.666666666666666,0.0
cap+cnt B=1 e=1 th=1 N=2 Bm=4,3,4,4.0,0.0,11.333333333333334,0.0
skip N=2 (work channel off),3,4,4.0,0.0,12.0,0.0
skip N=5 (work channel off),3,4,4.0,0.0,16.0,0.0
fixed B=0,2,2,1.0,0.0,2.0,0.0
fixed B=1,2,2,1.0,0.0,2.5,0.0
fixed B=4,2,2,1.0,0.0,4.0,0.0
rel B0=0 eps=.5,2,2,1.0,0.0,2.6666666666666665,0.0
rel B0=1 eps=1,2,2,1.0,0.0,5.0,0.0
qlen B0=0 gam=1,2,2,1.0,0.0,2.0,0.0
qlen B0=1 gam=.5 eps=.5,2,2,1.0,0.0,3.3333333333333335,0.0
thresh B=1 th=1 N=2,2,2,1.0,0.0,3.5,0.0
thresh B=0 th=.5 N=3 eps=1,2,2,1.0,0.0,5.5,0.0
cap B0=1 eps=1 Bmax=3,2,2,1.0,0.0,3.5,0.0
cap B0=1 eps=.5 Bmax=1,2,2,1.0,0.0,2.5,0.0
cap+cnt B=1 e=1 th=1 N=2 Bm=4,2,2,1.0,0.0,5.0,0.0
skip N=2 (work channel off),2,2,1.0,0.0,6.0,0.0
skip N=5 (work channel off),2,2,1.0,0.0,12.0,0.0
fixed B=0,1,7,4.0,0.0,4.0,0.0
fixed B=1,1,7,4.0,4.0,5.0,0.8
fixed B=4,1,7,4.0,4.0,8.0,0.5
rel B0=0 eps=.5,1,7,4.0,0.0,13.5,0.0
qlen B0=0 gam=1,1,7,4.0,0.0,5.0,0.0
qlen B0=1 gam=.5 eps=.5,1,7,4.0,4.0,17.5,0.4
thresh B=1 th=1 N=2,1,7,4.0,4.0,7.0,0.5714285714285714
cap B0=1 eps=.5 Bmax=1,1,7,4.0,4.0,5.0,0.8
skip N=2 (work channel off),1,7,4.0,7.0,12.0,0.5833333333333334
skip N=5 (work channel off),1,7,4.0,7.0,24.0,0.2916666666666667
fixed B=0,3,5,3.5,0.0,8.166666666666666,0.0
fixed B=1,3,5,3.5,0.0,8.5,0.0
fixed B=4,3,5,3.5,0.0,9.5,0.0
rel B0=0 eps=.5,3,5,3.5,0.0,9.8,0.0
rel B0=1 eps=1,3,5,3.5,0.0,12.75,0.0
rel B0=0 eps=2,3,5,3.5,0.0,24.5,0.0
qlen B0=0 gam=1,3,5,3.5,0.0,8.5,0.0
qlen B0=1 gam=.5 eps=.5,3,5,3.5,0.0,10.4,0.0
thresh B=1 th=1 N=2,3,5,3.5,0.0,9.166666666666666,0.0
thresh B=0 th=.5 N=3 eps=1,3,5,3.5,0.0,13.0,0.0
cap B0=1 eps=1 Bmax=3,3,5,3.5,0.0,9.166666666666666,0.0
cap B0=0 eps=2 Bmax=2,3,5,3.5,0.0,8.833333333333334,0.0
cap B0=1 eps=.5 Bmax=1,3,5,3.5,0.0,8.5,0.0
cap+cnt B=1 e=1 th=1 N=2 Bm=4,3,5,3.5,0.0,10.166666666666666,0.0
skip N=2 (work channel off),3,5,3.5,0.0,10.833333333333334,0.0
skip N=5 (work channel off),3,5,3.5,0.0,14.833333333333334,0.0
fixed B=0,2,8,4.0,0.0,8.0,0.0
fixed B=1,2,8,4.0,0.0,8.5,0.0
fixed B=4,2,8,4.0,0.0,10.0,0.0
rel B0=0 eps=.5,2,8,4.0,0.0,11.0,0.0
rel B0=1 eps=1,2,8,4.0,0.0,18.0,0.0
qlen B0=0 gam=1,2,8,4.0,0.0,8.5,0.0
qlen B0=1 gam=.5 eps=.5,2,8,4.0,0.0,12.0,0.0
thresh B=1 th=1 N=2,2,8,4.0,0.0,9.5,0.0
thresh B=0 th=.5 N=3 eps=1,2,8,4.0,0.0,18.5,0.0
cap B0=1 eps=1 Bmax=3,2,8,4.0,0.0,9.5,0.0
cap B0=1 eps=.5 Bmax=1,2,8,4.0,0.0,8.5,0.0
cap+cnt B=1 e=1 th=1 N=2 Bm=4,2,8,4.0,0.0,11.0,0.0
skip N=2 (work channel off),2,8,4.0,0.0,12.0,0.0
skip N=5 (work channel off),2,8,4.0,0.0,18.0,0.0
fixed B=0,3,2,4.0,0.0,9.333333333333334,0.0
fixed B=1,3,2,4.0,0.0,9.666666666666666,0.0
fixed B=4,3,2,4.0,0.0,10.666666666666666,0.0
rel B0=0 eps=.5,3,2,4.0,0.0,11.2,0.0
rel B0=1 eps=1,3,2,4.0,0.0,14.5,0.0
rel B0=0 eps=2,3,2,4.0,0.0,28.0,0.0
qlen B0=0 gam=1,3,2,4.0,0.0,9.666666666666666,0.0
qlen B0=1 gam=.5 eps=.5,3,2,4.0,0.0,11.8,0.0
thresh B=1 th=1 N=2,3,2,4.0,0.0,10.333333333333334,0.0
thresh B=0 th=.5 N=3 eps=1,3,2,4.0,0.0,14.75,0.0
cap B0=1 eps=1 Bmax=3,3,2,4.0,0.0,10.333333333333334,0.0
cap B0=0 eps=2 Bmax=2,3,2,4.0,0.0,10.0,0.0
cap B0=1 eps=.5 Bmax=1,3,2,4.0,0.0,9.666666666666666,0.0
cap+cnt B=1 e=1 th=1 N=2 Bm=4,3,2,4.0,0.0,11.333333333333334,0.0
skip N=2 (work channel off),3,2,4.0,0.0,12.0,0.0
skip N=5 (work channel off),3,2,4.0,0.0,16.0,0.0
fixed B=0,3,2,3.0,0.0,7.0,0.0
fixed B=1,3,2,3.0,0.0,7.333333333333333,0.0
fixed B=4,3,2,3.0,0.0,8.333333333333334,0.0
rel B0=0 eps=.5,3,2,3.0,0.0,8.4,0.0
rel B0=1 eps=1,3,2,3.0,0.0,11.0,0.0
rel B0=0 eps=2,3,2,3.0,0.0,21.0,0.0
qlen B0=0 gam=1,3,2,3.0,0.0,7.0,0.0
qlen B0=1 gam=.5 eps=.5,3,2,3.0,0.0,8.8,0.0
thresh B=1 th=1 N=2,3,2,3.0,0.0,8.0,0.0
thresh B=0 th=.5 N=3 eps=1,3,2,3.0,0.0,11.25,0.0
cap B0=1 eps=1 Bmax=3,3,2,3.0,0.0,8.0,0.0
cap B0=0 eps=2 Bmax=2,3,2,3.0,0.0,7.666666666666667,0.0
cap B0=1 eps=.5 Bmax=1,3,2,3.0,0.0,7.333333333333333,0.0
cap+cnt B=1 e=1 th=1 N=2 Bm=4,3,2,3.0,0.0,9.0,0.0
skip N=2 (work channel off),3,2,3.0,0.0,9.666666666666666,0.0
skip N=5 (work channel off),3,2,3.0,0.0,13.666666666666666,0.0
fixed B=0,2,6,2.5,0.0,5.0,0.0
fixed B=1,2,6,2.5,0.0,5.5,0.0
fixed B=4,2,6,2.5,0.0,7.0,0.0
rel B0=0 eps=.5,2,6,2.5,0.0,7.166666666666666,0.0
rel B0=1 eps=1,2,6,2.5,0.0,12.5,0.0
qlen B0=0 gam=1,2,6,2.5,0.0,5.5,0.0
qlen B0=1 gam=.5 eps=.5,2,6,2.5,0.0,8.166666666666666,0.0
thresh B=1 th=1 N=2,2,6,2.5,0.0,6.5,0.0
thresh B=0 th=.5 N=3 eps=1,2,6,2.5,0.0,13.0,0.0
cap B0=1 eps=1 Bmax=3,2,6,2.5,0.0,6.5,0.0
cap B0=1 eps=.5 Bmax=1,2,6,2.5,0.0,5.5,0.0
cap+cnt B=1 e=1 th=1 N=2 Bm=4,2,6,2.5,0.0,8.0,0.0
skip N=2 (work channel off),2,6,2.5,0.0,9.0,0.0
skip N=5 (work channel off),2,6,2.5,0.0,15.0,0.0
fixed B=0,1,2,1.5,0.0,1.5,0.0
fixed B=1,1,2,1.5,0.0,2.5,0.0
fixed B=4,1,2,1.5,0.0,5.5,0.0
rel B0=0 eps=.5,1,2,1.5,0.0,3.5,0.0
qlen B0=0 gam=1,1,2,1.5,0.0,1.5,0.0
qlen B0=1 gam=.5 eps=.5,1,2,1.5,0.0,5.5,0.0
thresh B=1 th=1 N=2,1,2,1.5,0.0,4.5,0.0
cap B0=1 eps=.5 Bmax=1,1,2,1.5,0.0,2.5,0.0
skip N=2 (work channel off),1,2,1.5,0.0,9.5,0.0
skip N=5 (work channel off),1,2,1.5,0.0,21.5,0.0
fixed B=0,3,9,4.0,0.0,9.333333333333334,0.0
fixed B=1,3,9,4.0,0.0,9.666666666666666,0.0
fixed B=4,3,9,4.0,0.0,10.666666666666666,0.0
rel B0=0 eps=.5,3,9,4.0,0.0,11.2,0.0
rel B0=1 eps=1,3,9,4.0,0.0,14.5,0.0
rel B0=0 eps=2,3,9,4.0,0.0,28.0,0.0
qlen B0=0 gam=1,3,9,4.0,0.0,9.666666666666666,0.0
qlen B0=1 gam=.5 eps=.5,3,9,4.0,0.0,11.8,0.0
thresh B=1 th=1 N=2,3,9,4.0,0.0,10.333333333333334,0.0
thresh B=0 th=.5 N=3 eps=1,3,9,4.0,0.0,14.75,0.0
cap B0=1 eps=1 Bmax=3,3,9,4.0,0.0,10.333333333333334,0.0
cap B0=0 eps=2 Bmax=2,3,9,4.0,0.0,10.0,0.0
cap B0=1 eps=.5 Bmax=1,3,9,4.0,0.0,9.666666666666666,0.0
cap+cnt B=1 e=1 th=1 N=2 Bm=4,3,9,4.0,0.0,11.333333333333334,0.0
skip N=2 (work channel off),3,9,4.0,0.0,12.0,0.0
skip N=5 (work channel off),3,9,4.0,0.0,16.0,0.0
fixed B=0,2,2,4.0,0.0,8.0,0.0
fixed B=1,2,2,4.0,0.0,8.5,0.0
fixed B=4,2,2,4.0,0.0,10.0,0.0
rel B0=0 eps=.5,2,2,4.0,0.0,10.666666666666666,0.0
rel B0=1 eps=1,2,2,4.0,0.0,17.0,0.0
qlen B0=0 gam=1,2,2,4.0,0.0,8.0,0.0
qlen B0=1 gam=.5 eps=.5,2,2,4.0,0.0,11.333333333333334,0.0
thresh B=1 th=1 N=2,2,2,4.0,0.0,9.5,0.0
thresh B=0 th=.5 N=3 eps=1,2,2,4.0,0.0,17.5,0.0
cap B0=1 eps=1 Bmax=3,2,2,4.0,0.0,9.5,0.0
cap B0=1 eps=.5 Bmax=1,2,2,4.0,0.0,8.5,0.0
cap+cnt B=1 e=1 th=1 N=2 Bm=4,2,2,4.0,0.0,11.0,0.0
skip N=2 (work channel off),2,2,4.0,0.0,12.0,0.0
skip N=5 (work channel off),2,2,4.0,0.0,18.0,0.0
fixed B=0,2,4,4.0,0.0,8.0,0.0
fixed B=1,2,4,4.0,0.0,8.5,0.0
fixed B=4,2,4,4.0,0.0,10.0,0.0
rel B0=0 eps=.5,2,4,4.0,0.0,10.666666666666666,0.0
rel B0=1 eps=1,2,4,4.0,0.0,17.0,0.0
qlen B0=0 gam=1,2,4,4.0,0.0,8.0,0.0
qlen B0=1 gam=.5 eps=.5,2,4,4.0,0.0,11.333333333333334,0.0
thresh B=1 th=1 N=2,2,4,4.0,0.0,9.5,0.0
thresh B=0 th=.5 N=3 eps=1,2,4,4.0,0.0,17.5,0.0
cap B0=1 eps=1 Bmax=3,2,4,4.0,0.0,9.5,0.0
cap B0=1 eps=.5 Bmax=1,2,4,4.0,0.0,8.5,0.0
cap+cnt B=1 e=1 th=1 N=2 Bm=4,2,4,4.0,0.0,11.0,0.0
skip N=2 (work channel off),2,4,4.0,0.0,12.0,0.0
skip N=5 (work channel off),2,4,4.0,0.0,18.0,0.0
fixed B=0,1,6,4.0,0.0,4.0,0.0
fixed B=1,1,6,4.0,1.5,5.0,0.3
fixed B=4,1,6,4.0,1.5,8.0,0.1875
rel B0=0 eps=.5,1,6,4.0,2.5,12.5,0.2631578947368421
qlen B0=0 gam=1,1,6,4.0,1.5,6.0,0.3
qlen B0=1 gam=.5 eps=.5,1,6,4.0,1.5,16.5,0.0967741935483871
thresh B=1 th=1 N=2,1,6,4.0,1.5,7.0,0.21428571428571427
cap B0=1 eps=.5 Bmax=1,1,6,4.0,1.5,5.0,0.3
skip N=2 (work channel off),1,6,4.0,1.5,12.0,0.125
skip N=5 (work channel off),1,6,4.0,1.5,24.0,0.0625
fixed B=0,1,8,4.0,0.0,4.0,0.0
fixed B=1,1,8,4.0,0.5,5.0,0.1
fixed B=4,1,8,4.0,0.5,8.0,0.0625
rel B0=0 eps=.5,1,8,4.0,0.5,16.0,0.05
qlen B0=0 gam=1,1,8,4.0,0.0,7.0,0.0
qlen B0=1 gam=.5 eps=.5,1,8,4.0,0.5,20.0,0.041666666666666664
thresh B=1 th=1 N=2,1,8,4.0,0.5,7.0,0.07142857142857142
cap B0=1 eps=.5 Bmax=1,1,8,4.0,0.5,5.0,0.1
skip N=2 (work channel off),1,8,4.0,0.5,12.0,0.041666666666666664
skip N=5 (work channel off),1,8,4.0,0.5,24.0,0.020833333333333332
fixed B=0,3,3,3.0,0.0,7.0,0.0
fixed B=1,3,3,3.0,0.0,7.333333333333333,0.0
fixed B=4,3,3,3.0,0.0,8.333333333333334,0.0
rel B0=0 eps=.5,3,3,3.0,0.0,8.4,0.0
rel B0=1 eps=1,3,3,3.0,0.0,11.0,0.0
rel B0=0 eps=2,3,3,3.0,0.0,21.0,0.0
qlen B0=0 gam=1,3,3,3.0,0.0,7.333333333333333,0.0
qlen B0=1 gam=.5 eps=.5,3,3,3.0,0.0,9.0,0.0
thresh B=1 th=1 N=2,3,3,3.0,0.0,8.0,0.0
thresh B=0 th=.5 N=3 eps=1,3,3,3.0,0.0,11.25,0.0
cap B0=1 eps=1 Bmax=3,3,3,3.0,0.0,8.0,0.0
cap B0=0 eps=2 Bmax=2,3,3,3.0,0.0,7.666666666666667,0.0
cap B0=1 eps=.5 Bmax=1,3,3,3.0,0.0,7.333333333333333,0.0
cap+cnt B=1 e=1 th=1 N=2 Bm=4,3,3,3.0,0.0,9.0,0.0
skip N=2 (work channel off),3,3,3.0,0.0,9.666666666666666,0.0
skip N=5 (work channel off),3,3,3.0,0.0,13.666666666666666,0.0
fixed B=0,2,6,3.5,0.0,7.0,0.0
fixed B=1,2,6,3.5,3.0,7.5,0.4
fixed B=4,2,6,3.5,3.0,9.0,0.3333333333333333
rel B0=0 eps=.5,2,6,3.5,0.5,9.666666666666666,0.05172413793103449
rel B0=1 eps=1,2,6,3.5,3.0,16.0,0.2
qlen B0=0 gam=1,2,6,3.5,0.0,7.5,0.0
qlen B0=1 gam=.5 eps=.5,2,6,3.5,3.0,10.666666666666666,0.3
thresh B=1 th=1 N=2,2,6,3.5,3.0,8.5,0.35294117647058826
thresh B=0 th=.5 N=3 eps=1,2,6,3.5,0.5,16.5,0.030303030303030304
cap B0=1 eps=1 Bmax=3,2,6,3.5,3.0,8.5,0.35294117647058826
cap B0=1 eps=.5 Bmax=1,2,6,3.5,3.0,7.5,0.4
cap+cnt B=1 e=1 th=1 N=2 Bm=4,2,6,3.5,3.0,10.0,0.3
skip N=2 (work channel off),2,6,3.5,3.0,11.0,0.2727272727272727
skip N=5 (work channel off),2,6,3.5,3.0,17.0,0.17647058823529413
fixed B=0,3,6,2.5,0.0,5.833333333333333,0.0
fixed B=1,3,6,2.5,0.0,6.166666666666667,0.0
fixed B=4,3,6,2.5,0.0,7.166666666666667,0.0
rel B0=0 eps=.5,3,6,2.5,0.0,7.0,0.0
rel B0=1 eps=1,3,6,2.5,0.0,9.25,0.0
rel B0=0 eps=2,3,6,2.5,0.0,17.5,0.0
qlen B0=0 gam=1,3,6,2.5,0.0,6.166666666666667,0.0
qlen B0=1 gam=.5 eps=.5,3,6,2.5,0.0,7.6,0.0
thresh B=1 th=1 N=2,3,6,2.5,0.0,6.833333333333333,0.0
thresh B=0 th=.5 N=3 eps=1,3,6,2.5,0.0,9.5,0.0
cap B0=1 eps=1 Bmax=3,3,6,2.5,0.0,6.833333333333333,0.0
cap B0=0 eps=2 Bmax=2,3,6,2.5,0.0,6.5,0.0
cap B0=1 eps=.5 Bmax=1,3,6,2.5,0.0,6.166666666666667,0.0
cap+cnt B=1 e=1 th=1 N=2 Bm=4,3,6,2.5,0.0,7.833333333333333,0.0
skip N=2 (work channel off),3,6,2.5,0.0,8.5,0.0
skip N=5 (work channel off),3,6,2.5,0.0,12.5,0.0
fixed B=0,1,2,1.5,0.0,1.5,0.0
fixed B=1,1,2,1.5,1.5,2.5,0.6
fixed B=4,1,2,1.5,1.5,5.5,0.2727272727272727
rel B0=0 eps=.5,1,2,1.5,0.0,3.5,0.0
qlen B0=0 gam=1,1,2,1.5,0.0,2.5,0.0
qlen B0=1 gam=.5 eps=.5,1,2,1.5,1.5,6.5,0.3
thresh B=1 th=1 N=2,1,2,1.5,1.5,4.5,0.3333333333333333
cap B0=1 eps=.5 Bmax=1,1,2,1.5,1.5,2.5,0.6
skip N=2 (work channel off),1,2,1.5,1.5,9.5,0.15789473684210525
skip N=5 (work channel off),1,2,1.5,1.5,21.5,0.06976744186046512
fixed B=0,1,9,4.0,0.0,4.0,0.0
fixed B=1,1,9,4.0,1.5,5.0,0.3
fixed B=4,1,9,4.0,5.5,8.0,0.6875
rel B0=0 eps=.5,1,9,4.0,5.5,11.5,0.55
qlen B0=0 gam=1,1,9,4.0,4.0,5.0,0.8
qlen B0=1 gam=.5 eps=.5,1,9,4.0,5.5,14.5,0.4583333333333333
thresh B=1 th=1 N=2,1,9,4.0,1.5,7.0,0.21428571428571427
cap B0=1 eps=.5 Bmax=1,1,9,4.0,1.5,5.0,0.3
skip N=2 (work channel off),1,9,4.0,5.5,12.0,0.4583333333333333
skip N=5 (work channel off),1,9,4.0,5.5,24.0,0.22916666666666666
fixed B=0,2,5,3.5,0.0,7.0,0.0
fixed B=1,2,5,3.5,0.0,7.5,0.0
fixed B=4,2,5,3.5,0.0,9.0,0.0
rel B0=0 eps=.5,2,5,3.5,0.0,9.5,0.0
rel B0=1 eps=1,2,5,3.5,0.0,15.5,0.0
qlen B0=0 gam=1,2,5,3.5,0.0,7.0,0.0
qlen B0=1 gam=.5 eps=.5,2,5,3.5,0.0,10.166666666666666,0.0
thresh B=1 th=1 N=2,2,5,3.5,0.0,8.5,0.0
thresh B=0 th=.5 N=3 eps=1,2,5,3.5,0.0,16.0,0.0
cap B0=1 eps=1 Bmax=3,2,5,3.5,0.0,8.5,0.0
cap B0=1 eps=.5 Bmax=1,2,5,3.5,0.0,7.5,0.0
cap+cnt B=1 e=1 th=1 N=2 Bm=4,2,5,3.5,0.0,10.0,0.0
skip N=2 (work channel off),2,5,3.5,0.0,11.0,0.0
skip N=5 (work channel off),2,5,3.5,0.0,17.0,0.0
fixed B=0,1,2,3.0,0.0,3.0,0.0
fixed B=1,1,2,3.0,0.0,4.0,0.0
fixed B=4,1,2,3.0,0.0,7.0,0.0
rel B0=0 eps=.5,1,2,3.0,0.0,6.0,0.0
qlen B0=0 gam=1,1,2,3.0,0.0,3.0,0.0
qlen B0=1 gam=.5 eps=.5,1,2,3.0,0.0,8.0,0.0
thresh B=1 th=1 N=2,1,2,3.0,0.0,6.0,0.0
cap B0=1 eps=.5 Bmax=1,1,2,3.0,0.0,4.0,0.0
skip N=2 (work channel off),1,2,3.0,0.0,11.0,0.0
skip N=5 (work channel off),1,2,3.0,0.0,23.0,0.0
fixed B=0,3,8,3.0,0.0,7.0,0.0
fixed B=1,3,8,3.0,0.0,7.333333333333333,0.0
fixed B=4,3,8,3.0,0.0,8.333333333333334,0.0
rel B0=0 eps=.5,3,8,3.0,0.0,8.4,0.0
rel B0=1 eps=1,3,8,3.0,0.0,11.0,0.0
rel B0=0 eps=2,3,8,3.0,0.0,21.0,0.0
qlen B0=0 gam=1,3,8,3.0,0.0,7.0,0.0
qlen B0=1 gam=.5 eps=.5,3,8,3.0,0.0,8.8,0.0
thresh B=1 th=1 N=2,3,8,3.0,0.0,8.0,0.0
thresh B=0 th=.5 N=3 eps=1,3,8,3.0,0.0,11.25,0.0
cap B0=1 eps=1 Bmax=3,3,8,3.0,0.0,8.0,0.0
cap B0=0 eps=2 Bmax=2,3,8,3.0,0.0,7.666666666666667,0.0
cap B0=1 eps=.5 Bmax=1,3,8,3.0,0.0,7.333333333333333,0.0
cap+cnt B=1 e=1 th=1 N=2 Bm=4,3,8,3.0,0.0,9.0,0.0
skip N=2 (work channel off),3,8,3.0,0.0,9.666666666666666,0.0
skip N=5 (work channel off),3,8,3.0,0.0,13.666666666666666,0.0
fixed B=0,1,3,3.5,0.0,3.5,0.0
fixed B=1,1,3,3.5,3.5,4.5,0.7777777777777778
fixed B=4,1,3,3.5,4.0,7.5,0.5333333333333333
rel B0=0 eps=.5,1,3,3.5,0.0,12.0,0.0
qlen B0=0 gam=1,1,3,3.5,0.0,4.5,0.0
qlen B0=1 gam=.5 eps=.5,1,3,3.5,3.5,15.0,0.3888888888888889
thresh B=1 th=1 N=2,1,3,3.5,3.5,6.5,0.5384615384615384
cap B0=1 eps=.5 Bmax=1,1,3,3.5,3.5,4.5,0.7777777777777778
skip N=2 (work channel off),1,3,3.5,4.0,11.5,0.34782608695652173
skip N=5 (work channel off),1,3,3.5,4.0,23.5,0.1702127659574468
fixed B=0,2,7,3.0,0.0,6.0,0.0
fixed B=1,2,7,3.0,0.0,6.5,0.0
fixed B=4,2,7,3.0,0.0,8.0,0.0
rel B0=0 eps=.5,2,7,3.0,0.0,8.0,0.0
rel B0=1 eps=1,2,7,3.0,0.0,13.0,0.0
qlen B0=0 gam=1,2,7,3.0,0.0,6.5,0.0
qlen B0=1 gam=.5 eps=.5,2,7,3.0,0.0,9.0,0.0
thresh B=1 th=1 N=2,2,7,3.0,0.0,7.5,0.0
thresh B=0 th=.5 N=3 eps=1,2,7,3.0,0.0,13.5,0.0
cap B0=1 eps=1 Bmax=3,2,7,3.0,0.0,7.5,0.0
cap B0=1 eps=.5 Bmax=1,2,7,3.0,0.0,6.5,0.0
cap+cnt B=1 e=1 th=1 N=2 Bm=4,2,7,3.0,0.0,9.0,0.0
skip N=2 (work channel off),2,7,3.0,0.0,10.0,0.0
skip N=5 (work channel off),2,7,3.0,0.0,16.0,0.0
fixed B=0,3,9,2.5,0.0,5.833333333333333,0.0
fixed B=1,3,9,2.5,0.0,6.166666666666667,0.0
fixed B=4,3,9,2.5,0.0,7.166666666666667,0.0
rel B0=0 eps=.5,3,9,2.5,0.0,7.0,0.0
rel B0=1 eps=1,3,9,2.5,0.0,9.25,0.0
rel B0=0 eps=2,3,9,2.5,0.0,17.5,0.0
qlen B0=0 gam=1,3,9,2.5,0.0,6.166666666666667,0.0
qlen B0=1 gam=.5 eps=.5,3,9,2.5,0.0,7.6,0.0
thresh B=1 th=1 N=2,3,9,2.5,0.0,6.833333333333333,0.0
thresh B=0 th=.5 N=3 eps=1,3,9,2.5,0.0,9.5,0.0
cap B0=1 eps=1 Bmax=3,3,9,2.5,0.0,6.833333333333333,0.0
cap B0=0 eps=2 Bmax=2,3,9,2.5,0.0,6.5,0.0
cap B0=1 eps=.5 Bmax=1,3,9,2.5,0.0,6.166666666666667,0.0
cap+cnt B=1 e=1 th=1 N=2 Bm=4,3,9,2.5,0.0,7.833333333333333,0.0
skip N=2 (work channel off),3,9,2.5,0.0,8.5,0.0
skip N=5 (work channel off),3,9,2.5,0.0,12.5,0.0
fixed B=0,2,9,3.5,0.0,7.0,0.0
fixed B=1,2,9,3.5,0.5,7.5,0.06666666666666667
fixed B=4,2,9,3.5,0.5,9.0,0.05555555555555555
rel B0=0 eps=.5,2,9,3.5,0.5,9.5,0.05263157894736842
rel B0=1 eps=1,2,9,3.5,0.5,15.5,0.03225806451612903
qlen B0=0 gam=1,2,9,3.5,0.0,8.0,0.0
qlen B0=1 gam=.5 eps=.5,2,9,3.5,0.5,10.833333333333334,0.049180327868852465
thresh B=1 th=1 N=2,2,9,3.5,0.5,8.5,0.058823529411764705
thresh B=0 th=.5 N=3 eps=1,2,9,3.5,0.5,16.0,0.03125
cap B0=1 eps=1 Bmax=3,2,9,3.5,0.5,8.5,0.058823529411764705
cap B0=1 eps=.5 Bmax=1,2,9,3.5,0.5,7.5,0.06666666666666667
cap+cnt B=1 e=1 th=1 N=2 Bm=4,2,9,3.5,0.5,10.0,0.05
skip N=2 (work channel off),2,9,3.5,0.5,11.0,0.045454545454545456
skip N=5 (work channel off),2,9,3.5,0.5,17.0,0.029411764705882353
fixed B=0,3,5,4.0,0.0,9.333333333333334,0.0
fixed B=1,3,5,4.0,0.0,9.666666666666666,0.0
fixed B=4,3,5,4.0,0.0,10.666666666666666,0.0
rel B0=0 eps=.5,3,5,4.0,0.0,11.2,0.0
rel B0=1 eps=1,3,5,4.0,0.0,14.5,0.0
rel B0=0 eps=2,3,5,4.0,0.0,28.0,0.0
qlen B0=0 gam=1,3,5,4.0,0.0,9.666666666666666,0.0
qlen B0=1 gam=.5 eps=.5,3,5,4.0,0.0,11.8,0.0
thresh B=1 th=1 N=2,3,5,4.0,0.0,10.333333333333334,0.0
thresh B=0 th=.5 N=3 eps=1,3,5,4.0,0.0,14.75,0.0
cap B0=1 eps=1 Bmax=3,3,5,4.0,0.0,10.333333333333334,0.0
cap B0=0 eps=2 Bmax=2,3,5,4.0,0.0,10.0,0.0
cap B0=1 eps=.5 Bmax=1,3,5,4.0,0.0,9.666666666666666,0.0
cap+cnt B=1 e=1 th=1 N=2 Bm=4,3,5,4.0,0.0,11.333333333333334,0.0
skip N=2 (work channel off),3,5,4.0,0.0,12.0,0.0
skip N=5 (work channel off),3,5,4.0,0.0,16.0,0.0
fixed B=0,3,9,4.0,0.0,9.333333333333334,0.0
fixed B=1,3,9,4.0,0.0,9.666666666666666,0.0
fixed B=4,3,9,4.0,0.0,10.666666666666666,0.0
rel B0=0 eps=.5,3,9,4.0,0.0,11.2,0.0
rel B0=1 eps=1,3,9,4.0,0.0,14.5,0.0
rel B0=0 eps=2,3,9,4.0,0.0,28.0,0.0
qlen B0=0 gam=1,3,9,4.0,0.0,10.0,0.0
qlen B0=1 gam=.5 eps=.5,3,9,4.0,0.0,12.0,0.0
thresh B=1 th=1 N=2,3,9,4.0,0.0,10.333333333333334,0.0
thresh B=0 th=.5 N=3 eps=1,3,9,4.0,0.0,14.75,0.0
cap B0=1 eps=1 Bmax=3,3,9,4.0,0.0,10.333333333333334,0.0
cap B0=0 eps=2 Bmax=2,3,9,4.0,0.0,10.0,0.0
cap B0=1 eps=.5 Bmax=1,3,9,4.0,0.0,9.666666666666666,0.0
cap+cnt B=1 e=1 th=1 N=2 Bm=4,3,9,4.0,0.0,11.333333333333334,0.0
skip N=2 (work channel off),3,9,4.0,0.0,12.0,0.0
skip N=5 (work channel off),3,9,4.0,0.0,16.0,0.0
fixed B=0,2,2,2.0,0.0,4.0,0.0
fixed B=1,2,2,2.0,0.0,4.5,0.0
fixed B=4,2,2,2.0,0.0,6.0,0.0
rel B0=0 eps=.5,2,2,2.0,0.0,5.333333333333333,0.0
rel B0=1 eps=1,2,2,2.0,0.0,9.0,0.0
qlen B0=0 gam=1,2,2,2.0,0.0,4.0,0.0
qlen B0=1 gam=.5 eps=.5,2,2,2.0,0.0,6.0,0.0
thresh B=1 th=1 N=2,2,2,2.0,0.0,5.5,0.0
thresh B=0 th=.5 N=3 eps=1,2,2,2.0,0.0,9.5,0.0
cap B0=1 eps=1 Bmax=3,2,2,2.0,0.0,5.5,0.0
cap B0=1 eps=.5 Bmax=1,2,2,2.0,0.0,4.5,0.0
cap+cnt B=1 e=1 th=1 N=2 Bm=4,2,2,2.0,0.0,7.0,0.0
skip N=2 (work channel off),2,2,2.0,0.0,8.0,0.0
skip N=5 (work channel off),2,2,2.0,0.0,14.0,0.0
fixed B=0,1,8,4.0,0.0,4.0,0.0
fixed B=1,1,8,4.0,0.0,5.0,0.0
fixed B=4,1,8,4.0,0.0,8.0,0.0
rel B0=0 eps=.5,1,8,4.0,0.0,17.5,0.0
qlen B0=0 gam=1,1,8,4.0,0.0,7.0,0.0
qlen B0=1 gam=.5 eps=.5,1,8,4.0,0.0,22.5,0.0
thresh B=1 th=1 N=2,1,8,4.0,0.0,7.0,0.0
cap B0=1 eps=.5 Bmax=1,1,8,4.0,0.0,5.0,0.0
skip N=2 (work channel off),1,8,4.0,0.0,12.0,0.0
skip N=5 (work channel off),1,8,4.0,0.0,24.0,0.0
fixed B=0,1,9,4.0,0.0,4.0,0.0
fixed B=1,1,9,4.0,4.0,5.0,0.8
fixed B=4,1,9,4.0,4.0,8.0,0.5
rel B0=0 eps=.5,1,9,4.0,4.0,14.5,0.4
qlen B0=0 gam=1,1,9,4.0,0.5,6.0,0.1
qlen B0=1 gam=.5 eps=.5,1,9,4.0,4.0,19.5,0.3333333333333333
thresh B=1 th=1 N=2,1,9,4.0,4.0,7.0,0.5714285714285714
cap B0=1 eps=.5 Bmax=1,1,9,4.0,4.0,5.0,0.8
skip N=2 (work channel off),1,9,4.0,4.0,12.0,0.3333333333333333
skip N=5 (work channel off),1,9,4.0,4.0,24.0,0.16666666666666666
fixed B=0,3,6,3.5,0.0,8.166666666666666,0.0
fixed B=1,3,6,3.5,0.0,8.5,0.0
fixed B=4,3,6,3.5,0.0,9.5,0.0
rel B0=0 eps=.5,3,6,3.5,0.0,9.8,0.0
rel B0=1 eps=1,3,6,3.5,0.0,12.75,0.0
rel B0=0 eps=2,3,6,3.5,0.0,24.5,0.0
qlen B0=0 gam=1,3,6,3.5,0.0,8.5,0.0
qlen B0=1 gam=.5 eps=.5,3,6,3.5,0.0,10.4,0.0
thresh B=1 th=1 N=2,3,6,3.5,0.0,9.166666666666666,0.0
thresh B=0 th=.5 N=3 eps=1,3,6,3.5,0.0,13.0,0.0
cap B0=1 eps=1 Bmax=3,3,6,3.5,0.0,9.166666666666666,0.0
cap B0=0 eps=2 Bmax=2,3,6,3.5,0.0,8.833333333333334,0.0
cap B0=1 eps=.5 Bmax=1,3,6,3.5,0.0,8.5,0.0
cap+cnt B=1 e=1 th=1 N=2 Bm=4,3,6,3.5,0.0,10.166666666666666,0.0
skip N=2 (work channel off),3,6,3.5,0.0,10.833333333333334,0.0
skip N=5 (work channel off),3,6,3.5,0.0,14.833333333333334,0.0
fixed B=0,1,3,3.0,0.0,3.0,0.0
fixed B=1,1,3,3.0,0.0,4.0,0.0
fixed B=4,1,3,3.0,0.0,7.0,0.0
rel B0=0 eps=.5,1,3,3.0,0.0,8.5,0.0
qlen B0=0 gam=1,1,3,3.0,0.0,3.0,0.0
qlen B0=1 gam=.5 eps=.5,1,3,3.0,0.0,10.5,0.0
thresh B=1 th=1 N=2,1,3,3.0,0.0,6.0,0.0
cap B0=1 eps=.5 Bmax=1,1,3,3.0,0.0,4.0,0.0
skip N=2 (work channel off),1,3,3.0,0.0,11.0,0.0
skip N=5 (work channel off),1,3,3.0,0.0,23.0,0.0
fixed B=0,1,2,2.5,0.0,2.5,0.0
fixed B=1,1,2,2.5,0.0,3.5,0.0
fixed B=4,1,2,2.5,0.0,6.5,0.0
rel B0=0 eps=.5,1,2,2.5,0.0,5.0,0.0
qlen B0=0 gam=1,1,2,2.5,0.0,2.5,0.0
qlen B0=1 gam=.5 eps=.5,1,2,2.5,0.0,7.0,0.0
thresh B=1 th=1 N=2,1,2,2.5,0.0,5.5,0.0
cap B0=1 eps=.5 Bmax=1,1,2,2.5,0.0,3.5,0.0
skip N=2 (work channel off),1,2,2.5,0.0,10.5,0.0
skip N=5 (work channel off),1,2,2.5,0.0,22.5,0.0
fixed B=0,3,7,2.5,0.0,5.833333333333333,0.0
fixed B=1,3,7,2.5,0.0,6.166666666666667,0.0
fixed B=4,3,7,2.5,0.0,7.166666666666667,0.0
rel B0=0 eps=.5,3,7,2.5,0.0,7.0,0.0
rel B0=1 eps=1,3,7,2.5,0.0,9.25,0.0
rel B0=0 eps=2,3,7,2.5,0.0,17.5,0.0
qlen B0=0 gam=1,3,7,2.5,0.0,6.166666666666667,0.0
qlen B0=1 gam=.5 eps=.5,3,7,2.5,0.0,7.6,0.0
thresh B=1 th=1 N=2,3,7,2.5,0.0,6.833333333333333,0.0
thresh B=0 th=.5 N=3 eps=1,3,7,2.5,0.0,9.5,0.0
cap B0=1 eps=1 Bmax=3,3,7,2.5,0.0,6.833333333333333,0.0
cap B0=0 eps=2 Bmax=2,3,7,2.5,0.0,6.5,0.0
cap B0=1 eps=.5 Bmax=1,3,7,2.5,0.0,6.166666666666667,0.0
cap+cnt B=1 e=1 th=1 N=2 Bm=4,3,7,2.5,0.0,7.833333333333333,0.0
skip N=2 (work channel off),3,7,2.5,0.0,8.5,0.0
skip N=5 (work channel off),3,7,2.5,0.0,12.5,0.0
fixed B=0,1,2,3.0,0.0,3.0,0.0
fixed B=1,1,2,3.0,0.0,4.0,0.0
fixed B=4,1,2,3.0,0.0,7.0,0.0
rel B0=0 eps=.5,1,2,3.0,0.0,8.0,0.0
qlen B0=0 gam=1,1,2,3.0,0.0,3.0,0.0
qlen B0=1 gam=.5 eps=.5,1,2,3.0,0.0,10.0,0.0
thresh B=1 th=1 N=2,1,2,3.0,0.0,6.0,0.0
cap B0=1 eps=.5 Bmax=1,1,2,3.0,0.0,4.0,0.0
skip N=2 (work channel off),1,2,3.0,0.0,11.0,0.0
skip N=5 (work channel off),1,2,3.0,0.0,23.0,0.0
fixed B=0,2,4,3.0,0.0,6.0,0.0
fixed B=1,2,4,3.0,0.5,6.5,0.07692307692307693
fixed B=4,2,4,3.0,0.5,8.0,0.0625
rel B0=0 eps=.5,2,4,3.0,0.0,8.166666666666666,0.0
rel B0=1 eps=1,2,4,3.0,0.5,13.5,0.038461538461538464
qlen B0=0 gam=1,2,4,3.0,0.0,6.5,0.0
qlen B0=1 gam=.5 eps=.5,2,4,3.0,0.5,9.166666666666666,0.057692307692307696
thresh B=1 th=1 N=2,2,4,3.0,0.5,7.5,0.06666666666666667
thresh B=0 th=.5 N=3 eps=1,2,4,3.0,0.0,14.0,0.0
cap B0=1 eps=1 Bmax=3,2,4,3.0,0.5,7.5,0.06666666666666667
cap B0=1 eps=.5 Bmax=1,2,4,3.0,0.5,6.5,0.07692307692307693
cap+cnt B=1 e=1 th=1 N=2 Bm=4,2,4,3.0,0.5,9.0,0.05555555555555555
skip N=2 (work channel off),2,4,3.0,0.5,10.0,0.05
skip N=5 (work channel off),2,4,3.0,0.5,16.0,0.03125
fixed B=0,2,5,3.5,0.0,7.0,0.0
fixed B=1,2,5,3.5,0.0,7.5,0.0
fixed B=4,2,5,3.5,0.0,9.0,0.0
rel B0=0 eps=.5,2,5,3.5,0.0,9.333333333333334,0.0
rel B0=1 eps=1,2,5,3.5,0.0,15.0,0.0
qlen B0=0 gam=1,2,5,3.5,0.0,7.0,0.0
qlen B0=1 gam=.5 eps=.5,2,5,3.5,0.0,10.0,0.0
thresh B=1 th=1 N=2,2,5,3.5,0.0,8.5,0.0
thresh B=0 th=.5 N=3 eps=1,2,5,3.5,0.0,15.5,0.0
cap B0=1 eps=1 Bmax=3,2,5,3.5,0.0,8.5,0.0
cap B0=1 eps=.5 Bmax=1,2,5,3.5,0.0,7.5,0.0
cap+cnt B=1 e=1 th=1 N=2 Bm=4,2,5,3.5,0.0,10.0,0.0
skip N=2 (work channel off),2,5,3.5,0.0,11.0,0.0
skip N=5 (work channel off),2,5,3.5,0.0,17.0,0.0
fixed B=0,3,8,3.0,0.0,7.0,0.0
fixed B=1,3,8,3.0,0.5,7.333333333333333,0.06818181818181819
fixed B=4,3,8,3.0,0.5,8.333333333333334,0.06
rel B0=0 eps=.5,3,8,3.0,0.0,8.5,0.0
rel B0=1 eps=1,3,8,3.0,0.5,11.25,0.045454545454545456
rel B0=0 eps=2,3,8,3.0,0.0,22.0,0.0
qlen B0=0 gam=1,3,8,3.0,0.0,7.333333333333333,0.0
qlen B0=1 gam=.5 eps=.5,3,8,3.0,0.5,9.1,0.056818181818181816
thresh B=1 th=1 N=2,3,8,3.0,0.5,8.0,0.0625
thresh B=0 th=.5 N=3 eps=1,3,8,3.0,0.0,11.5,0.0
cap B0=1 eps=1 Bmax=3,3,8,3.0,0.5,8.0,0.0625
cap B0=0 eps=2 Bmax=2,3,8,3.0,0.0,7.666666666666668,0.0
cap B0=1 eps=.5 Bmax=1,3,8,3.0,0.5,7.333333333333333,0.06818181818181819
cap+cnt B=1 e=1 th=1 N=2 Bm=4,3,8,3.0,0.5,9.0,0.05555555555555555
skip N=2 (work channel off),3,8,3.0,0.5,9.666666666666666,0.05172413793103449
skip N=5 (work channel off),3,8,3.0,0.5,13.666666666666666,0.03658536585365854
fixed B=0,1,7,3.5,0.0,3.5,0.0
fixed B=1,1,7,3.5,0.0,4.5,0.0
fixed B=4,1,7,3.5,0.0,7.5,0.0
rel B0=0 eps=.5,1,7,3.5,3.5,8.5,0.4117647058823529
qlen B0=0 gam=1,1,7,3.5,0.0,4.5,0.0
qlen B0=1 gam=.5 eps=.5,1,7,3.5,0.0,10.5,0.0
thresh B=1 th=1 N=2,1,7,3.5,0.0,6.5,0.0
cap B0=1 eps=.5 Bmax=1,1,7,3.5,0.0,4.5,0.0
skip N=2 (work channel off),1,7,3.5,0.0,11.5,0.0
skip N=5 (work channel off),1,7,3.5,0.0,23.5,0.0
fixed B=0,3,8,4.0,0.0,9.333333333333334,0.0
fixed B=1,3,8,4.0,0.0,9.666666666666666,0.0
fixed B=4,3,8,4.0,0.0,10.666666666666666,0.0
rel B0=0 eps=.5,3,8,4.0,0.0,11.2,0.0
rel B0=1 eps=1,3,8,4.0,0.0,14.5,0.0
rel B0=0 eps=2,3,8,4.0,0.0,28.0,0.0
qlen B0=0 gam=1,3,8,4.0,0.0,9.666666666666666,0.0
qlen B0=1 gam=.5 eps=.5,3,8,4.0,0.0,11.8,0.0
thresh B=1 th=1 N=2,3,8,4.0,0.0,10.333333333333334,0.0
thresh B=0 th=.5 N=3 eps=1,3,8,4.0,0.0,14.75,0.0
cap B0=1 eps=1 Bmax=3,3,8,4.0,0.0,10.333333333333334,0.0
cap B0=0 eps=2 Bmax=2,3,8,4.0,0.0,10.0,0.0
cap B0=1 eps=.5 Bmax=1,3,8,4.0,0.0,9.666666666666666,0.0
cap+cnt B=1 e=1 th=1 N=2 Bm=4,3,8,4.0,0.0,11.333333333333334,0.0
skip N=2 (work channel off),3,8,4.0,0.0,12.0,0.0
skip N=5 (work channel off),3,8,4.0,0.0,16.0,0.0
fixed B=0,2,6,3.5,0.0,7.0,0.0
fixed B=1,2,6,3.5,0.0,7.5,0.0
fixed B=4,2,6,3.5,0.0,9.0,0.0
rel B0=0 eps=.5,2,6,3.5,0.0,9.333333333333334,0.0
rel B0=1 eps=1,2,6,3.5,0.0,15.0,0.0
qlen B0=0 gam=1,2,6,3.5,0.0,7.0,0.0
qlen B0=1 gam=.5 eps=.5,2,6,3.5,0.0,10.0,0.0
thresh B=1 th=1 N=2,2,6,3.5,0.0,8.5,0.0
thresh B=0 th=.5 N=3 eps=1,2,6,3.5,0.0,15.5,0.0
cap B0=1 eps=1 Bmax=3,2,6,3.5,0.0,8.5,0.0
cap B0=1 eps=.5 Bmax=1,2,6,3.5,0.0,7.5,0.0
cap+cnt B=1 e=1 th=1 N=2 Bm=4,2,6,3.5,0.0,10.0,0.0
skip N=2 (work channel off),2,6,3.5,0.0,11.0,0.0
skip N=5 (work channel off),2,6,3.5,0.0,17.0,0.0
fixed B=0,1,3,2.5,0.0,2.5,0.0
fixed B=1,1,3,2.5,0.0,3.5,0.0
fixed B=4,1,3,2.5,0.0,6.5,0.0
rel B0=0 eps=.5,1,3,2.5,0.0,5.0,0.0
qlen B0=0 gam=1,1,3,2.5,0.0,2.5,0.0
qlen B0=1 gam=.5 eps=.5,1,3,2.5,0.0,7.0,0.0
thresh B=1 th=1 N=2,1,3,2.5,0.0,5.5,0.0
cap B0=1 eps=.5 Bmax=1,1,3,2.5,0.0,3.5,0.0
skip N=2 (work channel off),1,3,2.5,0.0,10.5,0.0
skip N=5 (work channel off),1,3,2.5,0.0,22.5,0.0
fixed B=0,3,4,3.5,0.0,8.166666666666666,0.0
fixed B=1,3,4,3.5,0.0,8.5,0.0
fixed B=4,3,4,3.5,0.0,9.5,0.0
rel B0=0 eps=.5,3,4,3.5,0.0,9.8,0.0
rel B0=1 eps=1,3,4,3.5,0.0,12.75,0.0
rel B0=0 eps=2,3,4,3.5,0.0,24.5,0.0
qlen B0=0 gam=1,3,4,3.5,0.0,8.166666666666666,0.0
qlen B0=1 gam=.5 eps=.5,3,4,3.5,0.0,10.2,0.0
thresh B=1 th=1 N=2,3,4,3.5,0.0,9.166666666666666,0.0
thresh B=0 th=.5 N=3 eps=1,3,4,3.5,0.0,13.0,0.0
cap B0=1 eps=1 Bmax=3,3,4,3.5,0.0,9.166666666666666,0.0
cap B0=0 eps=2 Bmax=2,3,4,3.5,0.0,8.833333333333334,0.0
cap B0=1 eps=.5 Bmax=1,3,4,3.5,0.0,8.5,0.0
cap+cnt B=1 e=1 th=1 N=2 Bm=4,3,4,3.5,0.0,10.166666666666666,0.0
skip N=2 (work channel off),3,4,3.5,0.0,10.833333333333334,0.0
skip N=5 (work channel off),3,4,3.5,0.0,14.833333333333334,0.0
fixed B=0,1,8,2.5,0.0,2.5,0.0
fixed B=1,1,8,2.5,0.0,3.5,0.0
fixed B=4,1,8,2.5,0.0,6.5,0.0
rel B0=0 eps=.5,1,8,2.5,0.0,6.0,0.0
qlen B0=0 gam=1,1,8,2.5,0.0,2.5,0.0
qlen B0=1 gam=.5 eps=.5,1,8,2.5,0.0,8.0,0.0
thresh B=1 th=1 N=2,1,8,2.5,0.0,5.5,0.0
cap B0=1 eps=.5 Bmax=1,1,8,2.5,0.0,3.5,0.0
skip N=2 (work channel off),1,8,2.5,0.0,10.5,0.0
skip N=5 (work channel off),1,8,2.5,0.0,22.5,0.0
fixed B=0,3,3,0.5,0.0,1.1666666666666667,0.0
fixed B=1,3,3,0.5,0.0,1.5,0.0
fixed B=4,3,3,0.5,0.0,2.5,0.0
rel B0=0 eps=.5,3,3,0.5,0.0,1.4,0.0
rel B0=1 eps=1,3,3,0.5,0.0,2.25,0.0
rel B0=0 eps=2,3,3,0.5,0.0,3.5,0.0
qlen B0=0 gam=1,3,3,0.5,0.0,1.1666666666666667,0.0
qlen B0=1 gam=.5 eps=.5,3,3,0.5,0.0,1.8,0.0
thresh B=1 th=1 N=2,3,3,0.5,0.0,2.1666666666666665,0.0
thresh B=0 th=.5 N=3 eps=1,3,3,0.5,0.0,2.5,0.0
cap B0=1 eps=1 Bmax=3,3,3,0.5,0.0,2.1666666666666665,0.0
cap B0=0 eps=2 Bmax=2,3,3,0.5,0.0,1.8333333333333333,0.0
cap B0=1 eps=.5 Bmax=1,3,3,0.5,0.0,1.5,0.0
cap+cnt B=1 e=1 th=1 N=2 Bm=4,3,3,0.5,0.0,3.1666666666666665,0.0
skip N=2 (work channel off),3,3,0.5,0.0,3.8333333333333335,0.0
skip N=5 (work channel off),3,3,0.5,0.0,7.833333333333333,0.0
fixed B=0,2,8,4.0,0.0,8.0,0.0
fixed B=1,2,8,4.0,0.0,8.5,0.0
fixed B=4,2,8,4.0,0.0,10.0,0.0
rel B0=0 eps=.5,2,8,4.0,0.0,11.5,0.0
rel B0=1 eps=1,2,8,4.0,0.0,19.5,0.0
qlen B0=0 gam=1,2,8,4.0,0.0,8.5,0.0
qlen B0=1 gam=.5 eps=.5,2,8,4.0,0.0,12.5,0.0
thresh B=1 th=1 N=2,2,8,4.0,0.0,9.5,0.0
thresh B=0 th=.5 N=3 eps=1,2,8,4.0,0.0,20.0,0.0
cap B0=1 eps=1 Bmax=3,2,8,4.0,0.0,9.5,0.0
cap B0=1 eps=.5 Bmax=1,2,8,4.0,0.0,8.5,0.0
cap+cnt B=1 e=1 th=1 N=2 Bm=4,2,8,4.0,0.0,11.0,0.0
skip N=2 (work channel off),2,8,4.0,0.0,12.0,0.0
skip N=5 (work channel off),2,8,4.0,0.0,18.0,0.0
fixed B=0,2,7,3.5,0.0,7.0,0.0
fixed B=1,2,7,3.5,0.0,7.5,0.0
fixed B=4,2,7,3.5,0.0,9.0,0.0
rel B0=0 eps=.5,2,7,3.5,0.0,9.333333333333334,0.0
rel B0=1 eps=1,2,7,3.5,0.0,15.0,0.0
qlen B0=0 gam=1,2,7,3.5,0.0,7.5,0.0
qlen B0=1 gam=.5 eps=.5,2,7,3.5,0.0,10.333333333333334,0.0
thresh B=1 th=1 N=2,2,7,3.5,0.0,8.5,0.0
thresh B=0 th=.5 N=3 eps=1,2,7,3.5,0.0,15.5,0.0
cap B0=1 eps=1 Bmax=3,2,7,3.5,0.0,8.5,0.0
cap B0=1 eps=.5 Bmax=1,2,7,3.5,0.0,7.5,0.0
cap+cnt B=1 e=1 th=1 N=2 Bm=4,2,7,3.5,0.0,10.0,0.0
skip N=2 (work channel off),2,7,3.5,0.0,11.0,0.0
skip N=5 (work channel off),2,7,3.5,0.0,17.0,0.0
fixed B=0,1,3,2.0,0.0,2.0,0.0
fixed B=1,1,3,2.0,0.0,3.0,0.0
fixed B=4,1,3,2.0,0.0,6.0,0.0
rel B0=0 eps=.5,1,3,2.0,0.0,5.0,0.0
qlen B0=0 gam=1,1,3,2.0,0.0,2.0,0.0
qlen B0=1 gam=.5 eps=.5,1,3,2.0,0.0,7.0,0.0
thresh B=1 th=1 N=2,1,3,2.0,0.0,5.0,0.0
cap B0=1 eps=.5 Bmax=1,1,3,2.0,0.0,3.0,0.0
skip N=2 (work channel off),1,3,2.0,0.0,10.0,0.0
skip N=5 (work channel off),1,3,2.0,0.0,22.0,0.0
fixed B=0,2,7,3.5,0.0,7.0,0.0
fixed B=1,2,7,3.5,0.0,7.5,0.0
fixed B=4,2,7,3.5,0.0,9.0,0.0
rel B0=0 eps=.5,2,7,3.5,0.0,9.333333333333334,0.0
rel B0=1 eps=1,2,7,3.5,0.0,15.0,0.0
qlen B0=0 gam=1,2,7,3.5,0.0,7.0,0.0
qlen B0=1 gam=.5 eps=.5,2,7,3.5,0.0,10.0,0.0
thresh B=1 th=1 N=2,2,7,3.5,0.0,8.5,0.0
thresh B=0 th=.5 N=3 eps=1,2,7,3.5,0.0,15.5,0.0
cap B0=1 eps=1 Bmax=3,2,7,3.5,0.0,8.5,0.0
cap B0=1 eps=.5 Bmax=1,2,7,3.5,0.0,7.5,0.0
cap+cnt B=1 e=1 th=1 N=2 Bm=4,2,7,3.5,0.0,10.0,0.0
skip N=2 (work channel off),2,7,3.5,0.0,11.0,0.0
skip N=5 (work channel off),2,7,3.5,0.0,17.0,0.0
fixed B=0,3,2,3.5,0.0,8.166666666666666,0.0
fixed B=1,3,2,3.5,0.0,8.5,0.0
fixed B=4,3,2,3.5,0.0,9.5,0.0
rel B0=0 eps=.5,3,2,3.5,0.0,9.8,0.0
rel B0=1 eps=1,3,2,3.5,0.0,12.75,0.0
rel B0=0 eps=2,3,2,3.5,0.0,24.5,0.0
qlen B0=0 gam=1,3,2,3.5,0.0,8.166666666666666,0.0
qlen B0=1 gam=.5 eps=.5,3,2,3.5,0.0,10.2,0.0
thresh B=1 th=1 N=2,3,2,3.5,0.0,9.166666666666666,0.0
thresh B=0 th=.5 N=3 eps=1,3,2,3.5,0.0,13.0,0.0
cap B0=1 eps=1 Bmax=3,3,2,3.5,0.0,9.166666666666666,0.0
cap B0=0 eps=2 Bmax=2,3,2,3.5,0.0,8.833333333333334,0.0
cap B0=1 eps=.5 Bmax=1,3,2,3.5,0.0,8.5,0.0
cap+cnt B=1 e=1 th=1 N=2 Bm=4,3,2,3.5,0.0,10.166666666666666,0.0
skip N=2 (work channel off),3,2,3.5,0.0,10.833333333333334,0.0
skip N=5 (work channel off),3,2,3.5,0.0,14.833333333333334,0.0
fixed B=0,1,5,3.0,0.0,3.0,0.0
fixed B=1,1,5,3.0,0.0,4.0,0.0
fixed B=4,1,5,3.0,0.0,7.0,0.0
rel B0=0 eps=.5,1,5,3.0,0.0,6.0,0.0
qlen B0=0 gam=1,1,5,3.0,0.0,3.0,0.0
qlen B0=1 gam=.5 eps=.5,1,5,3.0,0.0,8.0,0.0
thresh B=1 th=1 N=2,1,5,3.0,0.0,6.0,0.0
cap B0=1 eps=.5 Bmax=1,1,5,3.0,0.0,4.0,0.0
skip N=2 (work channel off),1,5,3.0,0.0,11.0,0.0
skip N=5 (work channel off),1,5,3.0,0.0,23.0,0.0
fixed B=0,2,7,4.0,0.0,8.0,0.0
fixed B=1,2,7,4.0,0.0,8.5,0.0
fixed B=4,2,7,4.0,0.0,10.0,0.0
rel B0=0 eps=.5,2,7,4.0,0.0,11.0,0.0
rel B0=1 eps=1,2,7,4.0,0.0,18.0,0.0
qlen B0=0 gam=1,2,7,4.0,0.0,8.5,0.0
qlen B0=1 gam=.5 eps=.5,2,7,4.0,0.0,12.0,0.0
thresh B=1 th=1 N=2,2,7,4.0,0.0,9.5,0.0
thresh B=0 th=.5 N=3 eps=1,2,7,4.0,0.0,18.5,0.0
cap B0=1 eps=1 Bmax=3,2,7,4.0,0.0,9.5,0.0
cap B0=1 eps=.5 Bmax=1,2,7,4.0,0.0,8.5,0.0
cap+cnt B=1 e=1 th=1 N=2 Bm=4,2,7,4.0,0.0,11.0,0.0
skip N=2 (work channel off),2,7,4.0,0.0,12.0,0.0
skip N=5 (work channel off),2,7,4.0,0.0,18.0,0.0
fixed B=0,3,5,4.0,0.0,9.333333333333334,0.0
fixed B=1,3,5,4.0,0.0,9.666666666666666,0.0
fixed B=4,3,5,4.0,0.0,10.666666666666666,0.0
rel B0=0 eps=.5,3,5,4.0,0.0,11.2,0.0
rel B0=1 eps=1,3,5,4.0,0.0,14.5,0.0
rel B0=0 eps=2,3,5,4.0,0.0,28.0,0.0
qlen B0=0 gam=1,3,5,4.0,0.0,9.666666666666666,0.0
qlen B0=1 gam=.5 eps=.5,3,5,4.0,0.0,11.8,0.0
thresh B=1 th=1 N=2,3,5,4.0,0.0,10.333333333333334,0.0
thresh B=0 th=.5 N=3 eps=1,3,5,4.0,0.0,14.75,0.0
cap B0=1 eps=1 Bmax=3,3,5,4.0,0.0,10.333333333333334,0.0
cap B0=0 eps=2 Bmax=2,3,5,4.0,0.0,10.0,0.0
cap B0=1 eps=.5 Bmax=1,3,5,4.0,0.0,9.666666666666666,0.0
cap+cnt B=1 e=1 th=1 N=2 Bm=4,3,5,4.0,0.0,11.333333333333334,0.0
skip N=2 (work channel off),3,5,4.0,0.0,12.0,0.0
skip N=5 (work channel off),3,5,4.0,0.0,16.0,0.0
fixed B=0,3,9,4.0,0.0,9.333333333333334,0.0
fixed B=1,3,9,4.0,0.0,9.666666666666666,0.0
fixed B=4,3,9,4.0,0.0,10.666666666666666,0.0
rel B0=0 eps=.5,3,9,4.0,0.0,11.2,0.0
rel B0=1 eps=1,3,9,4.0,0.0,14.5,0.0
rel B0=0 eps=2,3,9,4.0,0.0,28.0,0.0
qlen B0=0 gam=1,3,9,4.0,0.0,9.333333333333334,0.0
qlen B0=1 gam=.5 eps=.5,3,9,4.0,0.0,11.6,0.0
thresh B=1 th=1 N=2,3,9,4.0,0.0,10.333333333333334,0.0
thresh B=0 th=.5 N=3 eps=1,3,9,4.0,0.0,14.75,0.0
cap B0=1 eps=1 Bmax=3,3,9,4.0,0.0,10.333333333333334,0.0
cap B0=0 eps=2 Bmax=2,3,9,4.0,0.0,10.0,0.0
cap B0=1 eps=.5 Bmax=1,3,9,4.0,0.0,9.666666666666666,0.0
cap+cnt B=1 e=1 th=1 N=2 Bm=4,3,9,4.0,0.0,11.333333333333334,0.0
skip N=2 (work channel off),3,9,4.0,0.0,12.0,0.0
skip N=5 (work channel off),3,9,4.0,0.0,16.0,0.0
fixed B=0,2,4,4.0,0.0,8.0,0.0
fixed B=1,2,4,4.0,0.0,8.5,0.0
fixed B=4,2,4,4.0,0.0,10.0,0.0
rel B0=0 eps=.5,2,4,4.0,0.0,10.666666666666666,0.0
rel B0=1 eps=1,2,4,4.0,0.0,17.0,0.0
qlen B0=0 gam=1,2,4,4.0,0.0,8.0,0.0
qlen B0=1 gam=.5 eps=.5,2,4,4.0,0.0,11.333333333333334,0.0
thresh B=1 th=1 N=2,2,4,4.0,0.0,9.5,0.0
thresh B=0 th=.5 N=3 eps=1,2,4,4.0,0.0,17.5,0.0
cap B0=1 eps=1 Bmax=3,2,4,4.0,0.0,9.5,0.0
cap B0=1 eps=.5 Bmax=1,2,4,4.0,0.0,8.5,0.0
cap+cnt B=1 e=1 th=1 N=2 Bm=4,2,4,4.0,0.0,11.0,0.0
skip N=2 (work channel off),2,4,4.0,0.0,12.0,0.0
skip N=5 (work channel off),2,4,4.0,0.0,18.0,0.0
fixed B=0,3,8,3.0,0.0,7.0,0.0
fixed B=1,3,8,3.0,0.0,7.333333333333333,0.0
fixed B=4,3,8,3.0,0.0,8.333333333333334,0.0
rel B0=0 eps=.5,3,8,3.0,0.0,8.4,0.0
rel B0=1 eps=1,3,8,3.0,0.0,11.0,0.0
rel B0=0 eps=2,3,8,3.0,0.0,21.0,0.0
qlen B0=0 gam=1,3,8,3.0,0.0,7.333333333333333,0.0
qlen B0=1 gam=.5 eps=.5,3,8,3.0,0.0,9.0,0.0
thresh B=1 th=1 N=2,3,8,3.0,0.0,8.0,0.0
thresh B=0 th=.5 N=3 eps=1,3,8,3.0,0.0,11.25,0.0
cap B0=1 eps=1 Bmax=3,3,8,3.0,0.0,8.0,0.0
cap B0=0 eps=2 Bmax=2,3,8,3.0,0.0,7.666666666666667,0.0
cap B0=1 eps=.5 Bmax=1,3,8,3.0,0.0,7.333333333333333,0.0
cap+cnt B=1 e=1 th=1 N=2 Bm=4,3,8,3.0,0.0,9.0,0.0
skip N=2 (work channel off),3,8,3.0,0.0,9.666666666666666,0.0
skip N=5 (work channel off),3,8,3.0,0.0,13.666666666666666,0.0
fixed B=0,2,3,2.5,0.0,5.0,0.0
fixed B=1,2,3,2.5,0.0,5.5,0.0
fixed B=4,2,3,2.5,0.0,7.0,0.0
rel B0=0 eps=.5,2,3,2.5,0.0,6.833333333333333,0.0
rel B0=1 eps=1,2,3,2.5,0.0,11.5,0.0
qlen B0=0 gam=1,2,3,2.5,0.0,5.0,0.0
qlen B0=1 gam=.5 eps=.5,2,3,2.5,0.0,7.5,0.0
thresh B=1 th=1 N=2,2,3,2.5,0.0,6.5,0.0
thresh B=0 th=.5 N=3 eps=1,2,3,2.5,0.0,12.0,0.0
cap B0=1 eps=1 Bmax=3,2,3,2.5,0.0,6.5,0.0
cap B0=1 eps=.5 Bmax=1,2,3,2.5,0.0,5.5,0.0
cap+cnt B=1 e=1 th=1 N=2 Bm=4,2,3,2.5,0.0,8.0,0.0
skip N=2 (work channel off),2,3,2.5,0.0,9.0,0.0
skip N=5 (work channel off),2,3,2.5,0.0,15.0,0.0
fixed B=0,1,3,3.5,0.0,3.5,0.0
fixed B=1,1,3,3.5,0.0,4.5,0.0
fixed B=4,1,3,3.5,0.0,7.5,0.0
rel B0=0 eps=.5,1,3,3.5,0.0,8.0,0.0
qlen B0=0 gam=1,1,3,3.5,0.0,3.5,0.0
qlen B0=1 gam=.5 eps=.5,1,3,3.5,0.0,10.0,0.0
thresh B=1 th=1 N=2,1,3,3.5,0.0,6.5,0.0
cap B0=1 eps=.5 Bmax=1,1,3,3.5,0.0,4.5,0.0
skip N=2 (work channel off),1,3,3.5,0.0,11.5,0.0
skip N=5 (work channel off),1,3,3.5,0.0,23.5,0.0
fixed B=0,1,7,3.5,0.0,3.5,0.0
fixed B=1,1,7,3.5,0.0,4.5,0.0
fixed B=4,1,7,3.5,0.0,7.5,0.0
rel B0=0 eps=.5,1,7,3.5,0.0,10.5,0.0
qlen B0=0 gam=1,1,7,3.5,0.0,4.5,0.0
qlen B0=1 gam=.5 eps=.5,1,7,3.5,0.0,13.5,0.0
thresh B=1 th=1 N=2,1,7,3.5,0.0,6.5,0.0
cap B0=1 eps=.5 Bmax=1,1,7,3.5,0.0,4.5,0.0
skip N=2 (work channel off),1,7,3.5,0.0,11.5,0.0
skip N=5 (work channel off),1,7,3.5,0.0,23.5,0.0
fixed B=0,2,4,3.0,0.0,6.0,0.0
fixed B=1,2,4,3.0,0.0,6.5,0.0
fixed B=4,2,4,3.0,0.0,8.0,0.0
rel B0=0 eps=.5,2,4,3.0,0.0,8.0,0.0
rel B0=1 eps=1,2,4,3.0,0.0,13.0,0.0
qlen B0=0 gam=1,2,4,3.0,0.0,6.0,0.0
qlen B0=1 gam=.5 eps=.5,2,4,3.0,0.0,8.666666666666666,0.0
thresh B=1 th=1 N=2,2,4,3.0,0.0,7.5,0.0
thresh B=0 th=.5 N=3 eps=1,2,4,3.0,0.0,13.5,0.0
cap B0=1 eps=1 Bmax=3,2,4,3.0,0.0,7.5,0.0
cap B0=1 eps=.5 Bmax=1,2,4,3.0,0.0,6.5,0.0
cap+cnt B=1 e=1 th=1 N=2 Bm=4,2,4,3.0,0.0,9.0,0.0
skip N=2 (work channel off),2,4,3.0,0.0,10.0,0.0
skip N=5 (work channel off),2,4,3.0,0.0,16.0,0.0
fixed B=0,3,8,4.0,0.0,9.333333333333334,0.0
fixed B=1,3,8,4.0,0.0,9.666666666666666,0.0
fixed B=4,3,8,4.0,0.0,10.666666666666666,0.0
rel B0=0 eps=.5,3,8,4.0,0.0,11.2,0.0
rel B0=1 eps=1,3,8,4.0,0.0,14.5,0.0
rel B0=0 eps=2,3,8,4.0,0.0,28.0,0.0
qlen B0=0 gam=1,3,8,4.0,0.0,9.333333333333334,0.0
qlen B0=1 gam=.5 eps=.5,3,8,4.0,0.0,11.6,0.0
thresh B=1 th=1 N=2,3,8,4.0,0.0,10.333333333333334,0.0
thresh B=0 th=.5 N=3 eps=1,3,8,4.0,0.0,14.75,0.0
cap B0=1 eps=1 Bmax=3,3,8,4.0,0.0,10.333333333333334,0.0
cap B0=0 eps=2 Bmax=2,3,8,4.0,0.0,10.0,0.0
cap B0=1 eps=.5 Bmax=1,3,8,4.0,0.0,9.666666666666666,0.0
cap+cnt B=1 e=1 th=1 N=2 Bm=4,3,8,4.0,0.0,11.333333333333334,0.0
skip N=2 (work channel off),3,8,4.0,0.0,12.0,0.0
skip N=5 (work channel off),3,8,4.0,0.0,16.0,0.0
fixed B=0,2,7,3.5,0.0,7.0,0.0
fixed B=1,2,7,3.5,1.0,7.5,0.13333333333333333
fixed B=4,2,7,3.5,1.0,9.0,0.1111111111111111
rel B0=0 eps=.5,2,7,3.5,0.0,9.5,0.0
rel B0=1 eps=1,2,7,3.5,1.0,15.5,0.06666666666666667
qlen B0=0 gam=1,2,7,3.5,0.0,7.5,0.0
qlen B0=1 gam=.5 eps=.5,2,7,3.5,1.0,10.5,0.1
thresh B=1 th=1 N=2,2,7,3.5,1.0,8.5,0.11764705882352941
thresh B=0 th=.5 N=3 eps=1,2,7,3.5,0.0,16.0,0.0
cap B0=1 eps=1 Bmax=3,2,7,3.5,1.0,8.5,0.11764705882352941
cap B0=1 eps=.5 Bmax=1,2,7,3.5,1.0,7.5,0.13333333333333333
cap+cnt B=1 e=1 th=1 N=2 Bm=4,2,7,3.5,1.0,10.0,0.1
skip N=2 (work channel off),2,7,3.5,1.0,11.0,0.09090909090909091
skip N=5 (work channel off),2,7,3.5,1.0,17.0,0.058823529411764705
fixed B=0,3,8,3.5,0.0,8.166666666666666,0.0
fixed B=1,3,8,3.5,0.0,8.5,0.0
fixed B=4,3,8,3.5,0.0,9.5,0.0
rel B0=0 eps=.5,3,8,3.5,0.0,9.8,0.0
rel B0=1 eps=1,3,8,3.5,0.0,12.75,0.0
rel B0=0 eps=2,3,8,3.5,0.0,24.5,0.0
qlen B0=0 gam=1,3,8,3.5,0.0,8.5,0.0
qlen B0=1 gam=.5 eps=.5,3,8,3.5,0.0,10.4,0.0
thresh B=1 th=1 N=2,3,8,3.5,0.0,9.166666666666666,0.0
thresh B=0 th=.5 N=3 eps=1,3,8,3.5,0.0,13.0,0.0
cap B0=1 eps=1 Bmax=3,3,8,3.5,0.0,9.166666666666666,0.0
cap B0=0 eps=2 Bmax=2,3,8,3.5,0.0,8.833333333333334,0.0
cap B0=1 eps=.5 Bmax=1,3,8,3.5,0.0,8.5,0.0
cap+cnt B=1 e=1 th=1 N=2 Bm=4,3,8,3.5,0.0,10.166666666666666,0.0
skip N=2 (work channel off),3,8,3.5,0.0,10.833333333333334,0.0
skip N=5 (work channel off),3,8,3.5,0.0,14.833333333333334,0.0
fixed B=0,3,9,3.5,0.0,8.166666666666666,0.0
fixed B=1,3,9,3.5,0.0,8.5,0.0
fixed B=4,3,9,3.5,0.0,9.5,0.0
rel B0=0 eps=.5,3,9,3.5,0.0,9.8,0.0
rel B0=1 eps=1,3,9,3.5,0.0,12.75,0.0
rel B0=0 eps=2,3,9,3.5,0.0,24.5,0.0
qlen B0=0 gam=1,3,9,3.5,0.0,8.166666666666666,0.0
qlen B0=1 gam=.5 eps=.5,3,9,3.5,0.0,10.2,0.0
thresh B=1 th=1 N=2,3,9,3.5,0.0,9.166666666666666,0.0
thresh B=0 th=.5 N=3 eps=1,3,9,3.5,0.0,13.0,0.0
cap B0=1 eps=1 Bmax=3,3,9,3.5,0.0,9.166666666666666,0.0
cap B0=0 eps=2 Bmax=2,3,9,3.5,0.0,8.833333333333334,0.0
cap B0=1 eps=.5 Bmax=1,3,9,3.5,0.0,8.5,0.0
cap+cnt B=1 e=1 th=1 N=2 Bm=4,3,9,3.5,0.0,10.166666666666666,0.0
skip N=2 (work channel off),3,9,3.5,0.0,10.833333333333334,0.0
skip N=5 (work channel off),3,9,3.5,0.0,14.833333333333334,0.0
fixed B=0,1,7,4.0,0.0,4.0,0.0
fixed B=1,1,7,4.0,0.5,5.0,0.1
fixed B=4,1,7,4.0,0.5,8.0,0.0625
rel B0=0 eps=.5,1,7,4.0,4.0,11.5,0.36363636363636365
qlen B0=0 gam=1,1,7,4.0,4.0,5.0,0.8
qlen B0=1 gam=.5 eps=.5,1,7,4.0,0.5,14.0,0.05
thresh B=1 th=1 N=2,1,7,4.0,0.5,7.0,0.07142857142857142
cap B0=1 eps=.5 Bmax=1,1,7,4.0,0.5,5.0,0.1
skip N=2 (work channel off),1,7,4.0,0.5,12.0,0.041666666666666664
skip N=5 (work channel off),1,7,4.0,0.5,24.0,0.020833333333333332
fixed B=0,2,7,4.0,0.0,8.0,0.0
fixed B=1,2,7,4.0,0.0,8.5,0.0
fixed B=4,2,7,4.0,0.0,10.0,0.0
rel B0=0 eps=.5,2,7,4.0,2.0,11.166666666666666,0.18181818181818182
rel B0=1 eps=1,2,7,4.0,0.0,18.5,0.0
qlen B0=0 gam=1,2,7,4.0,0.0,8.5,0.0
qlen B0=1 gam=.5 eps=.5,2,7,4.0,0.0,12.166666666666666,0.0
thresh B=1 th=1 N=2,2,7,4.0,0.0,9.5,0.0
thresh B=0 th=.5 N=3 eps=1,2,7,4.0,2.0,19.0,0.10810810810810811
cap B0=1 eps=1 Bmax=3,2,7,4.0,0.0,9.5,0.0
cap B0=1 eps=.5 Bmax=1,2,7,4.0,0.0,8.5,0.0
cap+cnt B=1 e=1 th=1 N=2 Bm=4,2,7,4.0,0.0,11.0,0.0
skip N=2 (work channel off),2,7,4.0,0.0,12.0,0.0
skip N=5 (work channel off),2,7,4.0,0.0,18.0,0.0
fixed B=0,2,7,4.0,0.0,8.0,0.0
fixed B=1,2,7,4.0,2.0,8.5,0.23529411764705882
fixed B=4,2,7,4.0,2.0,10.0,0.2
rel B0=0 eps=.5,2,7,4.0,0.0,11.0,0.0
rel B0=1 eps=1,2,7,4.0,2.0,18.0,0.11764705882352941
qlen B0=0 gam=1,2,7,4.0,0.0,8.5,0.0
qlen B0=1 gam=.5 eps=.5,2,7,4.0,2.0,12.0,0.1764705882352941
thresh B=1 th=1 N=2,2,7,4.0,2.0,9.5,0.21052631578947367
thresh B=0 th=.5 N=3 eps=1,2,7,4.0,0.0,18.5,0.0
cap B0=1 eps=1 Bmax=3,2,7,4.0,2.0,9.5,0.21052631578947367
cap B0=1 eps=.5 Bmax=1,2,7,4.0,2.0,8.5,0.23529411764705882
cap+cnt B=1 e=1 th=1 N=2 Bm=4,2,7,4.0,2.0,11.0,0.18181818181818182
skip N=2 (work channel off),2,7,4.0,2.0,12.0,0.16666666666666666
skip N=5 (work channel off),2,7,4.0,2.0,18.0,0.1111111111111111
fixed B=0,2,4,2.0,0.0,4.0,0.0
fixed B=1,2,4,2.0,0.0,4.5,0.0
fixed B=4,2,4,2.0,0.0,6.0,0.0
rel B0=0 eps=.5,2,4,2.0,0.0,5.5,0.0
rel B0=1 eps=1,2,4,2.0,0.0,9.5,0.0
qlen B0=0 gam=1,2,4,2.0,0.0,4.0,0.0
qlen B0=1 gam=.5 eps=.5,2,4,2.0,0.0,6.166666666666667,0.0
thresh B=1 th=1 N=2,2,4,2.0,0.0,5.5,0.0
thresh B=0 th=.5 N=3 eps=1,2,4,2.0,0.0,10.0,0.0
cap B0=1 eps=1 Bmax=3,2,4,2.0,0.0,5.5,0.0
cap B0=1 eps=.5 Bmax=1,2,4,2.0,0.0,4.5,0.0
cap+cnt B=1 e=1 th=1 N=2 Bm=4,2,4,2.0,0.0,7.0,0.0
skip N=2 (work channel off),2,4,2.0,0.0,8.0,0.0
skip N=5 (work channel off),2,4,2.0,0.0,14.0,0.0
fixed B=0,2,5,2.5,0.0,5.0,0.0
fixed B=1,2,5,2.5,0.0,5.5,0.0
fixed B=4,2,5,2.5,0.0,7.0,0.0
rel B0=0 eps=.5,2,5,2.5,0.0,6.666666666666667,0.0
rel B0=1 eps=1,2,5,2.5,0.0,11.0,0.0
qlen B0=0 gam=1,2,5,2.5,0.0,5.0,0.0
qlen B0=1 gam=.5 eps=.5,2,5,2.5,0.0,7.333333333333333,0.0
thresh B=1 th=1 N=2,2,5,2.5,0.0,6.5,0.0
thresh B=0 th=.5 N=3 eps=1,2,5,2.5,0.0,11.5,0.0
cap B0=1 eps=1 Bmax=3,2,5,2.5,0.0,6.5,0.0
cap B0=1 eps=.5 Bmax=1,2,5,2.5,0.0,5.5,0.0
cap+cnt B=1 e=1 th=1 N=2 Bm=4,2,5,2.5,0.0,8.0,0.0
skip N=2 (work channel off),2,5,2.5,0.0,9.0,0.0
skip N=5 (work channel off),2,5,2.5,0.0,15.0,0.0
fixed B=0,2,6,4.0,0.0,8.0,0.0
fixed B=1,2,6,4.0,0.0,8.5,0.0
fixed B=4,2,6,4.0,0.0,10.0,0.0
rel B0=0 eps=.5,2,6,4.0,0.0,11.333333333333334,0.0
rel B0=1 eps=1,2,6,4.0,0.0,19.0,0.0
qlen B0=0 gam=1,2,6,4.0,0.0,8.5,0.0
qlen B0=1 gam=.5 eps=.5,2,6,4.0,0.0,12.333333333333334,0.0
thresh B=1 th=1 N=2,2,6,4.0,0.0,9.5,0.0
thresh B=0 th=.5 N=3 eps=1,2,6,4.0,0.0,19.5,0.0
cap B0=1 eps=1 Bmax=3,2,6,4.0,0.0,9.5,0.0
cap B0=1 eps=.5 Bmax=1,2,6,4.0,0.0,8.5,0.0
cap+cnt B=1 e=1 th=1 N=2 Bm=4,2,6,4.0,0.0,11.0,0.0
skip N=2 (work channel off),2,6,4.0,0.0,12.0,0.0
skip N=5 (work channel off),2,6,4.0,0.0,18.0,0.0
fixed B=0,2,9,3.5,0.0,7.0,0.0
fixed B=1,2,9,3.5,0.0,7.5,0.0
fixed B=4,2,9,3.5,0.0,9.0,0.0
rel B0=0 eps=.5,2,9,3.5,0.0,9.666666666666666,0.0
rel B0=1 eps=1,2,9,3.5,0.0,16.0,0.0
qlen B0=0 gam=1,2,9,3.5,0.0,7.5,0.0
qlen B0=1 gam=.5 eps=.5,2,9,3.5,0.0,10.666666666666666,0.0
thresh B=1 th=1 N=2,2,9,3.5,0.0,8.5,0.0
thresh B=0 th=.5 N=3 eps=1,2,9,3.5,0.0,16.5,0.0
cap B0=1 eps=1 Bmax=3,2,9,3.5,0.0,8.5,0.0
cap B0=1 eps=.5 Bmax=1,2,9,3.5,0.0,7.5,0.0
cap+cnt B=1 e=1 th=1 N=2 Bm=4,2,9,3.5,0.0,10.0,0.0
skip N=2 (work channel off),2,9,3.5,0.0,11.0,0.0
skip N=5 (work channel off),2,9,3.5,0.0,17.0,0.0
fixed B=0,3,7,3.0,0.0,7.0,0.0
fixed B=1,3,7,3.0,0.0,7.333333333333333,0.0
fixed B=4,3,7,3.0,0.0,8.333333333333334,0.0
rel B0=0 eps=.5,3,7,3.0,0.0,8.4,0.0
rel B0=1 eps=1,3,7,3.0,0.0,11.0,0.0
rel B0=0 eps=2,3,7,3.0,0.0,21.0,0.0
qlen B0=0 gam=1,3,7,3.0,0.0,7.0,0.0
qlen B0=1 gam=.5 eps=.5,3,7,3.0,0.0,8.8,0.0
thresh B=1 th=1 N=2,3,7,3.0,0.0,8.0,0.0
thresh B=0 th=.5 N=3 eps=1,3,7,3.0,0.0,11.25,0.0
cap B0=1 eps=1 Bmax=3,3,7,3.0,0.0,8.0,0.0
cap B0=0 eps=2 Bmax=2,3,7,3.0,0.0,7.666666666666667,0.0
cap B0=1 eps=.5 Bmax=1,3,7,3.0,0.0,7.333333333333333,0.0
cap+cnt B=1 e=1 th=1 N=2 Bm=4,3,7,3.0,0.0,9.0,0.0
skip N=2 (work channel off),3,7,3.0,0.0,9.666666666666666,0.0
skip N=5 (work channel off),3,7,3.0,0.0,13.666666666666666,0.0
fixed B=0,1,8,3.5,0.0,3.5,0.0
fixed B=1,1,8,3.5,3.5,4.5,0.7777777777777778
fixed B=4,1,8,3.5,3.5,7.5,0.4666666666666667
rel B0=0 eps=.5,1,8,3.5,0.5,10.5,0.0625
qlen B0=0 gam=1,1,8,3.5,0.0,4.5,0.0
qlen B0=1 gam=.5 eps=.5,1,8,3.5,3.5,13.5,0.3888888888888889
thresh B=1 th=1 N=2,1,8,3.5,3.5,6.5,0.5384615384615384
cap B0=1 eps=.5 Bmax=1,1,8,3.5,3.5,4.5,0.7777777777777778
skip N=2 (work channel off),1,8,3.5,3.5,11.5,0.30434782608695654
skip N=5 (work channel off),1,8,3.5,3.5,23.5,0.14893617021276595
fixed B=0,2,4,3.5,0.0,7.0,0.0
fixed B=1,2,4,3.5,0.0,7.5,0.0
fixed B=4,2,4,3.5,0.0,9.0,0.0
rel B0=0 eps=.5,2,4,3.5,0.0,9.333333333333334,0.0
rel B0=1 eps=1,2,4,3.5,0.0,15.0,0.0
qlen B0=0 gam=1,2,4,3.5,0.0,7.0,0.0
qlen B0=1 gam=.5 eps=.5,2,4,3.5,0.0,10.0,0.0
thresh B=1 th=1 N=2,2,4,3.5,0.0,8.5,0.0
thresh B=0 th=.5 N=3 eps=1,2,4,3.5,0.0,15.5,0.0
cap B0=1 eps=1 Bmax=3,2,4,3.5,0.0,8.5,0.0
cap B0=1 eps=.5 Bmax=1,2,4,3.5,0.0,7.5,0.0
cap+cnt B=1 e=1 th=1 N=2 Bm=4,2,4,3.5,0.0,10.0,0.0
skip N=2 (work channel off),2,4,3.5,0.0,11.0,0.0
skip N=5 (work channel off),2,4,3.5,0.0,17.0,0.0
fixed B=0,3,9,4.0,0.0,9.333333333333334,0.0
fixed B=1,3,9,4.0,0.0,9.666666666666666,0.0
fixed B=4,3,9,4.0,0.0,10.666666666666666,0.0
rel B0=0 eps=.5,3,9,4.0,0.0,11.2,0.0
rel B0=1 eps=1,3,9,4.0,0.0,14.5,0.0
rel B0=0 eps=2,3,9,4.0,0.0,28.0,0.0
qlen B0=0 gam=1,3,9,4.0,0.0,9.333333333333334,0.0
qlen B0=1 gam=.5 eps=.5,3,9,4.0,0.0,11.6,0.0
thresh B=1 th=1 N=2,3,9,4.0,0.0,10.333333333333334,0.0
thresh B=0 th=.5 N=3 eps=1,3,9,4.0,0.0,14.75,0.0
cap B0=1 eps=1 Bmax=3,3,9,4.0,0.0,10.333333333333334,0.0
cap B0=0 eps=2 Bmax=2,3,9,4.0,0.0,10.0,0.0
cap B0=1 eps=.5 Bmax=1,3,9,4.0,0.0,9.666666666666666,0.0
cap+cnt B=1 e=1 th=1 N=2 Bm=4,3,9,4.0,0.0,11.333333333333334,0.0
skip N=2 (work channel off),3,9,4.0,0.0,12.0,0.0
skip N=5 (work channel off),3,9,4.0,0.0,16.0,0.0
fixed B=0,3,7,4.0,0.0,9.333333333333334,0.0
fixed B=1,3,7,4.0,0.0,9.666666666666666,0.0
fixed B=4,3,7,4.0,0.0,10.666666666666666,0.0
rel B0=0 eps=.5,3,7,4.0,0.0,11.5,0.0
rel B0=1 eps=1,3,7,4.0,0.0,15.25,0.0
rel B0=0 eps=2,3,7,4.0,0.0,31.0,0.0
qlen B0=0 gam=1,3,7,4.0,0.0,9.666666666666666,0.0
qlen B0=1 gam=.5 eps=.5,3,7,4.0,0.0,12.1,0.0
thresh B=1 th=1 N=2,3,7,4.0,0.0,10.333333333333334,0.0
thresh B=0 th=.5 N=3 eps=1,3,7,4.0,0.0,15.5,0.0
cap B0=1 eps=1 Bmax=3,3,7,4.0,0.0,10.333333333333334,0.0
cap B0=0 eps=2 Bmax=2,3,7,4.0,0.0,10.0,0.0
cap B0=1 eps=.5 Bmax=1,3,7,4.0,0.0,9.666666666666666,0.0
cap+cnt B=1 e=1 th=1 N=2 Bm=4,3,7,4.0,0.0,11.333333333333334,0.0
skip N=2 (work channel off),3,7,4.0,0.0,12.0,0.0
skip N=5 (work channel off),3,7,4.0,0.0,16.0,0.0
fixed B=0,3,9,4.0,0.0,9.333333333333334,0.0
fixed B=1,3,9,4.0,0.0,9.666666666666666,0.0
fixed B=4,3,9,4.0,0.0,10.666666666666666,0.0
rel B0=0 eps=.5,3,9,4.0,0.0,11.2,0.0
rel B0=1 eps=1,3,9,4.0,0.0,14.5,0.0
rel B0=0 eps=2,3,9,4.0,0.0,28.0,0.0
qlen B0=0 gam=1,3,9,4.0,0.0,9.666666666666666,0.0
qlen B0=1 gam=.5 eps=.5,3,9,4.0,0.0,11.8,0.0
thresh B=1 th=1 N=2,3,9,4.0,0.0,10.333333333333334,0.0
thresh B=0 th=.5 N=3 eps=1,3,9,4.0,0.0,14.75,0.0
cap B0=1 eps=1 Bmax=3,3,9,4.0,0.0,10.333333333333334,0.0
cap B0=0 eps=2 Bmax=2,3,9,4.0,0.0,10.0,0.0
cap B0=1 eps=.5 Bmax=1,3,9,4.0,0.0,9.666666666666666,0.0
cap+cnt B=1 e=1 th=1 N=2 Bm=4,3,9,4.0,0.0,11.333333333333334,0.0
skip N=2 (work channel off),3,9,4.0,0.0,12.0,0.0
skip N=5 (work channel off),3,9,4.0,0.0,16.0,0.0
fixed B=0,1,7,3.0,0.0,3.0,0.0
fixed B=1,1,7,3.0,3.0,4.0,0.75
fixed B=4,1,7,3.0,3.0,7.0,0.42857142857142855
rel B0=0 eps=.5,1,7,3.0,0.0,9.0,0.0
qlen B0=0 gam=1,1,7,3.0,0.0,4.0,0.0
qlen B0=1 gam=.5 eps=.5,1,7,3.0,3.0,12.0,0.375
thresh B=1 th=1 N=2,1,7,3.0,3.0,6.0,0.5
cap B0=1 eps=.5 Bmax=1,1,7,3.0,3.0,4.0,0.75
skip N=2 (work channel off),1,7,3.0,3.0,11.0,0.2727272727272727
skip N=5 (work channel off),1,7,3.0,3.0,23.0,0.13043478260869565
fixed B=0,1,9,4.0,0.0,4.0,0.0
fixed B=1,1,9,4.0,3.5,5.0,0.7
fixed B=4,1,9,4.0,4.5,8.0,0.5625
rel B0=0 eps=.5,1,9,4.0,4.5,14.0,0.3333333333333333
qlen B0=0 gam=1,1,9,4.0,3.5,8.0,0.7
qlen B0=1 gam=.5 eps=.5,1,9,4.0,4.5,20.0,0.2727272727272727
thresh B=1 th=1 N=2,1,9,4.0,3.5,7.0,0.5
cap B0=1 eps=.5 Bmax=1,1,9,4.0,3.5,5.0,0.7
skip N=2 (work channel off),1,9,4.0,4.5,12.0,0.375
skip N=5 (work channel off),1,9,4.0,4.5,24.0,0.1875
fixed B=0,3,8,3.5,0.0,8.166666666666666,0.0
fixed B=1,3,8,3.5,0.0,8.5,0.0
fixed B=4,3,8,3.5,0.0,9.5,0.0
rel B0=0 eps=.5,3,8,3.5,0.0,9.8,0.0
rel B0=1 eps=1,3,8,3.5,0.0,12.75,0.0
rel B0=0 eps=2,3,8,3.5,0.0,24.5,0.0
qlen B0=0 gam=1,3,8,3.5,0.0,8.5,0.0
qlen B0=1 gam=.5 eps=.5,3,8,3.5,0.0,10.4,0.0
thresh B=1 th=1 N=2,3,8,3.5,0.0,9.166666666666666,0.0
thresh B=0 th=.5 N=3 eps=1,3,8,3.5,0.0,13.0,0.0
cap B0=1 eps=1 Bmax=3,3,8,3.5,0.0,9.166666666666666,0.0
cap B0=0 eps=2 Bmax=2,3,8,3.5,0.0,8.833333333333334,0.0
cap B0=1 eps=.5 Bmax=1,3,8,3.5,0.0,8.5,0.0
cap+cnt B=1 e=1 th=1 N=2 Bm=4,3,8,3.5,0.0,10.166666666666666,0.0
skip N=2 (work channel off),3,8,3.5,0.0,10.833333333333334,0.0
skip N=5 (work channel off),3,8,3.5,0.0,14.833333333333334,0.0
fixed B=0,1,8,3.0,0.0,3.0,0.0
fixed B=1,1,8,3.0,1.5,4.0,0.375
fixed B=4,1,8,3.0,3.0,7.0,0.42857142857142855
rel B0=0 eps=.5,1,8,3.0,5.0,13.5,0.47619047619047616
qlen B0=0 gam=1,1,8,3.0,1.5,7.0,0.375
qlen B0=1 gam=.5 eps=.5,1,8,3.0,3.0,19.5,0.2857142857142857
thresh B=1 th=1 N=2,1,8,3.0,1.5,6.0,0.25
cap B0=1 eps=.5 Bmax=1,1,8,3.0,1.5,4.0,0.375
skip N=2 (work channel off),1,8,3.0,2.5,11.0,0.22727272727272727
skip N=5 (work channel off),1,8,3.0,3.0,23.0,0.13043478260869565
fixed B=0,3,7,3.5,0.0,8.166666666666666,0.0
fixed B=1,3,7,3.5,0.0,8.5,0.0
fixed B=4,3,7,3.5,0.0,9.5,0.0
rel B0=0 eps=.5,3,7,3.5,0.0,9.8,0.0
rel B0=1 eps=1,3,7,3.5,0.0,12.75,0.0
rel B0=0 eps=2,3,7,3.5,0.0,24.5,0.0
qlen B0=0 gam=1,3,7,3.5,0.0,8.166666666666666,0.0
qlen B0=1 gam=.5 eps=.5,3,7,3.5,0.0,10.2,0.0
thresh B=1 th=1 N=2,3,7,3.5,0.0,9.166666666666666,0.0
thresh B=0 th=.5 N=3 eps=1,3,7,3.5,0.0,13.0,0.0
cap B0=1 eps=1 Bmax=3,3,7,3.5,0.0,9.166666666666666,0.0
cap B0=0 eps=2 Bmax=2,3,7,3.5,0.0,8.833333333333334,0.0
cap B0=1 eps=.5 Bmax=1,3,7,3.5,0.0,8.5,0.0
cap+cnt B=1 e=1 th=1 N=2 Bm=4,3,7,3.5,0.0,10.166666666666666,0.0
skip N=2 (work channel off),3,7,3.5,0.0,10.833333333333334,0.0
skip N=5 (work channel off),3,7,3.5,0.0,14.833333333333334,0.0
fixed B=0,3,3,2.5,0.0,5.833333333333333,0.0
fixed B=1,3,3,2.5,0.0,6.166666666666667,0.0
fixed B=4,3,3,2.5,0.0,7.166666666666667,0.0
rel B0=0 eps=.5,3,3,2.5,0.0,7.0,0.0
rel B0=1 eps=1,3,3,2.5,0.0,9.25,0.0
rel B0=0 eps=2,3,3,2.5,0.0,17.5,0.0
qlen B0=0 gam=1,3,3,2.5,0.0,5.833333333333333,0.0
qlen B0=1 gam=.5 eps=.5,3,3,2.5,0.0,7.4,0.0
thresh B=1 th=1 N=2,3,3,2.5,0.0,6.833333333333333,0.0
thresh B=0 th=.5 N=3 eps=1,3,3,2.5,0.0,9.5,0.0
cap B0=1 eps=1 Bmax=3,3,3,2.5,0.0,6.833333333333333,0.0
cap B0=0 eps=2 Bmax=2,3,3,2.5,0.0,6.5,0.0
cap B0=1 eps=.5 Bmax=1,3,3,2.5,0.0,6.166666666666667,0.0
cap+cnt B=1 e=1 th=1 N=2 Bm=4,3,3,2.5,0.0,7.833333333333333,0.0
skip N=2 (work channel off),3,3,2.5,0.0,8.5,0.0
skip N=5 (work channel off),3,3,2.5,0.0,12.5,0.0
fixed B=0,2,2,2.0,0.0,4.0,0.0
fixed B=1,2,2,2.0,0.0,4.5,0.0
fixed B=4,2,2,2.0,0.0,6.0,0.0
rel B0=0 eps=.5,2,2,2.0,0.0,5.333333333333333,0.0
rel B0=1 eps=1,2,2,2.0,0.0,9.0,0.0
qlen B0=0 gam=1,2,2,2.0,0.0,4.0,0.0
qlen B0=1 gam=.5 eps=.5,2,2,2.0,0.0,6.0,0.0
thresh B=1 th=1 N=2,2,2,2.0,0.0,5.5,0.0
thresh B=0 th=.5 N=3 eps=1,2,2,2.0,0.0,9.5,0.0
cap B0=1 eps=1 Bmax=3,2,2,2.0,0.0,5.5,0.0
cap B0=1 eps=.5 Bmax=1,2,2,2.0,0.0,4.5,0.0
cap+cnt B=1 e=1 th=1 N=2 Bm=4,2,2,2.0,0.0,7.0,0.0
skip N=2 (work channel off),2,2,2.0,0.0,8.0,0.0
skip N=5 (work channel off),2,2,2.0,0.0,14.0,0.0
fixed B=0,3,8,4.0,0.0,9.333333333333334,0.0
fixed B=1,3,8,4.0,0.0,9.666666666666666,0.0
fixed B=4,3,8,4.0,0.0,10.666666666666666,0.0
rel B0=0 eps=.5,3,8,4.0,0.0,11.2,0.0
rel B0=1 eps=1,3,8,4.0,0.0,14.5,0.0
rel B0=0 eps=2,3,8,4.0,0.0,28.0,0.0
qlen B0=0 gam=1,3,8,4.0,0.0,9.333333333333334,0.0
qlen B0=1 gam=.5 eps=.5,3,8,4.0,0.0,11.6,0.0
thresh B=1 th=1 N=2,3,8,4.0,0.0,10.333333333333334,0.0
thresh B=0 th=.5 N=3 eps=1,3,8,4.0,0.0,14.75,0.0
cap B0=1 eps=1 Bmax=3,3,8,4.0,0.0,10.333333333333334,0.0
cap B0=0 eps=2 Bmax=2,3,8,4.0,0.0,10.0,0.0
cap B0=1 eps=.5 Bmax=1,3,8,4.0,0.0,9.666666666666666,0.0
cap+cnt B=1 e=1 th=1 N=2 Bm=4,3,8,4.0,0.0,11.333333333333334,0.0
skip N=2 (work channel off),3,8,4.0,0.0,12.0,0.0
skip N=5 (work channel off),3,8,4.0,0.0,16.0,0.0
fixed B=0,3,9,3.5,0.0,8.166666666666666,0.0
fixed B=1,3,9,3.5,0.0,8.5,0.0
fixed B=4,3,9,3.5,0.0,9.5,0.0
rel B0=0 eps=.5,3,9,3.5,0.0,9.8,0.0
rel B0=1 eps=1,3,9,3.5,0.0,12.75,0.0
rel B0=0 eps=2,3,9,3.5,0.0,24.5,0.0
qlen B0=0 gam=1,3,9,3.5,0.0,8.166666666666666,0.0
qlen B0=1 gam=.5 eps=.5,3,9,3.5,0.0,10.2,0.0
thresh B=1 th=1 N=2,3,9,3.5,0.0,9.166666666666666,0.0
thresh B=0 th=.5 N=3 eps=1,3,9,3.5,0.0,13.0,0.0
cap B0=1 eps=1 Bmax=3,3,9,3.5,0.0,9.166666666666666,0.0
cap B0=0 eps=2 Bmax=2,3,9,3.5,0.0,8.833333333333334,0.0
cap B0=1 eps=.5 Bmax=1,3,9,3.5,0.0,8.5,0.0
cap+cnt B=1 e=1 th=1 N=2 Bm=4,3,9,3.5,0.0,10.166666666666666,0.0
skip N=2 (work channel off),3,9,3.5,0.0,10.833333333333334,0.0
skip N=5 (work channel off),3,9,3.5,0.0,14.833333333333334,0.0
fixed B=0,2,9,4.0,0.0,8.0,0.0
fixed B=1,2,9,4.0,0.0,8.5,0.0
fixed B=4,2,9,4.0,0.0,10.0,0.0
rel B0=0 eps=.5,2,9,4.0,0.0,10.666666666666666,0.0
rel B0=1 eps=1,2,9,4.0,0.0,17.0,0.0
qlen B0=0 gam=1,2,9,4.0,0.0,8.5,0.0
qlen B0=1 gam=.5 eps=.5,2,9,4.0,0.0,11.666666666666666,0.0
thresh B=1 th=1 N=2,2,9,4.0,0.0,9.5,0.0
thresh B=0 th=.5 N=3 eps=1,2,9,4.0,0.0,17.5,0.0
cap B0=1 eps=1 Bmax=3,2,9,4.0,0.0,9.5,0.0
cap B0=1 eps=.5 Bmax=1,2,9,4.0,0.0,8.5,0.0
cap+cnt B=1 e=1 th=1 N=2 Bm=4,2,9,4.0,0.0,11.0,0.0
skip N=2 (work channel off),2,9,4.0,0.0,12.0,0.0
skip N=5 (work channel off),2,9,4.0,0.0,18.0,0.0
fixed B=0,2,8,3.5,0.0,7.0,0.0
fixed B=1,2,8,3.5,1.5,7.5,0.2
fixed B=4,2,8,3.5,1.5,9.0,0.16666666666666666
rel B0=0 eps=.5,2,8,3.5,1.5,10.166666666666666,0.15789473684210525
rel B0=1 eps=1,2,8,3.5,1.5,17.5,0.0967741935483871
qlen B0=0 gam=1,2,8,3.5,1.5,8.0,0.2
qlen B0=1 gam=.5 eps=.5,2,8,3.5,1.5,11.333333333333334,0.14285714285714285
thresh B=1 th=1 N=2,2,8,3.5,1.5,8.5,0.17647058823529413
thresh B=0 th=.5 N=3 eps=1,2,8,3.5,1.5,18.0,0.09375
cap B0=1 eps=1 Bmax=3,2,8,3.5,1.5,8.5,0.17647058823529413
cap B0=1 eps=.5 Bmax=1,2,8,3.5,1.5,7.5,0.2
cap+cnt B=1 e=1 th=1 N=2 Bm=4,2,8,3.5,1.5,10.0,0.15
skip N=2 (work channel off),2,8,3.5,1.5,11.0,0.13636363636363635
skip N=5 (work channel off),2,8,3.5,1.5,17.0,0.08823529411764706
fixed B=0,2,5,3.5,0.0,7.0,0.0
fixed B=1,2,5,3.5,1.0,7.5,0.13333333333333333
fixed B=4,2,5,3.5,1.0,9.0,0.1111111111111111
rel B0=0 eps=.5,2,5,3.5,1.0,9.833333333333334,0.10169491525423728
rel B0=1 eps=1,2,5,3.5,1.0,16.5,0.06060606060606061
qlen B0=0 gam=1,2,5,3.5,0.0,7.5,0.0
qlen B0=1 gam=.5 eps=.5,2,5,3.5,1.0,10.833333333333334,0.09523809523809523
thresh B=1 th=1 N=2,2,5,3.5,1.0,8.5,0.11764705882352941
thresh B=0 th=.5 N=3 eps=1,2,5,3.5,1.0,17.0,0.058823529411764705
cap B0=1 eps=1 Bmax=3,2,5,3.5,1.0,8.5,0.11764705882352941
cap B0=1 eps=.5 Bmax=1,2,5,3.5,1.0,7.5,0.13333333333333333
cap+cnt B=1 e=1 th=1 N=2 Bm=4,2,5,3.5,1.0,10.0,0.1
skip N=2 (work channel off),2,5,3.5,1.0,11.0,0.09090909090909091
skip N=5 (work channel off),2,5,3.5,1.0,17.0,0.058823529411764705
fixed B=0,1,7,4.0,0.0,4.0,0.0
fixed B=1,1,7,4.0,0.0,5.0,0.0
fixed B=4,1,7,4.0,0.0,8.0,0.0
rel B0=0 eps=.5,1,7,4.0,0.0,11.5,0.0
qlen B0=0 gam=1,1,7,4.0,0.0,4.0,0.0
qlen B0=1 gam=.5 eps=.5,1,7,4.0,0.0,13.5,0.0
thresh B=1 th=1 N=2,1,7,4.0,0.0,7.0,0.0
cap B0=1 eps=.5 Bmax=1,1,7,4.0,0.0,5.0,0.0
skip N=2 (work channel off),1,7,4.0,0.0,12.0,0.0
skip N=5 (work channel off),1,7,4.0,0.0,24.0,0.0
fixed B=0,2,4,2.5,0.0,5.0,0.0
fixed B=1,2,4,2.5,0.0,5.5,0.0
fixed B=4,2,4,2.5,0.0,7.0,0.0
rel B0=0 eps=.5,2,4,2.5,0.0,6.666666666666667,0.0
rel B0=1 eps=1,2,4,2.5,0.0,11.0,0.0
qlen B0=0 gam=1,2,4,2.5,0.0,5.0,0.0
qlen B0=1 gam=.5 eps=.5,2,4,2.5,0.0,7.333333333333333,0.0
thresh B=1 th=1 N=2,2,4,2.5,0.0,6.5,0.0
thresh B=0 th=.5 N=3 eps=1,2,4,2.5,0.0,11.5,0.0
cap B0=1 eps=1 Bmax=3,2,4,2.5,0.0,6.5,0.0
cap B0=1 eps=.5 Bmax=1,2,4,2.5,0.0,5.5,0.0
cap+cnt B=1 e=1 th=1 N=2 Bm=4,2,4,2.5,0.0,8.0,0.0
skip N=2 (work channel off),2,4,2.5,0.0,9.0,0.0
skip N=5 (work channel off),2,4,2.5,0.0,15.0,0.0
fixed B=0,1,4,3.5,0.0,3.5,0.0
fixed B=1,1,4,3.5,3.0,4.5,0.6666666666666666
fixed B=4,1,4,3.5,6.5,7.5,0.8666666666666667
rel B0=0 eps=.5,1,4,3.5,3.5,10.0,0.4666666666666667
qlen B0=0 gam=1,1,4,3.5,0.0,4.5,0.0
qlen B0=1 gam=.5 eps=.5,1,4,3.5,3.0,13.0,0.3333333333333333
thresh B=1 th=1 N=2,1,4,3.5,3.0,6.5,0.46153846153846156
cap B0=1 eps=.5 Bmax=1,1,4,3.5,3.0,4.5,0.6666666666666666
skip N=2 (work channel off),1,4,3.5,6.5,11.5,0.5652173913043478
skip N=5 (work channel off),1,4,3.5,6.5,23.5,0.2765957446808511
fixed B=0,2,8,4.0,0.0,8.0,0.0
fixed B=1,2,8,4.0,0.0,8.5,0.0
fixed B=4,2,8,4.0,0.0,10.0,0.0
rel B0=0 eps=.5,2,8,4.0,0.0,10.666666666666666,0.0
rel B0=1 eps=1,2,8,4.0,0.0,17.0,0.0
qlen B0=0 gam=1,2,8,4.0,0.0,8.5,0.0
qlen B0=1 gam=.5 eps=.5,2,8,4.0,0.0,11.666666666666666,0.0
thresh B=1 th=1 N=2,2,8,4.0,0.0,9.5,0.0
thresh B=0 th=.5 N=3 eps=1,2,8,4.0,0.0,17.5,0.0
cap B0=1 eps=1 Bmax=3,2,8,4.0,0.0,9.5,0.0
cap B0=1 eps=.5 Bmax=1,2,8,4.0,0.0,8.5,0.0
cap+cnt B=1 e=1 th=1 N=2 Bm=4,2,8,4.0,0.0,11.0,0.0
skip N=2 (work channel off),2,8,4.0,0.0,12.0,0.0
skip N=5 (work channel off),2,8,4.0,0.0,18.0,0.0
fixed B=0,1,9,4.0,0.0,4.0,0.0
fixed B=1,1,9,4.0,4.0,5.0,0.8
fixed B=4,1,9,4.0,4.0,8.0,0.5
rel B0=0 eps=.5,1,9,4.0,7.0,17.5,0.56
qlen B0=0 gam=1,1,9,4.0,4.0,7.0,0.8
qlen B0=1 gam=.5 eps=.5,1,9,4.0,9.5,22.5,0.6129032258064516
thresh B=1 th=1 N=2,1,9,4.0,4.0,7.0,0.5714285714285714
cap B0=1 eps=.5 Bmax=1,1,9,4.0,4.0,5.0,0.8
skip N=2 (work channel off),1,9,4.0,7.0,12.0,0.5833333333333334
skip N=5 (work channel off),1,9,4.0,9.5,24.0,0.3958333333333333
fixed B=0,1,2,1.0,0.0,1.0,0.0
fixed B=1,1,2,1.0,0.0,2.0,0.0
fixed B=4,1,2,1.0,0.0,5.0,0.0
rel B0=0 eps=.5,1,2,1.0,0.0,2.0,0.0
qlen B0=0 gam=1,1,2,1.0,0.0,1.0,0.0
qlen B0=1 gam=.5 eps=.5,1,2,1.0,0.0,4.0,0.0
thresh B=1 th=1 N=2,1,2,1.0,0.0,4.0,0.0
cap B0=1 eps=.5 Bmax=1,1,2,1.0,0.0,2.0,0.0
skip N=2 (work channel off),1,2,1.0,0.0,9.0,0.0
skip N=5 (work channel off),1,2,1.0,0.0,21.0,0.0
fixed B=0,2,5,4.0,0.0,8.0,0.0
fixed B=1,2,5,4.0,0.0,8.5,0.0
fixed B=4,2,5,4.0,0.0,10.0,0.0
rel B0=0 eps=.5,2,5,4.0,0.5,11.333333333333334,0.044117647058823525
rel B0=1 eps=1,2,5,4.0,0.0,19.0,0.0
qlen B0=0 gam=1,2,5,4.0,0.0,8.5,0.0
qlen B0=1 gam=.5 eps=.5,2,5,4.0,0.0,12.0,0.0
thresh B=1 th=1 N=2,2,5,4.0,0.0,9.5,0.0
thresh B=0 th=.5 N=3 eps=1,2,5,4.0,0.5,19.5,0.02564102564102564
cap B0=1 eps=1 Bmax=3,2,5,4.0,0.0,9.5,0.0
cap B0=1 eps=.5 Bmax=1,2,5,4.0,0.0,8.5,0.0
cap+cnt B=1 e=1 th=1 N=2 Bm=4,2,5,4.0,0.0,11.0,0.0
skip N=2 (work channel off),2,5,4.0,0.0,12.0,0.0
skip N=5 (work channel off),2,5,4.0,0.0,18.0,0.0
fixed B=0,3,8,4.0,0.0,9.333333333333334,0.0
fixed B=1,3,8,4.0,0.0,9.666666666666666,0.0
fixed B=4,3,8,4.0,0.0,10.666666666666666,0.0
rel B0=0 eps=.5,3,8,4.0,0.0,11.2,0.0
rel B0=1 eps=1,3,8,4.0,0.0,14.5,0.0
rel B0=0 eps=2,3,8,4.0,0.0,28.0,0.0
qlen B0=0 gam=1,3,8,4.0,0.0,9.333333333333334,0.0
qlen B0=1 gam=.5 eps=.5,3,8,4.0,0.0,11.6,0.0
thresh B=1 th=1 N=2,3,8,4.0,0.0,10.333333333333334,0.0
thresh B=0 th=.5 N=3 eps=1,3,8,4.0,0.0,14.75,0.0
cap B0=1 eps=1 Bmax=3,3,8,4.0,0.0,10.333333333333334,0.0
cap B0=0 eps=2 Bmax=2,3,8,4.0,0.0,10.0,0.0
cap B0=1 eps=.5 Bmax=1,3,8,4.0,0.0,9.666666666666666,0.0
cap+cnt B=1 e=1 th=1 N=2 Bm=4,3,8,4.0,0.0,11.333333333333334,0.0
skip N=2 (work channel off),3,8,4.0,0.0,12.0,0.0
skip N=5 (work channel off),3,8,4.0,0.0,16.0,0.0
fixed B=0,1,8,4.0,0.0,4.0,0.0
fixed B=1,1,8,4.0,4.0,5.0,0.8
fixed B=4,1,8,4.0,4.0,8.0,0.5
rel B0=0 eps=.5,1,8,4.0,4.0,19.0,0.25806451612903225
qlen B0=0 gam=1,1,8,4.0,4.0,7.0,0.8
qlen B0=1 gam=.5 eps=.5,1,8,4.0,4.0,24.0,0.21621621621621623
thresh B=1 th=1 N=2,1,8,4.0,4.0,7.0,0.5714285714285714
cap B0=1 eps=.5 Bmax=1,1,8,4.0,4.0,5.0,0.8
skip N=2 (work channel off),1,8,4.0,4.0,12.0,0.3333333333333333
skip N=5 (work channel off),1,8,4.0,4.0,24.0,0.16666666666666666
fixed B=0,3,5,4.0,0.0,9.333333333333334,0.0
fixed B=1,3,5,4.0,0.0,9.666666666666666,0.0
fixed B=4,3,5,4.0,0.0,10.666666666666666,0.0
rel B0=0 eps=.5,3,5,4.0,0.0,11.2,0.0
rel B0=1 eps=1,3,5,4.0,0.0,14.5,0.0
rel B0=0 eps=2,3,5,4.0,0.0,28.0,0.0
qlen B0=0 gam=1,3,5,4.0,0.0,9.666666666666666,0.0
qlen B0=1 gam=.5 eps=.5,3,5,4.0,0.0,11.8,0.0
thresh B=1 th=1 N=2,3,5,4.0,0.0,10.333333333333334,0.0
thresh B=0 th=.5 N=3 eps=1,3,5,4.0,0.0,14.75,0.0
cap B0=1 eps=1 Bmax=3,3,5,4.0,0.0,10.333333333333334,0.0
cap B0=0 eps=2 Bmax=2,3,5,4.0,0.0,10.0,0.0
cap B0=1 eps=.5 Bmax=1,3,5,4.0,0.0,9.666666666666666,0.0
cap+cnt B=1 e=1 th=1 N=2 Bm=4,3,5,4.0,0.0,11.333333333333334,0.0
skip N=2 (work channel off),3,5,4.0,0.0,12.0,0.0
skip N=5 (work channel off),3,5,4.0,0.0,16.0,0.0
fixed B=0,1,3,1.5,0.0,1.5,0.0
fixed B=1,1,3,1.5,1.5,2.5,0.6
fixed B=4,1,3,1.5,1.5,5.5,0.2727272727272727
rel B0=0 eps=.5,1,3,1.5,0.0,3.0,0.0
qlen B0=0 gam=1,1,3,1.5,0.0,2.5,0.0
qlen B0=1 gam=.5 eps=.5,1,3,1.5,1.5,6.0,0.3
thresh B=1 th=1 N=2,1,3,1.5,1.5,4.5,0.3333333333333333
cap B0=1 eps=.5 Bmax=1,1,3,1.5,1.5,2.5,0.6
skip N=2 (work channel off),1,3,1.5,1.5,9.5,0.15789473684210525
skip N=5 (work channel off),1,3,1.5,1.5,21.5,0.06976744186046512
fixed B=0,1,9,4.0,0.0,4.0,0.0
fixed B=1,1,9,4.0,4.0,5.0,0.8
fixed B=4,1,9,4.0,4.0,8.0,0.5
rel B0=0 eps=.5,1,9,4.0,4.0,14.0,0.4
qlen B0=0 gam=1,1,9,4.0,4.0,7.0,0.8
qlen B0=1 gam=.5 eps=.5,1,9,4.0,7.0,19.0,0.5384615384615384
thresh B=1 th=1 N=2,1,9,4.0,4.0,7.0,0.5714285714285714
cap B0=1 eps=.5 Bmax=1,1,9,4.0,4.0,5.0,0.8
skip N=2 (work channel off),1,9,4.0,7.0,12.0,0.5833333333333334
skip N=5 (work channel off),1,9,4.0,10.5,24.0,0.4375
fixed B=0,3,6,4.0,0.0,9.333333333333334,0.0
fixed B=1,3,6,4.0,0.0,9.666666666666666,0.0
fixed B=4,3,6,4.0,0.0,10.666666666666666,0.0
rel B0=0 eps=.5,3,6,4.0,0.0,11.2,0.0
rel B0=1 eps=1,3,6,4.0,0.0,14.5,0.0
rel B0=0 eps=2,3,6,4.0,0.0,28.0,0.0
qlen B0=0 gam=1,3,6,4.0,0.0,9.666666666666666,0.0
qlen B0=1 gam=.5 eps=.5,3,6,4.0,0.0,11.8,0.0
thresh B=1 th=1 N=2,3,6,4.0,0.0,10.333333333333334,0.0
thresh B=0 th=.5 N=3 eps=1,3,6,4.0,0.0,14.75,0.0
cap B0=1 eps=1 Bmax=3,3,6,4.0,0.0,10.333333333333334,0.0
cap B0=0 eps=2 Bmax=2,3,6,4.0,0.0,10.0,0.0
cap B0=1 eps=.5 Bmax=1,3,6,4.0,0.0,9.666666666666666,0.0
cap+cnt B=1 e=1 th=1 N=2 Bm=4,3,6,4.0,0.0,11.333333333333334,0.0
skip N=2 (work channel off),3,6,4.0,0.0,12.0,0.0
skip N=5 (work channel off),3,6,4.0,0.0,16.0,0.0
fixed B=0,1,3,1.5,0.0,1.5,0.0
fixed B=1,1,3,1.5,0.0,2.5,0.0
fixed B=4,1,3,1.5,0.0,5.5,0.0
rel B0=0 eps=.5,1,3,1.5,0.0,3.0,0.0
qlen B0=0 gam=1,1,3,1.5,0.0,2.5,0.0
qlen B0=1 gam=.5 eps=.5,1,3,1.5,0.0,6.0,0.0
thresh B=1 th=1 N=2,1,3,1.5,0.0,4.5,0.0
cap B0=1 eps=.5 Bmax=1,1,3,1.5,0.0,2.5,0.0
skip N=2 (work channel off),1,3,1.5,0.0,9.5,0.0
skip N=5 (work channel off),1,3,1.5,0.0,21.5,0.0
fixed B=0,2,9,4.0,0.0,8.0,0.0
fixed B=1,2,9,4.0,3.5,8.5,0.4117647058823529
fixed B=4,2,9,4.0,3.5,10.0,0.35
rel B0=0 eps=.5,2,9,4.0,0.0,11.166666666666666,0.0
rel B0=1 eps=1,2,9,4.0,3.5,18.5,0.20588235294117646
qlen B0=0 gam=1,2,9,4.0,0.0,8.5,0.0
qlen B0=1 gam=.5 eps=.5,2,9,4.0,3.5,12.166666666666666,0.30882352941176466
thresh B=1 th=1 N=2,2,9,4.0,3.5,9.5,0.3684210526315789
thresh B=0 th=.5 N=3 eps=1,2,9,4.0,0.0,19.0,0.0
cap B0=1 eps=1 Bmax=3,2,9,4.0,3.5,9.5,0.3684210526315789
cap B0=1 eps=.5 Bmax=1,2,9,4.0,3.5,8.5,0.4117647058823529
cap+cnt B=1 e=1 th=1 N=2 Bm=4,2,9,4.0,3.5,11.0,0.3181818181818182
skip N=2 (work channel off),2,9,4.0,3.5,12.0,0.2916666666666667
skip N=5 (work channel off),2,9,4.0,3.5,18.0,0.19444444444444445
fixed B=0,1,4,4.0,0.0,4.0,0.0
fixed B=1,1,4,4.0,0.0,5.0,0.0
fixed B=4,1,4,4.0,0.0,8.0,0.0
rel B0=0 eps=.5,1,4,4.0,0.0,9.0,0.0
qlen B0=0 gam=1,1,4,4.0,0.0,5.0,0.0
qlen B0=1 gam=.5 eps=.5,1,4,4.0,0.0,12.0,0.0
thresh B=1 th=1 N=2,1,4,4.0,0.0,7.0,0.0
cap B0=1 eps=.5 Bmax=1,1,4,4.0,0.0,5.0,0.0
skip N=2 (work channel off),1,4,4.0,0.0,12.0,0.0
skip N=5 (work channel off),1,4,4.0,0.0,24.0,0.0
fixed B=0,3,3,4.0,0.0,9.333333333333334,0.0
fixed B=1,3,3,4.0,0.0,9.666666666666666,0.0
fixed B=4,3,3,4.0,0.0,10.666666666666666,0.0
rel B0=0 eps=.5,3,3,4.0,0.0,11.2,0.0
rel B0=1 eps=1,3,3,4.0,0.0,14.5,0.0
rel B0=0 eps=2,3,3,4.0,0.0,28.0,0.0
qlen B0=0 gam=1,3,3,4.0,0.0,9.333333333333334,0.0
qlen B0=1 gam=.5 eps=.5,3,3,4.0,0.0,11.6,0.0
thresh B=1 th=1 N=2,3,3,4.0,0.0,10.333333333333334,0.0
thresh B=0 th=.5 N=3 eps=1,3,3,4.0,0.0,14.75,0.0
cap B0=1 eps=1 Bmax=3,3,3,4.0,0.0,10.333333333333334,0.0
cap B0=0 eps=2 Bmax=2,3,3,4.0,0.0,10.0,0.0
cap B0=1 eps=.5 Bmax=1,3,3,4.0,0.0,9.666666666666666,0.0
cap+cnt B=1 e=1 th=1 N=2 Bm=4,3,3,4.0,0.0,11.333333333333334,0.0
skip N=2 (work channel off),3,3,4.0,0.0,12.0,0.0
skip N=5 (work channel off),3,3,4.0,0.0,16.0,0.0
fixed B=0,1,5,4.0,0.0,4.0,0.0
fixed B=1,1,5,4.0,4.0,5.0,0.8
fixed B=4,1,5,4.0,4.0,8.0,0.5
rel B0=0 eps=.5,1,5,4.0,4.0,13.0,0.3333333333333333
qlen B0=0 gam=1,1,5,4.0,4.0,6.0,0.8
qlen B0=1 gam=.5 eps=.5,1,5,4.0,7.0,17.0,0.4666666666666667
thresh B=1 th=1 N=2,1,5,4.0,4.0,7.0,0.5714285714285714
cap B0=1 eps=.5 Bmax=1,1,5,4.0,4.0,5.0,0.8
skip N=2 (work channel off),1,5,4.0,7.0,12.0,0.5833333333333334
skip N=5 (work channel off),1,5,4.0,7.0,24.0,0.2916666666666667
fixed B=0,3,9,3.0,0.0,7.0,0.0
fixed B=1,3,9,3.0,0.0,7.333333333333333,0.0
fixed B=4,3,9,3.0,0.0,8.333333333333334,0.0
rel B0=0 eps=.5,3,9,3.0,0.0,8.4,0.0
rel B0=1 eps=1,3,9,3.0,0.0,11.0,0.0
rel B0=0 eps=2,3,9,3.0,0.0,21.0,0.0
qlen B0=0 gam=1,3,9,3.0,0.0,7.0,0.0
qlen B0=1 gam=.5 eps=.5,3,9,3.0,0.0,8.8,0.0
thresh B=1 th=1 N=2,3,9,3.0,0.0,8.0,0.0
thresh B=0 th=.5 N=3 eps=1,3,9,3.0,0.0,11.25,0.0
cap B0=1 eps=1 Bmax=3,3,9,3.0,0.0,8.0,0.0
cap B0=0 eps=2 Bmax=2,3,9,3.0,0.0,7.666666666666667,0.0
cap B0=1 eps=.5 Bmax=1,3,9,3.0,0.0,7.333333333333333,0.0
cap+cnt B=1 e=1 th=1 N=2 Bm=4,3,9,3.0,0.0,9.0,0.0
skip N=2 (work channel off),3,9,3.0,0.0,9.666666666666666,0.0
skip N=5 (work channel off),3,9,3.0,0.0,13.666666666666666,0.0
fixed B=0,2,7,3.0,0.0,6.0,0.0
fixed B=1,2,7,3.0,0.0,6.5,0.0
fixed B=4,2,7,3.0,0.0,8.0,0.0
rel B0=0 eps=.5,2,7,3.0,0.0,8.0,0.0
rel B0=1 eps=1,2,7,3.0,0.0,13.0,0.0
qlen B0=0 gam=1,2,7,3.0,0.0,6.0,0.0
qlen B0=1 gam=.5 eps=.5,2,7,3.0,0.0,8.666666666666666,0.0
thresh B=1 th=1 N=2,2,7,3.0,0.0,7.5,0.0
thresh B=0 th=.5 N=3 eps=1,2,7,3.0,0.0,13.5,0.0
cap B0=1 eps=1 Bmax=3,2,7,3.0,0.0,7.5,0.0
cap B0=1 eps=.5 Bmax=1,2,7,3.0,0.0,6.5,0.0
cap+cnt B=1 e=1 th=1 N=2 Bm=4,2,7,3.0,0.0,9.0,0.0
skip N=2 (work channel off),2,7,3.0,0.0,10.0,0.0
skip N=5 (work channel off),2,7,3.0,0.0,16.0,0.0
fixed B=0,2,5,2.0,0.0,4.0,0.0
fixed B=1,2,5,2.0,0.0,4.5,0.0
fixed B=4,2,5,2.0,0.0,6.0,0.0
rel B0=0 eps=.5,2,5,2.0,0.0,5.333333333333333,0.0
rel B0=1 eps=1,2,5,2.0,0.0,9.0,0.0
qlen B0=0 gam=1,2,5,2.0,0.0,4.5,0.0
qlen B0=1 gam=.5 eps=.5,2,5,2.0,0.0,6.333333333333333,0.0
thresh B=1 th=1 N=2,2,5,2.0,0.0,5.5,0.0
thresh B=0 th=.5 N=3 eps=1,2,5,2.0,0.0,9.5,0.0
cap B0=1 eps=1 Bmax=3,2,5,2.0,0.0,5.5,0.0
cap B0=1 eps=.5 Bmax=1,2,5,2.0,0.0,4.5,0.0
cap+cnt B=1 e=1 th=1 N=2 Bm=4,2,5,2.0,0.0,7.0,0.0
skip N=2 (work channel off),2,5,2.0,0.0,8.0,0.0
skip N=5 (work channel off),2,5,2.0,0.0,14.0,0.0
fixed B=0,2,7,4.0,0.0,8.0,0.0
fixed B=1,2,7,4.0,0.0,8.5,0.0
fixed B=4,2,7,4.0,0.0,10.0,0.0
rel B0=0 eps=.5,2,7,4.0,0.0,10.666666666666666,0.0
rel B0=1 eps=1,2,7,4.0,0.0,17.0,0.0
qlen B0=0 gam=1,2,7,4.0,0.0,8.5,0.0
qlen B0=1 gam=.5 eps=.5,2,7,4.0,0.0,11.666666666666666,0.0
thresh B=1 th=1 N=2,2,7,4.0,0.0,9.5,0.0
thresh B=0 th=.5 N=3 eps=1,2,7,4.0,0.0,17.5,0.0
cap B0=1 eps=1 Bmax=3,2,7,4.0,0.0,9.5,0.0
cap B0=1 eps=.5 Bmax=1,2,7,4.0,0.0,8.5,0.0
cap+cnt B=1 e=1 th=1 N=2 Bm=4,2,7,4.0,0.0,11.0,0.0
skip N=2 (work channel off),2,7,4.0,0.0,12.0,0.0
skip N=5 (work channel off),2,7,4.0,0.0,18.0,0.0
fixed B=0,2,4,3.0,0.0,6.0,0.0
fixed B=1,2,4,3.0,0.0,6.5,0.0
fixed B=4,2,4,3.0,0.0,8.0,0.0
rel B0=0 eps=.5,2,4,3.0,0.0,8.0,0.0
rel B0=1 eps=1,2,4,3.0,0.0,13.0,0.0
qlen B0=0 gam=1,2,4,3.0,0.0,6.0,0.0
qlen B0=1 gam=.5 eps=.5,2,4,3.0,0.0,8.666666666666666,0.0
thresh B=1 th=1 N=2,2,4,3.0,0.0,7.5,0.0
thresh B=0 th=.5 N=3 eps=1,2,4,3.0,0.0,13.5,0.0
cap B0=1 eps=1 Bmax=3,2,4,3.0,0.0,7.5,0.0
cap B0=1 eps=.5 Bmax=1,2,4,3.0,0.0,6.5,0.0
cap+cnt B=1 e=1 th=1 N=2 Bm=4,2,4,3.0,0.0,9.0,0.0
skip N=2 (work channel off),2,4,3.0,0.0,10.0,0.0
skip N=5 (work channel off),2,4,3.0,0.0,16.0,0.0
fixed B=0,1,6,3.0,0.0,3.0,0.0
fixed B=1,1,6,3.0,0.0,4.0,0.0
fixed B=4,1,6,3.0,0.0,7.0,0.0
rel B0=0 eps=.5,1,6,3.0,0.0,10.5,0.0
qlen B0=0 gam=1,1,6,3.0,0.0,4.0,0.0
qlen B0=1 gam=.5 eps=.5,1,6,3.0,0.0,13.5,0.0
thresh B=1 th=1 N=2,1,6,3.0,0.0,6.0,0.0
cap B0=1 eps=.5 Bmax=1,1,6,3.0,0.0,4.0,0.0
skip N=2 (work channel off),1,6,3.0,0.0,11.0,0.0
skip N=5 (work channel off),1,6,3.0,0.0,23.0,0.0
fixed B=0,3,8,4.0,0.0,9.333333333333334,0.0
fixed B=1,3,8,4.0,0.0,9.666666666666666,0.0
fixed B=4,3,8,4.0,0.0,10.666666666666666,0.0
rel B0=0 eps=.5,3,8,4.0,0.0,11.2,0.0
rel B0=1 eps=1,3,8,4.0,0.0,14.5,0.0
rel B0=0 eps=2,3,8,4.0,0.0,28.0,0.0
qlen B0=0 gam=1,3,8,4.0,0.0,9.333333333333334,0.0
qlen B0=1 gam=.5 eps=.5,3,8,4.0,0.0,11.6,0.0
thresh B=1 th=1 N=2,3,8,4.0,0.0,10.333333333333334,0.0
thresh B=0 th=.5 N=3 eps=1,3,8,4.0,0.0,14.75,0.0
cap B0=1 eps=1 Bmax=3,3,8,4.0,0.0,10.333333333333334,0.0
cap B0=0 eps=2 Bmax=2,3,8,4.0,0.0,10.0,0.0
cap B0=1 eps=.5 Bmax=1,3,8,4.0,0.0,9.666666666666666,0.0
cap+cnt B=1 e=1 th=1 N=2 Bm=4,3,8,4.0,0.0,11.333333333333334,0.0
skip N=2 (work channel off),3,8,4.0,0.0,12.0,0.0
skip N=5 (work channel off),3,8,4.0,0.0,16.0,0.0
fixed B=0,3,7,4.0,0.0,9.333333333333334,0.0
fixed B=1,3,7,4.0,0.0,9.666666666666666,0.0
fixed B=4,3,7,4.0,0.0,10.666666666666666,0.0
rel B0=0 eps=.5,3,7,4.0,0.0,11.2,0.0
rel B0=1 eps=1,3,7,4.0,0.0,14.5,0.0
rel B0=0 eps=2,3,7,4.0,0.0,28.0,0.0
qlen B0=0 gam=1,3,7,4.0,0.0,9.666666666666666,0.0
qlen B0=1 gam=.5 eps=.5,3,7,4.0,0.0,11.8,0.0
thresh B=1 th=1 N=2,3,7,4.0,0.0,10.333333333333334,0.0
thresh B=0 th=.5 N=3 eps=1,3,7,4.0,0.0,14.75,0.0
cap B0=1 eps=1 Bmax=3,3,7,4.0,0.0,10.333333333333334,0.0
cap B0=0 eps=2 Bmax=2,3,7,4.0,0.0,10.0,0.0
cap B0=1 eps=.5 Bmax=1,3,7,4.0,0.0,9.666666666666666,0.0
cap+cnt B=1 e=1 th=1 N=2 Bm=4,3,7,4.0,0.0,11.333333333333334,0.0
skip N=2 (work channel off),3,7,4.0,0.0,12.0,0.0
skip N=5 (work channel off),3,7,4.0,0.0,16.0,0.0
fixed B=0,1,3,1.0,0.0,1.0,0.0
fixed B=1,1,3,1.0,0.0,2.0,0.0
fixed B=4,1,3,1.0,0.0,5.0,0.0
rel B0=0 eps=.5,1,3,1.0,0.0,2.0,0.0
qlen B0=0 gam=1,1,3,1.0,0.0,1.0,0.0
qlen B0=1 gam=.5 eps=.5,1,3,1.0,0.0,4.0,0.0
thresh B=1 th=1 N=2,1,3,1.0,0.0,4.0,0.0
cap B0=1 eps=.5 Bmax=1,1,3,1.0,0.0,2.0,0.0
skip N=2 (work channel off),1,3,1.0,0.0,9.0,0.0
skip N=5 (work channel off),1,3,1.0,0.0,21.0,0.0
fixed B=0,3,7,4.0,0.0,9.333333333333334,0.0
fixed B=1,3,7,4.0,0.0,9.666666666666666,0.0
fixed B=4,3,7,4.0,0.0,10.666666666666666,0.0
rel B0=0 eps=.5,3,7,4.0,0.0,11.2,0.0
rel B0=1 eps=1,3,7,4.0,0.0,14.5,0.0
rel B0=0 eps=2,3,7,4.0,0.0,28.0,0.0
qlen B0=0 gam=1,3,7,4.0,0.0,9.333333333333334,0.0
qlen B0=1 gam=.5 eps=.5,3,7,4.0,0.0,11.6,0.0
thresh B=1 th=1 N=2,3,7,4.0,0.0,10.333333333333334,0.0
thresh B=0 th=.5 N=3 eps=1,3,7,4.0,0.0,14.75,0.0
cap B0=1 eps=1 Bmax=3,3,7,4.0,0.0,10.333333333333334,0.0
cap B0=0 eps=2 Bmax=2,3,7,4.0,0.0,10.0,0.0
cap B0=1 eps=.5 Bmax=1,3,7,4.0,0.0,9.666666666666666,0.0
cap+cnt B=1 e=1 th=1 N=2 Bm=4,3,7,4.0,0.0,11.333333333333334,0.0
skip N=2 (work channel off),3,7,4.0,0.0,12.0,0.0
skip N=5 (work channel off),3,7,4.0,0.0,16.0,0.0
fixed B=0,1,4,4.0,0.0,4.0,0.0
fixed B=1,1,4,4.0,0.0,5.0,0.0
fixed B=4,1,4,4.0,0.0,8.0,0.0
rel B0=0 eps=.5,1,4,4.0,0.0,12.0,0.0
qlen B0=0 gam=1,1,4,4.0,0.0,5.0,0.0
qlen B0=1 gam=.5 eps=.5,1,4,4.0,0.0,15.0,0.0
thresh B=1 th=1 N=2,1,4,4.0,0.0,7.0,0.0
cap B0=1 eps=.5 Bmax=1,1,4,4.0,0.0,5.0,0.0
skip N=2 (work channel off),1,4,4.0,0.0,12.0,0.0
skip N=5 (work channel off),1,4,4.0,0.0,24.0,0.0
fixed B=0,1,7,3.0,0.0,3.0,0.0
fixed B=1,1,7,3.0,2.0,4.0,0.5
fixed B=4,1,7,3.0,2.0,7.0,0.2857142857142857
rel B0=0 eps=.5,1,7,3.0,2.0,9.5,0.25
qlen B0=0 gam=1,1,7,3.0,2.0,5.0,0.5
qlen B0=1 gam=.5 eps=.5,1,7,3.0,2.0,12.5,0.18181818181818182
thresh B=1 th=1 N=2,1,7,3.0,2.0,6.0,0.3333333333333333
cap B0=1 eps=.5 Bmax=1,1,7,3.0,2.0,4.0,0.5
skip N=2 (work channel off),1,7,3.0,2.0,11.0,0.18181818181818182
skip N=5 (work channel off),1,7,3.0,2.0,23.0,0.08695652173913043
fixed B=0,2,2,3.5,0.0,7.0,0.0
fixed B=1,2,2,3.5,0.0,7.5,0.0
fixed B=4,2,2,3.5,0.0,9.0,0.0
rel B0=0 eps=.5,2,2,3.5,0.0,9.333333333333334,0.0
rel B0=1 eps=1,2,2,3.5,0.0,15.0,0.0
qlen B0=0 gam=1,2,2,3.5,0.0,7.0,0.0
qlen B0=1 gam=.5 eps=.5,2,2,3.5,0.0,10.0,0.0
thresh B=1 th=1 N=2,2,2,3.5,0.0,8.5,0.0
thresh B=0 th=.5 N=3 eps=1,2,2,3.5,0.0,15.5,0.0
cap B0=1 eps=1 Bmax=3,2,2,3.5,0.0,8.5,0.0
cap B0=1 eps=.5 Bmax=1,2,2,3.5,0.0,7.5,0.0
cap+cnt B=1 e=1 th=1 N=2 Bm=4,2,2,3.5,0.0,10.0,0.0
skip N=2 (work channel off),2,2,3.5,0.0,11.0,0.0
skip N=5 (work channel off),2,2,3.5,0.0,17.0,0.0
fixed B=0,1,7,4.0,0.0,4.0,0.0
fixed B=1,1,7,4.0,3.0,5.0,0.6
fixed B=4,1,7,4.0,3.0,8.0,0.375
rel B0=0 eps=.5,1,7,4.0,3.0,18.0,0.16666666666666666
qlen B0=0 gam=1,1,7,4.0,3.0,7.0,0.5
qlen B0=1 gam=.5 eps=.5,1,7,4.0,3.0,22.5,0.13636363636363635
thresh B=1 th=1 N=2,1,7,4.0,3.0,7.0,0.42857142857142855
cap B0=1 eps=.5 Bmax=1,1,7,4.0,3.0,5.0,0.6
skip N=2 (work channel off),1,7,4.0,3.0,12.0,0.25
skip N=5 (work channel off),1,7,4.0,3.0,24.0,0.125
fixed B=0,3,4,3.5,0.0,8.166666666666666,0.0
fixed B=1,3,4,3.5,0.0,8.5,0.0
fixed B=4,3,4,3.5,0.0,9.5,0.0
rel B0=0 eps=.5,3,4,3.5,0.0,9.8,0.0
rel B0=1 eps=1,3,4,3.5,0.0,12.75,0.0
rel B0=0 eps=2,3,4,3.5,0.0,24.5,0.0
qlen B0=0 gam=1,3,4,3.5,0.0,8.166666666666666,0.0
qlen B0=1 gam=.5 eps=.5,3,4,3.5,0.0,10.2,0.0
thresh B=1 th=1 N=2,3,4,3.5,0.0,9.166666666666666,0.0
thresh B=0 th=.5 N=3 eps=1,3,4,3.5,0.0,13.0,0.0
cap B0=1 eps=1 Bmax=3,3,4,3.5,0.0,9.166666666666666,0.0
cap B0=0 eps=2 Bmax=2,3,4,3.5,0.0,8.833333333333334,0.0
cap B0=1 eps=.5 Bmax=1,3,4,3.5,0.0,8.5,0.0
cap+cnt B=1 e=1 th=1 N=2 Bm=4,3,4,3.5,0.0,10.166666666666666,0.0
skip N=2 (work channel off),3,4,3.5,0.0,10.833333333333334,0.0
skip N=5 (work channel off),3,4,3.5,0.0,14.833333333333334,0.0
fixed B=0,1,7,3.5,0.0,3.5,0.0
fixed B=1,1,7,3.5,2.0,4.5,0.4444444444444444
fixed B=4,1,7,3.5,3.5,7.5,0.4666666666666667
rel B0=0 eps=.5,1,7,3.5,3.5,10.5,0.3333333333333333
qlen B0=0 gam=1,1,7,3.5,2.0,4.5,0.4444444444444444
qlen B0=1 gam=.5 eps=.5,1,7,3.5,3.5,13.5,0.25925925925925924
thresh B=1 th=1 N=2,1,7,3.5,2.0,6.5,0.3076923076923077
cap B0=1 eps=.5 Bmax=1,1,7,3.5,2.0,4.5,0.4444444444444444
skip N=2 (work channel off),1,7,3.5,2.5,11.5,0.21739130434782608
skip N=5 (work channel off),1,7,3.5,3.5,23.5,0.14893617021276595
fixed B=0,2,2,3.0,0.0,6.0,0.0
fixed B=1,2,2,3.0,0.0,6.5,0.0
fixed B=4,2,2,3.0,0.0,8.0,0.0
rel B0=0 eps=.5,2,2,3.0,0.0,8.0,0.0
rel B0=1 eps=1,2,2,3.0,0.0,13.0,0.0
qlen B0=0 gam=1,2,2,3.0,0.0,6.0,0.0
qlen B0=1 gam=.5 eps=.5,2,2,3.0,0.0,8.666666666666666,0.0
thresh B=1 th=1 N=2,2,2,3.0,0.0,7.5,0.0
thresh B=0 th=.5 N=3 eps=1,2,2,3.0,0.0,13.5,0.0
cap B0=1 eps=1 Bmax=3,2,2,3.0,0.0,7.5,0.0
cap B0=1 eps=.5 Bmax=1,2,2,3.0,0.0,6.5,0.0
cap+cnt B=1 e=1 th=1 N=2 Bm=4,2,2,3.0,0.0,9.0,0.0
skip N=2 (work channel off),2,2,3.0,0.0,10.0,0.0
skip N=5 (work channel off),2,2,3.0,0.0,16.0,0.0
fixed B=0,1,2,2.0,0.0,2.0,0.0
fixed B=1,1,2,2.0,0.0,3.0,0.0
fixed B=4,1,2,2.0,0.0,6.0,0.0
rel B0=0 eps=.5,1,2,2.0,0.0,4.0,0.0
qlen B0=0 gam=1,1,2,2.0,0.0,2.0,0.0
qlen B0=1 gam=.5 eps=.5,1,2,2.0,0.0,6.0,0.0
thresh B=1 th=1 N=2,1,2,2.0,0.0,5.0,0.0
cap B0=1 eps=.5 Bmax=1,1,2,2.0,0.0,3.0,0.0
skip N=2 (work channel off),1,2,2.0,0.0,10.0,0.0
skip N=5 (work channel off),1,2,2.0,0.0,22.0,0.0
fixed B=0,2,9,3.5,0.0,7.0,0.0
fixed B=1,2,9,3.5,0.0,7.5,0.0
fixed B=4,2,9,3.5,0.0,9.0,0.0
rel B0=0 eps=.5,2,9,3.5,0.0,10.0,0.0
rel B0=1 eps=1,2,9,3.5,0.0,17.0,0.0
qlen B0=0 gam=1,2,9,3.5,0.0,7.5,0.0
qlen B0=1 gam=.5 eps=.5,2,9,3.5,0.0,11.0,0.0
thresh B=1 th=1 N=2,2,9,3.5,0.0,8.5,0.0
thresh B=0 th=.5 N=3 eps=1,2,9,3.5,0.0,17.5,0.0
cap B0=1 eps=1 Bmax=3,2,9,3.5,0.0,8.5,0.0
cap B0=1 eps=.5 Bmax=1,2,9,3.5,0.0,7.5,0.0
cap+cnt B=1 e=1 th=1 N=2 Bm=4,2,9,3.5,0.0,10.0,0.0
skip N=2 (work channel off),2,9,3.5,0.0,11.0,0.0
skip N=5 (work channel off),2,9,3.5,0.0,17.0,0.0
fixed B=0,1,4,4.0,0.0,4.0,0.0
fixed B=1,1,4,4.0,0.0,5.0,0.0
fixed B=4,1,4,4.0,0.0,8.0,0.0
rel B0=0 eps=.5,1,4,4.0,0.0,10.5,0.0
qlen B0=0 gam=1,1,4,4.0,0.0,5.0,0.0
qlen B0=1 gam=.5 eps=.5,1,4,4.0,0.0,13.5,0.0
thresh B=1 th=1 N=2,1,4,4.0,0.0,7.0,0.0
cap B0=1 eps=.5 Bmax=1,1,4,4.0,0.0,5.0,0.0
skip N=2 (work channel off),1,4,4.0,0.0,12.0,0.0
skip N=5 (work channel off),1,4,4.0,0.0,24.0,0.0
fixed B=0,1,3,3.0,0.0,3.0,0.0
fixed B=1,1,3,3.0,0.0,4.0,0.0
fixed B=4,1,3,3.0,0.0,7.0,0.0
rel B0=0 eps=.5,1,3,3.0,0.0,8.0,0.0
qlen B0=0 gam=1,1,3,3.0,0.0,4.0,0.0
qlen B0=1 gam=.5 eps=.5,1,3,3.0,0.0,11.0,0.0
thresh B=1 th=1 N=2,1,3,3.0,0.0,6.0,0.0
cap B0=1 eps=.5 Bmax=1,1,3,3.0,0.0,4.0,0.0
skip N=2 (work channel off),1,3,3.0,0.0,11.0,0.0
skip N=5 (work channel off),1,3,3.0,0.0,23.0,0.0
fixed B=0,2,8,4.0,0.0,8.0,0.0
fixed B=1,2,8,4.0,0.0,8.5,0.0
fixed B=4,2,8,4.0,0.0,10.0,0.0
rel B0=0 eps=.5,2,8,4.0,0.0,10.666666666666666,0.0
rel B0=1 eps=1,2,8,4.0,0.0,17.0,0.0
qlen B0=0 gam=1,2,8,4.0,0.0,8.0,0.0
qlen B0=1 gam=.5 eps=.5,2,8,4.0,0.0,11.333333333333334,0.0
thresh B=1 th=1 N=2,2,8,4.0,0.0,9.5,0.0
thresh B=0 th=.5 N=3 eps=1,2,8,4.0,0.0,17.5,0.0
cap B0=1 eps=1 Bmax=3,2,8,4.0,0.0,9.5,0.0
cap B0=1 eps=.5 Bmax=1,2,8,4.0,0.0,8.5,0.0
cap+cnt B=1 e=1 th=1 N=2 Bm=4,2,8,4.0,0.0,11.0,0.0
skip N=2 (work channel off),2,8,4.0,0.0,12.0,0.0
skip N=5 (work channel off),2,8,4.0,0.0,18.0,0.0
fixed B=0,1,6,4.0,0.0,4.0,0.0
fixed B=1,1,6,4.0,0.0,5.0,0.0
fixed B=4,1,6,4.0,0.0,8.0,0.0
rel B0=0 eps=.5,1,6,4.0,0.0,10.5,0.0
qlen B0=0 gam=1,1,6,4.0,0.0,4.0,0.0
qlen B0=1 gam=.5 eps=.5,1,6,4.0,0.0,12.5,0.0
thresh B=1 th=1 N=2,1,6,4.0,0.0,7.0,0.0
cap B0=1 eps=.5 Bmax=1,1,6,4.0,0.0,5.0,0.0
skip N=2 (work channel off),1,6,4.0,0.0,12.0,0.0
skip N=5 (work channel off),1,6,4.0,0.0,24.0,0.0
fixed B=0,3,9,4.0,0.0,9.333333333333334,0.0
fixed B=1,3,9,4.0,0.0,9.666666666666666,0.0
fixed B=4,3,9,4.0,0.0,10.666666666666666,0.0
rel B0=0 eps=.5,3,9,4.0,0.0,11.4,0.0
rel B0=1 eps=1,3,9,4.0,0.0,15.0,0.0
rel B0=0 eps=2,3,9,4.0,0.0,30.0,0.0
qlen B0=0 gam=1,3,9,4.0,0.0,9.333333333333334,0.0
qlen B0=1 gam=.5 eps=.5,3,9,4.0,0.0,11.8,0.0
thresh B=1 th=1 N=2,3,9,4.0,0.0,10.333333333333334,0.0
thresh B=0 th=.5 N=3 eps=1,3,9,4.0,0.0,15.25,0.0
cap B0=1 eps=1 Bmax=3,3,9,4.0,0.0,10.333333333333334,0.0
cap B0=0 eps=2 Bmax=2,3,9,4.0,0.0,10.0,0.0
cap B0=1 eps=.5 Bmax=1,3,9,4.0,0.0,9.666666666666666,0.0
cap+cnt B=1 e=1 th=1 N=2 Bm=4,3,9,4.0,0.0,11.333333333333334,0.0
skip N=2 (work channel off),3,9,4.0,0.0,12.0,0.0
skip N=5 (work channel off),3,9,4.0,0.0,16.0,0.0
fixed B=0,3,8,4.0,0.0,9.333333333333334,0.0
fixed B=1,3,8,4.0,0.0,9.666666666666666,0.0
fixed B=4,3,8,4.0,0.0,10.666666666666666,0.0
rel B0=0 eps=.5,3,8,4.0,0.0,11.2,0.0
rel B0=1 eps=1,3,8,4.0,0.0,14.5,0.0
rel B0=0 eps=2,3,8,4.0,0.0,28.0,0.0
qlen B0=0 gam=1,3,8,4.0,0.0,9.666666666666666,0.0
qlen B0=1 gam=.5 eps=.5,3,8,4.0,0.0,11.8,0.0
thresh B=1 th=1 N=2,3,8,4.0,0.0,10.333333333333334,0.0
thresh B=0 th=.5 N=3 eps=1,3,8,4.0,0.0,14.75,0.0
cap B0=1 eps=1 Bmax=3,3,8,4.0,0.0,10.333333333333334,0.0
cap B0=0 eps=2 Bmax=2,3,8,4.0,0.0,10.0,0.0
cap B0=1 eps=.5 Bmax=1,3,8,4.0,0.0,9.666666666666666,0.0
cap+cnt B=1 e=1 th=1 N=2 Bm=4,3,8,4.0,0.0,11.333333333333334,0.0
skip N=2 (work channel off),3,8,4.0,0.0,12.0,0.0
skip N=5 (work channel off),3,8,4.0,0.0,16.0,0.0
fixed B=0,2,8,4.0,0.0,8.0,0.0
fixed B=1,2,8,4.0,0.0,8.5,0.0
fixed B=4,2,8,4.0,0.0,10.0,0.0
rel B0=0 eps=.5,2,8,4.0,0.0,11.666666666666666,0.0
rel B0=1 eps=1,2,8,4.0,0.0,20.0,0.0
qlen B0=0 gam=1,2,8,4.0,0.0,8.5,0.0
qlen B0=1 gam=.5 eps=.5,2,8,4.0,0.0,12.666666666666666,0.0
thresh B=1 th=1 N=2,2,8,4.0,0.0,9.5,0.0
thresh B=0 th=.5 N=3 eps=1,2,8,4.0,0.0,20.5,0.0
cap B0=1 eps=1 Bmax=3,2,8,4.0,0.0,9.5,0.0
cap B0=1 eps=.5 Bmax=1,2,8,4.0,0.0,8.5,0.0
cap+cnt B=1 e=1 th=1 N=2 Bm=4,2,8,4.0,0.0,11.0,0.0
skip N=2 (work channel off),2,8,4.0,0.0,12.0,0.0
skip N=5 (work channel off),2,8,4.0,0.0,18.0,0.0
fixed B=0,2,2,4.0,0.0,8.0,0.0
fixed B=1,2,2,4.0,0.0,8.5,0.0
fixed B=4,2,2,4.0,0.0,10.0,0.0
rel B0=0 eps=.5,2,2,4.0,0.0,10.666666666666666,0.0
rel B0=1 eps=1,2,2,4.0,0.0,17.0,0.0
qlen B0=0 gam=1,2,2,4.0,0.0,8.0,0.0
qlen B0=1 gam=.5 eps=.5,2,2,4.0,0.0,11.333333333333334,0.0
thresh B=1 th=1 N=2,2,2,4.0,0.0,9.5,0.0
thresh B=0 th=.5 N=3 eps=1,2,2,4.0,0.0,17.5,0.0
cap B0=1 eps=1 Bmax=3,2,2,4.0,0.0,9.5,0.0
cap B0=1 eps=.5 Bmax=1,2,2,4.0,0.0,8.5,0.0
cap+cnt B=1 e=1 th=1 N=2 Bm=4,2,2,4.0,0.0,11.0,0.0
skip N=2 (work channel off),2,2,4.0,0.0,12.0,0.0
skip N=5 (work channel off),2,2,4.0,0.0,18.0,0.0
fixed B=0,2,4,2.5,0.0,5.0,0.0
fixed B=1,2,4,2.5,0.0,5.5,0.0
fixed B=4,2,4,2.5,0.0,7.0,0.0
rel B0=0 eps=.5,2,4,2.5,0.0,6.666666666666667,0.0
rel B0=1 eps=1,2,4,2.5,0.0,11.0,0.0
qlen B0=0 gam=1,2,4,2.5,0.0,5.5,0.0
qlen B0=1 gam=.5 eps=.5,2,4,2.5,0.0,7.666666666666667,0.0
thresh B=1 th=1 N=2,2,4,2.5,0.0,6.5,0.0
thresh B=0 th=.5 N=3 eps=1,2,4,2.5,0.0,11.5,0.0
cap B0=1 eps=1 Bmax=3,2,4,2.5,0.0,6.5,0.0
cap B0=1 eps=.5 Bmax=1,2,4,2.5,0.0,5.5,0.0
cap+cnt B=1 e=1 th=1 N=2 Bm=4,2,4,2.5,0.0,8.0,0.0
skip N=2 (work channel off),2,4,2.5,0.0,9.0,0.0
skip N=5 (work channel off),2,4,2.5,0.0,15.0,0.0
fixed B=0,3,7,3.0,0.0,7.0,0.0
fixed B=1,3,7,3.0,0.0,7.333333333333333,0.0
fixed B=4,3,7,3.0,0.0,8.333333333333334,0.0
rel B0=0 eps=.5,3,7,3.0,0.0,8.4,0.0
rel B0=1 eps=1,3,7,3.0,0.0,11.0,0.0
rel B0=0 eps=2,3,7,3.0,0.0,21.0,0.0
qlen B0=0 gam=1,3,7,3.0,0.0,7.333333333333333,0.0
qlen B0=1 gam=.5 eps=.5,3,7,3.0,0.0,9.0,0.0
thresh B=1 th=1 N=2,3,7,3.0,0.0,8.0,0.0
thresh B=0 th=.5 N=3 eps=1,3,7,3.0,0.0,11.25,0.0
cap B0=1 eps=1 Bmax=3,3,7,3.0,0.0,8.0,0.0
cap B0=0 eps=2 Bmax=2,3,7,3.0,0.0,7.666666666666667,0.0
cap B0=1 eps=.5 Bmax=1,3,7,3.0,0.0,7.333333333333333,0.0
cap+cnt B=1 e=1 th=1 N=2 Bm=4,3,7,3.0,0.0,9.0,0.0
skip N=2 (work channel off),3,7,3.0,0.0,9.666666666666666,0.0
skip N=5 (work channel off),3,7,3.0,0.0,13.666666666666666,0.0
fixed B=0,3,7,4.0,0.0,9.333333333333334,0.0
fixed B=1,3,7,4.0,0.0,9.666666666666666,0.0
fixed B=4,3,7,4.0,0.0,10.666666666666666,0.0
rel B0=0 eps=.5,3,7,4.0,0.0,11.2,0.0
rel B0=1 eps=1,3,7,4.0,0.0,14.5,0.0
rel B0=0 eps=2,3,7,4.0,0.0,28.0,0.0
qlen B0=0 gam=1,3,7,4.0,0.0,9.666666666666666,0.0
qlen B0=1 gam=.5 eps=.5,3,7,4.0,0.0,11.8,0.0
thresh B=1 th=1 N=2,3,7,4.0,0.0,10.333333333333334,0.0
thresh B=0 th=.5 N=3 eps=1,3,7,4.0,0.0,14.75,0.0
cap B0=1 eps=1 Bmax=3,3,7,4.0,0.0,10.333333333333334,0.0
cap B0=0 eps=2 Bmax=2,3,7,4.0,0.0,10.0,0.0
cap B0=1 eps=.5 Bmax=1,3,7,4.0,0.0,9.666666666666666,0.0
cap+cnt B=1 e=1 th=1 N=2 Bm=4,3,7,4.0,0.0,11.333333333333334,0.0
skip N=2 (work channel off),3,7,4.0,0.0,12.0,0.0
skip N=5 (work channel off),3,7,4.0,0.0,16.0,0.0
fixed B=0,1,2,0.5,0.0,0.5,0.0
fixed B=1,1,2,0.5,0.0,1.5,0.0
fixed B=4,1,2,0.5,0.0,4.5,0.0
rel B0=0 eps=.5,1,2,0.5,0.0,1.0,0.0
qlen B0=0 gam=1,1,2,0.5,0.0,0.5,0.0
qlen B0=1 gam=.5 eps=.5,1,2,0.5,0.0,3.0,0.0
thresh B=1 th=1 N=2,1,2,0.5,0.0,3.5,0.0
cap B0=1 eps=.5 Bmax=1,1,2,0.5,0.0,1.5,0.0
skip N=2 (work channel off),1,2,0.5,0.0,8.5,0.0
skip N=5 (work channel off),1,2,0.5,0.0,20.5,0.0
fixed B=0,2,2,2.5,0.0,5.0,0.0
fixed B=1,2,2,2.5,0.0,5.5,0.0
fixed B=4,2,2,2.5,0.0,7.0,0.0
rel B0=0 eps=.5,2,2,2.5,0.0,6.666666666666667,0.0
rel B0=1 eps=1,2,2,2.5,0.0,11.0,0.0
qlen B0=0 gam=1,2,2,2.5,0.0,5.0,0.0
qlen B0=1 gam=.5 eps=.5,2,2,2.5,0.0,7.333333333333333,0.0
thresh B=1 th=1 N=2,2,2,2.5,0.0,6.5,0.0
thresh B=0 th=.5 N=3 eps=1,2,2,2.5,0.0,11.5,0.0
cap B0=1 eps=1 Bmax=3,2,2,2.5,0.0,6.5,0.0
cap B0=1 eps=.5 Bmax=1,2,2,2.5,0.0,5.5,0.0
cap+cnt B=1 e=1 th=1 N=2 Bm=4,2,2,2.5,0.0,8.0,0.0
skip N=2 (work channel off),2,2,2.5,0.0,9.0,0.0
skip N=5 (work channel off),2,2,2.5,0.0,15.0,0.0
fixed B=0,2,3,3.0,0.0,6.0,0.0
fixed B=1,2,3,3.0,0.0,6.5,0.0
fixed B=4,2,3,3.0,0.0,8.0,0.0
rel B0=0 eps=.5,2,3,3.0,0.0,8.0,0.0
rel B0=1 eps=1,2,3,3.0,0.0,13.0,0.0
qlen B0=0 gam=1,2,3,3.0,0.0,6.0,0.0
qlen B0=1 gam=.5 eps=.5,2,3,3.0,0.0,8.666666666666666,0.0
thresh B=1 th=1 N=2,2,3,3.0,0.0,7.5,0.0
thresh B=0 th=.5 N=3 eps=1,2,3,3.0,0.0,13.5,0.0
cap B0=1 eps=1 Bmax=3,2,3,3.0,0.0,7.5,0.0
cap B0=1 eps=.5 Bmax=1,2,3,3.0,0.0,6.5,0.0
cap+cnt B=1 e=1 th=1 N=2 Bm=4,2,3,3.0,0.0,9.0,0.0
skip N=2 (work channel off),2,3,3.0,0.0,10.0,0.0
skip N=5 (work channel off),2,3,3.0,0.0,16.0,0.0
fixed B=0,1,9,4.0,0.0,4.0,0.0
fixed B=1,1,9,4.0,0.0,5.0,0.0
fixed B=4,1,9,4.0,0.0,8.0,0.0
rel B0=0 eps=.5,1,9,4.0,0.0,19.0,0.0
qlen B0=0 gam=1,1,9,4.0,0.0,7.0,0.0
qlen B0=1 gam=.5 eps=.5,1,9,4.0,0.0,24.0,0.0
thresh B=1 th=1 N=2,1,9,4.0,0.0,7.0,0.0
cap B0=1 eps=.5 Bmax=1,1,9,4.0,0.0,5.0,0.0
skip N=2 (work channel off),1,9,4.0,0.0,12.0,0.0
skip N=5 (work channel off),1,9,4.0,0.0,24.0,0.0
fixed B=0,2,2,4.0,0.0,8.0,0.0
fixed B=1,2,2,4.0,0.0,8.5,0.0
fixed B=4,2,2,4.0,0.0,10.0,0.0
rel B0=0 eps=.5,2,2,4.0,0.0,10.666666666666666,0.0
rel B0=1 eps=1,2,2,4.0,0.0,17.0,0.0
qlen B0=0 gam=1,2,2,4.0,0.0,8.5,0.0
qlen B0=1 gam=.5 eps=.5,2,2,4.0,0.0,11.666666666666666,0.0
thresh B=1 th=1 N=2,2,2,4.0,0.0,9.5,0.0
thresh B=0 th=.5 N=3 eps=1,2,2,4.0,0.0,17.5,0.0
cap B0=1 eps=1 Bmax=3,2,2,4.0,0.0,9.5,0.0
cap B0=1 eps=.5 Bmax=1,2,2,4.0,0.0,8.5,0.0
cap+cnt B=1 e=1 th=1 N=2 Bm=4,2,2,4.0,0.0,11.0,0.0
skip N=2 (work channel off),2,2,4.0,0.0,12.0,0.0
skip N=5 (work channel off),2,2,4.0,0.0,18.0,0.0
fixed B=0,3,2,1.0,0.0,2.3333333333333335,0.0
fixed B=1,3,2,1.0,0.0,2.6666666666666665,0.0
fixed B=4,3,2,1.0,0.0,3.6666666666666665,0.0
rel B0=0 eps=.5,3,2,1.0,0.0,2.8,0.0
rel B0=1 eps=1,3,2,1.0,0.0,4.0,0.0
rel B0=0 eps=2,3,2,1.0,0.0,7.0,0.0
qlen B0=0 gam=1,3,2,1.0,0.0,2.6666666666666665,0.0
qlen B0=1 gam=.5 eps=.5,3,2,1.0,0.0,3.4,0.0
thresh B=1 th=1 N=2,3,2,1.0,0.0,3.3333333333333335,0.0
thresh B=0 th=.5 N=3 eps=1,3,2,1.0,0.0,4.25,0.0
cap B0=1 eps=1 Bmax=3,3,2,1.0,0.0,3.3333333333333335,0.0
cap B0=0 eps=2 Bmax=2,3,2,1.0,0.0,3.0,0.0
cap B0=1 eps=.5 Bmax=1,3,2,1.0,0.0,2.6666666666666665,0.0
cap+cnt B=1 e=1 th=1 N=2 Bm=4,3,2,1.0,0.0,4.333333333333333,0.0
skip N=2 (work channel off),3,2,1.0,0.0,5.0,0.0
skip N=5 (work channel off),3,2,1.0,0.0,9.0,0.0
fixed B=0,1,8,2.0,0.0,2.0,0.0
fixed B=1,1,8,2.0,1.5,3.0,0.5
fixed B=4,1,8,2.0,1.5,6.0,0.25
rel B0=0 eps=.5,1,8,2.0,0.5,5.5,0.1111111111111111
qlen B0=0 gam=1,1,8,2.0,1.5,5.0,0.5
qlen B0=1 gam=.5 eps=.5,1,8,2.0,1.5,10.5,0.21428571428571427
thresh B=1 th=1 N=2,1,8,2.0,1.5,5.0,0.3
cap B0=1 eps=.5 Bmax=1,1,8,2.0,1.5,3.0,0.5
skip N=2 (work channel off),1,8,2.0,1.5,10.0,0.15
skip N=5 (work channel off),1,8,2.0,1.5,22.0,0.06818181818181818
fixed B=0,2,3,3.0,0.0,6.0,0.0
fixed B=1,2,3,3.0,0.0,6.5,0.0
fixed B=4,2,3,3.0,0.0,8.0,0.0
rel B0=0 eps=.5,2,3,3.0,0.0,8.0,0.0
rel B0=1 eps=1,2,3,3.0,0.0,13.0,0.0
qlen B0=0 gam=1,2,3,3.0,0.0,6.0,0.0
qlen B0=1 gam=.5 eps=.5,2,3,3.0,0.0,8.666666666666666,0.0
thresh B=1 th=1 N=2,2,3,3.0,0.0,7.5,0.0
thresh B=0 th=.5 N=3 eps=1,2,3,3.0,0.0,13.5,0.0
cap B0=1 eps=1 Bmax=3,2,3,3.0,0.0,7.5,0.0
cap B0=1 eps=.5 Bmax=1,2,3,3.0,0.0,6.5,0.0
cap+cnt B=1 e=1 th=1 N=2 Bm=4,2,3,3.0,0.0,9.0,0.0
skip N=2 (work channel off),2,3,3.0,0.0,10.0,0.0
skip N=5 (work channel off),2,3,3.0,0.0,16.0,0.0
fixed B=0,3,6,4.0,0.0,9.333333333333334,0.0
fixed B=1,3,6,4.0,0.0,9.666666666666666,0.0
fixed B=4,3,6,4.0,0.0,10.666666666666666,0.0
rel B0=0 eps=.5,3,6,4.0,0.0,11.2,0.0
rel B0=1 eps=1,3,6,4.0,0.0,14.5,0.0
rel B0=0 eps=2,3,6,4.0,0.0,28.0,0.0
qlen B0=0 gam=1,3,6,4.0,0.0,9.333333333333334,0.0
qlen B0=1 gam=.5 eps=.5,3,6,4.0,0.0,11.6,0.0
thresh B=1 th=1 N=2,3,6,4.0,0.0,10.333333333333334,0.0
thresh B=0 th=.5 N=3 eps=1,3,6,4.0,0.0,14.75,0.0
cap B0=1 eps=1 Bmax=3,3,6,4.0,0.0,10.333333333333334,0.0
cap B0=0 eps=2 Bmax=2,3,6,4.0,0.0,10.0,0.0
cap B0=1 eps=.5 Bmax=1,3,6,4.0,0.0,9.666666666666666,0.0
cap+cnt B=1 e=1 th=1 N=2 Bm=4,3,6,4.0,0.0,11.333333333333334,0.0
skip N=2 (work channel off),3,6,4.0,0.0,12.0,0.0
skip N=5 (work channel off),3,6,4.0,0.0,16.0,0.0
fixed B=0,2,3,3.5,0.0,7.0,0.0
fixed B=1,2,3,3.5,0.0,7.5,0.0
fixed B=4,2,3,3.5,0.0,9.0,0.0
rel B0=0 eps=.5,2,3,3.5,0.0,9.333333333333334,0.0
rel B0=1 eps=1,2,3,3.5,0.0,15.0,0.0
qlen B0=0 gam=1,2,3,3.5,0.0,7.0,0.0
qlen B0=1 gam=.5 eps=.5,2,3,3.5,0.0,10.0,0.0
thresh B=1 th=1 N=2,2,3,3.5,0.0,8.5,0.0
thresh B=0 th=.5 N=3 eps=1,2,3,3.5,0.0,15.5,0.0
cap B0=1 eps=1 Bmax=3,2,3,3.5,0.0,8.5,0.0
cap B0=1 eps=.5 Bmax=1,2,3,3.5,0.0,7.5,0.0
cap+cnt B=1 e=1 th=1 N=2 Bm=4,2,3,3.5,0.0,10.0,0.0
skip N=2 (work channel off),2,3,3.5,0.0,11.0,0.0
skip N=5 (work channel off),2,3,3.5,0.0,17.0,0.0
fixed B=0,1,7,4.0,0.0,4.0,0.0
fixed B=1,1,7,4.0,1.0,5.0,0.2
fixed B=4,1,7,4.0,1.0,8.0,0.125
rel B0=0 eps=.5,1,7,4.0,1.0,12.0,0.10526315789473684
qlen B0=0 gam=1,1,7,4.0,0.0,5.0,0.0
qlen B0=1 gam=.5 eps=.5,1,7,4.0,1.0,15.0,0.08695652173913043
thresh B=1 th=1 N=2,1,7,4.0,1.0,7.0,0.14285714285714285
cap B0=1 eps=.5 Bmax=1,1,7,4.0,1.0,5.0,0.2
skip N=2 (work channel off),1,7,4.0,1.0,12.0,0.08333333333333333
skip N=5 (work channel off),1,7,4.0,1.0,24.0,0.041666666666666664
fixed B=0,1,3,4.0,0.0,4.0,0.0
fixed B=1,1,3,4.0,2.0,5.0,0.4
fixed B=4,1,3,4.0,2.0,8.0,0.25
rel B0=0 eps=.5,1,3,4.0,2.0,9.5,0.21052631578947367
qlen B0=0 gam=1,1,3,4.0,0.0,5.0,0.0
qlen B0=1 gam=.5 eps=.5,1,3,4.0,2.0,12.5,0.17391304347826086
thresh B=1 th=1 N=2,1,3,4.0,2.0,7.0,0.2857142857142857
cap B0=1 eps=.5 Bmax=1,1,3,4.0,2.0,5.0,0.4
skip N=2 (work channel off),1,3,4.0,2.0,12.0,0.16666666666666666
skip N=5 (work channel off),1,3,4.0,2.0,24.0,0.08333333333333333
fixed B=0,2,7,4.0,0.0,8.0,0.0
fixed B=1,2,7,4.0,0.0,8.5,0.0
fixed B=4,2,7,4.0,0.0,10.0,0.0
rel B0=0 eps=.5,2,7,4.0,0.0,10.833333333333334,0.0
rel B0=1 eps=1,2,7,4.0,0.0,17.5,0.0
qlen B0=0 gam=1,2,7,4.0,0.0,8.5,0.0
qlen B0=1 gam=.5 eps=.5,2,7,4.0,0.0,11.666666666666666,0.0
thresh B=1 th=1 N=2,2,7,4.0,0.0,9.5,0.0
thresh B=0 th=.5 N=3 eps=1,2,7,4.0,0.0,18.0,0.0
cap B0=1 eps=1 Bmax=3,2,7,4.0,0.0,9.5,0.0
cap B0=1 eps=.5 Bmax=1,2,7,4.0,0.0,8.5,0.0
cap+cnt B=1 e=1 th=1 N=2 Bm=4,2,7,4.0,0.0,11.0,0.0
skip N=2 (work channel off),2,7,4.0,0.0,12.0,0.0
skip N=5 (work channel off),2,7,4.0,0.0,18.0,0.0
fixed B=0,1,2,1.5,0.0,1.5,0.0
fixed B=1,1,2,1.5,0.0,2.5,0.0
fixed B=4,1,2,1.5,0.0,5.5,0.0
rel B0=0 eps=.5,1,2,1.5,0.0,3.0,0.0
qlen B0=0 gam=1,1,2,1.5,0.0,1.5,0.0
qlen B0=1 gam=.5 eps=.5,1,2,1.5,0.0,5.0,0.0
thresh B=1 th=1 N=2,1,2,1.5,0.0,4.5,0.0
cap B0=1 eps=.5 Bmax=1,1,2,1.5,0.0,2.5,0.0
skip N=2 (work channel off),1,2,1.5,0.0,9.5,0.0
skip N=5 (work channel off),1,2,1.5,0.0,21.5,0.0
fixed B=0,3,2,2.5,0.0,5.833333333333333,0.0
fixed B=1,3,2,2.5,0.0,6.166666666666667,0.0
fixed B=4,3,2,2.5,0.0,7.166666666666667,0.0
rel B0=0 eps=.5,3,2,2.5,0.0,7.0,0.0
rel B0=1 eps=1,3,2,2.5,0.0,9.25,0.0
rel B0=0 eps=2,3,2,2.5,0.0,17.5,0.0
qlen B0=0 gam=1,3,2,2.5,0.0,5.833333333333333,0.0
qlen B0=1 gam=.5 eps=.5,3,2,2.5,0.0,7.4,0.0
thresh B=1 th=1 N=2,3,2,2.5,0.0,6.833333333333333,0.0
thresh B=0 th=.5 N=3 eps=1,3,2,2.5,0.0,9.5,0.0
cap B0=1 eps=1 Bmax=3,3,2,2.5,0.0,6.833333333333333,0.0
cap B0=0 eps=2 Bmax=2,3,2,2.5,0.0,6.5,0.0
cap B0=1 eps=.5 Bmax=1,3,2,2.5,0.0,6.166666666666667,0.0
cap+cnt B=1 e=1 th=1 N=2 Bm=4,3,2,2.5,0.0,7.833333333333333,0.0
skip N=2 (work channel off),3,2,2.5,0.0,8.5,0.0
skip N=5 (work channel off),3,2,2.5,0.0,12.5,0.0
fixed B=0,3,6,4.0,0.0,9.333333333333334,0.0
fixed B=1,3,6,4.0,0.0,9.666666666666666,0.0
fixed B=4,3,6,4.0,0.0,10.666666666666666,0.0
rel B0=0 eps=.5,3,6,4.0,0.0,11.2,0.0
rel B0=1 eps=1,3,6,4.0,0.0,14.5,0.0
rel B0=0 eps=2,3,6,4.0,0.0,28.0,0.0
qlen B0=0 gam=1,3,6,4.0,0.0,9.333333333333334,0.0
qlen B0=1 gam=.5 eps=.5,3,6,4.0,0.0,11.6,0.0
thresh B=1 th=1 N=2,3,6,4.0,0.0,10.333333333333334,0.0
thresh B=0 th=.5 N=3 eps=1,3,6,4.0,0.0,14.75,0.0
cap B0=1 eps=1 Bmax=3,3,6,4.0,0.0,10.333333333333334,0.0
cap B0=0 eps=2 Bmax=2,3,6,4.0,0.0,10.0,0.0
cap B0=1 eps=.5 Bmax=1,3,6,4.0,0.0,9.666666666666666,0.0
cap+cnt B=1 e=1 th=1 N=2 Bm=4,3,6,4.0,0.0,11.333333333333334,0.0
skip N=2 (work channel off),3,6,4.0,0.0,12.0,0.0
skip N=5 (work channel off),3,6,4.0,0.0,16.0,0.0
fixed B=0,2,4,3.5,0.0,7.0,0.0
fixed B=1,2,4,3.5,0.0,7.5,0.0
fixed B=4,2,4,3.5,0.0,9.0,0.0
rel B0=0 eps=.5,2,4,3.5,0.0,9.666666666666666,0.0
rel B0=1 eps=1,2,4,3.5,0.0,16.0,0.0
qlen B0=0 gam=1,2,4,3.5,0.0,7.0,0.0
qlen B0=1 gam=.5 eps=.5,2,4,3.5,0.0,10.333333333333334,0.0
thresh B=1 th=1 N=2,2,4,3.5,0.0,8.5,0.0
thresh B=0 th=.5 N=3 eps=1,2,4,3.5,0.0,16.5,0.0
cap B0=1 eps=1 Bmax=3,2,4,3.5,0.0,8.5,0.0
cap B0=1 eps=.5 Bmax=1,2,4,3.5,0.0,7.5,0.0
cap+cnt B=1 e=1 th=1 N=2 Bm=4,2,4,3.5,0.0,10.0,0.0
skip N=2 (work channel off),2,4,3.5,0.0,11.0,0.0
skip N=5 (work channel off),2,4,3.5,0.0,17.0,0.0
fixed B=0,3,9,4.0,0.0,9.333333333333334,0.0
fixed B=1,3,9,4.0,0.0,9.666666666666666,0.0
fixed B=4,3,9,4.0,0.0,10.666666666666666,0.0
rel B0=0 eps=.5,3,9,4.0,0.0,11.2,0.0
rel B0=1 eps=1,3,9,4.0,0.0,14.5,0.0
rel B0=0 eps=2,3,9,4.0,0.0,28.0,0.0
qlen B0=0 gam=1,3,9,4.0,0.0,9.666666666666666,0.0
qlen B0=1 gam=.5 eps=.5,3,9,4.0,0.0,11.8,0.0
thresh B=1 th=1 N=2,3,9,4.0,0.0,10.333333333333334,0.0
thresh B=0 th=.5 N=3 eps=1,3,9,4.0,0.0,14.75,0.0
cap B0=1 eps=1 Bmax=3,3,9,4.0,0.0,10.333333333333334,0.0
cap B0=0 eps=2 Bmax=2,3,9,4.0,0.0,10.0,0.0
cap B0=1 eps=.5 Bmax=1,3,9,4.0,0.0,9.666666666666666,0.0
cap+cnt B=1 e=1 th=1 N=2 Bm=4,3,9,4.0,0.0,11.333333333333334,0.0
skip N=2 (work channel off),3,9,4.0,0.0,12.0,0.0
skip N=5 (work channel off),3,9,4.0,0.0,16.0,0.0
fixed B=0,3,9,4.0,0.0,9.333333333333334,0.0
fixed B=1,3,9,4.0,0.0,9.666666666666666,0.0
fixed B=4,3,9,4.0,0.0,10.666666666666666,0.0
rel B0=0 eps=.5,3,9,4.0,0.0,11.2,0.0
rel B0=1 eps=1,3,9,4.0,0.0,14.5,0.0
rel B0=0 eps=2,3,9,4.0,0.0,28.0,0.0
qlen B0=0 gam=1,3,9,4.0,0.0,9.666666666666666,0.0
qlen B0=1 gam=.5 eps=.5,3,9,4.0,0.0,11.8,0.0
thresh B=1 th=1 N=2,3,9,4.0,0.0,10.333333333333334,0.0
thresh B=0 th=.5 N=3 eps=1,3,9,4.0,0.0,14.75,0.0
cap B0=1 eps=1 Bmax=3,3,9,4.0,0.0,10.333333333333334,0.0
cap B0=0 eps=2 Bmax=2,3,9,4.0,0.0,10.0,0.0
cap B0=1 eps=.5 Bmax=1,3,9,4.0,0.0,9.666666666666666,0.0
cap+cnt B=1 e=1 th=1 N=2 Bm=4,3,9,4.0,0.0,11.333333333333334,0.0
skip N=2 (work channel off),3,9,4.0,0.0,12.0,0.0
skip N=5 (work channel off),3,9,4.0,0.0,16.0,0.0
fixed B=0,2,7,4.0,0.0,8.0,0.0
fixed B=1,2,7,4.0,0.0,8.5,0.0
fixed B=4,2,7,4.0,0.0,10.0,0.0
rel B0=0 eps=.5,2,7,4.0,0.0,11.5,0.0
rel B0=1 eps=1,2,7,4.0,0.0,19.5,0.0
qlen B0=0 gam=1,2,7,4.0,0.0,8.5,0.0
qlen B0=1 gam=.5 eps=.5,2,7,4.0,0.0,12.5,0.0
thresh B=1 th=1 N=2,2,7,4.0,0.0,9.5,0.0
thresh B=0 th=.5 N=3 eps=1,2,7,4.0,0.0,20.0,0.0
cap B0=1 eps=1 Bmax=3,2,7,4.0,0.0,9.5,0.0
cap B0=1 eps=.5 Bmax=1,2,7,4.0,0.0,8.5,0.0
cap+cnt B=1 e=1 th=1 N=2 Bm=4,2,7,4.0,0.0,11.0,0.0
skip N=2 (work channel off),2,7,4.0,0.0,12.0,0.0
skip N=5 (work channel off),2,7,4.0,0.0,18.0,0.0
fixed B=0,3,3,1.5,0.0,3.5,0.0
fixed B=1,3,3,1.5,0.0,3.8333333333333335,0.0
fixed B=4,3,3,1.5,0.0,4.833333333333333,0.0
rel B0=0 eps=.5,3,3,1.5,0.0,4.2,0.0
rel B0=1 eps=1,3,3,1.5,0.0,5.75,0.0
rel B0=0 eps=2,3,3,1.5,0.0,10.5,0.0
qlen B0=0 gam=1,3,3,1.5,0.0,3.8333333333333335,0.0
qlen B0=1 gam=.5 eps=.5,3,3,1.5,0.0,4.8,0.0
thresh B=1 th=1 N=2,3,3,1.5,0.0,4.5,0.0
thresh B=0 th=.5 N=3 eps=1,3,3,1.5,0.0,6.0,0.0
cap B0=1 eps=1 Bmax=3,3,3,1.5,0.0,4.5,0.0
cap B0=0 eps=2 Bmax=2,3,3,1.5,0.0,4.166666666666667,0.0
cap B0=1 eps=.5 Bmax=1,3,3,1.5,0.0,3.8333333333333335,0.0
cap+cnt B=1 e=1 th=1 N=2 Bm=4,3,3,1.5,0.0,5.5,0.0
skip N=2 (work channel off),3,3,1.5,0.0,6.166666666666667,0.0
skip N=5 (work channel off),3,3,1.5,0.0,10.166666666666666,0.0
fixed B=0,3,4,3.5,0.0,8.166666666666666,0.0
fixed B=1,3,4,3.5,0.0,8.5,0.0
fixed B=4,3,4,3.5,0.0,9.5,0.0
rel B0=0 eps=.5,3,4,3.5,0.0,9.8,0.0
rel B0=1 eps=1,3,4,3.5,0.0,12.75,0.0
rel B0=0 eps=2,3,4,3.5,0.0,24.5,0.0
qlen B0=0 gam=1,3,4,3.5,0.0,8.166666666666666,0.0
qlen B0=1 gam=.5 eps=.5,3,4,3.5,0.0,10.2,0.0
thresh B=1 th=1 N=2,3,4,3.5,0.0,9.166666666666666,0.0
thresh B=0 th=.5 N=3 eps=1,3,4,3.5,0.0,13.0,0.0
cap B0=1 eps=1 Bmax=3,3,4,3.5,0.0,9.166666666666666,0.0
cap B0=0 eps=2 Bmax=2,3,4,3.5,0.0,8.833333333333334,0.0
cap B0=1 eps=.5 Bmax=1,3,4,3.5,0.0,8.5,0.0
cap+cnt B=1 e=1 th=1 N=2 Bm=4,3,4,3.5,0.0,10.166666666666666,0.0
skip N=2 (work channel off),3,4,3.5,0.0,10.833333333333334,0.0
skip N=5 (work channel off),3,4,3.5,0.0,14.833333333333334,0.0
fixed B=0,1,6,3.0,0.0,3.0,0.0
fixed B=1,1,6,3.0,0.0,4.0,0.0
fixed B=4,1,6,3.0,0.0,7.0,0.0
rel B0=0 eps=.5,1,6,3.0,0.0,6.0,0.0
qlen B0=0 gam=1,1,6,3.0,0.0,3.0,0.0
qlen B0=1 gam=.5 eps=.5,1,6,3.0,0.0,8.0,0.0
thresh B=1 th=1 N=2,1,6,3.0,0.0,6.0,0.0
cap B0=1 eps=.5 Bmax=1,1,6,3.0,0.0,4.0,0.0
skip N=2 (work channel off),1,6,3.0,0.0,11.0,0.0
skip N=5 (work channel off),1,6,3.0,0.0,23.0,0.0
fixed B=0,2,2,1.0,0.0,2.0,0.0
fixed B=1,2,2,1.0,0.0,2.5,0.0
fixed B=4,2,2,1.0,0.0,4.0,0.0
rel B0=0 eps=.5,2,2,1.0,0.0,2.6666666666666665,0.0
rel B0=1 eps=1,2,2,1.0,0.0,5.0,0.0
qlen B0=0 gam=1,2,2,1.0,0.0,2.0,0.0
qlen B0=1 gam=.5 eps=.5,2,2,1.0,0.0,3.3333333333333335,0.0
thresh B=1 th=1 N=2,2,2,1.0,0.0,3.5,0.0
thresh B=0 th=.5 N=3 eps=1,2,2,1.0,0.0,5.5,0.0
cap B0=1 eps=1 Bmax=3,2,2,1.0,0.0,3.5,0.0
cap B0=1 eps=.5 Bmax=1,2,2,1.0,0.0,2.5,0.0
cap+cnt B=1 e=1 th=1 N=2 Bm=4,2,2,1.0,0.0,5.0,0.0
skip N=2 (work channel off),2,2,1.0,0.0,6.0,0.0
skip N=5 (work channel off),2,2,1.0,0.0,12.0,0.0
fixed B=0,3,5,4.0,0.0,9.333333333333334,0.0
fixed B=1,3,5,4.0,0.0,9.666666666666666,0.0
fixed B=4,3,5,4.0,0.0,10.666666666666666,0.0
rel B0=0 eps=.5,3,5,4.0,0.0,11.4,0.0
rel B0=1 eps=1,3,5,4.0,0.0,15.0,0.0
rel B0=0 eps=2,3,5,4.0,0.0,30.0,0.0
qlen B0=0 gam=1,3,5,4.0,0.0,9.666666666666666,0.0
qlen B0=1 gam=.5 eps=.5,3,5,4.0,0.0,11.8,0.0
thresh B=1 th=1 N=2,3,5,4.0,0.0,10.333333333333334,0.0
thresh B=0 th=.5 N=3 eps=1,3,5,4.0,0.0,15.25,0.0
cap B0=1 eps=1 Bmax=3,3,5,4.0,0.0,10.333333333333334,0.0
cap B0=0 eps=2 Bmax=2,3,5,4.0,0.0,10.0,0.0
cap B0=1 eps=.5 Bmax=1,3,5,4.0,0.0,9.666666666666666,0.0
cap+cnt B=1 e=1 th=1 N=2 Bm=4,3,5,4.0,0.0,11.333333333333334,0.0
skip N=2 (work channel off),3,5,4.0,0.0,12.0,0.0
skip N=5 (work channel off),3,5,4.0,0.0,16.0,0.0
fixed B=0,2,3,3.5,0.0,7.0,0.0
fixed B=1,2,3,3.5,0.0,7.5,0.0
fixed B=4,2,3,3.5,0.0,9.0,0.0
rel B0=0 eps=.5,2,3,3.5,0.0,9.333333333333334,0.0
rel B0=1 eps=1,2,3,3.5,0.0,15.0,0.0
qlen B0=0 gam=1,2,3,3.5,0.0,7.0,0.0
qlen B0=1 gam=.5 eps=.5,2,3,3.5,0.0,10.0,0.0
thresh B=1 th=1 N=2,2,3,3.5,0.0,8.5,0.0
thresh B=0 th=.5 N=3 eps=1,2,3,3.5,0.0,15.5,0.0
cap B0=1 eps=1 Bmax=3,2,3,3.5,0.0,8.5,0.0
cap B0=1 eps=.5 Bmax=1,2,3,3.5,0.0,7.5,0.0
cap+cnt B=1 e=1 th=1 N=2 Bm=4,2,3,3.5,0.0,10.0,0.0
skip N=2 (work channel off),2,3,3.5,0.0,11.0,0.0
skip N=5 (work channel off),2,3,3.5,0.0,17.0,0.0
fixed B=0,2,9,4.0,0.0,8.0,0.0
fixed B=1,2,9,4.0,0.0,8.5,0.0
fixed B=4,2,9,4.0,0.0,10.0,0.0
rel B0=0 eps=.5,2,9,4.0,0.0,11.0,0.0
rel B0=1 eps=1,2,9,4.0,0.0,18.0,0.0
qlen B0=0 gam=1,2,9,4.0,0.0,8.5,0.0
qlen B0=1 gam=.5 eps=.5,2,9,4.0,0.0,11.833333333333334,0.0
thresh B=1 th=1 N=2,2,9,4.0,0.0,9.5,0.0
thresh B=0 th=.5 N=3 eps=1,2,9,4.0,0.0,18.5,0.0
cap B0=1 eps=1 Bmax=3,2,9,4.0,0.0,9.5,0.0
cap B0=1 eps=.5 Bmax=1,2,9,4.0,0.0,8.5,0.0
cap+cnt B=1 e=1 th=1 N=2 Bm=4,2,9,4.0,0.0,11.0,0.0
skip N=2 (work channel off),2,9,4.0,0.0,12.0,0.0
skip N=5 (work channel off),2,9,4.0,0.0,18.0,0.0
fixed B=0,2,2,4.0,0.0,8.0,0.0
fixed B=1,2,2,4.0,0.0,8.5,0.0
fixed B=4,2,2,4.0,0.0,10.0,0.0
rel B0=0 eps=.5,2,2,4.0,0.0,10.666666666666666,0.0
rel B0=1 eps=1,2,2,4.0,0.0,17.0,0.0
qlen B0=0 gam=1,2,2,4.0,0.0,8.0,0.0
qlen B0=1 gam=.5 eps=.5,2,2,4.0,0.0,11.333333333333334,0.0
thresh B=1 th=1 N=2,2,2,4.0,0.0,9.5,0.0
thresh B=0 th=.5 N=3 eps=1,2,2,4.0,0.0,17.5,0.0
cap B0=1 eps=1 Bmax=3,2,2,4.0,0.0,9.5,0.0
cap B0=1 eps=.5 Bmax=1,2,2,4.0,0.0,8.5,0.0
cap+cnt B=1 e=1 th=1 N=2 Bm=4,2,2,4.0,0.0,11.0,0.0
skip N=2 (work channel off),2,2,4.0,0.0,12.0,0.0
skip N=5 (work channel off),2,2,4.0,0.0,18.0,0.0
fixed B=0,1,4,4.0,0.0,4.0,0.0
fixed B=1,1,4,4.0,2.5,5.0,0.5
fixed B=4,1,4,4.0,2.5,8.0,0.3125
rel B0=0 eps=.5,1,4,4.0,2.5,12.5,0.25
qlen B0=0 gam=1,1,4,4.0,1.5,5.0,0.3
qlen B0=1 gam=.5 eps=.5,1,4,4.0,2.5,15.5,0.20833333333333334
thresh B=1 th=1 N=2,1,4,4.0,2.5,7.0,0.35714285714285715
cap B0=1 eps=.5 Bmax=1,1,4,4.0,2.5,5.0,0.5
skip N=2 (work channel off),1,4,4.0,2.5,12.0,0.20833333333333334
skip N=5 (work channel off),1,4,4.0,2.5,24.0,0.10416666666666667
fixed B=0,3,3,4.0,0.0,9.333333333333334,0.0
fixed B=1,3,3,4.0,0.0,9.666666666666666,0.0
fixed B=4,3,3,4.0,0.0,10.666666666666666,0.0
rel B0=0 eps=.5,3,3,4.0,0.0,11.2,0.0
rel B0=1 eps=1,3,3,4.0,0.0,14.5,0.0
rel B0=0 eps=2,3,3,4.0,0.0,28.0,0.0
qlen B0=0 gam=1,3,3,4.0,0.0,9.333333333333334,0.0
qlen B0=1 gam=.5 eps=.5,3,3,4.0,0.0,11.6,0.0
thresh B=1 th=1 N=2,3,3,4.0,0.0,10.333333333333334,0.0
thresh B=0 th=.5 N=3 eps=1,3,3,4.0,0.0,14.75,0.0
cap B0=1 eps=1 Bmax=3,3,3,4.0,0.0,10.333333333333334,0.0
cap B0=0 eps=2 Bmax=2,3,3,4.0,0.0,10.0,0.0
cap B0=1 eps=.5 Bmax=1,3,3,4.0,0.0,9.666666666666666,0.0
cap+cnt B=1 e=1 th=1 N=2 Bm=4,3,3,4.0,0.0,11.333333333333334,0.0
skip N=2 (work channel off),3,3,4.0,0.0,12.0,0.0
skip N=5 (work channel off),3,3,4.0,0.0,16.0,0.0
fixed B=0,2,4,4.0,0.0,8.0,0.0
fixed B=1,2,4,4.0,0.0,8.5,0.0
fixed B=4,2,4,4.0,0.0,10.0,0.0
rel B0=0 eps=.5,2,4,4.0,0.0,10.666666666666666,0.0
rel B0=1 eps=1,2,4,4.0,0.0,17.0,0.0
qlen B0=0 gam=1,2,4,4.0,0.0,8.0,0.0
qlen B0=1 gam=.5 eps=.5,2,4,4.0,0.0,11.333333333333334,0.0
thresh B=1 th=1 N=2,2,4,4.0,0.0,9.5,0.0
thresh B=0 th=.5 N=3 eps=1,2,4,4.0,0.0,17.5,0.0
cap B0=1 eps=1 Bmax=3,2,4,4.0,0.0,9.5,0.0
cap B0=1 eps=.5 Bmax=1,2,4,4.0,0.0,8.5,0.0
cap+cnt B=1 e=1 th=1 N=2 Bm=4,2,4,4.0,0.0,11.0,0.0
skip N=2 (work channel off),2,4,4.0,0.0,12.0,0.0
skip N=5 (work channel off),2,4,4.0,0.0,18.0,0.0
fixed B=0,3,4,3.0,0.0,7.0,0.0
fixed B=1,3,4,3.0,0.0,7.333333333333333,0.0
fixed B=4,3,4,3.0,0.0,8.333333333333334,0.0
rel B0=0 eps=.5,3,4,3.0,0.0,8.4,0.0
rel B0=1 eps=1,3,4,3.0,0.0,11.0,0.0
rel B0=0 eps=2,3,4,3.0,0.0,21.0,0.0
qlen B0=0 gam=1,3,4,3.0,0.0,7.333333333333333,0.0
qlen B0=1 gam=.5 eps=.5,3,4,3.0,0.0,9.0,0.0
thresh B=1 th=1 N=2,3,4,3.0,0.0,8.0,0.0
thresh B=0 th=.5 N=3 eps=1,3,4,3.0,0.0,11.25,0.0
cap B0=1 eps=1 Bmax=3,3,4,3.0,0.0,8.0,0.0
cap B0=0 eps=2 Bmax=2,3,4,3.0,0.0,7.666666666666667,0.0
cap B0=1 eps=.5 Bmax=1,3,4,3.0,0.0,7.333333333333333,0.0
cap+cnt B=1 e=1 th=1 N=2 Bm=4,3,4,3.0,0.0,9.0,0.0
skip N=2 (work channel off),3,4,3.0,0.0,9.666666666666666,0.0
skip N=5 (work channel off),3,4,3.0,0.0,13.666666666666666,0.0
fixed B=0,3,2,4.0,0.0,9.333333333333334,0.0
fixed B=1,3,2,4.0,0.0,9.666666666666666,0.0
fixed B=4,3,2,4.0,0.0,10.666666666666666,0.0
rel B0=0 eps=.5,3,2,4.0,0.0,11.2,0.0
rel B0=1 eps=1,3,2,4.0,0.0,14.5,0.0
rel B0=0 eps=2,3,2,4.0,0.0,28.0,0.0
qlen B0=0 gam=1,3,2,4.0,0.0,9.666666666666666,0.0
qlen B0=1 gam=.5 eps=.5,3,2,4.0,0.0,11.8,0.0
thresh B=1 th=1 N=2,3,2,4.0,0.0,10.333333333333334,0.0
thresh B=0 th=.5 N=3 eps=1,3,2,4.0,0.0,14.75,0.0
cap B0=1 eps=1 Bmax=3,3,2,4.0,0.0,10.333333333333334,0.0
cap B0=0 eps=2 Bmax=2,3,2,4.0,0.0,10.0,0.0
cap B0=1 eps=.5 Bmax=1,3,2,4.0,0.0,9.666666666666666,0.0
cap+cnt B=1 e=1 th=1 N=2 Bm=4,3,2,4.0,0.0,11.333333333333334,0.0
skip N=2 (work channel off),3,2,4.0,0.0,12.0,0.0
skip N=5 (work channel off),3,2,4.0,0.0,16.0,0.0
fixed B=0,2,3,2.5,0.0,5.0,0.0
fixed B=1,2,3,2.5,2.5,5.5,0.45454545454545453
fixed B=4,2,3,2.5,2.5,7.0,0.35714285714285715
rel B0=0 eps=.5,2,3,2.5,0.0,6.833333333333333,0.0
rel B0=1 eps=1,2,3,2.5,2.5,11.5,0.22727272727272727
qlen B0=0 gam=1,2,3,2.5,0.0,6.0,0.0
qlen B0=1 gam=.5 eps=.5,2,3,2.5,2.5,8.166666666666666,0.34090909090909094
thresh B=1 th=1 N=2,2,3,2.5,2.5,6.5,0.38461538461538464
thresh B=0 th=.5 N=3 eps=1,2,3,2.5,0.0,12.0,0.0
cap B0=1 eps=1 Bmax=3,2,3,2.5,2.5,6.5,0.38461538461538464
cap B0=1 eps=.5 Bmax=1,2,3,2.5,2.5,5.5,0.45454545454545453
cap+cnt B=1 e=1 th=1 N=2 Bm=4,2,3,2.5,2.5,8.0,0.3125
skip N=2 (work channel off),2,3,2.5,2.5,9.0,0.2777777777777778
skip N=5 (work channel off),2,3,2.5,2.5,15.0,0.16666666666666666
fixed B=0,2,9,4.0,0.0,8.0,0.0
fixed B=1,2,9,4.0,1.0,8.5,0.11764705882352941
fixed B=4,2,9,4.0,1.0,10.0,0.1
rel B0=0 eps=.5,2,9,4.0,2.0,11.5,0.18181818181818182
rel B0=1 eps=1,2,9,4.0,1.0,19.5,0.058823529411764705
qlen B0=0 gam=1,2,9,4.0,0.0,9.0,0.0
qlen B0=1 gam=.5 eps=.5,2,9,4.0,1.0,12.666666666666666,0.08823529411764705
thresh B=1 th=1 N=2,2,9,4.0,1.0,9.5,0.10526315789473684
thresh B=0 th=.5 N=3 eps=1,2,9,4.0,2.0,20.0,0.10810810810810811
cap B0=1 eps=1 Bmax=3,2,9,4.0,1.0,9.5,0.10526315789473684
cap B0=1 eps=.5 Bmax=1,2,9,4.0,1.0,8.5,0.11764705882352941
cap+cnt B=1 e=1 th=1 N=2 Bm=4,2,9,4.0,1.0,11.0,0.09090909090909091
skip N=2 (work channel off),2,9,4.0,1.0,12.0,0.08333333333333333
skip N=5 (work channel off),2,9,4.0,1.0,18.0,0.05555555555555555
fixed B=0,3,6,3.5,0.0,8.166666666666666,0.0
fixed B=1,3,6,3.5,0.0,8.5,0.0
fixed B=4,3,6,3.5,0.0,9.5,0.0
rel B0=0 eps=.5,3,6,3.5,0.0,9.8,0.0
rel B0=1 eps=1,3,6,3.5,0.0,12.75,0.0
rel B0=0 eps=2,3,6,3.5,0.0,24.5,0.0
qlen B0=0 gam=1,3,6,3.5,0.0,8.5,0.0
qlen B0=1 gam=.5 eps=.5,3,6,3.5,0.0,10.4,0.0
thresh B=1 th=1 N=2,3,6,3.5,0.0,9.166666666666666,0.0
thresh B=0 th=.5 N=3 eps=1,3,6,3.5,0.0,13.0,0.0
cap B0=1 eps=1 Bmax=3,3,6,3.5,0.0,9.166666666666666,0.0
cap B0=0 eps=2 Bmax=2,3,6,3.5,0.0,8.833333333333334,0.0
cap B0=1 eps=.5 Bmax=1,3,6,3.5,0.0,8.5,0.0
cap+cnt B=1 e=1 th=1 N=2 Bm=4,3,6,3.5,0.0,10.166666666666666,0.0
skip N=2 (work channel off),3,6,3.5,0.0,10.833333333333334,0.0
skip N=5 (work channel off),3,6,3.5,0.0,14.833333333333334,0.0
fixed B=0,2,2,3.0,0.0,6.0,0.0
fixed B=1,2,2,3.0,0.0,6.5,0.0
fixed B=4,2,2,3.0,0.0,8.0,0.0
rel B0=0 eps=.5,2,2,3.0,0.0,8.0,0.0
rel B0=1 eps=1,2,2,3.0,0.0,13.0,0.0
qlen B0=0 gam=1,2,2,3.0,0.0,6.0,0.0
qlen B0=1 gam=.5 eps=.5,2,2,3.0,0.0,8.666666666666666,0.0
thresh B=1 th=1 N=2,2,2,3.0,0.0,7.5,0.0
thresh B=0 th=.5 N=3 eps=1,2,2,3.0,0.0,13.5,0.0
cap B0=1 eps=1 Bmax=3,2,2,3.0,0.0,7.5,0.0
cap B0=1 eps=.5 Bmax=1,2,2,3.0,0.0,6.5,0.0
cap+cnt B=1 e=1 th=1 N=2 Bm=4,2,2,3.0,0.0,9.0,0.0
skip N=2 (work channel off),2,2,3.0,0.0,10.0,0.0
skip N=5 (work channel off),2,2,3.0,0.0,16.0,0.0
fixed B=0,2,5,3.5,0.0,7.0,0.0
fixed B=1,2,5,3.5,0.0,7.5,0.0
fixed B=4,2,5,3.5,0.0,9.0,0.0
rel B0=0 eps=.5,2,5,3.5,0.0,9.333333333333334,0.0
rel B0=1 eps=1,2,5,3.5,0.0,15.0,0.0
qlen B0=0 gam=1,2,5,3.5,0.0,7.5,0.0
qlen B0=1 gam=.5 eps=.5,2,5,3.5,0.0,10.333333333333334,0.0
thresh B=1 th=1 N=2,2,5,3.5,0.0,8.5,0.0
thresh B=0 th=.5 N=3 eps=1,2,5,3.5,0.0,15.5,0.0
cap B0=1 eps=1 Bmax=3,2,5,3.5,0.0,8.5,0.0
cap B0=1 eps=.5 Bmax=1,2,5,3.5,0.0,7.5,0.0
cap+cnt B=1 e=1 th=1 N=2 Bm=4,2,5,3.5,0.0,10.0,0.0
skip N=2 (work channel off),2,5,3.5,0.0,11.0,0.0
skip N=5 (work channel off),2,5,3.5,0.0,17.0,0.0
fixed B=0,1,4,2.0,0.0,2.0,0.0
fixed B=1,1,4,2.0,0.0,3.0,0.0
fixed B=4,1,4,2.0,0.0,6.0,0.0
rel B0=0 eps=.5,1,4,2.0,0.0,5.5,0.0
qlen B0=0 gam=1,1,4,2.0,0.0,3.0,0.0
qlen B0=1 gam=.5 eps=.5,1,4,2.0,0.0,8.5,0.0
thresh B=1 th=1 N=2,1,4,2.0,0.0,5.0,0.0
cap B0=1 eps=.5 Bmax=1,1,4,2.0,0.0,3.0,0.0
skip N=2 (work channel off),1,4,2.0,0.0,10.0,0.0
skip N=5 (work channel off),1,4,2.0,0.0,22.0,0.0
fixed B=0,1,4,4.0,0.0,4.0,0.0
fixed B=1,1,4,4.0,2.0,5.0,0.4
fixed B=4,1,4,4.0,4.0,8.0,0.5
rel B0=0 eps=.5,1,4,4.0,4.0,12.5,0.34782608695652173
qlen B0=0 gam=1,1,4,4.0,0.0,6.0,0.0
qlen B0=1 gam=.5 eps=.5,1,4,4.0,4.0,16.5,0.2962962962962963
thresh B=1 th=1 N=2,1,4,4.0,2.0,7.0,0.2857142857142857
cap B0=1 eps=.5 Bmax=1,1,4,4.0,2.0,5.0,0.4
skip N=2 (work channel off),1,4,4.0,4.0,12.0,0.3333333333333333
skip N=5 (work channel off),1,4,4.0,4.0,24.0,0.16666666666666666
fixed B=0,1,5,2.5,0.0,2.5,0.0
fixed B=1,1,5,2.5,1.5,3.5,0.42857142857142855
fixed B=4,1,5,2.5,1.5,6.5,0.23076923076923078
rel B0=0 eps=.5,1,5,2.5,1.5,6.5,0.23076923076923078
qlen B0=0 gam=1,1,5,2.5,0.0,3.5,0.0
qlen B0=1 gam=.5 eps=.5,1,5,2.5,1.5,9.0,0.17647058823529413
thresh B=1 th=1 N=2,1,5,2.5,1.5,5.5,0.2727272727272727
cap B0=1 eps=.5 Bmax=1,1,5,2.5,1.5,3.5,0.42857142857142855
skip N=2 (work channel off),1,5,2.5,1.5,10.5,0.14285714285714285
skip N=5 (work channel off),1,5,2.5,1.5,22.5,0.06666666666666667
fixed B=0,2,8,3.5,0.0,7.0,0.0
fixed B=1,2,8,3.5,0.0,7.5,0.0
fixed B=4,2,8,3.5,0.0,9.0,0.0
rel B0=0 eps=.5,2,8,3.5,0.0,10.0,0.0
rel B0=1 eps=1,2,8,3.5,0.0,17.0,0.0
qlen B0=0 gam=1,2,8,3.5,0.0,7.5,0.0
qlen B0=1 gam=.5 eps=.5,2,8,3.5,0.0,10.833333333333334,0.0
thresh B=1 th=1 N=2,2,8,3.5,0.0,8.5,0.0
thresh B=0 th=.5 N=3 eps=1,2,8,3.5,0.0,17.5,0.0
cap B0=1 eps=1 Bmax=3,2,8,3.5,0.0,8.5,0.0
cap B0=1 eps=.5 Bmax=1,2,8,3.5,0.0,7.5,0.0
cap+cnt B=1 e=1 th=1 N=2 Bm=4,2,8,3.5,0.0,10.0,0.0
skip N=2 (work channel off),2,8,3.5,0.0,11.0,0.0
skip N=5 (work channel off),2,8,3.5,0.0,17.0,0.0
fixed B=0,3,8,3.5,0.0,8.166666666666666,0.0
fixed B=1,3,8,3.5,0.0,8.5,0.0
fixed B=4,3,8,3.5,0.0,9.5,0.0
rel B0=0 eps=.5,3,8,3.5,0.0,9.8,0.0
rel B0=1 eps=1,3,8,3.5,0.0,12.75,0.0
rel B0=0 eps=2,3,8,3.5,0.0,24.5,0.0
qlen B0=0 gam=1,3,8,3.5,0.0,8.5,0.0
qlen B0=1 gam=.5 eps=.5,3,8,3.5,0.0,10.4,0.0
thresh B=1 th=1 N=2,3,8,3.5,0.0,9.166666666666666,0.0
thresh B=0 th=.5 N=3 eps=1,3,8,3.5,0.0,13.0,0.0
cap B0=1 eps=1 Bmax=3,3,8,3.5,0.0,9.166666666666666,0.0
cap B0=0 eps=2 Bmax=2,3,8,3.5,0.0,8.833333333333334,0.0
cap B0=1 eps=.5 Bmax=1,3,8,3.5,0.0,8.5,0.0
cap+cnt B=1 e=1 th=1 N=2 Bm=4,3,8,3.5,0.0,10.166666666666666,0.0
skip N=2 (work channel off),3,8,3.5,0.0,10.833333333333334,0.0
skip N=5 (work channel off),3,8,3.5,0.0,14.833333333333334,0.0
fixed B=0,2,4,2.5,0.0,5.0,0.0
fixed B=1,2,4,2.5,0.0,5.5,0.0
fixed B=4,2,4,2.5,0.0,7.0,0.0
rel B0=0 eps=.5,2,4,2.5,0.0,6.666666666666667,0.0
rel B0=1 eps=1,2,4,2.5,0.0,11.0,0.0
qlen B0=0 gam=1,2,4,2.5,0.0,5.0,0.0
qlen B0=1 gam=.5 eps=.5,2,4,2.5,0.0,7.333333333333333,0.0
thresh B=1 th=1 N=2,2,4,2.5,0.0,6.5,0.0
thresh B=0 th=.5 N=3 eps=1,2,4,2.5,0.0,11.5,0.0
cap B0=1 eps=1 Bmax=3,2,4,2.5,0.0,6.5,0.0
cap B0=1 eps=.5 Bmax=1,2,4,2.5,0.0,5.5,0.0
cap+cnt B=1 e=1 th=1 N=2 Bm=4,2,4,2.5,0.0,8.0,0.0
skip N=2 (work channel off),2,4,2.5,0.0,9.0,0.0
skip N=5 (work channel off),2,4,2.5,0.0,15.0,0.0
fixed B=0,2,5,4.0,0.0,8.0,0.0
fixed B=1,2,5,4.0,0.0,8.5,0.0
fixed B=4,2,5,4.0,0.0,10.0,0.0
rel B0=0 eps=.5,2,5,4.0,0.0,11.0,0.0
rel B0=1 eps=1,2,5,4.0,0.0,18.0,0.0
qlen B0=0 gam=1,2,5,4.0,0.0,8.0,0.0
qlen B0=1 gam=.5 eps=.5,2,5,4.0,0.0,11.666666666666666,0.0
thresh B=1 th=1 N=2,2,5,4.0,0.0,9.5,0.0
thresh B=0 th=.5 N=3 eps=1,2,5,4.0,0.0,18.5,0.0
cap B0=1 eps=1 Bmax=3,2,5,4.0,0.0,9.5,0.0
cap B0=1 eps=.5 Bmax=1,2,5,4.0,0.0,8.5,0.0
cap+cnt B=1 e=1 th=1 N=2 Bm=4,2,5,4.0,0.0,11.0,0.0
skip N=2 (work channel off),2,5,4.0,0.0,12.0,0.0
skip N=5 (work channel off),2,5,4.0,0.0,18.0,0.0
fixed B=0,3,8,4.0,0.0,9.333333333333334,0.0
fixed B=1,3,8,4.0,0.0,9.666666666666666,0.0
fixed B=4,3,8,4.0,0.0,10.666666666666666,0.0
rel B0=0 eps=.5,3,8,4.0,0.0,11.2,0.0
rel B0=1 eps=1,3,8,4.0,0.0,14.5,0.0
rel B0=0 eps=2,3,8,4.0,0.0,28.0,0.0
qlen B0=0 gam=1,3,8,4.0,0.0,9.333333333333334,0.0
qlen B0=1 gam=.5 eps=.5,3,8,4.0,0.0,11.6,0.0
thresh B=1 th=1 N=2,3,8,4.0,0.0,10.333333333333334,0.0
thresh B=0 th=.5 N=3 eps=1,3,8,4.0,0.0,14.75,0.0
cap B0=1 eps=1 Bmax=3,3,8,4.0,0.0,10.333333333333334,0.0
cap B0=0 eps=2 Bmax=2,3,8,4.0,0.0,10.0,0.0
cap B0=1 eps=.5 Bmax=1,3,8,4.0,0.0,9.666666666666666,0.0
cap+cnt B=1 e=1 th=1 N=2 Bm=4,3,8,4.0,0.0,11.333333333333334,0.0
skip N=2 (work channel off),3,8,4.0,0.0,12.0,0.0
skip N=5 (work channel off),3,8,4.0,0.0,16.0,0.0
fixed B=0,3,3,3.5,0.0,8.166666666666666,0.0
fixed B=1,3,3,3.5,0.0,8.5,0.0
fixed B=4,3,3,3.5,0.0,9.5,0.0
rel B0=0 eps=.5,3,3,3.5,0.0,9.8,0.0
rel B0=1 eps=1,3,3,3.5,0.0,12.75,0.0
rel B0=0 eps=2,3,3,3.5,0.0,24.5,0.0
qlen B0=0 gam=1,3,3,3.5,0.0,8.5,0.0
qlen B0=1 gam=.5 eps=.5,3,3,3.5,0.0,10.4,0.0
thresh B=1 th=1 N=2,3,3,3.5,0.0,9.166666666666666,0.0
thresh B=0 th=.5 N=3 eps=1,3,3,3.5,0.0,13.0,0.0
cap B0=1 eps=1 Bmax=3,3,3,3.5,0.0,9.166666666666666,0.0
cap B0=0 eps=2 Bmax=2,3,3,3.5,0.0,8.833333333333334,0.0
cap B0=1 eps=.5 Bmax=1,3,3,3.5,0.0,8.5,0.0
cap+cnt B=1 e=1 th=1 N=2 Bm=4,3,3,3.5,0.0,10.166666666666666,0.0
skip N=2 (work channel off),3,3,3.5,0.0,10.833333333333334,0.0
skip N=5 (work channel off),3,3,3.5,0.0,14.833333333333334,0.0
fixed B=0,1,9,3.5,0.0,3.5,0.0
fixed B=1,1,9,3.5,0.0,4.5,0.0
fixed B=4,1,9,3.5,0.0,7.5,0.0
rel B0=0 eps=.5,1,9,3.5,0.0,13.0,0.0
qlen B0=0 gam=1,1,9,3.5,0.0,5.5,0.0
qlen B0=1 gam=.5 eps=.5,1,9,3.5,0.0,17.0,0.0
thresh B=1 th=1 N=2,1,9,3.5,0.0,6.5,0.0
cap B0=1 eps=.5 Bmax=1,1,9,3.5,0.0,4.5,0.0
skip N=2 (work channel off),1,9,3.5,0.0,11.5,0.0
skip N=5 (work channel off),1,9,3.5,0.0,23.5,0.0
fixed B=0,1,7,3.0,0.0,3.0,0.0
fixed B=1,1,7,3.0,0.0,4.0,0.0
fixed B=4,1,7,3.0,0.0,7.0,0.0
rel B0=0 eps=.5,1,7,3.0,0.0,8.5,0.0
qlen B0=0 gam=1,1,7,3.0,0.0,5.0,0.0
qlen B0=1 gam=.5 eps=.5,1,7,3.0,0.0,10.5,0.0
thresh B=1 th=1 N=2,1,7,3.0,0.0,6.0,0.0
cap B0=1 eps=.5 Bmax=1,1,7,3.0,0.0,4.0,0.0
skip N=2 (work channel off),1,7,3.0,0.0,11.0,0.0
skip N=5 (work channel off),1,7,3.0,0.0,23.0,0.0
fixed B=0,3,5,4.0,0.0,9.333333333333334,0.0
fixed B=1,3,5,4.0,0.0,9.666666666666666,0.0
fixed B=4,3,5,4.0,0.0,10.666666666666666,0.0
rel B0=0 eps=.5,3,5,4.0,0.0,11.2,0.0
rel B0=1 eps=1,3,5,4.0,0.0,14.5,0.0
rel B0=0 eps=2,3,5,4.0,0.0,28.0,0.0
qlen B0=0 gam=1,3,5,4.0,0.0,9.333333333333334,0.0
qlen B0=1 gam=.5 eps=.5,3,5,4.0,0.0,11.6,0.0
thresh B=1 th=1 N=2,3,5,4.0,0.0,10.333333333333334,0.0
thresh B=0 th=.5 N=3 eps=1,3,5,4.0,0.0,14.75,0.0
cap B0=1 eps=1 Bmax=3,3,5,4.0,0.0,10.333333333333334,0.0
cap B0=0 eps=2 Bmax=2,3,5,4.0,0.0,10.0,0.0
cap B0=1 eps=.5 Bmax=1,3,5,4.0,0.0,9.666666666666666,0.0
cap+cnt B=1 e=1 th=1 N=2 Bm=4,3,5,4.0,0.0,11.333333333333334,0.0
skip N=2 (work channel off),3,5,4.0,0.0,12.0,0.0
skip N=5 (work channel off),3,5,4.0,0.0,16.0,0.0
fixed B=0,2,9,4.0,0.0,8.0,0.0
fixed B=1,2,9,4.0,0.5,8.5,0.058823529411764705
fixed B=4,2,9,4.0,0.5,10.0,0.05
rel B0=0 eps=.5,2,9,4.0,0.5,10.833333333333334,0.04615384615384615
rel B0=1 eps=1,2,9,4.0,0.5,17.5,0.02857142857142857
qlen B0=0 gam=1,2,9,4.0,0.5,9.0,0.05555555555555555
qlen B0=1 gam=.5 eps=.5,2,9,4.0,0.5,12.166666666666666,0.04109589041095891
thresh B=1 th=1 N=2,2,9,4.0,0.5,9.5,0.05263157894736842
thresh B=0 th=.5 N=3 eps=1,2,9,4.0,0.5,18.0,0.027777777777777776
cap B0=1 eps=1 Bmax=3,2,9,4.0,0.5,9.5,0.05263157894736842
cap B0=1 eps=.5 Bmax=1,2,9,4.0,0.5,8.5,0.058823529411764705
cap+cnt B=1 e=1 th=1 N=2 Bm=4,2,9,4.0,0.5,11.0,0.045454545454545456
skip N=2 (work channel off),2,9,4.0,0.5,12.0,0.041666666666666664
skip N=5 (work channel off),2,9,4.0,0.5,18.0,0.027777777777777776
fixed B=0,1,4,3.0,0.0,3.0,0.0
fixed B=1,1,4,3.0,3.0,4.0,0.75
fixed B=4,1,4,3.0,3.0,7.0,0.42857142857142855
rel B0=0 eps=.5,1,4,3.0,2.5,9.0,0.35714285714285715
qlen B0=0 gam=1,1,4,3.0,0.0,4.0,0.0
qlen B0=1 gam=.5 eps=.5,1,4,3.0,3.0,12.0,0.375
thresh B=1 th=1 N=2,1,4,3.0,3.0,6.0,0.5
cap B0=1 eps=.5 Bmax=1,1,4,3.0,3.0,4.0,0.75
skip N=2 (work channel off),1,4,3.0,3.0,11.0,0.2727272727272727
skip N=5 (work channel off),1,4,3.0,3.0,23.0,0.13043478260869565
fixed B=0,1,3,4.0,0.0,4.0,0.0
fixed B=1,1,3,4.0,0.0,5.0,0.0
fixed B=4,1,3,4.0,0.0,8.0,0.0
rel B0=0 eps=.5,1,3,4.0,0.0,10.5,0.0
qlen B0=0 gam=1,1,3,4.0,0.0,4.0,0.0
qlen B0=1 gam=.5 eps=.5,1,3,4.0,0.0,12.5,0.0
thresh B=1 th=1 N=2,1,3,4.0,0.0,7.0,0.0
cap B0=1 eps=.5 Bmax=1,1,3,4.0,0.0,5.0,0.0
skip N=2 (work channel off),1,3,4.0,0.0,12.0,0.0
skip N=5 (work channel off),1,3,4.0,0.0,24.0,0.0
fixed B=0,3,9,4.0,0.0,9.333333333333334,0.0
fixed B=1,3,9,4.0,0.0,9.666666666666666,0.0
fixed B=4,3,9,4.0,0.0,10.666666666666666,0.0
rel B0=0 eps=.5,3,9,4.0,0.0,11.4,0.0
rel B0=1 eps=1,3,9,4.0,0.0,15.0,0.0
rel B0=0 eps=2,3,9,4.0,0.0,30.0,0.0
qlen B0=0 gam=1,3,9,4.0,0.0,10.0,0.0
qlen B0=1 gam=.5 eps=.5,3,9,4.0,0.0,12.2,0.0
thresh B=1 th=1 N=2,3,9,4.0,0.0,10.333333333333334,0.0
thresh B=0 th=.5 N=3 eps=1,3,9,4.0,0.0,15.25,0.0
cap B0=1 eps=1 Bmax=3,3,9,4.0,0.0,10.333333333333334,0.0
cap B0=0 eps=2 Bmax=2,3,9,4.0,0.0,10.0,0.0
cap B0=1 eps=.5 Bmax=1,3,9,4.0,0.0,9.666666666666666,0.0
cap+cnt B=1 e=1 th=1 N=2 Bm=4,3,9,4.0,0.0,11.333333333333334,0.0
skip N=2 (work channel off),3,9,4.0,0.0,12.0,0.0
skip N=5 (work channel off),3,9,4.0,0.0,16.0,0.0
fixed B=0,1,7,3.5,0.0,3.5,0.0
fixed B=1,1,7,3.5,0.0,4.5,0.0
fixed B=4,1,7,3.5,0.0,7.5,0.0
rel B0=0 eps=.5,1,7,3.5,0.0,8.5,0.0
qlen B0=0 gam=1,1,7,3.5,0.0,4.5,0.0
qlen B0=1 gam=.5 eps=.5,1,7,3.5,0.0,11.0,0.0
thresh B=1 th=1 N=2,1,7,3.5,0.0,6.5,0.0
cap B0=1 eps=.5 Bmax=1,1,7,3.5,0.0,4.5,0.0
skip N=2 (work channel off),1,7,3.5,0.0,11.5,0.0
skip N=5 (work channel off),1,7,3.5,0.0,23.5,0.0
fixed B=0,1,3,3.5,0.0,3.5,0.0
fixed B=1,1,3,3.5,0.0,4.5,0.0
fixed B=4,1,3,3.5,0.0,7.5,0.0
rel B0=0 eps=.5,1,3,3.5,0.0,10.0,0.0
qlen B0=0 gam=1,1,3,3.5,0.0,3.5,0.0
qlen B0=1 gam=.5 eps=.5,1,3,3.5,0.0,12.0,0.0
thresh B=1 th=1 N=2,1,3,3.5,0.0,6.5,0.0
cap B0=1 eps=.5 Bmax=1,1,3,3.5,0.0,4.5,0.0
skip N=2 (work channel off),1,3,3.5,0.0,11.5,0.0
skip N=5 (work channel off),1,3,3.5,0.0,23.5,0.0
fixed B=0,3,2,2.0,0.0,4.666666666666667,0.0
fixed B=1,3,2,2.0,0.0,5.0,0.0
fixed B=4,3,2,2.0,0.0,6.0,0.0
rel B0=0 eps=.5,3,2,2.0,0.0,5.6,0.0
rel B0=1 eps=1,3,2,2.0,0.0,7.5,0.0
rel B0=0 eps=2,3,2,2.0,0.0,14.0,0.0
qlen B0=0 gam=1,3,2,2.0,0.0,4.666666666666667,0.0
qlen B0=1 gam=.5 eps=.5,3,2,2.0,0.0,6.0,0.0
thresh B=1 th=1 N=2,3,2,2.0,0.0,5.666666666666667,0.0
thresh B=0 th=.5 N=3 eps=1,3,2,2.0,0.0,7.75,0.0
cap B0=1 eps=1 Bmax=3,3,2,2.0,0.0,5.666666666666667,0.0
cap B0=0 eps=2 Bmax=2,3,2,2.0,0.0,5.333333333333333,0.0
cap B0=1 eps=.5 Bmax=1,3,2,2.0,0.0,5.0,0.0
cap+cnt B=1 e=1 th=1 N=2 Bm=4,3,2,2.0,0.0,6.666666666666667,0.0
skip N=2 (work channel off),3,2,2.0,0.0,7.333333333333333,0.0
skip N=5 (work channel off),3,2,2.0,0.0,11.333333333333334,0.0
fixed B=0,3,6,3.5,0.0,8.166666666666666,0.0
fixed B=1,3,6,3.5,0.0,8.5,0.0
fixed B=4,3,6,3.5,0.0,9.5,0.0
rel B0=0 eps=.5,3,6,3.5,0.0,9.8,0.0
rel B0=1 eps=1,3,6,3.5,0.0,12.75,0.0
rel B0=0 eps=2,3,6,3.5,0.0,24.5,0.0
qlen B0=0 gam=1,3,6,3.5,0.0,8.166666666666666,0.0
qlen B0=1 gam=.5 eps=.5,3,6,3.5,0.0,10.2,0.0
thresh B=1 th=1 N=2,3,6,3.5,0.0,9.166666666666666,0.0
thresh B=0 th=.5 N=3 eps=1,3,6,3.5,0.0,13.0,0.0
cap B0=1 eps=1 Bmax=3,3,6,3.5,0.0,9.166666666666666,0.0
cap B0=0 eps=2 Bmax=2,3,6,3.5,0.0,8.833333333333334,0.0
cap B0=1 eps=.5 Bmax=1,3,6,3.5,0.0,8.5,0.0
cap+cnt B=1 e=1 th=1 N=2 Bm=4,3,6,3.5,0.0,10.166666666666666,0.0
skip N=2 (work channel off),3,6,3.5,0.0,10.833333333333334,0.0
skip N=5 (work channel off),3,6,3.5,0.0,14.833333333333334,0.0
fixed B=0,3,5,4.0,0.0,9.333333333333334,0.0
fixed B=1,3,5,4.0,0.5,9.666666666666666,0.05172413793103449
fixed B=4,3,5,4.0,0.5,10.666666666666666,0.046875
rel B0=0 eps=.5,3,5,4.0,0.0,11.6,0.0
rel B0=1 eps=1,3,5,4.0,0.5,15.5,0.034482758620689655
rel B0=0 eps=2,3,5,4.0,0.0,32.0,0.0
qlen B0=0 gam=1,3,5,4.0,0.0,9.666666666666666,0.0
qlen B0=1 gam=.5 eps=.5,3,5,4.0,0.5,12.2,0.04310344827586207
thresh B=1 th=1 N=2,3,5,4.0,0.5,10.333333333333334,0.04838709677419355
thresh B=0 th=.5 N=3 eps=1,3,5,4.0,0.0,15.75,0.0
cap B0=1 eps=1 Bmax=3,3,5,4.0,0.5,10.333333333333334,0.04838709677419355
cap B0=0 eps=2 Bmax=2,3,5,4.0,0.0,10.0,0.0
cap B0=1 eps=.5 Bmax=1,3,5,4.0,0.5,9.666666666666666,0.05172413793103449
cap+cnt B=1 e=1 th=1 N=2 Bm=4,3,5,4.0,0.5,11.333333333333334,0.044117647058823525
skip N=2 (work channel off),3,5,4.0,0.5,12.0,0.041666666666666664
skip N=5 (work channel off),3,5,4.0,0.5,16.0,0.03125
fixed B=0,3,2,3.5,0.0,8.166666666666666,0.0
fixed B=1,3,2,3.5,0.0,8.5,0.0
fixed B=4,3,2,3.5,0.0,9.5,0.0
rel B0=0 eps=.5,3,2,3.5,0.0,9.8,0.0
rel B0=1 eps=1,3,2,3.5,0.0,12.75,0.0
rel B0=0 eps=2,3,2,3.5,0.0,24.5,0.0
qlen B0=0 gam=1,3,2,3.5,0.0,8.166666666666666,0.0
qlen B0=1 gam=.5 eps=.5,3,2,3.5,0.0,10.2,0.0
thresh B=1 th=1 N=2,3,2,3.5,0.0,9.166666666666666,0.0
thresh B=0 th=.5 N=3 eps=1,3,2,3.5,0.0,13.0,0.0
cap B0=1 eps=1 Bmax=3,3,2,3.5,0.0,9.166666666666666,0.0
cap B0=0 eps=2 Bmax=2,3,2,3.5,0.0,8.833333333333334,0.0
cap B0=1 eps=.5 Bmax=1,3,2,3.5,0.0,8.5,0.0
cap+cnt B=1 e=1 th=1 N=2 Bm=4,3,2,3.5,0.0,10.166666666666666,0.0
skip N=2 (work channel off),3,2,3.5,0.0,10.833333333333334,0.0
skip N=5 (work channel off),3,2,3.5,0.0,14.833333333333334,0.0
fixed B=0,3,5,4.0,0.0,9.333333333333334,0.0
fixed B=1,3,5,4.0,0.0,9.666666666666666,0.0
fixed B=4,3,5,4.0,0.0,10.666666666666666,0.0
rel B0=0 eps=.5,3,5,4.0,0.0,11.2,0.0
rel B0=1 eps=1,3,5,4.0,0.0,14.5,0.0
rel B0=0 eps=2,3,5,4.0,0.0,28.0,0.0
qlen B0=0 gam=1,3,5,4.0,0.0,9.333333333333334,0.0
qlen B0=1 gam=.5 eps=.5,3,5,4.0,0.0,11.6,0.0
thresh B=1 th=1 N=2,3,5,4.0,0.0,10.333333333333334,0.0
thresh B=0 th=.5 N=3 eps=1,3,5,4.0,0.0,14.75,0.0
cap B0=1 eps=1 Bmax=3,3,5,4.0,0.0,10.333333333333334,0.0
cap B0=0 eps=2 Bmax=2,3,5,4.0,0.0,10.0,0.0
cap B0=1 eps=.5 Bmax=1,3,5,4.0,0.0,9.666666666666666,0.0
cap+cnt B=1 e=1 th=1 N=2 Bm=4,3,5,4.0,0.0,11.333333333333334,0.0
skip N=2 (work channel off),3,5,4.0,0.0,12.0,0.0
skip N=5 (work channel off),3,5,4.0,0.0,16.0,0.0
fixed B=0,3,9,4.0,0.0,9.333333333333334,0.0
fixed B=1,3,9,4.0,0.0,9.666666666666666,0.0
fixed B=4,3,9,4.0,0.0,10.666666666666666,0.0
rel B0=0 eps=.5,3,9,4.0,0.0,11.2,0.0
rel B0=1 eps=1,3,9,4.0,0.0,14.5,0.0
rel B0=0 eps=2,3,9,4.0,0.0,28.0,0.0
qlen B0=0 gam=1,3,9,4.0,0.0,9.666666666666666,0.0
qlen B0=1 gam=.5 eps=.5,3,9,4.0,0.0,11.8,0.0
thresh B=1 th=1 N=2,3,9,4.0,0.0,10.333333333333334,0.0
thresh B=0 th=.5 N=3 eps=1,3,9,4.0,0.0,14.75,0.0
cap B0=1 eps=1 Bmax=3,3,9,4.0,0.0,10.333333333333334,0.0
cap B0=0 eps=2 Bmax=2,3,9,4.0,0.0,10.0,0.0
cap B0=1 eps=.5 Bmax=1,3,9,4.0,0.0,9.666666666666666,0.0
cap+cnt B=1 e=1 th=1 N=2 Bm=4,3,9,4.0,0.0,11.333333333333334,0.0
skip N=2 (work channel off),3,9,4.0,0.0,12.0,0.0
skip N=5 (work channel off),3,9,4.0,0.0,16.0,0.0
fixed B=0,3,5,4.0,0.0,9.333333333333334,0.0
fixed B=1,3,5,4.0,0.0,9.666666666666666,0.0
fixed B=4,3,5,4.0,0.0,10.666666666666666,0.0
rel B0=0 eps=.5,3,5,4.0,0.0,11.2,0.0
rel B0=1 eps=1,3,5,4.0,0.0,14.5,0.0
rel B0=0 eps=2,3,5,4.0,0.0,28.0,0.0
qlen B0=0 gam=1,3,5,4.0,0.0,9.333333333333334,0.0
qlen B0=1 gam=.5 eps=.5,3,5,4.0,0.0,11.6,0.0
thresh B=1 th=1 N=2,3,5,4.0,0.0,10.333333333333334,0.0
thresh B=0 th=.5 N=3 eps=1,3,5,4.0,0.0,14.75,0.0
cap B0=1 eps=1 Bmax=3,3,5,4.0,0.0,10.333333333333334,0.0
cap B0=0 eps=2 Bmax=2,3,5,4.0,0.0,10.0,0.0
cap B0=1 eps=.5 Bmax=1,3,5,4.0,0.0,9.666666666666666,0.0
cap+cnt B=1 e=1 th=1 N=2 Bm=4,3,5,4.0,0.0,11.333333333333334,0.0
skip N=2 (work channel off),3,5,4.0,0.0,12.0,0.0
skip N=5 (work channel off),3,5,4.0,0.0,16.0,0.0
fixed B=0,1,9,4.0,0.0,4.0,0.0
fixed B=1,1,9,4.0,1.0,5.0,0.2
fixed B=4,1,9,4.0,5.0,8.0,0.625
rel B0=0 eps=.5,1,9,4.0,5.0,18.0,0.43478260869565216
qlen B0=0 gam=1,1,9,4.0,1.0,8.0,0.2
qlen B0=1 gam=.5 eps=.5,1,9,4.0,8.5,24.0,0.5862068965517241
thresh B=1 th=1 N=2,1,9,4.0,5.0,7.0,0.7142857142857143
cap B0=1 eps=.5 Bmax=1,1,9,4.0,1.0,5.0,0.2
skip N=2 (work channel off),1,9,4.0,5.0,12.0,0.4166666666666667
skip N=5 (work channel off),1,9,4.0,8.5,24.0,0.3541666666666667
fixed B=0,3,3,3.5,0.0,8.166666666666666,0.0
fixed B=1,3,3,3.5,0.0,8.5,0.0
fixed B=4,3,3,3.5,0.0,9.5,0.0
rel B0=0 eps=.5,3,3,3.5,0.0,9.8,0.0
rel B0=1 eps=1,3,3,3.5,0.0,12.75,0.0
rel B0=0 eps=2,3,3,3.5,0.0,24.5,0.0
qlen B0=0 gam=1,3,3,3.5,0.0,8.166666666666666,0.0
qlen B0=1 gam=.5 eps=.5,3,3,3.5,0.0,10.2,0.0
thresh B=1 th=1 N=2,3,3,3.5,0.0,9.166666666666666,0.0
thresh B=0 th=.5 N=3 eps=1,3,3,3.5,0.0,13.0,0.0
cap B0=1 eps=1 Bmax=3,3,3,3.5,0.0,9.166666666666666,0.0
cap B0=0 eps=2 Bmax=2,3,3,3.5,0.0,8.833333333333334,0.0
cap B0=1 eps=.5 Bmax=1,3,3,3.5,0.0,8.5,0.0
cap+cnt B=1 e=1 th=1 N=2 Bm=4,3,3,3.5,0.0,10.166666666666666,0.0
skip N=2 (work channel off),3,3,3.5,0.0,10.833333333333334,0.0
skip N=5 (work channel off),3,3,3.5,0.0,14.833333333333334,0.0
fixed B=0,3,9,4.0,0.0,9.333333333333334,0.0
fixed B=1,3,9,4.0,0.0,9.666666666666666,0.0
fixed B=4,3,9,4.0,0.0,10.666666666666666,0.0
rel B0=0 eps=.5,3,9,4.0,0.0,11.2,0.0
rel B0=1 eps=1,3,9,4.0,0.0,14.5,0.0
rel B0=0 eps=2,3,9,4.0,0.0,28.0,0.0
qlen B0=0 gam=1,3,9,4.0,0.0,9.666666666666666,0.0
qlen B0=1 gam=.5 eps=.5,3,9,4.0,0.0,11.8,0.0
thresh B=1 th=1 N=2,3,9,4.0,0.0,10.333333333333334,0.0
thresh B=0 th=.5 N=3 eps=1,3,9,4.0,0.0,14.75,0.0
cap B0=1 eps=1 Bmax=3,3,9,4.0,0.0,10.333333333333334,0.0
cap B0=0 eps=2 Bmax=2,3,9,4.0,0.0,10.0,0.0
cap B0=1 eps=.5 Bmax=1,3,9,4.0,0.0,9.666666666666666,0.0
cap+cnt B=1 e=1 th=1 N=2 Bm=4,3,9,4.0,0.0,11.333333333333334,0.0
skip N=2 (work channel off),3,9,4.0,0.0,12.0,0.0
skip N=5 (work channel off),3,9,4.0,0.0,16.0,0.0
fixed B=0,1,4,4.0,0.0,4.0,0.0
fixed B=1,1,4,4.0,0.0,5.0,0.0
fixed B=4,1,4,4.0,0.0,8.0,0.0
rel B0=0 eps=.5,1,4,4.0,0.0,14.0,0.0
qlen B0=0 gam=1,1,4,4.0,0.0,5.0,0.0
qlen B0=1 gam=.5 eps=.5,1,4,4.0,0.0,17.0,0.0
thresh B=1 th=1 N=2,1,4,4.0,0.0,7.0,0.0
cap B0=1 eps=.5 Bmax=1,1,4,4.0,0.0,5.0,0.0
skip N=2 (work channel off),1,4,4.0,0.0,12.0,0.0
skip N=5 (work channel off),1,4,4.0,0.0,24.0,0.0
fixed B=0,1,9,4.0,0.0,4.0,0.0
fixed B=1,1,9,4.0,4.0,5.0,0.8
fixed B=4,1,9,4.0,4.5,8.0,0.5625
rel B0=0 eps=.5,1,9,4.0,4.0,11.0,0.42105263157894735
qlen B0=0 gam=1,1,9,4.0,4.0,6.0,0.8
qlen B0=1 gam=.5 eps=.5,1,9,4.0,4.5,15.0,0.391304347826087
thresh B=1 th=1 N=2,1,9,4.0,4.0,7.0,0.5714285714285714
cap B0=1 eps=.5 Bmax=1,1,9,4.0,4.0,5.0,0.8
skip N=2 (work channel off),1,9,4.0,4.5,12.0,0.375
skip N=5 (work channel off),1,9,4.0,9.0,24.0,0.375
fixed B=0,1,8,3.5,0.0,3.5,0.0
fixed B=1,1,8,3.5,0.0,4.5,0.0
fixed B=4,1,8,3.5,0.0,7.5,0.0
rel B0=0 eps=.5,1,8,3.5,0.0,11.5,0.0
qlen B0=0 gam=1,1,8,3.5,0.0,5.5,0.0
qlen B0=1 gam=.5 eps=.5,1,8,3.5,0.0,15.5,0.0
thresh B=1 th=1 N=2,1,8,3.5,0.0,6.5,0.0
cap B0=1 eps=.5 Bmax=1,1,8,3.5,0.0,4.5,0.0
skip N=2 (work channel off),1,8,3.5,0.0,11.5,0.0
skip N=5 (work channel off),1,8,3.5,0.0,23.5,0.0
fixed B=0,3,3,3.5,0.0,8.166666666666666,0.0
fixed B=1,3,3,3.5,0.0,8.5,0.0
fixed B=4,3,3,3.5,0.0,9.5,0.0
rel B0=0 eps=.5,3,3,3.5,0.0,9.8,0.0
rel B0=1 eps=1,3,3,3.5,0.0,12.75,0.0
rel B0=0 eps=2,3,3,3.5,0.0,24.5,0.0
qlen B0=0 gam=1,3,3,3.5,0.0,8.166666666666666,0.0
qlen B0=1 gam=.5 eps=.5,3,3,3.5,0.0,10.2,0.0
thresh B=1 th=1 N=2,3,3,3.5,0.0,9.166666666666666,0.0
thresh B=0 th=.5 N=3 eps=1,3,3,3.5,0.0,13.0,0.0
cap B0=1 eps=1 Bmax=3,3,3,3.5,0.0,9.166666666666666,0.0
cap B0=0 eps=2 Bmax=2,3,3,3.5,0.0,8.833333333333334,0.0
cap B0=1 eps=.5 Bmax=1,3,3,3.5,0.0,8.5,0.0
cap+cnt B=1 e=1 th=1 N=2 Bm=4,3,3,3.5,0.0,10.166666666666666,0.0
skip N=2 (work channel off),3,3,3.5,0.0,10.833333333333334,0.0
skip N=5 (work channel off),3,3,3.5,0.0,14.833333333333334,0.0
fixed B=0,2,2,3.5,0.0,7.0,0.0
fixed B=1,2,2,3.5,0.0,7.5,0.0
fixed B=4,2,2,3.5,0.0,9.0,0.0
rel B0=0 eps=.5,2,2,3.5,0.0,9.333333333333334,0.0
rel B0=1 eps=1,2,2,3.5,0.0,15.0,0.0
qlen B0=0 gam=1,2,2,3.5,0.0,7.0,0.0
qlen B0=1 gam=.5 eps=.5,2,2,3.5,0.0,10.0,0.0
thresh B=1 th=1 N=2,2,2,3.5,0.0,8.5,0.0
thresh B=0 th=.5 N=3 eps=1,2,2,3.5,0.0,15.5,0.0
cap B0=1 eps=1 Bmax=3,2,2,3.5,0.0,8.5,0.0
cap B0=1 eps=.5 Bmax=1,2,2,3.5,0.0,7.5,0.0
cap+cnt B=1 e=1 th=1 N=2 Bm=4,2,2,3.5,0.0,10.0,0.0
skip N=2 (work channel off),2,2,3.5,0.0,11.0,0.0
skip N=5 (work channel off),2,2,3.5,0.0,17.0,0.0
fixed B=0,1,6,3.5,0.0,3.5,0.0
fixed B=1,1,6,3.5,0.0,4.5,0.0
fixed B=4,1,6,3.5,0.0,7.5,0.0
rel B0=0 eps=.5,1,6,3.5,0.0,7.5,0.0
qlen B0=0 gam=1,1,6,3.5,0.0,4.5,0.0
qlen B0=1 gam=.5 eps=.5,1,6,3.5,0.0,10.5,0.0
thresh B=1 th=1 N=2,1,6,3.5,0.0,6.5,0.0
cap B0=1 eps=.5 Bmax=1,1,6,3.5,0.0,4.5,0.0
skip N=2 (work channel off),1,6,3.5,0.0,11.5,0.0
skip N=5 (work channel off),1,6,3.5,0.0,23.5,0.0
fixed B=0,3,9,4.0,0.0,9.333333333333334,0.0
fixed B=1,3,9,4.0,0.0,9.666666666666666,0.0
fixed B=4,3,9,4.0,0.0,10.666666666666666,0.0
rel B0=0 eps=.5,3,9,4.0,0.0,11.4,0.0
rel B0=1 eps=1,3,9,4.0,0.0,15.0,0.0
rel B0=0 eps=2,3,9,4.0,0.0,30.0,0.0
qlen B0=0 gam=1,3,9,4.0,0.0,9.666666666666666,0.0
qlen B0=1 gam=.5 eps=.5,3,9,4.0,0.0,11.8,0.0
thresh B=1 th=1 N=2,3,9,4.0,0.0,10.333333333333334,0.0
thresh B=0 th=.5 N=3 eps=1,3,9,4.0,0.0,15.25,0.0
cap B0=1 eps=1 Bmax=3,3,9,4.0,0.0,10.333333333333334,0.0
cap B0=0 eps=2 Bmax=2,3,9,4.0,0.0,10.0,0.0
cap B0=1 eps=.5 Bmax=1,3,9,4.0,0.0,9.666666666666666,0.0
cap+cnt B=1 e=1 th=1 N=2 Bm=4,3,9,4.0,0.0,11.333333333333334,0.0
skip N=2 (work channel off),3,9,4.0,0.0,12.0,0.0
skip N=5 (work channel off),3,9,4.0,0.0,16.0,0.0
fixed B=0,1,5,3.5,0.0,3.5,0.0
fixed B=1,1,5,3.5,0.0,4.5,0.0
fixed B=4,1,5,3.5,0.0,7.5,0.0
rel B0=0 eps=.5,1,5,3.5,0.0,10.5,0.0
qlen B0=0 gam=1,1,5,3.5,0.0,4.5,0.0
qlen B0=1 gam=.5 eps=.5,1,5,3.5,0.0,13.5,0.0
thresh B=1 th=1 N=2,1,5,3.5,0.0,6.5,0.0
cap B0=1 eps=.5 Bmax=1,1,5,3.5,0.0,4.5,0.0
skip N=2 (work channel off),1,5,3.5,0.0,11.5,0.0
skip N=5 (work channel off),1,5,3.5,0.0,23.5,0.0
fixed B=0,1,8,3.5,0.0,3.5,0.0
fixed B=1,1,8,3.5,0.0,4.5,0.0
fixed B=4,1,8,3.5,0.0,7.5,0.0
rel B0=0 eps=.5,1,8,3.5,0.0,9.5,0.0
qlen B0=0 gam=1,1,8,3.5,0.0,3.5,0.0
qlen B0=1 gam=.5 eps=.5,1,8,3.5,0.0,11.5,0.0
thresh B=1 th=1 N=2,1,8,3.5,0.0,6.5,0.0
cap B0=1 eps=.5 Bmax=1,1,8,3.5,0.0,4.5,0.0
skip N=2 (work channel off),1,8,3.5,0.0,11.5,0.0
skip N=5 (work channel off),1,8,3.5,0.0,23.5,0.0
fixed B=0,1,6,4.0,0.0,4.0,0.0
fixed B=1,1,6,4.0,0.0,5.0,0.0
fixed B=4,1,6,4.0,0.0,8.0,0.0
rel B0=0 eps=.5,1,6,4.0,0.0,11.0,0.0
qlen B0=0 gam=1,1,6,4.0,0.0,4.0,0.0
qlen B0=1 gam=.5 eps=.5,1,6,4.0,0.0,13.0,0.0
thresh B=1 th=1 N=2,1,6,4.0,0.0,7.0,0.0
cap B0=1 eps=.5 Bmax=1,1,6,4.0,0.0,5.0,0.0
skip N=2 (work channel off),1,6,4.0,0.0,12.0,0.0
skip N=5 (work channel off),1,6,4.0,0.0,24.0,0.0
fixed B=0,2,9,4.0,0.0,8.0,0.0
fixed B=1,2,9,4.0,0.0,8.5,0.0
fixed B=4,2,9,4.0,0.0,10.0,0.0
rel B0=0 eps=.5,2,9,4.0,0.0,10.833333333333334,0.0
rel B0=1 eps=1,2,9,4.0,0.0,17.5,0.0
qlen B0=0 gam=1,2,9,4.0,0.0,8.5,0.0
qlen B0=1 gam=.5 eps=.5,2,9,4.0,0.0,11.666666666666666,0.0
thresh B=1 th=1 N=2,2,9,4.0,0.0,9.5,0.0
thresh B=0 th=.5 N=3 eps=1,2,9,4.0,0.0,18.0,0.0
cap B0=1 eps=1 Bmax=3,2,9,4.0,0.0,9.5,0.0
cap B0=1 eps=.5 Bmax=1,2,9,4.0,0.0,8.5,0.0
cap+cnt B=1 e=1 th=1 N=2 Bm=4,2,9,4.0,0.0,11.0,0.0
skip N=2 (work channel off),2,9,4.0,0.0,12.0,0.0
skip N=5 (work channel off),2,9,4.0,0.0,18.0,0.0
fixed B=0,3,3,3.5,0.0,8.166666666666666,0.0
fixed B=1,3,3,3.5,0.0,8.5,0.0
fixed B=4,3,3,3.5,0.0,9.5,0.0
rel B0=0 eps=.5,3,3,3.5,0.0,9.8,0.0
rel B0=1 eps=1,3,3,3.5,0.0,12.75,0.0
rel B0=0 eps=2,3,3,3.5,0.0,24.5,0.0
qlen B0=0 gam=1,3,3,3.5,0.0,8.166666666666666,0.0
qlen B0=1 gam=.5 eps=.5,3,3,3.5,0.0,10.2,0.0
thresh B=1 th=1 N=2,3,3,3.5,0.0,9.166666666666666,0.0
thresh B=0 th=.5 N=3 eps=1,3,3,3.5,0.0,13.0,0.0
cap B0=1 eps=1 Bmax=3,3,3,3.5,0.0,9.166666666666666,0.0
cap B0=0 eps=2 Bmax=2,3,3,3.5,0.0,8.833333333333334,0.0
cap B0=1 eps=.5 Bmax=1,3,3,3.5,0.0,8.5,0.0
cap+cnt B=1 e=1 th=1 N=2 Bm=4,3,3,3.5,0.0,10.166666666666666,0.0
skip N=2 (work channel off),3,3,3.5,0.0,10.833333333333334,0.0
skip N=5 (work channel off),3,3,3.5,0.0,14.833333333333334,0.0
fixed B=0,3,3,4.0,0.0,9.333333333333334,0.0
fixed B=1,3,3,4.0,0.0,9.666666666666666,0.0
fixed B=4,3,3,4.0,0.0,10.666666666666666,0.0
rel B0=0 eps=.5,3,3,4.0,0.0,11.2,0.0
rel B0=1 eps=1,3,3,4.0,0.0,14.5,0.0
rel B0=0 eps=2,3,3,4.0,0.0,28.0,0.0
qlen B0=0 gam=1,3,3,4.0,0.0,9.333333333333334,0.0
qlen B0=1 gam=.5 eps=.5,3,3,4.0,0.0,11.6,0.0
thresh B=1 th=1 N=2,3,3,4.0,0.0,10.333333333333334,0.0
thresh B=0 th=.5 N=3 eps=1,3,3,4.0,0.0,14.75,0.0
cap B0=1 eps=1 Bmax=3,3,3,4.0,0.0,10.333333333333334,0.0
cap B0=0 eps=2 Bmax=2,3,3,4.0,0.0,10.0,0.0
cap B0=1 eps=.5 Bmax=1,3,3,4.0,0.0,9.666666666666666,0.0
cap+cnt B=1 e=1 th=1 N=2 Bm=4,3,3,4.0,0.0,11.333333333333334,0.0
skip N=2 (work channel off),3,3,4.0,0.0,12.0,0.0
skip N=5 (work channel off),3,3,4.0,0.0,16.0,0.0
fixed B=0,3,7,2.5,0.0,5.833333333333333,0.0
fixed B=1,3,7,2.5,0.0,6.166666666666667,0.0
fixed B=4,3,7,2.5,0.0,7.166666666666667,0.0
rel B0=0 eps=.5,3,7,2.5,0.0,7.0,0.0
rel B0=1 eps=1,3,7,2.5,0.0,9.25,0.0
rel B0=0 eps=2,3,7,2.5,0.0,17.5,0.0
qlen B0=0 gam=1,3,7,2.5,0.0,5.833333333333333,0.0
qlen B0=1 gam=.5 eps=.5,3,7,2.5,0.0,7.4,0.0
thresh B=1 th=1 N=2,3,7,2.5,0.0,6.833333333333333,0.0
thresh B=0 th=.5 N=3 eps=1,3,7,2.5,0.0,9.5,0.0
cap B0=1 eps=1 Bmax=3,3,7,2.5,0.0,6.833333333333333,0.0
cap B0=0 eps=2 Bmax=2,3,7,2.5,0.0,6.5,0.0
cap B0=1 eps=.5 Bmax=1,3,7,2.5,0.0,6.166666666666667,0.0
cap+cnt B=1 e=1 th=1 N=2 Bm=4,3,7,2.5,0.0,7.833333333333333,0.0
skip N=2 (work channel off),3,7,2.5,0.0,8.5,0.0
skip N=5 (work channel off),3,7,2.5,0.0,12.5,0.0
fixed B=0,3,4,4.0,0.0,9.333333333333334,0.0
fixed B=1,3,4,4.0,0.0,9.666666666666666,0.0
fixed B=4,3,4,4.0,0.0,10.666666666666666,0.0
rel B0=0 eps=.5,3,4,4.0,0.0,11.3,0.0
rel B0=1 eps=1,3,4,4.0,0.0,14.75,0.0
rel B0=0 eps=2,3,4,4.0,0.0,29.0,0.0
qlen B0=0 gam=1,3,4,4.0,0.0,9.333333333333334,0.0
qlen B0=1 gam=.5 eps=.5,3,4,4.0,0.0,11.7,0.0
thresh B=1 th=1 N=2,3,4,4.0,0.0,10.333333333333334,0.0
thresh B=0 th=.5 N=3 eps=1,3,4,4.0,0.0,15.0,0.0
cap B0=1 eps=1 Bmax=3,3,4,4.0,0.0,10.333333333333334,0.0
cap B0=0 eps=2 Bmax=2,3,4,4.0,0.0,10.0,0.0
cap B0=1 eps=.5 Bmax=1,3,4,4.0,0.0,9.666666666666666,0.0
cap+cnt B=1 e=1 th=1 N=2 Bm=4,3,4,4.0,0.0,11.333333333333334,0.0
skip N=2 (work channel off),3,4,4.0,0.0,12.0,0.0
skip N=5 (work channel off),3,4,4.0,0.0,16.0,0.0
fixed B=0,3,5,3.5,0.0,8.166666666666666,0.0
fixed B=1,3,5,3.5,0.0,8.5,0.0
fixed B=4,3,5,3.5,0.0,9.5,0.0
rel B0=0 eps=.5,3,5,3.5,0.0,9.8,0.0
rel B0=1 eps=1,3,5,3.5,0.0,12.75,0.0
rel B0=0 eps=2,3,5,3.5,0.0,24.5,0.0
qlen B0=0 gam=1,3,5,3.5,0.0,8.5,0.0
qlen B0=1 gam=.5 eps=.5,3,5,3.5,0.0,10.4,0.0
thresh B=1 th=1 N=2,3,5,3.5,0.0,9.166666666666666,0.0
thresh B=0 th=.5 N=3 eps=1,3,5,3.5,0.0,13.0,0.0
cap B0=1 eps=1 Bmax=3,3,5,3.5,0.0,9.166666666666666,0.0
cap B0=0 eps=2 Bmax=2,3,5,3.5,0.0,8.833333333333334,0.0
cap B0=1 eps=.5 Bmax=1,3,5,3.5,0.0,8.5,0.0
cap+cnt B=1 e=1 th=1 N=2 Bm=4,3,5,3.5,0.0,10.166666666666666,0.0
skip N=2 (work channel off),3,5,3.5,0.0,10.833333333333334,0.0
skip N=5 (work channel off),3,5,3.5,0.0,14.833333333333334,0.0
fixed B=0,1,7,3.0,0.0,3.0,0.0
fixed B=1,1,7,3.0,2.0,4.0,0.5
fixed B=4,1,7,3.0,5.0,7.0,0.7142857142857143
rel B0=0 eps=.5,1,7,3.0,0.0,9.5,0.0
qlen B0=0 gam=1,1,7,3.0,0.0,4.0,0.0
qlen B0=1 gam=.5 eps=.5,1,7,3.0,2.0,13.5,0.25
thresh B=1 th=1 N=2,1,7,3.0,2.0,6.0,0.3333333333333333
cap B0=1 eps=.5 Bmax=1,1,7,3.0,2.0,4.0,0.5
skip N=2 (work channel off),1,7,3.0,5.0,11.0,0.45454545454545453
skip N=5 (work channel off),1,7,3.0,6.5,23.0,0.2826086956521739
fixed B=0,1,3,4.0,0.0,4.0,0.0
fixed B=1,1,3,4.0,0.0,5.0,0.0
fixed B=4,1,3,4.0,0.0,8.0,0.0
rel B0=0 eps=.5,1,3,4.0,0.0,8.0,0.0
qlen B0=0 gam=1,1,3,4.0,0.0,4.0,0.0
qlen B0=1 gam=.5 eps=.5,1,3,4.0,0.0,10.0,0.0
thresh B=1 th=1 N=2,1,3,4.0,0.0,7.0,0.0
cap B0=1 eps=.5 Bmax=1,1,3,4.0,0.0,5.0,0.0
skip N=2 (work channel off),1,3,4.0,0.0,12.0,0.0
skip N=5 (work channel off),1,3,4.0,0.0,24.0,0.0
fixed B=0,2,8,4.0,0.0,8.0,0.0
fixed B=1,2,8,4.0,0.5,8.5,0.058823529411764705
fixed B=4,2,8,4.0,0.5,10.0,0.05
rel B0=0 eps=.5,2,8,4.0,0.5,11.666666666666666,0.045454545454545456
rel B0=1 eps=1,2,8,4.0,0.5,20.0,0.027777777777777776
qlen B0=0 gam=1,2,8,4.0,0.0,8.5,0.0
qlen B0=1 gam=.5 eps=.5,2,8,4.0,0.5,12.5,0.04285714285714286
thresh B=1 th=1 N=2,2,8,4.0,0.5,9.5,0.05263157894736842
thresh B=0 th=.5 N=3 eps=1,2,8,4.0,0.5,20.5,0.02702702702702703
cap B0=1 eps=1 Bmax=3,2,8,4.0,0.5,9.5,0.05263157894736842
cap B0=1 eps=.5 Bmax=1,2,8,4.0,0.5,8.5,0.058823529411764705
cap+cnt B=1 e=1 th=1 N=2 Bm=4,2,8,4.0,0.5,11.0,0.045454545454545456
skip N=2 (work channel off),2,8,4.0,0.5,12.0,0.041666666666666664
skip N=5 (work channel off),2,8,4.0,0.5,18.0,0.027777777777777776
fixed B=0,2,9,4.0,0.0,8.0,0.0
fixed B=1,2,9,4.0,0.0,8.5,0.0
fixed B=4,2,9,4.0,0.0,10.0,0.0
rel B0=0 eps=.5,2,9,4.0,0.0,10.833333333333334,0.0
rel B0=1 eps=1,2,9,4.0,0.0,17.5,0.0
qlen B0=0 gam=1,2,9,4.0,0.0,8.0,0.0
qlen B0=1 gam=.5 eps=.5,2,9,4.0,0.0,11.5,0.0
thresh B=1 th=1 N=2,2,9,4.0,0.0,9.5,0.0
thresh B=0 th=.5 N=3 eps=1,2,9,4.0,0.0,18.0,0.0
cap B0=1 eps=1 Bmax=3,2,9,4.0,0.0,9.5,0.0
cap B0=1 eps=.5 Bmax=1,2,9,4.0,0.0,8.5,0.0
cap+cnt B=1 e=1 th=1 N=2 Bm=4,2,9,4.0,0.0,11.0,0.0
skip N=2 (work channel off),2,9,4.0,0.0,12.0,0.0
skip N=5 (work channel off),2,9,4.0,0.0,18.0,0.0
fixed B=0,3,2,4.0,0.0,9.333333333333334,0.0
fixed B=1,3,2,4.0,0.0,9.666666666666666,0.0
fixed B=4,3,2,4.0,0.0,10.666666666666666,0.0
rel B0=0 eps=.5,3,2,4.0,0.0,11.2,0.0
rel B0=1 eps=1,3,2,4.0,0.0,14.5,0.0
rel B0=0 eps=2,3,2,4.0,0.0,28.0,0.0
qlen B0=0 gam=1,3,2,4.0,0.0,9.333333333333334,0.0
qlen B0=1 gam=.5 eps=.5,3,2,4.0,0.0,11.6,0.0
thresh B=1 th=1 N=2,3,2,4.0,0.0,10.333333333333334,0.0
thresh B=0 th=.5 N=3 eps=1,3,2,4.0,0.0,14.75,0.0
cap B0=1 eps=1 Bmax=3,3,2,4.0,0.0,10.333333333333334,0.0
cap B0=0 eps=2 Bmax=2,3,2,4.0,0.0,10.0,0.0
cap B0=1 eps=.5 Bmax=1,3,2,4.0,0.0,9.666666666666666,0.0
cap+cnt B=1 e=1 th=1 N=2 Bm=4,3,2,4.0,0.0,11.333333333333334,0.0
skip N=2 (work channel off),3,2,4.0,0.0,12.0,0.0
skip N=5 (work channel off),3,2,4.0,0.0,16.0,0.0
fixed B=0,1,9,4.0,0.0,4.0,0.0
fixed B=1,1,9,4.0,0.0,5.0,0.0
fixed B=4,1,9,4.0,0.0,8.0,0.0
rel B0=0 eps=.5,1,9,4.0,0.0,16.0,0.0
qlen B0=0 gam=1,1,9,4.0,0.0,6.0,0.0
qlen B0=1 gam=.5 eps=.5,1,9,4.0,0.0,20.0,0.0
thresh B=1 th=1 N=2,1,9,4.0,0.0,7.0,0.0
cap B0=1 eps=.5 Bmax=1,1,9,4.0,0.0,5.0,0.0
skip N=2 (work channel off),1,9,4.0,0.0,12.0,0.0
skip N=5 (work channel off),1,9,4.0,0.0,24.0,0.0
fixed B=0,2,6,4.0,0.0,8.0,0.0
fixed B=1,2,6,4.0,0.0,8.5,0.0
fixed B=4,2,6,4.0,0.0,10.0,0.0
rel B0=0 eps=.5,2,6,4.0,0.0,10.833333333333334,0.0
rel B0=1 eps=1,2,6,4.0,0.0,17.5,0.0
qlen B0=0 gam=1,2,6,4.0,0.0,8.5,0.0
qlen B0=1 gam=.5 eps=.5,2,6,4.0,0.0,11.666666666666666,0.0
thresh B=1 th=1 N=2,2,6,4.0,0.0,9.5,0.0
thresh B=0 th=.5 N=3 eps=1,2,6,4.0,0.0,18.0,0.0
cap B0=1 eps=1 Bmax=3,2,6,4.0,0.0,9.5,0.0
cap B0=1 eps=.5 Bmax=1,2,6,4.0,0.0,8.5,0.0
cap+cnt B=1 e=1 th=1 N=2 Bm=4,2,6,4.0,0.0,11.0,0.0
skip N=2 (work channel off),2,6,4.0,0.0,12.0,0.0
skip N=5 (work channel off),2,6,4.0,0.0,18.0,0.0
fixed B=0,3,4,3.0,0.0,7.0,0.0
fixed B=1,3,4,3.0,0.0,7.333333333333333,0.0
fixed B=4,3,4,3.0,0.0,8.333333333333334,0.0
rel B0=0 eps=.5,3,4,3.0,0.0,8.4,0.0
rel B0=1 eps=1,3,4,3.0,0.0,11.0,0.0
rel B0=0 eps=2,3,4,3.0,0.0,21.0,0.0
qlen B0=0 gam=1,3,4,3.0,0.0,7.0,0.0
qlen B0=1 gam=.5 eps=.5,3,4,3.0,0.0,8.8,0.0
thresh B=1 th=1 N=2,3,4,3.0,0.0,8.0,0.0
thresh B=0 th=.5 N=3 eps=1,3,4,3.0,0.0,11.25,0.0
cap B0=1 eps=1 Bmax=3,3,4,3.0,0.0,8.0,0.0
cap B0=0 eps=2 Bmax=2,3,4,3.0,0.0,7.666666666666667,0.0
cap B0=1 eps=.5 Bmax=1,3,4,3.0,0.0,7.333333333333333,0.0
cap+cnt B=1 e=1 th=1 N=2 Bm=4,3,4,3.0,0.0,9.0,0.0
skip N=2 (work channel off),3,4,3.0,0.0,9.666666666666666,0.0
skip N=5 (work channel off),3,4,3.0,0.0,13.666666666666666,0.0
fixed B=0,2,6,4.0,0.0,8.0,0.0
fixed B=1,2,6,4.0,0.0,8.5,0.0
fixed B=4,2,6,4.0,0.0,10.0,0.0
rel B0=0 eps=.5,2,6,4.0,0.0,10.666666666666666,0.0
rel B0=1 eps=1,2,6,4.0,0.0,17.0,0.0
qlen B0=0 gam=1,2,6,4.0,0.0,8.0,0.0
qlen B0=1 gam=.5 eps=.5,2,6,4.0,0.0,11.333333333333334,0.0
thresh B=1 th=1 N=2,2,6,4.0,0.0,9.5,0.0
thresh B=0 th=.5 N=3 eps=1,2,6,4.0,0.0,17.5,0.0
cap B0=1 eps=1 Bmax=3,2,6,4.0,0.0,9.5,0.0
cap B0=1 eps=.5 Bmax=1,2,6,4.0,0.0,8.5,0.0
cap+cnt B=1 e=1 th=1 N=2 Bm=4,2,6,4.0,0.0,11.0,0.0
skip N=2 (work channel off),2,6,4.0,0.0,12.0,0.0
skip N=5 (work channel off),2,6,4.0,0.0,18.0,0.0
fixed B=0,2,5,4.0,0.0,8.0,0.0
fixed B=1,2,5,4.0,0.0,8.5,0.0
fixed B=4,2,5,4.0,0.0,10.0,0.0
rel B0=0 eps=.5,2,5,4.0,0.0,11.0,0.0
rel B0=1 eps=1,2,5,4.0,0.0,18.0,0.0
qlen B0=0 gam=1,2,5,4.0,0.0,8.0,0.0
qlen B0=1 gam=.5 eps=.5,2,5,4.0,0.0,11.666666666666666,0.0
thresh B=1 th=1 N=2,2,5,4.0,0.0,9.5,0.0
thresh B=0 th=.5 N=3 eps=1,2,5,4.0,0.0,18.5,0.0
cap B0=1 eps=1 Bmax=3,2,5,4.0,0.0,9.5,0.0
cap B0=1 eps=.5 Bmax=1,2,5,4.0,0.0,8.5,0.0
cap+cnt B=1 e=1 th=1 N=2 Bm=4,2,5,4.0,0.0,11.0,0.0
skip N=2 (work channel off),2,5,4.0,0.0,12.0,0.0
skip N=5 (work channel off),2,5,4.0,0.0,18.0,0.0
fixed B=0,1,7,3.0,0.0,3.0,0.0
fixed B=1,1,7,3.0,1.5,4.0,0.375
fixed B=4,1,7,3.0,1.5,7.0,0.21428571428571427
rel B0=0 eps=.5,1,7,3.0,1.5,9.5,0.1875
qlen B0=0 gam=1,1,7,3.0,3.0,5.0,0.75
qlen B0=1 gam=.5 eps=.5,1,7,3.0,1.5,12.5,0.15
thresh B=1 th=1 N=2,1,7,3.0,1.5,6.0,0.25
cap B0=1 eps=.5 Bmax=1,1,7,3.0,1.5,4.0,0.375
skip N=2 (work channel off),1,7,3.0,1.5,11.0,0.13636363636363635
skip N=5 (work channel off),1,7,3.0,1.5,23.0,0.06521739130434782
fixed B=0,1,5,3.5,0.0,3.5,0.0
fixed B=1,1,5,3.5,0.0,4.5,0.0
fixed B=4,1,5,3.5,0.0,7.5,0.0
rel B0=0 eps=.5,1,5,3.5,0.0,8.0,0.0
qlen B0=0 gam=1,1,5,3.5,0.0,3.5,0.0
qlen B0=1 gam=.5 eps=.5,1,5,3.5,0.0,10.0,0.0
thresh B=1 th=1 N=2,1,5,3.5,0.0,6.5,0.0
cap B0=1 eps=.5 Bmax=1,1,5,3.5,0.0,4.5,0.0
skip N=2 (work channel off),1,5,3.5,0.0,11.5,0.0
skip N=5 (work channel off),1,5,3.5,0.0,23.5,0.0
fixed B=0,3,2,0.5,0.0,1.1666666666666667,0.0
fixed B=1,3,2,0.5,0.0,1.5,0.0
fixed B=4,3,2,0.5,0.0,2.5,0.0
rel B0=0 eps=.5,3,2,0.5,0.0,1.4,0.0
rel B0=1 eps=1,3,2,0.5,0.0,2.25,0.0
rel B0=0 eps=2,3,2,0.5,0.0,3.5,0.0
qlen B0=0 gam=1,3,2,0.5,0.0,1.1666666666666667,0.0
qlen B0=1 gam=.5 eps=.5,3,2,0.5,0.0,1.8,0.0
thresh B=1 th=1 N=2,3,2,0.5,0.0,2.1666666666666665,0.0
thresh B=0 th=.5 N=3 eps=1,3,2,0.5,0.0,2.5,0.0
cap B0=1 eps=1 Bmax=3,3,2,0.5,0.0,2.1666666666666665,0.0
cap B0=0 eps=2 Bmax=2,3,2,0.5,0.0,1.8333333333333333,0.0
cap B0=1 eps=.5 Bmax=1,3,2,0.5,0.0,1.5,0.0
cap+cnt B=1 e=1 th=1 N=2 Bm=4,3,2,0.5,0.0,3.1666666666666665,0.0
skip N=2 (work channel off),3,2,0.5,0.0,3.8333333333333335,0.0
skip N=5 (work channel off),3,2,0.5,0.0,7.833333333333333,0.0
fixed B=0,2,3,4.0,0.0,8.0,0.0
fixed B=1,2,3,4.0,0.0,8.5,0.0
fixed B=4,2,3,4.0,0.0,10.0,0.0
rel B0=0 eps=.5,2,3,4.0,0.0,10.833333333333334,0.0
rel B0=1 eps=1,2,3,4.0,0.0,17.5,0.0
qlen B0=0 gam=1,2,3,4.0,0.0,8.5,0.0
qlen B0=1 gam=.5 eps=.5,2,3,4.0,0.0,11.833333333333334,0.0
thresh B=1 th=1 N=2,2,3,4.0,0.0,9.5,0.0
thresh B=0 th=.5 N=3 eps=1,2,3,4.0,0.0,18.0,0.0
cap B0=1 eps=1 Bmax=3,2,3,4.0,0.0,9.5,0.0
cap B0=1 eps=.5 Bmax=1,2,3,4.0,0.0,8.5,0.0
cap+cnt B=1 e=1 th=1 N=2 Bm=4,2,3,4.0,0.0,11.0,0.0
skip N=2 (work channel off),2,3,4.0,0.0,12.0,0.0
skip N=5 (work channel off),2,3,4.0,0.0,18.0,0.0
fixed B=0,3,7,4.0,0.0,9.333333333333334,0.0
fixed B=1,3,7,4.0,0.0,9.666666666666666,0.0
fixed B=4,3,7,4.0,0.0,10.666666666666666,0.0
rel B0=0 eps=.5,3,7,4.0,0.0,11.3,0.0
rel B0=1 eps=1,3,7,4.0,0.0,14.75,0.0
rel B0=0 eps=2,3,7,4.0,0.0,29.0,0.0
qlen B0=0 gam=1,3,7,4.0,0.0,11.333333333333334,0.0
qlen B0=1 gam=.5 eps=.5,3,7,4.0,0.0,12.9,0.0
thresh B=1 th=1 N=2,3,7,4.0,0.0,10.333333333333334,0.0
thresh B=0 th=.5 N=3 eps=1,3,7,4.0,0.0,15.0,0.0
cap B0=1 eps=1 Bmax=3,3,7,4.0,0.0,10.333333333333334,0.0
cap B0=0 eps=2 Bmax=2,3,7,4.0,0.0,10.0,0.0
cap B0=1 eps=.5 Bmax=1,3,7,4.0,0.0,9.666666666666666,0.0
cap+cnt B=1 e=1 th=1 N=2 Bm=4,3,7,4.0,0.0,11.333333333333334,0.0
skip N=2 (work channel off),3,7,4.0,0.0,12.0,0.0
skip N=5 (work channel off),3,7,4.0,0.0,16.0,0.0
fixed B=0,3,7,4.0,0.0,9.333333333333334,0.0
fixed B=1,3,7,4.0,0.0,9.666666666666666,0.0
fixed B=4,3,7,4.0,0.0,10.666666666666666,0.0
rel B0=0 eps=.5,3,7,4.0,0.0,11.3,0.0
rel B0=1 eps=1,3,7,4.0,0.0,14.75,0.0
rel B0=0 eps=2,3,7,4.0,0.0,29.0,0.0
qlen B0=0 gam=1,3,7,4.0,0.0,11.0,0.0
qlen B0=1 gam=.5 eps=.5,3,7,4.0,0.0,12.7,0.0
thresh B=1 th=1 N=2,3,7,4.0,0.0,10.333333333333334,0.0
thresh B=0 th=.5 N=3 eps=1,3,7,4.0,0.0,15.0,0.0
cap B0=1 eps=1 Bmax=3,3,7,4.0,0.0,10.333333333333334,0.0
cap B0=0 eps=2 Bmax=2,3,7,4.0,0.0,10.0,0.0
cap B0=1 eps=.5 Bmax=1,3,7,4.0,0.0,9.666666666666666,0.0
cap+cnt B=1 e=1 th=1 N=2 Bm=4,3,7,4.0,0.0,11.333333333333334,0.0
skip N=2 (work channel off),3,7,4.0,0.0,12.0,0.0
skip N=5 (work channel off),3,7,4.0,0.0,16.0,0.0
fixed B=0,1,9,4.0,0.0,4.0,0.0
fixed B=1,1,9,4.0,1.0,5.0,0.2
fixed B=4,1,9,4.0,6.0,8.0,0.75
rel B0=0 eps=.5,1,9,4.0,5.0,16.5,0.5
qlen B0=0 gam=1,1,9,4.0,5.0,11.0,0.8333333333333334
qlen B0=1 gam=.5 eps=.5,1,9,4.0,5.0,25.5,0.35714285714285715
thresh B=1 th=1 N=2,1,9,4.0,5.0,7.0,0.7142857142857143
cap B0=1 eps=.5 Bmax=1,1,9,4.0,1.0,5.0,0.2
skip N=2 (work channel off),1,9,4.0,5.0,12.0,0.4166666666666667
skip N=5 (work channel off),1,9,4.0,7.5,24.0,0.3125
fixed B=0,3,7,4.0,0.0,9.333333333333334,0.0
fixed B=1,3,7,4.0,1.0,9.666666666666666,0.10344827586206898
fixed B=4,3,7,4.0,1.0,10.666666666666666,0.09375
rel B0=0 eps=.5,3,7,4.0,0.0,11.5,0.0
rel B0=1 eps=1,3,7,4.0,1.0,15.25,0.06896551724137931
rel B0=0 eps=2,3,7,4.0,0.0,31.0,0.0
qlen B0=0 gam=1,3,7,4.0,1.0,11.0,0.10344827586206898
qlen B0=1 gam=.5 eps=.5,3,7,4.0,1.0,12.9,0.0847457627118644
thresh B=1 th=1 N=2,3,7,4.0,1.0,10.333333333333334,0.0967741935483871
thresh B=0 th=.5 N=3 eps=1,3,7,4.0,0.0,15.5,0.0
cap B0=1 eps=1 Bmax=3,3,7,4.0,1.0,10.333333333333334,0.0967741935483871
cap B0=0 eps=2 Bmax=2,3,7,4.0,0.0,10.0,0.0
cap B0=1 eps=.5 Bmax=1,3,7,4.0,1.0,9.666666666666666,0.10344827586206898
cap+cnt B=1 e=1 th=1 N=2 Bm=4,3,7,4.0,1.0,11.333333333333334,0.08823529411764705
skip N=2 (work channel off),3,7,4.0,1.0,12.0,0.08333333333333333
skip N=5 (work channel off),3,7,4.0,1.0,16.0,0.0625
fixed B=0,2,3,0.0,0.0,0.0,0.0
fixed B=1,2,3,0.0,0.0,0.5,0.0
fixed B=4,2,3,0.0,0.0,2.0,0.0
rel B0=0 eps=.5,2,3,0.0,0.0,0.0,0.0
rel B0=1 eps=1,2,3,0.0,0.0,1.0,0.0
qlen B0=0 gam=1,2,3,0.0,0.0,1.0,0.0
qlen B0=1 gam=.5 eps=.5,2,3,0.0,0.0,1.3333333333333333,0.0
thresh B=1 th=1 N=2,2,3,0.0,0.0,1.5,0.0
thresh B=0 th=.5 N=3 eps=1,2,3,0.0,0.0,1.5,0.0
cap B0=1 eps=1 Bmax=3,2,3,0.0,0.0,1.0,0.0
cap B0=1 eps=.5 Bmax=1,2,3,0.0,0.0,0.5,0.0
cap+cnt B=1 e=1 th=1 N=2 Bm=4,2,3,0.0,0.0,3.0,0.0
skip N=2 (work channel off),2,3,0.0,0.0,4.0,0.0
skip N=5 (work channel off),2,3,0.0,0.0,10.0,0.0
fixed B=0,3,6,4.0,0.0,9.333333333333334,0.0
fixed B=1,3,6,4.0,0.0,9.666666666666666,0.0
fixed B=4,3,6,4.0,0.0,10.666666666666666,0.0
rel B0=0 eps=.5,3,6,4.0,0.0,11.3,0.0
rel B0=1 eps=1,3,6,4.0,0.0,14.75,0.0
rel B0=0 eps=2,3,6,4.0,0.0,29.0,0.0
qlen B0=0 gam=1,3,6,4.0,0.0,11.0,0.0
qlen B0=1 gam=.5 eps=.5,3,6,4.0,0.0,12.7,0.0
thresh B=1 th=1 N=2,3,6,4.0,0.0,10.333333333333334,0.0
thresh B=0 th=.5 N=3 eps=1,3,6,4.0,0.0,15.0,0.0
cap B0=1 eps=1 Bmax=3,3,6,4.0,0.0,10.333333333333334,0.0
cap B0=0 eps=2 Bmax=2,3,6,4.0,0.0,10.0,0.0
cap B0=1 eps=.5 Bmax=1,3,6,4.0,0.0,9.666666666666666,0.0
cap+cnt B=1 e=1 th=1 N=2 Bm=4,3,6,4.0,0.0,11.333333333333334,0.0
skip N=2 (work channel off),3,6,4.0,0.0,12.0,0.0
skip N=5 (work channel off),3,6,4.0,0.0,16.0,0.0
fixed B=0,3,4,1.0,0.0,2.3333333333333335,0.0
fixed B=1,3,4,1.0,0.0,2.6666666666666665,0.0
fixed B=4,3,4,1.0,0.0,3.6666666666666665,0.0
rel B0=0 eps=.5,3,4,1.0,0.0,2.8,0.0
rel B0=1 eps=1,3,4,1.0,0.0,4.0,0.0
rel B0=0 eps=2,3,4,1.0,0.0,7.0,0.0
qlen B0=0 gam=1,3,4,1.0,0.0,3.0,0.0
qlen B0=1 gam=.5 eps=.5,3,4,1.0,0.0,3.6,0.0
thresh B=1 th=1 N=2,3,4,1.0,0.0,3.3333333333333335,0.0
thresh B=0 th=.5 N=3 eps=1,3,4,1.0,0.0,4.25,0.0
cap B0=1 eps=1 Bmax=3,3,4,1.0,0.0,3.3333333333333335,0.0
cap B0=0 eps=2 Bmax=2,3,4,1.0,0.0,3.0,0.0
cap B0=1 eps=.5 Bmax=1,3,4,1.0,0.0,2.6666666666666665,0.0
cap+cnt B=1 e=1 th=1 N=2 Bm=4,3,4,1.0,0.0,4.333333333333333,0.0
skip N=2 (work channel off),3,4,1.0,0.0,5.0,0.0
skip N=5 (work channel off),3,4,1.0,0.0,9.0,0.0
fixed B=0,2,2,1.0,0.0,2.0,0.0
fixed B=1,2,2,1.0,0.0,2.5,0.0
fixed B=4,2,2,1.0,0.0,4.0,0.0
rel B0=0 eps=.5,2,2,1.0,0.0,2.6666666666666665,0.0
rel B0=1 eps=1,2,2,1.0,0.0,5.0,0.0
qlen B0=0 gam=1,2,2,1.0,0.0,2.5,0.0
qlen B0=1 gam=.5 eps=.5,2,2,1.0,0.0,3.6666666666666665,0.0
thresh B=1 th=1 N=2,2,2,1.0,0.0,3.5,0.0
thresh B=0 th=.5 N=3 eps=1,2,2,1.0,0.0,5.5,0.0
cap B0=1 eps=1 Bmax=3,2,2,1.0,0.0,3.5,0.0
cap B0=1 eps=.5 Bmax=1,2,2,1.0,0.0,2.5,0.0
cap+cnt B=1 e=1 th=1 N=2 Bm=4,2,2,1.0,0.0,5.0,0.0
skip N=2 (work channel off),2,2,1.0,0.0,6.0,0.0
skip N=5 (work channel off),2,2,1.0,0.0,12.0,0.0
fixed B=0,3,2,1.0,0.0,2.3333333333333335,0.0
fixed B=1,3,2,1.0,0.0,2.6666666666666665,0.0
fixed B=4,3,2,1.0,0.0,3.6666666666666665,0.0
rel B0=0 eps=.5,3,2,1.0,0.0,2.8,0.0
rel B0=1 eps=1,3,2,1.0,0.0,4.0,0.0
rel B0=0 eps=2,3,2,1.0,0.0,7.0,0.0
qlen B0=0 gam=1,3,2,1.0,0.0,2.6666666666666665,0.0
qlen B0=1 gam=.5 eps=.5,3,2,1.0,0.0,3.4,0.0
thresh B=1 th=1 N=2,3,2,1.0,0.0,3.3333333333333335,0.0
thresh B=0 th=.5 N=3 eps=1,3,2,1.0,0.0,4.25,0.0
cap B0=1 eps=1 Bmax=3,3,2,1.0,0.0,3.3333333333333335,0.0
cap B0=0 eps=2 Bmax=2,3,2,1.0,0.0,3.0,0.0
cap B0=1 eps=.5 Bmax=1,3,2,1.0,0.0,2.6666666666666665,0.0
cap+cnt B=1 e=1 th=1 N=2 Bm=4,3,2,1.0,0.0,4.333333333333333,0.0
skip N=2 (work channel off),3,2,1.0,0.0,5.0,0.0
skip N=5 (work channel off),3,2,1.0,0.0,9.0,0.0
fixed B=0,2,7,4.0,0.0,8.0,0.0
fixed B=1,2,7,4.0,0.0,8.5,0.0
fixed B=4,2,7,4.0,0.0,10.0,0.0
rel B0=0 eps=.5,2,7,4.0,0.0,11.0,0.0
rel B0=1 eps=1,2,7,4.0,0.0,18.0,0.0
qlen B0=0 gam=1,2,7,4.0,0.0,10.5,0.0
qlen B0=1 gam=.5 eps=.5,2,7,4.0,0.0,13.333333333333334,0.0
thresh B=1 th=1 N=2,2,7,4.0,0.0,9.5,0.0
thresh B=0 th=.5 N=3 eps=1,2,7,4.0,0.0,18.5,0.0
cap B0=1 eps=1 Bmax=3,2,7,4.0,0.0,9.5,0.0
cap B0=1 eps=.5 Bmax=1,2,7,4.0,0.0,8.5,0.0
cap+cnt B=1 e=1 th=1 N=2 Bm=4,2,7,4.0,0.0,11.0,0.0
skip N=2 (work channel off),2,7,4.0,0.0,12.0,0.0
skip N=5 (work channel off),2,7,4.0,0.0,18.0,0.0
fixed B=0,1,8,1.0,0.0,1.0,0.0
fixed B=1,1,8,1.0,1.5,2.0,0.75
fixed B=4,1,8,1.0,1.5,5.0,0.3
rel B0=0 eps=.5,1,8,1.0,1.5,4.5,0.375
qlen B0=0 gam=1,1,8,1.0,1.5,5.0,0.5
qlen B0=1 gam=.5 eps=.5,1,8,1.0,1.5,10.5,0.1875
thresh B=1 th=1 N=2,1,8,1.0,0.5,4.0,0.125
cap B0=1 eps=.5 Bmax=1,1,8,1.0,1.5,2.0,0.75
skip N=2 (work channel off),1,8,1.0,0.5,9.0,0.05555555555555555
skip N=5 (work channel off),1,8,1.0,1.5,21.0,0.07142857142857142
fixed B=0,3,2,4.0,0.0,9.333333333333334,0.0
fixed B=1,3,2,4.0,0.0,9.666666666666666,0.0
fixed B=4,3,2,4.0,0.0,10.666666666666666,0.0
rel B0=0 eps=.5,3,2,4.0,0.0,11.2,0.0
rel B0=1 eps=1,3,2,4.0,0.0,14.5,0.0
rel B0=0 eps=2,3,2,4.0,0.0,28.0,0.0
qlen B0=0 gam=1,3,2,4.0,0.0,9.333333333333334,0.0
qlen B0=1 gam=.5 eps=.5,3,2,4.0,0.0,11.6,0.0
thresh B=1 th=1 N=2,3,2,4.0,0.0,10.333333333333334,0.0
thresh B=0 th=.5 N=3 eps=1,3,2,4.0,0.0,14.75,0.0
cap B0=1 eps=1 Bmax=3,3,2,4.0,0.0,10.333333333333334,0.0
cap B0=0 eps=2 Bmax=2,3,2,4.0,0.0,10.0,0.0
cap B0=1 eps=.5 Bmax=1,3,2,4.0,0.0,9.666666666666666,0.0
cap+cnt B=1 e=1 th=1 N=2 Bm=4,3,2,4.0,0.0,11.333333333333334,0.0
skip N=2 (work channel off),3,2,4.0,0.0,12.0,0.0
skip N=5 (work channel off),3,2,4.0,0.0,16.0,0.0
fixed B=0,1,5,4.0,0.0,4.0,0.0
fixed B=1,1,5,4.0,4.0,5.0,0.8
fixed B=4,1,5,4.0,4.0,8.0,0.5
rel B0=0 eps=.5,1,5,4.0,1.0,12.0,0.11764705882352941
qlen B0=0 gam=1,1,5,4.0,1.0,6.0,0.2
qlen B0=1 gam=.5 eps=.5,1,5,4.0,4.0,15.0,0.4
thresh B=1 th=1 N=2,1,5,4.0,4.0,7.0,0.5714285714285714
cap B0=1 eps=.5 Bmax=1,1,5,4.0,4.0,5.0,0.8
skip N=2 (work channel off),1,5,4.0,4.0,12.0,0.3333333333333333
skip N=5 (work channel off),1,5,4.0,4.0,24.0,0.16666666666666666
fixed B=0,3,5,4.0,0.0,9.333333333333334,0.0
fixed B=1,3,5,4.0,1.0,9.666666666666666,0.10344827586206898
fixed B=4,3,5,4.0,4.0,10.666666666666666,0.375
rel B0=0 eps=.5,3,5,4.0,0.0,11.2,0.0
rel B0=1 eps=1,3,5,4.0,4.0,14.5,0.27586206896551724
rel B0=0 eps=2,3,5,4.0,0.0,28.0,0.0
qlen B0=0 gam=1,3,5,4.0,4.0,10.333333333333334,0.4
qlen B0=1 gam=.5 eps=.5,3,5,4.0,4.0,12.2,0.3333333333333333
thresh B=1 th=1 N=2,3,5,4.0,4.0,10.333333333333334,0.3870967741935484
thresh B=0 th=.5 N=3 eps=1,3,5,4.0,0.0,14.75,0.0
cap B0=1 eps=1 Bmax=3,3,5,4.0,4.0,10.333333333333334,0.3870967741935484
cap B0=0 eps=2 Bmax=2,3,5,4.0,0.0,10.0,0.0
cap B0=1 eps=.5 Bmax=1,3,5,4.0,1.0,9.666666666666666,0.10344827586206898
cap+cnt B=1 e=1 th=1 N=2 Bm=4,3,5,4.0,4.0,11.333333333333334,0.3529411764705882
skip N=2 (work channel off),3,5,4.0,4.0,12.0,0.3333333333333333
skip N=5 (work channel off),3,5,4.0,4.0,16.0,0.25
fixed B=0,2,4,4.0,0.0,8.0,0.0
fixed B=1,2,4,4.0,0.0,8.5,0.0
fixed B=4,2,4,4.0,0.0,10.0,0.0
rel B0=0 eps=.5,2,4,4.0,0.0,11.166666666666666,0.0
rel B0=1 eps=1,2,4,4.0,0.0,18.5,0.0
qlen B0=0 gam=1,2,4,4.0,0.0,9.5,0.0
qlen B0=1 gam=.5 eps=.5,2,4,4.0,0.0,12.833333333333334,0.0
thresh B=1 th=1 N=2,2,4,4.0,0.0,9.5,0.0
thresh B=0 th=.5 N=3 eps=1,2,4,4.0,0.0,19.0,0.0
cap B0=1 eps=1 Bmax=3,2,4,4.0,0.0,9.5,0.0
cap B0=1 eps=.5 Bmax=1,2,4,4.0,0.0,8.5,0.0
cap+cnt B=1 e=1 th=1 N=2 Bm=4,2,4,4.0,0.0,11.0,0.0
skip N=2 (work channel off),2,4,4.0,0.0,12.0,0.0
skip N=5 (work channel off),2,4,4.0,0.0,18.0,0.0
fixed B=0,2,3,4.0,0.0,8.0,0.0
fixed B=1,2,3,4.0,0.0,8.5,0.0
fixed B=4,2,3,4.0,0.0,10.0,0.0
rel B0=0 eps=.5,2,3,4.0,0.0,11.333333333333334,0.0
rel B0=1 eps=1,2,3,4.0,0.0,19.0,0.0
qlen B0=0 gam=1,2,3,4.0,0.0,8.5,0.0
qlen B0=1 gam=.5 eps=.5,2,3,4.0,0.0,12.0,0.0
thresh B=1 th=1 N=2,2,3,4.0,0.0,9.5,0.0
thresh B=0 th=.5 N=3 eps=1,2,3,4.0,0.0,19.5,0.0
cap B0=1 eps=1 Bmax=3,2,3,4.0,0.0,9.5,0.0
cap B0=1 eps=.5 Bmax=1,2,3,4.0,0.0,8.5,0.0
cap+cnt B=1 e=1 th=1 N=2 Bm=4,2,3,4.0,0.0,11.0,0.0
skip N=2 (work channel off),2,3,4.0,0.0,12.0,0.0
skip N=5 (work channel off),2,3,4.0,0.0,18.0,0.0
fixed B=0,2,5,1.0,0.0,2.0,0.0
fixed B=1,2,5,1.0,1.0,2.5,0.4
fixed B=4,2,5,1.0,1.5,4.0,0.375
rel B0=0 eps=.5,2,5,1.0,0.0,3.0,0.0
rel B0=1 eps=1,2,5,1.0,1.0,6.0,0.2
qlen B0=0 gam=1,2,5,1.0,0.0,4.0,0.0
qlen B0=1 gam=.5 eps=.5,2,5,1.0,1.0,5.0,0.3
thresh B=1 th=1 N=2,2,5,1.0,1.0,3.5,0.2857142857142857
thresh B=0 th=.5 N=3 eps=1,2,5,1.0,0.0,6.5,0.0
cap B0=1 eps=1 Bmax=3,2,5,1.0,1.0,3.5,0.2857142857142857
cap B0=1 eps=.5 Bmax=1,2,5,1.0,1.0,2.5,0.4
cap+cnt B=1 e=1 th=1 N=2 Bm=4,2,5,1.0,1.0,5.0,0.2
skip N=2 (work channel off),2,5,1.0,1.0,6.0,0.16666666666666666
skip N=5 (work channel off),2,5,1.0,1.5,12.0,0.125
fixed B=0,1,4,4.0,0.0,4.0,0.0
fixed B=1,1,4,4.0,4.0,5.0,0.8
fixed B=4,1,4,4.0,4.0,8.0,0.5
rel B0=0 eps=.5,1,4,4.0,0.0,12.0,0.0
qlen B0=0 gam=1,1,4,4.0,0.0,5.0,0.0
qlen B0=1 gam=.5 eps=.5,1,4,4.0,4.0,16.0,0.4
thresh B=1 th=1 N=2,1,4,4.0,4.0,7.0,0.5714285714285714
cap B0=1 eps=.5 Bmax=1,1,4,4.0,4.0,5.0,0.8
skip N=2 (work channel off),1,4,4.0,4.0,12.0,0.3333333333333333
skip N=5 (work channel off),1,4,4.0,4.0,24.0,0.16666666666666666
fixed B=0,3,8,4.0,0.0,9.333333333333334,0.0
fixed B=1,3,8,4.0,0.0,9.666666666666666,0.0
fixed B=4,3,8,4.0,0.0,10.666666666666666,0.0
rel B0=0 eps=.5,3,8,4.0,0.5,11.4,0.043859649122807015
rel B0=1 eps=1,3,8,4.0,0.0,15.0,0.0
rel B0=0 eps=2,3,8,4.0,0.5,30.0,0.016666666666666666
qlen B0=0 gam=1,3,8,4.0,0.0,11.333333333333334,0.0
qlen B0=1 gam=.5 eps=.5,3,8,4.0,0.0,13.0,0.0
thresh B=1 th=1 N=2,3,8,4.0,0.0,10.333333333333334,0.0
thresh B=0 th=.5 N=3 eps=1,3,8,4.0,0.5,15.25,0.03278688524590164
cap B0=1 eps=1 Bmax=3,3,8,4.0,0.0,10.333333333333334,0.0
cap B0=0 eps=2 Bmax=2,3,8,4.0,0.5,10.0,0.05
cap B0=1 eps=.5 Bmax=1,3,8,4.0,0.0,9.666666666666666,0.0
cap+cnt B=1 e=1 th=1 N=2 Bm=4,3,8,4.0,0.0,11.333333333333334,0.0
skip N=2 (work channel off),3,8,4.0,0.0,12.0,0.0
skip N=5 (work channel off),3,8,4.0,0.0,16.0,0.0
fixed B=0,3,6,4.0,0.0,9.333333333333334,0.0
fixed B=1,3,6,4.0,0.5,9.666666666666666,0.05172413793103449
fixed B=4,3,6,4.0,0.5,10.666666666666666,0.046875
rel B0=0 eps=.5,3,6,4.0,0.5,11.4,0.043859649122807015
rel B0=1 eps=1,3,6,4.0,0.5,15.0,0.034482758620689655
rel B0=0 eps=2,3,6,4.0,0.5,30.0,0.016666666666666666
qlen B0=0 gam=1,3,6,4.0,0.5,10.666666666666666,0.05
qlen B0=1 gam=.5 eps=.5,3,6,4.0,0.5,12.6,0.04310344827586207
thresh B=1 th=1 N=2,3,6,4.0,0.5,10.333333333333334,0.04838709677419355
thresh B=0 th=.5 N=3 eps=1,3,6,4.0,0.5,15.25,0.03278688524590164
cap B0=1 eps=1 Bmax=3,3,6,4.0,0.5,10.333333333333334,0.04838709677419355
cap B0=0 eps=2 Bmax=2,3,6,4.0,0.5,10.0,0.05
cap B0=1 eps=.5 Bmax=1,3,6,4.0,0.5,9.666666666666666,0.05172413793103449
cap+cnt B=1 e=1 th=1 N=2 Bm=4,3,6,4.0,0.5,11.333333333333334,0.044117647058823525
skip N=2 (work channel off),3,6,4.0,0.5,12.0,0.041666666666666664
skip N=5 (work channel off),3,6,4.0,0.5,16.0,0.03125
fixed B=0,2,4,4.0,0.0,8.0,0.0
fixed B=1,2,4,4.0,1.0,8.5,0.11764705882352941
fixed B=4,2,4,4.0,1.0,10.0,0.1
rel B0=0 eps=.5,2,4,4.0,0.0,12.0,0.0
rel B0=1 eps=1,2,4,4.0,1.0,21.0,0.058823529411764705
qlen B0=0 gam=1,2,4,4.0,1.0,9.5,0.11764705882352941
qlen B0=1 gam=.5 eps=.5,2,4,4.0,1.0,13.666666666666668,0.08333333333333333
thresh B=1 th=1 N=2,2,4,4.0,1.0,9.5,0.10526315789473684
thresh B=0 th=.5 N=3 eps=1,2,4,4.0,0.0,21.5,0.0
cap B0=1 eps=1 Bmax=3,2,4,4.0,1.0,9.5,0.10526315789473684
cap B0=1 eps=.5 Bmax=1,2,4,4.0,1.0,8.5,0.11764705882352941
cap+cnt B=1 e=1 th=1 N=2 Bm=4,2,4,4.0,1.0,11.0,0.09090909090909091
skip N=2 (work channel off),2,4,4.0,1.0,12.0,0.08333333333333333
skip N=5 (work channel off),2,4,4.0,1.0,18.0,0.05555555555555555
fixed B=0,3,2,0.5,0.0,1.1666666666666667,0.0
fixed B=1,3,2,0.5,0.0,1.5,0.0
fixed B=4,3,2,0.5,0.0,2.5,0.0
rel B0=0 eps=.5,3,2,0.5,0.0,1.4,0.0
rel B0=1 eps=1,3,2,0.5,0.0,2.25,0.0
rel B0=0 eps=2,3,2,0.5,0.0,3.5,0.0
qlen B0=0 gam=1,3,2,0.5,0.0,1.5,0.0
qlen B0=1 gam=.5 eps=.5,3,2,0.5,0.0,2.0,0.0
thresh B=1 th=1 N=2,3,2,0.5,0.0,2.1666666666666665,0.0
thresh B=0 th=.5 N=3 eps=1,3,2,0.5,0.0,2.5,0.0
cap B0=1 eps=1 Bmax=3,3,2,0.5,0.0,2.1666666666666665,0.0
cap B0=0 eps=2 Bmax=2,3,2,0.5,0.0,1.8333333333333333,0.0
cap B0=1 eps=.5 Bmax=1,3,2,0.5,0.0,1.5,0.0
cap+cnt B=1 e=1 th=1 N=2 Bm=4,3,2,0.5,0.0,3.1666666666666665,0.0
skip N=2 (work channel off),3,2,0.5,0.0,3.8333333333333335,0.0
skip N=5 (work channel off),3,2,0.5,0.0,7.833333333333333,0.0
fixed B=0,2,3,4.0,0.0,8.0,0.0
fixed B=1,2,3,4.0,0.0,8.5,0.0
fixed B=4,2,3,4.0,0.0,10.0,0.0
rel B0=0 eps=.5,2,3,4.0,0.0,10.666666666666666,0.0
rel B0=1 eps=1,2,3,4.0,0.0,17.0,0.0
qlen B0=0 gam=1,2,3,4.0,0.0,8.5,0.0
qlen B0=1 gam=.5 eps=.5,2,3,4.0,0.0,11.666666666666666,0.0
thresh B=1 th=1 N=2,2,3,4.0,0.0,9.5,0.0
thresh B=0 th=.5 N=3 eps=1,2,3,4.0,0.0,17.5,0.0
cap B0=1 eps=1 Bmax=3,2,3,4.0,0.0,9.5,0.0
cap B0=1 eps=.5 Bmax=1,2,3,4.0,0.0,8.5,0.0
cap+cnt B=1 e=1 th=1 N=2 Bm=4,2,3,4.0,0.0,11.0,0.0
skip N=2 (work channel off),2,3,4.0,0.0,12.0,0.0
skip N=5 (work channel off),2,3,4.0,0.0,18.0,0.0
fixed B=0,1,8,4.0,0.0,4.0,0.0
fixed B=1,1,8,4.0,4.0,5.0,0.8
fixed B=4,1,8,4.0,4.0,8.0,0.5
rel B0=0 eps=.5,1,8,4.0,12.0,24.0,0.7058823529411765
qlen B0=0 gam=1,1,8,4.0,4.0,10.0,0.8
qlen B0=1 gam=.5 eps=.5,1,8,4.0,12.5,31.5,0.5681818181818182
thresh B=1 th=1 N=2,1,8,4.0,4.0,7.0,0.5714285714285714
cap B0=1 eps=.5 Bmax=1,1,8,4.0,4.0,5.0,0.8
skip N=2 (work channel off),1,8,4.0,8.0,12.0,0.6666666666666666
skip N=5 (work channel off),1,8,4.0,16.0,24.0,0.6666666666666666
fixed B=0,3,4,1.0,0.0,2.3333333333333335,0.0
fixed B=1,3,4,1.0,0.0,2.6666666666666665,0.0
fixed B=4,3,4,1.0,0.0,3.6666666666666665,0.0
rel B0=0 eps=.5,3,4,1.0,0.0,2.8,0.0
rel B0=1 eps=1,3,4,1.0,0.0,4.0,0.0
rel B0=0 eps=2,3,4,1.0,0.0,7.0,0.0
qlen B0=0 gam=1,3,4,1.0,0.0,3.3333333333333335,0.0
qlen B0=1 gam=.5 eps=.5,3,4,1.0,0.0,3.8,0.0
thresh B=1 th=1 N=2,3,4,1.0,0.0,3.3333333333333335,0.0
thresh B=0 th=.5 N=3 eps=1,3,4,1.0,0.0,4.25,0.0
cap B0=1 eps=1 Bmax=3,3,4,1.0,0.0,3.3333333333333335,0.0
cap B0=0 eps=2 Bmax=2,3,4,1.0,0.0,3.0,0.0
cap B0=1 eps=.5 Bmax=1,3,4,1.0,0.0,2.6666666666666665,0.0
cap+cnt B=1 e=1 th=1 N=2 Bm=4,3,4,1.0,0.0,4.333333333333333,0.0
skip N=2 (work channel off),3,4,1.0,0.0,5.0,0.0
skip N=5 (work channel off),3,4,1.0,0.0,9.0,0.0
fixed B=0,3,5,4.0,0.0,9.333333333333334,0.0
fixed B=1,3,5,4.0,0.0,9.666666666666666,0.0
fixed B=4,3,5,4.0,0.0,10.666666666666666,0.0
rel B0=0 eps=.5,3,5,4.0,0.0,11.2,0.0
rel B0=1 eps=1,3,5,4.0,0.0,14.5,0.0
rel B0=0 eps=2,3,5,4.0,0.0,28.0,0.0
qlen B0=0 gam=1,3,5,4.0,0.0,10.333333333333334,0.0
qlen B0=1 gam=.5 eps=.5,3,5,4.0,0.0,12.2,0.0
thresh B=1 th=1 N=2,3,5,4.0,0.0,10.333333333333334,0.0
thresh B=0 th=.5 N=3 eps=1,3,5,4.0,0.0,14.75,0.0
cap B0=1 eps=1 Bmax=3,3,5,4.0,0.0,10.333333333333334,0.0
cap B0=0 eps=2 Bmax=2,3,5,4.0,0.0,10.0,0.0
cap B0=1 eps=.5 Bmax=1,3,5,4.0,0.0,9.666666666666666,0.0
cap+cnt B=1 e=1 th=1 N=2 Bm=4,3,5,4.0,0.0,11.333333333333334,0.0
skip N=2 (work channel off),3,5,4.0,0.0,12.0,0.0
skip N=5 (work channel off),3,5,4.0,0.0,16.0,0.0
fixed B=0,2,5,4.0,0.0,8.0,0.0
fixed B=1,2,5,4.0,0.5,8.5,0.058823529411764705
fixed B=4,2,5,4.0,0.5,10.0,0.05
rel B0=0 eps=.5,2,5,4.0,0.5,11.0,0.04615384615384615
rel B0=1 eps=1,2,5,4.0,0.5,18.0,0.029411764705882353
qlen B0=0 gam=1,2,5,4.0,0.5,10.0,0.058823529411764705
qlen B0=1 gam=.5 eps=.5,2,5,4.0,0.5,13.0,0.04285714285714286
thresh B=1 th=1 N=2,2,5,4.0,0.5,9.5,0.05263157894736842
thresh B=0 th=.5 N=3 eps=1,2,5,4.0,0.5,18.5,0.027777777777777776
cap B0=1 eps=1 Bmax=3,2,5,4.0,0.5,9.5,0.05263157894736842
cap B0=1 eps=.5 Bmax=1,2,5,4.0,0.5,8.5,0.058823529411764705
cap+cnt B=1 e=1 th=1 N=2 Bm=4,2,5,4.0,0.5,11.0,0.045454545454545456
skip N=2 (work channel off),2,5,4.0,0.5,12.0,0.041666666666666664
skip N=5 (work channel off),2,5,4.0,0.5,18.0,0.027777777777777776
fixed B=0,3,7,4.0,0.0,9.333333333333334,0.0
fixed B=1,3,7,4.0,0.0,9.666666666666666,0.0
fixed B=4,3,7,4.0,0.0,10.666666666666666,0.0
rel B0=0 eps=.5,3,7,4.0,0.0,11.2,0.0
rel B0=1 eps=1,3,7,4.0,0.0,14.5,0.0
rel B0=0 eps=2,3,7,4.0,0.0,28.0,0.0
qlen B0=0 gam=1,3,7,4.0,0.0,10.666666666666666,0.0
qlen B0=1 gam=.5 eps=.5,3,7,4.0,0.0,12.4,0.0
thresh B=1 th=1 N=2,3,7,4.0,0.0,10.333333333333334,0.0
thresh B=0 th=.5 N=3 eps=1,3,7,4.0,0.0,14.75,0.0
cap B0=1 eps=1 Bmax=3,3,7,4.0,0.0,10.333333333333334,0.0
cap B0=0 eps=2 Bmax=2,3,7,4.0,0.0,10.0,0.0
cap B0=1 eps=.5 Bmax=1,3,7,4.0,0.0,9.666666666666666,0.0
cap+cnt B=1 e=1 th=1 N=2 Bm=4,3,7,4.0,0.0,11.333333333333334,0.0
skip N=2 (work channel off),3,7,4.0,0.0,12.0,0.0
skip N=5 (work channel off),3,7,4.0,0.0,16.0,0.0
fixed B=0,2,5,4.0,0.0,8.0,0.0
fixed B=1,2,5,4.0,0.0,8.5,0.0
fixed B=4,2,5,4.0,0.0,10.0,0.0
rel B0=0 eps=.5,2,5,4.0,0.0,10.666666666666666,0.0
rel B0=1 eps=1,2,5,4.0,0.0,17.0,0.0
qlen B0=0 gam=1,2,5,4.0,0.0,9.0,0.0
qlen B0=1 gam=.5 eps=.5,2,5,4.0,0.0,12.0,0.0
thresh B=1 th=1 N=2,2,5,4.0,0.0,9.5,0.0
thresh B=0 th=.5 N=3 eps=1,2,5,4.0,0.0,17.5,0.0
cap B0=1 eps=1 Bmax=3,2,5,4.0,0.0,9.5,0.0
cap B0=1 eps=.5 Bmax=1,2,5,4.0,0.0,8.5,0.0
cap+cnt B=1 e=1 th=1 N=2 Bm=4,2,5,4.0,0.0,11.0,0.0
skip N=2 (work channel off),2,5,4.0,0.0,12.0,0.0
skip N=5 (work channel off),2,5,4.0,0.0,18.0,0.0
fixed B=0,1,3,4.0,0.0,4.0,0.0
fixed B=1,1,3,4.0,0.0,5.0,0.0
fixed B=4,1,3,4.0,0.0,8.0,0.0
rel B0=0 eps=.5,1,3,4.0,0.0,10.0,0.0
qlen B0=0 gam=1,1,3,4.0,0.0,6.0,0.0
qlen B0=1 gam=.5 eps=.5,1,3,4.0,0.0,14.0,0.0
thresh B=1 th=1 N=2,1,3,4.0,0.0,7.0,0.0
cap B0=1 eps=.5 Bmax=1,1,3,4.0,0.0,5.0,0.0
skip N=2 (work channel off),1,3,4.0,0.0,12.0,0.0
skip N=5 (work channel off),1,3,4.0,0.0,24.0,0.0
fixed B=0,2,3,4.0,0.0,8.0,0.0
fixed B=1,2,3,4.0,0.0,8.5,0.0
fixed B=4,2,3,4.0,0.0,10.0,0.0
rel B0=0 eps=.5,2,3,4.0,0.0,11.0,0.0
rel B0=1 eps=1,2,3,4.0,0.0,18.0,0.0
qlen B0=0 gam=1,2,3,4.0,0.0,9.0,0.0
qlen B0=1 gam=.5 eps=.5,2,3,4.0,0.0,12.333333333333334,0.0
thresh B=1 th=1 N=2,2,3,4.0,0.0,9.5,0.0
thresh B=0 th=.5 N=3 eps=1,2,3,4.0,0.0,18.5,0.0
cap B0=1 eps=1 Bmax=3,2,3,4.0,0.0,9.5,0.0
cap B0=1 eps=.5 Bmax=1,2,3,4.0,0.0,8.5,0.0
cap+cnt B=1 e=1 th=1 N=2 Bm=4,2,3,4.0,0.0,11.0,0.0
skip N=2 (work channel off),2,3,4.0,0.0,12.0,0.0
skip N=5 (work channel off),2,3,4.0,0.0,18.0,0.0
fixed B=0,3,4,1.0,0.0,2.3333333333333335,0.0
fixed B=1,3,4,1.0,0.5,2.6666666666666665,0.1875
fixed B=4,3,4,1.0,0.5,3.666666666666667,0.13636363636363638
rel B0=0 eps=.5,3,4,1.0,0.0,2.9,0.0
rel B0=1 eps=1,3,4,1.0,0.5,4.25,0.125
rel B0=0 eps=2,3,4,1.0,0.0,8.0,0.0
qlen B0=0 gam=1,3,4,1.0,0.5,3.3333333333333335,0.16666666666666666
qlen B0=1 gam=.5 eps=.5,3,4,1.0,0.5,3.9000000000000004,0.1388888888888889
thresh B=1 th=1 N=2,3,4,1.0,0.5,3.3333333333333335,0.15
thresh B=0 th=.5 N=3 eps=1,3,4,1.0,0.0,4.5,0.0
cap B0=1 eps=1 Bmax=3,3,4,1.0,0.5,3.3333333333333335,0.15
cap B0=0 eps=2 Bmax=2,3,4,1.0,0.0,3.0,0.0
cap B0=1 eps=.5 Bmax=1,3,4,1.0,0.5,2.6666666666666665,0.1875
cap+cnt B=1 e=1 th=1 N=2 Bm=4,3,4,1.0,0.5,4.333333333333333,0.11538461538461539
skip N=2 (work channel off),3,4,1.0,0.5,5.0,0.1
skip N=5 (work channel off),3,4,1.0,0.5,9.0,0.05555555555555555
fixed B=0,3,2,1.0,0.0,2.3333333333333335,0.0
fixed B=1,3,2,1.0,0.0,2.6666666666666665,0.0
fixed B=4,3,2,1.0,0.0,3.6666666666666665,0.0
rel B0=0 eps=.5,3,2,1.0,0.0,2.8,0.0
rel B0=1 eps=1,3,2,1.0,0.0,4.0,0.0
rel B0=0 eps=2,3,2,1.0,0.0,7.0,0.0
qlen B0=0 gam=1,3,2,1.0,0.0,2.6666666666666665,0.0
qlen B0=1 gam=.5 eps=.5,3,2,1.0,0.0,3.4,0.0
thresh B=1 th=1 N=2,3,2,1.0,0.0,3.3333333333333335,0.0
thresh B=0 th=.5 N=3 eps=1,3,2,1.0,0.0,4.25,0.0
cap B0=1 eps=1 Bmax=3,3,2,1.0,0.0,3.3333333333333335,0.0
cap B0=0 eps=2 Bmax=2,3,2,1.0,0.0,3.0,0.0
cap B0=1 eps=.5 Bmax=1,3,2,1.0,0.0,2.6666666666666665,0.0
cap+cnt B=1 e=1 th=1 N=2 Bm=4,3,2,1.0,0.0,4.333333333333333,0.0
skip N=2 (work channel off),3,2,1.0,0.0,5.0,0.0
skip N=5 (work channel off),3,2,1.0,0.0,9.0,0.0
fixed B=0,2,5,4.0,0.0,8.0,0.0
fixed B=1,2,5,4.0,0.0,8.5,0.0
fixed B=4,2,5,4.0,0.0,10.0,0.0
rel B0=0 eps=.5,2,5,4.0,0.0,10.833333333333334,0.0
rel B0=1 eps=1,2,5,4.0,0.0,17.5,0.0
qlen B0=0 gam=1,2,5,4.0,0.0,9.0,0.0
qlen B0=1 gam=.5 eps=.5,2,5,4.0,0.0,12.166666666666666,0.0
thresh B=1 th=1 N=2,2,5,4.0,0.0,9.5,0.0
thresh B=0 th=.5 N=3 eps=1,2,5,4.0,0.0,18.0,0.0
cap B0=1 eps=1 Bmax=3,2,5,4.0,0.0,9.5,0.0
cap B0=1 eps=.5 Bmax=1,2,5,4.0,0.0,8.5,0.0
cap+cnt B=1 e=1 th=1 N=2 Bm=4,2,5,4.0,0.0,11.0,0.0
skip N=2 (work channel off),2,5,4.0,0.0,12.0,0.0
skip N=5 (work channel off),2,5,4.0,0.0,18.0,0.0
fixed B=0,3,4,1.0,0.0,2.3333333333333335,0.0
fixed B=1,3,4,1.0,0.0,2.6666666666666665,0.0
fixed B=4,3,4,1.0,0.0,3.6666666666666665,0.0
rel B0=0 eps=.5,3,4,1.0,0.0,2.8,0.0
rel B0=1 eps=1,3,4,1.0,0.0,4.0,0.0
rel B0=0 eps=2,3,4,1.0,0.0,7.0,0.0
qlen B0=0 gam=1,3,4,1.0,0.0,3.0,0.0
qlen B0=1 gam=.5 eps=.5,3,4,1.0,0.0,3.6,0.0
thresh B=1 th=1 N=2,3,4,1.0,0.0,3.3333333333333335,0.0
thresh B=0 th=.5 N=3 eps=1,3,4,1.0,0.0,4.25,0.0
cap B0=1 eps=1 Bmax=3,3,4,1.0,0.0,3.3333333333333335,0.0
cap B0=0 eps=2 Bmax=2,3,4,1.0,0.0,3.0,0.0
cap B0=1 eps=.5 Bmax=1,3,4,1.0,0.0,2.6666666666666665,0.0
cap+cnt B=1 e=1 th=1 N=2 Bm=4,3,4,1.0,0.0,4.333333333333333,0.0
skip N=2 (work channel off),3,4,1.0,0.0,5.0,0.0
skip N=5 (work channel off),3,4,1.0,0.0,9.0,0.0
fixed B=0,3,5,4.0,0.0,9.333333333333334,0.0
fixed B=1,3,5,4.0,0.0,9.666666666666666,0.0
fixed B=4,3,5,4.0,0.0,10.666666666666666,0.0
rel B0=0 eps=.5,3,5,4.0,0.0,11.2,0.0
rel B0=1 eps=1,3,5,4.0,0.0,14.5,0.0
rel B0=0 eps=2,3,5,4.0,0.0,28.0,0.0
qlen B0=0 gam=1,3,5,4.0,0.0,10.333333333333334,0.0
qlen B0=1 gam=.5 eps=.5,3,5,4.0,0.0,12.2,0.0
thresh B=1 th=1 N=2,3,5,4.0,0.0,10.333333333333334,0.0
thresh B=0 th=.5 N=3 eps=1,3,5,4.0,0.0,14.75,0.0
cap B0=1 eps=1 Bmax=3,3,5,4.0,0.0,10.333333333333334,0.0
cap B0=0 eps=2 Bmax=2,3,5,4.0,0.0,10.0,0.0
cap B0=1 eps=.5 Bmax=1,3,5,4.0,0.0,9.666666666666666,0.0
cap+cnt B=1 e=1 th=1 N=2 Bm=4,3,5,4.0,0.0,11.333333333333334,0.0
skip N=2 (work channel off),3,5,4.0,0.0,12.0,0.0
skip N=5 (work channel off),3,5,4.0,0.0,16.0,0.0
fixed B=0,1,2,0.5,0.0,0.5,0.0
fixed B=1,1,2,0.5,0.5,1.5,0.3333333333333333
fixed B=4,1,2,0.5,0.5,4.5,0.1111111111111111
rel B0=0 eps=.5,1,2,0.5,0.0,1.0,0.0
qlen B0=0 gam=1,1,2,0.5,0.0,1.5,0.0
qlen B0=1 gam=.5 eps=.5,1,2,0.5,0.5,4.0,0.16666666666666666
thresh B=1 th=1 N=2,1,2,0.5,0.5,3.5,0.14285714285714285
cap B0=1 eps=.5 Bmax=1,1,2,0.5,0.5,1.5,0.3333333333333333
skip N=2 (work channel off),1,2,0.5,0.5,8.5,0.058823529411764705
skip N=5 (work channel off),1,2,0.5,0.5,20.5,0.024390243902439025
fixed B=0,2,3,4.0,0.0,8.0,0.0
fixed B=1,2,3,4.0,0.0,8.5,0.0
fixed B=4,2,3,4.0,0.0,10.0,0.0
rel B0=0 eps=.5,2,3,4.0,0.0,10.666666666666666,0.0
rel B0=1 eps=1,2,3,4.0,0.0,17.0,0.0
qlen B0=0 gam=1,2,3,4.0,0.0,9.0,0.0
qlen B0=1 gam=.5 eps=.5,2,3,4.0,0.0,12.0,0.0
thresh B=1 th=1 N=2,2,3,4.0,0.0,9.5,0.0
thresh B=0 th=.5 N=3 eps=1,2,3,4.0,0.0,17.5,0.0
cap B0=1 eps=1 Bmax=3,2,3,4.0,0.0,9.5,0.0
cap B0=1 eps=.5 Bmax=1,2,3,4.0,0.0,8.5,0.0
cap+cnt B=1 e=1 th=1 N=2 Bm=4,2,3,4.0,0.0,11.0,0.0
skip N=2 (work channel off),2,3,4.0,0.0,12.0,0.0
skip N=5 (work channel off),2,3,4.0,0.0,18.0,0.0
fixed B=0,1,5,4.0,0.0,4.0,0.0
fixed B=1,1,5,4.0,0.0,5.0,0.0
fixed B=4,1,5,4.0,0.0,8.0,0.0
rel B0=0 eps=.5,1,5,4.0,0.0,14.0,0.0
qlen B0=0 gam=1,1,5,4.0,0.0,8.0,0.0
qlen B0=1 gam=.5 eps=.5,1,5,4.0,0.0,20.0,0.0
thresh B=1 th=1 N=2,1,5,4.0,0.0,7.0,0.0
cap B0=1 eps=.5 Bmax=1,1,5,4.0,0.0,5.0,0.0
skip N=2 (work channel off),1,5,4.0,0.0,12.0,0.0
skip N=5 (work channel off),1,5,4.0,0.0,24.0,0.0
fixed B=0,2,3,4.0,0.0,8.0,0.0
fixed B=1,2,3,4.0,0.0,8.5,0.0
fixed B=4,2,3,4.0,0.0,10.0,0.0
rel B0=0 eps=.5,2,3,4.0,0.0,10.666666666666666,0.0
rel B0=1 eps=1,2,3,4.0,0.0,17.0,0.0
qlen B0=0 gam=1,2,3,4.0,0.0,8.0,0.0
qlen B0=1 gam=.5 eps=.5,2,3,4.0,0.0,11.333333333333334,0.0
thresh B=1 th=1 N=2,2,3,4.0,0.0,9.5,0.0
thresh B=0 th=.5 N=3 eps=1,2,3,4.0,0.0,17.5,0.0
cap B0=1 eps=1 Bmax=3,2,3,4.0,0.0,9.5,0.0
cap B0=1 eps=.5 Bmax=1,2,3,4.0,0.0,8.5,0.0
cap+cnt B=1 e=1 th=1 N=2 Bm=4,2,3,4.0,0.0,11.0,0.0
skip N=2 (work channel off),2,3,4.0,0.0,12.0,0.0
skip N=5 (work channel off),2,3,4.0,0.0,18.0,0.0
fixed B=0,3,6,4.0,0.0,9.333333333333334,0.0
fixed B=1,3,6,4.0,4.0,9.666666666666666,0.4137931034482759
fixed B=4,3,6,4.0,4.0,10.666666666666666,0.375
rel B0=0 eps=.5,3,6,4.0,3.0,11.6,0.2631578947368421
rel B0=1 eps=1,3,6,4.0,4.0,15.5,0.27586206896551724
rel B0=0 eps=2,3,6,4.0,3.0,32.0,0.1
qlen B0=0 gam=1,3,6,4.0,1.0,10.666666666666666,0.1
qlen B0=1 gam=.5 eps=.5,3,6,4.0,4.0,12.6,0.3448275862068966
thresh B=1 th=1 N=2,3,6,4.0,4.0,10.333333333333334,0.3870967741935484
thresh B=0 th=.5 N=3 eps=1,3,6,4.0,3.0,15.75,0.19672131147540983
cap B0=1 eps=1 Bmax=3,3,6,4.0,4.0,10.333333333333334,0.3870967741935484
cap B0=0 eps=2 Bmax=2,3,6,4.0,3.0,10.0,0.3
cap B0=1 eps=.5 Bmax=1,3,6,4.0,4.0,9.666666666666666,0.4137931034482759
cap+cnt B=1 e=1 th=1 N=2 Bm=4,3,6,4.0,4.0,11.333333333333334,0.3529411764705882
skip N=2 (work channel off),3,6,4.0,4.0,12.0,0.3333333333333333
skip N=5 (work channel off),3,6,4.0,4.0,16.0,0.25
fixed B=0,1,9,4.0,0.0,4.0,0.0
fixed B=1,1,9,4.0,1.5,5.0,0.3
fixed B=4,1,9,4.0,2.0,8.0,0.25
rel B0=0 eps=.5,1,9,4.0,2.0,21.0,0.16666666666666666
qlen B0=0 gam=1,1,9,4.0,2.0,11.0,0.3333333333333333
qlen B0=1 gam=.5 eps=.5,1,9,4.0,2.0,29.0,0.125
thresh B=1 th=1 N=2,1,9,4.0,0.5,7.0,0.07142857142857142
cap B0=1 eps=.5 Bmax=1,1,9,4.0,1.5,5.0,0.3
skip N=2 (work channel off),1,9,4.0,0.5,12.0,0.041666666666666664
skip N=5 (work channel off),1,9,4.0,2.0,24.0,0.08333333333333333
fixed B=0,1,9,1.0,0.0,1.0,0.0
fixed B=1,1,9,1.0,1.0,2.0,0.5
fixed B=4,1,9,1.0,4.0,5.0,0.8
rel B0=0 eps=.5,1,9,1.0,2.0,8.5,0.5714285714285714
qlen B0=0 gam=1,1,9,1.0,2.0,9.0,0.6666666666666666
qlen B0=1 gam=.5 eps=.5,1,9,1.0,4.0,18.5,0.6666666666666666
thresh B=1 th=1 N=2,1,9,1.0,2.0,4.0,0.5
cap B0=1 eps=.5 Bmax=1,1,9,1.0,1.0,2.0,0.5
skip N=2 (work channel off),1,9,1.0,2.0,9.0,0.2222222222222222
skip N=5 (work channel off),1,9,1.0,4.0,21.0,0.19047619047619047
fixed B=0,1,3,4.0,0.0,4.0,0.0
fixed B=1,1,3,4.0,1.0,5.0,0.2
fixed B=4,1,3,4.0,1.0,8.0,0.125
rel B0=0 eps=.5,1,3,4.0,0.0,8.5,0.0
qlen B0=0 gam=1,1,3,4.0,0.0,5.0,0.0
qlen B0=1 gam=.5 eps=.5,1,3,4.0,1.0,11.5,0.1
thresh B=1 th=1 N=2,1,3,4.0,1.0,7.0,0.14285714285714285
cap B0=1 eps=.5 Bmax=1,1,3,4.0,1.0,5.0,0.2
skip N=2 (work channel off),1,3,4.0,1.0,12.0,0.08333333333333333
skip N=5 (work channel off),1,3,4.0,1.0,24.0,0.041666666666666664
fixed B=0,1,3,1.0,0.0,1.0,0.0
fixed B=1,1,3,1.0,0.5,2.0,0.25
fixed B=4,1,3,1.0,0.5,5.0,0.1
rel B0=0 eps=.5,1,3,1.0,0.5,3.0,0.16666666666666666
qlen B0=0 gam=1,1,3,1.0,0.5,2.0,0.25
qlen B0=1 gam=.5 eps=.5,1,3,1.0,0.5,6.0,0.08333333333333333
thresh B=1 th=1 N=2,1,3,1.0,0.5,4.0,0.125
cap B0=1 eps=.5 Bmax=1,1,3,1.0,0.5,2.0,0.25
skip N=2 (work channel off),1,3,1.0,0.5,9.0,0.05555555555555555
skip N=5 (work channel off),1,3,1.0,0.5,21.0,0.023809523809523808
fixed B=0,2,7,4.0,0.0,8.0,0.0
fixed B=1,2,7,4.0,1.0,8.5,0.11764705882352941
fixed B=4,2,7,4.0,1.0,10.0,0.1
rel B0=0 eps=.5,2,7,4.0,1.0,12.0,0.08571428571428572
rel B0=1 eps=1,2,7,4.0,1.0,21.0,0.05
qlen B0=0 gam=1,2,7,4.0,1.0,10.0,0.10526315789473684
qlen B0=1 gam=.5 eps=.5,2,7,4.0,1.0,13.666666666666668,0.07692307692307693
thresh B=1 th=1 N=2,2,7,4.0,1.0,9.5,0.10526315789473684
thresh B=0 th=.5 N=3 eps=1,2,7,4.0,1.0,21.5,0.04878048780487805
cap B0=1 eps=1 Bmax=3,2,7,4.0,1.0,9.5,0.10526315789473684
cap B0=1 eps=.5 Bmax=1,2,7,4.0,1.0,8.5,0.11764705882352941
cap+cnt B=1 e=1 th=1 N=2 Bm=4,2,7,4.0,1.0,11.0,0.09090909090909091
skip N=2 (work channel off),2,7,4.0,1.0,12.0,0.08333333333333333
skip N=5 (work channel off),2,7,4.0,1.0,18.0,0.05555555555555555
fixed B=0,2,7,4.0,0.0,8.0,0.0
fixed B=1,2,7,4.0,2.5,8.5,0.29411764705882354
fixed B=4,2,7,4.0,2.5,10.0,0.25
rel B0=0 eps=.5,2,7,4.0,2.5,11.166666666666666,0.23076923076923075
rel B0=1 eps=1,2,7,4.0,2.5,18.5,0.14285714285714285
qlen B0=0 gam=1,2,7,4.0,0.0,10.0,0.0
qlen B0=1 gam=.5 eps=.5,2,7,4.0,2.5,13.166666666666666,0.21739130434782608
thresh B=1 th=1 N=2,2,7,4.0,2.5,9.5,0.2631578947368421
thresh B=0 th=.5 N=3 eps=1,2,7,4.0,2.5,19.0,0.1388888888888889
cap B0=1 eps=1 Bmax=3,2,7,4.0,2.5,9.5,0.2631578947368421
cap B0=1 eps=.5 Bmax=1,2,7,4.0,2.5,8.5,0.29411764705882354
cap+cnt B=1 e=1 th=1 N=2 Bm=4,2,7,4.0,2.5,11.0,0.22727272727272727
skip N=2 (work channel off),2,7,4.0,2.5,12.0,0.20833333333333334
skip N=5 (work channel off),2,7,4.0,2.5,18.0,0.1388888888888889
fixed B=0,1,4,1.0,0.0,1.0,0.0
fixed B=1,1,4,1.0,1.0,2.0,0.5
fixed B=4,1,4,1.0,1.0,5.0,0.2
rel B0=0 eps=.5,1,4,1.0,1.0,3.5,0.4
qlen B0=0 gam=1,1,4,1.0,1.0,4.0,0.5
qlen B0=1 gam=.5 eps=.5,1,4,1.0,1.0,8.5,0.25
thresh B=1 th=1 N=2,1,4,1.0,1.0,4.0,0.25
cap B0=1 eps=.5 Bmax=1,1,4,1.0,1.0,2.0,0.5
skip N=2 (work channel off),1,4,1.0,1.0,9.0,0.1111111111111111
skip N=5 (work channel off),1,4,1.0,1.0,21.0,0.047619047619047616
fixed B=0,1,4,4.0,0.0,4.0,0.0
fixed B=1,1,4,4.0,1.0,5.0,0.2
fixed B=4,1,4,4.0,1.0,8.0,0.125
rel B0=0 eps=.5,1,4,4.0,1.0,13.5,0.08333333333333333
qlen B0=0 gam=1,1,4,4.0,1.0,7.0,0.2
qlen B0=1 gam=.5 eps=.5,1,4,4.0,1.0,18.5,0.1
thresh B=1 th=1 N=2,1,4,4.0,1.0,7.0,0.14285714285714285
cap B0=1 eps=.5 Bmax=1,1,4,4.0,1.0,5.0,0.2
skip N=2 (work channel off),1,4,4.0,1.0,12.0,0.08333333333333333
skip N=5 (work channel off),1,4,4.0,1.0,24.0,0.041666666666666664
fixed B=0,3,8,4.0,0.0,9.333333333333334,0.0
fixed B=1,3,8,4.0,4.0,9.666666666666666,0.4137931034482759
fixed B=4,3,8,4.0,4.0,10.666666666666666,0.375
rel B0=0 eps=.5,3,8,4.0,0.0,12.0,0.0
rel B0=1 eps=1,3,8,4.0,4.0,16.5,0.27586206896551724
rel B0=0 eps=2,3,8,4.0,0.0,36.0,0.0
qlen B0=0 gam=1,3,8,4.0,4.0,11.666666666666666,0.4137931034482759
qlen B0=1 gam=.5 eps=.5,3,8,4.0,4.0,13.8,0.3389830508474576
thresh B=1 th=1 N=2,3,8,4.0,4.0,10.333333333333334,0.3870967741935484
thresh B=0 th=.5 N=3 eps=1,3,8,4.0,0.0,16.75,0.0
cap B0=1 eps=1 Bmax=3,3,8,4.0,4.0,10.333333333333334,0.3870967741935484
cap B0=0 eps=2 Bmax=2,3,8,4.0,0.0,10.0,0.0
cap B0=1 eps=.5 Bmax=1,3,8,4.0,4.0,9.666666666666666,0.4137931034482759
cap+cnt B=1 e=1 th=1 N=2 Bm=4,3,8,4.0,4.0,11.333333333333334,0.3529411764705882
skip N=2 (work channel off),3,8,4.0,4.0,12.0,0.3333333333333333
skip N=5 (work channel off),3,8,4.0,4.0,16.0,0.25
fixed B=0,2,5,4.0,0.0,8.0,0.0
fixed B=1,2,5,4.0,0.5,8.5,0.058823529411764705
fixed B=4,2,5,4.0,0.5,10.0,0.05
rel B0=0 eps=.5,2,5,4.0,0.0,12.0,0.0
rel B0=1 eps=1,2,5,4.0,0.5,21.0,0.029411764705882353
qlen B0=0 gam=1,2,5,4.0,0.0,9.5,0.0
qlen B0=1 gam=.5 eps=.5,2,5,4.0,0.5,13.666666666666668,0.044117647058823525
thresh B=1 th=1 N=2,2,5,4.0,0.5,9.5,0.05263157894736842
thresh B=0 th=.5 N=3 eps=1,2,5,4.0,0.0,21.5,0.0
cap B0=1 eps=1 Bmax=3,2,5,4.0,0.5,9.5,0.05263157894736842
cap B0=1 eps=.5 Bmax=1,2,5,4.0,0.5,8.5,0.058823529411764705
cap+cnt B=1 e=1 th=1 N=2 Bm=4,2,5,4.0,0.5,11.0,0.045454545454545456
skip N=2 (work channel off),2,5,4.0,0.5,12.0,0.041666666666666664
skip N=5 (work channel off),2,5,4.0,0.5,18.0,0.027777777777777776
fixed B=0,3,7,4.0,0.0,9.333333333333334,0.0
fixed B=1,3,7,4.0,3.5,9.666666666666666,0.3620689655172414
fixed B=4,3,7,4.0,3.5,10.666666666666666,0.328125
rel B0=0 eps=.5,3,7,4.0,3.5,11.6,0.30701754385964913
rel B0=1 eps=1,3,7,4.0,3.5,15.5,0.23333333333333334
rel B0=0 eps=2,3,7,4.0,3.5,32.0,0.11666666666666667
qlen B0=0 gam=1,3,7,4.0,3.5,10.666666666666666,0.328125
qlen B0=1 gam=.5 eps=.5,3,7,4.0,3.5,12.6,0.2777777777777778
thresh B=1 th=1 N=2,3,7,4.0,3.5,10.333333333333334,0.3387096774193548
thresh B=0 th=.5 N=3 eps=1,3,7,4.0,3.5,15.75,0.22950819672131148
cap B0=1 eps=1 Bmax=3,3,7,4.0,3.5,10.333333333333334,0.3387096774193548
cap B0=0 eps=2 Bmax=2,3,7,4.0,3.5,10.0,0.35
cap B0=1 eps=.5 Bmax=1,3,7,4.0,3.5,9.666666666666666,0.3620689655172414
cap+cnt B=1 e=1 th=1 N=2 Bm=4,3,7,4.0,3.5,11.333333333333334,0.30882352941176466
skip N=2 (work channel off),3,7,4.0,3.5,12.0,0.2916666666666667
skip N=5 (work channel off),3,7,4.0,3.5,16.0,0.21875
fixed B=0,3,2,4.0,0.0,9.333333333333334,0.0
fixed B=1,3,2,4.0,0.0,9.666666666666666,0.0
fixed B=4,3,2,4.0,0.0,10.666666666666666,0.0
rel B0=0 eps=.5,3,2,4.0,0.0,11.2,0.0
rel B0=1 eps=1,3,2,4.0,0.0,14.5,0.0
rel B0=0 eps=2,3,2,4.0,0.0,28.0,0.0
qlen B0=0 gam=1,3,2,4.0,0.0,9.666666666666666,0.0
qlen B0=1 gam=.5 eps=.5,3,2,4.0,0.0,11.8,0.0
thresh B=1 th=1 N=2,3,2,4.0,0.0,10.333333333333334,0.0
thresh B=0 th=.5 N=3 eps=1,3,2,4.0,0.0,14.75,0.0
cap B0=1 eps=1 Bmax=3,3,2,4.0,0.0,10.333333333333334,0.0
cap B0=0 eps=2 Bmax=2,3,2,4.0,0.0,10.0,0.0
cap B0=1 eps=.5 Bmax=1,3,2,4.0,0.0,9.666666666666666,0.0
cap+cnt B=1 e=1 th=1 N=2 Bm=4,3,2,4.0,0.0,11.333333333333334,0.0
skip N=2 (work channel off),3,2,4.0,0.0,12.0,0.0
skip N=5 (work channel off),3,2,4.0,0.0,16.0,0.0
fixed B=0,1,9,1.0,0.0,1.0,0.0
fixed B=1,1,9,1.0,0.0,2.0,0.0
fixed B=4,1,9,1.0,0.0,5.0,0.0
rel B0=0 eps=.5,1,9,1.0,1.0,3.5,0.3333333333333333
qlen B0=0 gam=1,1,9,1.0,0.0,6.0,0.0
qlen B0=1 gam=.5 eps=.5,1,9,1.0,0.0,10.5,0.0
thresh B=1 th=1 N=2,1,9,1.0,0.0,4.0,0.0
cap B0=1 eps=.5 Bmax=1,1,9,1.0,0.0,2.0,0.0
skip N=2 (work channel off),1,9,1.0,0.0,9.0,0.0
skip N=5 (work channel off),1,9,1.0,0.0,21.0,0.0
fixed B=0,2,7,4.0,0.0,8.0,0.0
fixed B=1,2,7,4.0,1.0,8.5,0.11764705882352941
fixed B=4,2,7,4.0,1.0,10.0,0.1
rel B0=0 eps=.5,2,7,4.0,3.0,11.333333333333334,0.2727272727272727
rel B0=1 eps=1,2,7,4.0,1.0,19.0,0.058823529411764705
qlen B0=0 gam=1,2,7,4.0,2.0,10.0,0.2222222222222222
qlen B0=1 gam=.5 eps=.5,2,7,4.0,1.0,13.0,0.08823529411764705
thresh B=1 th=1 N=2,2,7,4.0,1.0,9.5,0.10526315789473684
thresh B=0 th=.5 N=3 eps=1,2,7,4.0,3.0,19.5,0.16216216216216217
cap B0=1 eps=1 Bmax=3,2,7,4.0,1.0,9.5,0.10526315789473684
cap B0=1 eps=.5 Bmax=1,2,7,4.0,1.0,8.5,0.11764705882352941
cap+cnt B=1 e=1 th=1 N=2 Bm=4,2,7,4.0,1.0,11.0,0.09090909090909091
skip N=2 (work channel off),2,7,4.0,1.0,12.0,0.08333333333333333
skip N=5 (work channel off),2,7,4.0,1.0,18.0,0.05555555555555555
fixed B=0,3,3,4.0,0.0,9.333333333333334,0.0
fixed B=1,3,3,4.0,0.0,9.666666666666666,0.0
fixed B=4,3,3,4.0,0.0,10.666666666666666,0.0
rel B0=0 eps=.5,3,3,4.0,0.0,11.2,0.0
rel B0=1 eps=1,3,3,4.0,0.0,14.5,0.0
rel B0=0 eps=2,3,3,4.0,0.0,28.0,0.0
qlen B0=0 gam=1,3,3,4.0,0.0,9.666666666666666,0.0
qlen B0=1 gam=.5 eps=.5,3,3,4.0,0.0,11.8,0.0
thresh B=1 th=1 N=2,3,3,4.0,0.0,10.333333333333334,0.0
thresh B=0 th=.5 N=3 eps=1,3,3,4.0,0.0,14.75,0.0
cap B0=1 eps=1 Bmax=3,3,3,4.0,0.0,10.333333333333334,0.0
cap B0=0 eps=2 Bmax=2,3,3,4.0,0.0,10.0,0.0
cap B0=1 eps=.5 Bmax=1,3,3,4.0,0.0,9.666666666666666,0.0
cap+cnt B=1 e=1 th=1 N=2 Bm=4,3,3,4.0,0.0,11.333333333333334,0.0
skip N=2 (work channel off),3,3,4.0,0.0,12.0,0.0
skip N=5 (work channel off),3,3,4.0,0.0,16.0,0.0
fixed B=0,2,5,4.0,0.0,8.0,0.0
fixed B=1,2,5,4.0,4.0,8.5,0.47058823529411764
fixed B=4,2,5,4.0,4.0,10.0,0.4
rel B0=0 eps=.5,2,5,4.0,0.5,12.0,0.041666666666666664
rel B0=1 eps=1,2,5,4.0,4.0,21.0,0.23529411764705882
qlen B0=0 gam=1,2,5,4.0,0.5,10.0,0.05263157894736842
qlen B0=1 gam=.5 eps=.5,2,5,4.0,4.0,14.0,0.3529411764705882
thresh B=1 th=1 N=2,2,5,4.0,4.0,9.5,0.42105263157894735
thresh B=0 th=.5 N=3 eps=1,2,5,4.0,0.5,21.5,0.023255813953488372
cap B0=1 eps=1 Bmax=3,2,5,4.0,4.0,9.5,0.42105263157894735
cap B0=1 eps=.5 Bmax=1,2,5,4.0,4.0,8.5,0.47058823529411764
cap+cnt B=1 e=1 th=1 N=2 Bm=4,2,5,4.0,4.0,11.0,0.36363636363636365
skip N=2 (work channel off),2,5,4.0,4.0,12.0,0.3333333333333333
skip N=5 (work channel off),2,5,4.0,4.0,18.0,0.2222222222222222
fixed B=0,3,6,4.0,0.0,9.333333333333334,0.0
fixed B=1,3,6,4.0,1.5,9.666666666666666,0.15517241379310345
fixed B=4,3,6,4.0,1.5,10.666666666666666,0.140625
rel B0=0 eps=.5,3,6,4.0,0.0,11.3,0.0
rel B0=1 eps=1,3,6,4.0,1.5,14.75,0.10344827586206896
rel B0=0 eps=2,3,6,4.0,0.0,29.0,0.0
qlen B0=0 gam=1,3,6,4.0,1.5,10.666666666666666,0.15
qlen B0=1 gam=.5 eps=.5,3,6,4.0,1.5,12.5,0.125
thresh B=1 th=1 N=2,3,6,4.0,1.5,10.333333333333334,0.14516129032258063
thresh B=0 th=.5 N=3 eps=1,3,6,4.0,0.0,15.0,0.0
cap B0=1 eps=1 Bmax=3,3,6,4.0,1.5,10.333333333333334,0.14516129032258063
cap B0=0 eps=2 Bmax=2,3,6,4.0,0.0,10.0,0.0
cap B0=1 eps=.5 Bmax=1,3,6,4.0,1.5,9.666666666666666,0.15517241379310345
cap+cnt B=1 e=1 th=1 N=2 Bm=4,3,6,4.0,1.5,11.333333333333334,0.1323529411764706
skip N=2 (work channel off),3,6,4.0,1.5,12.0,0.125
skip N=5 (work channel off),3,6,4.0,1.5,16.0,0.09375
fixed B=0,2,9,4.0,0.0,8.0,0.0
fixed B=1,2,9,4.0,0.0,8.5,0.0
fixed B=4,2,9,4.0,0.0,10.0,0.0
rel B0=0 eps=.5,2,9,4.0,0.0,13.5,0.0
rel B0=1 eps=1,2,9,4.0,0.0,25.5,0.0
qlen B0=0 gam=1,2,9,4.0,0.0,12.0,0.0
qlen B0=1 gam=.5 eps=.5,2,9,4.0,0.0,16.833333333333332,0.0
thresh B=1 th=1 N=2,2,9,4.0,0.0,9.5,0.0
thresh B=0 th=.5 N=3 eps=1,2,9,4.0,0.0,26.0,0.0
cap B0=1 eps=1 Bmax=3,2,9,4.0,0.0,9.5,0.0
cap B0=1 eps=.5 Bmax=1,2,9,4.0,0.0,8.5,0.0
cap+cnt B=1 e=1 th=1 N=2 Bm=4,2,9,4.0,0.0,11.0,0.0
skip N=2 (work channel off),2,9,4.0,0.0,12.0,0.0
skip N=5 (work channel off),2,9,4.0,0.0,18.0,0.0
fixed B=0,3,4,4.0,0.0,9.333333333333334,0.0
fixed B=1,3,4,4.0,0.5,9.666666666666666,0.05172413793103449
fixed B=4,3,4,4.0,0.5,10.666666666666666,0.046875
rel B0=0 eps=.5,3,4,4.0,0.0,11.3,0.0
rel B0=1 eps=1,3,4,4.0,0.5,14.75,0.034482758620689655
rel B0=0 eps=2,3,4,4.0,0.0,29.0,0.0
qlen B0=0 gam=1,3,4,4.0,0.5,10.333333333333334,0.05172413793103449
qlen B0=1 gam=.5 eps=.5,3,4,4.0,0.5,12.3,0.0423728813559322
thresh B=1 th=1 N=2,3,4,4.0,0.5,10.333333333333334,0.04838709677419355
thresh B=0 th=.5 N=3 eps=1,3,4,4.0,0.0,15.0,0.0
cap B0=1 eps=1 Bmax=3,3,4,4.0,0.5,10.333333333333334,0.04838709677419355
cap B0=0 eps=2 Bmax=2,3,4,4.0,0.0,10.0,0.0
cap B0=1 eps=.5 Bmax=1,3,4,4.0,0.5,9.666666666666666,0.05172413793103449
cap+cnt B=1 e=1 th=1 N=2 Bm=4,3,4,4.0,0.5,11.333333333333334,0.044117647058823525
skip N=2 (work channel off),3,4,4.0,0.5,12.0,0.041666666666666664
skip N=5 (work channel off),3,4,4.0,0.5,16.0,0.03125
fixed B=0,3,3,4.0,0.0,9.333333333333334,0.0
fixed B=1,3,3,4.0,0.0,9.666666666666666,0.0
fixed B=4,3,3,4.0,0.0,10.666666666666666,0.0
rel B0=0 eps=.5,3,3,4.0,0.0,11.2,0.0
rel B0=1 eps=1,3,3,4.0,0.0,14.5,0.0
rel B0=0 eps=2,3,3,4.0,0.0,28.0,0.0
qlen B0=0 gam=1,3,3,4.0,0.0,10.0,0.0
qlen B0=1 gam=.5 eps=.5,3,3,4.0,0.0,12.0,0.0
thresh B=1 th=1 N=2,3,3,4.0,0.0,10.333333333333334,0.0
thresh B=0 th=.5 N=3 eps=1,3,3,4.0,0.0,14.75,0.0
cap B0=1 eps=1 Bmax=3,3,3,4.0,0.0,10.333333333333334,0.0
cap B0=0 eps=2 Bmax=2,3,3,4.0,0.0,10.0,0.0
cap B0=1 eps=.5 Bmax=1,3,3,4.0,0.0,9.666666666666666,0.0
cap+cnt B=1 e=1 th=1 N=2 Bm=4,3,3,4.0,0.0,11.333333333333334,0.0
skip N=2 (work channel off),3,3,4.0,0.0,12.0,0.0
skip N=5 (work channel off),3,3,4.0,0.0,16.0,0.0
fixed B=0,2,7,4.0,0.0,8.0,0.0
fixed B=1,2,7,4.0,0.5,8.5,0.058823529411764705
fixed B=4,2,7,4.0,0.5,10.0,0.05
rel B0=0 eps=.5,2,7,4.0,0.0,10.833333333333334,0.0
rel B0=1 eps=1,2,7,4.0,0.5,17.5,0.029411764705882353
qlen B0=0 gam=1,2,7,4.0,0.5,9.5,0.058823529411764705
qlen B0=1 gam=.5 eps=.5,2,7,4.0,0.5,12.5,0.044117647058823525
thresh B=1 th=1 N=2,2,7,4.0,0.5,9.5,0.05263157894736842
thresh B=0 th=.5 N=3 eps=1,2,7,4.0,0.0,18.0,0.0
cap B0=1 eps=1 Bmax=3,2,7,4.0,0.5,9.5,0.05263157894736842
cap B0=1 eps=.5 Bmax=1,2,7,4.0,0.5,8.5,0.058823529411764705
cap+cnt B=1 e=1 th=1 N=2 Bm=4,2,7,4.0,0.5,11.0,0.045454545454545456
skip N=2 (work channel off),2,7,4.0,0.5,12.0,0.041666666666666664
skip N=5 (work channel off),2,7,4.0,0.5,18.0,0.027777777777777776
fixed B=0,1,6,4.0,0.0,4.0,0.0
fixed B=1,1,6,4.0,0.0,5.0,0.0
fixed B=4,1,6,4.0,0.0,8.0,0.0
rel B0=0 eps=.5,1,6,4.0,0.0,18.5,0.0
qlen B0=0 gam=1,1,6,4.0,0.0,9.0,0.0
qlen B0=1 gam=.5 eps=.5,1,6,4.0,0.0,25.5,0.0
thresh B=1 th=1 N=2,1,6,4.0,0.0,7.0,0.0
cap B0=1 eps=.5 Bmax=1,1,6,4.0,0.0,5.0,0.0
skip N=2 (work channel off),1,6,4.0,0.0,12.0,0.0
skip N=5 (work channel off),1,6,4.0,0.0,24.0,0.0
fixed B=0,3,3,4.0,0.0,9.333333333333334,0.0
fixed B=1,3,3,4.0,0.0,9.666666666666666,0.0
fixed B=4,3,3,4.0,0.0,10.666666666666666,0.0
rel B0=0 eps=.5,3,3,4.0,0.0,11.2,0.0
rel B0=1 eps=1,3,3,4.0,0.0,14.5,0.0
rel B0=0 eps=2,3,3,4.0,0.0,28.0,0.0
qlen B0=0 gam=1,3,3,4.0,0.0,10.0,0.0
qlen B0=1 gam=.5 eps=.5,3,3,4.0,0.0,12.0,0.0
thresh B=1 th=1 N=2,3,3,4.0,0.0,10.333333333333334,0.0
thresh B=0 th=.5 N=3 eps=1,3,3,4.0,0.0,14.75,0.0
cap B0=1 eps=1 Bmax=3,3,3,4.0,0.0,10.333333333333334,0.0
cap B0=0 eps=2 Bmax=2,3,3,4.0,0.0,10.0,0.0
cap B0=1 eps=.5 Bmax=1,3,3,4.0,0.0,9.666666666666666,0.0
cap+cnt B=1 e=1 th=1 N=2 Bm=4,3,3,4.0,0.0,11.333333333333334,0.0
skip N=2 (work channel off),3,3,4.0,0.0,12.0,0.0
skip N=5 (work channel off),3,3,4.0,0.0,16.0,0.0
fixed B=0,1,2,1.0,0.0,1.0,0.0
fixed B=1,1,2,1.0,0.0,2.0,0.0
fixed B=4,1,2,1.0,0.0,5.0,0.0
rel B0=0 eps=.5,1,2,1.0,0.0,3.0,0.0
qlen B0=0 gam=1,1,2,1.0,0.0,2.0,0.0
qlen B0=1 gam=.5 eps=.5,1,2,1.0,0.0,6.0,0.0
thresh B=1 th=1 N=2,1,2,1.0,0.0,4.0,0.0
cap B0=1 eps=.5 Bmax=1,1,2,1.0,0.0,2.0,0.0
skip N=2 (work channel off),1,2,1.0,0.0,9.0,0.0
skip N=5 (work channel off),1,2,1.0,0.0,21.0,0.0
fixed B=0,2,7,4.0,0.0,8.0,0.0
fixed B=1,2,7,4.0,0.0,8.5,0.0
fixed B=4,2,7,4.0,0.0,10.0,0.0
rel B0=0 eps=.5,2,7,4.0,0.0,11.333333333333334,0.0
rel B0=1 eps=1,2,7,4.0,0.0,19.0,0.0
qlen B0=0 gam=1,2,7,4.0,0.0,9.5,0.0
qlen B0=1 gam=.5 eps=.5,2,7,4.0,0.0,12.333333333333334,0.0
thresh B=1 th=1 N=2,2,7,4.0,0.0,9.5,0.0
thresh B=0 th=.5 N=3 eps=1,2,7,4.0,0.0,19.5,0.0
cap B0=1 eps=1 Bmax=3,2,7,4.0,0.0,9.5,0.0
cap B0=1 eps=.5 Bmax=1,2,7,4.0,0.0,8.5,0.0
cap+cnt B=1 e=1 th=1 N=2 Bm=4,2,7,4.0,0.0,11.0,0.0
skip N=2 (work channel off),2,7,4.0,0.0,12.0,0.0
skip N=5 (work channel off),2,7,4.0,0.0,18.0,0.0
fixed B=0,3,2,4.0,0.0,9.333333333333334,0.0
fixed B=1,3,2,4.0,0.0,9.666666666666666,0.0
fixed B=4,3,2,4.0,0.0,10.666666666666666,0.0
rel B0=0 eps=.5,3,2,4.0,0.0,11.2,0.0
rel B0=1 eps=1,3,2,4.0,0.0,14.5,0.0
rel B0=0 eps=2,3,2,4.0,0.0,28.0,0.0
qlen B0=0 gam=1,3,2,4.0,0.0,9.666666666666666,0.0
qlen B0=1 gam=.5 eps=.5,3,2,4.0,0.0,11.8,0.0
thresh B=1 th=1 N=2,3,2,4.0,0.0,10.333333333333334,0.0
thresh B=0 th=.5 N=3 eps=1,3,2,4.0,0.0,14.75,0.0
cap B0=1 eps=1 Bmax=3,3,2,4.0,0.0,10.333333333333334,0.0
cap B0=0 eps=2 Bmax=2,3,2,4.0,0.0,10.0,0.0
cap B0=1 eps=.5 Bmax=1,3,2,4.0,0.0,9.666666666666666,0.0
cap+cnt B=1 e=1 th=1 N=2 Bm=4,3,2,4.0,0.0,11.333333333333334,0.0
skip N=2 (work channel off),3,2,4.0,0.0,12.0,0.0
skip N=5 (work channel off),3,2,4.0,0.0,16.0,0.0
fixed B=0,3,3,4.0,0.0,9.333333333333334,0.0
fixed B=1,3,3,4.0,0.0,9.666666666666666,0.0
fixed B=4,3,3,4.0,0.0,10.666666666666666,0.0
rel B0=0 eps=.5,3,3,4.0,0.0,11.2,0.0
rel B0=1 eps=1,3,3,4.0,0.0,14.5,0.0
rel B0=0 eps=2,3,3,4.0,0.0,28.0,0.0
qlen B0=0 gam=1,3,3,4.0,0.0,9.666666666666666,0.0
qlen B0=1 gam=.5 eps=.5,3,3,4.0,0.0,11.8,0.0
thresh B=1 th=1 N=2,3,3,4.0,0.0,10.333333333333334,0.0
thresh B=0 th=.5 N=3 eps=1,3,3,4.0,0.0,14.75,0.0
cap B0=1 eps=1 Bmax=3,3,3,4.0,0.0,10.333333333333334,0.0
cap B0=0 eps=2 Bmax=2,3,3,4.0,0.0,10.0,0.0
cap B0=1 eps=.5 Bmax=1,3,3,4.0,0.0,9.666666666666666,0.0
cap+cnt B=1 e=1 th=1 N=2 Bm=4,3,3,4.0,0.0,11.333333333333334,0.0
skip N=2 (work channel off),3,3,4.0,0.0,12.0,0.0
skip N=5 (work channel off),3,3,4.0,0.0,16.0,0.0
fixed B=0,1,7,0.5,0.0,0.5,0.0
fixed B=1,1,7,0.5,0.0,1.5,0.0
fixed B=4,1,7,0.5,0.0,4.5,0.0
rel B0=0 eps=.5,1,7,0.5,0.0,2.0,0.0
qlen B0=0 gam=1,1,7,0.5,0.0,3.5,0.0
qlen B0=1 gam=.5 eps=.5,1,7,0.5,0.0,7.0,0.0
thresh B=1 th=1 N=2,1,7,0.5,0.0,3.5,0.0
cap B0=1 eps=.5 Bmax=1,1,7,0.5,0.0,1.5,0.0
skip N=2 (work channel off),1,7,0.5,0.0,8.5,0.0
skip N=5 (work channel off),1,7,0.5,0.0,20.5,0.0
fixed B=0,2,9,4.0,0.0,8.0,0.0
fixed B=1,2,9,4.0,4.5,8.5,0.5294117647058824
fixed B=4,2,9,4.0,4.0,10.0,0.4
rel B0=0 eps=.5,2,9,4.0,3.5,12.333333333333332,0.3181818181818182
rel B0=1 eps=1,2,9,4.0,4.0,22.0,0.23529411764705882
qlen B0=0 gam=1,2,9,4.0,3.0,10.5,0.3157894736842105
qlen B0=1 gam=.5 eps=.5,2,9,4.0,4.0,14.666666666666668,0.3529411764705882
thresh B=1 th=1 N=2,2,9,4.0,4.0,9.5,0.42105263157894735
thresh B=0 th=.5 N=3 eps=1,2,9,4.0,3.5,22.5,0.1891891891891892
cap B0=1 eps=1 Bmax=3,2,9,4.0,4.0,9.5,0.42105263157894735
cap B0=1 eps=.5 Bmax=1,2,9,4.0,4.5,8.5,0.5294117647058824
cap+cnt B=1 e=1 th=1 N=2 Bm=4,2,9,4.0,4.0,11.0,0.36363636363636365
skip N=2 (work channel off),2,9,4.0,4.0,12.0,0.3333333333333333
skip N=5 (work channel off),2,9,4.0,5.0,18.0,0.2777777777777778
fixed B=0,3,4,4.0,0.0,9.333333333333334,0.0
fixed B=1,3,4,4.0,0.0,9.666666666666666,0.0
fixed B=4,3,4,4.0,0.0,10.666666666666666,0.0
rel B0=0 eps=.5,3,4,4.0,0.0,11.2,0.0
rel B0=1 eps=1,3,4,4.0,0.0,14.5,0.0
rel B0=0 eps=2,3,4,4.0,0.0,28.0,0.0
qlen B0=0 gam=1,3,4,4.0,0.0,10.0,0.0
qlen B0=1 gam=.5 eps=.5,3,4,4.0,0.0,12.0,0.0
thresh B=1 th=1 N=2,3,4,4.0,0.0,10.333333333333334,0.0
thresh B=0 th=.5 N=3 eps=1,3,4,4.0,0.0,14.75,0.0
cap B0=1 eps=1 Bmax=3,3,4,4.0,0.0,10.333333333333334,0.0
cap B0=0 eps=2 Bmax=2,3,4,4.0,0.0,10.0,0.0
cap B0=1 eps=.5 Bmax=1,3,4,4.0,0.0,9.666666666666666,0.0
cap+cnt B=1 e=1 th=1 N=2 Bm=4,3,4,4.0,0.0,11.333333333333334,0.0
skip N=2 (work channel off),3,4,4.0,0.0,12.0,0.0
skip N=5 (work channel off),3,4,4.0,0.0,16.0,0.0
fixed B=0,2,5,1.0,0.0,2.0,0.0
fixed B=1,2,5,1.0,0.0,2.5,0.0
fixed B=4,2,5,1.0,0.0,4.0,0.0
rel B0=0 eps=.5,2,5,1.0,0.0,2.6666666666666665,0.0
rel B0=1 eps=1,2,5,1.0,0.0,5.0,0.0
qlen B0=0 gam=1,2,5,1.0,0.0,3.0,0.0
qlen B0=1 gam=.5 eps=.5,2,5,1.0,0.0,4.0,0.0
thresh B=1 th=1 N=2,2,5,1.0,0.0,3.5,0.0
thresh B=0 th=.5 N=3 eps=1,2,5,1.0,0.0,5.5,0.0
cap B0=1 eps=1 Bmax=3,2,5,1.0,0.0,3.5,0.0
cap B0=1 eps=.5 Bmax=1,2,5,1.0,0.0,2.5,0.0
cap+cnt B=1 e=1 th=1 N=2 Bm=4,2,5,1.0,0.0,5.0,0.0
skip N=2 (work channel off),2,5,1.0,0.0,6.0,0.0
skip N=5 (work channel off),2,5,1.0,0.0,12.0,0.0
fixed B=0,2,6,4.0,0.0,8.0,0.0
fixed B=1,2,6,4.0,0.0,8.5,0.0
fixed B=4,2,6,4.0,0.0,10.0,0.0
rel B0=0 eps=.5,2,6,4.0,0.0,11.5,0.0
rel B0=1 eps=1,2,6,4.0,0.0,19.5,0.0
qlen B0=0 gam=1,2,6,4.0,0.0,10.5,0.0
qlen B0=1 gam=.5 eps=.5,2,6,4.0,0.0,13.833333333333332,0.0
thresh B=1 th=1 N=2,2,6,4.0,0.0,9.5,0.0
thresh B=0 th=.5 N=3 eps=1,2,6,4.0,0.0,20.0,0.0
cap B0=1 eps=1 Bmax=3,2,6,4.0,0.0,9.5,0.0
cap B0=1 eps=.5 Bmax=1,2,6,4.0,0.0,8.5,0.0
cap+cnt B=1 e=1 th=1 N=2 Bm=4,2,6,4.0,0.0,11.0,0.0
skip N=2 (work channel off),2,6,4.0,0.0,12.0,0.0
skip N=5 (work channel off),2,6,4.0,0.0,18.0,0.0
fixed B=0,1,2,4.0,0.0,4.0,0.0
fixed B=1,1,2,4.0,0.0,5.0,0.0
fixed B=4,1,2,4.0,0.0,8.0,0.0
rel B0=0 eps=.5,1,2,4.0,0.0,12.0,0.0
qlen B0=0 gam=1,1,2,4.0,0.0,5.0,0.0
qlen B0=1 gam=.5 eps=.5,1,2,4.0,0.0,15.0,0.0
thresh B=1 th=1 N=2,1,2,4.0,0.0,7.0,0.0
cap B0=1 eps=.5 Bmax=1,1,2,4.0,0.0,5.0,0.0
skip N=2 (work channel off),1,2,4.0,0.0,12.0,0.0
skip N=5 (work channel off),1,2,4.0,0.0,24.0,0.0
fixed B=0,3,3,4.0,0.0,9.333333333333334,0.0
fixed B=1,3,3,4.0,0.0,9.666666666666666,0.0
fixed B=4,3,3,4.0,0.0,10.666666666666666,0.0
rel B0=0 eps=.5,3,3,4.0,0.0,11.2,0.0
rel B0=1 eps=1,3,3,4.0,0.0,14.5,0.0
rel B0=0 eps=2,3,3,4.0,0.0,28.0,0.0
qlen B0=0 gam=1,3,3,4.0,0.0,10.0,0.0
qlen B0=1 gam=.5 eps=.5,3,3,4.0,0.0,12.0,0.0
thresh B=1 th=1 N=2,3,3,4.0,0.0,10.333333333333334,0.0
thresh B=0 th=.5 N=3 eps=1,3,3,4.0,0.0,14.75,0.0
cap B0=1 eps=1 Bmax=3,3,3,4.0,0.0,10.333333333333334,0.0
cap B0=0 eps=2 Bmax=2,3,3,4.0,0.0,10.0,0.0
cap B0=1 eps=.5 Bmax=1,3,3,4.0,0.0,9.666666666666666,0.0
cap+cnt B=1 e=1 th=1 N=2 Bm=4,3,3,4.0,0.0,11.333333333333334,0.0
skip N=2 (work channel off),3,3,4.0,0.0,12.0,0.0
skip N=5 (work channel off),3,3,4.0,0.0,16.0,0.0
fixed B=0,1,9,4.0,0.0,4.0,0.0
fixed B=1,1,9,4.0,0.0,5.0,0.0
fixed B=4,1,9,4.0,0.0,8.0,0.0
rel B0=0 eps=.5,1,9,4.0,0.0,19.5,0.0
qlen B0=0 gam=1,1,9,4.0,0.0,11.0,0.0
qlen B0=1 gam=.5 eps=.5,1,9,4.0,0.0,28.5,0.0
thresh B=1 th=1 N=2,1,9,4.0,0.0,7.0,0.0
cap B0=1 eps=.5 Bmax=1,1,9,4.0,0.0,5.0,0.0
skip N=2 (work channel off),1,9,4.0,0.0,12.0,0.0
skip N=5 (work channel off),1,9,4.0,0.0,24.0,0.0
fixed B=0,3,4,1.0,0.0,2.3333333333333335,0.0
fixed B=1,3,4,1.0,0.0,2.6666666666666665,0.0
fixed B=4,3,4,1.0,0.0,3.666666666666667,0.0
rel B0=0 eps=.5,3,4,1.0,0.0,2.9,0.0
rel B0=1 eps=1,3,4,1.0,0.0,4.25,0.0
rel B0=0 eps=2,3,4,1.0,0.0,8.0,0.0
qlen B0=0 gam=1,3,4,1.0,0.0,3.3333333333333335,0.0
qlen B0=1 gam=.5 eps=.5,3,4,1.0,0.0,3.9000000000000004,0.0
thresh B=1 th=1 N=2,3,4,1.0,0.0,3.3333333333333335,0.0
thresh B=0 th=.5 N=3 eps=1,3,4,1.0,0.0,4.5,0.0
cap B0=1 eps=1 Bmax=3,3,4,1.0,0.0,3.3333333333333335,0.0
cap B0=0 eps=2 Bmax=2,3,4,1.0,0.0,3.0,0.0
cap B0=1 eps=.5 Bmax=1,3,4,1.0,0.0,2.6666666666666665,0.0
cap+cnt B=1 e=1 th=1 N=2 Bm=4,3,4,1.0,0.0,4.333333333333333,0.0
skip N=2 (work channel off),3,4,1.0,0.0,5.0,0.0
skip N=5 (work channel off),3,4,1.0,0.0,9.0,0.0
fixed B=0,3,5,4.0,0.0,9.333333333333334,0.0
fixed B=1,3,5,4.0,0.0,9.666666666666666,0.0
fixed B=4,3,5,4.0,0.0,10.666666666666666,0.0
rel B0=0 eps=.5,3,5,4.0,3.0,11.4,0.2631578947368421
rel B0=1 eps=1,3,5,4.0,0.0,15.0,0.0
rel B0=0 eps=2,3,5,4.0,3.0,30.0,0.1
qlen B0=0 gam=1,3,5,4.0,0.0,10.333333333333334,0.0
qlen B0=1 gam=.5 eps=.5,3,5,4.0,0.0,12.4,0.0
thresh B=1 th=1 N=2,3,5,4.0,0.0,10.333333333333334,0.0
thresh B=0 th=.5 N=3 eps=1,3,5,4.0,3.0,15.25,0.19672131147540983
cap B0=1 eps=1 Bmax=3,3,5,4.0,0.0,10.333333333333334,0.0
cap B0=0 eps=2 Bmax=2,3,5,4.0,3.0,10.0,0.3
cap B0=1 eps=.5 Bmax=1,3,5,4.0,0.0,9.666666666666666,0.0
cap+cnt B=1 e=1 th=1 N=2 Bm=4,3,5,4.0,0.0,11.333333333333334,0.0
skip N=2 (work channel off),3,5,4.0,0.0,12.0,0.0
skip N=5 (work channel off),3,5,4.0,0.0,16.0,0.0
fixed B=0,2,4,4.0,0.0,8.0,0.0
fixed B=1,2,4,4.0,0.0,8.5,0.0
fixed B=4,2,4,4.0,0.0,10.0,0.0
rel B0=0 eps=.5,2,4,4.0,0.0,10.666666666666666,0.0
rel B0=1 eps=1,2,4,4.0,0.0,17.0,0.0
qlen B0=0 gam=1,2,4,4.0,0.0,8.5,0.0
qlen B0=1 gam=.5 eps=.5,2,4,4.0,0.0,11.666666666666666,0.0
thresh B=1 th=1 N=2,2,4,4.0,0.0,9.5,0.0
thresh B=0 th=.5 N=3 eps=1,2,4,4.0,0.0,17.5,0.0
cap B0=1 eps=1 Bmax=3,2,4,4.0,0.0,9.5,0.0
cap B0=1 eps=.5 Bmax=1,2,4,4.0,0.0,8.5,0.0
cap+cnt B=1 e=1 th=1 N=2 Bm=4,2,4,4.0,0.0,11.0,0.0
skip N=2 (work channel off),2,4,4.0,0.0,12.0,0.0
skip N=5 (work channel off),2,4,4.0,0.0,18.0,0.0
fixed B=0,2,3,0.0,0.0,0.0,0.0
fixed B=1,2,3,0.0,0.0,0.5,0.0
fixed B=4,2,3,0.0,0.0,2.0,0.0
rel B0=0 eps=.5,2,3,0.0,0.0,0.0,0.0
rel B0=1 eps=1,2,3,0.0,0.0,1.0,0.0
qlen B0=0 gam=1,2,3,0.0,0.0,1.0,0.0
qlen B0=1 gam=.5 eps=.5,2,3,0.0,0.0,1.3333333333333333,0.0
thresh B=1 th=1 N=2,2,3,0.0,0.0,1.5,0.0
thresh B=0 th=.5 N=3 eps=1,2,3,0.0,0.0,1.5,0.0
cap B0=1 eps=1 Bmax=3,2,3,0.0,0.0,1.0,0.0
cap B0=1 eps=.5 Bmax=1,2,3,0.0,0.0,0.5,0.0
cap+cnt B=1 e=1 th=1 N=2 Bm=4,2,3,0.0,0.0,3.0,0.0
skip N=2 (work channel off),2,3,0.0,0.0,4.0,0.0
skip N=5 (work channel off),2,3,0.0,0.0,10.0,0.0
fixed B=0,3,9,4.0,0.0,9.333333333333334,0.0
fixed B=1,3,9,4.0,2.5,9.666666666666666,0.25862068965517243
fixed B=4,3,9,4.0,2.5,10.666666666666666,0.234375
rel B0=0 eps=.5,3,9,4.0,1.5,11.7,0.13157894736842105
rel B0=1 eps=1,3,9,4.0,2.5,15.75,0.16666666666666666
rel B0=0 eps=2,3,9,4.0,1.5,33.0,0.05
qlen B0=0 gam=1,3,9,4.0,2.5,11.666666666666666,0.234375
qlen B0=1 gam=.5 eps=.5,3,9,4.0,2.5,13.5,0.19841269841269843
thresh B=1 th=1 N=2,3,9,4.0,2.5,10.333333333333334,0.24193548387096772
thresh B=0 th=.5 N=3 eps=1,3,9,4.0,1.5,16.0,0.09836065573770492
cap B0=1 eps=1 Bmax=3,3,9,4.0,2.5,10.333333333333334,0.24193548387096772
cap B0=0 eps=2 Bmax=2,3,9,4.0,1.5,10.0,0.15
cap B0=1 eps=.5 Bmax=1,3,9,4.0,2.5,9.666666666666666,0.25862068965517243
cap+cnt B=1 e=1 th=1 N=2 Bm=4,3,9,4.0,2.5,11.333333333333334,0.22058823529411764
skip N=2 (work channel off),3,9,4.0,2.5,12.0,0.20833333333333334
skip N=5 (work channel off),3,9,4.0,2.5,16.0,0.15625
fixed B=0,3,9,4.0,0.0,9.333333333333334,0.0
fixed B=1,3,9,4.0,0.0,9.666666666666666,0.0
fixed B=4,3,9,4.0,0.0,10.666666666666666,0.0
rel B0=0 eps=.5,3,9,4.0,0.0,12.2,0.0
rel B0=1 eps=1,3,9,4.0,0.0,17.0,0.0
rel B0=0 eps=2,3,9,4.0,0.0,38.0,0.0
qlen B0=0 gam=1,3,9,4.0,0.0,12.0,0.0
qlen B0=1 gam=.5 eps=.5,3,9,4.0,0.0,14.2,0.0
thresh B=1 th=1 N=2,3,9,4.0,0.0,10.333333333333334,0.0
thresh B=0 th=.5 N=3 eps=1,3,9,4.0,0.0,17.25,0.0
cap B0=1 eps=1 Bmax=3,3,9,4.0,0.0,10.333333333333334,0.0
cap B0=0 eps=2 Bmax=2,3,9,4.0,0.0,10.0,0.0
cap B0=1 eps=.5 Bmax=1,3,9,4.0,0.0,9.666666666666666,0.0
cap+cnt B=1 e=1 th=1 N=2 Bm=4,3,9,4.0,0.0,11.333333333333336,0.0
skip N=2 (work channel off),3,9,4.0,0.0,12.0,0.0
skip N=5 (work channel off),3,9,4.0,0.0,16.0,0.0
fixed B=0,2,9,4.0,0.0,8.0,0.0
fixed B=1,2,9,4.0,2.5,8.5,0.29411764705882354
fixed B=4,2,9,4.0,5.0,10.0,0.5
rel B0=0 eps=.5,2,9,4.0,4.5,13.166666666666668,0.3648648648648649
rel B0=1 eps=1,2,9,4.0,5.0,24.5,0.29411764705882354
qlen B0=0 gam=1,2,9,4.0,4.5,11.5,0.45
qlen B0=1 gam=.5 eps=.5,2,9,4.0,4.0,16.166666666666668,0.34285714285714286
thresh B=1 th=1 N=2,2,9,4.0,2.5,9.5,0.2631578947368421
thresh B=0 th=.5 N=3 eps=1,2,9,4.0,4.5,25.0,0.2
cap B0=1 eps=1 Bmax=3,2,9,4.0,5.0,9.5,0.5263157894736842
cap B0=1 eps=.5 Bmax=1,2,9,4.0,2.5,8.5,0.29411764705882354
cap+cnt B=1 e=1 th=1 N=2 Bm=4,2,9,4.0,2.5,11.0,0.22727272727272727
skip N=2 (work channel off),2,9,4.0,2.5,12.0,0.20833333333333334
skip N=5 (work channel off),2,9,4.0,5.0,18.0,0.2777777777777778
fixed B=0,3,4,0.5,0.0,1.1666666666666667,0.0
fixed B=1,3,4,0.5,0.0,1.5,0.0
fixed B=4,3,4,0.5,0.0,2.5,0.0
rel B0=0 eps=.5,3,4,0.5,0.0,1.4,0.0
rel B0=1 eps=1,3,4,0.5,0.0,2.25,0.0
rel B0=0 eps=2,3,4,0.5,0.0,3.5,0.0
qlen B0=0 gam=1,3,4,0.5,0.0,1.8333333333333333,0.0
qlen B0=1 gam=.5 eps=.5,3,4,0.5,0.0,2.2,0.0
thresh B=1 th=1 N=2,3,4,0.5,0.0,2.1666666666666665,0.0
thresh B=0 th=.5 N=3 eps=1,3,4,0.5,0.0,2.5,0.0
cap B0=1 eps=1 Bmax=3,3,4,0.5,0.0,2.1666666666666665,0.0
cap B0=0 eps=2 Bmax=2,3,4,0.5,0.0,1.8333333333333333,0.0
cap B0=1 eps=.5 Bmax=1,3,4,0.5,0.0,1.5,0.0
cap+cnt B=1 e=1 th=1 N=2 Bm=4,3,4,0.5,0.0,3.1666666666666665,0.0
skip N=2 (work channel off),3,4,0.5,0.0,3.8333333333333335,0.0
skip N=5 (work channel off),3,4,0.5,0.0,7.833333333333333,0.0
fixed B=0,1,4,4.0,0.0,4.0,0.0
fixed B=1,1,4,4.0,0.0,5.0,0.0
fixed B=4,1,4,4.0,0.0,8.0,0.0
rel B0=0 eps=.5,1,4,4.0,0.0,11.5,0.0
qlen B0=0 gam=1,1,4,4.0,0.0,6.0,0.0
qlen B0=1 gam=.5 eps=.5,1,4,4.0,0.0,13.5,0.0
thresh B=1 th=1 N=2,1,4,4.0,0.0,7.0,0.0
cap B0=1 eps=.5 Bmax=1,1,4,4.0,0.0,5.0,0.0
skip N=2 (work channel off),1,4,4.0,0.0,12.0,0.0
skip N=5 (work channel off),1,4,4.0,0.0,24.0,0.0
fixed B=0,1,6,4.0,0.0,4.0,0.0
fixed B=1,1,6,4.0,4.0,5.0,0.8
fixed B=4,1,6,4.0,4.0,8.0,0.5
rel B0=0 eps=.5,1,6,4.0,4.0,19.0,0.3333333333333333
qlen B0=0 gam=1,1,6,4.0,4.0,8.0,0.6666666666666666
qlen B0=1 gam=.5 eps=.5,1,6,4.0,8.0,25.0,0.5
thresh B=1 th=1 N=2,1,6,4.0,4.0,7.0,0.5714285714285714
cap B0=1 eps=.5 Bmax=1,1,6,4.0,4.0,5.0,0.8
skip N=2 (work channel off),1,6,4.0,8.0,12.0,0.6666666666666666
skip N=5 (work channel off),1,6,4.0,13.0,24.0,0.5416666666666666
fixed B=0,1,7,4.0,0.0,4.0,0.0
fixed B=1,1,7,4.0,4.5,5.0,0.9
fixed B=4,1,7,4.0,4.5,8.0,0.5625
rel B0=0 eps=.5,1,7,4.0,4.5,16.5,0.375
qlen B0=0 gam=1,1,7,4.0,4.5,10.0,0.75
qlen B0=1 gam=.5 eps=.5,1,7,4.0,4.5,24.5,0.4
thresh B=1 th=1 N=2,1,7,4.0,4.0,7.0,0.5714285714285714
cap B0=1 eps=.5 Bmax=1,1,7,4.0,4.5,5.0,0.9
skip N=2 (work channel off),1,7,4.0,4.0,12.0,0.3333333333333333
skip N=5 (work channel off),1,7,4.0,4.5,24.0,0.1875
fixed B=0,2,5,4.0,0.0,8.0,0.0
fixed B=1,2,5,4.0,0.0,8.5,0.0
fixed B=4,2,5,4.0,0.0,10.0,0.0
rel B0=0 eps=.5,2,5,4.0,0.0,11.0,0.0
rel B0=1 eps=1,2,5,4.0,0.0,18.0,0.0
qlen B0=0 gam=1,2,5,4.0,0.0,8.5,0.0
qlen B0=1 gam=.5 eps=.5,2,5,4.0,0.0,12.0,0.0
thresh B=1 th=1 N=2,2,5,4.0,0.0,9.5,0.0
thresh B=0 th=.5 N=3 eps=1,2,5,4.0,0.0,18.5,0.0
cap B0=1 eps=1 Bmax=3,2,5,4.0,0.0,9.5,0.0
cap B0=1 eps=.5 Bmax=1,2,5,4.0,0.0,8.5,0.0
cap+cnt B=1 e=1 th=1 N=2 Bm=4,2,5,4.0,0.0,11.0,0.0
skip N=2 (work channel off),2,5,4.0,0.0,12.0,0.0
skip N=5 (work channel off),2,5,4.0,0.0,18.0,0.0
fixed B=0,2,3,4.0,0.0,8.0,0.0
fixed B=1,2,3,4.0,0.0,8.5,0.0
fixed B=4,2,3,4.0,0.0,10.0,0.0
rel B0=0 eps=.5,2,3,4.0,0.0,11.333333333333334,0.0
rel B0=1 eps=1,2,3,4.0,0.0,19.0,0.0
qlen B0=0 gam=1,2,3,4.0,0.0,8.5,0.0
qlen B0=1 gam=.5 eps=.5,2,3,4.0,0.0,12.0,0.0
thresh B=1 th=1 N=2,2,3,4.0,0.0,9.5,0.0
thresh B=0 th=.5 N=3 eps=1,2,3,4.0,0.0,19.5,0.0
cap B0=1 eps=1 Bmax=3,2,3,4.0,0.0,9.5,0.0
cap B0=1 eps=.5 Bmax=1,2,3,4.0,0.0,8.5,0.0
cap+cnt B=1 e=1 th=1 N=2 Bm=4,2,3,4.0,0.0,11.0,0.0
skip N=2 (work channel off),2,3,4.0,0.0,12.0,0.0
skip N=5 (work channel off),2,3,4.0,0.0,18.0,0.0
fixed B=0,1,2,4.0,0.0,4.0,0.0
fixed B=1,1,2,4.0,4.0,5.0,0.8
fixed B=4,1,2,4.0,4.0,8.0,0.5
rel B0=0 eps=.5,1,2,4.0,0.0,8.5,0.0
qlen B0=0 gam=1,1,2,4.0,0.0,5.0,0.0
qlen B0=1 gam=.5 eps=.5,1,2,4.0,4.0,11.5,0.4
thresh B=1 th=1 N=2,1,2,4.0,4.0,7.0,0.5714285714285714
cap B0=1 eps=.5 Bmax=1,1,2,4.0,4.0,5.0,0.8
skip N=2 (work channel off),1,2,4.0,4.0,12.0,0.3333333333333333
skip N=5 (work channel off),1,2,4.0,4.0,24.0,0.16666666666666666
fixed B=0,2,8,4.0,0.0,8.0,0.0
fixed B=1,2,8,4.0,1.0,8.5,0.11764705882352941
fixed B=4,2,8,4.0,5.0,10.0,0.5
rel B0=0 eps=.5,2,8,4.0,2.0,11.666666666666666,0.1764705882352941
rel B0=1 eps=1,2,8,4.0,3.0,20.0,0.15789473684210525
qlen B0=0 gam=1,2,8,4.0,2.0,11.5,0.19047619047619047
qlen B0=1 gam=.5 eps=.5,2,8,4.0,3.0,14.666666666666668,0.21951219512195122
thresh B=1 th=1 N=2,2,8,4.0,3.0,9.5,0.3157894736842105
thresh B=0 th=.5 N=3 eps=1,2,8,4.0,2.0,20.5,0.10256410256410256
cap B0=1 eps=1 Bmax=3,2,8,4.0,3.0,9.5,0.3157894736842105
cap B0=1 eps=.5 Bmax=1,2,8,4.0,1.0,8.5,0.11764705882352941
cap+cnt B=1 e=1 th=1 N=2 Bm=4,2,8,4.0,3.0,11.0,0.2727272727272727
skip N=2 (work channel off),2,8,4.0,3.0,12.0,0.25
skip N=5 (work channel off),2,8,4.0,5.0,18.0,0.2777777777777778
fixed B=0,1,9,4.0,0.0,4.0,0.0
fixed B=1,1,9,4.0,4.0,5.0,0.8
fixed B=4,1,9,4.0,4.0,8.0,0.5
rel B0=0 eps=.5,1,9,4.0,5.5,22.0,0.47058823529411764
qlen B0=0 gam=1,1,9,4.0,4.0,11.0,0.8
qlen B0=1 gam=.5 eps=.5,1,9,4.0,5.5,31.0,0.4
thresh B=1 th=1 N=2,1,9,4.0,4.0,7.0,0.5714285714285714
cap B0=1 eps=.5 Bmax=1,1,9,4.0,4.0,5.0,0.8
skip N=2 (work channel off),1,9,4.0,8.0,12.0,0.6666666666666666
skip N=5 (work channel off),1,9,4.0,8.5,24.0,0.3541666666666667
fixed B=0,3,5,4.0,0.0,9.333333333333334,0.0
fixed B=1,3,5,4.0,0.5,9.666666666666666,0.05172413793103449
fixed B=4,3,5,4.0,0.5,10.666666666666666,0.046875
rel B0=0 eps=.5,3,5,4.0,0.5,11.3,0.04424778761061947
rel B0=1 eps=1,3,5,4.0,0.5,14.75,0.034482758620689655
rel B0=0 eps=2,3,5,4.0,0.5,29.0,0.017241379310344827
qlen B0=0 gam=1,3,5,4.0,0.5,10.666666666666666,0.05172413793103449
qlen B0=1 gam=.5 eps=.5,3,5,4.0,0.5,12.5,0.0423728813559322
thresh B=1 th=1 N=2,3,5,4.0,0.5,10.333333333333334,0.04838709677419355
thresh B=0 th=.5 N=3 eps=1,3,5,4.0,0.5,15.0,0.03333333333333333
cap B0=1 eps=1 Bmax=3,3,5,4.0,0.5,10.333333333333334,0.04838709677419355
cap B0=0 eps=2 Bmax=2,3,5,4.0,0.5,10.0,0.05
cap B0=1 eps=.5 Bmax=1,3,5,4.0,0.5,9.666666666666666,0.05172413793103449
cap+cnt B=1 e=1 th=1 N=2 Bm=4,3,5,4.0,0.5,11.333333333333334,0.044117647058823525
skip N=2 (work channel off),3,5,4.0,0.5,12.0,0.041666666666666664
skip N=5 (work channel off),3,5,4.0,0.5,16.0,0.03125
fixed B=0,2,5,4.0,0.0,8.0,0.0
fixed B=1,2,5,4.0,1.0,8.5,0.11764705882352941
fixed B=4,2,5,4.0,3.0,10.0,0.3
rel B0=0 eps=.5,2,5,4.0,1.0,12.0,0.09090909090909091
rel B0=1 eps=1,2,5,4.0,3.0,21.0,0.16666666666666666
qlen B0=0 gam=1,2,5,4.0,1.0,9.5,0.11764705882352941
qlen B0=1 gam=.5 eps=.5,2,5,4.0,3.0,13.666666666666668,0.24324324324324323
thresh B=1 th=1 N=2,2,5,4.0,3.0,9.5,0.3157894736842105
thresh B=0 th=.5 N=3 eps=1,2,5,4.0,3.0,21.5,0.16216216216216217
cap B0=1 eps=1 Bmax=3,2,5,4.0,3.0,9.5,0.3157894736842105
cap B0=1 eps=.5 Bmax=1,2,5,4.0,1.0,8.5,0.11764705882352941
cap+cnt B=1 e=1 th=1 N=2 Bm=4,2,5,4.0,3.0,11.0,0.2727272727272727
skip N=2 (work channel off),2,5,4.0,3.0,12.0,0.25
skip N=5 (work channel off),2,5,4.0,3.0,18.0,0.16666666666666666
fixed B=0,1,5,4.0,0.0,4.0,0.0
fixed B=1,1,5,4.0,4.0,5.0,0.8
fixed B=4,1,5,4.0,4.0,8.0,0.5
rel B0=0 eps=.5,1,5,4.0,4.0,17.0,0.3333333333333333
qlen B0=0 gam=1,1,5,4.0,4.0,8.0,0.8
qlen B0=1 gam=.5 eps=.5,1,5,4.0,4.0,23.0,0.26666666666666666
thresh B=1 th=1 N=2,1,5,4.0,4.0,7.0,0.5714285714285714
cap B0=1 eps=.5 Bmax=1,1,5,4.0,4.0,5.0,0.8
skip N=2 (work channel off),1,5,4.0,4.0,12.0,0.3333333333333333
skip N=5 (work channel off),1,5,4.0,4.0,24.0,0.16666666666666666
fixed B=0,1,3,4.0,0.0,4.0,0.0
fixed B=1,1,3,4.0,4.0,5.0,0.8
fixed B=4,1,3,4.0,4.0,8.0,0.5
rel B0=0 eps=.5,1,3,4.0,4.0,16.0,0.3333333333333333
qlen B0=0 gam=1,1,3,4.0,4.0,6.0,0.8
qlen B0=1 gam=.5 eps=.5,1,3,4.0,4.0,20.0,0.4
thresh B=1 th=1 N=2,1,3,4.0,4.0,7.0,0.5714285714285714
cap B0=1 eps=.5 Bmax=1,1,3,4.0,4.0,5.0,0.8
skip N=2 (work channel off),1,3,4.0,8.0,12.0,0.6666666666666666
skip N=5 (work channel off),1,3,4.0,8.0,24.0,0.3333333333333333
fixed B=0,2,9,4.0,0.0,8.0,0.0
fixed B=1,2,9,4.0,5.0,8.5,0.5882352941176471
fixed B=4,2,9,4.0,5.0,10.0,0.5
rel B0=0 eps=.5,2,9,4.0,4.0,12.666666666666668,0.36363636363636365
rel B0=1 eps=1,2,9,4.0,7.0,23.0,0.3888888888888889
qlen B0=0 gam=1,2,9,4.0,5.0,12.0,0.47619047619047616
qlen B0=1 gam=.5 eps=.5,2,9,4.0,7.0,16.0,0.5526315789473685
thresh B=1 th=1 N=2,2,9,4.0,5.0,9.5,0.5263157894736842
thresh B=0 th=.5 N=3 eps=1,2,9,4.0,7.0,23.5,0.3783783783783784
cap B0=1 eps=1 Bmax=3,2,9,4.0,5.0,9.5,0.5263157894736842
cap B0=1 eps=.5 Bmax=1,2,9,4.0,5.0,8.5,0.5882352941176471
cap+cnt B=1 e=1 th=1 N=2 Bm=4,2,9,4.0,5.0,11.0,0.45454545454545453
skip N=2 (work channel off),2,9,4.0,7.0,12.0,0.5833333333333334
skip N=5 (work channel off),2,9,4.0,9.0,18.0,0.5
fixed B=0,2,3,4.0,0.0,8.0,0.0
fixed B=1,2,3,4.0,0.0,8.5,0.0
fixed B=4,2,3,4.0,0.0,10.0,0.0
rel B0=0 eps=.5,2,3,4.0,0.0,10.666666666666666,0.0
rel B0=1 eps=1,2,3,4.0,0.0,17.0,0.0
qlen B0=0 gam=1,2,3,4.0,0.0,8.5,0.0
qlen B0=1 gam=.5 eps=.5,2,3,4.0,0.0,11.666666666666666,0.0
thresh B=1 th=1 N=2,2,3,4.0,0.0,9.5,0.0
thresh B=0 th=.5 N=3 eps=1,2,3,4.0,0.0,17.5,0.0
cap B0=1 eps=1 Bmax=3,2,3,4.0,0.0,9.5,0.0
cap B0=1 eps=.5 Bmax=1,2,3,4.0,0.0,8.5,0.0
cap+cnt B=1 e=1 th=1 N=2 Bm=4,2,3,4.0,0.0,11.0,0.0
skip N=2 (work channel off),2,3,4.0,0.0,12.0,0.0
skip N=5 (work channel off),2,3,4.0,0.0,18.0,0.0
fixed B=0,1,2,4.0,0.0,4.0,0.0
fixed B=1,1,2,4.0,0.0,5.0,0.0
fixed B=4,1,2,4.0,0.0,8.0,0.0
rel B0=0 eps=.5,1,2,4.0,0.0,11.0,0.0
qlen B0=0 gam=1,1,2,4.0,0.0,4.0,0.0
qlen B0=1 gam=.5 eps=.5,1,2,4.0,0.0,13.0,0.0
thresh B=1 th=1 N=2,1,2,4.0,0.0,7.0,0.0
cap B0=1 eps=.5 Bmax=1,1,2,4.0,0.0,5.0,0.0
skip N=2 (work channel off),1,2,4.0,0.0,12.0,0.0
skip N=5 (work channel off),1,2,4.0,0.0,24.0,0.0
fixed B=0,3,7,4.0,0.0,9.333333333333334,0.0
fixed B=1,3,7,4.0,0.0,9.666666666666666,0.0
fixed B=4,3,7,4.0,0.0,10.666666666666666,0.0
rel B0=0 eps=.5,3,7,4.0,0.0,11.4,0.0
rel B0=1 eps=1,3,7,4.0,0.0,15.0,0.0
rel B0=0 eps=2,3,7,4.0,0.0,30.0,0.0
qlen B0=0 gam=1,3,7,4.0,0.0,10.666666666666666,0.0
qlen B0=1 gam=.5 eps=.5,3,7,4.0,0.0,12.6,0.0
thresh B=1 th=1 N=2,3,7,4.0,0.0,10.333333333333334,0.0
thresh B=0 th=.5 N=3 eps=1,3,7,4.0,0.0,15.25,0.0
cap B0=1 eps=1 Bmax=3,3,7,4.0,0.0,10.333333333333334,0.0
cap B0=0 eps=2 Bmax=2,3,7,4.0,0.0,10.0,0.0
cap B0=1 eps=.5 Bmax=1,3,7,4.0,0.0,9.666666666666666,0.0
cap+cnt B=1 e=1 th=1 N=2 Bm=4,3,7,4.0,0.0,11.333333333333334,0.0
skip N=2 (work channel off),3,7,4.0,0.0,12.0,0.0
skip N=5 (work channel off),3,7,4.0,0.0,16.0,0.0
fixed B=0,1,6,4.0,0.0,4.0,0.0
fixed B=1,1,6,4.0,4.0,5.0,0.8
fixed B=4,1,6,4.0,4.0,8.0,0.5
rel B0=0 eps=.5,1,6,4.0,4.5,21.0,0.34615384615384615
qlen B0=0 gam=1,1,6,4.0,4.0,8.0,0.8
qlen B0=1 gam=.5 eps=.5,1,6,4.0,8.5,27.0,0.5666666666666667
thresh B=1 th=1 N=2,1,6,4.0,4.0,7.0,0.5714285714285714
cap B0=1 eps=.5 Bmax=1,1,6,4.0,4.0,5.0,0.8
skip N=2 (work channel off),1,6,4.0,4.5,12.0,0.375
skip N=5 (work channel off),1,6,4.0,9.5,24.0,0.3958333333333333
fixed B=0,3,7,4.0,0.0,9.333333333333334,0.0
fixed B=1,3,7,4.0,0.5,9.666666666666666,0.05172413793103449
fixed B=4,3,7,4.0,0.5,10.666666666666666,0.046875
rel B0=0 eps=.5,3,7,4.0,0.0,11.5,0.0
rel B0=1 eps=1,3,7,4.0,0.5,15.25,0.034482758620689655
rel B0=0 eps=2,3,7,4.0,0.0,31.0,0.0
qlen B0=0 gam=1,3,7,4.0,1.0,11.0,0.10344827586206898
qlen B0=1 gam=.5 eps=.5,3,7,4.0,0.5,12.9,0.04310344827586207
thresh B=1 th=1 N=2,3,7,4.0,0.5,10.333333333333334,0.04838709677419355
thresh B=0 th=.5 N=3 eps=1,3,7,4.0,0.0,15.5,0.0
cap B0=1 eps=1 Bmax=3,3,7,4.0,0.5,10.333333333333334,0.04838709677419355
cap B0=0 eps=2 Bmax=2,3,7,4.0,0.0,10.0,0.0
cap B0=1 eps=.5 Bmax=1,3,7,4.0,0.5,9.666666666666666,0.05172413793103449
cap+cnt B=1 e=1 th=1 N=2 Bm=4,3,7,4.0,0.5,11.333333333333334,0.044117647058823525
skip N=2 (work channel off),3,7,4.0,0.5,12.0,0.041666666666666664
skip N=5 (work channel off),3,7,4.0,0.5,16.0,0.03125
fixed B=0,3,2,1.0,0.0,2.3333333333333335,0.0
fixed B=1,3,2,1.0,0.0,2.6666666666666665,0.0
fixed B=4,3,2,1.0,0.0,3.6666666666666665,0.0
rel B0=0 eps=.5,3,2,1.0,0.0,2.8,0.0
rel B0=1 eps=1,3,2,1.0,0.0,4.0,0.0
rel B0=0 eps=2,3,2,1.0,0.0,7.0,0.0
qlen B0=0 gam=1,3,2,1.0,0.0,2.6666666666666665,0.0
qlen B0=1 gam=.5 eps=.5,3,2,1.0,0.0,3.4,0.0
thresh B=1 th=1 N=2,3,2,1.0,0.0,3.3333333333333335,0.0
thresh B=0 th=.5 N=3 eps=1,3,2,1.0,0.0,4.25,0.0
cap B0=1 eps=1 Bmax=3,3,2,1.0,0.0,3.3333333333333335,0.0
cap B0=0 eps=2 Bmax=2,3,2,1.0,0.0,3.0,0.0
cap B0=1 eps=.5 Bmax=1,3,2,1.0,0.0,2.6666666666666665,0.0
cap+cnt B=1 e=1 th=1 N=2 Bm=4,3,2,1.0,0.0,4.333333333333333,0.0
skip N=2 (work channel off),3,2,1.0,0.0,5.0,0.0
skip N=5 (work channel off),3,2,1.0,0.0,9.0,0.0
fixed B=0,1,3,1.0,0.0,1.0,0.0
fixed B=1,1,3,1.0,1.0,2.0,0.5
fixed B=4,1,3,1.0,1.0,5.0,0.2
rel B0=0 eps=.5,1,3,1.0,0.0,2.0,0.0
qlen B0=0 gam=1,1,3,1.0,1.0,3.0,0.5
qlen B0=1 gam=.5 eps=.5,1,3,1.0,1.0,6.0,0.25
thresh B=1 th=1 N=2,1,3,1.0,1.0,4.0,0.25
cap B0=1 eps=.5 Bmax=1,1,3,1.0,1.0,2.0,0.5
skip N=2 (work channel off),1,3,1.0,1.0,9.0,0.1111111111111111
skip N=5 (work channel off),1,3,1.0,1.0,21.0,0.047619047619047616
fixed B=0,1,5,4.0,0.0,4.0,0.0
fixed B=1,1,5,4.0,0.5,5.0,0.1
fixed B=4,1,5,4.0,0.5,8.0,0.0625
rel B0=0 eps=.5,1,5,4.0,0.5,13.0,0.041666666666666664
qlen B0=0 gam=1,1,5,4.0,0.5,7.0,0.1
qlen B0=1 gam=.5 eps=.5,1,5,4.0,0.5,18.0,0.03333333333333333
thresh B=1 th=1 N=2,1,5,4.0,0.5,7.0,0.07142857142857142
cap B0=1 eps=.5 Bmax=1,1,5,4.0,0.5,5.0,0.1
skip N=2 (work channel off),1,5,4.0,0.5,12.0,0.041666666666666664
skip N=5 (work channel off),1,5,4.0,0.5,24.0,0.020833333333333332
fixed B=0,3,6,4.0,0.0,9.333333333333334,0.0
fixed B=1,3,6,4.0,0.5,9.666666666666666,0.05172413793103449
fixed B=4,3,6,4.0,0.5,10.666666666666666,0.046875
rel B0=0 eps=.5,3,6,4.0,0.0,11.4,0.0
rel B0=1 eps=1,3,6,4.0,0.5,15.0,0.034482758620689655
rel B0=0 eps=2,3,6,4.0,0.0,30.0,0.0
qlen B0=0 gam=1,3,6,4.0,0.5,10.666666666666666,0.05172413793103449
qlen B0=1 gam=.5 eps=.5,3,6,4.0,0.5,12.6,0.0423728813559322
thresh B=1 th=1 N=2,3,6,4.0,0.5,10.333333333333334,0.04838709677419355
thresh B=0 th=.5 N=3 eps=1,3,6,4.0,0.0,15.25,0.0
cap B0=1 eps=1 Bmax=3,3,6,4.0,0.5,10.333333333333334,0.04838709677419355
cap B0=0 eps=2 Bmax=2,3,6,4.0,0.0,10.0,0.0
cap B0=1 eps=.5 Bmax=1,3,6,4.0,0.5,9.666666666666666,0.05172413793103449
cap+cnt B=1 e=1 th=1 N=2 Bm=4,3,6,4.0,0.5,11.333333333333334,0.044117647058823525
skip N=2 (work channel off),3,6,4.0,0.5,12.0,0.041666666666666664
skip N=5 (work channel off),3,6,4.0,0.5,16.0,0.03125
fixed B=0,1,8,4.0,0.0,4.0,0.0
fixed B=1,1,8,4.0,4.0,5.0,0.8
fixed B=4,1,8,4.0,4.0,8.0,0.5
rel B0=0 eps=.5,1,8,4.0,4.0,14.5,0.4444444444444444
qlen B0=0 gam=1,1,8,4.0,4.0,10.0,0.8
qlen B0=1 gam=.5 eps=.5,1,8,4.0,5.5,22.5,0.4074074074074074
thresh B=1 th=1 N=2,1,8,4.0,4.0,7.0,0.5714285714285714
cap B0=1 eps=.5 Bmax=1,1,8,4.0,4.0,5.0,0.8
skip N=2 (work channel off),1,8,4.0,5.0,12.0,0.4166666666666667
skip N=5 (work channel off),1,8,4.0,6.0,24.0,0.25
fixed B=0,1,6,4.0,0.0,4.0,0.0
fixed B=1,1,6,4.0,4.0,5.0,0.8
fixed B=4,1,6,4.0,4.0,8.0,0.5
rel B0=0 eps=.5,1,6,4.0,0.0,20.0,0.0
qlen B0=0 gam=1,1,6,4.0,0.0,8.0,0.0
qlen B0=1 gam=.5 eps=.5,1,6,4.0,4.0,26.0,0.4
thresh B=1 th=1 N=2,1,6,4.0,4.0,7.0,0.5714285714285714
cap B0=1 eps=.5 Bmax=1,1,6,4.0,4.0,5.0,0.8
skip N=2 (work channel off),1,6,4.0,4.0,12.0,0.3333333333333333
skip N=5 (work channel off),1,6,4.0,8.0,24.0,0.3333333333333333
fixed B=0,2,4,4.0,0.0,8.0,0.0
fixed B=1,2,4,4.0,0.5,8.5,0.058823529411764705
fixed B=4,2,4,4.0,0.5,10.0,0.05
rel B0=0 eps=.5,2,4,4.0,0.0,11.0,0.0
rel B0=1 eps=1,2,4,4.0,0.5,18.0,0.029411764705882353
qlen B0=0 gam=1,2,4,4.0,0.5,9.5,0.058823529411764705
qlen B0=1 gam=.5 eps=.5,2,4,4.0,0.5,12.666666666666666,0.04285714285714286
thresh B=1 th=1 N=2,2,4,4.0,0.5,9.5,0.05263157894736842
thresh B=0 th=.5 N=3 eps=1,2,4,4.0,0.0,18.5,0.0
cap B0=1 eps=1 Bmax=3,2,4,4.0,0.5,9.5,0.05263157894736842
cap B0=1 eps=.5 Bmax=1,2,4,4.0,0.5,8.5,0.058823529411764705
cap+cnt B=1 e=1 th=1 N=2 Bm=4,2,4,4.0,0.5,11.0,0.045454545454545456
skip N=2 (work channel off),2,4,4.0,0.5,12.0,0.041666666666666664
skip N=5 (work channel off),2,4,4.0,0.5,18.0,0.027777777777777776
fixed B=0,1,9,4.0,0.0,4.0,0.0
fixed B=1,1,9,4.0,4.0,5.0,0.8
fixed B=4,1,9,4.0,4.0,8.0,0.5
rel B0=0 eps=.5,1,9,4.0,4.0,21.5,0.47058823529411764
qlen B0=0 gam=1,1,9,4.0,4.0,10.0,0.8
qlen B0=1 gam=.5 eps=.5,1,9,4.0,4.0,30.5,0.4
thresh B=1 th=1 N=2,1,9,4.0,4.0,7.0,0.5714285714285714
cap B0=1 eps=.5 Bmax=1,1,9,4.0,4.0,5.0,0.8
skip N=2 (work channel off),1,9,4.0,4.0,12.0,0.3333333333333333
skip N=5 (work channel off),1,9,4.0,4.5,24.0,0.1875
fixed B=0,3,7,4.0,0.0,9.333333333333334,0.0
fixed B=1,3,7,4.0,0.0,9.666666666666666,0.0
fixed B=4,3,7,4.0,0.0,10.666666666666666,0.0
rel B0=0 eps=.5,3,7,4.0,0.0,11.4,0.0
rel B0=1 eps=1,3,7,4.0,0.0,15.0,0.0
rel B0=0 eps=2,3,7,4.0,0.0,30.0,0.0
qlen B0=0 gam=1,3,7,4.0,0.0,11.333333333333334,0.0
qlen B0=1 gam=.5 eps=.5,3,7,4.0,0.0,13.0,0.0
thresh B=1 th=1 N=2,3,7,4.0,0.0,10.333333333333334,0.0
thresh B=0 th=.5 N=3 eps=1,3,7,4.0,0.0,15.25,0.0
cap B0=1 eps=1 Bmax=3,3,7,4.0,0.0,10.333333333333334,0.0
cap B0=0 eps=2 Bmax=2,3,7,4.0,0.0,10.0,0.0
cap B0=1 eps=.5 Bmax=1,3,7,4.0,0.0,9.666666666666666,0.0
cap+cnt B=1 e=1 th=1 N=2 Bm=4,3,7,4.0,0.0,11.333333333333334,0.0
skip N=2 (work channel off),3,7,4.0,0.0,12.0,0.0
skip N=5 (work channel off),3,7,4.0,0.0,16.0,0.0
fixed B=0,1,8,4.0,0.0,4.0,0.0
fixed B=1,1,8,4.0,4.0,5.0,0.8
fixed B=4,1,8,4.0,5.5,8.0,0.6875
rel B0=0 eps=.5,1,8,4.0,4.0,15.0,0.4
qlen B0=0 gam=1,1,8,4.0,4.0,10.0,0.5714285714285714
qlen B0=1 gam=.5 eps=.5,1,8,4.0,5.5,23.0,0.55
thresh B=1 th=1 N=2,1,8,4.0,4.0,7.0,0.5714285714285714
cap B0=1 eps=.5 Bmax=1,1,8,4.0,4.0,5.0,0.8
skip N=2 (work channel off),1,8,4.0,4.0,12.0,0.3333333333333333
skip N=5 (work channel off),1,8,4.0,5.5,24.0,0.22916666666666666
fixed B=0,2,5,4.0,0.0,8.0,0.0
fixed B=1,2,5,4.0,1.0,8.5,0.11764705882352941
fixed B=4,2,5,4.0,1.0,10.0,0.1
rel B0=0 eps=.5,2,5,4.0,0.0,11.0,0.0
rel B0=1 eps=1,2,5,4.0,1.0,18.0,0.058823529411764705
qlen B0=0 gam=1,2,5,4.0,0.0,9.5,0.0
qlen B0=1 gam=.5 eps=.5,2,5,4.0,1.0,12.666666666666666,0.08823529411764705
thresh B=1 th=1 N=2,2,5,4.0,1.0,9.5,0.10526315789473684
thresh B=0 th=.5 N=3 eps=1,2,5,4.0,0.0,18.5,0.0
cap B0=1 eps=1 Bmax=3,2,5,4.0,1.0,9.5,0.10526315789473684
cap B0=1 eps=.5 Bmax=1,2,5,4.0,1.0,8.5,0.11764705882352941
cap+cnt B=1 e=1 th=1 N=2 Bm=4,2,5,4.0,1.0,11.0,0.09090909090909091
skip N=2 (work channel off),2,5,4.0,1.0,12.0,0.08333333333333333
skip N=5 (work channel off),2,5,4.0,1.0,18.0,0.05555555555555555
fixed B=0,1,7,4.0,0.0,4.0,0.0
fixed B=1,1,7,4.0,0.0,5.0,0.0
fixed B=4,1,7,4.0,0.0,8.0,0.0
rel B0=0 eps=.5,1,7,4.0,0.0,20.0,0.0
qlen B0=0 gam=1,1,7,4.0,0.0,9.0,0.0
qlen B0=1 gam=.5 eps=.5,1,7,4.0,0.0,27.0,0.0
thresh B=1 th=1 N=2,1,7,4.0,0.0,7.0,0.0
cap B0=1 eps=.5 Bmax=1,1,7,4.0,0.0,5.0,0.0
skip N=2 (work channel off),1,7,4.0,0.0,12.0,0.0
skip N=5 (work channel off),1,7,4.0,0.0,24.0,0.0
fixed B=0,1,8,4.0,0.0,4.0,0.0
fixed B=1,1,8,4.0,4.5,5.0,0.9
fixed B=4,1,8,4.0,4.5,8.0,0.5625
rel B0=0 eps=.5,1,8,4.0,4.0,25.0,0.2857142857142857
qlen B0=0 gam=1,1,8,4.0,4.5,10.0,0.9
qlen B0=1 gam=.5 eps=.5,1,8,4.0,4.5,32.0,0.45
thresh B=1 th=1 N=2,1,8,4.0,4.5,7.0,0.6428571428571429
cap B0=1 eps=.5 Bmax=1,1,8,4.0,4.5,5.0,0.9
skip N=2 (work channel off),1,8,4.0,4.5,12.0,0.375
skip N=5 (work channel off),1,8,4.0,8.5,24.0,0.3541666666666667
fixed B=0,3,5,4.0,0.0,9.333333333333334,0.0
fixed B=1,3,5,4.0,0.0,9.666666666666666,0.0
fixed B=4,3,5,4.0,0.0,10.666666666666666,0.0
rel B0=0 eps=.5,3,5,4.0,0.0,11.2,0.0
rel B0=1 eps=1,3,5,4.0,0.0,14.5,0.0
rel B0=0 eps=2,3,5,4.0,0.0,28.0,0.0
qlen B0=0 gam=1,3,5,4.0,0.0,9.666666666666666,0.0
qlen B0=1 gam=.5 eps=.5,3,5,4.0,0.0,11.8,0.0
thresh B=1 th=1 N=2,3,5,4.0,0.0,10.333333333333334,0.0
thresh B=0 th=.5 N=3 eps=1,3,5,4.0,0.0,14.75,0.0
cap B0=1 eps=1 Bmax=3,3,5,4.0,0.0,10.333333333333334,0.0
cap B0=0 eps=2 Bmax=2,3,5,4.0,0.0,10.0,0.0
cap B0=1 eps=.5 Bmax=1,3,5,4.0,0.0,9.666666666666666,0.0
cap+cnt B=1 e=1 th=1 N=2 Bm=4,3,5,4.0,0.0,11.333333333333334,0.0
skip N=2 (work channel off),3,5,4.0,0.0,12.0,0.0
skip N=5 (work channel off),3,5,4.0,0.0,16.0,0.0
fixed B=0,1,5,4.0,0.0,4.0,0.0
fixed B=1,1,5,4.0,4.0,5.0,0.8
fixed B=4,1,5,4.0,4.0,8.0,0.5
rel B0=0 eps=.5,1,5,4.0,0.0,8.5,0.0
qlen B0=0 gam=1,1,5,4.0,0.0,5.0,0.0
qlen B0=1 gam=.5 eps=.5,1,5,4.0,4.0,11.5,0.4
thresh B=1 th=1 N=2,1,5,4.0,4.0,7.0,0.5714285714285714
cap B0=1 eps=.5 Bmax=1,1,5,4.0,4.0,5.0,0.8
skip N=2 (work channel off),1,5,4.0,4.0,12.0,0.3333333333333333
skip N=5 (work channel off),1,5,4.0,4.0,24.0,0.16666666666666666
fixed B=0,2,5,4.0,0.0,8.0,0.0
fixed B=1,2,5,4.0,0.0,8.5,0.0
fixed B=4,2,5,4.0,0.0,10.0,0.0
rel B0=0 eps=.5,2,5,4.0,0.0,11.0,0.0
rel B0=1 eps=1,2,5,4.0,0.0,18.0,0.0
qlen B0=0 gam=1,2,5,4.0,0.0,10.0,0.0
qlen B0=1 gam=.5 eps=.5,2,5,4.0,0.0,13.0,0.0
thresh B=1 th=1 N=2,2,5,4.0,0.0,9.5,0.0
thresh B=0 th=.5 N=3 eps=1,2,5,4.0,0.0,18.5,0.0
cap B0=1 eps=1 Bmax=3,2,5,4.0,0.0,9.5,0.0
cap B0=1 eps=.5 Bmax=1,2,5,4.0,0.0,8.5,0.0
cap+cnt B=1 e=1 th=1 N=2 Bm=4,2,5,4.0,0.0,11.0,0.0
skip N=2 (work channel off),2,5,4.0,0.0,12.0,0.0
skip N=5 (work channel off),2,5,4.0,0.0,18.0,0.0
fixed B=0,1,5,4.0,0.0,4.0,0.0
fixed B=1,1,5,4.0,4.0,5.0,0.8
fixed B=4,1,5,4.0,4.0,8.0,0.5
rel B0=0 eps=.5,1,5,4.0,0.0,18.0,0.0
qlen B0=0 gam=1,1,5,4.0,0.0,7.0,0.0
qlen B0=1 gam=.5 eps=.5,1,5,4.0,4.0,23.0,0.4
thresh B=1 th=1 N=2,1,5,4.0,4.0,7.0,0.5714285714285714
cap B0=1 eps=.5 Bmax=1,1,5,4.0,4.0,5.0,0.8
skip N=2 (work channel off),1,5,4.0,4.0,12.0,0.3333333333333333
skip N=5 (work channel off),1,5,4.0,4.0,24.0,0.16666666666666666
fixed B=0,2,4,4.0,0.0,8.0,0.0
fixed B=1,2,4,4.0,0.0,8.5,0.0
fixed B=4,2,4,4.0,0.0,10.0,0.0
rel B0=0 eps=.5,2,4,4.0,0.0,11.166666666666666,0.0
rel B0=1 eps=1,2,4,4.0,0.0,18.5,0.0
qlen B0=0 gam=1,2,4,4.0,0.0,9.5,0.0
qlen B0=1 gam=.5 eps=.5,2,4,4.0,0.0,12.833333333333334,0.0
thresh B=1 th=1 N=2,2,4,4.0,0.0,9.5,0.0
thresh B=0 th=.5 N=3 eps=1,2,4,4.0,0.0,19.0,0.0
cap B0=1 eps=1 Bmax=3,2,4,4.0,0.0,9.5,0.0
cap B0=1 eps=.5 Bmax=1,2,4,4.0,0.0,8.5,0.0
cap+cnt B=1 e=1 th=1 N=2 Bm=4,2,4,4.0,0.0,11.0,0.0
skip N=2 (work channel off),2,4,4.0,0.0,12.0,0.0
skip N=5 (work channel off),2,4,4.0,0.0,18.0,0.0
fixed B=0,1,8,4.0,0.0,4.0,0.0
fixed B=1,1,8,4.0,4.5,5.0,0.9
fixed B=4,1,8,4.0,4.5,8.0,0.5625
rel B0=0 eps=.5,1,8,4.0,4.5,22.5,0.3333333333333333
qlen B0=0 gam=1,1,8,4.0,4.5,10.0,0.8
qlen B0=1 gam=.5 eps=.5,1,8,4.0,8.5,30.5,0.5666666666666667
thresh B=1 th=1 N=2,1,8,4.0,4.5,7.0,0.6428571428571429
cap B0=1 eps=.5 Bmax=1,1,8,4.0,4.5,5.0,0.9
skip N=2 (work channel off),1,8,4.0,4.5,12.0,0.375
skip N=5 (work channel off),1,8,4.0,9.5,24.0,0.3958333333333333
fixed B=0,3,9,4.0,0.0,9.333333333333334,0.0
fixed B=1,3,9,4.0,0.5,9.666666666666666,0.05172413793103449
fixed B=4,3,9,4.0,0.5,10.666666666666666,0.046875
rel B0=0 eps=.5,3,9,4.0,0.0,11.7,0.0
rel B0=1 eps=1,3,9,4.0,0.5,15.75,0.034482758620689655
rel B0=0 eps=2,3,9,4.0,0.0,33.0,0.0
qlen B0=0 gam=1,3,9,4.0,0.0,11.0,0.0
qlen B0=1 gam=.5 eps=.5,3,9,4.0,0.5,12.7,0.04310344827586207
thresh B=1 th=1 N=2,3,9,4.0,0.5,10.333333333333334,0.04838709677419355
thresh B=0 th=.5 N=3 eps=1,3,9,4.0,0.0,16.0,0.0
cap B0=1 eps=1 Bmax=3,3,9,4.0,0.5,10.333333333333334,0.04838709677419355
cap B0=0 eps=2 Bmax=2,3,9,4.0,0.0,10.0,0.0
cap B0=1 eps=.5 Bmax=1,3,9,4.0,0.5,9.666666666666666,0.05172413793103449
cap+cnt B=1 e=1 th=1 N=2 Bm=4,3,9,4.0,0.5,11.333333333333334,0.044117647058823525
skip N=2 (work channel off),3,9,4.0,0.5,12.0,0.041666666666666664
skip N=5 (work channel off),3,9,4.0,0.5,16.0,0.03125
fixed B=0,2,7,4.0,0.0,8.0,0.0
fixed B=1,2,7,4.0,1.5,8.5,0.17647058823529413
fixed B=4,2,7,4.0,1.5,10.0,0.15
rel B0=0 eps=.5,2,7,4.0,3.5,11.833333333333334,0.3181818181818182
rel B0=1 eps=1,2,7,4.0,1.5,20.5,0.08823529411764706
qlen B0=0 gam=1,2,7,4.0,1.5,9.5,0.17647058823529413
qlen B0=1 gam=.5 eps=.5,2,7,4.0,1.5,13.166666666666668,0.1285714285714286
thresh B=1 th=1 N=2,2,7,4.0,1.5,9.5,0.15789473684210525
thresh B=0 th=.5 N=3 eps=1,2,7,4.0,3.5,21.0,0.1891891891891892
cap B0=1 eps=1 Bmax=3,2,7,4.0,1.5,9.5,0.15789473684210525
cap B0=1 eps=.5 Bmax=1,2,7,4.0,1.5,8.5,0.17647058823529413
cap+cnt B=1 e=1 th=1 N=2 Bm=4,2,7,4.0,1.5,11.0,0.13636363636363635
skip N=2 (work channel off),2,7,4.0,1.5,12.0,0.125
skip N=5 (work channel off),2,7,4.0,1.5,18.0,0.08333333333333333
fixed B=0,3,3,4.0,0.0,9.333333333333334,0.0
fixed B=1,3,3,4.0,0.0,9.666666666666666,0.0
fixed B=4,3,3,4.0,0.0,10.666666666666666,0.0
rel B0=0 eps=.5,3,3,4.0,0.0,11.2,0.0
rel B0=1 eps=1,3,3,4.0,0.0,14.5,0.0
rel B0=0 eps=2,3,3,4.0,0.0,28.0,0.0
qlen B0=0 gam=1,3,3,4.0,0.0,10.0,0.0
qlen B0=1 gam=.5 eps=.5,3,3,4.0,0.0,12.0,0.0
thresh B=1 th=1 N=2,3,3,4.0,0.0,10.333333333333334,0.0
thresh B=0 th=.5 N=3 eps=1,3,3,4.0,0.0,14.75,0.0
cap B0=1 eps=1 Bmax=3,3,3,4.0,0.0,10.333333333333334,0.0
cap B0=0 eps=2 Bmax=2,3,3,4.0,0.0,10.0,0.0
cap B0=1 eps=.5 Bmax=1,3,3,4.0,0.0,9.666666666666666,0.0
cap+cnt B=1 e=1 th=1 N=2 Bm=4,3,3,4.0,0.0,11.333333333333334,0.0
skip N=2 (work channel off),3,3,4.0,0.0,12.0,0.0
skip N=5 (work channel off),3,3,4.0,0.0,16.0,0.0
fixed B=0,1,8,4.0,0.0,4.0,0.0
fixed B=1,1,8,4.0,0.0,5.0,0.0
fixed B=4,1,8,4.0,0.0,8.0,0.0
rel B0=0 eps=.5,1,8,4.0,0.0,18.5,0.0
qlen B0=0 gam=1,1,8,4.0,0.0,9.0,0.0
qlen B0=1 gam=.5 eps=.5,1,8,4.0,0.0,25.5,0.0
thresh B=1 th=1 N=2,1,8,4.0,0.0,7.0,0.0
cap B0=1 eps=.5 Bmax=1,1,8,4.0,0.0,5.0,0.0
skip N=2 (work channel off),1,8,4.0,0.0,12.0,0.0
skip N=5 (work channel off),1,8,4.0,0.0,24.0,0.0
fixed B=0,1,8,4.0,0.0,4.0,0.0
fixed B=1,1,8,4.0,4.0,5.0,0.8
fixed B=4,1,8,4.0,4.0,8.0,0.5
rel B0=0 eps=.5,1,8,4.0,8.0,20.0,0.64
qlen B0=0 gam=1,1,8,4.0,5.0,10.0,0.8
qlen B0=1 gam=.5 eps=.5,1,8,4.0,9.0,28.0,0.5454545454545454
thresh B=1 th=1 N=2,1,8,4.0,4.0,7.0,0.5714285714285714
cap B0=1 eps=.5 Bmax=1,1,8,4.0,4.0,5.0,0.8
skip N=2 (work channel off),1,8,4.0,8.0,12.0,0.6666666666666666
skip N=5 (work channel off),1,8,4.0,9.5,24.0,0.3958333333333333
fixed B=0,2,9,4.0,0.0,8.0,0.0
fixed B=1,2,9,4.0,4.0,8.5,0.47058823529411764
fixed B=4,2,9,4.0,4.0,10.0,0.4
rel B0=0 eps=.5,2,9,4.0,4.0,14.333333333333332,0.3333333333333333
rel B0=1 eps=1,2,9,4.0,8.0,28.0,0.47058823529411764
qlen B0=0 gam=1,2,9,4.0,4.0,11.5,0.47058823529411764
qlen B0=1 gam=.5 eps=.5,2,9,4.0,4.0,17.0,0.34285714285714286
thresh B=1 th=1 N=2,2,9,4.0,4.0,9.5,0.42105263157894735
thresh B=0 th=.5 N=3 eps=1,2,9,4.0,4.0,28.5,0.18604651162790697
cap B0=1 eps=1 Bmax=3,2,9,4.0,4.0,9.5,0.42105263157894735
cap B0=1 eps=.5 Bmax=1,2,9,4.0,4.0,8.5,0.47058823529411764
cap+cnt B=1 e=1 th=1 N=2 Bm=4,2,9,4.0,4.0,11.0,0.36363636363636365
skip N=2 (work channel off),2,9,4.0,8.0,12.0,0.6666666666666666
skip N=5 (work channel off),2,9,4.0,12.0,18.0,0.6666666666666666
fixed B=0,3,6,4.0,0.0,9.333333333333334,0.0
fixed B=1,3,6,4.0,3.0,9.666666666666666,0.3103448275862069
fixed B=4,3,6,4.0,3.0,10.666666666666666,0.28125
rel B0=0 eps=.5,3,6,4.0,3.0,11.6,0.2631578947368421
rel B0=1 eps=1,3,6,4.0,3.0,15.5,0.2
rel B0=0 eps=2,3,6,4.0,3.0,32.0,0.1
qlen B0=0 gam=1,3,6,4.0,3.0,11.0,0.28125
qlen B0=1 gam=.5 eps=.5,3,6,4.0,3.0,13.0,0.2380952380952381
thresh B=1 th=1 N=2,3,6,4.0,3.0,10.333333333333334,0.29032258064516125
thresh B=0 th=.5 N=3 eps=1,3,6,4.0,3.0,15.75,0.19672131147540983
cap B0=1 eps=1 Bmax=3,3,6,4.0,3.0,10.333333333333334,0.29032258064516125
cap B0=0 eps=2 Bmax=2,3,6,4.0,3.0,10.0,0.3
cap B0=1 eps=.5 Bmax=1,3,6,4.0,3.0,9.666666666666666,0.3103448275862069
cap+cnt B=1 e=1 th=1 N=2 Bm=4,3,6,4.0,3.0,11.333333333333334,0.2647058823529412
skip N=2 (work channel off),3,6,4.0,3.0,12.0,0.25
skip N=5 (work channel off),3,6,4.0,3.0,16.0,0.1875
fixed B=0,2,7,4.0,0.0,8.0,0.0
fixed B=1,2,7,4.0,4.0,8.5,0.47058823529411764
fixed B=4,2,7,4.0,4.0,10.0,0.4
rel B0=0 eps=.5,2,7,4.0,4.5,12.5,0.4090909090909091
rel B0=1 eps=1,2,7,4.0,5.0,22.5,0.2777777777777778
qlen B0=0 gam=1,2,7,4.0,4.0,10.5,0.4444444444444444
qlen B0=1 gam=.5 eps=.5,2,7,4.0,4.0,14.5,0.3529411764705882
thresh B=1 th=1 N=2,2,7,4.0,4.0,9.5,0.42105263157894735
thresh B=0 th=.5 N=3 eps=1,2,7,4.0,5.5,23.0,0.2972972972972973
cap B0=1 eps=1 Bmax=3,2,7,4.0,4.0,9.5,0.42105263157894735
cap B0=1 eps=.5 Bmax=1,2,7,4.0,4.0,8.5,0.47058823529411764
cap+cnt B=1 e=1 th=1 N=2 Bm=4,2,7,4.0,4.0,11.0,0.36363636363636365
skip N=2 (work channel off),2,7,4.0,5.0,12.0,0.4166666666666667
skip N=5 (work channel off),2,7,4.0,5.0,18.0,0.2777777777777778
fixed B=0,2,8,4.0,0.0,8.0,0.0
fixed B=1,2,8,4.0,0.0,8.5,0.0
fixed B=4,2,8,4.0,0.0,10.0,0.0
rel B0=0 eps=.5,2,8,4.0,0.0,12.166666666666668,0.0
rel B0=1 eps=1,2,8,4.0,0.0,21.5,0.0
qlen B0=0 gam=1,2,8,4.0,0.0,11.0,0.0
qlen B0=1 gam=.5 eps=.5,2,8,4.0,0.0,14.833333333333332,0.0
thresh B=1 th=1 N=2,2,8,4.0,0.0,9.5,0.0
thresh B=0 th=.5 N=3 eps=1,2,8,4.0,0.0,22.0,0.0
cap B0=1 eps=1 Bmax=3,2,8,4.0,0.0,9.5,0.0
cap B0=1 eps=.5 Bmax=1,2,8,4.0,0.0,8.5,0.0
cap+cnt B=1 e=1 th=1 N=2 Bm=4,2,8,4.0,0.0,11.0,0.0
skip N=2 (work channel off),2,8,4.0,0.0,12.0,0.0
skip N=5 (work channel off),2,8,4.0,0.0,18.0,0.0
fixed B=0,2,7,4.0,0.0,8.0,0.0
fixed B=1,2,7,4.0,0.0,8.5,0.0
fixed B=4,2,7,4.0,0.0,10.0,0.0
rel B0=0 eps=.5,2,7,4.0,0.0,12.666666666666668,0.0
rel B0=1 eps=1,2,7,4.0,0.0,23.0,0.0
qlen B0=0 gam=1,2,7,4.0,0.0,10.0,0.0
qlen B0=1 gam=.5 eps=.5,2,7,4.0,0.0,14.333333333333332,0.0
thresh B=1 th=1 N=2,2,7,4.0,0.0,9.5,0.0
thresh B=0 th=.5 N=3 eps=1,2,7,4.0,0.0,23.5,0.0
cap B0=1 eps=1 Bmax=3,2,7,4.0,0.0,9.5,0.0
cap B0=1 eps=.5 Bmax=1,2,7,4.0,0.0,8.5,0.0
cap+cnt B=1 e=1 th=1 N=2 Bm=4,2,7,4.0,0.0,11.0,0.0
skip N=2 (work channel off),2,7,4.0,0.0,12.0,0.0
skip N=5 (work channel off),2,7,4.0,0.0,18.0,0.0
fixed B=0,3,2,1.0,0.0,2.3333333333333335,0.0
fixed B=1,3,2,1.0,0.0,2.6666666666666665,0.0
fixed B=4,3,2,1.0,0.0,3.6666666666666665,0.0
rel B0=0 eps=.5,3,2,1.0,0.0,2.8,0.0
rel B0=1 eps=1,3,2,1.0,0.0,4.0,0.0
rel B0=0 eps=2,3,2,1.0,0.0,7.0,0.0
qlen B0=0 gam=1,3,2,1.0,0.0,2.3333333333333335,0.0
qlen B0=1 gam=.5 eps=.5,3,2,1.0,0.0,3.2,0.0
thresh B=1 th=1 N=2,3,2,1.0,0.0,3.3333333333333335,0.0
thresh B=0 th=.5 N=3 eps=1,3,2,1.0,0.0,4.25,0.0
cap B0=1 eps=1 Bmax=3,3,2,1.0,0.0,3.3333333333333335,0.0
cap B0=0 eps=2 Bmax=2,3,2,1.0,0.0,3.0,0.0
cap B0=1 eps=.5 Bmax=1,3,2,1.0,0.0,2.6666666666666665,0.0
cap+cnt B=1 e=1 th=1 N=2 Bm=4,3,2,1.0,0.0,4.333333333333333,0.0
skip N=2 (work channel off),3,2,1.0,0.0,5.0,0.0
skip N=5 (work channel off),3,2,1.0,0.0,9.0,0.0
fixed B=0,2,3,0.5,0.0,1.0,0.0
fixed B=1,2,3,0.5,0.0,1.5,0.0
fixed B=4,2,3,0.5,0.0,3.0,0.0
rel B0=0 eps=.5,2,3,0.5,0.0,1.3333333333333333,0.0
rel B0=1 eps=1,2,3,0.5,0.0,3.0,0.0
qlen B0=0 gam=1,2,3,0.5,0.0,2.0,0.0
qlen B0=1 gam=.5 eps=.5,2,3,0.5,0.0,2.6666666666666665,0.0
thresh B=1 th=1 N=2,2,3,0.5,0.0,2.5,0.0
thresh B=0 th=.5 N=3 eps=1,2,3,0.5,0.0,3.5,0.0
cap B0=1 eps=1 Bmax=3,2,3,0.5,0.0,2.5,0.0
cap B0=1 eps=.5 Bmax=1,2,3,0.5,0.0,1.5,0.0
cap+cnt B=1 e=1 th=1 N=2 Bm=4,2,3,0.5,0.0,4.0,0.0
skip N=2 (work channel off),2,3,0.5,0.0,5.0,0.0
skip N=5 (work channel off),2,3,0.5,0.0,11.0,0.0
fixed B=0,3,8,4.0,0.0,9.333333333333334,0.0
fixed B=1,3,8,4.0,0.5,9.666666666666666,0.05172413793103449
fixed B=4,3,8,4.0,0.5,10.666666666666666,0.046875
rel B0=0 eps=.5,3,8,4.0,0.5,12.0,0.04310344827586207
rel B0=1 eps=1,3,8,4.0,0.5,16.5,0.03225806451612903
rel B0=0 eps=2,3,8,4.0,0.5,36.0,0.015625
qlen B0=0 gam=1,3,8,4.0,0.5,11.0,0.04838709677419355
qlen B0=1 gam=.5 eps=.5,3,8,4.0,0.5,13.399999999999999,0.03968253968253968
thresh B=1 th=1 N=2,3,8,4.0,0.5,10.333333333333334,0.04838709677419355
thresh B=0 th=.5 N=3 eps=1,3,8,4.0,0.5,16.75,0.031746031746031744
cap B0=1 eps=1 Bmax=3,3,8,4.0,0.5,10.333333333333334,0.04838709677419355
cap B0=0 eps=2 Bmax=2,3,8,4.0,0.5,10.0,0.05
cap B0=1 eps=.5 Bmax=1,3,8,4.0,0.5,9.666666666666666,0.05172413793103449
cap+cnt B=1 e=1 th=1 N=2 Bm=4,3,8,4.0,0.5,11.333333333333334,0.044117647058823525
skip N=2 (work channel off),3,8,4.0,0.5,12.0,0.041666666666666664
skip N=5 (work channel off),3,8,4.0,0.5,16.0,0.03125
fixed B=0,3,8,1.0,0.0,2.3333333333333335,0.0
fixed B=1,3,8,1.0,0.5,2.6666666666666665,0.1875
fixed B=4,3,8,1.0,0.5,3.666666666666667,0.13636363636363638
rel B0=0 eps=.5,3,8,1.0,0.0,3.0,0.0
rel B0=1 eps=1,3,8,1.0,0.5,4.5,0.125
rel B0=0 eps=2,3,8,1.0,0.0,9.0,0.0
qlen B0=0 gam=1,3,8,1.0,0.5,4.666666666666667,0.13636363636363638
qlen B0=1 gam=.5 eps=.5,3,8,1.0,0.5,4.8,0.125
thresh B=1 th=1 N=2,3,8,1.0,0.5,3.3333333333333335,0.15
thresh B=0 th=.5 N=3 eps=1,3,8,1.0,0.0,4.75,0.0
cap B0=1 eps=1 Bmax=3,3,8,1.0,0.5,3.333333333333334,0.15
cap B0=0 eps=2 Bmax=2,3,8,1.0,0.0,3.0,0.0
cap B0=1 eps=.5 Bmax=1,3,8,1.0,0.5,2.6666666666666665,0.1875
cap+cnt B=1 e=1 th=1 N=2 Bm=4,3,8,1.0,0.5,4.333333333333333,0.11538461538461539
skip N=2 (work channel off),3,8,1.0,0.5,5.0,0.1
skip N=5 (work channel off),3,8,1.0,0.5,9.0,0.05555555555555555
fixed B=0,1,9,4.0,0.0,4.0,0.0
fixed B=1,1,9,4.0,0.0,5.0,0.0
fixed B=4,1,9,4.0,0.0,8.0,0.0
rel B0=0 eps=.5,1,9,4.0,0.0,18.0,0.0
qlen B0=0 gam=1,1,9,4.0,0.0,11.0,0.0
qlen B0=1 gam=.5 eps=.5,1,9,4.0,0.0,27.0,0.0
thresh B=1 th=1 N=2,1,9,4.0,0.0,7.0,0.0
cap B0=1 eps=.5 Bmax=1,1,9,4.0,0.0,5.0,0.0
skip N=2 (work channel off),1,9,4.0,0.0,12.0,0.0
skip N=5 (work channel off),1,9,4.0,0.0,24.0,0.0
fixed B=0,1,7,4.0,0.0,4.0,0.0
fixed B=1,1,7,4.0,4.0,5.0,0.8
fixed B=4,1,7,4.0,4.0,8.0,0.5
rel B0=0 eps=.5,1,7,4.0,4.5,16.5,0.28125
qlen B0=0 gam=1,1,7,4.0,4.0,8.0,0.8
qlen B0=1 gam=.5 eps=.5,1,7,4.0,4.5,22.5,0.36363636363636365
thresh B=1 th=1 N=2,1,7,4.0,4.0,7.0,0.5714285714285714
cap B0=1 eps=.5 Bmax=1,1,7,4.0,4.0,5.0,0.8
skip N=2 (work channel off),1,7,4.0,8.0,12.0,0.6666666666666666
skip N=5 (work channel off),1,7,4.0,9.0,24.0,0.375
fixed B=0,3,8,4.0,0.0,9.333333333333334,0.0
fixed B=1,3,8,4.0,0.0,9.666666666666666,0.0
fixed B=4,3,8,4.0,0.0,10.666666666666666,0.0
rel B0=0 eps=.5,3,8,4.0,0.0,11.6,0.0
rel B0=1 eps=1,3,8,4.0,0.0,15.5,0.0
rel B0=0 eps=2,3,8,4.0,0.0,32.0,0.0
qlen B0=0 gam=1,3,8,4.0,0.0,11.333333333333334,0.0
qlen B0=1 gam=.5 eps=.5,3,8,4.0,0.0,13.0,0.0
thresh B=1 th=1 N=2,3,8,4.0,0.0,10.333333333333334,0.0
thresh B=0 th=.5 N=3 eps=1,3,8,4.0,0.0,15.75,0.0
cap B0=1 eps=1 Bmax=3,3,8,4.0,0.0,10.333333333333334,0.0
cap B0=0 eps=2 Bmax=2,3,8,4.0,0.0,10.0,0.0
cap B0=1 eps=.5 Bmax=1,3,8,4.0,0.0,9.666666666666666,0.0
cap+cnt B=1 e=1 th=1 N=2 Bm=4,3,8,4.0,0.0,11.333333333333334,0.0
skip N=2 (work channel off),3,8,4.0,0.0,12.0,0.0
skip N=5 (work channel off),3,8,4.0,0.0,16.0,0.0
fixed B=0,3,9,4.0,0.0,9.333333333333334,0.0
fixed B=1,3,9,4.0,2.5,9.666666666666666,0.25862068965517243
fixed B=4,3,9,4.0,4.0,10.666666666666666,0.375
rel B0=0 eps=.5,3,9,4.0,2.5,11.6,0.21739130434782608
rel B0=1 eps=1,3,9,4.0,4.0,15.5,0.27586206896551724
rel B0=0 eps=2,3,9,4.0,2.5,32.0,0.08064516129032258
qlen B0=0 gam=1,3,9,4.0,2.5,11.333333333333334,0.22058823529411764
qlen B0=1 gam=.5 eps=.5,3,9,4.0,4.0,13.1,0.3389830508474576
thresh B=1 th=1 N=2,3,9,4.0,2.5,10.333333333333334,0.24193548387096772
thresh B=0 th=.5 N=3 eps=1,3,9,4.0,2.5,15.75,0.16129032258064516
cap B0=1 eps=1 Bmax=3,3,9,4.0,4.0,10.333333333333334,0.3870967741935484
cap B0=0 eps=2 Bmax=2,3,9,4.0,2.5,10.0,0.25
cap B0=1 eps=.5 Bmax=1,3,9,4.0,2.5,9.666666666666666,0.25862068965517243
cap+cnt B=1 e=1 th=1 N=2 Bm=4,3,9,4.0,2.5,11.333333333333334,0.22058823529411764
skip N=2 (work channel off),3,9,4.0,2.5,12.0,0.20833333333333334
skip N=5 (work channel off),3,9,4.0,4.0,16.0,0.25
fixed B=0,2,8,4.0,0.0,8.0,0.0
fixed B=1,2,8,4.0,1.0,8.5,0.11764705882352941
fixed B=4,2,8,4.0,2.5,10.0,0.25
rel B0=0 eps=.5,2,8,4.0,2.0,12.166666666666668,0.17910447761194032
rel B0=1 eps=1,2,8,4.0,2.5,21.5,0.13513513513513514
qlen B0=0 gam=1,2,8,4.0,2.5,10.0,0.2631578947368421
qlen B0=1 gam=.5 eps=.5,2,8,4.0,2.5,13.833333333333332,0.1948051948051948
thresh B=1 th=1 N=2,2,8,4.0,1.0,9.5,0.10526315789473684
thresh B=0 th=.5 N=3 eps=1,2,8,4.0,2.5,22.0,0.13157894736842105
cap B0=1 eps=1 Bmax=3,2,8,4.0,2.5,9.5,0.2631578947368421
cap B0=1 eps=.5 Bmax=1,2,8,4.0,1.0,8.5,0.11764705882352941
cap+cnt B=1 e=1 th=1 N=2 Bm=4,2,8,4.0,1.0,11.0,0.09090909090909091
skip N=2 (work channel off),2,8,4.0,1.0,12.0,0.08333333333333333
skip N=5 (work channel off),2,8,4.0,2.5,18.0,0.1388888888888889
fixed B=0,3,3,0.5,0.0,1.1666666666666667,0.0
fixed B=1,3,3,0.5,0.0,1.5,0.0
fixed B=4,3,3,0.5,0.0,2.5,0.0
rel B0=0 eps=.5,3,3,0.5,0.0,1.4,0.0
rel B0=1 eps=1,3,3,0.5,0.0,2.25,0.0
rel B0=0 eps=2,3,3,0.5,0.0,3.5,0.0
qlen B0=0 gam=1,3,3,0.5,0.0,1.8333333333333333,0.0
qlen B0=1 gam=.5 eps=.5,3,3,0.5,0.0,2.2,0.0
thresh B=1 th=1 N=2,3,3,0.5,0.0,2.1666666666666665,0.0
thresh B=0 th=.5 N=3 eps=1,3,3,0.5,0.0,2.5,0.0
cap B0=1 eps=1 Bmax=3,3,3,0.5,0.0,2.1666666666666665,0.0
cap B0=0 eps=2 Bmax=2,3,3,0.5,0.0,1.8333333333333333,0.0
cap B0=1 eps=.5 Bmax=1,3,3,0.5,0.0,1.5,0.0
cap+cnt B=1 e=1 th=1 N=2 Bm=4,3,3,0.5,0.0,3.1666666666666665,0.0
skip N=2 (work channel off),3,3,0.5,0.0,3.8333333333333335,0.0
skip N=5 (work channel off),3,3,0.5,0.0,7.833333333333333,0.0
fixed B=0,2,8,4.0,0.0,8.0,0.0
fixed B=1,2,8,4.0,0.0,8.5,0.0
fixed B=4,2,8,4.0,0.0,10.0,0.0
rel B0=0 eps=.5,2,8,4.0,0.0,12.166666666666668,0.0
rel B0=1 eps=1,2,8,4.0,0.0,21.5,0.0
qlen B0=0 gam=1,2,8,4.0,0.0,11.5,0.0
qlen B0=1 gam=.5 eps=.5,2,8,4.0,0.0,15.166666666666668,0.0
thresh B=1 th=1 N=2,2,8,4.0,0.0,9.5,0.0
thresh B=0 th=.5 N=3 eps=1,2,8,4.0,0.0,22.0,0.0
cap B0=1 eps=1 Bmax=3,2,8,4.0,0.0,9.5,0.0
cap B0=1 eps=.5 Bmax=1,2,8,4.0,0.0,8.5,0.0
cap+cnt B=1 e=1 th=1 N=2 Bm=4,2,8,4.0,0.0,11.0,0.0
skip N=2 (work channel off),2,8,4.0,0.0,12.0,0.0
skip N=5 (work channel off),2,8,4.0,0.0,18.0,0.0
fixed B=0,3,4,4.0,0.0,9.333333333333334,0.0
fixed B=1,3,4,4.0,0.0,9.666666666666666,0.0
fixed B=4,3,4,4.0,0.0,10.666666666666666,0.0
rel B0=0 eps=.5,3,4,4.0,0.0,11.8,0.0
rel B0=1 eps=1,3,4,4.0,0.0,16.0,0.0
rel B0=0 eps=2,3,4,4.0,0.0,34.0,0.0
qlen B0=0 gam=1,3,4,4.0,0.0,10.0,0.0
qlen B0=1 gam=.5 eps=.5,3,4,4.0,0.0,12.2,0.0
thresh B=1 th=1 N=2,3,4,4.0,0.0,10.333333333333334,0.0
thresh B=0 th=.5 N=3 eps=1,3,4,4.0,0.0,16.25,0.0
cap B0=1 eps=1 Bmax=3,3,4,4.0,0.0,10.333333333333334,0.0
cap B0=0 eps=2 Bmax=2,3,4,4.0,0.0,10.0,0.0
cap B0=1 eps=.5 Bmax=1,3,4,4.0,0.0,9.666666666666666,0.0
cap+cnt B=1 e=1 th=1 N=2 Bm=4,3,4,4.0,0.0,11.333333333333334,0.0
skip N=2 (work channel off),3,4,4.0,0.0,12.0,0.0
skip N=5 (work channel off),3,4,4.0,0.0,16.0,0.0
fixed B=0,3,3,0.5,0.0,1.1666666666666667,0.0
fixed B=1,3,3,0.5,0.0,1.5,0.0
fixed B=4,3,3,0.5,0.0,2.5,0.0
rel B0=0 eps=.5,3,3,0.5,0.0,1.4,0.0
rel B0=1 eps=1,3,3,0.5,0.0,2.25,0.0
rel B0=0 eps=2,3,3,0.5,0.0,3.5,0.0
qlen B0=0 gam=1,3,3,0.5,0.0,1.8333333333333333,0.0
qlen B0=1 gam=.5 eps=.5,3,3,0.5,0.0,2.2,0.0
thresh B=1 th=1 N=2,3,3,0.5,0.0,2.1666666666666665,0.0
thresh B=0 th=.5 N=3 eps=1,3,3,0.5,0.0,2.5,0.0
cap B0=1 eps=1 Bmax=3,3,3,0.5,0.0,2.1666666666666665,0.0
cap B0=0 eps=2 Bmax=2,3,3,0.5,0.0,1.8333333333333333,0.0
cap B0=1 eps=.5 Bmax=1,3,3,0.5,0.0,1.5,0.0
cap+cnt B=1 e=1 th=1 N=2 Bm=4,3,3,0.5,0.0,3.1666666666666665,0.0
skip N=2 (work channel off),3,3,0.5,0.0,3.8333333333333335,0.0
skip N=5 (work channel off),3,3,0.5,0.0,7.833333333333333,0.0
fixed B=0,3,9,4.0,0.0,9.333333333333334,0.0
fixed B=1,3,9,4.0,1.0,9.666666666666666,0.10344827586206898
fixed B=4,3,9,4.0,1.0,10.666666666666666,0.09375
rel B0=0 eps=.5,3,9,4.0,3.0,11.6,0.2631578947368421
rel B0=1 eps=1,3,9,4.0,1.0,15.5,0.06896551724137931
rel B0=0 eps=2,3,9,4.0,1.0,32.0,0.034482758620689655
qlen B0=0 gam=1,3,9,4.0,1.0,11.333333333333334,0.10344827586206898
qlen B0=1 gam=.5 eps=.5,3,9,4.0,1.0,13.0,0.0847457627118644
thresh B=1 th=1 N=2,3,9,4.0,1.0,10.333333333333334,0.0967741935483871
thresh B=0 th=.5 N=3 eps=1,3,9,4.0,1.0,15.75,0.06666666666666667
cap B0=1 eps=1 Bmax=3,3,9,4.0,1.0,10.333333333333334,0.0967741935483871
cap B0=0 eps=2 Bmax=2,3,9,4.0,1.0,10.0,0.1
cap B0=1 eps=.5 Bmax=1,3,9,4.0,1.0,9.666666666666666,0.10344827586206898
cap+cnt B=1 e=1 th=1 N=2 Bm=4,3,9,4.0,1.0,11.333333333333334,0.08823529411764705
skip N=2 (work channel off),3,9,4.0,1.0,12.0,0.08333333333333333
skip N=5 (work channel off),3,9,4.0,1.0,16.0,0.0625
fixed B=0,3,2,1.0,0.0,2.3333333333333335,0.0
fixed B=1,3,2,1.0,0.0,2.6666666666666665,0.0
fixed B=4,3,2,1.0,0.0,3.6666666666666665,0.0
rel B0=0 eps=.5,3,2,1.0,0.0,2.8,0.0
rel B0=1 eps=1,3,2,1.0,0.0,4.0,0.0
rel B0=0 eps=2,3,2,1.0,0.0,7.0,0.0
qlen B0=0 gam=1,3,2,1.0,0.0,2.3333333333333335,0.0
qlen B0=1 gam=.5 eps=.5,3,2,1.0,0.0,3.2,0.0
thresh B=1 th=1 N=2,3,2,1.0,0.0,3.3333333333333335,0.0
thresh B=0 th=.5 N=3 eps=1,3,2,1.0,0.0,4.25,0.0
cap B0=1 eps=1 Bmax=3,3,2,1.0,0.0,3.3333333333333335,0.0
cap B0=0 eps=2 Bmax=2,3,2,1.0,0.0,3.0,0.0
cap B0=1 eps=.5 Bmax=1,3,2,1.0,0.0,2.6666666666666665,0.0
cap+cnt B=1 e=1 th=1 N=2 Bm=4,3,2,1.0,0.0,4.333333333333333,0.0
skip N=2 (work channel off),3,2,1.0,0.0,5.0,0.0
skip N=5 (work channel off),3,2,1.0,0.0,9.0,0.0
fixed B=0,2,3,0.5,0.0,1.0,0.0
fixed B=1,2,3,0.5,0.0,1.5,0.0
fixed B=4,2,3,0.5,0.0,3.0,0.0
rel B0=0 eps=.5,2,3,0.5,0.0,1.3333333333333333,0.0
rel B0=1 eps=1,2,3,0.5,0.0,3.0,0.0
qlen B0=0 gam=1,2,3,0.5,0.0,2.0,0.0
qlen B0=1 gam=.5 eps=.5,2,3,0.5,0.0,2.6666666666666665,0.0
thresh B=1 th=1 N=2,2,3,0.5,0.0,2.5,0.0
thresh B=0 th=.5 N=3 eps=1,2,3,0.5,0.0,3.5,0.0
cap B0=1 eps=1 Bmax=3,2,3,0.5,0.0,2.5,0.0
cap B0=1 eps=.5 Bmax=1,2,3,0.5,0.0,1.5,0.0
cap+cnt B=1 e=1 th=1 N=2 Bm=4,2,3,0.5,0.0,4.0,0.0
skip N=2 (work channel off),2,3,0.5,0.0,5.0,0.0
skip N=5 (work channel off),2,3,0.5,0.0,11.0,0.0
fixed B=0,2,6,4.0,0.0,8.0,0.0
fixed B=1,2,6,4.0,0.5,8.5,0.058823529411764705
fixed B=4,2,6,4.0,0.5,10.0,0.05
rel B0=0 eps=.5,2,6,4.0,0.5,12.0,0.04285714285714286
rel B0=1 eps=1,2,6,4.0,0.5,21.0,0.029411764705882353
qlen B0=0 gam=1,2,6,4.0,0.5,9.5,0.058823529411764705
qlen B0=1 gam=.5 eps=.5,2,6,4.0,0.5,13.666666666666668,0.04285714285714286
thresh B=1 th=1 N=2,2,6,4.0,0.5,9.5,0.05263157894736842
thresh B=0 th=.5 N=3 eps=1,2,6,4.0,0.5,21.5,0.024390243902439025
cap B0=1 eps=1 Bmax=3,2,6,4.0,0.5,9.5,0.05263157894736842
cap B0=1 eps=.5 Bmax=1,2,6,4.0,0.5,8.5,0.058823529411764705
cap+cnt B=1 e=1 th=1 N=2 Bm=4,2,6,4.0,0.5,11.0,0.045454545454545456
skip N=2 (work channel off),2,6,4.0,0.5,12.0,0.041666666666666664
skip N=5 (work channel off),2,6,4.0,0.5,18.0,0.027777777777777776
fixed B=0,2,6,4.0,0.0,8.0,0.0
fixed B=1,2,6,4.0,1.0,8.5,0.11764705882352941
fixed B=4,2,6,4.0,1.0,10.0,0.1
rel B0=0 eps=.5,2,6,4.0,0.0,12.0,0.0
rel B0=1 eps=1,2,6,4.0,1.0,21.0,0.058823529411764705
qlen B0=0 gam=1,2,6,4.0,1.0,9.5,0.1111111111111111
qlen B0=1 gam=.5 eps=.5,2,6,4.0,1.0,13.666666666666668,0.08823529411764705
thresh B=1 th=1 N=2,2,6,4.0,1.0,9.5,0.10526315789473684
thresh B=0 th=.5 N=3 eps=1,2,6,4.0,0.0,21.5,0.0
cap B0=1 eps=1 Bmax=3,2,6,4.0,1.0,9.5,0.10526315789473684
cap B0=1 eps=.5 Bmax=1,2,6,4.0,1.0,8.5,0.11764705882352941
cap+cnt B=1 e=1 th=1 N=2 Bm=4,2,6,4.0,1.0,11.0,0.09090909090909091
skip N=2 (work channel off),2,6,4.0,1.0,12.0,0.08333333333333333
skip N=5 (work channel off),2,6,4.0,1.0,18.0,0.05555555555555555
fixed B=0,1,9,4.0,0.0,4.0,0.0
fixed B=1,1,9,4.0,1.5,5.0,0.3
fixed B=4,1,9,4.0,4.5,8.0,0.5625
rel B0=0 eps=.5,1,9,4.0,4.5,22.5,0.375
qlen B0=0 gam=1,1,9,4.0,3.5,11.0,0.4375
qlen B0=1 gam=.5 eps=.5,1,9,4.0,4.5,31.5,0.28125
thresh B=1 th=1 N=2,1,9,4.0,1.5,7.0,0.21428571428571427
cap B0=1 eps=.5 Bmax=1,1,9,4.0,1.5,5.0,0.3
skip N=2 (work channel off),1,9,4.0,1.5,12.0,0.125
skip N=5 (work channel off),1,9,4.0,4.5,24.0,0.1875
fixed B=0,3,4,0.0,0.0,0.0,0.0
fixed B=1,3,4,0.0,0.0,0.3333333333333333,0.0
fixed B=4,3,4,0.0,0.0,1.3333333333333333,0.0
rel B0=0 eps=.5,3,4,0.0,0.0,0.0,0.0
rel B0=1 eps=1,3,4,0.0,0.0,0.5,0.0
rel B0=0 eps=2,3,4,0.0,0.0,0.0,0.0
qlen B0=0 gam=1,3,4,0.0,0.0,1.0,0.0
qlen B0=1 gam=.5 eps=.5,3,4,0.0,0.0,1.0,0.0
thresh B=1 th=1 N=2,3,4,0.0,0.0,1.0,0.0
thresh B=0 th=.5 N=3 eps=1,3,4,0.0,0.0,0.75,0.0
cap B0=1 eps=1 Bmax=3,3,4,0.0,0.0,0.5,0.0
cap B0=0 eps=2 Bmax=2,3,4,0.0,0.0,0.0,0.0
cap B0=1 eps=.5 Bmax=1,3,4,0.0,0.0,0.3333333333333333,0.0
cap+cnt B=1 e=1 th=1 N=2 Bm=4,3,4,0.0,0.0,1.5,0.0
skip N=2 (work channel off),3,4,0.0,0.0,2.6666666666666665,0.0
skip N=5 (work channel off),3,4,0.0,0.0,6.666666666666667,0.0
fixed B=0,1,9,4.0,0.0,4.0,0.0
fixed B=1,1,9,4.0,4.0,5.0,0.8
fixed B=4,1,9,4.0,4.0,8.0,0.5
rel B0=0 eps=.5,1,9,4.0,1.5,29.5,0.11538461538461539
qlen B0=0 gam=1,1,9,4.0,1.5,11.0,0.25
qlen B0=1 gam=.5 eps=.5,1,9,4.0,4.0,38.5,0.4
thresh B=1 th=1 N=2,1,9,4.0,4.0,7.0,0.5714285714285714
cap B0=1 eps=.5 Bmax=1,1,9,4.0,4.0,5.0,0.8
skip N=2 (work channel off),1,9,4.0,4.0,12.0,0.3333333333333333
skip N=5 (work channel off),1,9,4.0,4.5,24.0,0.1875
fixed B=0,1,2,0.5,0.0,0.5,0.0
fixed B=1,1,2,0.5,0.0,1.5,0.0
fixed B=4,1,2,0.5,0.0,4.5,0.0
rel B0=0 eps=.5,1,2,0.5,0.0,1.0,0.0
qlen B0=0 gam=1,1,2,0.5,0.0,0.5,0.0
qlen B0=1 gam=.5 eps=.5,1,2,0.5,0.0,3.0,0.0
thresh B=1 th=1 N=2,1,2,0.5,0.0,3.5,0.0
cap B0=1 eps=.5 Bmax=1,1,2,0.5,0.0,1.5,0.0
skip N=2 (work channel off),1,2,0.5,0.0,8.5,0.0
skip N=5 (work channel off),1,2,0.5,0.0,20.5,0.0
fixed B=0,2,2,0.0,0.0,0.0,0.0
fixed B=1,2,2,0.0,0.0,0.5,0.0
fixed B=4,2,2,0.0,0.0,2.0,0.0
rel B0=0 eps=.5,2,2,0.0,0.0,0.0,0.0
rel B0=1 eps=1,2,2,0.0,0.0,1.0,0.0
qlen B0=0 gam=1,2,2,0.0,0.0,0.5,0.0
qlen B0=1 gam=.5 eps=.5,2,2,0.0,0.0,1.0,0.0
thresh B=1 th=1 N=2,2,2,0.0,0.0,1.5,0.0
thresh B=0 th=.5 N=3 eps=1,2,2,0.0,0.0,1.5,0.0
cap B0=1 eps=1 Bmax=3,2,2,0.0,0.0,1.0,0.0
cap B0=1 eps=.5 Bmax=1,2,2,0.0,0.0,0.5,0.0
cap+cnt B=1 e=1 th=1 N=2 Bm=4,2,2,0.0,0.0,3.0,0.0
skip N=2 (work channel off),2,2,0.0,0.0,4.0,0.0
skip N=5 (work channel off),2,2,0.0,0.0,10.0,0.0
fixed B=0,1,8,4.0,0.0,4.0,0.0
fixed B=1,1,8,4.0,4.0,5.0,0.8
fixed B=4,1,8,4.0,4.0,8.0,0.5
rel B0=0 eps=.5,1,8,4.0,4.0,18.0,0.4444444444444444
qlen B0=0 gam=1,1,8,4.0,4.0,10.0,0.8
qlen B0=1 gam=.5 eps=.5,1,8,4.0,8.0,26.0,0.5925925925925926
thresh B=1 th=1 N=2,1,8,4.0,4.0,7.0,0.5714285714285714
cap B0=1 eps=.5 Bmax=1,1,8,4.0,4.0,5.0,0.8
skip N=2 (work channel off),1,8,4.0,8.0,12.0,0.6666666666666666
skip N=5 (work channel off),1,8,4.0,10.0,24.0,0.4166666666666667
fixed B=0,3,6,4.0,0.0,9.333333333333334,0.0
fixed B=1,3,6,4.0,0.5,9.666666666666666,0.05172413793103449
fixed B=4,3,6,4.0,0.5,10.666666666666666,0.046875
rel B0=0 eps=.5,3,6,4.0,0.0,11.2,0.0
rel B0=1 eps=1,3,6,4.0,0.5,14.5,0.034482758620689655
rel B0=0 eps=2,3,6,4.0,0.0,28.0,0.0
qlen B0=0 gam=1,3,6,4.0,0.5,10.333333333333334,0.05172413793103449
qlen B0=1 gam=.5 eps=.5,3,6,4.0,0.5,12.2,0.0423728813559322
thresh B=1 th=1 N=2,3,6,4.0,0.5,10.333333333333334,0.04838709677419355
thresh B=0 th=.5 N=3 eps=1,3,6,4.0,0.0,14.75,0.0
cap B0=1 eps=1 Bmax=3,3,6,4.0,0.5,10.333333333333334,0.04838709677419355
cap B0=0 eps=2 Bmax=2,3,6,4.0,0.0,10.0,0.0
cap B0=1 eps=.5 Bmax=1,3,6,4.0,0.5,9.666666666666666,0.05172413793103449
cap+cnt B=1 e=1 th=1 N=2 Bm=4,3,6,4.0,0.5,11.333333333333334,0.044117647058823525
skip N=2 (work channel off),3,6,4.0,0.5,12.0,0.041666666666666664
skip N=5 (work channel off),3,6,4.0,0.5,16.0,0.03125
fixed B=0,3,7,1.0,0.0,2.3333333333333335,0.0
fixed B=1,3,7,1.0,0.0,2.6666666666666665,0.0
fixed B=4,3,7,1.0,0.0,3.6666666666666665,0.0
rel B0=0 eps=.5,3,7,1.0,0.0,2.8,0.0
rel B0=1 eps=1,3,7,1.0,0.0,4.0,0.0
rel B0=0 eps=2,3,7,1.0,0.0,7.0,0.0
qlen B0=0 gam=1,3,7,1.0,0.0,3.3333333333333335,0.0
qlen B0=1 gam=.5 eps=.5,3,7,1.0,0.0,3.8,0.0
thresh B=1 th=1 N=2,3,7,1.0,0.0,3.3333333333333335,0.0
thresh B=0 th=.5 N=3 eps=1,3,7,1.0,0.0,4.25,0.0
cap B0=1 eps=1 Bmax=3,3,7,1.0,0.0,3.3333333333333335,0.0
cap B0=0 eps=2 Bmax=2,3,7,1.0,0.0,3.0,0.0
cap B0=1 eps=.5 Bmax=1,3,7,1.0,0.0,2.6666666666666665,0.0
cap+cnt B=1 e=1 th=1 N=2 Bm=4,3,7,1.0,0.0,4.333333333333333,0.0
skip N=2 (work channel off),3,7,1.0,0.0,5.0,0.0
skip N=5 (work channel off),3,7,1.0,0.0,9.0,0.0
fixed B=0,3,5,4.0,0.0,9.333333333333334,0.0
fixed B=1,3,5,4.0,0.0,9.666666666666666,0.0
fixed B=4,3,5,4.0,0.0,10.666666666666666,0.0
rel B0=0 eps=.5,3,5,4.0,0.0,11.3,0.0
rel B0=1 eps=1,3,5,4.0,0.0,14.75,0.0
rel B0=0 eps=2,3,5,4.0,0.0,29.0,0.0
qlen B0=0 gam=1,3,5,4.0,0.0,10.333333333333334,0.0
qlen B0=1 gam=.5 eps=.5,3,5,4.0,0.0,12.3,0.0
thresh B=1 th=1 N=2,3,5,4.0,0.0,10.333333333333334,0.0
thresh B=0 th=.5 N=3 eps=1,3,5,4.0,0.0,15.0,0.0
cap B0=1 eps=1 Bmax=3,3,5,4.0,0.0,10.333333333333334,0.0
cap B0=0 eps=2 Bmax=2,3,5,4.0,0.0,10.0,0.0
cap B0=1 eps=.5 Bmax=1,3,5,4.0,0.0,9.666666666666666,0.0
cap+cnt B=1 e=1 th=1 N=2 Bm=4,3,5,4.0,0.0,11.333333333333334,0.0
skip N=2 (work channel off),3,5,4.0,0.0,12.0,0.0
skip N=5 (work channel off),3,5,4.0,0.0,16.0,0.0
fixed B=0,3,5,4.0,0.0,9.333333333333334,0.0
fixed B=1,3,5,4.0,0.0,9.666666666666666,0.0
fixed B=4,3,5,4.0,0.0,10.666666666666666,0.0
rel B0=0 eps=.5,3,5,4.0,0.0,11.2,0.0
rel B0=1 eps=1,3,5,4.0,0.0,14.5,0.0
rel B0=0 eps=2,3,5,4.0,0.0,28.0,0.0
qlen B0=0 gam=1,3,5,4.0,0.0,9.666666666666666,0.0
qlen B0=1 gam=.5 eps=.5,3,5,4.0,0.0,11.8,0.0
thresh B=1 th=1 N=2,3,5,4.0,0.0,10.333333333333334,0.0
thresh B=0 th=.5 N=3 eps=1,3,5,4.0,0.0,14.75,0.0
cap B0=1 eps=1 Bmax=3,3,5,4.0,0.0,10.333333333333334,0.0
cap B0=0 eps=2 Bmax=2,3,5,4.0,0.0,10.0,0.0
cap B0=1 eps=.5 Bmax=1,3,5,4.0,0.0,9.666666666666666,0.0
cap+cnt B=1 e=1 th=1 N=2 Bm=4,3,5,4.0,0.0,11.333333333333334,0.0
skip N=2 (work channel off),3,5,4.0,0.0,12.0,0.0
skip N=5 (work channel off),3,5,4.0,0.0,16.0,0.0
fixed B=0,1,4,1.0,0.0,1.0,0.0
fixed B=1,1,4,1.0,1.5,2.0,0.75
fixed B=4,1,4,1.0,1.5,5.0,0.3
rel B0=0 eps=.5,1,4,1.0,0.5,3.5,0.2
qlen B0=0 gam=1,1,4,1.0,1.5,4.0,0.75
qlen B0=1 gam=.5 eps=.5,1,4,1.0,1.5,8.5,0.2727272727272727
thresh B=1 th=1 N=2,1,4,1.0,1.5,4.0,0.375
cap B0=1 eps=.5 Bmax=1,1,4,1.0,1.5,2.0,0.75
skip N=2 (work channel off),1,4,1.0,1.5,9.0,0.16666666666666666
skip N=5 (work channel off),1,4,1.0,1.5,21.0,0.07142857142857142
fixed B=0,3,4,1.0,0.0,2.3333333333333335,0.0
fixed B=1,3,4,1.0,0.0,2.6666666666666665,0.0
fixed B=4,3,4,1.0,0.0,3.6666666666666665,0.0
rel B0=0 eps=.5,3,4,1.0,0.0,2.8,0.0
rel B0=1 eps=1,3,4,1.0,0.0,4.0,0.0
rel B0=0 eps=2,3,4,1.0,0.0,7.0,0.0
qlen B0=0 gam=1,3,4,1.0,0.0,3.0,0.0
qlen B0=1 gam=.5 eps=.5,3,4,1.0,0.0,3.6,0.0
thresh B=1 th=1 N=2,3,4,1.0,0.0,3.3333333333333335,0.0
thresh B=0 th=.5 N=3 eps=1,3,4,1.0,0.0,4.25,0.0
cap B0=1 eps=1 Bmax=3,3,4,1.0,0.0,3.3333333333333335,0.0
cap B0=0 eps=2 Bmax=2,3,4,1.0,0.0,3.0,0.0
cap B0=1 eps=.5 Bmax=1,3,4,1.0,0.0,2.6666666666666665,0.0
cap+cnt B=1 e=1 th=1 N=2 Bm=4,3,4,1.0,0.0,4.333333333333333,0.0
skip N=2 (work channel off),3,4,1.0,0.0,5.0,0.0
skip N=5 (work channel off),3,4,1.0,0.0,9.0,0.0
fixed B=0,2,6,4.0,0.0,8.0,0.0
fixed B=1,2,6,4.0,4.0,8.5,0.47058823529411764
fixed B=4,2,6,4.0,4.0,10.0,0.4
rel B0=0 eps=.5,2,6,4.0,0.0,12.0,0.0
rel B0=1 eps=1,2,6,4.0,4.0,21.0,0.23529411764705882
qlen B0=0 gam=1,2,6,4.0,0.0,9.5,0.0
qlen B0=1 gam=.5 eps=.5,2,6,4.0,4.0,13.666666666666668,0.3529411764705882
thresh B=1 th=1 N=2,2,6,4.0,4.0,9.5,0.42105263157894735
thresh B=0 th=.5 N=3 eps=1,2,6,4.0,0.0,21.5,0.0
cap B0=1 eps=1 Bmax=3,2,6,4.0,4.0,9.5,0.42105263157894735
cap B0=1 eps=.5 Bmax=1,2,6,4.0,4.0,8.5,0.47058823529411764
cap+cnt B=1 e=1 th=1 N=2 Bm=4,2,6,4.0,4.0,11.0,0.36363636363636365
skip N=2 (work channel off),2,6,4.0,4.0,12.0,0.3333333333333333
skip N=5 (work channel off),2,6,4.0,6.0,18.0,0.3333333333333333
fixed B=0,2,9,4.0,0.0,8.0,0.0
fixed B=1,2,9,4.0,0.0,8.5,0.0
fixed B=4,2,9,4.0,0.0,10.0,0.0
rel B0=0 eps=.5,2,9,4.0,0.0,13.0,0.0
rel B0=1 eps=1,2,9,4.0,0.0,24.0,0.0
qlen B0=0 gam=1,2,9,4.0,0.0,11.0,0.0
qlen B0=1 gam=.5 eps=.5,2,9,4.0,0.0,15.5,0.0
thresh B=1 th=1 N=2,2,9,4.0,0.0,9.5,0.0
thresh B=0 th=.5 N=3 eps=1,2,9,4.0,0.0,24.5,0.0
cap B0=1 eps=1 Bmax=3,2,9,4.0,0.0,9.5,0.0
cap B0=1 eps=.5 Bmax=1,2,9,4.0,0.0,8.5,0.0
cap+cnt B=1 e=1 th=1 N=2 Bm=4,2,9,4.0,0.0,11.0,0.0
skip N=2 (work channel off),2,9,4.0,0.0,12.0,0.0
skip N=5 (work channel off),2,9,4.0,0.0,18.0,0.0
fixed B=0,2,3,4.0,0.0,8.0,0.0
fixed B=1,2,3,4.0,1.0,8.5,0.11764705882352941
fixed B=4,2,3,4.0,1.0,10.0,0.1
rel B0=0 eps=.5,2,3,4.0,0.0,10.666666666666666,0.0
rel B0=1 eps=1,2,3,4.0,1.0,17.0,0.058823529411764705
qlen B0=0 gam=1,2,3,4.0,1.0,9.0,0.11764705882352941
qlen B0=1 gam=.5 eps=.5,2,3,4.0,1.0,12.0,0.08571428571428572
thresh B=1 th=1 N=2,2,3,4.0,1.0,9.5,0.10526315789473684
thresh B=0 th=.5 N=3 eps=1,2,3,4.0,0.0,17.5,0.0
cap B0=1 eps=1 Bmax=3,2,3,4.0,1.0,9.5,0.10526315789473684
cap B0=1 eps=.5 Bmax=1,2,3,4.0,1.0,8.5,0.11764705882352941
cap+cnt B=1 e=1 th=1 N=2 Bm=4,2,3,4.0,1.0,11.0,0.09090909090909091
skip N=2 (work channel off),2,3,4.0,1.0,12.0,0.08333333333333333
skip N=5 (work channel off),2,3,4.0,1.0,18.0,0.05555555555555555
fixed B=0,1,5,4.0,0.0,4.0,0.0
fixed B=1,1,5,4.0,4.0,5.0,0.8
fixed B=4,1,5,4.0,4.0,8.0,0.5
rel B0=0 eps=.5,1,5,4.0,4.0,11.5,0.47058823529411764
qlen B0=0 gam=1,1,5,4.0,4.0,7.0,0.8
qlen B0=1 gam=.5 eps=.5,1,5,4.0,4.0,15.5,0.36363636363636365
thresh B=1 th=1 N=2,1,5,4.0,4.0,7.0,0.5714285714285714
cap B0=1 eps=.5 Bmax=1,1,5,4.0,4.0,5.0,0.8
skip N=2 (work channel off),1,5,4.0,4.0,12.0,0.3333333333333333
skip N=5 (work channel off),1,5,4.0,4.0,24.0,0.16666666666666666
fixed B=0,1,8,4.0,0.0,4.0,0.0
fixed B=1,1,8,4.0,0.0,5.0,0.0
fixed B=4,1,8,4.0,0.0,8.0,0.0
rel B0=0 eps=.5,1,8,4.0,0.0,17.0,0.0
qlen B0=0 gam=1,1,8,4.0,0.0,10.0,0.0
qlen B0=1 gam=.5 eps=.5,1,8,4.0,0.0,25.0,0.0
thresh B=1 th=1 N=2,1,8,4.0,0.0,7.0,0.0
cap B0=1 eps=.5 Bmax=1,1,8,4.0,0.0,5.0,0.0
skip N=2 (work channel off),1,8,4.0,0.0,12.0,0.0
skip N=5 (work channel off),1,8,4.0,0.0,24.0,0.0
fixed B=0,1,8,4.0,0.0,4.0,0.0
fixed B=1,1,8,4.0,4.0,5.0,0.8
fixed B=4,1,8,4.0,4.0,8.0,0.5
rel B0=0 eps=.5,1,8,4.0,4.0,14.0,0.47058823529411764
qlen B0=0 gam=1,1,8,4.0,4.0,9.0,0.8
qlen B0=1 gam=.5 eps=.5,1,8,4.0,4.0,21.5,0.4
thresh B=1 th=1 N=2,1,8,4.0,4.0,7.0,0.5714285714285714
cap B0=1 eps=.5 Bmax=1,1,8,4.0,4.0,5.0,0.8
skip N=2 (work channel off),1,8,4.0,5.0,12.0,0.4166666666666667
skip N=5 (work channel off),1,8,4.0,6.0,24.0,0.25
fixed B=0,3,6,4.0,0.0,9.333333333333334,0.0
fixed B=1,3,6,4.0,0.0,9.666666666666666,0.0
fixed B=4,3,6,4.0,0.0,10.666666666666666,0.0
rel B0=0 eps=.5,3,6,4.0,0.0,11.4,0.0
rel B0=1 eps=1,3,6,4.0,0.0,15.0,0.0
rel B0=0 eps=2,3,6,4.0,0.0,30.0,0.0
qlen B0=0 gam=1,3,6,4.0,0.0,11.0,0.0
qlen B0=1 gam=.5 eps=.5,3,6,4.0,0.0,12.8,0.0
thresh B=1 th=1 N=2,3,6,4.0,0.0,10.333333333333334,0.0
thresh B=0 th=.5 N=3 eps=1,3,6,4.0,0.0,15.25,0.0
cap B0=1 eps=1 Bmax=3,3,6,4.0,0.0,10.333333333333334,0.0
cap B0=0 eps=2 Bmax=2,3,6,4.0,0.0,10.0,0.0
cap B0=1 eps=.5 Bmax=1,3,6,4.0,0.0,9.666666666666666,0.0
cap+cnt B=1 e=1 th=1 N=2 Bm=4,3,6,4.0,0.0,11.333333333333334,0.0
skip N=2 (work channel off),3,6,4.0,0.0,12.0,0.0
skip N=5 (work channel off),3,6,4.0,0.0,16.0,0.0
fixed B=0,1,2,1.0,0.0,1.0,0.0
fixed B=1,1,2,1.0,1.0,2.0,0.5
fixed B=4,1,2,1.0,1.0,5.0,0.2
rel B0=0 eps=.5,1,2,1.0,0.0,3.0,0.0
qlen B0=0 gam=1,1,2,1.0,0.0,2.0,0.0
qlen B0=1 gam=.5 eps=.5,1,2,1.0,1.0,6.0,0.25
thresh B=1 th=1 N=2,1,2,1.0,1.0,4.0,0.25
cap B0=1 eps=.5 Bmax=1,1,2,1.0,1.0,2.0,0.5
skip N=2 (work channel off),1,2,1.0,1.0,9.0,0.1111111111111111
skip N=5 (work channel off),1,2,1.0,1.0,21.0,0.047619047619047616
fixed B=0,2,4,4.0,0.0,8.0,0.0
fixed B=1,2,4,4.0,1.0,8.5,0.11764705882352941
fixed B=4,2,4,4.0,1.5,10.0,0.15
rel B0=0 eps=.5,2,4,4.0,0.0,10.666666666666666,0.0
rel B0=1 eps=1,2,4,4.0,1.5,17.0,0.08823529411764706
qlen B0=0 gam=1,2,4,4.0,0.0,9.0,0.0
qlen B0=1 gam=.5 eps=.5,2,4,4.0,1.5,12.0,0.1323529411764706
thresh B=1 th=1 N=2,2,4,4.0,1.5,9.5,0.15789473684210525
thresh B=0 th=.5 N=3 eps=1,2,4,4.0,0.0,17.5,0.0
cap B0=1 eps=1 Bmax=3,2,4,4.0,1.5,9.5,0.15789473684210525
cap B0=1 eps=.5 Bmax=1,2,4,4.0,1.0,8.5,0.11764705882352941
cap+cnt B=1 e=1 th=1 N=2 Bm=4,2,4,4.0,1.5,11.0,0.13636363636363635
skip N=2 (work channel off),2,4,4.0,1.5,12.0,0.125
skip N=5 (work channel off),2,4,4.0,1.5,18.0,0.08333333333333333
fixed B=0,1,7,4.0,0.0,4.0,0.0
fixed B=1,1,7,4.0,4.0,5.0,0.8
fixed B=4,1,7,4.0,4.0,8.0,0.5
rel B0=0 eps=.5,1,7,4.0,4.0,15.5,0.34782608695652173
qlen B0=0 gam=1,1,7,4.0,4.0,8.0,0.8
qlen B0=1 gam=.5 eps=.5,1,7,4.0,4.0,22.5,0.4
thresh B=1 th=1 N=2,1,7,4.0,4.0,7.0,0.5714285714285714
cap B0=1 eps=.5 Bmax=1,1,7,4.0,4.0,5.0,0.8
skip N=2 (work channel off),1,7,4.0,8.0,12.0,0.6666666666666666
skip N=5 (work channel off),1,7,4.0,8.0,24.0,0.3333333333333333
fixed B=0,2,9,1.0,0.0,2.0,0.0
fixed B=1,2,9,1.0,1.0,2.5,0.4
fixed B=4,2,9,1.0,1.0,4.0,0.25
rel B0=0 eps=.5,2,9,1.0,1.0,3.0,0.3529411764705882
rel B0=1 eps=1,2,9,1.0,1.0,6.0,0.2
qlen B0=0 gam=1,2,9,1.0,1.0,4.5,0.4
qlen B0=1 gam=.5 eps=.5,2,9,1.0,1.0,5.333333333333333,0.27272727272727276
thresh B=1 th=1 N=2,2,9,1.0,1.0,3.5,0.2857142857142857
thresh B=0 th=.5 N=3 eps=1,2,9,1.0,1.0,6.5,0.16666666666666666
cap B0=1 eps=1 Bmax=3,2,9,1.0,1.0,3.5,0.2857142857142857
cap B0=1 eps=.5 Bmax=1,2,9,1.0,1.0,2.5,0.4
cap+cnt B=1 e=1 th=1 N=2 Bm=4,2,9,1.0,1.0,5.0,0.2
skip N=2 (work channel off),2,9,1.0,1.0,6.0,0.16666666666666666
skip N=5 (work channel off),2,9,1.0,1.0,12.0,0.08333333333333333
fixed B=0,1,8,4.0,0.0,4.0,0.0
fixed B=1,1,8,4.0,1.0,5.0,0.2
fixed B=4,1,8,4.0,5.0,8.0,0.625
rel B0=0 eps=.5,1,8,4.0,5.0,27.0,0.4166666666666667
qlen B0=0 gam=1,1,8,4.0,5.0,8.0,0.8333333333333334
qlen B0=1 gam=.5 eps=.5,1,8,4.0,5.0,33.0,0.45454545454545453
thresh B=1 th=1 N=2,1,8,4.0,5.0,7.0,0.7142857142857143
cap B0=1 eps=.5 Bmax=1,1,8,4.0,1.0,5.0,0.2
skip N=2 (work channel off),1,8,4.0,5.0,12.0,0.4166666666666667
skip N=5 (work channel off),1,8,4.0,5.0,24.0,0.20833333333333334
fixed B=0,2,2,1.0,0.0,2.0,0.0
fixed B=1,2,2,1.0,0.0,2.5,0.0
fixed B=4,2,2,1.0,0.0,4.0,0.0
rel B0=0 eps=.5,2,2,1.0,0.0,2.6666666666666665,0.0
rel B0=1 eps=1,2,2,1.0,0.0,5.0,0.0
qlen B0=0 gam=1,2,2,1.0,0.0,2.5,0.0
qlen B0=1 gam=.5 eps=.5,2,2,1.0,0.0,3.6666666666666665,0.0
thresh B=1 th=1 N=2,2,2,1.0,0.0,3.5,0.0
thresh B=0 th=.5 N=3 eps=1,2,2,1.0,0.0,5.5,0.0
cap B0=1 eps=1 Bmax=3,2,2,1.0,0.0,3.5,0.0
cap B0=1 eps=.5 Bmax=1,2,2,1.0,0.0,2.5,0.0
cap+cnt B=1 e=1 th=1 N=2 Bm=4,2,2,1.0,0.0,5.0,0.0
skip N=2 (work channel off),2,2,1.0,0.0,6.0,0.0
skip N=5 (work channel off),2,2,1.0,0.0,12.0,0.0
fixed B=0,3,7,4.0,0.0,9.333333333333334,0.0
fixed B=1,3,7,4.0,0.0,9.666666666666666,0.0
fixed B=4,3,7,4.0,0.0,10.666666666666666,0.0
rel B0=0 eps=.5,3,7,4.0,0.0,11.4,0.0
rel B0=1 eps=1,3,7,4.0,0.0,15.0,0.0
rel B0=0 eps=2,3,7,4.0,0.0,30.0,0.0
qlen B0=0 gam=1,3,7,4.0,0.0,11.0,0.0
qlen B0=1 gam=.5 eps=.5,3,7,4.0,0.0,12.8,0.0
thresh B=1 th=1 N=2,3,7,4.0,0.0,10.333333333333334,0.0
thresh B=0 th=.5 N=3 eps=1,3,7,4.0,0.0,15.25,0.0
cap B0=1 eps=1 Bmax=3,3,7,4.0,0.0,10.333333333333334,0.0
cap B0=0 eps=2 Bmax=2,3,7,4.0,0.0,10.0,0.0
cap B0=1 eps=.5 Bmax=1,3,7,4.0,0.0,9.666666666666666,0.0
cap+cnt B=1 e=1 th=1 N=2 Bm=4,3,7,4.0,0.0,11.333333333333334,0.0
skip N=2 (work channel off),3,7,4.0,0.0,12.0,0.0
skip N=5 (work channel off),3,7,4.0,0.0,16.0,0.0
fixed B=0,2,3,1.0,0.0,2.0,0.0
fixed B=1,2,3,1.0,0.0,2.5,0.0
fixed B=4,2,3,1.0,0.0,4.0,0.0
rel B0=0 eps=.5,2,3,1.0,0.0,2.6666666666666665,0.0
rel B0=1 eps=1,2,3,1.0,0.0,5.0,0.0
qlen B0=0 gam=1,2,3,1.0,0.0,2.5,0.0
qlen B0=1 gam=.5 eps=.5,2,3,1.0,0.0,3.6666666666666665,0.0
thresh B=1 th=1 N=2,2,3,1.0,0.0,3.5,0.0
thresh B=0 th=.5 N=3 eps=1,2,3,1.0,0.0,5.5,0.0
cap B0=1 eps=1 Bmax=3,2,3,1.0,0.0,3.5,0.0
cap B0=1 eps=.5 Bmax=1,2,3,1.0,0.0,2.5,0.0
cap+cnt B=1 e=1 th=1 N=2 Bm=4,2,3,1.0,0.0,5.0,0.0
skip N=2 (work channel off),2,3,1.0,0.0,6.0,0.0
skip N=5 (work channel off),2,3,1.0,0.0,12.0,0.0
fixed B=0,1,2,1.0,0.0,1.0,0.0
fixed B=1,1,2,1.0,0.0,2.0,0.0
fixed B=4,1,2,1.0,0.0,5.0,0.0
rel B0=0 eps=.5,1,2,1.0,0.0,3.0,0.0
qlen B0=0 gam=1,1,2,1.0,0.0,2.0,0.0
qlen B0=1 gam=.5 eps=.5,1,2,1.0,0.0,6.0,0.0
thresh B=1 th=1 N=2,1,2,1.0,0.0,4.0,0.0
cap B0=1 eps=.5 Bmax=1,1,2,1.0,0.0,2.0,0.0
skip N=2 (work channel off),1,2,1.0,0.0,9.0,0.0
skip N=5 (work channel off),1,2,1.0,0.0,21.0,0.0
fixed B=0,3,3,0.0,0.0,0.0,0.0
fixed B=1,3,3,0.0,0.0,0.3333333333333333,0.0
fixed B=4,3,3,0.0,0.0,1.3333333333333333,0.0
rel B0=0 eps=.5,3,3,0.0,0.0,0.0,0.0
rel B0=1 eps=1,3,3,0.0,0.0,0.5,0.0
rel B0=0 eps=2,3,3,0.0,0.0,0.0,0.0
qlen B0=0 gam=1,3,3,0.0,0.0,0.3333333333333333,0.0
qlen B0=1 gam=.5 eps=.5,3,3,0.0,0.0,0.6,0.0
thresh B=1 th=1 N=2,3,3,0.0,0.0,1.0,0.0
thresh B=0 th=.5 N=3 eps=1,3,3,0.0,0.0,0.75,0.0
cap B0=1 eps=1 Bmax=3,3,3,0.0,0.0,0.5,0.0
cap B0=0 eps=2 Bmax=2,3,3,0.0,0.0,0.0,0.0
cap B0=1 eps=.5 Bmax=1,3,3,0.0,0.0,0.3333333333333333,0.0
cap+cnt B=1 e=1 th=1 N=2 Bm=4,3,3,0.0,0.0,1.5,0.0
skip N=2 (work channel off),3,3,0.0,0.0,2.6666666666666665,0.0
skip N=5 (work channel off),3,3,0.0,0.0,6.666666666666667,0.0
fixed B=0,3,7,4.0,0.0,9.333333333333334,0.0
fixed B=1,3,7,4.0,0.0,9.666666666666666,0.0
fixed B=4,3,7,4.0,0.0,10.666666666666666,0.0
rel B0=0 eps=.5,3,7,4.0,0.0,12.0,0.0
rel B0=1 eps=1,3,7,4.0,0.0,16.5,0.0
rel B0=0 eps=2,3,7,4.0,0.0,36.0,0.0
qlen B0=0 gam=1,3,7,4.0,0.0,11.0,0.0
qlen B0=1 gam=.5 eps=.5,3,7,4.0,0.0,13.399999999999999,0.0
thresh B=1 th=1 N=2,3,7,4.0,0.0,10.333333333333334,0.0
thresh B=0 th=.5 N=3 eps=1,3,7,4.0,0.0,16.75,0.0
cap B0=1 eps=1 Bmax=3,3,7,4.0,0.0,10.333333333333334,0.0
cap B0=0 eps=2 Bmax=2,3,7,4.0,0.0,10.0,0.0
cap B0=1 eps=.5 Bmax=1,3,7,4.0,0.0,9.666666666666666,0.0
cap+cnt B=1 e=1 th=1 N=2 Bm=4,3,7,4.0,0.0,11.333333333333334,0.0
skip N=2 (work channel off),3,7,4.0,0.0,12.0,0.0
skip N=5 (work channel off),3,7,4.0,0.0,16.0,0.0
fixed B=0,2,3,4.0,0.0,8.0,0.0
fixed B=1,2,3,4.0,4.0,8.5,0.47058823529411764
fixed B=4,2,3,4.0,4.0,10.0,0.4
rel B0=0 eps=.5,2,3,4.0,0.0,10.833333333333334,0.0
rel B0=1 eps=1,2,3,4.0,4.0,17.5,0.23529411764705882
qlen B0=0 gam=1,2,3,4.0,4.0,9.0,0.47058823529411764
qlen B0=1 gam=.5 eps=.5,2,3,4.0,4.0,12.166666666666666,0.34285714285714286
thresh B=1 th=1 N=2,2,3,4.0,4.0,9.5,0.42105263157894735
thresh B=0 th=.5 N=3 eps=1,2,3,4.0,0.0,18.0,0.0
cap B0=1 eps=1 Bmax=3,2,3,4.0,4.0,9.5,0.42105263157894735
cap B0=1 eps=.5 Bmax=1,2,3,4.0,4.0,8.5,0.47058823529411764
cap+cnt B=1 e=1 th=1 N=2 Bm=4,2,3,4.0,4.0,11.0,0.36363636363636365
skip N=2 (work channel off),2,3,4.0,4.0,12.0,0.3333333333333333
skip N=5 (work channel off),2,3,4.0,4.0,18.0,0.2222222222222222
fixed B=0,2,5,4.0,0.0,8.0,0.0
fixed B=1,2,5,4.0,0.0,8.5,0.0
fixed B=4,2,5,4.0,0.0,10.0,0.0
rel B0=0 eps=.5,2,5,4.0,0.0,11.666666666666666,0.0
rel B0=1 eps=1,2,5,4.0,0.0,20.0,0.0
qlen B0=0 gam=1,2,5,4.0,0.0,9.0,0.0
qlen B0=1 gam=.5 eps=.5,2,5,4.0,0.0,12.833333333333334,0.0
thresh B=1 th=1 N=2,2,5,4.0,0.0,9.5,0.0
thresh B=0 th=.5 N=3 eps=1,2,5,4.0,0.0,20.5,0.0
cap B0=1 eps=1 Bmax=3,2,5,4.0,0.0,9.5,0.0
cap B0=1 eps=.5 Bmax=1,2,5,4.0,0.0,8.5,0.0
cap+cnt B=1 e=1 th=1 N=2 Bm=4,2,5,4.0,0.0,11.0,0.0
skip N=2 (work channel off),2,5,4.0,0.0,12.0,0.0
skip N=5 (work channel off),2,5,4.0,0.0,18.0,0.0
fixed B=0,3,2,1.0,0.0,2.3333333333333335,0.0
fixed B=1,3,2,1.0,0.0,2.6666666666666665,0.0
fixed B=4,3,2,1.0,0.0,3.6666666666666665,0.0
rel B0=0 eps=.5,3,2,1.0,0.0,2.8,0.0
rel B0=1 eps=1,3,2,1.0,0.0,4.0,0.0
rel B0=0 eps=2,3,2,1.0,0.0,7.0,0.0
qlen B0=0 gam=1,3,2,1.0,0.0,2.3333333333333335,0.0
qlen B0=1 gam=.5 eps=.5,3,2,1.0,0.0,3.2,0.0
thresh B=1 th=1 N=2,3,2,1.0,0.0,3.3333333333333335,0.0
thresh B=0 th=.5 N=3 eps=1,3,2,1.0,0.0,4.25,0.0
cap B0=1 eps=1 Bmax=3,3,2,1.0,0.0,3.3333333333333335,0.0
cap B0=0 eps=2 Bmax=2,3,2,1.0,0.0,3.0,0.0
cap B0=1 eps=.5 Bmax=1,3,2,1.0,0.0,2.6666666666666665,0.0
cap+cnt B=1 e=1 th=1 N=2 Bm=4,3,2,1.0,0.0,4.333333333333333,0.0
skip N=2 (work channel off),3,2,1.0,0.0,5.0,0.0
skip N=5 (work channel off),3,2,1.0,0.0,9.0,0.0
fixed B=0,2,7,4.0,0.0,8.0,0.0
fixed B=1,2,7,4.0,0.0,8.5,0.0
fixed B=4,2,7,4.0,0.0,10.0,0.0
rel B0=0 eps=.5,2,7,4.0,0.0,12.333333333333332,0.0
rel B0=1 eps=1,2,7,4.0,0.0,22.0,0.0
qlen B0=0 gam=1,2,7,4.0,0.0,10.5,0.0
qlen B0=1 gam=.5 eps=.5,2,7,4.0,0.0,14.666666666666668,0.0
thresh B=1 th=1 N=2,2,7,4.0,0.0,9.5,0.0
thresh B=0 th=.5 N=3 eps=1,2,7,4.0,0.0,22.5,0.0
cap B0=1 eps=1 Bmax=3,2,7,4.0,0.0,9.5,0.0
cap B0=1 eps=.5 Bmax=1,2,7,4.0,0.0,8.5,0.0
cap+cnt B=1 e=1 th=1 N=2 Bm=4,2,7,4.0,0.0,11.0,0.0
skip N=2 (work channel off),2,7,4.0,0.0,12.0,0.0
skip N=5 (work channel off),2,7,4.0,0.0,18.0,0.0
fixed B=0,2,4,4.0,0.0,8.0,0.0
fixed B=1,2,4,4.0,0.0,8.5,0.0
fixed B=4,2,4,4.0,0.0,10.0,0.0
rel B0=0 eps=.5,2,4,4.0,1.0,11.0,0.09090909090909091
rel B0=1 eps=1,2,4,4.0,0.0,18.0,0.0
qlen B0=0 gam=1,2,4,4.0,1.0,9.0,0.1111111111111111
qlen B0=1 gam=.5 eps=.5,2,4,4.0,0.0,12.333333333333334,0.0
thresh B=1 th=1 N=2,2,4,4.0,0.0,9.5,0.0
thresh B=0 th=.5 N=3 eps=1,2,4,4.0,1.0,18.5,0.05405405405405406
cap B0=1 eps=1 Bmax=3,2,4,4.0,0.0,9.5,0.0
cap B0=1 eps=.5 Bmax=1,2,4,4.0,0.0,8.5,0.0
cap+cnt B=1 e=1 th=1 N=2 Bm=4,2,4,4.0,0.0,11.0,0.0
skip N=2 (work channel off),2,4,4.0,0.0,12.0,0.0
skip N=5 (work channel off),2,4,4.0,0.0,18.0,0.0
fixed B=0,1,4,1.0,0.0,1.0,0.0
fixed B=1,1,4,1.0,1.0,2.0,0.5
fixed B=4,1,4,1.0,1.5,5.0,0.3
rel B0=0 eps=.5,1,4,1.0,1.0,3.5,0.3333333333333333
qlen B0=0 gam=1,1,4,1.0,1.0,3.0,0.5
qlen B0=1 gam=.5 eps=.5,1,4,1.0,1.5,7.5,0.375
thresh B=1 th=1 N=2,1,4,1.0,1.5,4.0,0.375
cap B0=1 eps=.5 Bmax=1,1,4,1.0,1.0,2.0,0.5
skip N=2 (work channel off),1,4,1.0,1.5,9.0,0.16666666666666666
skip N=5 (work channel off),1,4,1.0,1.5,21.0,0.07142857142857142
fixed B=0,1,4,4.0,0.0,4.0,0.0
fixed B=1,1,4,4.0,4.0,5.0,0.8
fixed B=4,1,4,4.0,4.0,8.0,0.5
rel B0=0 eps=.5,1,4,4.0,0.0,16.0,0.0
qlen B0=0 gam=1,1,4,4.0,0.0,7.0,0.0
qlen B0=1 gam=.5 eps=.5,1,4,4.0,4.0,21.0,0.4
thresh B=1 th=1 N=2,1,4,4.0,4.0,7.0,0.5714285714285714
cap B0=1 eps=.5 Bmax=1,1,4,4.0,4.0,5.0,0.8
skip N=2 (work channel off),1,4,4.0,8.0,12.0,0.6666666666666666
skip N=5 (work channel off),1,4,4.0,9.0,24.0,0.375
fixed B=0,2,5,4.0,0.0,8.0,0.0
fixed B=1,2,5,4.0,1.0,8.5,0.11764705882352941
fixed B=4,2,5,4.0,1.0,10.0,0.1
rel B0=0 eps=.5,2,5,4.0,0.0,11.0,0.0
rel B0=1 eps=1,2,5,4.0,1.0,18.0,0.058823529411764705
qlen B0=0 gam=1,2,5,4.0,1.0,9.0,0.11764705882352941
qlen B0=1 gam=.5 eps=.5,2,5,4.0,1.0,12.333333333333334,0.08571428571428572
thresh B=1 th=1 N=2,2,5,4.0,1.0,9.5,0.10526315789473684
thresh B=0 th=.5 N=3 eps=1,2,5,4.0,0.0,18.5,0.0
cap B0=1 eps=1 Bmax=3,2,5,4.0,1.0,9.5,0.10526315789473684
cap B0=1 eps=.5 Bmax=1,2,5,4.0,1.0,8.5,0.11764705882352941
cap+cnt B=1 e=1 th=1 N=2 Bm=4,2,5,4.0,1.0,11.0,0.09090909090909091
skip N=2 (work channel off),2,5,4.0,1.0,12.0,0.08333333333333333
skip N=5 (work channel off),2,5,4.0,1.0,18.0,0.05555555555555555
fixed B=0,3,8,1.0,0.0,2.3333333333333335,0.0
fixed B=1,3,8,1.0,0.0,2.6666666666666665,0.0
fixed B=4,3,8,1.0,0.0,3.6666666666666665,0.0
rel B0=0 eps=.5,3,8,1.0,0.0,2.8,0.0
rel B0=1 eps=1,3,8,1.0,0.0,4.0,0.0
rel B0=0 eps=2,3,8,1.0,0.0,7.0,0.0
qlen B0=0 gam=1,3,8,1.0,0.0,3.0,0.0
qlen B0=1 gam=.5 eps=.5,3,8,1.0,0.0,3.6,0.0
thresh B=1 th=1 N=2,3,8,1.0,0.0,3.3333333333333335,0.0
thresh B=0 th=.5 N=3 eps=1,3,8,1.0,0.0,4.25,0.0
cap B0=1 eps=1 Bmax=3,3,8,1.0,0.0,3.3333333333333335,0.0
cap B0=0 eps=2 Bmax=2,3,8,1.0,0.0,3.0,0.0
cap B0=1 eps=.5 Bmax=1,3,8,1.0,0.0,2.6666666666666665,0.0
cap+cnt B=1 e=1 th=1 N=2 Bm=4,3,8,1.0,0.0,4.333333333333333,0.0
skip N=2 (work channel off),3,8,1.0,0.0,5.0,0.0
skip N=5 (work channel off),3,8,1.0,0.0,9.0,0.0
fixed B=0,2,2,4.0,0.0,8.0,0.0
fixed B=1,2,2,4.0,0.0,8.5,0.0
fixed B=4,2,2,4.0,0.0,10.0,0.0
rel B0=0 eps=.5,2,2,4.0,0.0,10.666666666666666,0.0
rel B0=1 eps=1,2,2,4.0,0.0,17.0,0.0
qlen B0=0 gam=1,2,2,4.0,0.0,8.5,0.0
qlen B0=1 gam=.5 eps=.5,2,2,4.0,0.0,11.666666666666666,0.0
thresh B=1 th=1 N=2,2,2,4.0,0.0,9.5,0.0
thresh B=0 th=.5 N=3 eps=1,2,2,4.0,0.0,17.5,0.0
cap B0=1 eps=1 Bmax=3,2,2,4.0,0.0,9.5,0.0
cap B0=1 eps=.5 Bmax=1,2,2,4.0,0.0,8.5,0.0
cap+cnt B=1 e=1 th=1 N=2 Bm=4,2,2,4.0,0.0,11.0,0.0
skip N=2 (work channel off),2,2,4.0,0.0,12.0,0.0
skip N=5 (work channel off),2,2,4.0,0.0,18.0,0.0
fixed B=0,1,3,4.0,0.0,4.0,0.0
fixed B=1,1,3,4.0,0.0,5.0,0.0
fixed B=4,1,3,4.0,0.0,8.0,0.0
rel B0=0 eps=.5,1,3,4.0,0.0,12.5,0.0
qlen B0=0 gam=1,1,3,4.0,0.0,6.0,0.0
qlen B0=1 gam=.5 eps=.5,1,3,4.0,0.0,16.5,0.0
thresh B=1 th=1 N=2,1,3,4.0,0.0,7.0,0.0
cap B0=1 eps=.5 Bmax=1,1,3,4.0,0.0,5.0,0.0
skip N=2 (work channel off),1,3,4.0,0.0,12.0,0.0
skip N=5 (work channel off),1,3,4.0,0.0,24.0,0.0
fixed B=0,1,4,1.0,0.0,1.0,0.0
fixed B=1,1,4,1.0,0.0,2.0,0.0
fixed B=4,1,4,1.0,0.0,5.0,0.0
rel B0=0 eps=.5,1,4,1.0,0.0,2.5,0.0
qlen B0=0 gam=1,1,4,1.0,0.0,2.0,0.0
qlen B0=1 gam=.5 eps=.5,1,4,1.0,0.0,5.5,0.0
thresh B=1 th=1 N=2,1,4,1.0,0.0,4.0,0.0
cap B0=1 eps=.5 Bmax=1,1,4,1.0,0.0,2.0,0.0
skip N=2 (work channel off),1,4,1.0,0.0,9.0,0.0
skip N=5 (work channel off),1,4,1.0,0.0,21.0,0.0
fixed B=0,3,3,1.0,0.0,2.3333333333333335,0.0
fixed B=1,3,3,1.0,0.0,2.6666666666666665,0.0
fixed B=4,3,3,1.0,0.0,3.6666666666666665,0.0
rel B0=0 eps=.5,3,3,1.0,0.0,2.8,0.0
rel B0=1 eps=1,3,3,1.0,0.0,4.0,0.0
rel B0=0 eps=2,3,3,1.0,0.0,7.0,0.0
qlen B0=0 gam=1,3,3,1.0,0.0,2.6666666666666665,0.0
qlen B0=1 gam=.5 eps=.5,3,3,1.0,0.0,3.4,0.0
thresh B=1 th=1 N=2,3,3,1.0,0.0,3.3333333333333335,0.0
thresh B=0 th=.5 N=3 eps=1,3,3,1.0,0.0,4.25,0.0
cap B0=1 eps=1 Bmax=3,3,3,1.0,0.0,3.3333333333333335,0.0
cap B0=0 eps=2 Bmax=2,3,3,1.0,0.0,3.0,0.0
cap B0=1 eps=.5 Bmax=1,3,3,1.0,0.0,2.6666666666666665,0.0
cap+cnt B=1 e=1 th=1 N=2 Bm=4,3,3,1.0,0.0,4.333333333333333,0.0
skip N=2 (work channel off),3,3,1.0,0.0,5.0,0.0
skip N=5 (work channel off),3,3,1.0,0.0,9.0,0.0
fixed B=0,1,4,4.0,0.0,4.0,0.0
fixed B=1,1,4,4.0,4.0,5.0,0.8
fixed B=4,1,4,4.0,4.0,8.0,0.5
rel B0=0 eps=.5,1,4,4.0,4.0,14.0,0.4444444444444444
qlen B0=0 gam=1,1,4,4.0,4.0,7.0,0.8
qlen B0=1 gam=.5 eps=.5,1,4,4.0,4.0,19.0,0.3333333333333333
thresh B=1 th=1 N=2,1,4,4.0,4.0,7.0,0.5714285714285714
cap B0=1 eps=.5 Bmax=1,1,4,4.0,4.0,5.0,0.8
skip N=2 (work channel off),1,4,4.0,4.0,12.0,0.3333333333333333
skip N=5 (work channel off),1,4,4.0,4.0,24.0,0.16666666666666666
fixed B=0,1,5,4.0,0.0,4.0,0.0
fixed B=1,1,5,4.0,0.0,5.0,0.0
fixed B=4,1,5,4.0,0.0,8.0,0.0
rel B0=0 eps=.5,1,5,4.0,0.0,16.0,0.0
qlen B0=0 gam=1,1,5,4.0,0.0,7.0,0.0
qlen B0=1 gam=.5 eps=.5,1,5,4.0,0.0,21.0,0.0
thresh B=1 th=1 N=2,1,5,4.0,0.0,7.0,0.0
cap B0=1 eps=.5 Bmax=1,1,5,4.0,0.0,5.0,0.0
skip N=2 (work channel off),1,5,4.0,0.0,12.0,0.0
skip N=5 (work channel off),1,5,4.0,0.0,24.0,0.0
fixed B=0,1,9,4.0,0.0,4.0,0.0
fixed B=1,1,9,4.0,4.0,5.0,0.8
fixed B=4,1,9,4.0,5.0,8.0,0.625
rel B0=0 eps=.5,1,9,4.0,5.0,18.0,0.5
qlen B0=0 gam=1,1,9,4.0,4.0,9.0,0.6666666666666666
qlen B0=1 gam=.5 eps=.5,1,9,4.0,6.5,26.0,0.5
thresh B=1 th=1 N=2,1,9,4.0,5.0,7.0,0.7142857142857143
cap B0=1 eps=.5 Bmax=1,1,9,4.0,4.0,5.0,0.8
skip N=2 (work channel off),1,9,4.0,5.0,12.0,0.4166666666666667
skip N=5 (work channel off),1,9,4.0,7.5,24.0,0.3125
fixed B=0,3,9,4.0,0.0,9.333333333333334,0.0
fixed B=1,3,9,4.0,4.0,9.666666666666666,0.4137931034482759
fixed B=4,3,9,4.0,4.0,10.666666666666666,0.375
rel B0=0 eps=.5,3,9,4.0,1.0,12.2,0.08333333333333333
rel B0=1 eps=1,3,9,4.0,4.0,17.0,0.27586206896551724
rel B0=0 eps=2,3,9,4.0,1.0,38.0,0.027777777777777776
qlen B0=0 gam=1,3,9,4.0,4.0,11.666666666666668,0.4
qlen B0=1 gam=.5 eps=.5,3,9,4.0,4.0,14.0,0.3333333333333333
thresh B=1 th=1 N=2,3,9,4.0,4.0,10.333333333333334,0.3870967741935484
thresh B=0 th=.5 N=3 eps=1,3,9,4.0,1.0,17.25,0.05970149253731343
cap B0=1 eps=1 Bmax=3,3,9,4.0,4.0,10.333333333333334,0.3870967741935484
cap B0=0 eps=2 Bmax=2,3,9,4.0,1.0,10.0,0.1
cap B0=1 eps=.5 Bmax=1,3,9,4.0,4.0,9.666666666666666,0.4137931034482759
cap+cnt B=1 e=1 th=1 N=2 Bm=4,3,9,4.0,4.0,11.333333333333336,0.3529411764705882
skip N=2 (work channel off),3,9,4.0,4.0,12.0,0.3333333333333333
skip N=5 (work channel off),3,9,4.0,4.5,16.0,0.28125
fixed B=0,3,6,1.0,0.0,2.3333333333333335,0.0
fixed B=1,3,6,1.0,0.5,2.6666666666666665,0.1875
fixed B=4,3,6,1.0,0.5,3.6666666666666665,0.13636363636363638
rel B0=0 eps=.5,3,6,1.0,0.0,2.8,0.0
rel B0=1 eps=1,3,6,1.0,0.5,4.0,0.125
rel B0=0 eps=2,3,6,1.0,0.0,7.0,0.0
qlen B0=0 gam=1,3,6,1.0,0.0,3.3333333333333335,0.0
qlen B0=1 gam=.5 eps=.5,3,6,1.0,0.5,3.8,0.15625
thresh B=1 th=1 N=2,3,6,1.0,0.5,3.3333333333333335,0.15
thresh B=0 th=.5 N=3 eps=1,3,6,1.0,0.0,4.25,0.0
cap B0=1 eps=1 Bmax=3,3,6,1.0,0.5,3.3333333333333335,0.15
cap B0=0 eps=2 Bmax=2,3,6,1.0,0.0,3.0,0.0
cap B0=1 eps=.5 Bmax=1,3,6,1.0,0.5,2.6666666666666665,0.1875
cap+cnt B=1 e=1 th=1 N=2 Bm=4,3,6,1.0,0.5,4.333333333333333,0.11538461538461539
skip N=2 (work channel off),3,6,1.0,0.5,5.0,0.1
skip N=5 (work channel off),3,6,1.0,0.5,9.0,0.05555555555555555
fixed B=0,2,8,1.0,0.0,2.0,0.0
fixed B=1,2,8,1.0,0.0,2.5,0.0
fixed B=4,2,8,1.0,0.0,4.0,0.0
rel B0=0 eps=.5,2,8,1.0,0.0,3.0,0.0
rel B0=1 eps=1,2,8,1.0,0.0,6.0,0.0
qlen B0=0 gam=1,2,8,1.0,0.0,4.5,0.0
qlen B0=1 gam=.5 eps=.5,2,8,1.0,0.0,5.333333333333333,0.0
thresh B=1 th=1 N=2,2,8,1.0,0.0,3.5,0.0
thresh B=0 th=.5 N=3 eps=1,2,8,1.0,0.0,6.5,0.0
cap B0=1 eps=1 Bmax=3,2,8,1.0,0.0,3.5,0.0
cap B0=1 eps=.5 Bmax=1,2,8,1.0,0.0,2.5,0.0
cap+cnt B=1 e=1 th=1 N=2 Bm=4,2,8,1.0,0.0,5.0,0.0
skip N=2 (work channel off),2,8,1.0,0.0,6.0,0.0
skip N=5 (work channel off),2,8,1.0,0.0,12.0,0.0
fixed B=0,1,8,4.0,0.0,4.0,0.0
fixed B=1,1,8,4.0,1.0,5.0,0.2
fixed B=4,1,8,4.0,6.0,8.0,0.75
rel B0=0 eps=.5,1,8,4.0,6.0,17.0,0.5
qlen B0=0 gam=1,1,8,4.0,2.0,8.0,0.3333333333333333
qlen B0=1 gam=.5 eps=.5,1,8,4.0,10.0,22.0,0.625
thresh B=1 th=1 N=2,1,8,4.0,1.5,7.0,0.21428571428571427
cap B0=1 eps=.5 Bmax=1,1,8,4.0,1.0,5.0,0.2
skip N=2 (work channel off),1,8,4.0,1.5,12.0,0.125
skip N=5 (work channel off),1,8,4.0,10.0,24.0,0.4166666666666667
fixed B=0,3,4,4.0,0.0,9.333333333333334,0.0
fixed B=1,3,4,4.0,0.0,9.666666666666666,0.0
fixed B=4,3,4,4.0,0.0,10.666666666666666,0.0
rel B0=0 eps=.5,3,4,4.0,0.0,11.2,0.0
rel B0=1 eps=1,3,4,4.0,0.0,14.5,0.0
rel B0=0 eps=2,3,4,4.0,0.0,28.0,0.0
qlen B0=0 gam=1,3,4,4.0,0.0,10.0,0.0
qlen B0=1 gam=.5 eps=.5,3,4,4.0,0.0,12.0,0.0
thresh B=1 th=1 N=2,3,4,4.0,0.0,10.333333333333334,0.0
thresh B=0 th=.5 N=3 eps=1,3,4,4.0,0.0,14.75,0.0
cap B0=1 eps=1 Bmax=3,3,4,4.0,0.0,10.333333333333334,0.0
cap B0=0 eps=2 Bmax=2,3,4,4.0,0.0,10.0,0.0
cap B0=1 eps=.5 Bmax=1,3,4,4.0,0.0,9.666666666666666,0.0
cap+cnt B=1 e=1 th=1 N=2 Bm=4,3,4,4.0,0.0,11.333333333333334,0.0
skip N=2 (work channel off),3,4,4.0,0.0,12.0,0.0
skip N=5 (work channel off),3,4,4.0,0.0,16.0,0.0
fixed B=0,3,8,4.0,0.0,9.333333333333334,0.0
fixed B=1,3,8,4.0,0.5,9.666666666666666,0.05172413793103449
fixed B=4,3,8,4.0,0.5,10.666666666666666,0.046875
rel B0=0 eps=.5,3,8,4.0,0.5,11.6,0.04424778761061947
rel B0=1 eps=1,3,8,4.0,0.5,15.5,0.034482758620689655
rel B0=0 eps=2,3,8,4.0,0.5,32.0,0.017241379310344827
qlen B0=0 gam=1,3,8,4.0,0.5,11.666666666666666,0.05
qlen B0=1 gam=.5 eps=.5,3,8,4.0,0.5,13.4,0.041666666666666664
thresh B=1 th=1 N=2,3,8,4.0,0.5,10.333333333333334,0.04838709677419355
thresh B=0 th=.5 N=3 eps=1,3,8,4.0,0.5,15.75,0.03333333333333333
cap B0=1 eps=1 Bmax=3,3,8,4.0,0.5,10.333333333333334,0.04838709677419355
cap B0=0 eps=2 Bmax=2,3,8,4.0,0.5,10.0,0.05
cap B0=1 eps=.5 Bmax=1,3,8,4.0,0.5,9.666666666666666,0.05172413793103449
cap+cnt B=1 e=1 th=1 N=2 Bm=4,3,8,4.0,0.5,11.333333333333334,0.044117647058823525
skip N=2 (work channel off),3,8,4.0,0.5,12.0,0.041666666666666664
skip N=5 (work channel off),3,8,4.0,0.5,16.0,0.03125
fixed B=0,3,3,4.0,0.0,9.333333333333334,0.0
fixed B=1,3,3,4.0,0.0,9.666666666666666,0.0
fixed B=4,3,3,4.0,0.0,10.666666666666666,0.0
rel B0=0 eps=.5,3,3,4.0,0.0,11.2,0.0
rel B0=1 eps=1,3,3,4.0,0.0,14.5,0.0
rel B0=0 eps=2,3,3,4.0,0.0,28.0,0.0
qlen B0=0 gam=1,3,3,4.0,0.0,10.0,0.0
qlen B0=1 gam=.5 eps=.5,3,3,4.0,0.0,12.0,0.0
thresh B=1 th=1 N=2,3,3,4.0,0.0,10.333333333333334,0.0
thresh B=0 th=.5 N=3 eps=1,3,3,4.0,0.0,14.75,0.0
cap B0=1 eps=1 Bmax=3,3,3,4.0,0.0,10.333333333333334,0.0
cap B0=0 eps=2 Bmax=2,3,3,4.0,0.0,10.0,0.0
cap B0=1 eps=.5 Bmax=1,3,3,4.0,0.0,9.666666666666666,0.0
cap+cnt B=1 e=1 th=1 N=2 Bm=4,3,3,4.0,0.0,11.333333333333334,0.0
skip N=2 (work channel off),3,3,4.0,0.0,12.0,0.0
skip N=5 (work channel off),3,3,4.0,0.0,16.0,0.0
fixed B=0,1,9,4.0,0.0,4.0,0.0
fixed B=1,1,9,4.0,4.0,5.0,0.8
fixed B=4,1,9,4.0,4.0,8.0,0.5
rel B0=0 eps=.5,1,9,4.0,4.0,16.0,0.4444444444444444
qlen B0=0 gam=1,1,9,4.0,4.0,10.0,0.8
qlen B0=1 gam=.5 eps=.5,1,9,4.0,8.0,24.0,0.6153846153846154
thresh B=1 th=1 N=2,1,9,4.0,4.0,7.0,0.5714285714285714
cap B0=1 eps=.5 Bmax=1,1,9,4.0,4.0,5.0,0.8
skip N=2 (work channel off),1,9,4.0,8.0,12.0,0.6666666666666666
skip N=5 (work channel off),1,9,4.0,11.0,24.0,0.4583333333333333
fixed B=0,1,9,4.0,0.0,4.0,0.0
fixed B=1,1,9,4.0,1.0,5.0,0.2
fixed B=4,1,9,4.0,1.5,8.0,0.1875
rel B0=0 eps=.5,1,9,4.0,1.5,17.0,0.11538461538461539
qlen B0=0 gam=1,1,9,4.0,1.5,10.0,0.21428571428571427
qlen B0=1 gam=.5 eps=.5,1,9,4.0,1.5,25.0,0.08333333333333333
thresh B=1 th=1 N=2,1,9,4.0,1.0,7.0,0.14285714285714285
cap B0=1 eps=.5 Bmax=1,1,9,4.0,1.0,5.0,0.2
skip N=2 (work channel off),1,9,4.0,1.0,12.0,0.08333333333333333
skip N=5 (work channel off),1,9,4.0,1.5,24.0,0.0625
fixed B=0,1,4,4.0,0.0,4.0,0.0
fixed B=1,1,4,4.0,4.0,5.0,0.8
fixed B=4,1,4,4.0,4.0,8.0,0.5
rel B0=0 eps=.5,1,4,4.0,0.5,13.0,0.041666666666666664
qlen B0=0 gam=1,1,4,4.0,0.5,7.0,0.08333333333333333
qlen B0=1 gam=.5 eps=.5,1,4,4.0,4.0,18.0,0.4
thresh B=1 th=1 N=2,1,4,4.0,4.0,7.0,0.5714285714285714
cap B0=1 eps=.5 Bmax=1,1,4,4.0,4.0,5.0,0.8
skip N=2 (work channel off),1,4,4.0,4.0,12.0,0.3333333333333333
skip N=5 (work channel off),1,4,4.0,4.0,24.0,0.16666666666666666
fixed B=0,1,5,4.0,0.0,4.0,0.0
fixed B=1,1,5,4.0,4.0,5.0,0.8
fixed B=4,1,5,4.0,4.0,8.0,0.5
rel B0=0 eps=.5,1,5,4.0,4.0,14.0,0.4444444444444444
qlen B0=0 gam=1,1,5,4.0,4.0,8.0,0.8
qlen B0=1 gam=.5 eps=.5,1,5,4.0,4.0,20.0,0.3333333333333333
thresh B=1 th=1 N=2,1,5,4.0,4.0,7.0,0.5714285714285714
cap B0=1 eps=.5 Bmax=1,1,5,4.0,4.0,5.0,0.8
skip N=2 (work channel off),1,5,4.0,5.0,12.0,0.4166666666666667
skip N=5 (work channel off),1,5,4.0,9.0,24.0,0.375
fixed B=0,3,8,4.0,0.0,9.333333333333334,0.0
fixed B=1,3,8,4.0,1.0,9.666666666666666,0.10344827586206898
fixed B=4,3,8,4.0,1.0,10.666666666666666,0.09375
rel B0=0 eps=.5,3,8,4.0,0.5,11.3,0.04424778761061947
rel B0=1 eps=1,3,8,4.0,1.0,14.75,0.06896551724137931
rel B0=0 eps=2,3,8,4.0,0.5,29.0,0.017241379310344827
qlen B0=0 gam=1,3,8,4.0,1.0,11.333333333333334,0.0967741935483871
qlen B0=1 gam=.5 eps=.5,3,8,4.0,1.0,12.9,0.08620689655172414
thresh B=1 th=1 N=2,3,8,4.0,1.0,10.333333333333334,0.0967741935483871
thresh B=0 th=.5 N=3 eps=1,3,8,4.0,0.5,15.0,0.03333333333333333
cap B0=1 eps=1 Bmax=3,3,8,4.0,1.0,10.333333333333334,0.0967741935483871
cap B0=0 eps=2 Bmax=2,3,8,4.0,0.5,10.0,0.05
cap B0=1 eps=.5 Bmax=1,3,8,4.0,1.0,9.666666666666666,0.10344827586206898
cap+cnt B=1 e=1 th=1 N=2 Bm=4,3,8,4.0,1.0,11.333333333333334,0.08823529411764705
skip N=2 (work channel off),3,8,4.0,1.0,12.0,0.08333333333333333
skip N=5 (work channel off),3,8,4.0,1.0,16.0,0.0625
fixed B=0,3,6,0.5,0.0,1.1666666666666667,0.0
fixed B=1,3,6,0.5,0.0,1.5,0.0
fixed B=4,3,6,0.5,0.0,2.5,0.0
rel B0=0 eps=.5,3,6,0.5,0.0,1.4,0.0
rel B0=1 eps=1,3,6,0.5,0.0,2.25,0.0
rel B0=0 eps=2,3,6,0.5,0.0,3.5,0.0
qlen B0=0 gam=1,3,6,0.5,0.0,2.8333333333333335,0.0
qlen B0=1 gam=.5 eps=.5,3,6,0.5,0.0,2.8,0.0
thresh B=1 th=1 N=2,3,6,0.5,0.0,2.1666666666666665,0.0
thresh B=0 th=.5 N=3 eps=1,3,6,0.5,0.0,2.5,0.0
cap B0=1 eps=1 Bmax=3,3,6,0.5,0.0,2.1666666666666665,0.0
cap B0=0 eps=2 Bmax=2,3,6,0.5,0.0,1.8333333333333333,0.0
cap B0=1 eps=.5 Bmax=1,3,6,0.5,0.0,1.5,0.0
cap+cnt B=1 e=1 th=1 N=2 Bm=4,3,6,0.5,0.0,3.1666666666666665,0.0
skip N=2 (work channel off),3,6,0.5,0.0,3.8333333333333335,0.0
skip N=5 (work channel off),3,6,0.5,0.0,7.833333333333333,0.0
fixed B=0,2,6,4.0,0.0,8.0,0.0
fixed B=1,2,6,4.0,0.0,8.5,0.0
fixed B=4,2,6,4.0,0.0,10.0,0.0
rel B0=0 eps=.5,2,6,4.0,0.0,12.666666666666668,0.0
rel B0=1 eps=1,2,6,4.0,0.0,23.0,0.0
qlen B0=0 gam=1,2,6,4.0,0.0,9.5,0.0
qlen B0=1 gam=.5 eps=.5,2,6,4.0,0.0,14.0,0.0
thresh B=1 th=1 N=2,2,6,4.0,0.0,9.5,0.0
thresh B=0 th=.5 N=3 eps=1,2,6,4.0,0.0,23.5,0.0
cap B0=1 eps=1 Bmax=3,2,6,4.0,0.0,9.5,0.0
cap B0=1 eps=.5 Bmax=1,2,6,4.0,0.0,8.5,0.0
cap+cnt B=1 e=1 th=1 N=2 Bm=4,2,6,4.0,0.0,11.0,0.0
skip N=2 (work channel off),2,6,4.0,0.0,12.0,0.0
skip N=5 (work channel off),2,6,4.0,0.0,18.0,0.0
fixed B=0,3,2,1.0,0.0,2.3333333333333335,0.0
fixed B=1,3,2,1.0,0.0,2.6666666666666665,0.0
fixed B=4,3,2,1.0,0.0,3.6666666666666665,0.0
rel B0=0 eps=.5,3,2,1.0,0.0,2.8,0.0
rel B0=1 eps=1,3,2,1.0,0.0,4.0,0.0
rel B0=0 eps=2,3,2,1.0,0.0,7.0,0.0
qlen B0=0 gam=1,3,2,1.0,0.0,2.3333333333333335,0.0
qlen B0=1 gam=.5 eps=.5,3,2,1.0,0.0,3.2,0.0
thresh B=1 th=1 N=2,3,2,1.0,0.0,3.3333333333333335,0.0
thresh B=0 th=.5 N=3 eps=1,3,2,1.0,0.0,4.25,0.0
cap B0=1 eps=1 Bmax=3,3,2,1.0,0.0,3.3333333333333335,0.0
cap B0=0 eps=2 Bmax=2,3,2,1.0,0.0,3.0,0.0
cap B0=1 eps=.5 Bmax=1,3,2,1.0,0.0,2.6666666666666665,0.0
cap+cnt B=1 e=1 th=1 N=2 Bm=4,3,2,1.0,0.0,4.333333333333333,0.0
skip N=2 (work channel off),3,2,1.0,0.0,5.0,0.0
skip N=5 (work channel off),3,2,1.0,0.0,9.0,0.0
fixed B=0,1,9,4.0,0.0,4.0,0.0
fixed B=1,1,9,4.0,4.0,5.0,0.8
fixed B=4,1,9,4.0,4.0,8.0,0.5
rel B0=0 eps=.5,1,9,4.0,5.0,26.5,0.4444444444444444
qlen B0=0 gam=1,1,9,4.0,4.0,11.0,0.8
qlen B0=1 gam=.5 eps=.5,1,9,4.0,4.0,35.5,0.4
thresh B=1 th=1 N=2,1,9,4.0,4.0,7.0,0.5714285714285714
cap B0=1 eps=.5 Bmax=1,1,9,4.0,4.0,5.0,0.8
skip N=2 (work channel off),1,9,4.0,5.0,12.0,0.4166666666666667
skip N=5 (work channel off),1,9,4.0,9.5,24.0,0.3958333333333333
fixed B=0,1,3,4.0,0.0,4.0,0.0
fixed B=1,1,3,4.0,0.0,5.0,0.0
fixed B=4,1,3,4.0,0.0,8.0,0.0
rel B0=0 eps=.5,1,3,4.0,0.0,12.0,0.0
qlen B0=0 gam=1,1,3,4.0,0.0,6.0,0.0
qlen B0=1 gam=.5 eps=.5,1,3,4.0,0.0,16.0,0.0
thresh B=1 th=1 N=2,1,3,4.0,0.0,7.0,0.0
cap B0=1 eps=.5 Bmax=1,1,3,4.0,0.0,5.0,0.0
skip N=2 (work channel off),1,3,4.0,0.0,12.0,0.0
skip N=5 (work channel off),1,3,4.0,0.0,24.0,0.0
fixed B=0,3,9,4.0,0.0,9.333333333333334,0.0
fixed B=1,3,9,4.0,0.5,9.666666666666666,0.05172413793103449
fixed B=4,3,9,4.0,0.5,10.666666666666666,0.046875
rel B0=0 eps=.5,3,9,4.0,0.5,11.4,0.04424778761061947
rel B0=1 eps=1,3,9,4.0,0.5,15.0,0.034482758620689655
rel B0=0 eps=2,3,9,4.0,0.5,30.0,0.017241379310344827
qlen B0=0 gam=1,3,9,4.0,0.5,11.0,0.05357142857142857
qlen B0=1 gam=.5 eps=.5,3,9,4.0,0.5,12.8,0.04310344827586207
thresh B=1 th=1 N=2,3,9,4.0,0.5,10.333333333333334,0.04838709677419355
thresh B=0 th=.5 N=3 eps=1,3,9,4.0,0.5,15.25,0.03333333333333333
cap B0=1 eps=1 Bmax=3,3,9,4.0,0.5,10.333333333333334,0.04838709677419355
cap B0=0 eps=2 Bmax=2,3,9,4.0,0.5,10.0,0.05
cap B0=1 eps=.5 Bmax=1,3,9,4.0,0.5,9.666666666666666,0.05172413793103449
cap+cnt B=1 e=1 th=1 N=2 Bm=4,3,9,4.0,0.5,11.333333333333334,0.044117647058823525
skip N=2 (work channel off),3,9,4.0,0.5,12.0,0.041666666666666664
skip N=5 (work channel off),3,9,4.0,0.5,16.0,0.03125
fixed B=0,1,7,4.0,0.0,4.0,0.0
fixed B=1,1,7,4.0,4.0,5.0,0.8
fixed B=4,1,7,4.0,4.0,8.0,0.5
rel B0=0 eps=.5,1,7,4.0,4.0,13.5,0.47058823529411764
qlen B0=0 gam=1,1,7,4.0,4.0,9.0,0.8
qlen B0=1 gam=.5 eps=.5,1,7,4.0,5.0,20.5,0.4
thresh B=1 th=1 N=2,1,7,4.0,4.0,7.0,0.5714285714285714
cap B0=1 eps=.5 Bmax=1,1,7,4.0,4.0,5.0,0.8
skip N=2 (work channel off),1,7,4.0,5.0,12.0,0.4166666666666667
skip N=5 (work channel off),1,7,4.0,5.0,24.0,0.20833333333333334
fixed B=0,2,5,4.0,0.0,8.0,0.0
fixed B=1,2,5,4.0,0.5,8.5,0.058823529411764705
fixed B=4,2,5,4.0,0.5,10.0,0.05
rel B0=0 eps=.5,2,5,4.0,0.0,10.833333333333334,0.0
rel B0=1 eps=1,2,5,4.0,0.5,17.5,0.029411764705882353
qlen B0=0 gam=1,2,5,4.0,0.5,9.5,0.058823529411764705
qlen B0=1 gam=.5 eps=.5,2,5,4.0,0.5,12.5,0.04285714285714286
thresh B=1 th=1 N=2,2,5,4.0,0.5,9.5,0.05263157894736842
thresh B=0 th=.5 N=3 eps=1,2,5,4.0,0.0,18.0,0.0
cap B0=1 eps=1 Bmax=3,2,5,4.0,0.5,9.5,0.05263157894736842
cap B0=1 eps=.5 Bmax=1,2,5,4.0,0.5,8.5,0.058823529411764705
cap+cnt B=1 e=1 th=1 N=2 Bm=4,2,5,4.0,0.5,11.0,0.045454545454545456
skip N=2 (work channel off),2,5,4.0,0.5,12.0,0.041666666666666664
skip N=5 (work channel off),2,5,4.0,0.5,18.0,0.027777777777777776
fixed B=0,3,4,4.0,0.0,9.333333333333334,0.0
fixed B=1,3,4,4.0,0.0,9.666666666666666,0.0
fixed B=4,3,4,4.0,0.0,10.666666666666666,0.0
rel B0=0 eps=.5,3,4,4.0,0.0,11.3,0.0
rel B0=1 eps=1,3,4,4.0,0.0,14.75,0.0
rel B0=0 eps=2,3,4,4.0,0.0,29.0,0.0
qlen B0=0 gam=1,3,4,4.0,0.0,10.333333333333334,0.0
qlen B0=1 gam=.5 eps=.5,3,4,4.0,0.0,12.3,0.0
thresh B=1 th=1 N=2,3,4,4.0,0.0,10.333333333333334,0.0
thresh B=0 th=.5 N=3 eps=1,3,4,4.0,0.0,15.0,0.0
cap B0=1 eps=1 Bmax=3,3,4,4.0,0.0,10.333333333333334,0.0
cap B0=0 eps=2 Bmax=2,3,4,4.0,0.0,10.0,0.0
cap B0=1 eps=.5 Bmax=1,3,4,4.0,0.0,9.666666666666666,0.0
cap+cnt B=1 e=1 th=1 N=2 Bm=4,3,4,4.0,0.0,11.333333333333334,0.0
skip N=2 (work channel off),3,4,4.0,0.0,12.0,0.0
skip N=5 (work channel off),3,4,4.0,0.0,16.0,0.0
fixed B=0,1,8,4.0,0.0,4.0,0.0
fixed B=1,1,8,4.0,0.0,5.0,0.0
fixed B=4,1,8,4.0,0.0,8.0,0.0
rel B0=0 eps=.5,1,8,4.0,0.0,16.5,0.0
qlen B0=0 gam=1,1,8,4.0,0.0,10.0,0.0
qlen B0=1 gam=.5 eps=.5,1,8,4.0,0.0,23.5,0.0
thresh B=1 th=1 N=2,1,8,4.0,0.0,7.0,0.0
cap B0=1 eps=.5 Bmax=1,1,8,4.0,0.0,5.0,0.0
skip N=2 (work channel off),1,8,4.0,0.0,12.0,0.0
skip N=5 (work channel off),1,8,4.0,0.0,24.0,0.0
fixed B=0,3,9,4.0,0.0,9.333333333333334,0.0
fixed B=1,3,9,4.0,0.0,9.666666666666666,0.0
fixed B=4,3,9,4.0,0.0,10.666666666666666,0.0
rel B0=0 eps=.5,3,9,4.0,0.0,11.2,0.0
rel B0=1 eps=1,3,9,4.0,0.0,14.5,0.0
rel B0=0 eps=2,3,9,4.0,0.0,28.0,0.0
qlen B0=0 gam=1,3,9,4.0,0.0,11.0,0.0
qlen B0=1 gam=.5 eps=.5,3,9,4.0,0.0,12.6,0.0
thresh B=1 th=1 N=2,3,9,4.0,0.0,10.333333333333334,0.0
thresh B=0 th=.5 N=3 eps=1,3,9,4.0,0.0,14.75,0.0
cap B0=1 eps=1 Bmax=3,3,9,4.0,0.0,10.333333333333334,0.0
cap B0=0 eps=2 Bmax=2,3,9,4.0,0.0,10.0,0.0
cap B0=1 eps=.5 Bmax=1,3,9,4.0,0.0,9.666666666666666,0.0
cap+cnt B=1 e=1 th=1 N=2 Bm=4,3,9,4.0,0.0,11.333333333333334,0.0
skip N=2 (work channel off),3,9,4.0,0.0,12.0,0.0
skip N=5 (work channel off),3,9,4.0,0.0,16.0,0.0
fixed B=0,1,7,4.0,0.0,4.0,0.0
fixed B=1,1,7,4.0,0.0,5.0,0.0
fixed B=4,1,7,4.0,0.0,8.0,0.0
rel B0=0 eps=.5,1,7,4.0,0.0,12.5,0.0
qlen B0=0 gam=1,1,7,4.0,0.0,9.0,0.0
qlen B0=1 gam=.5 eps=.5,1,7,4.0,0.0,18.5,0.0
thresh B=1 th=1 N=2,1,7,4.0,0.0,7.0,0.0
cap B0=1 eps=.5 Bmax=1,1,7,4.0,0.0,5.0,0.0
skip N=2 (work channel off),1,7,4.0,0.0,12.0,0.0
skip N=5 (work channel off),1,7,4.0,0.0,24.0,0.0
fixed B=0,3,9,4.0,0.0,9.333333333333334,0.0
fixed B=1,3,9,4.0,0.0,9.666666666666666,0.0
fixed B=4,3,9,4.0,0.0,10.666666666666666,0.0
rel B0=0 eps=.5,3,9,4.0,0.0,11.4,0.0
rel B0=1 eps=1,3,9,4.0,0.0,15.0,0.0
rel B0=0 eps=2,3,9,4.0,0.0,30.0,0.0
qlen B0=0 gam=1,3,9,4.0,0.0,11.666666666666666,0.0
qlen B0=1 gam=.5 eps=.5,3,9,4.0,0.0,13.2,0.0
thresh B=1 th=1 N=2,3,9,4.0,0.0,10.333333333333334,0.0
thresh B=0 th=.5 N=3 eps=1,3,9,4.0,0.0,15.25,0.0
cap B0=1 eps=1 Bmax=3,3,9,4.0,0.0,10.333333333333334,0.0
cap B0=0 eps=2 Bmax=2,3,9,4.0,0.0,10.0,0.0
cap B0=1 eps=.5 Bmax=1,3,9,4.0,0.0,9.666666666666666,0.0
cap+cnt B=1 e=1 th=1 N=2 Bm=4,3,9,4.0,0.0,11.333333333333334,0.0
skip N=2 (work channel off),3,9,4.0,0.0,12.0,0.0
skip N=5 (work channel off),3,9,4.0,0.0,16.0,0.0
fixed B=0,3,7,4.0,0.0,9.333333333333334,0.0
fixed B=1,3,7,4.0,1.0,9.666666666666666,0.10344827586206898
fixed B=4,3,7,4.0,2.0,10.666666666666666,0.1875
rel B0=0 eps=.5,3,7,4.0,0.0,11.4,0.0
rel B0=1 eps=1,3,7,4.0,2.0,15.0,0.13793103448275862
rel B0=0 eps=2,3,7,4.0,0.0,30.0,0.0
qlen B0=0 gam=1,3,7,4.0,1.0,10.666666666666666,0.10344827586206898
qlen B0=1 gam=.5 eps=.5,3,7,4.0,2.0,12.6,0.1694915254237288
thresh B=1 th=1 N=2,3,7,4.0,2.0,10.333333333333334,0.1935483870967742
thresh B=0 th=.5 N=3 eps=1,3,7,4.0,0.0,15.25,0.0
cap B0=1 eps=1 Bmax=3,3,7,4.0,2.0,10.333333333333334,0.1935483870967742
cap B0=0 eps=2 Bmax=2,3,7,4.0,0.0,10.0,0.0
cap B0=1 eps=.5 Bmax=1,3,7,4.0,1.0,9.666666666666666,0.10344827586206898
cap+cnt B=1 e=1 th=1 N=2 Bm=4,3,7,4.0,2.0,11.333333333333334,0.1764705882352941
skip N=2 (work channel off),3,7,4.0,2.0,12.0,0.16666666666666666
skip N=5 (work channel off),3,7,4.0,2.0,16.0,0.125
fixed B=0,3,3,4.0,0.0,9.333333333333334,0.0
fixed B=1,3,3,4.0,0.0,9.666666666666666,0.0
fixed B=4,3,3,4.0,0.0,10.666666666666666,0.0
rel B0=0 eps=.5,3,3,4.0,0.0,11.2,0.0
rel B0=1 eps=1,3,3,4.0,0.0,14.5,0.0
rel B0=0 eps=2,3,3,4.0,0.0,28.0,0.0
qlen B0=0 gam=1,3,3,4.0,0.0,9.666666666666666,0.0
qlen B0=1 gam=.5 eps=.5,3,3,4.0,0.0,11.8,0.0
thresh B=1 th=1 N=2,3,3,4.0,0.0,10.333333333333334,0.0
thresh B=0 th=.5 N=3 eps=1,3,3,4.0,0.0,14.75,0.0
cap B0=1 eps=1 Bmax=3,3,3,4.0,0.0,10.333333333333334,0.0
cap B0=0 eps=2 Bmax=2,3,3,4.0,0.0,10.0,0.0
cap B0=1 eps=.5 Bmax=1,3,3,4.0,0.0,9.666666666666666,0.0
cap+cnt B=1 e=1 th=1 N=2 Bm=4,3,3,4.0,0.0,11.333333333333334,0.0
skip N=2 (work channel off),3,3,4.0,0.0,12.0,0.0
skip N=5 (work channel off),3,3,4.0,0.0,16.0,0.0
fixed B=0,2,2,4.0,0.0,8.0,0.0
fixed B=1,2,2,4.0,0.0,8.5,0.0
fixed B=4,2,2,4.0,0.0,10.0,0.0
rel B0=0 eps=.5,2,2,4.0,0.0,10.666666666666666,0.0
rel B0=1 eps=1,2,2,4.0,0.0,17.0,0.0
qlen B0=0 gam=1,2,2,4.0,0.0,8.5,0.0
qlen B0=1 gam=.5 eps=.5,2,2,4.0,0.0,11.666666666666666,0.0
thresh B=1 th=1 N=2,2,2,4.0,0.0,9.5,0.0
thresh B=0 th=.5 N=3 eps=1,2,2,4.0,0.0,17.5,0.0
cap B0=1 eps=1 Bmax=3,2,2,4.0,0.0,9.5,0.0
cap B0=1 eps=.5 Bmax=1,2,2,4.0,0.0,8.5,0.0
cap+cnt B=1 e=1 th=1 N=2 Bm=4,2,2,4.0,0.0,11.0,0.0
skip N=2 (work channel off),2,2,4.0,0.0,12.0,0.0
skip N=5 (work channel off),2,2,4.0,0.0,18.0,0.0
fixed B=0,1,8,1.0,0.0,1.0,0.0
fixed B=1,1,8,1.0,1.0,2.0,0.5
fixed B=4,1,8,1.0,2.0,5.0,0.4
rel B0=0 eps=.5,1,8,1.0,1.0,5.0,0.2857142857142857
qlen B0=0 gam=1,1,8,1.0,1.0,7.0,0.5
qlen B0=1 gam=.5 eps=.5,1,8,1.0,2.0,13.0,0.375
thresh B=1 th=1 N=2,1,8,1.0,1.0,4.0,0.25
cap B0=1 eps=.5 Bmax=1,1,8,1.0,1.0,2.0,0.5
skip N=2 (work channel off),1,8,1.0,1.0,9.0,0.1111111111111111
skip N=5 (work channel off),1,8,1.0,2.0,21.0,0.09523809523809523
fixed B=0,1,8,4.0,0.0,4.0,0.0
fixed B=1,1,8,4.0,4.5,5.0,0.9
fixed B=4,1,8,4.0,4.5,8.0,0.5625
rel B0=0 eps=.5,1,8,4.0,4.5,18.0,0.5
qlen B0=0 gam=1,1,8,4.0,4.5,11.0,0.9
qlen B0=1 gam=.5 eps=.5,1,8,4.0,4.5,27.0,0.375
thresh B=1 th=1 N=2,1,8,4.0,4.5,7.0,0.6428571428571429
cap B0=1 eps=.5 Bmax=1,1,8,4.0,4.5,5.0,0.9
skip N=2 (work channel off),1,8,4.0,4.5,12.0,0.375
skip N=5 (work channel off),1,8,4.0,8.5,24.0,0.3541666666666667
fixed B=0,1,3,4.0,0.0,4.0,0.0
fixed B=1,1,3,4.0,4.0,5.0,0.8
fixed B=4,1,3,4.0,4.0,8.0,0.5
rel B0=0 eps=.5,1,3,4.0,0.0,15.0,0.0
qlen B0=0 gam=1,1,3,4.0,0.0,5.0,0.0
qlen B0=1 gam=.5 eps=.5,1,3,4.0,4.0,18.0,0.4
thresh B=1 th=1 N=2,1,3,4.0,4.0,7.0,0.5714285714285714
cap B0=1 eps=.5 Bmax=1,1,3,4.0,4.0,5.0,0.8
skip N=2 (work channel off),1,3,4.0,4.0,12.0,0.3333333333333333
skip N=5 (work channel off),1,3,4.0,4.0,24.0,0.16666666666666666
fixed B=0,2,2,1.0,0.0,2.0,0.0
fixed B=1,2,2,1.0,0.0,2.5,0.0
fixed B=4,2,2,1.0,0.0,4.0,0.0
rel B0=0 eps=.5,2,2,1.0,0.0,2.6666666666666665,0.0
rel B0=1 eps=1,2,2,1.0,0.0,5.0,0.0
qlen B0=0 gam=1,2,2,1.0,0.0,2.0,0.0
qlen B0=1 gam=.5 eps=.5,2,2,1.0,0.0,3.3333333333333335,0.0
thresh B=1 th=1 N=2,2,2,1.0,0.0,3.5,0.0
thresh B=0 th=.5 N=3 eps=1,2,2,1.0,0.0,5.5,0.0
cap B0=1 eps=1 Bmax=3,2,2,1.0,0.0,3.5,0.0
cap B0=1 eps=.5 Bmax=1,2,2,1.0,0.0,2.5,0.0
cap+cnt B=1 e=1 th=1 N=2 Bm=4,2,2,1.0,0.0,5.0,0.0
skip N=2 (work channel off),2,2,1.0,0.0,6.0,0.0
skip N=5 (work channel off),2,2,1.0,0.0,12.0,0.0
fixed B=0,3,9,4.0,0.0,9.333333333333334,0.0
fixed B=1,3,9,4.0,1.5,9.666666666666666,0.15517241379310345
fixed B=4,3,9,4.0,1.0,10.666666666666666,0.09375
rel B0=0 eps=.5,3,9,4.0,0.5,11.5,0.04424778761061947
rel B0=1 eps=1,3,9,4.0,1.5,15.25,0.10344827586206896
rel B0=0 eps=2,3,9,4.0,1.0,31.0,0.03333333333333333
qlen B0=0 gam=1,3,9,4.0,1.5,11.666666666666666,0.14516129032258063
qlen B0=1 gam=.5 eps=.5,3,9,4.0,1.5,13.3,0.12295081967213116
thresh B=1 th=1 N=2,3,9,4.0,1.0,10.333333333333334,0.0967741935483871
thresh B=0 th=.5 N=3 eps=1,3,9,4.0,1.0,15.5,0.06557377049180328
cap B0=1 eps=1 Bmax=3,3,9,4.0,1.5,10.333333333333334,0.14516129032258063
cap B0=0 eps=2 Bmax=2,3,9,4.0,1.0,10.0,0.1
cap B0=1 eps=.5 Bmax=1,3,9,4.0,1.5,9.666666666666666,0.15517241379310345
cap+cnt B=1 e=1 th=1 N=2 Bm=4,3,9,4.0,1.0,11.333333333333334,0.08823529411764705
skip N=2 (work channel off),3,9,4.0,1.0,12.0,0.08333333333333333
skip N=5 (work channel off),3,9,4.0,1.0,16.0,0.0625
fixed B=0,1,6,4.0,0.0,4.0,0.0
fixed B=1,1,6,4.0,4.5,5.0,0.9
fixed B=4,1,6,4.0,4.5,8.0,0.5625
rel B0=0 eps=.5,1,6,4.0,4.5,22.5,0.375
qlen B0=0 gam=1,1,6,4.0,4.5,8.0,0.9
qlen B0=1 gam=.5 eps=.5,1,6,4.0,8.5,28.5,0.5666666666666667
thresh B=1 th=1 N=2,1,6,4.0,4.5,7.0,0.6428571428571429
cap B0=1 eps=.5 Bmax=1,1,6,4.0,4.5,5.0,0.9
skip N=2 (work channel off),1,6,4.0,4.5,12.0,0.375
skip N=5 (work channel off),1,6,4.0,8.5,24.0,0.3541666666666667
fixed B=0,2,9,4.0,0.0,8.0,0.0
fixed B=1,2,9,4.0,1.5,8.5,0.17647058823529413
fixed B=4,2,9,4.0,2.5,10.0,0.25
rel B0=0 eps=.5,2,9,4.0,1.0,11.666666666666666,0.09090909090909091
rel B0=1 eps=1,2,9,4.0,2.5,20.0,0.1388888888888889
qlen B0=0 gam=1,2,9,4.0,2.0,12.0,0.2
qlen B0=1 gam=.5 eps=.5,2,9,4.0,2.5,15.0,0.19230769230769232
thresh B=1 th=1 N=2,2,9,4.0,2.5,9.5,0.2631578947368421
thresh B=0 th=.5 N=3 eps=1,2,9,4.0,2.0,20.5,0.10810810810810811
cap B0=1 eps=1 Bmax=3,2,9,4.0,2.5,9.5,0.2631578947368421
cap B0=1 eps=.5 Bmax=1,2,9,4.0,1.5,8.5,0.17647058823529413
cap+cnt B=1 e=1 th=1 N=2 Bm=4,2,9,4.0,2.5,11.0,0.22727272727272727
skip N=2 (work channel off),2,9,4.0,2.5,12.0,0.20833333333333334
skip N=5 (work channel off),2,9,4.0,2.5,18.0,0.1388888888888889
fixed B=0,3,3,4.0,0.0,9.333333333333334,0.0
fixed B=1,3,3,4.0,0.0,9.666666666666666,0.0
fixed B=4,3,3,4.0,0.0,10.666666666666666,0.0
rel B0=0 eps=.5,3,3,4.0,0.0,11.2,0.0
rel B0=1 eps=1,3,3,4.0,0.0,14.5,0.0
rel B0=0 eps=2,3,3,4.0,0.0,28.0,0.0
qlen B0=0 gam=1,3,3,4.0,0.0,10.0,0.0
qlen B0=1 gam=.5 eps=.5,3,3,4.0,0.0,12.0,0.0
thresh B=1 th=1 N=2,3,3,4.0,0.0,10.333333333333334,0.0
thresh B=0 th=.5 N=3 eps=1,3,3,4.0,0.0,14.75,0.0
cap B0=1 eps=1 Bmax=3,3,3,4.0,0.0,10.333333333333334,0.0
cap B0=0 eps=2 Bmax=2,3,3,4.0,0.0,10.0,0.0
cap B0=1 eps=.5 Bmax=1,3,3,4.0,0.0,9.666666666666666,0.0
cap+cnt B=1 e=1 th=1 N=2 Bm=4,3,3,4.0,0.0,11.333333333333334,0.0
skip N=2 (work channel off),3,3,4.0,0.0,12.0,0.0
skip N=5 (work channel off),3,3,4.0,0.0,16.0,0.0
fixed B=0,3,5,4.0,0.0,9.333333333333334,0.0
fixed B=1,3,5,4.0,4.0,9.666666666666666,0.4137931034482759
fixed B=4,3,5,4.0,4.0,10.666666666666666,0.375
rel B0=0 eps=.5,3,5,4.0,0.0,11.6,0.0
rel B0=1 eps=1,3,5,4.0,4.0,15.5,0.27586206896551724
rel B0=0 eps=2,3,5,4.0,0.0,32.0,0.0
qlen B0=0 gam=1,3,5,4.0,4.0,10.333333333333334,0.4137931034482759
qlen B0=1 gam=.5 eps=.5,3,5,4.0,4.0,12.3,0.3389830508474576
thresh B=1 th=1 N=2,3,5,4.0,4.0,10.333333333333334,0.3870967741935484
thresh B=0 th=.5 N=3 eps=1,3,5,4.0,0.0,15.75,0.0
cap B0=1 eps=1 Bmax=3,3,5,4.0,4.0,10.333333333333334,0.3870967741935484
cap B0=0 eps=2 Bmax=2,3,5,4.0,0.0,10.0,0.0
cap B0=1 eps=.5 Bmax=1,3,5,4.0,4.0,9.666666666666666,0.4137931034482759
cap+cnt B=1 e=1 th=1 N=2 Bm=4,3,5,4.0,4.0,11.333333333333334,0.3529411764705882
skip N=2 (work channel off),3,5,4.0,4.0,12.0,0.3333333333333333
skip N=5 (work channel off),3,5,4.0,4.0,16.0,0.25
fixed B=0,1,7,1.0,0.0,1.0,0.0
fixed B=1,1,7,1.0,1.0,2.0,0.5
fixed B=4,1,7,1.0,1.5,5.0,0.3
rel B0=0 eps=.5,1,7,1.0,1.0,4.5,0.3333333333333333
qlen B0=0 gam=1,1,7,1.0,1.0,5.0,0.5
qlen B0=1 gam=.5 eps=.5,1,7,1.0,1.5,10.5,0.375
thresh B=1 th=1 N=2,1,7,1.0,1.0,4.0,0.25
cap B0=1 eps=.5 Bmax=1,1,7,1.0,1.0,2.0,0.5
skip N=2 (work channel off),1,7,1.0,1.0,9.0,0.1111111111111111
skip N=5 (work channel off),1,7,1.0,1.5,21.0,0.07142857142857142
fixed B=0,1,4,4.0,0.0,4.0,0.0
fixed B=1,1,4,4.0,0.0,5.0,0.0
fixed B=4,1,4,4.0,0.0,8.0,0.0
rel B0=0 eps=.5,1,4,4.0,0.0,12.0,0.0
qlen B0=0 gam=1,1,4,4.0,0.0,5.0,0.0
qlen B0=1 gam=.5 eps=.5,1,4,4.0,0.0,15.0,0.0
thresh B=1 th=1 N=2,1,4,4.0,0.0,7.0,0.0
cap B0=1 eps=.5 Bmax=1,1,4,4.0,0.0,5.0,0.0
skip N=2 (work channel off),1,4,4.0,0.0,12.0,0.0
skip N=5 (work channel off),1,4,4.0,0.0,24.0,0.0
fixed B=0,2,7,4.0,0.0,8.0,0.0
fixed B=1,2,7,4.0,1.0,8.5,0.11764705882352941
fixed B=4,2,7,4.0,1.0,10.0,0.1
rel B0=0 eps=.5,2,7,4.0,0.5,12.333333333333332,0.04615384615384615
rel B0=1 eps=1,2,7,4.0,1.0,22.0,0.05714285714285714
qlen B0=0 gam=1,2,7,4.0,1.0,11.0,0.10526315789473684
qlen B0=1 gam=.5 eps=.5,2,7,4.0,1.0,15.0,0.08
thresh B=1 th=1 N=2,2,7,4.0,1.0,9.5,0.10526315789473684
thresh B=0 th=.5 N=3 eps=1,2,7,4.0,1.0,22.5,0.05555555555555555
cap B0=1 eps=1 Bmax=3,2,7,4.0,1.0,9.5,0.10526315789473684
cap B0=1 eps=.5 Bmax=1,2,7,4.0,1.0,8.5,0.11764705882352941
cap+cnt B=1 e=1 th=1 N=2 Bm=4,2,7,4.0,1.0,11.0,0.09090909090909091
skip N=2 (work channel off),2,7,4.0,1.0,12.0,0.08333333333333333
skip N=5 (work channel off),2,7,4.0,1.0,18.0,0.05555555555555555
fixed B=0,3,8,4.0,0.0,9.333333333333334,0.0
fixed B=1,3,8,4.0,3.0,9.666666666666666,0.3103448275862069
fixed B=4,3,8,4.0,3.0,10.666666666666666,0.28125
rel B0=0 eps=.5,3,8,4.0,3.0,11.8,0.2631578947368421
rel B0=1 eps=1,3,8,4.0,3.0,16.0,0.2
rel B0=0 eps=2,3,8,4.0,3.0,34.0,0.1
qlen B0=0 gam=1,3,8,4.0,3.0,11.333333333333334,0.2647058823529412
qlen B0=1 gam=.5 eps=.5,3,8,4.0,3.0,13.0,0.23076923076923078
thresh B=1 th=1 N=2,3,8,4.0,3.0,10.333333333333334,0.29032258064516125
thresh B=0 th=.5 N=3 eps=1,3,8,4.0,3.0,16.25,0.19672131147540983
cap B0=1 eps=1 Bmax=3,3,8,4.0,3.0,10.333333333333334,0.29032258064516125
cap B0=0 eps=2 Bmax=2,3,8,4.0,3.0,10.0,0.3
cap B0=1 eps=.5 Bmax=1,3,8,4.0,3.0,9.666666666666666,0.3103448275862069
cap+cnt B=1 e=1 th=1 N=2 Bm=4,3,8,4.0,3.0,11.333333333333334,0.2647058823529412
skip N=2 (work channel off),3,8,4.0,3.0,12.0,0.25
skip N=5 (work channel off),3,8,4.0,3.0,16.0,0.1875
fixed B=0,2,2,0.5,0.0,1.0,0.0
fixed B=1,2,2,0.5,0.0,1.5,0.0
fixed B=4,2,2,0.5,0.0,3.0,0.0
rel B0=0 eps=.5,2,2,0.5,0.0,1.3333333333333333,0.0
rel B0=1 eps=1,2,2,0.5,0.0,3.0,0.0
qlen B0=0 gam=1,2,2,0.5,0.0,1.0,0.0
qlen B0=1 gam=.5 eps=.5,2,2,0.5,0.0,2.0,0.0
thresh B=1 th=1 N=2,2,2,0.5,0.0,2.5,0.0
thresh B=0 th=.5 N=3 eps=1,2,2,0.5,0.0,3.5,0.0
cap B0=1 eps=1 Bmax=3,2,2,0.5,0.0,2.5,0.0
cap B0=1 eps=.5 Bmax=1,2,2,0.5,0.0,1.5,0.0
cap+cnt B=1 e=1 th=1 N=2 Bm=4,2,2,0.5,0.0,4.0,0.0
skip N=2 (work channel off),2,2,0.5,0.0,5.0,0.0
skip N=5 (work channel off),2,2,0.5,0.0,11.0,0.0
fixed B=0,2,3,4.0,0.0,8.0,0.0
fixed B=1,2,3,4.0,0.0,8.5,0.0
fixed B=4,2,3,4.0,0.0,10.0,0.0
rel B0=0 eps=.5,2,3,4.0,0.0,12.0,0.0
rel B0=1 eps=1,2,3,4.0,0.0,21.0,0.0
qlen B0=0 gam=1,2,3,4.0,0.0,9.0,0.0
qlen B0=1 gam=.5 eps=.5,2,3,4.0,0.0,13.333333333333332,0.0
thresh B=1 th=1 N=2,2,3,4.0,0.0,9.5,0.0
thresh B=0 th=.5 N=3 eps=1,2,3,4.0,0.0,21.5,0.0
cap B0=1 eps=1 Bmax=3,2,3,4.0,0.0,9.5,0.0
cap B0=1 eps=.5 Bmax=1,2,3,4.0,0.0,8.5,0.0
cap+cnt B=1 e=1 th=1 N=2 Bm=4,2,3,4.0,0.0,11.0,0.0
skip N=2 (work channel off),2,3,4.0,0.0,12.0,0.0
skip N=5 (work channel off),2,3,4.0,0.0,18.0,0.0
fixed B=0,3,2,1.0,0.0,2.3333333333333335,0.0
fixed B=1,3,2,1.0,0.0,2.6666666666666665,0.0
fixed B=4,3,2,1.0,0.0,3.6666666666666665,0.0
rel B0=0 eps=.5,3,2,1.0,0.0,2.8,0.0
rel B0=1 eps=1,3,2,1.0,0.0,4.0,0.0
rel B0=0 eps=2,3,2,1.0,0.0,7.0,0.0
qlen B0=0 gam=1,3,2,1.0,0.0,2.6666666666666665,0.0
qlen B0=1 gam=.5 eps=.5,3,2,1.0,0.0,3.4,0.0
thresh B=1 th=1 N=2,3,2,1.0,0.0,3.3333333333333335,0.0
thresh B=0 th=.5 N=3 eps=1,3,2,1.0,0.0,4.25,0.0
cap B0=1 eps=1 Bmax=3,3,2,1.0,0.0,3.3333333333333335,0.0
cap B0=0 eps=2 Bmax=2,3,2,1.0,0.0,3.0,0.0
cap B0=1 eps=.5 Bmax=1,3,2,1.0,0.0,2.6666666666666665,0.0
cap+cnt B=1 e=1 th=1 N=2 Bm=4,3,2,1.0,0.0,4.333333333333333,0.0
skip N=2 (work channel off),3,2,1.0,0.0,5.0,0.0
skip N=5 (work channel off),3,2,1.0,0.0,9.0,0.0
fixed B=0,2,6,4.0,0.0,8.0,0.0
fixed B=1,2,6,4.0,2.0,8.5,0.23529411764705882
fixed B=4,2,6,4.0,2.0,10.0,0.2
rel B0=0 eps=.5,2,6,4.0,2.0,11.0,0.18181818181818182
rel B0=1 eps=1,2,6,4.0,2.0,18.0,0.1111111111111111
qlen B0=0 gam=1,2,6,4.0,2.0,9.5,0.2222222222222222
qlen B0=1 gam=.5 eps=.5,2,6,4.0,2.0,12.666666666666666,0.16216216216216214
thresh B=1 th=1 N=2,2,6,4.0,2.0,9.5,0.21052631578947367
thresh B=0 th=.5 N=3 eps=1,2,6,4.0,2.0,18.5,0.10810810810810811
cap B0=1 eps=1 Bmax=3,2,6,4.0,2.0,9.5,0.21052631578947367
cap B0=1 eps=.5 Bmax=1,2,6,4.0,2.0,8.5,0.23529411764705882
cap+cnt B=1 e=1 th=1 N=2 Bm=4,2,6,4.0,2.0,11.0,0.18181818181818182
skip N=2 (work channel off),2,6,4.0,2.0,12.0,0.16666666666666666
skip N=5 (work channel off),2,6,4.0,2.0,18.0,0.1111111111111111
fixed B=0,3,6,4.0,0.0,9.333333333333334,0.0
fixed B=1,3,6,4.0,2.0,9.666666666666666,0.20689655172413796
fixed B=4,3,6,4.0,2.0,10.666666666666666,0.1875
rel B0=0 eps=.5,3,6,4.0,0.0,11.2,0.0
rel B0=1 eps=1,3,6,4.0,2.0,14.5,0.13793103448275862
rel B0=0 eps=2,3,6,4.0,0.0,28.0,0.0
qlen B0=0 gam=1,3,6,4.0,2.0,10.333333333333334,0.2
qlen B0=1 gam=.5 eps=.5,3,6,4.0,2.0,12.2,0.16666666666666666
thresh B=1 th=1 N=2,3,6,4.0,2.0,10.333333333333334,0.1935483870967742
thresh B=0 th=.5 N=3 eps=1,3,6,4.0,0.0,14.75,0.0
cap B0=1 eps=1 Bmax=3,3,6,4.0,2.0,10.333333333333334,0.1935483870967742
cap B0=0 eps=2 Bmax=2,3,6,4.0,0.0,10.0,0.0
cap B0=1 eps=.5 Bmax=1,3,6,4.0,2.0,9.666666666666666,0.20689655172413796
cap+cnt B=1 e=1 th=1 N=2 Bm=4,3,6,4.0,2.0,11.333333333333334,0.1764705882352941
skip N=2 (work channel off),3,6,4.0,2.0,12.0,0.16666666666666666
skip N=5 (work channel off),3,6,4.0,2.0,16.0,0.125
fixed B=0,3,4,4.0,0.0,9.333333333333334,0.0
fixed B=1,3,4,4.0,0.0,9.666666666666666,0.0
fixed B=4,3,4,4.0,0.0,10.666666666666666,0.0
rel B0=0 eps=.5,3,4,4.0,0.0,11.2,0.0
rel B0=1 eps=1,3,4,4.0,0.0,14.5,0.0
rel B0=0 eps=2,3,4,4.0,0.0,28.0,0.0
qlen B0=0 gam=1,3,4,4.0,0.0,9.666666666666666,0.0
qlen B0=1 gam=.5 eps=.5,3,4,4.0,0.0,11.8,0.0
thresh B=1 th=1 N=2,3,4,4.0,0.0,10.333333333333334,0.0
thresh B=0 th=.5 N=3 eps=1,3,4,4.0,0.0,14.75,0.0
cap B0=1 eps=1 Bmax=3,3,4,4.0,0.0,10.333333333333334,0.0
cap B0=0 eps=2 Bmax=2,3,4,4.0,0.0,10.0,0.0
cap B0=1 eps=.5 Bmax=1,3,4,4.0,0.0,9.666666666666666,0.0
cap+cnt B=1 e=1 th=1 N=2 Bm=4,3,4,4.0,0.0,11.333333333333334,0.0
skip N=2 (work channel off),3,4,4.0,0.0,12.0,0.0
skip N=5 (work channel off),3,4,4.0,0.0,16.0,0.0
fixed B=0,2,6,4.0,0.0,8.0,0.0
fixed B=1,2,6,4.0,0.0,8.5,0.0
fixed B=4,2,6,4.0,0.0,10.0,0.0
rel B0=0 eps=.5,2,6,4.0,0.0,11.333333333333334,0.0
rel B0=1 eps=1,2,6,4.0,0.0,19.0,0.0
qlen B0=0 gam=1,2,6,4.0,0.0,9.0,0.0
qlen B0=1 gam=.5 eps=.5,2,6,4.0,0.0,12.666666666666666,0.0
thresh B=1 th=1 N=2,2,6,4.0,0.0,9.5,0.0
thresh B=0 th=.5 N=3 eps=1,2,6,4.0,0.0,19.5,0.0
cap B0=1 eps=1 Bmax=3,2,6,4.0,0.0,9.5,0.0
cap B0=1 eps=.5 Bmax=1,2,6,4.0,0.0,8.5,0.0
cap+cnt B=1 e=1 th=1 N=2 Bm=4,2,6,4.0,0.0,11.0,0.0
skip N=2 (work channel off),2,6,4.0,0.0,12.0,0.0
skip N=5 (work channel off),2,6,4.0,0.0,18.0,0.0
fixed B=0,2,4,4.0,0.0,8.0,0.0
fixed B=1,2,4,4.0,0.0,8.5,0.0
fixed B=4,2,4,4.0,0.0,10.0,0.0
rel B0=0 eps=.5,2,4,4.0,0.0,11.666666666666666,0.0
rel B0=1 eps=1,2,4,4.0,0.0,20.0,0.0
qlen B0=0 gam=1,2,4,4.0,0.0,8.5,0.0
qlen B0=1 gam=.5 eps=.5,2,4,4.0,0.0,12.666666666666666,0.0
thresh B=1 th=1 N=2,2,4,4.0,0.0,9.5,0.0
thresh B=0 th=.5 N=3 eps=1,2,4,4.0,0.0,20.5,0.0
cap B0=1 eps=1 Bmax=3,2,4,4.0,0.0,9.5,0.0
cap B0=1 eps=.5 Bmax=1,2,4,4.0,0.0,8.5,0.0
cap+cnt B=1 e=1 th=1 N=2 Bm=4,2,4,4.0,0.0,11.0,0.0
skip N=2 (work channel off),2,4,4.0,0.0,12.0,0.0
skip N=5 (work channel off),2,4,4.0,0.0,18.0,0.0
fixed B=0,2,6,4.0,0.0,8.0,0.0
fixed B=1,2,6,4.0,0.0,8.5,0.0
fixed B=4,2,6,4.0,0.0,10.0,0.0
rel B0=0 eps=.5,2,6,4.0,0.0,12.0,0.0
rel B0=1 eps=1,2,6,4.0,0.0,21.0,0.0
qlen B0=0 gam=1,2,6,4.0,0.0,9.5,0.0
qlen B0=1 gam=.5 eps=.5,2,6,4.0,0.0,13.666666666666668,0.0
thresh B=1 th=1 N=2,2,6,4.0,0.0,9.5,0.0
thresh B=0 th=.5 N=3 eps=1,2,6,4.0,0.0,21.5,0.0
cap B0=1 eps=1 Bmax=3,2,6,4.0,0.0,9.5,0.0
cap B0=1 eps=.5 Bmax=1,2,6,4.0,0.0,8.5,0.0
cap+cnt B=1 e=1 th=1 N=2 Bm=4,2,6,4.0,0.0,11.0,0.0
skip N=2 (work channel off),2,6,4.0,0.0,12.0,0.0
skip N=5 (work channel off),2,6,4.0,0.0,18.0,0.0
fixed B=0,1,2,4.0,0.0,4.0,0.0
fixed B=1,1,2,4.0,0.0,5.0,0.0
fixed B=4,1,2,4.0,0.0,8.0,0.0
rel B0=0 eps=.5,1,2,4.0,0.0,8.0,0.0
qlen B0=0 gam=1,1,2,4.0,0.0,4.0,0.0
qlen B0=1 gam=.5 eps=.5,1,2,4.0,0.0,10.0,0.0
thresh B=1 th=1 N=2,1,2,4.0,0.0,7.0,0.0
cap B0=1 eps=.5 Bmax=1,1,2,4.0,0.0,5.0,0.0
skip N=2 (work channel off),1,2,4.0,0.0,12.0,0.0
skip N=5 (work channel off),1,2,4.0,0.0,24.0,0.0
fixed B=0,2,9,4.0,0.0,8.0,0.0
fixed B=1,2,9,4.0,1.0,8.5,0.11764705882352941
fixed B=4,2,9,4.0,4.0,10.0,0.4
rel B0=0 eps=.5,2,9,4.0,1.0,11.333333333333334,0.09090909090909091
rel B0=1 eps=1,2,9,4.0,4.0,19.0,0.23529411764705882
qlen B0=0 gam=1,2,9,4.0,3.0,9.5,0.3157894736842105
qlen B0=1 gam=.5 eps=.5,2,9,4.0,3.0,13.333333333333334,0.2368421052631579
thresh B=1 th=1 N=2,2,9,4.0,2.0,9.5,0.21052631578947367
thresh B=0 th=.5 N=3 eps=1,2,9,4.0,3.0,19.5,0.16216216216216217
cap B0=1 eps=1 Bmax=3,2,9,4.0,3.0,9.5,0.3157894736842105
cap B0=1 eps=.5 Bmax=1,2,9,4.0,1.0,8.5,0.11764705882352941
cap+cnt B=1 e=1 th=1 N=2 Bm=4,2,9,4.0,2.0,11.0,0.18181818181818182
skip N=2 (work channel off),2,9,4.0,2.0,12.0,0.16666666666666666
skip N=5 (work channel off),2,9,4.0,4.0,18.0,0.2222222222222222
fixed B=0,1,7,4.0,0.0,4.0,0.0
fixed B=1,1,7,4.0,0.0,5.0,0.0
fixed B=4,1,7,4.0,0.0,8.0,0.0
rel B0=0 eps=.5,1,7,4.0,1.0,14.0,0.1111111111111111
qlen B0=0 gam=1,1,7,4.0,0.0,8.0,0.0
qlen B0=1 gam=.5 eps=.5,1,7,4.0,0.0,20.0,0.0
thresh B=1 th=1 N=2,1,7,4.0,0.0,7.0,0.0
cap B0=1 eps=.5 Bmax=1,1,7,4.0,0.0,5.0,0.0
skip N=2 (work channel off),1,7,4.0,0.0,12.0,0.0
skip N=5 (work channel off),1,7,4.0,0.0,24.0,0.0
fixed B=0,2,3,4.0,0.0,8.0,0.0
fixed B=1,2,3,4.0,0.0,8.5,0.0
fixed B=4,2,3,4.0,0.0,10.0,0.0
rel B0=0 eps=.5,2,3,4.0,0.0,10.666666666666666,0.0
rel B0=1 eps=1,2,3,4.0,0.0,17.0,0.0
qlen B0=0 gam=1,2,3,4.0,0.0,8.5,0.0
qlen B0=1 gam=.5 eps=.5,2,3,4.0,0.0,11.666666666666666,0.0
thresh B=1 th=1 N=2,2,3,4.0,0.0,9.5,0.0
thresh B=0 th=.5 N=3 eps=1,2,3,4.0,0.0,17.5,0.0
cap B0=1 eps=1 Bmax=3,2,3,4.0,0.0,9.5,0.0
cap B0=1 eps=.5 Bmax=1,2,3,4.0,0.0,8.5,0.0
cap+cnt B=1 e=1 th=1 N=2 Bm=4,2,3,4.0,0.0,11.0,0.0
skip N=2 (work channel off),2,3,4.0,0.0,12.0,0.0
skip N=5 (work channel off),2,3,4.0,0.0,18.0,0.0
fixed B=0,2,6,4.0,0.0,8.0,0.0
fixed B=1,2,6,4.0,1.0,8.5,0.11764705882352941
fixed B=4,2,6,4.0,1.0,10.0,0.1
rel B0=0 eps=.5,2,6,4.0,2.0,11.0,0.18181818181818182
rel B0=1 eps=1,2,6,4.0,1.0,18.0,0.058823529411764705
qlen B0=0 gam=1,2,6,4.0,2.0,9.0,0.23529411764705882
qlen B0=1 gam=.5 eps=.5,2,6,4.0,1.0,12.0,0.08823529411764705
thresh B=1 th=1 N=2,2,6,4.0,1.0,9.5,0.10526315789473684
thresh B=0 th=.5 N=3 eps=1,2,6,4.0,2.0,18.5,0.10810810810810811
cap B0=1 eps=1 Bmax=3,2,6,4.0,1.0,9.5,0.10526315789473684
cap B0=1 eps=.5 Bmax=1,2,6,4.0,1.0,8.5,0.11764705882352941
cap+cnt B=1 e=1 th=1 N=2 Bm=4,2,6,4.0,1.0,11.0,0.09090909090909091
skip N=2 (work channel off),2,6,4.0,1.0,12.0,0.08333333333333333
skip N=5 (work channel off),2,6,4.0,1.0,18.0,0.05555555555555555
fixed B=0,2,9,4.0,0.0,8.0,0.0
fixed B=1,2,9,4.0,0.0,8.5,0.0
fixed B=4,2,9,4.0,0.0,10.0,0.0
rel B0=0 eps=.5,2,9,4.0,0.0,12.0,0.0
rel B0=1 eps=1,2,9,4.0,0.0,21.0,0.0
qlen B0=0 gam=1,2,9,4.0,0.0,11.0,0.0
qlen B0=1 gam=.5 eps=.5,2,9,4.0,0.0,14.666666666666668,0.0
thresh B=1 th=1 N=2,2,9,4.0,0.0,9.5,0.0
thresh B=0 th=.5 N=3 eps=1,2,9,4.0,0.0,21.5,0.0
cap B0=1 eps=1 Bmax=3,2,9,4.0,0.0,9.5,0.0
cap B0=1 eps=.5 Bmax=1,2,9,4.0,0.0,8.5,0.0
cap+cnt B=1 e=1 th=1 N=2 Bm=4,2,9,4.0,0.0,11.0,0.0
skip N=2 (work channel off),2,9,4.0,0.0,12.0,0.0
skip N=5 (work channel off),2,9,4.0,0.0,18.0,0.0
fixed B=0,2,6,4.0,0.0,8.0,0.0
fixed B=1,2,6,4.0,0.0,8.5,0.0
fixed B=4,2,6,4.0,0.0,10.0,0.0
rel B0=0 eps=.5,2,6,4.0,0.0,12.666666666666668,0.0
rel B0=1 eps=1,2,6,4.0,0.0,23.0,0.0
qlen B0=0 gam=1,2,6,4.0,0.0,9.5,0.0
qlen B0=1 gam=.5 eps=.5,2,6,4.0,0.0,14.333333333333332,0.0
thresh B=1 th=1 N=2,2,6,4.0,0.0,9.5,0.0
thresh B=0 th=.5 N=3 eps=1,2,6,4.0,0.0,23.5,0.0
cap B0=1 eps=1 Bmax=3,2,6,4.0,0.0,9.5,0.0
cap B0=1 eps=.5 Bmax=1,2,6,4.0,0.0,8.5,0.0
cap+cnt B=1 e=1 th=1 N=2 Bm=4,2,6,4.0,0.0,11.0,0.0
skip N=2 (work channel off),2,6,4.0,0.0,12.0,0.0
skip N=5 (work channel off),2,6,4.0,0.0,18.0,0.0
fixed B=0,3,3,4.0,0.0,9.333333333333334,0.0
fixed B=1,3,3,4.0,0.0,9.666666666666666,0.0
fixed B=4,3,3,4.0,0.0,10.666666666666666,0.0
rel B0=0 eps=.5,3,3,4.0,0.0,11.2,0.0
rel B0=1 eps=1,3,3,4.0,0.0,14.5,0.0
rel B0=0 eps=2,3,3,4.0,0.0,28.0,0.0
qlen B0=0 gam=1,3,3,4.0,0.0,9.666666666666666,0.0
qlen B0=1 gam=.5 eps=.5,3,3,4.0,0.0,11.8,0.0
thresh B=1 th=1 N=2,3,3,4.0,0.0,10.333333333333334,0.0
thresh B=0 th=.5 N=3 eps=1,3,3,4.0,0.0,14.75,0.0
cap B0=1 eps=1 Bmax=3,3,3,4.0,0.0,10.333333333333334,0.0
cap B0=0 eps=2 Bmax=2,3,3,4.0,0.0,10.0,0.0
cap B0=1 eps=.5 Bmax=1,3,3,4.0,0.0,9.666666666666666,0.0
cap+cnt B=1 e=1 th=1 N=2 Bm=4,3,3,4.0,0.0,11.333333333333334,0.0
skip N=2 (work channel off),3,3,4.0,0.0,12.0,0.0
skip N=5 (work channel off),3,3,4.0,0.0,16.0,0.0
fixed B=0,3,3,4.0,0.0,9.333333333333334,0.0
fixed B=1,3,3,4.0,0.0,9.666666666666666,0.0
fixed B=4,3,3,4.0,0.0,10.666666666666666,0.0
rel B0=0 eps=.5,3,3,4.0,0.0,11.2,0.0
rel B0=1 eps=1,3,3,4.0,0.0,14.5,0.0
rel B0=0 eps=2,3,3,4.0,0.0,28.0,0.0
qlen B0=0 gam=1,3,3,4.0,0.0,9.666666666666666,0.0
qlen B0=1 gam=.5 eps=.5,3,3,4.0,0.0,11.8,0.0
thresh B=1 th=1 N=2,3,3,4.0,0.0,10.333333333333334,0.0
thresh B=0 th=.5 N=3 eps=1,3,3,4.0,0.0,14.75,0.0
cap B0=1 eps=1 Bmax=3,3,3,4.0,0.0,10.333333333333334,0.0
cap B0=0 eps=2 Bmax=2,3,3,4.0,0.0,10.0,0.0
cap B0=1 eps=.5 Bmax=1,3,3,4.0,0.0,9.666666666666666,0.0
cap+cnt B=1 e=1 th=1 N=2 Bm=4,3,3,4.0,0.0,11.333333333333334,0.0
skip N=2 (work channel off),3,3,4.0,0.0,12.0,0.0
skip N=5 (work channel off),3,3,4.0,0.0,16.0,0.0
fixed B=0,2,2,4.0,0.0,8.0,0.0
fixed B=1,2,2,4.0,0.0,8.5,0.0
fixed B=4,2,2,4.0,0.0,10.0,0.0
rel B0=0 eps=.5,2,2,4.0,0.0,10.666666666666666,0.0
rel B0=1 eps=1,2,2,4.0,0.0,17.0,0.0
qlen B0=0 gam=1,2,2,4.0,0.0,8.0,0.0
qlen B0=1 gam=.5 eps=.5,2,2,4.0,0.0,11.333333333333334,0.0
thresh B=1 th=1 N=2,2,2,4.0,0.0,9.5,0.0
thresh B=0 th=.5 N=3 eps=1,2,2,4.0,0.0,17.5,0.0
cap B0=1 eps=1 Bmax=3,2,2,4.0,0.0,9.5,0.0
cap B0=1 eps=.5 Bmax=1,2,2,4.0,0.0,8.5,0.0
cap+cnt B=1 e=1 th=1 N=2 Bm=4,2,2,4.0,0.0,11.0,0.0
skip N=2 (work channel off),2,2,4.0,0.0,12.0,0.0
skip N=5 (work channel off),2,2,4.0,0.0,18.0,0.0
fixed B=0,3,2,1.0,0.0,2.3333333333333335,0.0
fixed B=1,3,2,1.0,0.0,2.6666666666666665,0.0
fixed B=4,3,2,1.0,0.0,3.6666666666666665,0.0
rel B0=0 eps=.5,3,2,1.0,0.0,2.8,0.0
rel B0=1 eps=1,3,2,1.0,0.0,4.0,0.0
rel B0=0 eps=2,3,2,1.0,0.0,7.0,0.0
qlen B0=0 gam=1,3,2,1.0,0.0,2.3333333333333335,0.0
qlen B0=1 gam=.5 eps=.5,3,2,1.0,0.0,3.2,0.0
thresh B=1 th=1 N=2,3,2,1.0,0.0,3.3333333333333335,0.0
thresh B=0 th=.5 N=3 eps=1,3,2,1.0,0.0,4.25,0.0
cap B0=1 eps=1 Bmax=3,3,2,1.0,0.0,3.3333333333333335,0.0
cap B0=0 eps=2 Bmax=2,3,2,1.0,0.0,3.0,0.0
cap B0=1 eps=.5 Bmax=1,3,2,1.0,0.0,2.6666666666666665,0.0
cap+cnt B=1 e=1 th=1 N=2 Bm=4,3,2,1.0,0.0,4.333333333333333,0.0
skip N=2 (work channel off),3,2,1.0,0.0,5.0,0.0
skip N=5 (work channel off),3,2,1.0,0.0,9.0,0.0
fixed B=0,3,6,4.0,0.0,9.333333333333334,0.0
fixed B=1,3,6,4.0,0.0,9.666666666666666,0.0
fixed B=4,3,6,4.0,0.0,10.666666666666666,0.0
rel B0=0 eps=.5,3,6,4.0,0.0,11.6,0.0
rel B0=1 eps=1,3,6,4.0,0.0,15.5,0.0
rel B0=0 eps=2,3,6,4.0,0.0,32.0,0.0
qlen B0=0 gam=1,3,6,4.0,0.0,10.333333333333334,0.0
qlen B0=1 gam=.5 eps=.5,3,6,4.0,0.0,12.6,0.0
thresh B=1 th=1 N=2,3,6,4.0,0.0,10.333333333333334,0.0
thresh B=0 th=.5 N=3 eps=1,3,6,4.0,0.0,15.75,0.0
cap B0=1 eps=1 Bmax=3,3,6,4.0,0.0,10.333333333333334,0.0
cap B0=0 eps=2 Bmax=2,3,6,4.0,0.0,10.0,0.0
cap B0=1 eps=.5 Bmax=1,3,6,4.0,0.0,9.666666666666666,0.0
cap+cnt B=1 e=1 th=1 N=2 Bm=4,3,6,4.0,0.0,11.333333333333334,0.0
skip N=2 (work channel off),3,6,4.0,0.0,12.0,0.0
skip N=5 (work channel off),3,6,4.0,0.0,16.0,0.0
fixed B=0,2,3,4.0,0.0,8.0,0.0
fixed B=1,2,3,4.0,0.0,8.5,0.0
fixed B=4,2,3,4.0,0.0,10.0,0.0
rel B0=0 eps=.5,2,3,4.0,0.0,10.666666666666666,0.0
rel B0=1 eps=1,2,3,4.0,0.0,17.0,0.0
qlen B0=0 gam=1,2,3,4.0,0.0,8.0,0.0
qlen B0=1 gam=.5 eps=.5,2,3,4.0,0.0,11.333333333333334,0.0
thresh B=1 th=1 N=2,2,3,4.0,0.0,9.5,0.0
thresh B=0 th=.5 N=3 eps=1,2,3,4.0,0.0,17.5,0.0
cap B0=1 eps=1 Bmax=3,2,3,4.0,0.0,9.5,0.0
cap B0=1 eps=.5 Bmax=1,2,3,4.0,0.0,8.5,0.0
cap+cnt B=1 e=1 th=1 N=2 Bm=4,2,3,4.0,0.0,11.0,0.0
skip N=2 (work channel off),2,3,4.0,0.0,12.0,0.0
skip N=5 (work channel off),2,3,4.0,0.0,18.0,0.0
fixed B=0,2,5,4.0,0.0,8.0,0.0
fixed B=1,2,5,4.0,0.0,8.5,0.0
fixed B=4,2,5,4.0,0.0,10.0,0.0
rel B0=0 eps=.5,2,5,4.0,0.0,10.666666666666666,0.0
rel B0=1 eps=1,2,5,4.0,0.0,17.0,0.0
qlen B0=0 gam=1,2,5,4.0,0.0,9.0,0.0
qlen B0=1 gam=.5 eps=.5,2,5,4.0,0.0,12.0,0.0
thresh B=1 th=1 N=2,2,5,4.0,0.0,9.5,0.0
thresh B=0 th=.5 N=3 eps=1,2,5,4.0,0.0,17.5,0.0
cap B0=1 eps=1 Bmax=3,2,5,4.0,0.0,9.5,0.0
cap B0=1 eps=.5 Bmax=1,2,5,4.0,0.0,8.5,0.0
cap+cnt B=1 e=1 th=1 N=2 Bm=4,2,5,4.0,0.0,11.0,0.0
skip N=2 (work channel off),2,5,4.0,0.0,12.0,0.0
skip N=5 (work channel off),2,5,4.0,0.0,18.0,0.0
fixed B=0,3,3,4.0,0.0,9.333333333333334,0.0
fixed B=1,3,3,4.0,0.0,9.666666666666666,0.0
fixed B=4,3,3,4.0,0.0,10.666666666666666,0.0
rel B0=0 eps=.5,3,3,4.0,0.0,11.2,0.0
rel B0=1 eps=1,3,3,4.0,0.0,14.5,0.0
rel B0=0 eps=2,3,3,4.0,0.0,28.0,0.0
qlen B0=0 gam=1,3,3,4.0,0.0,9.666666666666666,0.0
qlen B0=1 gam=.5 eps=.5,3,3,4.0,0.0,11.8,0.0
thresh B=1 th=1 N=2,3,3,4.0,0.0,10.333333333333334,0.0
thresh B=0 th=.5 N=3 eps=1,3,3,4.0,0.0,14.75,0.0
cap B0=1 eps=1 Bmax=3,3,3,4.0,0.0,10.333333333333334,0.0
cap B0=0 eps=2 Bmax=2,3,3,4.0,0.0,10.0,0.0
cap B0=1 eps=.5 Bmax=1,3,3,4.0,0.0,9.666666666666666,0.0
cap+cnt B=1 e=1 th=1 N=2 Bm=4,3,3,4.0,0.0,11.333333333333334,0.0
skip N=2 (work channel off),3,3,4.0,0.0,12.0,0.0
skip N=5 (work channel off),3,3,4.0,0.0,16.0,0.0
fixed B=0,3,9,4.0,0.0,9.333333333333334,0.0
fixed B=1,3,9,4.0,4.0,9.666666666666666,0.4137931034482759
fixed B=4,3,9,4.0,5.0,10.666666666666666,0.46875
rel B0=0 eps=.5,3,9,4.0,0.0,11.2,0.0
rel B0=1 eps=1,3,9,4.0,4.0,14.5,0.27586206896551724
rel B0=0 eps=2,3,9,4.0,0.0,28.0,0.0
qlen B0=0 gam=1,3,9,4.0,4.0,10.666666666666666,0.3870967741935484
qlen B0=1 gam=.5 eps=.5,3,9,4.0,4.0,12.4,0.3278688524590164
thresh B=1 th=1 N=2,3,9,4.0,4.0,10.333333333333334,0.3870967741935484
thresh B=0 th=.5 N=3 eps=1,3,9,4.0,0.0,14.75,0.0
cap B0=1 eps=1 Bmax=3,3,9,4.0,4.0,10.333333333333334,0.3870967741935484
cap B0=0 eps=2 Bmax=2,3,9,4.0,0.0,10.0,0.0
cap B0=1 eps=.5 Bmax=1,3,9,4.0,4.0,9.666666666666666,0.4137931034482759
cap+cnt B=1 e=1 th=1 N=2 Bm=4,3,9,4.0,4.0,11.333333333333334,0.3529411764705882
skip N=2 (work channel off),3,9,4.0,4.0,12.0,0.3333333333333333
skip N=5 (work channel off),3,9,4.0,5.0,16.0,0.3125
fixed B=0,1,5,1.0,0.0,1.0,0.0
fixed B=1,1,5,1.0,0.0,2.0,0.0
fixed B=4,1,5,1.0,0.0,5.0,0.0
rel B0=0 eps=.5,1,5,1.0,1.0,4.0,0.3333333333333333
qlen B0=0 gam=1,1,5,1.0,0.0,3.0,0.0
qlen B0=1 gam=.5 eps=.5,1,5,1.0,0.0,8.0,0.0
thresh B=1 th=1 N=2,1,5,1.0,0.0,4.0,0.0
cap B0=1 eps=.5 Bmax=1,1,5,1.0,0.0,2.0,0.0
skip N=2 (work channel off),1,5,1.0,0.0,9.0,0.0
skip N=5 (work channel off),1,5,1.0,0.0,21.0,0.0
fixed B=0,2,5,4.0,0.0,8.0,0.0
fixed B=1,2,5,4.0,0.0,8.5,0.0
fixed B=4,2,5,4.0,0.0,10.0,0.0
rel B0=0 eps=.5,2,5,4.0,0.0,11.0,0.0
rel B0=1 eps=1,2,5,4.0,0.0,18.0,0.0
qlen B0=0 gam=1,2,5,4.0,0.0,9.0,0.0
qlen B0=1 gam=.5 eps=.5,2,5,4.0,0.0,12.333333333333334,0.0
thresh B=1 th=1 N=2,2,5,4.0,0.0,9.5,0.0
thresh B=0 th=.5 N=3 eps=1,2,5,4.0,0.0,18.5,0.0
cap B0=1 eps=1 Bmax=3,2,5,4.0,0.0,9.5,0.0
cap B0=1 eps=.5 Bmax=1,2,5,4.0,0.0,8.5,0.0
cap+cnt B=1 e=1 th=1 N=2 Bm=4,2,5,4.0,0.0,11.0,0.0
skip N=2 (work channel off),2,5,4.0,0.0,12.0,0.0
skip N=5 (work channel off),2,5,4.0,0.0,18.0,0.0
fixed B=0,1,6,4.0,0.0,4.0,0.0
fixed B=1,1,6,4.0,4.0,5.0,0.8
fixed B=4,1,6,4.0,6.0,8.0,0.75
rel B0=0 eps=.5,1,6,4.0,0.0,9.0,0.0
qlen B0=0 gam=1,1,6,4.0,4.0,6.0,0.8
qlen B0=1 gam=.5 eps=.5,1,6,4.0,4.0,13.0,0.36363636363636365
thresh B=1 th=1 N=2,1,6,4.0,4.0,7.0,0.5714285714285714
cap B0=1 eps=.5 Bmax=1,1,6,4.0,4.0,5.0,0.8
skip N=2 (work channel off),1,6,4.0,4.0,12.0,0.3333333333333333
skip N=5 (work channel off),1,6,4.0,6.0,24.0,0.25
fixed B=0,1,7,4.0,0.0,4.0,0.0
fixed B=1,1,7,4.0,1.0,5.0,0.2
fixed B=4,1,7,4.0,2.0,8.0,0.25
rel B0=0 eps=.5,1,7,4.0,2.0,15.0,0.18181818181818182
qlen B0=0 gam=1,1,7,4.0,0.0,9.0,0.0
qlen B0=1 gam=.5 eps=.5,1,7,4.0,2.0,22.0,0.15384615384615385
thresh B=1 th=1 N=2,1,7,4.0,0.0,7.0,0.0
cap B0=1 eps=.5 Bmax=1,1,7,4.0,1.0,5.0,0.2
skip N=2 (work channel off),1,7,4.0,0.0,12.0,0.0
skip N=5 (work channel off),1,7,4.0,2.0,24.0,0.08333333333333333
fixed B=0,2,4,4.0,0.0,8.0,0.0
fixed B=1,2,4,4.0,3.0,8.5,0.35294117647058826
fixed B=4,2,4,4.0,3.0,10.0,0.3
rel B0=0 eps=.5,2,4,4.0,0.0,10.666666666666666,0.0
rel B0=1 eps=1,2,4,4.0,3.0,17.0,0.17647058823529413
qlen B0=0 gam=1,2,4,4.0,0.0,8.5,0.0
qlen B0=1 gam=.5 eps=.5,2,4,4.0,3.0,11.666666666666666,0.2647058823529412
thresh B=1 th=1 N=2,2,4,4.0,3.0,9.5,0.3157894736842105
thresh B=0 th=.5 N=3 eps=1,2,4,4.0,0.0,17.5,0.0
cap B0=1 eps=1 Bmax=3,2,4,4.0,3.0,9.5,0.3157894736842105
cap B0=1 eps=.5 Bmax=1,2,4,4.0,3.0,8.5,0.35294117647058826
cap+cnt B=1 e=1 th=1 N=2 Bm=4,2,4,4.0,3.0,11.0,0.2727272727272727
skip N=2 (work channel off),2,4,4.0,3.0,12.0,0.25
skip N=5 (work channel off),2,4,4.0,3.0,18.0,0.16666666666666666
fixed B=0,3,5,4.0,0.0,9.333333333333334,0.0
fixed B=1,3,5,4.0,0.0,9.666666666666666,0.0
fixed B=4,3,5,4.0,0.0,10.666666666666666,0.0
rel B0=0 eps=.5,3,5,4.0,0.0,11.2,0.0
rel B0=1 eps=1,3,5,4.0,0.0,14.5,0.0
rel B0=0 eps=2,3,5,4.0,0.0,28.0,0.0
qlen B0=0 gam=1,3,5,4.0,0.0,10.333333333333334,0.0
qlen B0=1 gam=.5 eps=.5,3,5,4.0,0.0,12.2,0.0
thresh B=1 th=1 N=2,3,5,4.0,0.0,10.333333333333334,0.0
thresh B=0 th=.5 N=3 eps=1,3,5,4.0,0.0,14.75,0.0
cap B0=1 eps=1 Bmax=3,3,5,4.0,0.0,10.333333333333334,0.0
cap B0=0 eps=2 Bmax=2,3,5,4.0,0.0,10.0,0.0
cap B0=1 eps=.5 Bmax=1,3,5,4.0,0.0,9.666666666666666,0.0
cap+cnt B=1 e=1 th=1 N=2 Bm=4,3,5,4.0,0.0,11.333333333333334,0.0
skip N=2 (work channel off),3,5,4.0,0.0,12.0,0.0
skip N=5 (work channel off),3,5,4.0,0.0,16.0,0.0
fixed B=0,1,6,4.0,0.0,4.0,0.0
fixed B=1,1,6,4.0,4.0,5.0,0.8
fixed B=4,1,6,4.0,4.0,8.0,0.5
rel B0=0 eps=.5,1,6,4.0,4.0,16.0,0.4444444444444444
qlen B0=0 gam=1,1,6,4.0,4.0,8.0,0.6666666666666666
qlen B0=1 gam=.5 eps=.5,1,6,4.0,4.0,22.0,0.3076923076923077
thresh B=1 th=1 N=2,1,6,4.0,4.0,7.0,0.5714285714285714
cap B0=1 eps=.5 Bmax=1,1,6,4.0,4.0,5.0,0.8
skip N=2 (work channel off),1,6,4.0,4.0,12.0,0.3333333333333333
skip N=5 (work channel off),1,6,4.0,4.0,24.0,0.16666666666666666
fixed B=0,2,4,4.0,0.0,8.0,0.0
fixed B=1,2,4,4.0,0.0,8.5,0.0
fixed B=4,2,4,4.0,0.0,10.0,0.0
rel B0=0 eps=.5,2,4,4.0,0.0,11.333333333333334,0.0
rel B0=1 eps=1,2,4,4.0,0.0,19.0,0.0
qlen B0=0 gam=1,2,4,4.0,0.0,8.5,0.0
qlen B0=1 gam=.5 eps=.5,2,4,4.0,0.0,12.0,0.0
thresh B=1 th=1 N=2,2,4,4.0,0.0,9.5,0.0
thresh B=0 th=.5 N=3 eps=1,2,4,4.0,0.0,19.5,0.0
cap B0=1 eps=1 Bmax=3,2,4,4.0,0.0,9.5,0.0
cap B0=1 eps=.5 Bmax=1,2,4,4.0,0.0,8.5,0.0
cap+cnt B=1 e=1 th=1 N=2 Bm=4,2,4,4.0,0.0,11.0,0.0
skip N=2 (work channel off),2,4,4.0,0.0,12.0,0.0
skip N=5 (work channel off),2,4,4.0,0.0,18.0,0.0
fixed B=0,1,8,4.0,0.0,4.0,0.0
fixed B=1,1,8,4.0,1.0,5.0,0.2
fixed B=4,1,8,4.0,1.0,8.0,0.125
rel B0=0 eps=.5,1,8,4.0,1.0,23.0,0.08333333333333333
qlen B0=0 gam=1,1,8,4.0,1.0,10.0,0.2
qlen B0=1 gam=.5 eps=.5,1,8,4.0,1.0,31.0,0.06666666666666667
thresh B=1 th=1 N=2,1,8,4.0,0.0,7.0,0.0
cap B0=1 eps=.5 Bmax=1,1,8,4.0,1.0,5.0,0.2
skip N=2 (work channel off),1,8,4.0,0.0,12.0,0.0
skip N=5 (work channel off),1,8,4.0,1.0,24.0,0.041666666666666664
fixed B=0,3,3,0.0,0.0,0.0,0.0
fixed B=1,3,3,0.0,0.0,0.3333333333333333,0.0
fixed B=4,3,3,0.0,0.0,1.3333333333333333,0.0
rel B0=0 eps=.5,3,3,0.0,0.0,0.0,0.0
rel B0=1 eps=1,3,3,0.0,0.0,0.5,0.0
rel B0=0 eps=2,3,3,0.0,0.0,0.0,0.0
qlen B0=0 gam=1,3,3,0.0,0.0,0.6666666666666666,0.0
qlen B0=1 gam=.5 eps=.5,3,3,0.0,0.0,0.8,0.0
thresh B=1 th=1 N=2,3,3,0.0,0.0,1.0,0.0
thresh B=0 th=.5 N=3 eps=1,3,3,0.0,0.0,0.75,0.0
cap B0=1 eps=1 Bmax=3,3,3,0.0,0.0,0.5,0.0
cap B0=0 eps=2 Bmax=2,3,3,0.0,0.0,0.0,0.0
cap B0=1 eps=.5 Bmax=1,3,3,0.0,0.0,0.3333333333333333,0.0
cap+cnt B=1 e=1 th=1 N=2 Bm=4,3,3,0.0,0.0,1.5,0.0
skip N=2 (work channel off),3,3,0.0,0.0,2.6666666666666665,0.0
skip N=5 (work channel off),3,3,0.0,0.0,6.666666666666667,0.0
fixed B=0,1,3,1.0,0.0,1.0,0.0
fixed B=1,1,3,1.0,0.0,2.0,0.0
fixed B=4,1,3,1.0,0.0,5.0,0.0
rel B0=0 eps=.5,1,3,1.0,0.0,2.0,0.0
qlen B0=0 gam=1,1,3,1.0,0.0,2.0,0.0
qlen B0=1 gam=.5 eps=.5,1,3,1.0,0.0,5.0,0.0
thresh B=1 th=1 N=2,1,3,1.0,0.0,4.0,0.0
cap B0=1 eps=.5 Bmax=1,1,3,1.0,0.0,2.0,0.0
skip N=2 (work channel off),1,3,1.0,0.0,9.0,0.0
skip N=5 (work channel off),1,3,1.0,0.0,21.0,0.0
fixed B=0,2,3,4.0,0.0,8.0,0.0
fixed B=1,2,3,4.0,0.0,8.5,0.0
fixed B=4,2,3,4.0,0.0,10.0,0.0
rel B0=0 eps=.5,2,3,4.0,0.0,10.666666666666666,0.0
rel B0=1 eps=1,2,3,4.0,0.0,17.0,0.0
qlen B0=0 gam=1,2,3,4.0,0.0,8.5,0.0
qlen B0=1 gam=.5 eps=.5,2,3,4.0,0.0,11.666666666666666,0.0
thresh B=1 th=1 N=2,2,3,4.0,0.0,9.5,0.0
thresh B=0 th=.5 N=3 eps=1,2,3,4.0,0.0,17.5,0.0
cap B0=1 eps=1 Bmax=3,2,3,4.0,0.0,9.5,0.0
cap B0=1 eps=.5 Bmax=1,2,3,4.0,0.0,8.5,0.0
cap+cnt B=1 e=1 th=1 N=2 Bm=4,2,3,4.0,0.0,11.0,0.0
skip N=2 (work channel off),2,3,4.0,0.0,12.0,0.0
skip N=5 (work channel off),2,3,4.0,0.0,18.0,0.0
fixed B=0,2,9,4.0,0.0,8.0,0.0
fixed B=1,2,9,4.0,2.0,8.5,0.23529411764705882
fixed B=4,2,9,4.0,2.0,10.0,0.2
rel B0=0 eps=.5,2,9,4.0,1.0,12.0,0.09090909090909091
rel B0=1 eps=1,2,9,4.0,2.0,21.0,0.1111111111111111
qlen B0=0 gam=1,2,9,4.0,2.0,9.5,0.2222222222222222
qlen B0=1 gam=.5 eps=.5,2,9,4.0,2.0,13.666666666666668,0.16216216216216214
thresh B=1 th=1 N=2,2,9,4.0,2.0,9.5,0.21052631578947367
thresh B=0 th=.5 N=3 eps=1,2,9,4.0,1.0,21.5,0.05405405405405406
cap B0=1 eps=1 Bmax=3,2,9,4.0,2.0,9.5,0.21052631578947367
cap B0=1 eps=.5 Bmax=1,2,9,4.0,2.0,8.5,0.23529411764705882
cap+cnt B=1 e=1 th=1 N=2 Bm=4,2,9,4.0,2.0,11.0,0.18181818181818182
skip N=2 (work channel off),2,9,4.0,2.0,12.0,0.16666666666666666
skip N=5 (work channel off),2,9,4.0,2.0,18.0,0.1111111111111111
fixed B=0,2,6,4.0,0.0,8.0,0.0
fixed B=1,2,6,4.0,0.0,8.5,0.0
fixed B=4,2,6,4.0,0.0,10.0,0.0
rel B0=0 eps=.5,2,6,4.0,0.0,11.333333333333334,0.0
rel B0=1 eps=1,2,6,4.0,0.0,19.0,0.0
qlen B0=0 gam=1,2,6,4.0,0.0,9.0,0.0
qlen B0=1 gam=.5 eps=.5,2,6,4.0,0.0,12.666666666666666,0.0
thresh B=1 th=1 N=2,2,6,4.0,0.0,9.5,0.0
thresh B=0 th=.5 N=3 eps=1,2,6,4.0,0.0,19.5,0.0
cap B0=1 eps=1 Bmax=3,2,6,4.0,0.0,9.5,0.0
cap B0=1 eps=.5 Bmax=1,2,6,4.0,0.0,8.5,0.0
cap+cnt B=1 e=1 th=1 N=2 Bm=4,2,6,4.0,0.0,11.0,0.0
skip N=2 (work channel off),2,6,4.0,0.0,12.0,0.0
skip N=5 (work channel off),2,6,4.0,0.0,18.0,0.0
fixed B=0,2,9,4.0,0.0,8.0,0.0
fixed B=1,2,9,4.0,1.0,8.5,0.11764705882352941
fixed B=4,2,9,4.0,1.0,10.0,0.1
rel B0=0 eps=.5,2,9,4.0,1.0,12.0,0.08571428571428572
rel B0=1 eps=1,2,9,4.0,1.0,21.0,0.05
qlen B0=0 gam=1,2,9,4.0,1.0,9.5,0.11764705882352941
qlen B0=1 gam=.5 eps=.5,2,9,4.0,1.0,13.333333333333332,0.07894736842105264
thresh B=1 th=1 N=2,2,9,4.0,1.0,9.5,0.10526315789473684
thresh B=0 th=.5 N=3 eps=1,2,9,4.0,1.0,21.5,0.04878048780487805
cap B0=1 eps=1 Bmax=3,2,9,4.0,1.0,9.5,0.10526315789473684
cap B0=1 eps=.5 Bmax=1,2,9,4.0,1.0,8.5,0.11764705882352941
cap+cnt B=1 e=1 th=1 N=2 Bm=4,2,9,4.0,1.0,11.0,0.09090909090909091
skip N=2 (work channel off),2,9,4.0,1.0,12.0,0.08333333333333333
skip N=5 (work channel off),2,9,4.0,1.0,18.0,0.05555555555555555
fixed B=0,1,5,1.0,0.0,1.0,0.0
fixed B=1,1,5,1.0,0.0,2.0,0.0
fixed B=4,1,5,1.0,0.0,5.0,0.0
rel B0=0 eps=.5,1,5,1.0,0.0,3.0,0.0
qlen B0=0 gam=1,1,5,1.0,0.0,3.0,0.0
qlen B0=1 gam=.5 eps=.5,1,5,1.0,0.0,7.0,0.0
thresh B=1 th=1 N=2,1,5,1.0,0.0,4.0,0.0
cap B0=1 eps=.5 Bmax=1,1,5,1.0,0.0,2.0,0.0
skip N=2 (work channel off),1,5,1.0,0.0,9.0,0.0
skip N=5 (work channel off),1,5,1.0,0.0,21.0,0.0
fixed B=0,1,7,4.0,0.0,4.0,0.0
fixed B=1,1,7,4.0,0.0,5.0,0.0
fixed B=4,1,7,4.0,0.0,8.0,0.0
rel B0=0 eps=.5,1,7,4.0,4.0,15.0,0.4444444444444444
qlen B0=0 gam=1,1,7,4.0,0.0,7.0,0.0
qlen B0=1 gam=.5 eps=.5,1,7,4.0,0.0,19.0,0.0
thresh B=1 th=1 N=2,1,7,4.0,0.0,7.0,0.0
cap B0=1 eps=.5 Bmax=1,1,7,4.0,0.0,5.0,0.0
skip N=2 (work channel off),1,7,4.0,0.0,12.0,0.0
skip N=5 (work channel off),1,7,4.0,0.0,24.0,0.0
fixed B=0,1,2,4.0,0.0,4.0,0.0
fixed B=1,1,2,4.0,0.0,5.0,0.0
fixed B=4,1,2,4.0,0.0,8.0,0.0
rel B0=0 eps=.5,1,2,4.0,0.0,10.0,0.0
qlen B0=0 gam=1,1,2,4.0,0.0,4.0,0.0
qlen B0=1 gam=.5 eps=.5,1,2,4.0,0.0,12.0,0.0
thresh B=1 th=1 N=2,1,2,4.0,0.0,7.0,0.0
cap B0=1 eps=.5 Bmax=1,1,2,4.0,0.0,5.0,0.0
skip N=2 (work channel off),1,2,4.0,0.0,12.0,0.0
skip N=5 (work channel off),1,2,4.0,0.0,24.0,0.0
fixed B=0,1,2,1.0,0.0,1.0,0.0
fixed B=1,1,2,1.0,0.0,2.0,0.0
fixed B=4,1,2,1.0,0.0,5.0,0.0
rel B0=0 eps=.5,1,2,1.0,0.0,2.0,0.0
qlen B0=0 gam=1,1,2,1.0,0.0,1.0,0.0
qlen B0=1 gam=.5 eps=.5,1,2,1.0,0.0,4.0,0.0
thresh B=1 th=1 N=2,1,2,1.0,0.0,4.0,0.0
cap B0=1 eps=.5 Bmax=1,1,2,1.0,0.0,2.0,0.0
skip N=2 (work channel off),1,2,1.0,0.0,9.0,0.0
skip N=5 (work channel off),1,2,1.0,0.0,21.0,0.0
fixed B=0,2,6,4.0,0.0,8.0,0.0
fixed B=1,2,6,4.0,0.0,8.5,0.0
fixed B=4,2,6,4.0,0.0,10.0,0.0
rel B0=0 eps=.5,2,6,4.0,0.0,11.0,0.0
rel B0=1 eps=1,2,6,4.0,0.0,18.0,0.0
qlen B0=0 gam=1,2,6,4.0,0.0,9.0,0.0
qlen B0=1 gam=.5 eps=.5,2,6,4.0,0.0,12.0,0.0
thresh B=1 th=1 N=2,2,6,4.0,0.0,9.5,0.0
thresh B=0 th=.5 N=3 eps=1,2,6,4.0,0.0,18.5,0.0
cap B0=1 eps=1 Bmax=3,2,6,4.0,0.0,9.5,0.0
cap B0=1 eps=.5 Bmax=1,2,6,4.0,0.0,8.5,0.0
cap+cnt B=1 e=1 th=1 N=2 Bm=4,2,6,4.0,0.0,11.0,0.0
skip N=2 (work channel off),2,6,4.0,0.0,12.0,0.0
skip N=5 (work channel off),2,6,4.0,0.0,18.0,0.0
fixed B=0,1,6,4.0,0.0,4.0,0.0
fixed B=1,1,6,4.0,0.0,5.0,0.0
fixed B=4,1,6,4.0,0.0,8.0,0.0
rel B0=0 eps=.5,1,6,4.0,0.0,12.0,0.0
qlen B0=0 gam=1,1,6,4.0,0.0,6.0,0.0
qlen B0=1 gam=.5 eps=.5,1,6,4.0,0.0,15.0,0.0
thresh B=1 th=1 N=2,1,6,4.0,0.0,7.0,0.0
cap B0=1 eps=.5 Bmax=1,1,6,4.0,0.0,5.0,0.0
skip N=2 (work channel off),1,6,4.0,0.0,12.0,0.0
skip N=5 (work channel off),1,6,4.0,0.0,24.0,0.0
fixed B=0,3,3,4.0,0.0,9.333333333333334,0.0
fixed B=1,3,3,4.0,0.0,9.666666666666666,0.0
fixed B=4,3,3,4.0,0.0,10.666666666666666,0.0
rel B0=0 eps=.5,3,3,4.0,0.0,11.2,0.0
rel B0=1 eps=1,3,3,4.0,0.0,14.5,0.0
rel B0=0 eps=2,3,3,4.0,0.0,28.0,0.0
qlen B0=0 gam=1,3,3,4.0,0.0,9.333333333333334,0.0
qlen B0=1 gam=.5 eps=.5,3,3,4.0,0.0,11.6,0.0
thresh B=1 th=1 N=2,3,3,4.0,0.0,10.333333333333334,0.0
thresh B=0 th=.5 N=3 eps=1,3,3,4.0,0.0,14.75,0.0
cap B0=1 eps=1 Bmax=3,3,3,4.0,0.0,10.333333333333334,0.0
cap B0=0 eps=2 Bmax=2,3,3,4.0,0.0,10.0,0.0
cap B0=1 eps=.5 Bmax=1,3,3,4.0,0.0,9.666666666666666,0.0
cap+cnt B=1 e=1 th=1 N=2 Bm=4,3,3,4.0,0.0,11.333333333333334,0.0
skip N=2 (work channel off),3,3,4.0,0.0,12.0,0.0
skip N=5 (work channel off),3,3,4.0,0.0,16.0,0.0
fixed B=0,1,3,4.0,0.0,4.0,0.0
fixed B=1,1,3,4.0,0.0,5.0,0.0
fixed B=4,1,3,4.0,0.0,8.0,0.0
rel B0=0 eps=.5,1,3,4.0,0.0,15.0,0.0
qlen B0=0 gam=1,1,3,4.0,0.0,5.0,0.0
qlen B0=1 gam=.5 eps=.5,1,3,4.0,0.0,18.0,0.0
thresh B=1 th=1 N=2,1,3,4.0,0.0,7.0,0.0
cap B0=1 eps=.5 Bmax=1,1,3,4.0,0.0,5.0,0.0
skip N=2 (work channel off),1,3,4.0,0.0,12.0,0.0
skip N=5 (work channel off),1,3,4.0,0.0,24.0,0.0
fixed B=0,2,2,1.0,0.0,2.0,0.0
fixed B=1,2,2,1.0,0.0,2.5,0.0
fixed B=4,2,2,1.0,0.0,4.0,0.0
rel B0=0 eps=.5,2,2,1.0,0.0,2.6666666666666665,0.0
rel B0=1 eps=1,2,2,1.0,0.0,5.0,0.0
qlen B0=0 gam=1,2,2,1.0,0.0,2.0,0.0
qlen B0=1 gam=.5 eps=.5,2,2,1.0,0.0,3.3333333333333335,0.0
thresh B=1 th=1 N=2,2,2,1.0,0.0,3.5,0.0
thresh B=0 th=.5 N=3 eps=1,2,2,1.0,0.0,5.5,0.0
cap B0=1 eps=1 Bmax=3,2,2,1.0,0.0,3.5,0.0
cap B0=1 eps=.5 Bmax=1,2,2,1.0,0.0,2.5,0.0
cap+cnt B=1 e=1 th=1 N=2 Bm=4,2,2,1.0,0.0,5.0,0.0
skip N=2 (work channel off),2,2,1.0,0.0,6.0,0.0
skip N=5 (work channel off),2,2,1.0,0.0,12.0,0.0
fixed B=0,3,2,1.0,0.0,2.3333333333333335,0.0
fixed B=1,3,2,1.0,0.0,2.6666666666666665,0.0
fixed B=4,3,2,1.0,0.0,3.6666666666666665,0.0
rel B0=0 eps=.5,3,2,1.0,0.0,2.8,0.0
rel B0=1 eps=1,3,2,1.0,0.0,4.0,0.0
rel B0=0 eps=2,3,2,1.0,0.0,7.0,0.0
qlen B0=0 gam=1,3,2,1.0,0.0,2.6666666666666665,0.0
qlen B0=1 gam=.5 eps=.5,3,2,1.0,0.0,3.4,0.0
thresh B=1 th=1 N=2,3,2,1.0,0.0,3.3333333333333335,0.0
thresh B=0 th=.5 N=3 eps=1,3,2,1.0,0.0,4.25,0.0
cap B0=1 eps=1 Bmax=3,3,2,1.0,0.0,3.3333333333333335,0.0
cap B0=0 eps=2 Bmax=2,3,2,1.0,0.0,3.0,0.0
cap B0=1 eps=.5 Bmax=1,3,2,1.0,0.0,2.6666666666666665,0.0
cap+cnt B=1 e=1 th=1 N=2 Bm=4,3,2,1.0,0.0,4.333333333333333,0.0
skip N=2 (work channel off),3,2,1.0,0.0,5.0,0.0
skip N=5 (work channel off),3,2,1.0,0.0,9.0,0.0
fixed B=0,2,6,4.0,0.0,8.0,0.0
fixed B=1,2,6,4.0,1.0,8.5,0.11764705882352941
fixed B=4,2,6,4.0,1.0,10.0,0.1
rel B0=0 eps=.5,2,6,4.0,0.0,11.0,0.0
rel B0=1 eps=1,2,6,4.0,1.0,18.0,0.058823529411764705
qlen B0=0 gam=1,2,6,4.0,0.0,9.0,0.0
qlen B0=1 gam=.5 eps=.5,2,6,4.0,1.0,12.333333333333334,0.08823529411764705
thresh B=1 th=1 N=2,2,6,4.0,1.0,9.5,0.10526315789473684
thresh B=0 th=.5 N=3 eps=1,2,6,4.0,0.0,18.5,0.0
cap B0=1 eps=1 Bmax=3,2,6,4.0,1.0,9.5,0.10526315789473684
cap B0=1 eps=.5 Bmax=1,2,6,4.0,1.0,8.5,0.11764705882352941
cap+cnt B=1 e=1 th=1 N=2 Bm=4,2,6,4.0,1.0,11.0,0.09090909090909091
skip N=2 (work channel off),2,6,4.0,1.0,12.0,0.08333333333333333
skip N=5 (work channel off),2,6,4.0,1.0,18.0,0.05555555555555555
fixed B=0,3,8,4.0,0.0,9.333333333333334,0.0
fixed B=1,3,8,4.0,1.0,9.666666666666666,0.10344827586206898
fixed B=4,3,8,4.0,2.0,10.666666666666666,0.1875
rel B0=0 eps=.5,3,8,4.0,1.0,11.4,0.08771929824561403
rel B0=1 eps=1,3,8,4.0,2.0,15.0,0.13333333333333333
rel B0=0 eps=2,3,8,4.0,2.0,30.0,0.06666666666666667
qlen B0=0 gam=1,3,8,4.0,2.0,10.333333333333334,0.1935483870967742
qlen B0=1 gam=.5 eps=.5,3,8,4.0,2.0,12.4,0.16129032258064516
thresh B=1 th=1 N=2,3,8,4.0,1.0,10.333333333333334,0.0967741935483871
thresh B=0 th=.5 N=3 eps=1,3,8,4.0,1.0,15.25,0.06557377049180328
cap B0=1 eps=1 Bmax=3,3,8,4.0,2.0,10.333333333333334,0.1935483870967742
cap B0=0 eps=2 Bmax=2,3,8,4.0,1.0,10.0,0.1
cap B0=1 eps=.5 Bmax=1,3,8,4.0,1.0,9.666666666666666,0.10344827586206898
cap+cnt B=1 e=1 th=1 N=2 Bm=4,3,8,4.0,1.0,11.333333333333334,0.08823529411764705
skip N=2 (work channel off),3,8,4.0,1.0,12.0,0.08333333333333333
skip N=5 (work channel off),3,8,4.0,2.0,16.0,0.125
fixed B=0,1,9,4.0,0.0,4.0,0.0
fixed B=1,1,9,4.0,4.0,5.0,0.8
fixed B=4,1,9,4.0,4.0,8.0,0.5
rel B0=0 eps=.5,1,9,4.0,6.0,21.0,0.35294117647058826
qlen B0=0 gam=1,1,9,4.0,4.0,10.0,0.5714285714285714
qlen B0=1 gam=.5 eps=.5,1,9,4.0,6.0,30.0,0.4
thresh B=1 th=1 N=2,1,9,4.0,4.0,7.0,0.5714285714285714
cap B0=1 eps=.5 Bmax=1,1,9,4.0,4.0,5.0,0.8
skip N=2 (work channel off),1,9,4.0,8.0,12.0,0.6666666666666666
skip N=5 (work channel off),1,9,4.0,12.0,24.0,0.5
fixed B=0,1,2,1.0,0.0,1.0,0.0
fixed B=1,1,2,1.0,0.0,2.0,0.0
fixed B=4,1,2,1.0,0.0,5.0,0.0
rel B0=0 eps=.5,1,2,1.0,0.0,2.0,0.0
qlen B0=0 gam=1,1,2,1.0,0.0,1.0,0.0
qlen B0=1 gam=.5 eps=.5,1,2,1.0,0.0,4.0,0.0
thresh B=1 th=1 N=2,1,2,1.0,0.0,4.0,0.0
cap B0=1 eps=.5 Bmax=1,1,2,1.0,0.0,2.0,0.0
skip N=2 (work channel off),1,2,1.0,0.0,9.0,0.0
skip N=5 (work channel off),1,2,1.0,0.0,21.0,0.0
fixed B=0,1,4,4.0,0.0,4.0,0.0
fixed B=1,1,4,4.0,0.0,5.0,0.0
fixed B=4,1,4,4.0,0.0,8.0,0.0
rel B0=0 eps=.5,1,4,4.0,0.0,14.0,0.0
qlen B0=0 gam=1,1,4,4.0,0.0,6.0,0.0
qlen B0=1 gam=.5 eps=.5,1,4,4.0,0.0,17.0,0.0
thresh B=1 th=1 N=2,1,4,4.0,0.0,7.0,0.0
cap B0=1 eps=.5 Bmax=1,1,4,4.0,0.0,5.0,0.0
skip N=2 (work channel off),1,4,4.0,0.0,12.0,0.0
skip N=5 (work channel off),1,4,4.0,0.0,24.0,0.0
fixed B=0,1,4,4.0,0.0,4.0,0.0
fixed B=1,1,4,4.0,1.0,5.0,0.2
fixed B=4,1,4,4.0,1.0,8.0,0.125
rel B0=0 eps=.5,1,4,4.0,0.0,15.0,0.0
qlen B0=0 gam=1,1,4,4.0,0.0,6.0,0.0
qlen B0=1 gam=.5 eps=.5,1,4,4.0,1.0,18.0,0.1
thresh B=1 th=1 N=2,1,4,4.0,1.0,7.0,0.14285714285714285
cap B0=1 eps=.5 Bmax=1,1,4,4.0,1.0,5.0,0.2
skip N=2 (work channel off),1,4,4.0,1.0,12.0,0.08333333333333333
skip N=5 (work channel off),1,4,4.0,1.0,24.0,0.041666666666666664
fixed B=0,1,9,4.0,0.0,4.0,0.0
fixed B=1,1,9,4.0,0.0,5.0,0.0
fixed B=4,1,9,4.0,0.0,8.0,0.0
rel B0=0 eps=.5,1,9,4.0,0.0,23.0,0.0
qlen B0=0 gam=1,1,9,4.0,0.0,11.0,0.0
qlen B0=1 gam=.5 eps=.5,1,9,4.0,0.0,32.0,0.0
thresh B=1 th=1 N=2,1,9,4.0,0.0,7.0,0.0
cap B0=1 eps=.5 Bmax=1,1,9,4.0,0.0,5.0,0.0
skip N=2 (work channel off),1,9,4.0,0.0,12.0,0.0
skip N=5 (work channel off),1,9,4.0,0.0,24.0,0.0
fixed B=0,2,3,1.0,0.0,2.0,0.0
fixed B=1,2,3,1.0,0.0,2.5,0.0
fixed B=4,2,3,1.0,0.0,4.0,0.0
rel B0=0 eps=.5,2,3,1.0,0.0,2.6666666666666665,0.0
rel B0=1 eps=1,2,3,1.0,0.0,5.0,0.0
qlen B0=0 gam=1,2,3,1.0,0.0,2.5,0.0
qlen B0=1 gam=.5 eps=.5,2,3,1.0,0.0,3.6666666666666665,0.0
thresh B=1 th=1 N=2,2,3,1.0,0.0,3.5,0.0
thresh B=0 th=.5 N=3 eps=1,2,3,1.0,0.0,5.5,0.0
cap B0=1 eps=1 Bmax=3,2,3,1.0,0.0,3.5,0.0
cap B0=1 eps=.5 Bmax=1,2,3,1.0,0.0,2.5,0.0
cap+cnt B=1 e=1 th=1 N=2 Bm=4,2,3,1.0,0.0,5.0,0.0
skip N=2 (work channel off),2,3,1.0,0.0,6.0,0.0
skip N=5 (work channel off),2,3,1.0,0.0,12.0,0.0
fixed B=0,3,8,4.0,0.0,9.333333333333334,0.0
fixed B=1,3,8,4.0,4.0,9.666666666666666,0.4137931034482759
fixed B=4,3,8,4.0,4.0,10.666666666666666,0.375
rel B0=0 eps=.5,3,8,4.0,0.0,11.8,0.0
rel B0=1 eps=1,3,8,4.0,4.0,16.0,0.27586206896551724
rel B0=0 eps=2,3,8,4.0,0.0,34.0,0.0
qlen B0=0 gam=1,3,8,4.0,4.0,10.333333333333334,0.4
qlen B0=1 gam=.5 eps=.5,3,8,4.0,4.0,12.4,0.3333333333333333
thresh B=1 th=1 N=2,3,8,4.0,4.0,10.333333333333334,0.3870967741935484
thresh B=0 th=.5 N=3 eps=1,3,8,4.0,0.0,16.25,0.0
cap B0=1 eps=1 Bmax=3,3,8,4.0,4.0,10.333333333333334,0.3870967741935484
cap B0=0 eps=2 Bmax=2,3,8,4.0,0.0,10.0,0.0
cap B0=1 eps=.5 Bmax=1,3,8,4.0,4.0,9.666666666666666,0.4137931034482759
cap+cnt B=1 e=1 th=1 N=2 Bm=4,3,8,4.0,4.0,11.333333333333334,0.3529411764705882
skip N=2 (work channel off),3,8,4.0,4.0,12.0,0.3333333333333333
skip N=5 (work channel off),3,8,4.0,4.0,16.0,0.25
fixed B=0,3,5,1.0,0.0,2.3333333333333335,0.0
fixed B=1,3,5,1.0,0.0,2.6666666666666665,0.0
fixed B=4,3,5,1.0,0.0,3.6666666666666665,0.0
rel B0=0 eps=.5,3,5,1.0,0.0,2.8,0.0
rel B0=1 eps=1,3,5,1.0,0.0,4.0,0.0
rel B0=0 eps=2,3,5,1.0,0.0,7.0,0.0
qlen B0=0 gam=1,3,5,1.0,0.0,2.6666666666666665,0.0
qlen B0=1 gam=.5 eps=.5,3,5,1.0,0.0,3.4,0.0
thresh B=1 th=1 N=2,3,5,1.0,0.0,3.3333333333333335,0.0
thresh B=0 th=.5 N=3 eps=1,3,5,1.0,0.0,4.25,0.0
cap B0=1 eps=1 Bmax=3,3,5,1.0,0.0,3.3333333333333335,0.0
cap B0=0 eps=2 Bmax=2,3,5,1.0,0.0,3.0,0.0
cap B0=1 eps=.5 Bmax=1,3,5,1.0,0.0,2.6666666666666665,0.0
cap+cnt B=1 e=1 th=1 N=2 Bm=4,3,5,1.0,0.0,4.333333333333333,0.0
skip N=2 (work channel off),3,5,1.0,0.0,5.0,0.0
skip N=5 (work channel off),3,5,1.0,0.0,9.0,0.0
fixed B=0,2,9,4.0,0.0,8.0,0.0
fixed B=1,2,9,4.0,0.0,8.5,0.0
fixed B=4,2,9,4.0,0.0,10.0,0.0
rel B0=0 eps=.5,2,9,4.0,0.0,12.333333333333332,0.0
rel B0=1 eps=1,2,9,4.0,0.0,22.0,0.0
qlen B0=0 gam=1,2,9,4.0,0.0,10.0,0.0
qlen B0=1 gam=.5 eps=.5,2,9,4.0,0.0,14.333333333333332,0.0
thresh B=1 th=1 N=2,2,9,4.0,0.0,9.5,0.0
thresh B=0 th=.5 N=3 eps=1,2,9,4.0,0.0,22.5,0.0
cap B0=1 eps=1 Bmax=3,2,9,4.0,0.0,9.5,0.0
cap B0=1 eps=.5 Bmax=1,2,9,4.0,0.0,8.5,0.0
cap+cnt B=1 e=1 th=1 N=2 Bm=4,2,9,4.0,0.0,11.0,0.0
skip N=2 (work channel off),2,9,4.0,0.0,12.0,0.0
skip N=5 (work channel off),2,9,4.0,0.0,18.0,0.0
fixed B=0,3,2,1.0,0.0,2.3333333333333335,0.0
fixed B=1,3,2,1.0,0.0,2.6666666666666665,0.0
fixed B=4,3,2,1.0,0.0,3.6666666666666665,0.0
rel B0=0 eps=.5,3,2,1.0,0.0,2.8,0.0
rel B0=1 eps=1,3,2,1.0,0.0,4.0,0.0
rel B0=0 eps=2,3,2,1.0,0.0,7.0,0.0
qlen B0=0 gam=1,3,2,1.0,0.0,2.6666666666666665,0.0
qlen B0=1 gam=.5 eps=.5,3,2,1.0,0.0,3.4,0.0
thresh B=1 th=1 N=2,3,2,1.0,0.0,3.3333333333333335,0.0
thresh B=0 th=.5 N=3 eps=1,3,2,1.0,0.0,4.25,0.0
cap B0=1 eps=1 Bmax=3,3,2,1.0,0.0,3.3333333333333335,0.0
cap B0=0 eps=2 Bmax=2,3,2,1.0,0.0,3.0,0.0
cap B0=1 eps=.5 Bmax=1,3,2,1.0,0.0,2.6666666666666665,0.0
cap+cnt B=1 e=1 th=1 N=2 Bm=4,3,2,1.0,0.0,4.333333333333333,0.0
skip N=2 (work channel off),3,2,1.0,0.0,5.0,0.0
skip N=5 (work channel off),3,2,1.0,0.0,9.0,0.0
fixed B=0,2,9,4.0,0.0,8.0,0.0
fixed B=1,2,9,4.0,4.0,8.5,0.47058823529411764
fixed B=4,2,9,4.0,4.0,10.0,0.4
rel B0=0 eps=.5,2,9,4.0,0.0,12.0,0.0
rel B0=1 eps=1,2,9,4.0,4.0,21.0,0.23529411764705882
qlen B0=0 gam=1,2,9,4.0,4.0,10.0,0.47058823529411764
qlen B0=1 gam=.5 eps=.5,2,9,4.0,4.0,14.0,0.34285714285714286
thresh B=1 th=1 N=2,2,9,4.0,4.0,9.5,0.42105263157894735
thresh B=0 th=.5 N=3 eps=1,2,9,4.0,0.0,21.5,0.0
cap B0=1 eps=1 Bmax=3,2,9,4.0,4.0,9.5,0.42105263157894735
cap B0=1 eps=.5 Bmax=1,2,9,4.0,4.0,8.5,0.47058823529411764
cap+cnt B=1 e=1 th=1 N=2 Bm=4,2,9,4.0,4.0,11.0,0.36363636363636365
skip N=2 (work channel off),2,9,4.0,4.0,12.0,0.3333333333333333
skip N=5 (work channel off),2,9,4.0,4.0,18.0,0.2222222222222222
fixed B=0,3,2,4.0,0.0,9.333333333333334,0.0
fixed B=1,3,2,4.0,0.0,9.666666666666666,0.0
fixed B=4,3,2,4.0,0.0,10.666666666666666,0.0
rel B0=0 eps=.5,3,2,4.0,0.0,11.2,0.0
rel B0=1 eps=1,3,2,4.0,0.0,14.5,0.0
rel B0=0 eps=2,3,2,4.0,0.0,28.0,0.0
qlen B0=0 gam=1,3,2,4.0,0.0,9.666666666666666,0.0
qlen B0=1 gam=.5 eps=.5,3,2,4.0,0.0,11.8,0.0
thresh B=1 th=1 N=2,3,2,4.0,0.0,10.333333333333334,0.0
thresh B=0 th=.5 N=3 eps=1,3,2,4.0,0.0,14.75,0.0
cap B0=1 eps=1 Bmax=3,3,2,4.0,0.0,10.333333333333334,0.0
cap B0=0 eps=2 Bmax=2,3,2,4.0,0.0,10.0,0.0
cap B0=1 eps=.5 Bmax=1,3,2,4.0,0.0,9.666666666666666,0.0
cap+cnt B=1 e=1 th=1 N=2 Bm=4,3,2,4.0,0.0,11.333333333333334,0.0
skip N=2 (work channel off),3,2,4.0,0.0,12.0,0.0
skip N=5 (work channel off),3,2,4.0,0.0,16.0,0.0
fixed B=0,3,3,4.0,0.0,9.333333333333334,0.0
fixed B=1,3,3,4.0,0.0,9.666666666666666,0.0
fixed B=4,3,3,4.0,0.0,10.666666666666666,0.0
rel B0=0 eps=.5,3,3,4.0,0.0,11.2,0.0
rel B0=1 eps=1,3,3,4.0,0.0,14.5,0.0
rel B0=0 eps=2,3,3,4.0,0.0,28.0,0.0
qlen B0=0 gam=1,3,3,4.0,0.0,9.666666666666666,0.0
qlen B0=1 gam=.5 eps=.5,3,3,4.0,0.0,11.8,0.0
thresh B=1 th=1 N=2,3,3,4.0,0.0,10.333333333333334,0.0
thresh B=0 th=.5 N=3 eps=1,3,3,4.0,0.0,14.75,0.0
cap B0=1 eps=1 Bmax=3,3,3,4.0,0.0,10.333333333333334,0.0
cap B0=0 eps=2 Bmax=2,3,3,4.0,0.0,10.0,0.0
cap B0=1 eps=.5 Bmax=1,3,3,4.0,0.0,9.666666666666666,0.0
cap+cnt B=1 e=1 th=1 N=2 Bm=4,3,3,4.0,0.0,11.333333333333334,0.0
skip N=2 (work channel off),3,3,4.0,0.0,12.0,0.0
skip N=5 (work channel off),3,3,4.0,0.0,16.0,0.0
fixed B=0,1,3,4.0,0.0,4.0,0.0
fixed B=1,1,3,4.0,4.0,5.0,0.8
fixed B=4,1,3,4.0,4.0,8.0,0.5
rel B0=0 eps=.5,1,3,4.0,0.0,10.0,0.0
qlen B0=0 gam=1,1,3,4.0,0.0,5.0,0.0
qlen B0=1 gam=.5 eps=.5,1,3,4.0,4.0,13.0,0.4
thresh B=1 th=1 N=2,1,3,4.0,4.0,7.0,0.5714285714285714
cap B0=1 eps=.5 Bmax=1,1,3,4.0,4.0,5.0,0.8
skip N=2 (work channel off),1,3,4.0,4.0,12.0,0.3333333333333333
skip N=5 (work channel off),1,3,4.0,4.0,24.0,0.16666666666666666
fixed B=0,3,4,4.0,0.0,9.333333333333334,0.0
fixed B=1,3,4,4.0,0.0,9.666666666666666,0.0
fixed B=4,3,4,4.0,0.0,10.666666666666666,0.0
rel B0=0 eps=.5,3,4,4.0,0.0,11.2,0.0
rel B0=1 eps=1,3,4,4.0,0.0,14.5,0.0
rel B0=0 eps=2,3,4,4.0,0.0,28.0,0.0
qlen B0=0 gam=1,3,4,4.0,0.0,9.666666666666666,0.0
qlen B0=1 gam=.5 eps=.5,3,4,4.0,0.0,11.8,0.0
thresh B=1 th=1 N=2,3,4,4.0,0.0,10.333333333333334,0.0
thresh B=0 th=.5 N=3 eps=1,3,4,4.0,0.0,14.75,0.0
cap B0=1 eps=1 Bmax=3,3,4,4.0,0.0,10.333333333333334,0.0
cap B0=0 eps=2 Bmax=2,3,4,4.0,0.0,10.0,0.0
cap B0=1 eps=.5 Bmax=1,3,4,4.0,0.0,9.666666666666666,0.0
cap+cnt B=1 e=1 th=1 N=2 Bm=4,3,4,4.0,0.0,11.333333333333334,0.0
skip N=2 (work channel off),3,4,4.0,0.0,12.0,0.0
skip N=5 (work channel off),3,4,4.0,0.0,16.0,0.0
fixed B=0,2,7,4.0,0.0,8.0,0.0
fixed B=1,2,7,4.0,1.0,8.5,0.11764705882352941
fixed B=4,2,7,4.0,1.0,10.0,0.1
rel B0=0 eps=.5,2,7,4.0,0.0,11.0,0.0
rel B0=1 eps=1,2,7,4.0,1.0,18.0,0.058823529411764705
qlen B0=0 gam=1,2,7,4.0,0.0,9.5,0.0
qlen B0=1 gam=.5 eps=.5,2,7,4.0,1.0,12.666666666666666,0.08823529411764705
thresh B=1 th=1 N=2,2,7,4.0,1.0,9.5,0.10526315789473684
thresh B=0 th=.5 N=3 eps=1,2,7,4.0,0.0,18.5,0.0
cap B0=1 eps=1 Bmax=3,2,7,4.0,1.0,9.5,0.10526315789473684
cap B0=1 eps=.5 Bmax=1,2,7,4.0,1.0,8.5,0.11764705882352941
cap+cnt B=1 e=1 th=1 N=2 Bm=4,2,7,4.0,1.0,11.0,0.09090909090909091
skip N=2 (work channel off),2,7,4.0,1.0,12.0,0.08333333333333333
skip N=5 (work channel off),2,7,4.0,1.0,18.0,0.05555555555555555
fixed B=0,2,5,4.0,0.0,8.0,0.0
fixed B=1,2,5,4.0,0.0,8.5,0.0
fixed B=4,2,5,4.0,0.0,10.0,0.0
rel B0=0 eps=.5,2,5,4.0,0.0,11.333333333333334,0.0
rel B0=1 eps=1,2,5,4.0,0.0,19.0,0.0
qlen B0=0 gam=1,2,5,4.0,0.0,8.5,0.0
qlen B0=1 gam=.5 eps=.5,2,5,4.0,0.0,12.0,0.0
thresh B=1 th=1 N=2,2,5,4.0,0.0,9.5,0.0
thresh B=0 th=.5 N=3 eps=1,2,5,4.0,0.0,19.5,0.0
cap B0=1 eps=1 Bmax=3,2,5,4.0,0.0,9.5,0.0
cap B0=1 eps=.5 Bmax=1,2,5,4.0,0.0,8.5,0.0
cap+cnt B=1 e=1 th=1 N=2 Bm=4,2,5,4.0,0.0,11.0,0.0
skip N=2 (work channel off),2,5,4.0,0.0,12.0,0.0
skip N=5 (work channel off),2,5,4.0,0.0,18.0,0.0
fixed B=0,1,2,4.0,0.0,4.0,0.0
fixed B=1,1,2,4.0,0.0,5.0,0.0
fixed B=4,1,2,4.0,0.0,8.0,0.0
rel B0=0 eps=.5,1,2,4.0,0.0,10.0,0.0
qlen B0=0 gam=1,1,2,4.0,0.0,4.0,0.0
qlen B0=1 gam=.5 eps=.5,1,2,4.0,0.0,12.0,0.0
thresh B=1 th=1 N=2,1,2,4.0,0.0,7.0,0.0
cap B0=1 eps=.5 Bmax=1,1,2,4.0,0.0,5.0,0.0
skip N=2 (work channel off),1,2,4.0,0.0,12.0,0.0
skip N=5 (work channel off),1,2,4.0,0.0,24.0,0.0
fixed B=0,2,3,4.0,0.0,8.0,0.0
fixed B=1,2,3,4.0,0.0,8.5,0.0
fixed B=4,2,3,4.0,0.0,10.0,0.0
rel B0=0 eps=.5,2,3,4.0,0.0,10.666666666666666,0.0
rel B0=1 eps=1,2,3,4.0,0.0,17.0,0.0
qlen B0=0 gam=1,2,3,4.0,0.0,8.0,0.0
qlen B0=1 gam=.5 eps=.5,2,3,4.0,0.0,11.333333333333334,0.0
thresh B=1 th=1 N=2,2,3,4.0,0.0,9.5,0.0
thresh B=0 th=.5 N=3 eps=1,2,3,4.0,0.0,17.5,0.0
cap B0=1 eps=1 Bmax=3,2,3,4.0,0.0,9.5,0.0
cap B0=1 eps=.5 Bmax=1,2,3,4.0,0.0,8.5,0.0
cap+cnt B=1 e=1 th=1 N=2 Bm=4,2,3,4.0,0.0,11.0,0.0
skip N=2 (work channel off),2,3,4.0,0.0,12.0,0.0
skip N=5 (work channel off),2,3,4.0,0.0,18.0,0.0
fixed B=0,3,2,4.0,0.0,9.333333333333334,0.0
fixed B=1,3,2,4.0,0.0,9.666666666666666,0.0
fixed B=4,3,2,4.0,0.0,10.666666666666666,0.0
rel B0=0 eps=.5,3,2,4.0,0.0,11.2,0.0
rel B0=1 eps=1,3,2,4.0,0.0,14.5,0.0
rel B0=0 eps=2,3,2,4.0,0.0,28.0,0.0
qlen B0=0 gam=1,3,2,4.0,0.0,9.333333333333334,0.0
qlen B0=1 gam=.5 eps=.5,3,2,4.0,0.0,11.6,0.0
thresh B=1 th=1 N=2,3,2,4.0,0.0,10.333333333333334,0.0
thresh B=0 th=.5 N=3 eps=1,3,2,4.0,0.0,14.75,0.0
cap B0=1 eps=1 Bmax=3,3,2,4.0,0.0,10.333333333333334,0.0
cap B0=0 eps=2 Bmax=2,3,2,4.0,0.0,10.0,0.0
cap B0=1 eps=.5 Bmax=1,3,2,4.0,0.0,9.666666666666666,0.0
cap+cnt B=1 e=1 th=1 N=2 Bm=4,3,2,4.0,0.0,11.333333333333334,0.0
skip N=2 (work channel off),3,2,4.0,0.0,12.0,0.0
skip N=5 (work channel off),3,2,4.0,0.0,16.0,0.0
fixed B=0,2,7,4.0,0.0,8.0,0.0
fixed B=1,2,7,4.0,0.0,8.5,0.0
fixed B=4,2,7,4.0,0.0,10.0,0.0
rel B0=0 eps=.5,2,7,4.0,0.0,10.666666666666666,0.0
rel B0=1 eps=1,2,7,4.0,0.0,17.0,0.0
qlen B0=0 gam=1,2,7,4.0,0.0,9.0,0.0
qlen B0=1 gam=.5 eps=.5,2,7,4.0,0.0,12.0,0.0
thresh B=1 th=1 N=2,2,7,4.0,0.0,9.5,0.0
thresh B=0 th=.5 N=3 eps=1,2,7,4.0,0.0,17.5,0.0
cap B0=1 eps=1 Bmax=3,2,7,4.0,0.0,9.5,0.0
cap B0=1 eps=.5 Bmax=1,2,7,4.0,0.0,8.5,0.0
cap+cnt B=1 e=1 th=1 N=2 Bm=4,2,7,4.0,0.0,11.0,0.0
skip N=2 (work channel off),2,7,4.0,0.0,12.0,0.0
skip N=5 (work channel off),2,7,4.0,0.0,18.0,0.0
fixed B=0,1,8,4.0,0.0,4.0,0.0
fixed B=1,1,8,4.0,4.0,5.0,0.8
fixed B=4,1,8,4.0,5.0,8.0,0.625
rel B0=0 eps=.5,1,8,4.0,8.0,18.0,0.5714285714285714
qlen B0=0 gam=1,1,8,4.0,4.0,9.0,0.8
qlen B0=1 gam=.5 eps=.5,1,8,4.0,5.0,25.0,0.5
thresh B=1 th=1 N=2,1,8,4.0,4.0,7.0,0.5714285714285714
cap B0=1 eps=.5 Bmax=1,1,8,4.0,4.0,5.0,0.8
skip N=2 (work channel off),1,8,4.0,4.0,12.0,0.3333333333333333
skip N=5 (work channel off),1,8,4.0,5.0,24.0,0.20833333333333334
fixed B=0,3,4,4.0,0.0,9.333333333333334,0.0
fixed B=1,3,4,4.0,0.0,9.666666666666666,0.0
fixed B=4,3,4,4.0,0.0,10.666666666666666,0.0
rel B0=0 eps=.5,3,4,4.0,0.0,11.2,0.0
rel B0=1 eps=1,3,4,4.0,0.0,14.5,0.0
rel B0=0 eps=2,3,4,4.0,0.0,28.0,0.0
qlen B0=0 gam=1,3,4,4.0,0.0,9.666666666666666,0.0
qlen B0=1 gam=.5 eps=.5,3,4,4.0,0.0,11.8,0.0
thresh B=1 th=1 N=2,3,4,4.0,0.0,10.333333333333334,0.0
thresh B=0 th=.5 N=3 eps=1,3,4,4.0,0.0,14.75,0.0
cap B0=1 eps=1 Bmax=3,3,4,4.0,0.0,10.333333333333334,0.0
cap B0=0 eps=2 Bmax=2,3,4,4.0,0.0,10.0,0.0
cap B0=1 eps=.5 Bmax=1,3,4,4.0,0.0,9.666666666666666,0.0
cap+cnt B=1 e=1 th=1 N=2 Bm=4,3,4,4.0,0.0,11.333333333333334,0.0
skip N=2 (work channel off),3,4,4.0,0.0,12.0,0.0
skip N=5 (work channel off),3,4,4.0,0.0,16.0,0.0
fixed B=0,1,6,4.0,0.0,4.0,0.0
fixed B=1,1,6,4.0,1.0,5.0,0.2
fixed B=4,1,6,4.0,1.0,8.0,0.125
rel B0=0 eps=.5,1,6,4.0,1.0,23.0,0.09090909090909091
qlen B0=0 gam=1,1,6,4.0,1.0,8.0,0.2
qlen B0=1 gam=.5 eps=.5,1,6,4.0,1.0,29.0,0.07692307692307693
thresh B=1 th=1 N=2,1,6,4.0,1.0,7.0,0.14285714285714285
cap B0=1 eps=.5 Bmax=1,1,6,4.0,1.0,5.0,0.2
skip N=2 (work channel off),1,6,4.0,1.0,12.0,0.08333333333333333
skip N=5 (work channel off),1,6,4.0,1.0,24.0,0.041666666666666664
fixed B=0,2,9,4.0,0.0,8.0,0.0
fixed B=1,2,9,4.0,1.0,8.5,0.11764705882352941
fixed B=4,2,9,4.0,4.0,10.0,0.4
rel B0=0 eps=.5,2,9,4.0,0.0,11.666666666666666,0.0
rel B0=1 eps=1,2,9,4.0,4.0,20.0,0.23529411764705882
qlen B0=0 gam=1,2,9,4.0,0.0,10.0,0.0
qlen B0=1 gam=.5 eps=.5,2,9,4.0,4.0,14.0,0.3529411764705882
thresh B=1 th=1 N=2,2,9,4.0,4.0,9.5,0.42105263157894735
thresh B=0 th=.5 N=3 eps=1,2,9,4.0,0.0,20.5,0.0
cap B0=1 eps=1 Bmax=3,2,9,4.0,4.0,9.5,0.42105263157894735
cap B0=1 eps=.5 Bmax=1,2,9,4.0,1.0,8.5,0.11764705882352941
cap+cnt B=1 e=1 th=1 N=2 Bm=4,2,9,4.0,4.0,11.0,0.36363636363636365
skip N=2 (work channel off),2,9,4.0,4.0,12.0,0.3333333333333333
skip N=5 (work channel off),2,9,4.0,5.0,18.0,0.2777777777777778
fixed B=0,3,9,4.0,0.0,9.333333333333334,0.0
fixed B=1,3,9,4.0,0.0,9.666666666666666,0.0
fixed B=4,3,9,4.0,0.0,10.666666666666666,0.0
rel B0=0 eps=.5,3,9,4.0,0.0,11.2,0.0
rel B0=1 eps=1,3,9,4.0,0.0,14.5,0.0
rel B0=0 eps=2,3,9,4.0,0.0,28.0,0.0
qlen B0=0 gam=1,3,9,4.0,0.0,10.333333333333334,0.0
qlen B0=1 gam=.5 eps=.5,3,9,4.0,0.0,12.2,0.0
thresh B=1 th=1 N=2,3,9,4.0,0.0,10.333333333333334,0.0
thresh B=0 th=.5 N=3 eps=1,3,9,4.0,0.0,14.75,0.0
cap B0=1 eps=1 Bmax=3,3,9,4.0,0.0,10.333333333333334,0.0
cap B0=0 eps=2 Bmax=2,3,9,4.0,0.0,10.0,0.0
cap B0=1 eps=.5 Bmax=1,3,9,4.0,0.0,9.666666666666666,0.0
cap+cnt B=1 e=1 th=1 N=2 Bm=4,3,9,4.0,0.0,11.333333333333334,0.0
skip N=2 (work channel off),3,9,4.0,0.0,12.0,0.0
skip N=5 (work channel off),3,9,4.0,0.0,16.0,0.0
fixed B=0,1,3,1.0,0.0,1.0,0.0
fixed B=1,1,3,1.0,0.0,2.0,0.0
fixed B=4,1,3,1.0,0.0,5.0,0.0
rel B0=0 eps=.5,1,3,1.0,0.0,3.0,0.0
qlen B0=0 gam=1,1,3,1.0,0.0,2.0,0.0
qlen B0=1 gam=.5 eps=.5,1,3,1.0,0.0,6.0,0.0
thresh B=1 th=1 N=2,1,3,1.0,0.0,4.0,0.0
cap B0=1 eps=.5 Bmax=1,1,3,1.0,0.0,2.0,0.0
skip N=2 (work channel off),1,3,1.0,0.0,9.0,0.0
skip N=5 (work channel off),1,3,1.0,0.0,21.0,0.0
fixed B=0,3,2,0.0,0.0,0.0,0.0
fixed B=1,3,2,0.0,0.0,0.3333333333333333,0.0
fixed B=4,3,2,0.0,0.0,1.3333333333333333,0.0
rel B0=0 eps=.5,3,2,0.0,0.0,0.0,0.0
rel B0=1 eps=1,3,2,0.0,0.0,0.5,0.0
rel B0=0 eps=2,3,2,0.0,0.0,0.0,0.0
qlen B0=0 gam=1,3,2,0.0,0.0,0.0,0.0
qlen B0=1 gam=.5 eps=.5,3,2,0.0,0.0,0.4,0.0
thresh B=1 th=1 N=2,3,2,0.0,0.0,1.0,0.0
thresh B=0 th=.5 N=3 eps=1,3,2,0.0,0.0,0.75,0.0
cap B0=1 eps=1 Bmax=3,3,2,0.0,0.0,0.5,0.0
cap B0=0 eps=2 Bmax=2,3,2,0.0,0.0,0.0,0.0
cap B0=1 eps=.5 Bmax=1,3,2,0.0,0.0,0.3333333333333333,0.0
cap+cnt B=1 e=1 th=1 N=2 Bm=4,3,2,0.0,0.0,1.5,0.0
skip N=2 (work channel off),3,2,0.0,0.0,2.6666666666666665,0.0
skip N=5 (work channel off),3,2,0.0,0.0,6.666666666666667,0.0
fixed B=0,1,9,4.0,0.0,4.0,0.0
fixed B=1,1,9,4.0,4.0,5.0,0.8
fixed B=4,1,9,4.0,4.0,8.0,0.5
rel B0=0 eps=.5,1,9,4.0,4.0,21.0,0.4444444444444444
qlen B0=0 gam=1,1,9,4.0,4.0,9.0,0.8
qlen B0=1 gam=.5 eps=.5,1,9,4.0,4.0,29.0,0.4
thresh B=1 th=1 N=2,1,9,4.0,4.0,7.0,0.5714285714285714
cap B0=1 eps=.5 Bmax=1,1,9,4.0,4.0,5.0,0.8
skip N=2 (work channel off),1,9,4.0,4.0,12.0,0.3333333333333333
skip N=5 (work channel off),1,9,4.0,4.0,24.0,0.16666666666666666
fixed B=0,1,6,4.0,0.0,4.0,0.0
fixed B=1,1,6,4.0,4.0,5.0,0.8
fixed B=4,1,6,4.0,4.0,8.0,0.5
rel B0=0 eps=.5,1,6,4.0,4.0,22.0,0.36363636363636365
qlen B0=0 gam=1,1,6,4.0,0.0,8.0,0.0
qlen B0=1 gam=.5 eps=.5,1,6,4.0,4.0,28.0,0.3076923076923077
thresh B=1 th=1 N=2,1,6,4.0,4.0,7.0,0.5714285714285714
cap B0=1 eps=.5 Bmax=1,1,6,4.0,4.0,5.0,0.8
skip N=2 (work channel off),1,6,4.0,4.0,12.0,0.3333333333333333
skip N=5 (work channel off),1,6,4.0,4.0,24.0,0.16666666666666666
fixed B=0,2,6,4.0,0.0,8.0,0.0
fixed B=1,2,6,4.0,3.0,8.5,0.35294117647058826
fixed B=4,2,6,4.0,3.0,10.0,0.3
rel B0=0 eps=.5,2,6,4.0,0.0,11.0,0.0
rel B0=1 eps=1,2,6,4.0,3.0,18.0,0.17647058823529413
qlen B0=0 gam=1,2,6,4.0,3.0,9.5,0.35294117647058826
qlen B0=1 gam=.5 eps=.5,2,6,4.0,3.0,12.666666666666666,0.2647058823529412
thresh B=1 th=1 N=2,2,6,4.0,3.0,9.5,0.3157894736842105
thresh B=0 th=.5 N=3 eps=1,2,6,4.0,0.0,18.5,0.0
cap B0=1 eps=1 Bmax=3,2,6,4.0,3.0,9.5,0.3157894736842105
cap B0=1 eps=.5 Bmax=1,2,6,4.0,3.0,8.5,0.35294117647058826
cap+cnt B=1 e=1 th=1 N=2 Bm=4,2,6,4.0,3.0,11.0,0.2727272727272727
skip N=2 (work channel off),2,6,4.0,3.0,12.0,0.25
skip N=5 (work channel off),2,6,4.0,3.0,18.0,0.16666666666666666
fixed B=0,3,4,4.0,0.0,9.333333333333334,0.0
fixed B=1,3,4,4.0,0.0,9.666666666666666,0.0
fixed B=4,3,4,4.0,0.0,10.666666666666666,0.0
rel B0=0 eps=.5,3,4,4.0,0.0,11.2,0.0
rel B0=1 eps=1,3,4,4.0,0.0,14.5,0.0
rel B0=0 eps=2,3,4,4.0,0.0,28.0,0.0
qlen B0=0 gam=1,3,4,4.0,0.0,10.0,0.0
qlen B0=1 gam=.5 eps=.5,3,4,4.0,0.0,12.0,0.0
thresh B=1 th=1 N=2,3,4,4.0,0.0,10.333333333333334,0.0
thresh B=0 th=.5 N=3 eps=1,3,4,4.0,0.0,14.75,0.0
cap B0=1 eps=1 Bmax=3,3,4,4.0,0.0,10.333333333333334,0.0
cap B0=0 eps=2 Bmax=2,3,4,4.0,0.0,10.0,0.0
cap B0=1 eps=.5 Bmax=1,3,4,4.0,0.0,9.666666666666666,0.0
cap+cnt B=1 e=1 th=1 N=2 Bm=4,3,4,4.0,0.0,11.333333333333334,0.0
skip N=2 (work channel off),3,4,4.0,0.0,12.0,0.0
skip N=5 (work channel off),3,4,4.0,0.0,16.0,0.0
fixed B=0,2,7,4.0,0.0,8.0,0.0
fixed B=1,2,7,4.0,1.0,8.5,0.11764705882352941
fixed B=4,2,7,4.0,1.0,10.0,0.1
rel B0=0 eps=.5,2,7,4.0,1.0,12.333333333333332,0.09090909090909091
rel B0=1 eps=1,2,7,4.0,1.0,22.0,0.05555555555555555
qlen B0=0 gam=1,2,7,4.0,1.0,10.0,0.1111111111111111
qlen B0=1 gam=.5 eps=.5,2,7,4.0,1.0,14.333333333333332,0.08108108108108107
thresh B=1 th=1 N=2,2,7,4.0,1.0,9.5,0.10526315789473684
thresh B=0 th=.5 N=3 eps=1,2,7,4.0,1.0,22.5,0.05405405405405406
cap B0=1 eps=1 Bmax=3,2,7,4.0,1.0,9.5,0.10526315789473684
cap B0=1 eps=.5 Bmax=1,2,7,4.0,1.0,8.5,0.11764705882352941
cap+cnt B=1 e=1 th=1 N=2 Bm=4,2,7,4.0,1.0,11.0,0.09090909090909091
skip N=2 (work channel off),2,7,4.0,1.0,12.0,0.08333333333333333
skip N=5 (work channel off),2,7,4.0,1.0,18.0,0.05555555555555555
fixed B=0,2,4,4.0,0.0,8.0,0.0
fixed B=1,2,4,4.0,0.0,8.5,0.0
fixed B=4,2,4,4.0,0.0,10.0,0.0
rel B0=0 eps=.5,2,4,4.0,0.0,11.0,0.0
rel B0=1 eps=1,2,4,4.0,0.0,18.0,0.0
qlen B0=0 gam=1,2,4,4.0,0.0,9.0,0.0
qlen B0=1 gam=.5 eps=.5,2,4,4.0,0.0,12.333333333333334,0.0
thresh B=1 th=1 N=2,2,4,4.0,0.0,9.5,0.0
thresh B=0 th=.5 N=3 eps=1,2,4,4.0,0.0,18.5,0.0
cap B0=1 eps=1 Bmax=3,2,4,4.0,0.0,9.5,0.0
cap B0=1 eps=.5 Bmax=1,2,4,4.0,0.0,8.5,0.0
cap+cnt B=1 e=1 th=1 N=2 Bm=4,2,4,4.0,0.0,11.0,0.0
skip N=2 (work channel off),2,4,4.0,0.0,12.0,0.0
skip N=5 (work channel off),2,4,4.0,0.0,18.0,0.0
fixed B=0,2,4,4.0,0.0,8.0,0.0
fixed B=1,2,4,4.0,0.0,8.5,0.0
fixed B=4,2,4,4.0,0.0,10.0,0.0
rel B0=0 eps=.5,2,4,4.0,0.0,10.666666666666666,0.0
rel B0=1 eps=1,2,4,4.0,0.0,17.0,0.0
qlen B0=0 gam=1,2,4,4.0,0.0,8.5,0.0
qlen B0=1 gam=.5 eps=.5,2,4,4.0,0.0,11.666666666666666,0.0
thresh B=1 th=1 N=2,2,4,4.0,0.0,9.5,0.0
thresh B=0 th=.5 N=3 eps=1,2,4,4.0,0.0,17.5,0.0
cap B0=1 eps=1 Bmax=3,2,4,4.0,0.0,9.5,0.0
cap B0=1 eps=.5 Bmax=1,2,4,4.0,0.0,8.5,0.0
cap+cnt B=1 e=1 th=1 N=2 Bm=4,2,4,4.0,0.0,11.0,0.0
skip N=2 (work channel off),2,4,4.0,0.0,12.0,0.0
skip N=5 (work channel off),2,4,4.0,0.0,18.0,0.0
fixed B=0,1,6,4.0,0.0,4.0,0.0
fixed B=1,1,6,4.0,1.0,5.0,0.2
fixed B=4,1,6,4.0,1.0,8.0,0.125
rel B0=0 eps=.5,1,6,4.0,1.0,16.0,0.08333333333333333
qlen B0=0 gam=1,1,6,4.0,1.0,6.0,0.2
qlen B0=1 gam=.5 eps=.5,1,6,4.0,1.0,20.0,0.06666666666666667
thresh B=1 th=1 N=2,1,6,4.0,1.0,7.0,0.14285714285714285
cap B0=1 eps=.5 Bmax=1,1,6,4.0,1.0,5.0,0.2
skip N=2 (work channel off),1,6,4.0,1.0,12.0,0.08333333333333333
skip N=5 (work channel off),1,6,4.0,1.0,24.0,0.041666666666666664
fixed B=0,3,9,4.0,0.0,9.333333333333334,0.0
fixed B=1,3,9,4.0,0.0,9.666666666666666,0.0
fixed B=4,3,9,4.0,0.0,10.666666666666666,0.0
rel B0=0 eps=.5,3,9,4.0,0.0,11.2,0.0
rel B0=1 eps=1,3,9,4.0,0.0,14.5,0.0
rel B0=0 eps=2,3,9,4.0,0.0,28.0,0.0
qlen B0=0 gam=1,3,9,4.0,0.0,10.333333333333334,0.0
qlen B0=1 gam=.5 eps=.5,3,9,4.0,0.0,12.2,0.0
thresh B=1 th=1 N=2,3,9,4.0,0.0,10.333333333333334,0.0
thresh B=0 th=.5 N=3 eps=1,3,9,4.0,0.0,14.75,0.0
cap B0=1 eps=1 Bmax=3,3,9,4.0,0.0,10.333333333333334,0.0
cap B0=0 eps=2 Bmax=2,3,9,4.0,0.0,10.0,0.0
cap B0=1 eps=.5 Bmax=1,3,9,4.0,0.0,9.666666666666666,0.0
cap+cnt B=1 e=1 th=1 N=2 Bm=4,3,9,4.0,0.0,11.333333333333334,0.0
skip N=2 (work channel off),3,9,4.0,0.0,12.0,0.0
skip N=5 (work channel off),3,9,4.0,0.0,16.0,0.0
fixed B=0,1,4,1.0,0.0,1.0,0.0
fixed B=1,1,4,1.0,0.0,2.0,0.0
fixed B=4,1,4,1.0,0.0,5.0,0.0
rel B0=0 eps=.5,1,4,1.0,0.0,2.0,0.0
qlen B0=0 gam=1,1,4,1.0,0.0,2.0,0.0
qlen B0=1 gam=.5 eps=.5,1,4,1.0,0.0,5.0,0.0
thresh B=1 th=1 N=2,1,4,1.0,0.0,4.0,0.0
cap B0=1 eps=.5 Bmax=1,1,4,1.0,0.0,2.0,0.0
skip N=2 (work channel off),1,4,1.0,0.0,9.0,0.0
skip N=5 (work channel off),1,4,1.0,0.0,21.0,0.0
fixed B=0,2,8,4.0,0.0,8.0,0.0
fixed B=1,2,8,4.0,0.0,8.5,0.0
fixed B=4,2,8,4.0,0.0,10.0,0.0
rel B0=0 eps=.5,2,8,4.0,0.0,10.666666666666666,0.0
rel B0=1 eps=1,2,8,4.0,0.0,17.0,0.0
qlen B0=0 gam=1,2,8,4.0,0.0,9.5,0.0
qlen B0=1 gam=.5 eps=.5,2,8,4.0,0.0,12.333333333333334,0.0
thresh B=1 th=1 N=2,2,8,4.0,0.0,9.5,0.0
thresh B=0 th=.5 N=3 eps=1,2,8,4.0,0.0,17.5,0.0
cap B0=1 eps=1 Bmax=3,2,8,4.0,0.0,9.5,0.0
cap B0=1 eps=.5 Bmax=1,2,8,4.0,0.0,8.5,0.0
cap+cnt B=1 e=1 th=1 N=2 Bm=4,2,8,4.0,0.0,11.0,0.0
skip N=2 (work channel off),2,8,4.0,0.0,12.0,0.0
skip N=5 (work channel off),2,8,4.0,0.0,18.0,0.0
fixed B=0,3,6,4.0,0.0,9.333333333333334,0.0
fixed B=1,3,6,4.0,0.0,9.666666666666666,0.0
fixed B=4,3,6,4.0,0.0,10.666666666666666,0.0
rel B0=0 eps=.5,3,6,4.0,0.0,11.2,0.0
rel B0=1 eps=1,3,6,4.0,0.0,14.5,0.0
rel B0=0 eps=2,3,6,4.0,0.0,28.0,0.0
qlen B0=0 gam=1,3,6,4.0,0.0,10.0,0.0
qlen B0=1 gam=.5 eps=.5,3,6,4.0,0.0,12.0,0.0
thresh B=1 th=1 N=2,3,6,4.0,0.0,10.333333333333334,0.0
thresh B=0 th=.5 N=3 eps=1,3,6,4.0,0.0,14.75,0.0
cap B0=1 eps=1 Bmax=3,3,6,4.0,0.0,10.333333333333334,0.0
cap B0=0 eps=2 Bmax=2,3,6,4.0,0.0,10.0,0.0
cap B0=1 eps=.5 Bmax=1,3,6,4.0,0.0,9.666666666666666,0.0
cap+cnt B=1 e=1 th=1 N=2 Bm=4,3,6,4.0,0.0,11.333333333333334,0.0
skip N=2 (work channel off),3,6,4.0,0.0,12.0,0.0
skip N=5 (work channel off),3,6,4.0,0.0,16.0,0.0
fixed B=0,3,5,1.0,0.0,2.3333333333333335,0.0
fixed B=1,3,5,1.0,0.0,2.6666666666666665,0.0
fixed B=4,3,5,1.0,0.0,3.6666666666666665,0.0
rel B0=0 eps=.5,3,5,1.0,0.0,2.8,0.0
rel B0=1 eps=1,3,5,1.0,0.0,4.0,0.0
rel B0=0 eps=2,3,5,1.0,0.0,7.0,0.0
qlen B0=0 gam=1,3,5,1.0,0.0,3.6666666666666665,0.0
qlen B0=1 gam=.5 eps=.5,3,5,1.0,0.0,4.0,0.0
thresh B=1 th=1 N=2,3,5,1.0,0.0,3.3333333333333335,0.0
thresh B=0 th=.5 N=3 eps=1,3,5,1.0,0.0,4.25,0.0
cap B0=1 eps=1 Bmax=3,3,5,1.0,0.0,3.3333333333333335,0.0
cap B0=0 eps=2 Bmax=2,3,5,1.0,0.0,3.0,0.0
cap B0=1 eps=.5 Bmax=1,3,5,1.0,0.0,2.6666666666666665,0.0
cap+cnt B=1 e=1 th=1 N=2 Bm=4,3,5,1.0,0.0,4.333333333333333,0.0
skip N=2 (work channel off),3,5,1.0,0.0,5.0,0.0
skip N=5 (work channel off),3,5,1.0,0.0,9.0,0.0
fixed B=0,3,7,4.0,0.0,9.333333333333334,0.0
fixed B=1,3,7,4.0,0.0,9.666666666666666,0.0
fixed B=4,3,7,4.0,0.0,10.666666666666666,0.0
rel B0=0 eps=.5,3,7,4.0,0.0,11.2,0.0
rel B0=1 eps=1,3,7,4.0,0.0,14.5,0.0
rel B0=0 eps=2,3,7,4.0,0.0,28.0,0.0
qlen B0=0 gam=1,3,7,4.0,0.0,10.0,0.0
qlen B0=1 gam=.5 eps=.5,3,7,4.0,0.0,12.0,0.0
thresh B=1 th=1 N=2,3,7,4.0,0.0,10.333333333333334,0.0
thresh B=0 th=.5 N=3 eps=1,3,7,4.0,0.0,14.75,0.0
cap B0=1 eps=1 Bmax=3,3,7,4.0,0.0,10.333333333333334,0.0
cap B0=0 eps=2 Bmax=2,3,7,4.0,0.0,10.0,0.0
cap B0=1 eps=.5 Bmax=1,3,7,4.0,0.0,9.666666666666666,0.0
cap+cnt B=1 e=1 th=1 N=2 Bm=4,3,7,4.0,0.0,11.333333333333334,0.0
skip N=2 (work channel off),3,7,4.0,0.0,12.0,0.0
skip N=5 (work channel off),3,7,4.0,0.0,16.0,0.0
fixed B=0,3,8,4.0,0.0,9.333333333333334,0.0
fixed B=1,3,8,4.0,1.0,9.666666666666666,0.10344827586206898
fixed B=4,3,8,4.0,1.0,10.666666666666666,0.09375
rel B0=0 eps=.5,3,8,4.0,1.0,11.8,0.08620689655172414
rel B0=1 eps=1,3,8,4.0,1.0,16.0,0.06451612903225806
rel B0=0 eps=2,3,8,4.0,1.0,34.0,0.03125
qlen B0=0 gam=1,3,8,4.0,0.0,10.333333333333334,0.0
qlen B0=1 gam=.5 eps=.5,3,8,4.0,1.0,12.4,0.08333333333333333
thresh B=1 th=1 N=2,3,8,4.0,1.0,10.333333333333334,0.0967741935483871
thresh B=0 th=.5 N=3 eps=1,3,8,4.0,1.0,16.25,0.06349206349206349
cap B0=1 eps=1 Bmax=3,3,8,4.0,1.0,10.333333333333334,0.0967741935483871
cap B0=0 eps=2 Bmax=2,3,8,4.0,1.0,10.0,0.1
cap B0=1 eps=.5 Bmax=1,3,8,4.0,1.0,9.666666666666666,0.10344827586206898
cap+cnt B=1 e=1 th=1 N=2 Bm=4,3,8,4.0,1.0,11.333333333333334,0.08823529411764705
skip N=2 (work channel off),3,8,4.0,1.0,12.0,0.08333333333333333
skip N=5 (work channel off),3,8,4.0,1.0,16.0,0.0625
fixed B=0,1,4,4.0,0.0,4.0,0.0
fixed B=1,1,4,4.0,0.0,5.0,0.0
fixed B=4,1,4,4.0,0.0,8.0,0.0
rel B0=0 eps=.5,1,4,4.0,0.0,15.0,0.0
qlen B0=0 gam=1,1,4,4.0,0.0,5.0,0.0
qlen B0=1 gam=.5 eps=.5,1,4,4.0,0.0,18.0,0.0
thresh B=1 th=1 N=2,1,4,4.0,0.0,7.0,0.0
cap B0=1 eps=.5 Bmax=1,1,4,4.0,0.0,5.0,0.0
skip N=2 (work channel off),1,4,4.0,0.0,12.0,0.0
skip N=5 (work channel off),1,4,4.0,0.0,24.0,0.0
fixed B=0,2,8,4.0,0.0,8.0,0.0
fixed B=1,2,8,4.0,0.0,8.5,0.0
fixed B=4,2,8,4.0,0.0,10.0,0.0
rel B0=0 eps=.5,2,8,4.0,0.0,14.0,0.0
rel B0=1 eps=1,2,8,4.0,0.0,27.0,0.0
qlen B0=0 gam=1,2,8,4.0,0.0,10.5,0.0
qlen B0=1 gam=.5 eps=.5,2,8,4.0,0.0,16.333333333333332,0.0
thresh B=1 th=1 N=2,2,8,4.0,0.0,9.5,0.0
thresh B=0 th=.5 N=3 eps=1,2,8,4.0,0.0,27.5,0.0
cap B0=1 eps=1 Bmax=3,2,8,4.0,0.0,9.5,0.0
cap B0=1 eps=.5 Bmax=1,2,8,4.0,0.0,8.5,0.0
cap+cnt B=1 e=1 th=1 N=2 Bm=4,2,8,4.0,0.0,11.0,0.0
skip N=2 (work channel off),2,8,4.0,0.0,12.0,0.0
skip N=5 (work channel off),2,8,4.0,0.0,18.0,0.0
fixed B=0,1,8,4.0,0.0,4.0,0.0
fixed B=1,1,8,4.0,0.0,5.0,0.0
fixed B=4,1,8,4.0,0.0,8.0,0.0
rel B0=0 eps=.5,1,8,4.0,4.0,24.0,0.4444444444444444
qlen B0=0 gam=1,1,8,4.0,0.0,10.0,0.0
qlen B0=1 gam=.5 eps=.5,1,8,4.0,0.0,32.0,0.0
thresh B=1 th=1 N=2,1,8,4.0,0.0,7.0,0.0
cap B0=1 eps=.5 Bmax=1,1,8,4.0,0.0,5.0,0.0
skip N=2 (work channel off),1,8,4.0,0.0,12.0,0.0
skip N=5 (work channel off),1,8,4.0,0.0,24.0,0.0
fixed B=0,1,9,4.0,0.0,4.0,0.0
fixed B=1,1,9,4.0,4.0,5.0,0.8
fixed B=4,1,9,4.0,4.0,8.0,0.5
rel B0=0 eps=.5,1,9,4.0,5.0,20.0,0.3333333333333333
qlen B0=0 gam=1,1,9,4.0,4.0,11.0,0.8
qlen B0=1 gam=.5 eps=.5,1,9,4.0,8.0,29.0,0.5333333333333333
thresh B=1 th=1 N=2,1,9,4.0,4.0,7.0,0.5714285714285714
cap B0=1 eps=.5 Bmax=1,1,9,4.0,4.0,5.0,0.8
skip N=2 (work channel off),1,9,4.0,8.0,12.0,0.6666666666666666
skip N=5 (work channel off),1,9,4.0,8.0,24.0,0.3333333333333333
fixed B=0,3,4,1.0,0.0,2.3333333333333335,0.0
fixed B=1,3,4,1.0,0.0,2.6666666666666665,0.0
fixed B=4,3,4,1.0,0.0,3.6666666666666665,0.0
rel B0=0 eps=.5,3,4,1.0,0.0,2.8,0.0
rel B0=1 eps=1,3,4,1.0,0.0,4.0,0.0
rel B0=0 eps=2,3,4,1.0,0.0,7.0,0.0
qlen B0=0 gam=1,3,4,1.0,0.0,2.6666666666666665,0.0
qlen B0=1 gam=.5 eps=.5,3,4,1.0,0.0,3.4,0.0
thresh B=1 th=1 N=2,3,4,1.0,0.0,3.3333333333333335,0.0
thresh B=0 th=.5 N=3 eps=1,3,4,1.0,0.0,4.25,0.0
cap B0=1 eps=1 Bmax=3,3,4,1.0,0.0,3.3333333333333335,0.0
cap B0=0 eps=2 Bmax=2,3,4,1.0,0.0,3.0,0.0
cap B0=1 eps=.5 Bmax=1,3,4,1.0,0.0,2.6666666666666665,0.0
cap+cnt B=1 e=1 th=1 N=2 Bm=4,3,4,1.0,0.0,4.333333333333333,0.0
skip N=2 (work channel off),3,4,1.0,0.0,5.0,0.0
skip N=5 (work channel off),3,4,1.0,0.0,9.0,0.0
fixed B=0,1,9,4.0,0.0,4.0,0.0
fixed B=1,1,9,4.0,0.0,5.0,0.0
fixed B=4,1,9,4.0,0.0,8.0,0.0
rel B0=0 eps=.5,1,9,4.0,0.0,28.0,0.0
qlen B0=0 gam=1,1,9,4.0,0.0,11.0,0.0
qlen B0=1 gam=.5 eps=.5,1,9,4.0,0.0,36.0,0.0
thresh B=1 th=1 N=2,1,9,4.0,0.0,7.0,0.0
cap B0=1 eps=.5 Bmax=1,1,9,4.0,0.0,5.0,0.0
skip N=2 (work channel off),1,9,4.0,0.0,12.0,0.0
skip N=5 (work channel off),1,9,4.0,0.0,24.0,0.0
fixed B=0,3,4,1.0,0.0,2.3333333333333335,0.0
fixed B=1,3,4,1.0,0.0,2.6666666666666665,0.0
fixed B=4,3,4,1.0,0.0,3.6666666666666665,0.0
rel B0=0 eps=.5,3,4,1.0,0.0,2.8,0.0
rel B0=1 eps=1,3,4,1.0,0.0,4.0,0.0
rel B0=0 eps=2,3,4,1.0,0.0,7.0,0.0
qlen B0=0 gam=1,3,4,1.0,0.0,3.0,0.0
qlen B0=1 gam=.5 eps=.5,3,4,1.0,0.0,3.6,0.0
thresh B=1 th=1 N=2,3,4,1.0,0.0,3.3333333333333335,0.0
thresh B=0 th=.5 N=3 eps=1,3,4,1.0,0.0,4.25,0.0
cap B0=1 eps=1 Bmax=3,3,4,1.0,0.0,3.3333333333333335,0.0
cap B0=0 eps=2 Bmax=2,3,4,1.0,0.0,3.0,0.0
cap B0=1 eps=.5 Bmax=1,3,4,1.0,0.0,2.6666666666666665,0.0
cap+cnt B=1 e=1 th=1 N=2 Bm=4,3,4,1.0,0.0,4.333333333333333,0.0
skip N=2 (work channel off),3,4,1.0,0.0,5.0,0.0
skip N=5 (work channel off),3,4,1.0,0.0,9.0,0.0
fixed B=0,2,5,4.0,0.0,8.0,0.0
fixed B=1,2,5,4.0,0.0,8.5,0.0
fixed B=4,2,5,4.0,0.0,10.0,0.0
rel B0=0 eps=.5,2,5,4.0,0.0,11.0,0.0
rel B0=1 eps=1,2,5,4.0,0.0,18.0,0.0
qlen B0=0 gam=1,2,5,4.0,0.0,9.5,0.0
qlen B0=1 gam=.5 eps=.5,2,5,4.0,0.0,12.666666666666666,0.0
thresh B=1 th=1 N=2,2,5,4.0,0.0,9.5,0.0
thresh B=0 th=.5 N=3 eps=1,2,5,4.0,0.0,18.5,0.0
cap B0=1 eps=1 Bmax=3,2,5,4.0,0.0,9.5,0.0
cap B0=1 eps=.5 Bmax=1,2,5,4.0,0.0,8.5,0.0
cap+cnt B=1 e=1 th=1 N=2 Bm=4,2,5,4.0,0.0,11.0,0.0
skip N=2 (work channel off),2,5,4.0,0.0,12.0,0.0
skip N=5 (work channel off),2,5,4.0,0.0,18.0,0.0
fixed B=0,1,8,4.0,0.0,4.0,0.0
fixed B=1,1,8,4.0,4.0,5.0,0.8
fixed B=4,1,8,4.0,4.0,8.0,0.5
rel B0=0 eps=.5,1,8,4.0,4.0,19.0,0.4444444444444444
qlen B0=0 gam=1,1,8,4.0,1.0,9.0,0.125
qlen B0=1 gam=.5 eps=.5,1,8,4.0,4.0,27.0,0.4
thresh B=1 th=1 N=2,1,8,4.0,4.0,7.0,0.5714285714285714
cap B0=1 eps=.5 Bmax=1,1,8,4.0,4.0,5.0,0.8
skip N=2 (work channel off),1,8,4.0,4.0,12.0,0.3333333333333333
skip N=5 (work channel off),1,8,4.0,4.0,24.0,0.16666666666666666
fixed B=0,3,7,4.0,0.0,9.333333333333334,0.0
fixed B=1,3,7,4.0,1.0,9.666666666666666,0.10344827586206898
fixed B=4,3,7,4.0,1.0,10.666666666666666,0.09375
rel B0=0 eps=.5,3,7,4.0,0.0,12.0,0.0
rel B0=1 eps=1,3,7,4.0,1.0,16.5,0.06896551724137931
rel B0=0 eps=2,3,7,4.0,0.0,36.0,0.0
qlen B0=0 gam=1,3,7,4.0,1.0,10.333333333333334,0.10344827586206898
qlen B0=1 gam=.5 eps=.5,3,7,4.0,1.0,13.0,0.0847457627118644
thresh B=1 th=1 N=2,3,7,4.0,1.0,10.333333333333334,0.0967741935483871
thresh B=0 th=.5 N=3 eps=1,3,7,4.0,0.0,16.75,0.0
cap B0=1 eps=1 Bmax=3,3,7,4.0,1.0,10.333333333333334,0.0967741935483871
cap B0=0 eps=2 Bmax=2,3,7,4.0,0.0,10.0,0.0
cap B0=1 eps=.5 Bmax=1,3,7,4.0,1.0,9.666666666666666,0.10344827586206898
cap+cnt B=1 e=1 th=1 N=2 Bm=4,3,7,4.0,1.0,11.333333333333334,0.08823529411764705
skip N=2 (work channel off),3,7,4.0,1.0,12.0,0.08333333333333333
skip N=5 (work channel off),3,7,4.0,1.0,16.0,0.0625
fixed B=0,2,8,4.0,0.0,8.0,0.0
fixed B=1,2,8,4.0,4.0,8.5,0.47058823529411764
fixed B=4,2,8,4.0,4.0,10.0,0.4
rel B0=0 eps=.5,2,8,4.0,0.0,12.0,0.0
rel B0=1 eps=1,2,8,4.0,4.0,21.0,0.23529411764705882
qlen B0=0 gam=1,2,8,4.0,4.0,10.0,0.47058823529411764
qlen B0=1 gam=.5 eps=.5,2,8,4.0,4.0,14.0,0.3529411764705882
thresh B=1 th=1 N=2,2,8,4.0,4.0,9.5,0.42105263157894735
thresh B=0 th=.5 N=3 eps=1,2,8,4.0,0.0,21.5,0.0
cap B0=1 eps=1 Bmax=3,2,8,4.0,4.0,9.5,0.42105263157894735
cap B0=1 eps=.5 Bmax=1,2,8,4.0,4.0,8.5,0.47058823529411764
cap+cnt B=1 e=1 th=1 N=2 Bm=4,2,8,4.0,4.0,11.0,0.36363636363636365
skip N=2 (work channel off),2,8,4.0,4.0,12.0,0.3333333333333333
skip N=5 (work channel off),2,8,4.0,4.0,18.0,0.2222222222222222
fixed B=0,2,5,4.0,0.0,8.0,0.0
fixed B=1,2,5,4.0,3.0,8.5,0.35294117647058826
fixed B=4,2,5,4.0,3.0,10.0,0.3
rel B0=0 eps=.5,2,5,4.0,0.0,11.666666666666666,0.0
rel B0=1 eps=1,2,5,4.0,3.0,20.0,0.17647058823529413
qlen B0=0 gam=1,2,5,4.0,0.0,8.5,0.0
qlen B0=1 gam=.5 eps=.5,2,5,4.0,3.0,12.666666666666666,0.2647058823529412
thresh B=1 th=1 N=2,2,5,4.0,3.0,9.5,0.3157894736842105
thresh B=0 th=.5 N=3 eps=1,2,5,4.0,0.0,20.5,0.0
cap B0=1 eps=1 Bmax=3,2,5,4.0,3.0,9.5,0.3157894736842105
cap B0=1 eps=.5 Bmax=1,2,5,4.0,3.0,8.5,0.35294117647058826
cap+cnt B=1 e=1 th=1 N=2 Bm=4,2,5,4.0,3.0,11.0,0.2727272727272727
skip N=2 (work channel off),2,5,4.0,3.0,12.0,0.25
skip N=5 (work channel off),2,5,4.0,3.0,18.0,0.16666666666666666
fixed B=0,2,4,4.0,0.0,8.0,0.0
fixed B=1,2,4,4.0,0.0,8.5,0.0
fixed B=4,2,4,4.0,0.0,10.0,0.0
rel B0=0 eps=.5,2,4,4.0,0.0,11.666666666666666,0.0
rel B0=1 eps=1,2,4,4.0,0.0,20.0,0.0
qlen B0=0 gam=1,2,4,4.0,0.0,9.0,0.0
qlen B0=1 gam=.5 eps=.5,2,4,4.0,0.0,12.333333333333334,0.0
thresh B=1 th=1 N=2,2,4,4.0,0.0,9.5,0.0
thresh B=0 th=.5 N=3 eps=1,2,4,4.0,0.0,20.5,0.0
cap B0=1 eps=1 Bmax=3,2,4,4.0,0.0,9.5,0.0
cap B0=1 eps=.5 Bmax=1,2,4,4.0,0.0,8.5,0.0
cap+cnt B=1 e=1 th=1 N=2 Bm=4,2,4,4.0,0.0,11.0,0.0
skip N=2 (work channel off),2,4,4.0,0.0,12.0,0.0
skip N=5 (work channel off),2,4,4.0,0.0,18.0,0.0
fixed B=0,1,6,4.0,0.0,4.0,0.0
fixed B=1,1,6,4.0,0.0,5.0,0.0
fixed B=4,1,6,4.0,0.0,8.0,0.0
rel B0=0 eps=.5,1,6,4.0,4.0,16.0,0.4444444444444444
qlen B0=0 gam=1,1,6,4.0,0.0,6.0,0.0
qlen B0=1 gam=.5 eps=.5,1,6,4.0,0.0,20.0,0.0
thresh B=1 th=1 N=2,1,6,4.0,0.0,7.0,0.0
cap B0=1 eps=.5 Bmax=1,1,6,4.0,0.0,5.0,0.0
skip N=2 (work channel off),1,6,4.0,0.0,12.0,0.0
skip N=5 (work channel off),1,6,4.0,0.0,24.0,0.0
fixed B=0,2,7,4.0,0.0,8.0,0.0
fixed B=1,2,7,4.0,1.0,8.5,0.11764705882352941
fixed B=4,2,7,4.0,1.0,10.0,0.1
rel B0=0 eps=.5,2,7,4.0,3.0,11.666666666666666,0.2727272727272727
rel B0=1 eps=1,2,7,4.0,1.0,20.0,0.05263157894736842
qlen B0=0 gam=1,2,7,4.0,1.0,9.0,0.11764705882352941
qlen B0=1 gam=.5 eps=.5,2,7,4.0,1.0,13.0,0.08108108108108107
thresh B=1 th=1 N=2,2,7,4.0,1.0,9.5,0.10526315789473684
thresh B=0 th=.5 N=3 eps=1,2,7,4.0,3.0,20.5,0.16216216216216217
cap B0=1 eps=1 Bmax=3,2,7,4.0,1.0,9.5,0.10526315789473684
cap B0=1 eps=.5 Bmax=1,2,7,4.0,1.0,8.5,0.11764705882352941
cap+cnt B=1 e=1 th=1 N=2 Bm=4,2,7,4.0,1.0,11.0,0.09090909090909091
skip N=2 (work channel off),2,7,4.0,1.0,12.0,0.08333333333333333
skip N=5 (work channel off),2,7,4.0,1.0,18.0,0.05555555555555555
fixed B=0,3,4,4.0,0.0,9.333333333333334,0.0
fixed B=1,3,4,4.0,0.0,9.666666666666666,0.0
fixed B=4,3,4,4.0,0.0,10.666666666666666,0.0
rel B0=0 eps=.5,3,4,4.0,0.0,11.2,0.0
rel B0=1 eps=1,3,4,4.0,0.0,14.5,0.0
rel B0=0 eps=2,3,4,4.0,0.0,28.0,0.0
qlen B0=0 gam=1,3,4,4.0,0.0,10.333333333333334,0.0
qlen B0=1 gam=.5 eps=.5,3,4,4.0,0.0,12.2,0.0
thresh B=1 th=1 N=2,3,4,4.0,0.0,10.333333333333334,0.0
thresh B=0 th=.5 N=3 eps=1,3,4,4.0,0.0,14.75,0.0
cap B0=1 eps=1 Bmax=3,3,4,4.0,0.0,10.333333333333334,0.0
cap B0=0 eps=2 Bmax=2,3,4,4.0,0.0,10.0,0.0
cap B0=1 eps=.5 Bmax=1,3,4,4.0,0.0,9.666666666666666,0.0
cap+cnt B=1 e=1 th=1 N=2 Bm=4,3,4,4.0,0.0,11.333333333333334,0.0
skip N=2 (work channel off),3,4,4.0,0.0,12.0,0.0
skip N=5 (work channel off),3,4,4.0,0.0,16.0,0.0
fixed B=0,3,5,4.0,0.0,9.333333333333334,0.0
fixed B=1,3,5,4.0,0.0,9.666666666666666,0.0
fixed B=4,3,5,4.0,0.0,10.666666666666666,0.0
rel B0=0 eps=.5,3,5,4.0,0.0,11.4,0.0
rel B0=1 eps=1,3,5,4.0,0.0,15.0,0.0
rel B0=0 eps=2,3,5,4.0,0.0,30.0,0.0
qlen B0=0 gam=1,3,5,4.0,0.0,10.333333333333334,0.0
qlen B0=1 gam=.5 eps=.5,3,5,4.0,0.0,12.4,0.0
thresh B=1 th=1 N=2,3,5,4.0,0.0,10.333333333333334,0.0
thresh B=0 th=.5 N=3 eps=1,3,5,4.0,0.0,15.25,0.0
cap B0=1 eps=1 Bmax=3,3,5,4.0,0.0,10.333333333333334,0.0
cap B0=0 eps=2 Bmax=2,3,5,4.0,0.0,10.0,0.0
cap B0=1 eps=.5 Bmax=1,3,5,4.0,0.0,9.666666666666666,0.0
cap+cnt B=1 e=1 th=1 N=2 Bm=4,3,5,4.0,0.0,11.333333333333334,0.0
skip N=2 (work channel off),3,5,4.0,0.0,12.0,0.0
skip N=5 (work channel off),3,5,4.0,0.0,16.0,0.0
fixed B=0,3,2,4.0,0.0,9.333333333333334,0.0
fixed B=1,3,2,4.0,0.0,9.666666666666666,0.0
fixed B=4,3,2,4.0,0.0,10.666666666666666,0.0
rel B0=0 eps=.5,3,2,4.0,0.0,11.2,0.0
rel B0=1 eps=1,3,2,4.0,0.0,14.5,0.0
rel B0=0 eps=2,3,2,4.0,0.0,28.0,0.0
qlen B0=0 gam=1,3,2,4.0,0.0,9.333333333333334,0.0
qlen B0=1 gam=.5 eps=.5,3,2,4.0,0.0,11.6,0.0
thresh B=1 th=1 N=2,3,2,4.0,0.0,10.333333333333334,0.0
thresh B=0 th=.5 N=3 eps=1,3,2,4.0,0.0,14.75,0.0
cap B0=1 eps=1 Bmax=3,3,2,4.0,0.0,10.333333333333334,0.0
cap B0=0 eps=2 Bmax=2,3,2,4.0,0.0,10.0,0.0
cap B0=1 eps=.5 Bmax=1,3,2,4.0,0.0,9.666666666666666,0.0
cap+cnt B=1 e=1 th=1 N=2 Bm=4,3,2,4.0,0.0,11.333333333333334,0.0
skip N=2 (work channel off),3,2,4.0,0.0,12.0,0.0
skip N=5 (work channel off),3,2,4.0,0.0,16.0,0.0
fixed B=0,3,4,4.0,0.0,9.333333333333334,0.0
fixed B=1,3,4,4.0,0.0,9.666666666666666,0.0
fixed B=4,3,4,4.0,0.0,10.666666666666666,0.0
rel B0=0 eps=.5,3,4,4.0,0.0,11.8,0.0
rel B0=1 eps=1,3,4,4.0,0.0,16.0,0.0
rel B0=0 eps=2,3,4,4.0,0.0,34.0,0.0
qlen B0=0 gam=1,3,4,4.0,0.0,9.666666666666666,0.0
qlen B0=1 gam=.5 eps=.5,3,4,4.0,0.0,12.4,0.0
thresh B=1 th=1 N=2,3,4,4.0,0.0,10.333333333333334,0.0
thresh B=0 th=.5 N=3 eps=1,3,4,4.0,0.0,16.25,0.0
cap B0=1 eps=1 Bmax=3,3,4,4.0,0.0,10.333333333333334,0.0
cap B0=0 eps=2 Bmax=2,3,4,4.0,0.0,10.0,0.0
cap B0=1 eps=.5 Bmax=1,3,4,4.0,0.0,9.666666666666666,0.0
cap+cnt B=1 e=1 th=1 N=2 Bm=4,3,4,4.0,0.0,11.333333333333334,0.0
skip N=2 (work channel off),3,4,4.0,0.0,12.0,0.0
skip N=5 (work channel off),3,4,4.0,0.0,16.0,0.0
fixed B=0,2,6,4.0,0.0,8.0,0.0
fixed B=1,2,6,4.0,0.0,8.5,0.0
fixed B=4,2,6,4.0,0.0,10.0,0.0
rel B0=0 eps=.5,2,6,4.0,0.0,11.666666666666666,0.0
rel B0=1 eps=1,2,6,4.0,0.0,20.0,0.0
qlen B0=0 gam=1,2,6,4.0,0.0,9.0,0.0
qlen B0=1 gam=.5 eps=.5,2,6,4.0,0.0,12.666666666666666,0.0
thresh B=1 th=1 N=2,2,6,4.0,0.0,9.5,0.0
thresh B=0 th=.5 N=3 eps=1,2,6,4.0,0.0,20.5,0.0
cap B0=1 eps=1 Bmax=3,2,6,4.0,0.0,9.5,0.0
cap B0=1 eps=.5 Bmax=1,2,6,4.0,0.0,8.5,0.0
cap+cnt B=1 e=1 th=1 N=2 Bm=4,2,6,4.0,0.0,11.0,0.0
skip N=2 (work channel off),2,6,4.0,0.0,12.0,0.0
skip N=5 (work channel off),2,6,4.0,0.0,18.0,0.0
fixed B=0,2,6,4.0,0.0,8.0,0.0
fixed B=1,2,6,4.0,1.0,8.5,0.11764705882352941
fixed B=4,2,6,4.0,1.0,10.0,0.1
rel B0=0 eps=.5,2,6,4.0,1.0,11.0,0.09090909090909091
rel B0=1 eps=1,2,6,4.0,1.0,18.0,0.058823529411764705
qlen B0=0 gam=1,2,6,4.0,1.0,9.0,0.11764705882352941
qlen B0=1 gam=.5 eps=.5,2,6,4.0,1.0,12.333333333333334,0.08823529411764705
thresh B=1 th=1 N=2,2,6,4.0,1.0,9.5,0.10526315789473684
thresh B=0 th=.5 N=3 eps=1,2,6,4.0,1.0,18.5,0.05405405405405406
cap B0=1 eps=1 Bmax=3,2,6,4.0,1.0,9.5,0.10526315789473684
cap B0=1 eps=.5 Bmax=1,2,6,4.0,1.0,8.5,0.11764705882352941
cap+cnt B=1 e=1 th=1 N=2 Bm=4,2,6,4.0,1.0,11.0,0.09090909090909091
skip N=2 (work channel off),2,6,4.0,1.0,12.0,0.08333333333333333
skip N=5 (work channel off),2,6,4.0,1.0,18.0,0.05555555555555555
fixed B=0,2,3,4.0,0.0,8.0,0.0
fixed B=1,2,3,4.0,0.0,8.5,0.0
fixed B=4,2,3,4.0,0.0,10.0,0.0
rel B0=0 eps=.5,2,3,4.0,0.0,10.666666666666666,0.0
rel B0=1 eps=1,2,3,4.0,0.0,17.0,0.0
qlen B0=0 gam=1,2,3,4.0,0.0,8.0,0.0
qlen B0=1 gam=.5 eps=.5,2,3,4.0,0.0,11.333333333333334,0.0
thresh B=1 th=1 N=2,2,3,4.0,0.0,9.5,0.0
thresh B=0 th=.5 N=3 eps=1,2,3,4.0,0.0,17.5,0.0
cap B0=1 eps=1 Bmax=3,2,3,4.0,0.0,9.5,0.0
cap B0=1 eps=.5 Bmax=1,2,3,4.0,0.0,8.5,0.0
cap+cnt B=1 e=1 th=1 N=2 Bm=4,2,3,4.0,0.0,11.0,0.0
skip N=2 (work channel off),2,3,4.0,0.0,12.0,0.0
skip N=5 (work channel off),2,3,4.0,0.0,18.0,0.0
fixed B=0,2,9,4.0,0.0,8.0,0.0
fixed B=1,2,9,4.0,0.0,8.5,0.0
fixed B=4,2,9,4.0,0.0,10.0,0.0
rel B0=0 eps=.5,2,9,4.0,0.0,11.0,0.0
rel B0=1 eps=1,2,9,4.0,0.0,18.0,0.0
qlen B0=0 gam=1,2,9,4.0,0.0,10.0,0.0
qlen B0=1 gam=.5 eps=.5,2,9,4.0,0.0,13.0,0.0
thresh B=1 th=1 N=2,2,9,4.0,0.0,9.5,0.0
thresh B=0 th=.5 N=3 eps=1,2,9,4.0,0.0,18.5,0.0
cap B0=1 eps=1 Bmax=3,2,9,4.0,0.0,9.5,0.0
cap B0=1 eps=.5 Bmax=1,2,9,4.0,0.0,8.5,0.0
cap+cnt B=1 e=1 th=1 N=2 Bm=4,2,9,4.0,0.0,11.0,0.0
skip N=2 (work channel off),2,9,4.0,0.0,12.0,0.0
skip N=5 (work channel off),2,9,4.0,0.0,18.0,0.0
fixed B=0,1,5,4.0,0.0,4.0,0.0
fixed B=1,1,5,4.0,1.0,5.0,0.2
fixed B=4,1,5,4.0,1.0,8.0,0.125
rel B0=0 eps=.5,1,5,4.0,1.0,20.0,0.05
qlen B0=0 gam=1,1,5,4.0,1.0,7.0,0.14285714285714285
qlen B0=1 gam=.5 eps=.5,1,5,4.0,1.0,25.0,0.04
thresh B=1 th=1 N=2,1,5,4.0,1.0,7.0,0.14285714285714285
cap B0=1 eps=.5 Bmax=1,1,5,4.0,1.0,5.0,0.2
skip N=2 (work channel off),1,5,4.0,1.0,12.0,0.08333333333333333
skip N=5 (work channel off),1,5,4.0,1.0,24.0,0.041666666666666664
fixed B=0,2,2,1.0,0.0,2.0,0.0
fixed B=1,2,2,1.0,0.0,2.5,0.0
fixed B=4,2,2,1.0,0.0,4.0,0.0
rel B0=0 eps=.5,2,2,1.0,0.0,2.6666666666666665,0.0
rel B0=1 eps=1,2,2,1.0,0.0,5.0,0.0
qlen B0=0 gam=1,2,2,1.0,0.0,2.0,0.0
qlen B0=1 gam=.5 eps=.5,2,2,1.0,0.0,3.3333333333333335,0.0
thresh B=1 th=1 N=2,2,2,1.0,0.0,3.5,0.0
thresh B=0 th=.5 N=3 eps=1,2,2,1.0,0.0,5.5,0.0
cap B0=1 eps=1 Bmax=3,2,2,1.0,0.0,3.5,0.0
cap B0=1 eps=.5 Bmax=1,2,2,1.0,0.0,2.5,0.0
cap+cnt B=1 e=1 th=1 N=2 Bm=4,2,2,1.0,0.0,5.0,0.0
skip N=2 (work channel off),2,2,1.0,0.0,6.0,0.0
skip N=5 (work channel off),2,2,1.0,0.0,12.0,0.0
fixed B=0,3,5,4.0,0.0,9.333333333333334,0.0
fixed B=1,3,5,4.0,0.0,9.666666666666666,0.0
fixed B=4,3,5,4.0,0.0,10.666666666666666,0.0
rel B0=0 eps=.5,3,5,4.0,0.0,11.2,0.0
rel B0=1 eps=1,3,5,4.0,0.0,14.5,0.0
rel B0=0 eps=2,3,5,4.0,0.0,28.0,0.0
qlen B0=0 gam=1,3,5,4.0,0.0,10.0,0.0
qlen B0=1 gam=.5 eps=.5,3,5,4.0,0.0,12.0,0.0
thresh B=1 th=1 N=2,3,5,4.0,0.0,10.333333333333334,0.0
thresh B=0 th=.5 N=3 eps=1,3,5,4.0,0.0,14.75,0.0
cap B0=1 eps=1 Bmax=3,3,5,4.0,0.0,10.333333333333334,0.0
cap B0=0 eps=2 Bmax=2,3,5,4.0,0.0,10.0,0.0
cap B0=1 eps=.5 Bmax=1,3,5,4.0,0.0,9.666666666666666,0.0
cap+cnt B=1 e=1 th=1 N=2 Bm=4,3,5,4.0,0.0,11.333333333333334,0.0
skip N=2 (work channel off),3,5,4.0,0.0,12.0,0.0
skip N=5 (work channel off),3,5,4.0,0.0,16.0,0.0
fixed B=0,3,3,4.0,0.0,9.333333333333334,0.0
fixed B=1,3,3,4.0,0.0,9.666666666666666,0.0
fixed B=4,3,3,4.0,0.0,10.666666666666666,0.0
rel B0=0 eps=.5,3,3,4.0,0.0,11.2,0.0
rel B0=1 eps=1,3,3,4.0,0.0,14.5,0.0
rel B0=0 eps=2,3,3,4.0,0.0,28.0,0.0
qlen B0=0 gam=1,3,3,4.0,0.0,9.333333333333334,0.0
qlen B0=1 gam=.5 eps=.5,3,3,4.0,0.0,11.6,0.0
thresh B=1 th=1 N=2,3,3,4.0,0.0,10.333333333333334,0.0
thresh B=0 th=.5 N=3 eps=1,3,3,4.0,0.0,14.75,0.0
cap B0=1 eps=1 Bmax=3,3,3,4.0,0.0,10.333333333333334,0.0
cap B0=0 eps=2 Bmax=2,3,3,4.0,0.0,10.0,0.0
cap B0=1 eps=.5 Bmax=1,3,3,4.0,0.0,9.666666666666666,0.0
cap+cnt B=1 e=1 th=1 N=2 Bm=4,3,3,4.0,0.0,11.333333333333334,0.0
skip N=2 (work channel off),3,3,4.0,0.0,12.0,0.0
skip N=5 (work channel off),3,3,4.0,0.0,16.0,0.0
fixed B=0,2,8,4.0,0.0,8.0,0.0
fixed B=1,2,8,4.0,1.0,8.5,0.11764705882352941
fixed B=4,2,8,4.0,1.0,10.0,0.1
rel B0=0 eps=.5,2,8,4.0,0.0,12.666666666666668,0.0
rel B0=1 eps=1,2,8,4.0,1.0,23.0,0.058823529411764705
qlen B0=0 gam=1,2,8,4.0,0.0,9.5,0.0
qlen B0=1 gam=.5 eps=.5,2,8,4.0,1.0,14.333333333333332,0.08823529411764705
thresh B=1 th=1 N=2,2,8,4.0,1.0,9.5,0.10526315789473684
thresh B=0 th=.5 N=3 eps=1,2,8,4.0,0.0,23.5,0.0
cap B0=1 eps=1 Bmax=3,2,8,4.0,1.0,9.5,0.10526315789473684
cap B0=1 eps=.5 Bmax=1,2,8,4.0,1.0,8.5,0.11764705882352941
cap+cnt B=1 e=1 th=1 N=2 Bm=4,2,8,4.0,1.0,11.0,0.09090909090909091
skip N=2 (work channel off),2,8,4.0,1.0,12.0,0.08333333333333333
skip N=5 (work channel off),2,8,4.0,1.0,18.0,0.05555555555555555
fixed B=0,1,7,4.0,0.0,4.0,0.0
fixed B=1,1,7,4.0,1.0,5.0,0.2
fixed B=4,1,7,4.0,5.0,8.0,0.625
rel B0=0 eps=.5,1,7,4.0,1.0,14.0,0.1111111111111111
qlen B0=0 gam=1,1,7,4.0,1.0,7.0,0.2
qlen B0=1 gam=.5 eps=.5,1,7,4.0,5.0,19.0,0.4166666666666667
thresh B=1 th=1 N=2,1,7,4.0,5.0,7.0,0.7142857142857143
cap B0=1 eps=.5 Bmax=1,1,7,4.0,1.0,5.0,0.2
skip N=2 (work channel off),1,7,4.0,5.0,12.0,0.4166666666666667
skip N=5 (work channel off),1,7,4.0,5.0,24.0,0.20833333333333334
fixed B=0,1,3,4.0,0.0,4.0,0.0
fixed B=1,1,3,4.0,1.0,5.0,0.2
fixed B=4,1,3,4.0,1.0,8.0,0.125
rel B0=0 eps=.5,1,3,4.0,0.0,12.0,0.0
qlen B0=0 gam=1,1,3,4.0,0.0,5.0,0.0
qlen B0=1 gam=.5 eps=.5,1,3,4.0,1.0,15.0,0.1
thresh B=1 th=1 N=2,1,3,4.0,1.0,7.0,0.14285714285714285
cap B0=1 eps=.5 Bmax=1,1,3,4.0,1.0,5.0,0.2
skip N=2 (work channel off),1,3,4.0,1.0,12.0,0.08333333333333333
skip N=5 (work channel off),1,3,4.0,1.0,24.0,0.041666666666666664
fixed B=0,2,9,4.0,0.0,8.0,0.0
fixed B=1,2,9,4.0,4.0,8.5,0.47058823529411764
fixed B=4,2,9,4.0,4.0,10.0,0.4
rel B0=0 eps=.5,2,9,4.0,3.0,13.333333333333332,0.2727272727272727
rel B0=1 eps=1,2,9,4.0,4.0,25.0,0.23529411764705882
qlen B0=0 gam=1,2,9,4.0,0.0,10.0,0.0
qlen B0=1 gam=.5 eps=.5,2,9,4.0,4.0,15.333333333333332,0.3529411764705882
thresh B=1 th=1 N=2,2,9,4.0,4.0,9.5,0.42105263157894735
thresh B=0 th=.5 N=3 eps=1,2,9,4.0,3.0,25.5,0.16216216216216217
cap B0=1 eps=1 Bmax=3,2,9,4.0,4.0,9.5,0.42105263157894735
cap B0=1 eps=.5 Bmax=1,2,9,4.0,4.0,8.5,0.47058823529411764
cap+cnt B=1 e=1 th=1 N=2 Bm=4,2,9,4.0,4.0,11.0,0.36363636363636365
skip N=2 (work channel off),2,9,4.0,4.0,12.0,0.3333333333333333
skip N=5 (work channel off),2,9,4.0,8.0,18.0,0.4444444444444444
fixed B=0,3,3,4.0,0.0,9.333333333333334,0.0
fixed B=1,3,3,4.0,0.0,9.666666666666666,0.0
fixed B=4,3,3,4.0,0.0,10.666666666666666,0.0
rel B0=0 eps=.5,3,3,4.0,0.0,11.2,0.0
rel B0=1 eps=1,3,3,4.0,0.0,14.5,0.0
rel B0=0 eps=2,3,3,4.0,0.0,28.0,0.0
qlen B0=0 gam=1,3,3,4.0,0.0,9.666666666666666,0.0
qlen B0=1 gam=.5 eps=.5,3,3,4.0,0.0,11.8,0.0
thresh B=1 th=1 N=2,3,3,4.0,0.0,10.333333333333334,0.0
thresh B=0 th=.5 N=3 eps=1,3,3,4.0,0.0,14.75,0.0
cap B0=1 eps=1 Bmax=3,3,3,4.0,0.0,10.333333333333334,0.0
cap B0=0 eps=2 Bmax=2,3,3,4.0,0.0,10.0,0.0
cap B0=1 eps=.5 Bmax=1,3,3,4.0,0.0,9.666666666666666,0.0
cap+cnt B=1 e=1 th=1 N=2 Bm=4,3,3,4.0,0.0,11.333333333333334,0.0
skip N=2 (work channel off),3,3,4.0,0.0,12.0,0.0
skip N=5 (work channel off),3,3,4.0,0.0,16.0,0.0
fixed B=0,1,9,4.0,0.0,4.0,0.0
fixed B=1,1,9,4.0,4.0,5.0,0.8
fixed B=4,1,9,4.0,4.0,8.0,0.5
rel B0=0 eps=.5,1,9,4.0,5.0,16.0,0.4166666666666667
qlen B0=0 gam=1,1,9,4.0,1.0,11.0,0.2
qlen B0=1 gam=.5 eps=.5,1,9,4.0,5.0,24.0,0.4
thresh B=1 th=1 N=2,1,9,4.0,4.0,7.0,0.5714285714285714
cap B0=1 eps=.5 Bmax=1,1,9,4.0,4.0,5.0,0.8
skip N=2 (work channel off),1,9,4.0,4.0,12.0,0.3333333333333333
skip N=5 (work channel off),1,9,4.0,5.0,24.0,0.20833333333333334
fixed B=0,1,2,1.0,0.0,1.0,0.0
fixed B=1,1,2,1.0,0.0,2.0,0.0
fixed B=4,1,2,1.0,0.0,5.0,0.0
rel B0=0 eps=.5,1,2,1.0,0.0,2.0,0.0
qlen B0=0 gam=1,1,2,1.0,0.0,1.0,0.0
qlen B0=1 gam=.5 eps=.5,1,2,1.0,0.0,4.0,0.0
thresh B=1 th=1 N=2,1,2,1.0,0.0,4.0,0.0
cap B0=1 eps=.5 Bmax=1,1,2,1.0,0.0,2.0,0.0
skip N=2 (work channel off),1,2,1.0,0.0,9.0,0.0
skip N=5 (work channel off),1,2,1.0,0.0,21.0,0.0
fixed B=0,2,7,4.0,0.0,8.0,0.0
fixed B=1,2,7,4.0,0.0,8.5,0.0
fixed B=4,2,7,4.0,0.0,10.0,0.0
rel B0=0 eps=.5,2,7,4.0,1.0,12.0,0.09090909090909091
rel B0=1 eps=1,2,7,4.0,0.0,21.0,0.0
qlen B0=0 gam=1,2,7,4.0,0.0,9.5,0.0
qlen B0=1 gam=.5 eps=.5,2,7,4.0,0.0,13.666666666666668,0.0
thresh B=1 th=1 N=2,2,7,4.0,0.0,9.5,0.0
thresh B=0 th=.5 N=3 eps=1,2,7,4.0,1.0,21.5,0.05405405405405406
cap B0=1 eps=1 Bmax=3,2,7,4.0,0.0,9.5,0.0
cap B0=1 eps=.5 Bmax=1,2,7,4.0,0.0,8.5,0.0
cap+cnt B=1 e=1 th=1 N=2 Bm=4,2,7,4.0,0.0,11.0,0.0
skip N=2 (work channel off),2,7,4.0,0.0,12.0,0.0
skip N=5 (work channel off),2,7,4.0,0.0,18.0,0.0
fixed B=0,3,8,4.0,0.0,9.333333333333334,0.0
fixed B=1,3,8,4.0,0.0,9.666666666666666,0.0
fixed B=4,3,8,4.0,0.0,10.666666666666666,0.0
rel B0=0 eps=.5,3,8,4.0,0.0,11.2,0.0
rel B0=1 eps=1,3,8,4.0,0.0,14.5,0.0
rel B0=0 eps=2,3,8,4.0,0.0,28.0,0.0
qlen B0=0 gam=1,3,8,4.0,0.0,10.333333333333334,0.0
qlen B0=1 gam=.5 eps=.5,3,8,4.0,0.0,12.2,0.0
thresh B=1 th=1 N=2,3,8,4.0,0.0,10.333333333333334,0.0
thresh B=0 th=.5 N=3 eps=1,3,8,4.0,0.0,14.75,0.0
cap B0=1 eps=1 Bmax=3,3,8,4.0,0.0,10.333333333333334,0.0
cap B0=0 eps=2 Bmax=2,3,8,4.0,0.0,10.0,0.0
cap B0=1 eps=.5 Bmax=1,3,8,4.0,0.0,9.666666666666666,0.0
cap+cnt B=1 e=1 th=1 N=2 Bm=4,3,8,4.0,0.0,11.333333333333334,0.0
skip N=2 (work channel off),3,8,4.0,0.0,12.0,0.0
skip N=5 (work channel off),3,8,4.0,0.0,16.0,0.0
fixed B=0,2,3,4.0,0.0,8.0,0.0
fixed B=1,2,3,4.0,0.0,8.5,0.0
fixed B=4,2,3,4.0,0.0,10.0,0.0
rel B0=0 eps=.5,2,3,4.0,0.0,10.666666666666666,0.0
rel B0=1 eps=1,2,3,4.0,0.0,17.0,0.0
qlen B0=0 gam=1,2,3,4.0,0.0,8.5,0.0
qlen B0=1 gam=.5 eps=.5,2,3,4.0,0.0,11.666666666666666,0.0
thresh B=1 th=1 N=2,2,3,4.0,0.0,9.5,0.0
thresh B=0 th=.5 N=3 eps=1,2,3,4.0,0.0,17.5,0.0
cap B0=1 eps=1 Bmax=3,2,3,4.0,0.0,9.5,0.0
cap B0=1 eps=.5 Bmax=1,2,3,4.0,0.0,8.5,0.0
cap+cnt B=1 e=1 th=1 N=2 Bm=4,2,3,4.0,0.0,11.0,0.0
skip N=2 (work channel off),2,3,4.0,0.0,12.0,0.0
skip N=5 (work channel off),2,3,4.0,0.0,18.0,0.0
fixed B=0,2,2,4.0,0.0,8.0,0.0
fixed B=1,2,2,4.0,0.0,8.5,0.0
fixed B=4,2,2,4.0,0.0,10.0,0.0
rel B0=0 eps=.5,2,2,4.0,0.0,10.666666666666666,0.0
rel B0=1 eps=1,2,2,4.0,0.0,17.0,0.0
qlen B0=0 gam=1,2,2,4.0,0.0,8.0,0.0
qlen B0=1 gam=.5 eps=.5,2,2,4.0,0.0,11.333333333333334,0.0
thresh B=1 th=1 N=2,2,2,4.0,0.0,9.5,0.0
thresh B=0 th=.5 N=3 eps=1,2,2,4.0,0.0,17.5,0.0
cap B0=1 eps=1 Bmax=3,2,2,4.0,0.0,9.5,0.0
cap B0=1 eps=.5 Bmax=1,2,2,4.0,0.0,8.5,0.0
cap+cnt B=1 e=1 th=1 N=2 Bm=4,2,2,4.0,0.0,11.0,0.0
skip N=2 (work channel off),2,2,4.0,0.0,12.0,0.0
skip N=5 (work channel off),2,2,4.0,0.0,18.0,0.0
fixed B=0,3,3,4.0,0.0,9.333333333333334,0.0
fixed B=1,3,3,4.0,0.0,9.666666666666666,0.0
fixed B=4,3,3,4.0,0.0,10.666666666666666,0.0
rel B0=0 eps=.5,3,3,4.0,0.0,11.2,0.0
rel B0=1 eps=1,3,3,4.0,0.0,14.5,0.0
rel B0=0 eps=2,3,3,4.0,0.0,28.0,0.0
qlen B0=0 gam=1,3,3,4.0,0.0,9.333333333333334,0.0
qlen B0=1 gam=.5 eps=.5,3,3,4.0,0.0,11.6,0.0
thresh B=1 th=1 N=2,3,3,4.0,0.0,10.333333333333334,0.0
thresh B=0 th=.5 N=3 eps=1,3,3,4.0,0.0,14.75,0.0
cap B0=1 eps=1 Bmax=3,3,3,4.0,0.0,10.333333333333334,0.0
cap B0=0 eps=2 Bmax=2,3,3,4.0,0.0,10.0,0.0
cap B0=1 eps=.5 Bmax=1,3,3,4.0,0.0,9.666666666666666,0.0
cap+cnt B=1 e=1 th=1 N=2 Bm=4,3,3,4.0,0.0,11.333333333333334,0.0
skip N=2 (work channel off),3,3,4.0,0.0,12.0,0.0
skip N=5 (work channel off),3,3,4.0,0.0,16.0,0.0
fixed B=0,2,9,4.0,0.0,8.0,0.0
fixed B=1,2,9,4.0,3.0,8.5,0.35294117647058826
fixed B=4,2,9,4.0,3.0,10.0,0.3
rel B0=0 eps=.5,2,9,4.0,1.0,12.0,0.09090909090909091
rel B0=1 eps=1,2,9,4.0,3.0,21.0,0.16666666666666666
qlen B0=0 gam=1,2,9,4.0,3.0,10.0,0.3157894736842105
qlen B0=1 gam=.5 eps=.5,2,9,4.0,3.0,13.666666666666668,0.2368421052631579
thresh B=1 th=1 N=2,2,9,4.0,3.0,9.5,0.3157894736842105
thresh B=0 th=.5 N=3 eps=1,2,9,4.0,3.0,21.5,0.16216216216216217
cap B0=1 eps=1 Bmax=3,2,9,4.0,3.0,9.5,0.3157894736842105
cap B0=1 eps=.5 Bmax=1,2,9,4.0,3.0,8.5,0.35294117647058826
cap+cnt B=1 e=1 th=1 N=2 Bm=4,2,9,4.0,3.0,11.0,0.2727272727272727
skip N=2 (work channel off),2,9,4.0,3.0,12.0,0.25
skip N=5 (work channel off),2,9,4.0,3.0,18.0,0.16666666666666666
fixed B=0,2,6,1.0,0.0,2.0,0.0
fixed B=1,2,6,1.0,0.0,2.5,0.0
fixed B=4,2,6,1.0,0.0,4.0,0.0
rel B0=0 eps=.5,2,6,1.0,0.0,3.0,0.0
rel B0=1 eps=1,2,6,1.0,0.0,6.0,0.0
qlen B0=0 gam=1,2,6,1.0,0.0,4.0,0.0
qlen B0=1 gam=.5 eps=.5,2,6,1.0,0.0,5.0,0.0
thresh B=1 th=1 N=2,2,6,1.0,0.0,3.5,0.0
thresh B=0 th=.5 N=3 eps=1,2,6,1.0,0.0,6.5,0.0
cap B0=1 eps=1 Bmax=3,2,6,1.0,0.0,3.5,0.0
cap B0=1 eps=.5 Bmax=1,2,6,1.0,0.0,2.5,0.0
cap+cnt B=1 e=1 th=1 N=2 Bm=4,2,6,1.0,0.0,5.0,0.0
skip N=2 (work channel off),2,6,1.0,0.0,6.0,0.0
skip N=5 (work channel off),2,6,1.0,0.0,12.0,0.0
fixed B=0,1,3,4.0,0.0,4.0,0.0
fixed B=1,1,3,4.0,0.0,5.0,0.0
fixed B=4,1,3,4.0,0.0,8.0,0.0
rel B0=0 eps=.5,1,3,4.0,0.0,12.0,0.0
qlen B0=0 gam=1,1,3,4.0,0.0,5.0,0.0
qlen B0=1 gam=.5 eps=.5,1,3,4.0,0.0,15.0,0.0
thresh B=1 th=1 N=2,1,3,4.0,0.0,7.0,0.0
cap B0=1 eps=.5 Bmax=1,1,3,4.0,0.0,5.0,0.0
skip N=2 (work channel off),1,3,4.0,0.0,12.0,0.0
skip N=5 (work channel off),1,3,4.0,0.0,24.0,0.0
fixed B=0,3,9,4.0,0.0,9.333333333333334,0.0
fixed B=1,3,9,4.0,1.0,9.666666666666666,0.10344827586206898
fixed B=4,3,9,4.0,3.0,10.666666666666666,0.28125
rel B0=0 eps=.5,3,9,4.0,1.0,11.6,0.08771929824561403
rel B0=1 eps=1,3,9,4.0,3.0,15.5,0.20689655172413793
rel B0=0 eps=2,3,9,4.0,2.0,32.0,0.06666666666666667
qlen B0=0 gam=1,3,9,4.0,1.0,11.0,0.10344827586206898
qlen B0=1 gam=.5 eps=.5,3,9,4.0,2.0,13.0,0.1724137931034483
thresh B=1 th=1 N=2,3,9,4.0,1.0,10.333333333333334,0.0967741935483871
thresh B=0 th=.5 N=3 eps=1,3,9,4.0,2.0,15.75,0.13114754098360656
cap B0=1 eps=1 Bmax=3,3,9,4.0,3.0,10.333333333333334,0.29032258064516125
cap B0=0 eps=2 Bmax=2,3,9,4.0,2.0,10.0,0.2
cap B0=1 eps=.5 Bmax=1,3,9,4.0,1.0,9.666666666666666,0.10344827586206898
cap+cnt B=1 e=1 th=1 N=2 Bm=4,3,9,4.0,1.0,11.333333333333334,0.08823529411764705
skip N=2 (work channel off),3,9,4.0,1.0,12.0,0.08333333333333333
skip N=5 (work channel off),3,9,4.0,3.0,16.0,0.1875
fixed B=0,1,7,4.0,0.0,4.0,0.0
fixed B=1,1,7,4.0,4.0,5.0,0.8
fixed B=4,1,7,4.0,4.0,8.0,0.5
rel B0=0 eps=.5,1,7,4.0,5.0,18.0,0.4444444444444444
qlen B0=0 gam=1,1,7,4.0,4.0,9.0,0.8
qlen B0=1 gam=.5 eps=.5,1,7,4.0,6.0,25.0,0.35294117647058826
thresh B=1 th=1 N=2,1,7,4.0,4.0,7.0,0.5714285714285714
cap B0=1 eps=.5 Bmax=1,1,7,4.0,4.0,5.0,0.8
skip N=2 (work channel off),1,7,4.0,8.0,12.0,0.6666666666666666
skip N=5 (work channel off),1,7,4.0,8.0,24.0,0.3333333333333333
fixed B=0,2,2,1.0,0.0,2.0,0.0
fixed B=1,2,2,1.0,0.0,2.5,0.0
fixed B=4,2,2,1.0,0.0,4.0,0.0
rel B0=0 eps=.5,2,2,1.0,0.0,2.6666666666666665,0.0
rel B0=1 eps=1,2,2,1.0,0.0,5.0,0.0
qlen B0=0 gam=1,2,2,1.0,0.0,2.0,0.0
qlen B0=1 gam=.5 eps=.5,2,2,1.0,0.0,3.3333333333333335,0.0
thresh B=1 th=1 N=2,2,2,1.0,0.0,3.5,0.0
thresh B=0 th=.5 N=3 eps=1,2,2,1.0,0.0,5.5,0.0
cap B0=1 eps=1 Bmax=3,2,2,1.0,0.0,3.5,0.0
cap B0=1 eps=.5 Bmax=1,2,2,1.0,0.0,2.5,0.0
cap+cnt B=1 e=1 th=1 N=2 Bm=4,2,2,1.0,0.0,5.0,0.0
skip N=2 (work channel off),2,2,1.0,0.0,6.0,0.0
skip N=5 (work channel off),2,2,1.0,0.0,12.0,0.0
fixed B=0,3,4,4.0,0.0,9.333333333333334,0.0
fixed B=1,3,4,4.0,0.0,9.666666666666666,0.0
fixed B=4,3,4,4.0,0.0,10.666666666666666,0.0
rel B0=0 eps=.5,3,4,4.0,0.0,11.2,0.0
rel B0=1 eps=1,3,4,4.0,0.0,14.5,0.0
rel B0=0 eps=2,3,4,4.0,0.0,28.0,0.0
qlen B0=0 gam=1,3,4,4.0,0.0,10.0,0.0
qlen B0=1 gam=.5 eps=.5,3,4,4.0,0.0,12.0,0.0
thresh B=1 th=1 N=2,3,4,4.0,0.0,10.333333333333334,0.0
thresh B=0 th=.5 N=3 eps=1,3,4,4.0,0.0,14.75,0.0
cap B0=1 eps=1 Bmax=3,3,4,4.0,0.0,10.333333333333334,0.0
cap B0=0 eps=2 Bmax=2,3,4,4.0,0.0,10.0,0.0
cap B0=1 eps=.5 Bmax=1,3,4,4.0,0.0,9.666666666666666,0.0
cap+cnt B=1 e=1 th=1 N=2 Bm=4,3,4,4.0,0.0,11.333333333333334,0.0
skip N=2 (work channel off),3,4,4.0,0.0,12.0,0.0
skip N=5 (work channel off),3,4,4.0,0.0,16.0,0.0
fixed B=0,1,6,4.0,0.0,4.0,0.0
fixed B=1,1,6,4.0,1.0,5.0,0.2
fixed B=4,1,6,4.0,1.0,8.0,0.125
rel B0=0 eps=.5,1,6,4.0,4.0,10.0,0.4444444444444444
qlen B0=0 gam=1,1,6,4.0,1.0,8.0,0.2
qlen B0=1 gam=.5 eps=.5,1,6,4.0,1.0,15.0,0.1
thresh B=1 th=1 N=2,1,6,4.0,1.0,7.0,0.14285714285714285
cap B0=1 eps=.5 Bmax=1,1,6,4.0,1.0,5.0,0.2
skip N=2 (work channel off),1,6,4.0,1.0,12.0,0.08333333333333333
skip N=5 (work channel off),1,6,4.0,1.0,24.0,0.041666666666666664
fixed B=0,2,8,4.0,0.0,8.0,0.0
fixed B=1,2,8,4.0,0.0,8.5,0.0
fixed B=4,2,8,4.0,0.0,10.0,0.0
rel B0=0 eps=.5,2,8,4.0,2.0,11.333333333333334,0.18181818181818182
rel B0=1 eps=1,2,8,4.0,0.0,19.0,0.0
qlen B0=0 gam=1,2,8,4.0,0.0,9.5,0.0
qlen B0=1 gam=.5 eps=.5,2,8,4.0,0.0,13.0,0.0
thresh B=1 th=1 N=2,2,8,4.0,0.0,9.5,0.0
thresh B=0 th=.5 N=3 eps=1,2,8,4.0,2.0,19.5,0.10810810810810811
cap B0=1 eps=1 Bmax=3,2,8,4.0,0.0,9.5,0.0
cap B0=1 eps=.5 Bmax=1,2,8,4.0,0.0,8.5,0.0
cap+cnt B=1 e=1 th=1 N=2 Bm=4,2,8,4.0,0.0,11.0,0.0
skip N=2 (work channel off),2,8,4.0,0.0,12.0,0.0
skip N=5 (work channel off),2,8,4.0,0.0,18.0,0.0
fixed B=0,2,5,4.0,0.0,8.0,0.0
fixed B=1,2,5,4.0,0.0,8.5,0.0
fixed B=4,2,5,4.0,0.0,10.0,0.0
rel B0=0 eps=.5,2,5,4.0,1.0,11.666666666666666,0.08571428571428572
rel B0=1 eps=1,2,5,4.0,0.0,20.0,0.0
qlen B0=0 gam=1,2,5,4.0,0.0,9.0,0.0
qlen B0=1 gam=.5 eps=.5,2,5,4.0,0.0,13.0,0.0
thresh B=1 th=1 N=2,2,5,4.0,0.0,9.5,0.0
thresh B=0 th=.5 N=3 eps=1,2,5,4.0,1.0,20.5,0.04878048780487805
cap B0=1 eps=1 Bmax=3,2,5,4.0,0.0,9.5,0.0
cap B0=1 eps=.5 Bmax=1,2,5,4.0,0.0,8.5,0.0
cap+cnt B=1 e=1 th=1 N=2 Bm=4,2,5,4.0,0.0,11.0,0.0
skip N=2 (work channel off),2,5,4.0,0.0,12.0,0.0
skip N=5 (work channel off),2,5,4.0,0.0,18.0,0.0
fixed B=0,1,6,4.0,0.0,4.0,0.0
fixed B=1,1,6,4.0,4.0,5.0,0.8
fixed B=4,1,6,4.0,4.0,8.0,0.5
rel B0=0 eps=.5,1,6,4.0,4.0,11.0,0.4
qlen B0=0 gam=1,1,6,4.0,4.0,7.0,0.6666666666666666
qlen B0=1 gam=.5 eps=.5,1,6,4.0,4.0,15.0,0.3076923076923077
thresh B=1 th=1 N=2,1,6,4.0,4.0,7.0,0.5714285714285714
cap B0=1 eps=.5 Bmax=1,1,6,4.0,4.0,5.0,0.8
skip N=2 (work channel off),1,6,4.0,4.0,12.0,0.3333333333333333
skip N=5 (work channel off),1,6,4.0,4.0,24.0,0.16666666666666666
fixed B=0,1,4,4.0,0.0,4.0,0.0
fixed B=1,1,4,4.0,4.0,5.0,0.8
fixed B=4,1,4,4.0,4.0,8.0,0.5
rel B0=0 eps=.5,1,4,4.0,0.0,12.0,0.0
qlen B0=0 gam=1,1,4,4.0,4.0,7.0,0.8
qlen B0=1 gam=.5 eps=.5,1,4,4.0,4.0,17.0,0.4
thresh B=1 th=1 N=2,1,4,4.0,4.0,7.0,0.5714285714285714
cap B0=1 eps=.5 Bmax=1,1,4,4.0,4.0,5.0,0.8
skip N=2 (work channel off),1,4,4.0,4.0,12.0,0.3333333333333333
skip N=5 (work channel off),1,4,4.0,4.0,24.0,0.16666666666666666
fixed B=0,2,5,4.0,0.0,8.0,0.0
fixed B=1,2,5,4.0,4.0,8.5,0.47058823529411764
fixed B=4,2,5,4.0,4.0,10.0,0.4
rel B0=0 eps=.5,2,5,4.0,0.0,11.666666666666666,0.0
rel B0=1 eps=1,2,5,4.0,4.0,20.0,0.23529411764705882
qlen B0=0 gam=1,2,5,4.0,4.0,9.0,0.47058823529411764
qlen B0=1 gam=.5 eps=.5,2,5,4.0,4.0,12.666666666666666,0.34285714285714286
thresh B=1 th=1 N=2,2,5,4.0,4.0,9.5,0.42105263157894735
thresh B=0 th=.5 N=3 eps=1,2,5,4.0,0.0,20.5,0.0
cap B0=1 eps=1 Bmax=3,2,5,4.0,4.0,9.5,0.42105263157894735
cap B0=1 eps=.5 Bmax=1,2,5,4.0,4.0,8.5,0.47058823529411764
cap+cnt B=1 e=1 th=1 N=2 Bm=4,2,5,4.0,4.0,11.0,0.36363636363636365
skip N=2 (work channel off),2,5,4.0,4.0,12.0,0.3333333333333333
skip N=5 (work channel off),2,5,4.0,4.0,18.0,0.2222222222222222
fixed B=0,3,7,4.0,0.0,9.333333333333334,0.0
fixed B=1,3,7,4.0,0.0,9.666666666666666,0.0
fixed B=4,3,7,4.0,0.0,10.666666666666666,0.0
rel B0=0 eps=.5,3,7,4.0,0.0,11.2,0.0
rel B0=1 eps=1,3,7,4.0,0.0,14.5,0.0
rel B0=0 eps=2,3,7,4.0,0.0,28.0,0.0
qlen B0=0 gam=1,3,7,4.0,0.0,10.0,0.0
qlen B0=1 gam=.5 eps=.5,3,7,4.0,0.0,12.0,0.0
thresh B=1 th=1 N=2,3,7,4.0,0.0,10.333333333333334,0.0
thresh B=0 th=.5 N=3 eps=1,3,7,4.0,0.0,14.75,0.0
cap B0=1 eps=1 Bmax=3,3,7,4.0,0.0,10.333333333333334,0.0
cap B0=0 eps=2 Bmax=2,3,7,4.0,0.0,10.0,0.0
cap B0=1 eps=.5 Bmax=1,3,7,4.0,0.0,9.666666666666666,0.0
cap+cnt B=1 e=1 th=1 N=2 Bm=4,3,7,4.0,0.0,11.333333333333334,0.0
skip N=2 (work channel off),3,7,4.0,0.0,12.0,0.0
skip N=5 (work channel off),3,7,4.0,0.0,16.0,0.0
fixed B=0,3,7,4.0,0.0,9.333333333333334,0.0
fixed B=1,3,7,4.0,1.0,9.666666666666666,0.10344827586206898
fixed B=4,3,7,4.0,2.0,10.666666666666666,0.1875
rel B0=0 eps=.5,3,7,4.0,2.0,11.6,0.17543859649122806
rel B0=1 eps=1,3,7,4.0,2.0,15.5,0.13333333333333333
rel B0=0 eps=2,3,7,4.0,2.0,32.0,0.06666666666666667
qlen B0=0 gam=1,3,7,4.0,1.0,10.333333333333334,0.10344827586206898
qlen B0=1 gam=.5 eps=.5,3,7,4.0,2.0,12.6,0.16666666666666666
thresh B=1 th=1 N=2,3,7,4.0,2.0,10.333333333333334,0.1935483870967742
thresh B=0 th=.5 N=3 eps=1,3,7,4.0,2.0,15.75,0.13114754098360656
cap B0=1 eps=1 Bmax=3,3,7,4.0,2.0,10.333333333333334,0.1935483870967742
cap B0=0 eps=2 Bmax=2,3,7,4.0,2.0,10.0,0.2
cap B0=1 eps=.5 Bmax=1,3,7,4.0,1.0,9.666666666666666,0.10344827586206898
cap+cnt B=1 e=1 th=1 N=2 Bm=4,3,7,4.0,2.0,11.333333333333334,0.1764705882352941
skip N=2 (work channel off),3,7,4.0,2.0,12.0,0.16666666666666666
skip N=5 (work channel off),3,7,4.0,2.0,16.0,0.125
fixed B=0,3,3,1.0,0.0,2.3333333333333335,0.0
fixed B=1,3,3,1.0,0.0,2.6666666666666665,0.0
fixed B=4,3,3,1.0,0.0,3.6666666666666665,0.0
rel B0=0 eps=.5,3,3,1.0,0.0,2.8,0.0
rel B0=1 eps=1,3,3,1.0,0.0,4.0,0.0
rel B0=0 eps=2,3,3,1.0,0.0,7.0,0.0
qlen B0=0 gam=1,3,3,1.0,0.0,2.6666666666666665,0.0
qlen B0=1 gam=.5 eps=.5,3,3,1.0,0.0,3.4,0.0
thresh B=1 th=1 N=2,3,3,1.0,0.0,3.3333333333333335,0.0
thresh B=0 th=.5 N=3 eps=1,3,3,1.0,0.0,4.25,0.0
cap B0=1 eps=1 Bmax=3,3,3,1.0,0.0,3.3333333333333335,0.0
cap B0=0 eps=2 Bmax=2,3,3,1.0,0.0,3.0,0.0
cap B0=1 eps=.5 Bmax=1,3,3,1.0,0.0,2.6666666666666665,0.0
cap+cnt B=1 e=1 th=1 N=2 Bm=4,3,3,1.0,0.0,4.333333333333333,0.0
skip N=2 (work channel off),3,3,1.0,0.0,5.0,0.0
skip N=5 (work channel off),3,3,1.0,0.0,9.0,0.0
fixed B=0,3,8,1.0,0.0,2.3333333333333335,0.0
fixed B=1,3,8,1.0,0.0,2.6666666666666665,0.0
fixed B=4,3,8,1.0,0.0,3.6666666666666665,0.0
rel B0=0 eps=.5,3,8,1.0,0.0,2.8,0.0
rel B0=1 eps=1,3,8,1.0,0.0,4.0,0.0
rel B0=0 eps=2,3,8,1.0,0.0,7.0,0.0
qlen B0=0 gam=1,3,8,1.0,0.0,3.3333333333333335,0.0
qlen B0=1 gam=.5 eps=.5,3,8,1.0,0.0,3.8,0.0
thresh B=1 th=1 N=2,3,8,1.0,0.0,3.3333333333333335,0.0
thresh B=0 th=.5 N=3 eps=1,3,8,1.0,0.0,4.25,0.0
cap B0=1 eps=1 Bmax=3,3,8,1.0,0.0,3.3333333333333335,0.0
cap B0=0 eps=2 Bmax=2,3,8,1.0,0.0,3.0,0.0
cap B0=1 eps=.5 Bmax=1,3,8,1.0,0.0,2.6666666666666665,0.0
cap+cnt B=1 e=1 th=1 N=2 Bm=4,3,8,1.0,0.0,4.333333333333333,0.0
skip N=2 (work channel off),3,8,1.0,0.0,5.0,0.0
skip N=5 (work channel off),3,8,1.0,0.0,9.0,0.0
fixed B=0,3,2,1.0,0.0,2.3333333333333335,0.0
fixed B=1,3,2,1.0,0.0,2.6666666666666665,0.0
fixed B=4,3,2,1.0,0.0,3.6666666666666665,0.0
rel B0=0 eps=.5,3,2,1.0,0.0,2.8,0.0
rel B0=1 eps=1,3,2,1.0,0.0,4.0,0.0
rel B0=0 eps=2,3,2,1.0,0.0,7.0,0.0
qlen B0=0 gam=1,3,2,1.0,0.0,2.3333333333333335,0.0
qlen B0=1 gam=.5 eps=.5,3,2,1.0,0.0,3.2,0.0
thresh B=1 th=1 N=2,3,2,1.0,0.0,3.3333333333333335,0.0
thresh B=0 th=.5 N=3 eps=1,3,2,1.0,0.0,4.25,0.0
cap B0=1 eps=1 Bmax=3,3,2,1.0,0.0,3.3333333333333335,0.0
cap B0=0 eps=2 Bmax=2,3,2,1.0,0.0,3.0,0.0
cap B0=1 eps=.5 Bmax=1,3,2,1.0,0.0,2.6666666666666665,0.0
cap+cnt B=1 e=1 th=1 N=2 Bm=4,3,2,1.0,0.0,4.333333333333333,0.0
skip N=2 (work channel off),3,2,1.0,0.0,5.0,0.0
skip N=5 (work channel off),3,2,1.0,0.0,9.0,0.0
fixed B=0,2,6,4.0,0.0,8.0,0.0
fixed B=1,2,6,4.0,0.0,8.5,0.0
fixed B=4,2,6,4.0,0.0,10.0,0.0
rel B0=0 eps=.5,2,6,4.0,0.0,11.666666666666666,0.0
rel B0=1 eps=1,2,6,4.0,0.0,20.0,0.0
qlen B0=0 gam=1,2,6,4.0,0.0,9.0,0.0
qlen B0=1 gam=.5 eps=.5,2,6,4.0,0.0,12.666666666666666,0.0
thresh B=1 th=1 N=2,2,6,4.0,0.0,9.5,0.0
thresh B=0 th=.5 N=3 eps=1,2,6,4.0,0.0,20.5,0.0
cap B0=1 eps=1 Bmax=3,2,6,4.0,0.0,9.5,0.0
cap B0=1 eps=.5 Bmax=1,2,6,4.0,0.0,8.5,0.0
cap+cnt B=1 e=1 th=1 N=2 Bm=4,2,6,4.0,0.0,11.0,0.0
skip N=2 (work channel off),2,6,4.0,0.0,12.0,0.0
skip N=5 (work channel off),2,6,4.0,0.0,18.0,0.0
fixed B=0,1,8,4.0,0.0,4.0,0.0
fixed B=1,1,8,4.0,0.0,5.0,0.0
fixed B=4,1,8,4.0,0.0,8.0,0.0
rel B0=0 eps=.5,1,8,4.0,1.0,14.0,0.1111111111111111
qlen B0=0 gam=1,1,8,4.0,0.0,10.0,0.0
qlen B0=1 gam=.5 eps=.5,1,8,4.0,0.0,22.0,0.0
thresh B=1 th=1 N=2,1,8,4.0,0.0,7.0,0.0
cap B0=1 eps=.5 Bmax=1,1,8,4.0,0.0,5.0,0.0
skip N=2 (work channel off),1,8,4.0,0.0,12.0,0.0
skip N=5 (work channel off),1,8,4.0,0.0,24.0,0.0
fixed B=0,2,7,4.0,0.0,8.0,0.0
fixed B=1,2,7,4.0,0.0,8.5,0.0
fixed B=4,2,7,4.0,0.0,10.0,0.0
rel B0=0 eps=.5,2,7,4.0,0.0,10.666666666666666,0.0
rel B0=1 eps=1,2,7,4.0,0.0,17.0,0.0
qlen B0=0 gam=1,2,7,4.0,0.0,9.0,0.0
qlen B0=1 gam=.5 eps=.5,2,7,4.0,0.0,12.0,0.0
thresh B=1 th=1 N=2,2,7,4.0,0.0,9.5,0.0
thresh B=0 th=.5 N=3 eps=1,2,7,4.0,0.0,17.5,0.0
cap B0=1 eps=1 Bmax=3,2,7,4.0,0.0,9.5,0.0
cap B0=1 eps=.5 Bmax=1,2,7,4.0,0.0,8.5,0.0
cap+cnt B=1 e=1 th=1 N=2 Bm=4,2,7,4.0,0.0,11.0,0.0
skip N=2 (work channel off),2,7,4.0,0.0,12.0,0.0
skip N=5 (work channel off),2,7,4.0,0.0,18.0,0.0
fixed B=0,2,8,4.0,0.0,8.0,0.0
fixed B=1,2,8,4.0,0.0,8.5,0.0
fixed B=4,2,8,4.0,0.0,10.0,0.0
rel B0=0 eps=.5,2,8,4.0,0.0,11.0,0.0
rel B0=1 eps=1,2,8,4.0,0.0,18.0,0.0
qlen B0=0 gam=1,2,8,4.0,0.0,10.0,0.0
qlen B0=1 gam=.5 eps=.5,2,8,4.0,0.0,12.666666666666666,0.0
thresh B=1 th=1 N=2,2,8,4.0,0.0,9.5,0.0
thresh B=0 th=.5 N=3 eps=1,2,8,4.0,0.0,18.5,0.0
cap B0=1 eps=1 Bmax=3,2,8,4.0,0.0,9.5,0.0
cap B0=1 eps=.5 Bmax=1,2,8,4.0,0.0,8.5,0.0
cap+cnt B=1 e=1 th=1 N=2 Bm=4,2,8,4.0,0.0,11.0,0.0
skip N=2 (work channel off),2,8,4.0,0.0,12.0,0.0
skip N=5 (work channel off),2,8,4.0,0.0,18.0,0.0
fixed B=0,3,2,4.0,0.0,9.333333333333334,0.0
fixed B=1,3,2,4.0,0.0,9.666666666666666,0.0
fixed B=4,3,2,4.0,0.0,10.666666666666666,0.0
rel B0=0 eps=.5,3,2,4.0,0.0,11.2,0.0
rel B0=1 eps=1,3,2,4.0,0.0,14.5,0.0
rel B0=0 eps=2,3,2,4.0,0.0,28.0,0.0
qlen B0=0 gam=1,3,2,4.0,0.0,9.333333333333334,0.0
qlen B0=1 gam=.5 eps=.5,3,2,4.0,0.0,11.6,0.0
thresh B=1 th=1 N=2,3,2,4.0,0.0,10.333333333333334,0.0
thresh B=0 th=.5 N=3 eps=1,3,2,4.0,0.0,14.75,0.0
cap B0=1 eps=1 Bmax=3,3,2,4.0,0.0,10.333333333333334,0.0
cap B0=0 eps=2 Bmax=2,3,2,4.0,0.0,10.0,0.0
cap B0=1 eps=.5 Bmax=1,3,2,4.0,0.0,9.666666666666666,0.0
cap+cnt B=1 e=1 th=1 N=2 Bm=4,3,2,4.0,0.0,11.333333333333334,0.0
skip N=2 (work channel off),3,2,4.0,0.0,12.0,0.0
skip N=5 (work channel off),3,2,4.0,0.0,16.0,0.0
fixed B=0,2,5,4.0,0.0,8.0,0.0
fixed B=1,2,5,4.0,4.0,8.5,0.47058823529411764
fixed B=4,2,5,4.0,4.0,10.0,0.4
rel B0=0 eps=.5,2,5,4.0,0.0,12.0,0.0
rel B0=1 eps=1,2,5,4.0,4.0,21.0,0.23529411764705882
qlen B0=0 gam=1,2,5,4.0,0.0,9.0,0.0
qlen B0=1 gam=.5 eps=.5,2,5,4.0,4.0,13.333333333333332,0.3529411764705882
thresh B=1 th=1 N=2,2,5,4.0,4.0,9.5,0.42105263157894735
thresh B=0 th=.5 N=3 eps=1,2,5,4.0,0.0,21.5,0.0
cap B0=1 eps=1 Bmax=3,2,5,4.0,4.0,9.5,0.42105263157894735
cap B0=1 eps=.5 Bmax=1,2,5,4.0,4.0,8.5,0.47058823529411764
cap+cnt B=1 e=1 th=1 N=2 Bm=4,2,5,4.0,4.0,11.0,0.36363636363636365
skip N=2 (work channel off),2,5,4.0,4.0,12.0,0.3333333333333333
skip N=5 (work channel off),2,5,4.0,4.0,18.0,0.2222222222222222
fixed B=0,2,9,4.0,0.0,8.0,0.0
fixed B=1,2,9,4.0,3.0,8.5,0.35294117647058826
fixed B=4,2,9,4.0,5.0,10.0,0.5
rel B0=0 eps=.5,2,9,4.0,1.0,11.0,0.09090909090909091
rel B0=1 eps=1,2,9,4.0,5.0,18.0,0.29411764705882354
qlen B0=0 gam=1,2,9,4.0,4.0,10.0,0.42105263157894735
qlen B0=1 gam=.5 eps=.5,2,9,4.0,5.0,13.333333333333334,0.4285714285714286
thresh B=1 th=1 N=2,2,9,4.0,4.0,9.5,0.42105263157894735
thresh B=0 th=.5 N=3 eps=1,2,9,4.0,3.0,18.5,0.16216216216216217
cap B0=1 eps=1 Bmax=3,2,9,4.0,5.0,9.5,0.5263157894736842
cap B0=1 eps=.5 Bmax=1,2,9,4.0,3.0,8.5,0.35294117647058826
cap+cnt B=1 e=1 th=1 N=2 Bm=4,2,9,4.0,4.0,11.0,0.36363636363636365
skip N=2 (work channel off),2,9,4.0,4.0,12.0,0.3333333333333333
skip N=5 (work channel off),2,9,4.0,5.0,18.0,0.2777777777777778
fixed B=0,1,7,4.0,0.0,4.0,0.0
fixed B=1,1,7,4.0,1.0,5.0,0.2
fixed B=4,1,7,4.0,1.0,8.0,0.125
rel B0=0 eps=.5,1,7,4.0,1.0,16.0,0.08333333333333333
qlen B0=0 gam=1,1,7,4.0,1.0,9.0,0.2
qlen B0=1 gam=.5 eps=.5,1,7,4.0,1.0,21.0,0.06666666666666667
thresh B=1 th=1 N=2,1,7,4.0,1.0,7.0,0.14285714285714285
cap B0=1 eps=.5 Bmax=1,1,7,4.0,1.0,5.0,0.2
skip N=2 (work channel off),1,7,4.0,1.0,12.0,0.08333333333333333
skip N=5 (work channel off),1,7,4.0,1.0,24.0,0.041666666666666664
fixed B=0,3,7,4.0,0.0,9.333333333333334,0.0
fixed B=1,3,7,4.0,0.0,9.666666666666666,0.0
fixed B=4,3,7,4.0,0.0,10.666666666666666,0.0
rel B0=0 eps=.5,3,7,4.0,0.0,11.2,0.0
rel B0=1 eps=1,3,7,4.0,0.0,14.5,0.0
rel B0=0 eps=2,3,7,4.0,0.0,28.0,0.0
qlen B0=0 gam=1,3,7,4.0,0.0,10.0,0.0
qlen B0=1 gam=.5 eps=.5,3,7,4.0,0.0,12.0,0.0
thresh B=1 th=1 N=2,3,7,4.0,0.0,10.333333333333334,0.0
thresh B=0 th=.5 N=3 eps=1,3,7,4.0,0.0,14.75,0.0
cap B0=1 eps=1 Bmax=3,3,7,4.0,0.0,10.333333333333334,0.0
cap B0=0 eps=2 Bmax=2,3,7,4.0,0.0,10.0,0.0
cap B0=1 eps=.5 Bmax=1,3,7,4.0,0.0,9.666666666666666,0.0
cap+cnt B=1 e=1 th=1 N=2 Bm=4,3,7,4.0,0.0,11.333333333333334,0.0
skip N=2 (work channel off),3,7,4.0,0.0,12.0,0.0
skip N=5 (work channel off),3,7,4.0,0.0,16.0,0.0
fixed B=0,2,9,4.0,0.0,8.0,0.0
fixed B=1,2,9,4.0,0.0,8.5,0.0
fixed B=4,2,9,4.0,0.0,10.0,0.0
rel B0=0 eps=.5,2,9,4.0,0.0,12.0,0.0
rel B0=1 eps=1,2,9,4.0,0.0,21.0,0.0
qlen B0=0 gam=1,2,9,4.0,0.0,9.5,0.0
qlen B0=1 gam=.5 eps=.5,2,9,4.0,0.0,13.333333333333332,0.0
thresh B=1 th=1 N=2,2,9,4.0,0.0,9.5,0.0
thresh B=0 th=.5 N=3 eps=1,2,9,4.0,0.0,21.5,0.0
cap B0=1 eps=1 Bmax=3,2,9,4.0,0.0,9.5,0.0
cap B0=1 eps=.5 Bmax=1,2,9,4.0,0.0,8.5,0.0
cap+cnt B=1 e=1 th=1 N=2 Bm=4,2,9,4.0,0.0,11.0,0.0
skip N=2 (work channel off),2,9,4.0,0.0,12.0,0.0
skip N=5 (work channel off),2,9,4.0,0.0,18.0,0.0
fixed B=0,2,6,4.0,0.0,8.0,0.0
fixed B=1,2,6,4.0,0.0,8.5,0.0
fixed B=4,2,6,4.0,0.0,10.0,0.0
rel B0=0 eps=.5,2,6,4.0,0.0,11.666666666666666,0.0
rel B0=1 eps=1,2,6,4.0,0.0,20.0,0.0
qlen B0=0 gam=1,2,6,4.0,0.0,9.0,0.0
qlen B0=1 gam=.5 eps=.5,2,6,4.0,0.0,13.0,0.0
thresh B=1 th=1 N=2,2,6,4.0,0.0,9.5,0.0
thresh B=0 th=.5 N=3 eps=1,2,6,4.0,0.0,20.5,0.0
cap B0=1 eps=1 Bmax=3,2,6,4.0,0.0,9.5,0.0
cap B0=1 eps=.5 Bmax=1,2,6,4.0,0.0,8.5,0.0
cap+cnt B=1 e=1 th=1 N=2 Bm=4,2,6,4.0,0.0,11.0,0.0
skip N=2 (work channel off),2,6,4.0,0.0,12.0,0.0
skip N=5 (work channel off),2,6,4.0,0.0,18.0,0.0
fixed B=0,3,8,1.0,0.0,2.3333333333333335,0.0
fixed B=1,3,8,1.0,0.0,2.6666666666666665,0.0
fixed B=4,3,8,1.0,0.0,3.6666666666666665,0.0
rel B0=0 eps=.5,3,8,1.0,0.0,2.8,0.0
rel B0=1 eps=1,3,8,1.0,0.0,4.0,0.0
rel B0=0 eps=2,3,8,1.0,0.0,7.0,0.0
qlen B0=0 gam=1,3,8,1.0,0.0,3.3333333333333335,0.0
qlen B0=1 gam=.5 eps=.5,3,8,1.0,0.0,3.8,0.0
thresh B=1 th=1 N=2,3,8,1.0,0.0,3.3333333333333335,0.0
thresh B=0 th=.5 N=3 eps=1,3,8,1.0,0.0,4.25,0.0
cap B0=1 eps=1 Bmax=3,3,8,1.0,0.0,3.3333333333333335,0.0
cap B0=0 eps=2 Bmax=2,3,8,1.0,0.0,3.0,0.0
cap B0=1 eps=.5 Bmax=1,3,8,1.0,0.0,2.6666666666666665,0.0
cap+cnt B=1 e=1 th=1 N=2 Bm=4,3,8,1.0,0.0,4.333333333333333,0.0
skip N=2 (work channel off),3,8,1.0,0.0,5.0,0.0
skip N=5 (work channel off),3,8,1.0,0.0,9.0,0.0
fixed B=0,3,8,4.0,0.0,9.333333333333334,0.0
fixed B=1,3,8,4.0,4.0,9.666666666666666,0.4137931034482759
fixed B=4,3,8,4.0,4.0,10.666666666666666,0.375
rel B0=0 eps=.5,3,8,4.0,0.0,11.8,0.0
rel B0=1 eps=1,3,8,4.0,4.0,16.0,0.27586206896551724
rel B0=0 eps=2,3,8,4.0,0.0,34.0,0.0
qlen B0=0 gam=1,3,8,4.0,4.0,10.333333333333334,0.4
qlen B0=1 gam=.5 eps=.5,3,8,4.0,4.0,12.8,0.3333333333333333
thresh B=1 th=1 N=2,3,8,4.0,4.0,10.333333333333334,0.3870967741935484
thresh B=0 th=.5 N=3 eps=1,3,8,4.0,0.0,16.25,0.0
cap B0=1 eps=1 Bmax=3,3,8,4.0,4.0,10.333333333333334,0.3870967741935484
cap B0=0 eps=2 Bmax=2,3,8,4.0,0.0,10.0,0.0
cap B0=1 eps=.5 Bmax=1,3,8,4.0,4.0,9.666666666666666,0.4137931034482759
cap+cnt B=1 e=1 th=1 N=2 Bm=4,3,8,4.0,4.0,11.333333333333334,0.3529411764705882
skip N=2 (work channel off),3,8,4.0,4.0,12.0,0.3333333333333333
skip N=5 (work channel off),3,8,4.0,4.0,16.0,0.25
fixed B=0,1,6,4.0,0.0,4.0,0.0
fixed B=1,1,6,4.0,1.0,5.0,0.2
fixed B=4,1,6,4.0,2.0,8.0,0.25
rel B0=0 eps=.5,1,6,4.0,2.0,13.0,0.16666666666666666
qlen B0=0 gam=1,1,6,4.0,1.0,8.0,0.2
qlen B0=1 gam=.5 eps=.5,1,6,4.0,2.0,19.0,0.13333333333333333
thresh B=1 th=1 N=2,1,6,4.0,1.0,7.0,0.14285714285714285
cap B0=1 eps=.5 Bmax=1,1,6,4.0,1.0,5.0,0.2
skip N=2 (work channel off),1,6,4.0,1.0,12.0,0.08333333333333333
skip N=5 (work channel off),1,6,4.0,2.0,24.0,0.08333333333333333
fixed B=0,1,7,4.0,0.0,4.0,0.0
fixed B=1,1,7,4.0,0.0,5.0,0.0
fixed B=4,1,7,4.0,0.0,8.0,0.0
rel B0=0 eps=.5,1,7,4.0,1.0,13.0,0.1111111111111111
qlen B0=0 gam=1,1,7,4.0,0.0,8.0,0.0
qlen B0=1 gam=.5 eps=.5,1,7,4.0,0.0,19.0,0.0
thresh B=1 th=1 N=2,1,7,4.0,0.0,7.0,0.0
cap B0=1 eps=.5 Bmax=1,1,7,4.0,0.0,5.0,0.0
skip N=2 (work channel off),1,7,4.0,0.0,12.0,0.0
skip N=5 (work channel off),1,7,4.0,0.0,24.0,0.0
fixed B=0,3,5,4.0,0.0,9.333333333333334,0.0
fixed B=1,3,5,4.0,0.0,9.666666666666666,0.0
fixed B=4,3,5,4.0,0.0,10.666666666666666,0.0
rel B0=0 eps=.5,3,5,4.0,0.0,11.2,0.0
rel B0=1 eps=1,3,5,4.0,0.0,14.5,0.0
rel B0=0 eps=2,3,5,4.0,0.0,28.0,0.0
qlen B0=0 gam=1,3,5,4.0,0.0,10.0,0.0
qlen B0=1 gam=.5 eps=.5,3,5,4.0,0.0,12.0,0.0
thresh B=1 th=1 N=2,3,5,4.0,0.0,10.333333333333334,0.0
thresh B=0 th=.5 N=3 eps=1,3,5,4.0,0.0,14.75,0.0
cap B0=1 eps=1 Bmax=3,3,5,4.0,0.0,10.333333333333334,0.0
cap B0=0 eps=2 Bmax=2,3,5,4.0,0.0,10.0,0.0
cap B0=1 eps=.5 Bmax=1,3,5,4.0,0.0,9.666666666666666,0.0
cap+cnt B=1 e=1 th=1 N=2 Bm=4,3,5,4.0,0.0,11.333333333333334,0.0
skip N=2 (work channel off),3,5,4.0,0.0,12.0,0.0
skip N=5 (work channel off),3,5,4.0,0.0,16.0,0.0
fixed B=0,1,6,1.0,0.0,1.0,0.0
fixed B=1,1,6,1.0,1.0,2.0,0.5
fixed B=4,1,6,1.0,1.0,5.0,0.2
rel B0=0 eps=.5,1,6,1.0,1.0,3.0,0.3333333333333333
qlen B0=0 gam=1,1,6,1.0,1.0,3.0,0.5
qlen B0=1 gam=.5 eps=.5,1,6,1.0,1.0,7.0,0.2
thresh B=1 th=1 N=2,1,6,1.0,1.0,4.0,0.25
cap B0=1 eps=.5 Bmax=1,1,6,1.0,1.0,2.0,0.5
skip N=2 (work channel off),1,6,1.0,1.0,9.0,0.1111111111111111
skip N=5 (work channel off),1,6,1.0,1.0,21.0,0.047619047619047616
fixed B=0,3,5,4.0,0.0,9.333333333333334,0.0
fixed B=1,3,5,4.0,0.0,9.666666666666666,0.0
fixed B=4,3,5,4.0,0.0,10.666666666666666,0.0
rel B0=0 eps=.5,3,5,4.0,0.0,11.2,0.0
rel B0=1 eps=1,3,5,4.0,0.0,14.5,0.0
rel B0=0 eps=2,3,5,4.0,0.0,28.0,0.0
qlen B0=0 gam=1,3,5,4.0,0.0,10.333333333333334,0.0
qlen B0=1 gam=.5 eps=.5,3,5,4.0,0.0,12.2,0.0
thresh B=1 th=1 N=2,3,5,4.0,0.0,10.333333333333334,0.0
thresh B=0 th=.5 N=3 eps=1,3,5,4.0,0.0,14.75,0.0
cap B0=1 eps=1 Bmax=3,3,5,4.0,0.0,10.333333333333334,0.0
cap B0=0 eps=2 Bmax=2,3,5,4.0,0.0,10.0,0.0
cap B0=1 eps=.5 Bmax=1,3,5,4.0,0.0,9.666666666666666,0.0
cap+cnt B=1 e=1 th=1 N=2 Bm=4,3,5,4.0,0.0,11.333333333333334,0.0
skip N=2 (work channel off),3,5,4.0,0.0,12.0,0.0
skip N=5 (work channel off),3,5,4.0,0.0,16.0,0.0
fixed B=0,1,8,4.0,0.0,4.0,0.0
fixed B=1,1,8,4.0,4.0,5.0,0.8
fixed B=4,1,8,4.0,4.0,8.0,0.5
rel B0=0 eps=.5,1,8,4.0,0.0,18.0,0.0
qlen B0=0 gam=1,1,8,4.0,0.0,8.0,0.0
qlen B0=1 gam=.5 eps=.5,1,8,4.0,4.0,25.0,0.4
thresh B=1 th=1 N=2,1,8,4.0,4.0,7.0,0.5714285714285714
cap B0=1 eps=.5 Bmax=1,1,8,4.0,4.0,5.0,0.8
skip N=2 (work channel off),1,8,4.0,8.0,12.0,0.6666666666666666
skip N=5 (work channel off),1,8,4.0,11.0,24.0,0.4583333333333333
fixed B=0,1,6,1.0,0.0,1.0,0.0
fixed B=1,1,6,1.0,0.0,2.0,0.0
fixed B=4,1,6,1.0,0.0,5.0,0.0
rel B0=0 eps=.5,1,6,1.0,0.0,3.0,0.0
qlen B0=0 gam=1,1,6,1.0,0.0,3.0,0.0
qlen B0=1 gam=.5 eps=.5,1,6,1.0,0.0,6.0,0.0
thresh B=1 th=1 N=2,1,6,1.0,0.0,4.0,0.0
cap B0=1 eps=.5 Bmax=1,1,6,1.0,0.0,2.0,0.0
skip N=2 (work channel off),1,6,1.0,0.0,9.0,0.0
skip N=5 (work channel off),1,6,1.0,0.0,21.0,0.0
fixed B=0,3,6,4.0,0.0,9.333333333333334,0.0
fixed B=1,3,6,4.0,1.0,9.666666666666666,0.10344827586206898
fixed B=4,3,6,4.0,2.0,10.666666666666666,0.1875
rel B0=0 eps=.5,3,6,4.0,1.0,11.4,0.08771929824561403
rel B0=1 eps=1,3,6,4.0,2.0,15.0,0.13793103448275862
rel B0=0 eps=2,3,6,4.0,1.0,30.0,0.03333333333333333
qlen B0=0 gam=1,3,6,4.0,2.0,10.333333333333334,0.2
qlen B0=1 gam=.5 eps=.5,3,6,4.0,2.0,12.4,0.16666666666666666
thresh B=1 th=1 N=2,3,6,4.0,2.0,10.333333333333334,0.1935483870967742
thresh B=0 th=.5 N=3 eps=1,3,6,4.0,1.0,15.25,0.06557377049180328
cap B0=1 eps=1 Bmax=3,3,6,4.0,2.0,10.333333333333334,0.1935483870967742
cap B0=0 eps=2 Bmax=2,3,6,4.0,1.0,10.0,0.1
cap B0=1 eps=.5 Bmax=1,3,6,4.0,1.0,9.666666666666666,0.10344827586206898
cap+cnt B=1 e=1 th=1 N=2 Bm=4,3,6,4.0,2.0,11.333333333333334,0.1764705882352941
skip N=2 (work channel off),3,6,4.0,2.0,12.0,0.16666666666666666
skip N=5 (work channel off),3,6,4.0,2.0,16.0,0.125
fixed B=0,2,8,4.0,0.0,8.0,0.0
fixed B=1,2,8,4.0,0.0,8.5,0.0
fixed B=4,2,8,4.0,0.0,10.0,0.0
rel B0=0 eps=.5,2,8,4.0,0.0,13.0,0.0
rel B0=1 eps=1,2,8,4.0,0.0,24.0,0.0
qlen B0=0 gam=1,2,8,4.0,0.0,10.0,0.0
qlen B0=1 gam=.5 eps=.5,2,8,4.0,0.0,14.666666666666668,0.0
thresh B=1 th=1 N=2,2,8,4.0,0.0,9.5,0.0
thresh B=0 th=.5 N=3 eps=1,2,8,4.0,0.0,24.5,0.0
cap B0=1 eps=1 Bmax=3,2,8,4.0,0.0,9.5,0.0
cap B0=1 eps=.5 Bmax=1,2,8,4.0,0.0,8.5,0.0
cap+cnt B=1 e=1 th=1 N=2 Bm=4,2,8,4.0,0.0,11.0,0.0
skip N=2 (work channel off),2,8,4.0,0.0,12.0,0.0
skip N=5 (work channel off),2,8,4.0,0.0,18.0,0.0
fixed B=0,3,5,4.0,0.0,9.333333333333334,0.0
fixed B=1,3,5,4.0,0.0,9.666666666666666,0.0
fixed B=4,3,5,4.0,0.0,10.666666666666666,0.0
rel B0=0 eps=.5,3,5,4.0,0.0,11.2,0.0
rel B0=1 eps=1,3,5,4.0,0.0,14.5,0.0
rel B0=0 eps=2,3,5,4.0,0.0,28.0,0.0
qlen B0=0 gam=1,3,5,4.0,0.0,10.0,0.0
qlen B0=1 gam=.5 eps=.5,3,5,4.0,0.0,12.0,0.0
thresh B=1 th=1 N=2,3,5,4.0,0.0,10.333333333333334,0.0
thresh B=0 th=.5 N=3 eps=1,3,5,4.0,0.0,14.75,0.0
cap B0=1 eps=1 Bmax=3,3,5,4.0,0.0,10.333333333333334,0.0
cap B0=0 eps=2 Bmax=2,3,5,4.0,0.0,10.0,0.0
cap B0=1 eps=.5 Bmax=1,3,5,4.0,0.0,9.666666666666666,0.0
cap+cnt B=1 e=1 th=1 N=2 Bm=4,3,5,4.0,0.0,11.333333333333334,0.0
skip N=2 (work channel off),3,5,4.0,0.0,12.0,0.0
skip N=5 (work channel off),3,5,4.0,0.0,16.0,0.0
fixed B=0,3,3,4.0,0.0,9.333333333333334,0.0
fixed B=1,3,3,4.0,0.0,9.666666666666666,0.0
fixed B=4,3,3,4.0,0.0,10.666666666666666,0.0
rel B0=0 eps=.5,3,3,4.0,0.0,11.2,0.0
rel B0=1 eps=1,3,3,4.0,0.0,14.5,0.0
rel B0=0 eps=2,3,3,4.0,0.0,28.0,0.0
qlen B0=0 gam=1,3,3,4.0,0.0,9.666666666666666,0.0
qlen B0=1 gam=.5 eps=.5,3,3,4.0,0.0,11.8,0.0
thresh B=1 th=1 N=2,3,3,4.0,0.0,10.333333333333334,0.0
thresh B=0 th=.5 N=3 eps=1,3,3,4.0,0.0,14.75,0.0
cap B0=1 eps=1 Bmax=3,3,3,4.0,0.0,10.333333333333334,0.0
cap B0=0 eps=2 Bmax=2,3,3,4.0,0.0,10.0,0.0
cap B0=1 eps=.5 Bmax=1,3,3,4.0,0.0,9.666666666666666,0.0
cap+cnt B=1 e=1 th=1 N=2 Bm=4,3,3,4.0,0.0,11.333333333333334,0.0
skip N=2 (work channel off),3,3,4.0,0.0,12.0,0.0
skip N=5 (work channel off),3,3,4.0,0.0,16.0,0.0
fixed B=0,3,4,4.0,0.0,9.333333333333334,0.0
fixed B=1,3,4,4.0,1.0,9.666666666666666,0.10344827586206898
fixed B=4,3,4,4.0,1.0,10.666666666666666,0.09375
rel B0=0 eps=.5,3,4,4.0,0.0,11.2,0.0
rel B0=1 eps=1,3,4,4.0,1.0,14.5,0.06896551724137931
rel B0=0 eps=2,3,4,4.0,0.0,28.0,0.0
qlen B0=0 gam=1,3,4,4.0,0.0,10.0,0.0
qlen B0=1 gam=.5 eps=.5,3,4,4.0,1.0,12.0,0.08620689655172414
thresh B=1 th=1 N=2,3,4,4.0,1.0,10.333333333333334,0.0967741935483871
thresh B=0 th=.5 N=3 eps=1,3,4,4.0,0.0,14.75,0.0
cap B0=1 eps=1 Bmax=3,3,4,4.0,1.0,10.333333333333334,0.0967741935483871
cap B0=0 eps=2 Bmax=2,3,4,4.0,0.0,10.0,0.0
cap B0=1 eps=.5 Bmax=1,3,4,4.0,1.0,9.666666666666666,0.10344827586206898
cap+cnt B=1 e=1 th=1 N=2 Bm=4,3,4,4.0,1.0,11.333333333333334,0.08823529411764705
skip N=2 (work channel off),3,4,4.0,1.0,12.0,0.08333333333333333
skip N=5 (work channel off),3,4,4.0,1.0,16.0,0.0625
fixed B=0,2,7,4.0,0.0,8.0,0.0
fixed B=1,2,7,4.0,0.0,8.5,0.0
fixed B=4,2,7,4.0,0.0,10.0,0.0
rel B0=0 eps=.5,2,7,4.0,0.0,11.0,0.0
rel B0=1 eps=1,2,7,4.0,0.0,18.0,0.0
qlen B0=0 gam=1,2,7,4.0,0.0,9.0,0.0
qlen B0=1 gam=.5 eps=.5,2,7,4.0,0.0,12.0,0.0
thresh B=1 th=1 N=2,2,7,4.0,0.0,9.5,0.0
thresh B=0 th=.5 N=3 eps=1,2,7,4.0,0.0,18.5,0.0
cap B0=1 eps=1 Bmax=3,2,7,4.0,0.0,9.5,0.0
cap B0=1 eps=.5 Bmax=1,2,7,4.0,0.0,8.5,0.0
cap+cnt B=1 e=1 th=1 N=2 Bm=4,2,7,4.0,0.0,11.0,0.0
skip N=2 (work channel off),2,7,4.0,0.0,12.0,0.0
skip N=5 (work channel off),2,7,4.0,0.0,18.0,0.0
fixed B=0,1,4,4.0,0.0,4.0,0.0
fixed B=1,1,4,4.0,4.0,5.0,0.8
fixed B=4,1,4,4.0,4.0,8.0,0.5
rel B0=0 eps=.5,1,4,4.0,1.0,15.0,0.09090909090909091
qlen B0=0 gam=1,1,4,4.0,0.0,5.0,0.0
qlen B0=1 gam=.5 eps=.5,1,4,4.0,4.0,19.0,0.4
thresh B=1 th=1 N=2,1,4,4.0,4.0,7.0,0.5714285714285714
cap B0=1 eps=.5 Bmax=1,1,4,4.0,4.0,5.0,0.8
skip N=2 (work channel off),1,4,4.0,4.0,12.0,0.3333333333333333
skip N=5 (work channel off),1,4,4.0,4.0,24.0,0.16666666666666666
fixed B=0,3,4,4.0,0.0,9.333333333333334,0.0
fixed B=1,3,4,4.0,0.0,9.666666666666666,0.0
fixed B=4,3,4,4.0,0.0,10.666666666666666,0.0
rel B0=0 eps=.5,3,4,4.0,0.0,11.2,0.0
rel B0=1 eps=1,3,4,4.0,0.0,14.5,0.0
rel B0=0 eps=2,3,4,4.0,0.0,28.0,0.0
qlen B0=0 gam=1,3,4,4.0,0.0,10.0,0.0
qlen B0=1 gam=.5 eps=.5,3,4,4.0,0.0,12.0,0.0
thresh B=1 th=1 N=2,3,4,4.0,0.0,10.333333333333334,0.0
thresh B=0 th=.5 N=3 eps=1,3,4,4.0,0.0,14.75,0.0
cap B0=1 eps=1 Bmax=3,3,4,4.0,0.0,10.333333333333334,0.0
cap B0=0 eps=2 Bmax=2,3,4,4.0,0.0,10.0,0.0
cap B0=1 eps=.5 Bmax=1,3,4,4.0,0.0,9.666666666666666,0.0
cap+cnt B=1 e=1 th=1 N=2 Bm=4,3,4,4.0,0.0,11.333333333333334,0.0
skip N=2 (work channel off),3,4,4.0,0.0,12.0,0.0
skip N=5 (work channel off),3,4,4.0,0.0,16.0,0.0
fixed B=0,1,5,1.0,0.0,1.0,0.0
fixed B=1,1,5,1.0,1.0,2.0,0.5
fixed B=4,1,5,1.0,1.0,5.0,0.2
rel B0=0 eps=.5,1,5,1.0,1.0,4.0,0.3333333333333333
qlen B0=0 gam=1,1,5,1.0,1.0,5.0,0.5
qlen B0=1 gam=.5 eps=.5,1,5,1.0,1.0,10.0,0.25
thresh B=1 th=1 N=2,1,5,1.0,1.0,4.0,0.25
cap B0=1 eps=.5 Bmax=1,1,5,1.0,1.0,2.0,0.5
skip N=2 (work channel off),1,5,1.0,1.0,9.0,0.1111111111111111
skip N=5 (work channel off),1,5,1.0,1.0,21.0,0.047619047619047616
fixed B=0,1,8,4.0,0.0,4.0,0.0
fixed B=1,1,8,4.0,0.0,5.0,0.0
fixed B=4,1,8,4.0,0.0,8.0,0.0
rel B0=0 eps=.5,1,8,4.0,0.0,20.0,0.0
qlen B0=0 gam=1,1,8,4.0,0.0,8.0,0.0
qlen B0=1 gam=.5 eps=.5,1,8,4.0,0.0,26.0,0.0
thresh B=1 th=1 N=2,1,8,4.0,0.0,7.0,0.0
cap B0=1 eps=.5 Bmax=1,1,8,4.0,0.0,5.0,0.0
skip N=2 (work channel off),1,8,4.0,0.0,12.0,0.0
skip N=5 (work channel off),1,8,4.0,0.0,24.0,0.0
fixed B=0,3,8,4.0,0.0,9.333333333333334,0.0
fixed B=1,3,8,4.0,0.0,9.666666666666666,0.0
fixed B=4,3,8,4.0,0.0,10.666666666666666,0.0
rel B0=0 eps=.5,3,8,4.0,0.0,11.4,0.0
rel B0=1 eps=1,3,8,4.0,0.0,15.0,0.0
rel B0=0 eps=2,3,8,4.0,0.0,30.0,0.0
qlen B0=0 gam=1,3,8,4.0,0.0,11.0,0.0
qlen B0=1 gam=.5 eps=.5,3,8,4.0,0.0,12.8,0.0
thresh B=1 th=1 N=2,3,8,4.0,0.0,10.333333333333334,0.0
thresh B=0 th=.5 N=3 eps=1,3,8,4.0,0.0,15.25,0.0
cap B0=1 eps=1 Bmax=3,3,8,4.0,0.0,10.333333333333334,0.0
cap B0=0 eps=2 Bmax=2,3,8,4.0,0.0,10.0,0.0
cap B0=1 eps=.5 Bmax=1,3,8,4.0,0.0,9.666666666666666,0.0
cap+cnt B=1 e=1 th=1 N=2 Bm=4,3,8,4.0,0.0,11.333333333333334,0.0
skip N=2 (work channel off),3,8,4.0,0.0,12.0,0.0
skip N=5 (work channel off),3,8,4.0,0.0,16.0,0.0
fixed B=0,3,6,1.0,0.0,2.3333333333333335,0.0
fixed B=1,3,6,1.0,0.0,2.6666666666666665,0.0
fixed B=4,3,6,1.0,0.0,3.6666666666666665,0.0
rel B0=0 eps=.5,3,6,1.0,0.0,2.8,0.0
rel B0=1 eps=1,3,6,1.0,0.0,4.0,0.0
rel B0=0 eps=2,3,6,1.0,0.0,7.0,0.0
qlen B0=0 gam=1,3,6,1.0,0.0,3.0,0.0
qlen B0=1 gam=.5 eps=.5,3,6,1.0,0.0,3.6,0.0
thresh B=1 th=1 N=2,3,6,1.0,0.0,3.3333333333333335,0.0
thresh B=0 th=.5 N=3 eps=1,3,6,1.0,0.0,4.25,0.0
cap B0=1 eps=1 Bmax=3,3,6,1.0,0.0,3.3333333333333335,0.0
cap B0=0 eps=2 Bmax=2,3,6,1.0,0.0,3.0,0.0
cap B0=1 eps=.5 Bmax=1,3,6,1.0,0.0,2.6666666666666665,0.0
cap+cnt B=1 e=1 th=1 N=2 Bm=4,3,6,1.0,0.0,4.333333333333333,0.0
skip N=2 (work channel off),3,6,1.0,0.0,5.0,0.0
skip N=5 (work channel off),3,6,1.0,0.0,9.0,0.0
fixed B=0,2,3,4.0,0.0,8.0,0.0
fixed B=1,2,3,4.0,3.0,8.5,0.35294117647058826
fixed B=4,2,3,4.0,3.0,10.0,0.3
rel B0=0 eps=.5,2,3,4.0,0.0,10.666666666666666,0.0
rel B0=1 eps=1,2,3,4.0,3.0,17.0,0.17647058823529413
qlen B0=0 gam=1,2,3,4.0,0.0,8.5,0.0
qlen B0=1 gam=.5 eps=.5,2,3,4.0,3.0,11.666666666666666,0.2647058823529412
thresh B=1 th=1 N=2,2,3,4.0,3.0,9.5,0.3157894736842105
thresh B=0 th=.5 N=3 eps=1,2,3,4.0,0.0,17.5,0.0
cap B0=1 eps=1 Bmax=3,2,3,4.0,3.0,9.5,0.3157894736842105
cap B0=1 eps=.5 Bmax=1,2,3,4.0,3.0,8.5,0.35294117647058826
cap+cnt B=1 e=1 th=1 N=2 Bm=4,2,3,4.0,3.0,11.0,0.2727272727272727
skip N=2 (work channel off),2,3,4.0,3.0,12.0,0.25
skip N=5 (work channel off),2,3,4.0,3.0,18.0,0.16666666666666666
fixed B=0,2,5,4.0,0.0,8.0,0.0
fixed B=1,2,5,4.0,4.0,8.5,0.47058823529411764
fixed B=4,2,5,4.0,4.0,10.0,0.4
rel B0=0 eps=.5,2,5,4.0,0.0,12.333333333333332,0.0
rel B0=1 eps=1,2,5,4.0,4.0,22.0,0.23529411764705882
qlen B0=0 gam=1,2,5,4.0,0.0,9.5,0.0
qlen B0=1 gam=.5 eps=.5,2,5,4.0,4.0,14.0,0.3529411764705882
thresh B=1 th=1 N=2,2,5,4.0,4.0,9.5,0.42105263157894735
thresh B=0 th=.5 N=3 eps=1,2,5,4.0,0.0,22.5,0.0
cap B0=1 eps=1 Bmax=3,2,5,4.0,4.0,9.5,0.42105263157894735
cap B0=1 eps=.5 Bmax=1,2,5,4.0,4.0,8.5,0.47058823529411764
cap+cnt B=1 e=1 th=1 N=2 Bm=4,2,5,4.0,4.0,11.0,0.36363636363636365
skip N=2 (work channel off),2,5,4.0,4.0,12.0,0.3333333333333333
skip N=5 (work channel off),2,5,4.0,4.0,18.0,0.2222222222222222
fixed B=0,1,7,4.0,0.0,4.0,0.0
fixed B=1,1,7,4.0,4.0,5.0,0.8
fixed B=4,1,7,4.0,4.0,8.0,0.5
rel B0=0 eps=.5,1,7,4.0,1.0,15.0,0.09090909090909091
qlen B0=0 gam=1,1,7,4.0,4.0,8.0,0.8
qlen B0=1 gam=.5 eps=.5,1,7,4.0,4.0,22.0,0.4
thresh B=1 th=1 N=2,1,7,4.0,4.0,7.0,0.5714285714285714
cap B0=1 eps=.5 Bmax=1,1,7,4.0,4.0,5.0,0.8
skip N=2 (work channel off),1,7,4.0,4.0,12.0,0.3333333333333333
skip N=5 (work channel off),1,7,4.0,4.0,24.0,0.16666666666666666
fixed B=0,1,9,4.0,0.0,4.0,0.0
fixed B=1,1,9,4.0,0.0,5.0,0.0
fixed B=4,1,9,4.0,0.0,8.0,0.0
rel B0=0 eps=.5,1,9,4.0,1.0,20.0,0.1111111111111111
qlen B0=0 gam=1,1,9,4.0,0.0,9.0,0.0
qlen B0=1 gam=.5 eps=.5,1,9,4.0,0.0,25.0,0.0
thresh B=1 th=1 N=2,1,9,4.0,0.0,7.0,0.0
cap B0=1 eps=.5 Bmax=1,1,9,4.0,0.0,5.0,0.0
skip N=2 (work channel off),1,9,4.0,0.0,12.0,0.0
skip N=5 (work channel off),1,9,4.0,0.0,24.0,0.0
fixed B=0,2,4,4.0,0.0,8.0,0.0
fixed B=1,2,4,4.0,0.0,8.5,0.0
fixed B=4,2,4,4.0,0.0,10.0,0.0
rel B0=0 eps=.5,2,4,4.0,0.0,10.666666666666666,0.0
rel B0=1 eps=1,2,4,4.0,0.0,17.0,0.0
qlen B0=0 gam=1,2,4,4.0,0.0,8.5,0.0
qlen B0=1 gam=.5 eps=.5,2,4,4.0,0.0,11.666666666666666,0.0
thresh B=1 th=1 N=2,2,4,4.0,0.0,9.5,0.0
thresh B=0 th=.5 N=3 eps=1,2,4,4.0,0.0,17.5,0.0
cap B0=1 eps=1 Bmax=3,2,4,4.0,0.0,9.5,0.0
cap B0=1 eps=.5 Bmax=1,2,4,4.0,0.0,8.5,0.0
cap+cnt B=1 e=1 th=1 N=2 Bm=4,2,4,4.0,0.0,11.0,0.0
skip N=2 (work channel off),2,4,4.0,0.0,12.0,0.0
skip N=5 (work channel off),2,4,4.0,0.0,18.0,0.0
fixed B=0,2,3,4.0,0.0,8.0,0.0
fixed B=1,2,3,4.0,0.0,8.5,0.0
fixed B=4,2,3,4.0,0.0,10.0,0.0
rel B0=0 eps=.5,2,3,4.0,0.0,10.666666666666666,0.0
rel B0=1 eps=1,2,3,4.0,0.0,17.0,0.0
qlen B0=0 gam=1,2,3,4.0,0.0,8.5,0.0
qlen B0=1 gam=.5 eps=.5,2,3,4.0,0.0,11.666666666666666,0.0
thresh B=1 th=1 N=2,2,3,4.0,0.0,9.5,0.0
thresh B=0 th=.5 N=3 eps=1,2,3,4.0,0.0,17.5,0.0
cap B0=1 eps=1 Bmax=3,2,3,4.0,0.0,9.5,0.0
cap B0=1 eps=.5 Bmax=1,2,3,4.0,0.0,8.5,0.0
cap+cnt B=1 e=1 th=1 N=2 Bm=4,2,3,4.0,0.0,11.0,0.0
skip N=2 (work channel off),2,3,4.0,0.0,12.0,0.0
skip N=5 (work channel off),2,3,4.0,0.0,18.0,0.0
fixed B=0,1,2,4.0,0.0,4.0,0.0
fixed B=1,1,2,4.0,0.0,5.0,0.0
fixed B=4,1,2,4.0,0.0,8.0,0.0
rel B0=0 eps=.5,1,2,4.0,0.0,12.0,0.0
qlen B0=0 gam=1,1,2,4.0,0.0,5.0,0.0
qlen B0=1 gam=.5 eps=.5,1,2,4.0,0.0,15.0,0.0
thresh B=1 th=1 N=2,1,2,4.0,0.0,7.0,0.0
cap B0=1 eps=.5 Bmax=1,1,2,4.0,0.0,5.0,0.0
skip N=2 (work channel off),1,2,4.0,0.0,12.0,0.0
skip N=5 (work channel off),1,2,4.0,0.0,24.0,0.0
fixed B=0,1,3,4.0,0.0,4.0,0.0
fixed B=1,1,3,4.0,4.0,5.0,0.8
fixed B=4,1,3,4.0,4.0,8.0,0.5
rel B0=0 eps=.5,1,3,4.0,4.0,12.0,0.3333333333333333
qlen B0=0 gam=1,1,3,4.0,4.0,5.0,0.8
qlen B0=1 gam=.5 eps=.5,1,3,4.0,4.0,15.0,0.26666666666666666
thresh B=1 th=1 N=2,1,3,4.0,4.0,7.0,0.5714285714285714
cap B0=1 eps=.5 Bmax=1,1,3,4.0,4.0,5.0,0.8
skip N=2 (work channel off),1,3,4.0,4.0,12.0,0.3333333333333333
skip N=5 (work channel off),1,3,4.0,4.0,24.0,0.16666666666666666
fixed B=0,3,5,4.0,0.0,9.333333333333334,0.0
fixed B=1,3,5,4.0,0.0,9.666666666666666,0.0
fixed B=4,3,5,4.0,0.0,10.666666666666666,0.0
rel B0=0 eps=.5,3,5,4.0,0.0,11.4,0.0
rel B0=1 eps=1,3,5,4.0,0.0,15.0,0.0
rel B0=0 eps=2,3,5,4.0,0.0,30.0,0.0
qlen B0=0 gam=1,3,5,4.0,0.0,10.0,0.0
qlen B0=1 gam=.5 eps=.5,3,5,4.0,0.0,12.2,0.0
thresh B=1 th=1 N=2,3,5,4.0,0.0,10.333333333333334,0.0
thresh B=0 th=.5 N=3 eps=1,3,5,4.0,0.0,15.25,0.0
cap B0=1 eps=1 Bmax=3,3,5,4.0,0.0,10.333333333333334,0.0
cap B0=0 eps=2 Bmax=2,3,5,4.0,0.0,10.0,0.0
cap B0=1 eps=.5 Bmax=1,3,5,4.0,0.0,9.666666666666666,0.0
cap+cnt B=1 e=1 th=1 N=2 Bm=4,3,5,4.0,0.0,11.333333333333334,0.0
skip N=2 (work channel off),3,5,4.0,0.0,12.0,0.0
skip N=5 (work channel off),3,5,4.0,0.0,16.0,0.0
fixed B=0,3,9,4.0,0.0,9.333333333333334,0.0
fixed B=1,3,9,4.0,1.0,9.666666666666666,0.10344827586206898
fixed B=4,3,9,4.0,1.0,10.666666666666668,0.09375
rel B0=0 eps=.5,3,9,4.0,3.0,12.399999999999999,0.2631578947368421
rel B0=1 eps=1,3,9,4.0,1.0,17.5,0.06896551724137931
rel B0=0 eps=2,3,9,4.0,3.0,40.0,0.1
qlen B0=0 gam=1,3,9,4.0,1.0,10.666666666666666,0.10344827586206898
qlen B0=1 gam=.5 eps=.5,3,9,4.0,1.0,13.399999999999999,0.0847457627118644
thresh B=1 th=1 N=2,3,9,4.0,1.0,10.333333333333334,0.0967741935483871
thresh B=0 th=.5 N=3 eps=1,3,9,4.0,3.0,17.75,0.19672131147540983
cap B0=1 eps=1 Bmax=3,3,9,4.0,1.0,10.333333333333336,0.0967741935483871
cap B0=0 eps=2 Bmax=2,3,9,4.0,3.0,10.0,0.3
cap B0=1 eps=.5 Bmax=1,3,9,4.0,1.0,9.666666666666666,0.10344827586206898
cap+cnt B=1 e=1 th=1 N=2 Bm=4,3,9,4.0,1.0,11.333333333333336,0.08823529411764705
skip N=2 (work channel off),3,9,4.0,1.0,12.0,0.08333333333333333
skip N=5 (work channel off),3,9,4.0,1.0,16.0,0.0625
fixed B=0,3,7,4.0,0.0,9.333333333333334,0.0
fixed B=1,3,7,4.0,1.0,9.666666666666666,0.10344827586206898
fixed B=4,3,7,4.0,1.0,10.666666666666666,0.09375
rel B0=0 eps=.5,3,7,4.0,0.0,11.4,0.0
rel B0=1 eps=1,3,7,4.0,1.0,15.0,0.06896551724137931
rel B0=0 eps=2,3,7,4.0,0.0,30.0,0.0
qlen B0=0 gam=1,3,7,4.0,0.0,10.0,0.0
qlen B0=1 gam=.5 eps=.5,3,7,4.0,1.0,12.2,0.08620689655172414
thresh B=1 th=1 N=2,3,7,4.0,1.0,10.333333333333334,0.0967741935483871
thresh B=0 th=.5 N=3 eps=1,3,7,4.0,0.0,15.25,0.0
cap B0=1 eps=1 Bmax=3,3,7,4.0,1.0,10.333333333333334,0.0967741935483871
cap B0=0 eps=2 Bmax=2,3,7,4.0,0.0,10.0,0.0
cap B0=1 eps=.5 Bmax=1,3,7,4.0,1.0,9.666666666666666,0.10344827586206898
cap+cnt B=1 e=1 th=1 N=2 Bm=4,3,7,4.0,1.0,11.333333333333334,0.08823529411764705
skip N=2 (work channel off),3,7,4.0,1.0,12.0,0.08333333333333333
skip N=5 (work channel off),3,7,4.0,1.0,16.0,0.0625
fixed B=0,3,8,4.0,0.0,9.333333333333334,0.0
fixed B=1,3,8,4.0,1.0,9.666666666666666,0.10344827586206898
fixed B=4,3,8,4.0,2.0,10.666666666666666,0.1875
rel B0=0 eps=.5,3,8,4.0,0.0,11.8,0.0
rel B0=1 eps=1,3,8,4.0,2.0,16.0,0.13793103448275862
rel B0=0 eps=2,3,8,4.0,0.0,34.0,0.0
qlen B0=0 gam=1,3,8,4.0,0.0,10.666666666666666,0.0
qlen B0=1 gam=.5 eps=.5,3,8,4.0,2.0,13.0,0.1724137931034483
thresh B=1 th=1 N=2,3,8,4.0,1.0,10.333333333333334,0.0967741935483871
thresh B=0 th=.5 N=3 eps=1,3,8,4.0,0.0,16.25,0.0
cap B0=1 eps=1 Bmax=3,3,8,4.0,2.0,10.333333333333334,0.1935483870967742
cap B0=0 eps=2 Bmax=2,3,8,4.0,0.0,10.0,0.0
cap B0=1 eps=.5 Bmax=1,3,8,4.0,1.0,9.666666666666666,0.10344827586206898
cap+cnt B=1 e=1 th=1 N=2 Bm=4,3,8,4.0,1.0,11.333333333333334,0.08823529411764705
skip N=2 (work channel off),3,8,4.0,1.0,12.0,0.08333333333333333
skip N=5 (work channel off),3,8,4.0,2.0,16.0,0.125
fixed B=0,2,5,4.0,0.0,8.0,0.0
fixed B=1,2,5,4.0,1.0,8.5,0.11764705882352941
fixed B=4,2,5,4.0,1.0,10.0,0.1
rel B0=0 eps=.5,2,5,4.0,0.0,11.0,0.0
rel B0=1 eps=1,2,5,4.0,1.0,18.0,0.058823529411764705
qlen B0=0 gam=1,2,5,4.0,1.0,10.0,0.11764705882352941
qlen B0=1 gam=.5 eps=.5,2,5,4.0,1.0,13.0,0.08571428571428572
thresh B=1 th=1 N=2,2,5,4.0,1.0,9.5,0.10526315789473684
thresh B=0 th=.5 N=3 eps=1,2,5,4.0,0.0,18.5,0.0
cap B0=1 eps=1 Bmax=3,2,5,4.0,1.0,9.5,0.10526315789473684
cap B0=1 eps=.5 Bmax=1,2,5,4.0,1.0,8.5,0.11764705882352941
cap+cnt B=1 e=1 th=1 N=2 Bm=4,2,5,4.0,1.0,11.0,0.09090909090909091
skip N=2 (work channel off),2,5,4.0,1.0,12.0,0.08333333333333333
skip N=5 (work channel off),2,5,4.0,1.0,18.0,0.05555555555555555
fixed B=0,2,3,1.0,0.0,2.0,0.0
fixed B=1,2,3,1.0,0.0,2.5,0.0
fixed B=4,2,3,1.0,0.0,4.0,0.0
rel B0=0 eps=.5,2,3,1.0,0.0,2.6666666666666665,0.0
rel B0=1 eps=1,2,3,1.0,0.0,5.0,0.0
qlen B0=0 gam=1,2,3,1.0,0.0,2.5,0.0
qlen B0=1 gam=.5 eps=.5,2,3,1.0,0.0,3.6666666666666665,0.0
thresh B=1 th=1 N=2,2,3,1.0,0.0,3.5,0.0
thresh B=0 th=.5 N=3 eps=1,2,3,1.0,0.0,5.5,0.0
cap B0=1 eps=1 Bmax=3,2,3,1.0,0.0,3.5,0.0
cap B0=1 eps=.5 Bmax=1,2,3,1.0,0.0,2.5,0.0
cap+cnt B=1 e=1 th=1 N=2 Bm=4,2,3,1.0,0.0,5.0,0.0
skip N=2 (work channel off),2,3,1.0,0.0,6.0,0.0
skip N=5 (work channel off),2,3,1.0,0.0,12.0,0.0
fixed B=0,2,4,4.0,0.0,8.0,0.0
fixed B=1,2,4,4.0,0.0,8.5,0.0
fixed B=4,2,4,4.0,0.0,10.0,0.0
rel B0=0 eps=.5,2,4,4.0,0.0,10.666666666666666,0.0
rel B0=1 eps=1,2,4,4.0,0.0,17.0,0.0
qlen B0=0 gam=1,2,4,4.0,0.0,8.5,0.0
qlen B0=1 gam=.5 eps=.5,2,4,4.0,0.0,11.666666666666666,0.0
thresh B=1 th=1 N=2,2,4,4.0,0.0,9.5,0.0
thresh B=0 th=.5 N=3 eps=1,2,4,4.0,0.0,17.5,0.0
cap B0=1 eps=1 Bmax=3,2,4,4.0,0.0,9.5,0.0
cap B0=1 eps=.5 Bmax=1,2,4,4.0,0.0,8.5,0.0
cap+cnt B=1 e=1 th=1 N=2 Bm=4,2,4,4.0,0.0,11.0,0.0
skip N=2 (work channel off),2,4,4.0,0.0,12.0,0.0
skip N=5 (work channel off),2,4,4.0,0.0,18.0,0.0
fixed B=0,3,3,1.0,0.0,2.3333333333333335,0.0
fixed B=1,3,3,1.0,0.0,2.6666666666666665,0.0
fixed B=4,3,3,1.0,0.0,3.6666666666666665,0.0
rel B0=0 eps=.5,3,3,1.0,0.0,2.8,0.0
rel B0=1 eps=1,3,3,1.0,0.0,4.0,0.0
rel B0=0 eps=2,3,3,1.0,0.0,7.0,0.0
qlen B0=0 gam=1,3,3,1.0,0.0,2.6666666666666665,0.0
qlen B0=1 gam=.5 eps=.5,3,3,1.0,0.0,3.4,0.0
thresh B=1 th=1 N=2,3,3,1.0,0.0,3.3333333333333335,0.0
thresh B=0 th=.5 N=3 eps=1,3,3,1.0,0.0,4.25,0.0
cap B0=1 eps=1 Bmax=3,3,3,1.0,0.0,3.3333333333333335,0.0
cap B0=0 eps=2 Bmax=2,3,3,1.0,0.0,3.0,0.0
cap B0=1 eps=.5 Bmax=1,3,3,1.0,0.0,2.6666666666666665,0.0
cap+cnt B=1 e=1 th=1 N=2 Bm=4,3,3,1.0,0.0,4.333333333333333,0.0
skip N=2 (work channel off),3,3,1.0,0.0,5.0,0.0
skip N=5 (work channel off),3,3,1.0,0.0,9.0,0.0
fixed B=0,1,3,4.0,0.0,4.0,0.0
fixed B=1,1,3,4.0,0.0,5.0,0.0
fixed B=4,1,3,4.0,0.0,8.0,0.0
rel B0=0 eps=.5,1,3,4.0,0.0,11.0,0.0
qlen B0=0 gam=1,1,3,4.0,0.0,5.0,0.0
qlen B0=1 gam=.5 eps=.5,1,3,4.0,0.0,13.0,0.0
thresh B=1 th=1 N=2,1,3,4.0,0.0,7.0,0.0
cap B0=1 eps=.5 Bmax=1,1,3,4.0,0.0,5.0,0.0
skip N=2 (work channel off),1,3,4.0,0.0,12.0,0.0
skip N=5 (work channel off),1,3,4.0,0.0,24.0,0.0
fixed B=0,3,8,1.0,0.0,2.3333333333333335,0.0
fixed B=1,3,8,1.0,0.0,2.6666666666666665,0.0
fixed B=4,3,8,1.0,0.0,3.666666666666667,0.0
rel B0=0 eps=.5,3,8,1.0,1.0,3.0,0.3333333333333333
rel B0=1 eps=1,3,8,1.0,0.0,4.5,0.0
rel B0=0 eps=2,3,8,1.0,1.0,9.0,0.1111111111111111
qlen B0=0 gam=1,3,8,1.0,0.0,3.333333333333333,0.0
qlen B0=1 gam=.5 eps=.5,3,8,1.0,0.0,4.0,0.0
thresh B=1 th=1 N=2,3,8,1.0,0.0,3.3333333333333335,0.0
thresh B=0 th=.5 N=3 eps=1,3,8,1.0,1.0,4.75,0.21052631578947367
cap B0=1 eps=1 Bmax=3,3,8,1.0,0.0,3.333333333333334,0.0
cap B0=0 eps=2 Bmax=2,3,8,1.0,1.0,3.0,0.3333333333333333
cap B0=1 eps=.5 Bmax=1,3,8,1.0,0.0,2.6666666666666665,0.0
cap+cnt B=1 e=1 th=1 N=2 Bm=4,3,8,1.0,0.0,4.333333333333333,0.0
skip N=2 (work channel off),3,8,1.0,0.0,5.0,0.0
skip N=5 (work channel off),3,8,1.0,0.0,9.0,0.0
fixed B=0,1,4,4.0,0.0,4.0,0.0
fixed B=1,1,4,4.0,4.0,5.0,0.8
fixed B=4,1,4,4.0,4.0,8.0,0.5
rel B0=0 eps=.5,1,4,4.0,4.0,15.0,0.3333333333333333
qlen B0=0 gam=1,1,4,4.0,4.0,6.0,0.8
qlen B0=1 gam=.5 eps=.5,1,4,4.0,5.0,19.0,0.3333333333333333
thresh B=1 th=1 N=2,1,4,4.0,4.0,7.0,0.5714285714285714
cap B0=1 eps=.5 Bmax=1,1,4,4.0,4.0,5.0,0.8
skip N=2 (work channel off),1,4,4.0,5.0,12.0,0.4166666666666667
skip N=5 (work channel off),1,4,4.0,5.0,24.0,0.20833333333333334
fixed B=0,3,4,4.0,0.0,9.333333333333334,0.0
fixed B=1,3,4,4.0,0.0,9.666666666666666,0.0
fixed B=4,3,4,4.0,0.0,10.666666666666666,0.0
rel B0=0 eps=.5,3,4,4.0,0.0,11.2,0.0
rel B0=1 eps=1,3,4,4.0,0.0,14.5,0.0
rel B0=0 eps=2,3,4,4.0,0.0,28.0,0.0
qlen B0=0 gam=1,3,4,4.0,0.0,9.666666666666666,0.0
qlen B0=1 gam=.5 eps=.5,3,4,4.0,0.0,11.8,0.0
thresh B=1 th=1 N=2,3,4,4.0,0.0,10.333333333333334,0.0
thresh B=0 th=.5 N=3 eps=1,3,4,4.0,0.0,14.75,0.0
cap B0=1 eps=1 Bmax=3,3,4,4.0,0.0,10.333333333333334,0.0
cap B0=0 eps=2 Bmax=2,3,4,4.0,0.0,10.0,0.0
cap B0=1 eps=.5 Bmax=1,3,4,4.0,0.0,9.666666666666666,0.0
cap+cnt B=1 e=1 th=1 N=2 Bm=4,3,4,4.0,0.0,11.333333333333334,0.0
skip N=2 (work channel off),3,4,4.0,0.0,12.0,0.0
skip N=5 (work channel off),3,4,4.0,0.0,16.0,0.0
fixed B=0,3,4,1.0,0.0,2.3333333333333335,0.0
fixed B=1,3,4,1.0,0.0,2.6666666666666665,0.0
fixed B=4,3,4,1.0,0.0,3.6666666666666665,0.0
rel B0=0 eps=.5,3,4,1.0,0.0,2.8,0.0
rel B0=1 eps=1,3,4,1.0,0.0,4.0,0.0
rel B0=0 eps=2,3,4,1.0,0.0,7.0,0.0
qlen B0=0 gam=1,3,4,1.0,0.0,2.6666666666666665,0.0
qlen B0=1 gam=.5 eps=.5,3,4,1.0,0.0,3.4,0.0
thresh B=1 th=1 N=2,3,4,1.0,0.0,3.3333333333333335,0.0
thresh B=0 th=.5 N=3 eps=1,3,4,1.0,0.0,4.25,0.0
cap B0=1 eps=1 Bmax=3,3,4,1.0,0.0,3.3333333333333335,0.0
cap B0=0 eps=2 Bmax=2,3,4,1.0,0.0,3.0,0.0
cap B0=1 eps=.5 Bmax=1,3,4,1.0,0.0,2.6666666666666665,0.0
cap+cnt B=1 e=1 th=1 N=2 Bm=4,3,4,1.0,0.0,4.333333333333333,0.0
skip N=2 (work channel off),3,4,1.0,0.0,5.0,0.0
skip N=5 (work channel off),3,4,1.0,0.0,9.0,0.0
fixed B=0,1,5,4.0,0.0,4.0,0.0
fixed B=1,1,5,4.0,0.0,5.0,0.0
fixed B=4,1,5,4.0,0.0,8.0,0.0
rel B0=0 eps=.5,1,5,4.0,0.0,20.0,0.0
qlen B0=0 gam=1,1,5,4.0,0.0,7.0,0.0
qlen B0=1 gam=.5 eps=.5,1,5,4.0,0.0,25.0,0.0
thresh B=1 th=1 N=2,1,5,4.0,0.0,7.0,0.0
cap B0=1 eps=.5 Bmax=1,1,5,4.0,0.0,5.0,0.0
skip N=2 (work channel off),1,5,4.0,0.0,12.0,0.0
skip N=5 (work channel off),1,5,4.0,0.0,24.0,0.0
fixed B=0,3,9,4.0,0.0,9.333333333333334,0.0
fixed B=1,3,9,4.0,0.0,9.666666666666666,0.0
fixed B=4,3,9,4.0,0.0,10.666666666666666,0.0
rel B0=0 eps=.5,3,9,4.0,0.0,11.2,0.0
rel B0=1 eps=1,3,9,4.0,0.0,14.5,0.0
rel B0=0 eps=2,3,9,4.0,0.0,28.0,0.0
qlen B0=0 gam=1,3,9,4.0,0.0,10.333333333333334,0.0
qlen B0=1 gam=.5 eps=.5,3,9,4.0,0.0,12.2,0.0
thresh B=1 th=1 N=2,3,9,4.0,0.0,10.333333333333334,0.0
thresh B=0 th=.5 N=3 eps=1,3,9,4.0,0.0,14.75,0.0
cap B0=1 eps=1 Bmax=3,3,9,4.0,0.0,10.333333333333334,0.0
cap B0=0 eps=2 Bmax=2,3,9,4.0,0.0,10.0,0.0
cap B0=1 eps=.5 Bmax=1,3,9,4.0,0.0,9.666666666666666,0.0
cap+cnt B=1 e=1 th=1 N=2 Bm=4,3,9,4.0,0.0,11.333333333333334,0.0
skip N=2 (work channel off),3,9,4.0,0.0,12.0,0.0
skip N=5 (work channel off),3,9,4.0,0.0,16.0,0.0
fixed B=0,1,6,4.0,0.0,4.0,0.0
fixed B=1,1,6,4.0,1.0,5.0,0.2
fixed B=4,1,6,4.0,2.0,8.0,0.25
rel B0=0 eps=.5,1,6,4.0,2.0,13.0,0.16666666666666666
qlen B0=0 gam=1,1,6,4.0,2.0,8.0,0.3333333333333333
qlen B0=1 gam=.5 eps=.5,1,6,4.0,2.0,19.0,0.2
thresh B=1 th=1 N=2,1,6,4.0,2.0,7.0,0.2857142857142857
cap B0=1 eps=.5 Bmax=1,1,6,4.0,1.0,5.0,0.2
skip N=2 (work channel off),1,6,4.0,2.0,12.0,0.16666666666666666
skip N=5 (work channel off),1,6,4.0,2.0,24.0,0.08333333333333333
fixed B=0,2,4,1.0,0.0,2.0,0.0
fixed B=1,2,4,1.0,0.0,2.5,0.0
fixed B=4,2,4,1.0,0.0,4.0,0.0
rel B0=0 eps=.5,2,4,1.0,0.0,2.6666666666666665,0.0
rel B0=1 eps=1,2,4,1.0,0.0,5.0,0.0
qlen B0=0 gam=1,2,4,1.0,0.0,2.5,0.0
qlen B0=1 gam=.5 eps=.5,2,4,1.0,0.0,3.6666666666666665,0.0
thresh B=1 th=1 N=2,2,4,1.0,0.0,3.5,0.0
thresh B=0 th=.5 N=3 eps=1,2,4,1.0,0.0,5.5,0.0
cap B0=1 eps=1 Bmax=3,2,4,1.0,0.0,3.5,0.0
cap B0=1 eps=.5 Bmax=1,2,4,1.0,0.0,2.5,0.0
cap+cnt B=1 e=1 th=1 N=2 Bm=4,2,4,1.0,0.0,5.0,0.0
skip N=2 (work channel off),2,4,1.0,0.0,6.0,0.0
skip N=5 (work channel off),2,4,1.0,0.0,12.0,0.0
fixed B=0,3,8,4.0,0.0,9.333333333333334,0.0
fixed B=1,3,8,4.0,0.0,9.666666666666666,0.0
fixed B=4,3,8,4.0,0.0,10.666666666666666,0.0
rel B0=0 eps=.5,3,8,4.0,2.0,11.8,0.17543859649122806
rel B0=1 eps=1,3,8,4.0,0.0,16.0,0.0
rel B0=0 eps=2,3,8,4.0,2.0,34.0,0.06666666666666667
qlen B0=0 gam=1,3,8,4.0,0.0,10.333333333333334,0.0
qlen B0=1 gam=.5 eps=.5,3,8,4.0,0.0,12.8,0.0
thresh B=1 th=1 N=2,3,8,4.0,0.0,10.333333333333334,0.0
thresh B=0 th=.5 N=3 eps=1,3,8,4.0,2.0,16.25,0.13114754098360656
cap B0=1 eps=1 Bmax=3,3,8,4.0,0.0,10.333333333333334,0.0
cap B0=0 eps=2 Bmax=2,3,8,4.0,2.0,10.0,0.2
cap B0=1 eps=.5 Bmax=1,3,8,4.0,0.0,9.666666666666666,0.0
cap+cnt B=1 e=1 th=1 N=2 Bm=4,3,8,4.0,0.0,11.333333333333334,0.0
skip N=2 (work channel off),3,8,4.0,0.0,12.0,0.0
skip N=5 (work channel off),3,8,4.0,0.0,16.0,0.0
fixed B=0,3,7,4.0,0.0,9.333333333333334,0.0
fixed B=1,3,7,4.0,0.0,9.666666666666666,0.0
fixed B=4,3,7,4.0,0.0,10.666666666666666,0.0
rel B0=0 eps=.5,3,7,4.0,0.0,11.2,0.0
rel B0=1 eps=1,3,7,4.0,0.0,14.5,0.0
rel B0=0 eps=2,3,7,4.0,0.0,28.0,0.0
qlen B0=0 gam=1,3,7,4.0,0.0,10.0,0.0
qlen B0=1 gam=.5 eps=.5,3,7,4.0,0.0,12.0,0.0
thresh B=1 th=1 N=2,3,7,4.0,0.0,10.333333333333334,0.0
thresh B=0 th=.5 N=3 eps=1,3,7,4.0,0.0,14.75,0.0
cap B0=1 eps=1 Bmax=3,3,7,4.0,0.0,10.333333333333334,0.0
cap B0=0 eps=2 Bmax=2,3,7,4.0,0.0,10.0,0.0
cap B0=1 eps=.5 Bmax=1,3,7,4.0,0.0,9.666666666666666,0.0
cap+cnt B=1 e=1 th=1 N=2 Bm=4,3,7,4.0,0.0,11.333333333333334,0.0
skip N=2 (work channel off),3,7,4.0,0.0,12.0,0.0
skip N=5 (work channel off),3,7,4.0,0.0,16.0,0.0
fixed B=0,3,4,4.0,0.0,9.333333333333334,0.0
fixed B=1,3,4,4.0,0.0,9.666666666666666,0.0
fixed B=4,3,4,4.0,0.0,10.666666666666666,0.0
rel B0=0 eps=.5,3,4,4.0,0.0,11.2,0.0
rel B0=1 eps=1,3,4,4.0,0.0,14.5,0.0
rel B0=0 eps=2,3,4,4.0,0.0,28.0,0.0
qlen B0=0 gam=1,3,4,4.0,0.0,10.0,0.0
qlen B0=1 gam=.5 eps=.5,3,4,4.0,0.0,12.0,0.0
thresh B=1 th=1 N=2,3,4,4.0,0.0,10.333333333333334,0.0
thresh B=0 th=.5 N=3 eps=1,3,4,4.0,0.0,14.75,0.0
cap B0=1 eps=1 Bmax=3,3,4,4.0,0.0,10.333333333333334,0.0
cap B0=0 eps=2 Bmax=2,3,4,4.0,0.0,10.0,0.0
cap B0=1 eps=.5 Bmax=1,3,4,4.0,0.0,9.666666666666666,0.0
cap+cnt B=1 e=1 th=1 N=2 Bm=4,3,4,4.0,0.0,11.333333333333334,0.0
skip N=2 (work channel off),3,4,4.0,0.0,12.0,0.0
skip N=5 (work channel off),3,4,4.0,0.0,16.0,0.0
fixed B=0,3,2,1.0,0.0,2.3333333333333335,0.0
fixed B=1,3,2,1.0,0.0,2.6666666666666665,0.0
fixed B=4,3,2,1.0,0.0,3.6666666666666665,0.0
rel B0=0 eps=.5,3,2,1.0,0.0,2.8,0.0
rel B0=1 eps=1,3,2,1.0,0.0,4.0,0.0
rel B0=0 eps=2,3,2,1.0,0.0,7.0,0.0
qlen B0=0 gam=1,3,2,1.0,0.0,2.6666666666666665,0.0
qlen B0=1 gam=.5 eps=.5,3,2,1.0,0.0,3.4,0.0
thresh B=1 th=1 N=2,3,2,1.0,0.0,3.3333333333333335,0.0
thresh B=0 th=.5 N=3 eps=1,3,2,1.0,0.0,4.25,0.0
cap B0=1 eps=1 Bmax=3,3,2,1.0,0.0,3.3333333333333335,0.0
cap B0=0 eps=2 Bmax=2,3,2,1.0,0.0,3.0,0.0
cap B0=1 eps=.5 Bmax=1,3,2,1.0,0.0,2.6666666666666665,0.0
cap+cnt B=1 e=1 th=1 N=2 Bm=4,3,2,1.0,0.0,4.333333333333333,0.0
skip N=2 (work channel off),3,2,1.0,0.0,5.0,0.0
skip N=5 (work channel off),3,2,1.0,0.0,9.0,0.0
fixed B=0,2,6,4.0,0.0,8.0,0.0
fixed B=1,2,6,4.0,1.0,8.5,0.11764705882352941
fixed B=4,2,6,4.0,1.0,10.0,0.1
rel B0=0 eps=.5,2,6,4.0,1.0,12.0,0.08571428571428572
rel B0=1 eps=1,2,6,4.0,1.0,21.0,0.05
qlen B0=0 gam=1,2,6,4.0,1.0,9.5,0.11764705882352941
qlen B0=1 gam=.5 eps=.5,2,6,4.0,1.0,13.666666666666668,0.07894736842105264
thresh B=1 th=1 N=2,2,6,4.0,1.0,9.5,0.10526315789473684
thresh B=0 th=.5 N=3 eps=1,2,6,4.0,1.0,21.5,0.04878048780487805
cap B0=1 eps=1 Bmax=3,2,6,4.0,1.0,9.5,0.10526315789473684
cap B0=1 eps=.5 Bmax=1,2,6,4.0,1.0,8.5,0.11764705882352941
cap+cnt B=1 e=1 th=1 N=2 Bm=4,2,6,4.0,1.0,11.0,0.09090909090909091
skip N=2 (work channel off),2,6,4.0,1.0,12.0,0.08333333333333333
skip N=5 (work channel off),2,6,4.0,1.0,18.0,0.05555555555555555
fixed B=0,2,7,4.0,0.0,8.0,0.0
fixed B=1,2,7,4.0,0.0,8.5,0.0
fixed B=4,2,7,4.0,0.0,10.0,0.0
rel B0=0 eps=.5,2,7,4.0,0.0,11.333333333333334,0.0
rel B0=1 eps=1,2,7,4.0,0.0,19.0,0.0
qlen B0=0 gam=1,2,7,4.0,0.0,9.0,0.0
qlen B0=1 gam=.5 eps=.5,2,7,4.0,0.0,12.666666666666666,0.0
thresh B=1 th=1 N=2,2,7,4.0,0.0,9.5,0.0
thresh B=0 th=.5 N=3 eps=1,2,7,4.0,0.0,19.5,0.0
cap B0=1 eps=1 Bmax=3,2,7,4.0,0.0,9.5,0.0
cap B0=1 eps=.5 Bmax=1,2,7,4.0,0.0,8.5,0.0
cap+cnt B=1 e=1 th=1 N=2 Bm=4,2,7,4.0,0.0,11.0,0.0
skip N=2 (work channel off),2,7,4.0,0.0,12.0,0.0
skip N=5 (work channel off),2,7,4.0,0.0,18.0,0.0
fixed B=0,1,2,1.0,0.0,1.0,0.0
fixed B=1,1,2,1.0,0.0,2.0,0.0
fixed B=4,1,2,1.0,0.0,5.0,0.0
rel B0=0 eps=.5,1,2,1.0,0.0,2.0,0.0
qlen B0=0 gam=1,1,2,1.0,0.0,1.0,0.0
qlen B0=1 gam=.5 eps=.5,1,2,1.0,0.0,4.0,0.0
thresh B=1 th=1 N=2,1,2,1.0,0.0,4.0,0.0
cap B0=1 eps=.5 Bmax=1,1,2,1.0,0.0,2.0,0.0
skip N=2 (work channel off),1,2,1.0,0.0,9.0,0.0
skip N=5 (work channel off),1,2,1.0,0.0,21.0,0.0
fixed B=0,3,5,4.0,0.0,9.333333333333334,0.0
fixed B=1,3,5,4.0,0.0,9.666666666666666,0.0
fixed B=4,3,5,4.0,0.0,10.666666666666666,0.0
rel B0=0 eps=.5,3,5,4.0,0.0,11.2,0.0
rel B0=1 eps=1,3,5,4.0,0.0,14.5,0.0
rel B0=0 eps=2,3,5,4.0,0.0,28.0,0.0
qlen B0=0 gam=1,3,5,4.0,0.0,10.0,0.0
qlen B0=1 gam=.5 eps=.5,3,5,4.0,0.0,12.0,0.0
thresh B=1 th=1 N=2,3,5,4.0,0.0,10.333333333333334,0.0
thresh B=0 th=.5 N=3 eps=1,3,5,4.0,0.0,14.75,0.0
cap B0=1 eps=1 Bmax=3,3,5,4.0,0.0,10.333333333333334,0.0
cap B0=0 eps=2 Bmax=2,3,5,4.0,0.0,10.0,0.0
cap B0=1 eps=.5 Bmax=1,3,5,4.0,0.0,9.666666666666666,0.0
cap+cnt B=1 e=1 th=1 N=2 Bm=4,3,5,4.0,0.0,11.333333333333334,0.0
skip N=2 (work channel off),3,5,4.0,0.0,12.0,0.0
skip N=5 (work channel off),3,5,4.0,0.0,16.0,0.0
fixed B=0,3,5,4.0,0.0,9.333333333333334,0.0
fixed B=1,3,5,4.0,0.0,9.666666666666666,0.0
fixed B=4,3,5,4.0,0.0,10.666666666666666,0.0
rel B0=0 eps=.5,3,5,4.0,0.0,11.2,0.0
rel B0=1 eps=1,3,5,4.0,0.0,14.5,0.0
rel B0=0 eps=2,3,5,4.0,0.0,28.0,0.0
qlen B0=0 gam=1,3,5,4.0,0.0,9.666666666666666,0.0
qlen B0=1 gam=.5 eps=.5,3,5,4.0,0.0,11.8,0.0
thresh B=1 th=1 N=2,3,5,4.0,0.0,10.333333333333334,0.0
thresh B=0 th=.5 N=3 eps=1,3,5,4.0,0.0,14.75,0.0
cap B0=1 eps=1 Bmax=3,3,5,4.0,0.0,10.333333333333334,0.0
cap B0=0 eps=2 Bmax=2,3,5,4.0,0.0,10.0,0.0
cap B0=1 eps=.5 Bmax=1,3,5,4.0,0.0,9.666666666666666,0.0
cap+cnt B=1 e=1 th=1 N=2 Bm=4,3,5,4.0,0.0,11.333333333333334,0.0
skip N=2 (work channel off),3,5,4.0,0.0,12.0,0.0
skip N=5 (work channel off),3,5,4.0,0.0,16.0,0.0
fixed B=0,3,7,4.0,0.0,9.333333333333334,0.0
fixed B=1,3,7,4.0,0.0,9.666666666666666,0.0
fixed B=4,3,7,4.0,0.0,10.666666666666666,0.0
rel B0=0 eps=.5,3,7,4.0,0.0,11.6,0.0
rel B0=1 eps=1,3,7,4.0,0.0,15.5,0.0
rel B0=0 eps=2,3,7,4.0,0.0,32.0,0.0
qlen B0=0 gam=1,3,7,4.0,0.0,10.333333333333334,0.0
qlen B0=1 gam=.5 eps=.5,3,7,4.0,0.0,12.2,0.0
thresh B=1 th=1 N=2,3,7,4.0,0.0,10.333333333333334,0.0
thresh B=0 th=.5 N=3 eps=1,3,7,4.0,0.0,15.75,0.0
cap B0=1 eps=1 Bmax=3,3,7,4.0,0.0,10.333333333333334,0.0
cap B0=0 eps=2 Bmax=2,3,7,4.0,0.0,10.0,0.0
cap B0=1 eps=.5 Bmax=1,3,7,4.0,0.0,9.666666666666666,0.0
cap+cnt B=1 e=1 th=1 N=2 Bm=4,3,7,4.0,0.0,11.333333333333334,0.0
skip N=2 (work channel off),3,7,4.0,0.0,12.0,0.0
skip N=5 (work channel off),3,7,4.0,0.0,16.0,0.0
fixed B=0,1,5,4.0,0.0,4.0,0.0
fixed B=1,1,5,4.0,4.0,5.0,0.8
fixed B=4,1,5,4.0,4.0,8.0,0.5
rel B0=0 eps=.5,1,5,4.0,4.0,11.0,0.4
qlen B0=0 gam=1,1,5,4.0,4.0,7.0,0.8
qlen B0=1 gam=.5 eps=.5,1,5,4.0,5.0,16.0,0.38461538461538464
thresh B=1 th=1 N=2,1,5,4.0,4.0,7.0,0.5714285714285714
cap B0=1 eps=.5 Bmax=1,1,5,4.0,4.0,5.0,0.8
skip N=2 (work channel off),1,5,4.0,5.0,12.0,0.4166666666666667
skip N=5 (work channel off),1,5,4.0,5.0,24.0,0.20833333333333334
fixed B=0,3,5,4.0,0.0,9.333333333333334,0.0
fixed B=1,3,5,4.0,0.0,9.666666666666666,0.0
fixed B=4,3,5,4.0,0.0,10.666666666666666,0.0
rel B0=0 eps=.5,3,5,4.0,0.0,11.2,0.0
rel B0=1 eps=1,3,5,4.0,0.0,14.5,0.0
rel B0=0 eps=2,3,5,4.0,0.0,28.0,0.0
qlen B0=0 gam=1,3,5,4.0,0.0,10.0,0.0
qlen B0=1 gam=.5 eps=.5,3,5,4.0,0.0,12.0,0.0
thresh B=1 th=1 N=2,3,5,4.0,0.0,10.333333333333334,0.0
thresh B=0 th=.5 N=3 eps=1,3,5,4.0,0.0,14.75,0.0
cap B0=1 eps=1 Bmax=3,3,5,4.0,0.0,10.333333333333334,0.0
cap B0=0 eps=2 Bmax=2,3,5,4.0,0.0,10.0,0.0
cap B0=1 eps=.5 Bmax=1,3,5,4.0,0.0,9.666666666666666,0.0
cap+cnt B=1 e=1 th=1 N=2 Bm=4,3,5,4.0,0.0,11.333333333333334,0.0
skip N=2 (work channel off),3,5,4.0,0.0,12.0,0.0
skip N=5 (work channel off),3,5,4.0,0.0,16.0,0.0
fixed B=0,1,8,4.0,0.0,4.0,0.0
fixed B=1,1,8,4.0,4.0,5.0,0.8
fixed B=4,1,8,4.0,4.0,8.0,0.5
rel B0=0 eps=.5,1,8,4.0,5.0,21.0,0.3333333333333333
qlen B0=0 gam=1,1,8,4.0,4.0,10.0,0.8
qlen B0=1 gam=.5 eps=.5,1,8,4.0,8.0,29.0,0.5333333333333333
thresh B=1 th=1 N=2,1,8,4.0,4.0,7.0,0.5714285714285714
cap B0=1 eps=.5 Bmax=1,1,8,4.0,4.0,5.0,0.8
skip N=2 (work channel off),1,8,4.0,4.0,12.0,0.3333333333333333
skip N=5 (work channel off),1,8,4.0,9.0,24.0,0.375
fixed B=0,3,2,4.0,0.0,9.333333333333334,0.0
fixed B=1,3,2,4.0,0.0,9.666666666666666,0.0
fixed B=4,3,2,4.0,0.0,10.666666666666666,0.0
rel B0=0 eps=.5,3,2,4.0,0.0,11.2,0.0
rel B0=1 eps=1,3,2,4.0,0.0,14.5,0.0
rel B0=0 eps=2,3,2,4.0,0.0,28.0,0.0
qlen B0=0 gam=1,3,2,4.0,0.0,9.666666666666666,0.0
qlen B0=1 gam=.5 eps=.5,3,2,4.0,0.0,11.8,0.0
thresh B=1 th=1 N=2,3,2,4.0,0.0,10.333333333333334,0.0
thresh B=0 th=.5 N=3 eps=1,3,2,4.0,0.0,14.75,0.0
cap B0=1 eps=1 Bmax=3,3,2,4.0,0.0,10.333333333333334,0.0
cap B0=0 eps=2 Bmax=2,3,2,4.0,0.0,10.0,0.0
cap B0=1 eps=.5 Bmax=1,3,2,4.0,0.0,9.666666666666666,0.0
cap+cnt B=1 e=1 th=1 N=2 Bm=4,3,2,4.0,0.0,11.333333333333334,0.0
skip N=2 (work channel off),3,2,4.0,0.0,12.0,0.0
skip N=5 (work channel off),3,2,4.0,0.0,16.0,0.0
fixed B=0,2,5,4.0,0.0,8.0,0.0
fixed B=1,2,5,4.0,0.0,8.5,0.0
fixed B=4,2,5,4.0,0.0,10.0,0.0
rel B0=0 eps=.5,2,5,4.0,0.0,10.666666666666666,0.0
rel B0=1 eps=1,2,5,4.0,0.0,17.0,0.0
qlen B0=0 gam=1,2,5,4.0,0.0,8.5,0.0
qlen B0=1 gam=.5 eps=.5,2,5,4.0,0.0,11.666666666666666,0.0
thresh B=1 th=1 N=2,2,5,4.0,0.0,9.5,0.0
thresh B=0 th=.5 N=3 eps=1,2,5,4.0,0.0,17.5,0.0
cap B0=1 eps=1 Bmax=3,2,5,4.0,0.0,9.5,0.0
cap B0=1 eps=.5 Bmax=1,2,5,4.0,0.0,8.5,0.0
cap+cnt B=1 e=1 th=1 N=2 Bm=4,2,5,4.0,0.0,11.0,0.0
skip N=2 (work channel off),2,5,4.0,0.0,12.0,0.0
skip N=5 (work channel off),2,5,4.0,0.0,18.0,0.0
fixed B=0,3,6,4.0,0.0,9.333333333333334,0.0
fixed B=1,3,6,4.0,0.0,9.666666666666666,0.0
fixed B=4,3,6,4.0,0.0,10.666666666666666,0.0
rel B0=0 eps=.5,3,6,4.0,0.0,11.2,0.0
rel B0=1 eps=1,3,6,4.0,0.0,14.5,0.0
rel B0=0 eps=2,3,6,4.0,0.0,28.0,0.0
qlen B0=0 gam=1,3,6,4.0,0.0,10.0,0.0
qlen B0=1 gam=.5 eps=.5,3,6,4.0,0.0,12.0,0.0
thresh B=1 th=1 N=2,3,6,4.0,0.0,10.333333333333334,0.0
thresh B=0 th=.5 N=3 eps=1,3,6,4.0,0.0,14.75,0.0
cap B0=1 eps=1 Bmax=3,3,6,4.0,0.0,10.333333333333334,0.0
cap B0=0 eps=2 Bmax=2,3,6,4.0,0.0,10.0,0.0
cap B0=1 eps=.5 Bmax=1,3,6,4.0,0.0,9.666666666666666,0.0
cap+cnt B=1 e=1 th=1 N=2 Bm=4,3,6,4.0,0.0,11.333333333333334,0.0
skip N=2 (work channel off),3,6,4.0,0.0,12.0,0.0
skip N=5 (work channel off),3,6,4.0,0.0,16.0,0.0
fixed B=0,3,7,4.0,0.0,9.333333333333334,0.0
fixed B=1,3,7,4.0,0.0,9.666666666666666,0.0
fixed B=4,3,7,4.0,0.0,10.666666666666666,0.0
rel B0=0 eps=.5,3,7,4.0,0.0,11.2,0.0
rel B0=1 eps=1,3,7,4.0,0.0,14.5,0.0
rel B0=0 eps=2,3,7,4.0,0.0,28.0,0.0
qlen B0=0 gam=1,3,7,4.0,0.0,10.0,0.0
qlen B0=1 gam=.5 eps=.5,3,7,4.0,0.0,12.0,0.0
thresh B=1 th=1 N=2,3,7,4.0,0.0,10.333333333333334,0.0
thresh B=0 th=.5 N=3 eps=1,3,7,4.0,0.0,14.75,0.0
cap B0=1 eps=1 Bmax=3,3,7,4.0,0.0,10.333333333333334,0.0
cap B0=0 eps=2 Bmax=2,3,7,4.0,0.0,10.0,0.0
cap B0=1 eps=.5 Bmax=1,3,7,4.0,0.0,9.666666666666666,0.0
cap+cnt B=1 e=1 th=1 N=2 Bm=4,3,7,4.0,0.0,11.333333333333334,0.0
skip N=2 (work channel off),3,7,4.0,0.0,12.0,0.0
skip N=5 (work channel off),3,7,4.0,0.0,16.0,0.0
fixed B=0,1,5,4.0,0.0,4.0,0.0
fixed B=1,1,5,4.0,4.0,5.0,0.8
fixed B=4,1,5,4.0,4.0,8.0,0.5
rel B0=0 eps=.5,1,5,4.0,4.0,22.0,0.3333333333333333
qlen B0=0 gam=1,1,5,4.0,4.0,7.0,0.8
qlen B0=1 gam=.5 eps=.5,1,5,4.0,4.0,27.0,0.26666666666666666
thresh B=1 th=1 N=2,1,5,4.0,4.0,7.0,0.5714285714285714
cap B0=1 eps=.5 Bmax=1,1,5,4.0,4.0,5.0,0.8
skip N=2 (work channel off),1,5,4.0,4.0,12.0,0.3333333333333333
skip N=5 (work channel off),1,5,4.0,4.0,24.0,0.16666666666666666
fixed B=0,3,9,4.0,0.0,9.333333333333334,0.0
fixed B=1,3,9,4.0,0.0,9.666666666666666,0.0
fixed B=4,3,9,4.0,0.0,10.666666666666666,0.0
rel B0=0 eps=.5,3,9,4.0,0.0,11.2,0.0
rel B0=1 eps=1,3,9,4.0,0.0,14.5,0.0
rel B0=0 eps=2,3,9,4.0,0.0,28.0,0.0
qlen B0=0 gam=1,3,9,4.0,0.0,10.333333333333334,0.0
qlen B0=1 gam=.5 eps=.5,3,9,4.0,0.0,12.2,0.0
thresh B=1 th=1 N=2,3,9,4.0,0.0,10.333333333333334,0.0
thresh B=0 th=.5 N=3 eps=1,3,9,4.0,0.0,14.75,0.0
cap B0=1 eps=1 Bmax=3,3,9,4.0,0.0,10.333333333333334,0.0
cap B0=0 eps=2 Bmax=2,3,9,4.0,0.0,10.0,0.0
cap B0=1 eps=.5 Bmax=1,3,9,4.0,0.0,9.666666666666666,0.0
cap+cnt B=1 e=1 th=1 N=2 Bm=4,3,9,4.0,0.0,11.333333333333334,0.0
skip N=2 (work channel off),3,9,4.0,0.0,12.0,0.0
skip N=5 (work channel off),3,9,4.0,0.0,16.0,0.0
fixed B=0,2,3,1.0,0.0,2.0,0.0
fixed B=1,2,3,1.0,0.0,2.5,0.0
fixed B=4,2,3,1.0,0.0,4.0,0.0
rel B0=0 eps=.5,2,3,1.0,0.0,2.6666666666666665,0.0
rel B0=1 eps=1,2,3,1.0,0.0,5.0,0.0
qlen B0=0 gam=1,2,3,1.0,0.0,3.0,0.0
qlen B0=1 gam=.5 eps=.5,2,3,1.0,0.0,4.0,0.0
thresh B=1 th=1 N=2,2,3,1.0,0.0,3.5,0.0
thresh B=0 th=.5 N=3 eps=1,2,3,1.0,0.0,5.5,0.0
cap B0=1 eps=1 Bmax=3,2,3,1.0,0.0,3.5,0.0
cap B0=1 eps=.5 Bmax=1,2,3,1.0,0.0,2.5,0.0
cap+cnt B=1 e=1 th=1 N=2 Bm=4,2,3,1.0,0.0,5.0,0.0
skip N=2 (work channel off),2,3,1.0,0.0,6.0,0.0
skip N=5 (work channel off),2,3,1.0,0.0,12.0,0.0
fixed B=0,3,2,4.0,0.0,9.333333333333334,0.0
fixed B=1,3,2,4.0,0.0,9.666666666666666,0.0
fixed B=4,3,2,4.0,0.0,10.666666666666666,0.0
rel B0=0 eps=.5,3,2,4.0,0.0,11.2,0.0
rel B0=1 eps=1,3,2,4.0,0.0,14.5,0.0
rel B0=0 eps=2,3,2,4.0,0.0,28.0,0.0
qlen B0=0 gam=1,3,2,4.0,0.0,9.333333333333334,0.0
qlen B0=1 gam=.5 eps=.5,3,2,4.0,0.0,11.6,0.0
thresh B=1 th=1 N=2,3,2,4.0,0.0,10.333333333333334,0.0
thresh B=0 th=.5 N=3 eps=1,3,2,4.0,0.0,14.75,0.0
cap B0=1 eps=1 Bmax=3,3,2,4.0,0.0,10.333333333333334,0.0
cap B0=0 eps=2 Bmax=2,3,2,4.0,0.0,10.0,0.0
cap B0=1 eps=.5 Bmax=1,3,2,4.0,0.0,9.666666666666666,0.0
cap+cnt B=1 e=1 th=1 N=2 Bm=4,3,2,4.0,0.0,11.333333333333334,0.0
skip N=2 (work channel off),3,2,4.0,0.0,12.0,0.0
skip N=5 (work channel off),3,2,4.0,0.0,16.0,0.0
fixed B=0,1,2,4.0,0.0,4.0,0.0
fixed B=1,1,2,4.0,0.0,5.0,0.0
fixed B=4,1,2,4.0,0.0,8.0,0.0
rel B0=0 eps=.5,1,2,4.0,0.0,11.0,0.0
qlen B0=0 gam=1,1,2,4.0,0.0,4.0,0.0
qlen B0=1 gam=.5 eps=.5,1,2,4.0,0.0,13.0,0.0
thresh B=1 th=1 N=2,1,2,4.0,0.0,7.0,0.0
cap B0=1 eps=.5 Bmax=1,1,2,4.0,0.0,5.0,0.0
skip N=2 (work channel off),1,2,4.0,0.0,12.0,0.0
skip N=5 (work channel off),1,2,4.0,0.0,24.0,0.0
fixed B=0,3,3,1.0,0.0,2.3333333333333335,0.0
fixed B=1,3,3,1.0,0.0,2.6666666666666665,0.0
fixed B=4,3,3,1.0,0.0,3.6666666666666665,0.0
rel B0=0 eps=.5,3,3,1.0,0.0,2.8,0.0
rel B0=1 eps=1,3,3,1.0,0.0,4.0,0.0
rel B0=0 eps=2,3,3,1.0,0.0,7.0,0.0
qlen B0=0 gam=1,3,3,1.0,0.0,2.6666666666666665,0.0
qlen B0=1 gam=.5 eps=.5,3,3,1.0,0.0,3.4,0.0
thresh B=1 th=1 N=2,3,3,1.0,0.0,3.3333333333333335,0.0
thresh B=0 th=.5 N=3 eps=1,3,3,1.0,0.0,4.25,0.0
cap B0=1 eps=1 Bmax=3,3,3,1.0,0.0,3.3333333333333335,0.0
cap B0=0 eps=2 Bmax=2,3,3,1.0,0.0,3.0,0.0
cap B0=1 eps=.5 Bmax=1,3,3,1.0,0.0,2.6666666666666665,0.0
cap+cnt B=1 e=1 th=1 N=2 Bm=4,3,3,1.0,0.0,4.333333333333333,0.0
skip N=2 (work channel off),3,3,1.0,0.0,5.0,0.0
skip N=5 (work channel off),3,3,1.0,0.0,9.0,0.0
fixed B=0,1,8,4.0,0.0,4.0,0.0
fixed B=1,1,8,4.0,4.0,5.0,0.8
fixed B=4,1,8,4.0,4.0,8.0,0.5
rel B0=0 eps=.5,1,8,4.0,8.0,18.0,0.6153846153846154
qlen B0=0 gam=1,1,8,4.0,4.0,9.0,0.8
qlen B0=1 gam=.5 eps=.5,1,8,4.0,8.0,25.0,0.5333333333333333
thresh B=1 th=1 N=2,1,8,4.0,4.0,7.0,0.5714285714285714
cap B0=1 eps=.5 Bmax=1,1,8,4.0,4.0,5.0,0.8
skip N=2 (work channel off),1,8,4.0,8.0,12.0,0.6666666666666666
skip N=5 (work channel off),1,8,4.0,8.0,24.0,0.3333333333333333
fixed B=0,1,5,4.0,0.0,4.0,0.0
fixed B=1,1,5,4.0,1.0,5.0,0.2
fixed B=4,1,5,4.0,5.0,8.0,0.625
rel B0=0 eps=.5,1,5,4.0,5.0,19.0,0.4166666666666667
qlen B0=0 gam=1,1,5,4.0,5.0,7.0,0.8333333333333334
qlen B0=1 gam=.5 eps=.5,1,5,4.0,5.0,23.0,0.5
thresh B=1 th=1 N=2,1,5,4.0,5.0,7.0,0.7142857142857143
cap B0=1 eps=.5 Bmax=1,1,5,4.0,1.0,5.0,0.2
skip N=2 (work channel off),1,5,4.0,5.0,12.0,0.4166666666666667
skip N=5 (work channel off),1,5,4.0,10.0,24.0,0.4166666666666667
fixed B=0,1,8,4.0,0.0,4.0,0.0
fixed B=1,1,8,4.0,4.0,5.0,0.8
fixed B=4,1,8,4.0,4.0,8.0,0.5
rel B0=0 eps=.5,1,8,4.0,8.0,17.0,0.6153846153846154
qlen B0=0 gam=1,1,8,4.0,4.0,10.0,0.8
qlen B0=1 gam=.5 eps=.5,1,8,4.0,9.0,25.0,0.6153846153846154
thresh B=1 th=1 N=2,1,8,4.0,4.0,7.0,0.5714285714285714
cap B0=1 eps=.5 Bmax=1,1,8,4.0,4.0,5.0,0.8
skip N=2 (work channel off),1,8,4.0,8.0,12.0,0.6666666666666666
skip N=5 (work channel off),1,8,4.0,9.0,24.0,0.375
fixed B=0,3,4,4.0,0.0,9.333333333333334,0.0
fixed B=1,3,4,4.0,1.0,9.666666666666666,0.10344827586206898
fixed B=4,3,4,4.0,1.0,10.666666666666666,0.09375
rel B0=0 eps=.5,3,4,4.0,0.0,11.2,0.0
rel B0=1 eps=1,3,4,4.0,1.0,14.5,0.06896551724137931
rel B0=0 eps=2,3,4,4.0,0.0,28.0,0.0
qlen B0=0 gam=1,3,4,4.0,0.0,10.0,0.0
qlen B0=1 gam=.5 eps=.5,3,4,4.0,1.0,12.0,0.08620689655172414
thresh B=1 th=1 N=2,3,4,4.0,1.0,10.333333333333334,0.0967741935483871
thresh B=0 th=.5 N=3 eps=1,3,4,4.0,0.0,14.75,0.0
cap B0=1 eps=1 Bmax=3,3,4,4.0,1.0,10.333333333333334,0.0967741935483871
cap B0=0 eps=2 Bmax=2,3,4,4.0,0.0,10.0,0.0
cap B0=1 eps=.5 Bmax=1,3,4,4.0,1.0,9.666666666666666,0.10344827586206898
cap+cnt B=1 e=1 th=1 N=2 Bm=4,3,4,4.0,1.0,11.333333333333334,0.08823529411764705
skip N=2 (work channel off),3,4,4.0,1.0,12.0,0.08333333333333333
skip N=5 (work channel off),3,4,4.0,1.0,16.0,0.0625
fixed B=0,1,7,4.0,0.0,4.0,0.0
fixed B=1,1,7,4.0,4.0,5.0,0.8
fixed B=4,1,7,4.0,4.0,8.0,0.5
rel B0=0 eps=.5,1,7,4.0,5.0,23.0,0.4
qlen B0=0 gam=1,1,7,4.0,4.0,9.0,0.8
qlen B0=1 gam=.5 eps=.5,1,7,4.0,5.0,30.0,0.3333333333333333
thresh B=1 th=1 N=2,1,7,4.0,4.0,7.0,0.5714285714285714
cap B0=1 eps=.5 Bmax=1,1,7,4.0,4.0,5.0,0.8
skip N=2 (work channel off),1,7,4.0,5.0,12.0,0.4166666666666667
skip N=5 (work channel off),1,7,4.0,5.0,24.0,0.20833333333333334
fixed B=0,1,8,4.0,0.0,4.0,0.0
fixed B=1,1,8,4.0,0.0,5.0,0.0
fixed B=4,1,8,4.0,0.0,8.0,0.0
rel B0=0 eps=.5,1,8,4.0,0.0,20.0,0.0
qlen B0=0 gam=1,1,8,4.0,0.0,9.0,0.0
qlen B0=1 gam=.5 eps=.5,1,8,4.0,0.0,27.0,0.0
thresh B=1 th=1 N=2,1,8,4.0,0.0,7.0,0.0
cap B0=1 eps=.5 Bmax=1,1,8,4.0,0.0,5.0,0.0
skip N=2 (work channel off),1,8,4.0,0.0,12.0,0.0
skip N=5 (work channel off),1,8,4.0,0.0,24.0,0.0
fixed B=0,3,9,4.0,0.0,9.333333333333334,0.0
fixed B=1,3,9,4.0,0.0,9.666666666666666,0.0
fixed B=4,3,9,4.0,0.0,10.666666666666666,0.0
rel B0=0 eps=.5,3,9,4.0,0.0,11.8,0.0
rel B0=1 eps=1,3,9,4.0,0.0,16.0,0.0
rel B0=0 eps=2,3,9,4.0,0.0,34.0,0.0
qlen B0=0 gam=1,3,9,4.0,0.0,10.666666666666666,0.0
qlen B0=1 gam=.5 eps=.5,3,9,4.0,0.0,12.4,0.0
thresh B=1 th=1 N=2,3,9,4.0,0.0,10.333333333333334,0.0
thresh B=0 th=.5 N=3 eps=1,3,9,4.0,0.0,16.25,0.0
cap B0=1 eps=1 Bmax=3,3,9,4.0,0.0,10.333333333333334,0.0
cap B0=0 eps=2 Bmax=2,3,9,4.0,0.0,10.0,0.0
cap B0=1 eps=.5 Bmax=1,3,9,4.0,0.0,9.666666666666666,0.0
cap+cnt B=1 e=1 th=1 N=2 Bm=4,3,9,4.0,0.0,11.333333333333334,0.0
skip N=2 (work channel off),3,9,4.0,0.0,12.0,0.0
skip N=5 (work channel off),3,9,4.0,0.0,16.0,0.0
fixed B=0,1,7,4.0,0.0,4.0,0.0
fixed B=1,1,7,4.0,0.0,5.0,0.0
fixed B=4,1,7,4.0,0.0,8.0,0.0
rel B0=0 eps=.5,1,7,4.0,0.0,16.0,0.0
qlen B0=0 gam=1,1,7,4.0,0.0,8.0,0.0
qlen B0=1 gam=.5 eps=.5,1,7,4.0,0.0,22.0,0.0
thresh B=1 th=1 N=2,1,7,4.0,0.0,7.0,0.0
cap B0=1 eps=.5 Bmax=1,1,7,4.0,0.0,5.0,0.0
skip N=2 (work channel off),1,7,4.0,0.0,12.0,0.0
skip N=5 (work channel off),1,7,4.0,0.0,24.0,0.0
fixed B=0,3,8,4.0,0.0,9.333333333333334,0.0
fixed B=1,3,8,4.0,0.0,9.666666666666666,0.0
fixed B=4,3,8,4.0,0.0,10.666666666666666,0.0
rel B0=0 eps=.5,3,8,4.0,0.0,11.6,0.0
rel B0=1 eps=1,3,8,4.0,0.0,15.5,0.0
rel B0=0 eps=2,3,8,4.0,0.0,32.0,0.0
qlen B0=0 gam=1,3,8,4.0,0.0,10.333333333333334,0.0
qlen B0=1 gam=.5 eps=.5,3,8,4.0,0.0,12.4,0.0
thresh B=1 th=1 N=2,3,8,4.0,0.0,10.333333333333334,0.0
thresh B=0 th=.5 N=3 eps=1,3,8,4.0,0.0,15.75,0.0
cap B0=1 eps=1 Bmax=3,3,8,4.0,0.0,10.333333333333334,0.0
cap B0=0 eps=2 Bmax=2,3,8,4.0,0.0,10.0,0.0
cap B0=1 eps=.5 Bmax=1,3,8,4.0,0.0,9.666666666666666,0.0
cap+cnt B=1 e=1 th=1 N=2 Bm=4,3,8,4.0,0.0,11.333333333333334,0.0
skip N=2 (work channel off),3,8,4.0,0.0,12.0,0.0
skip N=5 (work channel off),3,8,4.0,0.0,16.0,0.0
fixed B=0,1,9,4.0,0.0,4.0,0.0
fixed B=1,1,9,4.0,4.0,5.0,0.8
fixed B=4,1,9,4.0,4.0,8.0,0.5
rel B0=0 eps=.5,1,9,4.0,4.0,21.0,0.4444444444444444
qlen B0=0 gam=1,1,9,4.0,4.0,10.0,0.8
qlen B0=1 gam=.5 eps=.5,1,9,4.0,4.0,30.0,0.4
thresh B=1 th=1 N=2,1,9,4.0,4.0,7.0,0.5714285714285714
cap B0=1 eps=.5 Bmax=1,1,9,4.0,4.0,5.0,0.8
skip N=2 (work channel off),1,9,4.0,4.0,12.0,0.3333333333333333
skip N=5 (work channel off),1,9,4.0,4.0,24.0,0.16666666666666666
fixed B=0,2,7,4.0,0.0,8.0,0.0
fixed B=1,2,7,4.0,1.0,8.5,0.11764705882352941
fixed B=4,2,7,4.0,1.0,10.0,0.1
rel B0=0 eps=.5,2,7,4.0,4.0,13.0,0.36363636363636365
rel B0=1 eps=1,2,7,4.0,1.0,24.0,0.058823529411764705
qlen B0=0 gam=1,2,7,4.0,1.0,9.5,0.11764705882352941
qlen B0=1 gam=.5 eps=.5,2,7,4.0,1.0,14.666666666666668,0.08571428571428572
thresh B=1 th=1 N=2,2,7,4.0,1.0,9.5,0.10526315789473684
thresh B=0 th=.5 N=3 eps=1,2,7,4.0,4.0,24.5,0.21621621621621623
cap B0=1 eps=1 Bmax=3,2,7,4.0,1.0,9.5,0.10526315789473684
cap B0=1 eps=.5 Bmax=1,2,7,4.0,1.0,8.5,0.11764705882352941
cap+cnt B=1 e=1 th=1 N=2 Bm=4,2,7,4.0,1.0,11.0,0.09090909090909091
skip N=2 (work channel off),2,7,4.0,1.0,12.0,0.08333333333333333
skip N=5 (work channel off),2,7,4.0,1.0,18.0,0.05555555555555555
fixed B=0,1,7,4.0,0.0,4.0,0.0
fixed B=1,1,7,4.0,4.0,5.0,0.8
fixed B=4,1,7,4.0,4.0,8.0,0.5
rel B0=0 eps=.5,1,7,4.0,8.0,23.5,0.6153846153846154
qlen B0=0 gam=1,1,7,4.0,4.0,8.0,0.8
qlen B0=1 gam=.5 eps=.5,1,7,4.0,8.0,29.5,0.64
thresh B=1 th=1 N=2,1,7,4.0,4.0,7.0,0.5714285714285714
cap B0=1 eps=.5 Bmax=1,1,7,4.0,4.0,5.0,0.8
skip N=2 (work channel off),1,7,4.0,4.0,12.0,0.3333333333333333
skip N=5 (work channel off),1,7,4.0,4.0,24.0,0.16666666666666666
fixed B=0,2,7,4.0,0.0,8.0,0.0
fixed B=1,2,7,4.0,0.0,8.5,0.0
fixed B=4,2,7,4.0,0.0,10.0,0.0
rel B0=0 eps=.5,2,7,4.0,0.5,11.833333333333334,0.04225352112676056
rel B0=1 eps=1,2,7,4.0,0.0,20.5,0.0
qlen B0=0 gam=1,2,7,4.0,0.0,9.0,0.0
qlen B0=1 gam=.5 eps=.5,2,7,4.0,0.0,12.5,0.0
thresh B=1 th=1 N=2,2,7,4.0,0.0,9.5,0.0
thresh B=0 th=.5 N=3 eps=1,2,7,4.0,0.5,21.0,0.023809523809523808
cap B0=1 eps=1 Bmax=3,2,7,4.0,0.0,9.5,0.0
cap B0=1 eps=.5 Bmax=1,2,7,4.0,0.0,8.5,0.0
cap+cnt B=1 e=1 th=1 N=2 Bm=4,2,7,4.0,0.0,11.0,0.0
skip N=2 (work channel off),2,7,4.0,0.0,12.0,0.0
skip N=5 (work channel off),2,7,4.0,0.0,18.0,0.0
fixed B=0,1,5,4.0,0.0,4.0,0.0
fixed B=1,1,5,4.0,0.0,5.0,0.0
fixed B=4,1,5,4.0,0.0,8.0,0.0
rel B0=0 eps=.5,1,5,4.0,0.0,11.5,0.0
qlen B0=0 gam=1,1,5,4.0,0.0,6.0,0.0
qlen B0=1 gam=.5 eps=.5,1,5,4.0,0.0,14.5,0.0
thresh B=1 th=1 N=2,1,5,4.0,0.0,7.0,0.0
cap B0=1 eps=.5 Bmax=1,1,5,4.0,0.0,5.0,0.0
skip N=2 (work channel off),1,5,4.0,0.0,12.0,0.0
skip N=5 (work channel off),1,5,4.0,0.0,24.0,0.0
fixed B=0,3,4,4.0,0.0,9.333333333333334,0.0
fixed B=1,3,4,4.0,0.0,9.666666666666666,0.0
fixed B=4,3,4,4.0,0.0,10.666666666666666,0.0
rel B0=0 eps=.5,3,4,4.0,0.0,11.2,0.0
rel B0=1 eps=1,3,4,4.0,0.0,14.5,0.0
rel B0=0 eps=2,3,4,4.0,0.0,28.0,0.0
qlen B0=0 gam=1,3,4,4.0,0.0,9.333333333333334,0.0
qlen B0=1 gam=.5 eps=.5,3,4,4.0,0.0,11.6,0.0
thresh B=1 th=1 N=2,3,4,4.0,0.0,10.333333333333334,0.0
thresh B=0 th=.5 N=3 eps=1,3,4,4.0,0.0,14.75,0.0
cap B0=1 eps=1 Bmax=3,3,4,4.0,0.0,10.333333333333334,0.0
cap B0=0 eps=2 Bmax=2,3,4,4.0,0.0,10.0,0.0
cap B0=1 eps=.5 Bmax=1,3,4,4.0,0.0,9.666666666666666,0.0
cap+cnt B=1 e=1 th=1 N=2 Bm=4,3,4,4.0,0.0,11.333333333333334,0.0
skip N=2 (work channel off),3,4,4.0,0.0,12.0,0.0
skip N=5 (work channel off),3,4,4.0,0.0,16.0,0.0
fixed B=0,2,2,4.0,0.0,8.0,0.0
fixed B=1,2,2,4.0,0.0,8.5,0.0
fixed B=4,2,2,4.0,0.0,10.0,0.0
rel B0=0 eps=.5,2,2,4.0,0.0,10.666666666666666,0.0
rel B0=1 eps=1,2,2,4.0,0.0,17.0,0.0
qlen B0=0 gam=1,2,2,4.0,0.0,8.0,0.0
qlen B0=1 gam=.5 eps=.5,2,2,4.0,0.0,11.333333333333334,0.0
thresh B=1 th=1 N=2,2,2,4.0,0.0,9.5,0.0
thresh B=0 th=.5 N=3 eps=1,2,2,4.0,0.0,17.5,0.0
cap B0=1 eps=1 Bmax=3,2,2,4.0,0.0,9.5,0.0
cap B0=1 eps=.5 Bmax=1,2,2,4.0,0.0,8.5,0.0
cap+cnt B=1 e=1 th=1 N=2 Bm=4,2,2,4.0,0.0,11.0,0.0
skip N=2 (work channel off),2,2,4.0,0.0,12.0,0.0
skip N=5 (work channel off),2,2,4.0,0.0,18.0,0.0
fixed B=0,3,7,4.0,0.0,9.333333333333334,0.0
fixed B=1,3,7,4.0,0.0,9.666666666666666,0.0
fixed B=4,3,7,4.0,0.0,10.666666666666666,0.0
rel B0=0 eps=.5,3,7,4.0,0.0,11.2,0.0
rel B0=1 eps=1,3,7,4.0,0.0,14.5,0.0
rel B0=0 eps=2,3,7,4.0,0.0,28.0,0.0
qlen B0=0 gam=1,3,7,4.0,0.0,9.666666666666666,0.0
qlen B0=1 gam=.5 eps=.5,3,7,4.0,0.0,11.8,0.0
thresh B=1 th=1 N=2,3,7,4.0,0.0,10.333333333333334,0.0
thresh B=0 th=.5 N=3 eps=1,3,7,4.0,0.0,14.75,0.0
cap B0=1 eps=1 Bmax=3,3,7,4.0,0.0,10.333333333333334,0.0
cap B0=0 eps=2 Bmax=2,3,7,4.0,0.0,10.0,0.0
cap B0=1 eps=.5 Bmax=1,3,7,4.0,0.0,9.666666666666666,0.0
cap+cnt B=1 e=1 th=1 N=2 Bm=4,3,7,4.0,0.0,11.333333333333334,0.0
skip N=2 (work channel off),3,7,4.0,0.0,12.0,0.0
skip N=5 (work channel off),3,7,4.0,0.0,16.0,0.0
fixed B=0,1,7,4.0,0.0,4.0,0.0
fixed B=1,1,7,4.0,4.0,5.0,0.8
fixed B=4,1,7,4.0,5.0,8.0,0.625
rel B0=0 eps=.5,1,7,4.0,5.0,15.0,0.34782608695652173
qlen B0=0 gam=1,1,7,4.0,4.0,9.0,0.5
qlen B0=1 gam=.5 eps=.5,1,7,4.0,5.0,21.0,0.37037037037037035
thresh B=1 th=1 N=2,1,7,4.0,4.0,7.0,0.5714285714285714
cap B0=1 eps=.5 Bmax=1,1,7,4.0,4.0,5.0,0.8
skip N=2 (work channel off),1,7,4.0,4.0,12.0,0.3333333333333333
skip N=5 (work channel off),1,7,4.0,5.0,24.0,0.20833333333333334
fixed B=0,1,2,0.5,0.0,0.5,0.0
fixed B=1,1,2,0.5,0.0,1.5,0.0
fixed B=4,1,2,0.5,0.0,4.5,0.0
rel B0=0 eps=.5,1,2,0.5,0.0,1.0,0.0
qlen B0=0 gam=1,1,2,0.5,0.0,0.5,0.0
qlen B0=1 gam=.5 eps=.5,1,2,0.5,0.0,3.0,0.0
thresh B=1 th=1 N=2,1,2,0.5,0.0,3.5,0.0
cap B0=1 eps=.5 Bmax=1,1,2,0.5,0.0,1.5,0.0
skip N=2 (work channel off),1,2,0.5,0.0,8.5,0.0
skip N=5 (work channel off),1,2,0.5,0.0,20.5,0.0
fixed B=0,3,4,0.5,0.0,1.1666666666666667,0.0
fixed B=1,3,4,0.5,0.0,1.5,0.0
fixed B=4,3,4,0.5,0.0,2.5,0.0
rel B0=0 eps=.5,3,4,0.5,0.0,1.4,0.0
rel B0=1 eps=1,3,4,0.5,0.0,2.25,0.0
rel B0=0 eps=2,3,4,0.5,0.0,3.5,0.0
qlen B0=0 gam=1,3,4,0.5,0.0,1.5,0.0
qlen B0=1 gam=.5 eps=.5,3,4,0.5,0.0,2.0,0.0
thresh B=1 th=1 N=2,3,4,0.5,0.0,2.1666666666666665,0.0
thresh B=0 th=.5 N=3 eps=1,3,4,0.5,0.0,2.5,0.0
cap B0=1 eps=1 Bmax=3,3,4,0.5,0.0,2.1666666666666665,0.0
cap B0=0 eps=2 Bmax=2,3,4,0.5,0.0,1.8333333333333333,0.0
cap B0=1 eps=.5 Bmax=1,3,4,0.5,0.0,1.5,0.0
cap+cnt B=1 e=1 th=1 N=2 Bm=4,3,4,0.5,0.0,3.1666666666666665,0.0
skip N=2 (work channel off),3,4,0.5,0.0,3.8333333333333335,0.0
skip N=5 (work channel off),3,4,0.5,0.0,7.833333333333333,0.0
fixed B=0,2,6,4.0,0.0,8.0,0.0
fixed B=1,2,6,4.0,0.0,8.5,0.0
fixed B=4,2,6,4.0,0.0,10.0,0.0
rel B0=0 eps=.5,2,6,4.0,0.0,10.666666666666666,0.0
rel B0=1 eps=1,2,6,4.0,0.0,17.0,0.0
qlen B0=0 gam=1,2,6,4.0,0.0,8.0,0.0
qlen B0=1 gam=.5 eps=.5,2,6,4.0,0.0,11.333333333333334,0.0
thresh B=1 th=1 N=2,2,6,4.0,0.0,9.5,0.0
thresh B=0 th=.5 N=3 eps=1,2,6,4.0,0.0,17.5,0.0
cap B0=1 eps=1 Bmax=3,2,6,4.0,0.0,9.5,0.0
cap B0=1 eps=.5 Bmax=1,2,6,4.0,0.0,8.5,0.0
cap+cnt B=1 e=1 th=1 N=2 Bm=4,2,6,4.0,0.0,11.0,0.0
skip N=2 (work channel off),2,6,4.0,0.0,12.0,0.0
skip N=5 (work channel off),2,6,4.0,0.0,18.0,0.0
fixed B=0,3,3,4.0,0.0,9.333333333333334,0.0
fixed B=1,3,3,4.0,0.0,9.666666666666666,0.0
fixed B=4,3,3,4.0,0.0,10.666666666666666,0.0
rel B0=0 eps=.5,3,3,4.0,0.0,11.2,0.0
rel B0=1 eps=1,3,3,4.0,0.0,14.5,0.0
rel B0=0 eps=2,3,3,4.0,0.0,28.0,0.0
qlen B0=0 gam=1,3,3,4.0,0.0,9.333333333333334,0.0
qlen B0=1 gam=.5 eps=.5,3,3,4.0,0.0,11.6,0.0
thresh B=1 th=1 N=2,3,3,4.0,0.0,10.333333333333334,0.0
thresh B=0 th=.5 N=3 eps=1,3,3,4.0,0.0,14.75,0.0
cap B0=1 eps=1 Bmax=3,3,3,4.0,0.0,10.333333333333334,0.0
cap B0=0 eps=2 Bmax=2,3,3,4.0,0.0,10.0,0.0
cap B0=1 eps=.5 Bmax=1,3,3,4.0,0.0,9.666666666666666,0.0
cap+cnt B=1 e=1 th=1 N=2 Bm=4,3,3,4.0,0.0,11.333333333333334,0.0
skip N=2 (work channel off),3,3,4.0,0.0,12.0,0.0
skip N=5 (work channel off),3,3,4.0,0.0,16.0,0.0
fixed B=0,3,4,4.0,0.0,9.333333333333334,0.0
fixed B=1,3,4,4.0,0.0,9.666666666666666,0.0
fixed B=4,3,4,4.0,0.0,10.666666666666666,0.0
rel B0=0 eps=.5,3,4,4.0,0.0,11.2,0.0
rel B0=1 eps=1,3,4,4.0,0.0,14.5,0.0
rel B0=0 eps=2,3,4,4.0,0.0,28.0,0.0
qlen B0=0 gam=1,3,4,4.0,0.0,9.666666666666666,0.0
qlen B0=1 gam=.5 eps=.5,3,4,4.0,0.0,11.8,0.0
thresh B=1 th=1 N=2,3,4,4.0,0.0,10.333333333333334,0.0
thresh B=0 th=.5 N=3 eps=1,3,4,4.0,0.0,14.75,0.0
cap B0=1 eps=1 Bmax=3,3,4,4.0,0.0,10.333333333333334,0.0
cap B0=0 eps=2 Bmax=2,3,4,4.0,0.0,10.0,0.0
cap B0=1 eps=.5 Bmax=1,3,4,4.0,0.0,9.666666666666666,0.0
cap+cnt B=1 e=1 th=1 N=2 Bm=4,3,4,4.0,0.0,11.333333333333334,0.0
skip N=2 (work channel off),3,4,4.0,0.0,12.0,0.0
skip N=5 (work channel off),3,4,4.0,0.0,16.0,0.0
fixed B=0,1,7,4.0,0.0,4.0,0.0
fixed B=1,1,7,4.0,4.0,5.0,0.8
fixed B=4,1,7,4.0,4.0,8.0,0.5
rel B0=0 eps=.5,1,7,4.0,8.0,20.0,0.5161290322580645
qlen B0=0 gam=1,1,7,4.0,4.0,8.0,0.8
qlen B0=1 gam=.5 eps=.5,1,7,4.0,8.0,26.0,0.43243243243243246
thresh B=1 th=1 N=2,1,7,4.0,4.0,7.0,0.5714285714285714
cap B0=1 eps=.5 Bmax=1,1,7,4.0,4.0,5.0,0.8
skip N=2 (work channel off),1,7,4.0,8.0,12.0,0.6666666666666666
skip N=5 (work channel off),1,7,4.0,8.0,24.0,0.3333333333333333
fixed B=0,2,2,4.0,0.0,8.0,0.0
fixed B=1,2,2,4.0,0.0,8.5,0.0
fixed B=4,2,2,4.0,0.0,10.0,0.0
rel B0=0 eps=.5,2,2,4.0,0.0,10.666666666666666,0.0
rel B0=1 eps=1,2,2,4.0,0.0,17.0,0.0
qlen B0=0 gam=1,2,2,4.0,0.0,8.0,0.0
qlen B0=1 gam=.5 eps=.5,2,2,4.0,0.0,11.333333333333334,0.0
thresh B=1 th=1 N=2,2,2,4.0,0.0,9.5,0.0
thresh B=0 th=.5 N=3 eps=1,2,2,4.0,0.0,17.5,0.0
cap B0=1 eps=1 Bmax=3,2,2,4.0,0.0,9.5,0.0
cap B0=1 eps=.5 Bmax=1,2,2,4.0,0.0,8.5,0.0
cap+cnt B=1 e=1 th=1 N=2 Bm=4,2,2,4.0,0.0,11.0,0.0
skip N=2 (work channel off),2,2,4.0,0.0,12.0,0.0
skip N=5 (work channel off),2,2,4.0,0.0,18.0,0.0
fixed B=0,2,3,4.0,0.0,8.0,0.0
fixed B=1,2,3,4.0,0.0,8.5,0.0
fixed B=4,2,3,4.0,0.0,10.0,0.0
rel B0=0 eps=.5,2,3,4.0,0.0,10.666666666666666,0.0
rel B0=1 eps=1,2,3,4.0,0.0,17.0,0.0
qlen B0=0 gam=1,2,3,4.0,0.0,8.0,0.0
qlen B0=1 gam=.5 eps=.5,2,3,4.0,0.0,11.333333333333334,0.0
thresh B=1 th=1 N=2,2,3,4.0,0.0,9.5,0.0
thresh B=0 th=.5 N=3 eps=1,2,3,4.0,0.0,17.5,0.0
cap B0=1 eps=1 Bmax=3,2,3,4.0,0.0,9.5,0.0
cap B0=1 eps=.5 Bmax=1,2,3,4.0,0.0,8.5,0.0
cap+cnt B=1 e=1 th=1 N=2 Bm=4,2,3,4.0,0.0,11.0,0.0
skip N=2 (work channel off),2,3,4.0,0.0,12.0,0.0
skip N=5 (work channel off),2,3,4.0,0.0,18.0,0.0
fixed B=0,3,7,4.0,0.0,9.333333333333334,0.0
fixed B=1,3,7,4.0,0.0,9.666666666666666,0.0
fixed B=4,3,7,4.0,0.0,10.666666666666666,0.0
rel B0=0 eps=.5,3,7,4.0,0.0,11.4,0.0
rel B0=1 eps=1,3,7,4.0,0.0,15.0,0.0
rel B0=0 eps=2,3,7,4.0,0.0,30.0,0.0
qlen B0=0 gam=1,3,7,4.0,0.0,9.666666666666666,0.0
qlen B0=1 gam=.5 eps=.5,3,7,4.0,0.0,11.8,0.0
thresh B=1 th=1 N=2,3,7,4.0,0.0,10.333333333333334,0.0
thresh B=0 th=.5 N=3 eps=1,3,7,4.0,0.0,15.25,0.0
cap B0=1 eps=1 Bmax=3,3,7,4.0,0.0,10.333333333333334,0.0
cap B0=0 eps=2 Bmax=2,3,7,4.0,0.0,10.0,0.0
cap B0=1 eps=.5 Bmax=1,3,7,4.0,0.0,9.666666666666666,0.0
cap+cnt B=1 e=1 th=1 N=2 Bm=4,3,7,4.0,0.0,11.333333333333334,0.0
skip N=2 (work channel off),3,7,4.0,0.0,12.0,0.0
skip N=5 (work channel off),3,7,4.0,0.0,16.0,0.0
fixed B=0,2,6,4.0,0.0,8.0,0.0
fixed B=1,2,6,4.0,0.0,8.5,0.0
fixed B=4,2,6,4.0,0.0,10.0,0.0
rel B0=0 eps=.5,2,6,4.0,0.0,10.666666666666666,0.0
rel B0=1 eps=1,2,6,4.0,0.0,17.0,0.0
qlen B0=0 gam=1,2,6,4.0,0.0,8.5,0.0
qlen B0=1 gam=.5 eps=.5,2,6,4.0,0.0,11.666666666666666,0.0
thresh B=1 th=1 N=2,2,6,4.0,0.0,9.5,0.0
thresh B=0 th=.5 N=3 eps=1,2,6,4.0,0.0,17.5,0.0
cap B0=1 eps=1 Bmax=3,2,6,4.0,0.0,9.5,0.0
cap B0=1 eps=.5 Bmax=1,2,6,4.0,0.0,8.5,0.0
cap+cnt B=1 e=1 th=1 N=2 Bm=4,2,6,4.0,0.0,11.0,0.0
skip N=2 (work channel off),2,6,4.0,0.0,12.0,0.0
skip N=5 (work channel off),2,6,4.0,0.0,18.0,0.0
fixed B=0,1,7,4.0,0.0,4.0,0.0
fixed B=1,1,7,4.0,4.0,5.0,0.8
fixed B=4,1,7,4.0,4.0,8.0,0.5
rel B0=0 eps=.5,1,7,4.0,4.0,13.5,0.4
qlen B0=0 gam=1,1,7,4.0,4.0,8.0,0.8
qlen B0=1 gam=.5 eps=.5,1,7,4.0,8.0,19.5,0.6153846153846154
thresh B=1 th=1 N=2,1,7,4.0,4.0,7.0,0.5714285714285714
cap B0=1 eps=.5 Bmax=1,1,7,4.0,4.0,5.0,0.8
skip N=2 (work channel off),1,7,4.0,8.0,12.0,0.6666666666666666
skip N=5 (work channel off),1,7,4.0,12.0,24.0,0.5
fixed B=0,3,8,4.0,0.0,9.333333333333334,0.0
fixed B=1,3,8,4.0,0.0,9.666666666666666,0.0
fixed B=4,3,8,4.0,0.0,10.666666666666666,0.0
rel B0=0 eps=.5,3,8,4.0,0.0,11.3,0.0
rel B0=1 eps=1,3,8,4.0,0.0,14.75,0.0
rel B0=0 eps=2,3,8,4.0,0.0,29.0,0.0
qlen B0=0 gam=1,3,8,4.0,0.0,9.666666666666666,0.0
qlen B0=1 gam=.5 eps=.5,3,8,4.0,0.0,11.9,0.0
thresh B=1 th=1 N=2,3,8,4.0,0.0,10.333333333333334,0.0
thresh B=0 th=.5 N=3 eps=1,3,8,4.0,0.0,15.0,0.0
cap B0=1 eps=1 Bmax=3,3,8,4.0,0.0,10.333333333333334,0.0
cap B0=0 eps=2 Bmax=2,3,8,4.0,0.0,10.0,0.0
cap B0=1 eps=.5 Bmax=1,3,8,4.0,0.0,9.666666666666666,0.0
cap+cnt B=1 e=1 th=1 N=2 Bm=4,3,8,4.0,0.0,11.333333333333334,0.0
skip N=2 (work channel off),3,8,4.0,0.0,12.0,0.0
skip N=5 (work channel off),3,8,4.0,0.0,16.0,0.0
fixed B=0,1,9,4.0,0.0,4.0,0.0
fixed B=1,1,9,4.0,0.0,5.0,0.0
fixed B=4,1,9,4.0,0.0,8.0,0.0
rel B0=0 eps=.5,1,9,4.0,0.0,26.5,0.0
qlen B0=0 gam=1,1,9,4.0,0.0,10.0,0.0
qlen B0=1 gam=.5 eps=.5,1,9,4.0,0.0,34.0,0.0
thresh B=1 th=1 N=2,1,9,4.0,0.0,7.0,0.0
cap B0=1 eps=.5 Bmax=1,1,9,4.0,0.0,5.0,0.0
skip N=2 (work channel off),1,9,4.0,0.0,12.0,0.0
skip N=5 (work channel off),1,9,4.0,0.0,24.0,0.0
fixed B=0,3,2,4.0,0.0,9.333333333333334,0.0
fixed B=1,3,2,4.0,0.0,9.666666666666666,0.0
fixed B=4,3,2,4.0,0.0,10.666666666666666,0.0
rel B0=0 eps=.5,3,2,4.0,0.0,11.2,0.0
rel B0=1 eps=1,3,2,4.0,0.0,14.5,0.0
rel B0=0 eps=2,3,2,4.0,0.0,28.0,0.0
qlen B0=0 gam=1,3,2,4.0,0.0,9.333333333333334,0.0
qlen B0=1 gam=.5 eps=.5,3,2,4.0,0.0,11.6,0.0
thresh B=1 th=1 N=2,3,2,4.0,0.0,10.333333333333334,0.0
thresh B=0 th=.5 N=3 eps=1,3,2,4.0,0.0,14.75,0.0
cap B0=1 eps=1 Bmax=3,3,2,4.0,0.0,10.333333333333334,0.0
cap B0=0 eps=2 Bmax=2,3,2,4.0,0.0,10.0,0.0
cap B0=1 eps=.5 Bmax=1,3,2,4.0,0.0,9.666666666666666,0.0
cap+cnt B=1 e=1 th=1 N=2 Bm=4,3,2,4.0,0.0,11.333333333333334,0.0
skip N=2 (work channel off),3,2,4.0,0.0,12.0,0.0
skip N=5 (work channel off),3,2,4.0,0.0,16.0,0.0
fixed B=0,3,2,0.5,0.0,1.1666666666666667,0.0
fixed B=1,3,2,0.5,0.0,1.5,0.0
fixed B=4,3,2,0.5,0.0,2.5,0.0
rel B0=0 eps=.5,3,2,0.5,0.0,1.4,0.0
rel B0=1 eps=1,3,2,0.5,0.0,2.25,0.0
rel B0=0 eps=2,3,2,0.5,0.0,3.5,0.0
qlen B0=0 gam=1,3,2,0.5,0.0,1.1666666666666667,0.0
qlen B0=1 gam=.5 eps=.5,3,2,0.5,0.0,1.8,0.0
thresh B=1 th=1 N=2,3,2,0.5,0.0,2.1666666666666665,0.0
thresh B=0 th=.5 N=3 eps=1,3,2,0.5,0.0,2.5,0.0
cap B0=1 eps=1 Bmax=3,3,2,0.5,0.0,2.1666666666666665,0.0
cap B0=0 eps=2 Bmax=2,3,2,0.5,0.0,1.8333333333333333,0.0
cap B0=1 eps=.5 Bmax=1,3,2,0.5,0.0,1.5,0.0
cap+cnt B=1 e=1 th=1 N=2 Bm=4,3,2,0.5,0.0,3.1666666666666665,0.0
skip N=2 (work channel off),3,2,0.5,0.0,3.8333333333333335,0.0
skip N=5 (work channel off),3,2,0.5,0.0,7.833333333333333,0.0
fixed B=0,3,4,4.0,0.0,9.333333333333334,0.0
fixed B=1,3,4,4.0,0.0,9.666666666666666,0.0
fixed B=4,3,4,4.0,0.0,10.666666666666666,0.0
rel B0=0 eps=.5,3,4,4.0,0.0,11.2,0.0
rel B0=1 eps=1,3,4,4.0,0.0,14.5,0.0
rel B0=0 eps=2,3,4,4.0,0.0,28.0,0.0
qlen B0=0 gam=1,3,4,4.0,0.0,9.666666666666666,0.0
qlen B0=1 gam=.5 eps=.5,3,4,4.0,0.0,11.8,0.0
thresh B=1 th=1 N=2,3,4,4.0,0.0,10.333333333333334,0.0
thresh B=0 th=.5 N=3 eps=1,3,4,4.0,0.0,14.75,0.0
cap B0=1 eps=1 Bmax=3,3,4,4.0,0.0,10.333333333333334,0.0
cap B0=0 eps=2 Bmax=2,3,4,4.0,0.0,10.0,0.0
cap B0=1 eps=.5 Bmax=1,3,4,4.0,0.0,9.666666666666666,0.0
cap+cnt B=1 e=1 th=1 N=2 Bm=4,3,4,4.0,0.0,11.333333333333334,0.0
skip N=2 (work channel off),3,4,4.0,0.0,12.0,0.0
skip N=5 (work channel off),3,4,4.0,0.0,16.0,0.0
fixed B=0,1,7,4.0,0.0,4.0,0.0
fixed B=1,1,7,4.0,0.0,5.0,0.0
fixed B=4,1,7,4.0,0.0,8.0,0.0
rel B0=0 eps=.5,1,7,4.0,1.0,13.5,0.1
qlen B0=0 gam=1,1,7,4.0,0.0,7.0,0.0
qlen B0=1 gam=.5 eps=.5,1,7,4.0,0.0,17.5,0.0
thresh B=1 th=1 N=2,1,7,4.0,0.0,7.0,0.0
cap B0=1 eps=.5 Bmax=1,1,7,4.0,0.0,5.0,0.0
skip N=2 (work channel off),1,7,4.0,0.0,12.0,0.0
skip N=5 (work channel off),1,7,4.0,0.0,24.0,0.0
fixed B=0,3,6,4.0,0.0,9.333333333333334,0.0
fixed B=1,3,6,4.0,1.0,9.666666666666666,0.10344827586206898
fixed B=4,3,6,4.0,1.0,10.666666666666666,0.09375
rel B0=0 eps=.5,3,6,4.0,0.0,11.3,0.0
rel B0=1 eps=1,3,6,4.0,1.0,14.75,0.06896551724137931
rel B0=0 eps=2,3,6,4.0,0.0,29.0,0.0
qlen B0=0 gam=1,3,6,4.0,0.0,9.666666666666666,0.0
qlen B0=1 gam=.5 eps=.5,3,6,4.0,1.0,11.9,0.08620689655172414
thresh B=1 th=1 N=2,3,6,4.0,1.0,10.333333333333334,0.0967741935483871
thresh B=0 th=.5 N=3 eps=1,3,6,4.0,0.0,15.0,0.0
cap B0=1 eps=1 Bmax=3,3,6,4.0,1.0,10.333333333333334,0.0967741935483871
cap B0=0 eps=2 Bmax=2,3,6,4.0,0.0,10.0,0.0
cap B0=1 eps=.5 Bmax=1,3,6,4.0,1.0,9.666666666666666,0.10344827586206898
cap+cnt B=1 e=1 th=1 N=2 Bm=4,3,6,4.0,1.0,11.333333333333334,0.08823529411764705
skip N=2 (work channel off),3,6,4.0,1.0,12.0,0.08333333333333333
skip N=5 (work channel off),3,6,4.0,1.0,16.0,0.0625
fixed B=0,2,6,4.0,0.0,8.0,0.0
fixed B=1,2,6,4.0,0.5,8.5,0.058823529411764705
fixed B=4,2,6,4.0,0.5,10.0,0.05
rel B0=0 eps=.5,2,6,4.0,1.0,11.333333333333334,0.08955223880597016
rel B0=1 eps=1,2,6,4.0,0.5,19.0,0.02631578947368421
qlen B0=0 gam=1,2,6,4.0,0.0,9.5,0.0
qlen B0=1 gam=.5 eps=.5,2,6,4.0,0.5,12.666666666666666,0.041666666666666664
thresh B=1 th=1 N=2,2,6,4.0,0.5,9.5,0.05263157894736842
thresh B=0 th=.5 N=3 eps=1,2,6,4.0,1.0,19.5,0.05263157894736842
cap B0=1 eps=1 Bmax=3,2,6,4.0,0.5,9.5,0.05263157894736842
cap B0=1 eps=.5 Bmax=1,2,6,4.0,0.5,8.5,0.058823529411764705
cap+cnt B=1 e=1 th=1 N=2 Bm=4,2,6,4.0,0.5,11.0,0.045454545454545456
skip N=2 (work channel off),2,6,4.0,0.5,12.0,0.041666666666666664
skip N=5 (work channel off),2,6,4.0,0.5,18.0,0.027777777777777776
fixed B=0,2,8,4.0,0.0,8.0,0.0
fixed B=1,2,8,4.0,4.0,8.5,0.47058823529411764
fixed B=4,2,8,4.0,4.0,10.0,0.4
rel B0=0 eps=.5,2,8,4.0,0.0,12.666666666666668,0.0
rel B0=1 eps=1,2,8,4.0,8.0,23.0,0.47058823529411764
qlen B0=0 gam=1,2,8,4.0,0.0,9.5,0.0
qlen B0=1 gam=.5 eps=.5,2,8,4.0,4.0,14.333333333333332,0.3529411764705882
thresh B=1 th=1 N=2,2,8,4.0,4.0,9.5,0.42105263157894735
thresh B=0 th=.5 N=3 eps=1,2,8,4.0,0.0,23.5,0.0
cap B0=1 eps=1 Bmax=3,2,8,4.0,4.0,9.5,0.42105263157894735
cap B0=1 eps=.5 Bmax=1,2,8,4.0,4.0,8.5,0.47058823529411764
cap+cnt B=1 e=1 th=1 N=2 Bm=4,2,8,4.0,4.0,11.0,0.36363636363636365
skip N=2 (work channel off),2,8,4.0,7.5,12.0,0.625
skip N=5 (work channel off),2,8,4.0,8.0,18.0,0.4444444444444444
fixed B=0,3,3,4.0,0.0,9.333333333333334,0.0
fixed B=1,3,3,4.0,0.0,9.666666666666666,0.0
fixed B=4,3,3,4.0,0.0,10.666666666666666,0.0
rel B0=0 eps=.5,3,3,4.0,0.0,11.2,0.0
rel B0=1 eps=1,3,3,4.0,0.0,14.5,0.0
rel B0=0 eps=2,3,3,4.0,0.0,28.0,0.0
qlen B0=0 gam=1,3,3,4.0,0.0,9.333333333333334,0.0
qlen B0=1 gam=.5 eps=.5,3,3,4.0,0.0,11.6,0.0
thresh B=1 th=1 N=2,3,3,4.0,0.0,10.333333333333334,0.0
thresh B=0 th=.5 N=3 eps=1,3,3,4.0,0.0,14.75,0.0
cap B0=1 eps=1 Bmax=3,3,3,4.0,0.0,10.333333333333334,0.0
cap B0=0 eps=2 Bmax=2,3,3,4.0,0.0,10.0,0.0
cap B0=1 eps=.5 Bmax=1,3,3,4.0,0.0,9.666666666666666,0.0
cap+cnt B=1 e=1 th=1 N=2 Bm=4,3,3,4.0,0.0,11.333333333333334,0.0
skip N=2 (work channel off),3,3,4.0,0.0,12.0,0.0
skip N=5 (work channel off),3,3,4.0,0.0,16.0,0.0
fixed B=0,1,7,4.0,0.0,4.0,0.0
fixed B=1,1,7,4.0,1.0,5.0,0.2
fixed B=4,1,7,4.0,2.0,8.0,0.25
rel B0=0 eps=.5,1,7,4.0,5.5,14.0,0.55
qlen B0=0 gam=1,1,7,4.0,0.0,8.0,0.0
qlen B0=1 gam=.5 eps=.5,1,7,4.0,2.0,20.0,0.16666666666666666
thresh B=1 th=1 N=2,1,7,4.0,1.0,7.0,0.14285714285714285
cap B0=1 eps=.5 Bmax=1,1,7,4.0,1.0,5.0,0.2
skip N=2 (work channel off),1,7,4.0,1.0,12.0,0.08333333333333333
skip N=5 (work channel off),1,7,4.0,2.0,24.0,0.08333333333333333
fixed B=0,2,8,4.0,0.0,8.0,0.0
fixed B=1,2,8,4.0,4.0,8.5,0.47058823529411764
fixed B=4,2,8,4.0,4.0,10.0,0.4
rel B0=0 eps=.5,2,8,4.0,3.5,11.666666666666666,0.32307692307692304
rel B0=1 eps=1,2,8,4.0,4.0,20.0,0.23529411764705882
qlen B0=0 gam=1,2,8,4.0,0.0,9.0,0.0
qlen B0=1 gam=.5 eps=.5,2,8,4.0,4.0,13.0,0.3529411764705882
thresh B=1 th=1 N=2,2,8,4.0,4.0,9.5,0.42105263157894735
thresh B=0 th=.5 N=3 eps=1,2,8,4.0,3.5,20.5,0.19444444444444445
cap B0=1 eps=1 Bmax=3,2,8,4.0,4.0,9.5,0.42105263157894735
cap B0=1 eps=.5 Bmax=1,2,8,4.0,4.0,8.5,0.47058823529411764
cap+cnt B=1 e=1 th=1 N=2 Bm=4,2,8,4.0,4.0,11.0,0.36363636363636365
skip N=2 (work channel off),2,8,4.0,4.0,12.0,0.3333333333333333
skip N=5 (work channel off),2,8,4.0,4.0,18.0,0.2222222222222222
fixed B=0,3,7,4.0,0.0,9.333333333333334,0.0
fixed B=1,3,7,4.0,0.0,9.666666666666666,0.0
fixed B=4,3,7,4.0,0.0,10.666666666666666,0.0
rel B0=0 eps=.5,3,7,4.0,0.0,11.2,0.0
rel B0=1 eps=1,3,7,4.0,0.0,14.5,0.0
rel B0=0 eps=2,3,7,4.0,0.0,28.0,0.0
qlen B0=0 gam=1,3,7,4.0,0.0,9.666666666666666,0.0
qlen B0=1 gam=.5 eps=.5,3,7,4.0,0.0,11.8,0.0
thresh B=1 th=1 N=2,3,7,4.0,0.0,10.333333333333334,0.0
thresh B=0 th=.5 N=3 eps=1,3,7,4.0,0.0,14.75,0.0
cap B0=1 eps=1 Bmax=3,3,7,4.0,0.0,10.333333333333334,0.0
cap B0=0 eps=2 Bmax=2,3,7,4.0,0.0,10.0,0.0
cap B0=1 eps=.5 Bmax=1,3,7,4.0,0.0,9.666666666666666,0.0
cap+cnt B=1 e=1 th=1 N=2 Bm=4,3,7,4.0,0.0,11.333333333333334,0.0
skip N=2 (work channel off),3,7,4.0,0.0,12.0,0.0
skip N=5 (work channel off),3,7,4.0,0.0,16.0,0.0
fixed B=0,3,9,4.0,0.0,9.333333333333334,0.0
fixed B=1,3,9,4.0,0.0,9.666666666666666,0.0
fixed B=4,3,9,4.0,0.0,10.666666666666666,0.0
rel B0=0 eps=.5,3,9,4.0,0.0,11.2,0.0
rel B0=1 eps=1,3,9,4.0,0.0,14.5,0.0
rel B0=0 eps=2,3,9,4.0,0.0,28.0,0.0
qlen B0=0 gam=1,3,9,4.0,0.0,9.666666666666666,0.0
qlen B0=1 gam=.5 eps=.5,3,9,4.0,0.0,11.8,0.0
thresh B=1 th=1 N=2,3,9,4.0,0.0,10.333333333333334,0.0
thresh B=0 th=.5 N=3 eps=1,3,9,4.0,0.0,14.75,0.0
cap B0=1 eps=1 Bmax=3,3,9,4.0,0.0,10.333333333333334,0.0
cap B0=0 eps=2 Bmax=2,3,9,4.0,0.0,10.0,0.0
cap B0=1 eps=.5 Bmax=1,3,9,4.0,0.0,9.666666666666666,0.0
cap+cnt B=1 e=1 th=1 N=2 Bm=4,3,9,4.0,0.0,11.333333333333334,0.0
skip N=2 (work channel off),3,9,4.0,0.0,12.0,0.0
skip N=5 (work channel off),3,9,4.0,0.0,16.0,0.0
fixed B=0,2,9,4.0,0.0,8.0,0.0
fixed B=1,2,9,4.0,1.0,8.5,0.11764705882352941
fixed B=4,2,9,4.0,1.0,10.0,0.1
rel B0=0 eps=.5,2,9,4.0,1.0,12.166666666666668,0.08823529411764705
rel B0=1 eps=1,2,9,4.0,1.0,21.5,0.05263157894736842
qlen B0=0 gam=1,2,9,4.0,0.0,10.0,0.0
qlen B0=1 gam=.5 eps=.5,2,9,4.0,1.0,14.166666666666668,0.08333333333333333
thresh B=1 th=1 N=2,2,9,4.0,1.0,9.5,0.10526315789473684
thresh B=0 th=.5 N=3 eps=1,2,9,4.0,1.0,22.0,0.05128205128205128
cap B0=1 eps=1 Bmax=3,2,9,4.0,1.0,9.5,0.10526315789473684
cap B0=1 eps=.5 Bmax=1,2,9,4.0,1.0,8.5,0.11764705882352941
cap+cnt B=1 e=1 th=1 N=2 Bm=4,2,9,4.0,1.0,11.0,0.09090909090909091
skip N=2 (work channel off),2,9,4.0,1.0,12.0,0.08333333333333333
skip N=5 (work channel off),2,9,4.0,1.0,18.0,0.05555555555555555
fixed B=0,2,3,4.0,0.0,8.0,0.0
fixed B=1,2,3,4.0,0.0,8.5,0.0
fixed B=4,2,3,4.0,0.0,10.0,0.0
rel B0=0 eps=.5,2,3,4.0,0.0,10.666666666666666,0.0
rel B0=1 eps=1,2,3,4.0,0.0,17.0,0.0
qlen B0=0 gam=1,2,3,4.0,0.0,8.5,0.0
qlen B0=1 gam=.5 eps=.5,2,3,4.0,0.0,11.666666666666666,0.0
thresh B=1 th=1 N=2,2,3,4.0,0.0,9.5,0.0
thresh B=0 th=.5 N=3 eps=1,2,3,4.0,0.0,17.5,0.0
cap B0=1 eps=1 Bmax=3,2,3,4.0,0.0,9.5,0.0
cap B0=1 eps=.5 Bmax=1,2,3,4.0,0.0,8.5,0.0
cap+cnt B=1 e=1 th=1 N=2 Bm=4,2,3,4.0,0.0,11.0,0.0
skip N=2 (work channel off),2,3,4.0,0.0,12.0,0.0
skip N=5 (work channel off),2,3,4.0,0.0,18.0,0.0
fixed B=0,3,6,4.0,0.0,9.333333333333334,0.0
fixed B=1,3,6,4.0,0.0,9.666666666666666,0.0
fixed B=4,3,6,4.0,0.0,10.666666666666666,0.0
rel B0=0 eps=.5,3,6,4.0,0.0,11.2,0.0
rel B0=1 eps=1,3,6,4.0,0.0,14.5,0.0
rel B0=0 eps=2,3,6,4.0,0.0,28.0,0.0
qlen B0=0 gam=1,3,6,4.0,0.0,9.333333333333334,0.0
qlen B0=1 gam=.5 eps=.5,3,6,4.0,0.0,11.6,0.0
thresh B=1 th=1 N=2,3,6,4.0,0.0,10.333333333333334,0.0
thresh B=0 th=.5 N=3 eps=1,3,6,4.0,0.0,14.75,0.0
cap B0=1 eps=1 Bmax=3,3,6,4.0,0.0,10.333333333333334,0.0
cap B0=0 eps=2 Bmax=2,3,6,4.0,0.0,10.0,0.0
cap B0=1 eps=.5 Bmax=1,3,6,4.0,0.0,9.666666666666666,0.0
cap+cnt B=1 e=1 th=1 N=2 Bm=4,3,6,4.0,0.0,11.333333333333334,0.0
skip N=2 (work channel off),3,6,4.0,0.0,12.0,0.0
skip N=5 (work channel off),3,6,4.0,0.0,16.0,0.0
fixed B=0,3,4,4.0,0.0,9.333333333333334,0.0
fixed B=1,3,4,4.0,0.0,9.666666666666666,0.0
fixed B=4,3,4,4.0,0.0,10.666666666666666,0.0
rel B0=0 eps=.5,3,4,4.0,0.0,11.2,0.0
rel B0=1 eps=1,3,4,4.0,0.0,14.5,0.0
rel B0=0 eps=2,3,4,4.0,0.0,28.0,0.0
qlen B0=0 gam=1,3,4,4.0,0.0,9.333333333333334,0.0
qlen B0=1 gam=.5 eps=.5,3,4,4.0,0.0,11.6,0.0
thresh B=1 th=1 N=2,3,4,4.0,0.0,10.333333333333334,0.0
thresh B=0 th=.5 N=3 eps=1,3,4,4.0,0.0,14.75,0.0
cap B0=1 eps=1 Bmax=3,3,4,4.0,0.0,10.333333333333334,0.0
cap B0=0 eps=2 Bmax=2,3,4,4.0,0.0,10.0,0.0
cap B0=1 eps=.5 Bmax=1,3,4,4.0,0.0,9.666666666666666,0.0
cap+cnt B=1 e=1 th=1 N=2 Bm=4,3,4,4.0,0.0,11.333333333333334,0.0
skip N=2 (work channel off),3,4,4.0,0.0,12.0,0.0
skip N=5 (work channel off),3,4,4.0,0.0,16.0,0.0
fixed B=0,1,7,4.0,0.0,4.0,0.0
fixed B=1,1,7,4.0,0.0,5.0,0.0
fixed B=4,1,7,4.0,0.0,8.0,0.0
rel B0=0 eps=.5,1,7,4.0,0.0,14.5,0.0
qlen B0=0 gam=1,1,7,4.0,0.0,5.0,0.0
qlen B0=1 gam=.5 eps=.5,1,7,4.0,0.0,17.5,0.0
thresh B=1 th=1 N=2,1,7,4.0,0.0,7.0,0.0
cap B0=1 eps=.5 Bmax=1,1,7,4.0,0.0,5.0,0.0
skip N=2 (work channel off),1,7,4.0,0.0,12.0,0.0
skip N=5 (work channel off),1,7,4.0,0.0,24.0,0.0
fixed B=0,2,4,0.5,0.0,1.0,0.0
fixed B=1,2,4,0.5,0.5,1.5,0.3333333333333333
fixed B=4,2,4,0.5,0.5,3.0,0.16666666666666666
rel B0=0 eps=.5,2,4,0.5,0.0,1.5,0.0
rel B0=1 eps=1,2,4,0.5,0.5,3.5,0.16666666666666666
qlen B0=0 gam=1,2,4,0.5,0.0,2.0,0.0
qlen B0=1 gam=.5 eps=.5,2,4,0.5,0.5,2.8333333333333335,0.25
thresh B=1 th=1 N=2,2,4,0.5,0.5,2.5,0.2
thresh B=0 th=.5 N=3 eps=1,2,4,0.5,0.0,4.0,0.0
cap B0=1 eps=1 Bmax=3,2,4,0.5,0.5,2.5,0.2
cap B0=1 eps=.5 Bmax=1,2,4,0.5,0.5,1.5,0.3333333333333333
cap+cnt B=1 e=1 th=1 N=2 Bm=4,2,4,0.5,0.5,4.0,0.125
skip N=2 (work channel off),2,4,0.5,0.5,5.0,0.1
skip N=5 (work channel off),2,4,0.5,0.5,11.0,0.045454545454545456
fixed B=0,3,9,4.0,0.0,9.333333333333334,0.0
fixed B=1,3,9,4.0,0.5,9.666666666666666,0.05172413793103449
fixed B=4,3,9,4.0,0.5,10.666666666666666,0.046875
rel B0=0 eps=.5,3,9,4.0,4.0,11.8,0.35398230088495575
rel B0=1 eps=1,3,9,4.0,0.5,16.0,0.034482758620689655
rel B0=0 eps=2,3,9,4.0,4.0,34.0,0.13793103448275862
qlen B0=0 gam=1,3,9,4.0,0.5,10.0,0.05172413793103449
qlen B0=1 gam=.5 eps=.5,3,9,4.0,0.5,12.4,0.0423728813559322
thresh B=1 th=1 N=2,3,9,4.0,0.5,10.333333333333334,0.04838709677419355
thresh B=0 th=.5 N=3 eps=1,3,9,4.0,4.0,16.25,0.26666666666666666
cap B0=1 eps=1 Bmax=3,3,9,4.0,0.5,10.333333333333334,0.04838709677419355
cap B0=0 eps=2 Bmax=2,3,9,4.0,4.0,10.0,0.4
cap B0=1 eps=.5 Bmax=1,3,9,4.0,0.5,9.666666666666666,0.05172413793103449
cap+cnt B=1 e=1 th=1 N=2 Bm=4,3,9,4.0,0.5,11.333333333333334,0.044117647058823525
skip N=2 (work channel off),3,9,4.0,0.5,12.0,0.041666666666666664
skip N=5 (work channel off),3,9,4.0,0.5,16.0,0.03125
fixed B=0,1,9,4.0,0.0,4.0,0.0
fixed B=1,1,9,4.0,1.0,5.0,0.2
fixed B=4,1,9,4.0,1.5,8.0,0.1875
rel B0=0 eps=.5,1,9,4.0,5.5,21.5,0.3793103448275862
qlen B0=0 gam=1,1,9,4.0,1.0,9.0,0.2
qlen B0=1 gam=.5 eps=.5,1,9,4.0,1.5,28.0,0.08571428571428572
thresh B=1 th=1 N=2,1,9,4.0,1.0,7.0,0.14285714285714285
cap B0=1 eps=.5 Bmax=1,1,9,4.0,1.0,5.0,0.2
skip N=2 (work channel off),1,9,4.0,1.0,12.0,0.08333333333333333
skip N=5 (work channel off),1,9,4.0,1.5,24.0,0.0625
fixed B=0,3,8,4.0,0.0,9.333333333333334,0.0
fixed B=1,3,8,4.0,0.0,9.666666666666666,0.0
fixed B=4,3,8,4.0,0.0,10.666666666666666,0.0
rel B0=0 eps=.5,3,8,4.0,0.0,11.8,0.0
rel B0=1 eps=1,3,8,4.0,0.0,16.0,0.0
rel B0=0 eps=2,3,8,4.0,0.0,34.0,0.0
qlen B0=0 gam=1,3,8,4.0,0.0,10.0,0.0
qlen B0=1 gam=.5 eps=.5,3,8,4.0,0.0,12.4,0.0
thresh B=1 th=1 N=2,3,8,4.0,0.0,10.333333333333334,0.0
thresh B=0 th=.5 N=3 eps=1,3,8,4.0,0.0,16.25,0.0
cap B0=1 eps=1 Bmax=3,3,8,4.0,0.0,10.333333333333334,0.0
cap B0=0 eps=2 Bmax=2,3,8,4.0,0.0,10.0,0.0
cap B0=1 eps=.5 Bmax=1,3,8,4.0,0.0,9.666666666666666,0.0
cap+cnt B=1 e=1 th=1 N=2 Bm=4,3,8,4.0,0.0,11.333333333333334,0.0
skip N=2 (work channel off),3,8,4.0,0.0,12.0,0.0
skip N=5 (work channel off),3,8,4.0,0.0,16.0,0.0
fixed B=0,3,7,4.0,0.0,9.333333333333334,0.0
fixed B=1,3,7,4.0,0.5,9.666666666666666,0.05172413793103449
fixed B=4,3,7,4.0,0.5,10.666666666666666,0.046875
rel B0=0 eps=.5,3,7,4.0,1.0,11.5,0.08695652173913043
rel B0=1 eps=1,3,7,4.0,0.5,15.25,0.03389830508474576
rel B0=0 eps=2,3,7,4.0,1.0,31.0,0.03225806451612903
qlen B0=0 gam=1,3,7,4.0,0.0,10.0,0.0
qlen B0=1 gam=.5 eps=.5,3,7,4.0,0.5,12.1,0.04201680672268907
thresh B=1 th=1 N=2,3,7,4.0,0.5,10.333333333333334,0.04838709677419355
thresh B=0 th=.5 N=3 eps=1,3,7,4.0,1.0,15.5,0.06451612903225806
cap B0=1 eps=1 Bmax=3,3,7,4.0,0.5,10.333333333333334,0.04838709677419355
cap B0=0 eps=2 Bmax=2,3,7,4.0,1.0,10.0,0.1
cap B0=1 eps=.5 Bmax=1,3,7,4.0,0.5,9.666666666666666,0.05172413793103449
cap+cnt B=1 e=1 th=1 N=2 Bm=4,3,7,4.0,0.5,11.333333333333334,0.044117647058823525
skip N=2 (work channel off),3,7,4.0,0.5,12.0,0.041666666666666664
skip N=5 (work channel off),3,7,4.0,0.5,16.0,0.03125
fixed B=0,2,3,4.0,0.0,8.0,0.0
fixed B=1,2,3,4.0,0.0,8.5,0.0
fixed B=4,2,3,4.0,0.0,10.0,0.0
rel B0=0 eps=.5,2,3,4.0,0.0,10.666666666666666,0.0
rel B0=1 eps=1,2,3,4.0,0.0,17.0,0.0
qlen B0=0 gam=1,2,3,4.0,0.0,8.0,0.0
qlen B0=1 gam=.5 eps=.5,2,3,4.0,0.0,11.333333333333334,0.0
thresh B=1 th=1 N=2,2,3,4.0,0.0,9.5,0.0
thresh B=0 th=.5 N=3 eps=1,2,3,4.0,0.0,17.5,0.0
cap B0=1 eps=1 Bmax=3,2,3,4.0,0.0,9.5,0.0
cap B0=1 eps=.5 Bmax=1,2,3,4.0,0.0,8.5,0.0
cap+cnt B=1 e=1 th=1 N=2 Bm=4,2,3,4.0,0.0,11.0,0.0
skip N=2 (work channel off),2,3,4.0,0.0,12.0,0.0
skip N=5 (work channel off),2,3,4.0,0.0,18.0,0.0
fixed B=0,3,8,4.0,0.0,9.333333333333334,0.0
fixed B=1,3,8,4.0,3.0,9.666666666666666,0.3103448275862069
fixed B=4,3,8,4.0,3.0,10.666666666666666,0.28125
rel B0=0 eps=.5,3,8,4.0,0.0,11.8,0.0
rel B0=1 eps=1,3,8,4.0,3.0,16.0,0.20689655172413793
rel B0=0 eps=2,3,8,4.0,0.0,34.0,0.0
qlen B0=0 gam=1,3,8,4.0,0.0,10.0,0.0
qlen B0=1 gam=.5 eps=.5,3,8,4.0,3.0,12.6,0.25862068965517243
thresh B=1 th=1 N=2,3,8,4.0,3.0,10.333333333333334,0.29032258064516125
thresh B=0 th=.5 N=3 eps=1,3,8,4.0,0.0,16.25,0.0
cap B0=1 eps=1 Bmax=3,3,8,4.0,3.0,10.333333333333334,0.29032258064516125
cap B0=0 eps=2 Bmax=2,3,8,4.0,0.0,10.0,0.0
cap B0=1 eps=.5 Bmax=1,3,8,4.0,3.0,9.666666666666666,0.3103448275862069
cap+cnt B=1 e=1 th=1 N=2 Bm=4,3,8,4.0,3.0,11.333333333333334,0.2647058823529412
skip N=2 (work channel off),3,8,4.0,3.0,12.0,0.25
skip N=5 (work channel off),3,8,4.0,3.0,16.0,0.1875
fixed B=0,1,5,4.0,0.0,4.0,0.0
fixed B=1,1,5,4.0,0.0,5.0,0.0
fixed B=4,1,5,4.0,0.0,8.0,0.0
rel B0=0 eps=.5,1,5,4.0,0.0,12.0,0.0
qlen B0=0 gam=1,1,5,4.0,0.0,5.0,0.0
qlen B0=1 gam=.5 eps=.5,1,5,4.0,0.0,15.0,0.0
thresh B=1 th=1 N=2,1,5,4.0,0.0,7.0,0.0
cap B0=1 eps=.5 Bmax=1,1,5,4.0,0.0,5.0,0.0
skip N=2 (work channel off),1,5,4.0,0.0,12.0,0.0
skip N=5 (work channel off),1,5,4.0,0.0,24.0,0.0
fixed B=0,2,8,4.0,0.0,8.0,0.0
fixed B=1,2,8,4.0,0.0,8.5,0.0
fixed B=4,2,8,4.0,0.0,10.0,0.0
rel B0=0 eps=.5,2,8,4.0,0.0,10.666666666666666,0.0
rel B0=1 eps=1,2,8,4.0,0.0,17.0,0.0
qlen B0=0 gam=1,2,8,4.0,0.0,8.5,0.0
qlen B0=1 gam=.5 eps=.5,2,8,4.0,0.0,11.666666666666666,0.0
thresh B=1 th=1 N=2,2,8,4.0,0.0,9.5,0.0
thresh B=0 th=.5 N=3 eps=1,2,8,4.0,0.0,17.5,0.0
cap B0=1 eps=1 Bmax=3,2,8,4.0,0.0,9.5,0.0
cap B0=1 eps=.5 Bmax=1,2,8,4.0,0.0,8.5,0.0
cap+cnt B=1 e=1 th=1 N=2 Bm=4,2,8,4.0,0.0,11.0,0.0
skip N=2 (work channel off),2,8,4.0,0.0,12.0,0.0
skip N=5 (work channel off),2,8,4.0,0.0,18.0,0.0
fixed B=0,3,3,4.0,0.0,9.333333333333334,0.0
fixed B=1,3,3,4.0,0.0,9.666666666666666,0.0
fixed B=4,3,3,4.0,0.0,10.666666666666666,0.0
rel B0=0 eps=.5,3,3,4.0,0.0,11.2,0.0
rel B0=1 eps=1,3,3,4.0,0.0,14.5,0.0
rel B0=0 eps=2,3,3,4.0,0.0,28.0,0.0
qlen B0=0 gam=1,3,3,4.0,0.0,9.666666666666666,0.0
qlen B0=1 gam=.5 eps=.5,3,3,4.0,0.0,11.8,0.0
thresh B=1 th=1 N=2,3,3,4.0,0.0,10.333333333333334,0.0
thresh B=0 th=.5 N=3 eps=1,3,3,4.0,0.0,14.75,0.0
cap B0=1 eps=1 Bmax=3,3,3,4.0,0.0,10.333333333333334,0.0
cap B0=0 eps=2 Bmax=2,3,3,4.0,0.0,10.0,0.0
cap B0=1 eps=.5 Bmax=1,3,3,4.0,0.0,9.666666666666666,0.0
cap+cnt B=1 e=1 th=1 N=2 Bm=4,3,3,4.0,0.0,11.333333333333334,0.0
skip N=2 (work channel off),3,3,4.0,0.0,12.0,0.0
skip N=5 (work channel off),3,3,4.0,0.0,16.0,0.0
fixed B=0,2,3,4.0,0.0,8.0,0.0
fixed B=1,2,3,4.0,0.0,8.5,0.0
fixed B=4,2,3,4.0,0.0,10.0,0.0
rel B0=0 eps=.5,2,3,4.0,0.0,10.666666666666666,0.0
rel B0=1 eps=1,2,3,4.0,0.0,17.0,0.0
qlen B0=0 gam=1,2,3,4.0,0.0,8.0,0.0
qlen B0=1 gam=.5 eps=.5,2,3,4.0,0.0,11.333333333333334,0.0
thresh B=1 th=1 N=2,2,3,4.0,0.0,9.5,0.0
thresh B=0 th=.5 N=3 eps=1,2,3,4.0,0.0,17.5,0.0
cap B0=1 eps=1 Bmax=3,2,3,4.0,0.0,9.5,0.0
cap B0=1 eps=.5 Bmax=1,2,3,4.0,0.0,8.5,0.0
cap+cnt B=1 e=1 th=1 N=2 Bm=4,2,3,4.0,0.0,11.0,0.0
skip N=2 (work channel off),2,3,4.0,0.0,12.0,0.0
skip N=5 (work channel off),2,3,4.0,0.0,18.0,0.0
fixed B=0,1,3,4.0,0.0,4.0,0.0
fixed B=1,1,3,4.0,0.0,5.0,0.0
fixed B=4,1,3,4.0,0.0,8.0,0.0
rel B0=0 eps=.5,1,3,4.0,0.0,15.0,0.0
qlen B0=0 gam=1,1,3,4.0,0.0,5.0,0.0
qlen B0=1 gam=.5 eps=.5,1,3,4.0,0.0,18.0,0.0
thresh B=1 th=1 N=2,1,3,4.0,0.0,7.0,0.0
cap B0=1 eps=.5 Bmax=1,1,3,4.0,0.0,5.0,0.0
skip N=2 (work channel off),1,3,4.0,0.0,12.0,0.0
skip N=5 (work channel off),1,3,4.0,0.0,24.0,0.0
fixed B=0,2,2,4.0,0.0,8.0,0.0
fixed B=1,2,2,4.0,0.0,8.5,0.0
fixed B=4,2,2,4.0,0.0,10.0,0.0
rel B0=0 eps=.5,2,2,4.0,0.0,10.666666666666666,0.0
rel B0=1 eps=1,2,2,4.0,0.0,17.0,0.0
qlen B0=0 gam=1,2,2,4.0,0.0,8.0,0.0
qlen B0=1 gam=.5 eps=.5,2,2,4.0,0.0,11.333333333333334,0.0
thresh B=1 th=1 N=2,2,2,4.0,0.0,9.5,0.0
thresh B=0 th=.5 N=3 eps=1,2,2,4.0,0.0,17.5,0.0
cap B0=1 eps=1 Bmax=3,2,2,4.0,0.0,9.5,0.0
cap B0=1 eps=.5 Bmax=1,2,2,4.0,0.0,8.5,0.0
cap+cnt B=1 e=1 th=1 N=2 Bm=4,2,2,4.0,0.0,11.0,0.0
skip N=2 (work channel off),2,2,4.0,0.0,12.0,0.0
skip N=5 (work channel off),2,2,4.0,0.0,18.0,0.0
fixed B=0,2,7,4.0,0.0,8.0,0.0
fixed B=1,2,7,4.0,0.0,8.5,0.0
fixed B=4,2,7,4.0,0.0,10.0,0.0
rel B0=0 eps=.5,2,7,4.0,0.5,11.5,0.043478260869565216
rel B0=1 eps=1,2,7,4.0,0.0,19.5,0.0
qlen B0=0 gam=1,2,7,4.0,0.0,9.5,0.0
qlen B0=1 gam=.5 eps=.5,2,7,4.0,0.0,12.666666666666666,0.0
thresh B=1 th=1 N=2,2,7,4.0,0.0,9.5,0.0
thresh B=0 th=.5 N=3 eps=1,2,7,4.0,0.5,20.0,0.025
cap B0=1 eps=1 Bmax=3,2,7,4.0,0.0,9.5,0.0
cap B0=1 eps=.5 Bmax=1,2,7,4.0,0.0,8.5,0.0
cap+cnt B=1 e=1 th=1 N=2 Bm=4,2,7,4.0,0.0,11.0,0.0
skip N=2 (work channel off),2,7,4.0,0.0,12.0,0.0
skip N=5 (work channel off),2,7,4.0,0.0,18.0,0.0
fixed B=0,2,2,0.5,0.0,1.0,0.0
fixed B=1,2,2,0.5,0.0,1.5,0.0
fixed B=4,2,2,0.5,0.0,3.0,0.0
rel B0=0 eps=.5,2,2,0.5,0.0,1.3333333333333333,0.0
rel B0=1 eps=1,2,2,0.5,0.0,3.0,0.0
qlen B0=0 gam=1,2,2,0.5,0.0,1.0,0.0
qlen B0=1 gam=.5 eps=.5,2,2,0.5,0.0,2.0,0.0
thresh B=1 th=1 N=2,2,2,0.5,0.0,2.5,0.0
thresh B=0 th=.5 N=3 eps=1,2,2,0.5,0.0,3.5,0.0
cap B0=1 eps=1 Bmax=3,2,2,0.5,0.0,2.5,0.0
cap B0=1 eps=.5 Bmax=1,2,2,0.5,0.0,1.5,0.0
cap+cnt B=1 e=1 th=1 N=2 Bm=4,2,2,0.5,0.0,4.0,0.0
skip N=2 (work channel off),2,2,0.5,0.0,5.0,0.0
skip N=5 (work channel off),2,2,0.5,0.0,11.0,0.0
fixed B=0,2,8,4.0,0.0,8.0,0.0
fixed B=1,2,8,4.0,1.0,8.5,0.11764705882352941
fixed B=4,2,8,4.0,1.0,10.0,0.1
rel B0=0 eps=.5,2,8,4.0,1.0,11.333333333333334,0.08823529411764705
rel B0=1 eps=1,2,8,4.0,1.0,19.0,0.05263157894736842
qlen B0=0 gam=1,2,8,4.0,0.5,9.0,0.058823529411764705
qlen B0=1 gam=.5 eps=.5,2,8,4.0,1.0,12.5,0.08333333333333333
thresh B=1 th=1 N=2,2,8,4.0,1.0,9.5,0.10526315789473684
thresh B=0 th=.5 N=3 eps=1,2,8,4.0,1.0,19.5,0.05128205128205128
cap B0=1 eps=1 Bmax=3,2,8,4.0,1.0,9.5,0.10526315789473684
cap B0=1 eps=.5 Bmax=1,2,8,4.0,1.0,8.5,0.11764705882352941
cap+cnt B=1 e=1 th=1 N=2 Bm=4,2,8,4.0,1.0,11.0,0.09090909090909091
skip N=2 (work channel off),2,8,4.0,1.0,12.0,0.08333333333333333
skip N=5 (work channel off),2,8,4.0,1.0,18.0,0.05555555555555555
fixed B=0,1,7,4.0,0.0,4.0,0.0
fixed B=1,1,7,4.0,4.0,5.0,0.8
fixed B=4,1,7,4.0,4.0,8.0,0.5
rel B0=0 eps=.5,1,7,4.0,8.5,23.5,0.5714285714285714
qlen B0=0 gam=1,1,7,4.0,4.0,8.0,0.8
qlen B0=1 gam=.5 eps=.5,1,7,4.0,8.5,29.5,0.4146341463414634
thresh B=1 th=1 N=2,1,7,4.0,4.0,7.0,0.5714285714285714
cap B0=1 eps=.5 Bmax=1,1,7,4.0,4.0,5.0,0.8
skip N=2 (work channel off),1,7,4.0,8.0,12.0,0.6666666666666666
skip N=5 (work channel off),1,7,4.0,16.5,24.0,0.6875
fixed B=0,3,4,4.0,0.0,9.333333333333334,0.0
fixed B=1,3,4,4.0,0.0,9.666666666666666,0.0
fixed B=4,3,4,4.0,0.0,10.666666666666666,0.0
rel B0=0 eps=.5,3,4,4.0,0.0,11.2,0.0
rel B0=1 eps=1,3,4,4.0,0.0,14.5,0.0
rel B0=0 eps=2,3,4,4.0,0.0,28.0,0.0
qlen B0=0 gam=1,3,4,4.0,0.0,9.333333333333334,0.0
qlen B0=1 gam=.5 eps=.5,3,4,4.0,0.0,11.6,0.0
thresh B=1 th=1 N=2,3,4,4.0,0.0,10.333333333333334,0.0
thresh B=0 th=.5 N=3 eps=1,3,4,4.0,0.0,14.75,0.0
cap B0=1 eps=1 Bmax=3,3,4,4.0,0.0,10.333333333333334,0.0
cap B0=0 eps=2 Bmax=2,3,4,4.0,0.0,10.0,0.0
cap B0=1 eps=.5 Bmax=1,3,4,4.0,0.0,9.666666666666666,0.0
cap+cnt B=1 e=1 th=1 N=2 Bm=4,3,4,4.0,0.0,11.333333333333334,0.0
skip N=2 (work channel off),3,4,4.0,0.0,12.0,0.0
skip N=5 (work channel off),3,4,4.0,0.0,16.0,0.0
fixed B=0,2,8,4.0,0.0,8.0,0.0
fixed B=1,2,8,4.0,0.0,8.5,0.0
fixed B=4,2,8,4.0,0.0,10.0,0.0
rel B0=0 eps=.5,2,8,4.0,0.0,11.166666666666666,0.0
rel B0=1 eps=1,2,8,4.0,0.0,18.5,0.0
qlen B0=0 gam=1,2,8,4.0,0.0,9.0,0.0
qlen B0=1 gam=.5 eps=.5,2,8,4.0,0.0,12.5,0.0
thresh B=1 th=1 N=2,2,8,4.0,0.0,9.5,0.0
thresh B=0 th=.5 N=3 eps=1,2,8,4.0,0.0,19.0,0.0
cap B0=1 eps=1 Bmax=3,2,8,4.0,0.0,9.5,0.0
cap B0=1 eps=.5 Bmax=1,2,8,4.0,0.0,8.5,0.0
cap+cnt B=1 e=1 th=1 N=2 Bm=4,2,8,4.0,0.0,11.0,0.0
skip N=2 (work channel off),2,8,4.0,0.0,12.0,0.0
skip N=5 (work channel off),2,8,4.0,0.0,18.0,0.0
fixed B=0,3,5,4.0,0.0,9.333333333333334,0.0
fixed B=1,3,5,4.0,0.0,9.666666666666666,0.0
fixed B=4,3,5,4.0,0.0,10.666666666666666,0.0
rel B0=0 eps=.5,3,5,4.0,0.0,11.4,0.0
rel B0=1 eps=1,3,5,4.0,0.0,15.0,0.0
rel B0=0 eps=2,3,5,4.0,0.0,30.0,0.0
qlen B0=0 gam=1,3,5,4.0,0.0,9.333333333333334,0.0
qlen B0=1 gam=.5 eps=.5,3,5,4.0,0.0,11.8,0.0
thresh B=1 th=1 N=2,3,5,4.0,0.0,10.333333333333334,0.0
thresh B=0 th=.5 N=3 eps=1,3,5,4.0,0.0,15.25,0.0
cap B0=1 eps=1 Bmax=3,3,5,4.0,0.0,10.333333333333334,0.0
cap B0=0 eps=2 Bmax=2,3,5,4.0,0.0,10.0,0.0
cap B0=1 eps=.5 Bmax=1,3,5,4.0,0.0,9.666666666666666,0.0
cap+cnt B=1 e=1 th=1 N=2 Bm=4,3,5,4.0,0.0,11.333333333333334,0.0
skip N=2 (work channel off),3,5,4.0,0.0,12.0,0.0
skip N=5 (work channel off),3,5,4.0,0.0,16.0,0.0
fixed B=0,3,7,4.0,0.0,9.333333333333334,0.0
fixed B=1,3,7,4.0,0.0,9.666666666666666,0.0
fixed B=4,3,7,4.0,0.0,10.666666666666666,0.0
rel B0=0 eps=.5,3,7,4.0,0.0,11.2,0.0
rel B0=1 eps=1,3,7,4.0,0.0,14.5,0.0
rel B0=0 eps=2,3,7,4.0,0.0,28.0,0.0
qlen B0=0 gam=1,3,7,4.0,0.0,9.666666666666666,0.0
qlen B0=1 gam=.5 eps=.5,3,7,4.0,0.0,11.8,0.0
thresh B=1 th=1 N=2,3,7,4.0,0.0,10.333333333333334,0.0
thresh B=0 th=.5 N=3 eps=1,3,7,4.0,0.0,14.75,0.0
cap B0=1 eps=1 Bmax=3,3,7,4.0,0.0,10.333333333333334,0.0
cap B0=0 eps=2 Bmax=2,3,7,4.0,0.0,10.0,0.0
cap B0=1 eps=.5 Bmax=1,3,7,4.0,0.0,9.666666666666666,0.0
cap+cnt B=1 e=1 th=1 N=2 Bm=4,3,7,4.0,0.0,11.333333333333334,0.0
skip N=2 (work channel off),3,7,4.0,0.0,12.0,0.0
skip N=5 (work channel off),3,7,4.0,0.0,16.0,0.0
fixed B=0,1,3,4.0,0.0,4.0,0.0
fixed B=1,1,3,4.0,0.0,5.0,0.0
fixed B=4,1,3,4.0,0.0,8.0,0.0
rel B0=0 eps=.5,1,3,4.0,0.0,11.5,0.0
qlen B0=0 gam=1,1,3,4.0,0.0,5.0,0.0
qlen B0=1 gam=.5 eps=.5,1,3,4.0,0.0,14.5,0.0
thresh B=1 th=1 N=2,1,3,4.0,0.0,7.0,0.0
cap B0=1 eps=.5 Bmax=1,1,3,4.0,0.0,5.0,0.0
skip N=2 (work channel off),1,3,4.0,0.0,12.0,0.0
skip N=5 (work channel off),1,3,4.0,0.0,24.0,0.0
fixed B=0,1,8,4.0,0.0,4.0,0.0
fixed B=1,1,8,4.0,0.0,5.0,0.0
fixed B=4,1,8,4.0,0.0,8.0,0.0
rel B0=0 eps=.5,1,8,4.0,0.0,18.5,0.0
qlen B0=0 gam=1,1,8,4.0,0.0,9.0,0.0
qlen B0=1 gam=.5 eps=.5,1,8,4.0,0.0,23.0,0.0
thresh B=1 th=1 N=2,1,8,4.0,0.0,7.0,0.0
cap B0=1 eps=.5 Bmax=1,1,8,4.0,0.0,5.0,0.0
skip N=2 (work channel off),1,8,4.0,0.0,12.0,0.0
skip N=5 (work channel off),1,8,4.0,0.0,24.0,0.0
fixed B=0,1,7,4.0,0.0,4.0,0.0
fixed B=1,1,7,4.0,0.0,5.0,0.0
fixed B=4,1,7,4.0,0.0,8.0,0.0
rel B0=0 eps=.5,1,7,4.0,4.0,11.5,0.38095238095238093
qlen B0=0 gam=1,1,7,4.0,0.0,8.0,0.0
qlen B0=1 gam=.5 eps=.5,1,7,4.0,0.0,16.0,0.0
thresh B=1 th=1 N=2,1,7,4.0,0.0,7.0,0.0
cap B0=1 eps=.5 Bmax=1,1,7,4.0,0.0,5.0,0.0
skip N=2 (work channel off),1,7,4.0,0.0,12.0,0.0
skip N=5 (work channel off),1,7,4.0,0.0,24.0,0.0
fixed B=0,3,4,4.0,0.0,9.333333333333334,0.0
fixed B=1,3,4,4.0,0.0,9.666666666666666,0.0
fixed B=4,3,4,4.0,0.0,10.666666666666666,0.0
rel B0=0 eps=.5,3,4,4.0,0.0,11.2,0.0
rel B0=1 eps=1,3,4,4.0,0.0,14.5,0.0
rel B0=0 eps=2,3,4,4.0,0.0,28.0,0.0
qlen B0=0 gam=1,3,4,4.0,0.0,9.666666666666666,0.0
qlen B0=1 gam=.5 eps=.5,3,4,4.0,0.0,11.8,0.0
thresh B=1 th=1 N=2,3,4,4.0,0.0,10.333333333333334,0.0
thresh B=0 th=.5 N=3 eps=1,3,4,4.0,0.0,14.75,0.0
cap B0=1 eps=1 Bmax=3,3,4,4.0,0.0,10.333333333333334,0.0
cap B0=0 eps=2 Bmax=2,3,4,4.0,0.0,10.0,0.0
cap B0=1 eps=.5 Bmax=1,3,4,4.0,0.0,9.666666666666666,0.0
cap+cnt B=1 e=1 th=1 N=2 Bm=4,3,4,4.0,0.0,11.333333333333334,0.0
skip N=2 (work channel off),3,4,4.0,0.0,12.0,0.0
skip N=5 (work channel off),3,4,4.0,0.0,16.0,0.0
fixed B=0,1,8,4.0,0.0,4.0,0.0
fixed B=1,1,8,4.0,0.0,5.0,0.0
fixed B=4,1,8,4.0,0.0,8.0,0.0
rel B0=0 eps=.5,1,8,4.0,0.0,18.5,0.0
qlen B0=0 gam=1,1,8,4.0,0.0,9.0,0.0
qlen B0=1 gam=.5 eps=.5,1,8,4.0,0.0,25.5,0.0
thresh B=1 th=1 N=2,1,8,4.0,0.0,7.0,0.0
cap B0=1 eps=.5 Bmax=1,1,8,4.0,0.0,5.0,0.0
skip N=2 (work channel off),1,8,4.0,0.0,12.0,0.0
skip N=5 (work channel off),1,8,4.0,0.0,24.0,0.0
fixed B=0,2,4,4.0,0.0,8.0,0.0
fixed B=1,2,4,4.0,0.0,8.5,0.0
fixed B=4,2,4,4.0,0.0,10.0,0.0
rel B0=0 eps=.5,2,4,4.0,0.0,10.666666666666666,0.0
rel B0=1 eps=1,2,4,4.0,0.0,17.0,0.0
qlen B0=0 gam=1,2,4,4.0,0.0,8.0,0.0
qlen B0=1 gam=.5 eps=.5,2,4,4.0,0.0,11.333333333333334,0.0
thresh B=1 th=1 N=2,2,4,4.0,0.0,9.5,0.0
thresh B=0 th=.5 N=3 eps=1,2,4,4.0,0.0,17.5,0.0
cap B0=1 eps=1 Bmax=3,2,4,4.0,0.0,9.5,0.0
cap B0=1 eps=.5 Bmax=1,2,4,4.0,0.0,8.5,0.0
cap+cnt B=1 e=1 th=1 N=2 Bm=4,2,4,4.0,0.0,11.0,0.0
skip N=2 (work channel off),2,4,4.0,0.0,12.0,0.0
skip N=5 (work channel off),2,4,4.0,0.0,18.0,0.0
fixed B=0,3,5,4.0,0.0,9.333333333333334,0.0
fixed B=1,3,5,4.0,0.0,9.666666666666666,0.0
fixed B=4,3,5,4.0,0.0,10.666666666666666,0.0
rel B0=0 eps=.5,3,5,4.0,0.0,11.2,0.0
rel B0=1 eps=1,3,5,4.0,0.0,14.5,0.0
rel B0=0 eps=2,3,5,4.0,0.0,28.0,0.0
qlen B0=0 gam=1,3,5,4.0,0.0,9.333333333333334,0.0
qlen B0=1 gam=.5 eps=.5,3,5,4.0,0.0,11.6,0.0
thresh B=1 th=1 N=2,3,5,4.0,0.0,10.333333333333334,0.0
thresh B=0 th=.5 N=3 eps=1,3,5,4.0,0.0,14.75,0.0
cap B0=1 eps=1 Bmax=3,3,5,4.0,0.0,10.333333333333334,0.0
cap B0=0 eps=2 Bmax=2,3,5,4.0,0.0,10.0,0.0
cap B0=1 eps=.5 Bmax=1,3,5,4.0,0.0,9.666666666666666,0.0
cap+cnt B=1 e=1 th=1 N=2 Bm=4,3,5,4.0,0.0,11.333333333333334,0.0
skip N=2 (work channel off),3,5,4.0,0.0,12.0,0.0
skip N=5 (work channel off),3,5,4.0,0.0,16.0,0.0
fixed B=0,3,4,4.0,0.0,9.333333333333334,0.0
fixed B=1,3,4,4.0,0.0,9.666666666666666,0.0
fixed B=4,3,4,4.0,0.0,10.666666666666666,0.0
rel B0=0 eps=.5,3,4,4.0,0.0,11.7,0.0
rel B0=1 eps=1,3,4,4.0,0.0,15.75,0.0
rel B0=0 eps=2,3,4,4.0,0.0,33.0,0.0
qlen B0=0 gam=1,3,4,4.0,0.0,10.0,0.0
qlen B0=1 gam=.5 eps=.5,3,4,4.0,0.0,12.1,0.0
thresh B=1 th=1 N=2,3,4,4.0,0.0,10.333333333333334,0.0
thresh B=0 th=.5 N=3 eps=1,3,4,4.0,0.0,16.0,0.0
cap B0=1 eps=1 Bmax=3,3,4,4.0,0.0,10.333333333333334,0.0
cap B0=0 eps=2 Bmax=2,3,4,4.0,0.0,10.0,0.0
cap B0=1 eps=.5 Bmax=1,3,4,4.0,0.0,9.666666666666666,0.0
cap+cnt B=1 e=1 th=1 N=2 Bm=4,3,4,4.0,0.0,11.333333333333334,0.0
skip N=2 (work channel off),3,4,4.0,0.0,12.0,0.0
skip N=5 (work channel off),3,4,4.0,0.0,16.0,0.0
fixed B=0,2,3,4.0,0.0,8.0,0.0
fixed B=1,2,3,4.0,0.0,8.5,0.0
fixed B=4,2,3,4.0,0.0,10.0,0.0
rel B0=0 eps=.5,2,3,4.0,0.0,11.5,0.0
rel B0=1 eps=1,2,3,4.0,0.0,19.5,0.0
qlen B0=0 gam=1,2,3,4.0,0.0,8.5,0.0
qlen B0=1 gam=.5 eps=.5,2,3,4.0,0.0,12.5,0.0
thresh B=1 th=1 N=2,2,3,4.0,0.0,9.5,0.0
thresh B=0 th=.5 N=3 eps=1,2,3,4.0,0.0,20.0,0.0
cap B0=1 eps=1 Bmax=3,2,3,4.0,0.0,9.5,0.0
cap B0=1 eps=.5 Bmax=1,2,3,4.0,0.0,8.5,0.0
cap+cnt B=1 e=1 th=1 N=2 Bm=4,2,3,4.0,0.0,11.0,0.0
skip N=2 (work channel off),2,3,4.0,0.0,12.0,0.0
skip N=5 (work channel off),2,3,4.0,0.0,18.0,0.0
fixed B=0,2,3,4.0,0.0,8.0,0.0
fixed B=1,2,3,4.0,0.0,8.5,0.0
fixed B=4,2,3,4.0,0.0,10.0,0.0
rel B0=0 eps=.5,2,3,4.0,0.0,10.666666666666666,0.0
rel B0=1 eps=1,2,3,4.0,0.0,17.0,0.0
qlen B0=0 gam=1,2,3,4.0,0.0,8.0,0.0
qlen B0=1 gam=.5 eps=.5,2,3,4.0,0.0,11.333333333333334,0.0
thresh B=1 th=1 N=2,2,3,4.0,0.0,9.5,0.0
thresh B=0 th=.5 N=3 eps=1,2,3,4.0,0.0,17.5,0.0
cap B0=1 eps=1 Bmax=3,2,3,4.0,0.0,9.5,0.0
cap B0=1 eps=.5 Bmax=1,2,3,4.0,0.0,8.5,0.0
cap+cnt B=1 e=1 th=1 N=2 Bm=4,2,3,4.0,0.0,11.0,0.0
skip N=2 (work channel off),2,3,4.0,0.0,12.0,0.0
skip N=5 (work channel off),2,3,4.0,0.0,18.0,0.0
fixed B=0,3,8,4.0,0.0,9.333333333333334,0.0
fixed B=1,3,8,4.0,0.0,9.666666666666666,0.0
fixed B=4,3,8,4.0,0.0,10.666666666666666,0.0
rel B0=0 eps=.5,3,8,4.0,0.0,11.2,0.0
rel B0=1 eps=1,3,8,4.0,0.0,14.5,0.0
rel B0=0 eps=2,3,8,4.0,0.0,28.0,0.0
qlen B0=0 gam=1,3,8,4.0,0.0,9.666666666666666,0.0
qlen B0=1 gam=.5 eps=.5,3,8,4.0,0.0,11.8,0.0
thresh B=1 th=1 N=2,3,8,4.0,0.0,10.333333333333334,0.0
thresh B=0 th=.5 N=3 eps=1,3,8,4.0,0.0,14.75,0.0
cap B0=1 eps=1 Bmax=3,3,8,4.0,0.0,10.333333333333334,0.0
cap B0=0 eps=2 Bmax=2,3,8,4.0,0.0,10.0,0.0
cap B0=1 eps=.5 Bmax=1,3,8,4.0,0.0,9.666666666666666,0.0
cap+cnt B=1 e=1 th=1 N=2 Bm=4,3,8,4.0,0.0,11.333333333333334,0.0
skip N=2 (work channel off),3,8,4.0,0.0,12.0,0.0
skip N=5 (work channel off),3,8,4.0,0.0,16.0,0.0
fixed B=0,2,9,4.0,0.0,8.0,0.0
fixed B=1,2,9,4.0,1.0,8.5,0.11764705882352941
fixed B=4,2,9,4.0,1.0,10.0,0.1
rel B0=0 eps=.5,2,9,4.0,4.0,12.833333333333332,0.3380281690140845
rel B0=1 eps=1,2,9,4.0,1.0,23.5,0.047619047619047616
qlen B0=0 gam=1,2,9,4.0,1.0,9.5,0.1111111111111111
qlen B0=1 gam=.5 eps=.5,2,9,4.0,1.0,14.5,0.07500000000000001
thresh B=1 th=1 N=2,2,9,4.0,1.0,9.5,0.10526315789473684
thresh B=0 th=.5 N=3 eps=1,2,9,4.0,4.0,24.0,0.19047619047619047
cap B0=1 eps=1 Bmax=3,2,9,4.0,1.0,9.5,0.10526315789473684
cap B0=1 eps=.5 Bmax=1,2,9,4.0,1.0,8.5,0.11764705882352941
cap+cnt B=1 e=1 th=1 N=2 Bm=4,2,9,4.0,1.0,11.0,0.09090909090909091
skip N=2 (work channel off),2,9,4.0,1.0,12.0,0.08333333333333333
skip N=5 (work channel off),2,9,4.0,1.0,18.0,0.05555555555555555
fixed B=0,3,3,4.0,0.0,9.333333333333334,0.0
fixed B=1,3,3,4.0,0.0,9.666666666666666,0.0
fixed B=4,3,3,4.0,0.0,10.666666666666666,0.0
rel B0=0 eps=.5,3,3,4.0,0.0,11.2,0.0
rel B0=1 eps=1,3,3,4.0,0.0,14.5,0.0
rel B0=0 eps=2,3,3,4.0,0.0,28.0,0.0
qlen B0=0 gam=1,3,3,4.0,0.0,9.333333333333334,0.0
qlen B0=1 gam=.5 eps=.5,3,3,4.0,0.0,11.6,0.0
thresh B=1 th=1 N=2,3,3,4.0,0.0,10.333333333333334,0.0
thresh B=0 th=.5 N=3 eps=1,3,3,4.0,0.0,14.75,0.0
cap B0=1 eps=1 Bmax=3,3,3,4.0,0.0,10.333333333333334,0.0
cap B0=0 eps=2 Bmax=2,3,3,4.0,0.0,10.0,0.0
cap B0=1 eps=.5 Bmax=1,3,3,4.0,0.0,9.666666666666666,0.0
cap+cnt B=1 e=1 th=1 N=2 Bm=4,3,3,4.0,0.0,11.333333333333334,0.0
skip N=2 (work channel off),3,3,4.0,0.0,12.0,0.0
skip N=5 (work channel off),3,3,4.0,0.0,16.0,0.0
fixed B=0,2,4,4.0,0.0,8.0,0.0
fixed B=1,2,4,4.0,0.0,8.5,0.0
fixed B=4,2,4,4.0,0.0,10.0,0.0
rel B0=0 eps=.5,2,4,4.0,0.0,10.666666666666666,0.0
rel B0=1 eps=1,2,4,4.0,0.0,17.0,0.0
qlen B0=0 gam=1,2,4,4.0,0.0,8.5,0.0
qlen B0=1 gam=.5 eps=.5,2,4,4.0,0.0,11.666666666666666,0.0
thresh B=1 th=1 N=2,2,4,4.0,0.0,9.5,0.0
thresh B=0 th=.5 N=3 eps=1,2,4,4.0,0.0,17.5,0.0
cap B0=1 eps=1 Bmax=3,2,4,4.0,0.0,9.5,0.0
cap B0=1 eps=.5 Bmax=1,2,4,4.0,0.0,8.5,0.0
cap+cnt B=1 e=1 th=1 N=2 Bm=4,2,4,4.0,0.0,11.0,0.0
skip N=2 (work channel off),2,4,4.0,0.0,12.0,0.0
skip N=5 (work channel off),2,4,4.0,0.0,18.0,0.0
fixed B=0,3,3,4.0,0.0,9.333333333333334,0.0
fixed B=1,3,3,4.0,0.0,9.666666666666666,0.0
fixed B=4,3,3,4.0,0.0,10.666666666666666,0.0
rel B0=0 eps=.5,3,3,4.0,0.0,11.2,0.0
rel B0=1 eps=1,3,3,4.0,0.0,14.5,0.0
rel B0=0 eps=2,3,3,4.0,0.0,28.0,0.0
qlen B0=0 gam=1,3,3,4.0,0.0,9.666666666666666,0.0
qlen B0=1 gam=.5 eps=.5,3,3,4.0,0.0,11.8,0.0
thresh B=1 th=1 N=2,3,3,4.0,0.0,10.333333333333334,0.0
thresh B=0 th=.5 N=3 eps=1,3,3,4.0,0.0,14.75,0.0
cap B0=1 eps=1 Bmax=3,3,3,4.0,0.0,10.333333333333334,0.0
cap B0=0 eps=2 Bmax=2,3,3,4.0,0.0,10.0,0.0
cap B0=1 eps=.5 Bmax=1,3,3,4.0,0.0,9.666666666666666,0.0
cap+cnt B=1 e=1 th=1 N=2 Bm=4,3,3,4.0,0.0,11.333333333333334,0.0
skip N=2 (work channel off),3,3,4.0,0.0,12.0,0.0
skip N=5 (work channel off),3,3,4.0,0.0,16.0,0.0
fixed B=0,2,8,4.0,0.0,8.0,0.0
fixed B=1,2,8,4.0,0.5,8.5,0.058823529411764705
fixed B=4,2,8,4.0,0.5,10.0,0.05
rel B0=0 eps=.5,2,8,4.0,0.5,11.666666666666666,0.043478260869565216
rel B0=1 eps=1,2,8,4.0,0.5,20.0,0.029411764705882353
qlen B0=0 gam=1,2,8,4.0,0.5,9.0,0.058823529411764705
qlen B0=1 gam=.5 eps=.5,2,8,4.0,0.5,12.666666666666666,0.044117647058823525
thresh B=1 th=1 N=2,2,8,4.0,0.5,9.5,0.05263157894736842
thresh B=0 th=.5 N=3 eps=1,2,8,4.0,0.5,20.5,0.025
cap B0=1 eps=1 Bmax=3,2,8,4.0,0.5,9.5,0.05263157894736842
cap B0=1 eps=.5 Bmax=1,2,8,4.0,0.5,8.5,0.058823529411764705
cap+cnt B=1 e=1 th=1 N=2 Bm=4,2,8,4.0,0.5,11.0,0.045454545454545456
skip N=2 (work channel off),2,8,4.0,0.5,12.0,0.041666666666666664
skip N=5 (work channel off),2,8,4.0,0.5,18.0,0.027777777777777776
fixed B=0,2,4,4.0,0.0,8.0,0.0
fixed B=1,2,4,4.0,0.0,8.5,0.0
fixed B=4,2,4,4.0,0.0,10.0,0.0
rel B0=0 eps=.5,2,4,4.0,0.0,11.0,0.0
rel B0=1 eps=1,2,4,4.0,0.0,18.0,0.0
qlen B0=0 gam=1,2,4,4.0,0.0,8.0,0.0
qlen B0=1 gam=.5 eps=.5,2,4,4.0,0.0,11.666666666666666,0.0
thresh B=1 th=1 N=2,2,4,4.0,0.0,9.5,0.0
thresh B=0 th=.5 N=3 eps=1,2,4,4.0,0.0,18.5,0.0
cap B0=1 eps=1 Bmax=3,2,4,4.0,0.0,9.5,0.0
cap B0=1 eps=.5 Bmax=1,2,4,4.0,0.0,8.5,0.0
cap+cnt B=1 e=1 th=1 N=2 Bm=4,2,4,4.0,0.0,11.0,0.0
skip N=2 (work channel off),2,4,4.0,0.0,12.0,0.0
skip N=5 (work channel off),2,4,4.0,0.0,18.0,0.0
fixed B=0,3,7,4.0,0.0,9.333333333333334,0.0
fixed B=1,3,7,4.0,0.0,9.666666666666666,0.0
fixed B=4,3,7,4.0,0.0,10.666666666666666,0.0
rel B0=0 eps=.5,3,7,4.0,0.0,11.3,0.0
rel B0=1 eps=1,3,7,4.0,0.0,14.75,0.0
rel B0=0 eps=2,3,7,4.0,0.0,29.0,0.0
qlen B0=0 gam=1,3,7,4.0,0.0,10.0,0.0
qlen B0=1 gam=.5 eps=.5,3,7,4.0,0.0,12.1,0.0
thresh B=1 th=1 N=2,3,7,4.0,0.0,10.333333333333334,0.0
thresh B=0 th=.5 N=3 eps=1,3,7,4.0,0.0,15.0,0.0
cap B0=1 eps=1 Bmax=3,3,7,4.0,0.0,10.333333333333334,0.0
cap B0=0 eps=2 Bmax=2,3,7,4.0,0.0,10.0,0.0
cap B0=1 eps=.5 Bmax=1,3,7,4.0,0.0,9.666666666666666,0.0
cap+cnt B=1 e=1 th=1 N=2 Bm=4,3,7,4.0,0.0,11.333333333333334,0.0
skip N=2 (work channel off),3,7,4.0,0.0,12.0,0.0
skip N=5 (work channel off),3,7,4.0,0.0,16.0,0.0
fixed B=0,3,8,4.0,0.0,9.333333333333334,0.0
fixed B=1,3,8,4.0,0.0,9.666666666666666,0.0
fixed B=4,3,8,4.0,0.0,10.666666666666666,0.0
rel B0=0 eps=.5,3,8,4.0,0.0,11.3,0.0
rel B0=1 eps=1,3,8,4.0,0.0,14.75,0.0
rel B0=0 eps=2,3,8,4.0,0.0,29.0,0.0
qlen B0=0 gam=1,3,8,4.0,0.0,10.0,0.0
qlen B0=1 gam=.5 eps=.5,3,8,4.0,0.0,12.1,0.0
thresh B=1 th=1 N=2,3,8,4.0,0.0,10.333333333333334,0.0
thresh B=0 th=.5 N=3 eps=1,3,8,4.0,0.0,15.0,0.0
cap B0=1 eps=1 Bmax=3,3,8,4.0,0.0,10.333333333333334,0.0
cap B0=0 eps=2 Bmax=2,3,8,4.0,0.0,10.0,0.0
cap B0=1 eps=.5 Bmax=1,3,8,4.0,0.0,9.666666666666666,0.0
cap+cnt B=1 e=1 th=1 N=2 Bm=4,3,8,4.0,0.0,11.333333333333334,0.0
skip N=2 (work channel off),3,8,4.0,0.0,12.0,0.0
skip N=5 (work channel off),3,8,4.0,0.0,16.0,0.0
fixed B=0,1,8,4.0,0.0,4.0,0.0
fixed B=1,1,8,4.0,1.0,5.0,0.2
fixed B=4,1,8,4.0,1.0,8.0,0.125
rel B0=0 eps=.5,1,8,4.0,5.0,17.0,0.47368421052631576
qlen B0=0 gam=1,1,8,4.0,1.0,8.0,0.16666666666666666
qlen B0=1 gam=.5 eps=.5,1,8,4.0,1.0,23.0,0.07407407407407407
thresh B=1 th=1 N=2,1,8,4.0,1.0,7.0,0.14285714285714285
cap B0=1 eps=.5 Bmax=1,1,8,4.0,1.0,5.0,0.2
skip N=2 (work channel off),1,8,4.0,1.0,12.0,0.08333333333333333
skip N=5 (work channel off),1,8,4.0,1.0,24.0,0.041666666666666664
fixed B=0,2,8,4.0,0.0,8.0,0.0
fixed B=1,2,8,4.0,0.0,8.5,0.0
fixed B=4,2,8,4.0,0.0,10.0,0.0
rel B0=0 eps=.5,2,8,4.0,0.0,11.5,0.0
rel B0=1 eps=1,2,8,4.0,0.0,19.5,0.0
qlen B0=0 gam=1,2,8,4.0,0.0,9.0,0.0
qlen B0=1 gam=.5 eps=.5,2,8,4.0,0.0,12.333333333333334,0.0
thresh B=1 th=1 N=2,2,8,4.0,0.0,9.5,0.0
thresh B=0 th=.5 N=3 eps=1,2,8,4.0,0.0,20.0,0.0
cap B0=1 eps=1 Bmax=3,2,8,4.0,0.0,9.5,0.0
cap B0=1 eps=.5 Bmax=1,2,8,4.0,0.0,8.5,0.0
cap+cnt B=1 e=1 th=1 N=2 Bm=4,2,8,4.0,0.0,11.0,0.0
skip N=2 (work channel off),2,8,4.0,0.0,12.0,0.0
skip N=5 (work channel off),2,8,4.0,0.0,18.0,0.0
fixed B=0,3,3,0.5,0.0,1.1666666666666667,0.0
fixed B=1,3,3,0.5,0.0,1.5,0.0
fixed B=4,3,3,0.5,0.0,2.5,0.0
rel B0=0 eps=.5,3,3,0.5,0.0,1.4,0.0
rel B0=1 eps=1,3,3,0.5,0.0,2.25,0.0
rel B0=0 eps=2,3,3,0.5,0.0,3.5,0.0
qlen B0=0 gam=1,3,3,0.5,0.0,1.1666666666666667,0.0
qlen B0=1 gam=.5 eps=.5,3,3,0.5,0.0,1.8,0.0
thresh B=1 th=1 N=2,3,3,0.5,0.0,2.1666666666666665,0.0
thresh B=0 th=.5 N=3 eps=1,3,3,0.5,0.0,2.5,0.0
cap B0=1 eps=1 Bmax=3,3,3,0.5,0.0,2.1666666666666665,0.0
cap B0=0 eps=2 Bmax=2,3,3,0.5,0.0,1.8333333333333333,0.0
cap B0=1 eps=.5 Bmax=1,3,3,0.5,0.0,1.5,0.0
cap+cnt B=1 e=1 th=1 N=2 Bm=4,3,3,0.5,0.0,3.1666666666666665,0.0
skip N=2 (work channel off),3,3,0.5,0.0,3.8333333333333335,0.0
skip N=5 (work channel off),3,3,0.5,0.0,7.833333333333333,0.0
fixed B=0,3,9,4.0,0.0,9.333333333333334,0.0
fixed B=1,3,9,4.0,0.5,9.666666666666666,0.05172413793103449
fixed B=4,3,9,4.0,0.5,10.666666666666666,0.046875
rel B0=0 eps=.5,3,9,4.0,0.5,11.8,0.043859649122807015
rel B0=1 eps=1,3,9,4.0,0.5,16.0,0.03333333333333333
rel B0=0 eps=2,3,9,4.0,0.5,34.0,0.016666666666666666
qlen B0=0 gam=1,3,9,4.0,0.5,10.0,0.05172413793103449
qlen B0=1 gam=.5 eps=.5,3,9,4.0,0.5,12.4,0.041666666666666664
thresh B=1 th=1 N=2,3,9,4.0,0.5,10.333333333333334,0.04838709677419355
thresh B=0 th=.5 N=3 eps=1,3,9,4.0,0.5,16.25,0.03278688524590164
cap B0=1 eps=1 Bmax=3,3,9,4.0,0.5,10.333333333333334,0.04838709677419355
cap B0=0 eps=2 Bmax=2,3,9,4.0,0.5,10.0,0.05
cap B0=1 eps=.5 Bmax=1,3,9,4.0,0.5,9.666666666666666,0.05172413793103449
cap+cnt B=1 e=1 th=1 N=2 Bm=4,3,9,4.0,0.5,11.333333333333334,0.044117647058823525
skip N=2 (work channel off),3,9,4.0,0.5,12.0,0.041666666666666664
skip N=5 (work channel off),3,9,4.0,0.5,16.0,0.03125
fixed B=0,3,9,4.0,0.0,9.333333333333334,0.0
fixed B=1,3,9,4.0,0.0,9.666666666666666,0.0
fixed B=4,3,9,4.0,0.0,10.666666666666666,0.0
rel B0=0 eps=.5,3,9,4.0,0.5,11.6,0.04424778761061947
rel B0=1 eps=1,3,9,4.0,0.0,15.5,0.0
rel B0=0 eps=2,3,9,4.0,0.5,32.0,0.017241379310344827
qlen B0=0 gam=1,3,9,4.0,0.0,9.666666666666666,0.0
qlen B0=1 gam=.5 eps=.5,3,9,4.0,0.0,12.1,0.0
thresh B=1 th=1 N=2,3,9,4.0,0.0,10.333333333333334,0.0
thresh B=0 th=.5 N=3 eps=1,3,9,4.0,0.5,15.75,0.03333333333333333
cap B0=1 eps=1 Bmax=3,3,9,4.0,0.0,10.333333333333334,0.0
cap B0=0 eps=2 Bmax=2,3,9,4.0,0.5,10.0,0.05
cap B0=1 eps=.5 Bmax=1,3,9,4.0,0.0,9.666666666666666,0.0
cap+cnt B=1 e=1 th=1 N=2 Bm=4,3,9,4.0,0.0,11.333333333333334,0.0
skip N=2 (work channel off),3,9,4.0,0.0,12.0,0.0
skip N=5 (work channel off),3,9,4.0,0.0,16.0,0.0
fixed B=0,1,2,0.5,0.0,0.5,0.0
fixed B=1,1,2,0.5,0.0,1.5,0.0
fixed B=4,1,2,0.5,0.0,4.5,0.0
rel B0=0 eps=.5,1,2,0.5,0.0,1.0,0.0
qlen B0=0 gam=1,1,2,0.5,0.0,0.5,0.0
qlen B0=1 gam=.5 eps=.5,1,2,0.5,0.0,3.0,0.0
thresh B=1 th=1 N=2,1,2,0.5,0.0,3.5,0.0
cap B0=1 eps=.5 Bmax=1,1,2,0.5,0.0,1.5,0.0
skip N=2 (work channel off),1,2,0.5,0.0,8.5,0.0
skip N=5 (work channel off),1,2,0.5,0.0,20.5,0.0
fixed B=0,3,9,4.0,0.0,9.333333333333334,0.0
fixed B=1,3,9,4.0,0.0,9.666666666666666,0.0
fixed B=4,3,9,4.0,0.0,10.666666666666666,0.0
rel B0=0 eps=.5,3,9,4.0,0.0,11.2,0.0
rel B0=1 eps=1,3,9,4.0,0.0,14.5,0.0
rel B0=0 eps=2,3,9,4.0,0.0,28.0,0.0
qlen B0=0 gam=1,3,9,4.0,0.0,9.666666666666666,0.0
qlen B0=1 gam=.5 eps=.5,3,9,4.0,0.0,11.8,0.0
thresh B=1 th=1 N=2,3,9,4.0,0.0,10.333333333333334,0.0
thresh B=0 th=.5 N=3 eps=1,3,9,4.0,0.0,14.75,0.0
cap B0=1 eps=1 Bmax=3,3,9,4.0,0.0,10.333333333333334,0.0
cap B0=0 eps=2 Bmax=2,3,9,4.0,0.0,10.0,0.0
cap B0=1 eps=.5 Bmax=1,3,9,4.0,0.0,9.666666666666666,0.0
cap+cnt B=1 e=1 th=1 N=2 Bm=4,3,9,4.0,0.0,11.333333333333334,0.0
skip N=2 (work channel off),3,9,4.0,0.0,12.0,0.0
skip N=5 (work channel off),3,9,4.0,0.0,16.0,0.0
fixed B=0,1,5,4.0,0.0,4.0,0.0
fixed B=1,1,5,4.0,0.5,5.0,0.1
fixed B=4,1,5,4.0,0.5,8.0,0.0625
rel B0=0 eps=.5,1,5,4.0,0.0,12.0,0.0
qlen B0=0 gam=1,1,5,4.0,0.0,5.0,0.0
qlen B0=1 gam=.5 eps=.5,1,5,4.0,0.5,15.0,0.05
thresh B=1 th=1 N=2,1,5,4.0,0.5,7.0,0.07142857142857142
cap B0=1 eps=.5 Bmax=1,1,5,4.0,0.5,5.0,0.1
skip N=2 (work channel off),1,5,4.0,0.5,12.0,0.041666666666666664
skip N=5 (work channel off),1,5,4.0,0.5,24.0,0.020833333333333332
fixed B=0,3,3,4.0,0.0,9.333333333333334,0.0
fixed B=1,3,3,4.0,0.0,9.666666666666666,0.0
fixed B=4,3,3,4.0,0.0,10.666666666666666,0.0
rel B0=0 eps=.5,3,3,4.0,0.0,11.2,0.0
rel B0=1 eps=1,3,3,4.0,0.0,14.5,0.0
rel B0=0 eps=2,3,3,4.0,0.0,28.0,0.0
qlen B0=0 gam=1,3,3,4.0,0.0,9.666666666666666,0.0
qlen B0=1 gam=.5 eps=.5,3,3,4.0,0.0,11.8,0.0
thresh B=1 th=1 N=2,3,3,4.0,0.0,10.333333333333334,0.0
thresh B=0 th=.5 N=3 eps=1,3,3,4.0,0.0,14.75,0.0
cap B0=1 eps=1 Bmax=3,3,3,4.0,0.0,10.333333333333334,0.0
cap B0=0 eps=2 Bmax=2,3,3,4.0,0.0,10.0,0.0
cap B0=1 eps=.5 Bmax=1,3,3,4.0,0.0,9.666666666666666,0.0
cap+cnt B=1 e=1 th=1 N=2 Bm=4,3,3,4.0,0.0,11.333333333333334,0.0
skip N=2 (work channel off),3,3,4.0,0.0,12.0,0.0
skip N=5 (work channel off),3,3,4.0,0.0,16.0,0.0
fixed B=0,1,9,4.0,0.0,4.0,0.0
fixed B=1,1,9,4.0,4.0,5.0,0.8
fixed B=4,1,9,4.0,4.0,8.0,0.5
rel B0=0 eps=.5,1,9,4.0,4.0,14.5,0.36363636363636365
qlen B0=0 gam=1,1,9,4.0,0.5,6.0,0.1
qlen B0=1 gam=.5 eps=.5,1,9,4.0,8.0,18.5,0.6153846153846154
thresh B=1 th=1 N=2,1,9,4.0,4.0,7.0,0.5714285714285714
cap B0=1 eps=.5 Bmax=1,1,9,4.0,4.0,5.0,0.8
skip N=2 (work channel off),1,9,4.0,8.0,12.0,0.6666666666666666
skip N=5 (work channel off),1,9,4.0,8.0,24.0,0.3333333333333333
fixed B=0,1,7,4.0,0.0,4.0,0.0
fixed B=1,1,7,4.0,4.0,5.0,0.8
fixed B=4,1,7,4.0,4.0,8.0,0.5
rel B0=0 eps=.5,1,7,4.0,8.0,22.0,0.5714285714285714
qlen B0=0 gam=1,1,7,4.0,4.0,8.0,0.8
qlen B0=1 gam=.5 eps=.5,1,7,4.0,8.0,28.0,0.47058823529411764
thresh B=1 th=1 N=2,1,7,4.0,4.0,7.0,0.5714285714285714
cap B0=1 eps=.5 Bmax=1,1,7,4.0,4.0,5.0,0.8
skip N=2 (work channel off),1,7,4.0,8.0,12.0,0.6666666666666666
skip N=5 (work channel off),1,7,4.0,8.0,24.0,0.3333333333333333
fixed B=0,1,5,4.0,0.0,4.0,0.0
fixed B=1,1,5,4.0,0.0,5.0,0.0
fixed B=4,1,5,4.0,0.0,8.0,0.0
rel B0=0 eps=.5,1,5,4.0,0.0,11.0,0.0
qlen B0=0 gam=1,1,5,4.0,0.0,5.0,0.0
qlen B0=1 gam=.5 eps=.5,1,5,4.0,0.0,13.5,0.0
thresh B=1 th=1 N=2,1,5,4.0,0.0,7.0,0.0
cap B0=1 eps=.5 Bmax=1,1,5,4.0,0.0,5.0,0.0
skip N=2 (work channel off),1,5,4.0,0.0,12.0,0.0
skip N=5 (work channel off),1,5,4.0,0.0,24.0,0.0
fixed B=0,2,9,4.0,0.0,8.0,0.0
fixed B=1,2,9,4.0,3.0,8.5,0.35294117647058826
fixed B=4,2,9,4.0,3.0,10.0,0.3
rel B0=0 eps=.5,2,9,4.0,3.0,12.166666666666668,0.2535211267605634
rel B0=1 eps=1,2,9,4.0,3.5,21.5,0.17073170731707318
qlen B0=0 gam=1,2,9,4.0,3.0,10.0,0.35294117647058826
qlen B0=1 gam=.5 eps=.5,2,9,4.0,3.5,14.166666666666668,0.27272727272727276
thresh B=1 th=1 N=2,2,9,4.0,3.0,9.5,0.3157894736842105
thresh B=0 th=.5 N=3 eps=1,2,9,4.0,3.5,22.0,0.16666666666666666
cap B0=1 eps=1 Bmax=3,2,9,4.0,3.0,9.5,0.3157894736842105
cap B0=1 eps=.5 Bmax=1,2,9,4.0,3.0,8.5,0.35294117647058826
cap+cnt B=1 e=1 th=1 N=2 Bm=4,2,9,4.0,3.0,11.0,0.2727272727272727
skip N=2 (work channel off),2,9,4.0,3.0,12.0,0.25
skip N=5 (work channel off),2,9,4.0,3.5,18.0,0.19444444444444445
fixed B=0,1,2,0.5,0.0,0.5,0.0
fixed B=1,1,2,0.5,0.0,1.5,0.0
fixed B=4,1,2,0.5,0.0,4.5,0.0
rel B0=0 eps=.5,1,2,0.5,0.0,1.0,0.0
qlen B0=0 gam=1,1,2,0.5,0.0,0.5,0.0
qlen B0=1 gam=.5 eps=.5,1,2,0.5,0.0,3.0,0.0
thresh B=1 th=1 N=2,1,2,0.5,0.0,3.5,0.0
cap B0=1 eps=.5 Bmax=1,1,2,0.5,0.0,1.5,0.0
skip N=2 (work channel off),1,2,0.5,0.0,8.5,0.0
skip N=5 (work channel off),1,2,0.5,0.0,20.5,0.0
fixed B=0,2,4,4.0,0.0,8.0,0.0
fixed B=1,2,4,4.0,0.0,8.5,0.0
fixed B=4,2,4,4.0,0.0,10.0,0.0
rel B0=0 eps=.5,2,4,4.0,0.0,10.666666666666666,0.0
rel B0=1 eps=1,2,4,4.0,0.0,17.0,0.0
qlen B0=0 gam=1,2,4,4.0,0.0,8.5,0.0
qlen B0=1 gam=.5 eps=.5,2,4,4.0,0.0,11.666666666666666,0.0
thresh B=1 th=1 N=2,2,4,4.0,0.0,9.5,0.0
thresh B=0 th=.5 N=3 eps=1,2,4,4.0,0.0,17.5,0.0
cap B0=1 eps=1 Bmax=3,2,4,4.0,0.0,9.5,0.0
cap B0=1 eps=.5 Bmax=1,2,4,4.0,0.0,8.5,0.0
cap+cnt B=1 e=1 th=1 N=2 Bm=4,2,4,4.0,0.0,11.0,0.0
skip N=2 (work channel off),2,4,4.0,0.0,12.0,0.0
skip N=5 (work channel off),2,4,4.0,0.0,18.0,0.0
fixed B=0,2,8,4.0,0.0,8.0,0.0
fixed B=1,2,8,4.0,0.0,8.5,0.0
fixed B=4,2,8,4.0,0.0,10.0,0.0
rel B0=0 eps=.5,2,8,4.0,0.0,11.333333333333334,0.0
rel B0=1 eps=1,2,8,4.0,0.0,19.0,0.0
qlen B0=0 gam=1,2,8,4.0,0.0,8.5,0.0
qlen B0=1 gam=.5 eps=.5,2,8,4.0,0.0,12.333333333333334,0.0
thresh B=1 th=1 N=2,2,8,4.0,0.0,9.5,0.0
thresh B=0 th=.5 N=3 eps=1,2,8,4.0,0.0,19.5,0.0
cap B0=1 eps=1 Bmax=3,2,8,4.0,0.0,9.5,0.0
cap B0=1 eps=.5 Bmax=1,2,8,4.0,0.0,8.5,0.0
cap+cnt B=1 e=1 th=1 N=2 Bm=4,2,8,4.0,0.0,11.0,0.0
skip N=2 (work channel off),2,8,4.0,0.0,12.0,0.0
skip N=5 (work channel off),2,8,4.0,0.0,18.0,0.0
fixed B=0,3,3,4.0,0.0,9.333333333333334,0.0
fixed B=1,3,3,4.0,0.0,9.666666666666666,0.0
fixed B=4,3,3,4.0,0.0,10.666666666666666,0.0
rel B0=0 eps=.5,3,3,4.0,0.0,11.2,0.0
rel B0=1 eps=1,3,3,4.0,0.0,14.5,0.0
rel B0=0 eps=2,3,3,4.0,0.0,28.0,0.0
qlen B0=0 gam=1,3,3,4.0,0.0,9.666666666666666,0.0
qlen B0=1 gam=.5 eps=.5,3,3,4.0,0.0,11.8,0.0
thresh B=1 th=1 N=2,3,3,4.0,0.0,10.333333333333334,0.0
thresh B=0 th=.5 N=3 eps=1,3,3,4.0,0.0,14.75,0.0
cap B0=1 eps=1 Bmax=3,3,3,4.0,0.0,10.333333333333334,0.0
cap B0=0 eps=2 Bmax=2,3,3,4.0,0.0,10.0,0.0
cap B0=1 eps=.5 Bmax=1,3,3,4.0,0.0,9.666666666666666,0.0
cap+cnt B=1 e=1 th=1 N=2 Bm=4,3,3,4.0,0.0,11.333333333333334,0.0
skip N=2 (work channel off),3,3,4.0,0.0,12.0,0.0
skip N=5 (work channel off),3,3,4.0,0.0,16.0,0.0
fixed B=0,3,9,4.0,0.0,9.333333333333334,0.0
fixed B=1,3,9,4.0,4.0,9.666666666666666,0.4137931034482759
fixed B=4,3,9,4.0,4.0,10.666666666666666,0.375
rel B0=0 eps=.5,3,9,4.0,4.0,11.8,0.3418803418803419
rel B0=1 eps=1,3,9,4.0,4.0,16.0,0.25396825396825395
rel B0=0 eps=2,3,9,4.0,4.0,34.0,0.12121212121212122
qlen B0=0 gam=1,3,9,4.0,4.0,10.333333333333334,0.4137931034482759
qlen B0=1 gam=.5 eps=.5,3,9,4.0,4.0,12.6,0.3252032520325203
thresh B=1 th=1 N=2,3,9,4.0,4.0,10.333333333333334,0.3870967741935484
thresh B=0 th=.5 N=3 eps=1,3,9,4.0,4.0,16.25,0.25
cap B0=1 eps=1 Bmax=3,3,9,4.0,4.0,10.333333333333334,0.3870967741935484
cap B0=0 eps=2 Bmax=2,3,9,4.0,4.0,10.0,0.4
cap B0=1 eps=.5 Bmax=1,3,9,4.0,4.0,9.666666666666666,0.4137931034482759
cap+cnt B=1 e=1 th=1 N=2 Bm=4,3,9,4.0,4.0,11.333333333333334,0.3529411764705882
skip N=2 (work channel off),3,9,4.0,4.0,12.0,0.3333333333333333
skip N=5 (work channel off),3,9,4.0,4.0,16.0,0.25
fixed B=0,2,5,4.0,0.0,8.0,0.0
fixed B=1,2,5,4.0,0.0,8.5,0.0
fixed B=4,2,5,4.0,0.0,10.0,0.0
rel B0=0 eps=.5,2,5,4.0,0.0,11.666666666666666,0.0
rel B0=1 eps=1,2,5,4.0,0.0,20.0,0.0
qlen B0=0 gam=1,2,5,4.0,0.0,9.0,0.0
qlen B0=1 gam=.5 eps=.5,2,5,4.0,0.0,12.666666666666666,0.0
thresh B=1 th=1 N=2,2,5,4.0,0.0,9.5,0.0
thresh B=0 th=.5 N=3 eps=1,2,5,4.0,0.0,20.5,0.0
cap B0=1 eps=1 Bmax=3,2,5,4.0,0.0,9.5,0.0
cap B0=1 eps=.5 Bmax=1,2,5,4.0,0.0,8.5,0.0
cap+cnt B=1 e=1 th=1 N=2 Bm=4,2,5,4.0,0.0,11.0,0.0
skip N=2 (work channel off),2,5,4.0,0.0,12.0,0.0
skip N=5 (work channel off),2,5,4.0,0.0,18.0,0.0
fixed B=0,2,9,4.0,0.0,8.0,0.0
fixed B=1,2,9,4.0,4.0,8.5,0.47058823529411764
fixed B=4,2,9,4.0,4.0,10.0,0.4
rel B0=0 eps=.5,2,9,4.0,4.0,11.833333333333334,0.3380281690140845
rel B0=1 eps=1,2,9,4.0,8.0,20.5,0.47058823529411764
qlen B0=0 gam=1,2,9,4.0,3.5,9.0,0.4117647058823529
qlen B0=1 gam=.5 eps=.5,2,9,4.0,4.0,13.166666666666668,0.3529411764705882
thresh B=1 th=1 N=2,2,9,4.0,4.0,9.5,0.42105263157894735
thresh B=0 th=.5 N=3 eps=1,2,9,4.0,4.0,21.0,0.19047619047619047
cap B0=1 eps=1 Bmax=3,2,9,4.0,4.0,9.5,0.42105263157894735
cap B0=1 eps=.5 Bmax=1,2,9,4.0,4.0,8.5,0.47058823529411764
cap+cnt B=1 e=1 th=1 N=2 Bm=4,2,9,4.0,4.0,11.0,0.36363636363636365
skip N=2 (work channel off),2,9,4.0,4.0,12.0,0.3333333333333333
skip N=5 (work channel off),2,9,4.0,8.5,18.0,0.4722222222222222
fixed B=0,3,5,4.0,0.0,9.333333333333334,0.0
fixed B=1,3,5,4.0,0.0,9.666666666666666,0.0
fixed B=4,3,5,4.0,0.0,10.666666666666666,0.0
rel B0=0 eps=.5,3,5,4.0,0.0,11.3,0.0
rel B0=1 eps=1,3,5,4.0,0.0,14.75,0.0
rel B0=0 eps=2,3,5,4.0,0.0,29.0,0.0
qlen B0=0 gam=1,3,5,4.0,0.0,9.666666666666666,0.0
qlen B0=1 gam=.5 eps=.5,3,5,4.0,0.0,11.9,0.0
thresh B=1 th=1 N=2,3,5,4.0,0.0,10.333333333333334,0.0
thresh B=0 th=.5 N=3 eps=1,3,5,4.0,0.0,15.0,0.0
cap B0=1 eps=1 Bmax=3,3,5,4.0,0.0,10.333333333333334,0.0
cap B0=0 eps=2 Bmax=2,3,5,4.0,0.0,10.0,0.0
cap B0=1 eps=.5 Bmax=1,3,5,4.0,0.0,9.666666666666666,0.0
cap+cnt B=1 e=1 th=1 N=2 Bm=4,3,5,4.0,0.0,11.333333333333334,0.0
skip N=2 (work channel off),3,5,4.0,0.0,12.0,0.0
skip N=5 (work channel off),3,5,4.0,0.0,16.0,0.0
fixed B=0,2,4,4.0,0.0,8.0,0.0
fixed B=1,2,4,4.0,3.5,8.5,0.4117647058823529
fixed B=4,2,4,4.0,3.5,10.0,0.35
rel B0=0 eps=.5,2,4,4.0,0.0,11.333333333333334,0.0
rel B0=1 eps=1,2,4,4.0,3.5,19.0,0.20588235294117646
qlen B0=0 gam=1,2,4,4.0,0.0,8.5,0.0
qlen B0=1 gam=.5 eps=.5,2,4,4.0,3.5,12.333333333333334,0.30882352941176466
thresh B=1 th=1 N=2,2,4,4.0,3.5,9.5,0.3684210526315789
thresh B=0 th=.5 N=3 eps=1,2,4,4.0,0.0,19.5,0.0
cap B0=1 eps=1 Bmax=3,2,4,4.0,3.5,9.5,0.3684210526315789
cap B0=1 eps=.5 Bmax=1,2,4,4.0,3.5,8.5,0.4117647058823529
cap+cnt B=1 e=1 th=1 N=2 Bm=4,2,4,4.0,3.5,11.0,0.3181818181818182
skip N=2 (work channel off),2,4,4.0,3.5,12.0,0.2916666666666667
skip N=5 (work channel off),2,4,4.0,3.5,18.0,0.19444444444444445
fixed B=0,2,3,4.0,0.0,8.0,0.0
fixed B=1,2,3,4.0,0.0,8.5,0.0
fixed B=4,2,3,4.0,0.0,10.0,0.0
rel B0=0 eps=.5,2,3,4.0,0.0,11.333333333333334,0.0
rel B0=1 eps=1,2,3,4.0,0.0,19.0,0.0
qlen B0=0 gam=1,2,3,4.0,0.0,8.0,0.0
qlen B0=1 gam=.5 eps=.5,2,3,4.0,0.0,12.0,0.0
thresh B=1 th=1 N=2,2,3,4.0,0.0,9.5,0.0
thresh B=0 th=.5 N=3 eps=1,2,3,4.0,0.0,19.5,0.0
cap B0=1 eps=1 Bmax=3,2,3,4.0,0.0,9.5,0.0
cap B0=1 eps=.5 Bmax=1,2,3,4.0,0.0,8.5,0.0
cap+cnt B=1 e=1 th=1 N=2 Bm=4,2,3,4.0,0.0,11.0,0.0
skip N=2 (work channel off),2,3,4.0,0.0,12.0,0.0
skip N=5 (work channel off),2,3,4.0,0.0,18.0,0.0
fixed B=0,3,7,4.0,0.0,9.333333333333334,0.0
fixed B=1,3,7,4.0,0.0,9.666666666666666,0.0
fixed B=4,3,7,4.0,0.0,10.666666666666666,0.0
rel B0=0 eps=.5,3,7,4.0,2.5,11.7,0.22123893805309733
rel B0=1 eps=1,3,7,4.0,0.0,15.75,0.0
rel B0=0 eps=2,3,7,4.0,2.5,33.0,0.08620689655172414
qlen B0=0 gam=1,3,7,4.0,0.0,10.0,0.0
qlen B0=1 gam=.5 eps=.5,3,7,4.0,0.0,12.5,0.0
thresh B=1 th=1 N=2,3,7,4.0,0.0,10.333333333333334,0.0
thresh B=0 th=.5 N=3 eps=1,3,7,4.0,2.5,16.0,0.16666666666666666
cap B0=1 eps=1 Bmax=3,3,7,4.0,0.0,10.333333333333334,0.0
cap B0=0 eps=2 Bmax=2,3,7,4.0,2.5,10.0,0.25
cap B0=1 eps=.5 Bmax=1,3,7,4.0,0.0,9.666666666666666,0.0
cap+cnt B=1 e=1 th=1 N=2 Bm=4,3,7,4.0,0.0,11.333333333333334,0.0
skip N=2 (work channel off),3,7,4.0,0.0,12.0,0.0
skip N=5 (work channel off),3,7,4.0,0.0,16.0,0.0
fixed B=0,2,4,4.0,0.0,8.0,0.0
fixed B=1,2,4,4.0,0.0,8.5,0.0
fixed B=4,2,4,4.0,0.0,10.0,0.0
rel B0=0 eps=.5,2,4,4.0,0.0,10.833333333333334,0.0
rel B0=1 eps=1,2,4,4.0,0.0,17.5,0.0
qlen B0=0 gam=1,2,4,4.0,0.0,8.5,0.0
qlen B0=1 gam=.5 eps=.5,2,4,4.0,0.0,11.833333333333334,0.0
thresh B=1 th=1 N=2,2,4,4.0,0.0,9.5,0.0
thresh B=0 th=.5 N=3 eps=1,2,4,4.0,0.0,18.0,0.0
cap B0=1 eps=1 Bmax=3,2,4,4.0,0.0,9.5,0.0
cap B0=1 eps=.5 Bmax=1,2,4,4.0,0.0,8.5,0.0
cap+cnt B=1 e=1 th=1 N=2 Bm=4,2,4,4.0,0.0,11.0,0.0
skip N=2 (work channel off),2,4,4.0,0.0,12.0,0.0
skip N=5 (work channel off),2,4,4.0,0.0,18.0,0.0
fixed B=0,2,3,4.0,0.0,8.0,0.0
fixed B=1,2,3,4.0,0.0,8.5,0.0
fixed B=4,2,3,4.0,0.0,10.0,0.0
rel B0=0 eps=.5,2,3,4.0,0.0,10.666666666666666,0.0
rel B0=1 eps=1,2,3,4.0,0.0,17.0,0.0
qlen B0=0 gam=1,2,3,4.0,0.0,8.0,0.0
qlen B0=1 gam=.5 eps=.5,2,3,4.0,0.0,11.333333333333334,0.0
thresh B=1 th=1 N=2,2,3,4.0,0.0,9.5,0.0
thresh B=0 th=.5 N=3 eps=1,2,3,4.0,0.0,17.5,0.0
cap B0=1 eps=1 Bmax=3,2,3,4.0,0.0,9.5,0.0
cap B0=1 eps=.5 Bmax=1,2,3,4.0,0.0,8.5,0.0
cap+cnt B=1 e=1 th=1 N=2 Bm=4,2,3,4.0,0.0,11.0,0.0
skip N=2 (work channel off),2,3,4.0,0.0,12.0,0.0
skip N=5 (work channel off),2,3,4.0,0.0,18.0,0.0
fixed B=0,2,9,4.0,0.0,8.0,0.0
fixed B=1,2,9,4.0,0.0,8.5,0.0
fixed B=4,2,9,4.0,0.0,10.0,0.0
rel B0=0 eps=.5,2,9,4.0,1.5,11.0,0.13846153846153844
rel B0=1 eps=1,2,9,4.0,0.0,18.0,0.0
qlen B0=0 gam=1,2,9,4.0,0.0,8.5,0.0
qlen B0=1 gam=.5 eps=.5,2,9,4.0,0.0,12.0,0.0
thresh B=1 th=1 N=2,2,9,4.0,0.0,9.5,0.0
thresh B=0 th=.5 N=3 eps=1,2,9,4.0,1.5,18.5,0.08333333333333333
cap B0=1 eps=1 Bmax=3,2,9,4.0,0.0,9.5,0.0
cap B0=1 eps=.5 Bmax=1,2,9,4.0,0.0,8.5,0.0
cap+cnt B=1 e=1 th=1 N=2 Bm=4,2,9,4.0,0.0,11.0,0.0
skip N=2 (work channel off),2,9,4.0,0.0,12.0,0.0
skip N=5 (work channel off),2,9,4.0,0.0,18.0,0.0
fixed B=0,2,9,4.0,0.0,8.0,0.0
fixed B=1,2,9,4.0,3.5,8.5,0.4117647058823529
fixed B=4,2,9,4.0,3.5,10.0,0.35
rel B0=0 eps=.5,2,9,4.0,5.0,12.5,0.4411764705882353
rel B0=1 eps=1,2,9,4.0,3.5,22.5,0.18421052631578946
qlen B0=0 gam=1,2,9,4.0,3.5,10.5,0.3684210526315789
qlen B0=1 gam=.5 eps=.5,2,9,4.0,3.5,14.666666666666668,0.2692307692307692
thresh B=1 th=1 N=2,2,9,4.0,3.5,9.5,0.3684210526315789
thresh B=0 th=.5 N=3 eps=1,2,9,4.0,5.0,23.0,0.2564102564102564
cap B0=1 eps=1 Bmax=3,2,9,4.0,3.5,9.5,0.3684210526315789
cap B0=1 eps=.5 Bmax=1,2,9,4.0,3.5,8.5,0.4117647058823529
cap+cnt B=1 e=1 th=1 N=2 Bm=4,2,9,4.0,3.5,11.0,0.3181818181818182
skip N=2 (work channel off),2,9,4.0,3.5,12.0,0.2916666666666667
skip N=5 (work channel off),2,9,4.0,3.5,18.0,0.19444444444444445
fixed B=0,3,7,4.0,0.0,9.333333333333334,0.0
fixed B=1,3,7,4.0,0.0,9.666666666666666,0.0
fixed B=4,3,7,4.0,0.0,10.666666666666666,0.0
rel B0=0 eps=.5,3,7,4.0,0.0,11.6,0.0
rel B0=1 eps=1,3,7,4.0,0.0,15.5,0.0
rel B0=0 eps=2,3,7,4.0,0.0,32.0,0.0
qlen B0=0 gam=1,3,7,4.0,0.0,9.666666666666666,0.0
qlen B0=1 gam=.5 eps=.5,3,7,4.0,0.0,12.2,0.0
thresh B=1 th=1 N=2,3,7,4.0,0.0,10.333333333333334,0.0
thresh B=0 th=.5 N=3 eps=1,3,7,4.0,0.0,15.75,0.0
cap B0=1 eps=1 Bmax=3,3,7,4.0,0.0,10.333333333333334,0.0
cap B0=0 eps=2 Bmax=2,3,7,4.0,0.0,10.0,0.0
cap B0=1 eps=.5 Bmax=1,3,7,4.0,0.0,9.666666666666666,0.0
cap+cnt B=1 e=1 th=1 N=2 Bm=4,3,7,4.0,0.0,11.333333333333334,0.0
skip N=2 (work channel off),3,7,4.0,0.0,12.0,0.0
skip N=5 (work channel off),3,7,4.0,0.0,16.0,0.0
fixed B=0,1,9,4.0,0.0,4.0,0.0
fixed B=1,1,9,4.0,0.0,5.0,0.0
fixed B=4,1,9,4.0,0.0,8.0,0.0
rel B0=0 eps=.5,1,9,4.0,4.5,22.5,0.4090909090909091
qlen B0=0 gam=1,1,9,4.0,0.0,10.0,0.0
qlen B0=1 gam=.5 eps=.5,1,9,4.0,0.0,30.5,0.0
thresh B=1 th=1 N=2,1,9,4.0,0.0,7.0,0.0
cap B0=1 eps=.5 Bmax=1,1,9,4.0,0.0,5.0,0.0
skip N=2 (work channel off),1,9,4.0,0.0,12.0,0.0
skip N=5 (work channel off),1,9,4.0,0.0,24.0,0.0
fixed B=0,1,9,4.0,0.0,4.0,0.0
fixed B=1,1,9,4.0,4.5,5.0,0.9
fixed B=4,1,9,4.0,4.5,8.0,0.5625
rel B0=0 eps=.5,1,9,4.0,9.0,19.5,0.5294117647058824
qlen B0=0 gam=1,1,9,4.0,4.5,10.0,0.8
qlen B0=1 gam=.5 eps=.5,1,9,4.0,9.0,26.5,0.5666666666666667
thresh B=1 th=1 N=2,1,9,4.0,4.5,7.0,0.6428571428571429
cap B0=1 eps=.5 Bmax=1,1,9,4.0,4.5,5.0,0.9
skip N=2 (work channel off),1,9,4.0,4.5,12.0,0.375
skip N=5 (work channel off),1,9,4.0,12.5,24.0,0.5208333333333334
fixed B=0,2,3,4.0,0.0,8.0,0.0
fixed B=1,2,3,4.0,0.0,8.5,0.0
fixed B=4,2,3,4.0,0.0,10.0,0.0
rel B0=0 eps=.5,2,3,4.0,0.0,11.5,0.0
rel B0=1 eps=1,2,3,4.0,0.0,19.5,0.0
qlen B0=0 gam=1,2,3,4.0,0.0,8.0,0.0
qlen B0=1 gam=.5 eps=.5,2,3,4.0,0.0,12.166666666666666,0.0
thresh B=1 th=1 N=2,2,3,4.0,0.0,9.5,0.0
thresh B=0 th=.5 N=3 eps=1,2,3,4.0,0.0,20.0,0.0
cap B0=1 eps=1 Bmax=3,2,3,4.0,0.0,9.5,0.0
cap B0=1 eps=.5 Bmax=1,2,3,4.0,0.0,8.5,0.0
cap+cnt B=1 e=1 th=1 N=2 Bm=4,2,3,4.0,0.0,11.0,0.0
skip N=2 (work channel off),2,3,4.0,0.0,12.0,0.0
skip N=5 (work channel off),2,3,4.0,0.0,18.0,0.0
fixed B=0,2,3,4.0,0.0,8.0,0.0
fixed B=1,2,3,4.0,0.0,8.5,0.0
fixed B=4,2,3,4.0,0.0,10.0,0.0
rel B0=0 eps=.5,2,3,4.0,0.0,10.666666666666666,0.0
rel B0=1 eps=1,2,3,4.0,0.0,17.0,0.0
qlen B0=0 gam=1,2,3,4.0,0.0,8.0,0.0
qlen B0=1 gam=.5 eps=.5,2,3,4.0,0.0,11.333333333333334,0.0
thresh B=1 th=1 N=2,2,3,4.0,0.0,9.5,0.0
thresh B=0 th=.5 N=3 eps=1,2,3,4.0,0.0,17.5,0.0
cap B0=1 eps=1 Bmax=3,2,3,4.0,0.0,9.5,0.0
cap B0=1 eps=.5 Bmax=1,2,3,4.0,0.0,8.5,0.0
cap+cnt B=1 e=1 th=1 N=2 Bm=4,2,3,4.0,0.0,11.0,0.0
skip N=2 (work channel off),2,3,4.0,0.0,12.0,0.0
skip N=5 (work channel off),2,3,4.0,0.0,18.0,0.0
fixed B=0,1,7,4.0,0.0,4.0,0.0
fixed B=1,1,7,4.0,4.0,5.0,0.8
fixed B=4,1,7,4.0,4.0,8.0,0.5
rel B0=0 eps=.5,1,7,4.0,0.5,13.0,0.05
qlen B0=0 gam=1,1,7,4.0,0.5,7.0,0.07142857142857142
qlen B0=1 gam=.5 eps=.5,1,7,4.0,4.0,18.0,0.4
thresh B=1 th=1 N=2,1,7,4.0,4.0,7.0,0.5714285714285714
cap B0=1 eps=.5 Bmax=1,1,7,4.0,4.0,5.0,0.8
skip N=2 (work channel off),1,7,4.0,4.0,12.0,0.3333333333333333
skip N=5 (work channel off),1,7,4.0,4.0,24.0,0.16666666666666666
fixed B=0,1,8,4.0,0.0,4.0,0.0
fixed B=1,1,8,4.0,4.0,5.0,0.8
fixed B=4,1,8,4.0,4.0,8.0,0.5
rel B0=0 eps=.5,1,8,4.0,8.0,16.5,0.5925925925925926
qlen B0=0 gam=1,1,8,4.0,4.0,9.0,0.8
qlen B0=1 gam=.5 eps=.5,1,8,4.0,9.0,23.0,0.5
thresh B=1 th=1 N=2,1,8,4.0,4.0,7.0,0.5714285714285714
cap B0=1 eps=.5 Bmax=1,1,8,4.0,4.0,5.0,0.8
skip N=2 (work channel off),1,8,4.0,8.0,12.0,0.6666666666666666
skip N=5 (work channel off),1,8,4.0,9.0,24.0,0.375
fixed B=0,2,7,4.0,0.0,8.0,0.0
fixed B=1,2,7,4.0,0.5,8.5,0.058823529411764705
fixed B=4,2,7,4.0,0.5,10.0,0.05
rel B0=0 eps=.5,2,7,4.0,0.5,12.166666666666668,0.04285714285714286
rel B0=1 eps=1,2,7,4.0,0.5,21.5,0.025
qlen B0=0 gam=1,2,7,4.0,0.5,9.0,0.058823529411764705
qlen B0=1 gam=.5 eps=.5,2,7,4.0,0.5,13.5,0.03947368421052632
thresh B=1 th=1 N=2,2,7,4.0,0.5,9.5,0.05263157894736842
thresh B=0 th=.5 N=3 eps=1,2,7,4.0,0.5,22.0,0.024390243902439025
cap B0=1 eps=1 Bmax=3,2,7,4.0,0.5,9.5,0.05263157894736842
cap B0=1 eps=.5 Bmax=1,2,7,4.0,0.5,8.5,0.058823529411764705
cap+cnt B=1 e=1 th=1 N=2 Bm=4,2,7,4.0,0.5,11.0,0.045454545454545456
skip N=2 (work channel off),2,7,4.0,0.5,12.0,0.041666666666666664
skip N=5 (work channel off),2,7,4.0,0.5,18.0,0.027777777777777776
fixed B=0,1,7,4.0,0.0,4.0,0.0
fixed B=1,1,7,4.0,4.0,5.0,0.8
fixed B=4,1,7,4.0,4.0,8.0,0.5
rel B0=0 eps=.5,1,7,4.0,4.0,16.0,0.3333333333333333
qlen B0=0 gam=1,1,7,4.0,4.0,8.0,0.8
qlen B0=1 gam=.5 eps=.5,1,7,4.0,8.0,22.0,0.5333333333333333
thresh B=1 th=1 N=2,1,7,4.0,4.0,7.0,0.5714285714285714
cap B0=1 eps=.5 Bmax=1,1,7,4.0,4.0,5.0,0.8
skip N=2 (work channel off),1,7,4.0,8.0,12.0,0.6666666666666666
skip N=5 (work channel off),1,7,4.0,8.0,24.0,0.3333333333333333
fixed B=0,1,2,0.5,0.0,0.5,0.0
fixed B=1,1,2,0.5,0.0,1.5,0.0
fixed B=4,1,2,0.5,0.0,4.5,0.0
rel B0=0 eps=.5,1,2,0.5,0.0,1.0,0.0
qlen B0=0 gam=1,1,2,0.5,0.0,0.5,0.0
qlen B0=1 gam=.5 eps=.5,1,2,0.5,0.0,3.0,0.0
thresh B=1 th=1 N=2,1,2,0.5,0.0,3.5,0.0
cap B0=1 eps=.5 Bmax=1,1,2,0.5,0.0,1.5,0.0
skip N=2 (work channel off),1,2,0.5,0.0,8.5,0.0
skip N=5 (work channel off),1,2,0.5,0.0,20.5,0.0
fixed B=0,1,8,4.0,0.0,4.0,0.0
fixed B=1,1,8,4.0,1.0,5.0,0.2
fixed B=4,1,8,4.0,1.0,8.0,0.125
rel B0=0 eps=.5,1,8,4.0,4.0,14.5,0.47058823529411764
qlen B0=0 gam=1,1,8,4.0,0.5,7.0,0.08333333333333333
qlen B0=1 gam=.5 eps=.5,1,8,4.0,1.0,17.5,0.08
thresh B=1 th=1 N=2,1,8,4.0,1.0,7.0,0.14285714285714285
cap B0=1 eps=.5 Bmax=1,1,8,4.0,1.0,5.0,0.2
skip N=2 (work channel off),1,8,4.0,1.0,12.0,0.08333333333333333
skip N=5 (work channel off),1,8,4.0,1.0,24.0,0.041666666666666664
fixed B=0,2,7,4.0,0.0,8.0,0.0
fixed B=1,2,7,4.0,0.0,8.5,0.0
fixed B=4,2,7,4.0,0.0,10.0,0.0
rel B0=0 eps=.5,2,7,4.0,2.0,12.666666666666668,0.17910447761194032
rel B0=1 eps=1,2,7,4.0,0.0,23.0,0.0
qlen B0=0 gam=1,2,7,4.0,0.0,9.5,0.0
qlen B0=1 gam=.5 eps=.5,2,7,4.0,0.0,14.333333333333332,0.0
thresh B=1 th=1 N=2,2,7,4.0,0.0,9.5,0.0
thresh B=0 th=.5 N=3 eps=1,2,7,4.0,2.0,23.5,0.10526315789473684
cap B0=1 eps=1 Bmax=3,2,7,4.0,0.0,9.5,0.0
cap B0=1 eps=.5 Bmax=1,2,7,4.0,0.0,8.5,0.0
cap+cnt B=1 e=1 th=1 N=2 Bm=4,2,7,4.0,0.0,11.0,0.0
skip N=2 (work channel off),2,7,4.0,0.0,12.0,0.0
skip N=5 (work channel off),2,7,4.0,0.0,18.0,0.0
fixed B=0,1,3,4.0,0.0,4.0,0.0
fixed B=1,1,3,4.0,0.0,5.0,0.0
fixed B=4,1,3,4.0,0.0,8.0,0.0
rel B0=0 eps=.5,1,3,4.0,0.0,8.0,0.0
qlen B0=0 gam=1,1,3,4.0,0.0,4.0,0.0
qlen B0=1 gam=.5 eps=.5,1,3,4.0,0.0,10.0,0.0
thresh B=1 th=1 N=2,1,3,4.0,0.0,7.0,0.0
cap B0=1 eps=.5 Bmax=1,1,3,4.0,0.0,5.0,0.0
skip N=2 (work channel off),1,3,4.0,0.0,12.0,0.0
skip N=5 (work channel off),1,3,4.0,0.0,24.0,0.0
fixed B=0,1,2,0.5,0.0,0.5,0.0
fixed B=1,1,2,0.5,0.0,1.5,0.0
fixed B=4,1,2,0.5,0.0,4.5,0.0
rel B0=0 eps=.5,1,2,0.5,0.0,1.0,0.0
qlen B0=0 gam=1,1,2,0.5,0.0,0.5,0.0
qlen B0=1 gam=.5 eps=.5,1,2,0.5,0.0,3.0,0.0
thresh B=1 th=1 N=2,1,2,0.5,0.0,3.5,0.0
cap B0=1 eps=.5 Bmax=1,1,2,0.5,0.0,1.5,0.0
skip N=2 (work channel off),1,2,0.5,0.0,8.5,0.0
skip N=5 (work channel off),1,2,0.5,0.0,20.5,0.0
fixed B=0,1,9,4.0,0.0,4.0,0.0
fixed B=1,1,9,4.0,1.0,5.0,0.2
fixed B=4,1,9,4.0,1.0,8.0,0.125
rel B0=0 eps=.5,1,9,4.0,5.0,26.5,0.4166666666666667
qlen B0=0 gam=1,1,9,4.0,1.0,8.0,0.2
qlen B0=1 gam=.5 eps=.5,1,9,4.0,1.0,32.5,0.06666666666666667
thresh B=1 th=1 N=2,1,9,4.0,1.0,7.0,0.14285714285714285
cap B0=1 eps=.5 Bmax=1,1,9,4.0,1.0,5.0,0.2
skip N=2 (work channel off),1,9,4.0,1.0,12.0,0.08333333333333333
skip N=5 (work channel off),1,9,4.0,1.0,24.0,0.041666666666666664
fixed B=0,1,4,4.0,0.0,4.0,0.0
fixed B=1,1,4,4.0,0.0,5.0,0.0
fixed B=4,1,4,4.0,0.0,8.0,0.0
rel B0=0 eps=.5,1,4,4.0,0.0,11.0,0.0
qlen B0=0 gam=1,1,4,4.0,0.0,5.0,0.0
qlen B0=1 gam=.5 eps=.5,1,4,4.0,0.0,13.0,0.0
thresh B=1 th=1 N=2,1,4,4.0,0.0,7.0,0.0
cap B0=1 eps=.5 Bmax=1,1,4,4.0,0.0,5.0,0.0
skip N=2 (work channel off),1,4,4.0,0.0,12.0,0.0
skip N=5 (work channel off),1,4,4.0,0.0,24.0,0.0
fixed B=0,3,2,4.0,0.0,9.333333333333334,0.0
fixed B=1,3,2,4.0,0.0,9.666666666666666,0.0
fixed B=4,3,2,4.0,0.0,10.666666666666666,0.0
rel B0=0 eps=.5,3,2,4.0,0.0,11.2,0.0
rel B0=1 eps=1,3,2,4.0,0.0,14.5,0.0
rel B0=0 eps=2,3,2,4.0,0.0,28.0,0.0
qlen B0=0 gam=1,3,2,4.0,0.0,9.333333333333334,0.0
qlen B0=1 gam=.5 eps=.5,3,2,4.0,0.0,11.6,0.0
thresh B=1 th=1 N=2,3,2,4.0,0.0,10.333333333333334,0.0
thresh B=0 th=.5 N=3 eps=1,3,2,4.0,0.0,14.75,0.0
cap B0=1 eps=1 Bmax=3,3,2,4.0,0.0,10.333333333333334,0.0
cap B0=0 eps=2 Bmax=2,3,2,4.0,0.0,10.0,0.0
cap B0=1 eps=.5 Bmax=1,3,2,4.0,0.0,9.666666666666666,0.0
cap+cnt B=1 e=1 th=1 N=2 Bm=4,3,2,4.0,0.0,11.333333333333334,0.0
skip N=2 (work channel off),3,2,4.0,0.0,12.0,0.0
skip N=5 (work channel off),3,2,4.0,0.0,16.0,0.0
fixed B=0,2,5,4.0,0.0,8.0,0.0
fixed B=1,2,5,4.0,0.0,8.5,0.0
fixed B=4,2,5,4.0,0.0,10.0,0.0
rel B0=0 eps=.5,2,5,4.0,0.0,11.5,0.0
rel B0=1 eps=1,2,5,4.0,0.0,19.5,0.0
qlen B0=0 gam=1,2,5,4.0,0.0,8.5,0.0
qlen B0=1 gam=.5 eps=.5,2,5,4.0,0.0,12.5,0.0
thresh B=1 th=1 N=2,2,5,4.0,0.0,9.5,0.0
thresh B=0 th=.5 N=3 eps=1,2,5,4.0,0.0,20.0,0.0
cap B0=1 eps=1 Bmax=3,2,5,4.0,0.0,9.5,0.0
cap B0=1 eps=.5 Bmax=1,2,5,4.0,0.0,8.5,0.0
cap+cnt B=1 e=1 th=1 N=2 Bm=4,2,5,4.0,0.0,11.0,0.0
skip N=2 (work channel off),2,5,4.0,0.0,12.0,0.0
skip N=5 (work channel off),2,5,4.0,0.0,18.0,0.0
fixed B=0,2,8,4.0,0.0,8.0,0.0
fixed B=1,2,8,4.0,4.0,8.5,0.47058823529411764
fixed B=4,2,8,4.0,4.0,10.0,0.4
rel B0=0 eps=.5,2,8,4.0,4.0,11.833333333333334,0.35820895522388063
rel B0=1 eps=1,2,8,4.0,4.0,20.5,0.21621621621621623
qlen B0=0 gam=1,2,8,4.0,4.0,9.5,0.47058823529411764
qlen B0=1 gam=.5 eps=.5,2,8,4.0,4.0,13.5,0.3380281690140845
thresh B=1 th=1 N=2,2,8,4.0,4.0,9.5,0.42105263157894735
thresh B=0 th=.5 N=3 eps=1,2,8,4.0,4.0,21.0,0.21052631578947367
cap B0=1 eps=1 Bmax=3,2,8,4.0,4.0,9.5,0.42105263157894735
cap B0=1 eps=.5 Bmax=1,2,8,4.0,4.0,8.5,0.47058823529411764
cap+cnt B=1 e=1 th=1 N=2 Bm=4,2,8,4.0,4.0,11.0,0.36363636363636365
skip N=2 (work channel off),2,8,4.0,4.0,12.0,0.3333333333333333
skip N=5 (work channel off),2,8,4.0,4.0,18.0,0.2222222222222222
fixed B=0,1,3,4.0,0.0,4.0,0.0
fixed B=1,1,3,4.0,4.0,5.0,0.8
fixed B=4,1,3,4.0,4.0,8.0,0.5
rel B0=0 eps=.5,1,3,4.0,4.0,11.5,0.34782608695652173
qlen B0=0 gam=1,1,3,4.0,0.0,5.0,0.0
qlen B0=1 gam=.5 eps=.5,1,3,4.0,4.0,14.5,0.2962962962962963
thresh B=1 th=1 N=2,1,3,4.0,4.0,7.0,0.5714285714285714
cap B0=1 eps=.5 Bmax=1,1,3,4.0,4.0,5.0,0.8
skip N=2 (work channel off),1,3,4.0,4.0,12.0,0.3333333333333333
skip N=5 (work channel off),1,3,4.0,4.0,24.0,0.16666666666666666
fixed B=0,2,2,4.0,0.0,8.0,0.0
fixed B=1,2,2,4.0,0.0,8.5,0.0
fixed B=4,2,2,4.0,0.0,10.0,0.0
rel B0=0 eps=.5,2,2,4.0,0.0,10.666666666666666,0.0
rel B0=1 eps=1,2,2,4.0,0.0,17.0,0.0
qlen B0=0 gam=1,2,2,4.0,0.0,8.0,0.0
qlen B0=1 gam=.5 eps=.5,2,2,4.0,0.0,11.333333333333334,0.0
thresh B=1 th=1 N=2,2,2,4.0,0.0,9.5,0.0
thresh B=0 th=.5 N=3 eps=1,2,2,4.0,0.0,17.5,0.0
cap B0=1 eps=1 Bmax=3,2,2,4.0,0.0,9.5,0.0
cap B0=1 eps=.5 Bmax=1,2,2,4.0,0.0,8.5,0.0
cap+cnt B=1 e=1 th=1 N=2 Bm=4,2,2,4.0,0.0,11.0,0.0
skip N=2 (work channel off),2,2,4.0,0.0,12.0,0.0
skip N=5 (work channel off),2,2,4.0,0.0,18.0,0.0
fixed B=0,2,2,4.0,0.0,8.0,0.0
fixed B=1,2,2,4.0,0.0,8.5,0.0
fixed B=4,2,2,4.0,0.0,10.0,0.0
rel B0=0 eps=.5,2,2,4.0,0.0,10.666666666666666,0.0
rel B0=1 eps=1,2,2,4.0,0.0,17.0,0.0
qlen B0=0 gam=1,2,2,4.0,0.0,8.5,0.0
qlen B0=1 gam=.5 eps=.5,2,2,4.0,0.0,11.666666666666666,0.0
thresh B=1 th=1 N=2,2,2,4.0,0.0,9.5,0.0
thresh B=0 th=.5 N=3 eps=1,2,2,4.0,0.0,17.5,0.0
cap B0=1 eps=1 Bmax=3,2,2,4.0,0.0,9.5,0.0
cap B0=1 eps=.5 Bmax=1,2,2,4.0,0.0,8.5,0.0
cap+cnt B=1 e=1 th=1 N=2 Bm=4,2,2,4.0,0.0,11.0,0.0
skip N=2 (work channel off),2,2,4.0,0.0,12.0,0.0
skip N=5 (work channel off),2,2,4.0,0.0,18.0,0.0
fixed B=0,3,8,4.0,0.0,9.333333333333334,0.0
fixed B=1,3,8,4.0,0.5,9.666666666666666,0.05172413793103449
fixed B=4,3,8,4.0,0.5,10.666666666666666,0.046875
rel B0=0 eps=.5,3,8,4.0,0.5,11.7,0.042735042735042736
rel B0=1 eps=1,3,8,4.0,0.5,15.75,0.031746031746031744
rel B0=0 eps=2,3,8,4.0,0.5,33.0,0.015151515151515152
qlen B0=0 gam=1,3,8,4.0,0.0,10.0,0.0
qlen B0=1 gam=.5 eps=.5,3,8,4.0,0.5,12.4,0.04132231404958678
thresh B=1 th=1 N=2,3,8,4.0,0.5,10.333333333333334,0.04838709677419355
thresh B=0 th=.5 N=3 eps=1,3,8,4.0,0.5,16.0,0.03125
cap B0=1 eps=1 Bmax=3,3,8,4.0,0.5,10.333333333333334,0.04838709677419355
cap B0=0 eps=2 Bmax=2,3,8,4.0,0.5,10.0,0.05
cap B0=1 eps=.5 Bmax=1,3,8,4.0,0.5,9.666666666666666,0.05172413793103449
cap+cnt B=1 e=1 th=1 N=2 Bm=4,3,8,4.0,0.5,11.333333333333334,0.044117647058823525
skip N=2 (work channel off),3,8,4.0,0.5,12.0,0.041666666666666664
skip N=5 (work channel off),3,8,4.0,0.5,16.0,0.03125
fixed B=0,1,8,4.0,0.0,4.0,0.0
fixed B=1,1,8,4.0,4.0,5.0,0.8
fixed B=4,1,8,4.0,4.0,8.0,0.5
rel B0=0 eps=.5,1,8,4.0,8.0,20.0,0.5517241379310345
qlen B0=0 gam=1,1,8,4.0,4.0,9.0,0.8
qlen B0=1 gam=.5 eps=.5,1,8,4.0,12.0,27.0,0.6857142857142857
thresh B=1 th=1 N=2,1,8,4.0,4.0,7.0,0.5714285714285714
cap B0=1 eps=.5 Bmax=1,1,8,4.0,4.0,5.0,0.8
skip N=2 (work channel off),1,8,4.0,8.0,12.0,0.6666666666666666
skip N=5 (work channel off),1,8,4.0,12.0,24.0,0.5
fixed B=0,2,9,4.0,0.0,8.0,0.0
fixed B=1,2,9,4.0,0.0,8.5,0.0
fixed B=4,2,9,4.0,0.0,10.0,0.0
rel B0=0 eps=.5,2,9,4.0,0.0,11.0,0.0
rel B0=1 eps=1,2,9,4.0,0.0,18.0,0.0
qlen B0=0 gam=1,2,9,4.0,0.0,8.5,0.0
qlen B0=1 gam=.5 eps=.5,2,9,4.0,0.0,11.833333333333334,0.0
thresh B=1 th=1 N=2,2,9,4.0,0.0,9.5,0.0
thresh B=0 th=.5 N=3 eps=1,2,9,4.0,0.0,18.5,0.0
cap B0=1 eps=1 Bmax=3,2,9,4.0,0.0,9.5,0.0
cap B0=1 eps=.5 Bmax=1,2,9,4.0,0.0,8.5,0.0
cap+cnt B=1 e=1 th=1 N=2 Bm=4,2,9,4.0,0.0,11.0,0.0
skip N=2 (work channel off),2,9,4.0,0.0,12.0,0.0
skip N=5 (work channel off),2,9,4.0,0.0,18.0,0.0
fixed B=0,1,2,4.0,0.0,4.0,0.0
fixed B=1,1,2,4.0,0.0,5.0,0.0
fixed B=4,1,2,4.0,0.0,8.0,0.0
rel B0=0 eps=.5,1,2,4.0,0.0,11.5,0.0
qlen B0=0 gam=1,1,2,4.0,0.0,4.0,0.0
qlen B0=1 gam=.5 eps=.5,1,2,4.0,0.0,13.5,0.0
thresh B=1 th=1 N=2,1,2,4.0,0.0,7.0,0.0
cap B0=1 eps=.5 Bmax=1,1,2,4.0,0.0,5.0,0.0
skip N=2 (work channel off),1,2,4.0,0.0,12.0,0.0
skip N=5 (work channel off),1,2,4.0,0.0,24.0,0.0
fixed B=0,3,3,4.0,0.0,9.333333333333334,0.0
fixed B=1,3,3,4.0,0.0,9.666666666666666,0.0
fixed B=4,3,3,4.0,0.0,10.666666666666666,0.0
rel B0=0 eps=.5,3,3,4.0,0.0,11.2,0.0
rel B0=1 eps=1,3,3,4.0,0.0,14.5,0.0
rel B0=0 eps=2,3,3,4.0,0.0,28.0,0.0
qlen B0=0 gam=1,3,3,4.0,0.0,9.333333333333334,0.0
qlen B0=1 gam=.5 eps=.5,3,3,4.0,0.0,11.6,0.0
thresh B=1 th=1 N=2,3,3,4.0,0.0,10.333333333333334,0.0
thresh B=0 th=.5 N=3 eps=1,3,3,4.0,0.0,14.75,0.0
cap B0=1 eps=1 Bmax=3,3,3,4.0,0.0,10.333333333333334,0.0
cap B0=0 eps=2 Bmax=2,3,3,4.0,0.0,10.0,0.0
cap B0=1 eps=.5 Bmax=1,3,3,4.0,0.0,9.666666666666666,0.0
cap+cnt B=1 e=1 th=1 N=2 Bm=4,3,3,4.0,0.0,11.333333333333334,0.0
skip N=2 (work channel off),3,3,4.0,0.0,12.0,0.0
skip N=5 (work channel off),3,3,4.0,0.0,16.0,0.0
fixed B=0,2,8,4.0,0.0,8.0,0.0
fixed B=1,2,8,4.0,0.0,8.5,0.0
fixed B=4,2,8,4.0,0.0,10.0,0.0
rel B0=0 eps=.5,2,8,4.0,0.0,11.5,0.0
rel B0=1 eps=1,2,8,4.0,0.0,19.5,0.0
qlen B0=0 gam=1,2,8,4.0,0.0,8.5,0.0
qlen B0=1 gam=.5 eps=.5,2,8,4.0,0.0,12.5,0.0
thresh B=1 th=1 N=2,2,8,4.0,0.0,9.5,0.0
thresh B=0 th=.5 N=3 eps=1,2,8,4.0,0.0,20.0,0.0
cap B0=1 eps=1 Bmax=3,2,8,4.0,0.0,9.5,0.0
cap B0=1 eps=.5 Bmax=1,2,8,4.0,0.0,8.5,0.0
cap+cnt B=1 e=1 th=1 N=2 Bm=4,2,8,4.0,0.0,11.0,0.0
skip N=2 (work channel off),2,8,4.0,0.0,12.0,0.0
skip N=5 (work channel off),2,8,4.0,0.0,18.0,0.0
fixed B=0,1,8,4.0,0.0,4.0,0.0
fixed B=1,1,8,4.0,4.0,5.0,0.8
fixed B=4,1,8,4.0,4.0,8.0,0.5
rel B0=0 eps=.5,1,8,4.0,4.0,21.5,0.38095238095238093
qlen B0=0 gam=1,1,8,4.0,4.0,8.0,0.8
qlen B0=1 gam=.5 eps=.5,1,8,4.0,4.5,28.5,0.36
thresh B=1 th=1 N=2,1,8,4.0,4.0,7.0,0.5714285714285714
cap B0=1 eps=.5 Bmax=1,1,8,4.0,4.0,5.0,0.8
skip N=2 (work channel off),1,8,4.0,4.5,12.0,0.375
skip N=5 (work channel off),1,8,4.0,4.5,24.0,0.1875
fixed B=0,1,7,4.0,0.0,4.0,0.0
fixed B=1,1,7,4.0,4.0,5.0,0.8
fixed B=4,1,7,4.0,4.0,8.0,0.5
rel B0=0 eps=.5,1,7,4.0,8.0,21.5,0.5161290322580645
qlen B0=0 gam=1,1,7,4.0,4.0,8.0,0.8
qlen B0=1 gam=.5 eps=.5,1,7,4.0,12.0,28.5,0.6153846153846154
thresh B=1 th=1 N=2,1,7,4.0,4.0,7.0,0.5714285714285714
cap B0=1 eps=.5 Bmax=1,1,7,4.0,4.0,5.0,0.8
skip N=2 (work channel off),1,7,4.0,8.0,12.0,0.6666666666666666
skip N=5 (work channel off),1,7,4.0,20.0,24.0,0.8333333333333334
fixed B=0,3,6,4.0,0.0,9.333333333333334,0.0
fixed B=1,3,6,4.0,0.0,9.666666666666666,0.0
fixed B=4,3,6,4.0,0.0,10.666666666666666,0.0
rel B0=0 eps=.5,3,6,4.0,0.0,11.2,0.0
rel B0=1 eps=1,3,6,4.0,0.0,14.5,0.0
rel B0=0 eps=2,3,6,4.0,0.0,28.0,0.0
qlen B0=0 gam=1,3,6,4.0,0.0,9.666666666666666,0.0
qlen B0=1 gam=.5 eps=.5,3,6,4.0,0.0,11.8,0.0
thresh B=1 th=1 N=2,3,6,4.0,0.0,10.333333333333334,0.0
thresh B=0 th=.5 N=3 eps=1,3,6,4.0,0.0,14.75,0.0
cap B0=1 eps=1 Bmax=3,3,6,4.0,0.0,10.333333333333334,0.0
cap B0=0 eps=2 Bmax=2,3,6,4.0,0.0,10.0,0.0
cap B0=1 eps=.5 Bmax=1,3,6,4.0,0.0,9.666666666666666,0.0
cap+cnt B=1 e=1 th=1 N=2 Bm=4,3,6,4.0,0.0,11.333333333333334,0.0
skip N=2 (work channel off),3,6,4.0,0.0,12.0,0.0
skip N=5 (work channel off),3,6,4.0,0.0,16.0,0.0
fixed B=0,1,2,0.5,0.0,0.5,0.0
fixed B=1,1,2,0.5,0.0,1.5,0.0
fixed B=4,1,2,0.5,0.0,4.5,0.0
rel B0=0 eps=.5,1,2,0.5,0.0,1.0,0.0
qlen B0=0 gam=1,1,2,0.5,0.0,0.5,0.0
qlen B0=1 gam=.5 eps=.5,1,2,0.5,0.0,3.0,0.0
thresh B=1 th=1 N=2,1,2,0.5,0.0,3.5,0.0
cap B0=1 eps=.5 Bmax=1,1,2,0.5,0.0,1.5,0.0
skip N=2 (work channel off),1,2,0.5,0.0,8.5,0.0
skip N=5 (work channel off),1,2,0.5,0.0,20.5,0.0
fixed B=0,1,2,0.5,0.0,0.5,0.0
fixed B=1,1,2,0.5,0.0,1.5,0.0
fixed B=4,1,2,0.5,0.0,4.5,0.0
rel B0=0 eps=.5,1,2,0.5,0.0,1.0,0.0
qlen B0=0 gam=1,1,2,0.5,0.0,0.5,0.0
qlen B0=1 gam=.5 eps=.5,1,2,0.5,0.0,3.0,0.0
thresh B=1 th=1 N=2,1,2,0.5,0.0,3.5,0.0
cap B0=1 eps=.5 Bmax=1,1,2,0.5,0.0,1.5,0.0
skip N=2 (work channel off),1,2,0.5,0.0,8.5,0.0
skip N=5 (work channel off),1,2,0.5,0.0,20.5,0.0
fixed B=0,3,3,4.0,0.0,9.333333333333334,0.0
fixed B=1,3,3,4.0,0.0,9.666666666666666,0.0
fixed B=4,3,3,4.0,0.0,10.666666666666666,0.0
rel B0=0 eps=.5,3,3,4.0,0.0,11.2,0.0
rel B0=1 eps=1,3,3,4.0,0.0,14.5,0.0
rel B0=0 eps=2,3,3,4.0,0.0,28.0,0.0
qlen B0=0 gam=1,3,3,4.0,0.0,9.333333333333334,0.0
qlen B0=1 gam=.5 eps=.5,3,3,4.0,0.0,11.6,0.0
thresh B=1 th=1 N=2,3,3,4.0,0.0,10.333333333333334,0.0
thresh B=0 th=.5 N=3 eps=1,3,3,4.0,0.0,14.75,0.0
cap B0=1 eps=1 Bmax=3,3,3,4.0,0.0,10.333333333333334,0.0
cap B0=0 eps=2 Bmax=2,3,3,4.0,0.0,10.0,0.0
cap B0=1 eps=.5 Bmax=1,3,3,4.0,0.0,9.666666666666666,0.0
cap+cnt B=1 e=1 th=1 N=2 Bm=4,3,3,4.0,0.0,11.333333333333334,0.0
skip N=2 (work channel off),3,3,4.0,0.0,12.0,0.0
skip N=5 (work channel off),3,3,4.0,0.0,16.0,0.0
fixed B=0,2,8,4.0,0.0,8.0,0.0
fixed B=1,2,8,4.0,0.5,8.5,0.058823529411764705
fixed B=4,2,8,4.0,0.5,10.0,0.05
rel B0=0 eps=.5,2,8,4.0,0.5,11.666666666666666,0.044117647058823525
rel B0=1 eps=1,2,8,4.0,0.5,20.0,0.02631578947368421
qlen B0=0 gam=1,2,8,4.0,0.5,9.5,0.058823529411764705
qlen B0=1 gam=.5 eps=.5,2,8,4.0,0.5,13.333333333333332,0.040540540540540536
thresh B=1 th=1 N=2,2,8,4.0,0.5,9.5,0.05263157894736842
thresh B=0 th=.5 N=3 eps=1,2,8,4.0,0.5,20.5,0.02564102564102564
cap B0=1 eps=1 Bmax=3,2,8,4.0,0.5,9.5,0.05263157894736842
cap B0=1 eps=.5 Bmax=1,2,8,4.0,0.5,8.5,0.058823529411764705
cap+cnt B=1 e=1 th=1 N=2 Bm=4,2,8,4.0,0.5,11.0,0.045454545454545456
skip N=2 (work channel off),2,8,4.0,0.5,12.0,0.041666666666666664
skip N=5 (work channel off),2,8,4.0,0.5,18.0,0.027777777777777776
fixed B=0,3,2,4.0,0.0,9.333333333333334,0.0
fixed B=1,3,2,4.0,0.0,9.666666666666666,0.0
fixed B=4,3,2,4.0,0.0,10.666666666666666,0.0
rel B0=0 eps=.5,3,2,4.0,0.0,11.2,0.0
rel B0=1 eps=1,3,2,4.0,0.0,14.5,0.0
rel B0=0 eps=2,3,2,4.0,0.0,28.0,0.0
qlen B0=0 gam=1,3,2,4.0,0.0,9.666666666666666,0.0
qlen B0=1 gam=.5 eps=.5,3,2,4.0,0.0,11.8,0.0
thresh B=1 th=1 N=2,3,2,4.0,0.0,10.333333333333334,0.0
thresh B=0 th=.5 N=3 eps=1,3,2,4.0,0.0,14.75,0.0
cap B0=1 eps=1 Bmax=3,3,2,4.0,0.0,10.333333333333334,0.0
cap B0=0 eps=2 Bmax=2,3,2,4.0,0.0,10.0,0.0
cap B0=1 eps=.5 Bmax=1,3,2,4.0,0.0,9.666666666666666,0.0
cap+cnt B=1 e=1 th=1 N=2 Bm=4,3,2,4.0,0.0,11.333333333333334,0.0
skip N=2 (work channel off),3,2,4.0,0.0,12.0,0.0
skip N=5 (work channel off),3,2,4.0,0.0,16.0,0.0
fixed B=0,2,6,4.0,0.0,8.0,0.0
fixed B=1,2,6,4.0,0.0,8.5,0.0
fixed B=4,2,6,4.0,0.0,10.0,0.0
rel B0=0 eps=.5,2,6,4.0,2.5,12.0,0.22727272727272727
rel B0=1 eps=1,2,6,4.0,0.0,21.0,0.0
qlen B0=0 gam=1,2,6,4.0,0.0,9.0,0.0
qlen B0=1 gam=.5 eps=.5,2,6,4.0,0.0,13.333333333333332,0.0
thresh B=1 th=1 N=2,2,6,4.0,0.0,9.5,0.0
thresh B=0 th=.5 N=3 eps=1,2,6,4.0,2.5,21.5,0.13513513513513514
cap B0=1 eps=1 Bmax=3,2,6,4.0,0.0,9.5,0.0
cap B0=1 eps=.5 Bmax=1,2,6,4.0,0.0,8.5,0.0
cap+cnt B=1 e=1 th=1 N=2 Bm=4,2,6,4.0,0.0,11.0,0.0
skip N=2 (work channel off),2,6,4.0,0.0,12.0,0.0
skip N=5 (work channel off),2,6,4.0,0.0,18.0,0.0
fixed B=0,3,3,4.0,0.0,9.333333333333334,0.0
fixed B=1,3,3,4.0,0.0,9.666666666666666,0.0
fixed B=4,3,3,4.0,0.0,10.666666666666666,0.0
rel B0=0 eps=.5,3,3,4.0,0.0,11.2,0.0
rel B0=1 eps=1,3,3,4.0,0.0,14.5,0.0
rel B0=0 eps=2,3,3,4.0,0.0,28.0,0.0
qlen B0=0 gam=1,3,3,4.0,0.0,9.666666666666666,0.0
qlen B0=1 gam=.5 eps=.5,3,3,4.0,0.0,11.8,0.0
thresh B=1 th=1 N=2,3,3,4.0,0.0,10.333333333333334,0.0
thresh B=0 th=.5 N=3 eps=1,3,3,4.0,0.0,14.75,0.0
cap B0=1 eps=1 Bmax=3,3,3,4.0,0.0,10.333333333333334,0.0
cap B0=0 eps=2 Bmax=2,3,3,4.0,0.0,10.0,0.0
cap B0=1 eps=.5 Bmax=1,3,3,4.0,0.0,9.666666666666666,0.0
cap+cnt B=1 e=1 th=1 N=2 Bm=4,3,3,4.0,0.0,11.333333333333334,0.0
skip N=2 (work channel off),3,3,4.0,0.0,12.0,0.0
skip N=5 (work channel off),3,3,4.0,0.0,16.0,0.0
fixed B=0,2,6,4.0,0.0,8.0,0.0
fixed B=1,2,6,4.0,0.5,8.5,0.058823529411764705
fixed B=4,2,6,4.0,0.5,10.0,0.05
rel B0=0 eps=.5,2,6,4.0,3.5,11.666666666666666,0.32307692307692304
rel B0=1 eps=1,2,6,4.0,0.5,20.0,0.025
qlen B0=0 gam=1,2,6,4.0,0.5,8.5,0.058823529411764705
qlen B0=1 gam=.5 eps=.5,2,6,4.0,0.5,12.666666666666666,0.03947368421052632
thresh B=1 th=1 N=2,2,6,4.0,0.5,9.5,0.05263157894736842
thresh B=0 th=.5 N=3 eps=1,2,6,4.0,3.5,20.5,0.19444444444444445
cap B0=1 eps=1 Bmax=3,2,6,4.0,0.5,9.5,0.05263157894736842
cap B0=1 eps=.5 Bmax=1,2,6,4.0,0.5,8.5,0.058823529411764705
cap+cnt B=1 e=1 th=1 N=2 Bm=4,2,6,4.0,0.5,11.0,0.045454545454545456
skip N=2 (work channel off),2,6,4.0,0.5,12.0,0.041666666666666664
skip N=5 (work channel off),2,6,4.0,0.5,18.0,0.027777777777777776
fixed B=0,2,3,4.0,0.0,8.0,0.0
fixed B=1,2,3,4.0,0.0,8.5,0.0
fixed B=4,2,3,4.0,0.0,10.0,0.0
rel B0=0 eps=.5,2,3,4.0,0.0,11.5,0.0
rel B0=1 eps=1,2,3,4.0,0.0,19.5,0.0
qlen B0=0 gam=1,2,3,4.0,0.0,8.0,0.0
qlen B0=1 gam=.5 eps=.5,2,3,4.0,0.0,12.166666666666666,0.0
thresh B=1 th=1 N=2,2,3,4.0,0.0,9.5,0.0
thresh B=0 th=.5 N=3 eps=1,2,3,4.0,0.0,20.0,0.0
cap B0=1 eps=1 Bmax=3,2,3,4.0,0.0,9.5,0.0
cap B0=1 eps=.5 Bmax=1,2,3,4.0,0.0,8.5,0.0
cap+cnt B=1 e=1 th=1 N=2 Bm=4,2,3,4.0,0.0,11.0,0.0
skip N=2 (work channel off),2,3,4.0,0.0,12.0,0.0
skip N=5 (work channel off),2,3,4.0,0.0,18.0,0.0
fixed B=0,1,8,4.0,0.0,4.0,0.0
fixed B=1,1,8,4.0,0.0,5.0,0.0
fixed B=4,1,8,4.0,0.0,8.0,0.0
rel B0=0 eps=.5,1,8,4.0,0.0,21.5,0.0
qlen B0=0 gam=1,1,8,4.0,0.0,9.0,0.0
qlen B0=1 gam=.5 eps=.5,1,8,4.0,0.0,28.5,0.0
thresh B=1 th=1 N=2,1,8,4.0,0.0,7.0,0.0
cap B0=1 eps=.5 Bmax=1,1,8,4.0,0.0,5.0,0.0
skip N=2 (work channel off),1,8,4.0,0.0,12.0,0.0
skip N=5 (work channel off),1,8,4.0,0.0,24.0,0.0
fixed B=0,2,4,0.5,0.0,1.0,0.0
fixed B=1,2,4,0.5,0.0,1.5,0.0
fixed B=4,2,4,0.5,0.0,3.0,0.0
rel B0=0 eps=.5,2,4,0.5,0.0,1.3333333333333333,0.0
rel B0=1 eps=1,2,4,0.5,0.0,3.0,0.0
qlen B0=0 gam=1,2,4,0.5,0.0,1.5,0.0
qlen B0=1 gam=.5 eps=.5,2,4,0.5,0.0,2.3333333333333335,0.0
thresh B=1 th=1 N=2,2,4,0.5,0.0,2.5,0.0
thresh B=0 th=.5 N=3 eps=1,2,4,0.5,0.0,3.5,0.0
cap B0=1 eps=1 Bmax=3,2,4,0.5,0.0,2.5,0.0
cap B0=1 eps=.5 Bmax=1,2,4,0.5,0.0,1.5,0.0
cap+cnt B=1 e=1 th=1 N=2 Bm=4,2,4,0.5,0.0,4.0,0.0
skip N=2 (work channel off),2,4,0.5,0.0,5.0,0.0
skip N=5 (work channel off),2,4,0.5,0.0,11.0,0.0
fixed B=0,2,7,4.0,0.0,8.0,0.0
fixed B=1,2,7,4.0,0.0,8.5,0.0
fixed B=4,2,7,4.0,0.0,10.0,0.0
rel B0=0 eps=.5,2,7,4.0,0.0,10.666666666666666,0.0
rel B0=1 eps=1,2,7,4.0,0.0,17.0,0.0
qlen B0=0 gam=1,2,7,4.0,0.0,8.5,0.0
qlen B0=1 gam=.5 eps=.5,2,7,4.0,0.0,11.666666666666666,0.0
thresh B=1 th=1 N=2,2,7,4.0,0.0,9.5,0.0
thresh B=0 th=.5 N=3 eps=1,2,7,4.0,0.0,17.5,0.0
cap B0=1 eps=1 Bmax=3,2,7,4.0,0.0,9.5,0.0
cap B0=1 eps=.5 Bmax=1,2,7,4.0,0.0,8.5,0.0
cap+cnt B=1 e=1 th=1 N=2 Bm=4,2,7,4.0,0.0,11.0,0.0
skip N=2 (work channel off),2,7,4.0,0.0,12.0,0.0
skip N=5 (work channel off),2,7,4.0,0.0,18.0,0.0
fixed B=0,3,7,4.0,0.0,9.333333333333334,0.0
fixed B=1,3,7,4.0,0.0,9.666666666666666,0.0
fixed B=4,3,7,4.0,0.0,10.666666666666666,0.0
rel B0=0 eps=.5,3,7,4.0,0.0,11.2,0.0
rel B0=1 eps=1,3,7,4.0,0.0,14.5,0.0
rel B0=0 eps=2,3,7,4.0,0.0,28.0,0.0
qlen B0=0 gam=1,3,7,4.0,0.0,9.666666666666666,0.0
qlen B0=1 gam=.5 eps=.5,3,7,4.0,0.0,11.8,0.0
thresh B=1 th=1 N=2,3,7,4.0,0.0,10.333333333333334,0.0
thresh B=0 th=.5 N=3 eps=1,3,7,4.0,0.0,14.75,0.0
cap B0=1 eps=1 Bmax=3,3,7,4.0,0.0,10.333333333333334,0.0
cap B0=0 eps=2 Bmax=2,3,7,4.0,0.0,10.0,0.0
cap B0=1 eps=.5 Bmax=1,3,7,4.0,0.0,9.666666666666666,0.0
cap+cnt B=1 e=1 th=1 N=2 Bm=4,3,7,4.0,0.0,11.333333333333334,0.0
skip N=2 (work channel off),3,7,4.0,0.0,12.0,0.0
skip N=5 (work channel off),3,7,4.0,0.0,16.0,0.0
fixed B=0,3,3,4.0,0.0,9.333333333333334,0.0
fixed B=1,3,3,4.0,0.0,9.666666666666666,0.0
fixed B=4,3,3,4.0,0.0,10.666666666666666,0.0
rel B0=0 eps=.5,3,3,4.0,0.0,11.2,0.0
rel B0=1 eps=1,3,3,4.0,0.0,14.5,0.0
rel B0=0 eps=2,3,3,4.0,0.0,28.0,0.0
qlen B0=0 gam=1,3,3,4.0,0.0,9.333333333333334,0.0
qlen B0=1 gam=.5 eps=.5,3,3,4.0,0.0,11.6,0.0
thresh B=1 th=1 N=2,3,3,4.0,0.0,10.333333333333334,0.0
thresh B=0 th=.5 N=3 eps=1,3,3,4.0,0.0,14.75,0.0
cap B0=1 eps=1 Bmax=3,3,3,4.0,0.0,10.333333333333334,0.0
cap B0=0 eps=2 Bmax=2,3,3,4.0,0.0,10.0,0.0
cap B0=1 eps=.5 Bmax=1,3,3,4.0,0.0,9.666666666666666,0.0
cap+cnt B=1 e=1 th=1 N=2 Bm=4,3,3,4.0,0.0,11.333333333333334,0.0
skip N=2 (work channel off),3,3,4.0,0.0,12.0,0.0
skip N=5 (work channel off),3,3,4.0,0.0,16.0,0.0
fixed B=0,2,4,0.5,0.0,1.0,0.0
fixed B=1,2,4,0.5,0.0,1.5,0.0
fixed B=4,2,4,0.5,0.0,3.0,0.0
rel B0=0 eps=.5,2,4,0.5,0.0,1.3333333333333333,0.0
rel B0=1 eps=1,2,4,0.5,0.0,3.0,0.0
qlen B0=0 gam=1,2,4,0.5,0.0,1.5,0.0
qlen B0=1 gam=.5 eps=.5,2,4,0.5,0.0,2.3333333333333335,0.0
thresh B=1 th=1 N=2,2,4,0.5,0.0,2.5,0.0
thresh B=0 th=.5 N=3 eps=1,2,4,0.5,0.0,3.5,0.0
cap B0=1 eps=1 Bmax=3,2,4,0.5,0.0,2.5,0.0
cap B0=1 eps=.5 Bmax=1,2,4,0.5,0.0,1.5,0.0
cap+cnt B=1 e=1 th=1 N=2 Bm=4,2,4,0.5,0.0,4.0,0.0
skip N=2 (work channel off),2,4,0.5,0.0,5.0,0.0
skip N=5 (work channel off),2,4,0.5,0.0,11.0,0.0
fixed B=0,2,9,4.0,0.0,8.0,0.0
fixed B=1,2,9,4.0,0.5,8.5,0.058823529411764705
fixed B=4,2,9,4.0,0.5,10.0,0.05
rel B0=0 eps=.5,2,9,4.0,4.0,12.5,0.34285714285714286
rel B0=1 eps=1,2,9,4.0,0.5,22.5,0.025
qlen B0=0 gam=1,2,9,4.0,0.5,9.5,0.058823529411764705
qlen B0=1 gam=.5 eps=.5,2,9,4.0,0.5,13.833333333333332,0.03947368421052632
thresh B=1 th=1 N=2,2,9,4.0,0.5,9.5,0.05263157894736842
thresh B=0 th=.5 N=3 eps=1,2,9,4.0,4.0,23.0,0.1951219512195122
cap B0=1 eps=1 Bmax=3,2,9,4.0,0.5,9.5,0.05263157894736842
cap B0=1 eps=.5 Bmax=1,2,9,4.0,0.5,8.5,0.058823529411764705
cap+cnt B=1 e=1 th=1 N=2 Bm=4,2,9,4.0,0.5,11.0,0.045454545454545456
skip N=2 (work channel off),2,9,4.0,0.5,12.0,0.041666666666666664
skip N=5 (work channel off),2,9,4.0,0.5,18.0,0.027777777777777776
fixed B=0,1,8,4.0,0.0,4.0,0.0
fixed B=1,1,8,4.0,4.0,5.0,0.8
fixed B=4,1,8,4.0,4.0,8.0,0.5
rel B0=0 eps=.5,1,8,4.0,4.0,16.0,0.34782608695652173
qlen B0=0 gam=1,1,8,4.0,1.0,8.0,0.2
qlen B0=1 gam=.5 eps=.5,1,8,4.0,4.0,20.5,0.4
thresh B=1 th=1 N=2,1,8,4.0,4.0,7.0,0.5714285714285714
cap B0=1 eps=.5 Bmax=1,1,8,4.0,4.0,5.0,0.8
skip N=2 (work channel off),1,8,4.0,8.0,12.0,0.6666666666666666
skip N=5 (work channel off),1,8,4.0,9.5,24.0,0.3958333333333333
fixed B=0,1,6,4.0,0.0,4.0,0.0
fixed B=1,1,6,4.0,4.0,5.0,0.8
fixed B=4,1,6,4.0,4.0,8.0,0.5
rel B0=0 eps=.5,1,6,4.0,4.5,16.5,0.42857142857142855
qlen B0=0 gam=1,1,6,4.0,0.0,7.0,0.0
qlen B0=1 gam=.5 eps=.5,1,6,4.0,8.0,21.5,0.64
thresh B=1 th=1 N=2,1,6,4.0,4.0,7.0,0.5714285714285714
cap B0=1 eps=.5 Bmax=1,1,6,4.0,4.0,5.0,0.8
skip N=2 (work channel off),1,6,4.0,8.0,12.0,0.6666666666666666
skip N=5 (work channel off),1,6,4.0,8.0,24.0,0.3333333333333333
fixed B=0,2,6,4.0,0.0,8.0,0.0
fixed B=1,2,6,4.0,0.0,8.5,0.0
fixed B=4,2,6,4.0,0.0,10.0,0.0
rel B0=0 eps=.5,2,6,4.0,0.0,12.666666666666668,0.0
rel B0=1 eps=1,2,6,4.0,0.0,23.0,0.0
qlen B0=0 gam=1,2,6,4.0,0.0,9.5,0.0
qlen B0=1 gam=.5 eps=.5,2,6,4.0,0.0,14.333333333333332,0.0
thresh B=1 th=1 N=2,2,6,4.0,0.0,9.5,0.0
thresh B=0 th=.5 N=3 eps=1,2,6,4.0,0.0,23.5,0.0
cap B0=1 eps=1 Bmax=3,2,6,4.0,0.0,9.5,0.0
cap B0=1 eps=.5 Bmax=1,2,6,4.0,0.0,8.5,0.0
cap+cnt B=1 e=1 th=1 N=2 Bm=4,2,6,4.0,0.0,11.0,0.0
skip N=2 (work channel off),2,6,4.0,0.0,12.0,0.0
skip N=5 (work channel off),2,6,4.0,0.0,18.0,0.0
fixed B=0,3,4,4.0,0.0,9.333333333333334,0.0
fixed B=1,3,4,4.0,0.0,9.666666666666666,0.0
fixed B=4,3,4,4.0,0.0,10.666666666666666,0.0
rel B0=0 eps=.5,3,4,4.0,0.0,11.2,0.0
rel B0=1 eps=1,3,4,4.0,0.0,14.5,0.0
rel B0=0 eps=2,3,4,4.0,0.0,28.0,0.0
qlen B0=0 gam=1,3,4,4.0,0.0,9.333333333333334,0.0
qlen B0=1 gam=.5 eps=.5,3,4,4.0,0.0,11.6,0.0
thresh B=1 th=1 N=2,3,4,4.0,0.0,10.333333333333334,0.0
thresh B=0 th=.5 N=3 eps=1,3,4,4.0,0.0,14.75,0.0
cap B0=1 eps=1 Bmax=3,3,4,4.0,0.0,10.333333333333334,0.0
cap B0=0 eps=2 Bmax=2,3,4,4.0,0.0,10.0,0.0
cap B0=1 eps=.5 Bmax=1,3,4,4.0,0.0,9.666666666666666,0.0
cap+cnt B=1 e=1 th=1 N=2 Bm=4,3,4,4.0,0.0,11.333333333333334,0.0
skip N=2 (work channel off),3,4,4.0,0.0,12.0,0.0
skip N=5 (work channel off),3,4,4.0,0.0,16.0,0.0
fixed B=0,2,8,4.0,0.0,8.0,0.0
fixed B=1,2,8,4.0,0.0,8.5,0.0
fixed B=4,2,8,4.0,0.0,10.0,0.0
rel B0=0 eps=.5,2,8,4.0,0.0,11.333333333333334,0.0
rel B0=1 eps=1,2,8,4.0,0.0,19.0,0.0
qlen B0=0 gam=1,2,8,4.0,0.0,9.0,0.0
qlen B0=1 gam=.5 eps=.5,2,8,4.0,0.0,12.333333333333334,0.0
thresh B=1 th=1 N=2,2,8,4.0,0.0,9.5,0.0
thresh B=0 th=.5 N=3 eps=1,2,8,4.0,0.0,19.5,0.0
cap B0=1 eps=1 Bmax=3,2,8,4.0,0.0,9.5,0.0
cap B0=1 eps=.5 Bmax=1,2,8,4.0,0.0,8.5,0.0
cap+cnt B=1 e=1 th=1 N=2 Bm=4,2,8,4.0,0.0,11.0,0.0
skip N=2 (work channel off),2,8,4.0,0.0,12.0,0.0
skip N=5 (work channel off),2,8,4.0,0.0,18.0,0.0
fixed B=0,3,5,0.5,0.0,1.1666666666666667,0.0
fixed B=1,3,5,0.5,0.0,1.5,0.0
fixed B=4,3,5,0.5,0.0,2.5,0.0
rel B0=0 eps=.5,3,5,0.5,0.0,1.4,0.0
rel B0=1 eps=1,3,5,0.5,0.0,2.25,0.0
rel B0=0 eps=2,3,5,0.5,0.0,3.5,0.0
qlen B0=0 gam=1,3,5,0.5,0.0,1.1666666666666667,0.0
qlen B0=1 gam=.5 eps=.5,3,5,0.5,0.0,1.8,0.0
thresh B=1 th=1 N=2,3,5,0.5,0.0,2.1666666666666665,0.0
thresh B=0 th=.5 N=3 eps=1,3,5,0.5,0.0,2.5,0.0
cap B0=1 eps=1 Bmax=3,3,5,0.5,0.0,2.1666666666666665,0.0
cap B0=0 eps=2 Bmax=2,3,5,0.5,0.0,1.8333333333333333,0.0
cap B0=1 eps=.5 Bmax=1,3,5,0.5,0.0,1.5,0.0
cap+cnt B=1 e=1 th=1 N=2 Bm=4,3,5,0.5,0.0,3.1666666666666665,0.0
skip N=2 (work channel off),3,5,0.5,0.0,3.8333333333333335,0.0
skip N=5 (work channel off),3,5,0.5,0.0,7.833333333333333,0.0
fixed B=0,2,5,4.0,0.0,8.0,0.0
fixed B=1,2,5,4.0,0.0,8.5,0.0
fixed B=4,2,5,4.0,0.0,10.0,0.0
rel B0=0 eps=.5,2,5,4.0,0.0,11.166666666666666,0.0
rel B0=1 eps=1,2,5,4.0,0.0,18.5,0.0
qlen B0=0 gam=1,2,5,4.0,0.0,9.0,0.0
qlen B0=1 gam=.5 eps=.5,2,5,4.0,0.0,12.5,0.0
thresh B=1 th=1 N=2,2,5,4.0,0.0,9.5,0.0
thresh B=0 th=.5 N=3 eps=1,2,5,4.0,0.0,19.0,0.0
cap B0=1 eps=1 Bmax=3,2,5,4.0,0.0,9.5,0.0
cap B0=1 eps=.5 Bmax=1,2,5,4.0,0.0,8.5,0.0
cap+cnt B=1 e=1 th=1 N=2 Bm=4,2,5,4.0,0.0,11.0,0.0
skip N=2 (work channel off),2,5,4.0,0.0,12.0,0.0
skip N=5 (work channel off),2,5,4.0,0.0,18.0,0.0
fixed B=0,2,6,4.0,0.0,8.0,0.0
fixed B=1,2,6,4.0,0.5,8.5,0.058823529411764705
fixed B=4,2,6,4.0,0.5,10.0,0.05
rel B0=0 eps=.5,2,6,4.0,0.5,11.0,0.04615384615384615
rel B0=1 eps=1,2,6,4.0,0.5,18.0,0.02857142857142857
qlen B0=0 gam=1,2,6,4.0,0.5,8.5,0.058823529411764705
qlen B0=1 gam=.5 eps=.5,2,6,4.0,0.5,12.0,0.04225352112676056
thresh B=1 th=1 N=2,2,6,4.0,0.5,9.5,0.05263157894736842
thresh B=0 th=.5 N=3 eps=1,2,6,4.0,0.5,18.5,0.027777777777777776
cap B0=1 eps=1 Bmax=3,2,6,4.0,0.5,9.5,0.05263157894736842
cap B0=1 eps=.5 Bmax=1,2,6,4.0,0.5,8.5,0.058823529411764705
cap+cnt B=1 e=1 th=1 N=2 Bm=4,2,6,4.0,0.5,11.0,0.045454545454545456
skip N=2 (work channel off),2,6,4.0,0.5,12.0,0.041666666666666664
skip N=5 (work channel off),2,6,4.0,0.5,18.0,0.027777777777777776
fixed B=0,3,8,4.0,0.0,9.333333333333334,0.0
fixed B=1,3,8,4.0,0.0,9.666666666666666,0.0
fixed B=4,3,8,4.0,0.0,10.666666666666666,0.0
rel B0=0 eps=.5,3,8,4.0,0.0,11.2,0.0
rel B0=1 eps=1,3,8,4.0,0.0,14.5,0.0
rel B0=0 eps=2,3,8,4.0,0.0,28.0,0.0
qlen B0=0 gam=1,3,8,4.0,0.0,9.333333333333334,0.0
qlen B0=1 gam=.5 eps=.5,3,8,4.0,0.0,11.6,0.0
thresh B=1 th=1 N=2,3,8,4.0,0.0,10.333333333333334,0.0
thresh B=0 th=.5 N=3 eps=1,3,8,4.0,0.0,14.75,0.0
cap B0=1 eps=1 Bmax=3,3,8,4.0,0.0,10.333333333333334,0.0
cap B0=0 eps=2 Bmax=2,3,8,4.0,0.0,10.0,0.0
cap B0=1 eps=.5 Bmax=1,3,8,4.0,0.0,9.666666666666666,0.0
cap+cnt B=1 e=1 th=1 N=2 Bm=4,3,8,4.0,0.0,11.333333333333334,0.0
skip N=2 (work channel off),3,8,4.0,0.0,12.0,0.0
skip N=5 (work channel off),3,8,4.0,0.0,16.0,0.0
fixed B=0,3,5,4.0,0.0,9.333333333333334,0.0
fixed B=1,3,5,4.0,0.0,9.666666666666666,0.0
fixed B=4,3,5,4.0,0.0,10.666666666666666,0.0
rel B0=0 eps=.5,3,5,4.0,0.0,11.5,0.0
rel B0=1 eps=1,3,5,4.0,0.0,15.25,0.0
rel B0=0 eps=2,3,5,4.0,0.0,31.0,0.0
qlen B0=0 gam=1,3,5,4.0,0.0,9.666666666666666,0.0
qlen B0=1 gam=.5 eps=.5,3,5,4.0,0.0,11.9,0.0
thresh B=1 th=1 N=2,3,5,4.0,0.0,10.333333333333334,0.0
thresh B=0 th=.5 N=3 eps=1,3,5,4.0,0.0,15.5,0.0
cap B0=1 eps=1 Bmax=3,3,5,4.0,0.0,10.333333333333334,0.0
cap B0=0 eps=2 Bmax=2,3,5,4.0,0.0,10.0,0.0
cap B0=1 eps=.5 Bmax=1,3,5,4.0,0.0,9.666666666666666,0.0
cap+cnt B=1 e=1 th=1 N=2 Bm=4,3,5,4.0,0.0,11.333333333333334,0.0
skip N=2 (work channel off),3,5,4.0,0.0,12.0,0.0
skip N=5 (work channel off),3,5,4.0,0.0,16.0,0.0
fixed B=0,3,9,4.0,0.0,9.333333333333334,0.0
fixed B=1,3,9,4.0,0.0,9.666666666666666,0.0
fixed B=4,3,9,4.0,0.0,10.666666666666666,0.0
rel B0=0 eps=.5,3,9,4.0,0.0,11.2,0.0
rel B0=1 eps=1,3,9,4.0,0.0,14.5,0.0
rel B0=0 eps=2,3,9,4.0,0.0,28.0,0.0
qlen B0=0 gam=1,3,9,4.0,0.0,9.333333333333334,0.0
qlen B0=1 gam=.5 eps=.5,3,9,4.0,0.0,11.6,0.0
thresh B=1 th=1 N=2,3,9,4.0,0.0,10.333333333333334,0.0
thresh B=0 th=.5 N=3 eps=1,3,9,4.0,0.0,14.75,0.0
cap B0=1 eps=1 Bmax=3,3,9,4.0,0.0,10.333333333333334,0.0
cap B0=0 eps=2 Bmax=2,3,9,4.0,0.0,10.0,0.0
cap B0=1 eps=.5 Bmax=1,3,9,4.0,0.0,9.666666666666666,0.0
cap+cnt B=1 e=1 th=1 N=2 Bm=4,3,9,4.0,0.0,11.333333333333334,0.0
skip N=2 (work channel off),3,9,4.0,0.0,12.0,0.0
skip N=5 (work channel off),3,9,4.0,0.0,16.0,0.0
fixed B=0,1,6,4.0,0.0,4.0,0.0
fixed B=1,1,6,4.0,4.5,5.0,0.9
fixed B=4,1,6,4.0,4.5,8.0,0.5625
rel B0=0 eps=.5,1,6,4.0,4.0,12.0,0.34782608695652173
qlen B0=0 gam=1,1,6,4.0,4.5,8.0,0.75
qlen B0=1 gam=.5 eps=.5,1,6,4.0,4.5,16.5,0.28125
thresh B=1 th=1 N=2,1,6,4.0,4.5,7.0,0.6428571428571429
cap B0=1 eps=.5 Bmax=1,1,6,4.0,4.5,5.0,0.9
skip N=2 (work channel off),1,6,4.0,4.5,12.0,0.375
skip N=5 (work channel off),1,6,4.0,4.5,24.0,0.1875
fixed B=0,2,8,4.0,0.0,8.0,0.0
fixed B=1,2,8,4.0,0.5,8.5,0.058823529411764705
fixed B=4,2,8,4.0,0.5,10.0,0.05
rel B0=0 eps=.5,2,8,4.0,3.5,12.5,0.30434782608695654
rel B0=1 eps=1,2,8,4.0,0.5,22.5,0.029411764705882353
qlen B0=0 gam=1,2,8,4.0,0.0,9.5,0.0
qlen B0=1 gam=.5 eps=.5,2,8,4.0,0.5,13.833333333333332,0.044117647058823525
thresh B=1 th=1 N=2,2,8,4.0,0.5,9.5,0.05263157894736842
thresh B=0 th=.5 N=3 eps=1,2,8,4.0,3.5,23.0,0.175
cap B0=1 eps=1 Bmax=3,2,8,4.0,0.5,9.5,0.05263157894736842
cap B0=1 eps=.5 Bmax=1,2,8,4.0,0.5,8.5,0.058823529411764705
cap+cnt B=1 e=1 th=1 N=2 Bm=4,2,8,4.0,0.5,11.0,0.045454545454545456
skip N=2 (work channel off),2,8,4.0,0.5,12.0,0.041666666666666664
skip N=5 (work channel off),2,8,4.0,0.5,18.0,0.027777777777777776
fixed B=0,1,3,4.0,0.0,4.0,0.0
fixed B=1,1,3,4.0,0.0,5.0,0.0
fixed B=4,1,3,4.0,0.0,8.0,0.0
rel B0=0 eps=.5,1,3,4.0,0.0,15.0,0.0
qlen B0=0 gam=1,1,3,4.0,0.0,5.0,0.0
qlen B0=1 gam=.5 eps=.5,1,3,4.0,0.0,18.0,0.0
thresh B=1 th=1 N=2,1,3,4.0,0.0,7.0,0.0
cap B0=1 eps=.5 Bmax=1,1,3,4.0,0.0,5.0,0.0
skip N=2 (work channel off),1,3,4.0,0.0,12.0,0.0
skip N=5 (work channel off),1,3,4.0,0.0,24.0,0.0
fixed B=0,2,8,4.0,0.0,8.0,0.0
fixed B=1,2,8,4.0,0.0,8.5,0.0
fixed B=4,2,8,4.0,0.0,10.0,0.0
rel B0=0 eps=.5,2,8,4.0,2.0,11.833333333333334,0.17391304347826086
rel B0=1 eps=1,2,8,4.0,0.0,20.5,0.0
qlen B0=0 gam=1,2,8,4.0,0.0,9.5,0.0
qlen B0=1 gam=.5 eps=.5,2,8,4.0,0.0,13.5,0.0
thresh B=1 th=1 N=2,2,8,4.0,0.0,9.5,0.0
thresh B=0 th=.5 N=3 eps=1,2,8,4.0,2.0,21.0,0.1
cap B0=1 eps=1 Bmax=3,2,8,4.0,0.0,9.5,0.0
cap B0=1 eps=.5 Bmax=1,2,8,4.0,0.0,8.5,0.0
cap+cnt B=1 e=1 th=1 N=2 Bm=4,2,8,4.0,0.0,11.0,0.0
skip N=2 (work channel off),2,8,4.0,0.0,12.0,0.0
skip N=5 (work channel off),2,8,4.0,0.0,18.0,0.0
fixed B=0,2,7,4.0,0.0,8.0,0.0
fixed B=1,2,7,4.0,1.0,8.5,0.11764705882352941
fixed B=4,2,7,4.0,1.0,10.0,0.1
rel B0=0 eps=.5,2,7,4.0,1.0,11.666666666666666,0.08823529411764705
rel B0=1 eps=1,2,7,4.0,1.0,20.0,0.05263157894736842
qlen B0=0 gam=1,2,7,4.0,3.0,9.0,0.3333333333333333
qlen B0=1 gam=.5 eps=.5,2,7,4.0,1.0,12.833333333333334,0.08333333333333333
thresh B=1 th=1 N=2,2,7,4.0,1.0,9.5,0.10526315789473684
thresh B=0 th=.5 N=3 eps=1,2,7,4.0,1.0,20.5,0.05128205128205128
cap B0=1 eps=1 Bmax=3,2,7,4.0,1.0,9.5,0.10526315789473684
cap B0=1 eps=.5 Bmax=1,2,7,4.0,1.0,8.5,0.11764705882352941
cap+cnt B=1 e=1 th=1 N=2 Bm=4,2,7,4.0,1.0,11.0,0.09090909090909091
skip N=2 (work channel off),2,7,4.0,1.0,12.0,0.08333333333333333
skip N=5 (work channel off),2,7,4.0,1.0,18.0,0.05555555555555555
fixed B=0,1,4,4.0,0.0,4.0,0.0
fixed B=1,1,4,4.0,1.0,5.0,0.2
fixed B=4,1,4,4.0,1.0,8.0,0.125
rel B0=0 eps=.5,1,4,4.0,0.5,8.5,0.058823529411764705
qlen B0=0 gam=1,1,4,4.0,0.0,5.0,0.0
qlen B0=1 gam=.5 eps=.5,1,4,4.0,1.0,11.5,0.1
thresh B=1 th=1 N=2,1,4,4.0,1.0,7.0,0.14285714285714285
cap B0=1 eps=.5 Bmax=1,1,4,4.0,1.0,5.0,0.2
skip N=2 (work channel off),1,4,4.0,1.0,12.0,0.08333333333333333
skip N=5 (work channel off),1,4,4.0,1.0,24.0,0.041666666666666664
fixed B=0,1,8,4.0,0.0,4.0,0.0
fixed B=1,1,8,4.0,4.0,5.0,0.8
fixed B=4,1,8,4.0,4.0,8.0,0.5
rel B0=0 eps=.5,1,8,4.0,4.0,21.5,0.42105263157894735
qlen B0=0 gam=1,1,8,4.0,4.0,8.0,0.8
qlen B0=1 gam=.5 eps=.5,1,8,4.0,8.0,27.5,0.64
thresh B=1 th=1 N=2,1,8,4.0,4.0,7.0,0.5714285714285714
cap B0=1 eps=.5 Bmax=1,1,8,4.0,4.0,5.0,0.8
skip N=2 (work channel off),1,8,4.0,8.0,12.0,0.6666666666666666
skip N=5 (work channel off),1,8,4.0,8.5,24.0,0.3541666666666667
fixed B=0,1,4,0.5,0.0,0.5,0.0
fixed B=1,1,4,0.5,0.0,1.5,0.0
fixed B=4,1,4,0.5,0.0,4.5,0.0
rel B0=0 eps=.5,1,4,0.5,0.0,1.0,0.0
qlen B0=0 gam=1,1,4,0.5,0.0,0.5,0.0
qlen B0=1 gam=.5 eps=.5,1,4,0.5,0.0,3.0,0.0
thresh B=1 th=1 N=2,1,4,0.5,0.0,3.5,0.0
cap B0=1 eps=.5 Bmax=1,1,4,0.5,0.0,1.5,0.0
skip N=2 (work channel off),1,4,0.5,0.0,8.5,0.0
skip N=5 (work channel off),1,4,0.5,0.0,20.5,0.0
fixed B=0,3,9,4.0,0.0,9.333333333333334,0.0
fixed B=1,3,9,4.0,0.5,9.666666666666666,0.05172413793103449
fixed B=4,3,9,4.0,0.5,10.666666666666666,0.046875
rel B0=0 eps=.5,3,9,4.0,0.0,11.8,0.0
rel B0=1 eps=1,3,9,4.0,0.5,16.0,0.034482758620689655
rel B0=0 eps=2,3,9,4.0,0.0,34.0,0.0
qlen B0=0 gam=1,3,9,4.0,0.0,9.666666666666666,0.0
qlen B0=1 gam=.5 eps=.5,3,9,4.0,0.5,12.4,0.04310344827586207
thresh B=1 th=1 N=2,3,9,4.0,0.5,10.333333333333334,0.04838709677419355
thresh B=0 th=.5 N=3 eps=1,3,9,4.0,0.0,16.25,0.0
cap B0=1 eps=1 Bmax=3,3,9,4.0,0.5,10.333333333333334,0.04838709677419355
cap B0=0 eps=2 Bmax=2,3,9,4.0,0.0,10.0,0.0
cap B0=1 eps=.5 Bmax=1,3,9,4.0,0.5,9.666666666666666,0.05172413793103449
cap+cnt B=1 e=1 th=1 N=2 Bm=4,3,9,4.0,0.5,11.333333333333334,0.044117647058823525
skip N=2 (work channel off),3,9,4.0,0.5,12.0,0.041666666666666664
skip N=5 (work channel off),3,9,4.0,0.5,16.0,0.03125
fixed B=0,3,9,4.0,0.0,9.333333333333334,0.0
fixed B=1,3,9,4.0,0.0,9.666666666666666,0.0
fixed B=4,3,9,4.0,0.0,10.666666666666666,0.0
rel B0=0 eps=.5,3,9,4.0,0.0,11.3,0.0
rel B0=1 eps=1,3,9,4.0,0.0,14.75,0.0
rel B0=0 eps=2,3,9,4.0,0.0,29.0,0.0
qlen B0=0 gam=1,3,9,4.0,0.0,10.0,0.0
qlen B0=1 gam=.5 eps=.5,3,9,4.0,0.0,12.1,0.0
thresh B=1 th=1 N=2,3,9,4.0,0.0,10.333333333333334,0.0
thresh B=0 th=.5 N=3 eps=1,3,9,4.0,0.0,15.0,0.0
cap B0=1 eps=1 Bmax=3,3,9,4.0,0.0,10.333333333333334,0.0
cap B0=0 eps=2 Bmax=2,3,9,4.0,0.0,10.0,0.0
cap B0=1 eps=.5 Bmax=1,3,9,4.0,0.0,9.666666666666666,0.0
cap+cnt B=1 e=1 th=1 N=2 Bm=4,3,9,4.0,0.0,11.333333333333334,0.0
skip N=2 (work channel off),3,9,4.0,0.0,12.0,0.0
skip N=5 (work channel off),3,9,4.0,0.0,16.0,0.0
fixed B=0,2,6,4.0,0.0,8.0,0.0
fixed B=1,2,6,4.0,3.0,8.5,0.35294117647058826
fixed B=4,2,6,4.0,3.0,10.0,0.3
rel B0=0 eps=.5,2,6,4.0,3.5,11.166666666666666,0.3181818181818182
rel B0=1 eps=1,2,6,4.0,3.0,18.5,0.17142857142857143
qlen B0=0 gam=1,2,6,4.0,3.0,8.5,0.35294117647058826
qlen B0=1 gam=.5 eps=.5,2,6,4.0,3.0,12.0,0.2535211267605634
thresh B=1 th=1 N=2,2,6,4.0,3.0,9.5,0.3157894736842105
thresh B=0 th=.5 N=3 eps=1,2,6,4.0,3.5,19.0,0.1891891891891892
cap B0=1 eps=1 Bmax=3,2,6,4.0,3.0,9.5,0.3157894736842105
cap B0=1 eps=.5 Bmax=1,2,6,4.0,3.0,8.5,0.35294117647058826
cap+cnt B=1 e=1 th=1 N=2 Bm=4,2,6,4.0,3.0,11.0,0.2727272727272727
skip N=2 (work channel off),2,6,4.0,3.0,12.0,0.25
skip N=5 (work channel off),2,6,4.0,3.0,18.0,0.16666666666666666
fixed B=0,2,8,4.0,0.0,8.0,0.0
fixed B=1,2,8,4.0,2.5,8.5,0.29411764705882354
fixed B=4,2,8,4.0,2.5,10.0,0.25
rel B0=0 eps=.5,2,8,4.0,2.5,10.833333333333334,0.23076923076923075
rel B0=1 eps=1,2,8,4.0,2.5,17.5,0.14285714285714285
qlen B0=0 gam=1,2,8,4.0,2.5,8.5,0.29411764705882354
qlen B0=1 gam=.5 eps=.5,2,8,4.0,2.5,11.833333333333334,0.2112676056338028
thresh B=1 th=1 N=2,2,8,4.0,2.5,9.5,0.2631578947368421
thresh B=0 th=.5 N=3 eps=1,2,8,4.0,2.5,18.0,0.1388888888888889
cap B0=1 eps=1 Bmax=3,2,8,4.0,2.5,9.5,0.2631578947368421
cap B0=1 eps=.5 Bmax=1,2,8,4.0,2.5,8.5,0.29411764705882354
cap+cnt B=1 e=1 th=1 N=2 Bm=4,2,8,4.0,2.5,11.0,0.22727272727272727
skip N=2 (work channel off),2,8,4.0,2.5,12.0,0.20833333333333334
skip N=5 (work channel off),2,8,4.0,2.5,18.0,0.1388888888888889
fixed B=0,2,4,4.0,0.0,8.0,0.0
fixed B=1,2,4,4.0,0.0,8.5,0.0
fixed B=4,2,4,4.0,0.0,10.0,0.0
rel B0=0 eps=.5,2,4,4.0,0.0,11.666666666666666,0.0
rel B0=1 eps=1,2,4,4.0,0.0,20.0,0.0
qlen B0=0 gam=1,2,4,4.0,0.0,8.5,0.0
qlen B0=1 gam=.5 eps=.5,2,4,4.0,0.0,12.666666666666666,0.0
thresh B=1 th=1 N=2,2,4,4.0,0.0,9.5,0.0
thresh B=0 th=.5 N=3 eps=1,2,4,4.0,0.0,20.5,0.0
cap B0=1 eps=1 Bmax=3,2,4,4.0,0.0,9.5,0.0
cap B0=1 eps=.5 Bmax=1,2,4,4.0,0.0,8.5,0.0
cap+cnt B=1 e=1 th=1 N=2 Bm=4,2,4,4.0,0.0,11.0,0.0
skip N=2 (work channel off),2,4,4.0,0.0,12.0,0.0
skip N=5 (work channel off),2,4,4.0,0.0,18.0,0.0
fixed B=0,3,8,4.0,0.0,9.333333333333334,0.0
fixed B=1,3,8,4.0,0.0,9.666666666666666,0.0
fixed B=4,3,8,4.0,0.0,10.666666666666666,0.0
rel B0=0 eps=.5,3,8,4.0,0.5,11.3,0.04424778761061947
rel B0=1 eps=1,3,8,4.0,0.0,14.75,0.0
rel B0=0 eps=2,3,8,4.0,0.5,29.0,0.017241379310344827
qlen B0=0 gam=1,3,8,4.0,0.0,9.666666666666666,0.0
qlen B0=1 gam=.5 eps=.5,3,8,4.0,0.0,11.9,0.0
thresh B=1 th=1 N=2,3,8,4.0,0.0,10.333333333333334,0.0
thresh B=0 th=.5 N=3 eps=1,3,8,4.0,0.5,15.0,0.03333333333333333
cap B0=1 eps=1 Bmax=3,3,8,4.0,0.0,10.333333333333334,0.0
cap B0=0 eps=2 Bmax=2,3,8,4.0,0.5,10.0,0.05
cap B0=1 eps=.5 Bmax=1,3,8,4.0,0.0,9.666666666666666,0.0
cap+cnt B=1 e=1 th=1 N=2 Bm=4,3,8,4.0,0.0,11.333333333333334,0.0
skip N=2 (work channel off),3,8,4.0,0.0,12.0,0.0
skip N=5 (work channel off),3,8,4.0,0.0,16.0,0.0
fixed B=0,3,7,4.0,0.0,9.333333333333334,0.0
fixed B=1,3,7,4.0,0.0,9.666666666666666,0.0
fixed B=4,3,7,4.0,0.0,10.666666666666666,0.0
rel B0=0 eps=.5,3,7,4.0,0.0,11.4,0.0
rel B0=1 eps=1,3,7,4.0,0.0,15.0,0.0
rel B0=0 eps=2,3,7,4.0,0.0,30.0,0.0
qlen B0=0 gam=1,3,7,4.0,0.0,9.666666666666666,0.0
qlen B0=1 gam=.5 eps=.5,3,7,4.0,0.0,11.8,0.0
thresh B=1 th=1 N=2,3,7,4.0,0.0,10.333333333333334,0.0
thresh B=0 th=.5 N=3 eps=1,3,7,4.0,0.0,15.25,0.0
cap B0=1 eps=1 Bmax=3,3,7,4.0,0.0,10.333333333333334,0.0
cap B0=0 eps=2 Bmax=2,3,7,4.0,0.0,10.0,0.0
cap B0=1 eps=.5 Bmax=1,3,7,4.0,0.0,9.666666666666666,0.0
cap+cnt B=1 e=1 th=1 N=2 Bm=4,3,7,4.0,0.0,11.333333333333334,0.0
skip N=2 (work channel off),3,7,4.0,0.0,12.0,0.0
skip N=5 (work channel off),3,7,4.0,0.0,16.0,0.0
fixed B=0,3,5,4.0,0.0,9.333333333333334,0.0
fixed B=1,3,5,4.0,0.0,9.666666666666666,0.0
fixed B=4,3,5,4.0,0.0,10.666666666666666,0.0
rel B0=0 eps=.5,3,5,4.0,0.0,11.2,0.0
rel B0=1 eps=1,3,5,4.0,0.0,14.5,0.0
rel B0=0 eps=2,3,5,4.0,0.0,28.0,0.0
qlen B0=0 gam=1,3,5,4.0,0.0,9.666666666666666,0.0
qlen B0=1 gam=.5 eps=.5,3,5,4.0,0.0,11.8,0.0
thresh B=1 th=1 N=2,3,5,4.0,0.0,10.333333333333334,0.0
thresh B=0 th=.5 N=3 eps=1,3,5,4.0,0.0,14.75,0.0
cap B0=1 eps=1 Bmax=3,3,5,4.0,0.0,10.333333333333334,0.0
cap B0=0 eps=2 Bmax=2,3,5,4.0,0.0,10.0,0.0
cap B0=1 eps=.5 Bmax=1,3,5,4.0,0.0,9.666666666666666,0.0
cap+cnt B=1 e=1 th=1 N=2 Bm=4,3,5,4.0,0.0,11.333333333333334,0.0
skip N=2 (work channel off),3,5,4.0,0.0,12.0,0.0
skip N=5 (work channel off),3,5,4.0,0.0,16.0,0.0
fixed B=0,2,3,4.0,0.0,8.0,0.0
fixed B=1,2,3,4.0,0.0,8.5,0.0
fixed B=4,2,3,4.0,0.0,10.0,0.0
rel B0=0 eps=.5,2,3,4.0,0.0,10.666666666666666,0.0
rel B0=1 eps=1,2,3,4.0,0.0,17.0,0.0
qlen B0=0 gam=1,2,3,4.0,0.0,8.0,0.0
qlen B0=1 gam=.5 eps=.5,2,3,4.0,0.0,11.333333333333334,0.0
thresh B=1 th=1 N=2,2,3,4.0,0.0,9.5,0.0
thresh B=0 th=.5 N=3 eps=1,2,3,4.0,0.0,17.5,0.0
cap B0=1 eps=1 Bmax=3,2,3,4.0,0.0,9.5,0.0
cap B0=1 eps=.5 Bmax=1,2,3,4.0,0.0,8.5,0.0
cap+cnt B=1 e=1 th=1 N=2 Bm=4,2,3,4.0,0.0,11.0,0.0
skip N=2 (work channel off),2,3,4.0,0.0,12.0,0.0
skip N=5 (work channel off),2,3,4.0,0.0,18.0,0.0
fixed B=0,1,5,4.0,0.0,4.0,0.0
fixed B=1,1,5,4.0,4.0,5.0,0.8
fixed B=4,1,5,4.0,4.0,8.0,0.5
rel B0=0 eps=.5,1,5,4.0,0.5,15.0,0.034482758620689655
qlen B0=0 gam=1,1,5,4.0,0.5,7.0,0.1
qlen B0=1 gam=.5 eps=.5,1,5,4.0,4.0,20.0,0.4
thresh B=1 th=1 N=2,1,5,4.0,4.0,7.0,0.5714285714285714
cap B0=1 eps=.5 Bmax=1,1,5,4.0,4.0,5.0,0.8
skip N=2 (work channel off),1,5,4.0,4.0,12.0,0.3333333333333333
skip N=5 (work channel off),1,5,4.0,4.0,24.0,0.16666666666666666
fixed B=0,1,5,4.0,0.0,4.0,0.0
fixed B=1,1,5,4.0,4.0,5.0,0.8
fixed B=4,1,5,4.0,4.0,8.0,0.5
rel B0=0 eps=.5,1,5,4.0,4.0,14.5,0.34782608695652173
qlen B0=0 gam=1,1,5,4.0,4.0,6.0,0.8
qlen B0=1 gam=.5 eps=.5,1,5,4.0,4.0,17.5,0.2962962962962963
thresh B=1 th=1 N=2,1,5,4.0,4.0,7.0,0.5714285714285714
cap B0=1 eps=.5 Bmax=1,1,5,4.0,4.0,5.0,0.8
skip N=2 (work channel off),1,5,4.0,4.0,12.0,0.3333333333333333
skip N=5 (work channel off),1,5,4.0,4.0,24.0,0.16666666666666666
fixed B=0,3,4,0.5,0.0,1.1666666666666667,0.0
fixed B=1,3,4,0.5,0.0,1.5,0.0
fixed B=4,3,4,0.5,0.0,2.5,0.0
rel B0=0 eps=.5,3,4,0.5,0.0,1.4,0.0
rel B0=1 eps=1,3,4,0.5,0.0,2.25,0.0
rel B0=0 eps=2,3,4,0.5,0.0,3.5,0.0
qlen B0=0 gam=1,3,4,0.5,0.0,1.5,0.0
qlen B0=1 gam=.5 eps=.5,3,4,0.5,0.0,2.0,0.0
thresh B=1 th=1 N=2,3,4,0.5,0.0,2.1666666666666665,0.0
thresh B=0 th=.5 N=3 eps=1,3,4,0.5,0.0,2.5,0.0
cap B0=1 eps=1 Bmax=3,3,4,0.5,0.0,2.1666666666666665,0.0
cap B0=0 eps=2 Bmax=2,3,4,0.5,0.0,1.8333333333333333,0.0
cap B0=1 eps=.5 Bmax=1,3,4,0.5,0.0,1.5,0.0
cap+cnt B=1 e=1 th=1 N=2 Bm=4,3,4,0.5,0.0,3.1666666666666665,0.0
skip N=2 (work channel off),3,4,0.5,0.0,3.8333333333333335,0.0
skip N=5 (work channel off),3,4,0.5,0.0,7.833333333333333,0.0
fixed B=0,1,4,4.0,0.0,4.0,0.0
fixed B=1,1,4,4.0,0.0,5.0,0.0
fixed B=4,1,4,4.0,0.0,8.0,0.0
rel B0=0 eps=.5,1,4,4.0,0.0,15.5,0.0
qlen B0=0 gam=1,1,4,4.0,0.0,6.0,0.0
qlen B0=1 gam=.5 eps=.5,1,4,4.0,0.0,18.5,0.0
thresh B=1 th=1 N=2,1,4,4.0,0.0,7.0,0.0
cap B0=1 eps=.5 Bmax=1,1,4,4.0,0.0,5.0,0.0
skip N=2 (work channel off),1,4,4.0,0.0,12.0,0.0
skip N=5 (work channel off),1,4,4.0,0.0,24.0,0.0
fixed B=0,1,3,4.0,0.0,4.0,0.0
fixed B=1,1,3,4.0,0.0,5.0,0.0
fixed B=4,1,3,4.0,0.0,8.0,0.0
rel B0=0 eps=.5,1,3,4.0,0.0,8.0,0.0
qlen B0=0 gam=1,1,3,4.0,0.0,4.0,0.0
qlen B0=1 gam=.5 eps=.5,1,3,4.0,0.0,10.0,0.0
thresh B=1 th=1 N=2,1,3,4.0,0.0,7.0,0.0
cap B0=1 eps=.5 Bmax=1,1,3,4.0,0.0,5.0,0.0
skip N=2 (work channel off),1,3,4.0,0.0,12.0,0.0
skip N=5 (work channel off),1,3,4.0,0.0,24.0,0.0
fixed B=0,3,6,4.0,0.0,9.333333333333334,0.0
fixed B=1,3,6,4.0,0.0,9.666666666666666,0.0
fixed B=4,3,6,4.0,0.0,10.666666666666666,0.0
rel B0=0 eps=.5,3,6,4.0,0.0,11.6,0.0
rel B0=1 eps=1,3,6,4.0,0.0,15.5,0.0
rel B0=0 eps=2,3,6,4.0,0.0,32.0,0.0
qlen B0=0 gam=1,3,6,4.0,0.0,9.666666666666666,0.0
qlen B0=1 gam=.5 eps=.5,3,6,4.0,0.0,12.2,0.0
thresh B=1 th=1 N=2,3,6,4.0,0.0,10.333333333333334,0.0
thresh B=0 th=.5 N=3 eps=1,3,6,4.0,0.0,15.75,0.0
cap B0=1 eps=1 Bmax=3,3,6,4.0,0.0,10.333333333333334,0.0
cap B0=0 eps=2 Bmax=2,3,6,4.0,0.0,10.0,0.0
cap B0=1 eps=.5 Bmax=1,3,6,4.0,0.0,9.666666666666666,0.0
cap+cnt B=1 e=1 th=1 N=2 Bm=4,3,6,4.0,0.0,11.333333333333334,0.0
skip N=2 (work channel off),3,6,4.0,0.0,12.0,0.0
skip N=5 (work channel off),3,6,4.0,0.0,16.0,0.0
fixed B=0,2,4,4.0,0.0,8.0,0.0
fixed B=1,2,4,4.0,0.0,8.5,0.0
fixed B=4,2,4,4.0,0.0,10.0,0.0
rel B0=0 eps=.5,2,4,4.0,0.0,10.833333333333334,0.0
rel B0=1 eps=1,2,4,4.0,0.0,17.5,0.0
qlen B0=0 gam=1,2,4,4.0,0.0,8.5,0.0
qlen B0=1 gam=.5 eps=.5,2,4,4.0,0.0,11.833333333333334,0.0
thresh B=1 th=1 N=2,2,4,4.0,0.0,9.5,0.0
thresh B=0 th=.5 N=3 eps=1,2,4,4.0,0.0,18.0,0.0
cap B0=1 eps=1 Bmax=3,2,4,4.0,0.0,9.5,0.0
cap B0=1 eps=.5 Bmax=1,2,4,4.0,0.0,8.5,0.0
cap+cnt B=1 e=1 th=1 N=2 Bm=4,2,4,4.0,0.0,11.0,0.0
skip N=2 (work channel off),2,4,4.0,0.0,12.0,0.0
skip N=5 (work channel off),2,4,4.0,0.0,18.0,0.0
fixed B=0,2,4,4.0,0.0,8.0,0.0
fixed B=1,2,4,4.0,0.0,8.5,0.0
fixed B=4,2,4,4.0,0.0,10.0,0.0
rel B0=0 eps=.5,2,4,4.0,0.0,10.666666666666666,0.0
rel B0=1 eps=1,2,4,4.0,0.0,17.0,0.0
qlen B0=0 gam=1,2,4,4.0,0.0,8.0,0.0
qlen B0=1 gam=.5 eps=.5,2,4,4.0,0.0,11.333333333333334,0.0
thresh B=1 th=1 N=2,2,4,4.0,0.0,9.5,0.0
thresh B=0 th=.5 N=3 eps=1,2,4,4.0,0.0,17.5,0.0
cap B0=1 eps=1 Bmax=3,2,4,4.0,0.0,9.5,0.0
cap B0=1 eps=.5 Bmax=1,2,4,4.0,0.0,8.5,0.0
cap+cnt B=1 e=1 th=1 N=2 Bm=4,2,4,4.0,0.0,11.0,0.0
skip N=2 (work channel off),2,4,4.0,0.0,12.0,0.0
skip N=5 (work channel off),2,4,4.0,0.0,18.0,0.0
fixed B=0,1,9,4.0,0.0,4.0,0.0
fixed B=1,1,9,4.0,0.0,5.0,0.0
fixed B=4,1,9,4.0,0.0,8.0,0.0
rel B0=0 eps=.5,1,9,4.0,0.0,25.5,0.0
qlen B0=0 gam=1,1,9,4.0,0.0,8.0,0.0
qlen B0=1 gam=.5 eps=.5,1,9,4.0,0.0,31.5,0.0
thresh B=1 th=1 N=2,1,9,4.0,0.0,7.0,0.0
cap B0=1 eps=.5 Bmax=1,1,9,4.0,0.0,5.0,0.0
skip N=2 (work channel off),1,9,4.0,0.0,12.0,0.0
skip N=5 (work channel off),1,9,4.0,0.0,24.0,0.0
fixed B=0,3,7,4.0,0.0,9.333333333333334,0.0
fixed B=1,3,7,4.0,0.0,9.666666666666666,0.0
fixed B=4,3,7,4.0,0.0,10.666666666666666,0.0
rel B0=0 eps=.5,3,7,4.0,0.0,11.4,0.0
rel B0=1 eps=1,3,7,4.0,0.0,15.0,0.0
rel B0=0 eps=2,3,7,4.0,0.0,30.0,0.0
qlen B0=0 gam=1,3,7,4.0,0.0,9.666666666666666,0.0
qlen B0=1 gam=.5 eps=.5,3,7,4.0,0.0,12.0,0.0
thresh B=1 th=1 N=2,3,7,4.0,0.0,10.333333333333334,0.0
thresh B=0 th=.5 N=3 eps=1,3,7,4.0,0.0,15.25,0.0
cap B0=1 eps=1 Bmax=3,3,7,4.0,0.0,10.333333333333334,0.0
cap B0=0 eps=2 Bmax=2,3,7,4.0,0.0,10.0,0.0
cap B0=1 eps=.5 Bmax=1,3,7,4.0,0.0,9.666666666666666,0.0
cap+cnt B=1 e=1 th=1 N=2 Bm=4,3,7,4.0,0.0,11.333333333333334,0.0
skip N=2 (work channel off),3,7,4.0,0.0,12.0,0.0
skip N=5 (work channel off),3,7,4.0,0.0,16.0,0.0
fixed B=0,2,4,4.0,0.0,8.0,0.0
fixed B=1,2,4,4.0,0.0,8.5,0.0
fixed B=4,2,4,4.0,0.0,10.0,0.0
rel B0=0 eps=.5,2,4,4.0,0.0,10.666666666666666,0.0
rel B0=1 eps=1,2,4,4.0,0.0,17.0,0.0
qlen B0=0 gam=1,2,4,4.0,0.0,8.5,0.0
qlen B0=1 gam=.5 eps=.5,2,4,4.0,0.0,11.666666666666666,0.0
thresh B=1 th=1 N=2,2,4,4.0,0.0,9.5,0.0
thresh B=0 th=.5 N=3 eps=1,2,4,4.0,0.0,17.5,0.0
cap B0=1 eps=1 Bmax=3,2,4,4.0,0.0,9.5,0.0
cap B0=1 eps=.5 Bmax=1,2,4,4.0,0.0,8.5,0.0
cap+cnt B=1 e=1 th=1 N=2 Bm=4,2,4,4.0,0.0,11.0,0.0
skip N=2 (work channel off),2,4,4.0,0.0,12.0,0.0
skip N=5 (work channel off),2,4,4.0,0.0,18.0,0.0
fixed B=0,1,6,4.0,0.0,4.0,0.0
fixed B=1,1,6,4.0,0.0,5.0,0.0
fixed B=4,1,6,4.0,0.0,8.0,0.0
rel B0=0 eps=.5,1,6,4.0,0.0,18.0,0.0
qlen B0=0 gam=1,1,6,4.0,0.0,6.0,0.0
qlen B0=1 gam=.5 eps=.5,1,6,4.0,0.0,22.0,0.0
thresh B=1 th=1 N=2,1,6,4.0,0.0,7.0,0.0
cap B0=1 eps=.5 Bmax=1,1,6,4.0,0.0,5.0,0.0
skip N=2 (work channel off),1,6,4.0,0.0,12.0,0.0
skip N=5 (work channel off),1,6,4.0,0.0,24.0,0.0
fixed B=0,1,7,4.0,0.0,4.0,0.0
fixed B=1,1,7,4.0,4.0,5.0,0.8
fixed B=4,1,7,4.0,4.0,8.0,0.5
rel B0=0 eps=.5,1,7,4.0,4.0,17.5,0.22857142857142856
qlen B0=0 gam=1,1,7,4.0,4.0,8.0,0.6666666666666666
qlen B0=1 gam=.5 eps=.5,1,7,4.0,4.0,23.5,0.4
thresh B=1 th=1 N=2,1,7,4.0,4.0,7.0,0.5714285714285714
cap B0=1 eps=.5 Bmax=1,1,7,4.0,4.0,5.0,0.8
skip N=2 (work channel off),1,7,4.0,8.0,12.0,0.6666666666666666
skip N=5 (work channel off),1,7,4.0,12.0,24.0,0.5
fixed B=0,3,6,4.0,0.0,9.333333333333334,0.0
fixed B=1,3,6,4.0,0.0,9.666666666666666,0.0
fixed B=4,3,6,4.0,0.0,10.666666666666666,0.0
rel B0=0 eps=.5,3,6,4.0,0.0,11.2,0.0
rel B0=1 eps=1,3,6,4.0,0.0,14.5,0.0
rel B0=0 eps=2,3,6,4.0,0.0,28.0,0.0
qlen B0=0 gam=1,3,6,4.0,0.0,9.666666666666666,0.0
qlen B0=1 gam=.5 eps=.5,3,6,4.0,0.0,11.8,0.0
thresh B=1 th=1 N=2,3,6,4.0,0.0,10.333333333333334,0.0
thresh B=0 th=.5 N=3 eps=1,3,6,4.0,0.0,14.75,0.0
cap B0=1 eps=1 Bmax=3,3,6,4.0,0.0,10.333333333333334,0.0
cap B0=0 eps=2 Bmax=2,3,6,4.0,0.0,10.0,0.0
cap B0=1 eps=.5 Bmax=1,3,6,4.0,0.0,9.666666666666666,0.0
cap+cnt B=1 e=1 th=1 N=2 Bm=4,3,6,4.0,0.0,11.333333333333334,0.0
skip N=2 (work channel off),3,6,4.0,0.0,12.0,0.0
skip N=5 (work channel off),3,6,4.0,0.0,16.0,0.0
fixed B=0,2,3,4.0,0.0,8.0,0.0
fixed B=1,2,3,4.0,0.0,8.5,0.0
fixed B=4,2,3,4.0,0.0,10.0,0.0
rel B0=0 eps=.5,2,3,4.0,0.0,10.833333333333334,0.0
rel B0=1 eps=1,2,3,4.0,0.0,17.5,0.0
qlen B0=0 gam=1,2,3,4.0,0.0,9.0,0.0
qlen B0=1 gam=.5 eps=.5,2,3,4.0,0.0,12.166666666666666,0.0
thresh B=1 th=1 N=2,2,3,4.0,0.0,9.5,0.0
thresh B=0 th=.5 N=3 eps=1,2,3,4.0,0.0,18.0,0.0
cap B0=1 eps=1 Bmax=3,2,3,4.0,0.0,9.5,0.0
cap B0=1 eps=.5 Bmax=1,2,3,4.0,0.0,8.5,0.0
cap+cnt B=1 e=1 th=1 N=2 Bm=4,2,3,4.0,0.0,11.0,0.0
skip N=2 (work channel off),2,3,4.0,0.0,12.0,0.0
skip N=5 (work channel off),2,3,4.0,0.0,18.0,0.0
fixed B=0,2,7,4.0,0.0,8.0,0.0
fixed B=1,2,7,4.0,0.0,8.5,0.0
fixed B=4,2,7,4.0,0.0,10.0,0.0
rel B0=0 eps=.5,2,7,4.0,0.0,11.166666666666666,0.0
rel B0=1 eps=1,2,7,4.0,0.0,18.5,0.0
qlen B0=0 gam=1,2,7,4.0,0.0,8.5,0.0
qlen B0=1 gam=.5 eps=.5,2,7,4.0,0.0,12.166666666666666,0.0
thresh B=1 th=1 N=2,2,7,4.0,0.0,9.5,0.0
thresh B=0 th=.5 N=3 eps=1,2,7,4.0,0.0,19.0,0.0
cap B0=1 eps=1 Bmax=3,2,7,4.0,0.0,9.5,0.0
cap B0=1 eps=.5 Bmax=1,2,7,4.0,0.0,8.5,0.0
cap+cnt B=1 e=1 th=1 N=2 Bm=4,2,7,4.0,0.0,11.0,0.0
skip N=2 (work channel off),2,7,4.0,0.0,12.0,0.0
skip N=5 (work channel off),2,7,4.0,0.0,18.0,0.0
fixed B=0,3,6,4.0,0.0,9.333333333333334,0.0
fixed B=1,3,6,4.0,0.0,9.666666666666666,0.0
fixed B=4,3,6,4.0,0.0,10.666666666666666,0.0
rel B0=0 eps=.5,3,6,4.0,0.0,11.2,0.0
rel B0=1 eps=1,3,6,4.0,0.0,14.5,0.0
rel B0=0 eps=2,3,6,4.0,0.0,28.0,0.0
qlen B0=0 gam=1,3,6,4.0,0.0,9.666666666666666,0.0
qlen B0=1 gam=.5 eps=.5,3,6,4.0,0.0,11.8,0.0
thresh B=1 th=1 N=2,3,6,4.0,0.0,10.333333333333334,0.0
thresh B=0 th=.5 N=3 eps=1,3,6,4.0,0.0,14.75,0.0
cap B0=1 eps=1 Bmax=3,3,6,4.0,0.0,10.333333333333334,0.0
cap B0=0 eps=2 Bmax=2,3,6,4.0,0.0,10.0,0.0
cap B0=1 eps=.5 Bmax=1,3,6,4.0,0.0,9.666666666666666,0.0
cap+cnt B=1 e=1 th=1 N=2 Bm=4,3,6,4.0,0.0,11.333333333333334,0.0
skip N=2 (work channel off),3,6,4.0,0.0,12.0,0.0
skip N=5 (work channel off),3,6,4.0,0.0,16.0,0.0
fixed B=0,1,5,4.0,0.0,4.0,0.0
fixed B=1,1,5,4.0,4.5,5.0,0.9
fixed B=4,1,5,4.0,4.5,8.0,0.5625
rel B0=0 eps=.5,1,5,4.0,4.5,12.5,0.45
qlen B0=0 gam=1,1,5,4.0,0.0,6.0,0.0
qlen B0=1 gam=.5 eps=.5,1,5,4.0,4.5,16.5,0.375
thresh B=1 th=1 N=2,1,5,4.0,4.5,7.0,0.6428571428571429
cap B0=1 eps=.5 Bmax=1,1,5,4.0,4.5,5.0,0.9
skip N=2 (work channel off),1,5,4.0,4.5,12.0,0.375
skip N=5 (work channel off),1,5,4.0,4.5,24.0,0.1875
fixed B=0,1,7,4.0,0.0,4.0,0.0
fixed B=1,1,7,4.0,0.0,5.0,0.0
fixed B=4,1,7,4.0,0.0,8.0,0.0
rel B0=0 eps=.5,1,7,4.0,0.0,16.0,0.0
qlen B0=0 gam=1,1,7,4.0,0.0,6.0,0.0
qlen B0=1 gam=.5 eps=.5,1,7,4.0,0.0,20.0,0.0
thresh B=1 th=1 N=2,1,7,4.0,0.0,7.0,0.0
cap B0=1 eps=.5 Bmax=1,1,7,4.0,0.0,5.0,0.0
skip N=2 (work channel off),1,7,4.0,0.0,12.0,0.0
skip N=5 (work channel off),1,7,4.0,0.0,24.0,0.0
fixed B=0,1,3,4.0,0.0,4.0,0.0
fixed B=1,1,3,4.0,0.0,5.0,0.0
fixed B=4,1,3,4.0,0.0,8.0,0.0
rel B0=0 eps=.5,1,3,4.0,0.0,12.0,0.0
qlen B0=0 gam=1,1,3,4.0,0.0,5.0,0.0
qlen B0=1 gam=.5 eps=.5,1,3,4.0,0.0,15.0,0.0
thresh B=1 th=1 N=2,1,3,4.0,0.0,7.0,0.0
cap B0=1 eps=.5 Bmax=1,1,3,4.0,0.0,5.0,0.0
skip N=2 (work channel off),1,3,4.0,0.0,12.0,0.0
skip N=5 (work channel off),1,3,4.0,0.0,24.0,0.0
fixed B=0,3,4,4.0,0.0,9.333333333333334,0.0
fixed B=1,3,4,4.0,0.0,9.666666666666666,0.0
fixed B=4,3,4,4.0,0.0,10.666666666666666,0.0
rel B0=0 eps=.5,3,4,4.0,0.0,11.2,0.0
rel B0=1 eps=1,3,4,4.0,0.0,14.5,0.0
rel B0=0 eps=2,3,4,4.0,0.0,28.0,0.0
qlen B0=0 gam=1,3,4,4.0,0.0,9.333333333333334,0.0
qlen B0=1 gam=.5 eps=.5,3,4,4.0,0.0,11.6,0.0
thresh B=1 th=1 N=2,3,4,4.0,0.0,10.333333333333334,0.0
thresh B=0 th=.5 N=3 eps=1,3,4,4.0,0.0,14.75,0.0
cap B0=1 eps=1 Bmax=3,3,4,4.0,0.0,10.333333333333334,0.0
cap B0=0 eps=2 Bmax=2,3,4,4.0,0.0,10.0,0.0
cap B0=1 eps=.5 Bmax=1,3,4,4.0,0.0,9.666666666666666,0.0
cap+cnt B=1 e=1 th=1 N=2 Bm=4,3,4,4.0,0.0,11.333333333333334,0.0
skip N=2 (work channel off),3,4,4.0,0.0,12.0,0.0
skip N=5 (work channel off),3,4,4.0,0.0,16.0,0.0
fixed B=0,1,4,4.0,0.0,4.0,0.0
fixed B=1,1,4,4.0,0.0,5.0,0.0
fixed B=4,1,4,4.0,0.0,8.0,0.0
rel B0=0 eps=.5,1,4,4.0,0.0,8.0,0.0
qlen B0=0 gam=1,1,4,4.0,0.0,4.0,0.0
qlen B0=1 gam=.5 eps=.5,1,4,4.0,0.0,10.0,0.0
thresh B=1 th=1 N=2,1,4,4.0,0.0,7.0,0.0
cap B0=1 eps=.5 Bmax=1,1,4,4.0,0.0,5.0,0.0
skip N=2 (work channel off),1,4,4.0,0.0,12.0,0.0
skip N=5 (work channel off),1,4,4.0,0.0,24.0,0.0
fixed B=0,1,4,4.0,0.0,4.0,0.0
fixed B=1,1,4,4.0,4.0,5.0,0.8
fixed B=4,1,4,4.0,4.0,8.0,0.5
rel B0=0 eps=.5,1,4,4.0,4.0,13.5,0.36363636363636365
qlen B0=0 gam=1,1,4,4.0,0.0,6.0,0.0
qlen B0=1 gam=.5 eps=.5,1,4,4.0,8.0,17.5,0.6153846153846154
thresh B=1 th=1 N=2,1,4,4.0,4.0,7.0,0.5714285714285714
cap B0=1 eps=.5 Bmax=1,1,4,4.0,4.0,5.0,0.8
skip N=2 (work channel off),1,4,4.0,8.0,12.0,0.6666666666666666
skip N=5 (work channel off),1,4,4.0,8.0,24.0,0.3333333333333333
fixed B=0,1,4,4.0,0.0,4.0,0.0
fixed B=1,1,4,4.0,0.0,5.0,0.0
fixed B=4,1,4,4.0,0.0,8.0,0.0
rel B0=0 eps=.5,1,4,4.0,0.0,11.0,0.0
qlen B0=0 gam=1,1,4,4.0,0.0,6.0,0.0
qlen B0=1 gam=.5 eps=.5,1,4,4.0,0.0,15.0,0.0
thresh B=1 th=1 N=2,1,4,4.0,0.0,7.0,0.0
cap B0=1 eps=.5 Bmax=1,1,4,4.0,0.0,5.0,0.0
skip N=2 (work channel off),1,4,4.0,0.0,12.0,0.0
skip N=5 (work channel off),1,4,4.0,0.0,24.0,0.0
fixed B=0,2,5,4.0,0.0,8.0,0.0
fixed B=1,2,5,4.0,0.0,8.5,0.0
fixed B=4,2,5,4.0,0.0,10.0,0.0
rel B0=0 eps=.5,2,5,4.0,0.0,10.833333333333334,0.0
rel B0=1 eps=1,2,5,4.0,0.0,17.5,0.0
qlen B0=0 gam=1,2,5,4.0,0.0,8.5,0.0
qlen B0=1 gam=.5 eps=.5,2,5,4.0,0.0,11.833333333333334,0.0
thresh B=1 th=1 N=2,2,5,4.0,0.0,9.5,0.0
thresh B=0 th=.5 N=3 eps=1,2,5,4.0,0.0,18.0,0.0
cap B0=1 eps=1 Bmax=3,2,5,4.0,0.0,9.5,0.0
cap B0=1 eps=.5 Bmax=1,2,5,4.0,0.0,8.5,0.0
cap+cnt B=1 e=1 th=1 N=2 Bm=4,2,5,4.0,0.0,11.0,0.0
skip N=2 (work channel off),2,5,4.0,0.0,12.0,0.0
skip N=5 (work channel off),2,5,4.0,0.0,18.0,0.0
fixed B=0,1,5,4.0,0.0,4.0,0.0
fixed B=1,1,5,4.0,4.0,5.0,0.8
fixed B=4,1,5,4.0,4.0,8.0,0.5
rel B0=0 eps=.5,1,5,4.0,4.0,10.5,0.38095238095238093
qlen B0=0 gam=1,1,5,4.0,4.0,6.0,0.8
qlen B0=1 gam=.5 eps=.5,1,5,4.0,4.0,14.0,0.2962962962962963
thresh B=1 th=1 N=2,1,5,4.0,4.0,7.0,0.5714285714285714
cap B0=1 eps=.5 Bmax=1,1,5,4.0,4.0,5.0,0.8
skip N=2 (work channel off),1,5,4.0,4.0,12.0,0.3333333333333333
skip N=5 (work channel off),1,5,4.0,4.0,24.0,0.16666666666666666
fixed B=0,1,2,4.0,0.0,4.0,0.0
fixed B=1,1,2,4.0,0.0,5.0,0.0
fixed B=4,1,2,4.0,0.0,8.0,0.0
rel B0=0 eps=.5,1,2,4.0,0.0,11.5,0.0
qlen B0=0 gam=1,1,2,4.0,0.0,4.0,0.0
qlen B0=1 gam=.5 eps=.5,1,2,4.0,0.0,13.5,0.0
thresh B=1 th=1 N=2,1,2,4.0,0.0,7.0,0.0
cap B0=1 eps=.5 Bmax=1,1,2,4.0,0.0,5.0,0.0
skip N=2 (work channel off),1,2,4.0,0.0,12.0,0.0
skip N=5 (work channel off),1,2,4.0,0.0,24.0,0.0
fixed B=0,1,3,4.0,0.0,4.0,0.0
fixed B=1,1,3,4.0,0.0,5.0,0.0
fixed B=4,1,3,4.0,0.0,8.0,0.0
rel B0=0 eps=.5,1,3,4.0,0.0,13.5,0.0
qlen B0=0 gam=1,1,3,4.0,0.0,5.0,0.0
qlen B0=1 gam=.5 eps=.5,1,3,4.0,0.0,16.5,0.0
thresh B=1 th=1 N=2,1,3,4.0,0.0,7.0,0.0
cap B0=1 eps=.5 Bmax=1,1,3,4.0,0.0,5.0,0.0
skip N=2 (work channel off),1,3,4.0,0.0,12.0,0.0
skip N=5 (work channel off),1,3,4.0,0.0,24.0,0.0
fixed B=0,2,6,4.0,0.0,8.0,0.0
fixed B=1,2,6,4.0,0.0,8.5,0.0
fixed B=4,2,6,4.0,0.0,10.0,0.0
rel B0=0 eps=.5,2,6,4.0,0.0,11.333333333333334,0.0
rel B0=1 eps=1,2,6,4.0,0.0,19.0,0.0
qlen B0=0 gam=1,2,6,4.0,0.0,8.0,0.0
qlen B0=1 gam=.5 eps=.5,2,6,4.0,0.0,12.0,0.0
thresh B=1 th=1 N=2,2,6,4.0,0.0,9.5,0.0
thresh B=0 th=.5 N=3 eps=1,2,6,4.0,0.0,19.5,0.0
cap B0=1 eps=1 Bmax=3,2,6,4.0,0.0,9.5,0.0
cap B0=1 eps=.5 Bmax=1,2,6,4.0,0.0,8.5,0.0
cap+cnt B=1 e=1 th=1 N=2 Bm=4,2,6,4.0,0.0,11.0,0.0
skip N=2 (work channel off),2,6,4.0,0.0,12.0,0.0
skip N=5 (work channel off),2,6,4.0,0.0,18.0,0.0
fixed B=0,3,4,4.0,0.0,9.333333333333334,0.0
fixed B=1,3,4,4.0,0.0,9.666666666666666,0.0
fixed B=4,3,4,4.0,0.0,10.666666666666666,0.0
rel B0=0 eps=.5,3,4,4.0,0.0,11.2,0.0
rel B0=1 eps=1,3,4,4.0,0.0,14.5,0.0
rel B0=0 eps=2,3,4,4.0,0.0,28.0,0.0
qlen B0=0 gam=1,3,4,4.0,0.0,9.666666666666666,0.0
qlen B0=1 gam=.5 eps=.5,3,4,4.0,0.0,11.8,0.0
thresh B=1 th=1 N=2,3,4,4.0,0.0,10.333333333333334,0.0
thresh B=0 th=.5 N=3 eps=1,3,4,4.0,0.0,14.75,0.0
cap B0=1 eps=1 Bmax=3,3,4,4.0,0.0,10.333333333333334,0.0
cap B0=0 eps=2 Bmax=2,3,4,4.0,0.0,10.0,0.0
cap B0=1 eps=.5 Bmax=1,3,4,4.0,0.0,9.666666666666666,0.0
cap+cnt B=1 e=1 th=1 N=2 Bm=4,3,4,4.0,0.0,11.333333333333334,0.0
skip N=2 (work channel off),3,4,4.0,0.0,12.0,0.0
skip N=5 (work channel off),3,4,4.0,0.0,16.0,0.0
fixed B=0,1,5,4.0,0.0,4.0,0.0
fixed B=1,1,5,4.0,0.0,5.0,0.0
fixed B=4,1,5,4.0,0.0,8.0,0.0
rel B0=0 eps=.5,1,5,4.0,0.0,18.5,0.0
qlen B0=0 gam=1,1,5,4.0,0.0,6.0,0.0
qlen B0=1 gam=.5 eps=.5,1,5,4.0,0.0,22.5,0.0
thresh B=1 th=1 N=2,1,5,4.0,0.0,7.0,0.0
cap B0=1 eps=.5 Bmax=1,1,5,4.0,0.0,5.0,0.0
skip N=2 (work channel off),1,5,4.0,0.0,12.0,0.0
skip N=5 (work channel off),1,5,4.0,0.0,24.0,0.0
fixed B=0,3,9,4.0,0.0,9.333333333333334,0.0
fixed B=1,3,9,4.0,0.0,9.666666666666666,0.0
fixed B=4,3,9,4.0,0.0,10.666666666666666,0.0
rel B0=0 eps=.5,3,9,4.0,2.5,11.7,0.22123893805309733
rel B0=1 eps=1,3,9,4.0,0.0,15.75,0.0
rel B0=0 eps=2,3,9,4.0,2.5,33.0,0.08620689655172414
qlen B0=0 gam=1,3,9,4.0,0.0,9.666666666666666,0.0
qlen B0=1 gam=.5 eps=.5,3,9,4.0,0.0,12.3,0.0
thresh B=1 th=1 N=2,3,9,4.0,0.0,10.333333333333334,0.0
thresh B=0 th=.5 N=3 eps=1,3,9,4.0,2.5,16.0,0.16666666666666666
cap B0=1 eps=1 Bmax=3,3,9,4.0,0.0,10.333333333333334,0.0
cap B0=0 eps=2 Bmax=2,3,9,4.0,2.5,10.0,0.25
cap B0=1 eps=.5 Bmax=1,3,9,4.0,0.0,9.666666666666666,0.0
cap+cnt B=1 e=1 th=1 N=2 Bm=4,3,9,4.0,0.0,11.333333333333334,0.0
skip N=2 (work channel off),3,9,4.0,0.0,12.0,0.0
skip N=5 (work channel off),3,9,4.0,0.0,16.0,0.0
fixed B=0,3,4,0.5,0.0,1.1666666666666667,0.0
fixed B=1,3,4,0.5,0.0,1.5,0.0
fixed B=4,3,4,0.5,0.0,2.5,0.0
rel B0=0 eps=.5,3,4,0.5,0.0,1.4,0.0
rel B0=1 eps=1,3,4,0.5,0.0,2.25,0.0
rel B0=0 eps=2,3,4,0.5,0.0,3.5,0.0
qlen B0=0 gam=1,3,4,0.5,0.0,1.1666666666666667,0.0
qlen B0=1 gam=.5 eps=.5,3,4,0.5,0.0,1.8,0.0
thresh B=1 th=1 N=2,3,4,0.5,0.0,2.1666666666666665,0.0
thresh B=0 th=.5 N=3 eps=1,3,4,0.5,0.0,2.5,0.0
cap B0=1 eps=1 Bmax=3,3,4,0.5,0.0,2.1666666666666665,0.0
cap B0=0 eps=2 Bmax=2,3,4,0.5,0.0,1.8333333333333333,0.0
cap B0=1 eps=.5 Bmax=1,3,4,0.5,0.0,1.5,0.0
cap+cnt B=1 e=1 th=1 N=2 Bm=4,3,4,0.5,0.0,3.1666666666666665,0.0
skip N=2 (work channel off),3,4,0.5,0.0,3.8333333333333335,0.0
skip N=5 (work channel off),3,4,0.5,0.0,7.833333333333333,0.0
fixed B=0,1,6,4.0,0.0,4.0,0.0
fixed B=1,1,6,4.0,0.0,5.0,0.0
fixed B=4,1,6,4.0,0.0,8.0,0.0
rel B0=0 eps=.5,1,6,4.0,0.0,15.5,0.0
qlen B0=0 gam=1,1,6,4.0,0.0,7.0,0.0
qlen B0=1 gam=.5 eps=.5,1,6,4.0,0.0,19.5,0.0
thresh B=1 th=1 N=2,1,6,4.0,0.0,7.0,0.0
cap B0=1 eps=.5 Bmax=1,1,6,4.0,0.0,5.0,0.0
skip N=2 (work channel off),1,6,4.0,0.0,12.0,0.0
skip N=5 (work channel off),1,6,4.0,0.0,24.0,0.0
fixed B=0,3,3,4.0,0.0,9.333333333333334,0.0
fixed B=1,3,3,4.0,0.0,9.666666666666666,0.0
fixed B=4,3,3,4.0,0.0,10.666666666666666,0.0
rel B0=0 eps=.5,3,3,4.0,0.0,11.2,0.0
rel B0=1 eps=1,3,3,4.0,0.0,14.5,0.0
rel B0=0 eps=2,3,3,4.0,0.0,28.0,0.0
qlen B0=0 gam=1,3,3,4.0,0.0,9.333333333333334,0.0
qlen B0=1 gam=.5 eps=.5,3,3,4.0,0.0,11.6,0.0
thresh B=1 th=1 N=2,3,3,4.0,0.0,10.333333333333334,0.0
thresh B=0 th=.5 N=3 eps=1,3,3,4.0,0.0,14.75,0.0
cap B0=1 eps=1 Bmax=3,3,3,4.0,0.0,10.333333333333334,0.0
cap B0=0 eps=2 Bmax=2,3,3,4.0,0.0,10.0,0.0
cap B0=1 eps=.5 Bmax=1,3,3,4.0,0.0,9.666666666666666,0.0
cap+cnt B=1 e=1 th=1 N=2 Bm=4,3,3,4.0,0.0,11.333333333333334,0.0
skip N=2 (work channel off),3,3,4.0,0.0,12.0,0.0
skip N=5 (work channel off),3,3,4.0,0.0,16.0,0.0
fixed B=0,3,2,0.5,0.0,1.1666666666666667,0.0
fixed B=1,3,2,0.5,0.0,1.5,0.0
fixed B=4,3,2,0.5,0.0,2.5,0.0
rel B0=0 eps=.5,3,2,0.5,0.0,1.4,0.0
rel B0=1 eps=1,3,2,0.5,0.0,2.25,0.0
rel B0=0 eps=2,3,2,0.5,0.0,3.5,0.0
qlen B0=0 gam=1,3,2,0.5,0.0,1.1666666666666667,0.0
qlen B0=1 gam=.5 eps=.5,3,2,0.5,0.0,1.8,0.0
thresh B=1 th=1 N=2,3,2,0.5,0.0,2.1666666666666665,0.0
thresh B=0 th=.5 N=3 eps=1,3,2,0.5,0.0,2.5,0.0
cap B0=1 eps=1 Bmax=3,3,2,0.5,0.0,2.1666666666666665,0.0
cap B0=0 eps=2 Bmax=2,3,2,0.5,0.0,1.8333333333333333,0.0
cap B0=1 eps=.5 Bmax=1,3,2,0.5,0.0,1.5,0.0
cap+cnt B=1 e=1 th=1 N=2 Bm=4,3,2,0.5,0.0,3.1666666666666665,0.0
skip N=2 (work channel off),3,2,0.5,0.0,3.8333333333333335,0.0
skip N=5 (work channel off),3,2,0.5,0.0,7.833333333333333,0.0
fixed B=0,2,3,4.0,0.0,8.0,0.0
fixed B=1,2,3,4.0,0.5,8.5,0.058823529411764705
fixed B=4,2,3,4.0,0.5,10.0,0.05
rel B0=0 eps=.5,2,3,4.0,0.0,11.5,0.0
rel B0=1 eps=1,2,3,4.0,0.5,19.5,0.029411764705882353
qlen B0=0 gam=1,2,3,4.0,0.0,8.5,0.0
qlen B0=1 gam=.5 eps=.5,2,3,4.0,0.5,12.5,0.044117647058823525
thresh B=1 th=1 N=2,2,3,4.0,0.5,9.5,0.05263157894736842
thresh B=0 th=.5 N=3 eps=1,2,3,4.0,0.0,20.0,0.0
cap B0=1 eps=1 Bmax=3,2,3,4.0,0.5,9.5,0.05263157894736842
cap B0=1 eps=.5 Bmax=1,2,3,4.0,0.5,8.5,0.058823529411764705
cap+cnt B=1 e=1 th=1 N=2 Bm=4,2,3,4.0,0.5,11.0,0.045454545454545456
skip N=2 (work channel off),2,3,4.0,0.5,12.0,0.041666666666666664
skip N=5 (work channel off),2,3,4.0,0.5,18.0,0.027777777777777776
fixed B=0,2,3,4.0,0.0,8.0,0.0
fixed B=1,2,3,4.0,0.0,8.5,0.0
fixed B=4,2,3,4.0,0.0,10.0,0.0
rel B0=0 eps=.5,2,3,4.0,0.0,10.666666666666666,0.0
rel B0=1 eps=1,2,3,4.0,0.0,17.0,0.0
qlen B0=0 gam=1,2,3,4.0,0.0,8.0,0.0
qlen B0=1 gam=.5 eps=.5,2,3,4.0,0.0,11.333333333333334,0.0
thresh B=1 th=1 N=2,2,3,4.0,0.0,9.5,0.0
thresh B=0 th=.5 N=3 eps=1,2,3,4.0,0.0,17.5,0.0
cap B0=1 eps=1 Bmax=3,2,3,4.0,0.0,9.5,0.0
cap B0=1 eps=.5 Bmax=1,2,3,4.0,0.0,8.5,0.0
cap+cnt B=1 e=1 th=1 N=2 Bm=4,2,3,4.0,0.0,11.0,0.0
skip N=2 (work channel off),2,3,4.0,0.0,12.0,0.0
skip N=5 (work channel off),2,3,4.0,0.0,18.0,0.0
fixed B=0,3,9,4.0,0.0,9.333333333333334,0.0
fixed B=1,3,9,4.0,0.5,9.666666666666666,0.05172413793103449
fixed B=4,3,9,4.0,0.5,10.666666666666666,0.046875
rel B0=0 eps=.5,3,9,4.0,0.0,11.7,0.0
rel B0=1 eps=1,3,9,4.0,0.5,15.75,0.034482758620689655
rel B0=0 eps=2,3,9,4.0,0.0,33.0,0.0
qlen B0=0 gam=1,3,9,4.0,0.0,9.666666666666666,0.0
qlen B0=1 gam=.5 eps=.5,3,9,4.0,0.5,12.3,0.04310344827586207
thresh B=1 th=1 N=2,3,9,4.0,0.5,10.333333333333334,0.04838709677419355
thresh B=0 th=.5 N=3 eps=1,3,9,4.0,0.0,16.0,0.0
cap B0=1 eps=1 Bmax=3,3,9,4.0,0.5,10.333333333333334,0.04838709677419355
cap B0=0 eps=2 Bmax=2,3,9,4.0,0.0,10.0,0.0
cap B0=1 eps=.5 Bmax=1,3,9,4.0,0.5,9.666666666666666,0.05172413793103449
cap+cnt B=1 e=1 th=1 N=2 Bm=4,3,9,4.0,0.5,11.333333333333334,0.044117647058823525
skip N=2 (work channel off),3,9,4.0,0.5,12.0,0.041666666666666664
skip N=5 (work channel off),3,9,4.0,0.5,16.0,0.03125
fixed B=0,3,6,4.0,0.0,9.333333333333334,0.0
fixed B=1,3,6,4.0,0.0,9.666666666666666,0.0
fixed B=4,3,6,4.0,0.0,10.666666666666666,0.0
rel B0=0 eps=.5,3,6,4.0,0.0,11.7,0.0
rel B0=1 eps=1,3,6,4.0,0.0,15.75,0.0
rel B0=0 eps=2,3,6,4.0,0.0,33.0,0.0
qlen B0=0 gam=1,3,6,4.0,0.0,9.666666666666666,0.0
qlen B0=1 gam=.5 eps=.5,3,6,4.0,0.0,12.1,0.0
thresh B=1 th=1 N=2,3,6,4.0,0.0,10.333333333333334,0.0
thresh B=0 th=.5 N=3 eps=1,3,6,4.0,0.0,16.0,0.0
cap B0=1 eps=1 Bmax=3,3,6,4.0,0.0,10.333333333333334,0.0
cap B0=0 eps=2 Bmax=2,3,6,4.0,0.0,10.0,0.0
cap B0=1 eps=.5 Bmax=1,3,6,4.0,0.0,9.666666666666666,0.0
cap+cnt B=1 e=1 th=1 N=2 Bm=4,3,6,4.0,0.0,11.333333333333334,0.0
skip N=2 (work channel off),3,6,4.0,0.0,12.0,0.0
skip N=5 (work channel off),3,6,4.0,0.0,16.0,0.0
fixed B=0,3,3,0.5,0.0,1.1666666666666667,0.0
fixed B=1,3,3,0.5,0.0,1.5,0.0
fixed B=4,3,3,0.5,0.0,2.5,0.0
rel B0=0 eps=.5,3,3,0.5,0.0,1.4,0.0
rel B0=1 eps=1,3,3,0.5,0.0,2.25,0.0
rel B0=0 eps=2,3,3,0.5,0.0,3.5,0.0
qlen B0=0 gam=1,3,3,0.5,0.0,1.1666666666666667,0.0
qlen B0=1 gam=.5 eps=.5,3,3,0.5,0.0,1.8,0.0
thresh B=1 th=1 N=2,3,3,0.5,0.0,2.1666666666666665,0.0
thresh B=0 th=.5 N=3 eps=1,3,3,0.5,0.0,2.5,0.0
cap B0=1 eps=1 Bmax=3,3,3,0.5,0.0,2.1666666666666665,0.0
cap B0=0 eps=2 Bmax=2,3,3,0.5,0.0,1.8333333333333333,0.0
cap B0=1 eps=.5 Bmax=1,3,3,0.5,0.0,1.5,0.0
cap+cnt B=1 e=1 th=1 N=2 Bm=4,3,3,0.5,0.0,3.1666666666666665,0.0
skip N=2 (work channel off),3,3,0.5,0.0,3.8333333333333335,0.0
skip N=5 (work channel off),3,3,0.5,0.0,7.833333333333333,0.0
fixed B=0,2,6,4.0,0.0,8.0,0.0
fixed B=1,2,6,4.0,1.5,8.5,0.17647058823529413
fixed B=4,2,6,4.0,1.5,10.0,0.15
rel B0=0 eps=.5,2,6,4.0,1.5,10.833333333333334,0.13846153846153844
rel B0=1 eps=1,2,6,4.0,1.5,17.5,0.08571428571428572
qlen B0=0 gam=1,2,6,4.0,1.5,8.5,0.17647058823529413
qlen B0=1 gam=.5 eps=.5,2,6,4.0,1.5,11.833333333333334,0.1267605633802817
thresh B=1 th=1 N=2,2,6,4.0,1.5,9.5,0.15789473684210525
thresh B=0 th=.5 N=3 eps=1,2,6,4.0,1.5,18.0,0.08333333333333333
cap B0=1 eps=1 Bmax=3,2,6,4.0,1.5,9.5,0.15789473684210525
cap B0=1 eps=.5 Bmax=1,2,6,4.0,1.5,8.5,0.17647058823529413
cap+cnt B=1 e=1 th=1 N=2 Bm=4,2,6,4.0,1.5,11.0,0.13636363636363635
skip N=2 (work channel off),2,6,4.0,1.5,12.0,0.125
skip N=5 (work channel off),2,6,4.0,1.5,18.0,0.08333333333333333
fixed B=0,3,5,0.5,0.0,1.1666666666666667,0.0
fixed B=1,3,5,0.5,0.0,1.5,0.0
fixed B=4,3,5,0.5,0.0,2.5,0.0
rel B0=0 eps=.5,3,5,0.5,0.0,1.4,0.0
rel B0=1 eps=1,3,5,0.5,0.0,2.25,0.0
rel B0=0 eps=2,3,5,0.5,0.0,3.5,0.0
qlen B0=0 gam=1,3,5,0.5,0.0,1.5,0.0
qlen B0=1 gam=.5 eps=.5,3,5,0.5,0.0,2.0,0.0
thresh B=1 th=1 N=2,3,5,0.5,0.0,2.1666666666666665,0.0
thresh B=0 th=.5 N=3 eps=1,3,5,0.5,0.0,2.5,0.0
cap B0=1 eps=1 Bmax=3,3,5,0.5,0.0,2.1666666666666665,0.0
cap B0=0 eps=2 Bmax=2,3,5,0.5,0.0,1.8333333333333333,0.0
cap B0=1 eps=.5 Bmax=1,3,5,0.5,0.0,1.5,0.0
cap+cnt B=1 e=1 th=1 N=2 Bm=4,3,5,0.5,0.0,3.1666666666666665,0.0
skip N=2 (work channel off),3,5,0.5,0.0,3.8333333333333335,0.0
skip N=5 (work channel off),3,5,0.5,0.0,7.833333333333333,0.0
fixed B=0,1,8,4.0,0.0,4.0,0.0
fixed B=1,1,8,4.0,1.0,5.0,0.2
fixed B=4,1,8,4.0,1.5,8.0,0.1875
rel B0=0 eps=.5,1,8,4.0,5.5,19.5,0.4090909090909091
qlen B0=0 gam=1,1,8,4.0,1.5,9.0,0.25
qlen B0=1 gam=.5 eps=.5,1,8,4.0,1.5,24.5,0.08108108108108109
thresh B=1 th=1 N=2,1,8,4.0,1.0,7.0,0.14285714285714285
cap B0=1 eps=.5 Bmax=1,1,8,4.0,1.0,5.0,0.2
skip N=2 (work channel off),1,8,4.0,1.0,12.0,0.08333333333333333
skip N=5 (work channel off),1,8,4.0,1.5,24.0,0.0625
fixed B=0,3,2,4.0,0.0,9.333333333333334,0.0
fixed B=1,3,2,4.0,0.0,9.666666666666666,0.0
fixed B=4,3,2,4.0,0.0,10.666666666666666,0.0
rel B0=0 eps=.5,3,2,4.0,0.0,11.2,0.0
rel B0=1 eps=1,3,2,4.0,0.0,14.5,0.0
rel B0=0 eps=2,3,2,4.0,0.0,28.0,0.0
qlen B0=0 gam=1,3,2,4.0,0.0,9.333333333333334,0.0
qlen B0=1 gam=.5 eps=.5,3,2,4.0,0.0,11.6,0.0
thresh B=1 th=1 N=2,3,2,4.0,0.0,10.333333333333334,0.0
thresh B=0 th=.5 N=3 eps=1,3,2,4.0,0.0,14.75,0.0
cap B0=1 eps=1 Bmax=3,3,2,4.0,0.0,10.333333333333334,0.0
cap B0=0 eps=2 Bmax=2,3,2,4.0,0.0,10.0,0.0
cap B0=1 eps=.5 Bmax=1,3,2,4.0,0.0,9.666666666666666,0.0
cap+cnt B=1 e=1 th=1 N=2 Bm=4,3,2,4.0,0.0,11.333333333333334,0.0
skip N=2 (work channel off),3,2,4.0,0.0,12.0,0.0
skip N=5 (work channel off),3,2,4.0,0.0,16.0,0.0
fixed B=0,3,9,4.0,0.0,9.333333333333334,0.0
fixed B=1,3,9,4.0,0.0,9.666666666666666,0.0
fixed B=4,3,9,4.0,0.0,10.666666666666666,0.0
rel B0=0 eps=.5,3,9,4.0,0.0,11.2,0.0
rel B0=1 eps=1,3,9,4.0,0.0,14.5,0.0
rel B0=0 eps=2,3,9,4.0,0.0,28.0,0.0
qlen B0=0 gam=1,3,9,4.0,0.0,10.0,0.0
qlen B0=1 gam=.5 eps=.5,3,9,4.0,0.0,12.0,0.0
thresh B=1 th=1 N=2,3,9,4.0,0.0,10.333333333333334,0.0
thresh B=0 th=.5 N=3 eps=1,3,9,4.0,0.0,14.75,0.0
cap B0=1 eps=1 Bmax=3,3,9,4.0,0.0,10.333333333333334,0.0
cap B0=0 eps=2 Bmax=2,3,9,4.0,0.0,10.0,0.0
cap B0=1 eps=.5 Bmax=1,3,9,4.0,0.0,9.666666666666666,0.0
cap+cnt B=1 e=1 th=1 N=2 Bm=4,3,9,4.0,0.0,11.333333333333334,0.0
skip N=2 (work channel off),3,9,4.0,0.0,12.0,0.0
skip N=5 (work channel off),3,9,4.0,0.0,16.0,0.0
fixed B=0,2,4,4.0,0.0,8.0,0.0
fixed B=1,2,4,4.0,0.0,8.5,0.0
fixed B=4,2,4,4.0,0.0,10.0,0.0
rel B0=0 eps=.5,2,4,4.0,0.0,10.833333333333334,0.0
rel B0=1 eps=1,2,4,4.0,0.0,17.5,0.0
qlen B0=0 gam=1,2,4,4.0,0.0,9.0,0.0
qlen B0=1 gam=.5 eps=.5,2,4,4.0,0.0,12.166666666666666,0.0
thresh B=1 th=1 N=2,2,4,4.0,0.0,9.5,0.0
thresh B=0 th=.5 N=3 eps=1,2,4,4.0,0.0,18.0,0.0
cap B0=1 eps=1 Bmax=3,2,4,4.0,0.0,9.5,0.0
cap B0=1 eps=.5 Bmax=1,2,4,4.0,0.0,8.5,0.0
cap+cnt B=1 e=1 th=1 N=2 Bm=4,2,4,4.0,0.0,11.0,0.0
skip N=2 (work channel off),2,4,4.0,0.0,12.0,0.0
skip N=5 (work channel off),2,4,4.0,0.0,18.0,0.0
fixed B=0,1,8,4.0,0.0,4.0,0.0
fixed B=1,1,8,4.0,4.0,5.0,0.8
fixed B=4,1,8,4.0,4.0,8.0,0.5
rel B0=0 eps=.5,1,8,4.0,4.5,17.0,0.42857142857142855
qlen B0=0 gam=1,1,8,4.0,4.0,8.0,0.8
qlen B0=1 gam=.5 eps=.5,1,8,4.0,8.5,23.0,0.5666666666666667
thresh B=1 th=1 N=2,1,8,4.0,4.0,7.0,0.5714285714285714
cap B0=1 eps=.5 Bmax=1,1,8,4.0,4.0,5.0,0.8
skip N=2 (work channel off),1,8,4.0,4.5,12.0,0.375
skip N=5 (work channel off),1,8,4.0,8.5,24.0,0.3541666666666667
fixed B=0,2,6,4.0,0.0,8.0,0.0
fixed B=1,2,6,4.0,4.0,8.5,0.47058823529411764
fixed B=4,2,6,4.0,4.0,10.0,0.4
rel B0=0 eps=.5,2,6,4.0,0.5,12.0,0.04615384615384615
rel B0=1 eps=1,2,6,4.0,5.0,21.0,0.29411764705882354
qlen B0=0 gam=1,2,6,4.0,4.0,9.5,0.47058823529411764
qlen B0=1 gam=.5 eps=.5,2,6,4.0,4.0,13.333333333333332,0.34285714285714286
thresh B=1 th=1 N=2,2,6,4.0,4.0,9.5,0.42105263157894735
thresh B=0 th=.5 N=3 eps=1,2,6,4.0,0.5,21.5,0.027777777777777776
cap B0=1 eps=1 Bmax=3,2,6,4.0,4.0,9.5,0.42105263157894735
cap B0=1 eps=.5 Bmax=1,2,6,4.0,4.0,8.5,0.47058823529411764
cap+cnt B=1 e=1 th=1 N=2 Bm=4,2,6,4.0,4.0,11.0,0.36363636363636365
skip N=2 (work channel off),2,6,4.0,4.5,12.0,0.375
skip N=5 (work channel off),2,6,4.0,5.0,18.0,0.2777777777777778
fixed B=0,1,8,4.0,0.0,4.0,0.0
fixed B=1,1,8,4.0,1.0,5.0,0.2
fixed B=4,1,8,4.0,5.0,8.0,0.625
rel B0=0 eps=.5,1,8,4.0,5.0,16.0,0.47619047619047616
qlen B0=0 gam=1,1,8,4.0,0.5,9.0,0.07142857142857142
qlen B0=1 gam=.5 eps=.5,1,8,4.0,5.0,20.0,0.4
thresh B=1 th=1 N=2,1,8,4.0,1.0,7.0,0.14285714285714285
cap B0=1 eps=.5 Bmax=1,1,8,4.0,1.0,5.0,0.2
skip N=2 (work channel off),1,8,4.0,1.0,12.0,0.08333333333333333
skip N=5 (work channel off),1,8,4.0,5.5,24.0,0.22916666666666666
fixed B=0,3,2,4.0,0.0,9.333333333333334,0.0
fixed B=1,3,2,4.0,0.0,9.666666666666666,0.0
fixed B=4,3,2,4.0,0.0,10.666666666666666,0.0
rel B0=0 eps=.5,3,2,4.0,0.0,11.2,0.0
rel B0=1 eps=1,3,2,4.0,0.0,14.5,0.0
rel B0=0 eps=2,3,2,4.0,0.0,28.0,0.0
qlen B0=0 gam=1,3,2,4.0,0.0,9.333333333333334,0.0
qlen B0=1 gam=.5 eps=.5,3,2,4.0,0.0,11.6,0.0
thresh B=1 th=1 N=2,3,2,4.0,0.0,10.333333333333334,0.0
thresh B=0 th=.5 N=3 eps=1,3,2,4.0,0.0,14.75,0.0
cap B0=1 eps=1 Bmax=3,3,2,4.0,0.0,10.333333333333334,0.0
cap B0=0 eps=2 Bmax=2,3,2,4.0,0.0,10.0,0.0
cap B0=1 eps=.5 Bmax=1,3,2,4.0,0.0,9.666666666666666,0.0
cap+cnt B=1 e=1 th=1 N=2 Bm=4,3,2,4.0,0.0,11.333333333333334,0.0
skip N=2 (work channel off),3,2,4.0,0.0,12.0,0.0
skip N=5 (work channel off),3,2,4.0,0.0,16.0,0.0
fixed B=0,3,2,4.0,0.0,9.333333333333334,0.0
fixed B=1,3,2,4.0,0.0,9.666666666666666,0.0
fixed B=4,3,2,4.0,0.0,10.666666666666666,0.0
rel B0=0 eps=.5,3,2,4.0,0.0,11.2,0.0
rel B0=1 eps=1,3,2,4.0,0.0,14.5,0.0
rel B0=0 eps=2,3,2,4.0,0.0,28.0,0.0
qlen B0=0 gam=1,3,2,4.0,0.0,9.333333333333334,0.0
qlen B0=1 gam=.5 eps=.5,3,2,4.0,0.0,11.6,0.0
thresh B=1 th=1 N=2,3,2,4.0,0.0,10.333333333333334,0.0
thresh B=0 th=.5 N=3 eps=1,3,2,4.0,0.0,14.75,0.0
cap B0=1 eps=1 Bmax=3,3,2,4.0,0.0,10.333333333333334,0.0
cap B0=0 eps=2 Bmax=2,3,2,4.0,0.0,10.0,0.0
cap B0=1 eps=.5 Bmax=1,3,2,4.0,0.0,9.666666666666666,0.0
cap+cnt B=1 e=1 th=1 N=2 Bm=4,3,2,4.0,0.0,11.333333333333334,0.0
skip N=2 (work channel off),3,2,4.0,0.0,12.0,0.0
skip N=5 (work channel off),3,2,4.0,0.0,16.0,0.0
fixed B=0,2,5,4.0,0.0,8.0,0.0
fixed B=1,2,5,4.0,0.0,8.5,0.0
fixed B=4,2,5,4.0,0.0,10.0,0.0
rel B0=0 eps=.5,2,5,4.0,0.0,10.666666666666666,0.0
rel B0=1 eps=1,2,5,4.0,0.0,17.0,0.0
qlen B0=0 gam=1,2,5,4.0,0.0,8.5,0.0
qlen B0=1 gam=.5 eps=.5,2,5,4.0,0.0,11.666666666666666,0.0
thresh B=1 th=1 N=2,2,5,4.0,0.0,9.5,0.0
thresh B=0 th=.5 N=3 eps=1,2,5,4.0,0.0,17.5,0.0
cap B0=1 eps=1 Bmax=3,2,5,4.0,0.0,9.5,0.0
cap B0=1 eps=.5 Bmax=1,2,5,4.0,0.0,8.5,0.0
cap+cnt B=1 e=1 th=1 N=2 Bm=4,2,5,4.0,0.0,11.0,0.0
skip N=2 (work channel off),2,5,4.0,0.0,12.0,0.0
skip N=5 (work channel off),2,5,4.0,0.0,18.0,0.0
fixed B=0,1,2,4.0,0.0,4.0,0.0
fixed B=1,1,2,4.0,0.0,5.0,0.0
fixed B=4,1,2,4.0,0.0,8.0,0.0
rel B0=0 eps=.5,1,2,4.0,0.0,10.5,0.0
qlen B0=0 gam=1,1,2,4.0,0.0,4.0,0.0
qlen B0=1 gam=.5 eps=.5,1,2,4.0,0.0,12.5,0.0
thresh B=1 th=1 N=2,1,2,4.0,0.0,7.0,0.0
cap B0=1 eps=.5 Bmax=1,1,2,4.0,0.0,5.0,0.0
skip N=2 (work channel off),1,2,4.0,0.0,12.0,0.0
skip N=5 (work channel off),1,2,4.0,0.0,24.0,0.0
fixed B=0,3,4,4.0,0.0,9.333333333333334,0.0
fixed B=1,3,4,4.0,0.0,9.666666666666666,0.0
fixed B=4,3,4,4.0,0.0,10.666666666666666,0.0
rel B0=0 eps=.5,3,4,4.0,0.0,11.2,0.0
rel B0=1 eps=1,3,4,4.0,0.0,14.5,0.0
rel B0=0 eps=2,3,4,4.0,0.0,28.0,0.0
qlen B0=0 gam=1,3,4,4.0,0.0,9.666666666666666,0.0
qlen B0=1 gam=.5 eps=.5,3,4,4.0,0.0,11.8,0.0
thresh B=1 th=1 N=2,3,4,4.0,0.0,10.333333333333334,0.0
thresh B=0 th=.5 N=3 eps=1,3,4,4.0,0.0,14.75,0.0
cap B0=1 eps=1 Bmax=3,3,4,4.0,0.0,10.333333333333334,0.0
cap B0=0 eps=2 Bmax=2,3,4,4.0,0.0,10.0,0.0
cap B0=1 eps=.5 Bmax=1,3,4,4.0,0.0,9.666666666666666,0.0
cap+cnt B=1 e=1 th=1 N=2 Bm=4,3,4,4.0,0.0,11.333333333333334,0.0
skip N=2 (work channel off),3,4,4.0,0.0,12.0,0.0
skip N=5 (work channel off),3,4,4.0,0.0,16.0,0.0
fixed B=0,3,5,4.0,0.0,9.333333333333334,0.0
fixed B=1,3,5,4.0,0.0,9.666666666666666,0.0
fixed B=4,3,5,4.0,0.0,10.666666666666666,0.0
rel B0=0 eps=.5,3,5,4.0,0.0,11.4,0.0
rel B0=1 eps=1,3,5,4.0,0.0,15.0,0.0
rel B0=0 eps=2,3,5,4.0,0.0,30.0,0.0
qlen B0=0 gam=1,3,5,4.0,0.0,10.0,0.0
qlen B0=1 gam=.5 eps=.5,3,5,4.0,0.0,12.2,0.0
thresh B=1 th=1 N=2,3,5,4.0,0.0,10.333333333333334,0.0
thresh B=0 th=.5 N=3 eps=1,3,5,4.0,0.0,15.25,0.0
cap B0=1 eps=1 Bmax=3,3,5,4.0,0.0,10.333333333333334,0.0
cap B0=0 eps=2 Bmax=2,3,5,4.0,0.0,10.0,0.0
cap B0=1 eps=.5 Bmax=1,3,5,4.0,0.0,9.666666666666666,0.0
cap+cnt B=1 e=1 th=1 N=2 Bm=4,3,5,4.0,0.0,11.333333333333334,0.0
skip N=2 (work channel off),3,5,4.0,0.0,12.0,0.0
skip N=5 (work channel off),3,5,4.0,0.0,16.0,0.0
fixed B=0,3,9,4.0,0.0,9.333333333333334,0.0
fixed B=1,3,9,4.0,0.5,9.666666666666666,0.05172413793103449
fixed B=4,3,9,4.0,0.5,10.666666666666666,0.046875
rel B0=0 eps=.5,3,9,4.0,0.5,11.7,0.04310344827586207
rel B0=1 eps=1,3,9,4.0,0.5,15.75,0.03225806451612903
rel B0=0 eps=2,3,9,4.0,0.5,33.0,0.015625
qlen B0=0 gam=1,3,9,4.0,0.0,9.666666666666666,0.0
qlen B0=1 gam=.5 eps=.5,3,9,4.0,0.5,12.3,0.041666666666666664
thresh B=1 th=1 N=2,3,9,4.0,0.5,10.333333333333334,0.04838709677419355
thresh B=0 th=.5 N=3 eps=1,3,9,4.0,0.5,16.0,0.031746031746031744
cap B0=1 eps=1 Bmax=3,3,9,4.0,0.5,10.333333333333334,0.04838709677419355
cap B0=0 eps=2 Bmax=2,3,9,4.0,0.5,10.0,0.05
cap B0=1 eps=.5 Bmax=1,3,9,4.0,0.5,9.666666666666666,0.05172413793103449
cap+cnt B=1 e=1 th=1 N=2 Bm=4,3,9,4.0,0.5,11.333333333333334,0.044117647058823525
skip N=2 (work channel off),3,9,4.0,0.5,12.0,0.041666666666666664
skip N=5 (work channel off),3,9,4.0,0.5,16.0,0.03125
fixed B=0,1,7,4.0,0.0,4.0,0.0
fixed B=1,1,7,4.0,4.0,5.0,0.8
fixed B=4,1,7,4.0,4.0,8.0,0.5
rel B0=0 eps=.5,1,7,4.0,4.0,20.5,0.36363636363636365
qlen B0=0 gam=1,1,7,4.0,4.0,7.0,0.8
qlen B0=1 gam=.5 eps=.5,1,7,4.0,4.0,25.5,0.3076923076923077
thresh B=1 th=1 N=2,1,7,4.0,4.0,7.0,0.5714285714285714
cap B0=1 eps=.5 Bmax=1,1,7,4.0,4.0,5.0,0.8
skip N=2 (work channel off),1,7,4.0,4.0,12.0,0.3333333333333333
skip N=5 (work channel off),1,7,4.0,4.0,24.0,0.16666666666666666
fixed B=0,1,2,4.0,0.0,4.0,0.0
fixed B=1,1,2,4.0,0.0,5.0,0.0
fixed B=4,1,2,4.0,0.0,8.0,0.0
rel B0=0 eps=.5,1,2,4.0,0.0,8.0,0.0
qlen B0=0 gam=1,1,2,4.0,0.0,4.0,0.0
qlen B0=1 gam=.5 eps=.5,1,2,4.0,0.0,10.0,0.0
thresh B=1 th=1 N=2,1,2,4.0,0.0,7.0,0.0
cap B0=1 eps=.5 Bmax=1,1,2,4.0,0.0,5.0,0.0
skip N=2 (work channel off),1,2,4.0,0.0,12.0,0.0
skip N=5 (work channel off),1,2,4.0,0.0,24.0,0.0
fixed B=0,3,2,4.0,0.0,9.333333333333334,0.0
fixed B=1,3,2,4.0,0.0,9.666666666666666,0.0
fixed B=4,3,2,4.0,0.0,10.666666666666666,0.0
rel B0=0 eps=.5,3,2,4.0,0.0,11.2,0.0
rel B0=1 eps=1,3,2,4.0,0.0,14.5,0.0
rel B0=0 eps=2,3,2,4.0,0.0,28.0,0.0
qlen B0=0 gam=1,3,2,4.0,0.0,9.333333333333334,0.0
qlen B0=1 gam=.5 eps=.5,3,2,4.0,0.0,11.6,0.0
thresh B=1 th=1 N=2,3,2,4.0,0.0,10.333333333333334,0.0
thresh B=0 th=.5 N=3 eps=1,3,2,4.0,0.0,14.75,0.0
cap B0=1 eps=1 Bmax=3,3,2,4.0,0.0,10.333333333333334,0.0
cap B0=0 eps=2 Bmax=2,3,2,4.0,0.0,10.0,0.0
cap B0=1 eps=.5 Bmax=1,3,2,4.0,0.0,9.666666666666666,0.0
cap+cnt B=1 e=1 th=1 N=2 Bm=4,3,2,4.0,0.0,11.333333333333334,0.0
skip N=2 (work channel off),3,2,4.0,0.0,12.0,0.0
skip N=5 (work channel off),3,2,4.0,0.0,16.0,0.0
fixed B=0,1,3,2.0,0.0,2.0,0.0
fixed B=1,1,3,2.0,2.0,3.0,0.6666666666666666
fixed B=4,1,3,2.0,2.0,6.0,0.3333333333333333
rel B0=0 eps=.5,1,3,2.0,0.0,5.0,0.0
qlen B0=0 gam=1,1,3,2.0,0.0,3.0,0.0
qlen B0=1 gam=.5 eps=.5,1,3,2.0,2.0,8.0,0.3333333333333333
thresh B=1 th=1 N=2,1,3,2.0,2.0,5.0,0.4
cap B0=1 eps=.5 Bmax=1,1,3,2.0,2.0,3.0,0.6666666666666666
skip N=2 (work channel off),1,3,2.0,2.0,10.0,0.2
skip N=5 (work channel off),1,3,2.0,2.0,22.0,0.09090909090909091
fixed B=0,1,9,3.0,0.0,3.0,0.0
fixed B=1,1,9,3.0,1.0,4.0,0.25
fixed B=4,1,9,3.0,4.0,7.0,0.5714285714285714
rel B0=0 eps=.5,1,9,3.0,4.0,11.0,0.4
qlen B0=0 gam=1,1,9,3.0,2.0,7.0,0.3333333333333333
qlen B0=1 gam=.5 eps=.5,1,9,3.0,7.0,16.0,0.5384615384615384
thresh B=1 th=1 N=2,1,9,3.0,2.0,6.0,0.3333333333333333
cap B0=1 eps=.5 Bmax=1,1,9,3.0,1.0,4.0,0.25
skip N=2 (work channel off),1,9,3.0,2.0,11.0,0.18181818181818182
skip N=5 (work channel off),1,9,3.0,7.0,23.0,0.30434782608695654
fixed B=0,1,4,3.0,0.0,3.0,0.0
fixed B=1,1,4,3.0,3.0,4.0,0.75
fixed B=4,1,4,3.0,3.0,7.0,0.42857142857142855
rel B0=0 eps=.5,1,4,3.0,0.0,6.0,0.0
qlen B0=0 gam=1,1,4,3.0,3.0,5.0,0.75
qlen B0=1 gam=.5 eps=.5,1,4,3.0,3.0,10.0,0.375
thresh B=1 th=1 N=2,1,4,3.0,3.0,6.0,0.5
cap B0=1 eps=.5 Bmax=1,1,4,3.0,3.0,4.0,0.75
skip N=2 (work channel off),1,4,3.0,3.0,11.0,0.2727272727272727
skip N=5 (work channel off),1,4,3.0,3.0,23.0,0.13043478260869565
fixed B=0,2,7,3.0,0.0,6.0,0.0
fixed B=1,2,7,3.0,0.0,6.5,0.0
fixed B=4,2,7,3.0,0.0,8.0,0.0
rel B0=0 eps=.5,2,7,3.0,0.0,8.666666666666666,0.0
rel B0=1 eps=1,2,7,3.0,0.0,15.0,0.0
qlen B0=0 gam=1,2,7,3.0,0.0,7.5,0.0
qlen B0=1 gam=.5 eps=.5,2,7,3.0,0.0,10.333333333333334,0.0
thresh B=1 th=1 N=2,2,7,3.0,0.0,7.5,0.0
thresh B=0 th=.5 N=3 eps=1,2,7,3.0,0.0,15.5,0.0
cap B0=1 eps=1 Bmax=3,2,7,3.0,0.0,7.5,0.0
cap B0=1 eps=.5 Bmax=1,2,7,3.0,0.0,6.5,0.0
cap+cnt B=1 e=1 th=1 N=2 Bm=4,2,7,3.0,0.0,9.0,0.0
skip N=2 (work channel off),2,7,3.0,0.0,10.0,0.0
skip N=5 (work channel off),2,7,3.0,0.0,16.0,0.0
fixed B=0,2,3,3.0,0.0,6.0,0.0
fixed B=1,2,3,3.0,0.0,6.5,0.0
fixed B=4,2,3,3.0,0.0,8.0,0.0
rel B0=0 eps=.5,2,3,3.0,0.0,8.666666666666666,0.0
rel B0=1 eps=1,2,3,3.0,0.0,15.0,0.0
qlen B0=0 gam=1,2,3,3.0,0.0,7.0,0.0
qlen B0=1 gam=.5 eps=.5,2,3,3.0,0.0,10.0,0.0
thresh B=1 th=1 N=2,2,3,3.0,0.0,7.5,0.0
thresh B=0 th=.5 N=3 eps=1,2,3,3.0,0.0,15.5,0.0
cap B0=1 eps=1 Bmax=3,2,3,3.0,0.0,7.5,0.0
cap B0=1 eps=.5 Bmax=1,2,3,3.0,0.0,6.5,0.0
cap+cnt B=1 e=1 th=1 N=2 Bm=4,2,3,3.0,0.0,9.0,0.0
skip N=2 (work channel off),2,3,3.0,0.0,10.0,0.0
skip N=5 (work channel off),2,3,3.0,0.0,16.0,0.0
fixed B=0,1,5,2.0,0.0,2.0,0.0
fixed B=1,1,5,2.0,0.0,3.0,0.0
fixed B=4,1,5,2.0,0.0,6.0,0.0
rel B0=0 eps=.5,1,5,2.0,0.0,7.0,0.0
qlen B0=0 gam=1,1,5,2.0,0.0,4.0,0.0
qlen B0=1 gam=.5 eps=.5,1,5,2.0,0.0,10.0,0.0
thresh B=1 th=1 N=2,1,5,2.0,0.0,5.0,0.0
cap B0=1 eps=.5 Bmax=1,1,5,2.0,0.0,3.0,0.0
skip N=2 (work channel off),1,5,2.0,0.0,10.0,0.0
skip N=5 (work channel off),1,5,2.0,0.0,22.0,0.0
fixed B=0,3,6,3.0,0.0,7.0,0.0
fixed B=1,3,6,3.0,0.0,7.333333333333334,0.0
fixed B=4,3,6,3.0,0.0,8.333333333333334,0.0
rel B0=0 eps=.5,3,6,3.0,0.0,8.6,0.0
rel B0=1 eps=1,3,6,3.0,0.0,11.5,0.0
rel B0=0 eps=2,3,6,3.0,0.0,23.0,0.0
qlen B0=0 gam=1,3,6,3.0,0.0,7.333333333333334,0.0
qlen B0=1 gam=.5 eps=.5,3,6,3.0,0.0,9.2,0.0
thresh B=1 th=1 N=2,3,6,3.0,0.0,8.0,0.0
thresh B=0 th=.5 N=3 eps=1,3,6,3.0,0.0,11.75,0.0
cap B0=1 eps=1 Bmax=3,3,6,3.0,0.0,8.0,0.0
cap B0=0 eps=2 Bmax=2,3,6,3.0,0.0,7.666666666666668,0.0
cap B0=1 eps=.5 Bmax=1,3,6,3.0,0.0,7.333333333333333,0.0
cap+cnt B=1 e=1 th=1 N=2 Bm=4,3,6,3.0,0.0,9.0,0.0
skip N=2 (work channel off),3,6,3.0,0.0,9.666666666666666,0.0
skip N=5 (work channel off),3,6,3.0,0.0,13.666666666666666,0.0
fixed B=0,2,5,3.0,0.0,6.0,0.0
fixed B=1,2,5,3.0,0.0,6.5,0.0
fixed B=4,2,5,3.0,0.0,8.0,0.0
rel B0=0 eps=.5,2,5,3.0,0.0,8.0,0.0
rel B0=1 eps=1,2,5,3.0,0.0,13.0,0.0
qlen B0=0 gam=1,2,5,3.0,0.0,6.5,0.0
qlen B0=1 gam=.5 eps=.5,2,5,3.0,0.0,9.0,0.0
thresh B=1 th=1 N=2,2,5,3.0,0.0,7.5,0.0
thresh B=0 th=.5 N=3 eps=1,2,5,3.0,0.0,13.5,0.0
cap B0=1 eps=1 Bmax=3,2,5,3.0,0.0,7.5,0.0
cap B0=1 eps=.5 Bmax=1,2,5,3.0,0.0,6.5,0.0
cap+cnt B=1 e=1 th=1 N=2 Bm=4,2,5,3.0,0.0,9.0,0.0
skip N=2 (work channel off),2,5,3.0,0.0,10.0,0.0
skip N=5 (work channel off),2,5,3.0,0.0,16.0,0.0
fixed B=0,1,7,1.0,0.0,1.0,0.0
fixed B=1,1,7,1.0,0.0,2.0,0.0
fixed B=4,1,7,1.0,0.0,5.0,0.0
rel B0=0 eps=.5,1,7,1.0,1.0,4.0,0.3333333333333333
qlen B0=0 gam=1,1,7,1.0,0.0,3.0,0.0
qlen B0=1 gam=.5 eps=.5,1,7,1.0,0.0,8.0,0.0
thresh B=1 th=1 N=2,1,7,1.0,0.0,4.0,0.0
cap B0=1 eps=.5 Bmax=1,1,7,1.0,0.0,2.0,0.0
skip N=2 (work channel off),1,7,1.0,0.0,9.0,0.0
skip N=5 (work channel off),1,7,1.0,0.0,21.0,0.0
fixed B=0,3,8,3.0,0.0,7.0,0.0
fixed B=1,3,8,3.0,0.0,7.333333333333333,0.0
fixed B=4,3,8,3.0,0.0,8.333333333333334,0.0
rel B0=0 eps=.5,3,8,3.0,0.0,8.4,0.0
rel B0=1 eps=1,3,8,3.0,0.0,11.0,0.0
rel B0=0 eps=2,3,8,3.0,0.0,21.0,0.0
qlen B0=0 gam=1,3,8,3.0,0.0,7.333333333333333,0.0
qlen B0=1 gam=.5 eps=.5,3,8,3.0,0.0,9.0,0.0
thresh B=1 th=1 N=2,3,8,3.0,0.0,8.0,0.0
thresh B=0 th=.5 N=3 eps=1,3,8,3.0,0.0,11.25,0.0
cap B0=1 eps=1 Bmax=3,3,8,3.0,0.0,8.0,0.0
cap B0=0 eps=2 Bmax=2,3,8,3.0,0.0,7.666666666666667,0.0
cap B0=1 eps=.5 Bmax=1,3,8,3.0,0.0,7.333333333333333,0.0
cap+cnt B=1 e=1 th=1 N=2 Bm=4,3,8,3.0,0.0,9.0,0.0
skip N=2 (work channel off),3,8,3.0,0.0,9.666666666666666,0.0
skip N=5 (work channel off),3,8,3.0,0.0,13.666666666666666,0.0
fixed B=0,1,4,2.0,0.0,2.0,0.0
fixed B=1,1,4,2.0,0.0,3.0,0.0
fixed B=4,1,4,2.0,0.0,6.0,0.0
rel B0=0 eps=.5,1,4,2.0,0.0,6.0,0.0
qlen B0=0 gam=1,1,4,2.0,0.0,4.0,0.0
qlen B0=1 gam=.5 eps=.5,1,4,2.0,0.0,10.0,0.0
thresh B=1 th=1 N=2,1,4,2.0,0.0,5.0,0.0
cap B0=1 eps=.5 Bmax=1,1,4,2.0,0.0,3.0,0.0
skip N=2 (work channel off),1,4,2.0,0.0,10.0,0.0
skip N=5 (work channel off),1,4,2.0,0.0,22.0,0.0
fixed B=0,2,5,3.0,0.0,6.0,0.0
fixed B=1,2,5,3.0,0.0,6.5,0.0
fixed B=4,2,5,3.0,0.0,8.0,0.0
rel B0=0 eps=.5,2,5,3.0,0.0,8.0,0.0
rel B0=1 eps=1,2,5,3.0,0.0,13.0,0.0
qlen B0=0 gam=1,2,5,3.0,0.0,6.5,0.0
qlen B0=1 gam=.5 eps=.5,2,5,3.0,0.0,9.0,0.0
thresh B=1 th=1 N=2,2,5,3.0,0.0,7.5,0.0
thresh B=0 th=.5 N=3 eps=1,2,5,3.0,0.0,13.5,0.0
cap B0=1 eps=1 Bmax=3,2,5,3.0,0.0,7.5,0.0
cap B0=1 eps=.5 Bmax=1,2,5,3.0,0.0,6.5,0.0
cap+cnt B=1 e=1 th=1 N=2 Bm=4,2,5,3.0,0.0,9.0,0.0
skip N=2 (work channel off),2,5,3.0,0.0,10.0,0.0
skip N=5 (work channel off),2,5,3.0,0.0,16.0,0.0
fixed B=0,2,7,3.0,0.0,6.0,0.0
fixed B=1,2,7,3.0,0.0,6.5,0.0
fixed B=4,2,7,3.0,0.0,8.0,0.0
rel B0=0 eps=.5,2,7,3.0,0.0,8.666666666666666,0.0
rel B0=1 eps=1,2,7,3.0,0.0,15.0,0.0
qlen B0=0 gam=1,2,7,3.0,0.0,6.5,0.0
qlen B0=1 gam=.5 eps=.5,2,7,3.0,0.0,9.666666666666666,0.0
thresh B=1 th=1 N=2,2,7,3.0,0.0,7.5,0.0
thresh B=0 th=.5 N=3 eps=1,2,7,3.0,0.0,15.5,0.0
cap B0=1 eps=1 Bmax=3,2,7,3.0,0.0,7.5,0.0
cap B0=1 eps=.5 Bmax=1,2,7,3.0,0.0,6.5,0.0
cap+cnt B=1 e=1 th=1 N=2 Bm=4,2,7,3.0,0.0,9.0,0.0
skip N=2 (work channel off),2,7,3.0,0.0,10.0,0.0
skip N=5 (work channel off),2,7,3.0,0.0,16.0,0.0
fixed B=0,1,7,0.0,0.0,0.0,0.0
fixed B=1,1,7,0.0,0.0,1.0,0.0
fixed B=4,1,7,0.0,0.0,4.0,0.0
rel B0=0 eps=.5,1,7,0.0,0.0,0.0,0.0
qlen B0=0 gam=1,1,7,0.0,0.0,2.0,0.0
qlen B0=1 gam=.5 eps=.5,1,7,0.0,0.0,4.0,0.0
thresh B=1 th=1 N=2,1,7,0.0,0.0,3.0,0.0
cap B0=1 eps=.5 Bmax=1,1,7,0.0,0.0,1.0,0.0
skip N=2 (work channel off),1,7,0.0,0.0,8.0,0.0
skip N=5 (work channel off),1,7,0.0,0.0,20.0,0.0
fixed B=0,3,6,3.0,0.0,7.0,0.0
fixed B=1,3,6,3.0,0.0,7.333333333333333,0.0
fixed B=4,3,6,3.0,0.0,8.333333333333334,0.0
rel B0=0 eps=.5,3,6,3.0,0.0,8.4,0.0
rel B0=1 eps=1,3,6,3.0,0.0,11.0,0.0
rel B0=0 eps=2,3,6,3.0,0.0,21.0,0.0
qlen B0=0 gam=1,3,6,3.0,0.0,7.666666666666667,0.0
qlen B0=1 gam=.5 eps=.5,3,6,3.0,0.0,9.2,0.0
thresh B=1 th=1 N=2,3,6,3.0,0.0,8.0,0.0
thresh B=0 th=.5 N=3 eps=1,3,6,3.0,0.0,11.25,0.0
cap B0=1 eps=1 Bmax=3,3,6,3.0,0.0,8.0,0.0
cap B0=0 eps=2 Bmax=2,3,6,3.0,0.0,7.666666666666667,0.0
cap B0=1 eps=.5 Bmax=1,3,6,3.0,0.0,7.333333333333333,0.0
cap+cnt B=1 e=1 th=1 N=2 Bm=4,3,6,3.0,0.0,9.0,0.0
skip N=2 (work channel off),3,6,3.0,0.0,9.666666666666666,0.0
skip N=5 (work channel off),3,6,3.0,0.0,13.666666666666666,0.0
fixed B=0,3,8,2.0,0.0,4.666666666666667,0.0
fixed B=1,3,8,2.0,0.0,5.0,0.0
fixed B=4,3,8,2.0,0.0,6.0,0.0
rel B0=0 eps=.5,3,8,2.0,0.0,5.6,0.0
rel B0=1 eps=1,3,8,2.0,0.0,7.5,0.0
rel B0=0 eps=2,3,8,2.0,0.0,14.0,0.0
qlen B0=0 gam=1,3,8,2.0,0.0,5.333333333333333,0.0
qlen B0=1 gam=.5 eps=.5,3,8,2.0,0.0,6.4,0.0
thresh B=1 th=1 N=2,3,8,2.0,0.0,5.666666666666667,0.0
thresh B=0 th=.5 N=3 eps=1,3,8,2.0,0.0,7.75,0.0
cap B0=1 eps=1 Bmax=3,3,8,2.0,0.0,5.666666666666667,0.0
cap B0=0 eps=2 Bmax=2,3,8,2.0,0.0,5.333333333333333,0.0
cap B0=1 eps=.5 Bmax=1,3,8,2.0,0.0,5.0,0.0
cap+cnt B=1 e=1 th=1 N=2 Bm=4,3,8,2.0,0.0,6.666666666666667,0.0
skip N=2 (work channel off),3,8,2.0,0.0,7.333333333333333,0.0
skip N=5 (work channel off),3,8,2.0,0.0,11.333333333333334,0.0
fixed B=0,3,9,3.0,0.0,7.0,0.0
fixed B=1,3,9,3.0,0.0,7.333333333333334,0.0
fixed B=4,3,9,3.0,0.0,8.333333333333334,0.0
rel B0=0 eps=.5,3,9,3.0,0.0,8.6,0.0
rel B0=1 eps=1,3,9,3.0,0.0,11.5,0.0
rel B0=0 eps=2,3,9,3.0,0.0,23.0,0.0
qlen B0=0 gam=1,3,9,3.0,0.0,7.333333333333334,0.0
qlen B0=1 gam=.5 eps=.5,3,9,3.0,0.0,9.2,0.0
thresh B=1 th=1 N=2,3,9,3.0,0.0,8.0,0.0
thresh B=0 th=.5 N=3 eps=1,3,9,3.0,0.0,11.75,0.0
cap B0=1 eps=1 Bmax=3,3,9,3.0,0.0,8.0,0.0
cap B0=0 eps=2 Bmax=2,3,9,3.0,0.0,7.666666666666668,0.0
cap B0=1 eps=.5 Bmax=1,3,9,3.0,0.0,7.333333333333333,0.0
cap+cnt B=1 e=1 th=1 N=2 Bm=4,3,9,3.0,0.0,9.0,0.0
skip N=2 (work channel off),3,9,3.0,0.0,9.666666666666666,0.0
skip N=5 (work channel off),3,9,3.0,0.0,13.666666666666666,0.0
fixed B=0,2,4,2.0,0.0,4.0,0.0
fixed B=1,2,4,2.0,0.0,4.5,0.0
fixed B=4,2,4,2.0,0.0,6.0,0.0
rel B0=0 eps=.5,2,4,2.0,0.0,5.333333333333333,0.0
rel B0=1 eps=1,2,4,2.0,0.0,9.0,0.0
qlen B0=0 gam=1,2,4,2.0,0.0,4.5,0.0
qlen B0=1 gam=.5 eps=.5,2,4,2.0,0.0,6.333333333333333,0.0
thresh B=1 th=1 N=2,2,4,2.0,0.0,5.5,0.0
thresh B=0 th=.5 N=3 eps=1,2,4,2.0,0.0,9.5,0.0
cap B0=1 eps=1 Bmax=3,2,4,2.0,0.0,5.5,0.0
cap B0=1 eps=.5 Bmax=1,2,4,2.0,0.0,4.5,0.0
cap+cnt B=1 e=1 th=1 N=2 Bm=4,2,4,2.0,0.0,7.0,0.0
skip N=2 (work channel off),2,4,2.0,0.0,8.0,0.0
skip N=5 (work channel off),2,4,2.0,0.0,14.0,0.0
fixed B=0,3,5,3.0,0.0,7.0,0.0
fixed B=1,3,5,3.0,0.0,7.333333333333333,0.0
fixed B=4,3,5,3.0,0.0,8.333333333333334,0.0
rel B0=0 eps=.5,3,5,3.0,0.0,8.4,0.0
rel B0=1 eps=1,3,5,3.0,0.0,11.0,0.0
rel B0=0 eps=2,3,5,3.0,0.0,21.0,0.0
qlen B0=0 gam=1,3,5,3.0,0.0,7.333333333333333,0.0
qlen B0=1 gam=.5 eps=.5,3,5,3.0,0.0,9.0,0.0
thresh B=1 th=1 N=2,3,5,3.0,0.0,8.0,0.0
thresh B=0 th=.5 N=3 eps=1,3,5,3.0,0.0,11.25,0.0
cap B0=1 eps=1 Bmax=3,3,5,3.0,0.0,8.0,0.0
cap B0=0 eps=2 Bmax=2,3,5,3.0,0.0,7.666666666666667,0.0
cap B0=1 eps=.5 Bmax=1,3,5,3.0,0.0,7.333333333333333,0.0
cap+cnt B=1 e=1 th=1 N=2 Bm=4,3,5,3.0,0.0,9.0,0.0
skip N=2 (work channel off),3,5,3.0,0.0,9.666666666666666,0.0
skip N=5 (work channel off),3,5,3.0,0.0,13.666666666666666,0.0
fixed B=0,2,8,3.0,0.0,6.0,0.0
fixed B=1,2,8,3.0,1.0,6.5,0.15384615384615385
fixed B=4,2,8,3.0,1.0,8.0,0.125
rel B0=0 eps=.5,2,8,3.0,0.0,8.333333333333334,0.0
rel B0=1 eps=1,2,8,3.0,1.0,14.0,0.07692307692307693
qlen B0=0 gam=1,2,8,3.0,0.0,7.0,0.0
qlen B0=1 gam=.5 eps=.5,2,8,3.0,1.0,9.333333333333334,0.11538461538461539
thresh B=1 th=1 N=2,2,8,3.0,1.0,7.5,0.13333333333333333
thresh B=0 th=.5 N=3 eps=1,2,8,3.0,0.0,14.5,0.0
cap B0=1 eps=1 Bmax=3,2,8,3.0,1.0,7.5,0.13333333333333333
cap B0=1 eps=.5 Bmax=1,2,8,3.0,1.0,6.5,0.15384615384615385
cap+cnt B=1 e=1 th=1 N=2 Bm=4,2,8,3.0,1.0,9.0,0.1111111111111111
skip N=2 (work channel off),2,8,3.0,1.0,10.0,0.1
skip N=5 (work channel off),2,8,3.0,1.0,16.0,0.0625
fixed B=0,1,3,1.0,0.0,1.0,0.0
fixed B=1,1,3,1.0,0.0,2.0,0.0
fixed B=4,1,3,1.0,0.0,5.0,0.0
rel B0=0 eps=.5,1,3,1.0,0.0,3.0,0.0
qlen B0=0 gam=1,1,3,1.0,0.0,2.0,0.0
qlen B0=1 gam=.5 eps=.5,1,3,1.0,0.0,6.0,0.0
thresh B=1 th=1 N=2,1,3,1.0,0.0,4.0,0.0
cap B0=1 eps=.5 Bmax=1,1,3,1.0,0.0,2.0,0.0
skip N=2 (work channel off),1,3,1.0,0.0,9.0,0.0
skip N=5 (work channel off),1,3,1.0,0.0,21.0,0.0
fixed B=0,2,2,2.0,0.0,4.0,0.0
fixed B=1,2,2,2.0,0.0,4.5,0.0
fixed B=4,2,2,2.0,0.0,6.0,0.0
rel B0=0 eps=.5,2,2,2.0,0.0,5.333333333333333,0.0
rel B0=1 eps=1,2,2,2.0,0.0,9.0,0.0
qlen B0=0 gam=1,2,2,2.0,0.0,4.5,0.0
qlen B0=1 gam=.5 eps=.5,2,2,2.0,0.0,6.333333333333333,0.0
thresh B=1 th=1 N=2,2,2,2.0,0.0,5.5,0.0
thresh B=0 th=.5 N=3 eps=1,2,2,2.0,0.0,9.5,0.0
cap B0=1 eps=1 Bmax=3,2,2,2.0,0.0,5.5,0.0
cap B0=1 eps=.5 Bmax=1,2,2,2.0,0.0,4.5,0.0
cap+cnt B=1 e=1 th=1 N=2 Bm=4,2,2,2.0,0.0,7.0,0.0
skip N=2 (work channel off),2,2,2.0,0.0,8.0,0.0
skip N=5 (work channel off),2,2,2.0,0.0,14.0,0.0
fixed B=0,3,7,3.0,0.0,7.0,0.0
fixed B=1,3,7,3.0,0.0,7.333333333333333,0.0
fixed B=4,3,7,3.0,0.0,8.333333333333334,0.0
rel B0=0 eps=.5,3,7,3.0,0.0,8.4,0.0
rel B0=1 eps=1,3,7,3.0,0.0,11.0,0.0
rel B0=0 eps=2,3,7,3.0,0.0,21.0,0.0
qlen B0=0 gam=1,3,7,3.0,0.0,7.333333333333333,0.0
qlen B0=1 gam=.5 eps=.5,3,7,3.0,0.0,9.0,0.0
thresh B=1 th=1 N=2,3,7,3.0,0.0,8.0,0.0
thresh B=0 th=.5 N=3 eps=1,3,7,3.0,0.0,11.25,0.0
cap B0=1 eps=1 Bmax=3,3,7,3.0,0.0,8.0,0.0
cap B0=0 eps=2 Bmax=2,3,7,3.0,0.0,7.666666666666667,0.0
cap B0=1 eps=.5 Bmax=1,3,7,3.0,0.0,7.333333333333333,0.0
cap+cnt B=1 e=1 th=1 N=2 Bm=4,3,7,3.0,0.0,9.0,0.0
skip N=2 (work channel off),3,7,3.0,0.0,9.666666666666666,0.0
skip N=5 (work channel off),3,7,3.0,0.0,13.666666666666666,0.0
fixed B=0,1,7,2.0,0.0,2.0,0.0
fixed B=1,1,7,2.0,0.0,3.0,0.0
fixed B=4,1,7,2.0,0.0,6.0,0.0
rel B0=0 eps=.5,1,7,2.0,0.0,5.0,0.0
qlen B0=0 gam=1,1,7,2.0,0.0,3.0,0.0
qlen B0=1 gam=.5 eps=.5,1,7,2.0,0.0,7.0,0.0
thresh B=1 th=1 N=2,1,7,2.0,0.0,5.0,0.0
cap B0=1 eps=.5 Bmax=1,1,7,2.0,0.0,3.0,0.0
skip N=2 (work channel off),1,7,2.0,0.0,10.0,0.0
skip N=5 (work channel off),1,7,2.0,0.0,22.0,0.0
fixed B=0,3,6,3.0,0.0,7.0,0.0
fixed B=1,3,6,3.0,0.0,7.333333333333333,0.0
fixed B=4,3,6,3.0,0.0,8.333333333333334,0.0
rel B0=0 eps=.5,3,6,3.0,0.0,8.4,0.0
rel B0=1 eps=1,3,6,3.0,0.0,11.0,0.0
rel B0=0 eps=2,3,6,3.0,0.0,21.0,0.0
qlen B0=0 gam=1,3,6,3.0,0.0,7.333333333333333,0.0
qlen B0=1 gam=.5 eps=.5,3,6,3.0,0.0,9.0,0.0
thresh B=1 th=1 N=2,3,6,3.0,0.0,8.0,0.0
thresh B=0 th=.5 N=3 eps=1,3,6,3.0,0.0,11.25,0.0
cap B0=1 eps=1 Bmax=3,3,6,3.0,0.0,8.0,0.0
cap B0=0 eps=2 Bmax=2,3,6,3.0,0.0,7.666666666666667,0.0
cap B0=1 eps=.5 Bmax=1,3,6,3.0,0.0,7.333333333333333,0.0
cap+cnt B=1 e=1 th=1 N=2 Bm=4,3,6,3.0,0.0,9.0,0.0
skip N=2 (work channel off),3,6,3.0,0.0,9.666666666666666,0.0
skip N=5 (work channel off),3,6,3.0,0.0,13.666666666666666,0.0
fixed B=0,2,7,3.0,0.0,6.0,0.0
fixed B=1,2,7,3.0,0.0,6.5,0.0
fixed B=4,2,7,3.0,0.0,8.0,0.0
rel B0=0 eps=.5,2,7,3.0,2.0,8.666666666666666,0.23076923076923078
rel B0=1 eps=1,2,7,3.0,0.0,15.0,0.0
qlen B0=0 gam=1,2,7,3.0,0.0,7.0,0.0
qlen B0=1 gam=.5 eps=.5,2,7,3.0,0.0,10.0,0.0
thresh B=1 th=1 N=2,2,7,3.0,0.0,7.5,0.0
thresh B=0 th=.5 N=3 eps=1,2,7,3.0,2.0,15.5,0.12903225806451613
cap B0=1 eps=1 Bmax=3,2,7,3.0,0.0,7.5,0.0
cap B0=1 eps=.5 Bmax=1,2,7,3.0,0.0,6.5,0.0
cap+cnt B=1 e=1 th=1 N=2 Bm=4,2,7,3.0,0.0,9.0,0.0
skip N=2 (work channel off),2,7,3.0,0.0,10.0,0.0
skip N=5 (work channel off),2,7,3.0,0.0,16.0,0.0
fixed B=0,3,8,3.0,0.0,7.0,0.0
fixed B=1,3,8,3.0,0.0,7.333333333333333,0.0
fixed B=4,3,8,3.0,0.0,8.333333333333334,0.0
rel B0=0 eps=.5,3,8,3.0,0.0,8.4,0.0
rel B0=1 eps=1,3,8,3.0,0.0,11.0,0.0
rel B0=0 eps=2,3,8,3.0,0.0,21.0,0.0
qlen B0=0 gam=1,3,8,3.0,0.0,7.333333333333333,0.0
qlen B0=1 gam=.5 eps=.5,3,8,3.0,0.0,9.0,0.0
thresh B=1 th=1 N=2,3,8,3.0,0.0,8.0,0.0
thresh B=0 th=.5 N=3 eps=1,3,8,3.0,0.0,11.25,0.0
cap B0=1 eps=1 Bmax=3,3,8,3.0,0.0,8.0,0.0
cap B0=0 eps=2 Bmax=2,3,8,3.0,0.0,7.666666666666667,0.0
cap B0=1 eps=.5 Bmax=1,3,8,3.0,0.0,7.333333333333333,0.0
cap+cnt B=1 e=1 th=1 N=2 Bm=4,3,8,3.0,0.0,9.0,0.0
skip N=2 (work channel off),3,8,3.0,0.0,9.666666666666666,0.0
skip N=5 (work channel off),3,8,3.0,0.0,13.666666666666666,0.0
fixed B=0,2,8,3.0,0.0,6.0,0.0
fixed B=1,2,8,3.0,0.0,6.5,0.0
fixed B=4,2,8,3.0,0.0,8.0,0.0
rel B0=0 eps=.5,2,8,3.0,0.0,8.0,0.0
rel B0=1 eps=1,2,8,3.0,0.0,13.0,0.0
qlen B0=0 gam=1,2,8,3.0,0.0,7.0,0.0
qlen B0=1 gam=.5 eps=.5,2,8,3.0,0.0,9.333333333333334,0.0
thresh B=1 th=1 N=2,2,8,3.0,0.0,7.5,0.0
thresh B=0 th=.5 N=3 eps=1,2,8,3.0,0.0,13.5,0.0
cap B0=1 eps=1 Bmax=3,2,8,3.0,0.0,7.5,0.0
cap B0=1 eps=.5 Bmax=1,2,8,3.0,0.0,6.5,0.0
cap+cnt B=1 e=1 th=1 N=2 Bm=4,2,8,3.0,0.0,9.0,0.0
skip N=2 (work channel off),2,8,3.0,0.0,10.0,0.0
skip N=5 (work channel off),2,8,3.0,0.0,16.0,0.0
fixed B=0,3,7,3.0,0.0,7.0,0.0
fixed B=1,3,7,3.0,0.0,7.333333333333333,0.0
fixed B=4,3,7,3.0,0.0,8.333333333333334,0.0
rel B0=0 eps=.5,3,7,3.0,0.0,8.4,0.0
rel B0=1 eps=1,3,7,3.0,0.0,11.0,0.0
rel B0=0 eps=2,3,7,3.0,0.0,21.0,0.0
qlen B0=0 gam=1,3,7,3.0,0.0,7.333333333333333,0.0
qlen B0=1 gam=.5 eps=.5,3,7,3.0,0.0,9.0,0.0
thresh B=1 th=1 N=2,3,7,3.0,0.0,8.0,0.0
thresh B=0 th=.5 N=3 eps=1,3,7,3.0,0.0,11.25,0.0
cap B0=1 eps=1 Bmax=3,3,7,3.0,0.0,8.0,0.0
cap B0=0 eps=2 Bmax=2,3,7,3.0,0.0,7.666666666666667,0.0
cap B0=1 eps=.5 Bmax=1,3,7,3.0,0.0,7.333333333333333,0.0
cap+cnt B=1 e=1 th=1 N=2 Bm=4,3,7,3.0,0.0,9.0,0.0
skip N=2 (work channel off),3,7,3.0,0.0,9.666666666666666,0.0
skip N=5 (work channel off),3,7,3.0,0.0,13.666666666666666,0.0
fixed B=0,1,8,3.0,0.0,3.0,0.0
fixed B=1,1,8,3.0,1.0,4.0,0.25
fixed B=4,1,8,3.0,3.0,7.0,0.42857142857142855
rel B0=0 eps=.5,1,8,3.0,2.0,11.0,0.2222222222222222
qlen B0=0 gam=1,1,8,3.0,2.0,6.0,0.4
qlen B0=1 gam=.5 eps=.5,1,8,3.0,2.0,16.0,0.25
thresh B=1 th=1 N=2,1,8,3.0,2.0,6.0,0.3333333333333333
cap B0=1 eps=.5 Bmax=1,1,8,3.0,1.0,4.0,0.25
skip N=2 (work channel off),1,8,3.0,2.0,11.0,0.18181818181818182
skip N=5 (work channel off),1,8,3.0,3.0,23.0,0.13043478260869565
fixed B=0,3,4,3.0,0.0,7.0,0.0
fixed B=1,3,4,3.0,0.0,7.333333333333333,0.0
fixed B=4,3,4,3.0,0.0,8.333333333333334,0.0
rel B0=0 eps=.5,3,4,3.0,0.0,8.4,0.0
rel B0=1 eps=1,3,4,3.0,0.0,11.0,0.0
rel B0=0 eps=2,3,4,3.0,0.0,21.0,0.0
qlen B0=0 gam=1,3,4,3.0,0.0,7.333333333333333,0.0
qlen B0=1 gam=.5 eps=.5,3,4,3.0,0.0,9.0,0.0
thresh B=1 th=1 N=2,3,4,3.0,0.0,8.0,0.0
thresh B=0 th=.5 N=3 eps=1,3,4,3.0,0.0,11.25,0.0
cap B0=1 eps=1 Bmax=3,3,4,3.0,0.0,8.0,0.0
cap B0=0 eps=2 Bmax=2,3,4,3.0,0.0,7.666666666666667,0.0
cap B0=1 eps=.5 Bmax=1,3,4,3.0,0.0,7.333333333333333,0.0
cap+cnt B=1 e=1 th=1 N=2 Bm=4,3,4,3.0,0.0,9.0,0.0
skip N=2 (work channel off),3,4,3.0,0.0,9.666666666666666,0.0
skip N=5 (work channel off),3,4,3.0,0.0,13.666666666666666,0.0
fixed B=0,2,9,3.0,0.0,6.0,0.0
fixed B=1,2,9,3.0,0.0,6.5,0.0
fixed B=4,2,9,3.0,0.0,8.0,0.0
rel B0=0 eps=.5,2,9,3.0,0.0,8.0,0.0
rel B0=1 eps=1,2,9,3.0,0.0,13.0,0.0
qlen B0=0 gam=1,2,9,3.0,0.0,6.5,0.0
qlen B0=1 gam=.5 eps=.5,2,9,3.0,0.0,9.0,0.0
thresh B=1 th=1 N=2,2,9,3.0,0.0,7.5,0.0
thresh B=0 th=.5 N=3 eps=1,2,9,3.0,0.0,13.5,0.0
cap B0=1 eps=1 Bmax=3,2,9,3.0,0.0,7.5,0.0
cap B0=1 eps=.5 Bmax=1,2,9,3.0,0.0,6.5,0.0
cap+cnt B=1 e=1 th=1 N=2 Bm=4,2,9,3.0,0.0,9.0,0.0
skip N=2 (work channel off),2,9,3.0,0.0,10.0,0.0
skip N=5 (work channel off),2,9,3.0,0.0,16.0,0.0
fixed B=0,1,5,3.0,0.0,3.0,0.0
fixed B=1,1,5,3.0,3.0,4.0,0.75
fixed B=4,1,5,3.0,3.0,7.0,0.42857142857142855
rel B0=0 eps=.5,1,5,3.0,3.0,11.0,0.3333333333333333
qlen B0=0 gam=1,1,5,3.0,3.0,5.0,0.75
qlen B0=1 gam=.5 eps=.5,1,5,3.0,3.0,15.0,0.25
thresh B=1 th=1 N=2,1,5,3.0,3.0,6.0,0.5
cap B0=1 eps=.5 Bmax=1,1,5,3.0,3.0,4.0,0.75
skip N=2 (work channel off),1,5,3.0,3.0,11.0,0.2727272727272727
skip N=5 (work channel off),1,5,3.0,3.0,23.0,0.13043478260869565
fixed B=0,1,7,3.0,0.0,3.0,0.0
fixed B=1,1,7,3.0,2.0,4.0,0.5
fixed B=4,1,7,3.0,5.0,7.0,0.7142857142857143
rel B0=0 eps=.5,1,7,3.0,2.0,9.0,0.25
qlen B0=0 gam=1,1,7,3.0,0.0,6.0,0.0
qlen B0=1 gam=.5 eps=.5,1,7,3.0,5.0,14.0,0.5
thresh B=1 th=1 N=2,1,7,3.0,0.0,6.0,0.0
cap B0=1 eps=.5 Bmax=1,1,7,3.0,2.0,4.0,0.5
skip N=2 (work channel off),1,7,3.0,0.0,11.0,0.0
skip N=5 (work channel off),1,7,3.0,5.0,23.0,0.21739130434782608
fixed B=0,1,6,3.0,0.0,3.0,0.0
fixed B=1,1,6,3.0,0.0,4.0,0.0
fixed B=4,1,6,3.0,0.0,7.0,0.0
rel B0=0 eps=.5,1,6,3.0,0.0,9.0,0.0
qlen B0=0 gam=1,1,6,3.0,0.0,5.0,0.0
qlen B0=1 gam=.5 eps=.5,1,6,3.0,0.0,12.0,0.0
thresh B=1 th=1 N=2,1,6,3.0,0.0,6.0,0.0
cap B0=1 eps=.5 Bmax=1,1,6,3.0,0.0,4.0,0.0
skip N=2 (work channel off),1,6,3.0,0.0,11.0,0.0
skip N=5 (work channel off),1,6,3.0,0.0,23.0,0.0
fixed B=0,1,5,3.0,0.0,3.0,0.0
fixed B=1,1,5,3.0,3.0,4.0,0.75
fixed B=4,1,5,3.0,3.0,7.0,0.42857142857142855
rel B0=0 eps=.5,1,5,3.0,3.0,11.0,0.375
qlen B0=0 gam=1,1,5,3.0,3.0,5.0,0.75
qlen B0=1 gam=.5 eps=.5,1,5,3.0,3.0,15.0,0.2727272727272727
thresh B=1 th=1 N=2,1,5,3.0,3.0,6.0,0.5
cap B0=1 eps=.5 Bmax=1,1,5,3.0,3.0,4.0,0.75
skip N=2 (work channel off),1,5,3.0,3.0,11.0,0.2727272727272727
skip N=5 (work channel off),1,5,3.0,3.0,23.0,0.13043478260869565
fixed B=0,1,8,2.0,0.0,2.0,0.0
fixed B=1,1,8,2.0,2.0,3.0,0.6666666666666666
fixed B=4,1,8,2.0,2.0,6.0,0.3333333333333333
rel B0=0 eps=.5,1,8,2.0,0.0,7.0,0.0
qlen B0=0 gam=1,1,8,2.0,0.0,4.0,0.0
qlen B0=1 gam=.5 eps=.5,1,8,2.0,2.0,11.0,0.3333333333333333
thresh B=1 th=1 N=2,1,8,2.0,2.0,5.0,0.4
cap B0=1 eps=.5 Bmax=1,1,8,2.0,2.0,3.0,0.6666666666666666
skip N=2 (work channel off),1,8,2.0,2.0,10.0,0.2
skip N=5 (work channel off),1,8,2.0,2.0,22.0,0.09090909090909091
fixed B=0,3,4,2.0,0.0,4.666666666666667,0.0
fixed B=1,3,4,2.0,0.0,5.0,0.0
fixed B=4,3,4,2.0,0.0,6.0,0.0
rel B0=0 eps=.5,3,4,2.0,0.0,5.6,0.0
rel B0=1 eps=1,3,4,2.0,0.0,7.5,0.0
rel B0=0 eps=2,3,4,2.0,0.0,14.0,0.0
qlen B0=0 gam=1,3,4,2.0,0.0,5.0,0.0
qlen B0=1 gam=.5 eps=.5,3,4,2.0,0.0,6.2,0.0
thresh B=1 th=1 N=2,3,4,2.0,0.0,5.666666666666667,0.0
thresh B=0 th=.5 N=3 eps=1,3,4,2.0,0.0,7.75,0.0
cap B0=1 eps=1 Bmax=3,3,4,2.0,0.0,5.666666666666667,0.0
cap B0=0 eps=2 Bmax=2,3,4,2.0,0.0,5.333333333333333,0.0
cap B0=1 eps=.5 Bmax=1,3,4,2.0,0.0,5.0,0.0
cap+cnt B=1 e=1 th=1 N=2 Bm=4,3,4,2.0,0.0,6.666666666666667,0.0
skip N=2 (work channel off),3,4,2.0,0.0,7.333333333333333,0.0
skip N=5 (work channel off),3,4,2.0,0.0,11.333333333333334,0.0
fixed B=0,3,6,3.0,0.0,7.0,0.0
fixed B=1,3,6,3.0,0.0,7.333333333333333,0.0
fixed B=4,3,6,3.0,0.0,8.333333333333334,0.0
rel B0=0 eps=.5,3,6,3.0,0.0,8.4,0.0
rel B0=1 eps=1,3,6,3.0,0.0,11.0,0.0
rel B0=0 eps=2,3,6,3.0,0.0,21.0,0.0
qlen B0=0 gam=1,3,6,3.0,0.0,7.333333333333333,0.0
qlen B0=1 gam=.5 eps=.5,3,6,3.0,0.0,9.0,0.0
thresh B=1 th=1 N=2,3,6,3.0,0.0,8.0,0.0
thresh B=0 th=.5 N=3 eps=1,3,6,3.0,0.0,11.25,0.0
cap B0=1 eps=1 Bmax=3,3,6,3.0,0.0,8.0,0.0
cap B0=0 eps=2 Bmax=2,3,6,3.0,0.0,7.666666666666667,0.0
cap B0=1 eps=.5 Bmax=1,3,6,3.0,0.0,7.333333333333333,0.0
cap+cnt B=1 e=1 th=1 N=2 Bm=4,3,6,3.0,0.0,9.0,0.0
skip N=2 (work channel off),3,6,3.0,0.0,9.666666666666666,0.0
skip N=5 (work channel off),3,6,3.0,0.0,13.666666666666666,0.0
fixed B=0,1,5,3.0,0.0,3.0,0.0
fixed B=1,1,5,3.0,1.0,4.0,0.25
fixed B=4,1,5,3.0,1.0,7.0,0.14285714285714285
rel B0=0 eps=.5,1,5,3.0,0.0,10.0,0.0
qlen B0=0 gam=1,1,5,3.0,1.0,6.0,0.25
qlen B0=1 gam=.5 eps=.5,1,5,3.0,1.0,15.0,0.1111111111111111
thresh B=1 th=1 N=2,1,5,3.0,1.0,6.0,0.16666666666666666
cap B0=1 eps=.5 Bmax=1,1,5,3.0,1.0,4.0,0.25
skip N=2 (work channel off),1,5,3.0,1.0,11.0,0.09090909090909091
skip N=5 (work channel off),1,5,3.0,1.0,23.0,0.043478260869565216
fixed B=0,2,8,3.0,0.0,6.0,0.0
fixed B=1,2,8,3.0,0.0,6.5,0.0
fixed B=4,2,8,3.0,0.0,8.0,0.0
rel B0=0 eps=.5,2,8,3.0,0.0,8.666666666666666,0.0
rel B0=1 eps=1,2,8,3.0,0.0,15.0,0.0
qlen B0=0 gam=1,2,8,3.0,0.0,7.0,0.0
qlen B0=1 gam=.5 eps=.5,2,8,3.0,0.0,10.0,0.0
thresh B=1 th=1 N=2,2,8,3.0,0.0,7.5,0.0
thresh B=0 th=.5 N=3 eps=1,2,8,3.0,0.0,15.5,0.0
cap B0=1 eps=1 Bmax=3,2,8,3.0,0.0,7.5,0.0
cap B0=1 eps=.5 Bmax=1,2,8,3.0,0.0,6.5,0.0
cap+cnt B=1 e=1 th=1 N=2 Bm=4,2,8,3.0,0.0,9.0,0.0
skip N=2 (work channel off),2,8,3.0,0.0,10.0,0.0
skip N=5 (work channel off),2,8,3.0,0.0,16.0,0.0
fixed B=0,3,3,3.0,0.0,7.0,0.0
fixed B=1,3,3,3.0,0.0,7.333333333333333,0.0
fixed B=4,3,3,3.0,0.0,8.333333333333334,0.0
rel B0=0 eps=.5,3,3,3.0,0.0,8.4,0.0
rel B0=1 eps=1,3,3,3.0,0.0,11.0,0.0
rel B0=0 eps=2,3,3,3.0,0.0,21.0,0.0
qlen B0=0 gam=1,3,3,3.0,0.0,7.333333333333333,0.0
qlen B0=1 gam=.5 eps=.5,3,3,3.0,0.0,9.0,0.0
thresh B=1 th=1 N=2,3,3,3.0,0.0,8.0,0.0
thresh B=0 th=.5 N=3 eps=1,3,3,3.0,0.0,11.25,0.0
cap B0=1 eps=1 Bmax=3,3,3,3.0,0.0,8.0,0.0
cap B0=0 eps=2 Bmax=2,3,3,3.0,0.0,7.666666666666667,0.0
cap B0=1 eps=.5 Bmax=1,3,3,3.0,0.0,7.333333333333333,0.0
cap+cnt B=1 e=1 th=1 N=2 Bm=4,3,3,3.0,0.0,9.0,0.0
skip N=2 (work channel off),3,3,3.0,0.0,9.666666666666666,0.0
skip N=5 (work channel off),3,3,3.0,0.0,13.666666666666666,0.0
fixed B=0,2,9,3.0,0.0,6.0,0.0
fixed B=1,2,9,3.0,0.0,6.5,0.0
fixed B=4,2,9,3.0,0.0,8.0,0.0
rel B0=0 eps=.5,2,9,3.0,0.0,8.333333333333334,0.0
rel B0=1 eps=1,2,9,3.0,0.0,14.0,0.0
qlen B0=0 gam=1,2,9,3.0,0.0,7.5,0.0
qlen B0=1 gam=.5 eps=.5,2,9,3.0,0.0,9.666666666666666,0.0
thresh B=1 th=1 N=2,2,9,3.0,0.0,7.5,0.0
thresh B=0 th=.5 N=3 eps=1,2,9,3.0,0.0,14.5,0.0
cap B0=1 eps=1 Bmax=3,2,9,3.0,0.0,7.5,0.0
cap B0=1 eps=.5 Bmax=1,2,9,3.0,0.0,6.5,0.0
cap+cnt B=1 e=1 th=1 N=2 Bm=4,2,9,3.0,0.0,9.0,0.0
skip N=2 (work channel off),2,9,3.0,0.0,10.0,0.0
skip N=5 (work channel off),2,9,3.0,0.0,16.0,0.0
fixed B=0,2,3,1.0,0.0,2.0,0.0
fixed B=1,2,3,1.0,0.0,2.5,0.0
fixed B=4,2,3,1.0,0.0,4.0,0.0
rel B0=0 eps=.5,2,3,1.0,0.0,2.6666666666666665,0.0
rel B0=1 eps=1,2,3,1.0,0.0,5.0,0.0
qlen B0=0 gam=1,2,3,1.0,0.0,2.5,0.0
qlen B0=1 gam=.5 eps=.5,2,3,1.0,0.0,3.6666666666666665,0.0
thresh B=1 th=1 N=2,2,3,1.0,0.0,3.5,0.0
thresh B=0 th=.5 N=3 eps=1,2,3,1.0,0.0,5.5,0.0
cap B0=1 eps=1 Bmax=3,2,3,1.0,0.0,3.5,0.0
cap B0=1 eps=.5 Bmax=1,2,3,1.0,0.0,2.5,0.0
cap+cnt B=1 e=1 th=1 N=2 Bm=4,2,3,1.0,0.0,5.0,0.0
skip N=2 (work channel off),2,3,1.0,0.0,6.0,0.0
skip N=5 (work channel off),2,3,1.0,0.0,12.0,0.0
fixed B=0,1,6,3.0,0.0,3.0,0.0
fixed B=1,1,6,3.0,0.0,4.0,0.0
fixed B=4,1,6,3.0,0.0,7.0,0.0
rel B0=0 eps=.5,1,6,3.0,0.0,9.0,0.0
qlen B0=0 gam=1,1,6,3.0,0.0,5.0,0.0
qlen B0=1 gam=.5 eps=.5,1,6,3.0,0.0,12.0,0.0
thresh B=1 th=1 N=2,1,6,3.0,0.0,6.0,0.0
cap B0=1 eps=.5 Bmax=1,1,6,3.0,0.0,4.0,0.0
skip N=2 (work channel off),1,6,3.0,0.0,11.0,0.0
skip N=5 (work channel off),1,6,3.0,0.0,23.0,0.0
fixed B=0,3,7,3.0,0.0,7.0,0.0
fixed B=1,3,7,3.0,0.0,7.333333333333333,0.0
fixed B=4,3,7,3.0,0.0,8.333333333333334,0.0
rel B0=0 eps=.5,3,7,3.0,0.0,8.4,0.0
rel B0=1 eps=1,3,7,3.0,0.0,11.0,0.0
rel B0=0 eps=2,3,7,3.0,0.0,21.0,0.0
qlen B0=0 gam=1,3,7,3.0,0.0,7.666666666666667,0.0
qlen B0=1 gam=.5 eps=.5,3,7,3.0,0.0,9.2,0.0
thresh B=1 th=1 N=2,3,7,3.0,0.0,8.0,0.0
thresh B=0 th=.5 N=3 eps=1,3,7,3.0,0.0,11.25,0.0
cap B0=1 eps=1 Bmax=3,3,7,3.0,0.0,8.0,0.0
cap B0=0 eps=2 Bmax=2,3,7,3.0,0.0,7.666666666666667,0.0
cap B0=1 eps=.5 Bmax=1,3,7,3.0,0.0,7.333333333333333,0.0
cap+cnt B=1 e=1 th=1 N=2 Bm=4,3,7,3.0,0.0,9.0,0.0
skip N=2 (work channel off),3,7,3.0,0.0,9.666666666666666,0.0
skip N=5 (work channel off),3,7,3.0,0.0,13.666666666666666,0.0
fixed B=0,3,3,1.0,0.0,2.3333333333333335,0.0
fixed B=1,3,3,1.0,0.0,2.6666666666666665,0.0
fixed B=4,3,3,1.0,0.0,3.6666666666666665,0.0
rel B0=0 eps=.5,3,3,1.0,0.0,2.8,0.0
rel B0=1 eps=1,3,3,1.0,0.0,4.0,0.0
rel B0=0 eps=2,3,3,1.0,0.0,7.0,0.0
qlen B0=0 gam=1,3,3,1.0,0.0,2.6666666666666665,0.0
qlen B0=1 gam=.5 eps=.5,3,3,1.0,0.0,3.4,0.0
thresh B=1 th=1 N=2,3,3,1.0,0.0,3.3333333333333335,0.0
thresh B=0 th=.5 N=3 eps=1,3,3,1.0,0.0,4.25,0.0
cap B0=1 eps=1 Bmax=3,3,3,1.0,0.0,3.3333333333333335,0.0
cap B0=0 eps=2 Bmax=2,3,3,1.0,0.0,3.0,0.0
cap B0=1 eps=.5 Bmax=1,3,3,1.0,0.0,2.6666666666666665,0.0
cap+cnt B=1 e=1 th=1 N=2 Bm=4,3,3,1.0,0.0,4.333333333333333,0.0
skip N=2 (work channel off),3,3,1.0,0.0,5.0,0.0
skip N=5 (work channel off),3,3,1.0,0.0,9.0,0.0
fixed B=0,2,5,3.0,0.0,6.0,0.0
fixed B=1,2,5,3.0,0.0,6.5,0.0
fixed B=4,2,5,3.0,0.0,8.0,0.0
rel B0=0 eps=.5,2,5,3.0,0.0,8.333333333333334,0.0
rel B0=1 eps=1,2,5,3.0,0.0,14.0,0.0
qlen B0=0 gam=1,2,5,3.0,0.0,7.0,0.0
qlen B0=1 gam=.5 eps=.5,2,5,3.0,0.0,9.666666666666666,0.0
thresh B=1 th=1 N=2,2,5,3.0,0.0,7.5,0.0
thresh B=0 th=.5 N=3 eps=1,2,5,3.0,0.0,14.5,0.0
cap B0=1 eps=1 Bmax=3,2,5,3.0,0.0,7.5,0.0
cap B0=1 eps=.5 Bmax=1,2,5,3.0,0.0,6.5,0.0
cap+cnt B=1 e=1 th=1 N=2 Bm=4,2,5,3.0,0.0,9.0,0.0
skip N=2 (work channel off),2,5,3.0,0.0,10.0,0.0
skip N=5 (work channel off),2,5,3.0,0.0,16.0,0.0
fixed B=0,3,2,3.0,0.0,7.0,0.0
fixed B=1,3,2,3.0,0.0,7.333333333333333,0.0
fixed B=4,3,2,3.0,0.0,8.333333333333334,0.0
rel B0=0 eps=.5,3,2,3.0,0.0,8.4,0.0
rel B0=1 eps=1,3,2,3.0,0.0,11.0,0.0
rel B0=0 eps=2,3,2,3.0,0.0,21.0,0.0
qlen B0=0 gam=1,3,2,3.0,0.0,7.0,0.0
qlen B0=1 gam=.5 eps=.5,3,2,3.0,0.0,8.8,0.0
thresh B=1 th=1 N=2,3,2,3.0,0.0,8.0,0.0
thresh B=0 th=.5 N=3 eps=1,3,2,3.0,0.0,11.25,0.0
cap B0=1 eps=1 Bmax=3,3,2,3.0,0.0,8.0,0.0
cap B0=0 eps=2 Bmax=2,3,2,3.0,0.0,7.666666666666667,0.0
cap B0=1 eps=.5 Bmax=1,3,2,3.0,0.0,7.333333333333333,0.0
cap+cnt B=1 e=1 th=1 N=2 Bm=4,3,2,3.0,0.0,9.0,0.0
skip N=2 (work channel off),3,2,3.0,0.0,9.666666666666666,0.0
skip N=5 (work channel off),3,2,3.0,0.0,13.666666666666666,0.0
fixed B=0,1,5,3.0,0.0,3.0,0.0
fixed B=1,1,5,3.0,3.0,4.0,0.75
fixed B=4,1,5,3.0,6.0,7.0,0.8571428571428571
rel B0=0 eps=.5,1,5,3.0,1.0,12.0,0.14285714285714285
qlen B0=0 gam=1,1,5,3.0,3.0,6.0,0.75
qlen B0=1 gam=.5 eps=.5,1,5,3.0,6.0,17.0,0.5454545454545454
thresh B=1 th=1 N=2,1,5,3.0,3.0,6.0,0.5
cap B0=1 eps=.5 Bmax=1,1,5,3.0,3.0,4.0,0.75
skip N=2 (work channel off),1,5,3.0,6.0,11.0,0.5454545454545454
skip N=5 (work channel off),1,5,3.0,6.0,23.0,0.2608695652173913
fixed B=0,3,9,3.0,0.0,7.0,0.0
fixed B=1,3,9,3.0,0.0,7.333333333333333,0.0
fixed B=4,3,9,3.0,0.0,8.333333333333334,0.0
rel B0=0 eps=.5,3,9,3.0,0.0,8.4,0.0
rel B0=1 eps=1,3,9,3.0,0.0,11.0,0.0
rel B0=0 eps=2,3,9,3.0,0.0,21.0,0.0
qlen B0=0 gam=1,3,9,3.0,0.0,7.333333333333333,0.0
qlen B0=1 gam=.5 eps=.5,3,9,3.0,0.0,9.0,0.0
thresh B=1 th=1 N=2,3,9,3.0,0.0,8.0,0.0
thresh B=0 th=.5 N=3 eps=1,3,9,3.0,0.0,11.25,0.0
cap B0=1 eps=1 Bmax=3,3,9,3.0,0.0,8.0,0.0
cap B0=0 eps=2 Bmax=2,3,9,3.0,0.0,7.666666666666667,0.0
cap B0=1 eps=.5 Bmax=1,3,9,3.0,0.0,7.333333333333333,0.0
cap+cnt B=1 e=1 th=1 N=2 Bm=4,3,9,3.0,0.0,9.0,0.0
skip N=2 (work channel off),3,9,3.0,0.0,9.666666666666666,0.0
skip N=5 (work channel off),3,9,3.0,0.0,13.666666666666666,0.0
fixed B=0,3,8,3.0,0.0,7.0,0.0
fixed B=1,3,8,3.0,0.0,7.333333333333334,0.0
fixed B=4,3,8,3.0,0.0,8.333333333333334,0.0
rel B0=0 eps=.5,3,8,3.0,0.0,8.6,0.0
rel B0=1 eps=1,3,8,3.0,0.0,11.5,0.0
rel B0=0 eps=2,3,8,3.0,0.0,23.0,0.0
qlen B0=0 gam=1,3,8,3.0,0.0,7.666666666666667,0.0
qlen B0=1 gam=.5 eps=.5,3,8,3.0,0.0,9.4,0.0
thresh B=1 th=1 N=2,3,8,3.0,0.0,8.0,0.0
thresh B=0 th=.5 N=3 eps=1,3,8,3.0,0.0,11.75,0.0
cap B0=1 eps=1 Bmax=3,3,8,3.0,0.0,8.0,0.0
cap B0=0 eps=2 Bmax=2,3,8,3.0,0.0,7.666666666666668,0.0
cap B0=1 eps=.5 Bmax=1,3,8,3.0,0.0,7.333333333333333,0.0
cap+cnt B=1 e=1 th=1 N=2 Bm=4,3,8,3.0,0.0,9.0,0.0
skip N=2 (work channel off),3,8,3.0,0.0,9.666666666666666,0.0
skip N=5 (work channel off),3,8,3.0,0.0,13.666666666666666,0.0
fixed B=0,1,6,3.0,0.0,3.0,0.0
fixed B=1,1,6,3.0,1.0,4.0,0.25
fixed B=4,1,6,3.0,1.0,7.0,0.14285714285714285
rel B0=0 eps=.5,1,6,3.0,1.0,12.0,0.1111111111111111
qlen B0=0 gam=1,1,6,3.0,1.0,5.0,0.25
qlen B0=1 gam=.5 eps=.5,1,6,3.0,1.0,16.0,0.08333333333333333
thresh B=1 th=1 N=2,1,6,3.0,1.0,6.0,0.16666666666666666
cap B0=1 eps=.5 Bmax=1,1,6,3.0,1.0,4.0,0.25
skip N=2 (work channel off),1,6,3.0,1.0,11.0,0.09090909090909091
skip N=5 (work channel off),1,6,3.0,1.0,23.0,0.043478260869565216
fixed B=0,1,7,2.0,0.0,2.0,0.0
fixed B=1,1,7,2.0,2.0,3.0,0.6666666666666666
fixed B=4,1,7,2.0,2.0,6.0,0.3333333333333333
rel B0=0 eps=.5,1,7,2.0,1.0,7.0,0.2
qlen B0=0 gam=1,1,7,2.0,0.0,5.0,0.0
qlen B0=1 gam=.5 eps=.5,1,7,2.0,2.0,12.0,0.3333333333333333
thresh B=1 th=1 N=2,1,7,2.0,2.0,5.0,0.4
cap B0=1 eps=.5 Bmax=1,1,7,2.0,2.0,3.0,0.6666666666666666
skip N=2 (work channel off),1,7,2.0,2.0,10.0,0.2
skip N=5 (work channel off),1,7,2.0,2.0,22.0,0.09090909090909091
fixed B=0,2,3,3.0,0.0,6.0,0.0
fixed B=1,2,3,3.0,0.0,6.5,0.0
fixed B=4,2,3,3.0,0.0,8.0,0.0
rel B0=0 eps=.5,2,3,3.0,0.0,8.0,0.0
rel B0=1 eps=1,2,3,3.0,0.0,13.0,0.0
qlen B0=0 gam=1,2,3,3.0,0.0,7.0,0.0
qlen B0=1 gam=.5 eps=.5,2,3,3.0,0.0,9.333333333333334,0.0
thresh B=1 th=1 N=2,2,3,3.0,0.0,7.5,0.0
thresh B=0 th=.5 N=3 eps=1,2,3,3.0,0.0,13.5,0.0
cap B0=1 eps=1 Bmax=3,2,3,3.0,0.0,7.5,0.0
cap B0=1 eps=.5 Bmax=1,2,3,3.0,0.0,6.5,0.0
cap+cnt B=1 e=1 th=1 N=2 Bm=4,2,3,3.0,0.0,9.0,0.0
skip N=2 (work channel off),2,3,3.0,0.0,10.0,0.0
skip N=5 (work channel off),2,3,3.0,0.0,16.0,0.0
fixed B=0,1,7,3.0,0.0,3.0,0.0
fixed B=1,1,7,3.0,0.0,4.0,0.0
fixed B=4,1,7,3.0,0.0,7.0,0.0
rel B0=0 eps=.5,1,7,3.0,0.0,12.0,0.0
qlen B0=0 gam=1,1,7,3.0,0.0,7.0,0.0
qlen B0=1 gam=.5 eps=.5,1,7,3.0,0.0,16.0,0.0
thresh B=1 th=1 N=2,1,7,3.0,0.0,6.0,0.0
cap B0=1 eps=.5 Bmax=1,1,7,3.0,0.0,4.0,0.0
skip N=2 (work channel off),1,7,3.0,0.0,11.0,0.0
skip N=5 (work channel off),1,7,3.0,0.0,23.0,0.0
fixed B=0,3,6,3.0,0.0,7.0,0.0
fixed B=1,3,6,3.0,0.0,7.333333333333333,0.0
fixed B=4,3,6,3.0,0.0,8.333333333333334,0.0
rel B0=0 eps=.5,3,6,3.0,0.0,8.4,0.0
rel B0=1 eps=1,3,6,3.0,0.0,11.0,0.0
rel B0=0 eps=2,3,6,3.0,0.0,21.0,0.0
qlen B0=0 gam=1,3,6,3.0,0.0,7.333333333333333,0.0
qlen B0=1 gam=.5 eps=.5,3,6,3.0,0.0,9.0,0.0
thresh B=1 th=1 N=2,3,6,3.0,0.0,8.0,0.0
thresh B=0 th=.5 N=3 eps=1,3,6,3.0,0.0,11.25,0.0
cap B0=1 eps=1 Bmax=3,3,6,3.0,0.0,8.0,0.0
cap B0=0 eps=2 Bmax=2,3,6,3.0,0.0,7.666666666666667,0.0
cap B0=1 eps=.5 Bmax=1,3,6,3.0,0.0,7.333333333333333,0.0
cap+cnt B=1 e=1 th=1 N=2 Bm=4,3,6,3.0,0.0,9.0,0.0
skip N=2 (work channel off),3,6,3.0,0.0,9.666666666666666,0.0
skip N=5 (work channel off),3,6,3.0,0.0,13.666666666666666,0.0
fixed B=0,3,4,3.0,0.0,7.0,0.0
fixed B=1,3,4,3.0,0.0,7.333333333333333,0.0
fixed B=4,3,4,3.0,0.0,8.333333333333334,0.0
rel B0=0 eps=.5,3,4,3.0,0.0,8.4,0.0
rel B0=1 eps=1,3,4,3.0,0.0,11.0,0.0
rel B0=0 eps=2,3,4,3.0,0.0,21.0,0.0
qlen B0=0 gam=1,3,4,3.0,0.0,7.0,0.0
qlen B0=1 gam=.5 eps=.5,3,4,3.0,0.0,8.8,0.0
thresh B=1 th=1 N=2,3,4,3.0,0.0,8.0,0.0
thresh B=0 th=.5 N=3 eps=1,3,4,3.0,0.0,11.25,0.0
cap B0=1 eps=1 Bmax=3,3,4,3.0,0.0,8.0,0.0
cap B0=0 eps=2 Bmax=2,3,4,3.0,0.0,7.666666666666667,0.0
cap B0=1 eps=.5 Bmax=1,3,4,3.0,0.0,7.333333333333333,0.0
cap+cnt B=1 e=1 th=1 N=2 Bm=4,3,4,3.0,0.0,9.0,0.0
skip N=2 (work channel off),3,4,3.0,0.0,9.666666666666666,0.0
skip N=5 (work channel off),3,4,3.0,0.0,13.666666666666666,0.0
fixed B=0,2,3,2.0,0.0,4.0,0.0
fixed B=1,2,3,2.0,0.0,4.5,0.0
fixed B=4,2,3,2.0,0.0,6.0,0.0
rel B0=0 eps=.5,2,3,2.0,0.0,5.333333333333333,0.0
rel B0=1 eps=1,2,3,2.0,0.0,9.0,0.0
qlen B0=0 gam=1,2,3,2.0,0.0,5.0,0.0
qlen B0=1 gam=.5 eps=.5,2,3,2.0,0.0,6.666666666666667,0.0
thresh B=1 th=1 N=2,2,3,2.0,0.0,5.5,0.0
thresh B=0 th=.5 N=3 eps=1,2,3,2.0,0.0,9.5,0.0
cap B0=1 eps=1 Bmax=3,2,3,2.0,0.0,5.5,0.0
cap B0=1 eps=.5 Bmax=1,2,3,2.0,0.0,4.5,0.0
cap+cnt B=1 e=1 th=1 N=2 Bm=4,2,3,2.0,0.0,7.0,0.0
skip N=2 (work channel off),2,3,2.0,0.0,8.0,0.0
skip N=5 (work channel off),2,3,2.0,0.0,14.0,0.0
fixed B=0,3,5,3.0,0.0,7.0,0.0
fixed B=1,3,5,3.0,0.0,7.333333333333333,0.0
fixed B=4,3,5,3.0,0.0,8.333333333333334,0.0
rel B0=0 eps=.5,3,5,3.0,0.0,8.4,0.0
rel B0=1 eps=1,3,5,3.0,0.0,11.0,0.0
rel B0=0 eps=2,3,5,3.0,0.0,21.0,0.0
qlen B0=0 gam=1,3,5,3.0,0.0,7.333333333333333,0.0
qlen B0=1 gam=.5 eps=.5,3,5,3.0,0.0,9.0,0.0
thresh B=1 th=1 N=2,3,5,3.0,0.0,8.0,0.0
thresh B=0 th=.5 N=3 eps=1,3,5,3.0,0.0,11.25,0.0
cap B0=1 eps=1 Bmax=3,3,5,3.0,0.0,8.0,0.0
cap B0=0 eps=2 Bmax=2,3,5,3.0,0.0,7.666666666666667,0.0
cap B0=1 eps=.5 Bmax=1,3,5,3.0,0.0,7.333333333333333,0.0
cap+cnt B=1 e=1 th=1 N=2 Bm=4,3,5,3.0,0.0,9.0,0.0
skip N=2 (work channel off),3,5,3.0,0.0,9.666666666666666,0.0
skip N=5 (work channel off),3,5,3.0,0.0,13.666666666666666,0.0
fixed B=0,2,4,3.0,0.0,6.0,0.0
fixed B=1,2,4,3.0,0.0,6.5,0.0
fixed B=4,2,4,3.0,0.0,8.0,0.0
rel B0=0 eps=.5,2,4,3.0,0.0,8.333333333333334,0.0
rel B0=1 eps=1,2,4,3.0,0.0,14.0,0.0
qlen B0=0 gam=1,2,4,3.0,0.0,6.5,0.0
qlen B0=1 gam=.5 eps=.5,2,4,3.0,0.0,9.333333333333334,0.0
thresh B=1 th=1 N=2,2,4,3.0,0.0,7.5,0.0
thresh B=0 th=.5 N=3 eps=1,2,4,3.0,0.0,14.5,0.0
cap B0=1 eps=1 Bmax=3,2,4,3.0,0.0,7.5,0.0
cap B0=1 eps=.5 Bmax=1,2,4,3.0,0.0,6.5,0.0
cap+cnt B=1 e=1 th=1 N=2 Bm=4,2,4,3.0,0.0,9.0,0.0
skip N=2 (work channel off),2,4,3.0,0.0,10.0,0.0
skip N=5 (work channel off),2,4,3.0,0.0,16.0,0.0
fixed B=0,3,4,3.0,0.0,7.0,0.0
fixed B=1,3,4,3.0,0.0,7.333333333333333,0.0
fixed B=4,3,4,3.0,0.0,8.333333333333334,0.0
rel B0=0 eps=.5,3,4,3.0,0.0,8.4,0.0
rel B0=1 eps=1,3,4,3.0,0.0,11.0,0.0
rel B0=0 eps=2,3,4,3.0,0.0,21.0,0.0
qlen B0=0 gam=1,3,4,3.0,0.0,7.333333333333333,0.0
qlen B0=1 gam=.5 eps=.5,3,4,3.0,0.0,9.0,0.0
thresh B=1 th=1 N=2,3,4,3.0,0.0,8.0,0.0
thresh B=0 th=.5 N=3 eps=1,3,4,3.0,0.0,11.25,0.0
cap B0=1 eps=1 Bmax=3,3,4,3.0,0.0,8.0,0.0
cap B0=0 eps=2 Bmax=2,3,4,3.0,0.0,7.666666666666667,0.0
cap B0=1 eps=.5 Bmax=1,3,4,3.0,0.0,7.333333333333333,0.0
cap+cnt B=1 e=1 th=1 N=2 Bm=4,3,4,3.0,0.0,9.0,0.0
skip N=2 (work channel off),3,4,3.0,0.0,9.666666666666666,0.0
skip N=5 (work channel off),3,4,3.0,0.0,13.666666666666666,0.0
fixed B=0,1,4,3.0,0.0,3.0,0.0
fixed B=1,1,4,3.0,3.0,4.0,0.75
fixed B=4,1,4,3.0,3.0,7.0,0.42857142857142855
rel B0=0 eps=.5,1,4,3.0,0.0,6.0,0.0
qlen B0=0 gam=1,1,4,3.0,0.0,4.0,0.0
qlen B0=1 gam=.5 eps=.5,1,4,3.0,3.0,9.0,0.375
thresh B=1 th=1 N=2,1,4,3.0,3.0,6.0,0.5
cap B0=1 eps=.5 Bmax=1,1,4,3.0,3.0,4.0,0.75
skip N=2 (work channel off),1,4,3.0,3.0,11.0,0.2727272727272727
skip N=5 (work channel off),1,4,3.0,3.0,23.0,0.13043478260869565
fixed B=0,2,2,0.0,0.0,0.0,0.0
fixed B=1,2,2,0.0,0.0,0.5,0.0
fixed B=4,2,2,0.0,0.0,2.0,0.0
rel B0=0 eps=.5,2,2,0.0,0.0,0.0,0.0
rel B0=1 eps=1,2,2,0.0,0.0,1.0,0.0
qlen B0=0 gam=1,2,2,0.0,0.0,0.0,0.0
qlen B0=1 gam=.5 eps=.5,2,2,0.0,0.0,0.6666666666666666,0.0
thresh B=1 th=1 N=2,2,2,0.0,0.0,1.5,0.0
thresh B=0 th=.5 N=3 eps=1,2,2,0.0,0.0,1.5,0.0
cap B0=1 eps=1 Bmax=3,2,2,0.0,0.0,1.0,0.0
cap B0=1 eps=.5 Bmax=1,2,2,0.0,0.0,0.5,0.0
cap+cnt B=1 e=1 th=1 N=2 Bm=4,2,2,0.0,0.0,3.0,0.0
skip N=2 (work channel off),2,2,0.0,0.0,4.0,0.0
skip N=5 (work channel off),2,2,0.0,0.0,10.0,0.0
fixed B=0,3,7,2.0,0.0,4.666666666666667,0.0
fixed B=1,3,7,2.0,0.0,5.0,0.0
fixed B=4,3,7,2.0,0.0,6.0,0.0
rel B0=0 eps=.5,3,7,2.0,0.0,5.6,0.0
rel B0=1 eps=1,3,7,2.0,0.0,7.5,0.0
rel B0=0 eps=2,3,7,2.0,0.0,14.0,0.0
qlen B0=0 gam=1,3,7,2.0,0.0,5.333333333333333,0.0
qlen B0=1 gam=.5 eps=.5,3,7,2.0,0.0,6.4,0.0
thresh B=1 th=1 N=2,3,7,2.0,0.0,5.666666666666667,0.0
thresh B=0 th=.5 N=3 eps=1,3,7,2.0,0.0,7.75,0.0
cap B0=1 eps=1 Bmax=3,3,7,2.0,0.0,5.666666666666667,0.0
cap B0=0 eps=2 Bmax=2,3,7,2.0,0.0,5.333333333333333,0.0
cap B0=1 eps=.5 Bmax=1,3,7,2.0,0.0,5.0,0.0
cap+cnt B=1 e=1 th=1 N=2 Bm=4,3,7,2.0,0.0,6.666666666666667,0.0
skip N=2 (work channel off),3,7,2.0,0.0,7.333333333333333,0.0
skip N=5 (work channel off),3,7,2.0,0.0,11.333333333333334,0.0
fixed B=0,2,6,2.0,0.0,4.0,0.0
fixed B=1,2,6,2.0,0.0,4.5,0.0
fixed B=4,2,6,2.0,0.0,6.0,0.0
rel B0=0 eps=.5,2,6,2.0,0.0,5.333333333333333,0.0
rel B0=1 eps=1,2,6,2.0,0.0,9.0,0.0
qlen B0=0 gam=1,2,6,2.0,0.0,5.0,0.0
qlen B0=1 gam=.5 eps=.5,2,6,2.0,0.0,6.666666666666667,0.0
thresh B=1 th=1 N=2,2,6,2.0,0.0,5.5,0.0
thresh B=0 th=.5 N=3 eps=1,2,6,2.0,0.0,9.5,0.0
cap B0=1 eps=1 Bmax=3,2,6,2.0,0.0,5.5,0.0
cap B0=1 eps=.5 Bmax=1,2,6,2.0,0.0,4.5,0.0
cap+cnt B=1 e=1 th=1 N=2 Bm=4,2,6,2.0,0.0,7.0,0.0
skip N=2 (work channel off),2,6,2.0,0.0,8.0,0.0
skip N=5 (work channel off),2,6,2.0,0.0,14.0,0.0
fixed B=0,3,4,3.0,0.0,7.0,0.0
fixed B=1,3,4,3.0,0.0,7.333333333333333,0.0
fixed B=4,3,4,3.0,0.0,8.333333333333334,0.0
rel B0=0 eps=.5,3,4,3.0,0.0,8.4,0.0
rel B0=1 eps=1,3,4,3.0,0.0,11.0,0.0
rel B0=0 eps=2,3,4,3.0,0.0,21.0,0.0
qlen B0=0 gam=1,3,4,3.0,0.0,7.333333333333333,0.0
qlen B0=1 gam=.5 eps=.5,3,4,3.0,0.0,9.0,0.0
thresh B=1 th=1 N=2,3,4,3.0,0.0,8.0,0.0
thresh B=0 th=.5 N=3 eps=1,3,4,3.0,0.0,11.25,0.0
cap B0=1 eps=1 Bmax=3,3,4,3.0,0.0,8.0,0.0
cap B0=0 eps=2 Bmax=2,3,4,3.0,0.0,7.666666666666667,0.0
cap B0=1 eps=.5 Bmax=1,3,4,3.0,0.0,7.333333333333333,0.0
cap+cnt B=1 e=1 th=1 N=2 Bm=4,3,4,3.0,0.0,9.0,0.0
skip N=2 (work channel off),3,4,3.0,0.0,9.666666666666666,0.0
skip N=5 (work channel off),3,4,3.0,0.0,13.666666666666666,0.0
fixed B=0,3,3,2.0,0.0,4.666666666666667,0.0
fixed B=1,3,3,2.0,0.0,5.0,0.0
fixed B=4,3,3,2.0,0.0,6.0,0.0
rel B0=0 eps=.5,3,3,2.0,0.0,5.6,0.0
rel B0=1 eps=1,3,3,2.0,0.0,7.5,0.0
rel B0=0 eps=2,3,3,2.0,0.0,14.0,0.0
qlen B0=0 gam=1,3,3,2.0,0.0,5.0,0.0
qlen B0=1 gam=.5 eps=.5,3,3,2.0,0.0,6.2,0.0
thresh B=1 th=1 N=2,3,3,2.0,0.0,5.666666666666667,0.0
thresh B=0 th=.5 N=3 eps=1,3,3,2.0,0.0,7.75,0.0
cap B0=1 eps=1 Bmax=3,3,3,2.0,0.0,5.666666666666667,0.0
cap B0=0 eps=2 Bmax=2,3,3,2.0,0.0,5.333333333333333,0.0
cap B0=1 eps=.5 Bmax=1,3,3,2.0,0.0,5.0,0.0
cap+cnt B=1 e=1 th=1 N=2 Bm=4,3,3,2.0,0.0,6.666666666666667,0.0
skip N=2 (work channel off),3,3,2.0,0.0,7.333333333333333,0.0
skip N=5 (work channel off),3,3,2.0,0.0,11.333333333333334,0.0
fixed B=0,2,3,1.0,0.0,2.0,0.0
fixed B=1,2,3,1.0,0.0,2.5,0.0
fixed B=4,2,3,1.0,0.0,4.0,0.0
rel B0=0 eps=.5,2,3,1.0,0.0,2.6666666666666665,0.0
rel B0=1 eps=1,2,3,1.0,0.0,5.0,0.0
qlen B0=0 gam=1,2,3,1.0,0.0,3.0,0.0
qlen B0=1 gam=.5 eps=.5,2,3,1.0,0.0,4.0,0.0
thresh B=1 th=1 N=2,2,3,1.0,0.0,3.5,0.0
thresh B=0 th=.5 N=3 eps=1,2,3,1.0,0.0,5.5,0.0
cap B0=1 eps=1 Bmax=3,2,3,1.0,0.0,3.5,0.0
cap B0=1 eps=.5 Bmax=1,2,3,1.0,0.0,2.5,0.0
cap+cnt B=1 e=1 th=1 N=2 Bm=4,2,3,1.0,0.0,5.0,0.0
skip N=2 (work channel off),2,3,1.0,0.0,6.0,0.0
skip N=5 (work channel off),2,3,1.0,0.0,12.0,0.0
fixed B=0,2,2,0.0,0.0,0.0,0.0
fixed B=1,2,2,0.0,0.0,0.5,0.0
fixed B=4,2,2,0.0,0.0,2.0,0.0
rel B0=0 eps=.5,2,2,0.0,0.0,0.0,0.0
rel B0=1 eps=1,2,2,0.0,0.0,1.0,0.0
qlen B0=0 gam=1,2,2,0.0,0.0,0.5,0.0
qlen B0=1 gam=.5 eps=.5,2,2,0.0,0.0,1.0,0.0
thresh B=1 th=1 N=2,2,2,0.0,0.0,1.5,0.0
thresh B=0 th=.5 N=3 eps=1,2,2,0.0,0.0,1.5,0.0
cap B0=1 eps=1 Bmax=3,2,2,0.0,0.0,1.0,0.0
cap B0=1 eps=.5 Bmax=1,2,2,0.0,0.0,0.5,0.0
cap+cnt B=1 e=1 th=1 N=2 Bm=4,2,2,0.0,0.0,3.0,0.0
skip N=2 (work channel off),2,2,0.0,0.0,4.0,0.0
skip N=5 (work channel off),2,2,0.0,0.0,10.0,0.0
fixed B=0,3,5,3.0,0.0,7.0,0.0
fixed B=1,3,5,3.0,0.0,7.333333333333333,0.0
fixed B=4,3,5,3.0,0.0,8.333333333333334,0.0
rel B0=0 eps=.5,3,5,3.0,0.0,8.4,0.0
rel B0=1 eps=1,3,5,3.0,0.0,11.0,0.0
rel B0=0 eps=2,3,5,3.0,0.0,21.0,0.0
qlen B0=0 gam=1,3,5,3.0,0.0,7.333333333333333,0.0
qlen B0=1 gam=.5 eps=.5,3,5,3.0,0.0,9.0,0.0
thresh B=1 th=1 N=2,3,5,3.0,0.0,8.0,0.0
thresh B=0 th=.5 N=3 eps=1,3,5,3.0,0.0,11.25,0.0
cap B0=1 eps=1 Bmax=3,3,5,3.0,0.0,8.0,0.0
cap B0=0 eps=2 Bmax=2,3,5,3.0,0.0,7.666666666666667,0.0
cap B0=1 eps=.5 Bmax=1,3,5,3.0,0.0,7.333333333333333,0.0
cap+cnt B=1 e=1 th=1 N=2 Bm=4,3,5,3.0,0.0,9.0,0.0
skip N=2 (work channel off),3,5,3.0,0.0,9.666666666666666,0.0
skip N=5 (work channel off),3,5,3.0,0.0,13.666666666666666,0.0
fixed B=0,3,9,3.0,0.0,7.0,0.0
fixed B=1,3,9,3.0,0.0,7.333333333333334,0.0
fixed B=4,3,9,3.0,0.0,8.333333333333334,0.0
rel B0=0 eps=.5,3,9,3.0,0.0,8.6,0.0
rel B0=1 eps=1,3,9,3.0,0.0,11.5,0.0
rel B0=0 eps=2,3,9,3.0,0.0,23.0,0.0
qlen B0=0 gam=1,3,9,3.0,0.0,7.666666666666667,0.0
qlen B0=1 gam=.5 eps=.5,3,9,3.0,0.0,9.4,0.0
thresh B=1 th=1 N=2,3,9,3.0,0.0,8.0,0.0
thresh B=0 th=.5 N=3 eps=1,3,9,3.0,0.0,11.75,0.0
cap B0=1 eps=1 Bmax=3,3,9,3.0,0.0,8.0,0.0
cap B0=0 eps=2 Bmax=2,3,9,3.0,0.0,7.666666666666668,0.0
cap B0=1 eps=.5 Bmax=1,3,9,3.0,0.0,7.333333333333333,0.0
cap+cnt B=1 e=1 th=1 N=2 Bm=4,3,9,3.0,0.0,9.0,0.0
skip N=2 (work channel off),3,9,3.0,0.0,9.666666666666666,0.0
skip N=5 (work channel off),3,9,3.0,0.0,13.666666666666666,0.0
fixed B=0,1,7,3.0,0.0,3.0,0.0
fixed B=1,1,7,3.0,3.0,4.0,0.75
fixed B=4,1,7,3.0,5.0,7.0,0.7142857142857143
rel B0=0 eps=.5,1,7,3.0,2.0,13.0,0.2857142857142857
qlen B0=0 gam=1,1,7,3.0,2.0,7.0,0.4
qlen B0=1 gam=.5 eps=.5,1,7,3.0,3.0,19.0,0.3333333333333333
thresh B=1 th=1 N=2,1,7,3.0,3.0,6.0,0.5
cap B0=1 eps=.5 Bmax=1,1,7,3.0,3.0,4.0,0.75
skip N=2 (work channel off),1,7,3.0,5.0,11.0,0.45454545454545453
skip N=5 (work channel off),1,7,3.0,5.0,23.0,0.21739130434782608
fixed B=0,3,2,3.0,0.0,7.0,0.0
fixed B=1,3,2,3.0,0.0,7.333333333333333,0.0
fixed B=4,3,2,3.0,0.0,8.333333333333334,0.0
rel B0=0 eps=.5,3,2,3.0,0.0,8.4,0.0
rel B0=1 eps=1,3,2,3.0,0.0,11.0,0.0
rel B0=0 eps=2,3,2,3.0,0.0,21.0,0.0
qlen B0=0 gam=1,3,2,3.0,0.0,7.333333333333333,0.0
qlen B0=1 gam=.5 eps=.5,3,2,3.0,0.0,9.0,0.0
thresh B=1 th=1 N=2,3,2,3.0,0.0,8.0,0.0
thresh B=0 th=.5 N=3 eps=1,3,2,3.0,0.0,11.25,0.0
cap B0=1 eps=1 Bmax=3,3,2,3.0,0.0,8.0,0.0
cap B0=0 eps=2 Bmax=2,3,2,3.0,0.0,7.666666666666667,0.0
cap B0=1 eps=.5 Bmax=1,3,2,3.0,0.0,7.333333333333333,0.0
cap+cnt B=1 e=1 th=1 N=2 Bm=4,3,2,3.0,0.0,9.0,0.0
skip N=2 (work channel off),3,2,3.0,0.0,9.666666666666666,0.0
skip N=5 (work channel off),3,2,3.0,0.0,13.666666666666666,0.0
fixed B=0,2,4,2.0,0.0,4.0,0.0
fixed B=1,2,4,2.0,0.0,4.5,0.0
fixed B=4,2,4,2.0,0.0,6.0,0.0
rel B0=0 eps=.5,2,4,2.0,0.0,5.333333333333333,0.0
rel B0=1 eps=1,2,4,2.0,0.0,9.0,0.0
qlen B0=0 gam=1,2,4,2.0,0.0,4.0,0.0
qlen B0=1 gam=.5 eps=.5,2,4,2.0,0.0,6.0,0.0
thresh B=1 th=1 N=2,2,4,2.0,0.0,5.5,0.0
thresh B=0 th=.5 N=3 eps=1,2,4,2.0,0.0,9.5,0.0
cap B0=1 eps=1 Bmax=3,2,4,2.0,0.0,5.5,0.0
cap B0=1 eps=.5 Bmax=1,2,4,2.0,0.0,4.5,0.0
cap+cnt B=1 e=1 th=1 N=2 Bm=4,2,4,2.0,0.0,7.0,0.0
skip N=2 (work channel off),2,4,2.0,0.0,8.0,0.0
skip N=5 (work channel off),2,4,2.0,0.0,14.0,0.0
fixed B=0,1,6,1.0,0.0,1.0,0.0
fixed B=1,1,6,1.0,0.0,2.0,0.0
fixed B=4,1,6,1.0,0.0,5.0,0.0
rel B0=0 eps=.5,1,6,1.0,1.0,3.0,0.3333333333333333
qlen B0=0 gam=1,1,6,1.0,0.0,2.0,0.0
qlen B0=1 gam=.5 eps=.5,1,6,1.0,0.0,6.0,0.0
thresh B=1 th=1 N=2,1,6,1.0,0.0,4.0,0.0
cap B0=1 eps=.5 Bmax=1,1,6,1.0,0.0,2.0,0.0
skip N=2 (work channel off),1,6,1.0,0.0,9.0,0.0
skip N=5 (work channel off),1,6,1.0,0.0,21.0,0.0
fixed B=0,1,4,2.0,0.0,2.0,0.0
fixed B=1,1,4,2.0,0.0,3.0,0.0
fixed B=4,1,4,2.0,0.0,6.0,0.0
rel B0=0 eps=.5,1,4,2.0,2.0,5.0,0.4
qlen B0=0 gam=1,1,4,2.0,0.0,3.0,0.0
qlen B0=1 gam=.5 eps=.5,1,4,2.0,0.0,8.0,0.0
thresh B=1 th=1 N=2,1,4,2.0,0.0,5.0,0.0
cap B0=1 eps=.5 Bmax=1,1,4,2.0,0.0,3.0,0.0
skip N=2 (work channel off),1,4,2.0,0.0,10.0,0.0
skip N=5 (work channel off),1,4,2.0,0.0,22.0,0.0
fixed B=0,1,7,3.0,0.0,3.0,0.0
fixed B=1,1,7,3.0,3.0,4.0,0.75
fixed B=4,1,7,3.0,4.0,7.0,0.5714285714285714
rel B0=0 eps=.5,1,7,3.0,3.0,9.0,0.375
qlen B0=0 gam=1,1,7,3.0,3.0,7.0,0.75
qlen B0=1 gam=.5 eps=.5,1,7,3.0,4.0,15.0,0.3333333333333333
thresh B=1 th=1 N=2,1,7,3.0,3.0,6.0,0.5
cap B0=1 eps=.5 Bmax=1,1,7,3.0,3.0,4.0,0.75
skip N=2 (work channel off),1,7,3.0,3.0,11.0,0.2727272727272727
skip N=5 (work channel off),1,7,3.0,4.0,23.0,0.17391304347826086
fixed B=0,3,9,3.0,0.0,7.0,0.0
fixed B=1,3,9,3.0,0.0,7.333333333333333,0.0
fixed B=4,3,9,3.0,0.0,8.333333333333334,0.0
rel B0=0 eps=.5,3,9,3.0,0.0,8.4,0.0
rel B0=1 eps=1,3,9,3.0,0.0,11.0,0.0
rel B0=0 eps=2,3,9,3.0,0.0,21.0,0.0
qlen B0=0 gam=1,3,9,3.0,0.0,7.333333333333333,0.0
qlen B0=1 gam=.5 eps=.5,3,9,3.0,0.0,9.0,0.0
thresh B=1 th=1 N=2,3,9,3.0,0.0,8.0,0.0
thresh B=0 th=.5 N=3 eps=1,3,9,3.0,0.0,11.25,0.0
cap B0=1 eps=1 Bmax=3,3,9,3.0,0.0,8.0,0.0
cap B0=0 eps=2 Bmax=2,3,9,3.0,0.0,7.666666666666667,0.0
cap B0=1 eps=.5 Bmax=1,3,9,3.0,0.0,7.333333333333333,0.0
cap+cnt B=1 e=1 th=1 N=2 Bm=4,3,9,3.0,0.0,9.0,0.0
skip N=2 (work channel off),3,9,3.0,0.0,9.666666666666666,0.0
skip N=5 (work channel off),3,9,3.0,0.0,13.666666666666666,0.0
fixed B=0,1,5,3.0,0.0,3.0,0.0
fixed B=1,1,5,3.0,3.0,4.0,0.75
fixed B=4,1,5,3.0,5.0,7.0,0.7142857142857143
rel B0=0 eps=.5,1,5,3.0,3.0,7.0,0.42857142857142855
qlen B0=0 gam=1,1,5,3.0,0.0,4.0,0.0
qlen B0=1 gam=.5 eps=.5,1,5,3.0,3.0,11.0,0.3
thresh B=1 th=1 N=2,1,5,3.0,3.0,6.0,0.5
cap B0=1 eps=.5 Bmax=1,1,5,3.0,3.0,4.0,0.75
skip N=2 (work channel off),1,5,3.0,5.0,11.0,0.45454545454545453
skip N=5 (work channel off),1,5,3.0,5.0,23.0,0.21739130434782608
fixed B=0,3,6,3.0,0.0,7.0,0.0
fixed B=1,3,6,3.0,0.0,7.333333333333333,0.0
fixed B=4,3,6,3.0,0.0,8.333333333333334,0.0
rel B0=0 eps=.5,3,6,3.0,0.0,8.4,0.0
rel B0=1 eps=1,3,6,3.0,0.0,11.0,0.0
rel B0=0 eps=2,3,6,3.0,0.0,21.0,0.0
qlen B0=0 gam=1,3,6,3.0,0.0,7.333333333333333,0.0
qlen B0=1 gam=.5 eps=.5,3,6,3.0,0.0,9.0,0.0
thresh B=1 th=1 N=2,3,6,3.0,0.0,8.0,0.0
thresh B=0 th=.5 N=3 eps=1,3,6,3.0,0.0,11.25,0.0
cap B0=1 eps=1 Bmax=3,3,6,3.0,0.0,8.0,0.0
cap B0=0 eps=2 Bmax=2,3,6,3.0,0.0,7.666666666666667,0.0
cap B0=1 eps=.5 Bmax=1,3,6,3.0,0.0,7.333333333333333,0.0
cap+cnt B=1 e=1 th=1 N=2 Bm=4,3,6,3.0,0.0,9.0,0.0
skip N=2 (work channel off),3,6,3.0,0.0,9.666666666666666,0.0
skip N=5 (work channel off),3,6,3.0,0.0,13.666666666666666,0.0
fixed B=0,3,4,3.0,0.0,7.0,0.0
fixed B=1,3,4,3.0,0.0,7.333333333333333,0.0
fixed B=4,3,4,3.0,0.0,8.333333333333334,0.0
rel B0=0 eps=.5,3,4,3.0,0.0,8.4,0.0
rel B0=1 eps=1,3,4,3.0,0.0,11.0,0.0
rel B0=0 eps=2,3,4,3.0,0.0,21.0,0.0
qlen B0=0 gam=1,3,4,3.0,0.0,7.333333333333333,0.0
qlen B0=1 gam=.5 eps=.5,3,4,3.0,0.0,9.0,0.0
thresh B=1 th=1 N=2,3,4,3.0,0.0,8.0,0.0
thresh B=0 th=.5 N=3 eps=1,3,4,3.0,0.0,11.25,0.0
cap B0=1 eps=1 Bmax=3,3,4,3.0,0.0,8.0,0.0
cap B0=0 eps=2 Bmax=2,3,4,3.0,0.0,7.666666666666667,0.0
cap B0=1 eps=.5 Bmax=1,3,4,3.0,0.0,7.333333333333333,0.0
cap+cnt B=1 e=1 th=1 N=2 Bm=4,3,4,3.0,0.0,9.0,0.0
skip N=2 (work channel off),3,4,3.0,0.0,9.666666666666666,0.0
skip N=5 (work channel off),3,4,3.0,0.0,13.666666666666666,0.0
fixed B=0,3,7,3.0,0.0,7.0,0.0
fixed B=1,3,7,3.0,0.0,7.333333333333333,0.0
fixed B=4,3,7,3.0,0.0,8.333333333333334,0.0
rel B0=0 eps=.5,3,7,3.0,0.0,8.4,0.0
rel B0=1 eps=1,3,7,3.0,0.0,11.0,0.0
rel B0=0 eps=2,3,7,3.0,0.0,21.0,0.0
qlen B0=0 gam=1,3,7,3.0,0.0,7.666666666666667,0.0
qlen B0=1 gam=.5 eps=.5,3,7,3.0,0.0,9.2,0.0
thresh B=1 th=1 N=2,3,7,3.0,0.0,8.0,0.0
thresh B=0 th=.5 N=3 eps=1,3,7,3.0,0.0,11.25,0.0
cap B0=1 eps=1 Bmax=3,3,7,3.0,0.0,8.0,0.0
cap B0=0 eps=2 Bmax=2,3,7,3.0,0.0,7.666666666666667,0.0
cap B0=1 eps=.5 Bmax=1,3,7,3.0,0.0,7.333333333333333,0.0
cap+cnt B=1 e=1 th=1 N=2 Bm=4,3,7,3.0,0.0,9.0,0.0
skip N=2 (work channel off),3,7,3.0,0.0,9.666666666666666,0.0
skip N=5 (work channel off),3,7,3.0,0.0,13.666666666666666,0.0
fixed B=0,2,2,3.0,0.0,6.0,0.0
fixed B=1,2,2,3.0,0.0,6.5,0.0
fixed B=4,2,2,3.0,0.0,8.0,0.0
rel B0=0 eps=.5,2,2,3.0,0.0,8.0,0.0
rel B0=1 eps=1,2,2,3.0,0.0,13.0,0.0
qlen B0=0 gam=1,2,2,3.0,0.0,6.0,0.0
qlen B0=1 gam=.5 eps=.5,2,2,3.0,0.0,8.666666666666666,0.0
thresh B=1 th=1 N=2,2,2,3.0,0.0,7.5,0.0
thresh B=0 th=.5 N=3 eps=1,2,2,3.0,0.0,13.5,0.0
cap B0=1 eps=1 Bmax=3,2,2,3.0,0.0,7.5,0.0
cap B0=1 eps=.5 Bmax=1,2,2,3.0,0.0,6.5,0.0
cap+cnt B=1 e=1 th=1 N=2 Bm=4,2,2,3.0,0.0,9.0,0.0
skip N=2 (work channel off),2,2,3.0,0.0,10.0,0.0
skip N=5 (work channel off),2,2,3.0,0.0,16.0,0.0
fixed B=0,2,5,2.0,0.0,4.0,0.0
fixed B=1,2,5,2.0,0.0,4.5,0.0
fixed B=4,2,5,2.0,0.0,6.0,0.0
rel B0=0 eps=.5,2,5,2.0,0.0,5.333333333333333,0.0
rel B0=1 eps=1,2,5,2.0,0.0,9.0,0.0
qlen B0=0 gam=1,2,5,2.0,0.0,4.5,0.0
qlen B0=1 gam=.5 eps=.5,2,5,2.0,0.0,6.333333333333333,0.0
thresh B=1 th=1 N=2,2,5,2.0,0.0,5.5,0.0
thresh B=0 th=.5 N=3 eps=1,2,5,2.0,0.0,9.5,0.0
cap B0=1 eps=1 Bmax=3,2,5,2.0,0.0,5.5,0.0
cap B0=1 eps=.5 Bmax=1,2,5,2.0,0.0,4.5,0.0
cap+cnt B=1 e=1 th=1 N=2 Bm=4,2,5,2.0,0.0,7.0,0.0
skip N=2 (work channel off),2,5,2.0,0.0,8.0,0.0
skip N=5 (work channel off),2,5,2.0,0.0,14.0,0.0
fixed B=0,3,8,3.0,0.0,7.0,0.0
fixed B=1,3,8,3.0,0.0,7.333333333333333,0.0
fixed B=4,3,8,3.0,0.0,8.333333333333334,0.0
rel B0=0 eps=.5,3,8,3.0,0.0,8.4,0.0
rel B0=1 eps=1,3,8,3.0,0.0,11.0,0.0
rel B0=0 eps=2,3,8,3.0,0.0,21.0,0.0
qlen B0=0 gam=1,3,8,3.0,0.0,7.333333333333333,0.0
qlen B0=1 gam=.5 eps=.5,3,8,3.0,0.0,9.0,0.0
thresh B=1 th=1 N=2,3,8,3.0,0.0,8.0,0.0
thresh B=0 th=.5 N=3 eps=1,3,8,3.0,0.0,11.25,0.0
cap B0=1 eps=1 Bmax=3,3,8,3.0,0.0,8.0,0.0
cap B0=0 eps=2 Bmax=2,3,8,3.0,0.0,7.666666666666667,0.0
cap B0=1 eps=.5 Bmax=1,3,8,3.0,0.0,7.333333333333333,0.0
cap+cnt B=1 e=1 th=1 N=2 Bm=4,3,8,3.0,0.0,9.0,0.0
skip N=2 (work channel off),3,8,3.0,0.0,9.666666666666666,0.0
skip N=5 (work channel off),3,8,3.0,0.0,13.666666666666666,0.0
fixed B=0,3,9,3.0,0.0,7.0,0.0
fixed B=1,3,9,3.0,0.0,7.333333333333333,0.0
fixed B=4,3,9,3.0,0.0,8.333333333333334,0.0
rel B0=0 eps=.5,3,9,3.0,0.0,8.4,0.0
rel B0=1 eps=1,3,9,3.0,0.0,11.0,0.0
rel B0=0 eps=2,3,9,3.0,0.0,21.0,0.0
qlen B0=0 gam=1,3,9,3.0,0.0,7.666666666666667,0.0
qlen B0=1 gam=.5 eps=.5,3,9,3.0,0.0,9.2,0.0
thresh B=1 th=1 N=2,3,9,3.0,0.0,8.0,0.0
thresh B=0 th=.5 N=3 eps=1,3,9,3.0,0.0,11.25,0.0
cap B0=1 eps=1 Bmax=3,3,9,3.0,0.0,8.0,0.0
cap B0=0 eps=2 Bmax=2,3,9,3.0,0.0,7.666666666666667,0.0
cap B0=1 eps=.5 Bmax=1,3,9,3.0,0.0,7.333333333333333,0.0
cap+cnt B=1 e=1 th=1 N=2 Bm=4,3,9,3.0,0.0,9.0,0.0
skip N=2 (work channel off),3,9,3.0,0.0,9.666666666666666,0.0
skip N=5 (work channel off),3,9,3.0,0.0,13.666666666666666,0.0
fixed B=0,2,7,3.0,0.0,6.0,0.0
fixed B=1,2,7,3.0,0.0,6.5,0.0
fixed B=4,2,7,3.0,0.0,8.0,0.0
rel B0=0 eps=.5,2,7,3.0,0.0,8.333333333333334,0.0
rel B0=1 eps=1,2,7,3.0,0.0,14.0,0.0
qlen B0=0 gam=1,2,7,3.0,0.0,6.5,0.0
qlen B0=1 gam=.5 eps=.5,2,7,3.0,0.0,9.333333333333334,0.0
thresh B=1 th=1 N=2,2,7,3.0,0.0,7.5,0.0
thresh B=0 th=.5 N=3 eps=1,2,7,3.0,0.0,14.5,0.0
cap B0=1 eps=1 Bmax=3,2,7,3.0,0.0,7.5,0.0
cap B0=1 eps=.5 Bmax=1,2,7,3.0,0.0,6.5,0.0
cap+cnt B=1 e=1 th=1 N=2 Bm=4,2,7,3.0,0.0,9.0,0.0
skip N=2 (work channel off),2,7,3.0,0.0,10.0,0.0
skip N=5 (work channel off),2,7,3.0,0.0,16.0,0.0
fixed B=0,3,4,3.0,0.0,7.0,0.0
fixed B=1,3,4,3.0,0.0,7.333333333333333,0.0
fixed B=4,3,4,3.0,0.0,8.333333333333334,0.0
rel B0=0 eps=.5,3,4,3.0,0.0,8.4,0.0
rel B0=1 eps=1,3,4,3.0,0.0,11.0,0.0
rel B0=0 eps=2,3,4,3.0,0.0,21.0,0.0
qlen B0=0 gam=1,3,4,3.0,0.0,7.666666666666667,0.0
qlen B0=1 gam=.5 eps=.5,3,4,3.0,0.0,9.2,0.0
thresh B=1 th=1 N=2,3,4,3.0,0.0,8.0,0.0
thresh B=0 th=.5 N=3 eps=1,3,4,3.0,0.0,11.25,0.0
cap B0=1 eps=1 Bmax=3,3,4,3.0,0.0,8.0,0.0
cap B0=0 eps=2 Bmax=2,3,4,3.0,0.0,7.666666666666667,0.0
cap B0=1 eps=.5 Bmax=1,3,4,3.0,0.0,7.333333333333333,0.0
cap+cnt B=1 e=1 th=1 N=2 Bm=4,3,4,3.0,0.0,9.0,0.0
skip N=2 (work channel off),3,4,3.0,0.0,9.666666666666666,0.0
skip N=5 (work channel off),3,4,3.0,0.0,13.666666666666666,0.0
fixed B=0,2,3,1.0,0.0,2.0,0.0
fixed B=1,2,3,1.0,0.0,2.5,0.0
fixed B=4,2,3,1.0,0.0,4.0,0.0
rel B0=0 eps=.5,2,3,1.0,0.0,2.6666666666666665,0.0
rel B0=1 eps=1,2,3,1.0,0.0,5.0,0.0
qlen B0=0 gam=1,2,3,1.0,0.0,2.5,0.0
qlen B0=1 gam=.5 eps=.5,2,3,1.0,0.0,3.6666666666666665,0.0
thresh B=1 th=1 N=2,2,3,1.0,0.0,3.5,0.0
thresh B=0 th=.5 N=3 eps=1,2,3,1.0,0.0,5.5,0.0
cap B0=1 eps=1 Bmax=3,2,3,1.0,0.0,3.5,0.0
cap B0=1 eps=.5 Bmax=1,2,3,1.0,0.0,2.5,0.0
cap+cnt B=1 e=1 th=1 N=2 Bm=4,2,3,1.0,0.0,5.0,0.0
skip N=2 (work channel off),2,3,1.0,0.0,6.0,0.0
skip N=5 (work channel off),2,3,1.0,0.0,12.0,0.0
fixed B=0,2,3,3.0,0.0,6.0,0.0
fixed B=1,2,3,3.0,0.0,6.5,0.0
fixed B=4,2,3,3.0,0.0,8.0,0.0
rel B0=0 eps=.5,2,3,3.0,0.0,8.0,0.0
rel B0=1 eps=1,2,3,3.0,0.0,13.0,0.0
qlen B0=0 gam=1,2,3,3.0,0.0,6.5,0.0
qlen B0=1 gam=.5 eps=.5,2,3,3.0,0.0,9.0,0.0
thresh B=1 th=1 N=2,2,3,3.0,0.0,7.5,0.0
thresh B=0 th=.5 N=3 eps=1,2,3,3.0,0.0,13.5,0.0
cap B0=1 eps=1 Bmax=3,2,3,3.0,0.0,7.5,0.0
cap B0=1 eps=.5 Bmax=1,2,3,3.0,0.0,6.5,0.0
cap+cnt B=1 e=1 th=1 N=2 Bm=4,2,3,3.0,0.0,9.0,0.0
skip N=2 (work channel off),2,3,3.0,0.0,10.0,0.0
skip N=5 (work channel off),2,3,3.0,0.0,16.0,0.0
fixed B=0,3,3,2.0,0.0,4.666666666666667,0.0
fixed B=1,3,3,2.0,0.0,5.0,0.0
fixed B=4,3,3,2.0,0.0,6.0,0.0
rel B0=0 eps=.5,3,3,2.0,0.0,5.6,0.0
rel B0=1 eps=1,3,3,2.0,0.0,7.5,0.0
rel B0=0 eps=2,3,3,2.0,0.0,14.0,0.0
qlen B0=0 gam=1,3,3,2.0,0.0,5.333333333333333,0.0
qlen B0=1 gam=.5 eps=.5,3,3,2.0,0.0,6.4,0.0
thresh B=1 th=1 N=2,3,3,2.0,0.0,5.666666666666667,0.0
thresh B=0 th=.5 N=3 eps=1,3,3,2.0,0.0,7.75,0.0
cap B0=1 eps=1 Bmax=3,3,3,2.0,0.0,5.666666666666667,0.0
cap B0=0 eps=2 Bmax=2,3,3,2.0,0.0,5.333333333333333,0.0
cap B0=1 eps=.5 Bmax=1,3,3,2.0,0.0,5.0,0.0
cap+cnt B=1 e=1 th=1 N=2 Bm=4,3,3,2.0,0.0,6.666666666666667,0.0
skip N=2 (work channel off),3,3,2.0,0.0,7.333333333333333,0.0
skip N=5 (work channel off),3,3,2.0,0.0,11.333333333333334,0.0
fixed B=0,3,3,3.0,0.0,7.0,0.0
fixed B=1,3,3,3.0,0.0,7.333333333333333,0.0
fixed B=4,3,3,3.0,0.0,8.333333333333334,0.0
rel B0=0 eps=.5,3,3,3.0,0.0,8.4,0.0
rel B0=1 eps=1,3,3,3.0,0.0,11.0,0.0
rel B0=0 eps=2,3,3,3.0,0.0,21.0,0.0
qlen B0=0 gam=1,3,3,3.0,0.0,7.333333333333333,0.0
qlen B0=1 gam=.5 eps=.5,3,3,3.0,0.0,9.0,0.0
thresh B=1 th=1 N=2,3,3,3.0,0.0,8.0,0.0
thresh B=0 th=.5 N=3 eps=1,3,3,3.0,0.0,11.25,0.0
cap B0=1 eps=1 Bmax=3,3,3,3.0,0.0,8.0,0.0
cap B0=0 eps=2 Bmax=2,3,3,3.0,0.0,7.666666666666667,0.0
cap B0=1 eps=.5 Bmax=1,3,3,3.0,0.0,7.333333333333333,0.0
cap+cnt B=1 e=1 th=1 N=2 Bm=4,3,3,3.0,0.0,9.0,0.0
skip N=2 (work channel off),3,3,3.0,0.0,9.666666666666666,0.0
skip N=5 (work channel off),3,3,3.0,0.0,13.666666666666666,0.0
fixed B=0,2,4,2.0,0.0,4.0,0.0
fixed B=1,2,4,2.0,0.0,4.5,0.0
fixed B=4,2,4,2.0,0.0,6.0,0.0
rel B0=0 eps=.5,2,4,2.0,0.0,5.333333333333333,0.0
rel B0=1 eps=1,2,4,2.0,0.0,9.0,0.0
qlen B0=0 gam=1,2,4,2.0,0.0,4.5,0.0
qlen B0=1 gam=.5 eps=.5,2,4,2.0,0.0,6.333333333333333,0.0
thresh B=1 th=1 N=2,2,4,2.0,0.0,5.5,0.0
thresh B=0 th=.5 N=3 eps=1,2,4,2.0,0.0,9.5,0.0
cap B0=1 eps=1 Bmax=3,2,4,2.0,0.0,5.5,0.0
cap B0=1 eps=.5 Bmax=1,2,4,2.0,0.0,4.5,0.0
cap+cnt B=1 e=1 th=1 N=2 Bm=4,2,4,2.0,0.0,7.0,0.0
skip N=2 (work channel off),2,4,2.0,0.0,8.0,0.0
skip N=5 (work channel off),2,4,2.0,0.0,14.0,0.0
fixed B=0,2,4,3.0,0.0,6.0,0.0
fixed B=1,2,4,3.0,1.0,6.5,0.15384615384615385
fixed B=4,2,4,3.0,2.0,8.0,0.25
rel B0=0 eps=.5,2,4,3.0,0.0,8.666666666666666,0.0
rel B0=1 eps=1,2,4,3.0,2.0,15.0,0.15384615384615385
qlen B0=0 gam=1,2,4,3.0,0.0,7.0,0.0
qlen B0=1 gam=.5 eps=.5,2,4,3.0,2.0,10.0,0.23076923076923078
thresh B=1 th=1 N=2,2,4,3.0,2.0,7.5,0.26666666666666666
thresh B=0 th=.5 N=3 eps=1,2,4,3.0,0.0,15.5,0.0
cap B0=1 eps=1 Bmax=3,2,4,3.0,2.0,7.5,0.26666666666666666
cap B0=1 eps=.5 Bmax=1,2,4,3.0,1.0,6.5,0.15384615384615385
cap+cnt B=1 e=1 th=1 N=2 Bm=4,2,4,3.0,2.0,9.0,0.2222222222222222
skip N=2 (work channel off),2,4,3.0,2.0,10.0,0.2
skip N=5 (work channel off),2,4,3.0,2.0,16.0,0.125
fixed B=0,2,3,0.0,0.0,0.0,0.0
fixed B=1,2,3,0.0,0.0,0.5,0.0
fixed B=4,2,3,0.0,0.0,2.0,0.0
rel B0=0 eps=.5,2,3,0.0,0.0,0.0,0.0
rel B0=1 eps=1,2,3,0.0,0.0,1.0,0.0
qlen B0=0 gam=1,2,3,0.0,0.0,0.0,0.0
qlen B0=1 gam=.5 eps=.5,2,3,0.0,0.0,0.6666666666666666,0.0
thresh B=1 th=1 N=2,2,3,0.0,0.0,1.5,0.0
thresh B=0 th=.5 N=3 eps=1,2,3,0.0,0.0,1.5,0.0
cap B0=1 eps=1 Bmax=3,2,3,0.0,0.0,1.0,0.0
cap B0=1 eps=.5 Bmax=1,2,3,0.0,0.0,0.5,0.0
cap+cnt B=1 e=1 th=1 N=2 Bm=4,2,3,0.0,0.0,3.0,0.0
skip N=2 (work channel off),2,3,0.0,0.0,4.0,0.0
skip N=5 (work channel off),2,3,0.0,0.0,10.0,0.0
fixed B=0,3,3,2.0,0.0,4.666666666666667,0.0
fixed B=1,3,3,2.0,0.0,5.0,0.0
fixed B=4,3,3,2.0,0.0,6.0,0.0
rel B0=0 eps=.5,3,3,2.0,0.0,5.6,0.0
rel B0=1 eps=1,3,3,2.0,0.0,7.5,0.0
rel B0=0 eps=2,3,3,2.0,0.0,14.0,0.0
qlen B0=0 gam=1,3,3,2.0,0.0,4.666666666666667,0.0
qlen B0=1 gam=.5 eps=.5,3,3,2.0,0.0,6.0,0.0
thresh B=1 th=1 N=2,3,3,2.0,0.0,5.666666666666667,0.0
thresh B=0 th=.5 N=3 eps=1,3,3,2.0,0.0,7.75,0.0
cap B0=1 eps=1 Bmax=3,3,3,2.0,0.0,5.666666666666667,0.0
cap B0=0 eps=2 Bmax=2,3,3,2.0,0.0,5.333333333333333,0.0
cap B0=1 eps=.5 Bmax=1,3,3,2.0,0.0,5.0,0.0
cap+cnt B=1 e=1 th=1 N=2 Bm=4,3,3,2.0,0.0,6.666666666666667,0.0
skip N=2 (work channel off),3,3,2.0,0.0,7.333333333333333,0.0
skip N=5 (work channel off),3,3,2.0,0.0,11.333333333333334,0.0
fixed B=0,2,3,3.0,0.0,6.0,0.0
fixed B=1,2,3,3.0,0.0,6.5,0.0
fixed B=4,2,3,3.0,0.0,8.0,0.0
rel B0=0 eps=.5,2,3,3.0,0.0,8.0,0.0
rel B0=1 eps=1,2,3,3.0,0.0,13.0,0.0
qlen B0=0 gam=1,2,3,3.0,0.0,6.0,0.0
qlen B0=1 gam=.5 eps=.5,2,3,3.0,0.0,8.666666666666666,0.0
thresh B=1 th=1 N=2,2,3,3.0,0.0,7.5,0.0
thresh B=0 th=.5 N=3 eps=1,2,3,3.0,0.0,13.5,0.0
cap B0=1 eps=1 Bmax=3,2,3,3.0,0.0,7.5,0.0
cap B0=1 eps=.5 Bmax=1,2,3,3.0,0.0,6.5,0.0
cap+cnt B=1 e=1 th=1 N=2 Bm=4,2,3,3.0,0.0,9.0,0.0
skip N=2 (work channel off),2,3,3.0,0.0,10.0,0.0
skip N=5 (work channel off),2,3,3.0,0.0,16.0,0.0
fixed B=0,1,7,3.0,0.0,3.0,0.0
fixed B=1,1,7,3.0,0.0,4.0,0.0
fixed B=4,1,7,3.0,0.0,7.0,0.0
rel B0=0 eps=.5,1,7,3.0,0.0,8.0,0.0
qlen B0=0 gam=1,1,7,3.0,0.0,5.0,0.0
qlen B0=1 gam=.5 eps=.5,1,7,3.0,0.0,10.0,0.0
thresh B=1 th=1 N=2,1,7,3.0,0.0,6.0,0.0
cap B0=1 eps=.5 Bmax=1,1,7,3.0,0.0,4.0,0.0
skip N=2 (work channel off),1,7,3.0,0.0,11.0,0.0
skip N=5 (work channel off),1,7,3.0,0.0,23.0,0.0
fixed B=0,2,8,3.0,0.0,6.0,0.0
fixed B=1,2,8,3.0,2.0,6.5,0.3076923076923077
fixed B=4,2,8,3.0,2.0,8.0,0.25
rel B0=0 eps=.5,2,8,3.0,1.0,8.666666666666666,0.12
rel B0=1 eps=1,2,8,3.0,2.0,15.0,0.15384615384615385
qlen B0=0 gam=1,2,8,3.0,2.0,7.0,0.3076923076923077
qlen B0=1 gam=.5 eps=.5,2,8,3.0,2.0,9.666666666666666,0.2222222222222222
thresh B=1 th=1 N=2,2,8,3.0,2.0,7.5,0.26666666666666666
thresh B=0 th=.5 N=3 eps=1,2,8,3.0,1.0,15.5,0.06896551724137931
cap B0=1 eps=1 Bmax=3,2,8,3.0,2.0,7.5,0.26666666666666666
cap B0=1 eps=.5 Bmax=1,2,8,3.0,2.0,6.5,0.3076923076923077
cap+cnt B=1 e=1 th=1 N=2 Bm=4,2,8,3.0,2.0,9.0,0.2222222222222222
skip N=2 (work channel off),2,8,3.0,2.0,10.0,0.2
skip N=5 (work channel off),2,8,3.0,2.0,16.0,0.125
fixed B=0,2,3,0.0,0.0,0.0,0.0
fixed B=1,2,3,0.0,0.0,0.5,0.0
fixed B=4,2,3,0.0,0.0,2.0,0.0
rel B0=0 eps=.5,2,3,0.0,0.0,0.0,0.0
rel B0=1 eps=1,2,3,0.0,0.0,1.0,0.0
qlen B0=0 gam=1,2,3,0.0,0.0,0.5,0.0
qlen B0=1 gam=.5 eps=.5,2,3,0.0,0.0,1.0,0.0
thresh B=1 th=1 N=2,2,3,0.0,0.0,1.5,0.0
thresh B=0 th=.5 N=3 eps=1,2,3,0.0,0.0,1.5,0.0
cap B0=1 eps=1 Bmax=3,2,3,0.0,0.0,1.0,0.0
cap B0=1 eps=.5 Bmax=1,2,3,0.0,0.0,0.5,0.0
cap+cnt B=1 e=1 th=1 N=2 Bm=4,2,3,0.0,0.0,3.0,0.0
skip N=2 (work channel off),2,3,0.0,0.0,4.0,0.0
skip N=5 (work channel off),2,3,0.0,0.0,10.0,0.0
fixed B=0,2,7,3.0,0.0,6.0,0.0
fixed B=1,2,7,3.0,1.0,6.5,0.15384615384615385
fixed B=4,2,7,3.0,1.0,8.0,0.125
rel B0=0 eps=.5,2,7,3.0,0.0,8.666666666666666,0.0
rel B0=1 eps=1,2,7,3.0,1.0,15.0,0.07692307692307693
qlen B0=0 gam=1,2,7,3.0,0.0,6.5,0.0
qlen B0=1 gam=.5 eps=.5,2,7,3.0,1.0,9.666666666666666,0.11538461538461539
thresh B=1 th=1 N=2,2,7,3.0,1.0,7.5,0.13333333333333333
thresh B=0 th=.5 N=3 eps=1,2,7,3.0,0.0,15.5,0.0
cap B0=1 eps=1 Bmax=3,2,7,3.0,1.0,7.5,0.13333333333333333
cap B0=1 eps=.5 Bmax=1,2,7,3.0,1.0,6.5,0.15384615384615385
cap+cnt B=1 e=1 th=1 N=2 Bm=4,2,7,3.0,1.0,9.0,0.1111111111111111
skip N=2 (work channel off),2,7,3.0,1.0,10.0,0.1
skip N=5 (work channel off),2,7,3.0,1.0,16.0,0.0625
fixed B=0,3,5,2.0,0.0,4.666666666666667,0.0
fixed B=1,3,5,2.0,0.0,5.0,0.0
fixed B=4,3,5,2.0,0.0,6.0,0.0
rel B0=0 eps=.5,3,5,2.0,0.0,5.6,0.0
rel B0=1 eps=1,3,5,2.0,0.0,7.5,0.0
rel B0=0 eps=2,3,5,2.0,0.0,14.0,0.0
qlen B0=0 gam=1,3,5,2.0,0.0,5.333333333333333,0.0
qlen B0=1 gam=.5 eps=.5,3,5,2.0,0.0,6.4,0.0
thresh B=1 th=1 N=2,3,5,2.0,0.0,5.666666666666667,0.0
thresh B=0 th=.5 N=3 eps=1,3,5,2.0,0.0,7.75,0.0
cap B0=1 eps=1 Bmax=3,3,5,2.0,0.0,5.666666666666667,0.0
cap B0=0 eps=2 Bmax=2,3,5,2.0,0.0,5.333333333333333,0.0
cap B0=1 eps=.5 Bmax=1,3,5,2.0,0.0,5.0,0.0
cap+cnt B=1 e=1 th=1 N=2 Bm=4,3,5,2.0,0.0,6.666666666666667,0.0
skip N=2 (work channel off),3,5,2.0,0.0,7.333333333333333,0.0
skip N=5 (work channel off),3,5,2.0,0.0,11.333333333333334,0.0
fixed B=0,1,9,3.0,0.0,3.0,0.0
fixed B=1,1,9,3.0,3.0,4.0,0.75
fixed B=4,1,9,3.0,6.0,7.0,0.8571428571428571
rel B0=0 eps=.5,1,9,3.0,3.0,14.0,0.42857142857142855
qlen B0=0 gam=1,1,9,3.0,3.0,6.0,0.75
qlen B0=1 gam=.5 eps=.5,1,9,3.0,6.0,20.0,0.6
thresh B=1 th=1 N=2,1,9,3.0,3.0,6.0,0.5
cap B0=1 eps=.5 Bmax=1,1,9,3.0,3.0,4.0,0.75
skip N=2 (work channel off),1,9,3.0,6.0,11.0,0.5454545454545454
skip N=5 (work channel off),1,9,3.0,13.0,23.0,0.5652173913043478
fixed B=0,1,4,3.0,0.0,3.0,0.0
fixed B=1,1,4,3.0,0.0,4.0,0.0
fixed B=4,1,4,3.0,0.0,7.0,0.0
rel B0=0 eps=.5,1,4,3.0,0.0,6.0,0.0
qlen B0=0 gam=1,1,4,3.0,0.0,4.0,0.0
qlen B0=1 gam=.5 eps=.5,1,4,3.0,0.0,9.0,0.0
thresh B=1 th=1 N=2,1,4,3.0,0.0,6.0,0.0
cap B0=1 eps=.5 Bmax=1,1,4,3.0,0.0,4.0,0.0
skip N=2 (work channel off),1,4,3.0,0.0,11.0,0.0
skip N=5 (work channel off),1,4,3.0,0.0,23.0,0.0
fixed B=0,1,8,3.0,0.0,3.0,0.0
fixed B=1,1,8,3.0,3.0,4.0,0.75
fixed B=4,1,8,3.0,6.0,7.0,0.8571428571428571
rel B0=0 eps=.5,1,8,3.0,3.0,11.0,0.3333333333333333
qlen B0=0 gam=1,1,8,3.0,3.0,6.0,0.6
qlen B0=1 gam=.5 eps=.5,1,8,3.0,3.0,17.0,0.375
thresh B=1 th=1 N=2,1,8,3.0,3.0,6.0,0.5
cap B0=1 eps=.5 Bmax=1,1,8,3.0,3.0,4.0,0.75
skip N=2 (work channel off),1,8,3.0,3.0,11.0,0.2727272727272727
skip N=5 (work channel off),1,8,3.0,9.0,23.0,0.391304347826087
fixed B=0,3,8,3.0,0.0,7.0,0.0
fixed B=1,3,8,3.0,0.0,7.333333333333333,0.0
fixed B=4,3,8,3.0,0.0,8.333333333333334,0.0
rel B0=0 eps=.5,3,8,3.0,0.0,8.4,0.0
rel B0=1 eps=1,3,8,3.0,0.0,11.0,0.0
rel B0=0 eps=2,3,8,3.0,0.0,21.0,0.0
qlen B0=0 gam=1,3,8,3.0,0.0,7.333333333333333,0.0
qlen B0=1 gam=.5 eps=.5,3,8,3.0,0.0,9.0,0.0
thresh B=1 th=1 N=2,3,8,3.0,0.0,8.0,0.0
thresh B=0 th=.5 N=3 eps=1,3,8,3.0,0.0,11.25,0.0
cap B0=1 eps=1 Bmax=3,3,8,3.0,0.0,8.0,0.0
cap B0=0 eps=2 Bmax=2,3,8,3.0,0.0,7.666666666666667,0.0
cap B0=1 eps=.5 Bmax=1,3,8,3.0,0.0,7.333333333333333,0.0
cap+cnt B=1 e=1 th=1 N=2 Bm=4,3,8,3.0,0.0,9.0,0.0
skip N=2 (work channel off),3,8,3.0,0.0,9.666666666666666,0.0
skip N=5 (work channel off),3,8,3.0,0.0,13.666666666666666,0.0
fixed B=0,3,9,2.0,0.0,4.666666666666667,0.0
fixed B=1,3,9,2.0,0.0,5.0,0.0
fixed B=4,3,9,2.0,0.0,6.0,0.0
rel B0=0 eps=.5,3,9,2.0,0.0,5.6,0.0
rel B0=1 eps=1,3,9,2.0,0.0,7.5,0.0
rel B0=0 eps=2,3,9,2.0,0.0,14.0,0.0
qlen B0=0 gam=1,3,9,2.0,0.0,5.333333333333333,0.0
qlen B0=1 gam=.5 eps=.5,3,9,2.0,0.0,6.4,0.0
thresh B=1 th=1 N=2,3,9,2.0,0.0,5.666666666666667,0.0
thresh B=0 th=.5 N=3 eps=1,3,9,2.0,0.0,7.75,0.0
cap B0=1 eps=1 Bmax=3,3,9,2.0,0.0,5.666666666666667,0.0
cap B0=0 eps=2 Bmax=2,3,9,2.0,0.0,5.333333333333333,0.0
cap B0=1 eps=.5 Bmax=1,3,9,2.0,0.0,5.0,0.0
cap+cnt B=1 e=1 th=1 N=2 Bm=4,3,9,2.0,0.0,6.666666666666667,0.0
skip N=2 (work channel off),3,9,2.0,0.0,7.333333333333333,0.0
skip N=5 (work channel off),3,9,2.0,0.0,11.333333333333334,0.0
fixed B=0,3,6,3.0,0.0,7.0,0.0
fixed B=1,3,6,3.0,0.0,7.333333333333333,0.0
fixed B=4,3,6,3.0,0.0,8.333333333333334,0.0
rel B0=0 eps=.5,3,6,3.0,0.0,8.4,0.0
rel B0=1 eps=1,3,6,3.0,0.0,11.0,0.0
rel B0=0 eps=2,3,6,3.0,0.0,21.0,0.0
qlen B0=0 gam=1,3,6,3.0,0.0,7.666666666666667,0.0
qlen B0=1 gam=.5 eps=.5,3,6,3.0,0.0,9.2,0.0
thresh B=1 th=1 N=2,3,6,3.0,0.0,8.0,0.0
thresh B=0 th=.5 N=3 eps=1,3,6,3.0,0.0,11.25,0.0
cap B0=1 eps=1 Bmax=3,3,6,3.0,0.0,8.0,0.0
cap B0=0 eps=2 Bmax=2,3,6,3.0,0.0,7.666666666666667,0.0
cap B0=1 eps=.5 Bmax=1,3,6,3.0,0.0,7.333333333333333,0.0
cap+cnt B=1 e=1 th=1 N=2 Bm=4,3,6,3.0,0.0,9.0,0.0
skip N=2 (work channel off),3,6,3.0,0.0,9.666666666666666,0.0
skip N=5 (work channel off),3,6,3.0,0.0,13.666666666666666,0.0
fixed B=0,2,6,3.0,0.0,6.0,0.0
fixed B=1,2,6,3.0,0.0,6.5,0.0
fixed B=4,2,6,3.0,0.0,8.0,0.0
rel B0=0 eps=.5,2,6,3.0,0.0,8.0,0.0
rel B0=1 eps=1,2,6,3.0,0.0,13.0,0.0
qlen B0=0 gam=1,2,6,3.0,0.0,6.5,0.0
qlen B0=1 gam=.5 eps=.5,2,6,3.0,0.0,9.0,0.0
thresh B=1 th=1 N=2,2,6,3.0,0.0,7.5,0.0
thresh B=0 th=.5 N=3 eps=1,2,6,3.0,0.0,13.5,0.0
cap B0=1 eps=1 Bmax=3,2,6,3.0,0.0,7.5,0.0
cap B0=1 eps=.5 Bmax=1,2,6,3.0,0.0,6.5,0.0
cap+cnt B=1 e=1 th=1 N=2 Bm=4,2,6,3.0,0.0,9.0,0.0
skip N=2 (work channel off),2,6,3.0,0.0,10.0,0.0
skip N=5 (work channel off),2,6,3.0,0.0,16.0,0.0
fixed B=0,1,5,2.0,0.0,2.0,0.0
fixed B=1,1,5,2.0,2.0,3.0,0.6666666666666666
fixed B=4,1,5,2.0,2.0,6.0,0.3333333333333333
rel B0=0 eps=.5,1,5,2.0,0.0,5.0,0.0
qlen B0=0 gam=1,1,5,2.0,0.0,3.0,0.0
qlen B0=1 gam=.5 eps=.5,1,5,2.0,2.0,8.0,0.3333333333333333
thresh B=1 th=1 N=2,1,5,2.0,2.0,5.0,0.4
cap B0=1 eps=.5 Bmax=1,1,5,2.0,2.0,3.0,0.6666666666666666
skip N=2 (work channel off),1,5,2.0,2.0,10.0,0.2
skip N=5 (work channel off),1,5,2.0,2.0,22.0,0.09090909090909091
fixed B=0,2,5,3.0,0.0,6.0,0.0
fixed B=1,2,5,3.0,0.0,6.5,0.0
fixed B=4,2,5,3.0,0.0,8.0,0.0
rel B0=0 eps=.5,2,5,3.0,2.0,8.666666666666666,0.23076923076923078
rel B0=1 eps=1,2,5,3.0,0.0,15.0,0.0
qlen B0=0 gam=1,2,5,3.0,0.0,7.0,0.0
qlen B0=1 gam=.5 eps=.5,2,5,3.0,0.0,10.0,0.0
thresh B=1 th=1 N=2,2,5,3.0,0.0,7.5,0.0
thresh B=0 th=.5 N=3 eps=1,2,5,3.0,2.0,15.5,0.12903225806451613
cap B0=1 eps=1 Bmax=3,2,5,3.0,0.0,7.5,0.0
cap B0=1 eps=.5 Bmax=1,2,5,3.0,0.0,6.5,0.0
cap+cnt B=1 e=1 th=1 N=2 Bm=4,2,5,3.0,0.0,9.0,0.0
skip N=2 (work channel off),2,5,3.0,0.0,10.0,0.0
skip N=5 (work channel off),2,5,3.0,0.0,16.0,0.0
fixed B=0,3,4,3.0,0.0,7.0,0.0
fixed B=1,3,4,3.0,0.0,7.333333333333333,0.0
fixed B=4,3,4,3.0,0.0,8.333333333333334,0.0
rel B0=0 eps=.5,3,4,3.0,0.0,8.4,0.0
rel B0=1 eps=1,3,4,3.0,0.0,11.0,0.0
rel B0=0 eps=2,3,4,3.0,0.0,21.0,0.0
qlen B0=0 gam=1,3,4,3.0,0.0,7.333333333333333,0.0
qlen B0=1 gam=.5 eps=.5,3,4,3.0,0.0,9.0,0.0
thresh B=1 th=1 N=2,3,4,3.0,0.0,8.0,0.0
thresh B=0 th=.5 N=3 eps=1,3,4,3.0,0.0,11.25,0.0
cap B0=1 eps=1 Bmax=3,3,4,3.0,0.0,8.0,0.0
cap B0=0 eps=2 Bmax=2,3,4,3.0,0.0,7.666666666666667,0.0
cap B0=1 eps=.5 Bmax=1,3,4,3.0,0.0,7.333333333333333,0.0
cap+cnt B=1 e=1 th=1 N=2 Bm=4,3,4,3.0,0.0,9.0,0.0
skip N=2 (work channel off),3,4,3.0,0.0,9.666666666666666,0.0
skip N=5 (work channel off),3,4,3.0,0.0,13.666666666666666,0.0
fixed B=0,1,8,3.0,0.0,3.0,0.0
fixed B=1,1,8,3.0,0.0,4.0,0.0
fixed B=4,1,8,3.0,0.0,7.0,0.0
rel B0=0 eps=.5,1,8,3.0,1.0,11.0,0.14285714285714285
qlen B0=0 gam=1,1,8,3.0,0.0,8.0,0.0
qlen B0=1 gam=.5 eps=.5,1,8,3.0,0.0,17.0,0.0
thresh B=1 th=1 N=2,1,8,3.0,0.0,6.0,0.0
cap B0=1 eps=.5 Bmax=1,1,8,3.0,0.0,4.0,0.0
skip N=2 (work channel off),1,8,3.0,0.0,11.0,0.0
skip N=5 (work channel off),1,8,3.0,0.0,23.0,0.0
fixed B=0,3,4,3.0,0.0,7.0,0.0
fixed B=1,3,4,3.0,0.0,7.333333333333333,0.0
fixed B=4,3,4,3.0,0.0,8.333333333333334,0.0
rel B0=0 eps=.5,3,4,3.0,0.0,8.4,0.0
rel B0=1 eps=1,3,4,3.0,0.0,11.0,0.0
rel B0=0 eps=2,3,4,3.0,0.0,21.0,0.0
qlen B0=0 gam=1,3,4,3.0,0.0,7.333333333333333,0.0
qlen B0=1 gam=.5 eps=.5,3,4,3.0,0.0,9.0,0.0
thresh B=1 th=1 N=2,3,4,3.0,0.0,8.0,0.0
thresh B=0 th=.5 N=3 eps=1,3,4,3.0,0.0,11.25,0.0
cap B0=1 eps=1 Bmax=3,3,4,3.0,0.0,8.0,0.0
cap B0=0 eps=2 Bmax=2,3,4,3.0,0.0,7.666666666666667,0.0
cap B0=1 eps=.5 Bmax=1,3,4,3.0,0.0,7.333333333333333,0.0
cap+cnt B=1 e=1 th=1 N=2 Bm=4,3,4,3.0,0.0,9.0,0.0
skip N=2 (work channel off),3,4,3.0,0.0,9.666666666666666,0.0
skip N=5 (work channel off),3,4,3.0,0.0,13.666666666666666,0.0
fixed B=0,1,4,3.0,0.0,3.0,0.0
fixed B=1,1,4,3.0,0.0,4.0,0.0
fixed B=4,1,4,3.0,0.0,7.0,0.0
rel B0=0 eps=.5,1,4,3.0,0.0,10.0,0.0
qlen B0=0 gam=1,1,4,3.0,0.0,5.0,0.0
qlen B0=1 gam=.5 eps=.5,1,4,3.0,0.0,14.0,0.0
thresh B=1 th=1 N=2,1,4,3.0,0.0,6.0,0.0
cap B0=1 eps=.5 Bmax=1,1,4,3.0,0.0,4.0,0.0
skip N=2 (work channel off),1,4,3.0,0.0,11.0,0.0
skip N=5 (work channel off),1,4,3.0,0.0,23.0,0.0
fixed B=0,3,2,0.0,0.0,0.0,0.0
fixed B=1,3,2,0.0,0.0,0.3333333333333333,0.0
fixed B=4,3,2,0.0,0.0,1.3333333333333333,0.0
rel B0=0 eps=.5,3,2,0.0,0.0,0.0,0.0
rel B0=1 eps=1,3,2,0.0,0.0,0.5,0.0
rel B0=0 eps=2,3,2,0.0,0.0,0.0,0.0
qlen B0=0 gam=1,3,2,0.0,0.0,0.3333333333333333,0.0
qlen B0=1 gam=.5 eps=.5,3,2,0.0,0.0,0.6,0.0
thresh B=1 th=1 N=2,3,2,0.0,0.0,1.0,0.0
thresh B=0 th=.5 N=3 eps=1,3,2,0.0,0.0,0.75,0.0
cap B0=1 eps=1 Bmax=3,3,2,0.0,0.0,0.5,0.0
cap B0=0 eps=2 Bmax=2,3,2,0.0,0.0,0.0,0.0
cap B0=1 eps=.5 Bmax=1,3,2,0.0,0.0,0.3333333333333333,0.0
cap+cnt B=1 e=1 th=1 N=2 Bm=4,3,2,0.0,0.0,1.5,0.0
skip N=2 (work channel off),3,2,0.0,0.0,2.6666666666666665,0.0
skip N=5 (work channel off),3,2,0.0,0.0,6.666666666666667,0.0
fixed B=0,3,5,3.0,0.0,7.0,0.0
fixed B=1,3,5,3.0,0.0,7.333333333333333,0.0
fixed B=4,3,5,3.0,0.0,8.333333333333334,0.0
rel B0=0 eps=.5,3,5,3.0,0.0,8.4,0.0
rel B0=1 eps=1,3,5,3.0,0.0,11.0,0.0
rel B0=0 eps=2,3,5,3.0,0.0,21.0,0.0
qlen B0=0 gam=1,3,5,3.0,0.0,7.333333333333333,0.0
qlen B0=1 gam=.5 eps=.5,3,5,3.0,0.0,9.0,0.0
thresh B=1 th=1 N=2,3,5,3.0,0.0,8.0,0.0
thresh B=0 th=.5 N=3 eps=1,3,5,3.0,0.0,11.25,0.0
cap B0=1 eps=1 Bmax=3,3,5,3.0,0.0,8.0,0.0
cap B0=0 eps=2 Bmax=2,3,5,3.0,0.0,7.666666666666667,0.0
cap B0=1 eps=.5 Bmax=1,3,5,3.0,0.0,7.333333333333333,0.0
cap+cnt B=1 e=1 th=1 N=2 Bm=4,3,5,3.0,0.0,9.0,0.0
skip N=2 (work channel off),3,5,3.0,0.0,9.666666666666666,0.0
skip N=5 (work channel off),3,5,3.0,0.0,13.666666666666666,0.0
fixed B=0,2,7,3.0,0.0,6.0,0.0
fixed B=1,2,7,3.0,2.0,6.5,0.3076923076923077
fixed B=4,2,7,3.0,2.0,8.0,0.25
rel B0=0 eps=.5,2,7,3.0,0.0,8.333333333333334,0.0
rel B0=1 eps=1,2,7,3.0,2.0,14.0,0.15384615384615385
qlen B0=0 gam=1,2,7,3.0,2.0,7.0,0.3076923076923077
qlen B0=1 gam=.5 eps=.5,2,7,3.0,2.0,9.333333333333334,0.2222222222222222
thresh B=1 th=1 N=2,2,7,3.0,2.0,7.5,0.26666666666666666
thresh B=0 th=.5 N=3 eps=1,2,7,3.0,0.0,14.5,0.0
cap B0=1 eps=1 Bmax=3,2,7,3.0,2.0,7.5,0.26666666666666666
cap B0=1 eps=.5 Bmax=1,2,7,3.0,2.0,6.5,0.3076923076923077
cap+cnt B=1 e=1 th=1 N=2 Bm=4,2,7,3.0,2.0,9.0,0.2222222222222222
skip N=2 (work channel off),2,7,3.0,2.0,10.0,0.2
skip N=5 (work channel off),2,7,3.0,2.0,16.0,0.125
fixed B=0,2,4,2.0,0.0,4.0,0.0
fixed B=1,2,4,2.0,0.0,4.5,0.0
fixed B=4,2,4,2.0,0.0,6.0,0.0
rel B0=0 eps=.5,2,4,2.0,0.0,5.333333333333333,0.0
rel B0=1 eps=1,2,4,2.0,0.0,9.0,0.0
qlen B0=0 gam=1,2,4,2.0,0.0,5.0,0.0
qlen B0=1 gam=.5 eps=.5,2,4,2.0,0.0,6.666666666666667,0.0
thresh B=1 th=1 N=2,2,4,2.0,0.0,5.5,0.0
thresh B=0 th=.5 N=3 eps=1,2,4,2.0,0.0,9.5,0.0
cap B0=1 eps=1 Bmax=3,2,4,2.0,0.0,5.5,0.0
cap B0=1 eps=.5 Bmax=1,2,4,2.0,0.0,4.5,0.0
cap+cnt B=1 e=1 th=1 N=2 Bm=4,2,4,2.0,0.0,7.0,0.0
skip N=2 (work channel off),2,4,2.0,0.0,8.0,0.0
skip N=5 (work channel off),2,4,2.0,0.0,14.0,0.0
fixed B=0,3,5,2.0,0.0,4.666666666666667,0.0
fixed B=1,3,5,2.0,0.0,5.0,0.0
fixed B=4,3,5,2.0,0.0,6.0,0.0
rel B0=0 eps=.5,3,5,2.0,0.0,5.6,0.0
rel B0=1 eps=1,3,5,2.0,0.0,7.5,0.0
rel B0=0 eps=2,3,5,2.0,0.0,14.0,0.0
qlen B0=0 gam=1,3,5,2.0,0.0,5.0,0.0
qlen B0=1 gam=.5 eps=.5,3,5,2.0,0.0,6.2,0.0
thresh B=1 th=1 N=2,3,5,2.0,0.0,5.666666666666667,0.0
thresh B=0 th=.5 N=3 eps=1,3,5,2.0,0.0,7.75,0.0
cap B0=1 eps=1 Bmax=3,3,5,2.0,0.0,5.666666666666667,0.0
cap B0=0 eps=2 Bmax=2,3,5,2.0,0.0,5.333333333333333,0.0
cap B0=1 eps=.5 Bmax=1,3,5,2.0,0.0,5.0,0.0
cap+cnt B=1 e=1 th=1 N=2 Bm=4,3,5,2.0,0.0,6.666666666666667,0.0
skip N=2 (work channel off),3,5,2.0,0.0,7.333333333333333,0.0
skip N=5 (work channel off),3,5,2.0,0.0,11.333333333333334,0.0
fixed B=0,2,7,3.0,0.0,6.0,0.0
fixed B=1,2,7,3.0,0.0,6.5,0.0
fixed B=4,2,7,3.0,0.0,8.0,0.0
rel B0=0 eps=.5,2,7,3.0,0.0,8.0,0.0
rel B0=1 eps=1,2,7,3.0,0.0,13.0,0.0
qlen B0=0 gam=1,2,7,3.0,0.0,6.5,0.0
qlen B0=1 gam=.5 eps=.5,2,7,3.0,0.0,9.0,0.0
thresh B=1 th=1 N=2,2,7,3.0,0.0,7.5,0.0
thresh B=0 th=.5 N=3 eps=1,2,7,3.0,0.0,13.5,0.0
cap B0=1 eps=1 Bmax=3,2,7,3.0,0.0,7.5,0.0
cap B0=1 eps=.5 Bmax=1,2,7,3.0,0.0,6.5,0.0
cap+cnt B=1 e=1 th=1 N=2 Bm=4,2,7,3.0,0.0,9.0,0.0
skip N=2 (work channel off),2,7,3.0,0.0,10.0,0.0
skip N=5 (work channel off),2,7,3.0,0.0,16.0,0.0
fixed B=0,1,5,3.0,0.0,3.0,0.0
fixed B=1,1,5,3.0,0.0,4.0,0.0
fixed B=4,1,5,3.0,0.0,7.0,0.0
rel B0=0 eps=.5,1,5,3.0,2.0,12.0,0.2857142857142857
qlen B0=0 gam=1,1,5,3.0,0.0,5.0,0.0
qlen B0=1 gam=.5 eps=.5,1,5,3.0,0.0,16.0,0.0
thresh B=1 th=1 N=2,1,5,3.0,0.0,6.0,0.0
cap B0=1 eps=.5 Bmax=1,1,5,3.0,0.0,4.0,0.0
skip N=2 (work channel off),1,5,3.0,0.0,11.0,0.0
skip N=5 (work channel off),1,5,3.0,0.0,23.0,0.0
fixed B=0,1,5,3.0,0.0,3.0,0.0
fixed B=1,1,5,3.0,2.0,4.0,0.5
fixed B=4,1,5,3.0,3.0,7.0,0.42857142857142855
rel B0=0 eps=.5,1,5,3.0,2.0,8.0,0.2857142857142857
qlen B0=0 gam=1,1,5,3.0,2.0,6.0,0.5
qlen B0=1 gam=.5 eps=.5,1,5,3.0,3.0,12.0,0.3
thresh B=1 th=1 N=2,1,5,3.0,2.0,6.0,0.3333333333333333
cap B0=1 eps=.5 Bmax=1,1,5,3.0,2.0,4.0,0.5
skip N=2 (work channel off),1,5,3.0,3.0,11.0,0.2727272727272727
skip N=5 (work channel off),1,5,3.0,3.0,23.0,0.13043478260869565
fixed B=0,3,4,3.0,0.0,7.0,0.0
fixed B=1,3,4,3.0,0.0,7.333333333333333,0.0
fixed B=4,3,4,3.0,0.0,8.333333333333334,0.0
rel B0=0 eps=.5,3,4,3.0,0.0,8.4,0.0
rel B0=1 eps=1,3,4,3.0,0.0,11.0,0.0
rel B0=0 eps=2,3,4,3.0,0.0,21.0,0.0
qlen B0=0 gam=1,3,4,3.0,0.0,7.666666666666667,0.0
qlen B0=1 gam=.5 eps=.5,3,4,3.0,0.0,9.2,0.0
thresh B=1 th=1 N=2,3,4,3.0,0.0,8.0,0.0
thresh B=0 th=.5 N=3 eps=1,3,4,3.0,0.0,11.25,0.0
cap B0=1 eps=1 Bmax=3,3,4,3.0,0.0,8.0,0.0
cap B0=0 eps=2 Bmax=2,3,4,3.0,0.0,7.666666666666667,0.0
cap B0=1 eps=.5 Bmax=1,3,4,3.0,0.0,7.333333333333333,0.0
cap+cnt B=1 e=1 th=1 N=2 Bm=4,3,4,3.0,0.0,9.0,0.0
skip N=2 (work channel off),3,4,3.0,0.0,9.666666666666666,0.0
skip N=5 (work channel off),3,4,3.0,0.0,13.666666666666666,0.0
fixed B=0,1,6,3.0,0.0,3.0,0.0
fixed B=1,1,6,3.0,1.0,4.0,0.25
fixed B=4,1,6,3.0,1.0,7.0,0.14285714285714285
rel B0=0 eps=.5,1,6,3.0,0.0,9.0,0.0
qlen B0=0 gam=1,1,6,3.0,0.0,4.0,0.0
qlen B0=1 gam=.5 eps=.5,1,6,3.0,1.0,12.0,0.125
thresh B=1 th=1 N=2,1,6,3.0,1.0,6.0,0.16666666666666666
cap B0=1 eps=.5 Bmax=1,1,6,3.0,1.0,4.0,0.25
skip N=2 (work channel off),1,6,3.0,1.0,11.0,0.09090909090909091
skip N=5 (work channel off),1,6,3.0,1.0,23.0,0.043478260869565216
fixed B=0,2,4,3.0,0.0,6.0,0.0
fixed B=1,2,4,3.0,0.0,6.5,0.0
fixed B=4,2,4,3.0,0.0,8.0,0.0
rel B0=0 eps=.5,2,4,3.0,0.0,8.333333333333334,0.0
rel B0=1 eps=1,2,4,3.0,0.0,14.0,0.0
qlen B0=0 gam=1,2,4,3.0,0.0,6.5,0.0
qlen B0=1 gam=.5 eps=.5,2,4,3.0,0.0,9.333333333333334,0.0
thresh B=1 th=1 N=2,2,4,3.0,0.0,7.5,0.0
thresh B=0 th=.5 N=3 eps=1,2,4,3.0,0.0,14.5,0.0
cap B0=1 eps=1 Bmax=3,2,4,3.0,0.0,7.5,0.0
cap B0=1 eps=.5 Bmax=1,2,4,3.0,0.0,6.5,0.0
cap+cnt B=1 e=1 th=1 N=2 Bm=4,2,4,3.0,0.0,9.0,0.0
skip N=2 (work channel off),2,4,3.0,0.0,10.0,0.0
skip N=5 (work channel off),2,4,3.0,0.0,16.0,0.0
fixed B=0,2,8,3.0,0.0,6.0,0.0
fixed B=1,2,8,3.0,0.0,6.5,0.0
fixed B=4,2,8,3.0,0.0,8.0,0.0
rel B0=0 eps=.5,2,8,3.0,0.0,8.0,0.0
rel B0=1 eps=1,2,8,3.0,0.0,13.0,0.0
qlen B0=0 gam=1,2,8,3.0,0.0,6.5,0.0
qlen B0=1 gam=.5 eps=.5,2,8,3.0,0.0,9.0,0.0
thresh B=1 th=1 N=2,2,8,3.0,0.0,7.5,0.0
thresh B=0 th=.5 N=3 eps=1,2,8,3.0,0.0,13.5,0.0
cap B0=1 eps=1 Bmax=3,2,8,3.0,0.0,7.5,0.0
cap B0=1 eps=.5 Bmax=1,2,8,3.0,0.0,6.5,0.0
cap+cnt B=1 e=1 th=1 N=2 Bm=4,2,8,3.0,0.0,9.0,0.0
skip N=2 (work channel off),2,8,3.0,0.0,10.0,0.0
skip N=5 (work channel off),2,8,3.0,0.0,16.0,0.0
fixed B=0,1,7,3.0,0.0,3.0,0.0
fixed B=1,1,7,3.0,3.0,4.0,0.75
fixed B=4,1,7,3.0,4.0,7.0,0.5714285714285714
rel B0=0 eps=.5,1,7,3.0,3.0,13.0,0.42857142857142855
qlen B0=0 gam=1,1,7,3.0,1.0,6.0,0.2
qlen B0=1 gam=.5 eps=.5,1,7,3.0,3.0,18.0,0.3333333333333333
thresh B=1 th=1 N=2,1,7,3.0,3.0,6.0,0.5
cap B0=1 eps=.5 Bmax=1,1,7,3.0,3.0,4.0,0.75
skip N=2 (work channel off),1,7,3.0,4.0,11.0,0.36363636363636365
skip N=5 (work channel off),1,7,3.0,5.0,23.0,0.21739130434782608
fixed B=0,3,5,2.0,0.0,4.666666666666667,0.0
fixed B=1,3,5,2.0,0.0,5.0,0.0
fixed B=4,3,5,2.0,0.0,6.0,0.0
rel B0=0 eps=.5,3,5,2.0,0.0,5.6,0.0
rel B0=1 eps=1,3,5,2.0,0.0,7.5,0.0
rel B0=0 eps=2,3,5,2.0,0.0,14.0,0.0
qlen B0=0 gam=1,3,5,2.0,0.0,5.0,0.0
qlen B0=1 gam=.5 eps=.5,3,5,2.0,0.0,6.2,0.0
thresh B=1 th=1 N=2,3,5,2.0,0.0,5.666666666666667,0.0
thresh B=0 th=.5 N=3 eps=1,3,5,2.0,0.0,7.75,0.0
cap B0=1 eps=1 Bmax=3,3,5,2.0,0.0,5.666666666666667,0.0
cap B0=0 eps=2 Bmax=2,3,5,2.0,0.0,5.333333333333333,0.0
cap B0=1 eps=.5 Bmax=1,3,5,2.0,0.0,5.0,0.0
cap+cnt B=1 e=1 th=1 N=2 Bm=4,3,5,2.0,0.0,6.666666666666667,0.0
skip N=2 (work channel off),3,5,2.0,0.0,7.333333333333333,0.0
skip N=5 (work channel off),3,5,2.0,0.0,11.333333333333334,0.0
fixed B=0,1,9,3.0,0.0,3.0,0.0
fixed B=1,1,9,3.0,1.0,4.0,0.25
fixed B=4,1,9,3.0,1.0,7.0,0.14285714285714285
rel B0=0 eps=.5,1,9,3.0,1.0,10.0,0.14285714285714285
qlen B0=0 gam=1,1,9,3.0,0.0,8.0,0.0
qlen B0=1 gam=.5 eps=.5,1,9,3.0,1.0,14.0,0.1111111111111111
thresh B=1 th=1 N=2,1,9,3.0,0.0,6.0,0.0
cap B0=1 eps=.5 Bmax=1,1,9,3.0,1.0,4.0,0.25
skip N=2 (work channel off),1,9,3.0,0.0,11.0,0.0
skip N=5 (work channel off),1,9,3.0,1.0,23.0,0.043478260869565216
fixed B=0,3,6,3.0,0.0,7.0,0.0
fixed B=1,3,6,3.0,0.0,7.333333333333334,0.0
fixed B=4,3,6,3.0,0.0,8.333333333333334,0.0
rel B0=0 eps=.5,3,6,3.0,0.0,8.6,0.0
rel B0=1 eps=1,3,6,3.0,0.0,11.5,0.0
rel B0=0 eps=2,3,6,3.0,0.0,23.0,0.0
qlen B0=0 gam=1,3,6,3.0,0.0,7.666666666666666,0.0
qlen B0=1 gam=.5 eps=.5,3,6,3.0,0.0,9.4,0.0
thresh B=1 th=1 N=2,3,6,3.0,0.0,8.0,0.0
thresh B=0 th=.5 N=3 eps=1,3,6,3.0,0.0,11.75,0.0
cap B0=1 eps=1 Bmax=3,3,6,3.0,0.0,8.0,0.0
cap B0=0 eps=2 Bmax=2,3,6,3.0,0.0,7.666666666666668,0.0
cap B0=1 eps=.5 Bmax=1,3,6,3.0,0.0,7.333333333333333,0.0
cap+cnt B=1 e=1 th=1 N=2 Bm=4,3,6,3.0,0.0,9.0,0.0
skip N=2 (work channel off),3,6,3.0,0.0,9.666666666666666,0.0
skip N=5 (work channel off),3,6,3.0,0.0,13.666666666666666,0.0
fixed B=0,1,4,3.0,0.0,3.0,0.0
fixed B=1,1,4,3.0,3.0,4.0,0.75
fixed B=4,1,4,3.0,3.0,7.0,0.42857142857142855
rel B0=0 eps=.5,1,4,3.0,0.0,10.0,0.0
qlen B0=0 gam=1,1,4,3.0,0.0,5.0,0.0
qlen B0=1 gam=.5 eps=.5,1,4,3.0,3.0,14.0,0.375
thresh B=1 th=1 N=2,1,4,3.0,3.0,6.0,0.5
cap B0=1 eps=.5 Bmax=1,1,4,3.0,3.0,4.0,0.75
skip N=2 (work channel off),1,4,3.0,3.0,11.0,0.2727272727272727
skip N=5 (work channel off),1,4,3.0,3.0,23.0,0.13043478260869565
fixed B=0,2,6,3.0,0.0,6.0,0.0
fixed B=1,2,6,3.0,0.0,6.5,0.0
fixed B=4,2,6,3.0,0.0,8.0,0.0
rel B0=0 eps=.5,2,6,3.0,0.0,8.0,0.0
rel B0=1 eps=1,2,6,3.0,0.0,13.0,0.0
qlen B0=0 gam=1,2,6,3.0,0.0,6.5,0.0
qlen B0=1 gam=.5 eps=.5,2,6,3.0,0.0,9.0,0.0
thresh B=1 th=1 N=2,2,6,3.0,0.0,7.5,0.0
thresh B=0 th=.5 N=3 eps=1,2,6,3.0,0.0,13.5,0.0
cap B0=1 eps=1 Bmax=3,2,6,3.0,0.0,7.5,0.0
cap B0=1 eps=.5 Bmax=1,2,6,3.0,0.0,6.5,0.0
cap+cnt B=1 e=1 th=1 N=2 Bm=4,2,6,3.0,0.0,9.0,0.0
skip N=2 (work channel off),2,6,3.0,0.0,10.0,0.0
skip N=5 (work channel off),2,6,3.0,0.0,16.0,0.0
fixed B=0,2,9,3.0,0.0,6.0,0.0
fixed B=1,2,9,3.0,0.0,6.5,0.0
fixed B=4,2,9,3.0,0.0,8.0,0.0
rel B0=0 eps=.5,2,9,3.0,0.0,8.333333333333334,0.0
rel B0=1 eps=1,2,9,3.0,0.0,14.0,0.0
qlen B0=0 gam=1,2,9,3.0,0.0,7.0,0.0
qlen B0=1 gam=.5 eps=.5,2,9,3.0,0.0,9.666666666666666,0.0
thresh B=1 th=1 N=2,2,9,3.0,0.0,7.5,0.0
thresh B=0 th=.5 N=3 eps=1,2,9,3.0,0.0,14.5,0.0
cap B0=1 eps=1 Bmax=3,2,9,3.0,0.0,7.5,0.0
cap B0=1 eps=.5 Bmax=1,2,9,3.0,0.0,6.5,0.0
cap+cnt B=1 e=1 th=1 N=2 Bm=4,2,9,3.0,0.0,9.0,0.0
skip N=2 (work channel off),2,9,3.0,0.0,10.0,0.0
skip N=5 (work channel off),2,9,3.0,0.0,16.0,0.0
fixed B=0,1,6,3.0,0.0,3.0,0.0
fixed B=1,1,6,3.0,2.0,4.0,0.5
fixed B=4,1,6,3.0,4.0,7.0,0.5714285714285714
rel B0=0 eps=.5,1,6,3.0,2.0,11.0,0.2857142857142857
qlen B0=0 gam=1,1,6,3.0,2.0,6.0,0.5
qlen B0=1 gam=.5 eps=.5,1,6,3.0,4.0,16.0,0.36363636363636365
thresh B=1 th=1 N=2,1,6,3.0,2.0,6.0,0.3333333333333333
cap B0=1 eps=.5 Bmax=1,1,6,3.0,2.0,4.0,0.5
skip N=2 (work channel off),1,6,3.0,4.0,11.0,0.36363636363636365
skip N=5 (work channel off),1,6,3.0,4.0,23.0,0.17391304347826086
fixed B=0,1,3,3.0,0.0,3.0,0.0
fixed B=1,1,3,3.0,0.0,4.0,0.0
fixed B=4,1,3,3.0,0.0,7.0,0.0
rel B0=0 eps=.5,1,3,3.0,0.0,9.0,0.0
qlen B0=0 gam=1,1,3,3.0,0.0,4.0,0.0
qlen B0=1 gam=.5 eps=.5,1,3,3.0,0.0,12.0,0.0
thresh B=1 th=1 N=2,1,3,3.0,0.0,6.0,0.0
cap B0=1 eps=.5 Bmax=1,1,3,3.0,0.0,4.0,0.0
skip N=2 (work channel off),1,3,3.0,0.0,11.0,0.0
skip N=5 (work channel off),1,3,3.0,0.0,23.0,0.0
fixed B=0,2,2,3.0,0.0,6.0,0.0
fixed B=1,2,2,3.0,0.0,6.5,0.0
fixed B=4,2,2,3.0,0.0,8.0,0.0
rel B0=0 eps=.5,2,2,3.0,0.0,8.0,0.0
rel B0=1 eps=1,2,2,3.0,0.0,13.0,0.0
qlen B0=0 gam=1,2,2,3.0,0.0,6.0,0.0
qlen B0=1 gam=.5 eps=.5,2,2,3.0,0.0,8.666666666666666,0.0
thresh B=1 th=1 N=2,2,2,3.0,0.0,7.5,0.0
thresh B=0 th=.5 N=3 eps=1,2,2,3.0,0.0,13.5,0.0
cap B0=1 eps=1 Bmax=3,2,2,3.0,0.0,7.5,0.0
cap B0=1 eps=.5 Bmax=1,2,2,3.0,0.0,6.5,0.0
cap+cnt B=1 e=1 th=1 N=2 Bm=4,2,2,3.0,0.0,9.0,0.0
skip N=2 (work channel off),2,2,3.0,0.0,10.0,0.0
skip N=5 (work channel off),2,2,3.0,0.0,16.0,0.0
fixed B=0,1,8,3.0,0.0,3.0,0.0
fixed B=1,1,8,3.0,3.0,4.0,0.75
fixed B=4,1,8,3.0,4.0,7.0,0.5714285714285714
rel B0=0 eps=.5,1,8,3.0,3.0,10.0,0.42857142857142855
qlen B0=0 gam=1,1,8,3.0,3.0,7.0,0.75
qlen B0=1 gam=.5 eps=.5,1,8,3.0,3.0,14.0,0.3333333333333333
thresh B=1 th=1 N=2,1,8,3.0,3.0,6.0,0.5
cap B0=1 eps=.5 Bmax=1,1,8,3.0,3.0,4.0,0.75
skip N=2 (work channel off),1,8,3.0,4.0,11.0,0.36363636363636365
skip N=5 (work channel off),1,8,3.0,4.0,23.0,0.17391304347826086
fixed B=0,2,4,3.0,0.0,6.0,0.0
fixed B=1,2,4,3.0,0.0,6.5,0.0
fixed B=4,2,4,3.0,0.0,8.0,0.0
rel B0=0 eps=.5,2,4,3.0,0.0,8.333333333333334,0.0
rel B0=1 eps=1,2,4,3.0,0.0,14.0,0.0
qlen B0=0 gam=1,2,4,3.0,0.0,6.5,0.0
qlen B0=1 gam=.5 eps=.5,2,4,3.0,0.0,9.0,0.0
thresh B=1 th=1 N=2,2,4,3.0,0.0,7.5,0.0
thresh B=0 th=.5 N=3 eps=1,2,4,3.0,0.0,14.5,0.0
cap B0=1 eps=1 Bmax=3,2,4,3.0,0.0,7.5,0.0
cap B0=1 eps=.5 Bmax=1,2,4,3.0,0.0,6.5,0.0
cap+cnt B=1 e=1 th=1 N=2 Bm=4,2,4,3.0,0.0,9.0,0.0
skip N=2 (work channel off),2,4,3.0,0.0,10.0,0.0
skip N=5 (work channel off),2,4,3.0,0.0,16.0,0.0
fixed B=0,3,8,3.0,0.0,7.0,0.0
fixed B=1,3,8,3.0,0.0,7.333333333333333,0.0
fixed B=4,3,8,3.0,0.0,8.333333333333334,0.0
rel B0=0 eps=.5,3,8,3.0,0.0,8.4,0.0
rel B0=1 eps=1,3,8,3.0,0.0,11.0,0.0
rel B0=0 eps=2,3,8,3.0,0.0,21.0,0.0
qlen B0=0 gam=1,3,8,3.0,0.0,8.0,0.0
qlen B0=1 gam=.5 eps=.5,3,8,3.0,0.0,9.4,0.0
thresh B=1 th=1 N=2,3,8,3.0,0.0,8.0,0.0
thresh B=0 th=.5 N=3 eps=1,3,8,3.0,0.0,11.25,0.0
cap B0=1 eps=1 Bmax=3,3,8,3.0,0.0,8.0,0.0
cap B0=0 eps=2 Bmax=2,3,8,3.0,0.0,7.666666666666667,0.0
cap B0=1 eps=.5 Bmax=1,3,8,3.0,0.0,7.333333333333333,0.0
cap+cnt B=1 e=1 th=1 N=2 Bm=4,3,8,3.0,0.0,9.0,0.0
skip N=2 (work channel off),3,8,3.0,0.0,9.666666666666666,0.0
skip N=5 (work channel off),3,8,3.0,0.0,13.666666666666666,0.0
fixed B=0,3,4,3.0,0.0,7.0,0.0
fixed B=1,3,4,3.0,0.0,7.333333333333333,0.0
fixed B=4,3,4,3.0,0.0,8.333333333333334,0.0
rel B0=0 eps=.5,3,4,3.0,0.0,8.4,0.0
rel B0=1 eps=1,3,4,3.0,0.0,11.0,0.0
rel B0=0 eps=2,3,4,3.0,0.0,21.0,0.0
qlen B0=0 gam=1,3,4,3.0,0.0,7.666666666666667,0.0
qlen B0=1 gam=.5 eps=.5,3,4,3.0,0.0,9.2,0.0
thresh B=1 th=1 N=2,3,4,3.0,0.0,8.0,0.0
thresh B=0 th=.5 N=3 eps=1,3,4,3.0,0.0,11.25,0.0
cap B0=1 eps=1 Bmax=3,3,4,3.0,0.0,8.0,0.0
cap B0=0 eps=2 Bmax=2,3,4,3.0,0.0,7.666666666666667,0.0
cap B0=1 eps=.5 Bmax=1,3,4,3.0,0.0,7.333333333333333,0.0
cap+cnt B=1 e=1 th=1 N=2 Bm=4,3,4,3.0,0.0,9.0,0.0
skip N=2 (work channel off),3,4,3.0,0.0,9.666666666666666,0.0
skip N=5 (work channel off),3,4,3.0,0.0,13.666666666666666,0.0
fixed B=0,1,4,3.0,0.0,3.0,0.0
fixed B=1,1,4,3.0,3.0,4.0,0.75
fixed B=4,1,4,3.0,5.0,7.0,0.7142857142857143
rel B0=0 eps=.5,1,4,3.0,0.0,13.0,0.0
qlen B0=0 gam=1,1,4,3.0,0.0,6.0,0.0
qlen B0=1 gam=.5 eps=.5,1,4,3.0,3.0,18.0,0.375
thresh B=1 th=1 N=2,1,4,3.0,3.0,6.0,0.5
cap B0=1 eps=.5 Bmax=1,1,4,3.0,3.0,4.0,0.75
skip N=2 (work channel off),1,4,3.0,5.0,11.0,0.45454545454545453
skip N=5 (work channel off),1,4,3.0,7.0,23.0,0.30434782608695654
fixed B=0,1,9,3.0,0.0,3.0,0.0
fixed B=1,1,9,3.0,0.0,4.0,0.0
fixed B=4,1,9,3.0,0.0,7.0,0.0
rel B0=0 eps=.5,1,9,3.0,0.0,10.0,0.0
qlen B0=0 gam=1,1,9,3.0,0.0,7.0,0.0
qlen B0=1 gam=.5 eps=.5,1,9,3.0,0.0,15.0,0.0
thresh B=1 th=1 N=2,1,9,3.0,0.0,6.0,0.0
cap B0=1 eps=.5 Bmax=1,1,9,3.0,0.0,4.0,0.0
skip N=2 (work channel off),1,9,3.0,0.0,11.0,0.0
skip N=5 (work channel off),1,9,3.0,0.0,23.0,0.0
fixed B=0,1,8,2.0,0.0,2.0,0.0
fixed B=1,1,8,2.0,1.0,3.0,0.3333333333333333
fixed B=4,1,8,2.0,3.0,6.0,0.5
rel B0=0 eps=.5,1,8,2.0,1.0,6.0,0.2
qlen B0=0 gam=1,1,8,2.0,0.0,3.0,0.0
qlen B0=1 gam=.5 eps=.5,1,8,2.0,3.0,9.0,0.42857142857142855
thresh B=1 th=1 N=2,1,8,2.0,2.0,5.0,0.4
cap B0=1 eps=.5 Bmax=1,1,8,2.0,1.0,3.0,0.3333333333333333
skip N=2 (work channel off),1,8,2.0,2.0,10.0,0.2
skip N=5 (work channel off),1,8,2.0,3.0,22.0,0.13636363636363635
fixed B=0,1,9,3.0,0.0,3.0,0.0
fixed B=1,1,9,3.0,1.0,4.0,0.25
fixed B=4,1,9,3.0,5.0,7.0,0.7142857142857143
rel B0=0 eps=.5,1,9,3.0,3.0,10.0,0.375
qlen B0=0 gam=1,1,9,3.0,1.0,5.0,0.25
qlen B0=1 gam=.5 eps=.5,1,9,3.0,5.0,16.0,0.5
thresh B=1 th=1 N=2,1,9,3.0,3.0,6.0,0.5
cap B0=1 eps=.5 Bmax=1,1,9,3.0,1.0,4.0,0.25
skip N=2 (work channel off),1,9,3.0,3.0,11.0,0.2727272727272727
skip N=5 (work channel off),1,9,3.0,7.0,23.0,0.30434782608695654
fixed B=0,1,4,2.0,0.0,2.0,0.0
fixed B=1,1,4,2.0,2.0,3.0,0.6666666666666666
fixed B=4,1,4,2.0,4.0,6.0,0.6666666666666666
rel B0=0 eps=.5,1,4,2.0,2.0,9.0,0.3333333333333333
qlen B0=0 gam=1,1,4,2.0,2.0,4.0,0.6666666666666666
qlen B0=1 gam=.5 eps=.5,1,4,2.0,2.0,13.0,0.3333333333333333
thresh B=1 th=1 N=2,1,4,2.0,2.0,5.0,0.4
cap B0=1 eps=.5 Bmax=1,1,4,2.0,2.0,3.0,0.6666666666666666
skip N=2 (work channel off),1,4,2.0,4.0,10.0,0.4
skip N=5 (work channel off),1,4,2.0,4.0,22.0,0.18181818181818182
fixed B=0,2,5,3.0,0.0,6.0,0.0
fixed B=1,2,5,3.0,0.0,6.5,0.0
fixed B=4,2,5,3.0,0.0,8.0,0.0
rel B0=0 eps=.5,2,5,3.0,0.0,8.0,0.0
rel B0=1 eps=1,2,5,3.0,0.0,13.0,0.0
qlen B0=0 gam=1,2,5,3.0,0.0,6.5,0.0
qlen B0=1 gam=.5 eps=.5,2,5,3.0,0.0,9.0,0.0
thresh B=1 th=1 N=2,2,5,3.0,0.0,7.5,0.0
thresh B=0 th=.5 N=3 eps=1,2,5,3.0,0.0,13.5,0.0
cap B0=1 eps=1 Bmax=3,2,5,3.0,0.0,7.5,0.0
cap B0=1 eps=.5 Bmax=1,2,5,3.0,0.0,6.5,0.0
cap+cnt B=1 e=1 th=1 N=2 Bm=4,2,5,3.0,0.0,9.0,0.0
skip N=2 (work channel off),2,5,3.0,0.0,10.0,0.0
skip N=5 (work channel off),2,5,3.0,0.0,16.0,0.0
fixed B=0,2,7,3.0,0.0,6.0,0.0
fixed B=1,2,7,3.0,0.0,6.5,0.0
fixed B=4,2,7,3.0,0.0,8.0,0.0
rel B0=0 eps=.5,2,7,3.0,0.0,8.0,0.0
rel B0=1 eps=1,2,7,3.0,0.0,13.0,0.0
qlen B0=0 gam=1,2,7,3.0,0.0,6.5,0.0
qlen B0=1 gam=.5 eps=.5,2,7,3.0,0.0,9.0,0.0
thresh B=1 th=1 N=2,2,7,3.0,0.0,7.5,0.0
thresh B=0 th=.5 N=3 eps=1,2,7,3.0,0.0,13.5,0.0
cap B0=1 eps=1 Bmax=3,2,7,3.0,0.0,7.5,0.0
cap B0=1 eps=.5 Bmax=1,2,7,3.0,0.0,6.5,0.0
cap+cnt B=1 e=1 th=1 N=2 Bm=4,2,7,3.0,0.0,9.0,0.0
skip N=2 (work channel off),2,7,3.0,0.0,10.0,0.0
skip N=5 (work channel off),2,7,3.0,0.0,16.0,0.0
fixed B=0,3,4,2.0,0.0,4.666666666666667,0.0
fixed B=1,3,4,2.0,0.0,5.0,0.0
fixed B=4,3,4,2.0,0.0,6.0,0.0
rel B0=0 eps=.5,3,4,2.0,0.0,5.6,0.0
rel B0=1 eps=1,3,4,2.0,0.0,7.5,0.0
rel B0=0 eps=2,3,4,2.0,0.0,14.0,0.0
qlen B0=0 gam=1,3,4,2.0,0.0,5.0,0.0
qlen B0=1 gam=.5 eps=.5,3,4,2.0,0.0,6.2,0.0
thresh B=1 th=1 N=2,3,4,2.0,0.0,5.666666666666667,0.0
thresh B=0 th=.5 N=3 eps=1,3,4,2.0,0.0,7.75,0.0
cap B0=1 eps=1 Bmax=3,3,4,2.0,0.0,5.666666666666667,0.0
cap B0=0 eps=2 Bmax=2,3,4,2.0,0.0,5.333333333333333,0.0
cap B0=1 eps=.5 Bmax=1,3,4,2.0,0.0,5.0,0.0
cap+cnt B=1 e=1 th=1 N=2 Bm=4,3,4,2.0,0.0,6.666666666666667,0.0
skip N=2 (work channel off),3,4,2.0,0.0,7.333333333333333,0.0
skip N=5 (work channel off),3,4,2.0,0.0,11.333333333333334,0.0
fixed B=0,1,4,3.0,0.0,3.0,0.0
fixed B=1,1,4,3.0,3.0,4.0,0.75
fixed B=4,1,4,3.0,3.0,7.0,0.42857142857142855
rel B0=0 eps=.5,1,4,3.0,3.0,8.0,0.42857142857142855
qlen B0=0 gam=1,1,4,3.0,3.0,5.0,0.75
qlen B0=1 gam=.5 eps=.5,1,4,3.0,3.0,12.0,0.3
thresh B=1 th=1 N=2,1,4,3.0,3.0,6.0,0.5
cap B0=1 eps=.5 Bmax=1,1,4,3.0,3.0,4.0,0.75
skip N=2 (work channel off),1,4,3.0,3.0,11.0,0.2727272727272727
skip N=5 (work channel off),1,4,3.0,3.0,23.0,0.13043478260869565
fixed B=0,2,6,3.0,0.0,6.0,0.0
fixed B=1,2,6,3.0,0.0,6.5,0.0
fixed B=4,2,6,3.0,0.0,8.0,0.0
rel B0=0 eps=.5,2,6,3.0,0.0,8.333333333333334,0.0
rel B0=1 eps=1,2,6,3.0,0.0,14.0,0.0
qlen B0=0 gam=1,2,6,3.0,0.0,6.5,0.0
qlen B0=1 gam=.5 eps=.5,2,6,3.0,0.0,9.0,0.0
thresh B=1 th=1 N=2,2,6,3.0,0.0,7.5,0.0
thresh B=0 th=.5 N=3 eps=1,2,6,3.0,0.0,14.5,0.0
cap B0=1 eps=1 Bmax=3,2,6,3.0,0.0,7.5,0.0
cap B0=1 eps=.5 Bmax=1,2,6,3.0,0.0,6.5,0.0
cap+cnt B=1 e=1 th=1 N=2 Bm=4,2,6,3.0,0.0,9.0,0.0
skip N=2 (work channel off),2,6,3.0,0.0,10.0,0.0
skip N=5 (work channel off),2,6,3.0,0.0,16.0,0.0
fixed B=0,1,5,3.0,0.0,3.0,0.0
fixed B=1,1,5,3.0,0.0,4.0,0.0
fixed B=4,1,5,3.0,0.0,7.0,0.0
rel B0=0 eps=.5,1,5,3.0,0.0,8.0,0.0
qlen B0=0 gam=1,1,5,3.0,0.0,6.0,0.0
qlen B0=1 gam=.5 eps=.5,1,5,3.0,0.0,11.0,0.0
thresh B=1 th=1 N=2,1,5,3.0,0.0,6.0,0.0
cap B0=1 eps=.5 Bmax=1,1,5,3.0,0.0,4.0,0.0
skip N=2 (work channel off),1,5,3.0,0.0,11.0,0.0
skip N=5 (work channel off),1,5,3.0,0.0,23.0,0.0
fixed B=0,3,6,3.0,0.0,7.0,0.0
fixed B=1,3,6,3.0,0.0,7.333333333333333,0.0
fixed B=4,3,6,3.0,0.0,8.333333333333334,0.0
rel B0=0 eps=.5,3,6,3.0,0.0,8.4,0.0
rel B0=1 eps=1,3,6,3.0,0.0,11.0,0.0
rel B0=0 eps=2,3,6,3.0,0.0,21.0,0.0
qlen B0=0 gam=1,3,6,3.0,0.0,7.666666666666667,0.0
qlen B0=1 gam=.5 eps=.5,3,6,3.0,0.0,9.2,0.0
thresh B=1 th=1 N=2,3,6,3.0,0.0,8.0,0.0
thresh B=0 th=.5 N=3 eps=1,3,6,3.0,0.0,11.25,0.0
cap B0=1 eps=1 Bmax=3,3,6,3.0,0.0,8.0,0.0
cap B0=0 eps=2 Bmax=2,3,6,3.0,0.0,7.666666666666667,0.0
cap B0=1 eps=.5 Bmax=1,3,6,3.0,0.0,7.333333333333333,0.0
cap+cnt B=1 e=1 th=1 N=2 Bm=4,3,6,3.0,0.0,9.0,0.0
skip N=2 (work channel off),3,6,3.0,0.0,9.666666666666666,0.0
skip N=5 (work channel off),3,6,3.0,0.0,13.666666666666666,0.0
fixed B=0,2,5,3.0,0.0,6.0,0.0
fixed B=1,2,5,3.0,0.0,6.5,0.0
fixed B=4,2,5,3.0,0.0,8.0,0.0
rel B0=0 eps=.5,2,5,3.0,0.0,8.0,0.0
rel B0=1 eps=1,2,5,3.0,0.0,13.0,0.0
qlen B0=0 gam=1,2,5,3.0,0.0,6.5,0.0
qlen B0=1 gam=.5 eps=.5,2,5,3.0,0.0,9.0,0.0
thresh B=1 th=1 N=2,2,5,3.0,0.0,7.5,0.0
thresh B=0 th=.5 N=3 eps=1,2,5,3.0,0.0,13.5,0.0
cap B0=1 eps=1 Bmax=3,2,5,3.0,0.0,7.5,0.0
cap B0=1 eps=.5 Bmax=1,2,5,3.0,0.0,6.5,0.0
cap+cnt B=1 e=1 th=1 N=2 Bm=4,2,5,3.0,0.0,9.0,0.0
skip N=2 (work channel off),2,5,3.0,0.0,10.0,0.0
skip N=5 (work channel off),2,5,3.0,0.0,16.0,0.0
fixed B=0,2,3,3.0,0.0,6.0,0.0
fixed B=1,2,3,3.0,0.0,6.5,0.0
fixed B=4,2,3,3.0,0.0,8.0,0.0
rel B0=0 eps=.5,2,3,3.0,0.0,8.0,0.0
rel B0=1 eps=1,2,3,3.0,0.0,13.0,0.0
qlen B0=0 gam=1,2,3,3.0,0.0,6.5,0.0
qlen B0=1 gam=.5 eps=.5,2,3,3.0,0.0,9.0,0.0
thresh B=1 th=1 N=2,2,3,3.0,0.0,7.5,0.0
thresh B=0 th=.5 N=3 eps=1,2,3,3.0,0.0,13.5,0.0
cap B0=1 eps=1 Bmax=3,2,3,3.0,0.0,7.5,0.0
cap B0=1 eps=.5 Bmax=1,2,3,3.0,0.0,6.5,0.0
cap+cnt B=1 e=1 th=1 N=2 Bm=4,2,3,3.0,0.0,9.0,0.0
skip N=2 (work channel off),2,3,3.0,0.0,10.0,0.0
skip N=5 (work channel off),2,3,3.0,0.0,16.0,0.0
fixed B=0,2,2,2.0,0.0,4.0,0.0
fixed B=1,2,2,2.0,0.0,4.5,0.0
fixed B=4,2,2,2.0,0.0,6.0,0.0
rel B0=0 eps=.5,2,2,2.0,0.0,5.333333333333333,0.0
rel B0=1 eps=1,2,2,2.0,0.0,9.0,0.0
qlen B0=0 gam=1,2,2,2.0,0.0,4.0,0.0
qlen B0=1 gam=.5 eps=.5,2,2,2.0,0.0,6.0,0.0
thresh B=1 th=1 N=2,2,2,2.0,0.0,5.5,0.0
thresh B=0 th=.5 N=3 eps=1,2,2,2.0,0.0,9.5,0.0
cap B0=1 eps=1 Bmax=3,2,2,2.0,0.0,5.5,0.0
cap B0=1 eps=.5 Bmax=1,2,2,2.0,0.0,4.5,0.0
cap+cnt B=1 e=1 th=1 N=2 Bm=4,2,2,2.0,0.0,7.0,0.0
skip N=2 (work channel off),2,2,2.0,0.0,8.0,0.0
skip N=5 (work channel off),2,2,2.0,0.0,14.0,0.0
fixed B=0,1,6,3.0,0.0,3.0,0.0
fixed B=1,1,6,3.0,0.0,4.0,0.0
fixed B=4,1,6,3.0,0.0,7.0,0.0
rel B0=0 eps=.5,1,6,3.0,3.0,10.0,0.42857142857142855
qlen B0=0 gam=1,1,6,3.0,0.0,6.0,0.0
qlen B0=1 gam=.5 eps=.5,1,6,3.0,0.0,13.0,0.0
thresh B=1 th=1 N=2,1,6,3.0,0.0,6.0,0.0
cap B0=1 eps=.5 Bmax=1,1,6,3.0,0.0,4.0,0.0
skip N=2 (work channel off),1,6,3.0,0.0,11.0,0.0
skip N=5 (work channel off),1,6,3.0,0.0,23.0,0.0
fixed B=0,3,9,3.0,0.0,7.0,0.0
fixed B=1,3,9,3.0,0.0,7.333333333333334,0.0
fixed B=4,3,9,3.0,0.0,8.333333333333334,0.0
rel B0=0 eps=.5,3,9,3.0,0.0,8.8,0.0
rel B0=1 eps=1,3,9,3.0,0.0,12.0,0.0
rel B0=0 eps=2,3,9,3.0,0.0,25.0,0.0
qlen B0=0 gam=1,3,9,3.0,0.0,8.0,0.0
qlen B0=1 gam=.5 eps=.5,3,9,3.0,0.0,9.8,0.0
thresh B=1 th=1 N=2,3,9,3.0,0.0,8.0,0.0
thresh B=0 th=.5 N=3 eps=1,3,9,3.0,0.0,12.25,0.0
cap B0=1 eps=1 Bmax=3,3,9,3.0,0.0,8.0,0.0
cap B0=0 eps=2 Bmax=2,3,9,3.0,0.0,7.666666666666668,0.0
cap B0=1 eps=.5 Bmax=1,3,9,3.0,0.0,7.333333333333333,0.0
cap+cnt B=1 e=1 th=1 N=2 Bm=4,3,9,3.0,0.0,9.0,0.0
skip N=2 (work channel off),3,9,3.0,0.0,9.666666666666666,0.0
skip N=5 (work channel off),3,9,3.0,0.0,13.666666666666666,0.0
fixed B=0,3,7,3.0,0.0,7.0,0.0
fixed B=1,3,7,3.0,0.0,7.333333333333333,0.0
fixed B=4,3,7,3.0,0.0,8.333333333333334,0.0
rel B0=0 eps=.5,3,7,3.0,0.0,8.4,0.0
rel B0=1 eps=1,3,7,3.0,0.0,11.0,0.0
rel B0=0 eps=2,3,7,3.0,0.0,21.0,0.0
qlen B0=0 gam=1,3,7,3.0,0.0,7.0,0.0
qlen B0=1 gam=.5 eps=.5,3,7,3.0,0.0,8.8,0.0
thresh B=1 th=1 N=2,3,7,3.0,0.0,8.0,0.0
thresh B=0 th=.5 N=3 eps=1,3,7,3.0,0.0,11.25,0.0
cap B0=1 eps=1 Bmax=3,3,7,3.0,0.0,8.0,0.0
cap B0=0 eps=2 Bmax=2,3,7,3.0,0.0,7.666666666666667,0.0
cap B0=1 eps=.5 Bmax=1,3,7,3.0,0.0,7.333333333333333,0.0
cap+cnt B=1 e=1 th=1 N=2 Bm=4,3,7,3.0,0.0,9.0,0.0
skip N=2 (work channel off),3,7,3.0,0.0,9.666666666666666,0.0
skip N=5 (work channel off),3,7,3.0,0.0,13.666666666666666,0.0
fixed B=0,1,3,1.0,0.0,1.0,0.0
fixed B=1,1,3,1.0,0.0,2.0,0.0
fixed B=4,1,3,1.0,0.0,5.0,0.0
rel B0=0 eps=.5,1,3,1.0,0.0,2.0,0.0
qlen B0=0 gam=1,1,3,1.0,0.0,2.0,0.0
qlen B0=1 gam=.5 eps=.5,1,3,1.0,0.0,5.0,0.0
thresh B=1 th=1 N=2,1,3,1.0,0.0,4.0,0.0
cap B0=1 eps=.5 Bmax=1,1,3,1.0,0.0,2.0,0.0
skip N=2 (work channel off),1,3,1.0,0.0,9.0,0.0
skip N=5 (work channel off),1,3,1.0,0.0,21.0,0.0
fixed B=0,2,6,1.0,0.0,2.0,0.0
fixed B=1,2,6,1.0,0.0,2.5,0.0
fixed B=4,2,6,1.0,0.0,4.0,0.0
rel B0=0 eps=.5,2,6,1.0,0.0,2.6666666666666665,0.0
rel B0=1 eps=1,2,6,1.0,0.0,5.0,0.0
qlen B0=0 gam=1,2,6,1.0,0.0,3.5,0.0
qlen B0=1 gam=.5 eps=.5,2,6,1.0,0.0,4.333333333333333,0.0
thresh B=1 th=1 N=2,2,6,1.0,0.0,3.5,0.0
thresh B=0 th=.5 N=3 eps=1,2,6,1.0,0.0,5.5,0.0
cap B0=1 eps=1 Bmax=3,2,6,1.0,0.0,3.5,0.0
cap B0=1 eps=.5 Bmax=1,2,6,1.0,0.0,2.5,0.0
cap+cnt B=1 e=1 th=1 N=2 Bm=4,2,6,1.0,0.0,5.0,0.0
skip N=2 (work channel off),2,6,1.0,0.0,6.0,0.0
skip N=5 (work channel off),2,6,1.0,0.0,12.0,0.0
fixed B=0,3,6,3.0,0.0,7.0,0.0
fixed B=1,3,6,3.0,0.0,7.333333333333333,0.0
fixed B=4,3,6,3.0,0.0,8.333333333333334,0.0
rel B0=0 eps=.5,3,6,3.0,0.0,8.4,0.0
rel B0=1 eps=1,3,6,3.0,0.0,11.0,0.0
rel B0=0 eps=2,3,6,3.0,0.0,21.0,0.0
qlen B0=0 gam=1,3,6,3.0,0.0,7.333333333333333,0.0
qlen B0=1 gam=.5 eps=.5,3,6,3.0,0.0,9.0,0.0
thresh B=1 th=1 N=2,3,6,3.0,0.0,8.0,0.0
thresh B=0 th=.5 N=3 eps=1,3,6,3.0,0.0,11.25,0.0
cap B0=1 eps=1 Bmax=3,3,6,3.0,0.0,8.0,0.0
cap B0=0 eps=2 Bmax=2,3,6,3.0,0.0,7.666666666666667,0.0
cap B0=1 eps=.5 Bmax=1,3,6,3.0,0.0,7.333333333333333,0.0
cap+cnt B=1 e=1 th=1 N=2 Bm=4,3,6,3.0,0.0,9.0,0.0
skip N=2 (work channel off),3,6,3.0,0.0,9.666666666666666,0.0
skip N=5 (work channel off),3,6,3.0,0.0,13.666666666666666,0.0
fixed B=0,2,7,3.0,0.0,6.0,0.0
fixed B=1,2,7,3.0,0.0,6.5,0.0
fixed B=4,2,7,3.0,0.0,8.0,0.0
rel B0=0 eps=.5,2,7,3.0,0.0,8.333333333333334,0.0
rel B0=1 eps=1,2,7,3.0,0.0,14.0,0.0
qlen B0=0 gam=1,2,7,3.0,0.0,7.0,0.0
qlen B0=1 gam=.5 eps=.5,2,7,3.0,0.0,9.666666666666666,0.0
thresh B=1 th=1 N=2,2,7,3.0,0.0,7.5,0.0
thresh B=0 th=.5 N=3 eps=1,2,7,3.0,0.0,14.5,0.0
cap B0=1 eps=1 Bmax=3,2,7,3.0,0.0,7.5,0.0
cap B0=1 eps=.5 Bmax=1,2,7,3.0,0.0,6.5,0.0
cap+cnt B=1 e=1 th=1 N=2 Bm=4,2,7,3.0,0.0,9.0,0.0
skip N=2 (work channel off),2,7,3.0,0.0,10.0,0.0
skip N=5 (work channel off),2,7,3.0,0.0,16.0,0.0
fixed B=0,3,6,2.0,0.0,4.666666666666667,0.0
fixed B=1,3,6,2.0,0.0,5.0,0.0
fixed B=4,3,6,2.0,0.0,6.0,0.0
rel B0=0 eps=.5,3,6,2.0,0.0,5.6,0.0
rel B0=1 eps=1,3,6,2.0,0.0,7.5,0.0
rel B0=0 eps=2,3,6,2.0,0.0,14.0,0.0
qlen B0=0 gam=1,3,6,2.0,0.0,5.0,0.0
qlen B0=1 gam=.5 eps=.5,3,6,2.0,0.0,6.2,0.0
thresh B=1 th=1 N=2,3,6,2.0,0.0,5.666666666666667,0.0
thresh B=0 th=.5 N=3 eps=1,3,6,2.0,0.0,7.75,0.0
cap B0=1 eps=1 Bmax=3,3,6,2.0,0.0,5.666666666666667,0.0
cap B0=0 eps=2 Bmax=2,3,6,2.0,0.0,5.333333333333333,0.0
cap B0=1 eps=.5 Bmax=1,3,6,2.0,0.0,5.0,0.0
cap+cnt B=1 e=1 th=1 N=2 Bm=4,3,6,2.0,0.0,6.666666666666667,0.0
skip N=2 (work channel off),3,6,2.0,0.0,7.333333333333333,0.0
skip N=5 (work channel off),3,6,2.0,0.0,11.333333333333334,0.0
fixed B=0,1,3,2.0,0.0,2.0,0.0
fixed B=1,1,3,2.0,2.0,3.0,0.6666666666666666
fixed B=4,1,3,2.0,2.0,6.0,0.3333333333333333
rel B0=0 eps=.5,1,3,2.0,2.0,6.0,0.3333333333333333
qlen B0=0 gam=1,1,3,2.0,2.0,3.0,0.6666666666666666
qlen B0=1 gam=.5 eps=.5,1,3,2.0,2.0,9.0,0.2222222222222222
thresh B=1 th=1 N=2,1,3,2.0,2.0,5.0,0.4
cap B0=1 eps=.5 Bmax=1,1,3,2.0,2.0,3.0,0.6666666666666666
skip N=2 (work channel off),1,3,2.0,2.0,10.0,0.2
skip N=5 (work channel off),1,3,2.0,2.0,22.0,0.09090909090909091
fixed B=0,1,7,3.0,0.0,3.0,0.0
fixed B=1,1,7,3.0,0.0,4.0,0.0
fixed B=4,1,7,3.0,0.0,7.0,0.0
rel B0=0 eps=.5,1,7,3.0,0.0,8.0,0.0
qlen B0=0 gam=1,1,7,3.0,0.0,5.0,0.0
qlen B0=1 gam=.5 eps=.5,1,7,3.0,0.0,11.0,0.0
thresh B=1 th=1 N=2,1,7,3.0,0.0,6.0,0.0
cap B0=1 eps=.5 Bmax=1,1,7,3.0,0.0,4.0,0.0
skip N=2 (work channel off),1,7,3.0,0.0,11.0,0.0
skip N=5 (work channel off),1,7,3.0,0.0,23.0,0.0
fixed B=0,3,5,3.0,0.0,7.0,0.0
fixed B=1,3,5,3.0,0.0,7.333333333333334,0.0
fixed B=4,3,5,3.0,0.0,8.333333333333334,0.0
rel B0=0 eps=.5,3,5,3.0,0.0,8.6,0.0
rel B0=1 eps=1,3,5,3.0,0.0,11.5,0.0
rel B0=0 eps=2,3,5,3.0,0.0,23.0,0.0
qlen B0=0 gam=1,3,5,3.0,0.0,7.333333333333334,0.0
qlen B0=1 gam=.5 eps=.5,3,5,3.0,0.0,9.2,0.0
thresh B=1 th=1 N=2,3,5,3.0,0.0,8.0,0.0
thresh B=0 th=.5 N=3 eps=1,3,5,3.0,0.0,11.75,0.0
cap B0=1 eps=1 Bmax=3,3,5,3.0,0.0,8.0,0.0
cap B0=0 eps=2 Bmax=2,3,5,3.0,0.0,7.666666666666668,0.0
cap B0=1 eps=.5 Bmax=1,3,5,3.0,0.0,7.333333333333333,0.0
cap+cnt B=1 e=1 th=1 N=2 Bm=4,3,5,3.0,0.0,9.0,0.0
skip N=2 (work channel off),3,5,3.0,0.0,9.666666666666666,0.0
skip N=5 (work channel off),3,5,3.0,0.0,13.666666666666666,0.0
fixed B=0,2,5,3.0,0.0,6.0,0.0
fixed B=1,2,5,3.0,1.0,6.5,0.15384615384615385
fixed B=4,2,5,3.0,1.0,8.0,0.125
rel B0=0 eps=.5,2,5,3.0,0.0,8.333333333333334,0.0
rel B0=1 eps=1,2,5,3.0,1.0,14.0,0.07692307692307693
qlen B0=0 gam=1,2,5,3.0,0.0,6.5,0.0
qlen B0=1 gam=.5 eps=.5,2,5,3.0,1.0,9.333333333333334,0.11538461538461539
thresh B=1 th=1 N=2,2,5,3.0,1.0,7.5,0.13333333333333333
thresh B=0 th=.5 N=3 eps=1,2,5,3.0,0.0,14.5,0.0
cap B0=1 eps=1 Bmax=3,2,5,3.0,1.0,7.5,0.13333333333333333
cap B0=1 eps=.5 Bmax=1,2,5,3.0,1.0,6.5,0.15384615384615385
cap+cnt B=1 e=1 th=1 N=2 Bm=4,2,5,3.0,1.0,9.0,0.1111111111111111
skip N=2 (work channel off),2,5,3.0,1.0,10.0,0.1
skip N=5 (work channel off),2,5,3.0,1.0,16.0,0.0625
fixed B=0,1,8,2.0,0.0,2.0,0.0
fixed B=1,1,8,2.0,1.0,3.0,0.3333333333333333
fixed B=4,1,8,2.0,2.0,6.0,0.3333333333333333
rel B0=0 eps=.5,1,8,2.0,1.0,6.0,0.16666666666666666
qlen B0=0 gam=1,1,8,2.0,1.0,5.0,0.3333333333333333
qlen B0=1 gam=.5 eps=.5,1,8,2.0,2.0,11.0,0.3333333333333333
thresh B=1 th=1 N=2,1,8,2.0,2.0,5.0,0.4
cap B0=1 eps=.5 Bmax=1,1,8,2.0,1.0,3.0,0.3333333333333333
skip N=2 (work channel off),1,8,2.0,2.0,10.0,0.2
skip N=5 (work channel off),1,8,2.0,2.0,22.0,0.09090909090909091
fixed B=0,2,9,3.0,0.0,6.0,0.0
fixed B=1,2,9,3.0,0.0,6.5,0.0
fixed B=4,2,9,3.0,0.0,8.0,0.0
rel B0=0 eps=.5,2,9,3.0,0.0,8.333333333333334,0.0
rel B0=1 eps=1,2,9,3.0,0.0,14.0,0.0
qlen B0=0 gam=1,2,9,3.0,0.0,7.5,0.0
qlen B0=1 gam=.5 eps=.5,2,9,3.0,0.0,9.666666666666666,0.0
thresh B=1 th=1 N=2,2,9,3.0,0.0,7.5,0.0
thresh B=0 th=.5 N=3 eps=1,2,9,3.0,0.0,14.5,0.0
cap B0=1 eps=1 Bmax=3,2,9,3.0,0.0,7.5,0.0
cap B0=1 eps=.5 Bmax=1,2,9,3.0,0.0,6.5,0.0
cap+cnt B=1 e=1 th=1 N=2 Bm=4,2,9,3.0,0.0,9.0,0.0
skip N=2 (work channel off),2,9,3.0,0.0,10.0,0.0
skip N=5 (work channel off),2,9,3.0,0.0,16.0,0.0
fixed B=0,3,5,3.0,0.0,7.0,0.0
fixed B=1,3,5,3.0,0.0,7.333333333333333,0.0
fixed B=4,3,5,3.0,0.0,8.333333333333334,0.0
rel B0=0 eps=.5,3,5,3.0,0.0,8.4,0.0
rel B0=1 eps=1,3,5,3.0,0.0,11.0,0.0
rel B0=0 eps=2,3,5,3.0,0.0,21.0,0.0
qlen B0=0 gam=1,3,5,3.0,0.0,7.333333333333333,0.0
qlen B0=1 gam=.5 eps=.5,3,5,3.0,0.0,9.0,0.0
thresh B=1 th=1 N=2,3,5,3.0,0.0,8.0,0.0
thresh B=0 th=.5 N=3 eps=1,3,5,3.0,0.0,11.25,0.0
cap B0=1 eps=1 Bmax=3,3,5,3.0,0.0,8.0,0.0
cap B0=0 eps=2 Bmax=2,3,5,3.0,0.0,7.666666666666667,0.0
cap B0=1 eps=.5 Bmax=1,3,5,3.0,0.0,7.333333333333333,0.0
cap+cnt B=1 e=1 th=1 N=2 Bm=4,3,5,3.0,0.0,9.0,0.0
skip N=2 (work channel off),3,5,3.0,0.0,9.666666666666666,0.0
skip N=5 (work channel off),3,5,3.0,0.0,13.666666666666666,0.0
fixed B=0,1,2,3.0,0.0,3.0,0.0
fixed B=1,1,2,3.0,0.0,4.0,0.0
fixed B=4,1,2,3.0,0.0,7.0,0.0
rel B0=0 eps=.5,1,2,3.0,0.0,6.0,0.0
qlen B0=0 gam=1,1,2,3.0,0.0,3.0,0.0
qlen B0=1 gam=.5 eps=.5,1,2,3.0,0.0,8.0,0.0
thresh B=1 th=1 N=2,1,2,3.0,0.0,6.0,0.0
cap B0=1 eps=.5 Bmax=1,1,2,3.0,0.0,4.0,0.0
skip N=2 (work channel off),1,2,3.0,0.0,11.0,0.0
skip N=5 (work channel off),1,2,3.0,0.0,23.0,0.0
fixed B=0,2,3,3.0,0.0,6.0,0.0
fixed B=1,2,3,3.0,0.0,6.5,0.0
fixed B=4,2,3,3.0,0.0,8.0,0.0
rel B0=0 eps=.5,2,3,3.0,0.0,8.666666666666666,0.0
rel B0=1 eps=1,2,3,3.0,0.0,15.0,0.0
qlen B0=0 gam=1,2,3,3.0,0.0,7.0,0.0
qlen B0=1 gam=.5 eps=.5,2,3,3.0,0.0,10.0,0.0
thresh B=1 th=1 N=2,2,3,3.0,0.0,7.5,0.0
thresh B=0 th=.5 N=3 eps=1,2,3,3.0,0.0,15.5,0.0
cap B0=1 eps=1 Bmax=3,2,3,3.0,0.0,7.5,0.0
cap B0=1 eps=.5 Bmax=1,2,3,3.0,0.0,6.5,0.0
cap+cnt B=1 e=1 th=1 N=2 Bm=4,2,3,3.0,0.0,9.0,0.0
skip N=2 (work channel off),2,3,3.0,0.0,10.0,0.0
skip N=5 (work channel off),2,3,3.0,0.0,16.0,0.0
fixed B=0,1,4,3.0,0.0,3.0,0.0
fixed B=1,1,4,3.0,0.0,4.0,0.0
fixed B=4,1,4,3.0,0.0,7.0,0.0
rel B0=0 eps=.5,1,4,3.0,0.0,9.0,0.0
qlen B0=0 gam=1,1,4,3.0,0.0,4.0,0.0
qlen B0=1 gam=.5 eps=.5,1,4,3.0,0.0,12.0,0.0
thresh B=1 th=1 N=2,1,4,3.0,0.0,6.0,0.0
cap B0=1 eps=.5 Bmax=1,1,4,3.0,0.0,4.0,0.0
skip N=2 (work channel off),1,4,3.0,0.0,11.0,0.0
skip N=5 (work channel off),1,4,3.0,0.0,23.0,0.0
fixed B=0,3,3,2.0,0.0,4.666666666666667,0.0
fixed B=1,3,3,2.0,0.0,5.0,0.0
fixed B=4,3,3,2.0,0.0,6.0,0.0
rel B0=0 eps=.5,3,3,2.0,0.0,5.6,0.0
rel B0=1 eps=1,3,3,2.0,0.0,7.5,0.0
rel B0=0 eps=2,3,3,2.0,0.0,14.0,0.0
qlen B0=0 gam=1,3,3,2.0,0.0,5.0,0.0
qlen B0=1 gam=.5 eps=.5,3,3,2.0,0.0,6.2,0.0
thresh B=1 th=1 N=2,3,3,2.0,0.0,5.666666666666667,0.0
thresh B=0 th=.5 N=3 eps=1,3,3,2.0,0.0,7.75,0.0
cap B0=1 eps=1 Bmax=3,3,3,2.0,0.0,5.666666666666667,0.0
cap B0=0 eps=2 Bmax=2,3,3,2.0,0.0,5.333333333333333,0.0
cap B0=1 eps=.5 Bmax=1,3,3,2.0,0.0,5.0,0.0
cap+cnt B=1 e=1 th=1 N=2 Bm=4,3,3,2.0,0.0,6.666666666666667,0.0
skip N=2 (work channel off),3,3,2.0,0.0,7.333333333333333,0.0
skip N=5 (work channel off),3,3,2.0,0.0,11.333333333333334,0.0
fixed B=0,2,4,3.0,0.0,6.0,0.0
fixed B=1,2,4,3.0,0.0,6.5,0.0
fixed B=4,2,4,3.0,0.0,8.0,0.0
rel B0=0 eps=.5,2,4,3.0,0.0,8.0,0.0
rel B0=1 eps=1,2,4,3.0,0.0,13.0,0.0
qlen B0=0 gam=1,2,4,3.0,0.0,6.5,0.0
qlen B0=1 gam=.5 eps=.5,2,4,3.0,0.0,9.0,0.0
thresh B=1 th=1 N=2,2,4,3.0,0.0,7.5,0.0
thresh B=0 th=.5 N=3 eps=1,2,4,3.0,0.0,13.5,0.0
cap B0=1 eps=1 Bmax=3,2,4,3.0,0.0,7.5,0.0
cap B0=1 eps=.5 Bmax=1,2,4,3.0,0.0,6.5,0.0
cap+cnt B=1 e=1 th=1 N=2 Bm=4,2,4,3.0,0.0,9.0,0.0
skip N=2 (work channel off),2,4,3.0,0.0,10.0,0.0
skip N=5 (work channel off),2,4,3.0,0.0,16.0,0.0
fixed B=0,2,9,3.0,0.0,6.0,0.0
fixed B=1,2,9,3.0,0.0,6.5,0.0
fixed B=4,2,9,3.0,0.0,8.0,0.0
rel B0=0 eps=.5,2,9,3.0,0.0,8.0,0.0
rel B0=1 eps=1,2,9,3.0,0.0,13.0,0.0
qlen B0=0 gam=1,2,9,3.0,0.0,7.0,0.0
qlen B0=1 gam=.5 eps=.5,2,9,3.0,0.0,9.333333333333334,0.0
thresh B=1 th=1 N=2,2,9,3.0,0.0,7.5,0.0
thresh B=0 th=.5 N=3 eps=1,2,9,3.0,0.0,13.5,0.0
cap B0=1 eps=1 Bmax=3,2,9,3.0,0.0,7.5,0.0
cap B0=1 eps=.5 Bmax=1,2,9,3.0,0.0,6.5,0.0
cap+cnt B=1 e=1 th=1 N=2 Bm=4,2,9,3.0,0.0,9.0,0.0
skip N=2 (work channel off),2,9,3.0,0.0,10.0,0.0
skip N=5 (work channel off),2,9,3.0,0.0,16.0,0.0
fixed B=0,2,6,3.0,0.0,6.0,0.0
fixed B=1,2,6,3.0,0.0,6.5,0.0
fixed B=4,2,6,3.0,0.0,8.0,0.0
rel B0=0 eps=.5,2,6,3.0,0.0,8.0,0.0
rel B0=1 eps=1,2,6,3.0,0.0,13.0,0.0
qlen B0=0 gam=1,2,6,3.0,0.0,6.5,0.0
qlen B0=1 gam=.5 eps=.5,2,6,3.0,0.0,9.0,0.0
thresh B=1 th=1 N=2,2,6,3.0,0.0,7.5,0.0
thresh B=0 th=.5 N=3 eps=1,2,6,3.0,0.0,13.5,0.0
cap B0=1 eps=1 Bmax=3,2,6,3.0,0.0,7.5,0.0
cap B0=1 eps=.5 Bmax=1,2,6,3.0,0.0,6.5,0.0
cap+cnt B=1 e=1 th=1 N=2 Bm=4,2,6,3.0,0.0,9.0,0.0
skip N=2 (work channel off),2,6,3.0,0.0,10.0,0.0
skip N=5 (work channel off),2,6,3.0,0.0,16.0,0.0
fixed B=0,2,5,3.0,0.0,6.0,0.0
fixed B=1,2,5,3.0,0.0,6.5,0.0
fixed B=4,2,5,3.0,0.0,8.0,0.0
rel B0=0 eps=.5,2,5,3.0,0.0,8.0,0.0
rel B0=1 eps=1,2,5,3.0,0.0,13.0,0.0
qlen B0=0 gam=1,2,5,3.0,0.0,6.5,0.0
qlen B0=1 gam=.5 eps=.5,2,5,3.0,0.0,9.0,0.0
thresh B=1 th=1 N=2,2,5,3.0,0.0,7.5,0.0
thresh B=0 th=.5 N=3 eps=1,2,5,3.0,0.0,13.5,0.0
cap B0=1 eps=1 Bmax=3,2,5,3.0,0.0,7.5,0.0
cap B0=1 eps=.5 Bmax=1,2,5,3.0,0.0,6.5,0.0
cap+cnt B=1 e=1 th=1 N=2 Bm=4,2,5,3.0,0.0,9.0,0.0
skip N=2 (work channel off),2,5,3.0,0.0,10.0,0.0
skip N=5 (work channel off),2,5,3.0,0.0,16.0,0.0
fixed B=0,2,7,3.0,0.0,6.0,0.0
fixed B=1,2,7,3.0,0.0,6.5,0.0
fixed B=4,2,7,3.0,0.0,8.0,0.0
rel B0=0 eps=.5,2,7,3.0,0.0,8.0,0.0
rel B0=1 eps=1,2,7,3.0,0.0,13.0,0.0
qlen B0=0 gam=1,2,7,3.0,0.0,6.5,0.0
qlen B0=1 gam=.5 eps=.5,2,7,3.0,0.0,9.0,0.0
thresh B=1 th=1 N=2,2,7,3.0,0.0,7.5,0.0
thresh B=0 th=.5 N=3 eps=1,2,7,3.0,0.0,13.5,0.0
cap B0=1 eps=1 Bmax=3,2,7,3.0,0.0,7.5,0.0
cap B0=1 eps=.5 Bmax=1,2,7,3.0,0.0,6.5,0.0
cap+cnt B=1 e=1 th=1 N=2 Bm=4,2,7,3.0,0.0,9.0,0.0
skip N=2 (work channel off),2,7,3.0,0.0,10.0,0.0
skip N=5 (work channel off),2,7,3.0,0.0,16.0,0.0
fixed B=0,3,4,3.0,0.0,7.0,0.0
fixed B=1,3,4,3.0,0.0,7.333333333333333,0.0
fixed B=4,3,4,3.0,0.0,8.333333333333334,0.0
rel B0=0 eps=.5,3,4,3.0,0.0,8.4,0.0
rel B0=1 eps=1,3,4,3.0,0.0,11.0,0.0
rel B0=0 eps=2,3,4,3.0,0.0,21.0,0.0
qlen B0=0 gam=1,3,4,3.0,0.0,7.333333333333333,0.0
qlen B0=1 gam=.5 eps=.5,3,4,3.0,0.0,9.0,0.0
thresh B=1 th=1 N=2,3,4,3.0,0.0,8.0,0.0
thresh B=0 th=.5 N=3 eps=1,3,4,3.0,0.0,11.25,0.0
cap B0=1 eps=1 Bmax=3,3,4,3.0,0.0,8.0,0.0
cap B0=0 eps=2 Bmax=2,3,4,3.0,0.0,7.666666666666667,0.0
cap B0=1 eps=.5 Bmax=1,3,4,3.0,0.0,7.333333333333333,0.0
cap+cnt B=1 e=1 th=1 N=2 Bm=4,3,4,3.0,0.0,9.0,0.0
skip N=2 (work channel off),3,4,3.0,0.0,9.666666666666666,0.0
skip N=5 (work channel off),3,4,3.0,0.0,13.666666666666666,0.0
fixed B=0,2,5,2.0,0.0,4.0,0.0
fixed B=1,2,5,2.0,0.0,4.5,0.0
fixed B=4,2,5,2.0,0.0,6.0,0.0
rel B0=0 eps=.5,2,5,2.0,0.0,5.333333333333333,0.0
rel B0=1 eps=1,2,5,2.0,0.0,9.0,0.0
qlen B0=0 gam=1,2,5,2.0,0.0,5.0,0.0
qlen B0=1 gam=.5 eps=.5,2,5,2.0,0.0,6.666666666666667,0.0
thresh B=1 th=1 N=2,2,5,2.0,0.0,5.5,0.0
thresh B=0 th=.5 N=3 eps=1,2,5,2.0,0.0,9.5,0.0
cap B0=1 eps=1 Bmax=3,2,5,2.0,0.0,5.5,0.0
cap B0=1 eps=.5 Bmax=1,2,5,2.0,0.0,4.5,0.0
cap+cnt B=1 e=1 th=1 N=2 Bm=4,2,5,2.0,0.0,7.0,0.0
skip N=2 (work channel off),2,5,2.0,0.0,8.0,0.0
skip N=5 (work channel off),2,5,2.0,0.0,14.0,0.0
fixed B=0,3,7,3.0,0.0,7.0,0.0
fixed B=1,3,7,3.0,1.0,7.333333333333334,0.13636363636363638
fixed B=4,3,7,3.0,1.0,8.333333333333334,0.12
rel B0=0 eps=.5,3,7,3.0,0.0,9.0,0.0
rel B0=1 eps=1,3,7,3.0,1.0,12.5,0.09090909090909091
rel B0=0 eps=2,3,7,3.0,0.0,27.0,0.0
qlen B0=0 gam=1,3,7,3.0,0.0,8.0,0.0
qlen B0=1 gam=.5 eps=.5,3,7,3.0,1.0,10.0,0.11363636363636363
thresh B=1 th=1 N=2,3,7,3.0,1.0,8.0,0.125
thresh B=0 th=.5 N=3 eps=1,3,7,3.0,0.0,12.75,0.0
cap B0=1 eps=1 Bmax=3,3,7,3.0,1.0,8.0,0.125
cap B0=0 eps=2 Bmax=2,3,7,3.0,0.0,7.666666666666668,0.0
cap B0=1 eps=.5 Bmax=1,3,7,3.0,1.0,7.333333333333333,0.13636363636363638
cap+cnt B=1 e=1 th=1 N=2 Bm=4,3,7,3.0,1.0,9.0,0.1111111111111111
skip N=2 (work channel off),3,7,3.0,1.0,9.666666666666666,0.10344827586206898
skip N=5 (work channel off),3,7,3.0,1.0,13.666666666666668,0.07317073170731708
fixed B=0,3,4,3.0,0.0,7.0,0.0
fixed B=1,3,4,3.0,0.0,7.333333333333333,0.0
fixed B=4,3,4,3.0,0.0,8.333333333333334,0.0
rel B0=0 eps=.5,3,4,3.0,0.0,8.4,0.0
rel B0=1 eps=1,3,4,3.0,0.0,11.0,0.0
rel B0=0 eps=2,3,4,3.0,0.0,21.0,0.0
qlen B0=0 gam=1,3,4,3.0,0.0,7.333333333333333,0.0
qlen B0=1 gam=.5 eps=.5,3,4,3.0,0.0,9.0,0.0
thresh B=1 th=1 N=2,3,4,3.0,0.0,8.0,0.0
thresh B=0 th=.5 N=3 eps=1,3,4,3.0,0.0,11.25,0.0
cap B0=1 eps=1 Bmax=3,3,4,3.0,0.0,8.0,0.0
cap B0=0 eps=2 Bmax=2,3,4,3.0,0.0,7.666666666666667,0.0
cap B0=1 eps=.5 Bmax=1,3,4,3.0,0.0,7.333333333333333,0.0
cap+cnt B=1 e=1 th=1 N=2 Bm=4,3,4,3.0,0.0,9.0,0.0
skip N=2 (work channel off),3,4,3.0,0.0,9.666666666666666,0.0
skip N=5 (work channel off),3,4,3.0,0.0,13.666666666666666,0.0
fixed B=0,1,5,3.0,0.0,3.0,0.0
fixed B=1,1,5,3.0,0.0,4.0,0.0
fixed B=4,1,5,3.0,0.0,7.0,0.0
rel B0=0 eps=.5,1,5,3.0,3.0,9.0,0.375
qlen B0=0 gam=1,1,5,3.0,0.0,5.0,0.0
qlen B0=1 gam=.5 eps=.5,1,5,3.0,0.0,13.0,0.0
thresh B=1 th=1 N=2,1,5,3.0,0.0,6.0,0.0
cap B0=1 eps=.5 Bmax=1,1,5,3.0,0.0,4.0,0.0
skip N=2 (work channel off),1,5,3.0,0.0,11.0,0.0
skip N=5 (work channel off),1,5,3.0,0.0,23.0,0.0
fixed B=0,3,3,3.0,0.0,7.0,0.0
fixed B=1,3,3,3.0,0.0,7.333333333333333,0.0
fixed B=4,3,3,3.0,0.0,8.333333333333334,0.0
rel B0=0 eps=.5,3,3,3.0,0.0,8.4,0.0
rel B0=1 eps=1,3,3,3.0,0.0,11.0,0.0
rel B0=0 eps=2,3,3,3.0,0.0,21.0,0.0
qlen B0=0 gam=1,3,3,3.0,0.0,7.333333333333333,0.0
qlen B0=1 gam=.5 eps=.5,3,3,3.0,0.0,9.0,0.0
thresh B=1 th=1 N=2,3,3,3.0,0.0,8.0,0.0
thresh B=0 th=.5 N=3 eps=1,3,3,3.0,0.0,11.25,0.0
cap B0=1 eps=1 Bmax=3,3,3,3.0,0.0,8.0,0.0
cap B0=0 eps=2 Bmax=2,3,3,3.0,0.0,7.666666666666667,0.0
cap B0=1 eps=.5 Bmax=1,3,3,3.0,0.0,7.333333333333333,0.0
cap+cnt B=1 e=1 th=1 N=2 Bm=4,3,3,3.0,0.0,9.0,0.0
skip N=2 (work channel off),3,3,3.0,0.0,9.666666666666666,0.0
skip N=5 (work channel off),3,3,3.0,0.0,13.666666666666666,0.0
fixed B=0,2,6,3.0,0.0,6.0,0.0
fixed B=1,2,6,3.0,0.0,6.5,0.0
fixed B=4,2,6,3.0,0.0,8.0,0.0
rel B0=0 eps=.5,2,6,3.0,0.0,9.0,0.0
rel B0=1 eps=1,2,6,3.0,0.0,16.0,0.0
qlen B0=0 gam=1,2,6,3.0,0.0,7.0,0.0
qlen B0=1 gam=.5 eps=.5,2,6,3.0,0.0,10.333333333333334,0.0
thresh B=1 th=1 N=2,2,6,3.0,0.0,7.5,0.0
thresh B=0 th=.5 N=3 eps=1,2,6,3.0,0.0,16.5,0.0
cap B0=1 eps=1 Bmax=3,2,6,3.0,0.0,7.5,0.0
cap B0=1 eps=.5 Bmax=1,2,6,3.0,0.0,6.5,0.0
cap+cnt B=1 e=1 th=1 N=2 Bm=4,2,6,3.0,0.0,9.0,0.0
skip N=2 (work channel off),2,6,3.0,0.0,10.0,0.0
skip N=5 (work channel off),2,6,3.0,0.0,16.0,0.0
fixed B=0,3,4,3.0,0.0,7.0,0.0
fixed B=1,3,4,3.0,0.0,7.333333333333333,0.0
fixed B=4,3,4,3.0,0.0,8.333333333333334,0.0
rel B0=0 eps=.5,3,4,3.0,0.0,8.4,0.0
rel B0=1 eps=1,3,4,3.0,0.0,11.0,0.0
rel B0=0 eps=2,3,4,3.0,0.0,21.0,0.0
qlen B0=0 gam=1,3,4,3.0,0.0,7.333333333333333,0.0
qlen B0=1 gam=.5 eps=.5,3,4,3.0,0.0,9.0,0.0
thresh B=1 th=1 N=2,3,4,3.0,0.0,8.0,0.0
thresh B=0 th=.5 N=3 eps=1,3,4,3.0,0.0,11.25,0.0
cap B0=1 eps=1 Bmax=3,3,4,3.0,0.0,8.0,0.0
cap B0=0 eps=2 Bmax=2,3,4,3.0,0.0,7.666666666666667,0.0
cap B0=1 eps=.5 Bmax=1,3,4,3.0,0.0,7.333333333333333,0.0
cap+cnt B=1 e=1 th=1 N=2 Bm=4,3,4,3.0,0.0,9.0,0.0
skip N=2 (work channel off),3,4,3.0,0.0,9.666666666666666,0.0
skip N=5 (work channel off),3,4,3.0,0.0,13.666666666666666,0.0
fixed B=0,3,7,3.0,0.0,7.0,0.0
fixed B=1,3,7,3.0,0.0,7.333333333333333,0.0
fixed B=4,3,7,3.0,0.0,8.333333333333334,0.0
rel B0=0 eps=.5,3,7,3.0,0.0,8.4,0.0
rel B0=1 eps=1,3,7,3.0,0.0,11.0,0.0
rel B0=0 eps=2,3,7,3.0,0.0,21.0,0.0
qlen B0=0 gam=1,3,7,3.0,0.0,7.333333333333333,0.0
qlen B0=1 gam=.5 eps=.5,3,7,3.0,0.0,9.0,0.0
thresh B=1 th=1 N=2,3,7,3.0,0.0,8.0,0.0
thresh B=0 th=.5 N=3 eps=1,3,7,3.0,0.0,11.25,0.0
cap B0=1 eps=1 Bmax=3,3,7,3.0,0.0,8.0,0.0
cap B0=0 eps=2 Bmax=2,3,7,3.0,0.0,7.666666666666667,0.0
cap B0=1 eps=.5 Bmax=1,3,7,3.0,0.0,7.333333333333333,0.0
cap+cnt B=1 e=1 th=1 N=2 Bm=4,3,7,3.0,0.0,9.0,0.0
skip N=2 (work channel off),3,7,3.0,0.0,9.666666666666666,0.0
skip N=5 (work channel off),3,7,3.0,0.0,13.666666666666666,0.0
fixed B=0,1,3,1.0,0.0,1.0,0.0
fixed B=1,1,3,1.0,0.0,2.0,0.0
fixed B=4,1,3,1.0,0.0,5.0,0.0
rel B0=0 eps=.5,1,3,1.0,1.0,3.0,0.3333333333333333
qlen B0=0 gam=1,1,3,1.0,0.0,2.0,0.0
qlen B0=1 gam=.5 eps=.5,1,3,1.0,0.0,6.0,0.0
thresh B=1 th=1 N=2,1,3,1.0,0.0,4.0,0.0
cap B0=1 eps=.5 Bmax=1,1,3,1.0,0.0,2.0,0.0
skip N=2 (work channel off),1,3,1.0,0.0,9.0,0.0
skip N=5 (work channel off),1,3,1.0,0.0,21.0,0.0
fixed B=0,1,6,2.0,0.0,2.0,0.0
fixed B=1,1,6,2.0,0.0,3.0,0.0
fixed B=4,1,6,2.0,0.0,6.0,0.0
rel B0=0 eps=.5,1,6,2.0,2.0,7.0,0.3333333333333333
qlen B0=0 gam=1,1,6,2.0,0.0,3.0,0.0
qlen B0=1 gam=.5 eps=.5,1,6,2.0,0.0,10.0,0.0
thresh B=1 th=1 N=2,1,6,2.0,0.0,5.0,0.0
cap B0=1 eps=.5 Bmax=1,1,6,2.0,0.0,3.0,0.0
skip N=2 (work channel off),1,6,2.0,0.0,10.0,0.0
skip N=5 (work channel off),1,6,2.0,0.0,22.0,0.0
fixed B=0,3,5,3.0,0.0,7.0,0.0
fixed B=1,3,5,3.0,0.0,7.333333333333333,0.0
fixed B=4,3,5,3.0,0.0,8.333333333333334,0.0
rel B0=0 eps=.5,3,5,3.0,0.0,8.4,0.0
rel B0=1 eps=1,3,5,3.0,0.0,11.0,0.0
rel B0=0 eps=2,3,5,3.0,0.0,21.0,0.0
qlen B0=0 gam=1,3,5,3.0,0.0,7.666666666666667,0.0
qlen B0=1 gam=.5 eps=.5,3,5,3.0,0.0,9.2,0.0
thresh B=1 th=1 N=2,3,5,3.0,0.0,8.0,0.0
thresh B=0 th=.5 N=3 eps=1,3,5,3.0,0.0,11.25,0.0
cap B0=1 eps=1 Bmax=3,3,5,3.0,0.0,8.0,0.0
cap B0=0 eps=2 Bmax=2,3,5,3.0,0.0,7.666666666666667,0.0
cap B0=1 eps=.5 Bmax=1,3,5,3.0,0.0,7.333333333333333,0.0
cap+cnt B=1 e=1 th=1 N=2 Bm=4,3,5,3.0,0.0,9.0,0.0
skip N=2 (work channel off),3,5,3.0,0.0,9.666666666666666,0.0
skip N=5 (work channel off),3,5,3.0,0.0,13.666666666666666,0.0
fixed B=0,3,5,3.0,0.0,7.0,0.0
fixed B=1,3,5,3.0,0.0,7.333333333333333,0.0
fixed B=4,3,5,3.0,0.0,8.333333333333334,0.0
rel B0=0 eps=.5,3,5,3.0,0.0,8.4,0.0
rel B0=1 eps=1,3,5,3.0,0.0,11.0,0.0
rel B0=0 eps=2,3,5,3.0,0.0,21.0,0.0
qlen B0=0 gam=1,3,5,3.0,0.0,7.666666666666667,0.0
qlen B0=1 gam=.5 eps=.5,3,5,3.0,0.0,9.2,0.0
thresh B=1 th=1 N=2,3,5,3.0,0.0,8.0,0.0
thresh B=0 th=.5 N=3 eps=1,3,5,3.0,0.0,11.25,0.0
cap B0=1 eps=1 Bmax=3,3,5,3.0,0.0,8.0,0.0
cap B0=0 eps=2 Bmax=2,3,5,3.0,0.0,7.666666666666667,0.0
cap B0=1 eps=.5 Bmax=1,3,5,3.0,0.0,7.333333333333333,0.0
cap+cnt B=1 e=1 th=1 N=2 Bm=4,3,5,3.0,0.0,9.0,0.0
skip N=2 (work channel off),3,5,3.0,0.0,9.666666666666666,0.0
skip N=5 (work channel off),3,5,3.0,0.0,13.666666666666666,0.0
fixed B=0,1,2,3.0,0.0,3.0,0.0
fixed B=1,1,2,3.0,0.0,4.0,0.0
fixed B=4,1,2,3.0,0.0,7.0,0.0
rel B0=0 eps=.5,1,2,3.0,0.0,7.0,0.0
qlen B0=0 gam=1,1,2,3.0,0.0,4.0,0.0
qlen B0=1 gam=.5 eps=.5,1,2,3.0,0.0,10.0,0.0
thresh B=1 th=1 N=2,1,2,3.0,0.0,6.0,0.0
cap B0=1 eps=.5 Bmax=1,1,2,3.0,0.0,4.0,0.0
skip N=2 (work channel off),1,2,3.0,0.0,11.0,0.0
skip N=5 (work channel off),1,2,3.0,0.0,23.0,0.0
fixed B=0,3,7,3.0,0.0,7.0,0.0
fixed B=1,3,7,3.0,0.0,7.333333333333333,0.0
fixed B=4,3,7,3.0,0.0,8.333333333333334,0.0
rel B0=0 eps=.5,3,7,3.0,0.0,8.4,0.0
rel B0=1 eps=1,3,7,3.0,0.0,11.0,0.0
rel B0=0 eps=2,3,7,3.0,0.0,21.0,0.0
qlen B0=0 gam=1,3,7,3.0,0.0,7.333333333333333,0.0
qlen B0=1 gam=.5 eps=.5,3,7,3.0,0.0,9.0,0.0
thresh B=1 th=1 N=2,3,7,3.0,0.0,8.0,0.0
thresh B=0 th=.5 N=3 eps=1,3,7,3.0,0.0,11.25,0.0
cap B0=1 eps=1 Bmax=3,3,7,3.0,0.0,8.0,0.0
cap B0=0 eps=2 Bmax=2,3,7,3.0,0.0,7.666666666666667,0.0
cap B0=1 eps=.5 Bmax=1,3,7,3.0,0.0,7.333333333333333,0.0
cap+cnt B=1 e=1 th=1 N=2 Bm=4,3,7,3.0,0.0,9.0,0.0
skip N=2 (work channel off),3,7,3.0,0.0,9.666666666666666,0.0
skip N=5 (work channel off),3,7,3.0,0.0,13.666666666666666,0.0
fixed B=0,3,9,3.0,0.0,7.0,0.0
fixed B=1,3,9,3.0,1.0,7.333333333333334,0.13636363636363638
fixed B=4,3,9,3.0,1.0,8.333333333333334,0.12
rel B0=0 eps=.5,3,9,3.0,0.0,8.6,0.0
rel B0=1 eps=1,3,9,3.0,1.0,11.5,0.09090909090909091
rel B0=0 eps=2,3,9,3.0,0.0,23.0,0.0
qlen B0=0 gam=1,3,9,3.0,0.0,8.0,0.0
qlen B0=1 gam=.5 eps=.5,3,9,3.0,1.0,9.4,0.11363636363636363
thresh B=1 th=1 N=2,3,9,3.0,1.0,8.0,0.125
thresh B=0 th=.5 N=3 eps=1,3,9,3.0,0.0,11.75,0.0
cap B0=1 eps=1 Bmax=3,3,9,3.0,1.0,8.0,0.125
cap B0=0 eps=2 Bmax=2,3,9,3.0,0.0,7.666666666666668,0.0
cap B0=1 eps=.5 Bmax=1,3,9,3.0,1.0,7.333333333333333,0.13636363636363638
cap+cnt B=1 e=1 th=1 N=2 Bm=4,3,9,3.0,1.0,9.0,0.1111111111111111
skip N=2 (work channel off),3,9,3.0,1.0,9.666666666666666,0.10344827586206898
skip N=5 (work channel off),3,9,3.0,1.0,13.666666666666666,0.07317073170731708
fixed B=0,1,5,3.0,0.0,3.0,0.0
fixed B=1,1,5,3.0,1.0,4.0,0.25
fixed B=4,1,5,3.0,4.0,7.0,0.5714285714285714
rel B0=0 eps=.5,1,5,3.0,0.0,8.0,0.0
qlen B0=0 gam=1,1,5,3.0,0.0,4.0,0.0
qlen B0=1 gam=.5 eps=.5,1,5,3.0,4.0,11.0,0.5
thresh B=1 th=1 N=2,1,5,3.0,4.0,6.0,0.6666666666666666
cap B0=1 eps=.5 Bmax=1,1,5,3.0,1.0,4.0,0.25
skip N=2 (work channel off),1,5,3.0,4.0,11.0,0.36363636363636365
skip N=5 (work channel off),1,5,3.0,4.0,23.0,0.17391304347826086
fixed B=0,3,9,3.0,0.0,7.0,0.0
fixed B=1,3,9,3.0,1.0,7.333333333333334,0.13636363636363638
fixed B=4,3,9,3.0,1.0,8.333333333333334,0.12
rel B0=0 eps=.5,3,9,3.0,0.0,8.6,0.0
rel B0=1 eps=1,3,9,3.0,1.0,11.5,0.09090909090909091
rel B0=0 eps=2,3,9,3.0,0.0,23.0,0.0
qlen B0=0 gam=1,3,9,3.0,1.0,7.666666666666666,0.14285714285714285
qlen B0=1 gam=.5 eps=.5,3,9,3.0,1.0,9.4,0.11363636363636363
thresh B=1 th=1 N=2,3,9,3.0,1.0,8.0,0.125
thresh B=0 th=.5 N=3 eps=1,3,9,3.0,0.0,11.75,0.0
cap B0=1 eps=1 Bmax=3,3,9,3.0,1.0,8.0,0.125
cap B0=0 eps=2 Bmax=2,3,9,3.0,0.0,7.666666666666668,0.0
cap B0=1 eps=.5 Bmax=1,3,9,3.0,1.0,7.333333333333333,0.13636363636363638
cap+cnt B=1 e=1 th=1 N=2 Bm=4,3,9,3.0,1.0,9.0,0.1111111111111111
skip N=2 (work channel off),3,9,3.0,1.0,9.666666666666666,0.10344827586206898
skip N=5 (work channel off),3,9,3.0,1.0,13.666666666666666,0.07317073170731708
fixed B=0,3,6,2.0,0.0,4.666666666666667,0.0
fixed B=1,3,6,2.0,0.0,5.0,0.0
fixed B=4,3,6,2.0,0.0,6.0,0.0
rel B0=0 eps=.5,3,6,2.0,0.0,5.6,0.0
rel B0=1 eps=1,3,6,2.0,0.0,7.5,0.0
rel B0=0 eps=2,3,6,2.0,0.0,14.0,0.0
qlen B0=0 gam=1,3,6,2.0,0.0,5.666666666666667,0.0
qlen B0=1 gam=.5 eps=.5,3,6,2.0,0.0,6.6,0.0
thresh B=1 th=1 N=2,3,6,2.0,0.0,5.666666666666667,0.0
thresh B=0 th=.5 N=3 eps=1,3,6,2.0,0.0,7.75,0.0
cap B0=1 eps=1 Bmax=3,3,6,2.0,0.0,5.666666666666667,0.0
cap B0=0 eps=2 Bmax=2,3,6,2.0,0.0,5.333333333333333,0.0
cap B0=1 eps=.5 Bmax=1,3,6,2.0,0.0,5.0,0.0
cap+cnt B=1 e=1 th=1 N=2 Bm=4,3,6,2.0,0.0,6.666666666666667,0.0
skip N=2 (work channel off),3,6,2.0,0.0,7.333333333333333,0.0
skip N=5 (work channel off),3,6,2.0,0.0,11.333333333333334,0.0
fixed B=0,1,5,2.0,0.0,2.0,0.0
fixed B=1,1,5,2.0,0.0,3.0,0.0
fixed B=4,1,5,2.0,0.0,6.0,0.0
rel B0=0 eps=.5,1,5,2.0,0.0,6.0,0.0
qlen B0=0 gam=1,1,5,2.0,0.0,3.0,0.0
qlen B0=1 gam=.5 eps=.5,1,5,2.0,0.0,9.0,0.0
thresh B=1 th=1 N=2,1,5,2.0,0.0,5.0,0.0
cap B0=1 eps=.5 Bmax=1,1,5,2.0,0.0,3.0,0.0
skip N=2 (work channel off),1,5,2.0,0.0,10.0,0.0
skip N=5 (work channel off),1,5,2.0,0.0,22.0,0.0
fixed B=0,2,2,3.0,0.0,6.0,0.0
fixed B=1,2,2,3.0,0.0,6.5,0.0
fixed B=4,2,2,3.0,0.0,8.0,0.0
rel B0=0 eps=.5,2,2,3.0,0.0,8.0,0.0
rel B0=1 eps=1,2,2,3.0,0.0,13.0,0.0
qlen B0=0 gam=1,2,2,3.0,0.0,6.0,0.0
qlen B0=1 gam=.5 eps=.5,2,2,3.0,0.0,8.666666666666666,0.0
thresh B=1 th=1 N=2,2,2,3.0,0.0,7.5,0.0
thresh B=0 th=.5 N=3 eps=1,2,2,3.0,0.0,13.5,0.0
cap B0=1 eps=1 Bmax=3,2,2,3.0,0.0,7.5,0.0
cap B0=1 eps=.5 Bmax=1,2,2,3.0,0.0,6.5,0.0
cap+cnt B=1 e=1 th=1 N=2 Bm=4,2,2,3.0,0.0,9.0,0.0
skip N=2 (work channel off),2,2,3.0,0.0,10.0,0.0
skip N=5 (work channel off),2,2,3.0,0.0,16.0,0.0
fixed B=0,1,6,2.0,0.0,2.0,0.0
fixed B=1,1,6,2.0,0.0,3.0,0.0
fixed B=4,1,6,2.0,0.0,6.0,0.0
rel B0=0 eps=.5,1,6,2.0,1.0,5.0,0.2
qlen B0=0 gam=1,1,6,2.0,0.0,3.0,0.0
qlen B0=1 gam=.5 eps=.5,1,6,2.0,0.0,7.0,0.0
thresh B=1 th=1 N=2,1,6,2.0,0.0,5.0,0.0
cap B0=1 eps=.5 Bmax=1,1,6,2.0,0.0,3.0,0.0
skip N=2 (work channel off),1,6,2.0,0.0,10.0,0.0
skip N=5 (work channel off),1,6,2.0,0.0,22.0,0.0
fixed B=0,2,5,3.0,0.0,6.0,0.0
fixed B=1,2,5,3.0,0.0,6.5,0.0
fixed B=4,2,5,3.0,0.0,8.0,0.0
rel B0=0 eps=.5,2,5,3.0,0.0,9.0,0.0
rel B0=1 eps=1,2,5,3.0,0.0,16.0,0.0
qlen B0=0 gam=1,2,5,3.0,0.0,7.5,0.0
qlen B0=1 gam=.5 eps=.5,2,5,3.0,0.0,10.666666666666666,0.0
thresh B=1 th=1 N=2,2,5,3.0,0.0,7.5,0.0
thresh B=0 th=.5 N=3 eps=1,2,5,3.0,0.0,16.5,0.0
cap B0=1 eps=1 Bmax=3,2,5,3.0,0.0,7.5,0.0
cap B0=1 eps=.5 Bmax=1,2,5,3.0,0.0,6.5,0.0
cap+cnt B=1 e=1 th=1 N=2 Bm=4,2,5,3.0,0.0,9.0,0.0
skip N=2 (work channel off),2,5,3.0,0.0,10.0,0.0
skip N=5 (work channel off),2,5,3.0,0.0,16.0,0.0
fixed B=0,2,8,2.0,0.0,4.0,0.0
fixed B=1,2,8,2.0,0.0,4.5,0.0
fixed B=4,2,8,2.0,0.0,6.0,0.0
rel B0=0 eps=.5,2,8,2.0,0.0,5.666666666666667,0.0
rel B0=1 eps=1,2,8,2.0,0.0,10.0,0.0
qlen B0=0 gam=1,2,8,2.0,0.0,4.5,0.0
qlen B0=1 gam=.5 eps=.5,2,8,2.0,0.0,6.666666666666667,0.0
thresh B=1 th=1 N=2,2,8,2.0,0.0,5.5,0.0
thresh B=0 th=.5 N=3 eps=1,2,8,2.0,0.0,10.5,0.0
cap B0=1 eps=1 Bmax=3,2,8,2.0,0.0,5.5,0.0
cap B0=1 eps=.5 Bmax=1,2,8,2.0,0.0,4.5,0.0
cap+cnt B=1 e=1 th=1 N=2 Bm=4,2,8,2.0,0.0,7.0,0.0
skip N=2 (work channel off),2,8,2.0,0.0,8.0,0.0
skip N=5 (work channel off),2,8,2.0,0.0,14.0,0.0
fixed B=0,3,6,3.0,0.0,7.0,0.0
fixed B=1,3,6,3.0,0.0,7.333333333333333,0.0
fixed B=4,3,6,3.0,0.0,8.333333333333334,0.0
rel B0=0 eps=.5,3,6,3.0,0.0,8.4,0.0
rel B0=1 eps=1,3,6,3.0,0.0,11.0,0.0
rel B0=0 eps=2,3,6,3.0,0.0,21.0,0.0
qlen B0=0 gam=1,3,6,3.0,0.0,7.333333333333333,0.0
qlen B0=1 gam=.5 eps=.5,3,6,3.0,0.0,9.0,0.0
thresh B=1 th=1 N=2,3,6,3.0,0.0,8.0,0.0
thresh B=0 th=.5 N=3 eps=1,3,6,3.0,0.0,11.25,0.0
cap B0=1 eps=1 Bmax=3,3,6,3.0,0.0,8.0,0.0
cap B0=0 eps=2 Bmax=2,3,6,3.0,0.0,7.666666666666667,0.0
cap B0=1 eps=.5 Bmax=1,3,6,3.0,0.0,7.333333333333333,0.0
cap+cnt B=1 e=1 th=1 N=2 Bm=4,3,6,3.0,0.0,9.0,0.0
skip N=2 (work channel off),3,6,3.0,0.0,9.666666666666666,0.0
skip N=5 (work channel off),3,6,3.0,0.0,13.666666666666666,0.0
fixed B=0,2,3,0.0,0.0,0.0,0.0
fixed B=1,2,3,0.0,0.0,0.5,0.0
fixed B=4,2,3,0.0,0.0,2.0,0.0
rel B0=0 eps=.5,2,3,0.0,0.0,0.0,0.0
rel B0=1 eps=1,2,3,0.0,0.0,1.0,0.0
qlen B0=0 gam=1,2,3,0.0,0.0,0.5,0.0
qlen B0=1 gam=.5 eps=.5,2,3,0.0,0.0,1.0,0.0
thresh B=1 th=1 N=2,2,3,0.0,0.0,1.5,0.0
thresh B=0 th=.5 N=3 eps=1,2,3,0.0,0.0,1.5,0.0
cap B0=1 eps=1 Bmax=3,2,3,0.0,0.0,1.0,0.0
cap B0=1 eps=.5 Bmax=1,2,3,0.0,0.0,0.5,0.0
cap+cnt B=1 e=1 th=1 N=2 Bm=4,2,3,0.0,0.0,3.0,0.0
skip N=2 (work channel off),2,3,0.0,0.0,4.0,0.0
skip N=5 (work channel off),2,3,0.0,0.0,10.0,0.0
fixed B=0,2,6,3.0,0.0,6.0,0.0
fixed B=1,2,6,3.0,0.0,6.5,0.0
fixed B=4,2,6,3.0,0.0,8.0,0.0
rel B0=0 eps=.5,2,6,3.0,0.0,8.666666666666666,0.0
rel B0=1 eps=1,2,6,3.0,0.0,15.0,0.0
qlen B0=0 gam=1,2,6,3.0,0.0,7.0,0.0
qlen B0=1 gam=.5 eps=.5,2,6,3.0,0.0,10.0,0.0
thresh B=1 th=1 N=2,2,6,3.0,0.0,7.5,0.0
thresh B=0 th=.5 N=3 eps=1,2,6,3.0,0.0,15.5,0.0
cap B0=1 eps=1 Bmax=3,2,6,3.0,0.0,7.5,0.0
cap B0=1 eps=.5 Bmax=1,2,6,3.0,0.0,6.5,0.0
cap+cnt B=1 e=1 th=1 N=2 Bm=4,2,6,3.0,0.0,9.0,0.0
skip N=2 (work channel off),2,6,3.0,0.0,10.0,0.0
skip N=5 (work channel off),2,6,3.0,0.0,16.0,0.0
fixed B=0,2,9,3.0,0.0,6.0,0.0
fixed B=1,2,9,3.0,1.0,6.5,0.15384615384615385
fixed B=4,2,9,3.0,1.0,8.0,0.125
rel B0=0 eps=.5,2,9,3.0,1.0,9.0,0.11538461538461539
rel B0=1 eps=1,2,9,3.0,1.0,16.0,0.07692307692307693
qlen B0=0 gam=1,2,9,3.0,1.0,7.5,0.15384615384615385
qlen B0=1 gam=.5 eps=.5,2,9,3.0,1.0,10.666666666666666,0.11538461538461539
thresh B=1 th=1 N=2,2,9,3.0,1.0,7.5,0.13333333333333333
thresh B=0 th=.5 N=3 eps=1,2,9,3.0,1.0,16.5,0.06451612903225806
cap B0=1 eps=1 Bmax=3,2,9,3.0,1.0,7.5,0.13333333333333333
cap B0=1 eps=.5 Bmax=1,2,9,3.0,1.0,6.5,0.15384615384615385
cap+cnt B=1 e=1 th=1 N=2 Bm=4,2,9,3.0,1.0,9.0,0.1111111111111111
skip N=2 (work channel off),2,9,3.0,1.0,10.0,0.1
skip N=5 (work channel off),2,9,3.0,1.0,16.0,0.0625
fixed B=0,2,4,2.0,0.0,4.0,0.0
fixed B=1,2,4,2.0,0.0,4.5,0.0
fixed B=4,2,4,2.0,0.0,6.0,0.0
rel B0=0 eps=.5,2,4,2.0,0.0,5.333333333333333,0.0
rel B0=1 eps=1,2,4,2.0,0.0,9.0,0.0
qlen B0=0 gam=1,2,4,2.0,0.0,4.5,0.0
qlen B0=1 gam=.5 eps=.5,2,4,2.0,0.0,6.333333333333333,0.0
thresh B=1 th=1 N=2,2,4,2.0,0.0,5.5,0.0
thresh B=0 th=.5 N=3 eps=1,2,4,2.0,0.0,9.5,0.0
cap B0=1 eps=1 Bmax=3,2,4,2.0,0.0,5.5,0.0
cap B0=1 eps=.5 Bmax=1,2,4,2.0,0.0,4.5,0.0
cap+cnt B=1 e=1 th=1 N=2 Bm=4,2,4,2.0,0.0,7.0,0.0
skip N=2 (work channel off),2,4,2.0,0.0,8.0,0.0
skip N=5 (work channel off),2,4,2.0,0.0,14.0,0.0
fixed B=0,3,7,3.0,0.0,7.0,0.0
fixed B=1,3,7,3.0,0.0,7.333333333333333,0.0
fixed B=4,3,7,3.0,0.0,8.333333333333334,0.0
rel B0=0 eps=.5,3,7,3.0,0.0,8.4,0.0
rel B0=1 eps=1,3,7,3.0,0.0,11.0,0.0
rel B0=0 eps=2,3,7,3.0,0.0,21.0,0.0
qlen B0=0 gam=1,3,7,3.0,0.0,7.666666666666667,0.0
qlen B0=1 gam=.5 eps=.5,3,7,3.0,0.0,9.2,0.0
thresh B=1 th=1 N=2,3,7,3.0,0.0,8.0,0.0
thresh B=0 th=.5 N=3 eps=1,3,7,3.0,0.0,11.25,0.0
cap B0=1 eps=1 Bmax=3,3,7,3.0,0.0,8.0,0.0
cap B0=0 eps=2 Bmax=2,3,7,3.0,0.0,7.666666666666667,0.0
cap B0=1 eps=.5 Bmax=1,3,7,3.0,0.0,7.333333333333333,0.0
cap+cnt B=1 e=1 th=1 N=2 Bm=4,3,7,3.0,0.0,9.0,0.0
skip N=2 (work channel off),3,7,3.0,0.0,9.666666666666666,0.0
skip N=5 (work channel off),3,7,3.0,0.0,13.666666666666666,0.0
fixed B=0,3,2,3.0,0.0,7.0,0.0
fixed B=1,3,2,3.0,0.0,7.333333333333333,0.0
fixed B=4,3,2,3.0,0.0,8.333333333333334,0.0
rel B0=0 eps=.5,3,2,3.0,0.0,8.4,0.0
rel B0=1 eps=1,3,2,3.0,0.0,11.0,0.0
rel B0=0 eps=2,3,2,3.0,0.0,21.0,0.0
qlen B0=0 gam=1,3,2,3.0,0.0,7.0,0.0
qlen B0=1 gam=.5 eps=.5,3,2,3.0,0.0,8.8,0.0
thresh B=1 th=1 N=2,3,2,3.0,0.0,8.0,0.0
thresh B=0 th=.5 N=3 eps=1,3,2,3.0,0.0,11.25,0.0
cap B0=1 eps=1 Bmax=3,3,2,3.0,0.0,8.0,0.0
cap B0=0 eps=2 Bmax=2,3,2,3.0,0.0,7.666666666666667,0.0
cap B0=1 eps=.5 Bmax=1,3,2,3.0,0.0,7.333333333333333,0.0
cap+cnt B=1 e=1 th=1 N=2 Bm=4,3,2,3.0,0.0,9.0,0.0
skip N=2 (work channel off),3,2,3.0,0.0,9.666666666666666,0.0
skip N=5 (work channel off),3,2,3.0,0.0,13.666666666666666,0.0
fixed B=0,3,8,2.0,0.0,4.666666666666667,0.0
fixed B=1,3,8,2.0,0.0,5.0,0.0
fixed B=4,3,8,2.0,0.0,6.0,0.0
rel B0=0 eps=.5,3,8,2.0,0.0,5.6,0.0
rel B0=1 eps=1,3,8,2.0,0.0,7.5,0.0
rel B0=0 eps=2,3,8,2.0,0.0,14.0,0.0
qlen B0=0 gam=1,3,8,2.0,0.0,5.333333333333333,0.0
qlen B0=1 gam=.5 eps=.5,3,8,2.0,0.0,6.4,0.0
thresh B=1 th=1 N=2,3,8,2.0,0.0,5.666666666666667,0.0
thresh B=0 th=.5 N=3 eps=1,3,8,2.0,0.0,7.75,0.0
cap B0=1 eps=1 Bmax=3,3,8,2.0,0.0,5.666666666666667,0.0
cap B0=0 eps=2 Bmax=2,3,8,2.0,0.0,5.333333333333333,0.0
cap B0=1 eps=.5 Bmax=1,3,8,2.0,0.0,5.0,0.0
cap+cnt B=1 e=1 th=1 N=2 Bm=4,3,8,2.0,0.0,6.666666666666667,0.0
skip N=2 (work channel off),3,8,2.0,0.0,7.333333333333333,0.0
skip N=5 (work channel off),3,8,2.0,0.0,11.333333333333334,0.0
fixed B=0,1,6,2.0,0.0,2.0,0.0
fixed B=1,1,6,2.0,2.0,3.0,0.6666666666666666
fixed B=4,1,6,2.0,3.0,6.0,0.5
rel B0=0 eps=.5,1,6,2.0,1.0,6.0,0.16666666666666666
qlen B0=0 gam=1,1,6,2.0,1.0,5.0,0.25
qlen B0=1 gam=.5 eps=.5,1,6,2.0,2.0,11.0,0.3333333333333333
thresh B=1 th=1 N=2,1,6,2.0,2.0,5.0,0.4
cap B0=1 eps=.5 Bmax=1,1,6,2.0,2.0,3.0,0.6666666666666666
skip N=2 (work channel off),1,6,2.0,3.0,10.0,0.3
skip N=5 (work channel off),1,6,2.0,3.0,22.0,0.13636363636363635
fixed B=0,1,5,3.0,0.0,3.0,0.0
fixed B=1,1,5,3.0,3.0,4.0,0.75
fixed B=4,1,5,3.0,5.0,7.0,0.7142857142857143
rel B0=0 eps=.5,1,5,3.0,2.0,10.0,0.2857142857142857
qlen B0=0 gam=1,1,5,3.0,0.0,5.0,0.0
qlen B0=1 gam=.5 eps=.5,1,5,3.0,3.0,14.0,0.375
thresh B=1 th=1 N=2,1,5,3.0,3.0,6.0,0.5
cap B0=1 eps=.5 Bmax=1,1,5,3.0,3.0,4.0,0.75
skip N=2 (work channel off),1,5,3.0,5.0,11.0,0.45454545454545453
skip N=5 (work channel off),1,5,3.0,6.0,23.0,0.2608695652173913
fixed B=0,2,6,3.0,0.0,6.0,0.0
fixed B=1,2,6,3.0,1.0,6.5,0.15384615384615385
fixed B=4,2,6,3.0,1.0,8.0,0.125
rel B0=0 eps=.5,2,6,3.0,0.0,8.333333333333334,0.0
rel B0=1 eps=1,2,6,3.0,1.0,14.0,0.07692307692307693
qlen B0=0 gam=1,2,6,3.0,0.0,6.5,0.0
qlen B0=1 gam=.5 eps=.5,2,6,3.0,1.0,9.333333333333334,0.11538461538461539
thresh B=1 th=1 N=2,2,6,3.0,1.0,7.5,0.13333333333333333
thresh B=0 th=.5 N=3 eps=1,2,6,3.0,0.0,14.5,0.0
cap B0=1 eps=1 Bmax=3,2,6,3.0,1.0,7.5,0.13333333333333333
cap B0=1 eps=.5 Bmax=1,2,6,3.0,1.0,6.5,0.15384615384615385
cap+cnt B=1 e=1 th=1 N=2 Bm=4,2,6,3.0,1.0,9.0,0.1111111111111111
skip N=2 (work channel off),2,6,3.0,1.0,10.0,0.1
skip N=5 (work channel off),2,6,3.0,1.0,16.0,0.0625
fixed B=0,3,7,2.0,0.0,4.666666666666667,0.0
fixed B=1,3,7,2.0,0.0,5.0,0.0
fixed B=4,3,7,2.0,0.0,6.0,0.0
rel B0=0 eps=.5,3,7,2.0,0.0,5.6,0.0
rel B0=1 eps=1,3,7,2.0,0.0,7.5,0.0
rel B0=0 eps=2,3,7,2.0,0.0,14.0,0.0
qlen B0=0 gam=1,3,7,2.0,0.0,5.333333333333333,0.0
qlen B0=1 gam=.5 eps=.5,3,7,2.0,0.0,6.4,0.0
thresh B=1 th=1 N=2,3,7,2.0,0.0,5.666666666666667,0.0
thresh B=0 th=.5 N=3 eps=1,3,7,2.0,0.0,7.75,0.0
cap B0=1 eps=1 Bmax=3,3,7,2.0,0.0,5.666666666666667,0.0
cap B0=0 eps=2 Bmax=2,3,7,2.0,0.0,5.333333333333333,0.0
cap B0=1 eps=.5 Bmax=1,3,7,2.0,0.0,5.0,0.0
cap+cnt B=1 e=1 th=1 N=2 Bm=4,3,7,2.0,0.0,6.666666666666667,0.0
skip N=2 (work channel off),3,7,2.0,0.0,7.333333333333333,0.0
skip N=5 (work channel off),3,7,2.0,0.0,11.333333333333334,0.0
fixed B=0,2,3,1.0,0.0,2.0,0.0
fixed B=1,2,3,1.0,0.0,2.5,0.0
fixed B=4,2,3,1.0,0.0,4.0,0.0
rel B0=0 eps=.5,2,3,1.0,0.0,2.6666666666666665,0.0
rel B0=1 eps=1,2,3,1.0,0.0,5.0,0.0
qlen B0=0 gam=1,2,3,1.0,0.0,2.0,0.0
qlen B0=1 gam=.5 eps=.5,2,3,1.0,0.0,3.3333333333333335,0.0
thresh B=1 th=1 N=2,2,3,1.0,0.0,3.5,0.0
thresh B=0 th=.5 N=3 eps=1,2,3,1.0,0.0,5.5,0.0
cap B0=1 eps=1 Bmax=3,2,3,1.0,0.0,3.5,0.0
cap B0=1 eps=.5 Bmax=1,2,3,1.0,0.0,2.5,0.0
cap+cnt B=1 e=1 th=1 N=2 Bm=4,2,3,1.0,0.0,5.0,0.0
skip N=2 (work channel off),2,3,1.0,0.0,6.0,0.0
skip N=5 (work channel off),2,3,1.0,0.0,12.0,0.0
fixed B=0,2,4,2.0,0.0,4.0,0.0
fixed B=1,2,4,2.0,0.0,4.5,0.0
fixed B=4,2,4,2.0,0.0,6.0,0.0
rel B0=0 eps=.5,2,4,2.0,0.0,5.333333333333333,0.0
rel B0=1 eps=1,2,4,2.0,0.0,9.0,0.0
qlen B0=0 gam=1,2,4,2.0,0.0,4.0,0.0
qlen B0=1 gam=.5 eps=.5,2,4,2.0,0.0,6.0,0.0
thresh B=1 th=1 N=2,2,4,2.0,0.0,5.5,0.0
thresh B=0 th=.5 N=3 eps=1,2,4,2.0,0.0,9.5,0.0
cap B0=1 eps=1 Bmax=3,2,4,2.0,0.0,5.5,0.0
cap B0=1 eps=.5 Bmax=1,2,4,2.0,0.0,4.5,0.0
cap+cnt B=1 e=1 th=1 N=2 Bm=4,2,4,2.0,0.0,7.0,0.0
skip N=2 (work channel off),2,4,2.0,0.0,8.0,0.0
skip N=5 (work channel off),2,4,2.0,0.0,14.0,0.0
fixed B=0,2,5,2.0,0.0,4.0,0.0
fixed B=1,2,5,2.0,0.0,4.5,0.0
fixed B=4,2,5,2.0,0.0,6.0,0.0
rel B0=0 eps=.5,2,5,2.0,0.0,5.333333333333333,0.0
rel B0=1 eps=1,2,5,2.0,0.0,9.0,0.0
qlen B0=0 gam=1,2,5,2.0,0.0,4.0,0.0
qlen B0=1 gam=.5 eps=.5,2,5,2.0,0.0,6.0,0.0
thresh B=1 th=1 N=2,2,5,2.0,0.0,5.5,0.0
thresh B=0 th=.5 N=3 eps=1,2,5,2.0,0.0,9.5,0.0
cap B0=1 eps=1 Bmax=3,2,5,2.0,0.0,5.5,0.0
cap B0=1 eps=.5 Bmax=1,2,5,2.0,0.0,4.5,0.0
cap+cnt B=1 e=1 th=1 N=2 Bm=4,2,5,2.0,0.0,7.0,0.0
skip N=2 (work channel off),2,5,2.0,0.0,8.0,0.0
skip N=5 (work channel off),2,5,2.0,0.0,14.0,0.0
fixed B=0,3,9,3.0,0.0,7.0,0.0
fixed B=1,3,9,3.0,0.0,7.333333333333333,0.0
fixed B=4,3,9,3.0,0.0,8.333333333333334,0.0
rel B0=0 eps=.5,3,9,3.0,0.0,8.4,0.0
rel B0=1 eps=1,3,9,3.0,0.0,11.0,0.0
rel B0=0 eps=2,3,9,3.0,0.0,21.0,0.0
qlen B0=0 gam=1,3,9,3.0,0.0,7.666666666666667,0.0
qlen B0=1 gam=.5 eps=.5,3,9,3.0,0.0,9.2,0.0
thresh B=1 th=1 N=2,3,9,3.0,0.0,8.0,0.0
thresh B=0 th=.5 N=3 eps=1,3,9,3.0,0.0,11.25,0.0
cap B0=1 eps=1 Bmax=3,3,9,3.0,0.0,8.0,0.0
cap B0=0 eps=2 Bmax=2,3,9,3.0,0.0,7.666666666666667,0.0
cap B0=1 eps=.5 Bmax=1,3,9,3.0,0.0,7.333333333333333,0.0
cap+cnt B=1 e=1 th=1 N=2 Bm=4,3,9,3.0,0.0,9.0,0.0
skip N=2 (work channel off),3,9,3.0,0.0,9.666666666666666,0.0
skip N=5 (work channel off),3,9,3.0,0.0,13.666666666666666,0.0
fixed B=0,2,6,3.0,0.0,6.0,0.0
fixed B=1,2,6,3.0,1.0,6.5,0.15384615384615385
fixed B=4,2,6,3.0,1.0,8.0,0.125
rel B0=0 eps=.5,2,6,3.0,0.0,8.333333333333334,0.0
rel B0=1 eps=1,2,6,3.0,1.0,14.0,0.07692307692307693
qlen B0=0 gam=1,2,6,3.0,0.0,6.5,0.0
qlen B0=1 gam=.5 eps=.5,2,6,3.0,1.0,9.333333333333334,0.11538461538461539
thresh B=1 th=1 N=2,2,6,3.0,1.0,7.5,0.13333333333333333
thresh B=0 th=.5 N=3 eps=1,2,6,3.0,0.0,14.5,0.0
cap B0=1 eps=1 Bmax=3,2,6,3.0,1.0,7.5,0.13333333333333333
cap B0=1 eps=.5 Bmax=1,2,6,3.0,1.0,6.5,0.15384615384615385
cap+cnt B=1 e=1 th=1 N=2 Bm=4,2,6,3.0,1.0,9.0,0.1111111111111111
skip N=2 (work channel off),2,6,3.0,1.0,10.0,0.1
skip N=5 (work channel off),2,6,3.0,1.0,16.0,0.0625
fixed B=0,2,6,3.0,0.0,6.0,0.0
fixed B=1,2,6,3.0,0.0,6.5,0.0
fixed B=4,2,6,3.0,0.0,8.0,0.0
rel B0=0 eps=.5,2,6,3.0,0.0,8.333333333333334,0.0
rel B0=1 eps=1,2,6,3.0,0.0,14.0,0.0
qlen B0=0 gam=1,2,6,3.0,0.0,6.5,0.0
qlen B0=1 gam=.5 eps=.5,2,6,3.0,0.0,9.0,0.0
thresh B=1 th=1 N=2,2,6,3.0,0.0,7.5,0.0
thresh B=0 th=.5 N=3 eps=1,2,6,3.0,0.0,14.5,0.0
cap B0=1 eps=1 Bmax=3,2,6,3.0,0.0,7.5,0.0
cap B0=1 eps=.5 Bmax=1,2,6,3.0,0.0,6.5,0.0
cap+cnt B=1 e=1 th=1 N=2 Bm=4,2,6,3.0,0.0,9.0,0.0
skip N=2 (work channel off),2,6,3.0,0.0,10.0,0.0
skip N=5 (work channel off),2,6,3.0,0.0,16.0,0.0
fixed B=0,3,9,3.0,0.0,7.0,0.0
fixed B=1,3,9,3.0,0.0,7.333333333333333,0.0
fixed B=4,3,9,3.0,0.0,8.333333333333334,0.0
rel B0=0 eps=.5,3,9,3.0,0.0,8.4,0.0
rel B0=1 eps=1,3,9,3.0,0.0,11.0,0.0
rel B0=0 eps=2,3,9,3.0,0.0,21.0,0.0
qlen B0=0 gam=1,3,9,3.0,0.0,7.666666666666667,0.0
qlen B0=1 gam=.5 eps=.5,3,9,3.0,0.0,9.2,0.0
thresh B=1 th=1 N=2,3,9,3.0,0.0,8.0,0.0
thresh B=0 th=.5 N=3 eps=1,3,9,3.0,0.0,11.25,0.0
cap B0=1 eps=1 Bmax=3,3,9,3.0,0.0,8.0,0.0
cap B0=0 eps=2 Bmax=2,3,9,3.0,0.0,7.666666666666667,0.0
cap B0=1 eps=.5 Bmax=1,3,9,3.0,0.0,7.333333333333333,0.0
cap+cnt B=1 e=1 th=1 N=2 Bm=4,3,9,3.0,0.0,9.0,0.0
skip N=2 (work channel off),3,9,3.0,0.0,9.666666666666666,0.0
skip N=5 (work channel off),3,9,3.0,0.0,13.666666666666666,0.0
fixed B=0,1,4,3.0,0.0,3.0,0.0
fixed B=1,1,4,3.0,3.0,4.0,0.75
fixed B=4,1,4,3.0,3.0,7.0,0.42857142857142855
rel B0=0 eps=.5,1,4,3.0,0.0,8.0,0.0
qlen B0=0 gam=1,1,4,3.0,0.0,4.0,0.0
qlen B0=1 gam=.5 eps=.5,1,4,3.0,3.0,12.0,0.375
thresh B=1 th=1 N=2,1,4,3.0,3.0,6.0,0.5
cap B0=1 eps=.5 Bmax=1,1,4,3.0,3.0,4.0,0.75
skip N=2 (work channel off),1,4,3.0,3.0,11.0,0.2727272727272727
skip N=5 (work channel off),1,4,3.0,3.0,23.0,0.13043478260869565
fixed B=0,2,5,2.0,0.0,4.0,0.0
fixed B=1,2,5,2.0,0.0,4.5,0.0
fixed B=4,2,5,2.0,0.0,6.0,0.0
rel B0=0 eps=.5,2,5,2.0,0.0,5.333333333333333,0.0
rel B0=1 eps=1,2,5,2.0,0.0,9.0,0.0
qlen B0=0 gam=1,2,5,2.0,0.0,5.0,0.0
qlen B0=1 gam=.5 eps=.5,2,5,2.0,0.0,6.666666666666667,0.0
thresh B=1 th=1 N=2,2,5,2.0,0.0,5.5,0.0
thresh B=0 th=.5 N=3 eps=1,2,5,2.0,0.0,9.5,0.0
cap B0=1 eps=1 Bmax=3,2,5,2.0,0.0,5.5,0.0
cap B0=1 eps=.5 Bmax=1,2,5,2.0,0.0,4.5,0.0
cap+cnt B=1 e=1 th=1 N=2 Bm=4,2,5,2.0,0.0,7.0,0.0
skip N=2 (work channel off),2,5,2.0,0.0,8.0,0.0
skip N=5 (work channel off),2,5,2.0,0.0,14.0,0.0
fixed B=0,1,9,2.0,0.0,2.0,0.0
fixed B=1,1,9,2.0,2.0,3.0,0.6666666666666666
fixed B=4,1,9,2.0,3.0,6.0,0.5
rel B0=0 eps=.5,1,9,2.0,2.0,7.0,0.3333333333333333
qlen B0=0 gam=1,1,9,2.0,2.0,5.0,0.6666666666666666
qlen B0=1 gam=.5 eps=.5,1,9,2.0,3.0,12.0,0.3333333333333333
thresh B=1 th=1 N=2,1,9,2.0,2.0,5.0,0.4
cap B0=1 eps=.5 Bmax=1,1,9,2.0,2.0,3.0,0.6666666666666666
skip N=2 (work channel off),1,9,2.0,3.0,10.0,0.3
skip N=5 (work channel off),1,9,2.0,3.0,22.0,0.13636363636363635
fixed B=0,2,5,2.0,0.0,4.0,0.0
fixed B=1,2,5,2.0,0.0,4.5,0.0
fixed B=4,2,5,2.0,0.0,6.0,0.0
rel B0=0 eps=.5,2,5,2.0,0.0,5.333333333333333,0.0
rel B0=1 eps=1,2,5,2.0,0.0,9.0,0.0
qlen B0=0 gam=1,2,5,2.0,0.0,5.0,0.0
qlen B0=1 gam=.5 eps=.5,2,5,2.0,0.0,6.666666666666667,0.0
thresh B=1 th=1 N=2,2,5,2.0,0.0,5.5,0.0
thresh B=0 th=.5 N=3 eps=1,2,5,2.0,0.0,9.5,0.0
cap B0=1 eps=1 Bmax=3,2,5,2.0,0.0,5.5,0.0
cap B0=1 eps=.5 Bmax=1,2,5,2.0,0.0,4.5,0.0
cap+cnt B=1 e=1 th=1 N=2 Bm=4,2,5,2.0,0.0,7.0,0.0
skip N=2 (work channel off),2,5,2.0,0.0,8.0,0.0
skip N=5 (work channel off),2,5,2.0,0.0,14.0,0.0
fixed B=0,3,4,3.0,0.0,7.0,0.0
fixed B=1,3,4,3.0,0.0,7.333333333333333,0.0
fixed B=4,3,4,3.0,0.0,8.333333333333334,0.0
rel B0=0 eps=.5,3,4,3.0,0.0,8.4,0.0
rel B0=1 eps=1,3,4,3.0,0.0,11.0,0.0
rel B0=0 eps=2,3,4,3.0,0.0,21.0,0.0
qlen B0=0 gam=1,3,4,3.0,0.0,7.333333333333333,0.0
qlen B0=1 gam=.5 eps=.5,3,4,3.0,0.0,9.0,0.0
thresh B=1 th=1 N=2,3,4,3.0,0.0,8.0,0.0
thresh B=0 th=.5 N=3 eps=1,3,4,3.0,0.0,11.25,0.0
cap B0=1 eps=1 Bmax=3,3,4,3.0,0.0,8.0,0.0
cap B0=0 eps=2 Bmax=2,3,4,3.0,0.0,7.666666666666667,0.0
cap B0=1 eps=.5 Bmax=1,3,4,3.0,0.0,7.333333333333333,0.0
cap+cnt B=1 e=1 th=1 N=2 Bm=4,3,4,3.0,0.0,9.0,0.0
skip N=2 (work channel off),3,4,3.0,0.0,9.666666666666666,0.0
skip N=5 (work channel off),3,4,3.0,0.0,13.666666666666666,0.0
fixed B=0,2,4,0.0,0.0,0.0,0.0
fixed B=1,2,4,0.0,0.0,0.5,0.0
fixed B=4,2,4,0.0,0.0,2.0,0.0
rel B0=0 eps=.5,2,4,0.0,0.0,0.0,0.0
rel B0=1 eps=1,2,4,0.0,0.0,1.0,0.0
qlen B0=0 gam=1,2,4,0.0,0.0,1.0,0.0
qlen B0=1 gam=.5 eps=.5,2,4,0.0,0.0,1.3333333333333333,0.0
thresh B=1 th=1 N=2,2,4,0.0,0.0,1.5,0.0
thresh B=0 th=.5 N=3 eps=1,2,4,0.0,0.0,1.5,0.0
cap B0=1 eps=1 Bmax=3,2,4,0.0,0.0,1.0,0.0
cap B0=1 eps=.5 Bmax=1,2,4,0.0,0.0,0.5,0.0
cap+cnt B=1 e=1 th=1 N=2 Bm=4,2,4,0.0,0.0,3.0,0.0
skip N=2 (work channel off),2,4,0.0,0.0,4.0,0.0
skip N=5 (work channel off),2,4,0.0,0.0,10.0,0.0
fixed B=0,2,7,3.0,0.0,6.0,0.0
fixed B=1,2,7,3.0,0.0,6.5,0.0
fixed B=4,2,7,3.0,0.0,8.0,0.0
rel B0=0 eps=.5,2,7,3.0,2.0,9.0,0.24
rel B0=1 eps=1,2,7,3.0,0.0,16.0,0.0
qlen B0=0 gam=1,2,7,3.0,0.0,7.0,0.0
qlen B0=1 gam=.5 eps=.5,2,7,3.0,0.0,10.333333333333334,0.0
thresh B=1 th=1 N=2,2,7,3.0,0.0,7.5,0.0
thresh B=0 th=.5 N=3 eps=1,2,7,3.0,2.0,16.5,0.13793103448275862
cap B0=1 eps=1 Bmax=3,2,7,3.0,0.0,7.5,0.0
cap B0=1 eps=.5 Bmax=1,2,7,3.0,0.0,6.5,0.0
cap+cnt B=1 e=1 th=1 N=2 Bm=4,2,7,3.0,0.0,9.0,0.0
skip N=2 (work channel off),2,7,3.0,0.0,10.0,0.0
skip N=5 (work channel off),2,7,3.0,0.0,16.0,0.0
fixed B=0,1,7,3.0,0.0,3.0,0.0
fixed B=1,1,7,3.0,0.0,4.0,0.0
fixed B=4,1,7,3.0,0.0,7.0,0.0
rel B0=0 eps=.5,1,7,3.0,0.0,9.0,0.0
qlen B0=0 gam=1,1,7,3.0,0.0,4.0,0.0
qlen B0=1 gam=.5 eps=.5,1,7,3.0,0.0,12.0,0.0
thresh B=1 th=1 N=2,1,7,3.0,0.0,6.0,0.0
cap B0=1 eps=.5 Bmax=1,1,7,3.0,0.0,4.0,0.0
skip N=2 (work channel off),1,7,3.0,0.0,11.0,0.0
skip N=5 (work channel off),1,7,3.0,0.0,23.0,0.0
fixed B=0,3,8,3.0,0.0,7.0,0.0
fixed B=1,3,8,3.0,0.0,7.333333333333333,0.0
fixed B=4,3,8,3.0,0.0,8.333333333333334,0.0
rel B0=0 eps=.5,3,8,3.0,0.0,8.4,0.0
rel B0=1 eps=1,3,8,3.0,0.0,11.0,0.0
rel B0=0 eps=2,3,8,3.0,0.0,21.0,0.0
qlen B0=0 gam=1,3,8,3.0,0.0,7.333333333333333,0.0
qlen B0=1 gam=.5 eps=.5,3,8,3.0,0.0,9.0,0.0
thresh B=1 th=1 N=2,3,8,3.0,0.0,8.0,0.0
thresh B=0 th=.5 N=3 eps=1,3,8,3.0,0.0,11.25,0.0
cap B0=1 eps=1 Bmax=3,3,8,3.0,0.0,8.0,0.0
cap B0=0 eps=2 Bmax=2,3,8,3.0,0.0,7.666666666666667,0.0
cap B0=1 eps=.5 Bmax=1,3,8,3.0,0.0,7.333333333333333,0.0
cap+cnt B=1 e=1 th=1 N=2 Bm=4,3,8,3.0,0.0,9.0,0.0
skip N=2 (work channel off),3,8,3.0,0.0,9.666666666666666,0.0
skip N=5 (work channel off),3,8,3.0,0.0,13.666666666666666,0.0
fixed B=0,1,7,3.0,0.0,3.0,0.0
fixed B=1,1,7,3.0,0.0,4.0,0.0
fixed B=4,1,7,3.0,0.0,7.0,0.0
rel B0=0 eps=.5,1,7,3.0,0.0,8.0,0.0
qlen B0=0 gam=1,1,7,3.0,0.0,5.0,0.0
qlen B0=1 gam=.5 eps=.5,1,7,3.0,0.0,12.0,0.0
thresh B=1 th=1 N=2,1,7,3.0,0.0,6.0,0.0
cap B0=1 eps=.5 Bmax=1,1,7,3.0,0.0,4.0,0.0
skip N=2 (work channel off),1,7,3.0,0.0,11.0,0.0
skip N=5 (work channel off),1,7,3.0,0.0,23.0,0.0
fixed B=0,3,3,3.0,0.0,7.0,0.0
fixed B=1,3,3,3.0,0.0,7.333333333333333,0.0
fixed B=4,3,3,3.0,0.0,8.333333333333334,0.0
rel B0=0 eps=.5,3,3,3.0,0.0,8.4,0.0
rel B0=1 eps=1,3,3,3.0,0.0,11.0,0.0
rel B0=0 eps=2,3,3,3.0,0.0,21.0,0.0
qlen B0=0 gam=1,3,3,3.0,0.0,7.333333333333333,0.0
qlen B0=1 gam=.5 eps=.5,3,3,3.0,0.0,9.0,0.0
thresh B=1 th=1 N=2,3,3,3.0,0.0,8.0,0.0
thresh B=0 th=.5 N=3 eps=1,3,3,3.0,0.0,11.25,0.0
cap B0=1 eps=1 Bmax=3,3,3,3.0,0.0,8.0,0.0
cap B0=0 eps=2 Bmax=2,3,3,3.0,0.0,7.666666666666667,0.0
cap B0=1 eps=.5 Bmax=1,3,3,3.0,0.0,7.333333333333333,0.0
cap+cnt B=1 e=1 th=1 N=2 Bm=4,3,3,3.0,0.0,9.0,0.0
skip N=2 (work channel off),3,3,3.0,0.0,9.666666666666666,0.0
skip N=5 (work channel off),3,3,3.0,0.0,13.666666666666666,0.0
fixed B=0,2,6,2.0,0.0,4.0,0.0
fixed B=1,2,6,2.0,0.0,4.5,0.0
fixed B=4,2,6,2.0,0.0,6.0,0.0
rel B0=0 eps=.5,2,6,2.0,0.0,5.333333333333333,0.0
rel B0=1 eps=1,2,6,2.0,0.0,9.0,0.0
qlen B0=0 gam=1,2,6,2.0,0.0,5.0,0.0
qlen B0=1 gam=.5 eps=.5,2,6,2.0,0.0,6.666666666666667,0.0
thresh B=1 th=1 N=2,2,6,2.0,0.0,5.5,0.0
thresh B=0 th=.5 N=3 eps=1,2,6,2.0,0.0,9.5,0.0
cap B0=1 eps=1 Bmax=3,2,6,2.0,0.0,5.5,0.0
cap B0=1 eps=.5 Bmax=1,2,6,2.0,0.0,4.5,0.0
cap+cnt B=1 e=1 th=1 N=2 Bm=4,2,6,2.0,0.0,7.0,0.0
skip N=2 (work channel off),2,6,2.0,0.0,8.0,0.0
skip N=5 (work channel off),2,6,2.0,0.0,14.0,0.0
fixed B=0,2,4,3.0,0.0,6.0,0.0
fixed B=1,2,4,3.0,0.0,6.5,0.0
fixed B=4,2,4,3.0,0.0,8.0,0.0
rel B0=0 eps=.5,2,4,3.0,0.0,8.0,0.0
rel B0=1 eps=1,2,4,3.0,0.0,13.0,0.0
qlen B0=0 gam=1,2,4,3.0,0.0,6.5,0.0
qlen B0=1 gam=.5 eps=.5,2,4,3.0,0.0,9.0,0.0
thresh B=1 th=1 N=2,2,4,3.0,0.0,7.5,0.0
thresh B=0 th=.5 N=3 eps=1,2,4,3.0,0.0,13.5,0.0
cap B0=1 eps=1 Bmax=3,2,4,3.0,0.0,7.5,0.0
cap B0=1 eps=.5 Bmax=1,2,4,3.0,0.0,6.5,0.0
cap+cnt B=1 e=1 th=1 N=2 Bm=4,2,4,3.0,0.0,9.0,0.0
skip N=2 (work channel off),2,4,3.0,0.0,10.0,0.0
skip N=5 (work channel off),2,4,3.0,0.0,16.0,0.0
fixed B=0,3,4,2.0,0.0,4.666666666666667,0.0
fixed B=1,3,4,2.0,0.0,5.0,0.0
fixed B=4,3,4,2.0,0.0,6.0,0.0
rel B0=0 eps=.5,3,4,2.0,0.0,5.6,0.0
rel B0=1 eps=1,3,4,2.0,0.0,7.5,0.0
rel B0=0 eps=2,3,4,2.0,0.0,14.0,0.0
qlen B0=0 gam=1,3,4,2.0,0.0,5.0,0.0
qlen B0=1 gam=.5 eps=.5,3,4,2.0,0.0,6.2,0.0
thresh B=1 th=1 N=2,3,4,2.0,0.0,5.666666666666667,0.0
thresh B=0 th=.5 N=3 eps=1,3,4,2.0,0.0,7.75,0.0
cap B0=1 eps=1 Bmax=3,3,4,2.0,0.0,5.666666666666667,0.0
cap B0=0 eps=2 Bmax=2,3,4,2.0,0.0,5.333333333333333,0.0
cap B0=1 eps=.5 Bmax=1,3,4,2.0,0.0,5.0,0.0
cap+cnt B=1 e=1 th=1 N=2 Bm=4,3,4,2.0,0.0,6.666666666666667,0.0
skip N=2 (work channel off),3,4,2.0,0.0,7.333333333333333,0.0
skip N=5 (work channel off),3,4,2.0,0.0,11.333333333333334,0.0
fixed B=0,3,6,3.0,0.0,7.0,0.0
fixed B=1,3,6,3.0,0.0,7.333333333333333,0.0
fixed B=4,3,6,3.0,0.0,8.333333333333334,0.0
rel B0=0 eps=.5,3,6,3.0,0.0,8.4,0.0
rel B0=1 eps=1,3,6,3.0,0.0,11.0,0.0
rel B0=0 eps=2,3,6,3.0,0.0,21.0,0.0
qlen B0=0 gam=1,3,6,3.0,0.0,7.333333333333333,0.0
qlen B0=1 gam=.5 eps=.5,3,6,3.0,0.0,9.0,0.0
thresh B=1 th=1 N=2,3,6,3.0,0.0,8.0,0.0
thresh B=0 th=.5 N=3 eps=1,3,6,3.0,0.0,11.25,0.0
cap B0=1 eps=1 Bmax=3,3,6,3.0,0.0,8.0,0.0
cap B0=0 eps=2 Bmax=2,3,6,3.0,0.0,7.666666666666667,0.0
cap B0=1 eps=.5 Bmax=1,3,6,3.0,0.0,7.333333333333333,0.0
cap+cnt B=1 e=1 th=1 N=2 Bm=4,3,6,3.0,0.0,9.0,0.0
skip N=2 (work channel off),3,6,3.0,0.0,9.666666666666666,0.0
skip N=5 (work channel off),3,6,3.0,0.0,13.666666666666666,0.0
fixed B=0,1,7,2.0,0.0,2.0,0.0
fixed B=1,1,7,2.0,0.0,3.0,0.0
fixed B=4,1,7,2.0,0.0,6.0,0.0
rel B0=0 eps=.5,1,7,2.0,0.0,5.0,0.0
qlen B0=0 gam=1,1,7,2.0,0.0,4.0,0.0
qlen B0=1 gam=.5 eps=.5,1,7,2.0,0.0,9.0,0.0
thresh B=1 th=1 N=2,1,7,2.0,0.0,5.0,0.0
cap B0=1 eps=.5 Bmax=1,1,7,2.0,0.0,3.0,0.0
skip N=2 (work channel off),1,7,2.0,0.0,10.0,0.0
skip N=5 (work channel off),1,7,2.0,0.0,22.0,0.0

search_k,search_B,best_excess_over_allowance
1,0.0,0.0
1,1.0,0.9
1,4.0,0.9375
2,0.0,0.0
2,1.0,0.6470588235294118
2,4.0,0.6
3,0.0,0.0
3,1.0,0.4137931034482758
3,4.0,0.37499999999999994
4,0.0,0.0
4,1.0,0.3902439024390244
4,4.0,0.36363636363636365
